pair_label,gcd_a,gcd_b,tier,num_links,run,size_bytes,bandwidth_MBps
intra_pkg_OAM0,0,1,intra_pkg,4,2,1,3.10
intra_pkg_OAM0,0,1,intra_pkg,4,2,2,5.67
intra_pkg_OAM0,0,1,intra_pkg,4,2,4,13.18
intra_pkg_OAM0,0,1,intra_pkg,4,2,8,27.04
intra_pkg_OAM0,0,1,intra_pkg,4,2,16,49.35
intra_pkg_OAM0,0,1,intra_pkg,4,2,32,102.07
intra_pkg_OAM0,0,1,intra_pkg,4,2,64,214.27
intra_pkg_OAM0,0,1,intra_pkg,4,2,128,424.18
intra_pkg_OAM0,0,1,intra_pkg,4,2,256,47.92
intra_pkg_OAM0,0,1,intra_pkg,4,2,512,94.15
intra_pkg_OAM0,0,1,intra_pkg,4,2,1024,187.46
intra_pkg_OAM0,0,1,intra_pkg,4,2,2048,363.69
intra_pkg_OAM0,0,1,intra_pkg,4,2,4096,375.63
intra_pkg_OAM0,0,1,intra_pkg,4,2,8192,742.47
intra_pkg_OAM0,0,1,intra_pkg,4,2,16384,1482.43
intra_pkg_OAM0,0,1,intra_pkg,4,2,32768,2920.41
intra_pkg_OAM0,0,1,intra_pkg,4,2,65536,5704.81
intra_pkg_OAM0,0,1,intra_pkg,4,2,131072,11021.70
intra_pkg_OAM0,0,1,intra_pkg,4,2,262144,20643.65
intra_pkg_OAM0,0,1,intra_pkg,4,2,524288,36445.91
intra_pkg_OAM0,0,1,intra_pkg,4,2,1048576,58479.26
intra_pkg_OAM0,0,1,intra_pkg,4,2,2097152,83032.33
intra_pkg_OAM0,0,1,intra_pkg,4,2,4194304,105276.62
intra_pkg_OAM0,0,1,intra_pkg,4,3,1,2.98
intra_pkg_OAM0,0,1,intra_pkg,4,3,2,5.98
intra_pkg_OAM0,0,1,intra_pkg,4,3,4,12.71
intra_pkg_OAM0,0,1,intra_pkg,4,3,8,26.05
intra_pkg_OAM0,0,1,intra_pkg,4,3,16,52.35
intra_pkg_OAM0,0,1,intra_pkg,4,3,32,104.14
intra_pkg_OAM0,0,1,intra_pkg,4,3,64,207.80
intra_pkg_OAM0,0,1,intra_pkg,4,3,128,408.38
intra_pkg_OAM0,0,1,intra_pkg,4,3,256,48.02
intra_pkg_OAM0,0,1,intra_pkg,4,3,512,94.37
intra_pkg_OAM0,0,1,intra_pkg,4,3,1024,188.26
intra_pkg_OAM0,0,1,intra_pkg,4,3,2048,365.28
intra_pkg_OAM0,0,1,intra_pkg,4,3,4096,374.69
intra_pkg_OAM0,0,1,intra_pkg,4,3,8192,741.20
intra_pkg_OAM0,0,1,intra_pkg,4,3,16384,1483.63
intra_pkg_OAM0,0,1,intra_pkg,4,3,32768,2938.52
intra_pkg_OAM0,0,1,intra_pkg,4,3,65536,5729.96
intra_pkg_OAM0,0,1,intra_pkg,4,3,131072,10978.52
intra_pkg_OAM0,0,1,intra_pkg,4,3,262144,20576.09
intra_pkg_OAM0,0,1,intra_pkg,4,3,524288,36239.60
intra_pkg_OAM0,0,1,intra_pkg,4,3,1048576,58450.19
intra_pkg_OAM0,0,1,intra_pkg,4,3,2097152,83021.84
intra_pkg_OAM0,0,1,intra_pkg,4,3,4194304,105445.76
intra_pkg_OAM0,0,1,intra_pkg,4,4,1,2.97
intra_pkg_OAM0,0,1,intra_pkg,4,4,2,6.01
intra_pkg_OAM0,0,1,intra_pkg,4,4,4,12.70
intra_pkg_OAM0,0,1,intra_pkg,4,4,8,26.05
intra_pkg_OAM0,0,1,intra_pkg,4,4,16,52.51
intra_pkg_OAM0,0,1,intra_pkg,4,4,32,104.49
intra_pkg_OAM0,0,1,intra_pkg,4,4,64,205.15
intra_pkg_OAM0,0,1,intra_pkg,4,4,128,408.13
intra_pkg_OAM0,0,1,intra_pkg,4,4,256,48.06
intra_pkg_OAM0,0,1,intra_pkg,4,4,512,94.66
intra_pkg_OAM0,0,1,intra_pkg,4,4,1024,188.38
intra_pkg_OAM0,0,1,intra_pkg,4,4,2048,371.74
intra_pkg_OAM0,0,1,intra_pkg,4,4,4096,375.11
intra_pkg_OAM0,0,1,intra_pkg,4,4,8192,741.31
intra_pkg_OAM0,0,1,intra_pkg,4,4,16384,1480.09
intra_pkg_OAM0,0,1,intra_pkg,4,4,32768,2925.26
intra_pkg_OAM0,0,1,intra_pkg,4,4,65536,5715.86
intra_pkg_OAM0,0,1,intra_pkg,4,4,131072,10975.74
intra_pkg_OAM0,0,1,intra_pkg,4,4,262144,20597.56
intra_pkg_OAM0,0,1,intra_pkg,4,4,524288,36224.29
intra_pkg_OAM0,0,1,intra_pkg,4,4,1048576,58381.97
intra_pkg_OAM0,0,1,intra_pkg,4,4,2097152,82921.08
intra_pkg_OAM0,0,1,intra_pkg,4,4,4194304,105188.87
intra_pkg_OAM0,0,1,intra_pkg,4,5,1,2.97
intra_pkg_OAM0,0,1,intra_pkg,4,5,2,5.94
intra_pkg_OAM0,0,1,intra_pkg,4,5,4,12.68
intra_pkg_OAM0,0,1,intra_pkg,4,5,8,25.90
intra_pkg_OAM0,0,1,intra_pkg,4,5,16,52.18
intra_pkg_OAM0,0,1,intra_pkg,4,5,32,103.76
intra_pkg_OAM0,0,1,intra_pkg,4,5,64,206.45
intra_pkg_OAM0,0,1,intra_pkg,4,5,128,403.82
intra_pkg_OAM0,0,1,intra_pkg,4,5,256,48.12
intra_pkg_OAM0,0,1,intra_pkg,4,5,512,94.41
intra_pkg_OAM0,0,1,intra_pkg,4,5,1024,188.06
intra_pkg_OAM0,0,1,intra_pkg,4,5,2048,372.50
intra_pkg_OAM0,0,1,intra_pkg,4,5,4096,376.03
intra_pkg_OAM0,0,1,intra_pkg,4,5,8192,741.40
intra_pkg_OAM0,0,1,intra_pkg,4,5,16384,1482.08
intra_pkg_OAM0,0,1,intra_pkg,4,5,32768,2934.97
intra_pkg_OAM0,0,1,intra_pkg,4,5,65536,5718.68
intra_pkg_OAM0,0,1,intra_pkg,4,5,131072,10989.34
intra_pkg_OAM0,0,1,intra_pkg,4,5,262144,20609.26
intra_pkg_OAM0,0,1,intra_pkg,4,5,524288,36306.03
intra_pkg_OAM0,0,1,intra_pkg,4,5,1048576,58457.26
intra_pkg_OAM0,0,1,intra_pkg,4,5,2097152,82816.57
intra_pkg_OAM0,0,1,intra_pkg,4,5,4194304,105311.32
intra_pkg_OAM0,0,1,intra_pkg,4,6,1,3.02
intra_pkg_OAM0,0,1,intra_pkg,4,6,2,6.10
intra_pkg_OAM0,0,1,intra_pkg,4,6,4,12.96
intra_pkg_OAM0,0,1,intra_pkg,4,6,8,26.64
intra_pkg_OAM0,0,1,intra_pkg,4,6,16,53.27
intra_pkg_OAM0,0,1,intra_pkg,4,6,32,106.23
intra_pkg_OAM0,0,1,intra_pkg,4,6,64,210.54
intra_pkg_OAM0,0,1,intra_pkg,4,6,128,414.88
intra_pkg_OAM0,0,1,intra_pkg,4,6,256,48.01
intra_pkg_OAM0,0,1,intra_pkg,4,6,512,94.39
intra_pkg_OAM0,0,1,intra_pkg,4,6,1024,188.14
intra_pkg_OAM0,0,1,intra_pkg,4,6,2048,367.63
intra_pkg_OAM0,0,1,intra_pkg,4,6,4096,376.19
intra_pkg_OAM0,0,1,intra_pkg,4,6,8192,742.14
intra_pkg_OAM0,0,1,intra_pkg,4,6,16384,1485.38
intra_pkg_OAM0,0,1,intra_pkg,4,6,32768,2933.26
intra_pkg_OAM0,0,1,intra_pkg,4,6,65536,5725.68
intra_pkg_OAM0,0,1,intra_pkg,4,6,131072,10971.52
intra_pkg_OAM0,0,1,intra_pkg,4,6,262144,20575.18
intra_pkg_OAM0,0,1,intra_pkg,4,6,524288,36304.60
intra_pkg_OAM0,0,1,intra_pkg,4,6,1048576,58396.81
intra_pkg_OAM0,0,1,intra_pkg,4,6,2097152,82911.25
intra_pkg_OAM0,0,1,intra_pkg,4,6,4194304,105278.81
intra_pkg_OAM1,2,3,intra_pkg,4,2,1,2.91
intra_pkg_OAM1,2,3,intra_pkg,4,2,2,5.69
intra_pkg_OAM1,2,3,intra_pkg,4,2,4,12.10
intra_pkg_OAM1,2,3,intra_pkg,4,2,8,25.21
intra_pkg_OAM1,2,3,intra_pkg,4,2,16,48.01
intra_pkg_OAM1,2,3,intra_pkg,4,2,32,96.28
intra_pkg_OAM1,2,3,intra_pkg,4,2,64,196.82
intra_pkg_OAM1,2,3,intra_pkg,4,2,128,399.28
intra_pkg_OAM1,2,3,intra_pkg,4,2,256,47.47
intra_pkg_OAM1,2,3,intra_pkg,4,2,512,94.90
intra_pkg_OAM1,2,3,intra_pkg,4,2,1024,187.92
intra_pkg_OAM1,2,3,intra_pkg,4,2,2048,369.58
intra_pkg_OAM1,2,3,intra_pkg,4,2,4096,374.39
intra_pkg_OAM1,2,3,intra_pkg,4,2,8192,738.00
intra_pkg_OAM1,2,3,intra_pkg,4,2,16384,1477.68
intra_pkg_OAM1,2,3,intra_pkg,4,2,32768,2900.65
intra_pkg_OAM1,2,3,intra_pkg,4,2,65536,5636.68
intra_pkg_OAM1,2,3,intra_pkg,4,2,131072,10967.65
intra_pkg_OAM1,2,3,intra_pkg,4,2,262144,20535.47
intra_pkg_OAM1,2,3,intra_pkg,4,2,524288,36205.86
intra_pkg_OAM1,2,3,intra_pkg,4,2,1048576,58327.93
intra_pkg_OAM1,2,3,intra_pkg,4,2,2097152,82765.31
intra_pkg_OAM1,2,3,intra_pkg,4,2,4194304,105213.65
intra_pkg_OAM1,2,3,intra_pkg,4,3,1,3.00
intra_pkg_OAM1,2,3,intra_pkg,4,3,2,5.85
intra_pkg_OAM1,2,3,intra_pkg,4,3,4,12.81
intra_pkg_OAM1,2,3,intra_pkg,4,3,8,26.32
intra_pkg_OAM1,2,3,intra_pkg,4,3,16,52.62
intra_pkg_OAM1,2,3,intra_pkg,4,3,32,105.76
intra_pkg_OAM1,2,3,intra_pkg,4,3,64,209.60
intra_pkg_OAM1,2,3,intra_pkg,4,3,128,415.30
intra_pkg_OAM1,2,3,intra_pkg,4,3,256,47.53
intra_pkg_OAM1,2,3,intra_pkg,4,3,512,94.62
intra_pkg_OAM1,2,3,intra_pkg,4,3,1024,187.68
intra_pkg_OAM1,2,3,intra_pkg,4,3,2048,367.58
intra_pkg_OAM1,2,3,intra_pkg,4,3,4096,373.36
intra_pkg_OAM1,2,3,intra_pkg,4,3,8192,739.49
intra_pkg_OAM1,2,3,intra_pkg,4,3,16384,1476.46
intra_pkg_OAM1,2,3,intra_pkg,4,3,32768,2923.32
intra_pkg_OAM1,2,3,intra_pkg,4,3,65536,5692.89
intra_pkg_OAM1,2,3,intra_pkg,4,3,131072,10965.06
intra_pkg_OAM1,2,3,intra_pkg,4,3,262144,20503.72
intra_pkg_OAM1,2,3,intra_pkg,4,3,524288,36197.94
intra_pkg_OAM1,2,3,intra_pkg,4,3,1048576,58245.98
intra_pkg_OAM1,2,3,intra_pkg,4,3,2097152,82712.61
intra_pkg_OAM1,2,3,intra_pkg,4,3,4194304,105238.33
intra_pkg_OAM1,2,3,intra_pkg,4,4,1,3.00
intra_pkg_OAM1,2,3,intra_pkg,4,4,2,5.52
intra_pkg_OAM1,2,3,intra_pkg,4,4,4,12.02
intra_pkg_OAM1,2,3,intra_pkg,4,4,8,25.38
intra_pkg_OAM1,2,3,intra_pkg,4,4,16,52.25
intra_pkg_OAM1,2,3,intra_pkg,4,4,32,100.95
intra_pkg_OAM1,2,3,intra_pkg,4,4,64,207.29
intra_pkg_OAM1,2,3,intra_pkg,4,4,128,413.06
intra_pkg_OAM1,2,3,intra_pkg,4,4,256,47.62
intra_pkg_OAM1,2,3,intra_pkg,4,4,512,94.64
intra_pkg_OAM1,2,3,intra_pkg,4,4,1024,187.54
intra_pkg_OAM1,2,3,intra_pkg,4,4,2048,366.81
intra_pkg_OAM1,2,3,intra_pkg,4,4,4096,373.92
intra_pkg_OAM1,2,3,intra_pkg,4,4,8192,738.28
intra_pkg_OAM1,2,3,intra_pkg,4,4,16384,1476.20
intra_pkg_OAM1,2,3,intra_pkg,4,4,32768,2896.85
intra_pkg_OAM1,2,3,intra_pkg,4,4,65536,5638.14
intra_pkg_OAM1,2,3,intra_pkg,4,4,131072,10968.68
intra_pkg_OAM1,2,3,intra_pkg,4,4,262144,20530.54
intra_pkg_OAM1,2,3,intra_pkg,4,4,524288,36262.78
intra_pkg_OAM1,2,3,intra_pkg,4,4,1048576,58283.29
intra_pkg_OAM1,2,3,intra_pkg,4,4,2097152,82752.79
intra_pkg_OAM1,2,3,intra_pkg,4,4,4194304,105061.39
intra_pkg_OAM1,2,3,intra_pkg,4,5,1,3.05
intra_pkg_OAM1,2,3,intra_pkg,4,5,2,6.15
intra_pkg_OAM1,2,3,intra_pkg,4,5,4,13.12
intra_pkg_OAM1,2,3,intra_pkg,4,5,8,26.91
intra_pkg_OAM1,2,3,intra_pkg,4,5,16,53.94
intra_pkg_OAM1,2,3,intra_pkg,4,5,32,108.10
intra_pkg_OAM1,2,3,intra_pkg,4,5,64,213.70
intra_pkg_OAM1,2,3,intra_pkg,4,5,128,420.56
intra_pkg_OAM1,2,3,intra_pkg,4,5,256,47.28
intra_pkg_OAM1,2,3,intra_pkg,4,5,512,94.46
intra_pkg_OAM1,2,3,intra_pkg,4,5,1024,187.56
intra_pkg_OAM1,2,3,intra_pkg,4,5,2048,363.09
intra_pkg_OAM1,2,3,intra_pkg,4,5,4096,373.21
intra_pkg_OAM1,2,3,intra_pkg,4,5,8192,737.88
intra_pkg_OAM1,2,3,intra_pkg,4,5,16384,1469.44
intra_pkg_OAM1,2,3,intra_pkg,4,5,32768,2906.29
intra_pkg_OAM1,2,3,intra_pkg,4,5,65536,5687.96
intra_pkg_OAM1,2,3,intra_pkg,4,5,131072,10942.60
intra_pkg_OAM1,2,3,intra_pkg,4,5,262144,20496.78
intra_pkg_OAM1,2,3,intra_pkg,4,5,524288,36160.84
intra_pkg_OAM1,2,3,intra_pkg,4,5,1048576,58265.77
intra_pkg_OAM1,2,3,intra_pkg,4,5,2097152,82818.17
intra_pkg_OAM1,2,3,intra_pkg,4,5,4194304,105151.32
intra_pkg_OAM1,2,3,intra_pkg,4,6,1,3.07
intra_pkg_OAM1,2,3,intra_pkg,4,6,2,6.18
intra_pkg_OAM1,2,3,intra_pkg,4,6,4,12.92
intra_pkg_OAM1,2,3,intra_pkg,4,6,8,26.88
intra_pkg_OAM1,2,3,intra_pkg,4,6,16,54.06
intra_pkg_OAM1,2,3,intra_pkg,4,6,32,108.37
intra_pkg_OAM1,2,3,intra_pkg,4,6,64,214.32
intra_pkg_OAM1,2,3,intra_pkg,4,6,128,417.04
intra_pkg_OAM1,2,3,intra_pkg,4,6,256,47.51
intra_pkg_OAM1,2,3,intra_pkg,4,6,512,94.73
intra_pkg_OAM1,2,3,intra_pkg,4,6,1024,187.60
intra_pkg_OAM1,2,3,intra_pkg,4,6,2048,367.59
intra_pkg_OAM1,2,3,intra_pkg,4,6,4096,373.47
intra_pkg_OAM1,2,3,intra_pkg,4,6,8192,738.52
intra_pkg_OAM1,2,3,intra_pkg,4,6,16384,1476.60
intra_pkg_OAM1,2,3,intra_pkg,4,6,32768,2919.28
intra_pkg_OAM1,2,3,intra_pkg,4,6,65536,5691.91
intra_pkg_OAM1,2,3,intra_pkg,4,6,131072,10963.63
intra_pkg_OAM1,2,3,intra_pkg,4,6,262144,20541.56
intra_pkg_OAM1,2,3,intra_pkg,4,6,524288,36209.97
intra_pkg_OAM1,2,3,intra_pkg,4,6,1048576,58264.18
intra_pkg_OAM1,2,3,intra_pkg,4,6,2097152,82853.70
intra_pkg_OAM1,2,3,intra_pkg,4,6,4194304,105232.32
intra_pkg_OAM2,4,5,intra_pkg,4,2,1,3.00
intra_pkg_OAM2,4,5,intra_pkg,4,2,2,5.87
intra_pkg_OAM2,4,5,intra_pkg,4,2,4,12.64
intra_pkg_OAM2,4,5,intra_pkg,4,2,8,26.26
intra_pkg_OAM2,4,5,intra_pkg,4,2,16,52.76
intra_pkg_OAM2,4,5,intra_pkg,4,2,32,102.49
intra_pkg_OAM2,4,5,intra_pkg,4,2,64,206.51
intra_pkg_OAM2,4,5,intra_pkg,4,2,128,403.54
intra_pkg_OAM2,4,5,intra_pkg,4,2,256,49.70
intra_pkg_OAM2,4,5,intra_pkg,4,2,512,97.16
intra_pkg_OAM2,4,5,intra_pkg,4,2,1024,192.36
intra_pkg_OAM2,4,5,intra_pkg,4,2,2048,377.81
intra_pkg_OAM2,4,5,intra_pkg,4,2,4096,388.42
intra_pkg_OAM2,4,5,intra_pkg,4,2,8192,772.15
intra_pkg_OAM2,4,5,intra_pkg,4,2,16384,1538.55
intra_pkg_OAM2,4,5,intra_pkg,4,2,32768,3037.38
intra_pkg_OAM2,4,5,intra_pkg,4,2,65536,5927.33
intra_pkg_OAM2,4,5,intra_pkg,4,2,131072,11418.47
intra_pkg_OAM2,4,5,intra_pkg,4,2,262144,21279.57
intra_pkg_OAM2,4,5,intra_pkg,4,2,524288,37486.12
intra_pkg_OAM2,4,5,intra_pkg,4,2,1048576,59930.38
intra_pkg_OAM2,4,5,intra_pkg,4,2,2097152,84979.41
intra_pkg_OAM2,4,5,intra_pkg,4,2,4194304,106735.66
intra_pkg_OAM2,4,5,intra_pkg,4,3,1,2.92
intra_pkg_OAM2,4,5,intra_pkg,4,3,2,5.74
intra_pkg_OAM2,4,5,intra_pkg,4,3,4,12.50
intra_pkg_OAM2,4,5,intra_pkg,4,3,8,24.44
intra_pkg_OAM2,4,5,intra_pkg,4,3,16,49.57
intra_pkg_OAM2,4,5,intra_pkg,4,3,32,100.84
intra_pkg_OAM2,4,5,intra_pkg,4,3,64,200.25
intra_pkg_OAM2,4,5,intra_pkg,4,3,128,396.97
intra_pkg_OAM2,4,5,intra_pkg,4,3,256,49.74
intra_pkg_OAM2,4,5,intra_pkg,4,3,512,97.77
intra_pkg_OAM2,4,5,intra_pkg,4,3,1024,193.01
intra_pkg_OAM2,4,5,intra_pkg,4,3,2048,378.95
intra_pkg_OAM2,4,5,intra_pkg,4,3,4096,390.21
intra_pkg_OAM2,4,5,intra_pkg,4,3,8192,771.06
intra_pkg_OAM2,4,5,intra_pkg,4,3,16384,1543.73
intra_pkg_OAM2,4,5,intra_pkg,4,3,32768,3051.99
intra_pkg_OAM2,4,5,intra_pkg,4,3,65536,5937.47
intra_pkg_OAM2,4,5,intra_pkg,4,3,131072,11386.98
intra_pkg_OAM2,4,5,intra_pkg,4,3,262144,21191.28
intra_pkg_OAM2,4,5,intra_pkg,4,3,524288,37363.27
intra_pkg_OAM2,4,5,intra_pkg,4,3,1048576,59812.34
intra_pkg_OAM2,4,5,intra_pkg,4,3,2097152,84554.29
intra_pkg_OAM2,4,5,intra_pkg,4,3,4194304,106472.43
intra_pkg_OAM2,4,5,intra_pkg,4,4,1,3.01
intra_pkg_OAM2,4,5,intra_pkg,4,4,2,6.01
intra_pkg_OAM2,4,5,intra_pkg,4,4,4,12.80
intra_pkg_OAM2,4,5,intra_pkg,4,4,8,25.86
intra_pkg_OAM2,4,5,intra_pkg,4,4,16,51.59
intra_pkg_OAM2,4,5,intra_pkg,4,4,32,105.25
intra_pkg_OAM2,4,5,intra_pkg,4,4,64,208.75
intra_pkg_OAM2,4,5,intra_pkg,4,4,128,412.20
intra_pkg_OAM2,4,5,intra_pkg,4,4,256,49.76
intra_pkg_OAM2,4,5,intra_pkg,4,4,512,98.09
intra_pkg_OAM2,4,5,intra_pkg,4,4,1024,192.33
intra_pkg_OAM2,4,5,intra_pkg,4,4,2048,380.39
intra_pkg_OAM2,4,5,intra_pkg,4,4,4096,390.66
intra_pkg_OAM2,4,5,intra_pkg,4,4,8192,770.33
intra_pkg_OAM2,4,5,intra_pkg,4,4,16384,1542.49
intra_pkg_OAM2,4,5,intra_pkg,4,4,32768,3047.75
intra_pkg_OAM2,4,5,intra_pkg,4,4,65536,5923.41
intra_pkg_OAM2,4,5,intra_pkg,4,4,131072,11410.21
intra_pkg_OAM2,4,5,intra_pkg,4,4,262144,21244.16
intra_pkg_OAM2,4,5,intra_pkg,4,4,524288,37475.42
intra_pkg_OAM2,4,5,intra_pkg,4,4,1048576,59683.39
intra_pkg_OAM2,4,5,intra_pkg,4,4,2097152,84548.29
intra_pkg_OAM2,4,5,intra_pkg,4,4,4194304,106336.20
intra_pkg_OAM2,4,5,intra_pkg,4,5,1,3.02
intra_pkg_OAM2,4,5,intra_pkg,4,5,2,6.09
intra_pkg_OAM2,4,5,intra_pkg,4,5,4,12.98
intra_pkg_OAM2,4,5,intra_pkg,4,5,8,26.70
intra_pkg_OAM2,4,5,intra_pkg,4,5,16,53.27
intra_pkg_OAM2,4,5,intra_pkg,4,5,32,105.06
intra_pkg_OAM2,4,5,intra_pkg,4,5,64,191.95
intra_pkg_OAM2,4,5,intra_pkg,4,5,128,418.32
intra_pkg_OAM2,4,5,intra_pkg,4,5,256,49.72
intra_pkg_OAM2,4,5,intra_pkg,4,5,512,96.39
intra_pkg_OAM2,4,5,intra_pkg,4,5,1024,191.90
intra_pkg_OAM2,4,5,intra_pkg,4,5,2048,378.01
intra_pkg_OAM2,4,5,intra_pkg,4,5,4096,389.39
intra_pkg_OAM2,4,5,intra_pkg,4,5,8192,769.20
intra_pkg_OAM2,4,5,intra_pkg,4,5,16384,1533.19
intra_pkg_OAM2,4,5,intra_pkg,4,5,32768,3039.68
intra_pkg_OAM2,4,5,intra_pkg,4,5,65536,5924.36
intra_pkg_OAM2,4,5,intra_pkg,4,5,131072,11400.27
intra_pkg_OAM2,4,5,intra_pkg,4,5,262144,21156.54
intra_pkg_OAM2,4,5,intra_pkg,4,5,524288,37344.94
intra_pkg_OAM2,4,5,intra_pkg,4,5,1048576,59807.38
intra_pkg_OAM2,4,5,intra_pkg,4,5,2097152,84550.42
intra_pkg_OAM2,4,5,intra_pkg,4,5,4194304,106304.64
intra_pkg_OAM2,4,5,intra_pkg,4,6,1,2.99
intra_pkg_OAM2,4,5,intra_pkg,4,6,2,5.97
intra_pkg_OAM2,4,5,intra_pkg,4,6,4,12.74
intra_pkg_OAM2,4,5,intra_pkg,4,6,8,26.10
intra_pkg_OAM2,4,5,intra_pkg,4,6,16,52.28
intra_pkg_OAM2,4,5,intra_pkg,4,6,32,104.67
intra_pkg_OAM2,4,5,intra_pkg,4,6,64,203.65
intra_pkg_OAM2,4,5,intra_pkg,4,6,128,410.28
intra_pkg_OAM2,4,5,intra_pkg,4,6,256,49.72
intra_pkg_OAM2,4,5,intra_pkg,4,6,512,96.58
intra_pkg_OAM2,4,5,intra_pkg,4,6,1024,192.36
intra_pkg_OAM2,4,5,intra_pkg,4,6,2048,377.75
intra_pkg_OAM2,4,5,intra_pkg,4,6,4096,387.98
intra_pkg_OAM2,4,5,intra_pkg,4,6,8192,769.88
intra_pkg_OAM2,4,5,intra_pkg,4,6,16384,1534.80
intra_pkg_OAM2,4,5,intra_pkg,4,6,32768,3040.92
intra_pkg_OAM2,4,5,intra_pkg,4,6,65536,5927.34
intra_pkg_OAM2,4,5,intra_pkg,4,6,131072,11396.48
intra_pkg_OAM2,4,5,intra_pkg,4,6,262144,21222.62
intra_pkg_OAM2,4,5,intra_pkg,4,6,524288,37316.08
intra_pkg_OAM2,4,5,intra_pkg,4,6,1048576,59619.40
intra_pkg_OAM2,4,5,intra_pkg,4,6,2097152,84549.14
intra_pkg_OAM2,4,5,intra_pkg,4,6,4194304,106314.29
intra_pkg_OAM3,6,7,intra_pkg,4,2,1,2.94
intra_pkg_OAM3,6,7,intra_pkg,4,2,2,5.93
intra_pkg_OAM3,6,7,intra_pkg,4,2,4,12.62
intra_pkg_OAM3,6,7,intra_pkg,4,2,8,25.49
intra_pkg_OAM3,6,7,intra_pkg,4,2,16,50.07
intra_pkg_OAM3,6,7,intra_pkg,4,2,32,103.46
intra_pkg_OAM3,6,7,intra_pkg,4,2,64,201.60
intra_pkg_OAM3,6,7,intra_pkg,4,2,128,404.06
intra_pkg_OAM3,6,7,intra_pkg,4,2,256,48.34
intra_pkg_OAM3,6,7,intra_pkg,4,2,512,95.70
intra_pkg_OAM3,6,7,intra_pkg,4,2,1024,189.53
intra_pkg_OAM3,6,7,intra_pkg,4,2,2048,369.61
intra_pkg_OAM3,6,7,intra_pkg,4,2,4096,376.02
intra_pkg_OAM3,6,7,intra_pkg,4,2,8192,746.38
intra_pkg_OAM3,6,7,intra_pkg,4,2,16384,1495.74
intra_pkg_OAM3,6,7,intra_pkg,4,2,32768,2946.07
intra_pkg_OAM3,6,7,intra_pkg,4,2,65536,5752.56
intra_pkg_OAM3,6,7,intra_pkg,4,2,131072,11048.06
intra_pkg_OAM3,6,7,intra_pkg,4,2,262144,20670.84
intra_pkg_OAM3,6,7,intra_pkg,4,2,524288,36475.99
intra_pkg_OAM3,6,7,intra_pkg,4,2,1048576,58600.96
intra_pkg_OAM3,6,7,intra_pkg,4,2,2097152,83107.32
intra_pkg_OAM3,6,7,intra_pkg,4,2,4194304,105320.22
intra_pkg_OAM3,6,7,intra_pkg,4,3,1,3.02
intra_pkg_OAM3,6,7,intra_pkg,4,3,2,6.03
intra_pkg_OAM3,6,7,intra_pkg,4,3,4,12.60
intra_pkg_OAM3,6,7,intra_pkg,4,3,8,26.07
intra_pkg_OAM3,6,7,intra_pkg,4,3,16,51.69
intra_pkg_OAM3,6,7,intra_pkg,4,3,32,102.31
intra_pkg_OAM3,6,7,intra_pkg,4,3,64,180.37
intra_pkg_OAM3,6,7,intra_pkg,4,3,128,377.87
intra_pkg_OAM3,6,7,intra_pkg,4,3,256,48.30
intra_pkg_OAM3,6,7,intra_pkg,4,3,512,94.92
intra_pkg_OAM3,6,7,intra_pkg,4,3,1024,188.69
intra_pkg_OAM3,6,7,intra_pkg,4,3,2048,370.55
intra_pkg_OAM3,6,7,intra_pkg,4,3,4096,378.92
intra_pkg_OAM3,6,7,intra_pkg,4,3,8192,747.47
intra_pkg_OAM3,6,7,intra_pkg,4,3,16384,1487.84
intra_pkg_OAM3,6,7,intra_pkg,4,3,32768,2949.17
intra_pkg_OAM3,6,7,intra_pkg,4,3,65536,5746.22
intra_pkg_OAM3,6,7,intra_pkg,4,3,131072,11074.04
intra_pkg_OAM3,6,7,intra_pkg,4,3,262144,20687.96
intra_pkg_OAM3,6,7,intra_pkg,4,3,524288,36596.67
intra_pkg_OAM3,6,7,intra_pkg,4,3,1048576,58729.52
intra_pkg_OAM3,6,7,intra_pkg,4,3,2097152,83379.10
intra_pkg_OAM3,6,7,intra_pkg,4,3,4194304,105522.61
intra_pkg_OAM3,6,7,intra_pkg,4,4,1,2.93
intra_pkg_OAM3,6,7,intra_pkg,4,4,2,5.89
intra_pkg_OAM3,6,7,intra_pkg,4,4,4,12.55
intra_pkg_OAM3,6,7,intra_pkg,4,4,8,25.80
intra_pkg_OAM3,6,7,intra_pkg,4,4,16,51.59
intra_pkg_OAM3,6,7,intra_pkg,4,4,32,101.77
intra_pkg_OAM3,6,7,intra_pkg,4,4,64,204.96
intra_pkg_OAM3,6,7,intra_pkg,4,4,128,405.52
intra_pkg_OAM3,6,7,intra_pkg,4,4,256,48.30
intra_pkg_OAM3,6,7,intra_pkg,4,4,512,94.79
intra_pkg_OAM3,6,7,intra_pkg,4,4,1024,188.97
intra_pkg_OAM3,6,7,intra_pkg,4,4,2048,368.12
intra_pkg_OAM3,6,7,intra_pkg,4,4,4096,377.44
intra_pkg_OAM3,6,7,intra_pkg,4,4,8192,746.03
intra_pkg_OAM3,6,7,intra_pkg,4,4,16384,1494.57
intra_pkg_OAM3,6,7,intra_pkg,4,4,32768,2945.73
intra_pkg_OAM3,6,7,intra_pkg,4,4,65536,5740.96
intra_pkg_OAM3,6,7,intra_pkg,4,4,131072,11038.25
intra_pkg_OAM3,6,7,intra_pkg,4,4,262144,20651.17
intra_pkg_OAM3,6,7,intra_pkg,4,4,524288,36492.82
intra_pkg_OAM3,6,7,intra_pkg,4,4,1048576,58576.18
intra_pkg_OAM3,6,7,intra_pkg,4,4,2097152,83157.67
intra_pkg_OAM3,6,7,intra_pkg,4,4,4194304,105326.48
intra_pkg_OAM3,6,7,intra_pkg,4,5,1,2.98
intra_pkg_OAM3,6,7,intra_pkg,4,5,2,5.84
intra_pkg_OAM3,6,7,intra_pkg,4,5,4,12.72
intra_pkg_OAM3,6,7,intra_pkg,4,5,8,26.05
intra_pkg_OAM3,6,7,intra_pkg,4,5,16,52.19
intra_pkg_OAM3,6,7,intra_pkg,4,5,32,104.37
intra_pkg_OAM3,6,7,intra_pkg,4,5,64,205.37
intra_pkg_OAM3,6,7,intra_pkg,4,5,128,408.36
intra_pkg_OAM3,6,7,intra_pkg,4,5,256,48.28
intra_pkg_OAM3,6,7,intra_pkg,4,5,512,94.76
intra_pkg_OAM3,6,7,intra_pkg,4,5,1024,188.98
intra_pkg_OAM3,6,7,intra_pkg,4,5,2048,375.03
intra_pkg_OAM3,6,7,intra_pkg,4,5,4096,378.78
intra_pkg_OAM3,6,7,intra_pkg,4,5,8192,746.86
intra_pkg_OAM3,6,7,intra_pkg,4,5,16384,1496.32
intra_pkg_OAM3,6,7,intra_pkg,4,5,32768,2952.42
intra_pkg_OAM3,6,7,intra_pkg,4,5,65536,5739.17
intra_pkg_OAM3,6,7,intra_pkg,4,5,131072,11051.13
intra_pkg_OAM3,6,7,intra_pkg,4,5,262144,20669.74
intra_pkg_OAM3,6,7,intra_pkg,4,5,524288,36429.66
intra_pkg_OAM3,6,7,intra_pkg,4,5,1048576,58549.40
intra_pkg_OAM3,6,7,intra_pkg,4,5,2097152,83222.77
intra_pkg_OAM3,6,7,intra_pkg,4,5,4194304,105400.31
intra_pkg_OAM3,6,7,intra_pkg,4,6,1,2.94
intra_pkg_OAM3,6,7,intra_pkg,4,6,2,5.90
intra_pkg_OAM3,6,7,intra_pkg,4,6,4,12.60
intra_pkg_OAM3,6,7,intra_pkg,4,6,8,23.58
intra_pkg_OAM3,6,7,intra_pkg,4,6,16,51.31
intra_pkg_OAM3,6,7,intra_pkg,4,6,32,101.61
intra_pkg_OAM3,6,7,intra_pkg,4,6,64,205.20
intra_pkg_OAM3,6,7,intra_pkg,4,6,128,404.56
intra_pkg_OAM3,6,7,intra_pkg,4,6,256,48.20
intra_pkg_OAM3,6,7,intra_pkg,4,6,512,94.94
intra_pkg_OAM3,6,7,intra_pkg,4,6,1024,188.98
intra_pkg_OAM3,6,7,intra_pkg,4,6,2048,373.70
intra_pkg_OAM3,6,7,intra_pkg,4,6,4096,377.53
intra_pkg_OAM3,6,7,intra_pkg,4,6,8192,742.50
intra_pkg_OAM3,6,7,intra_pkg,4,6,16384,1488.04
intra_pkg_OAM3,6,7,intra_pkg,4,6,32768,2986.07
intra_pkg_OAM3,6,7,intra_pkg,4,6,65536,5944.05
intra_pkg_OAM3,6,7,intra_pkg,4,6,131072,11434.23
intra_pkg_OAM3,6,7,intra_pkg,4,6,262144,21288.23
intra_pkg_OAM3,6,7,intra_pkg,4,6,524288,37501.03
intra_pkg_OAM3,6,7,intra_pkg,4,6,1048576,59919.60
intra_pkg_OAM3,6,7,intra_pkg,4,6,2097152,84737.65
intra_pkg_OAM3,6,7,intra_pkg,4,6,4194304,106454.15
inter_pkg_2link_06,0,6,inter_pkg_2link,2,2,1,2.88
inter_pkg_2link_06,0,6,inter_pkg_2link,2,2,2,5.61
inter_pkg_2link_06,0,6,inter_pkg_2link,2,2,4,12.23
inter_pkg_2link_06,0,6,inter_pkg_2link,2,2,8,24.68
inter_pkg_2link_06,0,6,inter_pkg_2link,2,2,16,49.87
inter_pkg_2link_06,0,6,inter_pkg_2link,2,2,32,98.82
inter_pkg_2link_06,0,6,inter_pkg_2link,2,2,64,192.79
inter_pkg_2link_06,0,6,inter_pkg_2link,2,2,128,386.08
inter_pkg_2link_06,0,6,inter_pkg_2link,2,2,256,48.24
inter_pkg_2link_06,0,6,inter_pkg_2link,2,2,512,94.24
inter_pkg_2link_06,0,6,inter_pkg_2link,2,2,1024,188.09
inter_pkg_2link_06,0,6,inter_pkg_2link,2,2,2048,370.08
inter_pkg_2link_06,0,6,inter_pkg_2link,2,2,4096,501.90
inter_pkg_2link_06,0,6,inter_pkg_2link,2,2,8192,978.12
inter_pkg_2link_06,0,6,inter_pkg_2link,2,2,16384,1947.92
inter_pkg_2link_06,0,6,inter_pkg_2link,2,2,32768,3798.43
inter_pkg_2link_06,0,6,inter_pkg_2link,2,2,65536,7299.90
inter_pkg_2link_06,0,6,inter_pkg_2link,2,2,131072,13706.23
inter_pkg_2link_06,0,6,inter_pkg_2link,2,2,262144,22869.25
inter_pkg_2link_06,0,6,inter_pkg_2link,2,2,524288,36045.46
inter_pkg_2link_06,0,6,inter_pkg_2link,2,2,1048576,47238.27
inter_pkg_2link_06,0,6,inter_pkg_2link,2,2,2097152,55031.63
inter_pkg_2link_06,0,6,inter_pkg_2link,2,2,4194304,60322.42
inter_pkg_2link_06,0,6,inter_pkg_2link,2,3,1,2.99
inter_pkg_2link_06,0,6,inter_pkg_2link,2,3,2,5.92
inter_pkg_2link_06,0,6,inter_pkg_2link,2,3,4,12.34
inter_pkg_2link_06,0,6,inter_pkg_2link,2,3,8,25.71
inter_pkg_2link_06,0,6,inter_pkg_2link,2,3,16,51.71
inter_pkg_2link_06,0,6,inter_pkg_2link,2,3,32,103.16
inter_pkg_2link_06,0,6,inter_pkg_2link,2,3,64,199.70
inter_pkg_2link_06,0,6,inter_pkg_2link,2,3,128,403.54
inter_pkg_2link_06,0,6,inter_pkg_2link,2,3,256,48.24
inter_pkg_2link_06,0,6,inter_pkg_2link,2,3,512,95.20
inter_pkg_2link_06,0,6,inter_pkg_2link,2,3,1024,188.52
inter_pkg_2link_06,0,6,inter_pkg_2link,2,3,2048,369.68
inter_pkg_2link_06,0,6,inter_pkg_2link,2,3,4096,500.76
inter_pkg_2link_06,0,6,inter_pkg_2link,2,3,8192,977.92
inter_pkg_2link_06,0,6,inter_pkg_2link,2,3,16384,1951.51
inter_pkg_2link_06,0,6,inter_pkg_2link,2,3,32768,3796.53
inter_pkg_2link_06,0,6,inter_pkg_2link,2,3,65536,7304.35
inter_pkg_2link_06,0,6,inter_pkg_2link,2,3,131072,13703.21
inter_pkg_2link_06,0,6,inter_pkg_2link,2,3,262144,22892.84
inter_pkg_2link_06,0,6,inter_pkg_2link,2,3,524288,36034.21
inter_pkg_2link_06,0,6,inter_pkg_2link,2,3,1048576,47236.21
inter_pkg_2link_06,0,6,inter_pkg_2link,2,3,2097152,55122.63
inter_pkg_2link_06,0,6,inter_pkg_2link,2,3,4194304,60349.13
inter_pkg_2link_06,0,6,inter_pkg_2link,2,4,1,2.94
inter_pkg_2link_06,0,6,inter_pkg_2link,2,4,2,5.85
inter_pkg_2link_06,0,6,inter_pkg_2link,2,4,4,11.45
inter_pkg_2link_06,0,6,inter_pkg_2link,2,4,8,24.91
inter_pkg_2link_06,0,6,inter_pkg_2link,2,4,16,49.99
inter_pkg_2link_06,0,6,inter_pkg_2link,2,4,32,103.21
inter_pkg_2link_06,0,6,inter_pkg_2link,2,4,64,203.94
inter_pkg_2link_06,0,6,inter_pkg_2link,2,4,128,396.20
inter_pkg_2link_06,0,6,inter_pkg_2link,2,4,256,48.97
inter_pkg_2link_06,0,6,inter_pkg_2link,2,4,512,94.79
inter_pkg_2link_06,0,6,inter_pkg_2link,2,4,1024,188.99
inter_pkg_2link_06,0,6,inter_pkg_2link,2,4,2048,370.00
inter_pkg_2link_06,0,6,inter_pkg_2link,2,4,4096,503.05
inter_pkg_2link_06,0,6,inter_pkg_2link,2,4,8192,992.24
inter_pkg_2link_06,0,6,inter_pkg_2link,2,4,16384,1963.07
inter_pkg_2link_06,0,6,inter_pkg_2link,2,4,32768,3826.49
inter_pkg_2link_06,0,6,inter_pkg_2link,2,4,65536,7338.50
inter_pkg_2link_06,0,6,inter_pkg_2link,2,4,131072,13729.78
inter_pkg_2link_06,0,6,inter_pkg_2link,2,4,262144,22911.43
inter_pkg_2link_06,0,6,inter_pkg_2link,2,4,524288,36104.31
inter_pkg_2link_06,0,6,inter_pkg_2link,2,4,1048576,47261.56
inter_pkg_2link_06,0,6,inter_pkg_2link,2,4,2097152,55134.97
inter_pkg_2link_06,0,6,inter_pkg_2link,2,4,4194304,60370.98
inter_pkg_2link_06,0,6,inter_pkg_2link,2,5,1,3.04
inter_pkg_2link_06,0,6,inter_pkg_2link,2,5,2,5.97
inter_pkg_2link_06,0,6,inter_pkg_2link,2,5,4,12.79
inter_pkg_2link_06,0,6,inter_pkg_2link,2,5,8,26.03
inter_pkg_2link_06,0,6,inter_pkg_2link,2,5,16,51.40
inter_pkg_2link_06,0,6,inter_pkg_2link,2,5,32,102.87
inter_pkg_2link_06,0,6,inter_pkg_2link,2,5,64,204.49
inter_pkg_2link_06,0,6,inter_pkg_2link,2,5,128,405.74
inter_pkg_2link_06,0,6,inter_pkg_2link,2,5,256,48.98
inter_pkg_2link_06,0,6,inter_pkg_2link,2,5,512,95.83
inter_pkg_2link_06,0,6,inter_pkg_2link,2,5,1024,194.18
inter_pkg_2link_06,0,6,inter_pkg_2link,2,5,2048,388.58
inter_pkg_2link_06,0,6,inter_pkg_2link,2,5,4096,507.64
inter_pkg_2link_06,0,6,inter_pkg_2link,2,5,8192,1008.79
inter_pkg_2link_06,0,6,inter_pkg_2link,2,5,16384,2034.85
inter_pkg_2link_06,0,6,inter_pkg_2link,2,5,32768,3959.54
inter_pkg_2link_06,0,6,inter_pkg_2link,2,5,65536,7590.85
inter_pkg_2link_06,0,6,inter_pkg_2link,2,5,131072,14123.84
inter_pkg_2link_06,0,6,inter_pkg_2link,2,5,262144,23475.14
inter_pkg_2link_06,0,6,inter_pkg_2link,2,5,524288,36844.18
inter_pkg_2link_06,0,6,inter_pkg_2link,2,5,1048576,47802.64
inter_pkg_2link_06,0,6,inter_pkg_2link,2,5,2097152,55528.13
inter_pkg_2link_06,0,6,inter_pkg_2link,2,5,4194304,60535.14
inter_pkg_2link_06,0,6,inter_pkg_2link,2,6,1,2.97
inter_pkg_2link_06,0,6,inter_pkg_2link,2,6,2,5.45
inter_pkg_2link_06,0,6,inter_pkg_2link,2,6,4,12.53
inter_pkg_2link_06,0,6,inter_pkg_2link,2,6,8,24.95
inter_pkg_2link_06,0,6,inter_pkg_2link,2,6,16,50.28
inter_pkg_2link_06,0,6,inter_pkg_2link,2,6,32,100.48
inter_pkg_2link_06,0,6,inter_pkg_2link,2,6,64,203.10
inter_pkg_2link_06,0,6,inter_pkg_2link,2,6,128,404.89
inter_pkg_2link_06,0,6,inter_pkg_2link,2,6,256,49.18
inter_pkg_2link_06,0,6,inter_pkg_2link,2,6,512,95.99
inter_pkg_2link_06,0,6,inter_pkg_2link,2,6,1024,188.20
inter_pkg_2link_06,0,6,inter_pkg_2link,2,6,2048,369.42
inter_pkg_2link_06,0,6,inter_pkg_2link,2,6,4096,502.47
inter_pkg_2link_06,0,6,inter_pkg_2link,2,6,8192,991.51
inter_pkg_2link_06,0,6,inter_pkg_2link,2,6,16384,1959.96
inter_pkg_2link_06,0,6,inter_pkg_2link,2,6,32768,3813.43
inter_pkg_2link_06,0,6,inter_pkg_2link,2,6,65536,7320.26
inter_pkg_2link_06,0,6,inter_pkg_2link,2,6,131072,13692.14
inter_pkg_2link_06,0,6,inter_pkg_2link,2,6,262144,22888.07
inter_pkg_2link_06,0,6,inter_pkg_2link,2,6,524288,36066.84
inter_pkg_2link_06,0,6,inter_pkg_2link,2,6,1048576,47314.52
inter_pkg_2link_06,0,6,inter_pkg_2link,2,6,2097152,55072.00
inter_pkg_2link_06,0,6,inter_pkg_2link,2,6,4194304,60348.93
inter_pkg_2link_24,2,4,inter_pkg_2link,2,2,1,3.05
inter_pkg_2link_24,2,4,inter_pkg_2link,2,2,2,6.16
inter_pkg_2link_24,2,4,inter_pkg_2link,2,2,4,13.08
inter_pkg_2link_24,2,4,inter_pkg_2link,2,2,8,26.87
inter_pkg_2link_24,2,4,inter_pkg_2link,2,2,16,53.77
inter_pkg_2link_24,2,4,inter_pkg_2link,2,2,32,107.71
inter_pkg_2link_24,2,4,inter_pkg_2link,2,2,64,213.54
inter_pkg_2link_24,2,4,inter_pkg_2link,2,2,128,420.24
inter_pkg_2link_24,2,4,inter_pkg_2link,2,2,256,48.88
inter_pkg_2link_24,2,4,inter_pkg_2link,2,2,512,95.24
inter_pkg_2link_24,2,4,inter_pkg_2link,2,2,1024,187.85
inter_pkg_2link_24,2,4,inter_pkg_2link,2,2,2048,369.49
inter_pkg_2link_24,2,4,inter_pkg_2link,2,2,4096,501.64
inter_pkg_2link_24,2,4,inter_pkg_2link,2,2,8192,974.27
inter_pkg_2link_24,2,4,inter_pkg_2link,2,2,16384,1956.55
inter_pkg_2link_24,2,4,inter_pkg_2link,2,2,32768,3815.07
inter_pkg_2link_24,2,4,inter_pkg_2link,2,2,65536,7314.54
inter_pkg_2link_24,2,4,inter_pkg_2link,2,2,131072,13659.53
inter_pkg_2link_24,2,4,inter_pkg_2link,2,2,262144,23450.31
inter_pkg_2link_24,2,4,inter_pkg_2link,2,2,524288,37407.68
inter_pkg_2link_24,2,4,inter_pkg_2link,2,2,1048576,51513.72
inter_pkg_2link_24,2,4,inter_pkg_2link,2,2,2097152,62172.91
inter_pkg_2link_24,2,4,inter_pkg_2link,2,2,4194304,68206.02
inter_pkg_2link_24,2,4,inter_pkg_2link,2,3,1,2.98
inter_pkg_2link_24,2,4,inter_pkg_2link,2,3,2,5.97
inter_pkg_2link_24,2,4,inter_pkg_2link,2,3,4,12.78
inter_pkg_2link_24,2,4,inter_pkg_2link,2,3,8,26.15
inter_pkg_2link_24,2,4,inter_pkg_2link,2,3,16,52.45
inter_pkg_2link_24,2,4,inter_pkg_2link,2,3,32,104.42
inter_pkg_2link_24,2,4,inter_pkg_2link,2,3,64,204.47
inter_pkg_2link_24,2,4,inter_pkg_2link,2,3,128,409.69
inter_pkg_2link_24,2,4,inter_pkg_2link,2,3,256,48.92
inter_pkg_2link_24,2,4,inter_pkg_2link,2,3,512,94.83
inter_pkg_2link_24,2,4,inter_pkg_2link,2,3,1024,188.95
inter_pkg_2link_24,2,4,inter_pkg_2link,2,3,2048,372.24
inter_pkg_2link_24,2,4,inter_pkg_2link,2,3,4096,503.17
inter_pkg_2link_24,2,4,inter_pkg_2link,2,3,8192,979.95
inter_pkg_2link_24,2,4,inter_pkg_2link,2,3,16384,1951.62
inter_pkg_2link_24,2,4,inter_pkg_2link,2,3,32768,3798.70
inter_pkg_2link_24,2,4,inter_pkg_2link,2,3,65536,7304.46
inter_pkg_2link_24,2,4,inter_pkg_2link,2,3,131072,13705.32
inter_pkg_2link_24,2,4,inter_pkg_2link,2,3,262144,23474.87
inter_pkg_2link_24,2,4,inter_pkg_2link,2,3,524288,37406.63
inter_pkg_2link_24,2,4,inter_pkg_2link,2,3,1048576,51536.40
inter_pkg_2link_24,2,4,inter_pkg_2link,2,3,2097152,62323.98
inter_pkg_2link_24,2,4,inter_pkg_2link,2,3,4194304,68218.71
inter_pkg_2link_24,2,4,inter_pkg_2link,2,4,1,3.01
inter_pkg_2link_24,2,4,inter_pkg_2link,2,4,2,6.03
inter_pkg_2link_24,2,4,inter_pkg_2link,2,4,4,12.91
inter_pkg_2link_24,2,4,inter_pkg_2link,2,4,8,25.60
inter_pkg_2link_24,2,4,inter_pkg_2link,2,4,16,52.82
inter_pkg_2link_24,2,4,inter_pkg_2link,2,4,32,101.99
inter_pkg_2link_24,2,4,inter_pkg_2link,2,4,64,210.17
inter_pkg_2link_24,2,4,inter_pkg_2link,2,4,128,416.95
inter_pkg_2link_24,2,4,inter_pkg_2link,2,4,256,48.88
inter_pkg_2link_24,2,4,inter_pkg_2link,2,4,512,94.75
inter_pkg_2link_24,2,4,inter_pkg_2link,2,4,1024,188.20
inter_pkg_2link_24,2,4,inter_pkg_2link,2,4,2048,383.75
inter_pkg_2link_24,2,4,inter_pkg_2link,2,4,4096,506.10
inter_pkg_2link_24,2,4,inter_pkg_2link,2,4,8192,1004.11
inter_pkg_2link_24,2,4,inter_pkg_2link,2,4,16384,2020.93
inter_pkg_2link_24,2,4,inter_pkg_2link,2,4,32768,3936.02
inter_pkg_2link_24,2,4,inter_pkg_2link,2,4,65536,7539.79
inter_pkg_2link_24,2,4,inter_pkg_2link,2,4,131072,14033.85
inter_pkg_2link_24,2,4,inter_pkg_2link,2,4,262144,24137.88
inter_pkg_2link_24,2,4,inter_pkg_2link,2,4,524288,38171.12
inter_pkg_2link_24,2,4,inter_pkg_2link,2,4,1048576,52087.75
inter_pkg_2link_24,2,4,inter_pkg_2link,2,4,2097152,62773.90
inter_pkg_2link_24,2,4,inter_pkg_2link,2,4,4194304,68561.06
inter_pkg_2link_24,2,4,inter_pkg_2link,2,5,1,3.00
inter_pkg_2link_24,2,4,inter_pkg_2link,2,5,2,5.53
inter_pkg_2link_24,2,4,inter_pkg_2link,2,5,4,12.80
inter_pkg_2link_24,2,4,inter_pkg_2link,2,5,8,26.32
inter_pkg_2link_24,2,4,inter_pkg_2link,2,5,16,49.52
inter_pkg_2link_24,2,4,inter_pkg_2link,2,5,32,100.15
inter_pkg_2link_24,2,4,inter_pkg_2link,2,5,64,208.21
inter_pkg_2link_24,2,4,inter_pkg_2link,2,5,128,411.73
inter_pkg_2link_24,2,4,inter_pkg_2link,2,5,256,48.60
inter_pkg_2link_24,2,4,inter_pkg_2link,2,5,512,94.74
inter_pkg_2link_24,2,4,inter_pkg_2link,2,5,1024,188.52
inter_pkg_2link_24,2,4,inter_pkg_2link,2,5,2048,371.80
inter_pkg_2link_24,2,4,inter_pkg_2link,2,5,4096,501.37
inter_pkg_2link_24,2,4,inter_pkg_2link,2,5,8192,977.34
inter_pkg_2link_24,2,4,inter_pkg_2link,2,5,16384,1943.68
inter_pkg_2link_24,2,4,inter_pkg_2link,2,5,32768,3780.67
inter_pkg_2link_24,2,4,inter_pkg_2link,2,5,65536,7267.77
inter_pkg_2link_24,2,4,inter_pkg_2link,2,5,131072,13647.96
inter_pkg_2link_24,2,4,inter_pkg_2link,2,5,262144,23405.24
inter_pkg_2link_24,2,4,inter_pkg_2link,2,5,524288,37349.45
inter_pkg_2link_24,2,4,inter_pkg_2link,2,5,1048576,51414.62
inter_pkg_2link_24,2,4,inter_pkg_2link,2,5,2097152,62129.10
inter_pkg_2link_24,2,4,inter_pkg_2link,2,5,4194304,68317.93
inter_pkg_2link_24,2,4,inter_pkg_2link,2,6,1,3.00
inter_pkg_2link_24,2,4,inter_pkg_2link,2,6,2,6.01
inter_pkg_2link_24,2,4,inter_pkg_2link,2,6,4,12.45
inter_pkg_2link_24,2,4,inter_pkg_2link,2,6,8,26.29
inter_pkg_2link_24,2,4,inter_pkg_2link,2,6,16,51.01
inter_pkg_2link_24,2,4,inter_pkg_2link,2,6,32,105.39
inter_pkg_2link_24,2,4,inter_pkg_2link,2,6,64,210.23
inter_pkg_2link_24,2,4,inter_pkg_2link,2,6,128,412.28
inter_pkg_2link_24,2,4,inter_pkg_2link,2,6,256,49.12
inter_pkg_2link_24,2,4,inter_pkg_2link,2,6,512,94.95
inter_pkg_2link_24,2,4,inter_pkg_2link,2,6,1024,188.95
inter_pkg_2link_24,2,4,inter_pkg_2link,2,6,2048,368.92
inter_pkg_2link_24,2,4,inter_pkg_2link,2,6,4096,502.76
inter_pkg_2link_24,2,4,inter_pkg_2link,2,6,8192,979.03
inter_pkg_2link_24,2,4,inter_pkg_2link,2,6,16384,1948.50
inter_pkg_2link_24,2,4,inter_pkg_2link,2,6,32768,3799.33
inter_pkg_2link_24,2,4,inter_pkg_2link,2,6,65536,7310.46
inter_pkg_2link_24,2,4,inter_pkg_2link,2,6,131072,13677.55
inter_pkg_2link_24,2,4,inter_pkg_2link,2,6,262144,23478.84
inter_pkg_2link_24,2,4,inter_pkg_2link,2,6,524288,37421.92
inter_pkg_2link_24,2,4,inter_pkg_2link,2,6,1048576,51566.18
inter_pkg_2link_24,2,4,inter_pkg_2link,2,6,2097152,62290.43
inter_pkg_2link_24,2,4,inter_pkg_2link,2,6,4194304,68289.90
inter_pkg_1link_02,0,2,inter_pkg_1link,1,2,1,2.95
inter_pkg_1link_02,0,2,inter_pkg_1link,1,2,2,5.91
inter_pkg_1link_02,0,2,inter_pkg_1link,1,2,4,12.61
inter_pkg_1link_02,0,2,inter_pkg_1link,1,2,8,25.75
inter_pkg_1link_02,0,2,inter_pkg_1link,1,2,16,50.89
inter_pkg_1link_02,0,2,inter_pkg_1link,1,2,32,103.25
inter_pkg_1link_02,0,2,inter_pkg_1link,1,2,64,203.60
inter_pkg_1link_02,0,2,inter_pkg_1link,1,2,128,397.14
inter_pkg_1link_02,0,2,inter_pkg_1link,1,2,256,49.06
inter_pkg_1link_02,0,2,inter_pkg_1link,1,2,512,95.64
inter_pkg_1link_02,0,2,inter_pkg_1link,1,2,1024,187.74
inter_pkg_1link_02,0,2,inter_pkg_1link,1,2,2048,372.73
inter_pkg_1link_02,0,2,inter_pkg_1link,1,2,4096,721.58
inter_pkg_1link_02,0,2,inter_pkg_1link,1,2,8192,1403.19
inter_pkg_1link_02,0,2,inter_pkg_1link,1,2,16384,2686.85
inter_pkg_1link_02,0,2,inter_pkg_1link,1,2,32768,4999.53
inter_pkg_1link_02,0,2,inter_pkg_1link,1,2,65536,8982.68
inter_pkg_1link_02,0,2,inter_pkg_1link,1,2,131072,14635.64
inter_pkg_1link_02,0,2,inter_pkg_1link,1,2,262144,20930.83
inter_pkg_1link_02,0,2,inter_pkg_1link,1,2,524288,27078.03
inter_pkg_1link_02,0,2,inter_pkg_1link,1,2,1048576,31643.64
inter_pkg_1link_02,0,2,inter_pkg_1link,1,2,2097152,34325.09
inter_pkg_1link_02,0,2,inter_pkg_1link,1,2,4194304,35416.77
inter_pkg_1link_02,0,2,inter_pkg_1link,1,3,1,3.05
inter_pkg_1link_02,0,2,inter_pkg_1link,1,3,2,6.11
inter_pkg_1link_02,0,2,inter_pkg_1link,1,3,4,12.62
inter_pkg_1link_02,0,2,inter_pkg_1link,1,3,8,26.73
inter_pkg_1link_02,0,2,inter_pkg_1link,1,3,16,53.64
inter_pkg_1link_02,0,2,inter_pkg_1link,1,3,32,106.72
inter_pkg_1link_02,0,2,inter_pkg_1link,1,3,64,212.81
inter_pkg_1link_02,0,2,inter_pkg_1link,1,3,128,415.40
inter_pkg_1link_02,0,2,inter_pkg_1link,1,3,256,48.95
inter_pkg_1link_02,0,2,inter_pkg_1link,1,3,512,95.74
inter_pkg_1link_02,0,2,inter_pkg_1link,1,3,1024,188.72
inter_pkg_1link_02,0,2,inter_pkg_1link,1,3,2048,374.08
inter_pkg_1link_02,0,2,inter_pkg_1link,1,3,4096,721.14
inter_pkg_1link_02,0,2,inter_pkg_1link,1,3,8192,1403.51
inter_pkg_1link_02,0,2,inter_pkg_1link,1,3,16384,2693.12
inter_pkg_1link_02,0,2,inter_pkg_1link,1,3,32768,5110.58
inter_pkg_1link_02,0,2,inter_pkg_1link,1,3,65536,9135.99
inter_pkg_1link_02,0,2,inter_pkg_1link,1,3,131072,14811.31
inter_pkg_1link_02,0,2,inter_pkg_1link,1,3,262144,20906.46
inter_pkg_1link_02,0,2,inter_pkg_1link,1,3,524288,26870.05
inter_pkg_1link_02,0,2,inter_pkg_1link,1,3,1048576,31532.66
inter_pkg_1link_02,0,2,inter_pkg_1link,1,3,2097152,34221.41
inter_pkg_1link_02,0,2,inter_pkg_1link,1,3,4194304,35367.07
inter_pkg_1link_02,0,2,inter_pkg_1link,1,4,1,3.05
inter_pkg_1link_02,0,2,inter_pkg_1link,1,4,2,6.13
inter_pkg_1link_02,0,2,inter_pkg_1link,1,4,4,12.64
inter_pkg_1link_02,0,2,inter_pkg_1link,1,4,8,26.81
inter_pkg_1link_02,0,2,inter_pkg_1link,1,4,16,53.98
inter_pkg_1link_02,0,2,inter_pkg_1link,1,4,32,107.41
inter_pkg_1link_02,0,2,inter_pkg_1link,1,4,64,213.88
inter_pkg_1link_02,0,2,inter_pkg_1link,1,4,128,418.05
inter_pkg_1link_02,0,2,inter_pkg_1link,1,4,256,49.23
inter_pkg_1link_02,0,2,inter_pkg_1link,1,4,512,94.51
inter_pkg_1link_02,0,2,inter_pkg_1link,1,4,1024,188.45
inter_pkg_1link_02,0,2,inter_pkg_1link,1,4,2048,369.07
inter_pkg_1link_02,0,2,inter_pkg_1link,1,4,4096,726.37
inter_pkg_1link_02,0,2,inter_pkg_1link,1,4,8192,1406.68
inter_pkg_1link_02,0,2,inter_pkg_1link,1,4,16384,2695.15
inter_pkg_1link_02,0,2,inter_pkg_1link,1,4,32768,5043.66
inter_pkg_1link_02,0,2,inter_pkg_1link,1,4,65536,9021.98
inter_pkg_1link_02,0,2,inter_pkg_1link,1,4,131072,14656.89
inter_pkg_1link_02,0,2,inter_pkg_1link,1,4,262144,21041.55
inter_pkg_1link_02,0,2,inter_pkg_1link,1,4,524288,27103.81
inter_pkg_1link_02,0,2,inter_pkg_1link,1,4,1048576,31658.93
inter_pkg_1link_02,0,2,inter_pkg_1link,1,4,2097152,34337.83
inter_pkg_1link_02,0,2,inter_pkg_1link,1,4,4194304,35473.98
inter_pkg_1link_02,0,2,inter_pkg_1link,1,5,1,3.06
inter_pkg_1link_02,0,2,inter_pkg_1link,1,5,2,6.02
inter_pkg_1link_02,0,2,inter_pkg_1link,1,5,4,13.04
inter_pkg_1link_02,0,2,inter_pkg_1link,1,5,8,26.86
inter_pkg_1link_02,0,2,inter_pkg_1link,1,5,16,53.67
inter_pkg_1link_02,0,2,inter_pkg_1link,1,5,32,107.81
inter_pkg_1link_02,0,2,inter_pkg_1link,1,5,64,212.94
inter_pkg_1link_02,0,2,inter_pkg_1link,1,5,128,420.07
inter_pkg_1link_02,0,2,inter_pkg_1link,1,5,256,49.19
inter_pkg_1link_02,0,2,inter_pkg_1link,1,5,512,94.57
inter_pkg_1link_02,0,2,inter_pkg_1link,1,5,1024,188.47
inter_pkg_1link_02,0,2,inter_pkg_1link,1,5,2048,369.82
inter_pkg_1link_02,0,2,inter_pkg_1link,1,5,4096,718.38
inter_pkg_1link_02,0,2,inter_pkg_1link,1,5,8192,1403.75
inter_pkg_1link_02,0,2,inter_pkg_1link,1,5,16384,2694.10
inter_pkg_1link_02,0,2,inter_pkg_1link,1,5,32768,5032.34
inter_pkg_1link_02,0,2,inter_pkg_1link,1,5,65536,9016.73
inter_pkg_1link_02,0,2,inter_pkg_1link,1,5,131072,14660.01
inter_pkg_1link_02,0,2,inter_pkg_1link,1,5,262144,21020.69
inter_pkg_1link_02,0,2,inter_pkg_1link,1,5,524288,27115.74
inter_pkg_1link_02,0,2,inter_pkg_1link,1,5,1048576,31663.97
inter_pkg_1link_02,0,2,inter_pkg_1link,1,5,2097152,34322.71
inter_pkg_1link_02,0,2,inter_pkg_1link,1,5,4194304,35385.62
inter_pkg_1link_02,0,2,inter_pkg_1link,1,6,1,3.05
inter_pkg_1link_02,0,2,inter_pkg_1link,1,6,2,6.07
inter_pkg_1link_02,0,2,inter_pkg_1link,1,6,4,12.97
inter_pkg_1link_02,0,2,inter_pkg_1link,1,6,8,24.47
inter_pkg_1link_02,0,2,inter_pkg_1link,1,6,16,53.51
inter_pkg_1link_02,0,2,inter_pkg_1link,1,6,32,107.26
inter_pkg_1link_02,0,2,inter_pkg_1link,1,6,64,203.78
inter_pkg_1link_02,0,2,inter_pkg_1link,1,6,128,396.01
inter_pkg_1link_02,0,2,inter_pkg_1link,1,6,256,49.30
inter_pkg_1link_02,0,2,inter_pkg_1link,1,6,512,96.06
inter_pkg_1link_02,0,2,inter_pkg_1link,1,6,1024,188.34
inter_pkg_1link_02,0,2,inter_pkg_1link,1,6,2048,369.95
inter_pkg_1link_02,0,2,inter_pkg_1link,1,6,4096,720.57
inter_pkg_1link_02,0,2,inter_pkg_1link,1,6,8192,1406.35
inter_pkg_1link_02,0,2,inter_pkg_1link,1,6,16384,2692.39
inter_pkg_1link_02,0,2,inter_pkg_1link,1,6,32768,5052.78
inter_pkg_1link_02,0,2,inter_pkg_1link,1,6,65536,9063.74
inter_pkg_1link_02,0,2,inter_pkg_1link,1,6,131072,14659.16
inter_pkg_1link_02,0,2,inter_pkg_1link,1,6,262144,21004.36
inter_pkg_1link_02,0,2,inter_pkg_1link,1,6,524288,27118.18
inter_pkg_1link_02,0,2,inter_pkg_1link,1,6,1048576,31680.94
inter_pkg_1link_02,0,2,inter_pkg_1link,1,6,2097152,34324.69
inter_pkg_1link_02,0,2,inter_pkg_1link,1,6,4194304,35391.58
inter_pkg_1link_13,1,3,inter_pkg_1link,1,2,1,2.90
inter_pkg_1link_13,1,3,inter_pkg_1link,1,2,2,5.89
inter_pkg_1link_13,1,3,inter_pkg_1link,1,2,4,12.55
inter_pkg_1link_13,1,3,inter_pkg_1link,1,2,8,25.63
inter_pkg_1link_13,1,3,inter_pkg_1link,1,2,16,50.62
inter_pkg_1link_13,1,3,inter_pkg_1link,1,2,32,102.57
inter_pkg_1link_13,1,3,inter_pkg_1link,1,2,64,200.54
inter_pkg_1link_13,1,3,inter_pkg_1link,1,2,128,399.96
inter_pkg_1link_13,1,3,inter_pkg_1link,1,2,256,48.67
inter_pkg_1link_13,1,3,inter_pkg_1link,1,2,512,95.38
inter_pkg_1link_13,1,3,inter_pkg_1link,1,2,1024,189.70
inter_pkg_1link_13,1,3,inter_pkg_1link,1,2,2048,375.28
inter_pkg_1link_13,1,3,inter_pkg_1link,1,2,4096,730.74
inter_pkg_1link_13,1,3,inter_pkg_1link,1,2,8192,1412.57
inter_pkg_1link_13,1,3,inter_pkg_1link,1,2,16384,2712.01
inter_pkg_1link_13,1,3,inter_pkg_1link,1,2,32768,5069.38
inter_pkg_1link_13,1,3,inter_pkg_1link,1,2,65536,9067.52
inter_pkg_1link_13,1,3,inter_pkg_1link,1,2,131072,14683.80
inter_pkg_1link_13,1,3,inter_pkg_1link,1,2,262144,21084.98
inter_pkg_1link_13,1,3,inter_pkg_1link,1,2,524288,27167.50
inter_pkg_1link_13,1,3,inter_pkg_1link,1,2,1048576,31683.90
inter_pkg_1link_13,1,3,inter_pkg_1link,1,2,2097152,34419.46
inter_pkg_1link_13,1,3,inter_pkg_1link,1,2,4194304,35491.04
inter_pkg_1link_13,1,3,inter_pkg_1link,1,3,1,3.02
inter_pkg_1link_13,1,3,inter_pkg_1link,1,3,2,6.06
inter_pkg_1link_13,1,3,inter_pkg_1link,1,3,4,12.96
inter_pkg_1link_13,1,3,inter_pkg_1link,1,3,8,26.49
inter_pkg_1link_13,1,3,inter_pkg_1link,1,3,16,53.39
inter_pkg_1link_13,1,3,inter_pkg_1link,1,3,32,106.70
inter_pkg_1link_13,1,3,inter_pkg_1link,1,3,64,210.97
inter_pkg_1link_13,1,3,inter_pkg_1link,1,3,128,416.50
inter_pkg_1link_13,1,3,inter_pkg_1link,1,3,256,48.56
inter_pkg_1link_13,1,3,inter_pkg_1link,1,3,512,96.40
inter_pkg_1link_13,1,3,inter_pkg_1link,1,3,1024,190.21
inter_pkg_1link_13,1,3,inter_pkg_1link,1,3,2048,374.89
inter_pkg_1link_13,1,3,inter_pkg_1link,1,3,4096,731.88
inter_pkg_1link_13,1,3,inter_pkg_1link,1,3,8192,1420.02
inter_pkg_1link_13,1,3,inter_pkg_1link,1,3,16384,2717.62
inter_pkg_1link_13,1,3,inter_pkg_1link,1,3,32768,5064.87
inter_pkg_1link_13,1,3,inter_pkg_1link,1,3,65536,9071.10
inter_pkg_1link_13,1,3,inter_pkg_1link,1,3,131072,14717.26
inter_pkg_1link_13,1,3,inter_pkg_1link,1,3,262144,21058.34
inter_pkg_1link_13,1,3,inter_pkg_1link,1,3,524288,27170.73
inter_pkg_1link_13,1,3,inter_pkg_1link,1,3,1048576,31682.49
inter_pkg_1link_13,1,3,inter_pkg_1link,1,3,2097152,34343.29
inter_pkg_1link_13,1,3,inter_pkg_1link,1,3,4194304,35403.97
inter_pkg_1link_13,1,3,inter_pkg_1link,1,4,1,3.00
inter_pkg_1link_13,1,3,inter_pkg_1link,1,4,2,6.07
inter_pkg_1link_13,1,3,inter_pkg_1link,1,4,4,12.91
inter_pkg_1link_13,1,3,inter_pkg_1link,1,4,8,26.48
inter_pkg_1link_13,1,3,inter_pkg_1link,1,4,16,53.07
inter_pkg_1link_13,1,3,inter_pkg_1link,1,4,32,106.16
inter_pkg_1link_13,1,3,inter_pkg_1link,1,4,64,207.16
inter_pkg_1link_13,1,3,inter_pkg_1link,1,4,128,410.61
inter_pkg_1link_13,1,3,inter_pkg_1link,1,4,256,47.59
inter_pkg_1link_13,1,3,inter_pkg_1link,1,4,512,95.03
inter_pkg_1link_13,1,3,inter_pkg_1link,1,4,1024,189.55
inter_pkg_1link_13,1,3,inter_pkg_1link,1,4,2048,376.09
inter_pkg_1link_13,1,3,inter_pkg_1link,1,4,4096,731.29
inter_pkg_1link_13,1,3,inter_pkg_1link,1,4,8192,1415.22
inter_pkg_1link_13,1,3,inter_pkg_1link,1,4,16384,2723.38
inter_pkg_1link_13,1,3,inter_pkg_1link,1,4,32768,5070.11
inter_pkg_1link_13,1,3,inter_pkg_1link,1,4,65536,9089.10
inter_pkg_1link_13,1,3,inter_pkg_1link,1,4,131072,14713.07
inter_pkg_1link_13,1,3,inter_pkg_1link,1,4,262144,21045.59
inter_pkg_1link_13,1,3,inter_pkg_1link,1,4,524288,27164.56
inter_pkg_1link_13,1,3,inter_pkg_1link,1,4,1048576,31686.51
inter_pkg_1link_13,1,3,inter_pkg_1link,1,4,2097152,34358.74
inter_pkg_1link_13,1,3,inter_pkg_1link,1,4,4194304,35394.49
inter_pkg_1link_13,1,3,inter_pkg_1link,1,5,1,3.05
inter_pkg_1link_13,1,3,inter_pkg_1link,1,5,2,5.93
inter_pkg_1link_13,1,3,inter_pkg_1link,1,5,4,13.01
inter_pkg_1link_13,1,3,inter_pkg_1link,1,5,8,26.77
inter_pkg_1link_13,1,3,inter_pkg_1link,1,5,16,53.17
inter_pkg_1link_13,1,3,inter_pkg_1link,1,5,32,107.21
inter_pkg_1link_13,1,3,inter_pkg_1link,1,5,64,211.88
inter_pkg_1link_13,1,3,inter_pkg_1link,1,5,128,418.81
inter_pkg_1link_13,1,3,inter_pkg_1link,1,5,256,49.17
inter_pkg_1link_13,1,3,inter_pkg_1link,1,5,512,96.25
inter_pkg_1link_13,1,3,inter_pkg_1link,1,5,1024,189.00
inter_pkg_1link_13,1,3,inter_pkg_1link,1,5,2048,372.86
inter_pkg_1link_13,1,3,inter_pkg_1link,1,5,4096,724.10
inter_pkg_1link_13,1,3,inter_pkg_1link,1,5,8192,1408.85
inter_pkg_1link_13,1,3,inter_pkg_1link,1,5,16384,2711.37
inter_pkg_1link_13,1,3,inter_pkg_1link,1,5,32768,5068.70
inter_pkg_1link_13,1,3,inter_pkg_1link,1,5,65536,9072.48
inter_pkg_1link_13,1,3,inter_pkg_1link,1,5,131072,14695.56
inter_pkg_1link_13,1,3,inter_pkg_1link,1,5,262144,21085.13
inter_pkg_1link_13,1,3,inter_pkg_1link,1,5,524288,27166.79
inter_pkg_1link_13,1,3,inter_pkg_1link,1,5,1048576,31682.21
inter_pkg_1link_13,1,3,inter_pkg_1link,1,5,2097152,34357.59
inter_pkg_1link_13,1,3,inter_pkg_1link,1,5,4194304,35400.12
inter_pkg_1link_13,1,3,inter_pkg_1link,1,6,1,2.99
inter_pkg_1link_13,1,3,inter_pkg_1link,1,6,2,5.96
inter_pkg_1link_13,1,3,inter_pkg_1link,1,6,4,12.74
inter_pkg_1link_13,1,3,inter_pkg_1link,1,6,8,26.17
inter_pkg_1link_13,1,3,inter_pkg_1link,1,6,16,52.28
inter_pkg_1link_13,1,3,inter_pkg_1link,1,6,32,101.27
inter_pkg_1link_13,1,3,inter_pkg_1link,1,6,64,208.29
inter_pkg_1link_13,1,3,inter_pkg_1link,1,6,128,413.77
inter_pkg_1link_13,1,3,inter_pkg_1link,1,6,256,49.07
inter_pkg_1link_13,1,3,inter_pkg_1link,1,6,512,96.65
inter_pkg_1link_13,1,3,inter_pkg_1link,1,6,1024,192.64
inter_pkg_1link_13,1,3,inter_pkg_1link,1,6,2048,395.37
inter_pkg_1link_13,1,3,inter_pkg_1link,1,6,4096,754.94
inter_pkg_1link_13,1,3,inter_pkg_1link,1,6,8192,1474.44
inter_pkg_1link_13,1,3,inter_pkg_1link,1,6,16384,2810.90
inter_pkg_1link_13,1,3,inter_pkg_1link,1,6,32768,5235.63
inter_pkg_1link_13,1,3,inter_pkg_1link,1,6,65536,9410.72
inter_pkg_1link_13,1,3,inter_pkg_1link,1,6,131072,15112.68
inter_pkg_1link_13,1,3,inter_pkg_1link,1,6,262144,21527.06
inter_pkg_1link_13,1,3,inter_pkg_1link,1,6,524288,27584.62
inter_pkg_1link_13,1,3,inter_pkg_1link,1,6,1048576,31954.29
inter_pkg_1link_13,1,3,inter_pkg_1link,1,6,2097152,34497.42
inter_pkg_1link_13,1,3,inter_pkg_1link,1,6,4194304,35502.94
inter_pkg_1link_15,1,5,inter_pkg_1link,1,2,1,2.95
inter_pkg_1link_15,1,5,inter_pkg_1link,1,2,2,5.93
inter_pkg_1link_15,1,5,inter_pkg_1link,1,2,4,12.19
inter_pkg_1link_15,1,5,inter_pkg_1link,1,2,8,25.83
inter_pkg_1link_15,1,5,inter_pkg_1link,1,2,16,50.73
inter_pkg_1link_15,1,5,inter_pkg_1link,1,2,32,97.64
inter_pkg_1link_15,1,5,inter_pkg_1link,1,2,64,189.22
inter_pkg_1link_15,1,5,inter_pkg_1link,1,2,128,371.30
inter_pkg_1link_15,1,5,inter_pkg_1link,1,2,256,48.45
inter_pkg_1link_15,1,5,inter_pkg_1link,1,2,512,95.96
inter_pkg_1link_15,1,5,inter_pkg_1link,1,2,1024,189.20
inter_pkg_1link_15,1,5,inter_pkg_1link,1,2,2048,369.91
inter_pkg_1link_15,1,5,inter_pkg_1link,1,2,4096,719.90
inter_pkg_1link_15,1,5,inter_pkg_1link,1,2,8192,1409.32
inter_pkg_1link_15,1,5,inter_pkg_1link,1,2,16384,2693.98
inter_pkg_1link_15,1,5,inter_pkg_1link,1,2,32768,5048.07
inter_pkg_1link_15,1,5,inter_pkg_1link,1,2,65536,9071.36
inter_pkg_1link_15,1,5,inter_pkg_1link,1,2,131072,14687.13
inter_pkg_1link_15,1,5,inter_pkg_1link,1,2,262144,21035.80
inter_pkg_1link_15,1,5,inter_pkg_1link,1,2,524288,27125.65
inter_pkg_1link_15,1,5,inter_pkg_1link,1,2,1048576,31680.94
inter_pkg_1link_15,1,5,inter_pkg_1link,1,2,2097152,34321.56
inter_pkg_1link_15,1,5,inter_pkg_1link,1,2,4194304,35384.05
inter_pkg_1link_15,1,5,inter_pkg_1link,1,3,1,3.01
inter_pkg_1link_15,1,5,inter_pkg_1link,1,3,2,6.03
inter_pkg_1link_15,1,5,inter_pkg_1link,1,3,4,12.56
inter_pkg_1link_15,1,5,inter_pkg_1link,1,3,8,26.14
inter_pkg_1link_15,1,5,inter_pkg_1link,1,3,16,50.94
inter_pkg_1link_15,1,5,inter_pkg_1link,1,3,32,105.12
inter_pkg_1link_15,1,5,inter_pkg_1link,1,3,64,205.78
inter_pkg_1link_15,1,5,inter_pkg_1link,1,3,128,412.81
inter_pkg_1link_15,1,5,inter_pkg_1link,1,3,256,48.46
inter_pkg_1link_15,1,5,inter_pkg_1link,1,3,512,96.03
inter_pkg_1link_15,1,5,inter_pkg_1link,1,3,1024,189.05
inter_pkg_1link_15,1,5,inter_pkg_1link,1,3,2048,369.84
inter_pkg_1link_15,1,5,inter_pkg_1link,1,3,4096,719.90
inter_pkg_1link_15,1,5,inter_pkg_1link,1,3,8192,1406.16
inter_pkg_1link_15,1,5,inter_pkg_1link,1,3,16384,2701.54
inter_pkg_1link_15,1,5,inter_pkg_1link,1,3,32768,5056.45
inter_pkg_1link_15,1,5,inter_pkg_1link,1,3,65536,9024.76
inter_pkg_1link_15,1,5,inter_pkg_1link,1,3,131072,14670.14
inter_pkg_1link_15,1,5,inter_pkg_1link,1,3,262144,21037.05
inter_pkg_1link_15,1,5,inter_pkg_1link,1,3,524288,27131.47
inter_pkg_1link_15,1,5,inter_pkg_1link,1,3,1048576,31657.81
inter_pkg_1link_15,1,5,inter_pkg_1link,1,3,2097152,34336.78
inter_pkg_1link_15,1,5,inter_pkg_1link,1,3,4194304,35394.22
inter_pkg_1link_15,1,5,inter_pkg_1link,1,4,1,3.06
inter_pkg_1link_15,1,5,inter_pkg_1link,1,4,2,6.11
inter_pkg_1link_15,1,5,inter_pkg_1link,1,4,4,13.05
inter_pkg_1link_15,1,5,inter_pkg_1link,1,4,8,26.73
inter_pkg_1link_15,1,5,inter_pkg_1link,1,4,16,53.63
inter_pkg_1link_15,1,5,inter_pkg_1link,1,4,32,106.89
inter_pkg_1link_15,1,5,inter_pkg_1link,1,4,64,213.15
inter_pkg_1link_15,1,5,inter_pkg_1link,1,4,128,419.39
inter_pkg_1link_15,1,5,inter_pkg_1link,1,4,256,48.42
inter_pkg_1link_15,1,5,inter_pkg_1link,1,4,512,96.50
inter_pkg_1link_15,1,5,inter_pkg_1link,1,4,1024,189.33
inter_pkg_1link_15,1,5,inter_pkg_1link,1,4,2048,374.21
inter_pkg_1link_15,1,5,inter_pkg_1link,1,4,4096,731.89
inter_pkg_1link_15,1,5,inter_pkg_1link,1,4,8192,1412.64
inter_pkg_1link_15,1,5,inter_pkg_1link,1,4,16384,2709.36
inter_pkg_1link_15,1,5,inter_pkg_1link,1,4,32768,5035.40
inter_pkg_1link_15,1,5,inter_pkg_1link,1,4,65536,9036.60
inter_pkg_1link_15,1,5,inter_pkg_1link,1,4,131072,14683.88
inter_pkg_1link_15,1,5,inter_pkg_1link,1,4,262144,21029.76
inter_pkg_1link_15,1,5,inter_pkg_1link,1,4,524288,27141.05
inter_pkg_1link_15,1,5,inter_pkg_1link,1,4,1048576,31751.48
inter_pkg_1link_15,1,5,inter_pkg_1link,1,4,2097152,34340.24
inter_pkg_1link_15,1,5,inter_pkg_1link,1,4,4194304,35435.79
inter_pkg_1link_15,1,5,inter_pkg_1link,1,5,1,3.05
inter_pkg_1link_15,1,5,inter_pkg_1link,1,5,2,6.06
inter_pkg_1link_15,1,5,inter_pkg_1link,1,5,4,13.00
inter_pkg_1link_15,1,5,inter_pkg_1link,1,5,8,26.57
inter_pkg_1link_15,1,5,inter_pkg_1link,1,5,16,53.40
inter_pkg_1link_15,1,5,inter_pkg_1link,1,5,32,106.37
inter_pkg_1link_15,1,5,inter_pkg_1link,1,5,64,212.43
inter_pkg_1link_15,1,5,inter_pkg_1link,1,5,128,378.62
inter_pkg_1link_15,1,5,inter_pkg_1link,1,5,256,48.54
inter_pkg_1link_15,1,5,inter_pkg_1link,1,5,512,94.83
inter_pkg_1link_15,1,5,inter_pkg_1link,1,5,1024,189.34
inter_pkg_1link_15,1,5,inter_pkg_1link,1,5,2048,374.80
inter_pkg_1link_15,1,5,inter_pkg_1link,1,5,4096,727.95
inter_pkg_1link_15,1,5,inter_pkg_1link,1,5,8192,1411.40
inter_pkg_1link_15,1,5,inter_pkg_1link,1,5,16384,2704.61
inter_pkg_1link_15,1,5,inter_pkg_1link,1,5,32768,5039.26
inter_pkg_1link_15,1,5,inter_pkg_1link,1,5,65536,9043.67
inter_pkg_1link_15,1,5,inter_pkg_1link,1,5,131072,14676.63
inter_pkg_1link_15,1,5,inter_pkg_1link,1,5,262144,21040.89
inter_pkg_1link_15,1,5,inter_pkg_1link,1,5,524288,27141.33
inter_pkg_1link_15,1,5,inter_pkg_1link,1,5,1048576,31752.65
inter_pkg_1link_15,1,5,inter_pkg_1link,1,5,2097152,34348.53
inter_pkg_1link_15,1,5,inter_pkg_1link,1,5,4194304,35392.56
inter_pkg_1link_15,1,5,inter_pkg_1link,1,6,1,3.02
inter_pkg_1link_15,1,5,inter_pkg_1link,1,6,2,6.05
inter_pkg_1link_15,1,5,inter_pkg_1link,1,6,4,11.65
inter_pkg_1link_15,1,5,inter_pkg_1link,1,6,8,26.03
inter_pkg_1link_15,1,5,inter_pkg_1link,1,6,16,52.34
inter_pkg_1link_15,1,5,inter_pkg_1link,1,6,32,104.11
inter_pkg_1link_15,1,5,inter_pkg_1link,1,6,64,192.71
inter_pkg_1link_15,1,5,inter_pkg_1link,1,6,128,406.29
inter_pkg_1link_15,1,5,inter_pkg_1link,1,6,256,49.56
inter_pkg_1link_15,1,5,inter_pkg_1link,1,6,512,95.01
inter_pkg_1link_15,1,5,inter_pkg_1link,1,6,1024,189.50
inter_pkg_1link_15,1,5,inter_pkg_1link,1,6,2048,375.95
inter_pkg_1link_15,1,5,inter_pkg_1link,1,6,4096,726.60
inter_pkg_1link_15,1,5,inter_pkg_1link,1,6,8192,1409.14
inter_pkg_1link_15,1,5,inter_pkg_1link,1,6,16384,2703.50
inter_pkg_1link_15,1,5,inter_pkg_1link,1,6,32768,5040.72
inter_pkg_1link_15,1,5,inter_pkg_1link,1,6,65536,9027.10
inter_pkg_1link_15,1,5,inter_pkg_1link,1,6,131072,14702.87
inter_pkg_1link_15,1,5,inter_pkg_1link,1,6,262144,21050.88
inter_pkg_1link_15,1,5,inter_pkg_1link,1,6,524288,27156.06
inter_pkg_1link_15,1,5,inter_pkg_1link,1,6,1048576,31693.36
inter_pkg_1link_15,1,5,inter_pkg_1link,1,6,2097152,34335.08
inter_pkg_1link_15,1,5,inter_pkg_1link,1,6,4194304,35402.44
inter_pkg_1link_37,3,7,inter_pkg_1link,1,2,1,3.03
inter_pkg_1link_37,3,7,inter_pkg_1link,1,2,2,6.14
inter_pkg_1link_37,3,7,inter_pkg_1link,1,2,4,13.03
inter_pkg_1link_37,3,7,inter_pkg_1link,1,2,8,26.41
inter_pkg_1link_37,3,7,inter_pkg_1link,1,2,16,48.82
inter_pkg_1link_37,3,7,inter_pkg_1link,1,2,32,107.01
inter_pkg_1link_37,3,7,inter_pkg_1link,1,2,64,212.29
inter_pkg_1link_37,3,7,inter_pkg_1link,1,2,128,393.39
inter_pkg_1link_37,3,7,inter_pkg_1link,1,2,256,50.05
inter_pkg_1link_37,3,7,inter_pkg_1link,1,2,512,98.38
inter_pkg_1link_37,3,7,inter_pkg_1link,1,2,1024,194.78
inter_pkg_1link_37,3,7,inter_pkg_1link,1,2,2048,382.86
inter_pkg_1link_37,3,7,inter_pkg_1link,1,2,4096,749.75
inter_pkg_1link_37,3,7,inter_pkg_1link,1,2,8192,1454.29
inter_pkg_1link_37,3,7,inter_pkg_1link,1,2,16384,2781.89
inter_pkg_1link_37,3,7,inter_pkg_1link,1,2,32768,5186.20
inter_pkg_1link_37,3,7,inter_pkg_1link,1,2,65536,9361.14
inter_pkg_1link_37,3,7,inter_pkg_1link,1,2,131072,14912.28
inter_pkg_1link_37,3,7,inter_pkg_1link,1,2,262144,21340.39
inter_pkg_1link_37,3,7,inter_pkg_1link,1,2,524288,27390.09
inter_pkg_1link_37,3,7,inter_pkg_1link,1,2,1048576,31836.06
inter_pkg_1link_37,3,7,inter_pkg_1link,1,2,2097152,34434.46
inter_pkg_1link_37,3,7,inter_pkg_1link,1,2,4194304,35447.42
inter_pkg_1link_37,3,7,inter_pkg_1link,1,3,1,3.00
inter_pkg_1link_37,3,7,inter_pkg_1link,1,3,2,6.02
inter_pkg_1link_37,3,7,inter_pkg_1link,1,3,4,12.76
inter_pkg_1link_37,3,7,inter_pkg_1link,1,3,8,26.26
inter_pkg_1link_37,3,7,inter_pkg_1link,1,3,16,52.51
inter_pkg_1link_37,3,7,inter_pkg_1link,1,3,32,105.22
inter_pkg_1link_37,3,7,inter_pkg_1link,1,3,64,208.56
inter_pkg_1link_37,3,7,inter_pkg_1link,1,3,128,411.00
inter_pkg_1link_37,3,7,inter_pkg_1link,1,3,256,50.39
inter_pkg_1link_37,3,7,inter_pkg_1link,1,3,512,99.17
inter_pkg_1link_37,3,7,inter_pkg_1link,1,3,1024,193.80
inter_pkg_1link_37,3,7,inter_pkg_1link,1,3,2048,383.09
inter_pkg_1link_37,3,7,inter_pkg_1link,1,3,4096,750.29
inter_pkg_1link_37,3,7,inter_pkg_1link,1,3,8192,1450.07
inter_pkg_1link_37,3,7,inter_pkg_1link,1,3,16384,2786.26
inter_pkg_1link_37,3,7,inter_pkg_1link,1,3,32768,5159.94
inter_pkg_1link_37,3,7,inter_pkg_1link,1,3,65536,9352.98
inter_pkg_1link_37,3,7,inter_pkg_1link,1,3,131072,14940.89
inter_pkg_1link_37,3,7,inter_pkg_1link,1,3,262144,21354.98
inter_pkg_1link_37,3,7,inter_pkg_1link,1,3,524288,27399.20
inter_pkg_1link_37,3,7,inter_pkg_1link,1,3,1048576,31846.53
inter_pkg_1link_37,3,7,inter_pkg_1link,1,3,2097152,34432.60
inter_pkg_1link_37,3,7,inter_pkg_1link,1,3,4194304,35443.58
inter_pkg_1link_37,3,7,inter_pkg_1link,1,4,1,3.03
inter_pkg_1link_37,3,7,inter_pkg_1link,1,4,2,5.93
inter_pkg_1link_37,3,7,inter_pkg_1link,1,4,4,12.91
inter_pkg_1link_37,3,7,inter_pkg_1link,1,4,8,25.93
inter_pkg_1link_37,3,7,inter_pkg_1link,1,4,16,53.09
inter_pkg_1link_37,3,7,inter_pkg_1link,1,4,32,105.59
inter_pkg_1link_37,3,7,inter_pkg_1link,1,4,64,210.06
inter_pkg_1link_37,3,7,inter_pkg_1link,1,4,128,400.52
inter_pkg_1link_37,3,7,inter_pkg_1link,1,4,256,49.95
inter_pkg_1link_37,3,7,inter_pkg_1link,1,4,512,99.21
inter_pkg_1link_37,3,7,inter_pkg_1link,1,4,1024,195.46
inter_pkg_1link_37,3,7,inter_pkg_1link,1,4,2048,381.09
inter_pkg_1link_37,3,7,inter_pkg_1link,1,4,4096,747.23
inter_pkg_1link_37,3,7,inter_pkg_1link,1,4,8192,1442.63
inter_pkg_1link_37,3,7,inter_pkg_1link,1,4,16384,2774.77
inter_pkg_1link_37,3,7,inter_pkg_1link,1,4,32768,5175.57
inter_pkg_1link_37,3,7,inter_pkg_1link,1,4,65536,9366.95
inter_pkg_1link_37,3,7,inter_pkg_1link,1,4,131072,14998.80
inter_pkg_1link_37,3,7,inter_pkg_1link,1,4,262144,21367.87
inter_pkg_1link_37,3,7,inter_pkg_1link,1,4,524288,27359.49
inter_pkg_1link_37,3,7,inter_pkg_1link,1,4,1048576,31921.73
inter_pkg_1link_37,3,7,inter_pkg_1link,1,4,2097152,34470.42
inter_pkg_1link_37,3,7,inter_pkg_1link,1,4,4194304,35467.15
inter_pkg_1link_37,3,7,inter_pkg_1link,1,5,1,3.01
inter_pkg_1link_37,3,7,inter_pkg_1link,1,5,2,5.89
inter_pkg_1link_37,3,7,inter_pkg_1link,1,5,4,12.94
inter_pkg_1link_37,3,7,inter_pkg_1link,1,5,8,26.57
inter_pkg_1link_37,3,7,inter_pkg_1link,1,5,16,53.26
inter_pkg_1link_37,3,7,inter_pkg_1link,1,5,32,106.64
inter_pkg_1link_37,3,7,inter_pkg_1link,1,5,64,211.49
inter_pkg_1link_37,3,7,inter_pkg_1link,1,5,128,417.98
inter_pkg_1link_37,3,7,inter_pkg_1link,1,5,256,50.34
inter_pkg_1link_37,3,7,inter_pkg_1link,1,5,512,98.57
inter_pkg_1link_37,3,7,inter_pkg_1link,1,5,1024,194.39
inter_pkg_1link_37,3,7,inter_pkg_1link,1,5,2048,381.76
inter_pkg_1link_37,3,7,inter_pkg_1link,1,5,4096,749.56
inter_pkg_1link_37,3,7,inter_pkg_1link,1,5,8192,1446.78
inter_pkg_1link_37,3,7,inter_pkg_1link,1,5,16384,2774.44
inter_pkg_1link_37,3,7,inter_pkg_1link,1,5,32768,5170.93
inter_pkg_1link_37,3,7,inter_pkg_1link,1,5,65536,9335.15
inter_pkg_1link_37,3,7,inter_pkg_1link,1,5,131072,14936.48
inter_pkg_1link_37,3,7,inter_pkg_1link,1,5,262144,21346.12
inter_pkg_1link_37,3,7,inter_pkg_1link,1,5,524288,27385.58
inter_pkg_1link_37,3,7,inter_pkg_1link,1,5,1048576,31824.82
inter_pkg_1link_37,3,7,inter_pkg_1link,1,5,2097152,34429.85
inter_pkg_1link_37,3,7,inter_pkg_1link,1,5,4194304,35452.66
inter_pkg_1link_37,3,7,inter_pkg_1link,1,6,1,2.96
inter_pkg_1link_37,3,7,inter_pkg_1link,1,6,2,5.85
inter_pkg_1link_37,3,7,inter_pkg_1link,1,6,4,12.63
inter_pkg_1link_37,3,7,inter_pkg_1link,1,6,8,25.89
inter_pkg_1link_37,3,7,inter_pkg_1link,1,6,16,51.96
inter_pkg_1link_37,3,7,inter_pkg_1link,1,6,32,99.69
inter_pkg_1link_37,3,7,inter_pkg_1link,1,6,64,199.40
inter_pkg_1link_37,3,7,inter_pkg_1link,1,6,128,406.42
inter_pkg_1link_37,3,7,inter_pkg_1link,1,6,256,50.18
inter_pkg_1link_37,3,7,inter_pkg_1link,1,6,512,99.61
inter_pkg_1link_37,3,7,inter_pkg_1link,1,6,1024,194.40
inter_pkg_1link_37,3,7,inter_pkg_1link,1,6,2048,381.17
inter_pkg_1link_37,3,7,inter_pkg_1link,1,6,4096,749.95
inter_pkg_1link_37,3,7,inter_pkg_1link,1,6,8192,1449.32
inter_pkg_1link_37,3,7,inter_pkg_1link,1,6,16384,2780.95
inter_pkg_1link_37,3,7,inter_pkg_1link,1,6,32768,5184.32
inter_pkg_1link_37,3,7,inter_pkg_1link,1,6,65536,9356.35
inter_pkg_1link_37,3,7,inter_pkg_1link,1,6,131072,14917.53
inter_pkg_1link_37,3,7,inter_pkg_1link,1,6,262144,21352.42
inter_pkg_1link_37,3,7,inter_pkg_1link,1,6,524288,27394.57
inter_pkg_1link_37,3,7,inter_pkg_1link,1,6,1048576,31843.01
inter_pkg_1link_37,3,7,inter_pkg_1link,1,6,2097152,34427.35
inter_pkg_1link_37,3,7,inter_pkg_1link,1,6,4194304,35459.53
inter_pkg_1link_46,4,6,inter_pkg_1link,1,2,1,2.93
inter_pkg_1link_46,4,6,inter_pkg_1link,1,2,2,5.87
inter_pkg_1link_46,4,6,inter_pkg_1link,1,2,4,12.44
inter_pkg_1link_46,4,6,inter_pkg_1link,1,2,8,25.60
inter_pkg_1link_46,4,6,inter_pkg_1link,1,2,16,51.18
inter_pkg_1link_46,4,6,inter_pkg_1link,1,2,32,102.55
inter_pkg_1link_46,4,6,inter_pkg_1link,1,2,64,185.10
inter_pkg_1link_46,4,6,inter_pkg_1link,1,2,128,390.42
inter_pkg_1link_46,4,6,inter_pkg_1link,1,2,256,50.52
inter_pkg_1link_46,4,6,inter_pkg_1link,1,2,512,99.32
inter_pkg_1link_46,4,6,inter_pkg_1link,1,2,1024,195.58
inter_pkg_1link_46,4,6,inter_pkg_1link,1,2,2048,381.80
inter_pkg_1link_46,4,6,inter_pkg_1link,1,2,4096,747.20
inter_pkg_1link_46,4,6,inter_pkg_1link,1,2,8192,1448.17
inter_pkg_1link_46,4,6,inter_pkg_1link,1,2,16384,2770.53
inter_pkg_1link_46,4,6,inter_pkg_1link,1,2,32768,5225.34
inter_pkg_1link_46,4,6,inter_pkg_1link,1,2,65536,9369.05
inter_pkg_1link_46,4,6,inter_pkg_1link,1,2,131072,15085.10
inter_pkg_1link_46,4,6,inter_pkg_1link,1,2,262144,21351.86
inter_pkg_1link_46,4,6,inter_pkg_1link,1,2,524288,27485.80
inter_pkg_1link_46,4,6,inter_pkg_1link,1,2,1048576,31896.05
inter_pkg_1link_46,4,6,inter_pkg_1link,1,2,2097152,34264.96
inter_pkg_1link_46,4,6,inter_pkg_1link,1,2,4194304,35444.27
inter_pkg_1link_46,4,6,inter_pkg_1link,1,3,1,2.93
inter_pkg_1link_46,4,6,inter_pkg_1link,1,3,2,5.87
inter_pkg_1link_46,4,6,inter_pkg_1link,1,3,4,12.64
inter_pkg_1link_46,4,6,inter_pkg_1link,1,3,8,25.13
inter_pkg_1link_46,4,6,inter_pkg_1link,1,3,16,52.12
inter_pkg_1link_46,4,6,inter_pkg_1link,1,3,32,104.47
inter_pkg_1link_46,4,6,inter_pkg_1link,1,3,64,206.42
inter_pkg_1link_46,4,6,inter_pkg_1link,1,3,128,410.55
inter_pkg_1link_46,4,6,inter_pkg_1link,1,3,256,50.22
inter_pkg_1link_46,4,6,inter_pkg_1link,1,3,512,98.65
inter_pkg_1link_46,4,6,inter_pkg_1link,1,3,1024,195.37
inter_pkg_1link_46,4,6,inter_pkg_1link,1,3,2048,381.11
inter_pkg_1link_46,4,6,inter_pkg_1link,1,3,4096,749.07
inter_pkg_1link_46,4,6,inter_pkg_1link,1,3,8192,1450.38
inter_pkg_1link_46,4,6,inter_pkg_1link,1,3,16384,2771.11
inter_pkg_1link_46,4,6,inter_pkg_1link,1,3,32768,5206.91
inter_pkg_1link_46,4,6,inter_pkg_1link,1,3,65536,9350.15
inter_pkg_1link_46,4,6,inter_pkg_1link,1,3,131072,15042.19
inter_pkg_1link_46,4,6,inter_pkg_1link,1,3,262144,21273.71
inter_pkg_1link_46,4,6,inter_pkg_1link,1,3,524288,27455.22
inter_pkg_1link_46,4,6,inter_pkg_1link,1,3,1048576,31869.84
inter_pkg_1link_46,4,6,inter_pkg_1link,1,3,2097152,34433.09
inter_pkg_1link_46,4,6,inter_pkg_1link,1,3,4194304,35462.72
inter_pkg_1link_46,4,6,inter_pkg_1link,1,4,1,2.95
inter_pkg_1link_46,4,6,inter_pkg_1link,1,4,2,5.88
inter_pkg_1link_46,4,6,inter_pkg_1link,1,4,4,12.52
inter_pkg_1link_46,4,6,inter_pkg_1link,1,4,8,25.61
inter_pkg_1link_46,4,6,inter_pkg_1link,1,4,16,51.10
inter_pkg_1link_46,4,6,inter_pkg_1link,1,4,32,100.08
inter_pkg_1link_46,4,6,inter_pkg_1link,1,4,64,201.49
inter_pkg_1link_46,4,6,inter_pkg_1link,1,4,128,388.57
inter_pkg_1link_46,4,6,inter_pkg_1link,1,4,256,50.49
inter_pkg_1link_46,4,6,inter_pkg_1link,1,4,512,99.14
inter_pkg_1link_46,4,6,inter_pkg_1link,1,4,1024,194.22
inter_pkg_1link_46,4,6,inter_pkg_1link,1,4,2048,381.44
inter_pkg_1link_46,4,6,inter_pkg_1link,1,4,4096,746.04
inter_pkg_1link_46,4,6,inter_pkg_1link,1,4,8192,1447.05
inter_pkg_1link_46,4,6,inter_pkg_1link,1,4,16384,2771.70
inter_pkg_1link_46,4,6,inter_pkg_1link,1,4,32768,5208.96
inter_pkg_1link_46,4,6,inter_pkg_1link,1,4,65536,9349.58
inter_pkg_1link_46,4,6,inter_pkg_1link,1,4,131072,15037.76
inter_pkg_1link_46,4,6,inter_pkg_1link,1,4,262144,21318.36
inter_pkg_1link_46,4,6,inter_pkg_1link,1,4,524288,27467.34
inter_pkg_1link_46,4,6,inter_pkg_1link,1,4,1048576,31864.15
inter_pkg_1link_46,4,6,inter_pkg_1link,1,4,2097152,34441.40
inter_pkg_1link_46,4,6,inter_pkg_1link,1,4,4194304,35445.41
inter_pkg_1link_46,4,6,inter_pkg_1link,1,5,1,2.92
inter_pkg_1link_46,4,6,inter_pkg_1link,1,5,2,5.86
inter_pkg_1link_46,4,6,inter_pkg_1link,1,5,4,11.99
inter_pkg_1link_46,4,6,inter_pkg_1link,1,5,8,25.45
inter_pkg_1link_46,4,6,inter_pkg_1link,1,5,16,51.23
inter_pkg_1link_46,4,6,inter_pkg_1link,1,5,32,101.88
inter_pkg_1link_46,4,6,inter_pkg_1link,1,5,64,203.55
inter_pkg_1link_46,4,6,inter_pkg_1link,1,5,128,398.12
inter_pkg_1link_46,4,6,inter_pkg_1link,1,5,256,50.48
inter_pkg_1link_46,4,6,inter_pkg_1link,1,5,512,99.14
inter_pkg_1link_46,4,6,inter_pkg_1link,1,5,1024,195.03
inter_pkg_1link_46,4,6,inter_pkg_1link,1,5,2048,381.38
inter_pkg_1link_46,4,6,inter_pkg_1link,1,5,4096,748.57
inter_pkg_1link_46,4,6,inter_pkg_1link,1,5,8192,1449.42
inter_pkg_1link_46,4,6,inter_pkg_1link,1,5,16384,2774.58
inter_pkg_1link_46,4,6,inter_pkg_1link,1,5,32768,5155.04
inter_pkg_1link_46,4,6,inter_pkg_1link,1,5,65536,9330.80
inter_pkg_1link_46,4,6,inter_pkg_1link,1,5,131072,15008.02
inter_pkg_1link_46,4,6,inter_pkg_1link,1,5,262144,21384.67
inter_pkg_1link_46,4,6,inter_pkg_1link,1,5,524288,27392.24
inter_pkg_1link_46,4,6,inter_pkg_1link,1,5,1048576,31884.83
inter_pkg_1link_46,4,6,inter_pkg_1link,1,5,2097152,34459.95
inter_pkg_1link_46,4,6,inter_pkg_1link,1,5,4194304,35450.14
inter_pkg_1link_46,4,6,inter_pkg_1link,1,6,1,2.98
inter_pkg_1link_46,4,6,inter_pkg_1link,1,6,2,5.76
inter_pkg_1link_46,4,6,inter_pkg_1link,1,6,4,12.67
inter_pkg_1link_46,4,6,inter_pkg_1link,1,6,8,26.08
inter_pkg_1link_46,4,6,inter_pkg_1link,1,6,16,52.02
inter_pkg_1link_46,4,6,inter_pkg_1link,1,6,32,104.31
inter_pkg_1link_46,4,6,inter_pkg_1link,1,6,64,207.10
inter_pkg_1link_46,4,6,inter_pkg_1link,1,6,128,407.13
inter_pkg_1link_46,4,6,inter_pkg_1link,1,6,256,50.54
inter_pkg_1link_46,4,6,inter_pkg_1link,1,6,512,99.12
inter_pkg_1link_46,4,6,inter_pkg_1link,1,6,1024,195.77
inter_pkg_1link_46,4,6,inter_pkg_1link,1,6,2048,381.37
inter_pkg_1link_46,4,6,inter_pkg_1link,1,6,4096,747.43
inter_pkg_1link_46,4,6,inter_pkg_1link,1,6,8192,1448.21
inter_pkg_1link_46,4,6,inter_pkg_1link,1,6,16384,2778.30
inter_pkg_1link_46,4,6,inter_pkg_1link,1,6,32768,5220.77
inter_pkg_1link_46,4,6,inter_pkg_1link,1,6,65536,9361.72
inter_pkg_1link_46,4,6,inter_pkg_1link,1,6,131072,15060.23
inter_pkg_1link_46,4,6,inter_pkg_1link,1,6,262144,21350.04
inter_pkg_1link_46,4,6,inter_pkg_1link,1,6,524288,27487.53
inter_pkg_1link_46,4,6,inter_pkg_1link,1,6,1048576,31882.91
inter_pkg_1link_46,4,6,inter_pkg_1link,1,6,2097152,34420.51
inter_pkg_1link_46,4,6,inter_pkg_1link,1,6,4194304,35449.11
inter_pkg_1link_57,5,7,inter_pkg_1link,1,2,1,2.94
inter_pkg_1link_57,5,7,inter_pkg_1link,1,2,2,5.80
inter_pkg_1link_57,5,7,inter_pkg_1link,1,2,4,12.58
inter_pkg_1link_57,5,7,inter_pkg_1link,1,2,8,25.07
inter_pkg_1link_57,5,7,inter_pkg_1link,1,2,16,50.83
inter_pkg_1link_57,5,7,inter_pkg_1link,1,2,32,101.23
inter_pkg_1link_57,5,7,inter_pkg_1link,1,2,64,200.52
inter_pkg_1link_57,5,7,inter_pkg_1link,1,2,128,397.21
inter_pkg_1link_57,5,7,inter_pkg_1link,1,2,256,51.01
inter_pkg_1link_57,5,7,inter_pkg_1link,1,2,512,99.90
inter_pkg_1link_57,5,7,inter_pkg_1link,1,2,1024,198.43
inter_pkg_1link_57,5,7,inter_pkg_1link,1,2,2048,384.59
inter_pkg_1link_57,5,7,inter_pkg_1link,1,2,4096,752.64
inter_pkg_1link_57,5,7,inter_pkg_1link,1,2,8192,1460.05
inter_pkg_1link_57,5,7,inter_pkg_1link,1,2,16384,2798.88
inter_pkg_1link_57,5,7,inter_pkg_1link,1,2,32768,5219.85
inter_pkg_1link_57,5,7,inter_pkg_1link,1,2,65536,9388.83
inter_pkg_1link_57,5,7,inter_pkg_1link,1,2,131072,14954.76
inter_pkg_1link_57,5,7,inter_pkg_1link,1,2,262144,21392.07
inter_pkg_1link_57,5,7,inter_pkg_1link,1,2,524288,27423.21
inter_pkg_1link_57,5,7,inter_pkg_1link,1,2,1048576,31867.47
inter_pkg_1link_57,5,7,inter_pkg_1link,1,2,2097152,34439.75
inter_pkg_1link_57,5,7,inter_pkg_1link,1,2,4194304,35454.49
inter_pkg_1link_57,5,7,inter_pkg_1link,1,3,1,2.90
inter_pkg_1link_57,5,7,inter_pkg_1link,1,3,2,5.62
inter_pkg_1link_57,5,7,inter_pkg_1link,1,3,4,12.06
inter_pkg_1link_57,5,7,inter_pkg_1link,1,3,8,25.34
inter_pkg_1link_57,5,7,inter_pkg_1link,1,3,16,49.72
inter_pkg_1link_57,5,7,inter_pkg_1link,1,3,32,99.94
inter_pkg_1link_57,5,7,inter_pkg_1link,1,3,64,184.66
inter_pkg_1link_57,5,7,inter_pkg_1link,1,3,128,389.39
inter_pkg_1link_57,5,7,inter_pkg_1link,1,3,256,50.92
inter_pkg_1link_57,5,7,inter_pkg_1link,1,3,512,101.12
inter_pkg_1link_57,5,7,inter_pkg_1link,1,3,1024,199.61
inter_pkg_1link_57,5,7,inter_pkg_1link,1,3,2048,388.84
inter_pkg_1link_57,5,7,inter_pkg_1link,1,3,4096,755.96
inter_pkg_1link_57,5,7,inter_pkg_1link,1,3,8192,1467.65
inter_pkg_1link_57,5,7,inter_pkg_1link,1,3,16384,2795.41
inter_pkg_1link_57,5,7,inter_pkg_1link,1,3,32768,5214.36
inter_pkg_1link_57,5,7,inter_pkg_1link,1,3,65536,9407.86
inter_pkg_1link_57,5,7,inter_pkg_1link,1,3,131072,14998.84
inter_pkg_1link_57,5,7,inter_pkg_1link,1,3,262144,21417.16
inter_pkg_1link_57,5,7,inter_pkg_1link,1,3,524288,27440.44
inter_pkg_1link_57,5,7,inter_pkg_1link,1,3,1048576,31870.82
inter_pkg_1link_57,5,7,inter_pkg_1link,1,3,2097152,34456.41
inter_pkg_1link_57,5,7,inter_pkg_1link,1,3,4194304,35461.60
inter_pkg_1link_57,5,7,inter_pkg_1link,1,4,1,3.02
inter_pkg_1link_57,5,7,inter_pkg_1link,1,4,2,5.92
inter_pkg_1link_57,5,7,inter_pkg_1link,1,4,4,12.77
inter_pkg_1link_57,5,7,inter_pkg_1link,1,4,8,25.25
inter_pkg_1link_57,5,7,inter_pkg_1link,1,4,16,50.41
inter_pkg_1link_57,5,7,inter_pkg_1link,1,4,32,100.89
inter_pkg_1link_57,5,7,inter_pkg_1link,1,4,64,201.18
inter_pkg_1link_57,5,7,inter_pkg_1link,1,4,128,410.27
inter_pkg_1link_57,5,7,inter_pkg_1link,1,4,256,50.84
inter_pkg_1link_57,5,7,inter_pkg_1link,1,4,512,100.82
inter_pkg_1link_57,5,7,inter_pkg_1link,1,4,1024,198.35
inter_pkg_1link_57,5,7,inter_pkg_1link,1,4,2048,384.95
inter_pkg_1link_57,5,7,inter_pkg_1link,1,4,4096,753.18
inter_pkg_1link_57,5,7,inter_pkg_1link,1,4,8192,1461.87
inter_pkg_1link_57,5,7,inter_pkg_1link,1,4,16384,2801.01
inter_pkg_1link_57,5,7,inter_pkg_1link,1,4,32768,5187.66
inter_pkg_1link_57,5,7,inter_pkg_1link,1,4,65536,9374.90
inter_pkg_1link_57,5,7,inter_pkg_1link,1,4,131072,14961.65
inter_pkg_1link_57,5,7,inter_pkg_1link,1,4,262144,21410.14
inter_pkg_1link_57,5,7,inter_pkg_1link,1,4,524288,27441.77
inter_pkg_1link_57,5,7,inter_pkg_1link,1,4,1048576,31865.51
inter_pkg_1link_57,5,7,inter_pkg_1link,1,4,2097152,34454.73
inter_pkg_1link_57,5,7,inter_pkg_1link,1,4,4194304,35463.45
inter_pkg_1link_57,5,7,inter_pkg_1link,1,5,1,2.92
inter_pkg_1link_57,5,7,inter_pkg_1link,1,5,2,5.81
inter_pkg_1link_57,5,7,inter_pkg_1link,1,5,4,12.19
inter_pkg_1link_57,5,7,inter_pkg_1link,1,5,8,25.14
inter_pkg_1link_57,5,7,inter_pkg_1link,1,5,16,51.18
inter_pkg_1link_57,5,7,inter_pkg_1link,1,5,32,97.84
inter_pkg_1link_57,5,7,inter_pkg_1link,1,5,64,193.91
inter_pkg_1link_57,5,7,inter_pkg_1link,1,5,128,379.89
inter_pkg_1link_57,5,7,inter_pkg_1link,1,5,256,51.14
inter_pkg_1link_57,5,7,inter_pkg_1link,1,5,512,100.35
inter_pkg_1link_57,5,7,inter_pkg_1link,1,5,1024,196.71
inter_pkg_1link_57,5,7,inter_pkg_1link,1,5,2048,384.69
inter_pkg_1link_57,5,7,inter_pkg_1link,1,5,4096,753.31
inter_pkg_1link_57,5,7,inter_pkg_1link,1,5,8192,1459.83
inter_pkg_1link_57,5,7,inter_pkg_1link,1,5,16384,2785.11
inter_pkg_1link_57,5,7,inter_pkg_1link,1,5,32768,5211.45
inter_pkg_1link_57,5,7,inter_pkg_1link,1,5,65536,9356.82
inter_pkg_1link_57,5,7,inter_pkg_1link,1,5,131072,14972.36
inter_pkg_1link_57,5,7,inter_pkg_1link,1,5,262144,21420.25
inter_pkg_1link_57,5,7,inter_pkg_1link,1,5,524288,27443.13
inter_pkg_1link_57,5,7,inter_pkg_1link,1,5,1048576,31879.78
inter_pkg_1link_57,5,7,inter_pkg_1link,1,5,2097152,34457.49
inter_pkg_1link_57,5,7,inter_pkg_1link,1,5,4194304,35460.93
inter_pkg_1link_57,5,7,inter_pkg_1link,1,6,1,2.84
inter_pkg_1link_57,5,7,inter_pkg_1link,1,6,2,5.54
inter_pkg_1link_57,5,7,inter_pkg_1link,1,6,4,11.77
inter_pkg_1link_57,5,7,inter_pkg_1link,1,6,8,24.47
inter_pkg_1link_57,5,7,inter_pkg_1link,1,6,16,49.12
inter_pkg_1link_57,5,7,inter_pkg_1link,1,6,32,97.58
inter_pkg_1link_57,5,7,inter_pkg_1link,1,6,64,197.79
inter_pkg_1link_57,5,7,inter_pkg_1link,1,6,128,379.58
inter_pkg_1link_57,5,7,inter_pkg_1link,1,6,256,50.24
inter_pkg_1link_57,5,7,inter_pkg_1link,1,6,512,100.18
inter_pkg_1link_57,5,7,inter_pkg_1link,1,6,1024,195.27
inter_pkg_1link_57,5,7,inter_pkg_1link,1,6,2048,384.85
inter_pkg_1link_57,5,7,inter_pkg_1link,1,6,4096,753.27
inter_pkg_1link_57,5,7,inter_pkg_1link,1,6,8192,1463.91
inter_pkg_1link_57,5,7,inter_pkg_1link,1,6,16384,2796.79
inter_pkg_1link_57,5,7,inter_pkg_1link,1,6,32768,5211.25
inter_pkg_1link_57,5,7,inter_pkg_1link,1,6,65536,9388.65
inter_pkg_1link_57,5,7,inter_pkg_1link,1,6,131072,14974.75
inter_pkg_1link_57,5,7,inter_pkg_1link,1,6,262144,21401.50
inter_pkg_1link_57,5,7,inter_pkg_1link,1,6,524288,27435.75
inter_pkg_1link_57,5,7,inter_pkg_1link,1,6,1048576,31870.31
inter_pkg_1link_57,5,7,inter_pkg_1link,1,6,2097152,34441.20
inter_pkg_1link_57,5,7,inter_pkg_1link,1,6,4194304,35459.33
routed_07,0,7,routed,0,2,1,2.84
routed_07,0,7,routed,0,2,2,5.66
routed_07,0,7,routed,0,2,4,12.06
routed_07,0,7,routed,0,2,8,24.69
routed_07,0,7,routed,0,2,16,49.07
routed_07,0,7,routed,0,2,32,94.33
routed_07,0,7,routed,0,2,64,195.92
routed_07,0,7,routed,0,2,128,387.72
routed_07,0,7,routed,0,2,256,47.19
routed_07,0,7,routed,0,2,512,94.35
routed_07,0,7,routed,0,2,1024,183.12
routed_07,0,7,routed,0,2,2048,359.75
routed_07,0,7,routed,0,2,4096,704.81
routed_07,0,7,routed,0,2,8192,1375.66
routed_07,0,7,routed,0,2,16384,2674.08
routed_07,0,7,routed,0,2,32768,5065.70
routed_07,0,7,routed,0,2,65536,9402.98
routed_07,0,7,routed,0,2,131072,15939.89
routed_07,0,7,routed,0,2,262144,23837.87
routed_07,0,7,routed,0,2,524288,33023.23
routed_07,0,7,routed,0,2,1048576,39921.48
routed_07,0,7,routed,0,2,2097152,44899.33
routed_07,0,7,routed,0,2,4194304,47703.34
routed_07,0,7,routed,0,3,1,3.03
routed_07,0,7,routed,0,3,2,5.99
routed_07,0,7,routed,0,3,4,11.69
routed_07,0,7,routed,0,3,8,25.15
routed_07,0,7,routed,0,3,16,53.06
routed_07,0,7,routed,0,3,32,105.41
routed_07,0,7,routed,0,3,64,205.52
routed_07,0,7,routed,0,3,128,416.38
routed_07,0,7,routed,0,3,256,47.27
routed_07,0,7,routed,0,3,512,92.92
routed_07,0,7,routed,0,3,1024,183.27
routed_07,0,7,routed,0,3,2048,360.37
routed_07,0,7,routed,0,3,4096,706.99
routed_07,0,7,routed,0,3,8192,1382.45
routed_07,0,7,routed,0,3,16384,2683.66
routed_07,0,7,routed,0,3,32768,5101.47
routed_07,0,7,routed,0,3,65536,9421.48
routed_07,0,7,routed,0,3,131072,15947.83
routed_07,0,7,routed,0,3,262144,23834.76
routed_07,0,7,routed,0,3,524288,33004.32
routed_07,0,7,routed,0,3,1048576,39932.28
routed_07,0,7,routed,0,3,2097152,44911.80
routed_07,0,7,routed,0,3,4194304,47714.67
routed_07,0,7,routed,0,4,1,3.05
routed_07,0,7,routed,0,4,2,6.03
routed_07,0,7,routed,0,4,4,12.74
routed_07,0,7,routed,0,4,8,26.22
routed_07,0,7,routed,0,4,16,52.44
routed_07,0,7,routed,0,4,32,102.63
routed_07,0,7,routed,0,4,64,203.59
routed_07,0,7,routed,0,4,128,402.14
routed_07,0,7,routed,0,4,256,47.31
routed_07,0,7,routed,0,4,512,92.98
routed_07,0,7,routed,0,4,1024,183.30
routed_07,0,7,routed,0,4,2048,358.41
routed_07,0,7,routed,0,4,4096,707.09
routed_07,0,7,routed,0,4,8192,1379.83
routed_07,0,7,routed,0,4,16384,2674.10
routed_07,0,7,routed,0,4,32768,5059.87
routed_07,0,7,routed,0,4,65536,9409.77
routed_07,0,7,routed,0,4,131072,15945.50
routed_07,0,7,routed,0,4,262144,23842.37
routed_07,0,7,routed,0,4,524288,33036.35
routed_07,0,7,routed,0,4,1048576,39942.87
routed_07,0,7,routed,0,4,2097152,44913.73
routed_07,0,7,routed,0,4,4194304,47707.29
routed_07,0,7,routed,0,5,1,3.04
routed_07,0,7,routed,0,5,2,5.87
routed_07,0,7,routed,0,5,4,12.42
routed_07,0,7,routed,0,5,8,26.02
routed_07,0,7,routed,0,5,16,52.10
routed_07,0,7,routed,0,5,32,106.29
routed_07,0,7,routed,0,5,64,206.31
routed_07,0,7,routed,0,5,128,407.48
routed_07,0,7,routed,0,5,256,46.57
routed_07,0,7,routed,0,5,512,92.94
routed_07,0,7,routed,0,5,1024,182.92
routed_07,0,7,routed,0,5,2048,359.44
routed_07,0,7,routed,0,5,4096,706.05
routed_07,0,7,routed,0,5,8192,1373.87
routed_07,0,7,routed,0,5,16384,2676.92
routed_07,0,7,routed,0,5,32768,5078.59
routed_07,0,7,routed,0,5,65536,9369.54
routed_07,0,7,routed,0,5,131072,15923.56
routed_07,0,7,routed,0,5,262144,23802.99
routed_07,0,7,routed,0,5,524288,33005.21
routed_07,0,7,routed,0,5,1048576,39907.12
routed_07,0,7,routed,0,5,2097152,44893.31
routed_07,0,7,routed,0,5,4194304,47704.37
routed_07,0,7,routed,0,6,1,3.07
routed_07,0,7,routed,0,6,2,5.96
routed_07,0,7,routed,0,6,4,13.10
routed_07,0,7,routed,0,6,8,26.94
routed_07,0,7,routed,0,6,16,53.97
routed_07,0,7,routed,0,6,32,108.00
routed_07,0,7,routed,0,6,64,214.17
routed_07,0,7,routed,0,6,128,420.51
routed_07,0,7,routed,0,6,256,47.01
routed_07,0,7,routed,0,6,512,94.03
routed_07,0,7,routed,0,6,1024,182.04
routed_07,0,7,routed,0,6,2048,357.82
routed_07,0,7,routed,0,6,4096,703.59
routed_07,0,7,routed,0,6,8192,1370.71
routed_07,0,7,routed,0,6,16384,2666.02
routed_07,0,7,routed,0,6,32768,5045.29
routed_07,0,7,routed,0,6,65536,9377.74
routed_07,0,7,routed,0,6,131072,15897.32
routed_07,0,7,routed,0,6,262144,23778.39
routed_07,0,7,routed,0,6,524288,32989.49
routed_07,0,7,routed,0,6,1048576,39911.57
routed_07,0,7,routed,0,6,2097152,44884.36
routed_07,0,7,routed,0,6,4194304,47696.23
routed_16,1,6,routed,0,2,1,3.01
routed_16,1,6,routed,0,2,2,6.05
routed_16,1,6,routed,0,2,4,12.86
routed_16,1,6,routed,0,2,8,26.38
routed_16,1,6,routed,0,2,16,51.96
routed_16,1,6,routed,0,2,32,104.92
routed_16,1,6,routed,0,2,64,210.40
routed_16,1,6,routed,0,2,128,412.54
routed_16,1,6,routed,0,2,256,46.89
routed_16,1,6,routed,0,2,512,93.00
routed_16,1,6,routed,0,2,1024,180.97
routed_16,1,6,routed,0,2,2048,358.50
routed_16,1,6,routed,0,2,4096,702.10
routed_16,1,6,routed,0,2,8192,1369.33
routed_16,1,6,routed,0,2,16384,2661.58
routed_16,1,6,routed,0,2,32768,5072.74
routed_16,1,6,routed,0,2,65536,9336.72
routed_16,1,6,routed,0,2,131072,15858.91
routed_16,1,6,routed,0,2,262144,23765.85
routed_16,1,6,routed,0,2,524288,33026.61
routed_16,1,6,routed,0,2,1048576,39866.43
routed_16,1,6,routed,0,2,2097152,44890.04
routed_16,1,6,routed,0,2,4194304,47702.92
routed_16,1,6,routed,0,3,1,3.00
routed_16,1,6,routed,0,3,2,6.01
routed_16,1,6,routed,0,3,4,12.88
routed_16,1,6,routed,0,3,8,26.33
routed_16,1,6,routed,0,3,16,53.03
routed_16,1,6,routed,0,3,32,105.38
routed_16,1,6,routed,0,3,64,209.75
routed_16,1,6,routed,0,3,128,410.98
routed_16,1,6,routed,0,3,256,46.66
routed_16,1,6,routed,0,3,512,91.50
routed_16,1,6,routed,0,3,1024,181.90
routed_16,1,6,routed,0,3,2048,355.56
routed_16,1,6,routed,0,3,4096,701.16
routed_16,1,6,routed,0,3,8192,1415.85
routed_16,1,6,routed,0,3,16384,2753.57
routed_16,1,6,routed,0,3,32768,5229.70
routed_16,1,6,routed,0,3,65536,9722.83
routed_16,1,6,routed,0,3,131072,16244.70
routed_16,1,6,routed,0,3,262144,24407.94
routed_16,1,6,routed,0,3,524288,33546.08
routed_16,1,6,routed,0,3,1048576,40266.54
routed_16,1,6,routed,0,3,2097152,45121.56
routed_16,1,6,routed,0,3,4194304,47750.30
routed_16,1,6,routed,0,4,1,2.98
routed_16,1,6,routed,0,4,2,5.92
routed_16,1,6,routed,0,4,4,12.69
routed_16,1,6,routed,0,4,8,25.87
routed_16,1,6,routed,0,4,16,52.05
routed_16,1,6,routed,0,4,32,93.96
routed_16,1,6,routed,0,4,64,206.16
routed_16,1,6,routed,0,4,128,406.43
routed_16,1,6,routed,0,4,256,46.74
routed_16,1,6,routed,0,4,512,91.78
routed_16,1,6,routed,0,4,1024,180.78
routed_16,1,6,routed,0,4,2048,356.35
routed_16,1,6,routed,0,4,4096,701.64
routed_16,1,6,routed,0,4,8192,1365.36
routed_16,1,6,routed,0,4,16384,2656.73
routed_16,1,6,routed,0,4,32768,5065.45
routed_16,1,6,routed,0,4,65536,9312.17
routed_16,1,6,routed,0,4,131072,15848.08
routed_16,1,6,routed,0,4,262144,23746.39
routed_16,1,6,routed,0,4,524288,32960.16
routed_16,1,6,routed,0,4,1048576,39863.27
routed_16,1,6,routed,0,4,2097152,44969.74
routed_16,1,6,routed,0,4,4194304,47750.47
routed_16,1,6,routed,0,5,1,2.97
routed_16,1,6,routed,0,5,2,5.96
routed_16,1,6,routed,0,5,4,12.70
routed_16,1,6,routed,0,5,8,26.09
routed_16,1,6,routed,0,5,16,52.26
routed_16,1,6,routed,0,5,32,102.82
routed_16,1,6,routed,0,5,64,207.40
routed_16,1,6,routed,0,5,128,409.36
routed_16,1,6,routed,0,5,256,47.83
routed_16,1,6,routed,0,5,512,97.18
routed_16,1,6,routed,0,5,1024,190.36
routed_16,1,6,routed,0,5,2048,373.09
routed_16,1,6,routed,0,5,4096,731.21
routed_16,1,6,routed,0,5,8192,1420.06
routed_16,1,6,routed,0,5,16384,2760.47
routed_16,1,6,routed,0,5,32768,5220.42
routed_16,1,6,routed,0,5,65536,9637.84
routed_16,1,6,routed,0,5,131072,16262.35
routed_16,1,6,routed,0,5,262144,24422.91
routed_16,1,6,routed,0,5,524288,33567.39
routed_16,1,6,routed,0,5,1048576,40263.41
routed_16,1,6,routed,0,5,2097152,45164.36
routed_16,1,6,routed,0,5,4194304,47753.46
routed_16,1,6,routed,0,6,1,3.10
routed_16,1,6,routed,0,6,2,6.15
routed_16,1,6,routed,0,6,4,13.19
routed_16,1,6,routed,0,6,8,27.00
routed_16,1,6,routed,0,6,16,54.33
routed_16,1,6,routed,0,6,32,108.33
routed_16,1,6,routed,0,6,64,215.62
routed_16,1,6,routed,0,6,128,423.04
routed_16,1,6,routed,0,6,256,46.73
routed_16,1,6,routed,0,6,512,90.44
routed_16,1,6,routed,0,6,1024,180.72
routed_16,1,6,routed,0,6,2048,359.86
routed_16,1,6,routed,0,6,4096,700.99
routed_16,1,6,routed,0,6,8192,1367.63
routed_16,1,6,routed,0,6,16384,2659.39
routed_16,1,6,routed,0,6,32768,5050.06
routed_16,1,6,routed,0,6,65536,9306.84
routed_16,1,6,routed,0,6,131072,15840.73
routed_16,1,6,routed,0,6,262144,23733.94
routed_16,1,6,routed,0,6,524288,32878.43
routed_16,1,6,routed,0,6,1048576,39872.95
routed_16,1,6,routed,0,6,2097152,44906.96
routed_16,1,6,routed,0,6,4194304,47695.45
routed_03,0,3,routed,0,2,1,3.00
routed_03,0,3,routed,0,2,2,5.93
routed_03,0,3,routed,0,2,4,12.55
routed_03,0,3,routed,0,2,8,26.34
routed_03,0,3,routed,0,2,16,52.66
routed_03,0,3,routed,0,2,32,105.30
routed_03,0,3,routed,0,2,64,203.10
routed_03,0,3,routed,0,2,128,413.72
routed_03,0,3,routed,0,2,256,47.19
routed_03,0,3,routed,0,2,512,92.83
routed_03,0,3,routed,0,2,1024,183.44
routed_03,0,3,routed,0,2,2048,360.42
routed_03,0,3,routed,0,2,4096,704.21
routed_03,0,3,routed,0,2,8192,1366.88
routed_03,0,3,routed,0,2,16384,2621.09
routed_03,0,3,routed,0,2,32768,4879.60
routed_03,0,3,routed,0,2,65536,8835.73
routed_03,0,3,routed,0,2,131072,14462.51
routed_03,0,3,routed,0,2,262144,20906.93
routed_03,0,3,routed,0,2,524288,27186.07
routed_03,0,3,routed,0,2,1048576,31944.24
routed_03,0,3,routed,0,2,2097152,34775.78
routed_03,0,3,routed,0,2,4194304,35906.57
routed_03,0,3,routed,0,3,1,2.84
routed_03,0,3,routed,0,3,2,5.95
routed_03,0,3,routed,0,3,4,12.64
routed_03,0,3,routed,0,3,8,26.00
routed_03,0,3,routed,0,3,16,52.24
routed_03,0,3,routed,0,3,32,104.67
routed_03,0,3,routed,0,3,64,211.77
routed_03,0,3,routed,0,3,128,417.56
routed_03,0,3,routed,0,3,256,47.16
routed_03,0,3,routed,0,3,512,92.81
routed_03,0,3,routed,0,3,1024,182.78
routed_03,0,3,routed,0,3,2048,359.09
routed_03,0,3,routed,0,3,4096,702.60
routed_03,0,3,routed,0,3,8192,1361.53
routed_03,0,3,routed,0,3,16384,2624.73
routed_03,0,3,routed,0,3,32768,4897.66
routed_03,0,3,routed,0,3,65536,8839.06
routed_03,0,3,routed,0,3,131072,14483.93
routed_03,0,3,routed,0,3,262144,20915.37
routed_03,0,3,routed,0,3,524288,27186.68
routed_03,0,3,routed,0,3,1048576,31984.91
routed_03,0,3,routed,0,3,2097152,34786.68
routed_03,0,3,routed,0,3,4194304,35902.50
routed_03,0,3,routed,0,4,1,3.06
routed_03,0,3,routed,0,4,2,6.12
routed_03,0,3,routed,0,4,4,12.95
routed_03,0,3,routed,0,4,8,26.49
routed_03,0,3,routed,0,4,16,53.39
routed_03,0,3,routed,0,4,32,106.00
routed_03,0,3,routed,0,4,64,211.22
routed_03,0,3,routed,0,4,128,376.12
routed_03,0,3,routed,0,4,256,47.22
routed_03,0,3,routed,0,4,512,94.21
routed_03,0,3,routed,0,4,1024,182.76
routed_03,0,3,routed,0,4,2048,356.65
routed_03,0,3,routed,0,4,4096,702.70
routed_03,0,3,routed,0,4,8192,1365.46
routed_03,0,3,routed,0,4,16384,2621.52
routed_03,0,3,routed,0,4,32768,4936.16
routed_03,0,3,routed,0,4,65536,8903.36
routed_03,0,3,routed,0,4,131072,14531.48
routed_03,0,3,routed,0,4,262144,20915.37
routed_03,0,3,routed,0,4,524288,27272.95
routed_03,0,3,routed,0,4,1048576,31995.25
routed_03,0,3,routed,0,4,2097152,34773.33
routed_03,0,3,routed,0,4,4194304,35886.27
routed_03,0,3,routed,0,5,1,3.01
routed_03,0,3,routed,0,5,2,6.01
routed_03,0,3,routed,0,5,4,12.73
routed_03,0,3,routed,0,5,8,26.04
routed_03,0,3,routed,0,5,16,52.26
routed_03,0,3,routed,0,5,32,104.64
routed_03,0,3,routed,0,5,64,206.41
routed_03,0,3,routed,0,5,128,404.86
routed_03,0,3,routed,0,5,256,47.05
routed_03,0,3,routed,0,5,512,92.67
routed_03,0,3,routed,0,5,1024,182.02
routed_03,0,3,routed,0,5,2048,355.60
routed_03,0,3,routed,0,5,4096,701.21
routed_03,0,3,routed,0,5,8192,1359.25
routed_03,0,3,routed,0,5,16384,2612.60
routed_03,0,3,routed,0,5,32768,4870.10
routed_03,0,3,routed,0,5,65536,8808.55
routed_03,0,3,routed,0,5,131072,14421.94
routed_03,0,3,routed,0,5,262144,20851.47
routed_03,0,3,routed,0,5,524288,27133.60
routed_03,0,3,routed,0,5,1048576,31931.49
routed_03,0,3,routed,0,5,2097152,34771.75
routed_03,0,3,routed,0,5,4194304,35896.74
routed_03,0,3,routed,0,6,1,3.08
routed_03,0,3,routed,0,6,2,6.14
routed_03,0,3,routed,0,6,4,12.95
routed_03,0,3,routed,0,6,8,26.99
routed_03,0,3,routed,0,6,16,53.85
routed_03,0,3,routed,0,6,32,107.32
routed_03,0,3,routed,0,6,64,215.39
routed_03,0,3,routed,0,6,128,421.51
routed_03,0,3,routed,0,6,256,47.12
routed_03,0,3,routed,0,6,512,93.89
routed_03,0,3,routed,0,6,1024,182.83
routed_03,0,3,routed,0,6,2048,358.80
routed_03,0,3,routed,0,6,4096,701.57
routed_03,0,3,routed,0,6,8192,1359.99
routed_03,0,3,routed,0,6,16384,2620.80
routed_03,0,3,routed,0,6,32768,4882.00
routed_03,0,3,routed,0,6,65536,8832.27
routed_03,0,3,routed,0,6,131072,14470.08
routed_03,0,3,routed,0,6,262144,20870.95
routed_03,0,3,routed,0,6,524288,27171.87
routed_03,0,3,routed,0,6,1048576,31971.28
routed_03,0,3,routed,0,6,2097152,34783.71
routed_03,0,3,routed,0,6,4194304,35899.74
routed_14,1,4,routed,0,2,1,3.03
routed_14,1,4,routed,0,2,2,6.10
routed_14,1,4,routed,0,2,4,12.97
routed_14,1,4,routed,0,2,8,26.74
routed_14,1,4,routed,0,2,16,53.44
routed_14,1,4,routed,0,2,32,106.97
routed_14,1,4,routed,0,2,64,211.52
routed_14,1,4,routed,0,2,128,410.66
routed_14,1,4,routed,0,2,256,47.46
routed_14,1,4,routed,0,2,512,94.87
routed_14,1,4,routed,0,2,1024,183.68
routed_14,1,4,routed,0,2,2048,362.19
routed_14,1,4,routed,0,2,4096,707.72
routed_14,1,4,routed,0,2,8192,1377.15
routed_14,1,4,routed,0,2,16384,2650.00
routed_14,1,4,routed,0,2,32768,4913.60
routed_14,1,4,routed,0,2,65536,8877.62
routed_14,1,4,routed,0,2,131072,14399.03
routed_14,1,4,routed,0,2,262144,20797.95
routed_14,1,4,routed,0,2,524288,26928.94
routed_14,1,4,routed,0,2,1048576,31508.33
routed_14,1,4,routed,0,2,2097152,34254.61
routed_14,1,4,routed,0,2,4194304,35345.61
routed_14,1,4,routed,0,3,1,2.99
routed_14,1,4,routed,0,3,2,5.96
routed_14,1,4,routed,0,3,4,12.75
routed_14,1,4,routed,0,3,8,25.95
routed_14,1,4,routed,0,3,16,52.28
routed_14,1,4,routed,0,3,32,102.08
routed_14,1,4,routed,0,3,64,206.86
routed_14,1,4,routed,0,3,128,410.49
routed_14,1,4,routed,0,3,256,47.42
routed_14,1,4,routed,0,3,512,92.90
routed_14,1,4,routed,0,3,1024,183.33
routed_14,1,4,routed,0,3,2048,360.50
routed_14,1,4,routed,0,3,4096,710.94
routed_14,1,4,routed,0,3,8192,1373.99
routed_14,1,4,routed,0,3,16384,2642.79
routed_14,1,4,routed,0,3,32768,4911.50
routed_14,1,4,routed,0,3,65536,8874.50
routed_14,1,4,routed,0,3,131072,14403.44
routed_14,1,4,routed,0,3,262144,20786.87
routed_14,1,4,routed,0,3,524288,26908.69
routed_14,1,4,routed,0,3,1048576,31505.51
routed_14,1,4,routed,0,3,2097152,34250.19
routed_14,1,4,routed,0,3,4194304,35343.70
routed_14,1,4,routed,0,4,1,3.04
routed_14,1,4,routed,0,4,2,6.10
routed_14,1,4,routed,0,4,4,12.93
routed_14,1,4,routed,0,4,8,26.61
routed_14,1,4,routed,0,4,16,53.34
routed_14,1,4,routed,0,4,32,106.76
routed_14,1,4,routed,0,4,64,211.01
routed_14,1,4,routed,0,4,128,417.41
routed_14,1,4,routed,0,4,256,47.48
routed_14,1,4,routed,0,4,512,93.66
routed_14,1,4,routed,0,4,1024,185.15
routed_14,1,4,routed,0,4,2048,362.40
routed_14,1,4,routed,0,4,4096,707.56
routed_14,1,4,routed,0,4,8192,1375.62
routed_14,1,4,routed,0,4,16384,2644.87
routed_14,1,4,routed,0,4,32768,4923.46
routed_14,1,4,routed,0,4,65536,8879.98
routed_14,1,4,routed,0,4,131072,14410.42
routed_14,1,4,routed,0,4,262144,20777.37
routed_14,1,4,routed,0,4,524288,26919.04
routed_14,1,4,routed,0,4,1048576,31517.98
routed_14,1,4,routed,0,4,2097152,34254.95
routed_14,1,4,routed,0,4,4194304,35346.85
routed_14,1,4,routed,0,5,1,3.02
routed_14,1,4,routed,0,5,2,5.82
routed_14,1,4,routed,0,5,4,12.38
routed_14,1,4,routed,0,5,8,25.84
routed_14,1,4,routed,0,5,16,52.95
routed_14,1,4,routed,0,5,32,104.53
routed_14,1,4,routed,0,5,64,205.95
routed_14,1,4,routed,0,5,128,407.19
routed_14,1,4,routed,0,5,256,47.39
routed_14,1,4,routed,0,5,512,93.05
routed_14,1,4,routed,0,5,1024,183.33
routed_14,1,4,routed,0,5,2048,361.38
routed_14,1,4,routed,0,5,4096,711.43
routed_14,1,4,routed,0,5,8192,1377.47
routed_14,1,4,routed,0,5,16384,2650.38
routed_14,1,4,routed,0,5,32768,4918.74
routed_14,1,4,routed,0,5,65536,8892.40
routed_14,1,4,routed,0,5,131072,14418.07
routed_14,1,4,routed,0,5,262144,20792.32
routed_14,1,4,routed,0,5,524288,26912.02
routed_14,1,4,routed,0,5,1048576,31527.28
routed_14,1,4,routed,0,5,2097152,34266.49
routed_14,1,4,routed,0,5,4194304,35364.95
routed_14,1,4,routed,0,6,1,3.02
routed_14,1,4,routed,0,6,2,6.11
routed_14,1,4,routed,0,6,4,12.80
routed_14,1,4,routed,0,6,8,26.60
routed_14,1,4,routed,0,6,16,52.72
routed_14,1,4,routed,0,6,32,106.50
routed_14,1,4,routed,0,6,64,211.90
routed_14,1,4,routed,0,6,128,414.83
routed_14,1,4,routed,0,6,256,47.49
routed_14,1,4,routed,0,6,512,94.75
routed_14,1,4,routed,0,6,1024,184.77
routed_14,1,4,routed,0,6,2048,360.26
routed_14,1,4,routed,0,6,4096,708.22
routed_14,1,4,routed,0,6,8192,1371.70
routed_14,1,4,routed,0,6,16384,2636.13
routed_14,1,4,routed,0,6,32768,4899.90
routed_14,1,4,routed,0,6,65536,8878.34
routed_14,1,4,routed,0,6,131072,14449.10
routed_14,1,4,routed,0,6,262144,20810.70
routed_14,1,4,routed,0,6,524288,26934.90
routed_14,1,4,routed,0,6,1048576,31547.74
routed_14,1,4,routed,0,6,2097152,34239.35
routed_14,1,4,routed,0,6,4194304,35342.59
routed_17,1,7,routed,0,2,1,2.88
routed_17,1,7,routed,0,2,2,5.77
routed_17,1,7,routed,0,2,4,12.29
routed_17,1,7,routed,0,2,8,25.12
routed_17,1,7,routed,0,2,16,50.34
routed_17,1,7,routed,0,2,32,99.38
routed_17,1,7,routed,0,2,64,201.74
routed_17,1,7,routed,0,2,128,399.77
routed_17,1,7,routed,0,2,256,45.62
routed_17,1,7,routed,0,2,512,90.25
routed_17,1,7,routed,0,2,1024,179.17
routed_17,1,7,routed,0,2,2048,352.14
routed_17,1,7,routed,0,2,4096,684.16
routed_17,1,7,routed,0,2,8192,1337.82
routed_17,1,7,routed,0,2,16384,2595.54
routed_17,1,7,routed,0,2,32768,4920.86
routed_17,1,7,routed,0,2,65536,9089.02
routed_17,1,7,routed,0,2,131072,15593.56
routed_17,1,7,routed,0,2,262144,23473.33
routed_17,1,7,routed,0,2,524288,32614.35
routed_17,1,7,routed,0,2,1048576,39677.22
routed_17,1,7,routed,0,2,2097152,44796.19
routed_17,1,7,routed,0,2,4194304,47683.67
routed_17,1,7,routed,0,3,1,3.04
routed_17,1,7,routed,0,3,2,6.09
routed_17,1,7,routed,0,3,4,12.56
routed_17,1,7,routed,0,3,8,26.69
routed_17,1,7,routed,0,3,16,52.96
routed_17,1,7,routed,0,3,32,105.46
routed_17,1,7,routed,0,3,64,212.67
routed_17,1,7,routed,0,3,128,417.66
routed_17,1,7,routed,0,3,256,45.75
routed_17,1,7,routed,0,3,512,90.27
routed_17,1,7,routed,0,3,1024,175.45
routed_17,1,7,routed,0,3,2048,341.04
routed_17,1,7,routed,0,3,4096,679.18
routed_17,1,7,routed,0,3,8192,1340.21
routed_17,1,7,routed,0,3,16384,2603.81
routed_17,1,7,routed,0,3,32768,4913.13
routed_17,1,7,routed,0,3,65536,9122.61
routed_17,1,7,routed,0,3,131072,15594.51
routed_17,1,7,routed,0,3,262144,23508.27
routed_17,1,7,routed,0,3,524288,32629.79
routed_17,1,7,routed,0,3,1048576,39665.19
routed_17,1,7,routed,0,3,2097152,44800.02
routed_17,1,7,routed,0,3,4194304,47682.90
routed_17,1,7,routed,0,4,1,3.02
routed_17,1,7,routed,0,4,2,5.85
routed_17,1,7,routed,0,4,4,12.61
routed_17,1,7,routed,0,4,8,26.42
routed_17,1,7,routed,0,4,16,51.60
routed_17,1,7,routed,0,4,32,104.39
routed_17,1,7,routed,0,4,64,205.77
routed_17,1,7,routed,0,4,128,413.60
routed_17,1,7,routed,0,4,256,45.77
routed_17,1,7,routed,0,4,512,88.27
routed_17,1,7,routed,0,4,1024,173.61
routed_17,1,7,routed,0,4,2048,341.96
routed_17,1,7,routed,0,4,4096,678.78
routed_17,1,7,routed,0,4,8192,1339.35
routed_17,1,7,routed,0,4,16384,2598.70
routed_17,1,7,routed,0,4,32768,4932.00
routed_17,1,7,routed,0,4,65536,9125.63
routed_17,1,7,routed,0,4,131072,15631.65
routed_17,1,7,routed,0,4,262144,23502.81
routed_17,1,7,routed,0,4,524288,32752.51
routed_17,1,7,routed,0,4,1048576,39661.71
routed_17,1,7,routed,0,4,2097152,44797.24
routed_17,1,7,routed,0,4,4194304,47683.21
routed_17,1,7,routed,0,5,1,3.00
routed_17,1,7,routed,0,5,2,6.01
routed_17,1,7,routed,0,5,4,12.84
routed_17,1,7,routed,0,5,8,26.23
routed_17,1,7,routed,0,5,16,52.89
routed_17,1,7,routed,0,5,32,105.45
routed_17,1,7,routed,0,5,64,209.06
routed_17,1,7,routed,0,5,128,412.86
routed_17,1,7,routed,0,5,256,45.63
routed_17,1,7,routed,0,5,512,89.72
routed_17,1,7,routed,0,5,1024,178.97
routed_17,1,7,routed,0,5,2048,349.94
routed_17,1,7,routed,0,5,4096,677.65
routed_17,1,7,routed,0,5,8192,1331.91
routed_17,1,7,routed,0,5,16384,2598.76
routed_17,1,7,routed,0,5,32768,4949.11
routed_17,1,7,routed,0,5,65536,9068.06
routed_17,1,7,routed,0,5,131072,15558.62
routed_17,1,7,routed,0,5,262144,23437.52
routed_17,1,7,routed,0,5,524288,32575.65
routed_17,1,7,routed,0,5,1048576,39648.62
routed_17,1,7,routed,0,5,2097152,44794.52
routed_17,1,7,routed,0,5,4194304,47677.80
routed_17,1,7,routed,0,6,1,3.02
routed_17,1,7,routed,0,6,2,6.02
routed_17,1,7,routed,0,6,4,12.90
routed_17,1,7,routed,0,6,8,25.78
routed_17,1,7,routed,0,6,16,51.19
routed_17,1,7,routed,0,6,32,102.35
routed_17,1,7,routed,0,6,64,205.89
routed_17,1,7,routed,0,6,128,413.44
routed_17,1,7,routed,0,6,256,45.78
routed_17,1,7,routed,0,6,512,90.22
routed_17,1,7,routed,0,6,1024,177.20
routed_17,1,7,routed,0,6,2048,350.13
routed_17,1,7,routed,0,6,4096,682.50
routed_17,1,7,routed,0,6,8192,1335.87
routed_17,1,7,routed,0,6,16384,2600.31
routed_17,1,7,routed,0,6,32768,4918.90
routed_17,1,7,routed,0,6,65536,9105.80
routed_17,1,7,routed,0,6,131072,15594.26
routed_17,1,7,routed,0,6,262144,23546.72
routed_17,1,7,routed,0,6,524288,33292.72
routed_17,1,7,routed,0,6,1048576,40070.40
routed_17,1,7,routed,0,6,2097152,45059.43
routed_17,1,7,routed,0,6,4194304,47726.23
routed_35,3,5,routed,0,2,1,3.02
routed_35,3,5,routed,0,2,2,5.95
routed_35,3,5,routed,0,2,4,12.73
routed_35,3,5,routed,0,2,8,26.44
routed_35,3,5,routed,0,2,16,51.09
routed_35,3,5,routed,0,2,32,102.02
routed_35,3,5,routed,0,2,64,202.49
routed_35,3,5,routed,0,2,128,406.49
routed_35,3,5,routed,0,2,256,46.97
routed_35,3,5,routed,0,2,512,93.54
routed_35,3,5,routed,0,2,1024,181.83
routed_35,3,5,routed,0,2,2048,358.40
routed_35,3,5,routed,0,2,4096,703.02
routed_35,3,5,routed,0,2,8192,1370.71
routed_35,3,5,routed,0,2,16384,2658.93
routed_35,3,5,routed,0,2,32768,5038.47
routed_35,3,5,routed,0,2,65536,9322.81
routed_35,3,5,routed,0,2,131072,15840.66
routed_35,3,5,routed,0,2,262144,23726.62
routed_35,3,5,routed,0,2,524288,32928.09
routed_35,3,5,routed,0,2,1048576,39881.36
routed_35,3,5,routed,0,2,2097152,44903.70
routed_35,3,5,routed,0,2,4194304,47701.53
routed_35,3,5,routed,0,3,1,3.01
routed_35,3,5,routed,0,3,2,6.02
routed_35,3,5,routed,0,3,4,12.81
routed_35,3,5,routed,0,3,8,26.39
routed_35,3,5,routed,0,3,16,52.72
routed_35,3,5,routed,0,3,32,105.63
routed_35,3,5,routed,0,3,64,208.60
routed_35,3,5,routed,0,3,128,412.37
routed_35,3,5,routed,0,3,256,46.89
routed_35,3,5,routed,0,3,512,91.35
routed_35,3,5,routed,0,3,1024,181.60
routed_35,3,5,routed,0,3,2048,356.70
routed_35,3,5,routed,0,3,4096,700.13
routed_35,3,5,routed,0,3,8192,1367.28
routed_35,3,5,routed,0,3,16384,2659.88
routed_35,3,5,routed,0,3,32768,5035.98
routed_35,3,5,routed,0,3,65536,9330.06
routed_35,3,5,routed,0,3,131072,15808.64
routed_35,3,5,routed,0,3,262144,23736.05
routed_35,3,5,routed,0,3,524288,32919.39
routed_35,3,5,routed,0,3,1048576,39864.10
routed_35,3,5,routed,0,3,2097152,44882.01
routed_35,3,5,routed,0,3,4194304,47695.56
routed_35,3,5,routed,0,4,1,3.03
routed_35,3,5,routed,0,4,2,6.04
routed_35,3,5,routed,0,4,4,12.90
routed_35,3,5,routed,0,4,8,26.52
routed_35,3,5,routed,0,4,16,53.11
routed_35,3,5,routed,0,4,32,106.63
routed_35,3,5,routed,0,4,64,211.12
routed_35,3,5,routed,0,4,128,416.42
routed_35,3,5,routed,0,4,256,47.03
routed_35,3,5,routed,0,4,512,92.29
routed_35,3,5,routed,0,4,1024,182.43
routed_35,3,5,routed,0,4,2048,359.44
routed_35,3,5,routed,0,4,4096,703.87
routed_35,3,5,routed,0,4,8192,1372.35
routed_35,3,5,routed,0,4,16384,2668.79
routed_35,3,5,routed,0,4,32768,5047.84
routed_35,3,5,routed,0,4,65536,9347.46
routed_35,3,5,routed,0,4,131072,15852.72
routed_35,3,5,routed,0,4,262144,23750.31
routed_35,3,5,routed,0,4,524288,32956.54
routed_35,3,5,routed,0,4,1048576,39878.59
routed_35,3,5,routed,0,4,2097152,44922.31
routed_35,3,5,routed,0,4,4194304,47710.14
routed_35,3,5,routed,0,5,1,3.04
routed_35,3,5,routed,0,5,2,5.87
routed_35,3,5,routed,0,5,4,12.66
routed_35,3,5,routed,0,5,8,24.32
routed_35,3,5,routed,0,5,16,52.11
routed_35,3,5,routed,0,5,32,106.39
routed_35,3,5,routed,0,5,64,210.11
routed_35,3,5,routed,0,5,128,415.20
routed_35,3,5,routed,0,5,256,46.91
routed_35,3,5,routed,0,5,512,91.24
routed_35,3,5,routed,0,5,1024,180.39
routed_35,3,5,routed,0,5,2048,356.71
routed_35,3,5,routed,0,5,4096,700.74
routed_35,3,5,routed,0,5,8192,1368.23
routed_35,3,5,routed,0,5,16384,2659.77
routed_35,3,5,routed,0,5,32768,5064.28
routed_35,3,5,routed,0,5,65536,9338.39
routed_35,3,5,routed,0,5,131072,15831.24
routed_35,3,5,routed,0,5,262144,23758.41
routed_35,3,5,routed,0,5,524288,32918.65
routed_35,3,5,routed,0,5,1048576,39967.56
routed_35,3,5,routed,0,5,2097152,44969.58
routed_35,3,5,routed,0,5,4194304,47721.03
routed_35,3,5,routed,0,6,1,3.04
routed_35,3,5,routed,0,6,2,6.06
routed_35,3,5,routed,0,6,4,12.96
routed_35,3,5,routed,0,6,8,26.49
routed_35,3,5,routed,0,6,16,53.30
routed_35,3,5,routed,0,6,32,105.99
routed_35,3,5,routed,0,6,64,211.51
routed_35,3,5,routed,0,6,128,414.83
routed_35,3,5,routed,0,6,256,47.03
routed_35,3,5,routed,0,6,512,93.98
routed_35,3,5,routed,0,6,1024,182.76
routed_35,3,5,routed,0,6,2048,357.57
routed_35,3,5,routed,0,6,4096,703.75
routed_35,3,5,routed,0,6,8192,1372.19
routed_35,3,5,routed,0,6,16384,2655.83
routed_35,3,5,routed,0,6,32768,5024.10
routed_35,3,5,routed,0,6,65536,9331.35
routed_35,3,5,routed,0,6,131072,15838.88
routed_35,3,5,routed,0,6,262144,23758.49
routed_35,3,5,routed,0,6,524288,32931.29
routed_35,3,5,routed,0,6,1048576,39885.91
routed_35,3,5,routed,0,6,2097152,44979.18
routed_35,3,5,routed,0,6,4194304,47708.98
self_GCD0,0,0,self,NA,2,1,2.97
self_GCD0,0,0,self,NA,2,2,5.99
self_GCD0,0,0,self,NA,2,4,12.32
self_GCD0,0,0,self,NA,2,8,26.08
self_GCD0,0,0,self,NA,2,16,51.71
self_GCD0,0,0,self,NA,2,32,104.91
self_GCD0,0,0,self,NA,2,64,208.28
self_GCD0,0,0,self,NA,2,128,24.54
self_GCD0,0,0,self,NA,2,256,48.80
self_GCD0,0,0,self,NA,2,512,96.78
self_GCD0,0,0,self,NA,2,1024,189.34
self_GCD0,0,0,self,NA,2,2048,375.54
self_GCD0,0,0,self,NA,2,4096,733.85
self_GCD0,0,0,self,NA,2,8192,1476.82
self_GCD0,0,0,self,NA,2,16384,2895.03
self_GCD0,0,0,self,NA,2,32768,5499.89
self_GCD0,0,0,self,NA,2,65536,9663.53
self_GCD0,0,0,self,NA,2,131072,16318.41
self_GCD0,0,0,self,NA,2,262144,24526.24
self_GCD0,0,0,self,NA,2,524288,33404.01
self_GCD0,0,0,self,NA,2,1048576,88039.24
self_GCD0,0,0,self,NA,2,2097152,147017.19
self_GCD0,0,0,self,NA,2,4194304,238082.91
self_GCD0,0,0,self,NA,3,1,3.03
self_GCD0,0,0,self,NA,3,2,6.09
self_GCD0,0,0,self,NA,3,4,12.99
self_GCD0,0,0,self,NA,3,8,24.06
self_GCD0,0,0,self,NA,3,16,53.26
self_GCD0,0,0,self,NA,3,32,102.99
self_GCD0,0,0,self,NA,3,64,211.31
self_GCD0,0,0,self,NA,3,128,24.55
self_GCD0,0,0,self,NA,3,256,49.03
self_GCD0,0,0,self,NA,3,512,94.85
self_GCD0,0,0,self,NA,3,1024,189.51
self_GCD0,0,0,self,NA,3,2048,379.56
self_GCD0,0,0,self,NA,3,4096,755.31
self_GCD0,0,0,self,NA,3,8192,1483.62
self_GCD0,0,0,self,NA,3,16384,2890.12
self_GCD0,0,0,self,NA,3,32768,5506.46
self_GCD0,0,0,self,NA,3,65536,9668.72
self_GCD0,0,0,self,NA,3,131072,16292.98
self_GCD0,0,0,self,NA,3,262144,24541.09
self_GCD0,0,0,self,NA,3,524288,33380.10
self_GCD0,0,0,self,NA,3,1048576,88536.28
self_GCD0,0,0,self,NA,3,2097152,146619.25
self_GCD0,0,0,self,NA,3,4194304,239518.90
self_GCD0,0,0,self,NA,4,1,3.04
self_GCD0,0,0,self,NA,4,2,6.05
self_GCD0,0,0,self,NA,4,4,12.94
self_GCD0,0,0,self,NA,4,8,26.41
self_GCD0,0,0,self,NA,4,16,53.25
self_GCD0,0,0,self,NA,4,32,103.92
self_GCD0,0,0,self,NA,4,64,209.60
self_GCD0,0,0,self,NA,4,128,24.53
self_GCD0,0,0,self,NA,4,256,49.02
self_GCD0,0,0,self,NA,4,512,95.03
self_GCD0,0,0,self,NA,4,1024,188.96
self_GCD0,0,0,self,NA,4,2048,375.57
self_GCD0,0,0,self,NA,4,4096,731.69
self_GCD0,0,0,self,NA,4,8192,1482.73
self_GCD0,0,0,self,NA,4,16384,2898.80
self_GCD0,0,0,self,NA,4,32768,5513.40
self_GCD0,0,0,self,NA,4,65536,9720.89
self_GCD0,0,0,self,NA,4,131072,16285.63
self_GCD0,0,0,self,NA,4,262144,24485.19
self_GCD0,0,0,self,NA,4,524288,33455.27
self_GCD0,0,0,self,NA,4,1048576,88313.02
self_GCD0,0,0,self,NA,4,2097152,148166.62
self_GCD0,0,0,self,NA,4,4194304,239298.31
self_GCD0,0,0,self,NA,5,1,3.03
self_GCD0,0,0,self,NA,5,2,6.12
self_GCD0,0,0,self,NA,5,4,13.03
self_GCD0,0,0,self,NA,5,8,26.81
self_GCD0,0,0,self,NA,5,16,53.74
self_GCD0,0,0,self,NA,5,32,106.80
self_GCD0,0,0,self,NA,5,64,212.25
self_GCD0,0,0,self,NA,5,128,24.55
self_GCD0,0,0,self,NA,5,256,48.98
self_GCD0,0,0,self,NA,5,512,94.93
self_GCD0,0,0,self,NA,5,1024,197.84
self_GCD0,0,0,self,NA,5,2048,395.15
self_GCD0,0,0,self,NA,5,4096,786.34
self_GCD0,0,0,self,NA,5,8192,1545.24
self_GCD0,0,0,self,NA,5,16384,2997.25
self_GCD0,0,0,self,NA,5,32768,5600.30
self_GCD0,0,0,self,NA,5,65536,10008.82
self_GCD0,0,0,self,NA,5,131072,16511.65
self_GCD0,0,0,self,NA,5,262144,25012.42
self_GCD0,0,0,self,NA,5,524288,33794.70
self_GCD0,0,0,self,NA,5,1048576,88522.07
self_GCD0,0,0,self,NA,5,2097152,148897.03
self_GCD0,0,0,self,NA,5,4194304,240177.70
self_GCD0,0,0,self,NA,6,1,3.06
self_GCD0,0,0,self,NA,6,2,6.11
self_GCD0,0,0,self,NA,6,4,13.06
self_GCD0,0,0,self,NA,6,8,26.75
self_GCD0,0,0,self,NA,6,16,53.80
self_GCD0,0,0,self,NA,6,32,106.93
self_GCD0,0,0,self,NA,6,64,213.05
self_GCD0,0,0,self,NA,6,128,24.52
self_GCD0,0,0,self,NA,6,256,48.76
self_GCD0,0,0,self,NA,6,512,96.39
self_GCD0,0,0,self,NA,6,1024,191.04
self_GCD0,0,0,self,NA,6,2048,377.60
self_GCD0,0,0,self,NA,6,4096,755.15
self_GCD0,0,0,self,NA,6,8192,1483.12
self_GCD0,0,0,self,NA,6,16384,2881.49
self_GCD0,0,0,self,NA,6,32768,5484.20
self_GCD0,0,0,self,NA,6,65536,9666.52
self_GCD0,0,0,self,NA,6,131072,16283.09
self_GCD0,0,0,self,NA,6,262144,24510.91
self_GCD0,0,0,self,NA,6,524288,33372.73
self_GCD0,0,0,self,NA,6,1048576,88094.06
self_GCD0,0,0,self,NA,6,2097152,147313.38
self_GCD0,0,0,self,NA,6,4194304,237804.68
