stack,sdma_enabled,pair_label,node_a,node_b,gcd_a,gcd_b,hop_class,nic_class,num_links,run,size_bytes,bandwidth_MBps
native,0,intra_pkg_OAM0_ref,nid005014,nid005014,0,1,intra_node,intra_pkg,4,2,1,3.75
native,0,intra_pkg_OAM0_ref,nid005014,nid005014,0,1,intra_node,intra_pkg,4,2,2,8.21
native,0,intra_pkg_OAM0_ref,nid005014,nid005014,0,1,intra_node,intra_pkg,4,2,4,16.63
native,0,intra_pkg_OAM0_ref,nid005014,nid005014,0,1,intra_node,intra_pkg,4,2,8,33.47
native,0,intra_pkg_OAM0_ref,nid005014,nid005014,0,1,intra_node,intra_pkg,4,2,16,66.34
native,0,intra_pkg_OAM0_ref,nid005014,nid005014,0,1,intra_node,intra_pkg,4,2,32,129.86
native,0,intra_pkg_OAM0_ref,nid005014,nid005014,0,1,intra_node,intra_pkg,4,2,64,250.84
native,0,intra_pkg_OAM0_ref,nid005014,nid005014,0,1,intra_node,intra_pkg,4,2,128,472.63
native,0,intra_pkg_OAM0_ref,nid005014,nid005014,0,1,intra_node,intra_pkg,4,2,256,480.93
native,0,intra_pkg_OAM0_ref,nid005014,nid005014,0,1,intra_node,intra_pkg,4,2,512,855.92
native,0,intra_pkg_OAM0_ref,nid005014,nid005014,0,1,intra_node,intra_pkg,4,2,1024,589.43
native,0,intra_pkg_OAM0_ref,nid005014,nid005014,0,1,intra_node,intra_pkg,4,2,2048,1181.30
native,0,intra_pkg_OAM0_ref,nid005014,nid005014,0,1,intra_node,intra_pkg,4,2,4096,2362.31
native,0,intra_pkg_OAM0_ref,nid005014,nid005014,0,1,intra_node,intra_pkg,4,2,8192,1068.62
native,0,intra_pkg_OAM0_ref,nid005014,nid005014,0,1,intra_node,intra_pkg,4,2,16384,2132.85
native,0,intra_pkg_OAM0_ref,nid005014,nid005014,0,1,intra_node,intra_pkg,4,2,32768,3980.89
native,0,intra_pkg_OAM0_ref,nid005014,nid005014,0,1,intra_node,intra_pkg,4,2,65536,7769.82
native,0,intra_pkg_OAM0_ref,nid005014,nid005014,0,1,intra_node,intra_pkg,4,2,131072,15122.20
native,0,intra_pkg_OAM0_ref,nid005014,nid005014,0,1,intra_node,intra_pkg,4,2,262144,26702.48
native,0,intra_pkg_OAM0_ref,nid005014,nid005014,0,1,intra_node,intra_pkg,4,2,524288,53199.36
native,0,intra_pkg_OAM0_ref,nid005014,nid005014,0,1,intra_node,intra_pkg,4,2,1048576,86631.77
native,0,intra_pkg_OAM0_ref,nid005014,nid005014,0,1,intra_node,intra_pkg,4,2,2097152,114233.66
native,0,intra_pkg_OAM0_ref,nid005014,nid005014,0,1,intra_node,intra_pkg,4,2,4194304,124045.06
native,0,intra_pkg_OAM0_ref,nid005014,nid005014,0,1,intra_node,intra_pkg,4,2,8388608,130098.07
native,0,intra_pkg_OAM0_ref,nid005014,nid005014,0,1,intra_node,intra_pkg,4,2,16777216,137083.50
native,0,intra_pkg_OAM0_ref,nid005014,nid005014,0,1,intra_node,intra_pkg,4,2,33554432,140768.97
native,0,intra_pkg_OAM0_ref,nid005014,nid005014,0,1,intra_node,intra_pkg,4,2,67108864,142913.69
native,0,intra_pkg_OAM0_ref,nid005014,nid005014,0,1,intra_node,intra_pkg,4,3,1,3.72
native,0,intra_pkg_OAM0_ref,nid005014,nid005014,0,1,intra_node,intra_pkg,4,3,2,8.40
native,0,intra_pkg_OAM0_ref,nid005014,nid005014,0,1,intra_node,intra_pkg,4,3,4,16.63
native,0,intra_pkg_OAM0_ref,nid005014,nid005014,0,1,intra_node,intra_pkg,4,3,8,32.21
native,0,intra_pkg_OAM0_ref,nid005014,nid005014,0,1,intra_node,intra_pkg,4,3,16,67.38
native,0,intra_pkg_OAM0_ref,nid005014,nid005014,0,1,intra_node,intra_pkg,4,3,32,120.79
native,0,intra_pkg_OAM0_ref,nid005014,nid005014,0,1,intra_node,intra_pkg,4,3,64,235.94
native,0,intra_pkg_OAM0_ref,nid005014,nid005014,0,1,intra_node,intra_pkg,4,3,128,403.75
native,0,intra_pkg_OAM0_ref,nid005014,nid005014,0,1,intra_node,intra_pkg,4,3,256,480.05
native,0,intra_pkg_OAM0_ref,nid005014,nid005014,0,1,intra_node,intra_pkg,4,3,512,929.51
native,0,intra_pkg_OAM0_ref,nid005014,nid005014,0,1,intra_node,intra_pkg,4,3,1024,588.98
native,0,intra_pkg_OAM0_ref,nid005014,nid005014,0,1,intra_node,intra_pkg,4,3,2048,1183.52
native,0,intra_pkg_OAM0_ref,nid005014,nid005014,0,1,intra_node,intra_pkg,4,3,4096,2358.43
native,0,intra_pkg_OAM0_ref,nid005014,nid005014,0,1,intra_node,intra_pkg,4,3,8192,1070.47
native,0,intra_pkg_OAM0_ref,nid005014,nid005014,0,1,intra_node,intra_pkg,4,3,16384,2140.19
native,0,intra_pkg_OAM0_ref,nid005014,nid005014,0,1,intra_node,intra_pkg,4,3,32768,3978.07
native,0,intra_pkg_OAM0_ref,nid005014,nid005014,0,1,intra_node,intra_pkg,4,3,65536,7840.79
native,0,intra_pkg_OAM0_ref,nid005014,nid005014,0,1,intra_node,intra_pkg,4,3,131072,15144.66
native,0,intra_pkg_OAM0_ref,nid005014,nid005014,0,1,intra_node,intra_pkg,4,3,262144,26687.71
native,0,intra_pkg_OAM0_ref,nid005014,nid005014,0,1,intra_node,intra_pkg,4,3,524288,53208.73
native,0,intra_pkg_OAM0_ref,nid005014,nid005014,0,1,intra_node,intra_pkg,4,3,1048576,87710.76
native,0,intra_pkg_OAM0_ref,nid005014,nid005014,0,1,intra_node,intra_pkg,4,3,2097152,114476.24
native,0,intra_pkg_OAM0_ref,nid005014,nid005014,0,1,intra_node,intra_pkg,4,3,4194304,123939.92
native,0,intra_pkg_OAM0_ref,nid005014,nid005014,0,1,intra_node,intra_pkg,4,3,8388608,129994.62
native,0,intra_pkg_OAM0_ref,nid005014,nid005014,0,1,intra_node,intra_pkg,4,3,16777216,137149.45
native,0,intra_pkg_OAM0_ref,nid005014,nid005014,0,1,intra_node,intra_pkg,4,3,33554432,140548.10
native,0,intra_pkg_OAM0_ref,nid005014,nid005014,0,1,intra_node,intra_pkg,4,3,67108864,142490.71
native,0,intra_pkg_OAM0_ref,nid005014,nid005014,0,1,intra_node,intra_pkg,4,4,1,3.68
native,0,intra_pkg_OAM0_ref,nid005014,nid005014,0,1,intra_node,intra_pkg,4,4,2,8.19
native,0,intra_pkg_OAM0_ref,nid005014,nid005014,0,1,intra_node,intra_pkg,4,4,4,16.35
native,0,intra_pkg_OAM0_ref,nid005014,nid005014,0,1,intra_node,intra_pkg,4,4,8,32.71
native,0,intra_pkg_OAM0_ref,nid005014,nid005014,0,1,intra_node,intra_pkg,4,4,16,66.94
native,0,intra_pkg_OAM0_ref,nid005014,nid005014,0,1,intra_node,intra_pkg,4,4,32,129.72
native,0,intra_pkg_OAM0_ref,nid005014,nid005014,0,1,intra_node,intra_pkg,4,4,64,247.94
native,0,intra_pkg_OAM0_ref,nid005014,nid005014,0,1,intra_node,intra_pkg,4,4,128,454.05
native,0,intra_pkg_OAM0_ref,nid005014,nid005014,0,1,intra_node,intra_pkg,4,4,256,480.15
native,0,intra_pkg_OAM0_ref,nid005014,nid005014,0,1,intra_node,intra_pkg,4,4,512,868.41
native,0,intra_pkg_OAM0_ref,nid005014,nid005014,0,1,intra_node,intra_pkg,4,4,1024,578.47
native,0,intra_pkg_OAM0_ref,nid005014,nid005014,0,1,intra_node,intra_pkg,4,4,2048,1160.35
native,0,intra_pkg_OAM0_ref,nid005014,nid005014,0,1,intra_node,intra_pkg,4,4,4096,2329.07
native,0,intra_pkg_OAM0_ref,nid005014,nid005014,0,1,intra_node,intra_pkg,4,4,8192,1068.62
native,0,intra_pkg_OAM0_ref,nid005014,nid005014,0,1,intra_node,intra_pkg,4,4,16384,2137.17
native,0,intra_pkg_OAM0_ref,nid005014,nid005014,0,1,intra_node,intra_pkg,4,4,32768,3974.03
native,0,intra_pkg_OAM0_ref,nid005014,nid005014,0,1,intra_node,intra_pkg,4,4,65536,7785.07
native,0,intra_pkg_OAM0_ref,nid005014,nid005014,0,1,intra_node,intra_pkg,4,4,131072,15137.13
native,0,intra_pkg_OAM0_ref,nid005014,nid005014,0,1,intra_node,intra_pkg,4,4,262144,26718.63
native,0,intra_pkg_OAM0_ref,nid005014,nid005014,0,1,intra_node,intra_pkg,4,4,524288,53192.96
native,0,intra_pkg_OAM0_ref,nid005014,nid005014,0,1,intra_node,intra_pkg,4,4,1048576,85574.90
native,0,intra_pkg_OAM0_ref,nid005014,nid005014,0,1,intra_node,intra_pkg,4,4,2097152,114534.58
native,0,intra_pkg_OAM0_ref,nid005014,nid005014,0,1,intra_node,intra_pkg,4,4,4194304,124447.32
native,0,intra_pkg_OAM0_ref,nid005014,nid005014,0,1,intra_node,intra_pkg,4,4,8388608,130111.47
native,0,intra_pkg_OAM0_ref,nid005014,nid005014,0,1,intra_node,intra_pkg,4,4,16777216,137008.40
native,0,intra_pkg_OAM0_ref,nid005014,nid005014,0,1,intra_node,intra_pkg,4,4,33554432,140772.88
native,0,intra_pkg_OAM0_ref,nid005014,nid005014,0,1,intra_node,intra_pkg,4,4,67108864,142896.76
native,0,intra_pkg_OAM0_ref,nid005014,nid005014,0,1,intra_node,intra_pkg,4,5,1,3.82
native,0,intra_pkg_OAM0_ref,nid005014,nid005014,0,1,intra_node,intra_pkg,4,5,2,8.56
native,0,intra_pkg_OAM0_ref,nid005014,nid005014,0,1,intra_node,intra_pkg,4,5,4,16.95
native,0,intra_pkg_OAM0_ref,nid005014,nid005014,0,1,intra_node,intra_pkg,4,5,8,34.54
native,0,intra_pkg_OAM0_ref,nid005014,nid005014,0,1,intra_node,intra_pkg,4,5,16,68.81
native,0,intra_pkg_OAM0_ref,nid005014,nid005014,0,1,intra_node,intra_pkg,4,5,32,131.50
native,0,intra_pkg_OAM0_ref,nid005014,nid005014,0,1,intra_node,intra_pkg,4,5,64,205.70
native,0,intra_pkg_OAM0_ref,nid005014,nid005014,0,1,intra_node,intra_pkg,4,5,128,460.11
native,0,intra_pkg_OAM0_ref,nid005014,nid005014,0,1,intra_node,intra_pkg,4,5,256,480.60
native,0,intra_pkg_OAM0_ref,nid005014,nid005014,0,1,intra_node,intra_pkg,4,5,512,959.77
native,0,intra_pkg_OAM0_ref,nid005014,nid005014,0,1,intra_node,intra_pkg,4,5,1024,597.56
native,0,intra_pkg_OAM0_ref,nid005014,nid005014,0,1,intra_node,intra_pkg,4,5,2048,1197.88
native,0,intra_pkg_OAM0_ref,nid005014,nid005014,0,1,intra_node,intra_pkg,4,5,4096,2394.05
native,0,intra_pkg_OAM0_ref,nid005014,nid005014,0,1,intra_node,intra_pkg,4,5,8192,1069.78
native,0,intra_pkg_OAM0_ref,nid005014,nid005014,0,1,intra_node,intra_pkg,4,5,16384,2139.93
native,0,intra_pkg_OAM0_ref,nid005014,nid005014,0,1,intra_node,intra_pkg,4,5,32768,3975.47
native,0,intra_pkg_OAM0_ref,nid005014,nid005014,0,1,intra_node,intra_pkg,4,5,65536,7838.35
native,0,intra_pkg_OAM0_ref,nid005014,nid005014,0,1,intra_node,intra_pkg,4,5,131072,15123.15
native,0,intra_pkg_OAM0_ref,nid005014,nid005014,0,1,intra_node,intra_pkg,4,5,262144,26692.51
native,0,intra_pkg_OAM0_ref,nid005014,nid005014,0,1,intra_node,intra_pkg,4,5,524288,53168.69
native,0,intra_pkg_OAM0_ref,nid005014,nid005014,0,1,intra_node,intra_pkg,4,5,1048576,86919.48
native,0,intra_pkg_OAM0_ref,nid005014,nid005014,0,1,intra_node,intra_pkg,4,5,2097152,114452.67
native,0,intra_pkg_OAM0_ref,nid005014,nid005014,0,1,intra_node,intra_pkg,4,5,4194304,123811.90
native,0,intra_pkg_OAM0_ref,nid005014,nid005014,0,1,intra_node,intra_pkg,4,5,8388608,130050.04
native,0,intra_pkg_OAM0_ref,nid005014,nid005014,0,1,intra_node,intra_pkg,4,5,16777216,137207.72
native,0,intra_pkg_OAM0_ref,nid005014,nid005014,0,1,intra_node,intra_pkg,4,5,33554432,140587.92
native,0,intra_pkg_OAM0_ref,nid005014,nid005014,0,1,intra_node,intra_pkg,4,5,67108864,142486.20
native,0,intra_pkg_OAM0_ref,nid005014,nid005014,0,1,intra_node,intra_pkg,4,6,1,3.76
native,0,intra_pkg_OAM0_ref,nid005014,nid005014,0,1,intra_node,intra_pkg,4,6,2,8.46
native,0,intra_pkg_OAM0_ref,nid005014,nid005014,0,1,intra_node,intra_pkg,4,6,4,16.67
native,0,intra_pkg_OAM0_ref,nid005014,nid005014,0,1,intra_node,intra_pkg,4,6,8,33.04
native,0,intra_pkg_OAM0_ref,nid005014,nid005014,0,1,intra_node,intra_pkg,4,6,16,68.11
native,0,intra_pkg_OAM0_ref,nid005014,nid005014,0,1,intra_node,intra_pkg,4,6,32,130.81
native,0,intra_pkg_OAM0_ref,nid005014,nid005014,0,1,intra_node,intra_pkg,4,6,64,247.87
native,0,intra_pkg_OAM0_ref,nid005014,nid005014,0,1,intra_node,intra_pkg,4,6,128,378.65
native,0,intra_pkg_OAM0_ref,nid005014,nid005014,0,1,intra_node,intra_pkg,4,6,256,481.03
native,0,intra_pkg_OAM0_ref,nid005014,nid005014,0,1,intra_node,intra_pkg,4,6,512,891.98
native,0,intra_pkg_OAM0_ref,nid005014,nid005014,0,1,intra_node,intra_pkg,4,6,1024,593.84
native,0,intra_pkg_OAM0_ref,nid005014,nid005014,0,1,intra_node,intra_pkg,4,6,2048,1190.35
native,0,intra_pkg_OAM0_ref,nid005014,nid005014,0,1,intra_node,intra_pkg,4,6,4096,2374.20
native,0,intra_pkg_OAM0_ref,nid005014,nid005014,0,1,intra_node,intra_pkg,4,6,8192,1066.78
native,0,intra_pkg_OAM0_ref,nid005014,nid005014,0,1,intra_node,intra_pkg,4,6,16384,2137.79
native,0,intra_pkg_OAM0_ref,nid005014,nid005014,0,1,intra_node,intra_pkg,4,6,32768,3975.28
native,0,intra_pkg_OAM0_ref,nid005014,nid005014,0,1,intra_node,intra_pkg,4,6,65536,7789.13
native,0,intra_pkg_OAM0_ref,nid005014,nid005014,0,1,intra_node,intra_pkg,4,6,131072,15127.54
native,0,intra_pkg_OAM0_ref,nid005014,nid005014,0,1,intra_node,intra_pkg,4,6,262144,26736.17
native,0,intra_pkg_OAM0_ref,nid005014,nid005014,0,1,intra_node,intra_pkg,4,6,524288,53190.78
native,0,intra_pkg_OAM0_ref,nid005014,nid005014,0,1,intra_node,intra_pkg,4,6,1048576,85816.29
native,0,intra_pkg_OAM0_ref,nid005014,nid005014,0,1,intra_node,intra_pkg,4,6,2097152,114283.81
native,0,intra_pkg_OAM0_ref,nid005014,nid005014,0,1,intra_node,intra_pkg,4,6,4194304,124553.66
native,0,intra_pkg_OAM0_ref,nid005014,nid005014,0,1,intra_node,intra_pkg,4,6,8388608,130230.48
native,0,intra_pkg_OAM0_ref,nid005014,nid005014,0,1,intra_node,intra_pkg,4,6,16777216,137094.22
native,0,intra_pkg_OAM0_ref,nid005014,nid005014,0,1,intra_node,intra_pkg,4,6,33554432,140867.25
native,0,intra_pkg_OAM0_ref,nid005014,nid005014,0,1,intra_node,intra_pkg,4,6,67108864,142945.74
native,0,inter_GCD0_GCD0,nid005014,nid007968,0,0,inter_node,nic_via_xgmi,NA,2,1,1.45
native,0,inter_GCD0_GCD0,nid005014,nid007968,0,0,inter_node,nic_via_xgmi,NA,2,2,2.89
native,0,inter_GCD0_GCD0,nid005014,nid007968,0,0,inter_node,nic_via_xgmi,NA,2,4,5.83
native,0,inter_GCD0_GCD0,nid005014,nid007968,0,0,inter_node,nic_via_xgmi,NA,2,8,11.63
native,0,inter_GCD0_GCD0,nid005014,nid007968,0,0,inter_node,nic_via_xgmi,NA,2,16,23.23
native,0,inter_GCD0_GCD0,nid005014,nid007968,0,0,inter_node,nic_via_xgmi,NA,2,32,46.52
native,0,inter_GCD0_GCD0,nid005014,nid007968,0,0,inter_node,nic_via_xgmi,NA,2,64,92.68
native,0,inter_GCD0_GCD0,nid005014,nid007968,0,0,inter_node,nic_via_xgmi,NA,2,128,184.74
native,0,inter_GCD0_GCD0,nid005014,nid007968,0,0,inter_node,nic_via_xgmi,NA,2,256,374.00
native,0,inter_GCD0_GCD0,nid005014,nid007968,0,0,inter_node,nic_via_xgmi,NA,2,512,747.41
native,0,inter_GCD0_GCD0,nid005014,nid007968,0,0,inter_node,nic_via_xgmi,NA,2,1024,1492.43
native,0,inter_GCD0_GCD0,nid005014,nid007968,0,0,inter_node,nic_via_xgmi,NA,2,2048,2974.99
native,0,inter_GCD0_GCD0,nid005014,nid007968,0,0,inter_node,nic_via_xgmi,NA,2,4096,5923.21
native,0,inter_GCD0_GCD0,nid005014,nid007968,0,0,inter_node,nic_via_xgmi,NA,2,8192,11738.07
native,0,inter_GCD0_GCD0,nid005014,nid007968,0,0,inter_node,nic_via_xgmi,NA,2,16384,18949.51
native,0,inter_GCD0_GCD0,nid005014,nid007968,0,0,inter_node,nic_via_xgmi,NA,2,32768,19982.23
native,0,inter_GCD0_GCD0,nid005014,nid007968,0,0,inter_node,nic_via_xgmi,NA,2,65536,21888.57
native,0,inter_GCD0_GCD0,nid005014,nid007968,0,0,inter_node,nic_via_xgmi,NA,2,131072,22631.15
native,0,inter_GCD0_GCD0,nid005014,nid007968,0,0,inter_node,nic_via_xgmi,NA,2,262144,23056.84
native,0,inter_GCD0_GCD0,nid005014,nid007968,0,0,inter_node,nic_via_xgmi,NA,2,524288,23286.58
native,0,inter_GCD0_GCD0,nid005014,nid007968,0,0,inter_node,nic_via_xgmi,NA,2,1048576,23449.15
native,0,inter_GCD0_GCD0,nid005014,nid007968,0,0,inter_node,nic_via_xgmi,NA,2,2097152,23419.20
native,0,inter_GCD0_GCD0,nid005014,nid007968,0,0,inter_node,nic_via_xgmi,NA,2,4194304,23400.02
native,0,inter_GCD0_GCD0,nid005014,nid007968,0,0,inter_node,nic_via_xgmi,NA,2,8388608,23452.34
native,0,inter_GCD0_GCD0,nid005014,nid007968,0,0,inter_node,nic_via_xgmi,NA,2,16777216,23536.46
native,0,inter_GCD0_GCD0,nid005014,nid007968,0,0,inter_node,nic_via_xgmi,NA,2,33554432,23572.86
native,0,inter_GCD0_GCD0,nid005014,nid007968,0,0,inter_node,nic_via_xgmi,NA,2,67108864,23392.26
native,0,inter_GCD0_GCD0,nid005014,nid007968,0,0,inter_node,nic_via_xgmi,NA,3,1,1.46
native,0,inter_GCD0_GCD0,nid005014,nid007968,0,0,inter_node,nic_via_xgmi,NA,3,2,2.93
native,0,inter_GCD0_GCD0,nid005014,nid007968,0,0,inter_node,nic_via_xgmi,NA,3,4,4.98
native,0,inter_GCD0_GCD0,nid005014,nid007968,0,0,inter_node,nic_via_xgmi,NA,3,8,11.73
native,0,inter_GCD0_GCD0,nid005014,nid007968,0,0,inter_node,nic_via_xgmi,NA,3,16,23.45
native,0,inter_GCD0_GCD0,nid005014,nid007968,0,0,inter_node,nic_via_xgmi,NA,3,32,46.92
native,0,inter_GCD0_GCD0,nid005014,nid007968,0,0,inter_node,nic_via_xgmi,NA,3,64,93.75
native,0,inter_GCD0_GCD0,nid005014,nid007968,0,0,inter_node,nic_via_xgmi,NA,3,128,186.82
native,0,inter_GCD0_GCD0,nid005014,nid007968,0,0,inter_node,nic_via_xgmi,NA,3,256,375.46
native,0,inter_GCD0_GCD0,nid005014,nid007968,0,0,inter_node,nic_via_xgmi,NA,3,512,750.14
native,0,inter_GCD0_GCD0,nid005014,nid007968,0,0,inter_node,nic_via_xgmi,NA,3,1024,1501.85
native,0,inter_GCD0_GCD0,nid005014,nid007968,0,0,inter_node,nic_via_xgmi,NA,3,2048,2986.10
native,0,inter_GCD0_GCD0,nid005014,nid007968,0,0,inter_node,nic_via_xgmi,NA,3,4096,5949.29
native,0,inter_GCD0_GCD0,nid005014,nid007968,0,0,inter_node,nic_via_xgmi,NA,3,8192,11773.70
native,0,inter_GCD0_GCD0,nid005014,nid007968,0,0,inter_node,nic_via_xgmi,NA,3,16384,18984.19
native,0,inter_GCD0_GCD0,nid005014,nid007968,0,0,inter_node,nic_via_xgmi,NA,3,32768,19976.36
native,0,inter_GCD0_GCD0,nid005014,nid007968,0,0,inter_node,nic_via_xgmi,NA,3,65536,21863.57
native,0,inter_GCD0_GCD0,nid005014,nid007968,0,0,inter_node,nic_via_xgmi,NA,3,131072,22619.37
native,0,inter_GCD0_GCD0,nid005014,nid007968,0,0,inter_node,nic_via_xgmi,NA,3,262144,23052.08
native,0,inter_GCD0_GCD0,nid005014,nid007968,0,0,inter_node,nic_via_xgmi,NA,3,524288,23294.88
native,0,inter_GCD0_GCD0,nid005014,nid007968,0,0,inter_node,nic_via_xgmi,NA,3,1048576,23529.21
native,0,inter_GCD0_GCD0,nid005014,nid007968,0,0,inter_node,nic_via_xgmi,NA,3,2097152,23370.55
native,0,inter_GCD0_GCD0,nid005014,nid007968,0,0,inter_node,nic_via_xgmi,NA,3,4194304,23342.90
native,0,inter_GCD0_GCD0,nid005014,nid007968,0,0,inter_node,nic_via_xgmi,NA,3,8388608,23378.63
native,0,inter_GCD0_GCD0,nid005014,nid007968,0,0,inter_node,nic_via_xgmi,NA,3,16777216,23457.33
native,0,inter_GCD0_GCD0,nid005014,nid007968,0,0,inter_node,nic_via_xgmi,NA,3,33554432,23558.09
native,0,inter_GCD0_GCD0,nid005014,nid007968,0,0,inter_node,nic_via_xgmi,NA,3,67108864,23552.97
native,0,inter_GCD0_GCD0,nid005014,nid007968,0,0,inter_node,nic_via_xgmi,NA,4,1,1.44
native,0,inter_GCD0_GCD0,nid005014,nid007968,0,0,inter_node,nic_via_xgmi,NA,4,2,2.90
native,0,inter_GCD0_GCD0,nid005014,nid007968,0,0,inter_node,nic_via_xgmi,NA,4,4,5.83
native,0,inter_GCD0_GCD0,nid005014,nid007968,0,0,inter_node,nic_via_xgmi,NA,4,8,11.65
native,0,inter_GCD0_GCD0,nid005014,nid007968,0,0,inter_node,nic_via_xgmi,NA,4,16,23.32
native,0,inter_GCD0_GCD0,nid005014,nid007968,0,0,inter_node,nic_via_xgmi,NA,4,32,46.66
native,0,inter_GCD0_GCD0,nid005014,nid007968,0,0,inter_node,nic_via_xgmi,NA,4,64,92.85
native,0,inter_GCD0_GCD0,nid005014,nid007968,0,0,inter_node,nic_via_xgmi,NA,4,128,183.99
native,0,inter_GCD0_GCD0,nid005014,nid007968,0,0,inter_node,nic_via_xgmi,NA,4,256,371.33
native,0,inter_GCD0_GCD0,nid005014,nid007968,0,0,inter_node,nic_via_xgmi,NA,4,512,741.93
native,0,inter_GCD0_GCD0,nid005014,nid007968,0,0,inter_node,nic_via_xgmi,NA,4,1024,1479.33
native,0,inter_GCD0_GCD0,nid005014,nid007968,0,0,inter_node,nic_via_xgmi,NA,4,2048,2952.46
native,0,inter_GCD0_GCD0,nid005014,nid007968,0,0,inter_node,nic_via_xgmi,NA,4,4096,5885.01
native,0,inter_GCD0_GCD0,nid005014,nid007968,0,0,inter_node,nic_via_xgmi,NA,4,8192,11670.06
native,0,inter_GCD0_GCD0,nid005014,nid007968,0,0,inter_node,nic_via_xgmi,NA,4,16384,18905.79
native,0,inter_GCD0_GCD0,nid005014,nid007968,0,0,inter_node,nic_via_xgmi,NA,4,32768,19975.09
native,0,inter_GCD0_GCD0,nid005014,nid007968,0,0,inter_node,nic_via_xgmi,NA,4,65536,21818.97
native,0,inter_GCD0_GCD0,nid005014,nid007968,0,0,inter_node,nic_via_xgmi,NA,4,131072,22628.06
native,0,inter_GCD0_GCD0,nid005014,nid007968,0,0,inter_node,nic_via_xgmi,NA,4,262144,23071.98
native,0,inter_GCD0_GCD0,nid005014,nid007968,0,0,inter_node,nic_via_xgmi,NA,4,524288,23357.43
native,0,inter_GCD0_GCD0,nid005014,nid007968,0,0,inter_node,nic_via_xgmi,NA,4,1048576,23395.59
native,0,inter_GCD0_GCD0,nid005014,nid007968,0,0,inter_node,nic_via_xgmi,NA,4,2097152,23416.13
native,0,inter_GCD0_GCD0,nid005014,nid007968,0,0,inter_node,nic_via_xgmi,NA,4,4194304,23453.92
native,0,inter_GCD0_GCD0,nid005014,nid007968,0,0,inter_node,nic_via_xgmi,NA,4,8388608,23442.11
native,0,inter_GCD0_GCD0,nid005014,nid007968,0,0,inter_node,nic_via_xgmi,NA,4,16777216,23515.09
native,0,inter_GCD0_GCD0,nid005014,nid007968,0,0,inter_node,nic_via_xgmi,NA,4,33554432,23465.61
native,0,inter_GCD0_GCD0,nid005014,nid007968,0,0,inter_node,nic_via_xgmi,NA,4,67108864,23505.34
native,0,inter_GCD0_GCD0,nid005014,nid007968,0,0,inter_node,nic_via_xgmi,NA,5,1,1.46
native,0,inter_GCD0_GCD0,nid005014,nid007968,0,0,inter_node,nic_via_xgmi,NA,5,2,2.93
native,0,inter_GCD0_GCD0,nid005014,nid007968,0,0,inter_node,nic_via_xgmi,NA,5,4,5.87
native,0,inter_GCD0_GCD0,nid005014,nid007968,0,0,inter_node,nic_via_xgmi,NA,5,8,11.79
native,0,inter_GCD0_GCD0,nid005014,nid007968,0,0,inter_node,nic_via_xgmi,NA,5,16,23.56
native,0,inter_GCD0_GCD0,nid005014,nid007968,0,0,inter_node,nic_via_xgmi,NA,5,32,47.12
native,0,inter_GCD0_GCD0,nid005014,nid007968,0,0,inter_node,nic_via_xgmi,NA,5,64,94.11
native,0,inter_GCD0_GCD0,nid005014,nid007968,0,0,inter_node,nic_via_xgmi,NA,5,128,187.79
native,0,inter_GCD0_GCD0,nid005014,nid007968,0,0,inter_node,nic_via_xgmi,NA,5,256,377.33
native,0,inter_GCD0_GCD0,nid005014,nid007968,0,0,inter_node,nic_via_xgmi,NA,5,512,754.07
native,0,inter_GCD0_GCD0,nid005014,nid007968,0,0,inter_node,nic_via_xgmi,NA,5,1024,1503.99
native,0,inter_GCD0_GCD0,nid005014,nid007968,0,0,inter_node,nic_via_xgmi,NA,5,2048,3004.47
native,0,inter_GCD0_GCD0,nid005014,nid007968,0,0,inter_node,nic_via_xgmi,NA,5,4096,5971.28
native,0,inter_GCD0_GCD0,nid005014,nid007968,0,0,inter_node,nic_via_xgmi,NA,5,8192,11877.56
native,0,inter_GCD0_GCD0,nid005014,nid007968,0,0,inter_node,nic_via_xgmi,NA,5,16384,18916.62
native,0,inter_GCD0_GCD0,nid005014,nid007968,0,0,inter_node,nic_via_xgmi,NA,5,32768,19981.55
native,0,inter_GCD0_GCD0,nid005014,nid007968,0,0,inter_node,nic_via_xgmi,NA,5,65536,21886.43
native,0,inter_GCD0_GCD0,nid005014,nid007968,0,0,inter_node,nic_via_xgmi,NA,5,131072,22638.14
native,0,inter_GCD0_GCD0,nid005014,nid007968,0,0,inter_node,nic_via_xgmi,NA,5,262144,23039.38
native,0,inter_GCD0_GCD0,nid005014,nid007968,0,0,inter_node,nic_via_xgmi,NA,5,524288,23342.22
native,0,inter_GCD0_GCD0,nid005014,nid007968,0,0,inter_node,nic_via_xgmi,NA,5,1048576,23400.35
native,0,inter_GCD0_GCD0,nid005014,nid007968,0,0,inter_node,nic_via_xgmi,NA,5,2097152,23501.86
native,0,inter_GCD0_GCD0,nid005014,nid007968,0,0,inter_node,nic_via_xgmi,NA,5,4194304,23474.31
native,0,inter_GCD0_GCD0,nid005014,nid007968,0,0,inter_node,nic_via_xgmi,NA,5,8388608,23516.07
native,0,inter_GCD0_GCD0,nid005014,nid007968,0,0,inter_node,nic_via_xgmi,NA,5,16777216,23558.22
native,0,inter_GCD0_GCD0,nid005014,nid007968,0,0,inter_node,nic_via_xgmi,NA,5,33554432,23378.11
native,0,inter_GCD0_GCD0,nid005014,nid007968,0,0,inter_node,nic_via_xgmi,NA,5,67108864,23486.28
native,0,inter_GCD0_GCD0,nid005014,nid007968,0,0,inter_node,nic_via_xgmi,NA,6,1,1.44
native,0,inter_GCD0_GCD0,nid005014,nid007968,0,0,inter_node,nic_via_xgmi,NA,6,2,2.91
native,0,inter_GCD0_GCD0,nid005014,nid007968,0,0,inter_node,nic_via_xgmi,NA,6,4,5.83
native,0,inter_GCD0_GCD0,nid005014,nid007968,0,0,inter_node,nic_via_xgmi,NA,6,8,11.67
native,0,inter_GCD0_GCD0,nid005014,nid007968,0,0,inter_node,nic_via_xgmi,NA,6,16,23.34
native,0,inter_GCD0_GCD0,nid005014,nid007968,0,0,inter_node,nic_via_xgmi,NA,6,32,46.66
native,0,inter_GCD0_GCD0,nid005014,nid007968,0,0,inter_node,nic_via_xgmi,NA,6,64,60.82
native,0,inter_GCD0_GCD0,nid005014,nid007968,0,0,inter_node,nic_via_xgmi,NA,6,128,176.49
native,0,inter_GCD0_GCD0,nid005014,nid007968,0,0,inter_node,nic_via_xgmi,NA,6,256,358.50
native,0,inter_GCD0_GCD0,nid005014,nid007968,0,0,inter_node,nic_via_xgmi,NA,6,512,722.41
native,0,inter_GCD0_GCD0,nid005014,nid007968,0,0,inter_node,nic_via_xgmi,NA,6,1024,1443.69
native,0,inter_GCD0_GCD0,nid005014,nid007968,0,0,inter_node,nic_via_xgmi,NA,6,2048,2843.98
native,0,inter_GCD0_GCD0,nid005014,nid007968,0,0,inter_node,nic_via_xgmi,NA,6,4096,5730.23
native,0,inter_GCD0_GCD0,nid005014,nid007968,0,0,inter_node,nic_via_xgmi,NA,6,8192,11427.40
native,0,inter_GCD0_GCD0,nid005014,nid007968,0,0,inter_node,nic_via_xgmi,NA,6,16384,18911.98
native,0,inter_GCD0_GCD0,nid005014,nid007968,0,0,inter_node,nic_via_xgmi,NA,6,32768,19906.64
native,0,inter_GCD0_GCD0,nid005014,nid007968,0,0,inter_node,nic_via_xgmi,NA,6,65536,21835.41
native,0,inter_GCD0_GCD0,nid005014,nid007968,0,0,inter_node,nic_via_xgmi,NA,6,131072,22625.11
native,0,inter_GCD0_GCD0,nid005014,nid007968,0,0,inter_node,nic_via_xgmi,NA,6,262144,23066.88
native,0,inter_GCD0_GCD0,nid005014,nid007968,0,0,inter_node,nic_via_xgmi,NA,6,524288,23266.16
native,0,inter_GCD0_GCD0,nid005014,nid007968,0,0,inter_node,nic_via_xgmi,NA,6,1048576,23278.82
native,0,inter_GCD0_GCD0,nid005014,nid007968,0,0,inter_node,nic_via_xgmi,NA,6,2097152,23459.84
native,0,inter_GCD0_GCD0,nid005014,nid007968,0,0,inter_node,nic_via_xgmi,NA,6,4194304,23525.80
native,0,inter_GCD0_GCD0,nid005014,nid007968,0,0,inter_node,nic_via_xgmi,NA,6,8388608,23477.78
native,0,inter_GCD0_GCD0,nid005014,nid007968,0,0,inter_node,nic_via_xgmi,NA,6,16777216,23416.56
native,0,inter_GCD0_GCD0,nid005014,nid007968,0,0,inter_node,nic_via_xgmi,NA,6,33554432,23442.99
native,0,inter_GCD0_GCD0,nid005014,nid007968,0,0,inter_node,nic_via_xgmi,NA,6,67108864,23521.51
native,0,inter_GCD2_GCD2,nid005014,nid007968,2,2,inter_node,nic_via_xgmi,NA,2,1,1.43
native,0,inter_GCD2_GCD2,nid005014,nid007968,2,2,inter_node,nic_via_xgmi,NA,2,2,2.86
native,0,inter_GCD2_GCD2,nid005014,nid007968,2,2,inter_node,nic_via_xgmi,NA,2,4,5.76
native,0,inter_GCD2_GCD2,nid005014,nid007968,2,2,inter_node,nic_via_xgmi,NA,2,8,11.52
native,0,inter_GCD2_GCD2,nid005014,nid007968,2,2,inter_node,nic_via_xgmi,NA,2,16,23.12
native,0,inter_GCD2_GCD2,nid005014,nid007968,2,2,inter_node,nic_via_xgmi,NA,2,32,46.14
native,0,inter_GCD2_GCD2,nid005014,nid007968,2,2,inter_node,nic_via_xgmi,NA,2,64,92.23
native,0,inter_GCD2_GCD2,nid005014,nid007968,2,2,inter_node,nic_via_xgmi,NA,2,128,184.06
native,0,inter_GCD2_GCD2,nid005014,nid007968,2,2,inter_node,nic_via_xgmi,NA,2,256,373.35
native,0,inter_GCD2_GCD2,nid005014,nid007968,2,2,inter_node,nic_via_xgmi,NA,2,512,742.98
native,0,inter_GCD2_GCD2,nid005014,nid007968,2,2,inter_node,nic_via_xgmi,NA,2,1024,1486.30
native,0,inter_GCD2_GCD2,nid005014,nid007968,2,2,inter_node,nic_via_xgmi,NA,2,2048,2968.05
native,0,inter_GCD2_GCD2,nid005014,nid007968,2,2,inter_node,nic_via_xgmi,NA,2,4096,5906.81
native,0,inter_GCD2_GCD2,nid005014,nid007968,2,2,inter_node,nic_via_xgmi,NA,2,8192,11697.59
native,0,inter_GCD2_GCD2,nid005014,nid007968,2,2,inter_node,nic_via_xgmi,NA,2,16384,18590.78
native,0,inter_GCD2_GCD2,nid005014,nid007968,2,2,inter_node,nic_via_xgmi,NA,2,32768,18571.13
native,0,inter_GCD2_GCD2,nid005014,nid007968,2,2,inter_node,nic_via_xgmi,NA,2,65536,21705.94
native,0,inter_GCD2_GCD2,nid005014,nid007968,2,2,inter_node,nic_via_xgmi,NA,2,131072,22600.33
native,0,inter_GCD2_GCD2,nid005014,nid007968,2,2,inter_node,nic_via_xgmi,NA,2,262144,22758.26
native,0,inter_GCD2_GCD2,nid005014,nid007968,2,2,inter_node,nic_via_xgmi,NA,2,524288,22951.25
native,0,inter_GCD2_GCD2,nid005014,nid007968,2,2,inter_node,nic_via_xgmi,NA,2,1048576,22837.75
native,0,inter_GCD2_GCD2,nid005014,nid007968,2,2,inter_node,nic_via_xgmi,NA,2,2097152,23028.11
native,0,inter_GCD2_GCD2,nid005014,nid007968,2,2,inter_node,nic_via_xgmi,NA,2,4194304,22987.60
native,0,inter_GCD2_GCD2,nid005014,nid007968,2,2,inter_node,nic_via_xgmi,NA,2,8388608,22975.62
native,0,inter_GCD2_GCD2,nid005014,nid007968,2,2,inter_node,nic_via_xgmi,NA,2,16777216,23009.95
native,0,inter_GCD2_GCD2,nid005014,nid007968,2,2,inter_node,nic_via_xgmi,NA,2,33554432,23116.45
native,0,inter_GCD2_GCD2,nid005014,nid007968,2,2,inter_node,nic_via_xgmi,NA,2,67108864,23067.56
native,0,inter_GCD2_GCD2,nid005014,nid007968,2,2,inter_node,nic_via_xgmi,NA,3,1,1.43
native,0,inter_GCD2_GCD2,nid005014,nid007968,2,2,inter_node,nic_via_xgmi,NA,3,2,2.87
native,0,inter_GCD2_GCD2,nid005014,nid007968,2,2,inter_node,nic_via_xgmi,NA,3,4,5.78
native,0,inter_GCD2_GCD2,nid005014,nid007968,2,2,inter_node,nic_via_xgmi,NA,3,8,11.60
native,0,inter_GCD2_GCD2,nid005014,nid007968,2,2,inter_node,nic_via_xgmi,NA,3,16,23.12
native,0,inter_GCD2_GCD2,nid005014,nid007968,2,2,inter_node,nic_via_xgmi,NA,3,32,46.31
native,0,inter_GCD2_GCD2,nid005014,nid007968,2,2,inter_node,nic_via_xgmi,NA,3,64,91.96
native,0,inter_GCD2_GCD2,nid005014,nid007968,2,2,inter_node,nic_via_xgmi,NA,3,128,183.84
native,0,inter_GCD2_GCD2,nid005014,nid007968,2,2,inter_node,nic_via_xgmi,NA,3,256,371.41
native,0,inter_GCD2_GCD2,nid005014,nid007968,2,2,inter_node,nic_via_xgmi,NA,3,512,738.15
native,0,inter_GCD2_GCD2,nid005014,nid007968,2,2,inter_node,nic_via_xgmi,NA,3,1024,1476.57
native,0,inter_GCD2_GCD2,nid005014,nid007968,2,2,inter_node,nic_via_xgmi,NA,3,2048,2941.69
native,0,inter_GCD2_GCD2,nid005014,nid007968,2,2,inter_node,nic_via_xgmi,NA,3,4096,5859.34
native,0,inter_GCD2_GCD2,nid005014,nid007968,2,2,inter_node,nic_via_xgmi,NA,3,8192,11615.90
native,0,inter_GCD2_GCD2,nid005014,nid007968,2,2,inter_node,nic_via_xgmi,NA,3,16384,18784.78
native,0,inter_GCD2_GCD2,nid005014,nid007968,2,2,inter_node,nic_via_xgmi,NA,3,32768,18679.78
native,0,inter_GCD2_GCD2,nid005014,nid007968,2,2,inter_node,nic_via_xgmi,NA,3,65536,21717.35
native,0,inter_GCD2_GCD2,nid005014,nid007968,2,2,inter_node,nic_via_xgmi,NA,3,131072,22599.78
native,0,inter_GCD2_GCD2,nid005014,nid007968,2,2,inter_node,nic_via_xgmi,NA,3,262144,22741.44
native,0,inter_GCD2_GCD2,nid005014,nid007968,2,2,inter_node,nic_via_xgmi,NA,3,524288,22935.19
native,0,inter_GCD2_GCD2,nid005014,nid007968,2,2,inter_node,nic_via_xgmi,NA,3,1048576,22908.60
native,0,inter_GCD2_GCD2,nid005014,nid007968,2,2,inter_node,nic_via_xgmi,NA,3,2097152,23046.64
native,0,inter_GCD2_GCD2,nid005014,nid007968,2,2,inter_node,nic_via_xgmi,NA,3,4194304,23046.17
native,0,inter_GCD2_GCD2,nid005014,nid007968,2,2,inter_node,nic_via_xgmi,NA,3,8388608,23060.73
native,0,inter_GCD2_GCD2,nid005014,nid007968,2,2,inter_node,nic_via_xgmi,NA,3,16777216,22938.50
native,0,inter_GCD2_GCD2,nid005014,nid007968,2,2,inter_node,nic_via_xgmi,NA,3,33554432,23055.54
native,0,inter_GCD2_GCD2,nid005014,nid007968,2,2,inter_node,nic_via_xgmi,NA,3,67108864,22970.39
native,0,inter_GCD2_GCD2,nid005014,nid007968,2,2,inter_node,nic_via_xgmi,NA,4,1,1.44
native,0,inter_GCD2_GCD2,nid005014,nid007968,2,2,inter_node,nic_via_xgmi,NA,4,2,2.89
native,0,inter_GCD2_GCD2,nid005014,nid007968,2,2,inter_node,nic_via_xgmi,NA,4,4,5.81
native,0,inter_GCD2_GCD2,nid005014,nid007968,2,2,inter_node,nic_via_xgmi,NA,4,8,11.64
native,0,inter_GCD2_GCD2,nid005014,nid007968,2,2,inter_node,nic_via_xgmi,NA,4,16,23.26
native,0,inter_GCD2_GCD2,nid005014,nid007968,2,2,inter_node,nic_via_xgmi,NA,4,32,46.52
native,0,inter_GCD2_GCD2,nid005014,nid007968,2,2,inter_node,nic_via_xgmi,NA,4,64,92.89
native,0,inter_GCD2_GCD2,nid005014,nid007968,2,2,inter_node,nic_via_xgmi,NA,4,128,184.54
native,0,inter_GCD2_GCD2,nid005014,nid007968,2,2,inter_node,nic_via_xgmi,NA,4,256,375.48
native,0,inter_GCD2_GCD2,nid005014,nid007968,2,2,inter_node,nic_via_xgmi,NA,4,512,748.15
native,0,inter_GCD2_GCD2,nid005014,nid007968,2,2,inter_node,nic_via_xgmi,NA,4,1024,1491.36
native,0,inter_GCD2_GCD2,nid005014,nid007968,2,2,inter_node,nic_via_xgmi,NA,4,2048,2971.51
native,0,inter_GCD2_GCD2,nid005014,nid007968,2,2,inter_node,nic_via_xgmi,NA,4,4096,5930.38
native,0,inter_GCD2_GCD2,nid005014,nid007968,2,2,inter_node,nic_via_xgmi,NA,4,8192,11748.08
native,0,inter_GCD2_GCD2,nid005014,nid007968,2,2,inter_node,nic_via_xgmi,NA,4,16384,18727.99
native,0,inter_GCD2_GCD2,nid005014,nid007968,2,2,inter_node,nic_via_xgmi,NA,4,32768,18610.29
native,0,inter_GCD2_GCD2,nid005014,nid007968,2,2,inter_node,nic_via_xgmi,NA,4,65536,21710.75
native,0,inter_GCD2_GCD2,nid005014,nid007968,2,2,inter_node,nic_via_xgmi,NA,4,131072,22599.60
native,0,inter_GCD2_GCD2,nid005014,nid007968,2,2,inter_node,nic_via_xgmi,NA,4,262144,22692.53
native,0,inter_GCD2_GCD2,nid005014,nid007968,2,2,inter_node,nic_via_xgmi,NA,4,524288,22833.33
native,0,inter_GCD2_GCD2,nid005014,nid007968,2,2,inter_node,nic_via_xgmi,NA,4,1048576,22995.38
native,0,inter_GCD2_GCD2,nid005014,nid007968,2,2,inter_node,nic_via_xgmi,NA,4,2097152,22837.62
native,0,inter_GCD2_GCD2,nid005014,nid007968,2,2,inter_node,nic_via_xgmi,NA,4,4194304,22997.06
native,0,inter_GCD2_GCD2,nid005014,nid007968,2,2,inter_node,nic_via_xgmi,NA,4,8388608,23103.24
native,0,inter_GCD2_GCD2,nid005014,nid007968,2,2,inter_node,nic_via_xgmi,NA,4,16777216,23124.47
native,0,inter_GCD2_GCD2,nid005014,nid007968,2,2,inter_node,nic_via_xgmi,NA,4,33554432,23113.90
native,0,inter_GCD2_GCD2,nid005014,nid007968,2,2,inter_node,nic_via_xgmi,NA,4,67108864,23048.27
native,0,inter_GCD2_GCD2,nid005014,nid007968,2,2,inter_node,nic_via_xgmi,NA,5,1,1.44
native,0,inter_GCD2_GCD2,nid005014,nid007968,2,2,inter_node,nic_via_xgmi,NA,5,2,2.90
native,0,inter_GCD2_GCD2,nid005014,nid007968,2,2,inter_node,nic_via_xgmi,NA,5,4,5.82
native,0,inter_GCD2_GCD2,nid005014,nid007968,2,2,inter_node,nic_via_xgmi,NA,5,8,11.63
native,0,inter_GCD2_GCD2,nid005014,nid007968,2,2,inter_node,nic_via_xgmi,NA,5,16,23.31
native,0,inter_GCD2_GCD2,nid005014,nid007968,2,2,inter_node,nic_via_xgmi,NA,5,32,46.58
native,0,inter_GCD2_GCD2,nid005014,nid007968,2,2,inter_node,nic_via_xgmi,NA,5,64,92.98
native,0,inter_GCD2_GCD2,nid005014,nid007968,2,2,inter_node,nic_via_xgmi,NA,5,128,180.87
native,0,inter_GCD2_GCD2,nid005014,nid007968,2,2,inter_node,nic_via_xgmi,NA,5,256,373.31
native,0,inter_GCD2_GCD2,nid005014,nid007968,2,2,inter_node,nic_via_xgmi,NA,5,512,743.44
native,0,inter_GCD2_GCD2,nid005014,nid007968,2,2,inter_node,nic_via_xgmi,NA,5,1024,1481.67
native,0,inter_GCD2_GCD2,nid005014,nid007968,2,2,inter_node,nic_via_xgmi,NA,5,2048,2957.71
native,0,inter_GCD2_GCD2,nid005014,nid007968,2,2,inter_node,nic_via_xgmi,NA,5,4096,5883.79
native,0,inter_GCD2_GCD2,nid005014,nid007968,2,2,inter_node,nic_via_xgmi,NA,5,8192,11689.62
native,0,inter_GCD2_GCD2,nid005014,nid007968,2,2,inter_node,nic_via_xgmi,NA,5,16384,18911.78
native,0,inter_GCD2_GCD2,nid005014,nid007968,2,2,inter_node,nic_via_xgmi,NA,5,32768,18713.78
native,0,inter_GCD2_GCD2,nid005014,nid007968,2,2,inter_node,nic_via_xgmi,NA,5,65536,21772.53
native,0,inter_GCD2_GCD2,nid005014,nid007968,2,2,inter_node,nic_via_xgmi,NA,5,131072,22605.95
native,0,inter_GCD2_GCD2,nid005014,nid007968,2,2,inter_node,nic_via_xgmi,NA,5,262144,22829.85
native,0,inter_GCD2_GCD2,nid005014,nid007968,2,2,inter_node,nic_via_xgmi,NA,5,524288,22855.12
native,0,inter_GCD2_GCD2,nid005014,nid007968,2,2,inter_node,nic_via_xgmi,NA,5,1048576,22966.76
native,0,inter_GCD2_GCD2,nid005014,nid007968,2,2,inter_node,nic_via_xgmi,NA,5,2097152,23070.62
native,0,inter_GCD2_GCD2,nid005014,nid007968,2,2,inter_node,nic_via_xgmi,NA,5,4194304,22990.03
native,0,inter_GCD2_GCD2,nid005014,nid007968,2,2,inter_node,nic_via_xgmi,NA,5,8388608,22974.22
native,0,inter_GCD2_GCD2,nid005014,nid007968,2,2,inter_node,nic_via_xgmi,NA,5,16777216,22991.24
native,0,inter_GCD2_GCD2,nid005014,nid007968,2,2,inter_node,nic_via_xgmi,NA,5,33554432,23001.30
native,0,inter_GCD2_GCD2,nid005014,nid007968,2,2,inter_node,nic_via_xgmi,NA,5,67108864,23065.16
native,0,inter_GCD2_GCD2,nid005014,nid007968,2,2,inter_node,nic_via_xgmi,NA,6,1,1.42
native,0,inter_GCD2_GCD2,nid005014,nid007968,2,2,inter_node,nic_via_xgmi,NA,6,2,2.84
native,0,inter_GCD2_GCD2,nid005014,nid007968,2,2,inter_node,nic_via_xgmi,NA,6,4,5.72
native,0,inter_GCD2_GCD2,nid005014,nid007968,2,2,inter_node,nic_via_xgmi,NA,6,8,11.39
native,0,inter_GCD2_GCD2,nid005014,nid007968,2,2,inter_node,nic_via_xgmi,NA,6,16,22.83
native,0,inter_GCD2_GCD2,nid005014,nid007968,2,2,inter_node,nic_via_xgmi,NA,6,32,45.30
native,0,inter_GCD2_GCD2,nid005014,nid007968,2,2,inter_node,nic_via_xgmi,NA,6,64,90.78
native,0,inter_GCD2_GCD2,nid005014,nid007968,2,2,inter_node,nic_via_xgmi,NA,6,128,181.28
native,0,inter_GCD2_GCD2,nid005014,nid007968,2,2,inter_node,nic_via_xgmi,NA,6,256,368.81
native,0,inter_GCD2_GCD2,nid005014,nid007968,2,2,inter_node,nic_via_xgmi,NA,6,512,735.13
native,0,inter_GCD2_GCD2,nid005014,nid007968,2,2,inter_node,nic_via_xgmi,NA,6,1024,1471.48
native,0,inter_GCD2_GCD2,nid005014,nid007968,2,2,inter_node,nic_via_xgmi,NA,6,2048,2919.46
native,0,inter_GCD2_GCD2,nid005014,nid007968,2,2,inter_node,nic_via_xgmi,NA,6,4096,5843.54
native,0,inter_GCD2_GCD2,nid005014,nid007968,2,2,inter_node,nic_via_xgmi,NA,6,8192,11590.79
native,0,inter_GCD2_GCD2,nid005014,nid007968,2,2,inter_node,nic_via_xgmi,NA,6,16384,18839.21
native,0,inter_GCD2_GCD2,nid005014,nid007968,2,2,inter_node,nic_via_xgmi,NA,6,32768,18647.55
native,0,inter_GCD2_GCD2,nid005014,nid007968,2,2,inter_node,nic_via_xgmi,NA,6,65536,21706.22
native,0,inter_GCD2_GCD2,nid005014,nid007968,2,2,inter_node,nic_via_xgmi,NA,6,131072,22602.20
native,0,inter_GCD2_GCD2,nid005014,nid007968,2,2,inter_node,nic_via_xgmi,NA,6,262144,22742.24
native,0,inter_GCD2_GCD2,nid005014,nid007968,2,2,inter_node,nic_via_xgmi,NA,6,524288,22901.22
native,0,inter_GCD2_GCD2,nid005014,nid007968,2,2,inter_node,nic_via_xgmi,NA,6,1048576,23017.15
native,0,inter_GCD2_GCD2,nid005014,nid007968,2,2,inter_node,nic_via_xgmi,NA,6,2097152,23103.76
native,0,inter_GCD2_GCD2,nid005014,nid007968,2,2,inter_node,nic_via_xgmi,NA,6,4194304,23066.45
native,0,inter_GCD2_GCD2,nid005014,nid007968,2,2,inter_node,nic_via_xgmi,NA,6,8388608,23065.95
native,0,inter_GCD2_GCD2,nid005014,nid007968,2,2,inter_node,nic_via_xgmi,NA,6,16777216,23132.49
native,0,inter_GCD2_GCD2,nid005014,nid007968,2,2,inter_node,nic_via_xgmi,NA,6,33554432,23083.21
native,0,inter_GCD2_GCD2,nid005014,nid007968,2,2,inter_node,nic_via_xgmi,NA,6,67108864,23024.76
native,0,inter_GCD4_GCD4,nid005014,nid007968,4,4,inter_node,nic_via_xgmi,NA,2,1,1.43
native,0,inter_GCD4_GCD4,nid005014,nid007968,4,4,inter_node,nic_via_xgmi,NA,2,2,2.88
native,0,inter_GCD4_GCD4,nid005014,nid007968,4,4,inter_node,nic_via_xgmi,NA,2,4,5.76
native,0,inter_GCD4_GCD4,nid005014,nid007968,4,4,inter_node,nic_via_xgmi,NA,2,8,11.56
native,0,inter_GCD4_GCD4,nid005014,nid007968,4,4,inter_node,nic_via_xgmi,NA,2,16,23.04
native,0,inter_GCD4_GCD4,nid005014,nid007968,4,4,inter_node,nic_via_xgmi,NA,2,32,46.14
native,0,inter_GCD4_GCD4,nid005014,nid007968,4,4,inter_node,nic_via_xgmi,NA,2,64,92.16
native,0,inter_GCD4_GCD4,nid005014,nid007968,4,4,inter_node,nic_via_xgmi,NA,2,128,183.50
native,0,inter_GCD4_GCD4,nid005014,nid007968,4,4,inter_node,nic_via_xgmi,NA,2,256,373.56
native,0,inter_GCD4_GCD4,nid005014,nid007968,4,4,inter_node,nic_via_xgmi,NA,2,512,746.56
native,0,inter_GCD4_GCD4,nid005014,nid007968,4,4,inter_node,nic_via_xgmi,NA,2,1024,1481.82
native,0,inter_GCD4_GCD4,nid005014,nid007968,4,4,inter_node,nic_via_xgmi,NA,2,2048,2955.68
native,0,inter_GCD4_GCD4,nid005014,nid007968,4,4,inter_node,nic_via_xgmi,NA,2,4096,5897.01
native,0,inter_GCD4_GCD4,nid005014,nid007968,4,4,inter_node,nic_via_xgmi,NA,2,8192,11719.72
native,0,inter_GCD4_GCD4,nid005014,nid007968,4,4,inter_node,nic_via_xgmi,NA,2,16384,18917.05
native,0,inter_GCD4_GCD4,nid005014,nid007968,4,4,inter_node,nic_via_xgmi,NA,2,32768,18867.24
native,0,inter_GCD4_GCD4,nid005014,nid007968,4,4,inter_node,nic_via_xgmi,NA,2,65536,21718.83
native,0,inter_GCD4_GCD4,nid005014,nid007968,4,4,inter_node,nic_via_xgmi,NA,2,131072,22601.48
native,0,inter_GCD4_GCD4,nid005014,nid007968,4,4,inter_node,nic_via_xgmi,NA,2,262144,22830.52
native,0,inter_GCD4_GCD4,nid005014,nid007968,4,4,inter_node,nic_via_xgmi,NA,2,524288,22833.47
native,0,inter_GCD4_GCD4,nid005014,nid007968,4,4,inter_node,nic_via_xgmi,NA,2,1048576,23082.48
native,0,inter_GCD4_GCD4,nid005014,nid007968,4,4,inter_node,nic_via_xgmi,NA,2,2097152,23170.60
native,0,inter_GCD4_GCD4,nid005014,nid007968,4,4,inter_node,nic_via_xgmi,NA,2,4194304,23202.74
native,0,inter_GCD4_GCD4,nid005014,nid007968,4,4,inter_node,nic_via_xgmi,NA,2,8388608,22982.57
native,0,inter_GCD4_GCD4,nid005014,nid007968,4,4,inter_node,nic_via_xgmi,NA,2,16777216,23106.30
native,0,inter_GCD4_GCD4,nid005014,nid007968,4,4,inter_node,nic_via_xgmi,NA,2,33554432,23034.46
native,0,inter_GCD4_GCD4,nid005014,nid007968,4,4,inter_node,nic_via_xgmi,NA,2,67108864,23116.00
native,0,inter_GCD4_GCD4,nid005014,nid007968,4,4,inter_node,nic_via_xgmi,NA,3,1,1.44
native,0,inter_GCD4_GCD4,nid005014,nid007968,4,4,inter_node,nic_via_xgmi,NA,3,2,2.90
native,0,inter_GCD4_GCD4,nid005014,nid007968,4,4,inter_node,nic_via_xgmi,NA,3,4,5.83
native,0,inter_GCD4_GCD4,nid005014,nid007968,4,4,inter_node,nic_via_xgmi,NA,3,8,11.64
native,0,inter_GCD4_GCD4,nid005014,nid007968,4,4,inter_node,nic_via_xgmi,NA,3,16,23.32
native,0,inter_GCD4_GCD4,nid005014,nid007968,4,4,inter_node,nic_via_xgmi,NA,3,32,46.67
native,0,inter_GCD4_GCD4,nid005014,nid007968,4,4,inter_node,nic_via_xgmi,NA,3,64,93.23
native,0,inter_GCD4_GCD4,nid005014,nid007968,4,4,inter_node,nic_via_xgmi,NA,3,128,185.34
native,0,inter_GCD4_GCD4,nid005014,nid007968,4,4,inter_node,nic_via_xgmi,NA,3,256,374.88
native,0,inter_GCD4_GCD4,nid005014,nid007968,4,4,inter_node,nic_via_xgmi,NA,3,512,740.76
native,0,inter_GCD4_GCD4,nid005014,nid007968,4,4,inter_node,nic_via_xgmi,NA,3,1024,1495.56
native,0,inter_GCD4_GCD4,nid005014,nid007968,4,4,inter_node,nic_via_xgmi,NA,3,2048,2974.55
native,0,inter_GCD4_GCD4,nid005014,nid007968,4,4,inter_node,nic_via_xgmi,NA,3,4096,5923.64
native,0,inter_GCD4_GCD4,nid005014,nid007968,4,4,inter_node,nic_via_xgmi,NA,3,8192,11736.23
native,0,inter_GCD4_GCD4,nid005014,nid007968,4,4,inter_node,nic_via_xgmi,NA,3,16384,18787.57
native,0,inter_GCD4_GCD4,nid005014,nid007968,4,4,inter_node,nic_via_xgmi,NA,3,32768,18764.58
native,0,inter_GCD4_GCD4,nid005014,nid007968,4,4,inter_node,nic_via_xgmi,NA,3,65536,21783.94
native,0,inter_GCD4_GCD4,nid005014,nid007968,4,4,inter_node,nic_via_xgmi,NA,3,131072,22599.12
native,0,inter_GCD4_GCD4,nid005014,nid007968,4,4,inter_node,nic_via_xgmi,NA,3,262144,22818.00
native,0,inter_GCD4_GCD4,nid005014,nid007968,4,4,inter_node,nic_via_xgmi,NA,3,524288,22906.58
native,0,inter_GCD4_GCD4,nid005014,nid007968,4,4,inter_node,nic_via_xgmi,NA,3,1048576,23009.12
native,0,inter_GCD4_GCD4,nid005014,nid007968,4,4,inter_node,nic_via_xgmi,NA,3,2097152,23013.72
native,0,inter_GCD4_GCD4,nid005014,nid007968,4,4,inter_node,nic_via_xgmi,NA,3,4194304,23053.64
native,0,inter_GCD4_GCD4,nid005014,nid007968,4,4,inter_node,nic_via_xgmi,NA,3,8388608,23126.69
native,0,inter_GCD4_GCD4,nid005014,nid007968,4,4,inter_node,nic_via_xgmi,NA,3,16777216,23053.55
native,0,inter_GCD4_GCD4,nid005014,nid007968,4,4,inter_node,nic_via_xgmi,NA,3,33554432,23118.95
native,0,inter_GCD4_GCD4,nid005014,nid007968,4,4,inter_node,nic_via_xgmi,NA,3,67108864,23164.47
native,0,inter_GCD4_GCD4,nid005014,nid007968,4,4,inter_node,nic_via_xgmi,NA,4,1,1.44
native,0,inter_GCD4_GCD4,nid005014,nid007968,4,4,inter_node,nic_via_xgmi,NA,4,2,2.90
native,0,inter_GCD4_GCD4,nid005014,nid007968,4,4,inter_node,nic_via_xgmi,NA,4,4,5.82
native,0,inter_GCD4_GCD4,nid005014,nid007968,4,4,inter_node,nic_via_xgmi,NA,4,8,11.66
native,0,inter_GCD4_GCD4,nid005014,nid007968,4,4,inter_node,nic_via_xgmi,NA,4,16,23.26
native,0,inter_GCD4_GCD4,nid005014,nid007968,4,4,inter_node,nic_via_xgmi,NA,4,32,46.37
native,0,inter_GCD4_GCD4,nid005014,nid007968,4,4,inter_node,nic_via_xgmi,NA,4,64,92.94
native,0,inter_GCD4_GCD4,nid005014,nid007968,4,4,inter_node,nic_via_xgmi,NA,4,128,183.53
native,0,inter_GCD4_GCD4,nid005014,nid007968,4,4,inter_node,nic_via_xgmi,NA,4,256,376.01
native,0,inter_GCD4_GCD4,nid005014,nid007968,4,4,inter_node,nic_via_xgmi,NA,4,512,750.29
native,0,inter_GCD4_GCD4,nid005014,nid007968,4,4,inter_node,nic_via_xgmi,NA,4,1024,1501.98
native,0,inter_GCD4_GCD4,nid005014,nid007968,4,4,inter_node,nic_via_xgmi,NA,4,2048,2986.87
native,0,inter_GCD4_GCD4,nid005014,nid007968,4,4,inter_node,nic_via_xgmi,NA,4,4096,5951.00
native,0,inter_GCD4_GCD4,nid005014,nid007968,4,4,inter_node,nic_via_xgmi,NA,4,8192,11788.64
native,0,inter_GCD4_GCD4,nid005014,nid007968,4,4,inter_node,nic_via_xgmi,NA,4,16384,18789.23
native,0,inter_GCD4_GCD4,nid005014,nid007968,4,4,inter_node,nic_via_xgmi,NA,4,32768,18856.65
native,0,inter_GCD4_GCD4,nid005014,nid007968,4,4,inter_node,nic_via_xgmi,NA,4,65536,21770.50
native,0,inter_GCD4_GCD4,nid005014,nid007968,4,4,inter_node,nic_via_xgmi,NA,4,131072,22605.06
native,0,inter_GCD4_GCD4,nid005014,nid007968,4,4,inter_node,nic_via_xgmi,NA,4,262144,22786.99
native,0,inter_GCD4_GCD4,nid005014,nid007968,4,4,inter_node,nic_via_xgmi,NA,4,524288,22934.20
native,0,inter_GCD4_GCD4,nid005014,nid007968,4,4,inter_node,nic_via_xgmi,NA,4,1048576,23112.08
native,0,inter_GCD4_GCD4,nid005014,nid007968,4,4,inter_node,nic_via_xgmi,NA,4,2097152,23055.45
native,0,inter_GCD4_GCD4,nid005014,nid007968,4,4,inter_node,nic_via_xgmi,NA,4,4194304,23183.24
native,0,inter_GCD4_GCD4,nid005014,nid007968,4,4,inter_node,nic_via_xgmi,NA,4,8388608,23239.80
native,0,inter_GCD4_GCD4,nid005014,nid007968,4,4,inter_node,nic_via_xgmi,NA,4,16777216,23186.24
native,0,inter_GCD4_GCD4,nid005014,nid007968,4,4,inter_node,nic_via_xgmi,NA,4,33554432,23118.89
native,0,inter_GCD4_GCD4,nid005014,nid007968,4,4,inter_node,nic_via_xgmi,NA,4,67108864,23003.92
native,0,inter_GCD4_GCD4,nid005014,nid007968,4,4,inter_node,nic_via_xgmi,NA,5,1,1.43
native,0,inter_GCD4_GCD4,nid005014,nid007968,4,4,inter_node,nic_via_xgmi,NA,5,2,2.86
native,0,inter_GCD4_GCD4,nid005014,nid007968,4,4,inter_node,nic_via_xgmi,NA,5,4,5.76
native,0,inter_GCD4_GCD4,nid005014,nid007968,4,4,inter_node,nic_via_xgmi,NA,5,8,11.55
native,0,inter_GCD4_GCD4,nid005014,nid007968,4,4,inter_node,nic_via_xgmi,NA,5,16,23.05
native,0,inter_GCD4_GCD4,nid005014,nid007968,4,4,inter_node,nic_via_xgmi,NA,5,32,46.21
native,0,inter_GCD4_GCD4,nid005014,nid007968,4,4,inter_node,nic_via_xgmi,NA,5,64,92.05
native,0,inter_GCD4_GCD4,nid005014,nid007968,4,4,inter_node,nic_via_xgmi,NA,5,128,183.78
native,0,inter_GCD4_GCD4,nid005014,nid007968,4,4,inter_node,nic_via_xgmi,NA,5,256,371.50
native,0,inter_GCD4_GCD4,nid005014,nid007968,4,4,inter_node,nic_via_xgmi,NA,5,512,740.79
native,0,inter_GCD4_GCD4,nid005014,nid007968,4,4,inter_node,nic_via_xgmi,NA,5,1024,1480.93
native,0,inter_GCD4_GCD4,nid005014,nid007968,4,4,inter_node,nic_via_xgmi,NA,5,2048,2944.60
native,0,inter_GCD4_GCD4,nid005014,nid007968,4,4,inter_node,nic_via_xgmi,NA,5,4096,5878.64
native,0,inter_GCD4_GCD4,nid005014,nid007968,4,4,inter_node,nic_via_xgmi,NA,5,8192,11633.07
native,0,inter_GCD4_GCD4,nid005014,nid007968,4,4,inter_node,nic_via_xgmi,NA,5,16384,18671.05
native,0,inter_GCD4_GCD4,nid005014,nid007968,4,4,inter_node,nic_via_xgmi,NA,5,32768,18900.03
native,0,inter_GCD4_GCD4,nid005014,nid007968,4,4,inter_node,nic_via_xgmi,NA,5,65536,21782.69
native,0,inter_GCD4_GCD4,nid005014,nid007968,4,4,inter_node,nic_via_xgmi,NA,5,131072,22599.77
native,0,inter_GCD4_GCD4,nid005014,nid007968,4,4,inter_node,nic_via_xgmi,NA,5,262144,22840.36
native,0,inter_GCD4_GCD4,nid005014,nid007968,4,4,inter_node,nic_via_xgmi,NA,5,524288,23048.53
native,0,inter_GCD4_GCD4,nid005014,nid007968,4,4,inter_node,nic_via_xgmi,NA,5,1048576,23007.25
native,0,inter_GCD4_GCD4,nid005014,nid007968,4,4,inter_node,nic_via_xgmi,NA,5,2097152,22958.25
native,0,inter_GCD4_GCD4,nid005014,nid007968,4,4,inter_node,nic_via_xgmi,NA,5,4194304,23140.93
native,0,inter_GCD4_GCD4,nid005014,nid007968,4,4,inter_node,nic_via_xgmi,NA,5,8388608,23203.00
native,0,inter_GCD4_GCD4,nid005014,nid007968,4,4,inter_node,nic_via_xgmi,NA,5,16777216,23123.74
native,0,inter_GCD4_GCD4,nid005014,nid007968,4,4,inter_node,nic_via_xgmi,NA,5,33554432,23191.15
native,0,inter_GCD4_GCD4,nid005014,nid007968,4,4,inter_node,nic_via_xgmi,NA,5,67108864,23104.43
native,0,inter_GCD4_GCD4,nid005014,nid007968,4,4,inter_node,nic_via_xgmi,NA,6,1,1.42
native,0,inter_GCD4_GCD4,nid005014,nid007968,4,4,inter_node,nic_via_xgmi,NA,6,2,2.86
native,0,inter_GCD4_GCD4,nid005014,nid007968,4,4,inter_node,nic_via_xgmi,NA,6,4,5.73
native,0,inter_GCD4_GCD4,nid005014,nid007968,4,4,inter_node,nic_via_xgmi,NA,6,8,11.51
native,0,inter_GCD4_GCD4,nid005014,nid007968,4,4,inter_node,nic_via_xgmi,NA,6,16,23.00
native,0,inter_GCD4_GCD4,nid005014,nid007968,4,4,inter_node,nic_via_xgmi,NA,6,32,46.10
native,0,inter_GCD4_GCD4,nid005014,nid007968,4,4,inter_node,nic_via_xgmi,NA,6,64,91.78
native,0,inter_GCD4_GCD4,nid005014,nid007968,4,4,inter_node,nic_via_xgmi,NA,6,128,182.33
native,0,inter_GCD4_GCD4,nid005014,nid007968,4,4,inter_node,nic_via_xgmi,NA,6,256,371.26
native,0,inter_GCD4_GCD4,nid005014,nid007968,4,4,inter_node,nic_via_xgmi,NA,6,512,740.29
native,0,inter_GCD4_GCD4,nid005014,nid007968,4,4,inter_node,nic_via_xgmi,NA,6,1024,1472.14
native,0,inter_GCD4_GCD4,nid005014,nid007968,4,4,inter_node,nic_via_xgmi,NA,6,2048,2928.43
native,0,inter_GCD4_GCD4,nid005014,nid007968,4,4,inter_node,nic_via_xgmi,NA,6,4096,5839.86
native,0,inter_GCD4_GCD4,nid005014,nid007968,4,4,inter_node,nic_via_xgmi,NA,6,8192,11604.32
native,0,inter_GCD4_GCD4,nid005014,nid007968,4,4,inter_node,nic_via_xgmi,NA,6,16384,18868.71
native,0,inter_GCD4_GCD4,nid005014,nid007968,4,4,inter_node,nic_via_xgmi,NA,6,32768,19034.71
native,0,inter_GCD4_GCD4,nid005014,nid007968,4,4,inter_node,nic_via_xgmi,NA,6,65536,21767.11
native,0,inter_GCD4_GCD4,nid005014,nid007968,4,4,inter_node,nic_via_xgmi,NA,6,131072,22610.50
native,0,inter_GCD4_GCD4,nid005014,nid007968,4,4,inter_node,nic_via_xgmi,NA,6,262144,22804.96
native,0,inter_GCD4_GCD4,nid005014,nid007968,4,4,inter_node,nic_via_xgmi,NA,6,524288,22886.41
native,0,inter_GCD4_GCD4,nid005014,nid007968,4,4,inter_node,nic_via_xgmi,NA,6,1048576,23168.15
native,0,inter_GCD4_GCD4,nid005014,nid007968,4,4,inter_node,nic_via_xgmi,NA,6,2097152,23071.55
native,0,inter_GCD4_GCD4,nid005014,nid007968,4,4,inter_node,nic_via_xgmi,NA,6,4194304,23017.98
native,0,inter_GCD4_GCD4,nid005014,nid007968,4,4,inter_node,nic_via_xgmi,NA,6,8388608,23074.01
native,0,inter_GCD4_GCD4,nid005014,nid007968,4,4,inter_node,nic_via_xgmi,NA,6,16777216,23025.45
native,0,inter_GCD4_GCD4,nid005014,nid007968,4,4,inter_node,nic_via_xgmi,NA,6,33554432,23137.01
native,0,inter_GCD4_GCD4,nid005014,nid007968,4,4,inter_node,nic_via_xgmi,NA,6,67108864,23129.41
native,0,inter_GCD6_GCD6,nid005014,nid007968,6,6,inter_node,nic_via_xgmi,NA,2,1,1.44
native,0,inter_GCD6_GCD6,nid005014,nid007968,6,6,inter_node,nic_via_xgmi,NA,2,2,2.89
native,0,inter_GCD6_GCD6,nid005014,nid007968,6,6,inter_node,nic_via_xgmi,NA,2,4,5.78
native,0,inter_GCD6_GCD6,nid005014,nid007968,6,6,inter_node,nic_via_xgmi,NA,2,8,11.58
native,0,inter_GCD6_GCD6,nid005014,nid007968,6,6,inter_node,nic_via_xgmi,NA,2,16,23.14
native,0,inter_GCD6_GCD6,nid005014,nid007968,6,6,inter_node,nic_via_xgmi,NA,2,32,46.23
native,0,inter_GCD6_GCD6,nid005014,nid007968,6,6,inter_node,nic_via_xgmi,NA,2,64,92.34
native,0,inter_GCD6_GCD6,nid005014,nid007968,6,6,inter_node,nic_via_xgmi,NA,2,128,183.56
native,0,inter_GCD6_GCD6,nid005014,nid007968,6,6,inter_node,nic_via_xgmi,NA,2,256,373.11
native,0,inter_GCD6_GCD6,nid005014,nid007968,6,6,inter_node,nic_via_xgmi,NA,2,512,740.73
native,0,inter_GCD6_GCD6,nid005014,nid007968,6,6,inter_node,nic_via_xgmi,NA,2,1024,1477.60
native,0,inter_GCD6_GCD6,nid005014,nid007968,6,6,inter_node,nic_via_xgmi,NA,2,2048,2945.98
native,0,inter_GCD6_GCD6,nid005014,nid007968,6,6,inter_node,nic_via_xgmi,NA,2,4096,5885.72
native,0,inter_GCD6_GCD6,nid005014,nid007968,6,6,inter_node,nic_via_xgmi,NA,2,8192,11697.95
native,0,inter_GCD6_GCD6,nid005014,nid007968,6,6,inter_node,nic_via_xgmi,NA,2,16384,18800.32
native,0,inter_GCD6_GCD6,nid005014,nid007968,6,6,inter_node,nic_via_xgmi,NA,2,32768,17894.64
native,0,inter_GCD6_GCD6,nid005014,nid007968,6,6,inter_node,nic_via_xgmi,NA,2,65536,21499.87
native,0,inter_GCD6_GCD6,nid005014,nid007968,6,6,inter_node,nic_via_xgmi,NA,2,131072,22578.26
native,0,inter_GCD6_GCD6,nid005014,nid007968,6,6,inter_node,nic_via_xgmi,NA,2,262144,22863.01
native,0,inter_GCD6_GCD6,nid005014,nid007968,6,6,inter_node,nic_via_xgmi,NA,2,524288,22877.69
native,0,inter_GCD6_GCD6,nid005014,nid007968,6,6,inter_node,nic_via_xgmi,NA,2,1048576,23083.61
native,0,inter_GCD6_GCD6,nid005014,nid007968,6,6,inter_node,nic_via_xgmi,NA,2,2097152,23147.57
native,0,inter_GCD6_GCD6,nid005014,nid007968,6,6,inter_node,nic_via_xgmi,NA,2,4194304,23092.61
native,0,inter_GCD6_GCD6,nid005014,nid007968,6,6,inter_node,nic_via_xgmi,NA,2,8388608,23114.98
native,0,inter_GCD6_GCD6,nid005014,nid007968,6,6,inter_node,nic_via_xgmi,NA,2,16777216,23146.85
native,0,inter_GCD6_GCD6,nid005014,nid007968,6,6,inter_node,nic_via_xgmi,NA,2,33554432,23242.55
native,0,inter_GCD6_GCD6,nid005014,nid007968,6,6,inter_node,nic_via_xgmi,NA,2,67108864,23111.00
native,0,inter_GCD6_GCD6,nid005014,nid007968,6,6,inter_node,nic_via_xgmi,NA,3,1,1.44
native,0,inter_GCD6_GCD6,nid005014,nid007968,6,6,inter_node,nic_via_xgmi,NA,3,2,2.90
native,0,inter_GCD6_GCD6,nid005014,nid007968,6,6,inter_node,nic_via_xgmi,NA,3,4,5.82
native,0,inter_GCD6_GCD6,nid005014,nid007968,6,6,inter_node,nic_via_xgmi,NA,3,8,11.64
native,0,inter_GCD6_GCD6,nid005014,nid007968,6,6,inter_node,nic_via_xgmi,NA,3,16,23.39
native,0,inter_GCD6_GCD6,nid005014,nid007968,6,6,inter_node,nic_via_xgmi,NA,3,32,46.57
native,0,inter_GCD6_GCD6,nid005014,nid007968,6,6,inter_node,nic_via_xgmi,NA,3,64,92.55
native,0,inter_GCD6_GCD6,nid005014,nid007968,6,6,inter_node,nic_via_xgmi,NA,3,128,184.69
native,0,inter_GCD6_GCD6,nid005014,nid007968,6,6,inter_node,nic_via_xgmi,NA,3,256,372.61
native,0,inter_GCD6_GCD6,nid005014,nid007968,6,6,inter_node,nic_via_xgmi,NA,3,512,740.20
native,0,inter_GCD6_GCD6,nid005014,nid007968,6,6,inter_node,nic_via_xgmi,NA,3,1024,1477.96
native,0,inter_GCD6_GCD6,nid005014,nid007968,6,6,inter_node,nic_via_xgmi,NA,3,2048,2947.02
native,0,inter_GCD6_GCD6,nid005014,nid007968,6,6,inter_node,nic_via_xgmi,NA,3,4096,5871.51
native,0,inter_GCD6_GCD6,nid005014,nid007968,6,6,inter_node,nic_via_xgmi,NA,3,8192,11694.06
native,0,inter_GCD6_GCD6,nid005014,nid007968,6,6,inter_node,nic_via_xgmi,NA,3,16384,18699.47
native,0,inter_GCD6_GCD6,nid005014,nid007968,6,6,inter_node,nic_via_xgmi,NA,3,32768,17494.81
native,0,inter_GCD6_GCD6,nid005014,nid007968,6,6,inter_node,nic_via_xgmi,NA,3,65536,20807.66
native,0,inter_GCD6_GCD6,nid005014,nid007968,6,6,inter_node,nic_via_xgmi,NA,3,131072,22590.95
native,0,inter_GCD6_GCD6,nid005014,nid007968,6,6,inter_node,nic_via_xgmi,NA,3,262144,22737.97
native,0,inter_GCD6_GCD6,nid005014,nid007968,6,6,inter_node,nic_via_xgmi,NA,3,524288,22763.58
native,0,inter_GCD6_GCD6,nid005014,nid007968,6,6,inter_node,nic_via_xgmi,NA,3,1048576,22919.11
native,0,inter_GCD6_GCD6,nid005014,nid007968,6,6,inter_node,nic_via_xgmi,NA,3,2097152,22847.11
native,0,inter_GCD6_GCD6,nid005014,nid007968,6,6,inter_node,nic_via_xgmi,NA,3,4194304,22955.51
native,0,inter_GCD6_GCD6,nid005014,nid007968,6,6,inter_node,nic_via_xgmi,NA,3,8388608,22829.62
native,0,inter_GCD6_GCD6,nid005014,nid007968,6,6,inter_node,nic_via_xgmi,NA,3,16777216,23010.41
native,0,inter_GCD6_GCD6,nid005014,nid007968,6,6,inter_node,nic_via_xgmi,NA,3,33554432,23044.44
native,0,inter_GCD6_GCD6,nid005014,nid007968,6,6,inter_node,nic_via_xgmi,NA,3,67108864,22999.04
native,0,inter_GCD6_GCD6,nid005014,nid007968,6,6,inter_node,nic_via_xgmi,NA,4,1,1.42
native,0,inter_GCD6_GCD6,nid005014,nid007968,6,6,inter_node,nic_via_xgmi,NA,4,2,2.84
native,0,inter_GCD6_GCD6,nid005014,nid007968,6,6,inter_node,nic_via_xgmi,NA,4,4,5.70
native,0,inter_GCD6_GCD6,nid005014,nid007968,6,6,inter_node,nic_via_xgmi,NA,4,8,11.42
native,0,inter_GCD6_GCD6,nid005014,nid007968,6,6,inter_node,nic_via_xgmi,NA,4,16,22.77
native,0,inter_GCD6_GCD6,nid005014,nid007968,6,6,inter_node,nic_via_xgmi,NA,4,32,45.54
native,0,inter_GCD6_GCD6,nid005014,nid007968,6,6,inter_node,nic_via_xgmi,NA,4,64,91.03
native,0,inter_GCD6_GCD6,nid005014,nid007968,6,6,inter_node,nic_via_xgmi,NA,4,128,180.39
native,0,inter_GCD6_GCD6,nid005014,nid007968,6,6,inter_node,nic_via_xgmi,NA,4,256,359.69
native,0,inter_GCD6_GCD6,nid005014,nid007968,6,6,inter_node,nic_via_xgmi,NA,4,512,737.09
native,0,inter_GCD6_GCD6,nid005014,nid007968,6,6,inter_node,nic_via_xgmi,NA,4,1024,1470.73
native,0,inter_GCD6_GCD6,nid005014,nid007968,6,6,inter_node,nic_via_xgmi,NA,4,2048,2933.50
native,0,inter_GCD6_GCD6,nid005014,nid007968,6,6,inter_node,nic_via_xgmi,NA,4,4096,5872.59
native,0,inter_GCD6_GCD6,nid005014,nid007968,6,6,inter_node,nic_via_xgmi,NA,4,8192,11684.50
native,0,inter_GCD6_GCD6,nid005014,nid007968,6,6,inter_node,nic_via_xgmi,NA,4,16384,18746.34
native,0,inter_GCD6_GCD6,nid005014,nid007968,6,6,inter_node,nic_via_xgmi,NA,4,32768,17888.92
native,0,inter_GCD6_GCD6,nid005014,nid007968,6,6,inter_node,nic_via_xgmi,NA,4,65536,21523.51
native,0,inter_GCD6_GCD6,nid005014,nid007968,6,6,inter_node,nic_via_xgmi,NA,4,131072,22587.52
native,0,inter_GCD6_GCD6,nid005014,nid007968,6,6,inter_node,nic_via_xgmi,NA,4,262144,22828.66
native,0,inter_GCD6_GCD6,nid005014,nid007968,6,6,inter_node,nic_via_xgmi,NA,4,524288,23047.83
native,0,inter_GCD6_GCD6,nid005014,nid007968,6,6,inter_node,nic_via_xgmi,NA,4,1048576,23065.30
native,0,inter_GCD6_GCD6,nid005014,nid007968,6,6,inter_node,nic_via_xgmi,NA,4,2097152,23040.96
native,0,inter_GCD6_GCD6,nid005014,nid007968,6,6,inter_node,nic_via_xgmi,NA,4,4194304,23017.15
native,0,inter_GCD6_GCD6,nid005014,nid007968,6,6,inter_node,nic_via_xgmi,NA,4,8388608,23262.06
native,0,inter_GCD6_GCD6,nid005014,nid007968,6,6,inter_node,nic_via_xgmi,NA,4,16777216,23263.53
native,0,inter_GCD6_GCD6,nid005014,nid007968,6,6,inter_node,nic_via_xgmi,NA,4,33554432,23097.71
native,0,inter_GCD6_GCD6,nid005014,nid007968,6,6,inter_node,nic_via_xgmi,NA,4,67108864,23036.72
native,0,inter_GCD6_GCD6,nid005014,nid007968,6,6,inter_node,nic_via_xgmi,NA,5,1,1.44
native,0,inter_GCD6_GCD6,nid005014,nid007968,6,6,inter_node,nic_via_xgmi,NA,5,2,2.90
native,0,inter_GCD6_GCD6,nid005014,nid007968,6,6,inter_node,nic_via_xgmi,NA,5,4,5.83
native,0,inter_GCD6_GCD6,nid005014,nid007968,6,6,inter_node,nic_via_xgmi,NA,5,8,11.66
native,0,inter_GCD6_GCD6,nid005014,nid007968,6,6,inter_node,nic_via_xgmi,NA,5,16,23.28
native,0,inter_GCD6_GCD6,nid005014,nid007968,6,6,inter_node,nic_via_xgmi,NA,5,32,46.67
native,0,inter_GCD6_GCD6,nid005014,nid007968,6,6,inter_node,nic_via_xgmi,NA,5,64,93.13
native,0,inter_GCD6_GCD6,nid005014,nid007968,6,6,inter_node,nic_via_xgmi,NA,5,128,184.70
native,0,inter_GCD6_GCD6,nid005014,nid007968,6,6,inter_node,nic_via_xgmi,NA,5,256,375.37
native,0,inter_GCD6_GCD6,nid005014,nid007968,6,6,inter_node,nic_via_xgmi,NA,5,512,742.47
native,0,inter_GCD6_GCD6,nid005014,nid007968,6,6,inter_node,nic_via_xgmi,NA,5,1024,1482.95
native,0,inter_GCD6_GCD6,nid005014,nid007968,6,6,inter_node,nic_via_xgmi,NA,5,2048,2956.32
native,0,inter_GCD6_GCD6,nid005014,nid007968,6,6,inter_node,nic_via_xgmi,NA,5,4096,5906.67
native,0,inter_GCD6_GCD6,nid005014,nid007968,6,6,inter_node,nic_via_xgmi,NA,5,8192,11676.39
native,0,inter_GCD6_GCD6,nid005014,nid007968,6,6,inter_node,nic_via_xgmi,NA,5,16384,18787.66
native,0,inter_GCD6_GCD6,nid005014,nid007968,6,6,inter_node,nic_via_xgmi,NA,5,32768,17738.50
native,0,inter_GCD6_GCD6,nid005014,nid007968,6,6,inter_node,nic_via_xgmi,NA,5,65536,21505.18
native,0,inter_GCD6_GCD6,nid005014,nid007968,6,6,inter_node,nic_via_xgmi,NA,5,131072,22594.88
native,0,inter_GCD6_GCD6,nid005014,nid007968,6,6,inter_node,nic_via_xgmi,NA,5,262144,22688.02
native,0,inter_GCD6_GCD6,nid005014,nid007968,6,6,inter_node,nic_via_xgmi,NA,5,524288,22756.08
native,0,inter_GCD6_GCD6,nid005014,nid007968,6,6,inter_node,nic_via_xgmi,NA,5,1048576,22975.85
native,0,inter_GCD6_GCD6,nid005014,nid007968,6,6,inter_node,nic_via_xgmi,NA,5,2097152,22859.31
native,0,inter_GCD6_GCD6,nid005014,nid007968,6,6,inter_node,nic_via_xgmi,NA,5,4194304,22896.51
native,0,inter_GCD6_GCD6,nid005014,nid007968,6,6,inter_node,nic_via_xgmi,NA,5,8388608,23022.97
native,0,inter_GCD6_GCD6,nid005014,nid007968,6,6,inter_node,nic_via_xgmi,NA,5,16777216,22950.21
native,0,inter_GCD6_GCD6,nid005014,nid007968,6,6,inter_node,nic_via_xgmi,NA,5,33554432,22954.60
native,0,inter_GCD6_GCD6,nid005014,nid007968,6,6,inter_node,nic_via_xgmi,NA,5,67108864,23037.93
native,0,inter_GCD6_GCD6,nid005014,nid007968,6,6,inter_node,nic_via_xgmi,NA,6,1,1.44
native,0,inter_GCD6_GCD6,nid005014,nid007968,6,6,inter_node,nic_via_xgmi,NA,6,2,2.89
native,0,inter_GCD6_GCD6,nid005014,nid007968,6,6,inter_node,nic_via_xgmi,NA,6,4,5.79
native,0,inter_GCD6_GCD6,nid005014,nid007968,6,6,inter_node,nic_via_xgmi,NA,6,8,11.64
native,0,inter_GCD6_GCD6,nid005014,nid007968,6,6,inter_node,nic_via_xgmi,NA,6,16,23.28
native,0,inter_GCD6_GCD6,nid005014,nid007968,6,6,inter_node,nic_via_xgmi,NA,6,32,46.54
native,0,inter_GCD6_GCD6,nid005014,nid007968,6,6,inter_node,nic_via_xgmi,NA,6,64,92.62
native,0,inter_GCD6_GCD6,nid005014,nid007968,6,6,inter_node,nic_via_xgmi,NA,6,128,184.24
native,0,inter_GCD6_GCD6,nid005014,nid007968,6,6,inter_node,nic_via_xgmi,NA,6,256,375.26
native,0,inter_GCD6_GCD6,nid005014,nid007968,6,6,inter_node,nic_via_xgmi,NA,6,512,748.37
native,0,inter_GCD6_GCD6,nid005014,nid007968,6,6,inter_node,nic_via_xgmi,NA,6,1024,1492.57
native,0,inter_GCD6_GCD6,nid005014,nid007968,6,6,inter_node,nic_via_xgmi,NA,6,2048,2971.06
native,0,inter_GCD6_GCD6,nid005014,nid007968,6,6,inter_node,nic_via_xgmi,NA,6,4096,5927.53
native,0,inter_GCD6_GCD6,nid005014,nid007968,6,6,inter_node,nic_via_xgmi,NA,6,8192,11763.97
native,0,inter_GCD6_GCD6,nid005014,nid007968,6,6,inter_node,nic_via_xgmi,NA,6,16384,18814.37
native,0,inter_GCD6_GCD6,nid005014,nid007968,6,6,inter_node,nic_via_xgmi,NA,6,32768,17585.93
native,0,inter_GCD6_GCD6,nid005014,nid007968,6,6,inter_node,nic_via_xgmi,NA,6,65536,21385.77
native,0,inter_GCD6_GCD6,nid005014,nid007968,6,6,inter_node,nic_via_xgmi,NA,6,131072,22595.61
native,0,inter_GCD6_GCD6,nid005014,nid007968,6,6,inter_node,nic_via_xgmi,NA,6,262144,22830.44
native,0,inter_GCD6_GCD6,nid005014,nid007968,6,6,inter_node,nic_via_xgmi,NA,6,524288,22992.66
native,0,inter_GCD6_GCD6,nid005014,nid007968,6,6,inter_node,nic_via_xgmi,NA,6,1048576,23119.38
native,0,inter_GCD6_GCD6,nid005014,nid007968,6,6,inter_node,nic_via_xgmi,NA,6,2097152,22975.66
native,0,inter_GCD6_GCD6,nid005014,nid007968,6,6,inter_node,nic_via_xgmi,NA,6,4194304,23092.54
native,0,inter_GCD6_GCD6,nid005014,nid007968,6,6,inter_node,nic_via_xgmi,NA,6,8388608,23204.12
native,0,inter_GCD6_GCD6,nid005014,nid007968,6,6,inter_node,nic_via_xgmi,NA,6,16777216,23057.23
native,0,inter_GCD6_GCD6,nid005014,nid007968,6,6,inter_node,nic_via_xgmi,NA,6,33554432,23000.35
native,0,inter_GCD6_GCD6,nid005014,nid007968,6,6,inter_node,nic_via_xgmi,NA,6,67108864,23049.70
native,0,inter_GCD1_GCD1,nid005014,nid007968,1,1,inter_node,nic_local,NA,2,1,1.43
native,0,inter_GCD1_GCD1,nid005014,nid007968,1,1,inter_node,nic_local,NA,2,2,2.87
native,0,inter_GCD1_GCD1,nid005014,nid007968,1,1,inter_node,nic_local,NA,2,4,5.75
native,0,inter_GCD1_GCD1,nid005014,nid007968,1,1,inter_node,nic_local,NA,2,8,11.52
native,0,inter_GCD1_GCD1,nid005014,nid007968,1,1,inter_node,nic_local,NA,2,16,23.09
native,0,inter_GCD1_GCD1,nid005014,nid007968,1,1,inter_node,nic_local,NA,2,32,46.21
native,0,inter_GCD1_GCD1,nid005014,nid007968,1,1,inter_node,nic_local,NA,2,64,91.73
native,0,inter_GCD1_GCD1,nid005014,nid007968,1,1,inter_node,nic_local,NA,2,128,182.59
native,0,inter_GCD1_GCD1,nid005014,nid007968,1,1,inter_node,nic_local,NA,2,256,374.59
native,0,inter_GCD1_GCD1,nid005014,nid007968,1,1,inter_node,nic_local,NA,2,512,749.36
native,0,inter_GCD1_GCD1,nid005014,nid007968,1,1,inter_node,nic_local,NA,2,1024,1495.56
native,0,inter_GCD1_GCD1,nid005014,nid007968,1,1,inter_node,nic_local,NA,2,2048,2975.08
native,0,inter_GCD1_GCD1,nid005014,nid007968,1,1,inter_node,nic_local,NA,2,4096,5930.86
native,0,inter_GCD1_GCD1,nid005014,nid007968,1,1,inter_node,nic_local,NA,2,8192,11785.89
native,0,inter_GCD1_GCD1,nid005014,nid007968,1,1,inter_node,nic_local,NA,2,16384,19009.65
native,0,inter_GCD1_GCD1,nid005014,nid007968,1,1,inter_node,nic_local,NA,2,32768,20009.81
native,0,inter_GCD1_GCD1,nid005014,nid007968,1,1,inter_node,nic_local,NA,2,65536,21941.56
native,0,inter_GCD1_GCD1,nid005014,nid007968,1,1,inter_node,nic_local,NA,2,131072,22665.12
native,0,inter_GCD1_GCD1,nid005014,nid007968,1,1,inter_node,nic_local,NA,2,262144,23334.21
native,0,inter_GCD1_GCD1,nid005014,nid007968,1,1,inter_node,nic_local,NA,2,524288,23588.99
native,0,inter_GCD1_GCD1,nid005014,nid007968,1,1,inter_node,nic_local,NA,2,1048576,23814.50
native,0,inter_GCD1_GCD1,nid005014,nid007968,1,1,inter_node,nic_local,NA,2,2097152,23831.78
native,0,inter_GCD1_GCD1,nid005014,nid007968,1,1,inter_node,nic_local,NA,2,4194304,23874.39
native,0,inter_GCD1_GCD1,nid005014,nid007968,1,1,inter_node,nic_local,NA,2,8388608,23823.65
native,0,inter_GCD1_GCD1,nid005014,nid007968,1,1,inter_node,nic_local,NA,2,16777216,23879.27
native,0,inter_GCD1_GCD1,nid005014,nid007968,1,1,inter_node,nic_local,NA,2,33554432,23850.51
native,0,inter_GCD1_GCD1,nid005014,nid007968,1,1,inter_node,nic_local,NA,2,67108864,23897.65
native,0,inter_GCD1_GCD1,nid005014,nid007968,1,1,inter_node,nic_local,NA,3,1,1.23
native,0,inter_GCD1_GCD1,nid005014,nid007968,1,1,inter_node,nic_local,NA,3,2,2.89
native,0,inter_GCD1_GCD1,nid005014,nid007968,1,1,inter_node,nic_local,NA,3,4,5.83
native,0,inter_GCD1_GCD1,nid005014,nid007968,1,1,inter_node,nic_local,NA,3,8,11.71
native,0,inter_GCD1_GCD1,nid005014,nid007968,1,1,inter_node,nic_local,NA,3,16,23.39
native,0,inter_GCD1_GCD1,nid005014,nid007968,1,1,inter_node,nic_local,NA,3,32,46.90
native,0,inter_GCD1_GCD1,nid005014,nid007968,1,1,inter_node,nic_local,NA,3,64,93.37
native,0,inter_GCD1_GCD1,nid005014,nid007968,1,1,inter_node,nic_local,NA,3,128,186.27
native,0,inter_GCD1_GCD1,nid005014,nid007968,1,1,inter_node,nic_local,NA,3,256,375.62
native,0,inter_GCD1_GCD1,nid005014,nid007968,1,1,inter_node,nic_local,NA,3,512,750.98
native,0,inter_GCD1_GCD1,nid005014,nid007968,1,1,inter_node,nic_local,NA,3,1024,1502.21
native,0,inter_GCD1_GCD1,nid005014,nid007968,1,1,inter_node,nic_local,NA,3,2048,3003.81
native,0,inter_GCD1_GCD1,nid005014,nid007968,1,1,inter_node,nic_local,NA,3,4096,5998.76
native,0,inter_GCD1_GCD1,nid005014,nid007968,1,1,inter_node,nic_local,NA,3,8192,11946.49
native,0,inter_GCD1_GCD1,nid005014,nid007968,1,1,inter_node,nic_local,NA,3,16384,18962.29
native,0,inter_GCD1_GCD1,nid005014,nid007968,1,1,inter_node,nic_local,NA,3,32768,20042.29
native,0,inter_GCD1_GCD1,nid005014,nid007968,1,1,inter_node,nic_local,NA,3,65536,21921.16
native,0,inter_GCD1_GCD1,nid005014,nid007968,1,1,inter_node,nic_local,NA,3,131072,22665.90
native,0,inter_GCD1_GCD1,nid005014,nid007968,1,1,inter_node,nic_local,NA,3,262144,23292.54
native,0,inter_GCD1_GCD1,nid005014,nid007968,1,1,inter_node,nic_local,NA,3,524288,23618.59
native,0,inter_GCD1_GCD1,nid005014,nid007968,1,1,inter_node,nic_local,NA,3,1048576,23816.05
native,0,inter_GCD1_GCD1,nid005014,nid007968,1,1,inter_node,nic_local,NA,3,2097152,23835.11
native,0,inter_GCD1_GCD1,nid005014,nid007968,1,1,inter_node,nic_local,NA,3,4194304,23897.93
native,0,inter_GCD1_GCD1,nid005014,nid007968,1,1,inter_node,nic_local,NA,3,8388608,23880.36
native,0,inter_GCD1_GCD1,nid005014,nid007968,1,1,inter_node,nic_local,NA,3,16777216,23909.57
native,0,inter_GCD1_GCD1,nid005014,nid007968,1,1,inter_node,nic_local,NA,3,33554432,23850.91
native,0,inter_GCD1_GCD1,nid005014,nid007968,1,1,inter_node,nic_local,NA,3,67108864,23806.35
native,0,inter_GCD1_GCD1,nid005014,nid007968,1,1,inter_node,nic_local,NA,4,1,1.44
native,0,inter_GCD1_GCD1,nid005014,nid007968,1,1,inter_node,nic_local,NA,4,2,2.88
native,0,inter_GCD1_GCD1,nid005014,nid007968,1,1,inter_node,nic_local,NA,4,4,5.81
native,0,inter_GCD1_GCD1,nid005014,nid007968,1,1,inter_node,nic_local,NA,4,8,11.64
native,0,inter_GCD1_GCD1,nid005014,nid007968,1,1,inter_node,nic_local,NA,4,16,23.19
native,0,inter_GCD1_GCD1,nid005014,nid007968,1,1,inter_node,nic_local,NA,4,32,45.22
native,0,inter_GCD1_GCD1,nid005014,nid007968,1,1,inter_node,nic_local,NA,4,64,92.40
native,0,inter_GCD1_GCD1,nid005014,nid007968,1,1,inter_node,nic_local,NA,4,128,182.34
native,0,inter_GCD1_GCD1,nid005014,nid007968,1,1,inter_node,nic_local,NA,4,256,374.50
native,0,inter_GCD1_GCD1,nid005014,nid007968,1,1,inter_node,nic_local,NA,4,512,746.41
native,0,inter_GCD1_GCD1,nid005014,nid007968,1,1,inter_node,nic_local,NA,4,1024,1493.55
native,0,inter_GCD1_GCD1,nid005014,nid007968,1,1,inter_node,nic_local,NA,4,2048,2965.04
native,0,inter_GCD1_GCD1,nid005014,nid007968,1,1,inter_node,nic_local,NA,4,4096,5911.05
native,0,inter_GCD1_GCD1,nid005014,nid007968,1,1,inter_node,nic_local,NA,4,8192,11774.99
native,0,inter_GCD1_GCD1,nid005014,nid007968,1,1,inter_node,nic_local,NA,4,16384,19059.83
native,0,inter_GCD1_GCD1,nid005014,nid007968,1,1,inter_node,nic_local,NA,4,32768,20000.54
native,0,inter_GCD1_GCD1,nid005014,nid007968,1,1,inter_node,nic_local,NA,4,65536,21968.02
native,0,inter_GCD1_GCD1,nid005014,nid007968,1,1,inter_node,nic_local,NA,4,131072,22651.10
native,0,inter_GCD1_GCD1,nid005014,nid007968,1,1,inter_node,nic_local,NA,4,262144,23315.92
native,0,inter_GCD1_GCD1,nid005014,nid007968,1,1,inter_node,nic_local,NA,4,524288,23561.81
native,0,inter_GCD1_GCD1,nid005014,nid007968,1,1,inter_node,nic_local,NA,4,1048576,23778.31
native,0,inter_GCD1_GCD1,nid005014,nid007968,1,1,inter_node,nic_local,NA,4,2097152,23819.38
native,0,inter_GCD1_GCD1,nid005014,nid007968,1,1,inter_node,nic_local,NA,4,4194304,23699.61
native,0,inter_GCD1_GCD1,nid005014,nid007968,1,1,inter_node,nic_local,NA,4,8388608,23812.98
native,0,inter_GCD1_GCD1,nid005014,nid007968,1,1,inter_node,nic_local,NA,4,16777216,23783.81
native,0,inter_GCD1_GCD1,nid005014,nid007968,1,1,inter_node,nic_local,NA,4,33554432,23859.82
native,0,inter_GCD1_GCD1,nid005014,nid007968,1,1,inter_node,nic_local,NA,4,67108864,23839.38
native,0,inter_GCD1_GCD1,nid005014,nid007968,1,1,inter_node,nic_local,NA,5,1,1.46
native,0,inter_GCD1_GCD1,nid005014,nid007968,1,1,inter_node,nic_local,NA,5,2,2.93
native,0,inter_GCD1_GCD1,nid005014,nid007968,1,1,inter_node,nic_local,NA,5,4,5.88
native,0,inter_GCD1_GCD1,nid005014,nid007968,1,1,inter_node,nic_local,NA,5,8,11.80
native,0,inter_GCD1_GCD1,nid005014,nid007968,1,1,inter_node,nic_local,NA,5,16,23.62
native,0,inter_GCD1_GCD1,nid005014,nid007968,1,1,inter_node,nic_local,NA,5,32,47.14
native,0,inter_GCD1_GCD1,nid005014,nid007968,1,1,inter_node,nic_local,NA,5,64,94.12
native,0,inter_GCD1_GCD1,nid005014,nid007968,1,1,inter_node,nic_local,NA,5,128,187.76
native,0,inter_GCD1_GCD1,nid005014,nid007968,1,1,inter_node,nic_local,NA,5,256,377.89
native,0,inter_GCD1_GCD1,nid005014,nid007968,1,1,inter_node,nic_local,NA,5,512,755.53
native,0,inter_GCD1_GCD1,nid005014,nid007968,1,1,inter_node,nic_local,NA,5,1024,1507.76
native,0,inter_GCD1_GCD1,nid005014,nid007968,1,1,inter_node,nic_local,NA,5,2048,3010.29
native,0,inter_GCD1_GCD1,nid005014,nid007968,1,1,inter_node,nic_local,NA,5,4096,4963.31
native,0,inter_GCD1_GCD1,nid005014,nid007968,1,1,inter_node,nic_local,NA,5,8192,11948.21
native,0,inter_GCD1_GCD1,nid005014,nid007968,1,1,inter_node,nic_local,NA,5,16384,19028.97
native,0,inter_GCD1_GCD1,nid005014,nid007968,1,1,inter_node,nic_local,NA,5,32768,20025.63
native,0,inter_GCD1_GCD1,nid005014,nid007968,1,1,inter_node,nic_local,NA,5,65536,21931.72
native,0,inter_GCD1_GCD1,nid005014,nid007968,1,1,inter_node,nic_local,NA,5,131072,22658.53
native,0,inter_GCD1_GCD1,nid005014,nid007968,1,1,inter_node,nic_local,NA,5,262144,23352.00
native,0,inter_GCD1_GCD1,nid005014,nid007968,1,1,inter_node,nic_local,NA,5,524288,23599.70
native,0,inter_GCD1_GCD1,nid005014,nid007968,1,1,inter_node,nic_local,NA,5,1048576,23784.07
native,0,inter_GCD1_GCD1,nid005014,nid007968,1,1,inter_node,nic_local,NA,5,2097152,23844.24
native,0,inter_GCD1_GCD1,nid005014,nid007968,1,1,inter_node,nic_local,NA,5,4194304,23877.12
native,0,inter_GCD1_GCD1,nid005014,nid007968,1,1,inter_node,nic_local,NA,5,8388608,23851.65
native,0,inter_GCD1_GCD1,nid005014,nid007968,1,1,inter_node,nic_local,NA,5,16777216,23897.63
native,0,inter_GCD1_GCD1,nid005014,nid007968,1,1,inter_node,nic_local,NA,5,33554432,23872.41
native,0,inter_GCD1_GCD1,nid005014,nid007968,1,1,inter_node,nic_local,NA,5,67108864,23853.73
native,0,inter_GCD1_GCD1,nid005014,nid007968,1,1,inter_node,nic_local,NA,6,1,1.44
native,0,inter_GCD1_GCD1,nid005014,nid007968,1,1,inter_node,nic_local,NA,6,2,2.90
native,0,inter_GCD1_GCD1,nid005014,nid007968,1,1,inter_node,nic_local,NA,6,4,5.83
native,0,inter_GCD1_GCD1,nid005014,nid007968,1,1,inter_node,nic_local,NA,6,8,11.64
native,0,inter_GCD1_GCD1,nid005014,nid007968,1,1,inter_node,nic_local,NA,6,16,23.43
native,0,inter_GCD1_GCD1,nid005014,nid007968,1,1,inter_node,nic_local,NA,6,32,46.78
native,0,inter_GCD1_GCD1,nid005014,nid007968,1,1,inter_node,nic_local,NA,6,64,93.09
native,0,inter_GCD1_GCD1,nid005014,nid007968,1,1,inter_node,nic_local,NA,6,128,185.55
native,0,inter_GCD1_GCD1,nid005014,nid007968,1,1,inter_node,nic_local,NA,6,256,375.43
native,0,inter_GCD1_GCD1,nid005014,nid007968,1,1,inter_node,nic_local,NA,6,512,751.06
native,0,inter_GCD1_GCD1,nid005014,nid007968,1,1,inter_node,nic_local,NA,6,1024,1493.22
native,0,inter_GCD1_GCD1,nid005014,nid007968,1,1,inter_node,nic_local,NA,6,2048,2998.52
native,0,inter_GCD1_GCD1,nid005014,nid007968,1,1,inter_node,nic_local,NA,6,4096,5970.07
native,0,inter_GCD1_GCD1,nid005014,nid007968,1,1,inter_node,nic_local,NA,6,8192,11883.14
native,0,inter_GCD1_GCD1,nid005014,nid007968,1,1,inter_node,nic_local,NA,6,16384,18959.75
native,0,inter_GCD1_GCD1,nid005014,nid007968,1,1,inter_node,nic_local,NA,6,32768,20032.50
native,0,inter_GCD1_GCD1,nid005014,nid007968,1,1,inter_node,nic_local,NA,6,65536,21949.02
native,0,inter_GCD1_GCD1,nid005014,nid007968,1,1,inter_node,nic_local,NA,6,131072,22664.60
native,0,inter_GCD1_GCD1,nid005014,nid007968,1,1,inter_node,nic_local,NA,6,262144,23337.43
native,0,inter_GCD1_GCD1,nid005014,nid007968,1,1,inter_node,nic_local,NA,6,524288,23612.11
native,0,inter_GCD1_GCD1,nid005014,nid007968,1,1,inter_node,nic_local,NA,6,1048576,23806.12
native,0,inter_GCD1_GCD1,nid005014,nid007968,1,1,inter_node,nic_local,NA,6,2097152,23848.54
native,0,inter_GCD1_GCD1,nid005014,nid007968,1,1,inter_node,nic_local,NA,6,4194304,23844.17
native,0,inter_GCD1_GCD1,nid005014,nid007968,1,1,inter_node,nic_local,NA,6,8388608,23777.24
native,0,inter_GCD1_GCD1,nid005014,nid007968,1,1,inter_node,nic_local,NA,6,16777216,23859.46
native,0,inter_GCD1_GCD1,nid005014,nid007968,1,1,inter_node,nic_local,NA,6,33554432,23867.17
native,0,inter_GCD1_GCD1,nid005014,nid007968,1,1,inter_node,nic_local,NA,6,67108864,23864.46
native,0,inter_GCD3_GCD3,nid005014,nid007968,3,3,inter_node,nic_local,NA,2,1,1.45
native,0,inter_GCD3_GCD3,nid005014,nid007968,3,3,inter_node,nic_local,NA,2,2,2.92
native,0,inter_GCD3_GCD3,nid005014,nid007968,3,3,inter_node,nic_local,NA,2,4,5.85
native,0,inter_GCD3_GCD3,nid005014,nid007968,3,3,inter_node,nic_local,NA,2,8,11.70
native,0,inter_GCD3_GCD3,nid005014,nid007968,3,3,inter_node,nic_local,NA,2,16,23.48
native,0,inter_GCD3_GCD3,nid005014,nid007968,3,3,inter_node,nic_local,NA,2,32,46.90
native,0,inter_GCD3_GCD3,nid005014,nid007968,3,3,inter_node,nic_local,NA,2,64,93.74
native,0,inter_GCD3_GCD3,nid005014,nid007968,3,3,inter_node,nic_local,NA,2,128,186.76
native,0,inter_GCD3_GCD3,nid005014,nid007968,3,3,inter_node,nic_local,NA,2,256,375.48
native,0,inter_GCD3_GCD3,nid005014,nid007968,3,3,inter_node,nic_local,NA,2,512,751.20
native,0,inter_GCD3_GCD3,nid005014,nid007968,3,3,inter_node,nic_local,NA,2,1024,1500.19
native,0,inter_GCD3_GCD3,nid005014,nid007968,3,3,inter_node,nic_local,NA,2,2048,2999.36
native,0,inter_GCD3_GCD3,nid005014,nid007968,3,3,inter_node,nic_local,NA,2,4096,5976.02
native,0,inter_GCD3_GCD3,nid005014,nid007968,3,3,inter_node,nic_local,NA,2,8192,11891.70
native,0,inter_GCD3_GCD3,nid005014,nid007968,3,3,inter_node,nic_local,NA,2,16384,18981.13
native,0,inter_GCD3_GCD3,nid005014,nid007968,3,3,inter_node,nic_local,NA,2,32768,19979.41
native,0,inter_GCD3_GCD3,nid005014,nid007968,3,3,inter_node,nic_local,NA,2,65536,21902.01
native,0,inter_GCD3_GCD3,nid005014,nid007968,3,3,inter_node,nic_local,NA,2,131072,22637.10
native,0,inter_GCD3_GCD3,nid005014,nid007968,3,3,inter_node,nic_local,NA,2,262144,23099.99
native,0,inter_GCD3_GCD3,nid005014,nid007968,3,3,inter_node,nic_local,NA,2,524288,23291.72
native,0,inter_GCD3_GCD3,nid005014,nid007968,3,3,inter_node,nic_local,NA,2,1048576,23528.18
native,0,inter_GCD3_GCD3,nid005014,nid007968,3,3,inter_node,nic_local,NA,2,2097152,23431.77
native,0,inter_GCD3_GCD3,nid005014,nid007968,3,3,inter_node,nic_local,NA,2,4194304,23472.91
native,0,inter_GCD3_GCD3,nid005014,nid007968,3,3,inter_node,nic_local,NA,2,8388608,23431.20
native,0,inter_GCD3_GCD3,nid005014,nid007968,3,3,inter_node,nic_local,NA,2,16777216,23587.41
native,0,inter_GCD3_GCD3,nid005014,nid007968,3,3,inter_node,nic_local,NA,2,33554432,23510.08
native,0,inter_GCD3_GCD3,nid005014,nid007968,3,3,inter_node,nic_local,NA,2,67108864,23677.63
native,0,inter_GCD3_GCD3,nid005014,nid007968,3,3,inter_node,nic_local,NA,3,1,1.45
native,0,inter_GCD3_GCD3,nid005014,nid007968,3,3,inter_node,nic_local,NA,3,2,2.91
native,0,inter_GCD3_GCD3,nid005014,nid007968,3,3,inter_node,nic_local,NA,3,4,5.85
native,0,inter_GCD3_GCD3,nid005014,nid007968,3,3,inter_node,nic_local,NA,3,8,11.71
native,0,inter_GCD3_GCD3,nid005014,nid007968,3,3,inter_node,nic_local,NA,3,16,23.37
native,0,inter_GCD3_GCD3,nid005014,nid007968,3,3,inter_node,nic_local,NA,3,32,46.92
native,0,inter_GCD3_GCD3,nid005014,nid007968,3,3,inter_node,nic_local,NA,3,64,92.86
native,0,inter_GCD3_GCD3,nid005014,nid007968,3,3,inter_node,nic_local,NA,3,128,185.78
native,0,inter_GCD3_GCD3,nid005014,nid007968,3,3,inter_node,nic_local,NA,3,256,375.94
native,0,inter_GCD3_GCD3,nid005014,nid007968,3,3,inter_node,nic_local,NA,3,512,751.22
native,0,inter_GCD3_GCD3,nid005014,nid007968,3,3,inter_node,nic_local,NA,3,1024,1501.27
native,0,inter_GCD3_GCD3,nid005014,nid007968,3,3,inter_node,nic_local,NA,3,2048,3003.21
native,0,inter_GCD3_GCD3,nid005014,nid007968,3,3,inter_node,nic_local,NA,3,4096,5983.03
native,0,inter_GCD3_GCD3,nid005014,nid007968,3,3,inter_node,nic_local,NA,3,8192,11853.53
native,0,inter_GCD3_GCD3,nid005014,nid007968,3,3,inter_node,nic_local,NA,3,16384,18963.25
native,0,inter_GCD3_GCD3,nid005014,nid007968,3,3,inter_node,nic_local,NA,3,32768,20000.79
native,0,inter_GCD3_GCD3,nid005014,nid007968,3,3,inter_node,nic_local,NA,3,65536,21928.05
native,0,inter_GCD3_GCD3,nid005014,nid007968,3,3,inter_node,nic_local,NA,3,131072,22638.35
native,0,inter_GCD3_GCD3,nid005014,nid007968,3,3,inter_node,nic_local,NA,3,262144,23046.06
native,0,inter_GCD3_GCD3,nid005014,nid007968,3,3,inter_node,nic_local,NA,3,524288,23366.82
native,0,inter_GCD3_GCD3,nid005014,nid007968,3,3,inter_node,nic_local,NA,3,1048576,23492.50
native,0,inter_GCD3_GCD3,nid005014,nid007968,3,3,inter_node,nic_local,NA,3,2097152,23477.09
native,0,inter_GCD3_GCD3,nid005014,nid007968,3,3,inter_node,nic_local,NA,3,4194304,23502.38
native,0,inter_GCD3_GCD3,nid005014,nid007968,3,3,inter_node,nic_local,NA,3,8388608,23540.49
native,0,inter_GCD3_GCD3,nid005014,nid007968,3,3,inter_node,nic_local,NA,3,16777216,23506.98
native,0,inter_GCD3_GCD3,nid005014,nid007968,3,3,inter_node,nic_local,NA,3,33554432,23520.87
native,0,inter_GCD3_GCD3,nid005014,nid007968,3,3,inter_node,nic_local,NA,3,67108864,23536.76
native,0,inter_GCD3_GCD3,nid005014,nid007968,3,3,inter_node,nic_local,NA,4,1,1.43
native,0,inter_GCD3_GCD3,nid005014,nid007968,3,3,inter_node,nic_local,NA,4,2,2.89
native,0,inter_GCD3_GCD3,nid005014,nid007968,3,3,inter_node,nic_local,NA,4,4,5.61
native,0,inter_GCD3_GCD3,nid005014,nid007968,3,3,inter_node,nic_local,NA,4,8,11.57
native,0,inter_GCD3_GCD3,nid005014,nid007968,3,3,inter_node,nic_local,NA,4,16,23.04
native,0,inter_GCD3_GCD3,nid005014,nid007968,3,3,inter_node,nic_local,NA,4,32,46.20
native,0,inter_GCD3_GCD3,nid005014,nid007968,3,3,inter_node,nic_local,NA,4,64,91.93
native,0,inter_GCD3_GCD3,nid005014,nid007968,3,3,inter_node,nic_local,NA,4,128,183.13
native,0,inter_GCD3_GCD3,nid005014,nid007968,3,3,inter_node,nic_local,NA,4,256,371.58
native,0,inter_GCD3_GCD3,nid005014,nid007968,3,3,inter_node,nic_local,NA,4,512,744.29
native,0,inter_GCD3_GCD3,nid005014,nid007968,3,3,inter_node,nic_local,NA,4,1024,1483.32
native,0,inter_GCD3_GCD3,nid005014,nid007968,3,3,inter_node,nic_local,NA,4,2048,2956.39
native,0,inter_GCD3_GCD3,nid005014,nid007968,3,3,inter_node,nic_local,NA,4,4096,5895.24
native,0,inter_GCD3_GCD3,nid005014,nid007968,3,3,inter_node,nic_local,NA,4,8192,11716.71
native,0,inter_GCD3_GCD3,nid005014,nid007968,3,3,inter_node,nic_local,NA,4,16384,19025.86
native,0,inter_GCD3_GCD3,nid005014,nid007968,3,3,inter_node,nic_local,NA,4,32768,19957.12
native,0,inter_GCD3_GCD3,nid005014,nid007968,3,3,inter_node,nic_local,NA,4,65536,21894.57
native,0,inter_GCD3_GCD3,nid005014,nid007968,3,3,inter_node,nic_local,NA,4,131072,22631.38
native,0,inter_GCD3_GCD3,nid005014,nid007968,3,3,inter_node,nic_local,NA,4,262144,23079.87
native,0,inter_GCD3_GCD3,nid005014,nid007968,3,3,inter_node,nic_local,NA,4,524288,23364.99
native,0,inter_GCD3_GCD3,nid005014,nid007968,3,3,inter_node,nic_local,NA,4,1048576,23452.23
native,0,inter_GCD3_GCD3,nid005014,nid007968,3,3,inter_node,nic_local,NA,4,2097152,23531.73
native,0,inter_GCD3_GCD3,nid005014,nid007968,3,3,inter_node,nic_local,NA,4,4194304,23620.12
native,0,inter_GCD3_GCD3,nid005014,nid007968,3,3,inter_node,nic_local,NA,4,8388608,23525.90
native,0,inter_GCD3_GCD3,nid005014,nid007968,3,3,inter_node,nic_local,NA,4,16777216,23559.33
native,0,inter_GCD3_GCD3,nid005014,nid007968,3,3,inter_node,nic_local,NA,4,33554432,23606.82
native,0,inter_GCD3_GCD3,nid005014,nid007968,3,3,inter_node,nic_local,NA,4,67108864,23625.58
native,0,inter_GCD3_GCD3,nid005014,nid007968,3,3,inter_node,nic_local,NA,5,1,1.44
native,0,inter_GCD3_GCD3,nid005014,nid007968,3,3,inter_node,nic_local,NA,5,2,2.88
native,0,inter_GCD3_GCD3,nid005014,nid007968,3,3,inter_node,nic_local,NA,5,4,5.79
native,0,inter_GCD3_GCD3,nid005014,nid007968,3,3,inter_node,nic_local,NA,5,8,11.60
native,0,inter_GCD3_GCD3,nid005014,nid007968,3,3,inter_node,nic_local,NA,5,16,23.23
native,0,inter_GCD3_GCD3,nid005014,nid007968,3,3,inter_node,nic_local,NA,5,32,46.52
native,0,inter_GCD3_GCD3,nid005014,nid007968,3,3,inter_node,nic_local,NA,5,64,92.44
native,0,inter_GCD3_GCD3,nid005014,nid007968,3,3,inter_node,nic_local,NA,5,128,183.86
native,0,inter_GCD3_GCD3,nid005014,nid007968,3,3,inter_node,nic_local,NA,5,256,359.81
native,0,inter_GCD3_GCD3,nid005014,nid007968,3,3,inter_node,nic_local,NA,5,512,748.12
native,0,inter_GCD3_GCD3,nid005014,nid007968,3,3,inter_node,nic_local,NA,5,1024,1488.66
native,0,inter_GCD3_GCD3,nid005014,nid007968,3,3,inter_node,nic_local,NA,5,2048,2982.22
native,0,inter_GCD3_GCD3,nid005014,nid007968,3,3,inter_node,nic_local,NA,5,4096,5915.74
native,0,inter_GCD3_GCD3,nid005014,nid007968,3,3,inter_node,nic_local,NA,5,8192,11750.02
native,0,inter_GCD3_GCD3,nid005014,nid007968,3,3,inter_node,nic_local,NA,5,16384,19001.85
native,0,inter_GCD3_GCD3,nid005014,nid007968,3,3,inter_node,nic_local,NA,5,32768,19963.66
native,0,inter_GCD3_GCD3,nid005014,nid007968,3,3,inter_node,nic_local,NA,5,65536,21856.81
native,0,inter_GCD3_GCD3,nid005014,nid007968,3,3,inter_node,nic_local,NA,5,131072,22634.95
native,0,inter_GCD3_GCD3,nid005014,nid007968,3,3,inter_node,nic_local,NA,5,262144,23014.82
native,0,inter_GCD3_GCD3,nid005014,nid007968,3,3,inter_node,nic_local,NA,5,524288,23400.70
native,0,inter_GCD3_GCD3,nid005014,nid007968,3,3,inter_node,nic_local,NA,5,1048576,23481.21
native,0,inter_GCD3_GCD3,nid005014,nid007968,3,3,inter_node,nic_local,NA,5,2097152,23496.55
native,0,inter_GCD3_GCD3,nid005014,nid007968,3,3,inter_node,nic_local,NA,5,4194304,23488.23
native,0,inter_GCD3_GCD3,nid005014,nid007968,3,3,inter_node,nic_local,NA,5,8388608,23573.77
native,0,inter_GCD3_GCD3,nid005014,nid007968,3,3,inter_node,nic_local,NA,5,16777216,23449.85
native,0,inter_GCD3_GCD3,nid005014,nid007968,3,3,inter_node,nic_local,NA,5,33554432,23591.90
native,0,inter_GCD3_GCD3,nid005014,nid007968,3,3,inter_node,nic_local,NA,5,67108864,23613.83
native,0,inter_GCD3_GCD3,nid005014,nid007968,3,3,inter_node,nic_local,NA,6,1,1.45
native,0,inter_GCD3_GCD3,nid005014,nid007968,3,3,inter_node,nic_local,NA,6,2,2.92
native,0,inter_GCD3_GCD3,nid005014,nid007968,3,3,inter_node,nic_local,NA,6,4,5.86
native,0,inter_GCD3_GCD3,nid005014,nid007968,3,3,inter_node,nic_local,NA,6,8,11.74
native,0,inter_GCD3_GCD3,nid005014,nid007968,3,3,inter_node,nic_local,NA,6,16,23.43
native,0,inter_GCD3_GCD3,nid005014,nid007968,3,3,inter_node,nic_local,NA,6,32,47.03
native,0,inter_GCD3_GCD3,nid005014,nid007968,3,3,inter_node,nic_local,NA,6,64,93.72
native,0,inter_GCD3_GCD3,nid005014,nid007968,3,3,inter_node,nic_local,NA,6,128,186.57
native,0,inter_GCD3_GCD3,nid005014,nid007968,3,3,inter_node,nic_local,NA,6,256,375.71
native,0,inter_GCD3_GCD3,nid005014,nid007968,3,3,inter_node,nic_local,NA,6,512,751.08
native,0,inter_GCD3_GCD3,nid005014,nid007968,3,3,inter_node,nic_local,NA,6,1024,1499.22
native,0,inter_GCD3_GCD3,nid005014,nid007968,3,3,inter_node,nic_local,NA,6,2048,2990.09
native,0,inter_GCD3_GCD3,nid005014,nid007968,3,3,inter_node,nic_local,NA,6,4096,5960.55
native,0,inter_GCD3_GCD3,nid005014,nid007968,3,3,inter_node,nic_local,NA,6,8192,11850.50
native,0,inter_GCD3_GCD3,nid005014,nid007968,3,3,inter_node,nic_local,NA,6,16384,19001.36
native,0,inter_GCD3_GCD3,nid005014,nid007968,3,3,inter_node,nic_local,NA,6,32768,19985.70
native,0,inter_GCD3_GCD3,nid005014,nid007968,3,3,inter_node,nic_local,NA,6,65536,21936.89
native,0,inter_GCD3_GCD3,nid005014,nid007968,3,3,inter_node,nic_local,NA,6,131072,22636.84
native,0,inter_GCD3_GCD3,nid005014,nid007968,3,3,inter_node,nic_local,NA,6,262144,23027.70
native,0,inter_GCD3_GCD3,nid005014,nid007968,3,3,inter_node,nic_local,NA,6,524288,23328.38
native,0,inter_GCD3_GCD3,nid005014,nid007968,3,3,inter_node,nic_local,NA,6,1048576,23386.95
native,0,inter_GCD3_GCD3,nid005014,nid007968,3,3,inter_node,nic_local,NA,6,2097152,23569.12
native,0,inter_GCD3_GCD3,nid005014,nid007968,3,3,inter_node,nic_local,NA,6,4194304,23528.28
native,0,inter_GCD3_GCD3,nid005014,nid007968,3,3,inter_node,nic_local,NA,6,8388608,23483.85
native,0,inter_GCD3_GCD3,nid005014,nid007968,3,3,inter_node,nic_local,NA,6,16777216,23572.46
native,0,inter_GCD3_GCD3,nid005014,nid007968,3,3,inter_node,nic_local,NA,6,33554432,23555.28
native,0,inter_GCD3_GCD3,nid005014,nid007968,3,3,inter_node,nic_local,NA,6,67108864,23390.29
native,0,inter_GCD5_GCD5,nid005014,nid007968,5,5,inter_node,nic_local,NA,2,1,1.44
native,0,inter_GCD5_GCD5,nid005014,nid007968,5,5,inter_node,nic_local,NA,2,2,2.90
native,0,inter_GCD5_GCD5,nid005014,nid007968,5,5,inter_node,nic_local,NA,2,4,5.81
native,0,inter_GCD5_GCD5,nid005014,nid007968,5,5,inter_node,nic_local,NA,2,8,11.67
native,0,inter_GCD5_GCD5,nid005014,nid007968,5,5,inter_node,nic_local,NA,2,16,23.30
native,0,inter_GCD5_GCD5,nid005014,nid007968,5,5,inter_node,nic_local,NA,2,32,46.59
native,0,inter_GCD5_GCD5,nid005014,nid007968,5,5,inter_node,nic_local,NA,2,64,92.85
native,0,inter_GCD5_GCD5,nid005014,nid007968,5,5,inter_node,nic_local,NA,2,128,184.35
native,0,inter_GCD5_GCD5,nid005014,nid007968,5,5,inter_node,nic_local,NA,2,256,372.59
native,0,inter_GCD5_GCD5,nid005014,nid007968,5,5,inter_node,nic_local,NA,2,512,745.38
native,0,inter_GCD5_GCD5,nid005014,nid007968,5,5,inter_node,nic_local,NA,2,1024,1488.08
native,0,inter_GCD5_GCD5,nid005014,nid007968,5,5,inter_node,nic_local,NA,2,2048,2969.62
native,0,inter_GCD5_GCD5,nid005014,nid007968,5,5,inter_node,nic_local,NA,2,4096,5922.83
native,0,inter_GCD5_GCD5,nid005014,nid007968,5,5,inter_node,nic_local,NA,2,8192,11726.87
native,0,inter_GCD5_GCD5,nid005014,nid007968,5,5,inter_node,nic_local,NA,2,16384,18987.77
native,0,inter_GCD5_GCD5,nid005014,nid007968,5,5,inter_node,nic_local,NA,2,32768,19966.68
native,0,inter_GCD5_GCD5,nid005014,nid007968,5,5,inter_node,nic_local,NA,2,65536,21888.90
native,0,inter_GCD5_GCD5,nid005014,nid007968,5,5,inter_node,nic_local,NA,2,131072,22627.10
native,0,inter_GCD5_GCD5,nid005014,nid007968,5,5,inter_node,nic_local,NA,2,262144,23098.05
native,0,inter_GCD5_GCD5,nid005014,nid007968,5,5,inter_node,nic_local,NA,2,524288,23259.48
native,0,inter_GCD5_GCD5,nid005014,nid007968,5,5,inter_node,nic_local,NA,2,1048576,23411.96
native,0,inter_GCD5_GCD5,nid005014,nid007968,5,5,inter_node,nic_local,NA,2,2097152,23495.41
native,0,inter_GCD5_GCD5,nid005014,nid007968,5,5,inter_node,nic_local,NA,2,4194304,23488.06
native,0,inter_GCD5_GCD5,nid005014,nid007968,5,5,inter_node,nic_local,NA,2,8388608,23533.30
native,0,inter_GCD5_GCD5,nid005014,nid007968,5,5,inter_node,nic_local,NA,2,16777216,23605.54
native,0,inter_GCD5_GCD5,nid005014,nid007968,5,5,inter_node,nic_local,NA,2,33554432,23506.18
native,0,inter_GCD5_GCD5,nid005014,nid007968,5,5,inter_node,nic_local,NA,2,67108864,23592.14
native,0,inter_GCD5_GCD5,nid005014,nid007968,5,5,inter_node,nic_local,NA,3,1,1.44
native,0,inter_GCD5_GCD5,nid005014,nid007968,5,5,inter_node,nic_local,NA,3,2,2.89
native,0,inter_GCD5_GCD5,nid005014,nid007968,5,5,inter_node,nic_local,NA,3,4,5.80
native,0,inter_GCD5_GCD5,nid005014,nid007968,5,5,inter_node,nic_local,NA,3,8,11.69
native,0,inter_GCD5_GCD5,nid005014,nid007968,5,5,inter_node,nic_local,NA,3,16,23.26
native,0,inter_GCD5_GCD5,nid005014,nid007968,5,5,inter_node,nic_local,NA,3,32,46.46
native,0,inter_GCD5_GCD5,nid005014,nid007968,5,5,inter_node,nic_local,NA,3,64,93.02
native,0,inter_GCD5_GCD5,nid005014,nid007968,5,5,inter_node,nic_local,NA,3,128,184.77
native,0,inter_GCD5_GCD5,nid005014,nid007968,5,5,inter_node,nic_local,NA,3,256,375.26
native,0,inter_GCD5_GCD5,nid005014,nid007968,5,5,inter_node,nic_local,NA,3,512,747.77
native,0,inter_GCD5_GCD5,nid005014,nid007968,5,5,inter_node,nic_local,NA,3,1024,1490.60
native,0,inter_GCD5_GCD5,nid005014,nid007968,5,5,inter_node,nic_local,NA,3,2048,2975.31
native,0,inter_GCD5_GCD5,nid005014,nid007968,5,5,inter_node,nic_local,NA,3,4096,5925.37
native,0,inter_GCD5_GCD5,nid005014,nid007968,5,5,inter_node,nic_local,NA,3,8192,11747.03
native,0,inter_GCD5_GCD5,nid005014,nid007968,5,5,inter_node,nic_local,NA,3,16384,18840.73
native,0,inter_GCD5_GCD5,nid005014,nid007968,5,5,inter_node,nic_local,NA,3,32768,19988.62
native,0,inter_GCD5_GCD5,nid005014,nid007968,5,5,inter_node,nic_local,NA,3,65536,21869.36
native,0,inter_GCD5_GCD5,nid005014,nid007968,5,5,inter_node,nic_local,NA,3,131072,22626.58
native,0,inter_GCD5_GCD5,nid005014,nid007968,5,5,inter_node,nic_local,NA,3,262144,23041.08
native,0,inter_GCD5_GCD5,nid005014,nid007968,5,5,inter_node,nic_local,NA,3,524288,23325.62
native,0,inter_GCD5_GCD5,nid005014,nid007968,5,5,inter_node,nic_local,NA,3,1048576,23487.46
native,0,inter_GCD5_GCD5,nid005014,nid007968,5,5,inter_node,nic_local,NA,3,2097152,23443.32
native,0,inter_GCD5_GCD5,nid005014,nid007968,5,5,inter_node,nic_local,NA,3,4194304,23503.22
native,0,inter_GCD5_GCD5,nid005014,nid007968,5,5,inter_node,nic_local,NA,3,8388608,23464.64
native,0,inter_GCD5_GCD5,nid005014,nid007968,5,5,inter_node,nic_local,NA,3,16777216,23578.84
native,0,inter_GCD5_GCD5,nid005014,nid007968,5,5,inter_node,nic_local,NA,3,33554432,23531.58
native,0,inter_GCD5_GCD5,nid005014,nid007968,5,5,inter_node,nic_local,NA,3,67108864,23536.86
native,0,inter_GCD5_GCD5,nid005014,nid007968,5,5,inter_node,nic_local,NA,4,1,1.45
native,0,inter_GCD5_GCD5,nid005014,nid007968,5,5,inter_node,nic_local,NA,4,2,2.89
native,0,inter_GCD5_GCD5,nid005014,nid007968,5,5,inter_node,nic_local,NA,4,4,5.60
native,0,inter_GCD5_GCD5,nid005014,nid007968,5,5,inter_node,nic_local,NA,4,8,11.31
native,0,inter_GCD5_GCD5,nid005014,nid007968,5,5,inter_node,nic_local,NA,4,16,23.27
native,0,inter_GCD5_GCD5,nid005014,nid007968,5,5,inter_node,nic_local,NA,4,32,46.49
native,0,inter_GCD5_GCD5,nid005014,nid007968,5,5,inter_node,nic_local,NA,4,64,92.67
native,0,inter_GCD5_GCD5,nid005014,nid007968,5,5,inter_node,nic_local,NA,4,128,184.91
native,0,inter_GCD5_GCD5,nid005014,nid007968,5,5,inter_node,nic_local,NA,4,256,373.62
native,0,inter_GCD5_GCD5,nid005014,nid007968,5,5,inter_node,nic_local,NA,4,512,747.92
native,0,inter_GCD5_GCD5,nid005014,nid007968,5,5,inter_node,nic_local,NA,4,1024,1491.21
native,0,inter_GCD5_GCD5,nid005014,nid007968,5,5,inter_node,nic_local,NA,4,2048,2970.14
native,0,inter_GCD5_GCD5,nid005014,nid007968,5,5,inter_node,nic_local,NA,4,4096,5927.27
native,0,inter_GCD5_GCD5,nid005014,nid007968,5,5,inter_node,nic_local,NA,4,8192,11792.92
native,0,inter_GCD5_GCD5,nid005014,nid007968,5,5,inter_node,nic_local,NA,4,16384,18859.49
native,0,inter_GCD5_GCD5,nid005014,nid007968,5,5,inter_node,nic_local,NA,4,32768,19965.03
native,0,inter_GCD5_GCD5,nid005014,nid007968,5,5,inter_node,nic_local,NA,4,65536,21900.91
native,0,inter_GCD5_GCD5,nid005014,nid007968,5,5,inter_node,nic_local,NA,4,131072,22623.18
native,0,inter_GCD5_GCD5,nid005014,nid007968,5,5,inter_node,nic_local,NA,4,262144,23011.60
native,0,inter_GCD5_GCD5,nid005014,nid007968,5,5,inter_node,nic_local,NA,4,524288,23283.73
native,0,inter_GCD5_GCD5,nid005014,nid007968,5,5,inter_node,nic_local,NA,4,1048576,23438.22
native,0,inter_GCD5_GCD5,nid005014,nid007968,5,5,inter_node,nic_local,NA,4,2097152,23408.39
native,0,inter_GCD5_GCD5,nid005014,nid007968,5,5,inter_node,nic_local,NA,4,4194304,23537.97
native,0,inter_GCD5_GCD5,nid005014,nid007968,5,5,inter_node,nic_local,NA,4,8388608,23448.27
native,0,inter_GCD5_GCD5,nid005014,nid007968,5,5,inter_node,nic_local,NA,4,16777216,23495.57
native,0,inter_GCD5_GCD5,nid005014,nid007968,5,5,inter_node,nic_local,NA,4,33554432,23548.59
native,0,inter_GCD5_GCD5,nid005014,nid007968,5,5,inter_node,nic_local,NA,4,67108864,23508.74
native,0,inter_GCD5_GCD5,nid005014,nid007968,5,5,inter_node,nic_local,NA,5,1,1.44
native,0,inter_GCD5_GCD5,nid005014,nid007968,5,5,inter_node,nic_local,NA,5,2,2.91
native,0,inter_GCD5_GCD5,nid005014,nid007968,5,5,inter_node,nic_local,NA,5,4,5.85
native,0,inter_GCD5_GCD5,nid005014,nid007968,5,5,inter_node,nic_local,NA,5,8,11.71
native,0,inter_GCD5_GCD5,nid005014,nid007968,5,5,inter_node,nic_local,NA,5,16,23.45
native,0,inter_GCD5_GCD5,nid005014,nid007968,5,5,inter_node,nic_local,NA,5,32,46.67
native,0,inter_GCD5_GCD5,nid005014,nid007968,5,5,inter_node,nic_local,NA,5,64,93.30
native,0,inter_GCD5_GCD5,nid005014,nid007968,5,5,inter_node,nic_local,NA,5,128,184.82
native,0,inter_GCD5_GCD5,nid005014,nid007968,5,5,inter_node,nic_local,NA,5,256,372.88
native,0,inter_GCD5_GCD5,nid005014,nid007968,5,5,inter_node,nic_local,NA,5,512,746.17
native,0,inter_GCD5_GCD5,nid005014,nid007968,5,5,inter_node,nic_local,NA,5,1024,1489.96
native,0,inter_GCD5_GCD5,nid005014,nid007968,5,5,inter_node,nic_local,NA,5,2048,2967.17
native,0,inter_GCD5_GCD5,nid005014,nid007968,5,5,inter_node,nic_local,NA,5,4096,5905.91
native,0,inter_GCD5_GCD5,nid005014,nid007968,5,5,inter_node,nic_local,NA,5,8192,11747.23
native,0,inter_GCD5_GCD5,nid005014,nid007968,5,5,inter_node,nic_local,NA,5,16384,18968.06
native,0,inter_GCD5_GCD5,nid005014,nid007968,5,5,inter_node,nic_local,NA,5,32768,20003.94
native,0,inter_GCD5_GCD5,nid005014,nid007968,5,5,inter_node,nic_local,NA,5,65536,21857.40
native,0,inter_GCD5_GCD5,nid005014,nid007968,5,5,inter_node,nic_local,NA,5,131072,22632.26
native,0,inter_GCD5_GCD5,nid005014,nid007968,5,5,inter_node,nic_local,NA,5,262144,23105.97
native,0,inter_GCD5_GCD5,nid005014,nid007968,5,5,inter_node,nic_local,NA,5,524288,23347.81
native,0,inter_GCD5_GCD5,nid005014,nid007968,5,5,inter_node,nic_local,NA,5,1048576,23459.11
native,0,inter_GCD5_GCD5,nid005014,nid007968,5,5,inter_node,nic_local,NA,5,2097152,23407.84
native,0,inter_GCD5_GCD5,nid005014,nid007968,5,5,inter_node,nic_local,NA,5,4194304,23548.69
native,0,inter_GCD5_GCD5,nid005014,nid007968,5,5,inter_node,nic_local,NA,5,8388608,23520.49
native,0,inter_GCD5_GCD5,nid005014,nid007968,5,5,inter_node,nic_local,NA,5,16777216,23530.17
native,0,inter_GCD5_GCD5,nid005014,nid007968,5,5,inter_node,nic_local,NA,5,33554432,23498.08
native,0,inter_GCD5_GCD5,nid005014,nid007968,5,5,inter_node,nic_local,NA,5,67108864,23505.57
native,0,inter_GCD5_GCD5,nid005014,nid007968,5,5,inter_node,nic_local,NA,6,1,1.45
native,0,inter_GCD5_GCD5,nid005014,nid007968,5,5,inter_node,nic_local,NA,6,2,2.91
native,0,inter_GCD5_GCD5,nid005014,nid007968,5,5,inter_node,nic_local,NA,6,4,5.85
native,0,inter_GCD5_GCD5,nid005014,nid007968,5,5,inter_node,nic_local,NA,6,8,11.69
native,0,inter_GCD5_GCD5,nid005014,nid007968,5,5,inter_node,nic_local,NA,6,16,23.45
native,0,inter_GCD5_GCD5,nid005014,nid007968,5,5,inter_node,nic_local,NA,6,32,46.90
native,0,inter_GCD5_GCD5,nid005014,nid007968,5,5,inter_node,nic_local,NA,6,64,93.17
native,0,inter_GCD5_GCD5,nid005014,nid007968,5,5,inter_node,nic_local,NA,6,128,185.89
native,0,inter_GCD5_GCD5,nid005014,nid007968,5,5,inter_node,nic_local,NA,6,256,375.39
native,0,inter_GCD5_GCD5,nid005014,nid007968,5,5,inter_node,nic_local,NA,6,512,749.98
native,0,inter_GCD5_GCD5,nid005014,nid007968,5,5,inter_node,nic_local,NA,6,1024,1497.79
native,0,inter_GCD5_GCD5,nid005014,nid007968,5,5,inter_node,nic_local,NA,6,2048,2987.76
native,0,inter_GCD5_GCD5,nid005014,nid007968,5,5,inter_node,nic_local,NA,6,4096,5954.10
native,0,inter_GCD5_GCD5,nid005014,nid007968,5,5,inter_node,nic_local,NA,6,8192,11823.76
native,0,inter_GCD5_GCD5,nid005014,nid007968,5,5,inter_node,nic_local,NA,6,16384,18969.89
native,0,inter_GCD5_GCD5,nid005014,nid007968,5,5,inter_node,nic_local,NA,6,32768,19992.43
native,0,inter_GCD5_GCD5,nid005014,nid007968,5,5,inter_node,nic_local,NA,6,65536,21893.61
native,0,inter_GCD5_GCD5,nid005014,nid007968,5,5,inter_node,nic_local,NA,6,131072,22630.92
native,0,inter_GCD5_GCD5,nid005014,nid007968,5,5,inter_node,nic_local,NA,6,262144,23101.70
native,0,inter_GCD5_GCD5,nid005014,nid007968,5,5,inter_node,nic_local,NA,6,524288,23332.57
native,0,inter_GCD5_GCD5,nid005014,nid007968,5,5,inter_node,nic_local,NA,6,1048576,23370.85
native,0,inter_GCD5_GCD5,nid005014,nid007968,5,5,inter_node,nic_local,NA,6,2097152,23509.33
native,0,inter_GCD5_GCD5,nid005014,nid007968,5,5,inter_node,nic_local,NA,6,4194304,23456.40
native,0,inter_GCD5_GCD5,nid005014,nid007968,5,5,inter_node,nic_local,NA,6,8388608,23447.23
native,0,inter_GCD5_GCD5,nid005014,nid007968,5,5,inter_node,nic_local,NA,6,16777216,23429.08
native,0,inter_GCD5_GCD5,nid005014,nid007968,5,5,inter_node,nic_local,NA,6,33554432,23486.32
native,0,inter_GCD5_GCD5,nid005014,nid007968,5,5,inter_node,nic_local,NA,6,67108864,23481.19
native,0,inter_GCD7_GCD7,nid005014,nid007968,7,7,inter_node,nic_local,NA,2,1,1.40
native,0,inter_GCD7_GCD7,nid005014,nid007968,7,7,inter_node,nic_local,NA,2,2,2.77
native,0,inter_GCD7_GCD7,nid005014,nid007968,7,7,inter_node,nic_local,NA,2,4,5.59
native,0,inter_GCD7_GCD7,nid005014,nid007968,7,7,inter_node,nic_local,NA,2,8,11.22
native,0,inter_GCD7_GCD7,nid005014,nid007968,7,7,inter_node,nic_local,NA,2,16,22.40
native,0,inter_GCD7_GCD7,nid005014,nid007968,7,7,inter_node,nic_local,NA,2,32,44.95
native,0,inter_GCD7_GCD7,nid005014,nid007968,7,7,inter_node,nic_local,NA,2,64,86.57
native,0,inter_GCD7_GCD7,nid005014,nid007968,7,7,inter_node,nic_local,NA,2,128,179.51
native,0,inter_GCD7_GCD7,nid005014,nid007968,7,7,inter_node,nic_local,NA,2,256,365.05
native,0,inter_GCD7_GCD7,nid005014,nid007968,7,7,inter_node,nic_local,NA,2,512,730.90
native,0,inter_GCD7_GCD7,nid005014,nid007968,7,7,inter_node,nic_local,NA,2,1024,1456.78
native,0,inter_GCD7_GCD7,nid005014,nid007968,7,7,inter_node,nic_local,NA,2,2048,2908.39
native,0,inter_GCD7_GCD7,nid005014,nid007968,7,7,inter_node,nic_local,NA,2,4096,5807.91
native,0,inter_GCD7_GCD7,nid005014,nid007968,7,7,inter_node,nic_local,NA,2,8192,11617.79
native,0,inter_GCD7_GCD7,nid005014,nid007968,7,7,inter_node,nic_local,NA,2,16384,18372.64
native,0,inter_GCD7_GCD7,nid005014,nid007968,7,7,inter_node,nic_local,NA,2,32768,18815.51
native,0,inter_GCD7_GCD7,nid005014,nid007968,7,7,inter_node,nic_local,NA,2,65536,20384.40
native,0,inter_GCD7_GCD7,nid005014,nid007968,7,7,inter_node,nic_local,NA,2,131072,21979.53
native,0,inter_GCD7_GCD7,nid005014,nid007968,7,7,inter_node,nic_local,NA,2,262144,22157.24
native,0,inter_GCD7_GCD7,nid005014,nid007968,7,7,inter_node,nic_local,NA,2,524288,22172.98
native,0,inter_GCD7_GCD7,nid005014,nid007968,7,7,inter_node,nic_local,NA,2,1048576,22298.67
native,0,inter_GCD7_GCD7,nid005014,nid007968,7,7,inter_node,nic_local,NA,2,2097152,22429.59
native,0,inter_GCD7_GCD7,nid005014,nid007968,7,7,inter_node,nic_local,NA,2,4194304,22484.36
native,0,inter_GCD7_GCD7,nid005014,nid007968,7,7,inter_node,nic_local,NA,2,8388608,22435.45
native,0,inter_GCD7_GCD7,nid005014,nid007968,7,7,inter_node,nic_local,NA,2,16777216,22459.41
native,0,inter_GCD7_GCD7,nid005014,nid007968,7,7,inter_node,nic_local,NA,2,33554432,22482.59
native,0,inter_GCD7_GCD7,nid005014,nid007968,7,7,inter_node,nic_local,NA,2,67108864,22583.61
native,0,inter_GCD7_GCD7,nid005014,nid007968,7,7,inter_node,nic_local,NA,3,1,1.40
native,0,inter_GCD7_GCD7,nid005014,nid007968,7,7,inter_node,nic_local,NA,3,2,2.80
native,0,inter_GCD7_GCD7,nid005014,nid007968,7,7,inter_node,nic_local,NA,3,4,5.59
native,0,inter_GCD7_GCD7,nid005014,nid007968,7,7,inter_node,nic_local,NA,3,8,11.26
native,0,inter_GCD7_GCD7,nid005014,nid007968,7,7,inter_node,nic_local,NA,3,16,22.62
native,0,inter_GCD7_GCD7,nid005014,nid007968,7,7,inter_node,nic_local,NA,3,32,45.23
native,0,inter_GCD7_GCD7,nid005014,nid007968,7,7,inter_node,nic_local,NA,3,64,90.23
native,0,inter_GCD7_GCD7,nid005014,nid007968,7,7,inter_node,nic_local,NA,3,128,178.68
native,0,inter_GCD7_GCD7,nid005014,nid007968,7,7,inter_node,nic_local,NA,3,256,365.47
native,0,inter_GCD7_GCD7,nid005014,nid007968,7,7,inter_node,nic_local,NA,3,512,728.42
native,0,inter_GCD7_GCD7,nid005014,nid007968,7,7,inter_node,nic_local,NA,3,1024,1461.93
native,0,inter_GCD7_GCD7,nid005014,nid007968,7,7,inter_node,nic_local,NA,3,2048,2908.97
native,0,inter_GCD7_GCD7,nid005014,nid007968,7,7,inter_node,nic_local,NA,3,4096,5816.75
native,0,inter_GCD7_GCD7,nid005014,nid007968,7,7,inter_node,nic_local,NA,3,8192,11592.30
native,0,inter_GCD7_GCD7,nid005014,nid007968,7,7,inter_node,nic_local,NA,3,16384,18382.82
native,0,inter_GCD7_GCD7,nid005014,nid007968,7,7,inter_node,nic_local,NA,3,32768,18612.06
native,0,inter_GCD7_GCD7,nid005014,nid007968,7,7,inter_node,nic_local,NA,3,65536,20374.46
native,0,inter_GCD7_GCD7,nid005014,nid007968,7,7,inter_node,nic_local,NA,3,131072,21992.43
native,0,inter_GCD7_GCD7,nid005014,nid007968,7,7,inter_node,nic_local,NA,3,262144,22108.40
native,0,inter_GCD7_GCD7,nid005014,nid007968,7,7,inter_node,nic_local,NA,3,524288,22185.66
native,0,inter_GCD7_GCD7,nid005014,nid007968,7,7,inter_node,nic_local,NA,3,1048576,22373.92
native,0,inter_GCD7_GCD7,nid005014,nid007968,7,7,inter_node,nic_local,NA,3,2097152,22450.32
native,0,inter_GCD7_GCD7,nid005014,nid007968,7,7,inter_node,nic_local,NA,3,4194304,22531.31
native,0,inter_GCD7_GCD7,nid005014,nid007968,7,7,inter_node,nic_local,NA,3,8388608,22347.31
native,0,inter_GCD7_GCD7,nid005014,nid007968,7,7,inter_node,nic_local,NA,3,16777216,22437.39
native,0,inter_GCD7_GCD7,nid005014,nid007968,7,7,inter_node,nic_local,NA,3,33554432,22463.99
native,0,inter_GCD7_GCD7,nid005014,nid007968,7,7,inter_node,nic_local,NA,3,67108864,22596.75
