NODE_A=nid005015  NODE_B=nid005016
[osu_xccl] aws-ofi-nccl plugin: /users/joglekar/eessi/aws-ofi-nccl-scratch/lib/librccl-net.so
[osu_xccl] NCCL_SOCKET_IFNAME=hsn0,hsn1,hsn2,hsn3 FI_PROVIDER=cxi NCCL_NET_GDR_LEVEL=3

# [eessi_xccl sdma=0] osu_xccl_allreduce  N=16  nodes=2
  [run 1/6] warm-up - 15:25:51
  [run 1/6] done in 601s
#Using RCCL
#Using RCCL
#Using RCCL
#Using RCCL
#Using RCCL
#Using RCCL
#Using RCCL
#Using RCCL
#Using RCCL
#Using RCCL
#Using RCCL
#Using RCCL
#Using RCCL
#Using RCCL
#Using RCCL
#Using RCCL
nid005015:84669:84669 [0] NCCL INFO [rocprofiler-sdk-rccl][ = 84669 ] rocprofiler-register returned code = 1 : rocprofiler-register found no tools
nid005015:84669:84669 [0] NCCL INFO Kernel version: 6.4.0-150600.23.73_15.0.14-cray_shasta_c
nid005015:84669:84669 [0] NCCL INFO Disabled GDRCopy equivalent memory allocation on gfx90a due to GPU architecture
nid005015:84669:84669 [0] NCCL INFO NCCL_SOCKET_IFNAME set to hsn0,hsn1,hsn2,hsn3
nid005015:84669:84669 [0] NCCL INFO Bootstrap : Using hsn0:10.253.52.158<0>
nid005015:84671:84671 [2] NCCL INFO [rocprofiler-sdk-rccl][ = 84671 ] rocprofiler-register returned code = 1 : rocprofiler-register found no tools
nid005015:84672:84672 [3] NCCL INFO [rocprofiler-sdk-rccl][ = 84672 ] rocprofiler-register returned code = 1 : rocprofiler-register found no tools
nid005015:84675:84675 [7] NCCL INFO [rocprofiler-sdk-rccl][ = 84675 ] rocprofiler-register returned code = 1 : rocprofiler-register found no tools
nid005015:84673:84673 [5] NCCL INFO [rocprofiler-sdk-rccl][ = 84673 ] rocprofiler-register returned code = 1 : rocprofiler-register found no tools
nid005015:84676:84676 [6] NCCL INFO [rocprofiler-sdk-rccl][ = 84676 ] rocprofiler-register returned code = 1 : rocprofiler-register found no tools
nid005015:84674:84674 [4] NCCL INFO [rocprofiler-sdk-rccl][ = 84674 ] rocprofiler-register returned code = 1 : rocprofiler-register found no tools
nid005015:84670:84670 [1] NCCL INFO [rocprofiler-sdk-rccl][ = 84670 ] rocprofiler-register returned code = 1 : rocprofiler-register found no tools
nid005015:84669:84669 [0] NCCL INFO ROCr version 1.1
nid005015:84669:84669 [0] NCCL INFO Dmabuf feature disabled without NCCL_DMABUF_ENABLE=1
nid005015:84669:84669 [0] NCCL INFO Kernel version: 6.4.0-150600.23.73_15.0.14-cray_shasta_c
nid005015:84669:84669 [0] NCCL INFO RCCL version : 2.22.3-Unknown 
HIP version  : 6.4.43483-
ROCm version : 6.4.1.0-9999-unknown
Hostname     : nid005015
Librccl path : /users/joglekar/eessi/versions/2025.06/software/linux/x86_64/amd/zen3/software/RCCL/2.22.3-rocm-compilers-19.0.0-ROCm-6.4.1/lib/librccl.so.1
nid005015:84671:84671 [2] NCCL INFO ROCr version 1.1
nid005015:84671:84671 [2] NCCL INFO Dmabuf feature disabled without NCCL_DMABUF_ENABLE=1
nid005015:84671:84671 [2] NCCL INFO Kernel version: 6.4.0-150600.23.73_15.0.14-cray_shasta_c
nid005015:84671:84671 [2] NCCL INFO Disabled GDRCopy equivalent memory allocation on gfx90a due to GPU architecture
nid005015:84675:84675 [7] NCCL INFO ROCr version 1.1
nid005015:84675:84675 [7] NCCL INFO Dmabuf feature disabled without NCCL_DMABUF_ENABLE=1
nid005015:84671:84671 [2] NCCL INFO NCCL_SOCKET_IFNAME set to hsn0,hsn1,hsn2,hsn3
nid005015:84675:84675 [7] NCCL INFO Kernel version: 6.4.0-150600.23.73_15.0.14-cray_shasta_c
nid005015:84675:84675 [7] NCCL INFO Disabled GDRCopy equivalent memory allocation on gfx90a due to GPU architecture
nid005015:84675:84675 [7] NCCL INFO NCCL_SOCKET_IFNAME set to hsn0,hsn1,hsn2,hsn3
nid005015:84674:84674 [4] NCCL INFO ROCr version 1.1
nid005015:84674:84674 [4] NCCL INFO Dmabuf feature disabled without NCCL_DMABUF_ENABLE=1
nid005015:84674:84674 [4] NCCL INFO Kernel version: 6.4.0-150600.23.73_15.0.14-cray_shasta_c
nid005015:84676:84676 [6] NCCL INFO ROCr version 1.1
nid005015:84676:84676 [6] NCCL INFO Dmabuf feature disabled without NCCL_DMABUF_ENABLE=1
nid005015:84674:84674 [4] NCCL INFO Disabled GDRCopy equivalent memory allocation on gfx90a due to GPU architecture
nid005015:84676:84676 [6] NCCL INFO Kernel version: 6.4.0-150600.23.73_15.0.14-cray_shasta_c
nid005015:84674:84674 [4] NCCL INFO NCCL_SOCKET_IFNAME set to hsn0,hsn1,hsn2,hsn3
nid005015:84676:84676 [6] NCCL INFO Disabled GDRCopy equivalent memory allocation on gfx90a due to GPU architecture
nid005015:84676:84676 [6] NCCL INFO NCCL_SOCKET_IFNAME set to hsn0,hsn1,hsn2,hsn3
nid005015:84670:84670 [1] NCCL INFO ROCr version 1.1
nid005015:84670:84670 [1] NCCL INFO Dmabuf feature disabled without NCCL_DMABUF_ENABLE=1
nid005015:84670:84670 [1] NCCL INFO Kernel version: 6.4.0-150600.23.73_15.0.14-cray_shasta_c
nid005015:84670:84670 [1] NCCL INFO Disabled GDRCopy equivalent memory allocation on gfx90a due to GPU architecture
nid005015:84670:84670 [1] NCCL INFO NCCL_SOCKET_IFNAME set to hsn0,hsn1,hsn2,hsn3
nid005015:84673:84673 [5] NCCL INFO ROCr version 1.1
nid005015:84673:84673 [5] NCCL INFO Dmabuf feature disabled without NCCL_DMABUF_ENABLE=1
nid005015:84673:84673 [5] NCCL INFO Kernel version: 6.4.0-150600.23.73_15.0.14-cray_shasta_c
nid005015:84673:84673 [5] NCCL INFO Disabled GDRCopy equivalent memory allocation on gfx90a due to GPU architecture
nid005015:84673:84673 [5] NCCL INFO NCCL_SOCKET_IFNAME set to hsn0,hsn1,hsn2,hsn3
nid005015:84672:84672 [3] NCCL INFO ROCr version 1.1
nid005015:84672:84672 [3] NCCL INFO Dmabuf feature disabled without NCCL_DMABUF_ENABLE=1
nid005015:84672:84672 [3] NCCL INFO Kernel version: 6.4.0-150600.23.73_15.0.14-cray_shasta_c
nid005015:84672:84672 [3] NCCL INFO Disabled GDRCopy equivalent memory allocation on gfx90a due to GPU architecture
nid005015:84672:84672 [3] NCCL INFO NCCL_SOCKET_IFNAME set to hsn0,hsn1,hsn2,hsn3
nid005015:84671:84671 [2] NCCL INFO Bootstrap : Using hsn0:10.253.52.158<0>
nid005015:84675:84675 [7] NCCL INFO Bootstrap : Using hsn0:10.253.52.158<0>
nid005015:84675:84675 [7] NCCL INFO RCCL version : 2.22.3-Unknown 
HIP version  : 6.4.43483-
ROCm version : 6.4.1.0-9999-unknown
Hostname     : nid005015
Librccl path : /users/joglekar/eessi/versions/2025.06/software/linux/x86_64/amd/zen3/software/RCCL/2.22.3-rocm-compilers-19.0.0-ROCm-6.4.1/lib/librccl.so.1
nid005015:84671:84671 [2] NCCL INFO RCCL version : 2.22.3-Unknown 
HIP version  : 6.4.43483-
ROCm version : 6.4.1.0-9999-unknown
Hostname     : nid005015
Librccl path : /users/joglekar/eessi/versions/2025.06/software/linux/x86_64/amd/zen3/software/RCCL/2.22.3-rocm-compilers-19.0.0-ROCm-6.4.1/lib/librccl.so.1
nid005015:84676:84676 [6] NCCL INFO Bootstrap : Using hsn0:10.253.52.158<0>
nid005015:84673:84673 [5] NCCL INFO Bootstrap : Using hsn0:10.253.52.158<0>
nid005015:84670:84670 [1] NCCL INFO Bootstrap : Using hsn0:10.253.52.158<0>
nid005015:84672:84672 [3] NCCL INFO Bootstrap : Using hsn0:10.253.52.158<0>
nid005015:84672:84672 [3] NCCL INFO RCCL version : 2.22.3-Unknown 
HIP version  : 6.4.43483-
ROCm version : 6.4.1.0-9999-unknown
Hostname     : nid005015
Librccl path : /users/joglekar/eessi/versions/2025.06/software/linux/x86_64/amd/zen3/software/RCCL/2.22.3-rocm-compilers-19.0.0-ROCm-6.4.1/lib/librccl.so.1
nid005015:84674:84674 [4] NCCL INFO Bootstrap : Using hsn0:10.253.52.158<0>
nid005015:84674:84674 [4] NCCL INFO RCCL version : 2.22.3-Unknown 
HIP version  : 6.4.43483-
ROCm version : 6.4.1.0-9999-unknown
Hostname     : nid005015
Librccl path : /users/joglekar/eessi/versions/2025.06/software/linux/x86_64/amd/zen3/software/RCCL/2.22.3-rocm-compilers-19.0.0-ROCm-6.4.1/lib/librccl.so.1
nid005015:84676:84676 [6] NCCL INFO RCCL version : 2.22.3-Unknown 
HIP version  : 6.4.43483-
ROCm version : 6.4.1.0-9999-unknown
Hostname     : nid005015
Librccl path : /users/joglekar/eessi/versions/2025.06/software/linux/x86_64/amd/zen3/software/RCCL/2.22.3-rocm-compilers-19.0.0-ROCm-6.4.1/lib/librccl.so.1
nid005015:84673:84673 [5] NCCL INFO RCCL version : 2.22.3-Unknown 
HIP version  : 6.4.43483-
ROCm version : 6.4.1.0-9999-unknown
Hostname     : nid005015
Librccl path : /users/joglekar/eessi/versions/2025.06/software/linux/x86_64/amd/zen3/software/RCCL/2.22.3-rocm-compilers-19.0.0-ROCm-6.4.1/lib/librccl.so.1
nid005015:84670:84670 [1] NCCL INFO RCCL version : 2.22.3-Unknown 
HIP version  : 6.4.43483-
ROCm version : 6.4.1.0-9999-unknown
Hostname     : nid005015
Librccl path : /users/joglekar/eessi/versions/2025.06/software/linux/x86_64/amd/zen3/software/RCCL/2.22.3-rocm-compilers-19.0.0-ROCm-6.4.1/lib/librccl.so.1
nid005016:25505:25505 [3] NCCL INFO [rocprofiler-sdk-rccl][ = 25505 ] rocprofiler-register returned code = 1 : rocprofiler-register found no tools
nid005016:25506:25506 [5] NCCL INFO [rocprofiler-sdk-rccl][ = 25506 ] rocprofiler-register returned code = 1 : rocprofiler-register found no tools
nid005016:25502:25502 [1] NCCL INFO [rocprofiler-sdk-rccl][ = 25502 ] rocprofiler-register returned code = 1 : rocprofiler-register found no tools
nid005016:25507:25507 [7] NCCL INFO [rocprofiler-sdk-rccl][ = 25507 ] rocprofiler-register returned code = 1 : rocprofiler-register found no tools
nid005016:25504:25504 [4] NCCL INFO [rocprofiler-sdk-rccl][ = 25504 ] rocprofiler-register returned code = 1 : rocprofiler-register found no tools
nid005016:25503:25503 [0] NCCL INFO [rocprofiler-sdk-rccl][ = 25503 ] rocprofiler-register returned code = 1 : rocprofiler-register found no tools
nid005016:25500:25500 [6] NCCL INFO [rocprofiler-sdk-rccl][ = 25500 ] rocprofiler-register returned code = 1 : rocprofiler-register found no tools
nid005016:25501:25501 [2] NCCL INFO [rocprofiler-sdk-rccl][ = 25501 ] rocprofiler-register returned code = 1 : rocprofiler-register found no tools
nid005016:25506:25506 [5] NCCL INFO ROCr version 1.1
nid005016:25506:25506 [5] NCCL INFO Dmabuf feature disabled without NCCL_DMABUF_ENABLE=1
nid005016:25500:25500 [6] NCCL INFO ROCr version 1.1
nid005016:25500:25500 [6] NCCL INFO Dmabuf feature disabled without NCCL_DMABUF_ENABLE=1
nid005016:25503:25503 [0] NCCL INFO ROCr version 1.1
nid005016:25503:25503 [0] NCCL INFO Dmabuf feature disabled without NCCL_DMABUF_ENABLE=1
nid005016:25507:25507 [7] NCCL INFO ROCr version 1.1
nid005016:25507:25507 [7] NCCL INFO Dmabuf feature disabled without NCCL_DMABUF_ENABLE=1
nid005016:25502:25502 [1] NCCL INFO ROCr version 1.1
nid005016:25502:25502 [1] NCCL INFO Dmabuf feature disabled without NCCL_DMABUF_ENABLE=1
nid005016:25505:25505 [3] NCCL INFO ROCr version 1.1
nid005016:25505:25505 [3] NCCL INFO Dmabuf feature disabled without NCCL_DMABUF_ENABLE=1
nid005016:25501:25501 [2] NCCL INFO ROCr version 1.1
nid005016:25501:25501 [2] NCCL INFO Dmabuf feature disabled without NCCL_DMABUF_ENABLE=1
nid005016:25504:25504 [4] NCCL INFO ROCr version 1.1
nid005016:25504:25504 [4] NCCL INFO Dmabuf feature disabled without NCCL_DMABUF_ENABLE=1
nid005016:25502:25502 [1] NCCL INFO Kernel version: 6.4.0-150600.23.73_15.0.14-cray_shasta_c
nid005016:25502:25502 [1] NCCL INFO Disabled GDRCopy equivalent memory allocation on gfx90a due to GPU architecture
nid005016:25502:25502 [1] NCCL INFO NCCL_SOCKET_IFNAME set to hsn0,hsn1,hsn2,hsn3
nid005016:25503:25503 [0] NCCL INFO Kernel version: 6.4.0-150600.23.73_15.0.14-cray_shasta_c
nid005016:25503:25503 [0] NCCL INFO Disabled GDRCopy equivalent memory allocation on gfx90a due to GPU architecture
nid005016:25503:25503 [0] NCCL INFO NCCL_SOCKET_IFNAME set to hsn0,hsn1,hsn2,hsn3
nid005016:25506:25506 [5] NCCL INFO Kernel version: 6.4.0-150600.23.73_15.0.14-cray_shasta_c
nid005016:25506:25506 [5] NCCL INFO Disabled GDRCopy equivalent memory allocation on gfx90a due to GPU architecture
nid005016:25506:25506 [5] NCCL INFO NCCL_SOCKET_IFNAME set to hsn0,hsn1,hsn2,hsn3
nid005016:25500:25500 [6] NCCL INFO Kernel version: 6.4.0-150600.23.73_15.0.14-cray_shasta_c
nid005016:25500:25500 [6] NCCL INFO Disabled GDRCopy equivalent memory allocation on gfx90a due to GPU architecture
nid005016:25500:25500 [6] NCCL INFO NCCL_SOCKET_IFNAME set to hsn0,hsn1,hsn2,hsn3
nid005016:25507:25507 [7] NCCL INFO Kernel version: 6.4.0-150600.23.73_15.0.14-cray_shasta_c
nid005016:25507:25507 [7] NCCL INFO Disabled GDRCopy equivalent memory allocation on gfx90a due to GPU architecture
nid005016:25507:25507 [7] NCCL INFO NCCL_SOCKET_IFNAME set to hsn0,hsn1,hsn2,hsn3
nid005016:25504:25504 [4] NCCL INFO Kernel version: 6.4.0-150600.23.73_15.0.14-cray_shasta_c
nid005016:25504:25504 [4] NCCL INFO Disabled GDRCopy equivalent memory allocation on gfx90a due to GPU architecture
nid005016:25504:25504 [4] NCCL INFO NCCL_SOCKET_IFNAME set to hsn0,hsn1,hsn2,hsn3
nid005016:25505:25505 [3] NCCL INFO Kernel version: 6.4.0-150600.23.73_15.0.14-cray_shasta_c
nid005016:25505:25505 [3] NCCL INFO Disabled GDRCopy equivalent memory allocation on gfx90a due to GPU architecture
nid005016:25505:25505 [3] NCCL INFO NCCL_SOCKET_IFNAME set to hsn0,hsn1,hsn2,hsn3
nid005016:25501:25501 [2] NCCL INFO Kernel version: 6.4.0-150600.23.73_15.0.14-cray_shasta_c
nid005016:25501:25501 [2] NCCL INFO Disabled GDRCopy equivalent memory allocation on gfx90a due to GPU architecture
nid005016:25501:25501 [2] NCCL INFO NCCL_SOCKET_IFNAME set to hsn0,hsn1,hsn2,hsn3
nid005016:25506:25506 [5] NCCL INFO Bootstrap : Using hsn0:10.253.38.63<0>
nid005016:25506:25506 [5] NCCL INFO RCCL version : 2.22.3-Unknown 
HIP version  : 6.4.43483-
ROCm version : 6.4.1.0-9999-unknown
Hostname     : nid005016
Librccl path : /users/joglekar/eessi/versions/2025.06/software/linux/x86_64/amd/zen3/software/RCCL/2.22.3-rocm-compilers-19.0.0-ROCm-6.4.1/lib/librccl.so.1
nid005016:25507:25507 [7] NCCL INFO Bootstrap : Using hsn0:10.253.38.63<0>
nid005016:25507:25507 [7] NCCL INFO RCCL version : 2.22.3-Unknown 
HIP version  : 6.4.43483-
ROCm version : 6.4.1.0-9999-unknown
Hostname     : nid005016
Librccl path : /users/joglekar/eessi/versions/2025.06/software/linux/x86_64/amd/zen3/software/RCCL/2.22.3-rocm-compilers-19.0.0-ROCm-6.4.1/lib/librccl.so.1
nid005016:25503:25503 [0] NCCL INFO Bootstrap : Using hsn0:10.253.38.63<0>
nid005016:25503:25503 [0] NCCL INFO RCCL version : 2.22.3-Unknown 
HIP version  : 6.4.43483-
ROCm version : 6.4.1.0-9999-unknown
Hostname     : nid005016
Librccl path : /users/joglekar/eessi/versions/2025.06/software/linux/x86_64/amd/zen3/software/RCCL/2.22.3-rocm-compilers-19.0.0-ROCm-6.4.1/lib/librccl.so.1
nid005016:25500:25500 [6] NCCL INFO Bootstrap : Using hsn0:10.253.38.63<0>
nid005016:25500:25500 [6] NCCL INFO RCCL version : 2.22.3-Unknown 
HIP version  : 6.4.43483-
ROCm version : 6.4.1.0-9999-unknown
Hostname     : nid005016
Librccl path : /users/joglekar/eessi/versions/2025.06/software/linux/x86_64/amd/zen3/software/RCCL/2.22.3-rocm-compilers-19.0.0-ROCm-6.4.1/lib/librccl.so.1
nid005016:25504:25504 [4] NCCL INFO Bootstrap : Using hsn0:10.253.38.63<0>
nid005016:25504:25504 [4] NCCL INFO RCCL version : 2.22.3-Unknown 
HIP version  : 6.4.43483-
ROCm version : 6.4.1.0-9999-unknown
Hostname     : nid005016
Librccl path : /users/joglekar/eessi/versions/2025.06/software/linux/x86_64/amd/zen3/software/RCCL/2.22.3-rocm-compilers-19.0.0-ROCm-6.4.1/lib/librccl.so.1
nid005016:25505:25505 [3] NCCL INFO Bootstrap : Using hsn0:10.253.38.63<0>
nid005016:25505:25505 [3] NCCL INFO RCCL version : 2.22.3-Unknown 
HIP version  : 6.4.43483-
ROCm version : 6.4.1.0-9999-unknown
Hostname     : nid005016
Librccl path : /users/joglekar/eessi/versions/2025.06/software/linux/x86_64/amd/zen3/software/RCCL/2.22.3-rocm-compilers-19.0.0-ROCm-6.4.1/lib/librccl.so.1
nid005016:25501:25501 [2] NCCL INFO Bootstrap : Using hsn0:10.253.38.63<0>
nid005016:25501:25501 [2] NCCL INFO RCCL version : 2.22.3-Unknown 
HIP version  : 6.4.43483-
ROCm version : 6.4.1.0-9999-unknown
Hostname     : nid005016
Librccl path : /users/joglekar/eessi/versions/2025.06/software/linux/x86_64/amd/zen3/software/RCCL/2.22.3-rocm-compilers-19.0.0-ROCm-6.4.1/lib/librccl.so.1
nid005016:25502:25502 [1] NCCL INFO Bootstrap : Using hsn0:10.253.38.63<0>
nid005016:25502:25502 [1] NCCL INFO RCCL version : 2.22.3-Unknown 
HIP version  : 6.4.43483-
ROCm version : 6.4.1.0-9999-unknown
Hostname     : nid005016
Librccl path : /users/joglekar/eessi/versions/2025.06/software/linux/x86_64/amd/zen3/software/RCCL/2.22.3-rocm-compilers-19.0.0-ROCm-6.4.1/lib/librccl.so.1
nid005016:25506:25506 [5] NCCL INFO NET/Plugin: Plugin name set by env to /users/joglekar/eessi/aws-ofi-nccl-scratch/lib/librccl-net.so
nid005016:25506:25506 [5] NCCL INFO NET/Plugin: Failed to find ncclCollNetPlugin_v8 symbol.
nid005016:25506:25506 [5] NCCL INFO NET/Plugin: Failed to find ncclCollNetPlugin symbol (>= v5). ncclCollNetPlugin symbols v4 and lower are not supported.
nid005016:25500:25500 [6] NCCL INFO NET/Plugin: Plugin name set by env to /users/joglekar/eessi/aws-ofi-nccl-scratch/lib/librccl-net.so
nid005016:25500:25500 [6] NCCL INFO NET/Plugin: Failed to find ncclCollNetPlugin_v8 symbol.
nid005016:25500:25500 [6] NCCL INFO NET/Plugin: Failed to find ncclCollNetPlugin symbol (>= v5). ncclCollNetPlugin symbols v4 and lower are not supported.
nid005016:25504:25504 [4] NCCL INFO NET/Plugin: Plugin name set by env to /users/joglekar/eessi/aws-ofi-nccl-scratch/lib/librccl-net.so
nid005016:25504:25504 [4] NCCL INFO NET/Plugin: Failed to find ncclCollNetPlugin_v8 symbol.
nid005016:25504:25504 [4] NCCL INFO NET/Plugin: Failed to find ncclCollNetPlugin symbol (>= v5). ncclCollNetPlugin symbols v4 and lower are not supported.
nid005016:25507:25507 [7] NCCL INFO NET/Plugin: Plugin name set by env to /users/joglekar/eessi/aws-ofi-nccl-scratch/lib/librccl-net.so
nid005016:25507:25507 [7] NCCL INFO NET/Plugin: Failed to find ncclCollNetPlugin_v8 symbol.
nid005016:25507:25507 [7] NCCL INFO NET/Plugin: Failed to find ncclCollNetPlugin symbol (>= v5). ncclCollNetPlugin symbols v4 and lower are not supported.
nid005016:25503:25503 [0] NCCL INFO NET/Plugin: Plugin name set by env to /users/joglekar/eessi/aws-ofi-nccl-scratch/lib/librccl-net.so
nid005016:25503:25503 [0] NCCL INFO NET/Plugin: Failed to find ncclCollNetPlugin_v8 symbol.
nid005016:25503:25503 [0] NCCL INFO NET/Plugin: Failed to find ncclCollNetPlugin symbol (>= v5). ncclCollNetPlugin symbols v4 and lower are not supported.
nid005016:25505:25505 [3] NCCL INFO NET/Plugin: Plugin name set by env to /users/joglekar/eessi/aws-ofi-nccl-scratch/lib/librccl-net.so
nid005016:25505:25505 [3] NCCL INFO NET/Plugin: Failed to find ncclCollNetPlugin_v8 symbol.
nid005016:25505:25505 [3] NCCL INFO NET/Plugin: Failed to find ncclCollNetPlugin symbol (>= v5). ncclCollNetPlugin symbols v4 and lower are not supported.
nid005016:25502:25502 [1] NCCL INFO NET/Plugin: Plugin name set by env to /users/joglekar/eessi/aws-ofi-nccl-scratch/lib/librccl-net.so
nid005016:25502:25502 [1] NCCL INFO NET/Plugin: Failed to find ncclCollNetPlugin_v8 symbol.
nid005016:25502:25502 [1] NCCL INFO NET/Plugin: Failed to find ncclCollNetPlugin symbol (>= v5). ncclCollNetPlugin symbols v4 and lower are not supported.
nid005016:25501:25501 [2] NCCL INFO NET/Plugin: Plugin name set by env to /users/joglekar/eessi/aws-ofi-nccl-scratch/lib/librccl-net.so
nid005016:25501:25501 [2] NCCL INFO NET/Plugin: Failed to find ncclCollNetPlugin_v8 symbol.
nid005016:25501:25501 [2] NCCL INFO NET/Plugin: Failed to find ncclCollNetPlugin symbol (>= v5). ncclCollNetPlugin symbols v4 and lower are not supported.
nid005015:84676:84676 [6] NCCL INFO NET/Plugin: Plugin name set by env to /users/joglekar/eessi/aws-ofi-nccl-scratch/lib/librccl-net.so
nid005015:84676:84676 [6] NCCL INFO NET/Plugin: Failed to find ncclCollNetPlugin_v8 symbol.
nid005015:84676:84676 [6] NCCL INFO NET/Plugin: Failed to find ncclCollNetPlugin symbol (>= v5). ncclCollNetPlugin symbols v4 and lower are not supported.
nid005015:84670:84670 [1] NCCL INFO NET/Plugin: Plugin name set by env to /users/joglekar/eessi/aws-ofi-nccl-scratch/lib/librccl-net.so
nid005015:84670:84670 [1] NCCL INFO NET/Plugin: Failed to find ncclCollNetPlugin_v8 symbol.
nid005015:84670:84670 [1] NCCL INFO NET/Plugin: Failed to find ncclCollNetPlugin symbol (>= v5). ncclCollNetPlugin symbols v4 and lower are not supported.
nid005015:84675:84675 [7] NCCL INFO NET/Plugin: Plugin name set by env to /users/joglekar/eessi/aws-ofi-nccl-scratch/lib/librccl-net.so
nid005015:84675:84675 [7] NCCL INFO NET/Plugin: Failed to find ncclCollNetPlugin_v8 symbol.
nid005015:84675:84675 [7] NCCL INFO NET/Plugin: Failed to find ncclCollNetPlugin symbol (>= v5). ncclCollNetPlugin symbols v4 and lower are not supported.
nid005015:84671:84671 [2] NCCL INFO NET/Plugin: Plugin name set by env to /users/joglekar/eessi/aws-ofi-nccl-scratch/lib/librccl-net.so
nid005015:84671:84671 [2] NCCL INFO NET/Plugin: Failed to find ncclCollNetPlugin_v8 symbol.
nid005015:84671:84671 [2] NCCL INFO NET/Plugin: Failed to find ncclCollNetPlugin symbol (>= v5). ncclCollNetPlugin symbols v4 and lower are not supported.
nid005015:84674:84674 [4] NCCL INFO NET/Plugin: Plugin name set by env to /users/joglekar/eessi/aws-ofi-nccl-scratch/lib/librccl-net.so
nid005015:84674:84674 [4] NCCL INFO NET/Plugin: Failed to find ncclCollNetPlugin_v8 symbol.
nid005015:84674:84674 [4] NCCL INFO NET/Plugin: Failed to find ncclCollNetPlugin symbol (>= v5). ncclCollNetPlugin symbols v4 and lower are not supported.
nid005015:84673:84673 [5] NCCL INFO NET/Plugin: Plugin name set by env to /users/joglekar/eessi/aws-ofi-nccl-scratch/lib/librccl-net.so
nid005015:84673:84673 [5] NCCL INFO NET/Plugin: Failed to find ncclCollNetPlugin_v8 symbol.
nid005015:84673:84673 [5] NCCL INFO NET/Plugin: Failed to find ncclCollNetPlugin symbol (>= v5). ncclCollNetPlugin symbols v4 and lower are not supported.
nid005015:84669:84669 [0] NCCL INFO NET/Plugin: Plugin name set by env to /users/joglekar/eessi/aws-ofi-nccl-scratch/lib/librccl-net.so
nid005015:84669:84669 [0] NCCL INFO NET/Plugin: Failed to find ncclCollNetPlugin_v8 symbol.
nid005015:84669:84669 [0] NCCL INFO NET/Plugin: Failed to find ncclCollNetPlugin symbol (>= v5). ncclCollNetPlugin symbols v4 and lower are not supported.
nid005015:84672:84672 [3] NCCL INFO NET/Plugin: Plugin name set by env to /users/joglekar/eessi/aws-ofi-nccl-scratch/lib/librccl-net.so
nid005015:84672:84672 [3] NCCL INFO NET/Plugin: Failed to find ncclCollNetPlugin_v8 symbol.
nid005015:84672:84672 [3] NCCL INFO NET/Plugin: Failed to find ncclCollNetPlugin symbol (>= v5). ncclCollNetPlugin symbols v4 and lower are not supported.
nid005016:25500:25500 [6] NCCL INFO NET/OFI Initializing aws-ofi-nccl 1.19.2
nid005016:25500:25500 [6] NCCL INFO NET/OFI Using Libfabric version 1.22
nid005016:25500:25500 [6] NCCL INFO NET/OFI Using HIP driver version 60443483 with runtime 60443483
nid005016:25503:25503 [0] NCCL INFO NET/OFI Initializing aws-ofi-nccl 1.19.2
nid005016:25503:25503 [0] NCCL INFO NET/OFI Using Libfabric version 1.22
nid005016:25503:25503 [0] NCCL INFO NET/OFI Using HIP driver version 60443483 with runtime 60443483
nid005016:25506:25506 [5] NCCL INFO NET/OFI Initializing aws-ofi-nccl 1.19.2
nid005016:25506:25506 [5] NCCL INFO NET/OFI Using Libfabric version 1.22
nid005016:25506:25506 [5] NCCL INFO NET/OFI Using HIP driver version 60443483 with runtime 60443483
nid005016:25502:25502 [1] NCCL INFO NET/OFI Initializing aws-ofi-nccl 1.19.2
nid005016:25502:25502 [1] NCCL INFO NET/OFI Using Libfabric version 1.22
nid005016:25502:25502 [1] NCCL INFO NET/OFI Using HIP driver version 60443483 with runtime 60443483
nid005016:25507:25507 [7] NCCL INFO NET/OFI Initializing aws-ofi-nccl 1.19.2
nid005016:25507:25507 [7] NCCL INFO NET/OFI Using Libfabric version 1.22
nid005016:25507:25507 [7] NCCL INFO NET/OFI Using HIP driver version 60443483 with runtime 60443483
nid005016:25501:25501 [2] NCCL INFO NET/OFI Initializing aws-ofi-nccl 1.19.2
nid005016:25501:25501 [2] NCCL INFO NET/OFI Using Libfabric version 1.22
nid005016:25501:25501 [2] NCCL INFO NET/OFI Using HIP driver version 60443483 with runtime 60443483
nid005016:25505:25505 [3] NCCL INFO NET/OFI Initializing aws-ofi-nccl 1.19.2
nid005016:25505:25505 [3] NCCL INFO NET/OFI Using Libfabric version 1.22
nid005016:25505:25505 [3] NCCL INFO NET/OFI Using HIP driver version 60443483 with runtime 60443483
nid005016:25504:25504 [4] NCCL INFO NET/OFI Initializing aws-ofi-nccl 1.19.2
nid005016:25504:25504 [4] NCCL INFO NET/OFI Using Libfabric version 1.22
nid005016:25504:25504 [4] NCCL INFO NET/OFI Using HIP driver version 60443483 with runtime 60443483
nid005015:84676:84676 [6] NCCL INFO NET/OFI Initializing aws-ofi-nccl 1.19.2
nid005015:84676:84676 [6] NCCL INFO NET/OFI Using Libfabric version 1.22
nid005015:84676:84676 [6] NCCL INFO NET/OFI Using HIP driver version 60443483 with runtime 60443483
nid005015:84670:84670 [1] NCCL INFO NET/OFI Initializing aws-ofi-nccl 1.19.2
nid005015:84670:84670 [1] NCCL INFO NET/OFI Using Libfabric version 1.22
nid005015:84670:84670 [1] NCCL INFO NET/OFI Using HIP driver version 60443483 with runtime 60443483
nid005015:84675:84675 [7] NCCL INFO NET/OFI Initializing aws-ofi-nccl 1.19.2
nid005015:84675:84675 [7] NCCL INFO NET/OFI Using Libfabric version 1.22
nid005015:84675:84675 [7] NCCL INFO NET/OFI Using HIP driver version 60443483 with runtime 60443483
nid005015:84674:84674 [4] NCCL INFO NET/OFI Initializing aws-ofi-nccl 1.19.2
nid005015:84674:84674 [4] NCCL INFO NET/OFI Using Libfabric version 1.22
nid005015:84674:84674 [4] NCCL INFO NET/OFI Using HIP driver version 60443483 with runtime 60443483
nid005015:84672:84672 [3] NCCL INFO NET/OFI Initializing aws-ofi-nccl 1.19.2
nid005015:84672:84672 [3] NCCL INFO NET/OFI Using Libfabric version 1.22
nid005015:84672:84672 [3] NCCL INFO NET/OFI Using HIP driver version 60443483 with runtime 60443483
nid005015:84673:84673 [5] NCCL INFO NET/OFI Initializing aws-ofi-nccl 1.19.2
nid005015:84673:84673 [5] NCCL INFO NET/OFI Using Libfabric version 1.22
nid005015:84673:84673 [5] NCCL INFO NET/OFI Using HIP driver version 60443483 with runtime 60443483
nid005015:84669:84669 [0] NCCL INFO NET/OFI Initializing aws-ofi-nccl 1.19.2
nid005015:84669:84669 [0] NCCL INFO NET/OFI Using Libfabric version 1.22
nid005015:84669:84669 [0] NCCL INFO NET/OFI Using HIP driver version 60443483 with runtime 60443483
nid005015:84671:84671 [2] NCCL INFO NET/OFI Initializing aws-ofi-nccl 1.19.2
nid005015:84671:84671 [2] NCCL INFO NET/OFI Using Libfabric version 1.22
nid005015:84671:84671 [2] NCCL INFO NET/OFI Using HIP driver version 60443483 with runtime 60443483
nid005015:84672:84672 [3] NCCL INFO NET/OFI Plugin selected platform: Default
nid005015:84672:84672 [3] NCCL INFO NET/OFI No eligible providers were found
nid005015:84672:84672 [3] NCCL INFO NET/OFI Selected provider is cxi, fabric is cxi (found 4 nics)
nid005015:84672:84672 [3] NCCL INFO NET/OFI Using transport protocol SENDRECV
nid005015:84672:84672 [3] NCCL INFO NET/OFI Support for global registrations: false
nid005015:84672:84672 [3] NCCL INFO NET/OFI Support for DMA-BUF registrations: true
nid005015:84672:84672 [3] NCCL INFO NET/OFI MR cache 0 hits 0 misses
nid005015:84672:84672 [3] NCCL INFO Using network Libfabric
nid005015:84672:84672 [3] NCCL INFO [node_id = 10; gpu_id = 62036; unique_id = 2034334848879113280; location_id = 55552; bdf = 55552; domain = 0; partition = 0], 
nid005015:84672:84672 [3] NCCL INFO [node_id = 5; gpu_id = 51740; unique_id = 2870486237821974655; location_id = 50688; bdf = 50688; domain = 0; partition = 0], 
nid005015:84672:84672 [3] NCCL INFO [node_id = 8; gpu_id = 13395; unique_id = 5935451103719961262; location_id = 53504; bdf = 53504; domain = 0; partition = 0], 
nid005015:84672:84672 [3] NCCL INFO [node_id = 7; gpu_id = 3099; unique_id = 6416191365698414785; location_id = 52736; bdf = 52736; domain = 0; partition = 0], 
nid005015:84672:84672 [3] NCCL INFO [node_id = 11; gpu_id = 49174; unique_id = 12443904590446292887; location_id = 56832; bdf = 56832; domain = 0; partition = 0], 
nid005015:84672:84672 [3] NCCL INFO [node_id = 6; gpu_id = 15961; unique_id = 12929392431122790753; location_id = 51456; bdf = 51456; domain = 0; partition = 0], 
nid005015:84672:84672 [3] NCCL INFO [node_id = 4; gpu_id = 63582; unique_id = 16161265552681838544; location_id = 49408; bdf = 49408; domain = 0; partition = 0], 
nid005015:84672:84672 [3] NCCL INFO [node_id = 9; gpu_id = 1553; unique_id = 17591303600537279649; location_id = 54784; bdf = 54784; domain = 0; partition = 0], 
nid005015:84672:84672 [3] NCCL INFO initialized internal alternative rsmi functionality
nid005016:25503:25503 [0] NCCL INFO NET/OFI Plugin selected platform: Default
nid005016:25503:25503 [0] NCCL INFO NET/OFI No eligible providers were found
nid005016:25503:25503 [0] NCCL INFO NET/OFI Selected provider is cxi, fabric is cxi (found 4 nics)
nid005016:25503:25503 [0] NCCL INFO NET/OFI Using transport protocol SENDRECV
nid005016:25503:25503 [0] NCCL INFO NET/OFI Support for global registrations: false
nid005016:25503:25503 [0] NCCL INFO NET/OFI Support for DMA-BUF registrations: true
nid005016:25503:25503 [0] NCCL INFO NET/OFI MR cache 0 hits 0 misses
nid005016:25503:25503 [0] NCCL INFO Using network Libfabric
nid005016:25503:25503 [0] NCCL INFO [node_id = 8; gpu_id = 13395; unique_id = 8941100799198426; location_id = 53504; bdf = 53504; domain = 0; partition = 0], 
nid005016:25503:25503 [0] NCCL INFO [node_id = 11; gpu_id = 49174; unique_id = 9641048607279681479; location_id = 56832; bdf = 56832; domain = 0; partition = 0], 
nid005016:25503:25503 [0] NCCL INFO [node_id = 5; gpu_id = 51740; unique_id = 9918753207434673262; location_id = 50688; bdf = 50688; domain = 0; partition = 0], 
nid005016:25503:25503 [0] NCCL INFO [node_id = 6; gpu_id = 15961; unique_id = 11710903913926154369; location_id = 51456; bdf = 51456; domain = 0; partition = 0], 
nid005016:25503:25503 [0] NCCL INFO [node_id = 10; gpu_id = 62036; unique_id = 14511207702583018242; location_id = 55552; bdf = 55552; domain = 0; partition = 0], 
nid005016:25503:25503 [0] NCCL INFO [node_id = 7; gpu_id = 3099; unique_id = 16278015608192545490; location_id = 52736; bdf = 52736; domain = 0; partition = 0], 
nid005016:25503:25503 [0] NCCL INFO [node_id = 4; gpu_id = 63582; unique_id = 17847167417756031783; location_id = 49408; bdf = 49408; domain = 0; partition = 0], 
nid005016:25503:25503 [0] NCCL INFO [node_id = 9; gpu_id = 1553; unique_id = 18210502340169372044; location_id = 54784; bdf = 54784; domain = 0; partition = 0], 
nid005016:25503:25503 [0] NCCL INFO initialized internal alternative rsmi functionality
nid005015:84669:84669 [0] NCCL INFO NET/OFI Plugin selected platform: Default
nid005015:84669:84669 [0] NCCL INFO NET/OFI No eligible providers were found
nid005015:84669:84669 [0] NCCL INFO NET/OFI Selected provider is cxi, fabric is cxi (found 4 nics)
nid005015:84669:84669 [0] NCCL INFO NET/OFI Using transport protocol SENDRECV
nid005015:84675:84675 [7] NCCL INFO NET/OFI Plugin selected platform: Default
nid005015:84675:84675 [7] NCCL INFO NET/OFI No eligible providers were found
nid005015:84675:84675 [7] NCCL INFO NET/OFI Selected provider is cxi, fabric is cxi (found 4 nics)
nid005015:84675:84675 [7] NCCL INFO NET/OFI Using transport protocol SENDRECV
nid005015:84669:84669 [0] NCCL INFO NET/OFI Support for global registrations: false
nid005015:84669:84669 [0] NCCL INFO NET/OFI Support for DMA-BUF registrations: true
nid005015:84676:84676 [6] NCCL INFO NET/OFI Plugin selected platform: Default
nid005015:84676:84676 [6] NCCL INFO NET/OFI No eligible providers were found
nid005015:84671:84671 [2] NCCL INFO NET/OFI Plugin selected platform: Default
nid005015:84671:84671 [2] NCCL INFO NET/OFI No eligible providers were found
nid005015:84674:84674 [4] NCCL INFO NET/OFI Plugin selected platform: Default
nid005015:84674:84674 [4] NCCL INFO NET/OFI No eligible providers were found
nid005015:84673:84673 [5] NCCL INFO NET/OFI Plugin selected platform: Default
nid005015:84673:84673 [5] NCCL INFO NET/OFI No eligible providers were found
nid005015:84676:84676 [6] NCCL INFO NET/OFI Selected provider is cxi, fabric is cxi (found 4 nics)
nid005015:84676:84676 [6] NCCL INFO NET/OFI Using transport protocol SENDRECV
nid005015:84671:84671 [2] NCCL INFO NET/OFI Selected provider is cxi, fabric is cxi (found 4 nics)
nid005015:84671:84671 [2] NCCL INFO NET/OFI Using transport protocol SENDRECV
nid005015:84674:84674 [4] NCCL INFO NET/OFI Selected provider is cxi, fabric is cxi (found 4 nics)
nid005015:84674:84674 [4] NCCL INFO NET/OFI Using transport protocol SENDRECV
nid005015:84673:84673 [5] NCCL INFO NET/OFI Selected provider is cxi, fabric is cxi (found 4 nics)
nid005015:84673:84673 [5] NCCL INFO NET/OFI Using transport protocol SENDRECV
nid005015:84669:84669 [0] NCCL INFO NET/OFI MR cache 0 hits 0 misses
nid005015:84669:84669 [0] NCCL INFO Using network Libfabric
nid005015:84669:84669 [0] NCCL INFO [node_id = 10; gpu_id = 62036; unique_id = 2034334848879113280; location_id = 55552; bdf = 55552; domain = 0; partition = 0], 
nid005015:84669:84669 [0] NCCL INFO [node_id = 5; gpu_id = 51740; unique_id = 2870486237821974655; location_id = 50688; bdf = 50688; domain = 0; partition = 0], 
nid005015:84669:84669 [0] NCCL INFO [node_id = 8; gpu_id = 13395; unique_id = 5935451103719961262; location_id = 53504; bdf = 53504; domain = 0; partition = 0], 
nid005015:84669:84669 [0] NCCL INFO [node_id = 7; gpu_id = 3099; unique_id = 6416191365698414785; location_id = 52736; bdf = 52736; domain = 0; partition = 0], 
nid005015:84669:84669 [0] NCCL INFO [node_id = 11; gpu_id = 49174; unique_id = 12443904590446292887; location_id = 56832; bdf = 56832; domain = 0; partition = 0], 
nid005015:84669:84669 [0] NCCL INFO [node_id = 6; gpu_id = 15961; unique_id = 12929392431122790753; location_id = 51456; bdf = 51456; domain = 0; partition = 0], 
nid005015:84669:84669 [0] NCCL INFO [node_id = 4; gpu_id = 63582; unique_id = 16161265552681838544; location_id = 49408; bdf = 49408; domain = 0; partition = 0], 
nid005015:84669:84669 [0] NCCL INFO [node_id = 9; gpu_id = 1553; unique_id = 17591303600537279649; location_id = 54784; bdf = 54784; domain = 0; partition = 0], 
nid005016:25500:25500 [6] NCCL INFO NET/OFI Plugin selected platform: Default
nid005016:25500:25500 [6] NCCL INFO NET/OFI No eligible providers were found
nid005015:84675:84675 [7] NCCL INFO NET/OFI Support for global registrations: false
nid005015:84675:84675 [7] NCCL INFO NET/OFI Support for DMA-BUF registrations: true
nid005016:25500:25500 [6] NCCL INFO NET/OFI Selected provider is cxi, fabric is cxi (found 4 nics)
nid005016:25500:25500 [6] NCCL INFO NET/OFI Using transport protocol SENDRECV
nid005015:84675:84675 [7] NCCL INFO NET/OFI MR cache 0 hits 0 misses
nid005015:84675:84675 [7] NCCL INFO Using network Libfabric
nid005015:84669:84669 [0] NCCL INFO initialized internal alternative rsmi functionality
nid005015:84670:84670 [1] NCCL INFO NET/OFI Plugin selected platform: Default
nid005015:84675:84675 [7] NCCL INFO [node_id = 10; gpu_id = 62036; unique_id = 2034334848879113280; location_id = 55552; bdf = 55552; domain = 0; partition = 0], 
nid005015:84675:84675 [7] NCCL INFO [node_id = 5; gpu_id = 51740; unique_id = 2870486237821974655; location_id = 50688; bdf = 50688; domain = 0; partition = 0], 
nid005015:84675:84675 [7] NCCL INFO [node_id = 8; gpu_id = 13395; unique_id = 5935451103719961262; location_id = 53504; bdf = 53504; domain = 0; partition = 0], 
nid005015:84675:84675 [7] NCCL INFO [node_id = 7; gpu_id = 3099; unique_id = 6416191365698414785; location_id = 52736; bdf = 52736; domain = 0; partition = 0], 
nid005015:84675:84675 [7] NCCL INFO [node_id = 11; gpu_id = 49174; unique_id = 12443904590446292887; location_id = 56832; bdf = 56832; domain = 0; partition = 0], 
nid005015:84675:84675 [7] NCCL INFO [node_id = 6; gpu_id = 15961; unique_id = 12929392431122790753; location_id = 51456; bdf = 51456; domain = 0; partition = 0], 
nid005015:84675:84675 [7] NCCL INFO [node_id = 4; gpu_id = 63582; unique_id = 16161265552681838544; location_id = 49408; bdf = 49408; domain = 0; partition = 0], 
nid005015:84675:84675 [7] NCCL INFO [node_id = 9; gpu_id = 1553; unique_id = 17591303600537279649; location_id = 54784; bdf = 54784; domain = 0; partition = 0], 
nid005015:84670:84670 [1] NCCL INFO NET/OFI No eligible providers were found
nid005015:84670:84670 [1] NCCL INFO NET/OFI Selected provider is cxi, fabric is cxi (found 4 nics)
nid005015:84670:84670 [1] NCCL INFO NET/OFI Using transport protocol SENDRECV
nid005015:84676:84676 [6] NCCL INFO NET/OFI Support for global registrations: false
nid005015:84676:84676 [6] NCCL INFO NET/OFI Support for DMA-BUF registrations: true
nid005015:84674:84674 [4] NCCL INFO NET/OFI Support for global registrations: false
nid005015:84674:84674 [4] NCCL INFO NET/OFI Support for DMA-BUF registrations: true
nid005015:84673:84673 [5] NCCL INFO NET/OFI Support for global registrations: false
nid005015:84673:84673 [5] NCCL INFO NET/OFI Support for DMA-BUF registrations: true
nid005015:84671:84671 [2] NCCL INFO NET/OFI Support for global registrations: false
nid005015:84671:84671 [2] NCCL INFO NET/OFI Support for DMA-BUF registrations: true
nid005016:25502:25502 [1] NCCL INFO NET/OFI Plugin selected platform: Default
nid005016:25502:25502 [1] NCCL INFO NET/OFI No eligible providers were found
nid005016:25502:25502 [1] NCCL INFO NET/OFI Selected provider is cxi, fabric is cxi (found 4 nics)
nid005016:25502:25502 [1] NCCL INFO NET/OFI Using transport protocol SENDRECV
nid005015:84676:84676 [6] NCCL INFO NET/OFI MR cache 0 hits 0 misses
nid005015:84676:84676 [6] NCCL INFO Using network Libfabric
nid005015:84675:84675 [7] NCCL INFO initialized internal alternative rsmi functionality
nid005016:25500:25500 [6] NCCL INFO NET/OFI Support for global registrations: false
nid005016:25500:25500 [6] NCCL INFO NET/OFI Support for DMA-BUF registrations: true
nid005015:84674:84674 [4] NCCL INFO NET/OFI MR cache 0 hits 0 misses
nid005015:84673:84673 [5] NCCL INFO NET/OFI MR cache 0 hits 0 misses
nid005015:84674:84674 [4] NCCL INFO Using network Libfabric
nid005015:84671:84671 [2] NCCL INFO NET/OFI MR cache 0 hits 0 misses
nid005015:84673:84673 [5] NCCL INFO Using network Libfabric
nid005015:84671:84671 [2] NCCL INFO Using network Libfabric
nid005015:84676:84676 [6] NCCL INFO [node_id = 10; gpu_id = 62036; unique_id = 2034334848879113280; location_id = 55552; bdf = 55552; domain = 0; partition = 0], 
nid005015:84676:84676 [6] NCCL INFO [node_id = 5; gpu_id = 51740; unique_id = 2870486237821974655; location_id = 50688; bdf = 50688; domain = 0; partition = 0], 
nid005015:84676:84676 [6] NCCL INFO [node_id = 8; gpu_id = 13395; unique_id = 5935451103719961262; location_id = 53504; bdf = 53504; domain = 0; partition = 0], 
nid005015:84676:84676 [6] NCCL INFO [node_id = 7; gpu_id = 3099; unique_id = 6416191365698414785; location_id = 52736; bdf = 52736; domain = 0; partition = 0], 
nid005015:84676:84676 [6] NCCL INFO [node_id = 11; gpu_id = 49174; unique_id = 12443904590446292887; location_id = 56832; bdf = 56832; domain = 0; partition = 0], 
nid005015:84676:84676 [6] NCCL INFO [node_id = 6; gpu_id = 15961; unique_id = 12929392431122790753; location_id = 51456; bdf = 51456; domain = 0; partition = 0], 
nid005015:84676:84676 [6] NCCL INFO [node_id = 4; gpu_id = 63582; unique_id = 16161265552681838544; location_id = 49408; bdf = 49408; domain = 0; partition = 0], 
nid005015:84676:84676 [6] NCCL INFO [node_id = 9; gpu_id = 1553; unique_id = 17591303600537279649; location_id = 54784; bdf = 54784; domain = 0; partition = 0], 
nid005015:84674:84674 [4] NCCL INFO [node_id = 10; gpu_id = 62036; unique_id = 2034334848879113280; location_id = 55552; bdf = 55552; domain = 0; partition = 0], 
nid005015:84674:84674 [4] NCCL INFO [node_id = 5; gpu_id = 51740; unique_id = 2870486237821974655; location_id = 50688; bdf = 50688; domain = 0; partition = 0], 
nid005015:84674:84674 [4] NCCL INFO [node_id = 8; gpu_id = 13395; unique_id = 5935451103719961262; location_id = 53504; bdf = 53504; domain = 0; partition = 0], 
nid005015:84674:84674 [4] NCCL INFO [node_id = 7; gpu_id = 3099; unique_id = 6416191365698414785; location_id = 52736; bdf = 52736; domain = 0; partition = 0], 
nid005015:84674:84674 [4] NCCL INFO [node_id = 11; gpu_id = 49174; unique_id = 12443904590446292887; location_id = 56832; bdf = 56832; domain = 0; partition = 0], 
nid005015:84674:84674 [4] NCCL INFO [node_id = 6; gpu_id = 15961; unique_id = 12929392431122790753; location_id = 51456; bdf = 51456; domain = 0; partition = 0], 
nid005015:84674:84674 [4] NCCL INFO [node_id = 4; gpu_id = 63582; unique_id = 16161265552681838544; location_id = 49408; bdf = 49408; domain = 0; partition = 0], 
nid005015:84674:84674 [4] NCCL INFO [node_id = 9; gpu_id = 1553; unique_id = 17591303600537279649; location_id = 54784; bdf = 54784; domain = 0; partition = 0], 
nid005015:84673:84673 [5] NCCL INFO [node_id = 10; gpu_id = 62036; unique_id = 2034334848879113280; location_id = 55552; bdf = 55552; domain = 0; partition = 0], 
nid005015:84673:84673 [5] NCCL INFO [node_id = 5; gpu_id = 51740; unique_id = 2870486237821974655; location_id = 50688; bdf = 50688; domain = 0; partition = 0], 
nid005015:84673:84673 [5] NCCL INFO [node_id = 8; gpu_id = 13395; unique_id = 5935451103719961262; location_id = 53504; bdf = 53504; domain = 0; partition = 0], 
nid005015:84673:84673 [5] NCCL INFO [node_id = 7; gpu_id = 3099; unique_id = 6416191365698414785; location_id = 52736; bdf = 52736; domain = 0; partition = 0], 
nid005015:84673:84673 [5] NCCL INFO [node_id = 11; gpu_id = 49174; unique_id = 12443904590446292887; location_id = 56832; bdf = 56832; domain = 0; partition = 0], 
nid005015:84673:84673 [5] NCCL INFO [node_id = 6; gpu_id = 15961; unique_id = 12929392431122790753; location_id = 51456; bdf = 51456; domain = 0; partition = 0], 
nid005015:84673:84673 [5] NCCL INFO [node_id = 4; gpu_id = 63582; unique_id = 16161265552681838544; location_id = 49408; bdf = 49408; domain = 0; partition = 0], 
nid005015:84673:84673 [5] NCCL INFO [node_id = 9; gpu_id = 1553; unique_id = 17591303600537279649; location_id = 54784; bdf = 54784; domain = 0; partition = 0], 
nid005015:84671:84671 [2] NCCL INFO [node_id = 10; gpu_id = 62036; unique_id = 2034334848879113280; location_id = 55552; bdf = 55552; domain = 0; partition = 0], 
nid005015:84671:84671 [2] NCCL INFO [node_id = 5; gpu_id = 51740; unique_id = 2870486237821974655; location_id = 50688; bdf = 50688; domain = 0; partition = 0], 
nid005015:84671:84671 [2] NCCL INFO [node_id = 8; gpu_id = 13395; unique_id = 5935451103719961262; location_id = 53504; bdf = 53504; domain = 0; partition = 0], 
nid005015:84671:84671 [2] NCCL INFO [node_id = 7; gpu_id = 3099; unique_id = 6416191365698414785; location_id = 52736; bdf = 52736; domain = 0; partition = 0], 
nid005015:84671:84671 [2] NCCL INFO [node_id = 11; gpu_id = 49174; unique_id = 12443904590446292887; location_id = 56832; bdf = 56832; domain = 0; partition = 0], 
nid005015:84671:84671 [2] NCCL INFO [node_id = 6; gpu_id = 15961; unique_id = 12929392431122790753; location_id = 51456; bdf = 51456; domain = 0; partition = 0], 
nid005015:84671:84671 [2] NCCL INFO [node_id = 4; gpu_id = 63582; unique_id = 16161265552681838544; location_id = 49408; bdf = 49408; domain = 0; partition = 0], 
nid005015:84671:84671 [2] NCCL INFO [node_id = 9; gpu_id = 1553; unique_id = 17591303600537279649; location_id = 54784; bdf = 54784; domain = 0; partition = 0], 
nid005016:25500:25500 [6] NCCL INFO NET/OFI MR cache 0 hits 0 misses
nid005016:25500:25500 [6] NCCL INFO Using network Libfabric
nid005016:25500:25500 [6] NCCL INFO [node_id = 8; gpu_id = 13395; unique_id = 8941100799198426; location_id = 53504; bdf = 53504; domain = 0; partition = 0], 
nid005016:25500:25500 [6] NCCL INFO [node_id = 11; gpu_id = 49174; unique_id = 9641048607279681479; location_id = 56832; bdf = 56832; domain = 0; partition = 0], 
nid005016:25500:25500 [6] NCCL INFO [node_id = 5; gpu_id = 51740; unique_id = 9918753207434673262; location_id = 50688; bdf = 50688; domain = 0; partition = 0], 
nid005016:25500:25500 [6] NCCL INFO [node_id = 6; gpu_id = 15961; unique_id = 11710903913926154369; location_id = 51456; bdf = 51456; domain = 0; partition = 0], 
nid005016:25500:25500 [6] NCCL INFO [node_id = 10; gpu_id = 62036; unique_id = 14511207702583018242; location_id = 55552; bdf = 55552; domain = 0; partition = 0], 
nid005016:25500:25500 [6] NCCL INFO [node_id = 7; gpu_id = 3099; unique_id = 16278015608192545490; location_id = 52736; bdf = 52736; domain = 0; partition = 0], 
nid005016:25500:25500 [6] NCCL INFO [node_id = 4; gpu_id = 63582; unique_id = 17847167417756031783; location_id = 49408; bdf = 49408; domain = 0; partition = 0], 
nid005016:25500:25500 [6] NCCL INFO [node_id = 9; gpu_id = 1553; unique_id = 18210502340169372044; location_id = 54784; bdf = 54784; domain = 0; partition = 0], 
nid005015:84676:84676 [6] NCCL INFO initialized internal alternative rsmi functionality
nid005015:84674:84674 [4] NCCL INFO initialized internal alternative rsmi functionality
nid005015:84670:84670 [1] NCCL INFO NET/OFI Support for global registrations: false
nid005015:84670:84670 [1] NCCL INFO NET/OFI Support for DMA-BUF registrations: true
nid005015:84673:84673 [5] NCCL INFO initialized internal alternative rsmi functionality
nid005015:84671:84671 [2] NCCL INFO initialized internal alternative rsmi functionality
nid005016:25502:25502 [1] NCCL INFO NET/OFI Support for global registrations: false
nid005016:25502:25502 [1] NCCL INFO NET/OFI Support for DMA-BUF registrations: true
nid005016:25500:25500 [6] NCCL INFO initialized internal alternative rsmi functionality
nid005015:84670:84670 [1] NCCL INFO NET/OFI MR cache 0 hits 0 misses
nid005015:84670:84670 [1] NCCL INFO Using network Libfabric
nid005015:84670:84670 [1] NCCL INFO [node_id = 10; gpu_id = 62036; unique_id = 2034334848879113280; location_id = 55552; bdf = 55552; domain = 0; partition = 0], 
nid005015:84670:84670 [1] NCCL INFO [node_id = 5; gpu_id = 51740; unique_id = 2870486237821974655; location_id = 50688; bdf = 50688; domain = 0; partition = 0], 
nid005015:84670:84670 [1] NCCL INFO [node_id = 8; gpu_id = 13395; unique_id = 5935451103719961262; location_id = 53504; bdf = 53504; domain = 0; partition = 0], 
nid005015:84670:84670 [1] NCCL INFO [node_id = 7; gpu_id = 3099; unique_id = 6416191365698414785; location_id = 52736; bdf = 52736; domain = 0; partition = 0], 
nid005015:84670:84670 [1] NCCL INFO [node_id = 11; gpu_id = 49174; unique_id = 12443904590446292887; location_id = 56832; bdf = 56832; domain = 0; partition = 0], 
nid005015:84670:84670 [1] NCCL INFO [node_id = 6; gpu_id = 15961; unique_id = 12929392431122790753; location_id = 51456; bdf = 51456; domain = 0; partition = 0], 
nid005015:84670:84670 [1] NCCL INFO [node_id = 4; gpu_id = 63582; unique_id = 16161265552681838544; location_id = 49408; bdf = 49408; domain = 0; partition = 0], 
nid005015:84670:84670 [1] NCCL INFO [node_id = 9; gpu_id = 1553; unique_id = 17591303600537279649; location_id = 54784; bdf = 54784; domain = 0; partition = 0], 
nid005016:25502:25502 [1] NCCL INFO NET/OFI MR cache 0 hits 0 misses
nid005016:25502:25502 [1] NCCL INFO Using network Libfabric
nid005016:25502:25502 [1] NCCL INFO [node_id = 8; gpu_id = 13395; unique_id = 8941100799198426; location_id = 53504; bdf = 53504; domain = 0; partition = 0], 
nid005016:25502:25502 [1] NCCL INFO [node_id = 11; gpu_id = 49174; unique_id = 9641048607279681479; location_id = 56832; bdf = 56832; domain = 0; partition = 0], 
nid005016:25502:25502 [1] NCCL INFO [node_id = 5; gpu_id = 51740; unique_id = 9918753207434673262; location_id = 50688; bdf = 50688; domain = 0; partition = 0], 
nid005016:25502:25502 [1] NCCL INFO [node_id = 6; gpu_id = 15961; unique_id = 11710903913926154369; location_id = 51456; bdf = 51456; domain = 0; partition = 0], 
nid005016:25502:25502 [1] NCCL INFO [node_id = 10; gpu_id = 62036; unique_id = 14511207702583018242; location_id = 55552; bdf = 55552; domain = 0; partition = 0], 
nid005016:25502:25502 [1] NCCL INFO [node_id = 7; gpu_id = 3099; unique_id = 16278015608192545490; location_id = 52736; bdf = 52736; domain = 0; partition = 0], 
nid005016:25502:25502 [1] NCCL INFO [node_id = 4; gpu_id = 63582; unique_id = 17847167417756031783; location_id = 49408; bdf = 49408; domain = 0; partition = 0], 
nid005016:25502:25502 [1] NCCL INFO [node_id = 9; gpu_id = 1553; unique_id = 18210502340169372044; location_id = 54784; bdf = 54784; domain = 0; partition = 0], 
nid005016:25501:25501 [2] NCCL INFO NET/OFI Plugin selected platform: Default
nid005016:25501:25501 [2] NCCL INFO NET/OFI No eligible providers were found
nid005016:25505:25505 [3] NCCL INFO NET/OFI Plugin selected platform: Default
nid005016:25505:25505 [3] NCCL INFO NET/OFI No eligible providers were found
nid005016:25504:25504 [4] NCCL INFO NET/OFI Plugin selected platform: Default
nid005016:25504:25504 [4] NCCL INFO NET/OFI No eligible providers were found
nid005015:84670:84670 [1] NCCL INFO initialized internal alternative rsmi functionality
nid005016:25501:25501 [2] NCCL INFO NET/OFI Selected provider is cxi, fabric is cxi (found 4 nics)
nid005016:25501:25501 [2] NCCL INFO NET/OFI Using transport protocol SENDRECV
nid005016:25505:25505 [3] NCCL INFO NET/OFI Selected provider is cxi, fabric is cxi (found 4 nics)
nid005016:25505:25505 [3] NCCL INFO NET/OFI Using transport protocol SENDRECV
nid005016:25504:25504 [4] NCCL INFO NET/OFI Selected provider is cxi, fabric is cxi (found 4 nics)
nid005016:25504:25504 [4] NCCL INFO NET/OFI Using transport protocol SENDRECV
nid005016:25502:25502 [1] NCCL INFO initialized internal alternative rsmi functionality
nid005016:25506:25506 [5] NCCL INFO NET/OFI Plugin selected platform: Default
nid005016:25506:25506 [5] NCCL INFO NET/OFI No eligible providers were found
nid005016:25507:25507 [7] NCCL INFO NET/OFI Plugin selected platform: Default
nid005016:25507:25507 [7] NCCL INFO NET/OFI No eligible providers were found
nid005016:25506:25506 [5] NCCL INFO NET/OFI Selected provider is cxi, fabric is cxi (found 4 nics)
nid005016:25506:25506 [5] NCCL INFO NET/OFI Using transport protocol SENDRECV
nid005016:25507:25507 [7] NCCL INFO NET/OFI Selected provider is cxi, fabric is cxi (found 4 nics)
nid005016:25507:25507 [7] NCCL INFO NET/OFI Using transport protocol SENDRECV
nid005016:25504:25504 [4] NCCL INFO NET/OFI Support for global registrations: false
nid005016:25504:25504 [4] NCCL INFO NET/OFI Support for DMA-BUF registrations: true
nid005016:25501:25501 [2] NCCL INFO NET/OFI Support for global registrations: false
nid005016:25501:25501 [2] NCCL INFO NET/OFI Support for DMA-BUF registrations: true
nid005016:25505:25505 [3] NCCL INFO NET/OFI Support for global registrations: false
nid005016:25505:25505 [3] NCCL INFO NET/OFI Support for DMA-BUF registrations: true
nid005016:25504:25504 [4] NCCL INFO NET/OFI MR cache 0 hits 0 misses
nid005016:25501:25501 [2] NCCL INFO NET/OFI MR cache 0 hits 0 misses
nid005016:25505:25505 [3] NCCL INFO NET/OFI MR cache 0 hits 0 misses
nid005016:25501:25501 [2] NCCL INFO Using network Libfabric
nid005016:25504:25504 [4] NCCL INFO Using network Libfabric
nid005016:25505:25505 [3] NCCL INFO Using network Libfabric
nid005016:25501:25501 [2] NCCL INFO [node_id = 8; gpu_id = 13395; unique_id = 8941100799198426; location_id = 53504; bdf = 53504; domain = 0; partition = 0], 
nid005016:25501:25501 [2] NCCL INFO [node_id = 11; gpu_id = 49174; unique_id = 9641048607279681479; location_id = 56832; bdf = 56832; domain = 0; partition = 0], 
nid005016:25501:25501 [2] NCCL INFO [node_id = 5; gpu_id = 51740; unique_id = 9918753207434673262; location_id = 50688; bdf = 50688; domain = 0; partition = 0], 
nid005016:25501:25501 [2] NCCL INFO [node_id = 6; gpu_id = 15961; unique_id = 11710903913926154369; location_id = 51456; bdf = 51456; domain = 0; partition = 0], 
nid005016:25501:25501 [2] NCCL INFO [node_id = 10; gpu_id = 62036; unique_id = 14511207702583018242; location_id = 55552; bdf = 55552; domain = 0; partition = 0], 
nid005016:25501:25501 [2] NCCL INFO [node_id = 7; gpu_id = 3099; unique_id = 16278015608192545490; location_id = 52736; bdf = 52736; domain = 0; partition = 0], 
nid005016:25501:25501 [2] NCCL INFO [node_id = 4; gpu_id = 63582; unique_id = 17847167417756031783; location_id = 49408; bdf = 49408; domain = 0; partition = 0], 
nid005016:25501:25501 [2] NCCL INFO [node_id = 9; gpu_id = 1553; unique_id = 18210502340169372044; location_id = 54784; bdf = 54784; domain = 0; partition = 0], 
nid005016:25504:25504 [4] NCCL INFO [node_id = 8; gpu_id = 13395; unique_id = 8941100799198426; location_id = 53504; bdf = 53504; domain = 0; partition = 0], 
nid005016:25504:25504 [4] NCCL INFO [node_id = 11; gpu_id = 49174; unique_id = 9641048607279681479; location_id = 56832; bdf = 56832; domain = 0; partition = 0], 
nid005016:25504:25504 [4] NCCL INFO [node_id = 5; gpu_id = 51740; unique_id = 9918753207434673262; location_id = 50688; bdf = 50688; domain = 0; partition = 0], 
nid005016:25504:25504 [4] NCCL INFO [node_id = 6; gpu_id = 15961; unique_id = 11710903913926154369; location_id = 51456; bdf = 51456; domain = 0; partition = 0], 
nid005016:25504:25504 [4] NCCL INFO [node_id = 10; gpu_id = 62036; unique_id = 14511207702583018242; location_id = 55552; bdf = 55552; domain = 0; partition = 0], 
nid005016:25504:25504 [4] NCCL INFO [node_id = 7; gpu_id = 3099; unique_id = 16278015608192545490; location_id = 52736; bdf = 52736; domain = 0; partition = 0], 
nid005016:25504:25504 [4] NCCL INFO [node_id = 4; gpu_id = 63582; unique_id = 17847167417756031783; location_id = 49408; bdf = 49408; domain = 0; partition = 0], 
nid005016:25504:25504 [4] NCCL INFO [node_id = 9; gpu_id = 1553; unique_id = 18210502340169372044; location_id = 54784; bdf = 54784; domain = 0; partition = 0], 
nid005016:25505:25505 [3] NCCL INFO [node_id = 8; gpu_id = 13395; unique_id = 8941100799198426; location_id = 53504; bdf = 53504; domain = 0; partition = 0], 
nid005016:25505:25505 [3] NCCL INFO [node_id = 11; gpu_id = 49174; unique_id = 9641048607279681479; location_id = 56832; bdf = 56832; domain = 0; partition = 0], 
nid005016:25505:25505 [3] NCCL INFO [node_id = 5; gpu_id = 51740; unique_id = 9918753207434673262; location_id = 50688; bdf = 50688; domain = 0; partition = 0], 
nid005016:25505:25505 [3] NCCL INFO [node_id = 6; gpu_id = 15961; unique_id = 11710903913926154369; location_id = 51456; bdf = 51456; domain = 0; partition = 0], 
nid005016:25505:25505 [3] NCCL INFO [node_id = 10; gpu_id = 62036; unique_id = 14511207702583018242; location_id = 55552; bdf = 55552; domain = 0; partition = 0], 
nid005016:25505:25505 [3] NCCL INFO [node_id = 7; gpu_id = 3099; unique_id = 16278015608192545490; location_id = 52736; bdf = 52736; domain = 0; partition = 0], 
nid005016:25505:25505 [3] NCCL INFO [node_id = 4; gpu_id = 63582; unique_id = 17847167417756031783; location_id = 49408; bdf = 49408; domain = 0; partition = 0], 
nid005016:25505:25505 [3] NCCL INFO [node_id = 9; gpu_id = 1553; unique_id = 18210502340169372044; location_id = 54784; bdf = 54784; domain = 0; partition = 0], 
nid005016:25506:25506 [5] NCCL INFO NET/OFI Support for global registrations: false
nid005016:25506:25506 [5] NCCL INFO NET/OFI Support for DMA-BUF registrations: true
nid005016:25507:25507 [7] NCCL INFO NET/OFI Support for global registrations: false
nid005016:25507:25507 [7] NCCL INFO NET/OFI Support for DMA-BUF registrations: true
nid005016:25506:25506 [5] NCCL INFO NET/OFI MR cache 0 hits 0 misses
nid005016:25507:25507 [7] NCCL INFO NET/OFI MR cache 0 hits 0 misses
nid005016:25506:25506 [5] NCCL INFO Using network Libfabric
nid005016:25507:25507 [7] NCCL INFO Using network Libfabric
nid005016:25501:25501 [2] NCCL INFO initialized internal alternative rsmi functionality
nid005016:25504:25504 [4] NCCL INFO initialized internal alternative rsmi functionality
nid005016:25505:25505 [3] NCCL INFO initialized internal alternative rsmi functionality
nid005016:25506:25506 [5] NCCL INFO [node_id = 8; gpu_id = 13395; unique_id = 8941100799198426; location_id = 53504; bdf = 53504; domain = 0; partition = 0], 
nid005016:25506:25506 [5] NCCL INFO [node_id = 11; gpu_id = 49174; unique_id = 9641048607279681479; location_id = 56832; bdf = 56832; domain = 0; partition = 0], 
nid005016:25506:25506 [5] NCCL INFO [node_id = 5; gpu_id = 51740; unique_id = 9918753207434673262; location_id = 50688; bdf = 50688; domain = 0; partition = 0], 
nid005016:25506:25506 [5] NCCL INFO [node_id = 6; gpu_id = 15961; unique_id = 11710903913926154369; location_id = 51456; bdf = 51456; domain = 0; partition = 0], 
nid005016:25506:25506 [5] NCCL INFO [node_id = 10; gpu_id = 62036; unique_id = 14511207702583018242; location_id = 55552; bdf = 55552; domain = 0; partition = 0], 
nid005016:25506:25506 [5] NCCL INFO [node_id = 7; gpu_id = 3099; unique_id = 16278015608192545490; location_id = 52736; bdf = 52736; domain = 0; partition = 0], 
nid005016:25507:25507 [7] NCCL INFO [node_id = 8; gpu_id = 13395; unique_id = 8941100799198426; location_id = 53504; bdf = 53504; domain = 0; partition = 0], 
nid005016:25507:25507 [7] NCCL INFO [node_id = 11; gpu_id = 49174; unique_id = 9641048607279681479; location_id = 56832; bdf = 56832; domain = 0; partition = 0], 
nid005016:25507:25507 [7] NCCL INFO [node_id = 5; gpu_id = 51740; unique_id = 9918753207434673262; location_id = 50688; bdf = 50688; domain = 0; partition = 0], 
nid005016:25507:25507 [7] NCCL INFO [node_id = 6; gpu_id = 15961; unique_id = 11710903913926154369; location_id = 51456; bdf = 51456; domain = 0; partition = 0], 
nid005016:25507:25507 [7] NCCL INFO [node_id = 10; gpu_id = 62036; unique_id = 14511207702583018242; location_id = 55552; bdf = 55552; domain = 0; partition = 0], 
nid005016:25507:25507 [7] NCCL INFO [node_id = 7; gpu_id = 3099; unique_id = 16278015608192545490; location_id = 52736; bdf = 52736; domain = 0; partition = 0], 
nid005016:25507:25507 [7] NCCL INFO [node_id = 4; gpu_id = 63582; unique_id = 17847167417756031783; location_id = 49408; bdf = 49408; domain = 0; partition = 0], 
nid005016:25507:25507 [7] NCCL INFO [node_id = 9; gpu_id = 1553; unique_id = 18210502340169372044; location_id = 54784; bdf = 54784; domain = 0; partition = 0], 
nid005016:25506:25506 [5] NCCL INFO [node_id = 4; gpu_id = 63582; unique_id = 17847167417756031783; location_id = 49408; bdf = 49408; domain = 0; partition = 0], 
nid005016:25506:25506 [5] NCCL INFO [node_id = 9; gpu_id = 1553; unique_id = 18210502340169372044; location_id = 54784; bdf = 54784; domain = 0; partition = 0], 
nid005016:25507:25507 [7] NCCL INFO initialized internal alternative rsmi functionality
nid005016:25506:25506 [5] NCCL INFO initialized internal alternative rsmi functionality
nid005015:84675:84675 [7] NCCL INFO ncclCommInitRank comm 0x56153de37f20 rank 7 nranks 16 cudaDev 7 nvmlDev 7 busId de000 commId 0x6f4d0e95912a2372 - Init START
nid005016:25505:25505 [3] NCCL INFO ncclCommInitRank comm 0x561abc4c3f60 rank 11 nranks 16 cudaDev 3 nvmlDev 3 busId ce000 commId 0x6f4d0e95912a2372 - Init START
nid005015:84673:84673 [5] NCCL INFO ncclCommInitRank comm 0x555582a5c6a0 rank 5 nranks 16 cudaDev 5 nvmlDev 5 busId d6000 commId 0x6f4d0e95912a2372 - Init START
nid005016:25504:25504 [4] NCCL INFO ncclCommInitRank comm 0x55a5f2721eb0 rank 12 nranks 16 cudaDev 4 nvmlDev 4 busId d1000 commId 0x6f4d0e95912a2372 - Init START
nid005015:84674:84674 [4] NCCL INFO ncclCommInitRank comm 0x562b43d12c80 rank 4 nranks 16 cudaDev 4 nvmlDev 4 busId d1000 commId 0x6f4d0e95912a2372 - Init START
nid005016:25501:25501 [2] NCCL INFO ncclCommInitRank comm 0x555ff8c8b210 rank 10 nranks 16 cudaDev 2 nvmlDev 2 busId c9000 commId 0x6f4d0e95912a2372 - Init START
nid005015:84672:84672 [3] NCCL INFO ncclCommInitRank comm 0x55a5a4c1d010 rank 3 nranks 16 cudaDev 3 nvmlDev 3 busId ce000 commId 0x6f4d0e95912a2372 - Init START
nid005016:25502:25502 [1] NCCL INFO ncclCommInitRank comm 0x559172af0110 rank 9 nranks 16 cudaDev 1 nvmlDev 1 busId c6000 commId 0x6f4d0e95912a2372 - Init START
nid005015:84670:84670 [1] NCCL INFO ncclCommInitRank comm 0x55f1ace86af0 rank 1 nranks 16 cudaDev 1 nvmlDev 1 busId c6000 commId 0x6f4d0e95912a2372 - Init START
nid005015:84671:84671 [2] NCCL INFO ncclCommInitRank comm 0x55e4f5192260 rank 2 nranks 16 cudaDev 2 nvmlDev 2 busId c9000 commId 0x6f4d0e95912a2372 - Init START
nid005016:25503:25503 [0] NCCL INFO ncclCommInitRank comm 0x559b5184e290 rank 8 nranks 16 cudaDev 0 nvmlDev 0 busId c1000 commId 0x6f4d0e95912a2372 - Init START
nid005015:84676:84676 [6] NCCL INFO ncclCommInitRank comm 0x55b07f219f80 rank 6 nranks 16 cudaDev 6 nvmlDev 6 busId d9000 commId 0x6f4d0e95912a2372 - Init START
nid005016:25507:25507 [7] NCCL INFO ncclCommInitRank comm 0x55de98e1b2f0 rank 15 nranks 16 cudaDev 7 nvmlDev 7 busId de000 commId 0x6f4d0e95912a2372 - Init START
nid005015:84669:84669 [0] NCCL INFO ncclCommInitRank comm 0x562e98837a90 rank 0 nranks 16 cudaDev 0 nvmlDev 0 busId c1000 commId 0x6f4d0e95912a2372 - Init START
nid005016:25506:25506 [5] NCCL INFO ncclCommInitRank comm 0x564eceac2fa0 rank 13 nranks 16 cudaDev 5 nvmlDev 5 busId d6000 commId 0x6f4d0e95912a2372 - Init START
nid005016:25500:25500 [6] NCCL INFO ncclCommInitRank comm 0x5618b7deb810 rank 14 nranks 16 cudaDev 6 nvmlDev 6 busId d9000 commId 0x6f4d0e95912a2372 - Init START
nid005015:84671:84671 [2] NCCL INFO initialized internal alternative rsmi functionality
nid005016:25505:25505 [3] NCCL INFO initialized internal alternative rsmi functionality
nid005015:84669:84669 [0] NCCL INFO initialized internal alternative rsmi functionality
nid005016:25501:25501 [2] NCCL INFO initialized internal alternative rsmi functionality
nid005015:84674:84674 [4] NCCL INFO initialized internal alternative rsmi functionality
nid005016:25502:25502 [1] NCCL INFO initialized internal alternative rsmi functionality
nid005015:84676:84676 [6] NCCL INFO initialized internal alternative rsmi functionality
nid005016:25500:25500 [6] NCCL INFO initialized internal alternative rsmi functionality
nid005015:84673:84673 [5] NCCL INFO initialized internal alternative rsmi functionality
nid005016:25504:25504 [4] NCCL INFO initialized internal alternative rsmi functionality
nid005015:84670:84670 [1] NCCL INFO initialized internal alternative rsmi functionality
nid005015:84672:84672 [3] NCCL INFO initialized internal alternative rsmi functionality
nid005015:84675:84675 [7] NCCL INFO initialized internal alternative rsmi functionality
nid005016:25503:25503 [0] NCCL INFO initialized internal alternative rsmi functionality
nid005016:25506:25506 [5] NCCL INFO initialized internal alternative rsmi functionality
nid005016:25507:25507 [7] NCCL INFO initialized internal alternative rsmi functionality
nid005015:84669:84669 [0] NCCL INFO NET/Libfabric : GPU Direct RDMA Enabled for HCA 0 'cxi0'
nid005015:84670:84670 [1] NCCL INFO NET/Libfabric : GPU Direct RDMA Enabled for HCA 0 'cxi0'
nid005015:84672:84672 [3] NCCL INFO NET/Libfabric : GPU Direct RDMA Enabled for HCA 0 'cxi0'
nid005015:84675:84675 [7] NCCL INFO NET/Libfabric : GPU Direct RDMA Enabled for HCA 0 'cxi0'
nid005015:84674:84674 [4] NCCL INFO NET/Libfabric : GPU Direct RDMA Enabled for HCA 0 'cxi0'
nid005016:25502:25502 [1] NCCL INFO NET/Libfabric : GPU Direct RDMA Enabled for HCA 0 'cxi0'
nid005015:84673:84673 [5] NCCL INFO NET/Libfabric : GPU Direct RDMA Enabled for HCA 0 'cxi0'
nid005015:84671:84671 [2] NCCL INFO NET/Libfabric : GPU Direct RDMA Enabled for HCA 0 'cxi0'
nid005015:84676:84676 [6] NCCL INFO NET/Libfabric : GPU Direct RDMA Enabled for HCA 0 'cxi0'
nid005015:84669:84669 [0] NCCL INFO NET/Libfabric : GPU Direct RDMA Enabled for HCA 1 'cxi1'
nid005015:84672:84672 [3] NCCL INFO NET/Libfabric : GPU Direct RDMA Enabled for HCA 1 'cxi1'
nid005015:84671:84671 [2] NCCL INFO NET/Libfabric : GPU Direct RDMA Enabled for HCA 1 'cxi1'
nid005015:84674:84674 [4] NCCL INFO NET/Libfabric : GPU Direct RDMA Enabled for HCA 1 'cxi1'
nid005015:84675:84675 [7] NCCL INFO NET/Libfabric : GPU Direct RDMA Enabled for HCA 1 'cxi1'
nid005016:25503:25503 [0] NCCL INFO NET/Libfabric : GPU Direct RDMA Enabled for HCA 0 'cxi0'
nid005015:84673:84673 [5] NCCL INFO NET/Libfabric : GPU Direct RDMA Enabled for HCA 1 'cxi1'
nid005016:25501:25501 [2] NCCL INFO NET/Libfabric : GPU Direct RDMA Enabled for HCA 0 'cxi0'
nid005015:84670:84670 [1] NCCL INFO NET/Libfabric : GPU Direct RDMA Enabled for HCA 1 'cxi1'
nid005016:25504:25504 [4] NCCL INFO NET/Libfabric : GPU Direct RDMA Enabled for HCA 0 'cxi0'
nid005015:84676:84676 [6] NCCL INFO NET/Libfabric : GPU Direct RDMA Enabled for HCA 1 'cxi1'
nid005016:25500:25500 [6] NCCL INFO NET/Libfabric : GPU Direct RDMA Enabled for HCA 0 'cxi0'
nid005016:25505:25505 [3] NCCL INFO NET/Libfabric : GPU Direct RDMA Enabled for HCA 0 'cxi0'
nid005016:25506:25506 [5] NCCL INFO NET/Libfabric : GPU Direct RDMA Enabled for HCA 0 'cxi0'
nid005016:25507:25507 [7] NCCL INFO NET/Libfabric : GPU Direct RDMA Enabled for HCA 0 'cxi0'
nid005016:25501:25501 [2] NCCL INFO NET/Libfabric : GPU Direct RDMA Enabled for HCA 1 'cxi1'
nid005016:25505:25505 [3] NCCL INFO NET/Libfabric : GPU Direct RDMA Enabled for HCA 1 'cxi1'
nid005016:25502:25502 [1] NCCL INFO NET/Libfabric : GPU Direct RDMA Enabled for HCA 1 'cxi1'
nid005016:25500:25500 [6] NCCL INFO NET/Libfabric : GPU Direct RDMA Enabled for HCA 1 'cxi1'
nid005015:84672:84672 [3] NCCL INFO NET/Libfabric : GPU Direct RDMA Enabled for HCA 2 'cxi2'
nid005015:84669:84669 [0] NCCL INFO NET/Libfabric : GPU Direct RDMA Enabled for HCA 2 'cxi2'
nid005015:84674:84674 [4] NCCL INFO NET/Libfabric : GPU Direct RDMA Enabled for HCA 2 'cxi2'
nid005015:84671:84671 [2] NCCL INFO NET/Libfabric : GPU Direct RDMA Enabled for HCA 2 'cxi2'
nid005015:84675:84675 [7] NCCL INFO NET/Libfabric : GPU Direct RDMA Enabled for HCA 2 'cxi2'
nid005015:84673:84673 [5] NCCL INFO NET/Libfabric : GPU Direct RDMA Enabled for HCA 2 'cxi2'
nid005015:84670:84670 [1] NCCL INFO NET/Libfabric : GPU Direct RDMA Enabled for HCA 2 'cxi2'
nid005015:84676:84676 [6] NCCL INFO NET/Libfabric : GPU Direct RDMA Enabled for HCA 2 'cxi2'
nid005016:25503:25503 [0] NCCL INFO NET/Libfabric : GPU Direct RDMA Enabled for HCA 1 'cxi1'
nid005016:25504:25504 [4] NCCL INFO NET/Libfabric : GPU Direct RDMA Enabled for HCA 1 'cxi1'
nid005016:25506:25506 [5] NCCL INFO NET/Libfabric : GPU Direct RDMA Enabled for HCA 1 'cxi1'
nid005016:25507:25507 [7] NCCL INFO NET/Libfabric : GPU Direct RDMA Enabled for HCA 1 'cxi1'
nid005016:25504:25504 [4] NCCL INFO NET/Libfabric : GPU Direct RDMA Enabled for HCA 2 'cxi2'
nid005015:84669:84669 [0] NCCL INFO NET/Libfabric : GPU Direct RDMA Enabled for HCA 3 'cxi3'
nid005015:84672:84672 [3] NCCL INFO NET/Libfabric : GPU Direct RDMA Enabled for HCA 3 'cxi3'
nid005015:84674:84674 [4] NCCL INFO NET/Libfabric : GPU Direct RDMA Enabled for HCA 3 'cxi3'
nid005016:25502:25502 [1] NCCL INFO NET/Libfabric : GPU Direct RDMA Enabled for HCA 2 'cxi2'
nid005015:84671:84671 [2] NCCL INFO NET/Libfabric : GPU Direct RDMA Enabled for HCA 3 'cxi3'
nid005016:25500:25500 [6] NCCL INFO NET/Libfabric : GPU Direct RDMA Enabled for HCA 2 'cxi2'
nid005015:84675:84675 [7] NCCL INFO NET/Libfabric : GPU Direct RDMA Enabled for HCA 3 'cxi3'
nid005016:25503:25503 [0] NCCL INFO NET/Libfabric : GPU Direct RDMA Enabled for HCA 2 'cxi2'
nid005015:84673:84673 [5] NCCL INFO NET/Libfabric : GPU Direct RDMA Enabled for HCA 3 'cxi3'
nid005016:25501:25501 [2] NCCL INFO NET/Libfabric : GPU Direct RDMA Enabled for HCA 2 'cxi2'
nid005015:84670:84670 [1] NCCL INFO NET/Libfabric : GPU Direct RDMA Enabled for HCA 3 'cxi3'
nid005016:25505:25505 [3] NCCL INFO NET/Libfabric : GPU Direct RDMA Enabled for HCA 2 'cxi2'
nid005015:84676:84676 [6] NCCL INFO NET/Libfabric : GPU Direct RDMA Enabled for HCA 3 'cxi3'
nid005016:25506:25506 [5] NCCL INFO NET/Libfabric : GPU Direct RDMA Enabled for HCA 2 'cxi2'
nid005016:25507:25507 [7] NCCL INFO NET/Libfabric : GPU Direct RDMA Enabled for HCA 2 'cxi2'
nid005016:25500:25500 [6] NCCL INFO NET/Libfabric : GPU Direct RDMA Enabled for HCA 3 'cxi3'
nid005016:25504:25504 [4] NCCL INFO NET/Libfabric : GPU Direct RDMA Enabled for HCA 3 'cxi3'
nid005016:25501:25501 [2] NCCL INFO NET/Libfabric : GPU Direct RDMA Enabled for HCA 3 'cxi3'
nid005016:25502:25502 [1] NCCL INFO NET/Libfabric : GPU Direct RDMA Enabled for HCA 3 'cxi3'
nid005016:25503:25503 [0] NCCL INFO NET/Libfabric : GPU Direct RDMA Enabled for HCA 3 'cxi3'
nid005016:25505:25505 [3] NCCL INFO NET/Libfabric : GPU Direct RDMA Enabled for HCA 3 'cxi3'
nid005016:25507:25507 [7] NCCL INFO NET/Libfabric : GPU Direct RDMA Enabled for HCA 3 'cxi3'
nid005016:25506:25506 [5] NCCL INFO NET/Libfabric : GPU Direct RDMA Enabled for HCA 3 'cxi3'
nid005015:84672:84672 [3] NCCL INFO NCCL_NET_GDR_LEVEL set by environment to PHB
nid005015:84672:84672 [3] NCCL INFO GPU Direct RDMA Enabled for GPU c1000 / HCA 0 (distance 6 <= 6), read 1
nid005015:84672:84672 [3] NCCL INFO GPU Direct RDMA Enabled for GPU c6000 / HCA 0 (distance 6 <= 6), read 1
nid005015:84672:84672 [3] NCCL INFO GPU Direct RDMA Enabled for GPU c9000 / HCA 1 (distance 6 <= 6), read 1
nid005015:84672:84672 [3] NCCL INFO GPU Direct RDMA Enabled for GPU ce000 / HCA 1 (distance 6 <= 6), read 1
nid005015:84672:84672 [3] NCCL INFO GPU Direct RDMA Enabled for GPU d1000 / HCA 2 (distance 6 <= 6), read 1
nid005015:84672:84672 [3] NCCL INFO GPU Direct RDMA Enabled for GPU d6000 / HCA 2 (distance 6 <= 6), read 1
nid005015:84672:84672 [3] NCCL INFO GPU Direct RDMA Enabled for GPU d9000 / HCA 3 (distance 6 <= 6), read 1
nid005015:84672:84672 [3] NCCL INFO GPU Direct RDMA Enabled for GPU de000 / HCA 3 (distance 6 <= 6), read 1
nid005015:84671:84671 [2] NCCL INFO NCCL_NET_GDR_LEVEL set by environment to PHB
nid005015:84671:84671 [2] NCCL INFO GPU Direct RDMA Enabled for GPU c1000 / HCA 0 (distance 6 <= 6), read 1
nid005015:84671:84671 [2] NCCL INFO GPU Direct RDMA Enabled for GPU c6000 / HCA 0 (distance 6 <= 6), read 1
nid005015:84671:84671 [2] NCCL INFO GPU Direct RDMA Enabled for GPU c9000 / HCA 1 (distance 6 <= 6), read 1
nid005015:84671:84671 [2] NCCL INFO GPU Direct RDMA Enabled for GPU ce000 / HCA 1 (distance 6 <= 6), read 1
nid005015:84671:84671 [2] NCCL INFO GPU Direct RDMA Enabled for GPU d1000 / HCA 2 (distance 6 <= 6), read 1
nid005015:84671:84671 [2] NCCL INFO GPU Direct RDMA Enabled for GPU d6000 / HCA 2 (distance 6 <= 6), read 1
nid005015:84671:84671 [2] NCCL INFO GPU Direct RDMA Enabled for GPU d9000 / HCA 3 (distance 6 <= 6), read 1
nid005015:84671:84671 [2] NCCL INFO GPU Direct RDMA Enabled for GPU de000 / HCA 3 (distance 6 <= 6), read 1
nid005015:84670:84670 [1] NCCL INFO NCCL_NET_GDR_LEVEL set by environment to PHB
nid005015:84670:84670 [1] NCCL INFO GPU Direct RDMA Enabled for GPU c1000 / HCA 0 (distance 6 <= 6), read 1
nid005015:84670:84670 [1] NCCL INFO GPU Direct RDMA Enabled for GPU c6000 / HCA 0 (distance 6 <= 6), read 1
nid005015:84670:84670 [1] NCCL INFO GPU Direct RDMA Enabled for GPU c9000 / HCA 1 (distance 6 <= 6), read 1
nid005015:84670:84670 [1] NCCL INFO GPU Direct RDMA Enabled for GPU ce000 / HCA 1 (distance 6 <= 6), read 1
nid005015:84670:84670 [1] NCCL INFO GPU Direct RDMA Enabled for GPU d1000 / HCA 2 (distance 6 <= 6), read 1
nid005015:84670:84670 [1] NCCL INFO GPU Direct RDMA Enabled for GPU d6000 / HCA 2 (distance 6 <= 6), read 1
nid005015:84670:84670 [1] NCCL INFO GPU Direct RDMA Enabled for GPU d9000 / HCA 3 (distance 6 <= 6), read 1
nid005015:84670:84670 [1] NCCL INFO GPU Direct RDMA Enabled for GPU de000 / HCA 3 (distance 6 <= 6), read 1
nid005015:84674:84674 [4] NCCL INFO NCCL_NET_GDR_LEVEL set by environment to PHB
nid005015:84674:84674 [4] NCCL INFO GPU Direct RDMA Enabled for GPU c1000 / HCA 0 (distance 6 <= 6), read 1
nid005015:84674:84674 [4] NCCL INFO GPU Direct RDMA Enabled for GPU c6000 / HCA 0 (distance 6 <= 6), read 1
nid005015:84674:84674 [4] NCCL INFO GPU Direct RDMA Enabled for GPU c9000 / HCA 1 (distance 6 <= 6), read 1
nid005015:84674:84674 [4] NCCL INFO GPU Direct RDMA Enabled for GPU ce000 / HCA 1 (distance 6 <= 6), read 1
nid005015:84674:84674 [4] NCCL INFO GPU Direct RDMA Enabled for GPU d1000 / HCA 2 (distance 6 <= 6), read 1
nid005015:84674:84674 [4] NCCL INFO GPU Direct RDMA Enabled for GPU d6000 / HCA 2 (distance 6 <= 6), read 1
nid005015:84674:84674 [4] NCCL INFO GPU Direct RDMA Enabled for GPU d9000 / HCA 3 (distance 6 <= 6), read 1
nid005015:84674:84674 [4] NCCL INFO GPU Direct RDMA Enabled for GPU de000 / HCA 3 (distance 6 <= 6), read 1
nid005015:84674:84674 [4] NCCL INFO Setting affinity for GPU 4 to fefe,00000000,0000fefe
nid005016:25506:25506 [5] NCCL INFO NCCL_NET_GDR_LEVEL set by environment to PHB
nid005016:25506:25506 [5] NCCL INFO GPU Direct RDMA Enabled for GPU c1000 / HCA 0 (distance 6 <= 6), read 1
nid005016:25506:25506 [5] NCCL INFO GPU Direct RDMA Enabled for GPU c6000 / HCA 0 (distance 6 <= 6), read 1
nid005016:25506:25506 [5] NCCL INFO GPU Direct RDMA Enabled for GPU c9000 / HCA 1 (distance 6 <= 6), read 1
nid005016:25506:25506 [5] NCCL INFO GPU Direct RDMA Enabled for GPU ce000 / HCA 1 (distance 6 <= 6), read 1
nid005016:25506:25506 [5] NCCL INFO GPU Direct RDMA Enabled for GPU d1000 / HCA 2 (distance 6 <= 6), read 1
nid005016:25506:25506 [5] NCCL INFO GPU Direct RDMA Enabled for GPU d6000 / HCA 2 (distance 6 <= 6), read 1
nid005016:25506:25506 [5] NCCL INFO GPU Direct RDMA Enabled for GPU d9000 / HCA 3 (distance 6 <= 6), read 1
nid005016:25506:25506 [5] NCCL INFO GPU Direct RDMA Enabled for GPU de000 / HCA 3 (distance 6 <= 6), read 1
nid005016:25501:25501 [2] NCCL INFO NCCL_NET_GDR_LEVEL set by environment to PHB
nid005016:25501:25501 [2] NCCL INFO GPU Direct RDMA Enabled for GPU c1000 / HCA 0 (distance 6 <= 6), read 1
nid005016:25501:25501 [2] NCCL INFO GPU Direct RDMA Enabled for GPU c6000 / HCA 0 (distance 6 <= 6), read 1
nid005016:25501:25501 [2] NCCL INFO GPU Direct RDMA Enabled for GPU c9000 / HCA 1 (distance 6 <= 6), read 1
nid005016:25501:25501 [2] NCCL INFO GPU Direct RDMA Enabled for GPU ce000 / HCA 1 (distance 6 <= 6), read 1
nid005016:25501:25501 [2] NCCL INFO GPU Direct RDMA Enabled for GPU d1000 / HCA 2 (distance 6 <= 6), read 1
nid005016:25501:25501 [2] NCCL INFO GPU Direct RDMA Enabled for GPU d6000 / HCA 2 (distance 6 <= 6), read 1
nid005016:25501:25501 [2] NCCL INFO GPU Direct RDMA Enabled for GPU d9000 / HCA 3 (distance 6 <= 6), read 1
nid005016:25501:25501 [2] NCCL INFO GPU Direct RDMA Enabled for GPU de000 / HCA 3 (distance 6 <= 6), read 1
nid005016:25506:25506 [5] NCCL INFO Setting affinity for GPU 5 to fefe,00000000,0000fefe
nid005015:84673:84673 [5] NCCL INFO NCCL_NET_GDR_LEVEL set by environment to PHB
nid005015:84673:84673 [5] NCCL INFO GPU Direct RDMA Enabled for GPU c1000 / HCA 0 (distance 6 <= 6), read 1
nid005015:84673:84673 [5] NCCL INFO GPU Direct RDMA Enabled for GPU c6000 / HCA 0 (distance 6 <= 6), read 1
nid005015:84673:84673 [5] NCCL INFO GPU Direct RDMA Enabled for GPU c9000 / HCA 1 (distance 6 <= 6), read 1
nid005015:84673:84673 [5] NCCL INFO GPU Direct RDMA Enabled for GPU ce000 / HCA 1 (distance 6 <= 6), read 1
nid005015:84673:84673 [5] NCCL INFO GPU Direct RDMA Enabled for GPU d1000 / HCA 2 (distance 6 <= 6), read 1
nid005015:84673:84673 [5] NCCL INFO GPU Direct RDMA Enabled for GPU d6000 / HCA 2 (distance 6 <= 6), read 1
nid005015:84673:84673 [5] NCCL INFO GPU Direct RDMA Enabled for GPU d9000 / HCA 3 (distance 6 <= 6), read 1
nid005015:84673:84673 [5] NCCL INFO GPU Direct RDMA Enabled for GPU de000 / HCA 3 (distance 6 <= 6), read 1
nid005015:84673:84673 [5] NCCL INFO Setting affinity for GPU 5 to fefe,00000000,0000fefe
nid005015:84676:84676 [6] NCCL INFO NCCL_NET_GDR_LEVEL set by environment to PHB
nid005015:84676:84676 [6] NCCL INFO GPU Direct RDMA Enabled for GPU c1000 / HCA 0 (distance 6 <= 6), read 1
nid005015:84676:84676 [6] NCCL INFO GPU Direct RDMA Enabled for GPU c6000 / HCA 0 (distance 6 <= 6), read 1
nid005015:84676:84676 [6] NCCL INFO GPU Direct RDMA Enabled for GPU c9000 / HCA 1 (distance 6 <= 6), read 1
nid005015:84676:84676 [6] NCCL INFO GPU Direct RDMA Enabled for GPU ce000 / HCA 1 (distance 6 <= 6), read 1
nid005015:84676:84676 [6] NCCL INFO GPU Direct RDMA Enabled for GPU d1000 / HCA 2 (distance 6 <= 6), read 1
nid005015:84676:84676 [6] NCCL INFO GPU Direct RDMA Enabled for GPU d6000 / HCA 2 (distance 6 <= 6), read 1
nid005015:84676:84676 [6] NCCL INFO GPU Direct RDMA Enabled for GPU d9000 / HCA 3 (distance 6 <= 6), read 1
nid005015:84676:84676 [6] NCCL INFO GPU Direct RDMA Enabled for GPU de000 / HCA 3 (distance 6 <= 6), read 1
nid005016:25500:25500 [6] NCCL INFO NCCL_NET_GDR_LEVEL set by environment to PHB
nid005016:25500:25500 [6] NCCL INFO GPU Direct RDMA Enabled for GPU c1000 / HCA 0 (distance 6 <= 6), read 1
nid005016:25500:25500 [6] NCCL INFO GPU Direct RDMA Enabled for GPU c6000 / HCA 0 (distance 6 <= 6), read 1
nid005016:25500:25500 [6] NCCL INFO GPU Direct RDMA Enabled for GPU c9000 / HCA 1 (distance 6 <= 6), read 1
nid005016:25500:25500 [6] NCCL INFO GPU Direct RDMA Enabled for GPU ce000 / HCA 1 (distance 6 <= 6), read 1
nid005016:25500:25500 [6] NCCL INFO GPU Direct RDMA Enabled for GPU d1000 / HCA 2 (distance 6 <= 6), read 1
nid005016:25500:25500 [6] NCCL INFO GPU Direct RDMA Enabled for GPU d6000 / HCA 2 (distance 6 <= 6), read 1
nid005016:25500:25500 [6] NCCL INFO GPU Direct RDMA Enabled for GPU d9000 / HCA 3 (distance 6 <= 6), read 1
nid005016:25500:25500 [6] NCCL INFO GPU Direct RDMA Enabled for GPU de000 / HCA 3 (distance 6 <= 6), read 1
nid005016:25505:25505 [3] NCCL INFO NCCL_NET_GDR_LEVEL set by environment to PHB
nid005016:25505:25505 [3] NCCL INFO GPU Direct RDMA Enabled for GPU c1000 / HCA 0 (distance 6 <= 6), read 1
nid005016:25505:25505 [3] NCCL INFO GPU Direct RDMA Enabled for GPU c6000 / HCA 0 (distance 6 <= 6), read 1
nid005016:25505:25505 [3] NCCL INFO GPU Direct RDMA Enabled for GPU c9000 / HCA 1 (distance 6 <= 6), read 1
nid005016:25505:25505 [3] NCCL INFO GPU Direct RDMA Enabled for GPU ce000 / HCA 1 (distance 6 <= 6), read 1
nid005016:25505:25505 [3] NCCL INFO GPU Direct RDMA Enabled for GPU d1000 / HCA 2 (distance 6 <= 6), read 1
nid005016:25505:25505 [3] NCCL INFO GPU Direct RDMA Enabled for GPU d6000 / HCA 2 (distance 6 <= 6), read 1
nid005016:25505:25505 [3] NCCL INFO GPU Direct RDMA Enabled for GPU d9000 / HCA 3 (distance 6 <= 6), read 1
nid005016:25505:25505 [3] NCCL INFO GPU Direct RDMA Enabled for GPU de000 / HCA 3 (distance 6 <= 6), read 1
nid005015:84675:84675 [7] NCCL INFO NCCL_NET_GDR_LEVEL set by environment to PHB
nid005015:84675:84675 [7] NCCL INFO GPU Direct RDMA Enabled for GPU c1000 / HCA 0 (distance 6 <= 6), read 1
nid005015:84675:84675 [7] NCCL INFO GPU Direct RDMA Enabled for GPU c6000 / HCA 0 (distance 6 <= 6), read 1
nid005015:84675:84675 [7] NCCL INFO GPU Direct RDMA Enabled for GPU c9000 / HCA 1 (distance 6 <= 6), read 1
nid005015:84675:84675 [7] NCCL INFO GPU Direct RDMA Enabled for GPU ce000 / HCA 1 (distance 6 <= 6), read 1
nid005015:84675:84675 [7] NCCL INFO GPU Direct RDMA Enabled for GPU d1000 / HCA 2 (distance 6 <= 6), read 1
nid005015:84675:84675 [7] NCCL INFO GPU Direct RDMA Enabled for GPU d6000 / HCA 2 (distance 6 <= 6), read 1
nid005015:84675:84675 [7] NCCL INFO GPU Direct RDMA Enabled for GPU d9000 / HCA 3 (distance 6 <= 6), read 1
nid005015:84675:84675 [7] NCCL INFO GPU Direct RDMA Enabled for GPU de000 / HCA 3 (distance 6 <= 6), read 1
nid005016:25507:25507 [7] NCCL INFO NCCL_NET_GDR_LEVEL set by environment to PHB
nid005016:25507:25507 [7] NCCL INFO GPU Direct RDMA Enabled for GPU c1000 / HCA 0 (distance 6 <= 6), read 1
nid005016:25507:25507 [7] NCCL INFO GPU Direct RDMA Enabled for GPU c6000 / HCA 0 (distance 6 <= 6), read 1
nid005016:25507:25507 [7] NCCL INFO GPU Direct RDMA Enabled for GPU c9000 / HCA 1 (distance 6 <= 6), read 1
nid005016:25507:25507 [7] NCCL INFO GPU Direct RDMA Enabled for GPU ce000 / HCA 1 (distance 6 <= 6), read 1
nid005016:25507:25507 [7] NCCL INFO GPU Direct RDMA Enabled for GPU d1000 / HCA 2 (distance 6 <= 6), read 1
nid005016:25507:25507 [7] NCCL INFO GPU Direct RDMA Enabled for GPU d6000 / HCA 2 (distance 6 <= 6), read 1
nid005016:25507:25507 [7] NCCL INFO GPU Direct RDMA Enabled for GPU d9000 / HCA 3 (distance 6 <= 6), read 1
nid005016:25507:25507 [7] NCCL INFO GPU Direct RDMA Enabled for GPU de000 / HCA 3 (distance 6 <= 6), read 1
nid005016:25504:25504 [4] NCCL INFO NCCL_NET_GDR_LEVEL set by environment to PHB
nid005016:25504:25504 [4] NCCL INFO GPU Direct RDMA Enabled for GPU c1000 / HCA 0 (distance 6 <= 6), read 1
nid005016:25504:25504 [4] NCCL INFO GPU Direct RDMA Enabled for GPU c6000 / HCA 0 (distance 6 <= 6), read 1
nid005016:25504:25504 [4] NCCL INFO GPU Direct RDMA Enabled for GPU c9000 / HCA 1 (distance 6 <= 6), read 1
nid005016:25504:25504 [4] NCCL INFO GPU Direct RDMA Enabled for GPU ce000 / HCA 1 (distance 6 <= 6), read 1
nid005016:25504:25504 [4] NCCL INFO GPU Direct RDMA Enabled for GPU d1000 / HCA 2 (distance 6 <= 6), read 1
nid005016:25504:25504 [4] NCCL INFO GPU Direct RDMA Enabled for GPU d6000 / HCA 2 (distance 6 <= 6), read 1
nid005016:25504:25504 [4] NCCL INFO GPU Direct RDMA Enabled for GPU d9000 / HCA 3 (distance 6 <= 6), read 1
nid005016:25504:25504 [4] NCCL INFO GPU Direct RDMA Enabled for GPU de000 / HCA 3 (distance 6 <= 6), read 1
nid005016:25504:25504 [4] NCCL INFO Setting affinity for GPU 4 to fefe,00000000,0000fefe
nid005016:25503:25503 [0] NCCL INFO NCCL_NET_GDR_LEVEL set by environment to PHB
nid005016:25503:25503 [0] NCCL INFO GPU Direct RDMA Enabled for GPU c1000 / HCA 0 (distance 6 <= 6), read 1
nid005016:25503:25503 [0] NCCL INFO GPU Direct RDMA Enabled for GPU c6000 / HCA 0 (distance 6 <= 6), read 1
nid005016:25503:25503 [0] NCCL INFO GPU Direct RDMA Enabled for GPU c9000 / HCA 1 (distance 6 <= 6), read 1
nid005016:25503:25503 [0] NCCL INFO GPU Direct RDMA Enabled for GPU ce000 / HCA 1 (distance 6 <= 6), read 1
nid005016:25503:25503 [0] NCCL INFO GPU Direct RDMA Enabled for GPU d1000 / HCA 2 (distance 6 <= 6), read 1
nid005016:25503:25503 [0] NCCL INFO GPU Direct RDMA Enabled for GPU d6000 / HCA 2 (distance 6 <= 6), read 1
nid005016:25503:25503 [0] NCCL INFO GPU Direct RDMA Enabled for GPU d9000 / HCA 3 (distance 6 <= 6), read 1
nid005016:25503:25503 [0] NCCL INFO GPU Direct RDMA Enabled for GPU de000 / HCA 3 (distance 6 <= 6), read 1
nid005015:84669:84669 [0] NCCL INFO NCCL_NET_GDR_LEVEL set by environment to PHB
nid005015:84669:84669 [0] NCCL INFO GPU Direct RDMA Enabled for GPU c1000 / HCA 0 (distance 6 <= 6), read 1
nid005015:84669:84669 [0] NCCL INFO GPU Direct RDMA Enabled for GPU c6000 / HCA 0 (distance 6 <= 6), read 1
nid005015:84669:84669 [0] NCCL INFO GPU Direct RDMA Enabled for GPU c9000 / HCA 1 (distance 6 <= 6), read 1
nid005015:84669:84669 [0] NCCL INFO GPU Direct RDMA Enabled for GPU ce000 / HCA 1 (distance 6 <= 6), read 1
nid005015:84669:84669 [0] NCCL INFO GPU Direct RDMA Enabled for GPU d1000 / HCA 2 (distance 6 <= 6), read 1
nid005015:84669:84669 [0] NCCL INFO GPU Direct RDMA Enabled for GPU d6000 / HCA 2 (distance 6 <= 6), read 1
nid005015:84669:84669 [0] NCCL INFO GPU Direct RDMA Enabled for GPU d9000 / HCA 3 (distance 6 <= 6), read 1
nid005015:84669:84669 [0] NCCL INFO GPU Direct RDMA Enabled for GPU de000 / HCA 3 (distance 6 <= 6), read 1
nid005016:25502:25502 [1] NCCL INFO NCCL_NET_GDR_LEVEL set by environment to PHB
nid005016:25502:25502 [1] NCCL INFO GPU Direct RDMA Enabled for GPU c1000 / HCA 0 (distance 6 <= 6), read 1
nid005016:25502:25502 [1] NCCL INFO GPU Direct RDMA Enabled for GPU c6000 / HCA 0 (distance 6 <= 6), read 1
nid005016:25502:25502 [1] NCCL INFO GPU Direct RDMA Enabled for GPU c9000 / HCA 1 (distance 6 <= 6), read 1
nid005016:25502:25502 [1] NCCL INFO GPU Direct RDMA Enabled for GPU ce000 / HCA 1 (distance 6 <= 6), read 1
nid005016:25502:25502 [1] NCCL INFO GPU Direct RDMA Enabled for GPU d1000 / HCA 2 (distance 6 <= 6), read 1
nid005016:25502:25502 [1] NCCL INFO GPU Direct RDMA Enabled for GPU d6000 / HCA 2 (distance 6 <= 6), read 1
nid005016:25502:25502 [1] NCCL INFO GPU Direct RDMA Enabled for GPU d9000 / HCA 3 (distance 6 <= 6), read 1
nid005016:25502:25502 [1] NCCL INFO GPU Direct RDMA Enabled for GPU de000 / HCA 3 (distance 6 <= 6), read 1
nid005016:25505:25505 [3] NCCL INFO comm 0x561abc4c3f60 rank 11 nRanks 16 nNodes 2 localRanks 8 localRank 3 MNNVL 0
nid005016:25501:25501 [2] NCCL INFO comm 0x555ff8c8b210 rank 10 nRanks 16 nNodes 2 localRanks 8 localRank 2 MNNVL 0
nid005015:84676:84676 [6] NCCL INFO comm 0x55b07f219f80 rank 6 nRanks 16 nNodes 2 localRanks 8 localRank 6 MNNVL 0
nid005015:84676:84676 [6] NCCL INFO Trees [0] 7/-1/-1->6->4 [1] 4/-1/-1->6->7 [2] 0/-1/-1->6->7 [3] 7/-1/-1->6->0 [4] 7/-1/-1->6->4 [5] 4/-1/-1->6->7 [6] 0/-1/-1->6->7 [7] 7/-1/-1->6->0 [8] 7/-1/-1->6->4 [9] 4/-1/-1->6->7 [10] 0/-1/-1->6->7 [11] 7/-1/-1->6->0 [12] 7/-1/-1->6->4 [13] 4/-1/-1->6->7 [14] 0/-1/-1->6->7 [15] 7/-1/-1->6->0 comm 0x55b07f219f80 nRanks 16 busId d9000
nid005015:84676:84676 [6] NCCL INFO P2P Chunksize set to 131072
nid005016:25507:25507 [7] NCCL INFO comm 0x55de98e1b2f0 rank 15 nRanks 16 nNodes 2 localRanks 8 localRank 7 MNNVL 0
nid005016:25507:25507 [7] NCCL INFO Trees [0] 11/-1/-1->15->14 [1] 14/-1/-1->15->11 [2] 14/-1/-1->15->7 [3] -1/-1/-1->15->14 [4] 11/-1/-1->15->14 [5] 14/-1/-1->15->11 [6] 14/-1/-1->15->7 [7] -1/-1/-1->15->14 [8] 11/-1/-1->15->14 [9] 14/-1/-1->15->11 [10] 14/7/-1->15->-1 [11] -1/-1/-1->15->14 [12] 11/-1/-1->15->14 [13] 14/-1/-1->15->11 [14] 14/7/-1->15->-1 [15] -1/-1/-1->15->14 comm 0x55de98e1b2f0 nRanks 16 busId de000
nid005016:25507:25507 [7] NCCL INFO P2P Chunksize set to 131072
nid005015:84670:84670 [1] NCCL INFO comm 0x55f1ace86af0 rank 1 nRanks 16 nNodes 2 localRanks 8 localRank 1 MNNVL 0
nid005015:84670:84670 [1] NCCL INFO Trees [0] 5/-1/-1->1->0 [1] 0/-1/-1->1->5 [2] 3/-1/-1->1->0 [3] 0/-1/-1->1->3 [4] 5/-1/-1->1->0 [5] 0/-1/-1->1->5 [6] 3/-1/-1->1->0 [7] 0/-1/-1->1->3 [8] 5/-1/-1->1->0 [9] 0/-1/-1->1->5 [10] 3/-1/-1->1->0 [11] 0/-1/-1->1->3 [12] 5/-1/-1->1->0 [13] 0/-1/-1->1->5 [14] 3/-1/-1->1->0 [15] 0/-1/-1->1->3 comm 0x55f1ace86af0 nRanks 16 busId c6000
nid005015:84670:84670 [1] NCCL INFO P2P Chunksize set to 131072
nid005015:84671:84671 [2] NCCL INFO comm 0x55e4f5192260 rank 2 nRanks 16 nNodes 2 localRanks 8 localRank 2 MNNVL 0
nid005015:84671:84671 [2] NCCL INFO Trees [0] -1/-1/-1->2->3 [1] 3/10/-1->2->-1 [2] 4/-1/-1->2->3 [3] 3/-1/-1->2->4 [4] -1/-1/-1->2->3 [5] 3/10/-1->2->-1 [6] 4/-1/-1->2->3 [7] 3/-1/-1->2->4 [8] -1/-1/-1->2->3 [9] 3/-1/-1->2->10 [10] 4/-1/-1->2->3 [11] 3/-1/-1->2->4 [12] -1/-1/-1->2->3 [13] 3/-1/-1->2->10 [14] 4/-1/-1->2->3 [15] 3/-1/-1->2->4 comm 0x55e4f5192260 nRanks 16 busId c9000
nid005015:84671:84671 [2] NCCL INFO P2P Chunksize set to 131072
nid005015:84674:84674 [4] NCCL INFO comm 0x562b43d12c80 rank 4 nRanks 16 nNodes 2 localRanks 8 localRank 4 MNNVL 0
nid005015:84674:84674 [4] NCCL INFO Trees [0] 6/-1/-1->4->5 [1] 5/-1/-1->4->6 [2] 5/-1/-1->4->2 [3] 2/-1/-1->4->5 [4] 6/-1/-1->4->5 [5] 5/-1/-1->4->6 [6] 5/-1/-1->4->2 [7] 2/-1/-1->4->5 [8] 6/-1/-1->4->5 [9] 5/-1/-1->4->6 [10] 5/-1/-1->4->2 [11] 2/-1/-1->4->5 [12] 6/-1/-1->4->5 [13] 5/-1/-1->4->6 [14] 5/-1/-1->4->2 [15] 2/-1/-1->4->5 comm 0x562b43d12c80 nRanks 16 busId d1000
nid005015:84674:84674 [4] NCCL INFO P2P Chunksize set to 131072
nid005015:84675:84675 [7] NCCL INFO comm 0x56153de37f20 rank 7 nRanks 16 nNodes 2 localRanks 8 localRank 7 MNNVL 0
nid005015:84675:84675 [7] NCCL INFO Trees [0] 3/-1/-1->7->6 [1] 6/-1/-1->7->3 [2] 6/15/-1->7->-1 [3] -1/-1/-1->7->6 [4] 3/-1/-1->7->6 [5] 6/-1/-1->7->3 [6] 6/15/-1->7->-1 [7] -1/-1/-1->7->6 [8] 3/-1/-1->7->6 [9] 6/-1/-1->7->3 [10] 6/-1/-1->7->15 [11] -1/-1/-1->7->6 [12] 3/-1/-1->7->6 [13] 6/-1/-1->7->3 [14] 6/-1/-1->7->15 [15] -1/-1/-1->7->6 comm 0x56153de37f20 nRanks 16 busId de000
nid005015:84675:84675 [7] NCCL INFO P2P Chunksize set to 131072
nid005015:84672:84672 [3] NCCL INFO comm 0x55a5a4c1d010 rank 3 nRanks 16 nNodes 2 localRanks 8 localRank 3 MNNVL 0
nid005015:84672:84672 [3] NCCL INFO Trees [0] 2/-1/-1->3->7 [1] 7/-1/-1->3->2 [2] 2/-1/-1->3->1 [3] 1/-1/-1->3->2 [4] 2/-1/-1->3->7 [5] 7/-1/-1->3->2 [6] 2/-1/-1->3->1 [7] 1/-1/-1->3->2 [8] 2/-1/-1->3->7 [9] 7/-1/-1->3->2 [10] 2/-1/-1->3->1 [11] 1/-1/-1->3->2 [12] 2/-1/-1->3->7 [13] 7/-1/-1->3->2 [14] 2/-1/-1->3->1 [15] 1/-1/-1->3->2 comm 0x55a5a4c1d010 nRanks 16 busId ce000
nid005015:84672:84672 [3] NCCL INFO P2P Chunksize set to 131072
nid005015:84673:84673 [5] NCCL INFO comm 0x555582a5c6a0 rank 5 nRanks 16 nNodes 2 localRanks 8 localRank 5 MNNVL 0
nid005015:84673:84673 [5] NCCL INFO Trees [0] 4/-1/-1->5->1 [1] 1/-1/-1->5->4 [2] -1/-1/-1->5->4 [3] 4/13/-1->5->-1 [4] 4/-1/-1->5->1 [5] 1/-1/-1->5->4 [6] -1/-1/-1->5->4 [7] 4/13/-1->5->-1 [8] 4/-1/-1->5->1 [9] 1/-1/-1->5->4 [10] -1/-1/-1->5->4 [11] 4/-1/-1->5->13 [12] 4/-1/-1->5->1 [13] 1/-1/-1->5->4 [14] -1/-1/-1->5->4 [15] 4/-1/-1->5->13 comm 0x555582a5c6a0 nRanks 16 busId d6000
nid005015:84673:84673 [5] NCCL INFO P2P Chunksize set to 131072
nid005015:84669:84669 [0] NCCL INFO comm 0x562e98837a90 rank 0 nRanks 16 nNodes 2 localRanks 8 localRank 0 MNNVL 0
nid005015:84669:84669 [0] NCCL INFO Channel 00/16 :    0   1   5   4   6   7   3   2  10  11  15  14  12  13   9   8
nid005015:84669:84669 [0] NCCL INFO Channel 01/16 :    0   8   9  13  12  14  15  11  10   2   3   7   6   4   5   1
nid005015:84669:84669 [0] NCCL INFO Channel 02/16 :    0   1   3   2   4   5  13  12  10  11   9   8  14  15   7   6
nid005015:84669:84669 [0] NCCL INFO Channel 03/16 :    0   6   7  15  14   8   9  11  10  12  13   5   4   2   3   1
nid005015:84669:84669 [0] NCCL INFO Channel 04/16 :    0   1   5   4   6   7   3   2  10  11  15  14  12  13   9   8
nid005015:84669:84669 [0] NCCL INFO Channel 05/16 :    0   8   9  13  12  14  15  11  10   2   3   7   6   4   5   1
nid005015:84669:84669 [0] NCCL INFO Channel 06/16 :    0   1   3   2   4   5  13  12  10  11   9   8  14  15   7   6
nid005015:84669:84669 [0] NCCL INFO Channel 07/16 :    0   6   7  15  14   8   9  11  10  12  13   5   4   2   3   1
nid005015:84669:84669 [0] NCCL INFO Channel 08/16 :    0   1   5   4   6   7   3   2  10  11  15  14  12  13   9   8
nid005015:84669:84669 [0] NCCL INFO Channel 09/16 :    0   8   9  13  12  14  15  11  10   2   3   7   6   4   5   1
nid005015:84669:84669 [0] NCCL INFO Channel 10/16 :    0   1   3   2   4   5  13  12  10  11   9   8  14  15   7   6
nid005015:84669:84669 [0] NCCL INFO Channel 11/16 :    0   6   7  15  14   8   9  11  10  12  13   5   4   2   3   1
nid005015:84669:84669 [0] NCCL INFO Channel 12/16 :    0   1   5   4   6   7   3   2  10  11  15  14  12  13   9   8
nid005015:84669:84669 [0] NCCL INFO Channel 13/16 :    0   8   9  13  12  14  15  11  10   2   3   7   6   4   5   1
nid005015:84669:84669 [0] NCCL INFO Channel 14/16 :    0   1   3   2   4   5  13  12  10  11   9   8  14  15   7   6
nid005015:84669:84669 [0] NCCL INFO Channel 15/16 :    0   6   7  15  14   8   9  11  10  12  13   5   4   2   3   1
nid005015:84669:84669 [0] NCCL INFO Trees [0] 1/8/-1->0->-1 [1] -1/-1/-1->0->1 [2] 1/-1/-1->0->6 [3] 6/-1/-1->0->1 [4] 1/8/-1->0->-1 [5] -1/-1/-1->0->1 [6] 1/-1/-1->0->6 [7] 6/-1/-1->0->1 [8] 1/-1/-1->0->8 [9] -1/-1/-1->0->1 [10] 1/-1/-1->0->6 [11] 6/-1/-1->0->1 [12] 1/-1/-1->0->8 [13] -1/-1/-1->0->1 [14] 1/-1/-1->0->6 [15] 6/-1/-1->0->1 comm 0x562e98837a90 nRanks 16 busId c1000
nid005015:84669:84669 [0] NCCL INFO P2P Chunksize set to 131072
nid005016:25504:25504 [4] NCCL INFO comm 0x55a5f2721eb0 rank 12 nRanks 16 nNodes 2 localRanks 8 localRank 4 MNNVL 0
nid005016:25506:25506 [5] NCCL INFO comm 0x564eceac2fa0 rank 13 nRanks 16 nNodes 2 localRanks 8 localRank 5 MNNVL 0
nid005016:25506:25506 [5] NCCL INFO Trees [0] 12/-1/-1->13->9 [1] 9/-1/-1->13->12 [2] -1/-1/-1->13->12 [3] 12/-1/-1->13->5 [4] 12/-1/-1->13->9 [5] 9/-1/-1->13->12 [6] -1/-1/-1->13->12 [7] 12/-1/-1->13->5 [8] 12/-1/-1->13->9 [9] 9/-1/-1->13->12 [10] -1/-1/-1->13->12 [11] 12/5/-1->13->-1 [12] 12/-1/-1->13->9 [13] 9/-1/-1->13->12 [14] -1/-1/-1->13->12 [15] 12/5/-1->13->-1 comm 0x564eceac2fa0 nRanks 16 busId d6000
nid005016:25506:25506 [5] NCCL INFO P2P Chunksize set to 131072
nid005016:25500:25500 [6] NCCL INFO comm 0x5618b7deb810 rank 14 nRanks 16 nNodes 2 localRanks 8 localRank 6 MNNVL 0
nid005016:25500:25500 [6] NCCL INFO Trees [0] 15/-1/-1->14->12 [1] 12/-1/-1->14->15 [2] 8/-1/-1->14->15 [3] 15/-1/-1->14->8 [4] 15/-1/-1->14->12 [5] 12/-1/-1->14->15 [6] 8/-1/-1->14->15 [7] 15/-1/-1->14->8 [8] 15/-1/-1->14->12 [9] 12/-1/-1->14->15 [10] 8/-1/-1->14->15 [11] 15/-1/-1->14->8 [12] 15/-1/-1->14->12 [13] 12/-1/-1->14->15 [14] 8/-1/-1->14->15 [15] 15/-1/-1->14->8 comm 0x5618b7deb810 nRanks 16 busId d9000
nid005016:25500:25500 [6] NCCL INFO P2P Chunksize set to 131072
nid005016:25505:25505 [3] NCCL INFO Trees [0] 10/-1/-1->11->15 [1] 15/-1/-1->11->10 [2] 10/-1/-1->11->9 [3] 9/-1/-1->11->10 [4] 10/-1/-1->11->15 [5] 15/-1/-1->11->10 [6] 10/-1/-1->11->9 [7] 9/-1/-1->11->10 [8] 10/-1/-1->11->15 [9] 15/-1/-1->11->10 [10] 10/-1/-1->11->9 [11] 9/-1/-1->11->10 [12] 10/-1/-1->11->15 [13] 15/-1/-1->11->10 [14] 10/-1/-1->11->9 [15] 9/-1/-1->11->10 comm 0x561abc4c3f60 nRanks 16 busId ce000
nid005016:25505:25505 [3] NCCL INFO P2P Chunksize set to 131072
nid005016:25504:25504 [4] NCCL INFO Trees [0] 14/-1/-1->12->13 [1] 13/-1/-1->12->14 [2] 13/-1/-1->12->10 [3] 10/-1/-1->12->13 [4] 14/-1/-1->12->13 [5] 13/-1/-1->12->14 [6] 13/-1/-1->12->10 [7] 10/-1/-1->12->13 [8] 14/-1/-1->12->13 [9] 13/-1/-1->12->14 [10] 13/-1/-1->12->10 [11] 10/-1/-1->12->13 [12] 14/-1/-1->12->13 [13] 13/-1/-1->12->14 [14] 13/-1/-1->12->10 [15] 10/-1/-1->12->13 comm 0x55a5f2721eb0 nRanks 16 busId d1000
nid005016:25504:25504 [4] NCCL INFO P2P Chunksize set to 131072
nid005016:25501:25501 [2] NCCL INFO Trees [0] -1/-1/-1->10->11 [1] 11/-1/-1->10->2 [2] 12/-1/-1->10->11 [3] 11/-1/-1->10->12 [4] -1/-1/-1->10->11 [5] 11/-1/-1->10->2 [6] 12/-1/-1->10->11 [7] 11/-1/-1->10->12 [8] -1/-1/-1->10->11 [9] 11/2/-1->10->-1 [10] 12/-1/-1->10->11 [11] 11/-1/-1->10->12 [12] -1/-1/-1->10->11 [13] 11/2/-1->10->-1 [14] 12/-1/-1->10->11 [15] 11/-1/-1->10->12 comm 0x555ff8c8b210 nRanks 16 busId c9000
nid005016:25501:25501 [2] NCCL INFO P2P Chunksize set to 131072
nid005016:25502:25502 [1] NCCL INFO comm 0x559172af0110 rank 9 nRanks 16 nNodes 2 localRanks 8 localRank 1 MNNVL 0
nid005016:25503:25503 [0] NCCL INFO comm 0x559b5184e290 rank 8 nRanks 16 nNodes 2 localRanks 8 localRank 0 MNNVL 0
nid005016:25502:25502 [1] NCCL INFO Trees [0] 13/-1/-1->9->8 [1] 8/-1/-1->9->13 [2] 11/-1/-1->9->8 [3] 8/-1/-1->9->11 [4] 13/-1/-1->9->8 [5] 8/-1/-1->9->13 [6] 11/-1/-1->9->8 [7] 8/-1/-1->9->11 [8] 13/-1/-1->9->8 [9] 8/-1/-1->9->13 [10] 11/-1/-1->9->8 [11] 8/-1/-1->9->11 [12] 13/-1/-1->9->8 [13] 8/-1/-1->9->13 [14] 11/-1/-1->9->8 [15] 8/-1/-1->9->11 comm 0x559172af0110 nRanks 16 busId c6000
nid005016:25502:25502 [1] NCCL INFO P2P Chunksize set to 131072
nid005016:25503:25503 [0] NCCL INFO Trees [0] 9/-1/-1->8->0 [1] -1/-1/-1->8->9 [2] 9/-1/-1->8->14 [3] 14/-1/-1->8->9 [4] 9/-1/-1->8->0 [5] -1/-1/-1->8->9 [6] 9/-1/-1->8->14 [7] 14/-1/-1->8->9 [8] 9/0/-1->8->-1 [9] -1/-1/-1->8->9 [10] 9/-1/-1->8->14 [11] 14/-1/-1->8->9 [12] 9/0/-1->8->-1 [13] -1/-1/-1->8->9 [14] 9/-1/-1->8->14 [15] 14/-1/-1->8->9 comm 0x559b5184e290 nRanks 16 busId c1000
nid005016:25503:25503 [0] NCCL INFO P2P Chunksize set to 131072
nid005016:25505:25583 [3] NCCL INFO New proxy recv connection 0 from local rank 3, transport 0
nid005016:25502:25593 [1] NCCL INFO New proxy recv connection 0 from local rank 1, transport 0
nid005016:25506:25582 [5] NCCL INFO New proxy recv connection 0 from local rank 5, transport 0
nid005016:25506:25506 [5] NCCL INFO Connected to proxy localRank 5 -> connection 0x14d034001420
nid005016:25505:25505 [3] NCCL INFO Connected to proxy localRank 3 -> connection 0x146b80001420
nid005016:25502:25502 [1] NCCL INFO Connected to proxy localRank 1 -> connection 0x145f6c001420
nid005016:25503:25503 [0] NCCL INFO Channel 01/0 : 8[c1000] -> 9[c6000] via P2P/IPC comm 0x559b5184e290 nRanks 16
nid005016:25507:25581 [7] NCCL INFO New proxy recv connection 0 from local rank 7, transport 0
nid005016:25507:25507 [7] NCCL INFO Connected to proxy localRank 7 -> connection 0x152014001420
nid005016:25501:25501 [2] NCCL INFO Channel 00/0 : 10[c9000] -> 11[ce000] via P2P/IPC comm 0x555ff8c8b210 nRanks 16
nid005016:25500:25500 [6] NCCL INFO Channel 01/0 : 14[d9000] -> 15[de000] via P2P/IPC comm 0x5618b7deb810 nRanks 16
nid005016:25503:25594 [0] NCCL INFO New proxy send connection 0 from local rank 0, transport 0
nid005016:25504:25504 [4] NCCL INFO Channel 00/0 : 12[d1000] -> 13[d6000] via P2P/IPC comm 0x55a5f2721eb0 nRanks 16
nid005016:25503:25503 [0] NCCL INFO Connected to proxy localRank 0 -> connection 0x146990001420
nid005016:25500:25585 [6] NCCL INFO New proxy send connection 0 from local rank 6, transport 0
nid005016:25500:25500 [6] NCCL INFO Connected to proxy localRank 6 -> connection 0x14e420001420
nid005016:25504:25584 [4] NCCL INFO New proxy send connection 0 from local rank 4, transport 0
nid005016:25501:25586 [2] NCCL INFO New proxy send connection 0 from local rank 2, transport 0
nid005016:25501:25501 [2] NCCL INFO Connected to proxy localRank 2 -> connection 0x145fb0001420
nid005016:25504:25504 [4] NCCL INFO Connected to proxy localRank 4 -> connection 0x1505b4001420
nid005016:25507:25581 [7] NCCL INFO New proxy recv connection 1 from local rank 7, transport 0
nid005016:25507:25507 [7] NCCL INFO Connected to proxy localRank 7 -> connection 0x152014001498
nid005016:25503:25503 [0] NCCL INFO Channel 03/0 : 8[c1000] -> 9[c6000] via P2P/IPC comm 0x559b5184e290 nRanks 16
nid005016:25502:25593 [1] NCCL INFO New proxy recv connection 1 from local rank 1, transport 0
nid005016:25503:25594 [0] NCCL INFO New proxy send connection 1 from local rank 0, transport 0
nid005016:25502:25502 [1] NCCL INFO Connected to proxy localRank 1 -> connection 0x145f6c001498
nid005016:25503:25503 [0] NCCL INFO Connected to proxy localRank 0 -> connection 0x146990001498
nid005016:25500:25500 [6] NCCL INFO Channel 02/0 : 14[d9000] -> 15[de000] via P2P/IPC comm 0x5618b7deb810 nRanks 16
nid005016:25500:25585 [6] NCCL INFO New proxy send connection 1 from local rank 6, transport 0
nid005016:25500:25500 [6] NCCL INFO Connected to proxy localRank 6 -> connection 0x14e420001498
nid005016:25506:25582 [5] NCCL INFO New proxy recv connection 1 from local rank 5, transport 0
nid005016:25506:25506 [5] NCCL INFO Connected to proxy localRank 5 -> connection 0x14d034001498
nid005016:25501:25501 [2] NCCL INFO Channel 02/0 : 10[c9000] -> 11[ce000] via P2P/IPC comm 0x555ff8c8b210 nRanks 16
nid005016:25501:25586 [2] NCCL INFO New proxy send connection 1 from local rank 2, transport 0
nid005016:25505:25583 [3] NCCL INFO New proxy recv connection 1 from local rank 3, transport 0
nid005016:25501:25501 [2] NCCL INFO Connected to proxy localRank 2 -> connection 0x145fb0001498
nid005016:25505:25505 [3] NCCL INFO Connected to proxy localRank 3 -> connection 0x146b80001498
nid005016:25504:25504 [4] NCCL INFO Channel 03/0 : 12[d1000] -> 13[d6000] via P2P/IPC comm 0x55a5f2721eb0 nRanks 16
nid005016:25504:25584 [4] NCCL INFO New proxy send connection 1 from local rank 4, transport 0
nid005016:25504:25504 [4] NCCL INFO Connected to proxy localRank 4 -> connection 0x1505b4001498
nid005016:25507:25581 [7] NCCL INFO New proxy recv connection 2 from local rank 7, transport 0
nid005016:25507:25507 [7] NCCL INFO Connected to proxy localRank 7 -> connection 0x152014001510
nid005016:25502:25593 [1] NCCL INFO New proxy recv connection 2 from local rank 1, transport 0
nid005016:25503:25503 [0] NCCL INFO Channel 05/0 : 8[c1000] -> 9[c6000] via P2P/IPC comm 0x559b5184e290 nRanks 16
nid005016:25502:25502 [1] NCCL INFO Connected to proxy localRank 1 -> connection 0x145f6c001510
nid005016:25503:25594 [0] NCCL INFO New proxy send connection 2 from local rank 0, transport 0
nid005016:25503:25503 [0] NCCL INFO Connected to proxy localRank 0 -> connection 0x146990001510
nid005016:25500:25500 [6] NCCL INFO Channel 05/0 : 14[d9000] -> 15[de000] via P2P/IPC comm 0x5618b7deb810 nRanks 16
nid005016:25500:25585 [6] NCCL INFO New proxy send connection 2 from local rank 6, transport 0
nid005016:25500:25500 [6] NCCL INFO Connected to proxy localRank 6 -> connection 0x14e420001510
nid005016:25506:25582 [5] NCCL INFO New proxy recv connection 2 from local rank 5, transport 0
nid005016:25506:25506 [5] NCCL INFO Connected to proxy localRank 5 -> connection 0x14d034001510
nid005016:25501:25501 [2] NCCL INFO Channel 04/0 : 10[c9000] -> 11[ce000] via P2P/IPC comm 0x555ff8c8b210 nRanks 16
nid005016:25501:25586 [2] NCCL INFO New proxy send connection 2 from local rank 2, transport 0
nid005016:25501:25501 [2] NCCL INFO Connected to proxy localRank 2 -> connection 0x145fb0001510
nid005016:25505:25583 [3] NCCL INFO New proxy recv connection 2 from local rank 3, transport 0
nid005016:25505:25505 [3] NCCL INFO Connected to proxy localRank 3 -> connection 0x146b80001510
nid005016:25504:25504 [4] NCCL INFO Channel 04/0 : 12[d1000] -> 13[d6000] via P2P/IPC comm 0x55a5f2721eb0 nRanks 16
nid005016:25504:25584 [4] NCCL INFO New proxy send connection 2 from local rank 4, transport 0
nid005016:25504:25504 [4] NCCL INFO Connected to proxy localRank 4 -> connection 0x1505b4001510
nid005016:25507:25581 [7] NCCL INFO New proxy recv connection 3 from local rank 7, transport 0
nid005016:25507:25507 [7] NCCL INFO Connected to proxy localRank 7 -> connection 0x152014001588
nid005016:25503:25503 [0] NCCL INFO Channel 07/0 : 8[c1000] -> 9[c6000] via P2P/IPC comm 0x559b5184e290 nRanks 16
nid005016:25502:25593 [1] NCCL INFO New proxy recv connection 3 from local rank 1, transport 0
nid005016:25503:25594 [0] NCCL INFO New proxy send connection 3 from local rank 0, transport 0
nid005016:25503:25503 [0] NCCL INFO Connected to proxy localRank 0 -> connection 0x146990001588
nid005016:25502:25502 [1] NCCL INFO Connected to proxy localRank 1 -> connection 0x145f6c001588
nid005016:25500:25500 [6] NCCL INFO Channel 06/0 : 14[d9000] -> 15[de000] via P2P/IPC comm 0x5618b7deb810 nRanks 16
nid005016:25500:25585 [6] NCCL INFO New proxy send connection 3 from local rank 6, transport 0
nid005016:25500:25500 [6] NCCL INFO Connected to proxy localRank 6 -> connection 0x14e420001588
nid005016:25506:25582 [5] NCCL INFO New proxy recv connection 3 from local rank 5, transport 0
nid005016:25506:25506 [5] NCCL INFO Connected to proxy localRank 5 -> connection 0x14d034001588
nid005016:25501:25501 [2] NCCL INFO Channel 06/0 : 10[c9000] -> 11[ce000] via P2P/IPC comm 0x555ff8c8b210 nRanks 16
nid005016:25501:25586 [2] NCCL INFO New proxy send connection 3 from local rank 2, transport 0
nid005016:25501:25501 [2] NCCL INFO Connected to proxy localRank 2 -> connection 0x145fb0001588
nid005016:25505:25583 [3] NCCL INFO New proxy recv connection 3 from local rank 3, transport 0
nid005016:25505:25505 [3] NCCL INFO Connected to proxy localRank 3 -> connection 0x146b80001588
nid005016:25507:25581 [7] NCCL INFO New proxy recv connection 4 from local rank 7, transport 0
nid005016:25507:25507 [7] NCCL INFO Connected to proxy localRank 7 -> connection 0x152014001600
nid005016:25504:25504 [4] NCCL INFO Channel 07/0 : 12[d1000] -> 13[d6000] via P2P/IPC comm 0x55a5f2721eb0 nRanks 16
nid005016:25504:25584 [4] NCCL INFO New proxy send connection 3 from local rank 4, transport 0
nid005016:25504:25504 [4] NCCL INFO Connected to proxy localRank 4 -> connection 0x1505b4001588
nid005016:25503:25503 [0] NCCL INFO Channel 09/0 : 8[c1000] -> 9[c6000] via P2P/IPC comm 0x559b5184e290 nRanks 16
nid005016:25502:25593 [1] NCCL INFO New proxy recv connection 4 from local rank 1, transport 0
nid005016:25503:25594 [0] NCCL INFO New proxy send connection 4 from local rank 0, transport 0
nid005016:25503:25503 [0] NCCL INFO Connected to proxy localRank 0 -> connection 0x146990001600
nid005016:25502:25502 [1] NCCL INFO Connected to proxy localRank 1 -> connection 0x145f6c001600
nid005016:25506:25582 [5] NCCL INFO New proxy recv connection 4 from local rank 5, transport 0
nid005016:25506:25506 [5] NCCL INFO Connected to proxy localRank 5 -> connection 0x14d034001600
nid005016:25500:25500 [6] NCCL INFO Channel 09/0 : 14[d9000] -> 15[de000] via P2P/IPC comm 0x5618b7deb810 nRanks 16
nid005016:25500:25585 [6] NCCL INFO New proxy send connection 4 from local rank 6, transport 0
nid005016:25500:25500 [6] NCCL INFO Connected to proxy localRank 6 -> connection 0x14e420001600
nid005016:25507:25581 [7] NCCL INFO New proxy recv connection 5 from local rank 7, transport 0
nid005016:25507:25507 [7] NCCL INFO Connected to proxy localRank 7 -> connection 0x152014001678
nid005016:25505:25583 [3] NCCL INFO New proxy recv connection 4 from local rank 3, transport 0
nid005016:25501:25501 [2] NCCL INFO Channel 08/0 : 10[c9000] -> 11[ce000] via P2P/IPC comm 0x555ff8c8b210 nRanks 16
nid005016:25501:25586 [2] NCCL INFO New proxy send connection 4 from local rank 2, transport 0
nid005016:25505:25505 [3] NCCL INFO Connected to proxy localRank 3 -> connection 0x146b80001600
nid005016:25501:25501 [2] NCCL INFO Connected to proxy localRank 2 -> connection 0x145fb0001600
nid005016:25504:25504 [4] NCCL INFO Channel 08/0 : 12[d1000] -> 13[d6000] via P2P/IPC comm 0x55a5f2721eb0 nRanks 16
nid005016:25503:25503 [0] NCCL INFO Channel 11/0 : 8[c1000] -> 9[c6000] via P2P/IPC comm 0x559b5184e290 nRanks 16
nid005016:25504:25584 [4] NCCL INFO New proxy send connection 4 from local rank 4, transport 0
nid005016:25504:25504 [4] NCCL INFO Connected to proxy localRank 4 -> connection 0x1505b4001600
nid005016:25503:25594 [0] NCCL INFO New proxy send connection 5 from local rank 0, transport 0
nid005016:25503:25503 [0] NCCL INFO Connected to proxy localRank 0 -> connection 0x146990001678
nid005016:25502:25593 [1] NCCL INFO New proxy recv connection 5 from local rank 1, transport 0
nid005016:25502:25502 [1] NCCL INFO Connected to proxy localRank 1 -> connection 0x145f6c001678
nid005016:25507:25581 [7] NCCL INFO New proxy recv connection 6 from local rank 7, transport 0
nid005016:25507:25507 [7] NCCL INFO Connected to proxy localRank 7 -> connection 0x1520140016f0
nid005016:25506:25582 [5] NCCL INFO New proxy recv connection 5 from local rank 5, transport 0
nid005016:25506:25506 [5] NCCL INFO Connected to proxy localRank 5 -> connection 0x14d034001678
nid005016:25500:25500 [6] NCCL INFO Channel 10/0 : 14[d9000] -> 15[de000] via P2P/IPC comm 0x5618b7deb810 nRanks 16
nid005016:25500:25585 [6] NCCL INFO New proxy send connection 5 from local rank 6, transport 0
nid005016:25500:25500 [6] NCCL INFO Connected to proxy localRank 6 -> connection 0x14e420001678
nid005016:25505:25583 [3] NCCL INFO New proxy recv connection 5 from local rank 3, transport 0
nid005016:25505:25505 [3] NCCL INFO Connected to proxy localRank 3 -> connection 0x146b80001678
nid005016:25501:25501 [2] NCCL INFO Channel 10/0 : 10[c9000] -> 11[ce000] via P2P/IPC comm 0x555ff8c8b210 nRanks 16
nid005016:25501:25586 [2] NCCL INFO New proxy send connection 5 from local rank 2, transport 0
nid005016:25501:25501 [2] NCCL INFO Connected to proxy localRank 2 -> connection 0x145fb0001678
nid005016:25507:25581 [7] NCCL INFO New proxy recv connection 7 from local rank 7, transport 0
nid005016:25507:25507 [7] NCCL INFO Connected to proxy localRank 7 -> connection 0x152014001768
nid005016:25503:25503 [0] NCCL INFO Channel 13/0 : 8[c1000] -> 9[c6000] via P2P/IPC comm 0x559b5184e290 nRanks 16
nid005016:25503:25594 [0] NCCL INFO New proxy send connection 6 from local rank 0, transport 0
nid005016:25503:25503 [0] NCCL INFO Connected to proxy localRank 0 -> connection 0x1469900016f0
nid005016:25502:25593 [1] NCCL INFO New proxy recv connection 6 from local rank 1, transport 0
nid005016:25502:25502 [1] NCCL INFO Connected to proxy localRank 1 -> connection 0x145f6c0016f0
nid005016:25506:25582 [5] NCCL INFO New proxy recv connection 6 from local rank 5, transport 0
nid005016:25506:25506 [5] NCCL INFO Connected to proxy localRank 5 -> connection 0x14d0340016f0
nid005016:25500:25500 [6] NCCL INFO Channel 13/0 : 14[d9000] -> 15[de000] via P2P/IPC comm 0x5618b7deb810 nRanks 16
nid005016:25500:25585 [6] NCCL INFO New proxy send connection 6 from local rank 6, transport 0
nid005016:25500:25500 [6] NCCL INFO Connected to proxy localRank 6 -> connection 0x14e4200016f0
nid005016:25504:25504 [4] NCCL INFO Channel 11/0 : 12[d1000] -> 13[d6000] via P2P/IPC comm 0x55a5f2721eb0 nRanks 16
nid005016:25504:25584 [4] NCCL INFO New proxy send connection 5 from local rank 4, transport 0
nid005016:25504:25504 [4] NCCL INFO Connected to proxy localRank 4 -> connection 0x1505b4001678
nid005016:25505:25583 [3] NCCL INFO New proxy recv connection 6 from local rank 3, transport 0
nid005016:25505:25505 [3] NCCL INFO Connected to proxy localRank 3 -> connection 0x146b800016f0
nid005016:25501:25501 [2] NCCL INFO Channel 12/0 : 10[c9000] -> 11[ce000] via P2P/IPC comm 0x555ff8c8b210 nRanks 16
nid005016:25501:25586 [2] NCCL INFO New proxy send connection 6 from local rank 2, transport 0
nid005016:25501:25501 [2] NCCL INFO Connected to proxy localRank 2 -> connection 0x145fb00016f0
nid005016:25503:25503 [0] NCCL INFO Channel 15/0 : 8[c1000] -> 9[c6000] via P2P/IPC comm 0x559b5184e290 nRanks 16
nid005016:25502:25593 [1] NCCL INFO New proxy recv connection 7 from local rank 1, transport 0
nid005016:25506:25582 [5] NCCL INFO New proxy recv connection 7 from local rank 5, transport 0
nid005016:25506:25506 [5] NCCL INFO Connected to proxy localRank 5 -> connection 0x14d034001768
nid005016:25503:25594 [0] NCCL INFO New proxy send connection 7 from local rank 0, transport 0
nid005016:25503:25503 [0] NCCL INFO Connected to proxy localRank 0 -> connection 0x146990001768
nid005016:25502:25502 [1] NCCL INFO Connected to proxy localRank 1 -> connection 0x145f6c001768
nid005016:25500:25500 [6] NCCL INFO Channel 14/0 : 14[d9000] -> 15[de000] via P2P/IPC comm 0x5618b7deb810 nRanks 16
nid005016:25500:25585 [6] NCCL INFO New proxy send connection 7 from local rank 6, transport 0
nid005016:25500:25500 [6] NCCL INFO Connected to proxy localRank 6 -> connection 0x14e420001768
nid005015:84674:84674 [4] NCCL INFO Channel 01/0 : 4[d1000] -> 5[d6000] via P2P/IPC comm 0x562b43d12c80 nRanks 16
nid005015:84669:84669 [0] NCCL INFO Channel 00/0 : 0[c1000] -> 1[c6000] via P2P/IPC comm 0x562e98837a90 nRanks 16
nid005015:84670:84759 [1] NCCL INFO New proxy recv connection 0 from local rank 1, transport 0
nid005015:84671:84671 [2] NCCL INFO Channel 01/0 : 2[c9000] -> 3[ce000] via P2P/IPC comm 0x55e4f5192260 nRanks 16
nid005015:84670:84670 [1] NCCL INFO Connected to proxy localRank 1 -> connection 0x14f2f0001420
nid005015:84676:84676 [6] NCCL INFO Channel 00/0 : 6[d9000] -> 7[de000] via P2P/IPC comm 0x55b07f219f80 nRanks 16
nid005015:84675:84756 [7] NCCL INFO New proxy recv connection 0 from local rank 7, transport 0
nid005015:84675:84675 [7] NCCL INFO Connected to proxy localRank 7 -> connection 0x14e38c001420
nid005015:84673:84757 [5] NCCL INFO New proxy recv connection 0 from local rank 5, transport 0
nid005015:84673:84673 [5] NCCL INFO Connected to proxy localRank 5 -> connection 0x15246c001420
nid005015:84669:84770 [0] NCCL INFO New proxy send connection 0 from local rank 0, transport 0
nid005015:84669:84669 [0] NCCL INFO Connected to proxy localRank 0 -> connection 0x1470b4001420
nid005015:84674:84761 [4] NCCL INFO New proxy send connection 0 from local rank 4, transport 0
nid005015:84671:84762 [2] NCCL INFO New proxy send connection 0 from local rank 2, transport 0
nid005015:84674:84674 [4] NCCL INFO Connected to proxy localRank 4 -> connection 0x152cc4001420
nid005015:84676:84760 [6] NCCL INFO New proxy send connection 0 from local rank 6, transport 0
nid005015:84676:84676 [6] NCCL INFO Connected to proxy localRank 6 -> connection 0x147878001420
nid005015:84671:84671 [2] NCCL INFO Connected to proxy localRank 2 -> connection 0x15483c001420
nid005015:84672:84758 [3] NCCL INFO New proxy recv connection 0 from local rank 3, transport 0
nid005015:84672:84672 [3] NCCL INFO Connected to proxy localRank 3 -> connection 0x14719c001420
nid005016:25505:25583 [3] NCCL INFO New proxy recv connection 7 from local rank 3, transport 0
nid005016:25505:25505 [3] NCCL INFO Connected to proxy localRank 3 -> connection 0x146b80001768
nid005016:25501:25501 [2] NCCL INFO Channel 14/0 : 10[c9000] -> 11[ce000] via P2P/IPC comm 0x555ff8c8b210 nRanks 16
nid005016:25501:25586 [2] NCCL INFO New proxy send connection 7 from local rank 2, transport 0
nid005016:25501:25501 [2] NCCL INFO Connected to proxy localRank 2 -> connection 0x145fb0001768
nid005016:25504:25504 [4] NCCL INFO Channel 12/0 : 12[d1000] -> 13[d6000] via P2P/IPC comm 0x55a5f2721eb0 nRanks 16
nid005016:25504:25584 [4] NCCL INFO New proxy send connection 6 from local rank 4, transport 0
nid005016:25504:25504 [4] NCCL INFO Connected to proxy localRank 4 -> connection 0x1505b40016f0
nid005016:25503:25503 [0] NCCL INFO Channel 02/0 : 8[c1000] -> 14[d9000] via P2P/IPC comm 0x559b5184e290 nRanks 16
nid005016:25502:25502 [1] NCCL INFO Channel 03/0 : 9[c6000] -> 11[ce000] via P2P/IPC comm 0x559172af0110 nRanks 16
nid005016:25502:25593 [1] NCCL INFO New proxy send connection 8 from local rank 1, transport 0
nid005016:25503:25594 [0] NCCL INFO New proxy send connection 8 from local rank 0, transport 0
nid005016:25503:25503 [0] NCCL INFO Connected to proxy localRank 0 -> connection 0x1469900017e0
nid005016:25502:25502 [1] NCCL INFO Connected to proxy localRank 1 -> connection 0x145f6c0017e0
nid005016:25507:25581 [7] NCCL INFO New proxy recv connection 8 from local rank 7, transport 0
nid005016:25500:25585 [6] NCCL INFO New proxy recv connection 8 from local rank 6, transport 0
nid005016:25507:25507 [7] NCCL INFO Connected to proxy localRank 7 -> connection 0x1520140017e0
nid005016:25500:25500 [6] NCCL INFO Connected to proxy localRank 6 -> connection 0x14e4200017e0
nid005015:84669:84669 [0] NCCL INFO Channel 02/0 : 0[c1000] -> 1[c6000] via P2P/IPC comm 0x562e98837a90 nRanks 16
nid005015:84669:84770 [0] NCCL INFO New proxy send connection 1 from local rank 0, transport 0
nid005015:84669:84669 [0] NCCL INFO Connected to proxy localRank 0 -> connection 0x1470b4001498
nid005016:25501:25501 [2] NCCL INFO Channel 03/0 : 10[c9000] -> 12[d1000] via P2P/IPC comm 0x555ff8c8b210 nRanks 16
nid005015:84673:84757 [5] NCCL INFO New proxy recv connection 1 from local rank 5, transport 0
nid005015:84673:84673 [5] NCCL INFO Connected to proxy localRank 5 -> connection 0x15246c001498
nid005016:25505:25583 [3] NCCL INFO New proxy recv connection 8 from local rank 3, transport 0
nid005016:25505:25505 [3] NCCL INFO Connected to proxy localRank 3 -> connection 0x146b800017e0
nid005016:25501:25586 [2] NCCL INFO New proxy send connection 8 from local rank 2, transport 0
nid005016:25501:25501 [2] NCCL INFO Connected to proxy localRank 2 -> connection 0x145fb00017e0
nid005015:84670:84759 [1] NCCL INFO New proxy recv connection 1 from local rank 1, transport 0
nid005015:84670:84670 [1] NCCL INFO Connected to proxy localRank 1 -> connection 0x14f2f0001498
nid005015:84675:84756 [7] NCCL INFO New proxy recv connection 1 from local rank 7, transport 0
nid005015:84675:84675 [7] NCCL INFO Connected to proxy localRank 7 -> connection 0x14e38c001498
nid005015:84676:84676 [6] NCCL INFO Channel 03/0 : 6[d9000] -> 7[de000] via P2P/IPC comm 0x55b07f219f80 nRanks 16
nid005015:84676:84760 [6] NCCL INFO New proxy send connection 1 from local rank 6, transport 0
nid005015:84676:84676 [6] NCCL INFO Connected to proxy localRank 6 -> connection 0x147878001498
nid005015:84671:84671 [2] NCCL INFO Channel 03/0 : 2[c9000] -> 3[ce000] via P2P/IPC comm 0x55e4f5192260 nRanks 16
nid005015:84674:84674 [4] NCCL INFO Channel 02/0 : 4[d1000] -> 5[d6000] via P2P/IPC comm 0x562b43d12c80 nRanks 16
nid005015:84671:84762 [2] NCCL INFO New proxy send connection 1 from local rank 2, transport 0
nid005015:84671:84671 [2] NCCL INFO Connected to proxy localRank 2 -> connection 0x15483c001498
nid005015:84674:84761 [4] NCCL INFO New proxy send connection 1 from local rank 4, transport 0
nid005015:84674:84674 [4] NCCL INFO Connected to proxy localRank 4 -> connection 0x152cc4001498
nid005015:84672:84758 [3] NCCL INFO New proxy recv connection 1 from local rank 3, transport 0
nid005015:84672:84672 [3] NCCL INFO Connected to proxy localRank 3 -> connection 0x14719c001498
nid005016:25504:25504 [4] NCCL INFO Channel 15/0 : 12[d1000] -> 13[d6000] via P2P/IPC comm 0x55a5f2721eb0 nRanks 16
nid005016:25504:25584 [4] NCCL INFO New proxy send connection 7 from local rank 4, transport 0
nid005016:25504:25504 [4] NCCL INFO Connected to proxy localRank 4 -> connection 0x1505b4001768
nid005016:25507:25581 [7] NCCL INFO New proxy recv connection 9 from local rank 7, transport 0
nid005016:25503:25503 [0] NCCL INFO Channel 06/0 : 8[c1000] -> 14[d9000] via P2P/IPC comm 0x559b5184e290 nRanks 16
nid005016:25507:25507 [7] NCCL INFO Connected to proxy localRank 7 -> connection 0x152014001858
nid005016:25503:25594 [0] NCCL INFO New proxy send connection 9 from local rank 0, transport 0
nid005016:25503:25503 [0] NCCL INFO Connected to proxy localRank 0 -> connection 0x146990001858
nid005016:25502:25502 [1] NCCL INFO Channel 07/0 : 9[c6000] -> 11[ce000] via P2P/IPC comm 0x559172af0110 nRanks 16
nid005016:25502:25593 [1] NCCL INFO New proxy send connection 9 from local rank 1, transport 0
nid005016:25502:25502 [1] NCCL INFO Connected to proxy localRank 1 -> connection 0x145f6c001858
nid005016:25500:25585 [6] NCCL INFO New proxy recv connection 9 from local rank 6, transport 0
nid005016:25500:25500 [6] NCCL INFO Connected to proxy localRank 6 -> connection 0x14e420001858
nid005015:84670:84759 [1] NCCL INFO New proxy recv connection 2 from local rank 1, transport 0
nid005015:84670:84670 [1] NCCL INFO Connected to proxy localRank 1 -> connection 0x14f2f0001510
nid005015:84673:84757 [5] NCCL INFO New proxy recv connection 2 from local rank 5, transport 0
nid005015:84673:84673 [5] NCCL INFO Connected to proxy localRank 5 -> connection 0x15246c001510
nid005016:25501:25501 [2] NCCL INFO Channel 07/0 : 10[c9000] -> 12[d1000] via P2P/IPC comm 0x555ff8c8b210 nRanks 16
nid005016:25501:25586 [2] NCCL INFO New proxy send connection 9 from local rank 2, transport 0
nid005016:25505:25583 [3] NCCL INFO New proxy recv connection 9 from local rank 3, transport 0
nid005016:25505:25505 [3] NCCL INFO Connected to proxy localRank 3 -> connection 0x146b80001858
nid005016:25501:25501 [2] NCCL INFO Connected to proxy localRank 2 -> connection 0x145fb0001858
nid005015:84669:84669 [0] NCCL INFO Channel 04/0 : 0[c1000] -> 1[c6000] via P2P/IPC comm 0x562e98837a90 nRanks 16
nid005015:84669:84770 [0] NCCL INFO New proxy send connection 2 from local rank 0, transport 0
nid005015:84669:84669 [0] NCCL INFO Connected to proxy localRank 0 -> connection 0x1470b4001510
nid005015:84675:84756 [7] NCCL INFO New proxy recv connection 2 from local rank 7, transport 0
nid005015:84676:84676 [6] NCCL INFO Channel 04/0 : 6[d9000] -> 7[de000] via P2P/IPC comm 0x55b07f219f80 nRanks 16
nid005015:84675:84675 [7] NCCL INFO Connected to proxy localRank 7 -> connection 0x14e38c001510
nid005015:84676:84760 [6] NCCL INFO New proxy send connection 2 from local rank 6, transport 0
nid005015:84676:84676 [6] NCCL INFO Connected to proxy localRank 6 -> connection 0x147878001510
nid005015:84674:84674 [4] NCCL INFO Channel 05/0 : 4[d1000] -> 5[d6000] via P2P/IPC comm 0x562b43d12c80 nRanks 16
nid005015:84674:84761 [4] NCCL INFO New proxy send connection 2 from local rank 4, transport 0
nid005015:84674:84674 [4] NCCL INFO Connected to proxy localRank 4 -> connection 0x152cc4001510
nid005015:84671:84671 [2] NCCL INFO Channel 05/0 : 2[c9000] -> 3[ce000] via P2P/IPC comm 0x55e4f5192260 nRanks 16
nid005015:84671:84762 [2] NCCL INFO New proxy send connection 2 from local rank 2, transport 0
nid005015:84671:84671 [2] NCCL INFO Connected to proxy localRank 2 -> connection 0x15483c001510
nid005016:25507:25581 [7] NCCL INFO New proxy recv connection 10 from local rank 7, transport 0
nid005016:25507:25507 [7] NCCL INFO Connected to proxy localRank 7 -> connection 0x1520140018d0
nid005015:84672:84758 [3] NCCL INFO New proxy recv connection 2 from local rank 3, transport 0
nid005015:84672:84672 [3] NCCL INFO Connected to proxy localRank 3 -> connection 0x14719c001510
nid005016:25506:25582 [5] NCCL INFO New proxy recv connection 8 from local rank 5, transport 0
nid005016:25506:25506 [5] NCCL INFO Connected to proxy localRank 5 -> connection 0x14d0340017e0
nid005016:25504:25584 [4] NCCL INFO New proxy recv connection 8 from local rank 4, transport 0
nid005016:25504:25504 [4] NCCL INFO Connected to proxy localRank 4 -> connection 0x1505b40017e0
nid005015:84670:84759 [1] NCCL INFO New proxy recv connection 3 from local rank 1, transport 0
nid005015:84670:84670 [1] NCCL INFO Connected to proxy localRank 1 -> connection 0x14f2f0001588
nid005016:25502:25502 [1] NCCL INFO Channel 11/0 : 9[c6000] -> 11[ce000] via P2P/IPC comm 0x559172af0110 nRanks 16
nid005016:25503:25503 [0] NCCL INFO Channel 10/0 : 8[c1000] -> 14[d9000] via P2P/IPC comm 0x559b5184e290 nRanks 16
nid005016:25502:25593 [1] NCCL INFO New proxy send connection 10 from local rank 1, transport 0
nid005016:25502:25502 [1] NCCL INFO Connected to proxy localRank 1 -> connection 0x145f6c0018d0
nid005016:25503:25594 [0] NCCL INFO New proxy send connection 10 from local rank 0, transport 0
nid005016:25503:25503 [0] NCCL INFO Connected to proxy localRank 0 -> connection 0x1469900018d0
nid005016:25500:25585 [6] NCCL INFO New proxy recv connection 10 from local rank 6, transport 0
nid005016:25500:25500 [6] NCCL INFO Connected to proxy localRank 6 -> connection 0x14e4200018d0
nid005015:84673:84757 [5] NCCL INFO New proxy recv connection 3 from local rank 5, transport 0
nid005015:84673:84673 [5] NCCL INFO Connected to proxy localRank 5 -> connection 0x15246c001588
nid005016:25501:25501 [2] NCCL INFO Channel 11/0 : 10[c9000] -> 12[d1000] via P2P/IPC comm 0x555ff8c8b210 nRanks 16
nid005016:25501:25586 [2] NCCL INFO New proxy send connection 10 from local rank 2, transport 0
nid005016:25501:25501 [2] NCCL INFO Connected to proxy localRank 2 -> connection 0x145fb00018d0
nid005016:25505:25583 [3] NCCL INFO New proxy recv connection 10 from local rank 3, transport 0
nid005016:25505:25505 [3] NCCL INFO Connected to proxy localRank 3 -> connection 0x146b800018d0
nid005016:25507:25581 [7] NCCL INFO New proxy recv connection 11 from local rank 7, transport 0
nid005016:25507:25507 [7] NCCL INFO Connected to proxy localRank 7 -> connection 0x152014001948
nid005015:84670:84759 [1] NCCL INFO New proxy recv connection 4 from local rank 1, transport 0
nid005015:84670:84670 [1] NCCL INFO Connected to proxy localRank 1 -> connection 0x14f2f0001600
nid005015:84675:84756 [7] NCCL INFO New proxy recv connection 3 from local rank 7, transport 0
nid005015:84675:84675 [7] NCCL INFO Connected to proxy localRank 7 -> connection 0x14e38c001588
nid005015:84674:84674 [4] NCCL INFO Channel 06/0 : 4[d1000] -> 5[d6000] via P2P/IPC comm 0x562b43d12c80 nRanks 16
nid005015:84674:84761 [4] NCCL INFO New proxy send connection 3 from local rank 4, transport 0
nid005015:84674:84674 [4] NCCL INFO Connected to proxy localRank 4 -> connection 0x152cc4001588
nid005016:25506:25582 [5] NCCL INFO New proxy recv connection 9 from local rank 5, transport 0
nid005016:25506:25506 [5] NCCL INFO Connected to proxy localRank 5 -> connection 0x14d034001858
nid005015:84671:84671 [2] NCCL INFO Channel 07/0 : 2[c9000] -> 3[ce000] via P2P/IPC comm 0x55e4f5192260 nRanks 16
nid005015:84671:84762 [2] NCCL INFO New proxy send connection 3 from local rank 2, transport 0
nid005015:84671:84671 [2] NCCL INFO Connected to proxy localRank 2 -> connection 0x15483c001588
nid005016:25503:25503 [0] NCCL INFO Channel 14/0 : 8[c1000] -> 14[d9000] via P2P/IPC comm 0x559b5184e290 nRanks 16
nid005016:25503:25594 [0] NCCL INFO New proxy send connection 11 from local rank 0, transport 0
nid005016:25503:25503 [0] NCCL INFO Connected to proxy localRank 0 -> connection 0x146990001948
nid005016:25502:25502 [1] NCCL INFO Channel 15/0 : 9[c6000] -> 11[ce000] via P2P/IPC comm 0x559172af0110 nRanks 16
nid005016:25502:25593 [1] NCCL INFO New proxy send connection 11 from local rank 1, transport 0
nid005016:25502:25502 [1] NCCL INFO Connected to proxy localRank 1 -> connection 0x145f6c001948
nid005016:25500:25585 [6] NCCL INFO New proxy recv connection 11 from local rank 6, transport 0
nid005016:25500:25500 [6] NCCL INFO Connected to proxy localRank 6 -> connection 0x14e420001948
nid005015:84672:84758 [3] NCCL INFO New proxy recv connection 3 from local rank 3, transport 0
nid005015:84672:84672 [3] NCCL INFO Connected to proxy localRank 3 -> connection 0x14719c001588
nid005016:25504:25584 [4] NCCL INFO New proxy recv connection 9 from local rank 4, transport 0
nid005016:25504:25504 [4] NCCL INFO Connected to proxy localRank 4 -> connection 0x1505b4001858
nid005015:84673:84757 [5] NCCL INFO New proxy recv connection 4 from local rank 5, transport 0
nid005015:84673:84673 [5] NCCL INFO Connected to proxy localRank 5 -> connection 0x15246c001600
nid005016:25501:25501 [2] NCCL INFO Channel 15/0 : 10[c9000] -> 12[d1000] via P2P/IPC comm 0x555ff8c8b210 nRanks 16
nid005016:25501:25586 [2] NCCL INFO New proxy send connection 11 from local rank 2, transport 0
nid005016:25501:25501 [2] NCCL INFO Connected to proxy localRank 2 -> connection 0x145fb0001948
nid005016:25505:25583 [3] NCCL INFO New proxy recv connection 11 from local rank 3, transport 0
nid005016:25505:25505 [3] NCCL INFO Connected to proxy localRank 3 -> connection 0x146b80001948
nid005015:84670:84759 [1] NCCL INFO New proxy recv connection 5 from local rank 1, transport 0
nid005015:84670:84670 [1] NCCL INFO Connected to proxy localRank 1 -> connection 0x14f2f0001678
nid005016:25506:25582 [5] NCCL INFO New proxy recv connection 10 from local rank 5, transport 0
nid005016:25506:25506 [5] NCCL INFO Connected to proxy localRank 5 -> connection 0x14d0340018d0
nid005015:84674:84674 [4] NCCL INFO Channel 09/0 : 4[d1000] -> 5[d6000] via P2P/IPC comm 0x562b43d12c80 nRanks 16
nid005015:84675:84756 [7] NCCL INFO New proxy recv connection 4 from local rank 7, transport 0
nid005015:84675:84675 [7] NCCL INFO Connected to proxy localRank 7 -> connection 0x14e38c001600
nid005015:84674:84761 [4] NCCL INFO New proxy send connection 4 from local rank 4, transport 0
nid005015:84674:84674 [4] NCCL INFO Connected to proxy localRank 4 -> connection 0x152cc4001600
nid005015:84671:84671 [2] NCCL INFO Channel 09/0 : 2[c9000] -> 3[ce000] via P2P/IPC comm 0x55e4f5192260 nRanks 16
nid005015:84671:84762 [2] NCCL INFO New proxy send connection 4 from local rank 2, transport 0
nid005015:84671:84671 [2] NCCL INFO Connected to proxy localRank 2 -> connection 0x15483c001600
nid005015:84673:84757 [5] NCCL INFO New proxy recv connection 5 from local rank 5, transport 0
nid005015:84673:84673 [5] NCCL INFO Connected to proxy localRank 5 -> connection 0x15246c001678
nid005015:84672:84758 [3] NCCL INFO New proxy recv connection 4 from local rank 3, transport 0
nid005015:84672:84672 [3] NCCL INFO Connected to proxy localRank 3 -> connection 0x14719c001600
nid005015:84670:84759 [1] NCCL INFO New proxy recv connection 6 from local rank 1, transport 0
nid005015:84670:84670 [1] NCCL INFO Connected to proxy localRank 1 -> connection 0x14f2f00016f0
nid005016:25504:25584 [4] NCCL INFO New proxy recv connection 10 from local rank 4, transport 0
nid005016:25504:25504 [4] NCCL INFO Connected to proxy localRank 4 -> connection 0x1505b40018d0
nid005015:84676:84676 [6] NCCL INFO Channel 07/0 : 6[d9000] -> 7[de000] via P2P/IPC comm 0x55b07f219f80 nRanks 16
nid005015:84676:84760 [6] NCCL INFO New proxy send connection 3 from local rank 6, transport 0
nid005015:84676:84676 [6] NCCL INFO Connected to proxy localRank 6 -> connection 0x147878001588
nid005016:25502:25502 [1] NCCL INFO Channel 01/0 : 9[c6000] -> 13[d6000] via P2P/IPC comm 0x559172af0110 nRanks 16
nid005016:25502:25593 [1] NCCL INFO New proxy send connection 12 from local rank 1, transport 0
nid005016:25502:25502 [1] NCCL INFO Connected to proxy localRank 1 -> connection 0x145f6c0019c0
nid005016:25505:25505 [3] NCCL INFO Channel 00/0 : 11[ce000] -> 15[de000] via P2P/IPC comm 0x561abc4c3f60 nRanks 16
nid005016:25505:25583 [3] NCCL INFO New proxy send connection 12 from local rank 3, transport 0
nid005016:25505:25505 [3] NCCL INFO Connected to proxy localRank 3 -> connection 0x146b800019c0
nid005016:25506:25582 [5] NCCL INFO New proxy recv connection 11 from local rank 5, transport 0
nid005016:25506:25506 [5] NCCL INFO Connected to proxy localRank 5 -> connection 0x14d034001948
nid005015:84674:84674 [4] NCCL INFO Channel 10/0 : 4[d1000] -> 5[d6000] via P2P/IPC comm 0x562b43d12c80 nRanks 16
nid005015:84674:84761 [4] NCCL INFO New proxy send connection 5 from local rank 4, transport 0
nid005015:84674:84674 [4] NCCL INFO Connected to proxy localRank 4 -> connection 0x152cc4001678
nid005015:84670:84759 [1] NCCL INFO New proxy recv connection 7 from local rank 1, transport 0
nid005015:84670:84670 [1] NCCL INFO Connected to proxy localRank 1 -> connection 0x14f2f0001768
nid005015:84675:84756 [7] NCCL INFO New proxy recv connection 5 from local rank 7, transport 0
nid005015:84675:84675 [7] NCCL INFO Connected to proxy localRank 7 -> connection 0x14e38c001678
nid005015:84669:84669 [0] NCCL INFO Channel 06/0 : 0[c1000] -> 1[c6000] via P2P/IPC comm 0x562e98837a90 nRanks 16
nid005015:84669:84770 [0] NCCL INFO New proxy send connection 3 from local rank 0, transport 0
nid005015:84669:84669 [0] NCCL INFO Connected to proxy localRank 0 -> connection 0x1470b4001588
nid005015:84673:84757 [5] NCCL INFO New proxy recv connection 6 from local rank 5, transport 0
nid005015:84673:84673 [5] NCCL INFO Connected to proxy localRank 5 -> connection 0x15246c0016f0
nid005015:84671:84671 [2] NCCL INFO Channel 11/0 : 2[c9000] -> 3[ce000] via P2P/IPC comm 0x55e4f5192260 nRanks 16
nid005015:84671:84762 [2] NCCL INFO New proxy send connection 5 from local rank 2, transport 0
nid005015:84671:84671 [2] NCCL INFO Connected to proxy localRank 2 -> connection 0x15483c001678
nid005015:84672:84758 [3] NCCL INFO New proxy recv connection 5 from local rank 3, transport 0
nid005015:84672:84672 [3] NCCL INFO Connected to proxy localRank 3 -> connection 0x14719c001678
nid005016:25502:25502 [1] NCCL INFO Channel 05/0 : 9[c6000] -> 13[d6000] via P2P/IPC comm 0x559172af0110 nRanks 16
nid005016:25502:25593 [1] NCCL INFO New proxy send connection 13 from local rank 1, transport 0
nid005016:25502:25502 [1] NCCL INFO Connected to proxy localRank 1 -> connection 0x145f6c001a38
nid005016:25505:25505 [3] NCCL INFO Channel 04/0 : 11[ce000] -> 15[de000] via P2P/IPC comm 0x561abc4c3f60 nRanks 16
nid005016:25505:25583 [3] NCCL INFO New proxy send connection 13 from local rank 3, transport 0
nid005016:25505:25505 [3] NCCL INFO Connected to proxy localRank 3 -> connection 0x146b80001a38
nid005015:84676:84676 [6] NCCL INFO Channel 08/0 : 6[d9000] -> 7[de000] via P2P/IPC comm 0x55b07f219f80 nRanks 16
nid005015:84676:84760 [6] NCCL INFO New proxy send connection 4 from local rank 6, transport 0
nid005015:84676:84676 [6] NCCL INFO Connected to proxy localRank 6 -> connection 0x147878001600
nid005016:25504:25584 [4] NCCL INFO New proxy recv connection 11 from local rank 4, transport 0
nid005016:25504:25504 [4] NCCL INFO Connected to proxy localRank 4 -> connection 0x1505b4001948
nid005015:84674:84674 [4] NCCL INFO Channel 13/0 : 4[d1000] -> 5[d6000] via P2P/IPC comm 0x562b43d12c80 nRanks 16
nid005015:84674:84761 [4] NCCL INFO New proxy send connection 6 from local rank 4, transport 0
nid005015:84674:84674 [4] NCCL INFO Connected to proxy localRank 4 -> connection 0x152cc40016f0
nid005015:84669:84669 [0] NCCL INFO Channel 08/0 : 0[c1000] -> 1[c6000] via P2P/IPC comm 0x562e98837a90 nRanks 16
nid005015:84669:84770 [0] NCCL INFO New proxy send connection 4 from local rank 0, transport 0
nid005015:84669:84669 [0] NCCL INFO Connected to proxy localRank 0 -> connection 0x1470b4001600
nid005015:84675:84756 [7] NCCL INFO New proxy recv connection 6 from local rank 7, transport 0
nid005015:84675:84675 [7] NCCL INFO Connected to proxy localRank 7 -> connection 0x14e38c0016f0
nid005015:84673:84757 [5] NCCL INFO New proxy recv connection 7 from local rank 5, transport 0
nid005015:84673:84673 [5] NCCL INFO Connected to proxy localRank 5 -> connection 0x15246c001768
nid005015:84671:84671 [2] NCCL INFO Channel 13/0 : 2[c9000] -> 3[ce000] via P2P/IPC comm 0x55e4f5192260 nRanks 16
nid005015:84671:84762 [2] NCCL INFO New proxy send connection 6 from local rank 2, transport 0
nid005015:84671:84671 [2] NCCL INFO Connected to proxy localRank 2 -> connection 0x15483c0016f0
nid005016:25502:25502 [1] NCCL INFO Channel 09/0 : 9[c6000] -> 13[d6000] via P2P/IPC comm 0x559172af0110 nRanks 16
nid005016:25502:25593 [1] NCCL INFO New proxy send connection 14 from local rank 1, transport 0
nid005016:25502:25502 [1] NCCL INFO Connected to proxy localRank 1 -> connection 0x145f6c001ab0
nid005016:25505:25505 [3] NCCL INFO Channel 08/0 : 11[ce000] -> 15[de000] via P2P/IPC comm 0x561abc4c3f60 nRanks 16
nid005016:25505:25583 [3] NCCL INFO New proxy send connection 14 from local rank 3, transport 0
nid005016:25505:25505 [3] NCCL INFO Connected to proxy localRank 3 -> connection 0x146b80001ab0
nid005015:84674:84674 [4] NCCL INFO Channel 14/0 : 4[d1000] -> 5[d6000] via P2P/IPC comm 0x562b43d12c80 nRanks 16
nid005015:84674:84761 [4] NCCL INFO New proxy send connection 7 from local rank 4, transport 0
nid005015:84674:84674 [4] NCCL INFO Connected to proxy localRank 4 -> connection 0x152cc4001768
nid005015:84672:84758 [3] NCCL INFO New proxy recv connection 6 from local rank 3, transport 0
nid005015:84672:84672 [3] NCCL INFO Connected to proxy localRank 3 -> connection 0x14719c0016f0
nid005015:84676:84676 [6] NCCL INFO Channel 11/0 : 6[d9000] -> 7[de000] via P2P/IPC comm 0x55b07f219f80 nRanks 16
nid005015:84676:84760 [6] NCCL INFO New proxy send connection 5 from local rank 6, transport 0
nid005015:84676:84676 [6] NCCL INFO Connected to proxy localRank 6 -> connection 0x147878001678
nid005016:25504:25504 [4] NCCL INFO Channel 01/0 : 12[d1000] -> 14[d9000] via P2P/IPC comm 0x55a5f2721eb0 nRanks 16
nid005016:25504:25584 [4] NCCL INFO New proxy send connection 12 from local rank 4, transport 0
nid005016:25504:25504 [4] NCCL INFO Connected to proxy localRank 4 -> connection 0x1505b40019c0
nid005015:84675:84756 [7] NCCL INFO New proxy recv connection 7 from local rank 7, transport 0
nid005015:84675:84675 [7] NCCL INFO Connected to proxy localRank 7 -> connection 0x14e38c001768
nid005015:84671:84671 [2] NCCL INFO Channel 15/0 : 2[c9000] -> 3[ce000] via P2P/IPC comm 0x55e4f5192260 nRanks 16
nid005015:84671:84762 [2] NCCL INFO New proxy send connection 7 from local rank 2, transport 0
nid005015:84671:84671 [2] NCCL INFO Connected to proxy localRank 2 -> connection 0x15483c001768
nid005016:25502:25502 [1] NCCL INFO Channel 13/0 : 9[c6000] -> 13[d6000] via P2P/IPC comm 0x559172af0110 nRanks 16
nid005016:25502:25593 [1] NCCL INFO New proxy send connection 15 from local rank 1, transport 0
nid005016:25502:25502 [1] NCCL INFO Connected to proxy localRank 1 -> connection 0x145f6c001b28
nid005016:25505:25505 [3] NCCL INFO Channel 12/0 : 11[ce000] -> 15[de000] via P2P/IPC comm 0x561abc4c3f60 nRanks 16
nid005016:25505:25583 [3] NCCL INFO New proxy send connection 15 from local rank 3, transport 0
nid005016:25505:25505 [3] NCCL INFO Connected to proxy localRank 3 -> connection 0x146b80001b28
nid005015:84673:84757 [5] NCCL INFO New proxy recv connection 8 from local rank 5, transport 0
nid005015:84673:84673 [5] NCCL INFO Connected to proxy localRank 5 -> connection 0x15246c0017e0
nid005015:84674:84761 [4] NCCL INFO New proxy recv connection 8 from local rank 4, transport 0
nid005015:84674:84674 [4] NCCL INFO Connected to proxy localRank 4 -> connection 0x152cc40017e0
nid005015:84676:84676 [6] NCCL INFO Channel 12/0 : 6[d9000] -> 7[de000] via P2P/IPC comm 0x55b07f219f80 nRanks 16
nid005015:84676:84760 [6] NCCL INFO New proxy send connection 6 from local rank 6, transport 0
nid005015:84676:84676 [6] NCCL INFO Connected to proxy localRank 6 -> connection 0x1478780016f0
nid005015:84672:84758 [3] NCCL INFO New proxy recv connection 7 from local rank 3, transport 0
nid005015:84672:84672 [3] NCCL INFO Connected to proxy localRank 3 -> connection 0x14719c001768
nid005016:25504:25504 [4] NCCL INFO Channel 05/0 : 12[d1000] -> 14[d9000] via P2P/IPC comm 0x55a5f2721eb0 nRanks 16
nid005016:25504:25584 [4] NCCL INFO New proxy send connection 13 from local rank 4, transport 0
nid005016:25504:25504 [4] NCCL INFO Connected to proxy localRank 4 -> connection 0x1505b4001a38
nid005016:25506:25506 [5] NCCL INFO GPU Direct RDMA Enabled for GPU d6000 / HCA 2 (distance 6 <= 6), read 0
nid005016:25507:25507 [7] NCCL INFO GPU Direct RDMA Enabled for GPU de000 / HCA 3 (distance 6 <= 6), read 0
nid005016:25502:25593 [1] NCCL INFO New proxy recv connection 16 from local rank 1, transport 0
nid005016:25502:25502 [1] NCCL INFO Connected to proxy localRank 1 -> connection 0x145f6c001ba0
nid005015:84673:84757 [5] NCCL INFO New proxy recv connection 9 from local rank 5, transport 0
nid005015:84673:84673 [5] NCCL INFO Connected to proxy localRank 5 -> connection 0x15246c001858
nid005015:84674:84761 [4] NCCL INFO New proxy recv connection 9 from local rank 4, transport 0
nid005015:84674:84674 [4] NCCL INFO Connected to proxy localRank 4 -> connection 0x152cc4001858
nid005016:25505:25583 [3] NCCL INFO New proxy recv connection 16 from local rank 3, transport 0
nid005016:25505:25505 [3] NCCL INFO Connected to proxy localRank 3 -> connection 0x146b80001ba0
nid005015:84676:84676 [6] NCCL INFO Channel 15/0 : 6[d9000] -> 7[de000] via P2P/IPC comm 0x55b07f219f80 nRanks 16
nid005015:84676:84760 [6] NCCL INFO New proxy send connection 7 from local rank 6, transport 0
nid005015:84676:84676 [6] NCCL INFO Connected to proxy localRank 6 -> connection 0x147878001768
nid005016:25504:25504 [4] NCCL INFO Channel 09/0 : 12[d1000] -> 14[d9000] via P2P/IPC comm 0x55a5f2721eb0 nRanks 16
nid005016:25504:25584 [4] NCCL INFO New proxy send connection 14 from local rank 4, transport 0
nid005015:84671:84671 [2] NCCL INFO Channel 02/0 : 2[c9000] -> 4[d1000] via P2P/IPC comm 0x55e4f5192260 nRanks 16
nid005015:84672:84758 [3] NCCL INFO New proxy recv connection 8 from local rank 3, transport 0
nid005015:84672:84672 [3] NCCL INFO Connected to proxy localRank 3 -> connection 0x14719c0017e0
nid005016:25504:25504 [4] NCCL INFO Connected to proxy localRank 4 -> connection 0x1505b4001ab0
nid005015:84671:84762 [2] NCCL INFO New proxy send connection 8 from local rank 2, transport 0
nid005015:84671:84671 [2] NCCL INFO Connected to proxy localRank 2 -> connection 0x15483c0017e0
nid005016:25506:25582 [5] NCCL INFO New proxy recv connection 12 from local rank 5, transport 2
nid005016:25506:25506 [5] NCCL INFO Connected to proxy localRank 5 -> connection 0x14d0340019c0
nid005016:25507:25581 [7] NCCL INFO New proxy recv connection 12 from local rank 7, transport 2
nid005016:25507:25507 [7] NCCL INFO Connected to proxy localRank 7 -> connection 0x1520140019c0
nid005015:84673:84757 [5] NCCL INFO New proxy recv connection 10 from local rank 5, transport 0
nid005015:84673:84673 [5] NCCL INFO Connected to proxy localRank 5 -> connection 0x15246c0018d0
nid005015:84674:84761 [4] NCCL INFO New proxy recv connection 10 from local rank 4, transport 0
nid005015:84674:84674 [4] NCCL INFO Connected to proxy localRank 4 -> connection 0x152cc40018d0
nid005016:25502:25593 [1] NCCL INFO New proxy recv connection 17 from local rank 1, transport 0
nid005016:25502:25502 [1] NCCL INFO Connected to proxy localRank 1 -> connection 0x145f6c001c18
nid005016:25505:25583 [3] NCCL INFO New proxy recv connection 17 from local rank 3, transport 0
nid005016:25505:25505 [3] NCCL INFO Connected to proxy localRank 3 -> connection 0x146b80001c18
nid005015:84675:84756 [7] NCCL INFO New proxy recv connection 8 from local rank 7, transport 0
nid005015:84675:84675 [7] NCCL INFO Connected to proxy localRank 7 -> connection 0x14e38c0017e0
nid005015:84676:84760 [6] NCCL INFO New proxy recv connection 8 from local rank 6, transport 0
nid005015:84676:84676 [6] NCCL INFO Connected to proxy localRank 6 -> connection 0x1478780017e0
nid005015:84671:84671 [2] NCCL INFO Channel 06/0 : 2[c9000] -> 4[d1000] via P2P/IPC comm 0x55e4f5192260 nRanks 16
nid005015:84671:84762 [2] NCCL INFO New proxy send connection 9 from local rank 2, transport 0
nid005015:84671:84671 [2] NCCL INFO Connected to proxy localRank 2 -> connection 0x15483c001858
nid005016:25504:25504 [4] NCCL INFO Channel 13/0 : 12[d1000] -> 14[d9000] via P2P/IPC comm 0x55a5f2721eb0 nRanks 16
nid005016:25504:25584 [4] NCCL INFO New proxy send connection 15 from local rank 4, transport 0
nid005016:25504:25504 [4] NCCL INFO Connected to proxy localRank 4 -> connection 0x1505b4001b28
nid005015:84672:84758 [3] NCCL INFO New proxy recv connection 9 from local rank 3, transport 0
nid005015:84672:84672 [3] NCCL INFO Connected to proxy localRank 3 -> connection 0x14719c001858
nid005015:84673:84757 [5] NCCL INFO New proxy recv connection 11 from local rank 5, transport 0
nid005015:84673:84673 [5] NCCL INFO Connected to proxy localRank 5 -> connection 0x15246c001948
nid005015:84674:84761 [4] NCCL INFO New proxy recv connection 11 from local rank 4, transport 0
nid005015:84674:84674 [4] NCCL INFO Connected to proxy localRank 4 -> connection 0x152cc4001948
nid005016:25505:25583 [3] NCCL INFO New proxy recv connection 18 from local rank 3, transport 0
nid005016:25505:25505 [3] NCCL INFO Connected to proxy localRank 3 -> connection 0x146b80001c90
nid005016:25502:25593 [1] NCCL INFO New proxy recv connection 18 from local rank 1, transport 0
nid005016:25502:25502 [1] NCCL INFO Connected to proxy localRank 1 -> connection 0x145f6c001c90
nid005015:84676:84760 [6] NCCL INFO New proxy recv connection 9 from local rank 6, transport 0
nid005015:84676:84676 [6] NCCL INFO Connected to proxy localRank 6 -> connection 0x147878001858
nid005015:84675:84756 [7] NCCL INFO New proxy recv connection 9 from local rank 7, transport 0
nid005015:84675:84675 [7] NCCL INFO Connected to proxy localRank 7 -> connection 0x14e38c001858
nid005015:84669:84669 [0] NCCL INFO Channel 10/0 : 0[c1000] -> 1[c6000] via P2P/IPC comm 0x562e98837a90 nRanks 16
nid005015:84669:84770 [0] NCCL INFO New proxy send connection 5 from local rank 0, transport 0
nid005015:84669:84669 [0] NCCL INFO Connected to proxy localRank 0 -> connection 0x1470b4001678
nid005015:84671:84671 [2] NCCL INFO Channel 10/0 : 2[c9000] -> 4[d1000] via P2P/IPC comm 0x55e4f5192260 nRanks 16
nid005015:84671:84762 [2] NCCL INFO New proxy send connection 10 from local rank 2, transport 0
nid005015:84671:84671 [2] NCCL INFO Connected to proxy localRank 2 -> connection 0x15483c0018d0
nid005016:25501:25501 [2] NCCL INFO GPU Direct RDMA Enabled for GPU c9000 / HCA 1 (distance 6 <= 6), read 0
nid005016:25500:25585 [6] NCCL INFO New proxy recv connection 12 from local rank 6, transport 0
nid005016:25500:25500 [6] NCCL INFO Connected to proxy localRank 6 -> connection 0x14e4200019c0
nid005016:25504:25584 [4] NCCL INFO New proxy recv connection 16 from local rank 4, transport 0
nid005016:25504:25504 [4] NCCL INFO Connected to proxy localRank 4 -> connection 0x1505b4001ba0
nid005015:84672:84758 [3] NCCL INFO New proxy recv connection 10 from local rank 3, transport 0
nid005015:84672:84672 [3] NCCL INFO Connected to proxy localRank 3 -> connection 0x14719c0018d0
nid005015:84674:84674 [4] NCCL INFO Channel 00/0 : 4[d1000] -> 6[d9000] via P2P/IPC comm 0x562b43d12c80 nRanks 16
nid005015:84674:84761 [4] NCCL INFO New proxy send connection 12 from local rank 4, transport 0
nid005015:84674:84674 [4] NCCL INFO Connected to proxy localRank 4 -> connection 0x152cc40019c0
nid005016:25505:25583 [3] NCCL INFO New proxy recv connection 19 from local rank 3, transport 0
nid005016:25505:25505 [3] NCCL INFO Connected to proxy localRank 3 -> connection 0x146b80001d08
nid005016:25502:25593 [1] NCCL INFO New proxy recv connection 19 from local rank 1, transport 0
nid005016:25502:25502 [1] NCCL INFO Connected to proxy localRank 1 -> connection 0x145f6c001d08
nid005016:25501:25586 [2] NCCL INFO New proxy recv connection 12 from local rank 2, transport 2
nid005016:25501:25501 [2] NCCL INFO Connected to proxy localRank 2 -> connection 0x145fb00019c0
nid005015:84669:84669 [0] NCCL INFO Channel 12/0 : 0[c1000] -> 1[c6000] via P2P/IPC comm 0x562e98837a90 nRanks 16
nid005015:84669:84770 [0] NCCL INFO New proxy send connection 6 from local rank 0, transport 0
nid005015:84669:84669 [0] NCCL INFO Connected to proxy localRank 0 -> connection 0x1470b40016f0
nid005015:84675:84756 [7] NCCL INFO New proxy recv connection 10 from local rank 7, transport 0
nid005015:84675:84675 [7] NCCL INFO Connected to proxy localRank 7 -> connection 0x14e38c0018d0
nid005015:84676:84760 [6] NCCL INFO New proxy recv connection 10 from local rank 6, transport 0
nid005015:84676:84676 [6] NCCL INFO Connected to proxy localRank 6 -> connection 0x1478780018d0
nid005016:25504:25584 [4] NCCL INFO New proxy recv connection 17 from local rank 4, transport 0
nid005016:25504:25504 [4] NCCL INFO Connected to proxy localRank 4 -> connection 0x1505b4001c18
nid005016:25500:25585 [6] NCCL INFO New proxy recv connection 13 from local rank 6, transport 0
nid005016:25500:25500 [6] NCCL INFO Connected to proxy localRank 6 -> connection 0x14e420001a38
nid005015:84671:84671 [2] NCCL INFO Channel 14/0 : 2[c9000] -> 4[d1000] via P2P/IPC comm 0x55e4f5192260 nRanks 16
nid005015:84671:84762 [2] NCCL INFO New proxy send connection 11 from local rank 2, transport 0
nid005015:84671:84671 [2] NCCL INFO Connected to proxy localRank 2 -> connection 0x15483c001948
nid005015:84674:84674 [4] NCCL INFO Channel 04/0 : 4[d1000] -> 6[d9000] via P2P/IPC comm 0x562b43d12c80 nRanks 16
nid005015:84674:84761 [4] NCCL INFO New proxy send connection 13 from local rank 4, transport 0
nid005015:84674:84674 [4] NCCL INFO Connected to proxy localRank 4 -> connection 0x152cc4001a38
nid005015:84672:84758 [3] NCCL INFO New proxy recv connection 11 from local rank 3, transport 0
nid005015:84672:84672 [3] NCCL INFO Connected to proxy localRank 3 -> connection 0x14719c001948
nid005015:84669:84669 [0] NCCL INFO Channel 14/0 : 0[c1000] -> 1[c6000] via P2P/IPC comm 0x562e98837a90 nRanks 16
nid005015:84669:84770 [0] NCCL INFO New proxy send connection 7 from local rank 0, transport 0
nid005015:84669:84669 [0] NCCL INFO Connected to proxy localRank 0 -> connection 0x1470b4001768
nid005016:25506:25506 [5] NCCL INFO Channel 02/0 : 5[d6000] -> 13[d6000] [receive] via NET/Libfabric/2/GDRDMA comm 0x564eceac2fa0 nRanks 16
nid005016:25506:25506 [5] NCCL INFO GPU Direct RDMA Enabled for GPU d6000 / HCA 2 (distance 6 <= 6), read 0
nid005016:25506:25582 [5] NCCL INFO New proxy recv connection 13 from local rank 5, transport 2
nid005016:25506:25506 [5] NCCL INFO Connected to proxy localRank 5 -> connection 0x14d034001a38
nid005016:25507:25507 [7] NCCL INFO Channel 03/0 : 7[de000] -> 15[de000] [receive] via NET/Libfabric/3/GDRDMA comm 0x55de98e1b2f0 nRanks 16
nid005016:25507:25507 [7] NCCL INFO GPU Direct RDMA Enabled for GPU de000 / HCA 3 (distance 6 <= 6), read 0
nid005016:25500:25585 [6] NCCL INFO New proxy recv connection 14 from local rank 6, transport 0
nid005016:25500:25500 [6] NCCL INFO Connected to proxy localRank 6 -> connection 0x14e420001ab0
nid005016:25507:25581 [7] NCCL INFO New proxy recv connection 13 from local rank 7, transport 2
nid005016:25506:25506 [5] NCCL INFO Channel 06/0 : 5[d6000] -> 13[d6000] [receive] via NET/Libfabric/2/GDRDMA comm 0x564eceac2fa0 nRanks 16
nid005016:25506:25506 [5] NCCL INFO GPU Direct RDMA Enabled for GPU d6000 / HCA 2 (distance 6 <= 6), read 0
nid005016:25507:25507 [7] NCCL INFO Connected to proxy localRank 7 -> connection 0x152014001a38
nid005016:25506:25582 [5] NCCL INFO New proxy recv connection 14 from local rank 5, transport 2
nid005016:25506:25506 [5] NCCL INFO Connected to proxy localRank 5 -> connection 0x14d034001ab0
nid005016:25504:25584 [4] NCCL INFO New proxy recv connection 18 from local rank 4, transport 0
nid005016:25504:25504 [4] NCCL INFO Connected to proxy localRank 4 -> connection 0x1505b4001c90
nid005016:25507:25507 [7] NCCL INFO Channel 07/0 : 7[de000] -> 15[de000] [receive] via NET/Libfabric/3/GDRDMA comm 0x55de98e1b2f0 nRanks 16
nid005016:25507:25507 [7] NCCL INFO GPU Direct RDMA Enabled for GPU de000 / HCA 3 (distance 6 <= 6), read 0
nid005016:25507:25581 [7] NCCL INFO New proxy recv connection 14 from local rank 7, transport 2
nid005016:25506:25506 [5] NCCL INFO Channel 10/0 : 5[d6000] -> 13[d6000] [receive] via NET/Libfabric/2/GDRDMA comm 0x564eceac2fa0 nRanks 16
nid005016:25506:25506 [5] NCCL INFO GPU Direct RDMA Enabled for GPU d6000 / HCA 2 (distance 6 <= 6), read 0
nid005016:25507:25507 [7] NCCL INFO Connected to proxy localRank 7 -> connection 0x152014001ab0
nid005016:25506:25582 [5] NCCL INFO New proxy recv connection 15 from local rank 5, transport 2
nid005016:25506:25506 [5] NCCL INFO Connected to proxy localRank 5 -> connection 0x14d034001b28
nid005016:25507:25507 [7] NCCL INFO Channel 11/0 : 7[de000] -> 15[de000] [receive] via NET/Libfabric/3/GDRDMA comm 0x55de98e1b2f0 nRanks 16
nid005016:25507:25507 [7] NCCL INFO GPU Direct RDMA Enabled for GPU de000 / HCA 3 (distance 6 <= 6), read 0
nid005016:25507:25581 [7] NCCL INFO New proxy recv connection 15 from local rank 7, transport 2
nid005016:25506:25506 [5] NCCL INFO Channel 14/0 : 5[d6000] -> 13[d6000] [receive] via NET/Libfabric/2/GDRDMA comm 0x564eceac2fa0 nRanks 16
nid005016:25506:25506 [5] NCCL INFO GPU Direct RDMA Enabled for GPU d6000 / HCA 2 (distance 6 <= 6), read 1
nid005016:25507:25507 [7] NCCL INFO Connected to proxy localRank 7 -> connection 0x152014001b28
nid005016:25506:25582 [5] NCCL INFO New proxy send connection 16 from local rank 5, transport 2
nid005016:25506:25506 [5] NCCL INFO Connected to proxy localRank 5 -> connection 0x14d034001ba0
nid005016:25507:25507 [7] NCCL INFO Channel 15/0 : 7[de000] -> 15[de000] [receive] via NET/Libfabric/3/GDRDMA comm 0x55de98e1b2f0 nRanks 16
nid005016:25507:25507 [7] NCCL INFO GPU Direct RDMA Enabled for GPU de000 / HCA 3 (distance 6 <= 6), read 1
nid005016:25507:25581 [7] NCCL INFO New proxy send connection 16 from local rank 7, transport 2
nid005016:25506:25506 [5] NCCL INFO Channel 03/0 : 13[d6000] -> 5[d6000] [send] via NET/Libfabric/2/GDRDMA comm 0x564eceac2fa0 nRanks 16
nid005016:25506:25506 [5] NCCL INFO GPU Direct RDMA Enabled for GPU d6000 / HCA 2 (distance 6 <= 6), read 1
nid005015:84675:84756 [7] NCCL INFO New proxy recv connection 11 from local rank 7, transport 0
nid005015:84675:84675 [7] NCCL INFO Connected to proxy localRank 7 -> connection 0x14e38c001948
nid005016:25507:25507 [7] NCCL INFO Connected to proxy localRank 7 -> connection 0x152014001ba0
nid005016:25506:25582 [5] NCCL INFO New proxy send connection 17 from local rank 5, transport 2
nid005015:84676:84760 [6] NCCL INFO New proxy recv connection 11 from local rank 6, transport 0
nid005015:84676:84676 [6] NCCL INFO Connected to proxy localRank 6 -> connection 0x147878001948
nid005016:25506:25506 [5] NCCL INFO Connected to proxy localRank 5 -> connection 0x14d034001c18
nid005016:25507:25507 [7] NCCL INFO Channel 02/0 : 15[de000] -> 7[de000] [send] via NET/Libfabric/3/GDRDMA comm 0x55de98e1b2f0 nRanks 16
nid005016:25507:25507 [7] NCCL INFO GPU Direct RDMA Enabled for GPU de000 / HCA 3 (distance 6 <= 6), read 1
nid005016:25507:25581 [7] NCCL INFO New proxy send connection 17 from local rank 7, transport 2
nid005016:25506:25506 [5] NCCL INFO Channel 07/0 : 13[d6000] -> 5[d6000] [send] via NET/Libfabric/2/GDRDMA comm 0x564eceac2fa0 nRanks 16
nid005016:25506:25506 [5] NCCL INFO GPU Direct RDMA Enabled for GPU d6000 / HCA 2 (distance 6 <= 6), read 1
nid005015:84674:84674 [4] NCCL INFO Channel 08/0 : 4[d1000] -> 6[d9000] via P2P/IPC comm 0x562b43d12c80 nRanks 16
nid005016:25507:25507 [7] NCCL INFO Connected to proxy localRank 7 -> connection 0x152014001c18
nid005016:25506:25582 [5] NCCL INFO New proxy send connection 18 from local rank 5, transport 2
nid005016:25506:25506 [5] NCCL INFO Connected to proxy localRank 5 -> connection 0x14d034001c90
nid005016:25507:25507 [7] NCCL INFO Channel 06/0 : 15[de000] -> 7[de000] [send] via NET/Libfabric/3/GDRDMA comm 0x55de98e1b2f0 nRanks 16
nid005016:25507:25507 [7] NCCL INFO GPU Direct RDMA Enabled for GPU de000 / HCA 3 (distance 6 <= 6), read 1
nid005016:25507:25581 [7] NCCL INFO New proxy send connection 18 from local rank 7, transport 2
nid005016:25507:25507 [7] NCCL INFO Connected to proxy localRank 7 -> connection 0x152014001c90
nid005015:84674:84761 [4] NCCL INFO New proxy send connection 14 from local rank 4, transport 0
nid005015:84674:84674 [4] NCCL INFO Connected to proxy localRank 4 -> connection 0x152cc4001ab0
nid005016:25506:25506 [5] NCCL INFO Channel 11/0 : 13[d6000] -> 5[d6000] [send] via NET/Libfabric/2/GDRDMA comm 0x564eceac2fa0 nRanks 16
nid005016:25506:25506 [5] NCCL INFO GPU Direct RDMA Enabled for GPU d6000 / HCA 2 (distance 6 <= 6), read 1
nid005016:25506:25582 [5] NCCL INFO New proxy send connection 19 from local rank 5, transport 2
nid005016:25506:25506 [5] NCCL INFO Connected to proxy localRank 5 -> connection 0x14d034001d08
nid005016:25507:25507 [7] NCCL INFO Channel 10/0 : 15[de000] -> 7[de000] [send] via NET/Libfabric/3/GDRDMA comm 0x55de98e1b2f0 nRanks 16
nid005016:25507:25507 [7] NCCL INFO GPU Direct RDMA Enabled for GPU de000 / HCA 3 (distance 6 <= 6), read 1
nid005016:25506:25506 [5] NCCL INFO Channel 15/0 : 13[d6000] -> 5[d6000] [send] via NET/Libfabric/2/GDRDMA comm 0x564eceac2fa0 nRanks 16
nid005016:25507:25581 [7] NCCL INFO New proxy send connection 19 from local rank 7, transport 2
nid005016:25507:25507 [7] NCCL INFO Connected to proxy localRank 7 -> connection 0x152014001d08
nid005016:25507:25507 [7] NCCL INFO Channel 14/0 : 15[de000] -> 7[de000] [send] via NET/Libfabric/3/GDRDMA comm 0x55de98e1b2f0 nRanks 16
nid005015:84670:84670 [1] NCCL INFO Channel 02/0 : 1[c6000] -> 3[ce000] via P2P/IPC comm 0x55f1ace86af0 nRanks 16
nid005015:84670:84759 [1] NCCL INFO New proxy send connection 8 from local rank 1, transport 0
nid005015:84670:84670 [1] NCCL INFO Connected to proxy localRank 1 -> connection 0x14f2f00017e0
nid005015:84669:84669 [0] NCCL INFO Channel 03/0 : 0[c1000] -> 6[d9000] via P2P/IPC comm 0x562e98837a90 nRanks 16
nid005015:84669:84770 [0] NCCL INFO New proxy send connection 8 from local rank 0, transport 0
nid005015:84669:84669 [0] NCCL INFO Connected to proxy localRank 0 -> connection 0x1470b40017e0
nid005016:25504:25584 [4] NCCL INFO New proxy recv connection 19 from local rank 4, transport 0
nid005016:25504:25504 [4] NCCL INFO Connected to proxy localRank 4 -> connection 0x1505b4001d08
nid005016:25500:25585 [6] NCCL INFO New proxy recv connection 15 from local rank 6, transport 0
nid005016:25500:25500 [6] NCCL INFO Connected to proxy localRank 6 -> connection 0x14e420001b28
nid005015:84674:84674 [4] NCCL INFO Channel 12/0 : 4[d1000] -> 6[d9000] via P2P/IPC comm 0x562b43d12c80 nRanks 16
nid005015:84674:84761 [4] NCCL INFO New proxy send connection 15 from local rank 4, transport 0
nid005015:84674:84674 [4] NCCL INFO Connected to proxy localRank 4 -> connection 0x152cc4001b28
nid005015:84670:84670 [1] NCCL INFO Channel 06/0 : 1[c6000] -> 3[ce000] via P2P/IPC comm 0x55f1ace86af0 nRanks 16
nid005015:84670:84759 [1] NCCL INFO New proxy send connection 9 from local rank 1, transport 0
nid005015:84670:84670 [1] NCCL INFO Connected to proxy localRank 1 -> connection 0x14f2f0001858
nid005016:25504:25504 [4] NCCL INFO Channel 02/0 : 12[d1000] -> 10[c9000] via P2P/IPC comm 0x55a5f2721eb0 nRanks 16
nid005016:25504:25584 [4] NCCL INFO New proxy send connection 20 from local rank 4, transport 0
nid005016:25504:25504 [4] NCCL INFO Connected to proxy localRank 4 -> connection 0x1505b4001d80
nid005015:84669:84669 [0] NCCL INFO Channel 07/0 : 0[c1000] -> 6[d9000] via P2P/IPC comm 0x562e98837a90 nRanks 16
nid005015:84669:84770 [0] NCCL INFO New proxy send connection 9 from local rank 0, transport 0
nid005015:84669:84669 [0] NCCL INFO Connected to proxy localRank 0 -> connection 0x1470b4001858
nid005016:25500:25500 [6] NCCL INFO Channel 03/0 : 14[d9000] -> 8[c1000] via P2P/IPC comm 0x5618b7deb810 nRanks 16
nid005016:25503:25503 [0] NCCL INFO GPU Direct RDMA Enabled for GPU c1000 / HCA 0 (distance 6 <= 6), read 0
nid005016:25500:25585 [6] NCCL INFO New proxy send connection 16 from local rank 6, transport 0
nid005016:25500:25500 [6] NCCL INFO Connected to proxy localRank 6 -> connection 0x14e420001ba0
nid005015:84671:84671 [2] NCCL INFO GPU Direct RDMA Enabled for GPU c9000 / HCA 1 (distance 6 <= 6), read 0
nid005015:84676:84760 [6] NCCL INFO New proxy recv connection 12 from local rank 6, transport 0
nid005015:84676:84676 [6] NCCL INFO Connected to proxy localRank 6 -> connection 0x1478780019c0
nid005015:84674:84761 [4] NCCL INFO New proxy recv connection 16 from local rank 4, transport 0
nid005015:84674:84674 [4] NCCL INFO Connected to proxy localRank 4 -> connection 0x152cc4001ba0
nid005015:84670:84670 [1] NCCL INFO Channel 10/0 : 1[c6000] -> 3[ce000] via P2P/IPC comm 0x55f1ace86af0 nRanks 16
nid005015:84670:84759 [1] NCCL INFO New proxy send connection 10 from local rank 1, transport 0
nid005015:84670:84670 [1] NCCL INFO Connected to proxy localRank 1 -> connection 0x14f2f00018d0
nid005016:25503:25594 [0] NCCL INFO New proxy recv connection 12 from local rank 0, transport 2
nid005016:25503:25503 [0] NCCL INFO Connected to proxy localRank 0 -> connection 0x1469900019c0
nid005016:25504:25504 [4] NCCL INFO Channel 06/0 : 12[d1000] -> 10[c9000] via P2P/IPC comm 0x55a5f2721eb0 nRanks 16
nid005016:25504:25584 [4] NCCL INFO New proxy send connection 21 from local rank 4, transport 0
nid005016:25504:25504 [4] NCCL INFO Connected to proxy localRank 4 -> connection 0x1505b4001df8
nid005016:25500:25500 [6] NCCL INFO Channel 07/0 : 14[d9000] -> 8[c1000] via P2P/IPC comm 0x5618b7deb810 nRanks 16
nid005016:25500:25585 [6] NCCL INFO New proxy send connection 17 from local rank 6, transport 0
nid005015:84671:84762 [2] NCCL INFO New proxy recv connection 12 from local rank 2, transport 2
nid005016:25500:25500 [6] NCCL INFO Connected to proxy localRank 6 -> connection 0x14e420001c18
nid005015:84671:84671 [2] NCCL INFO Connected to proxy localRank 2 -> connection 0x15483c0019c0
nid005015:84669:84669 [0] NCCL INFO Channel 11/0 : 0[c1000] -> 6[d9000] via P2P/IPC comm 0x562e98837a90 nRanks 16
nid005015:84669:84770 [0] NCCL INFO New proxy send connection 10 from local rank 0, transport 0
nid005015:84669:84669 [0] NCCL INFO Connected to proxy localRank 0 -> connection 0x1470b40018d0
nid005015:84674:84761 [4] NCCL INFO New proxy recv connection 17 from local rank 4, transport 0
nid005015:84674:84674 [4] NCCL INFO Connected to proxy localRank 4 -> connection 0x152cc4001c18
nid005015:84670:84670 [1] NCCL INFO Channel 14/0 : 1[c6000] -> 3[ce000] via P2P/IPC comm 0x55f1ace86af0 nRanks 16
nid005015:84670:84759 [1] NCCL INFO New proxy send connection 11 from local rank 1, transport 0
nid005015:84670:84670 [1] NCCL INFO Connected to proxy localRank 1 -> connection 0x14f2f0001948
nid005015:84676:84760 [6] NCCL INFO New proxy recv connection 13 from local rank 6, transport 0
nid005015:84676:84676 [6] NCCL INFO Connected to proxy localRank 6 -> connection 0x147878001a38
nid005016:25504:25504 [4] NCCL INFO Channel 10/0 : 12[d1000] -> 10[c9000] via P2P/IPC comm 0x55a5f2721eb0 nRanks 16
nid005016:25504:25584 [4] NCCL INFO New proxy send connection 22 from local rank 4, transport 0
nid005016:25504:25504 [4] NCCL INFO Connected to proxy localRank 4 -> connection 0x1505b4001e70
nid005016:25501:25501 [2] NCCL INFO Channel 00/0 : 2[c9000] -> 10[c9000] [receive] via NET/Libfabric/1/GDRDMA comm 0x555ff8c8b210 nRanks 16
nid005016:25501:25501 [2] NCCL INFO GPU Direct RDMA Enabled for GPU c9000 / HCA 1 (distance 6 <= 6), read 0
nid005016:25501:25586 [2] NCCL INFO New proxy recv connection 13 from local rank 2, transport 2
nid005016:25501:25501 [2] NCCL INFO Connected to proxy localRank 2 -> connection 0x145fb0001a38
nid005016:25501:25501 [2] NCCL INFO Channel 04/0 : 2[c9000] -> 10[c9000] [receive] via NET/Libfabric/1/GDRDMA comm 0x555ff8c8b210 nRanks 16
nid005016:25501:25501 [2] NCCL INFO GPU Direct RDMA Enabled for GPU c9000 / HCA 1 (distance 6 <= 6), read 0
nid005016:25501:25586 [2] NCCL INFO New proxy recv connection 14 from local rank 2, transport 2
nid005016:25501:25501 [2] NCCL INFO Connected to proxy localRank 2 -> connection 0x145fb0001ab0
nid005016:25501:25501 [2] NCCL INFO Channel 08/0 : 2[c9000] -> 10[c9000] [receive] via NET/Libfabric/1/GDRDMA comm 0x555ff8c8b210 nRanks 16
nid005016:25501:25501 [2] NCCL INFO GPU Direct RDMA Enabled for GPU c9000 / HCA 1 (distance 6 <= 6), read 0
nid005016:25501:25586 [2] NCCL INFO New proxy recv connection 15 from local rank 2, transport 2
nid005016:25501:25501 [2] NCCL INFO Connected to proxy localRank 2 -> connection 0x145fb0001b28
nid005016:25501:25501 [2] NCCL INFO Channel 12/0 : 2[c9000] -> 10[c9000] [receive] via NET/Libfabric/1/GDRDMA comm 0x555ff8c8b210 nRanks 16
nid005016:25501:25501 [2] NCCL INFO GPU Direct RDMA Enabled for GPU c9000 / HCA 1 (distance 6 <= 6), read 1
nid005016:25501:25586 [2] NCCL INFO New proxy send connection 16 from local rank 2, transport 2
nid005016:25501:25501 [2] NCCL INFO Connected to proxy localRank 2 -> connection 0x145fb0001ba0
nid005016:25500:25500 [6] NCCL INFO Channel 11/0 : 14[d9000] -> 8[c1000] via P2P/IPC comm 0x5618b7deb810 nRanks 16
nid005016:25500:25585 [6] NCCL INFO New proxy send connection 18 from local rank 6, transport 0
nid005016:25501:25501 [2] NCCL INFO Channel 01/0 : 10[c9000] -> 2[c9000] [send] via NET/Libfabric/1/GDRDMA comm 0x555ff8c8b210 nRanks 16
nid005016:25501:25501 [2] NCCL INFO GPU Direct RDMA Enabled for GPU c9000 / HCA 1 (distance 6 <= 6), read 1
nid005016:25500:25500 [6] NCCL INFO Connected to proxy localRank 6 -> connection 0x14e420001c90
nid005016:25501:25586 [2] NCCL INFO New proxy send connection 17 from local rank 2, transport 2
nid005016:25501:25501 [2] NCCL INFO Connected to proxy localRank 2 -> connection 0x145fb0001c18
nid005016:25501:25501 [2] NCCL INFO Channel 05/0 : 10[c9000] -> 2[c9000] [send] via NET/Libfabric/1/GDRDMA comm 0x555ff8c8b210 nRanks 16
nid005016:25501:25501 [2] NCCL INFO GPU Direct RDMA Enabled for GPU c9000 / HCA 1 (distance 6 <= 6), read 1
nid005016:25501:25586 [2] NCCL INFO New proxy send connection 18 from local rank 2, transport 2
nid005016:25501:25501 [2] NCCL INFO Connected to proxy localRank 2 -> connection 0x145fb0001c90
nid005016:25501:25501 [2] NCCL INFO Channel 09/0 : 10[c9000] -> 2[c9000] [send] via NET/Libfabric/1/GDRDMA comm 0x555ff8c8b210 nRanks 16
nid005016:25501:25501 [2] NCCL INFO GPU Direct RDMA Enabled for GPU c9000 / HCA 1 (distance 6 <= 6), read 1
nid005016:25501:25586 [2] NCCL INFO New proxy send connection 19 from local rank 2, transport 2
nid005016:25501:25501 [2] NCCL INFO Connected to proxy localRank 2 -> connection 0x145fb0001d08
nid005016:25501:25501 [2] NCCL INFO Channel 13/0 : 10[c9000] -> 2[c9000] [send] via NET/Libfabric/1/GDRDMA comm 0x555ff8c8b210 nRanks 16
nid005015:84669:84669 [0] NCCL INFO Channel 15/0 : 0[c1000] -> 6[d9000] via P2P/IPC comm 0x562e98837a90 nRanks 16
nid005015:84669:84770 [0] NCCL INFO New proxy send connection 11 from local rank 0, transport 0
nid005015:84669:84669 [0] NCCL INFO Connected to proxy localRank 0 -> connection 0x1470b4001948
nid005015:84674:84761 [4] NCCL INFO New proxy recv connection 18 from local rank 4, transport 0
nid005015:84674:84674 [4] NCCL INFO Connected to proxy localRank 4 -> connection 0x152cc4001c90
nid005015:84676:84760 [6] NCCL INFO New proxy recv connection 14 from local rank 6, transport 0
nid005015:84676:84676 [6] NCCL INFO Connected to proxy localRank 6 -> connection 0x147878001ab0
nid005016:25504:25504 [4] NCCL INFO Channel 14/0 : 12[d1000] -> 10[c9000] via P2P/IPC comm 0x55a5f2721eb0 nRanks 16
nid005016:25504:25584 [4] NCCL INFO New proxy send connection 23 from local rank 4, transport 0
nid005016:25504:25504 [4] NCCL INFO Connected to proxy localRank 4 -> connection 0x1505b4001ee8
nid005016:25500:25500 [6] NCCL INFO Channel 15/0 : 14[d9000] -> 8[c1000] via P2P/IPC comm 0x5618b7deb810 nRanks 16
nid005016:25500:25585 [6] NCCL INFO New proxy send connection 19 from local rank 6, transport 0
nid005016:25500:25500 [6] NCCL INFO Connected to proxy localRank 6 -> connection 0x14e420001d08
nid005015:84670:84670 [1] NCCL INFO Channel 00/0 : 1[c6000] -> 5[d6000] via P2P/IPC comm 0x55f1ace86af0 nRanks 16
nid005015:84670:84759 [1] NCCL INFO New proxy send connection 12 from local rank 1, transport 0
nid005015:84672:84672 [3] NCCL INFO Channel 01/0 : 3[ce000] -> 7[de000] via P2P/IPC comm 0x55a5a4c1d010 nRanks 16
nid005015:84670:84670 [1] NCCL INFO Connected to proxy localRank 1 -> connection 0x14f2f00019c0
nid005015:84672:84758 [3] NCCL INFO New proxy send connection 12 from local rank 3, transport 0
nid005015:84672:84672 [3] NCCL INFO Connected to proxy localRank 3 -> connection 0x14719c0019c0
nid005015:84674:84761 [4] NCCL INFO New proxy recv connection 19 from local rank 4, transport 0
nid005015:84674:84674 [4] NCCL INFO Connected to proxy localRank 4 -> connection 0x152cc4001d08
nid005015:84670:84670 [1] NCCL INFO Channel 04/0 : 1[c6000] -> 5[d6000] via P2P/IPC comm 0x55f1ace86af0 nRanks 16
nid005015:84670:84759 [1] NCCL INFO New proxy send connection 13 from local rank 1, transport 0
nid005015:84670:84670 [1] NCCL INFO Connected to proxy localRank 1 -> connection 0x14f2f0001a38
nid005015:84676:84760 [6] NCCL INFO New proxy recv connection 15 from local rank 6, transport 0
nid005015:84676:84676 [6] NCCL INFO Connected to proxy localRank 6 -> connection 0x147878001b28
nid005015:84672:84672 [3] NCCL INFO Channel 05/0 : 3[ce000] -> 7[de000] via P2P/IPC comm 0x55a5a4c1d010 nRanks 16
nid005015:84672:84758 [3] NCCL INFO New proxy send connection 13 from local rank 3, transport 0
nid005015:84672:84672 [3] NCCL INFO Connected to proxy localRank 3 -> connection 0x14719c001a38
nid005015:84674:84674 [4] NCCL INFO Channel 03/0 : 4[d1000] -> 2[c9000] via P2P/IPC comm 0x562b43d12c80 nRanks 16
nid005015:84674:84761 [4] NCCL INFO New proxy send connection 20 from local rank 4, transport 0
nid005015:84674:84674 [4] NCCL INFO Connected to proxy localRank 4 -> connection 0x152cc4001d80
nid005015:84670:84670 [1] NCCL INFO Channel 08/0 : 1[c6000] -> 5[d6000] via P2P/IPC comm 0x55f1ace86af0 nRanks 16
nid005015:84670:84759 [1] NCCL INFO New proxy send connection 14 from local rank 1, transport 0
nid005015:84670:84670 [1] NCCL INFO Connected to proxy localRank 1 -> connection 0x14f2f0001ab0
nid005015:84669:84669 [0] NCCL INFO GPU Direct RDMA Enabled for GPU c1000 / HCA 0 (distance 6 <= 6), read 0
nid005015:84676:84676 [6] NCCL INFO Channel 02/0 : 6[d9000] -> 0[c1000] via P2P/IPC comm 0x55b07f219f80 nRanks 16
nid005015:84676:84760 [6] NCCL INFO New proxy send connection 16 from local rank 6, transport 0
nid005015:84676:84676 [6] NCCL INFO Connected to proxy localRank 6 -> connection 0x147878001ba0
nid005015:84670:84670 [1] NCCL INFO Channel 12/0 : 1[c6000] -> 5[d6000] via P2P/IPC comm 0x55f1ace86af0 nRanks 16
nid005015:84670:84759 [1] NCCL INFO New proxy send connection 15 from local rank 1, transport 0
nid005015:84670:84670 [1] NCCL INFO Connected to proxy localRank 1 -> connection 0x14f2f0001b28
nid005015:84674:84674 [4] NCCL INFO Channel 07/0 : 4[d1000] -> 2[c9000] via P2P/IPC comm 0x562b43d12c80 nRanks 16
nid005015:84674:84761 [4] NCCL INFO New proxy send connection 21 from local rank 4, transport 0
nid005015:84674:84674 [4] NCCL INFO Connected to proxy localRank 4 -> connection 0x152cc4001df8
nid005015:84672:84672 [3] NCCL INFO Channel 09/0 : 3[ce000] -> 7[de000] via P2P/IPC comm 0x55a5a4c1d010 nRanks 16
nid005015:84672:84758 [3] NCCL INFO New proxy send connection 14 from local rank 3, transport 0
nid005015:84672:84672 [3] NCCL INFO Connected to proxy localRank 3 -> connection 0x14719c001ab0
nid005016:25503:25503 [0] NCCL INFO Channel 01/0 : 0[c1000] -> 8[c1000] [receive] via NET/Libfabric/0/GDRDMA comm 0x559b5184e290 nRanks 16
nid005016:25503:25503 [0] NCCL INFO GPU Direct RDMA Enabled for GPU c1000 / HCA 0 (distance 6 <= 6), read 0
nid005016:25503:25594 [0] NCCL INFO New proxy recv connection 13 from local rank 0, transport 2
nid005016:25503:25503 [0] NCCL INFO Connected to proxy localRank 0 -> connection 0x146990001a38
nid005016:25503:25503 [0] NCCL INFO Channel 05/0 : 0[c1000] -> 8[c1000] [receive] via NET/Libfabric/0/GDRDMA comm 0x559b5184e290 nRanks 16
nid005016:25503:25503 [0] NCCL INFO GPU Direct RDMA Enabled for GPU c1000 / HCA 0 (distance 6 <= 6), read 0
nid005016:25503:25594 [0] NCCL INFO New proxy recv connection 14 from local rank 0, transport 2
nid005016:25503:25503 [0] NCCL INFO Connected to proxy localRank 0 -> connection 0x146990001ab0
nid005016:25503:25503 [0] NCCL INFO Channel 09/0 : 0[c1000] -> 8[c1000] [receive] via NET/Libfabric/0/GDRDMA comm 0x559b5184e290 nRanks 16
nid005016:25503:25503 [0] NCCL INFO GPU Direct RDMA Enabled for GPU c1000 / HCA 0 (distance 6 <= 6), read 0
nid005016:25503:25594 [0] NCCL INFO New proxy recv connection 15 from local rank 0, transport 2
nid005015:84669:84770 [0] NCCL INFO New proxy recv connection 12 from local rank 0, transport 2
nid005016:25503:25503 [0] NCCL INFO Connected to proxy localRank 0 -> connection 0x146990001b28
nid005015:84669:84669 [0] NCCL INFO Connected to proxy localRank 0 -> connection 0x1470b40019c0
nid005016:25503:25503 [0] NCCL INFO Channel 13/0 : 0[c1000] -> 8[c1000] [receive] via NET/Libfabric/0/GDRDMA comm 0x559b5184e290 nRanks 16
nid005016:25503:25503 [0] NCCL INFO GPU Direct RDMA Enabled for GPU c1000 / HCA 0 (distance 6 <= 6), read 1
nid005016:25503:25594 [0] NCCL INFO New proxy send connection 16 from local rank 0, transport 2
nid005016:25503:25503 [0] NCCL INFO Connected to proxy localRank 0 -> connection 0x146990001ba0
nid005016:25503:25503 [0] NCCL INFO Channel 00/0 : 8[c1000] -> 0[c1000] [send] via NET/Libfabric/0/GDRDMA comm 0x559b5184e290 nRanks 16
nid005016:25503:25503 [0] NCCL INFO GPU Direct RDMA Enabled for GPU c1000 / HCA 0 (distance 6 <= 6), read 1
nid005016:25503:25594 [0] NCCL INFO New proxy send connection 17 from local rank 0, transport 2
nid005016:25503:25503 [0] NCCL INFO Connected to proxy localRank 0 -> connection 0x146990001c18
nid005016:25503:25503 [0] NCCL INFO Channel 04/0 : 8[c1000] -> 0[c1000] [send] via NET/Libfabric/0/GDRDMA comm 0x559b5184e290 nRanks 16
nid005016:25503:25503 [0] NCCL INFO GPU Direct RDMA Enabled for GPU c1000 / HCA 0 (distance 6 <= 6), read 1
nid005016:25503:25594 [0] NCCL INFO New proxy send connection 18 from local rank 0, transport 2
nid005016:25503:25503 [0] NCCL INFO Connected to proxy localRank 0 -> connection 0x146990001c90
nid005016:25503:25503 [0] NCCL INFO Channel 08/0 : 8[c1000] -> 0[c1000] [send] via NET/Libfabric/0/GDRDMA comm 0x559b5184e290 nRanks 16
nid005016:25503:25503 [0] NCCL INFO GPU Direct RDMA Enabled for GPU c1000 / HCA 0 (distance 6 <= 6), read 1
nid005016:25503:25594 [0] NCCL INFO New proxy send connection 19 from local rank 0, transport 2
nid005016:25503:25503 [0] NCCL INFO Connected to proxy localRank 0 -> connection 0x146990001d08
nid005015:84670:84759 [1] NCCL INFO New proxy recv connection 16 from local rank 1, transport 0
nid005015:84670:84670 [1] NCCL INFO Connected to proxy localRank 1 -> connection 0x14f2f0001ba0
nid005015:84673:84673 [5] NCCL INFO GPU Direct RDMA Enabled for GPU d6000 / HCA 2 (distance 6 <= 6), read 0
nid005016:25503:25503 [0] NCCL INFO Channel 12/0 : 8[c1000] -> 0[c1000] [send] via NET/Libfabric/0/GDRDMA comm 0x559b5184e290 nRanks 16
nid005015:84676:84676 [6] NCCL INFO Channel 06/0 : 6[d9000] -> 0[c1000] via P2P/IPC comm 0x55b07f219f80 nRanks 16
nid005015:84676:84760 [6] NCCL INFO New proxy send connection 17 from local rank 6, transport 0
nid005015:84676:84676 [6] NCCL INFO Connected to proxy localRank 6 -> connection 0x147878001c18
nid005015:84674:84674 [4] NCCL INFO Channel 11/0 : 4[d1000] -> 2[c9000] via P2P/IPC comm 0x562b43d12c80 nRanks 16
nid005015:84674:84761 [4] NCCL INFO New proxy send connection 22 from local rank 4, transport 0
nid005015:84674:84674 [4] NCCL INFO Connected to proxy localRank 4 -> connection 0x152cc4001e70
nid005015:84671:84671 [2] NCCL INFO Channel 01/0 : 10[c9000] -> 2[c9000] [receive] via NET/Libfabric/1/GDRDMA comm 0x55e4f5192260 nRanks 16
nid005015:84671:84671 [2] NCCL INFO GPU Direct RDMA Enabled for GPU c9000 / HCA 1 (distance 6 <= 6), read 0
nid005015:84671:84762 [2] NCCL INFO New proxy recv connection 13 from local rank 2, transport 2
nid005015:84671:84671 [2] NCCL INFO Connected to proxy localRank 2 -> connection 0x15483c001a38
nid005015:84671:84671 [2] NCCL INFO Channel 05/0 : 10[c9000] -> 2[c9000] [receive] via NET/Libfabric/1/GDRDMA comm 0x55e4f5192260 nRanks 16
nid005015:84671:84671 [2] NCCL INFO GPU Direct RDMA Enabled for GPU c9000 / HCA 1 (distance 6 <= 6), read 0
nid005015:84671:84762 [2] NCCL INFO New proxy recv connection 14 from local rank 2, transport 2
nid005015:84671:84671 [2] NCCL INFO Connected to proxy localRank 2 -> connection 0x15483c001ab0
nid005015:84670:84759 [1] NCCL INFO New proxy recv connection 17 from local rank 1, transport 0
nid005015:84670:84670 [1] NCCL INFO Connected to proxy localRank 1 -> connection 0x14f2f0001c18
nid005015:84671:84671 [2] NCCL INFO Channel 09/0 : 10[c9000] -> 2[c9000] [receive] via NET/Libfabric/1/GDRDMA comm 0x55e4f5192260 nRanks 16
nid005015:84671:84671 [2] NCCL INFO GPU Direct RDMA Enabled for GPU c9000 / HCA 1 (distance 6 <= 6), read 0
nid005015:84671:84762 [2] NCCL INFO New proxy recv connection 15 from local rank 2, transport 2
nid005015:84671:84671 [2] NCCL INFO Connected to proxy localRank 2 -> connection 0x15483c001b28
nid005015:84673:84757 [5] NCCL INFO New proxy recv connection 12 from local rank 5, transport 2
nid005015:84671:84671 [2] NCCL INFO Channel 13/0 : 10[c9000] -> 2[c9000] [receive] via NET/Libfabric/1/GDRDMA comm 0x55e4f5192260 nRanks 16
nid005015:84671:84671 [2] NCCL INFO GPU Direct RDMA Enabled for GPU c9000 / HCA 1 (distance 6 <= 6), read 1
nid005015:84671:84762 [2] NCCL INFO New proxy send connection 16 from local rank 2, transport 2
nid005015:84671:84671 [2] NCCL INFO Connected to proxy localRank 2 -> connection 0x15483c001ba0
nid005015:84673:84673 [5] NCCL INFO Connected to proxy localRank 5 -> connection 0x15246c0019c0
nid005015:84671:84671 [2] NCCL INFO Channel 00/0 : 2[c9000] -> 10[c9000] [send] via NET/Libfabric/1/GDRDMA comm 0x55e4f5192260 nRanks 16
nid005015:84671:84671 [2] NCCL INFO GPU Direct RDMA Enabled for GPU c9000 / HCA 1 (distance 6 <= 6), read 1
nid005015:84672:84672 [3] NCCL INFO Channel 13/0 : 3[ce000] -> 7[de000] via P2P/IPC comm 0x55a5a4c1d010 nRanks 16
nid005015:84672:84758 [3] NCCL INFO New proxy send connection 15 from local rank 3, transport 0
nid005015:84671:84762 [2] NCCL INFO New proxy send connection 17 from local rank 2, transport 2
nid005015:84672:84672 [3] NCCL INFO Connected to proxy localRank 3 -> connection 0x14719c001b28
nid005015:84671:84671 [2] NCCL INFO Connected to proxy localRank 2 -> connection 0x15483c001c18
nid005015:84671:84671 [2] NCCL INFO Channel 04/0 : 2[c9000] -> 10[c9000] [send] via NET/Libfabric/1/GDRDMA comm 0x55e4f5192260 nRanks 16
nid005015:84671:84671 [2] NCCL INFO GPU Direct RDMA Enabled for GPU c9000 / HCA 1 (distance 6 <= 6), read 1
nid005015:84671:84762 [2] NCCL INFO New proxy send connection 18 from local rank 2, transport 2
nid005015:84671:84671 [2] NCCL INFO Connected to proxy localRank 2 -> connection 0x15483c001c90
nid005015:84671:84671 [2] NCCL INFO Channel 08/0 : 2[c9000] -> 10[c9000] [send] via NET/Libfabric/1/GDRDMA comm 0x55e4f5192260 nRanks 16
nid005015:84671:84671 [2] NCCL INFO GPU Direct RDMA Enabled for GPU c9000 / HCA 1 (distance 6 <= 6), read 1
nid005015:84671:84762 [2] NCCL INFO New proxy send connection 19 from local rank 2, transport 2
nid005015:84671:84671 [2] NCCL INFO Connected to proxy localRank 2 -> connection 0x15483c001d08
nid005015:84671:84671 [2] NCCL INFO Channel 12/0 : 2[c9000] -> 10[c9000] [send] via NET/Libfabric/1/GDRDMA comm 0x55e4f5192260 nRanks 16
nid005015:84671:84762 [2] NCCL INFO New proxy recv connection 20 from local rank 2, transport 0
nid005015:84671:84671 [2] NCCL INFO Connected to proxy localRank 2 -> connection 0x15483c001d80
nid005016:25501:25586 [2] NCCL INFO New proxy recv connection 20 from local rank 2, transport 0
nid005016:25501:25501 [2] NCCL INFO Connected to proxy localRank 2 -> connection 0x145fb0001d80
nid005015:84674:84674 [4] NCCL INFO Channel 15/0 : 4[d1000] -> 2[c9000] via P2P/IPC comm 0x562b43d12c80 nRanks 16
nid005015:84674:84761 [4] NCCL INFO New proxy send connection 23 from local rank 4, transport 0
nid005015:84674:84674 [4] NCCL INFO Connected to proxy localRank 4 -> connection 0x152cc4001ee8
nid005015:84670:84759 [1] NCCL INFO New proxy recv connection 18 from local rank 1, transport 0
nid005015:84670:84670 [1] NCCL INFO Connected to proxy localRank 1 -> connection 0x14f2f0001c90
nid005015:84676:84676 [6] NCCL INFO Channel 10/0 : 6[d9000] -> 0[c1000] via P2P/IPC comm 0x55b07f219f80 nRanks 16
nid005015:84676:84760 [6] NCCL INFO New proxy send connection 18 from local rank 6, transport 0
nid005015:84676:84676 [6] NCCL INFO Connected to proxy localRank 6 -> connection 0x147878001c90
nid005016:25501:25586 [2] NCCL INFO New proxy recv connection 21 from local rank 2, transport 0
nid005016:25501:25501 [2] NCCL INFO Connected to proxy localRank 2 -> connection 0x145fb0001df8
nid005015:84675:84675 [7] NCCL INFO GPU Direct RDMA Enabled for GPU de000 / HCA 3 (distance 6 <= 6), read 0
nid005015:84672:84758 [3] NCCL INFO New proxy recv connection 16 from local rank 3, transport 0
nid005015:84672:84672 [3] NCCL INFO Connected to proxy localRank 3 -> connection 0x14719c001ba0
nid005015:84670:84759 [1] NCCL INFO New proxy recv connection 19 from local rank 1, transport 0
nid005015:84670:84670 [1] NCCL INFO Connected to proxy localRank 1 -> connection 0x14f2f0001d08
nid005015:84671:84762 [2] NCCL INFO New proxy recv connection 21 from local rank 2, transport 0
nid005015:84671:84671 [2] NCCL INFO Connected to proxy localRank 2 -> connection 0x15483c001df8
nid005015:84676:84676 [6] NCCL INFO Channel 14/0 : 6[d9000] -> 0[c1000] via P2P/IPC comm 0x55b07f219f80 nRanks 16
nid005015:84676:84760 [6] NCCL INFO New proxy send connection 19 from local rank 6, transport 0
nid005015:84676:84676 [6] NCCL INFO Connected to proxy localRank 6 -> connection 0x147878001d08
nid005016:25501:25586 [2] NCCL INFO New proxy recv connection 22 from local rank 2, transport 0
nid005016:25501:25501 [2] NCCL INFO Connected to proxy localRank 2 -> connection 0x145fb0001e70
nid005015:84675:84756 [7] NCCL INFO New proxy recv connection 12 from local rank 7, transport 2
nid005015:84675:84675 [7] NCCL INFO Connected to proxy localRank 7 -> connection 0x14e38c0019c0
nid005015:84671:84762 [2] NCCL INFO New proxy recv connection 22 from local rank 2, transport 0
nid005015:84671:84671 [2] NCCL INFO Connected to proxy localRank 2 -> connection 0x15483c001e70
nid005015:84672:84758 [3] NCCL INFO New proxy recv connection 17 from local rank 3, transport 0
nid005015:84672:84672 [3] NCCL INFO Connected to proxy localRank 3 -> connection 0x14719c001c18
nid005016:25501:25586 [2] NCCL INFO New proxy recv connection 23 from local rank 2, transport 0
nid005016:25501:25501 [2] NCCL INFO Connected to proxy localRank 2 -> connection 0x145fb0001ee8
nid005016:25501:25586 [2] NCCL INFO New proxy recv connection 24 from local rank 2, transport 0
nid005016:25501:25501 [2] NCCL INFO Connected to proxy localRank 2 -> connection 0x145fb0001f60
nid005015:84671:84762 [2] NCCL INFO New proxy recv connection 23 from local rank 2, transport 0
nid005015:84671:84671 [2] NCCL INFO Connected to proxy localRank 2 -> connection 0x15483c001ee8
nid005015:84672:84758 [3] NCCL INFO New proxy recv connection 18 from local rank 3, transport 0
nid005015:84672:84672 [3] NCCL INFO Connected to proxy localRank 3 -> connection 0x14719c001c90
nid005015:84669:84669 [0] NCCL INFO Channel 00/0 : 8[c1000] -> 0[c1000] [receive] via NET/Libfabric/0/GDRDMA comm 0x562e98837a90 nRanks 16
nid005015:84669:84669 [0] NCCL INFO GPU Direct RDMA Enabled for GPU c1000 / HCA 0 (distance 6 <= 6), read 0
nid005015:84669:84770 [0] NCCL INFO New proxy recv connection 13 from local rank 0, transport 2
nid005015:84669:84669 [0] NCCL INFO Connected to proxy localRank 0 -> connection 0x1470b4001a38
nid005015:84669:84669 [0] NCCL INFO Channel 04/0 : 8[c1000] -> 0[c1000] [receive] via NET/Libfabric/0/GDRDMA comm 0x562e98837a90 nRanks 16
nid005015:84669:84669 [0] NCCL INFO GPU Direct RDMA Enabled for GPU c1000 / HCA 0 (distance 6 <= 6), read 0
nid005015:84669:84770 [0] NCCL INFO New proxy recv connection 14 from local rank 0, transport 2
nid005015:84669:84669 [0] NCCL INFO Connected to proxy localRank 0 -> connection 0x1470b4001ab0
nid005015:84669:84669 [0] NCCL INFO Channel 08/0 : 8[c1000] -> 0[c1000] [receive] via NET/Libfabric/0/GDRDMA comm 0x562e98837a90 nRanks 16
nid005015:84669:84669 [0] NCCL INFO GPU Direct RDMA Enabled for GPU c1000 / HCA 0 (distance 6 <= 6), read 0
nid005015:84669:84770 [0] NCCL INFO New proxy recv connection 15 from local rank 0, transport 2
nid005015:84669:84669 [0] NCCL INFO Connected to proxy localRank 0 -> connection 0x1470b4001b28
nid005015:84669:84669 [0] NCCL INFO Channel 12/0 : 8[c1000] -> 0[c1000] [receive] via NET/Libfabric/0/GDRDMA comm 0x562e98837a90 nRanks 16
nid005015:84669:84669 [0] NCCL INFO GPU Direct RDMA Enabled for GPU c1000 / HCA 0 (distance 6 <= 6), read 1
nid005015:84669:84770 [0] NCCL INFO New proxy send connection 16 from local rank 0, transport 2
nid005015:84669:84669 [0] NCCL INFO Connected to proxy localRank 0 -> connection 0x1470b4001ba0
nid005015:84669:84669 [0] NCCL INFO Channel 01/0 : 0[c1000] -> 8[c1000] [send] via NET/Libfabric/0/GDRDMA comm 0x562e98837a90 nRanks 16
nid005015:84669:84669 [0] NCCL INFO GPU Direct RDMA Enabled for GPU c1000 / HCA 0 (distance 6 <= 6), read 1
nid005015:84669:84770 [0] NCCL INFO New proxy send connection 17 from local rank 0, transport 2
nid005015:84669:84669 [0] NCCL INFO Connected to proxy localRank 0 -> connection 0x1470b4001c18
nid005015:84669:84669 [0] NCCL INFO Channel 05/0 : 0[c1000] -> 8[c1000] [send] via NET/Libfabric/0/GDRDMA comm 0x562e98837a90 nRanks 16
nid005015:84669:84669 [0] NCCL INFO GPU Direct RDMA Enabled for GPU c1000 / HCA 0 (distance 6 <= 6), read 1
nid005015:84669:84770 [0] NCCL INFO New proxy send connection 18 from local rank 0, transport 2
nid005015:84669:84669 [0] NCCL INFO Connected to proxy localRank 0 -> connection 0x1470b4001c90
nid005015:84669:84669 [0] NCCL INFO Channel 09/0 : 0[c1000] -> 8[c1000] [send] via NET/Libfabric/0/GDRDMA comm 0x562e98837a90 nRanks 16
nid005015:84669:84669 [0] NCCL INFO GPU Direct RDMA Enabled for GPU c1000 / HCA 0 (distance 6 <= 6), read 1
nid005015:84669:84770 [0] NCCL INFO New proxy send connection 19 from local rank 0, transport 2
nid005015:84669:84669 [0] NCCL INFO Connected to proxy localRank 0 -> connection 0x1470b4001d08
nid005015:84669:84669 [0] NCCL INFO Channel 13/0 : 0[c1000] -> 8[c1000] [send] via NET/Libfabric/0/GDRDMA comm 0x562e98837a90 nRanks 16
nid005015:84669:84770 [0] NCCL INFO New proxy recv connection 20 from local rank 0, transport 0
nid005015:84669:84669 [0] NCCL INFO Connected to proxy localRank 0 -> connection 0x1470b4001d80
nid005016:25501:25586 [2] NCCL INFO New proxy recv connection 25 from local rank 2, transport 0
nid005016:25503:25594 [0] NCCL INFO New proxy recv connection 20 from local rank 0, transport 0
nid005016:25501:25501 [2] NCCL INFO Connected to proxy localRank 2 -> connection 0x145fb0001fd8
nid005016:25503:25503 [0] NCCL INFO Connected to proxy localRank 0 -> connection 0x146990001d80
nid005015:84673:84673 [5] NCCL INFO Channel 03/0 : 13[d6000] -> 5[d6000] [receive] via NET/Libfabric/2/GDRDMA comm 0x555582a5c6a0 nRanks 16
nid005015:84673:84673 [5] NCCL INFO GPU Direct RDMA Enabled for GPU d6000 / HCA 2 (distance 6 <= 6), read 0
nid005015:84671:84762 [2] NCCL INFO New proxy recv connection 24 from local rank 2, transport 0
nid005015:84671:84671 [2] NCCL INFO Connected to proxy localRank 2 -> connection 0x15483c001f60
nid005015:84673:84757 [5] NCCL INFO New proxy recv connection 13 from local rank 5, transport 2
nid005015:84673:84673 [5] NCCL INFO Connected to proxy localRank 5 -> connection 0x15246c001a38
nid005015:84673:84673 [5] NCCL INFO Channel 07/0 : 13[d6000] -> 5[d6000] [receive] via NET/Libfabric/2/GDRDMA comm 0x555582a5c6a0 nRanks 16
nid005015:84673:84673 [5] NCCL INFO GPU Direct RDMA Enabled for GPU d6000 / HCA 2 (distance 6 <= 6), read 0
nid005015:84673:84757 [5] NCCL INFO New proxy recv connection 14 from local rank 5, transport 2
nid005015:84673:84673 [5] NCCL INFO Connected to proxy localRank 5 -> connection 0x15246c001ab0
nid005015:84673:84673 [5] NCCL INFO Channel 11/0 : 13[d6000] -> 5[d6000] [receive] via NET/Libfabric/2/GDRDMA comm 0x555582a5c6a0 nRanks 16
nid005015:84673:84673 [5] NCCL INFO GPU Direct RDMA Enabled for GPU d6000 / HCA 2 (distance 6 <= 6), read 0
nid005015:84673:84757 [5] NCCL INFO New proxy recv connection 15 from local rank 5, transport 2
nid005015:84673:84673 [5] NCCL INFO Connected to proxy localRank 5 -> connection 0x15246c001b28
nid005015:84673:84673 [5] NCCL INFO Channel 15/0 : 13[d6000] -> 5[d6000] [receive] via NET/Libfabric/2/GDRDMA comm 0x555582a5c6a0 nRanks 16
nid005015:84673:84673 [5] NCCL INFO GPU Direct RDMA Enabled for GPU d6000 / HCA 2 (distance 6 <= 6), read 1
nid005015:84672:84758 [3] NCCL INFO New proxy recv connection 19 from local rank 3, transport 0
nid005015:84672:84672 [3] NCCL INFO Connected to proxy localRank 3 -> connection 0x14719c001d08
nid005015:84673:84757 [5] NCCL INFO New proxy send connection 16 from local rank 5, transport 2
nid005015:84673:84673 [5] NCCL INFO Connected to proxy localRank 5 -> connection 0x15246c001ba0
nid005015:84673:84673 [5] NCCL INFO Channel 02/0 : 5[d6000] -> 13[d6000] [send] via NET/Libfabric/2/GDRDMA comm 0x555582a5c6a0 nRanks 16
nid005015:84673:84673 [5] NCCL INFO GPU Direct RDMA Enabled for GPU d6000 / HCA 2 (distance 6 <= 6), read 1
nid005015:84673:84757 [5] NCCL INFO New proxy send connection 17 from local rank 5, transport 2
nid005015:84673:84673 [5] NCCL INFO Connected to proxy localRank 5 -> connection 0x15246c001c18
nid005015:84673:84673 [5] NCCL INFO Channel 06/0 : 5[d6000] -> 13[d6000] [send] via NET/Libfabric/2/GDRDMA comm 0x555582a5c6a0 nRanks 16
nid005015:84673:84673 [5] NCCL INFO GPU Direct RDMA Enabled for GPU d6000 / HCA 2 (distance 6 <= 6), read 1
nid005015:84673:84757 [5] NCCL INFO New proxy send connection 18 from local rank 5, transport 2
nid005015:84673:84673 [5] NCCL INFO Connected to proxy localRank 5 -> connection 0x15246c001c90
nid005015:84673:84673 [5] NCCL INFO Channel 10/0 : 5[d6000] -> 13[d6000] [send] via NET/Libfabric/2/GDRDMA comm 0x555582a5c6a0 nRanks 16
nid005015:84673:84673 [5] NCCL INFO GPU Direct RDMA Enabled for GPU d6000 / HCA 2 (distance 6 <= 6), read 1
nid005016:25501:25586 [2] NCCL INFO New proxy recv connection 26 from local rank 2, transport 0
nid005015:84673:84757 [5] NCCL INFO New proxy send connection 19 from local rank 5, transport 2
nid005015:84673:84673 [5] NCCL INFO Connected to proxy localRank 5 -> connection 0x15246c001d08
nid005015:84673:84673 [5] NCCL INFO Channel 14/0 : 5[d6000] -> 13[d6000] [send] via NET/Libfabric/2/GDRDMA comm 0x555582a5c6a0 nRanks 16
nid005016:25501:25501 [2] NCCL INFO Connected to proxy localRank 2 -> connection 0x145fb0002050
nid005015:84673:84673 [5] NCCL INFO Channel 01/0 : 5[d6000] -> 1[c6000] via P2P/IPC comm 0x555582a5c6a0 nRanks 16
nid005015:84673:84757 [5] NCCL INFO New proxy send connection 20 from local rank 5, transport 0
nid005015:84673:84673 [5] NCCL INFO Connected to proxy localRank 5 -> connection 0x15246c001d80
nid005016:25506:25506 [5] NCCL INFO Channel 00/0 : 13[d6000] -> 9[c6000] via P2P/IPC comm 0x564eceac2fa0 nRanks 16
nid005016:25506:25582 [5] NCCL INFO New proxy send connection 20 from local rank 5, transport 0
nid005016:25506:25506 [5] NCCL INFO Connected to proxy localRank 5 -> connection 0x14d034001d80
nid005015:84669:84770 [0] NCCL INFO New proxy recv connection 21 from local rank 0, transport 0
nid005015:84669:84669 [0] NCCL INFO Connected to proxy localRank 0 -> connection 0x1470b4001df8
nid005016:25503:25594 [0] NCCL INFO New proxy recv connection 21 from local rank 0, transport 0
nid005016:25503:25503 [0] NCCL INFO Connected to proxy localRank 0 -> connection 0x146990001df8
nid005016:25501:25586 [2] NCCL INFO New proxy recv connection 27 from local rank 2, transport 0
nid005016:25501:25501 [2] NCCL INFO Connected to proxy localRank 2 -> connection 0x145fb00020c8
nid005015:84671:84762 [2] NCCL INFO New proxy recv connection 25 from local rank 2, transport 0
nid005015:84671:84671 [2] NCCL INFO Connected to proxy localRank 2 -> connection 0x15483c001fd8
nid005016:25506:25506 [5] NCCL INFO Channel 04/0 : 13[d6000] -> 9[c6000] via P2P/IPC comm 0x564eceac2fa0 nRanks 16
nid005016:25506:25582 [5] NCCL INFO New proxy send connection 21 from local rank 5, transport 0
nid005016:25506:25506 [5] NCCL INFO Connected to proxy localRank 5 -> connection 0x14d034001df8
nid005015:84673:84673 [5] NCCL INFO Channel 05/0 : 5[d6000] -> 1[c6000] via P2P/IPC comm 0x555582a5c6a0 nRanks 16
nid005015:84673:84757 [5] NCCL INFO New proxy send connection 21 from local rank 5, transport 0
nid005015:84673:84673 [5] NCCL INFO Connected to proxy localRank 5 -> connection 0x15246c001df8
nid005015:84669:84770 [0] NCCL INFO New proxy recv connection 22 from local rank 0, transport 0
nid005015:84669:84669 [0] NCCL INFO Connected to proxy localRank 0 -> connection 0x1470b4001e70
nid005016:25503:25594 [0] NCCL INFO New proxy recv connection 22 from local rank 0, transport 0
nid005016:25503:25503 [0] NCCL INFO Connected to proxy localRank 0 -> connection 0x146990001e70
nid005016:25501:25586 [2] NCCL INFO New proxy recv connection 28 from local rank 2, transport 0
nid005016:25501:25501 [2] NCCL INFO Connected to proxy localRank 2 -> connection 0x145fb0002140
nid005016:25506:25506 [5] NCCL INFO Channel 08/0 : 13[d6000] -> 9[c6000] via P2P/IPC comm 0x564eceac2fa0 nRanks 16
nid005016:25506:25582 [5] NCCL INFO New proxy send connection 22 from local rank 5, transport 0
nid005016:25506:25506 [5] NCCL INFO Connected to proxy localRank 5 -> connection 0x14d034001e70
nid005015:84673:84673 [5] NCCL INFO Channel 09/0 : 5[d6000] -> 1[c6000] via P2P/IPC comm 0x555582a5c6a0 nRanks 16
nid005015:84673:84757 [5] NCCL INFO New proxy send connection 22 from local rank 5, transport 0
nid005015:84673:84673 [5] NCCL INFO Connected to proxy localRank 5 -> connection 0x15246c001e70
nid005015:84675:84675 [7] NCCL INFO Channel 02/0 : 15[de000] -> 7[de000] [receive] via NET/Libfabric/3/GDRDMA comm 0x56153de37f20 nRanks 16
nid005015:84675:84675 [7] NCCL INFO GPU Direct RDMA Enabled for GPU de000 / HCA 3 (distance 6 <= 6), read 0
nid005015:84675:84756 [7] NCCL INFO New proxy recv connection 13 from local rank 7, transport 2
nid005015:84675:84675 [7] NCCL INFO Connected to proxy localRank 7 -> connection 0x14e38c001a38
nid005015:84675:84675 [7] NCCL INFO Channel 06/0 : 15[de000] -> 7[de000] [receive] via NET/Libfabric/3/GDRDMA comm 0x56153de37f20 nRanks 16
nid005015:84675:84675 [7] NCCL INFO GPU Direct RDMA Enabled for GPU de000 / HCA 3 (distance 6 <= 6), read 0
nid005015:84671:84762 [2] NCCL INFO New proxy recv connection 26 from local rank 2, transport 0
nid005015:84675:84756 [7] NCCL INFO New proxy recv connection 14 from local rank 7, transport 2
nid005015:84675:84675 [7] NCCL INFO Connected to proxy localRank 7 -> connection 0x14e38c001ab0
nid005015:84671:84671 [2] NCCL INFO Connected to proxy localRank 2 -> connection 0x15483c002050
nid005015:84675:84675 [7] NCCL INFO Channel 10/0 : 15[de000] -> 7[de000] [receive] via NET/Libfabric/3/GDRDMA comm 0x56153de37f20 nRanks 16
nid005015:84675:84675 [7] NCCL INFO GPU Direct RDMA Enabled for GPU de000 / HCA 3 (distance 6 <= 6), read 0
nid005015:84675:84756 [7] NCCL INFO New proxy recv connection 15 from local rank 7, transport 2
nid005015:84675:84675 [7] NCCL INFO Connected to proxy localRank 7 -> connection 0x14e38c001b28
nid005015:84675:84675 [7] NCCL INFO Channel 14/0 : 15[de000] -> 7[de000] [receive] via NET/Libfabric/3/GDRDMA comm 0x56153de37f20 nRanks 16
nid005015:84675:84675 [7] NCCL INFO GPU Direct RDMA Enabled for GPU de000 / HCA 3 (distance 6 <= 6), read 1
nid005015:84675:84756 [7] NCCL INFO New proxy send connection 16 from local rank 7, transport 2
nid005015:84675:84675 [7] NCCL INFO Connected to proxy localRank 7 -> connection 0x14e38c001ba0
nid005015:84675:84675 [7] NCCL INFO Channel 03/0 : 7[de000] -> 15[de000] [send] via NET/Libfabric/3/GDRDMA comm 0x56153de37f20 nRanks 16
nid005015:84675:84675 [7] NCCL INFO GPU Direct RDMA Enabled for GPU de000 / HCA 3 (distance 6 <= 6), read 1
nid005015:84675:84756 [7] NCCL INFO New proxy send connection 17 from local rank 7, transport 2
nid005015:84675:84675 [7] NCCL INFO Connected to proxy localRank 7 -> connection 0x14e38c001c18
nid005015:84675:84675 [7] NCCL INFO Channel 07/0 : 7[de000] -> 15[de000] [send] via NET/Libfabric/3/GDRDMA comm 0x56153de37f20 nRanks 16
nid005015:84675:84675 [7] NCCL INFO GPU Direct RDMA Enabled for GPU de000 / HCA 3 (distance 6 <= 6), read 1
nid005015:84675:84756 [7] NCCL INFO New proxy send connection 18 from local rank 7, transport 2
nid005015:84675:84675 [7] NCCL INFO Connected to proxy localRank 7 -> connection 0x14e38c001c90
nid005015:84675:84675 [7] NCCL INFO Channel 11/0 : 7[de000] -> 15[de000] [send] via NET/Libfabric/3/GDRDMA comm 0x56153de37f20 nRanks 16
nid005015:84675:84675 [7] NCCL INFO GPU Direct RDMA Enabled for GPU de000 / HCA 3 (distance 6 <= 6), read 1
nid005015:84675:84756 [7] NCCL INFO New proxy send connection 19 from local rank 7, transport 2
nid005015:84675:84675 [7] NCCL INFO Connected to proxy localRank 7 -> connection 0x14e38c001d08
nid005015:84675:84675 [7] NCCL INFO Channel 15/0 : 7[de000] -> 15[de000] [send] via NET/Libfabric/3/GDRDMA comm 0x56153de37f20 nRanks 16
nid005015:84675:84675 [7] NCCL INFO Channel 00/0 : 7[de000] -> 3[ce000] via P2P/IPC comm 0x56153de37f20 nRanks 16
nid005015:84675:84756 [7] NCCL INFO New proxy send connection 20 from local rank 7, transport 0
nid005015:84675:84675 [7] NCCL INFO Connected to proxy localRank 7 -> connection 0x14e38c001d80
nid005016:25507:25507 [7] NCCL INFO Channel 01/0 : 15[de000] -> 11[ce000] via P2P/IPC comm 0x55de98e1b2f0 nRanks 16
nid005016:25507:25581 [7] NCCL INFO New proxy send connection 20 from local rank 7, transport 0
nid005016:25507:25507 [7] NCCL INFO Connected to proxy localRank 7 -> connection 0x152014001d80
nid005016:25503:25594 [0] NCCL INFO New proxy recv connection 23 from local rank 0, transport 0
nid005016:25503:25503 [0] NCCL INFO Connected to proxy localRank 0 -> connection 0x146990001ee8
nid005015:84669:84770 [0] NCCL INFO New proxy recv connection 23 from local rank 0, transport 0
nid005015:84669:84669 [0] NCCL INFO Connected to proxy localRank 0 -> connection 0x1470b4001ee8
nid005016:25506:25506 [5] NCCL INFO Channel 12/0 : 13[d6000] -> 9[c6000] via P2P/IPC comm 0x564eceac2fa0 nRanks 16
nid005016:25506:25582 [5] NCCL INFO New proxy send connection 23 from local rank 5, transport 0
nid005016:25506:25506 [5] NCCL INFO Connected to proxy localRank 5 -> connection 0x14d034001ee8
nid005016:25501:25586 [2] NCCL INFO New proxy recv connection 29 from local rank 2, transport 0
nid005016:25501:25501 [2] NCCL INFO Connected to proxy localRank 2 -> connection 0x145fb00021b8
nid005015:84673:84673 [5] NCCL INFO Channel 13/0 : 5[d6000] -> 1[c6000] via P2P/IPC comm 0x555582a5c6a0 nRanks 16
nid005015:84673:84757 [5] NCCL INFO New proxy send connection 23 from local rank 5, transport 0
nid005015:84673:84673 [5] NCCL INFO Connected to proxy localRank 5 -> connection 0x15246c001ee8
nid005015:84671:84762 [2] NCCL INFO New proxy recv connection 27 from local rank 2, transport 0
nid005015:84671:84671 [2] NCCL INFO Connected to proxy localRank 2 -> connection 0x15483c0020c8
nid005016:25506:25506 [5] NCCL INFO Channel 01/0 : 13[d6000] -> 12[d1000] via P2P/IPC comm 0x564eceac2fa0 nRanks 16
nid005016:25506:25582 [5] NCCL INFO New proxy send connection 24 from local rank 5, transport 0
nid005016:25502:25593 [1] NCCL INFO New proxy recv connection 20 from local rank 1, transport 0
nid005016:25506:25506 [5] NCCL INFO Connected to proxy localRank 5 -> connection 0x14d034001f60
nid005016:25502:25502 [1] NCCL INFO Connected to proxy localRank 1 -> connection 0x145f6c001d80
nid005016:25507:25507 [7] NCCL INFO Channel 05/0 : 15[de000] -> 11[ce000] via P2P/IPC comm 0x55de98e1b2f0 nRanks 16
nid005016:25507:25581 [7] NCCL INFO New proxy send connection 21 from local rank 7, transport 0
nid005016:25507:25507 [7] NCCL INFO Connected to proxy localRank 7 -> connection 0x152014001df8
nid005016:25501:25586 [2] NCCL INFO New proxy recv connection 30 from local rank 2, transport 0
nid005016:25501:25501 [2] NCCL INFO Connected to proxy localRank 2 -> connection 0x145fb0002230
nid005016:25500:25500 [6] NCCL INFO Channel 00/0 : 14[d9000] -> 12[d1000] via P2P/IPC comm 0x5618b7deb810 nRanks 16
nid005016:25500:25585 [6] NCCL INFO New proxy send connection 20 from local rank 6, transport 0
nid005015:84675:84675 [7] NCCL INFO Channel 04/0 : 7[de000] -> 3[ce000] via P2P/IPC comm 0x56153de37f20 nRanks 16
nid005015:84675:84756 [7] NCCL INFO New proxy send connection 21 from local rank 7, transport 0
nid005015:84675:84675 [7] NCCL INFO Connected to proxy localRank 7 -> connection 0x14e38c001df8
nid005016:25503:25594 [0] NCCL INFO New proxy recv connection 24 from local rank 0, transport 0
nid005016:25503:25503 [0] NCCL INFO Connected to proxy localRank 0 -> connection 0x146990001f60
nid005016:25500:25500 [6] NCCL INFO Connected to proxy localRank 6 -> connection 0x14e420001d80
nid005015:84676:84676 [6] NCCL INFO Channel 01/0 : 6[d9000] -> 4[d1000] via P2P/IPC comm 0x55b07f219f80 nRanks 16
nid005015:84676:84760 [6] NCCL INFO New proxy send connection 20 from local rank 6, transport 0
nid005015:84676:84676 [6] NCCL INFO Connected to proxy localRank 6 -> connection 0x147878001d80
nid005015:84669:84770 [0] NCCL INFO New proxy recv connection 24 from local rank 0, transport 0
nid005015:84669:84669 [0] NCCL INFO Connected to proxy localRank 0 -> connection 0x1470b4001f60
nid005015:84673:84673 [5] NCCL INFO Channel 00/0 : 5[d6000] -> 4[d1000] via P2P/IPC comm 0x555582a5c6a0 nRanks 16
nid005015:84673:84757 [5] NCCL INFO New proxy send connection 24 from local rank 5, transport 0
nid005015:84670:84759 [1] NCCL INFO New proxy recv connection 20 from local rank 1, transport 0
nid005015:84670:84670 [1] NCCL INFO Connected to proxy localRank 1 -> connection 0x14f2f0001d80
nid005015:84673:84673 [5] NCCL INFO Connected to proxy localRank 5 -> connection 0x15246c001f60
nid005016:25506:25506 [5] NCCL INFO Channel 02/0 : 13[d6000] -> 12[d1000] via P2P/IPC comm 0x564eceac2fa0 nRanks 16
nid005016:25506:25582 [5] NCCL INFO New proxy send connection 25 from local rank 5, transport 0
nid005016:25506:25506 [5] NCCL INFO Connected to proxy localRank 5 -> connection 0x14d034001fd8
nid005016:25507:25507 [7] NCCL INFO Channel 09/0 : 15[de000] -> 11[ce000] via P2P/IPC comm 0x55de98e1b2f0 nRanks 16
nid005016:25507:25581 [7] NCCL INFO New proxy send connection 22 from local rank 7, transport 0
nid005016:25507:25507 [7] NCCL INFO Connected to proxy localRank 7 -> connection 0x152014001e70
nid005015:84671:84762 [2] NCCL INFO New proxy recv connection 28 from local rank 2, transport 0
nid005015:84671:84671 [2] NCCL INFO Connected to proxy localRank 2 -> connection 0x15483c002140
nid005016:25501:25586 [2] NCCL INFO New proxy recv connection 31 from local rank 2, transport 0
nid005016:25501:25501 [2] NCCL INFO Connected to proxy localRank 2 -> connection 0x145fb00022a8
nid005016:25502:25593 [1] NCCL INFO New proxy recv connection 21 from local rank 1, transport 0
nid005016:25502:25502 [1] NCCL INFO Connected to proxy localRank 1 -> connection 0x145f6c001df8
nid005016:25503:25594 [0] NCCL INFO New proxy recv connection 25 from local rank 0, transport 0
nid005016:25503:25503 [0] NCCL INFO Connected to proxy localRank 0 -> connection 0x146990001fd8
nid005016:25500:25500 [6] NCCL INFO Channel 04/0 : 14[d9000] -> 12[d1000] via P2P/IPC comm 0x5618b7deb810 nRanks 16
nid005016:25500:25585 [6] NCCL INFO New proxy send connection 21 from local rank 6, transport 0
nid005016:25500:25500 [6] NCCL INFO Connected to proxy localRank 6 -> connection 0x14e420001df8
nid005015:84670:84759 [1] NCCL INFO New proxy recv connection 21 from local rank 1, transport 0
nid005015:84670:84670 [1] NCCL INFO Connected to proxy localRank 1 -> connection 0x14f2f0001df8
nid005015:84675:84675 [7] NCCL INFO Channel 08/0 : 7[de000] -> 3[ce000] via P2P/IPC comm 0x56153de37f20 nRanks 16
nid005015:84675:84756 [7] NCCL INFO New proxy send connection 22 from local rank 7, transport 0
nid005015:84675:84675 [7] NCCL INFO Connected to proxy localRank 7 -> connection 0x14e38c001e70
nid005015:84673:84673 [5] NCCL INFO Channel 03/0 : 5[d6000] -> 4[d1000] via P2P/IPC comm 0x555582a5c6a0 nRanks 16
nid005015:84673:84757 [5] NCCL INFO New proxy send connection 25 from local rank 5, transport 0
nid005015:84673:84673 [5] NCCL INFO Connected to proxy localRank 5 -> connection 0x15246c001fd8
nid005016:25506:25506 [5] NCCL INFO Channel 05/0 : 13[d6000] -> 12[d1000] via P2P/IPC comm 0x564eceac2fa0 nRanks 16
nid005015:84669:84770 [0] NCCL INFO New proxy recv connection 25 from local rank 0, transport 0
nid005015:84669:84669 [0] NCCL INFO Connected to proxy localRank 0 -> connection 0x1470b4001fd8
nid005016:25506:25582 [5] NCCL INFO New proxy send connection 26 from local rank 5, transport 0
nid005016:25506:25506 [5] NCCL INFO Connected to proxy localRank 5 -> connection 0x14d034002050
nid005015:84676:84676 [6] NCCL INFO Channel 05/0 : 6[d9000] -> 4[d1000] via P2P/IPC comm 0x55b07f219f80 nRanks 16
nid005015:84676:84760 [6] NCCL INFO New proxy send connection 21 from local rank 6, transport 0
nid005015:84676:84676 [6] NCCL INFO Connected to proxy localRank 6 -> connection 0x147878001df8
nid005016:25507:25507 [7] NCCL INFO Channel 13/0 : 15[de000] -> 11[ce000] via P2P/IPC comm 0x55de98e1b2f0 nRanks 16
nid005016:25507:25581 [7] NCCL INFO New proxy send connection 23 from local rank 7, transport 0
nid005016:25507:25507 [7] NCCL INFO Connected to proxy localRank 7 -> connection 0x152014001ee8
nid005016:25506:25506 [5] NCCL INFO Channel 06/0 : 13[d6000] -> 12[d1000] via P2P/IPC comm 0x564eceac2fa0 nRanks 16
nid005016:25506:25582 [5] NCCL INFO New proxy send connection 27 from local rank 5, transport 0
nid005016:25506:25506 [5] NCCL INFO Connected to proxy localRank 5 -> connection 0x14d0340020c8
nid005015:84670:84759 [1] NCCL INFO New proxy recv connection 22 from local rank 1, transport 0
nid005015:84670:84670 [1] NCCL INFO Connected to proxy localRank 1 -> connection 0x14f2f0001e70
nid005015:84671:84762 [2] NCCL INFO New proxy recv connection 29 from local rank 2, transport 0
nid005015:84671:84671 [2] NCCL INFO Connected to proxy localRank 2 -> connection 0x15483c0021b8
nid005015:84673:84673 [5] NCCL INFO Channel 04/0 : 5[d6000] -> 4[d1000] via P2P/IPC comm 0x555582a5c6a0 nRanks 16
nid005015:84673:84757 [5] NCCL INFO New proxy send connection 26 from local rank 5, transport 0
nid005015:84673:84673 [5] NCCL INFO Connected to proxy localRank 5 -> connection 0x15246c002050
nid005016:25500:25500 [6] NCCL INFO Channel 08/0 : 14[d9000] -> 12[d1000] via P2P/IPC comm 0x5618b7deb810 nRanks 16
nid005016:25502:25593 [1] NCCL INFO New proxy recv connection 22 from local rank 1, transport 0
nid005016:25500:25585 [6] NCCL INFO New proxy send connection 22 from local rank 6, transport 0
nid005016:25502:25502 [1] NCCL INFO Connected to proxy localRank 1 -> connection 0x145f6c001e70
nid005016:25500:25500 [6] NCCL INFO Connected to proxy localRank 6 -> connection 0x14e420001e70
nid005016:25503:25594 [0] NCCL INFO New proxy recv connection 26 from local rank 0, transport 0
nid005016:25503:25503 [0] NCCL INFO Connected to proxy localRank 0 -> connection 0x146990002050
nid005015:84669:84770 [0] NCCL INFO New proxy recv connection 26 from local rank 0, transport 0
nid005015:84669:84669 [0] NCCL INFO Connected to proxy localRank 0 -> connection 0x1470b4002050
nid005015:84675:84675 [7] NCCL INFO Channel 12/0 : 7[de000] -> 3[ce000] via P2P/IPC comm 0x56153de37f20 nRanks 16
nid005015:84675:84756 [7] NCCL INFO New proxy send connection 23 from local rank 7, transport 0
nid005015:84675:84675 [7] NCCL INFO Connected to proxy localRank 7 -> connection 0x14e38c001ee8
nid005016:25505:25505 [3] NCCL INFO Channel 02/0 : 11[ce000] -> 9[c6000] via P2P/IPC comm 0x561abc4c3f60 nRanks 16
nid005016:25507:25507 [7] NCCL INFO Channel 00/0 : 15[de000] -> 14[d9000] via P2P/IPC comm 0x55de98e1b2f0 nRanks 16
nid005016:25507:25581 [7] NCCL INFO New proxy send connection 24 from local rank 7, transport 0
nid005016:25507:25507 [7] NCCL INFO Connected to proxy localRank 7 -> connection 0x152014001f60
nid005016:25505:25583 [3] NCCL INFO New proxy send connection 20 from local rank 3, transport 0
nid005016:25505:25505 [3] NCCL INFO Connected to proxy localRank 3 -> connection 0x146b80001d80
nid005015:84676:84676 [6] NCCL INFO Channel 09/0 : 6[d9000] -> 4[d1000] via P2P/IPC comm 0x55b07f219f80 nRanks 16
nid005015:84676:84760 [6] NCCL INFO New proxy send connection 22 from local rank 6, transport 0
nid005015:84676:84676 [6] NCCL INFO Connected to proxy localRank 6 -> connection 0x147878001e70
nid005016:25506:25506 [5] NCCL INFO Channel 09/0 : 13[d6000] -> 12[d1000] via P2P/IPC comm 0x564eceac2fa0 nRanks 16
nid005016:25506:25582 [5] NCCL INFO New proxy send connection 28 from local rank 5, transport 0
nid005016:25506:25506 [5] NCCL INFO Connected to proxy localRank 5 -> connection 0x14d034002140
nid005015:84670:84759 [1] NCCL INFO New proxy recv connection 23 from local rank 1, transport 0
nid005015:84670:84670 [1] NCCL INFO Connected to proxy localRank 1 -> connection 0x14f2f0001ee8
nid005015:84673:84673 [5] NCCL INFO Channel 07/0 : 5[d6000] -> 4[d1000] via P2P/IPC comm 0x555582a5c6a0 nRanks 16
nid005015:84673:84757 [5] NCCL INFO New proxy send connection 27 from local rank 5, transport 0
nid005015:84673:84673 [5] NCCL INFO Connected to proxy localRank 5 -> connection 0x15246c0020c8
nid005016:25500:25500 [6] NCCL INFO Channel 12/0 : 14[d9000] -> 12[d1000] via P2P/IPC comm 0x5618b7deb810 nRanks 16
nid005016:25500:25585 [6] NCCL INFO New proxy send connection 23 from local rank 6, transport 0
nid005016:25500:25500 [6] NCCL INFO Connected to proxy localRank 6 -> connection 0x14e420001ee8
nid005015:84671:84762 [2] NCCL INFO New proxy recv connection 30 from local rank 2, transport 0
nid005015:84671:84671 [2] NCCL INFO Connected to proxy localRank 2 -> connection 0x15483c002230
nid005016:25503:25594 [0] NCCL INFO New proxy recv connection 27 from local rank 0, transport 0
nid005016:25503:25503 [0] NCCL INFO Connected to proxy localRank 0 -> connection 0x1469900020c8
nid005016:25502:25593 [1] NCCL INFO New proxy recv connection 23 from local rank 1, transport 0
nid005016:25502:25502 [1] NCCL INFO Connected to proxy localRank 1 -> connection 0x145f6c001ee8
nid005016:25507:25507 [7] NCCL INFO Channel 03/0 : 15[de000] -> 14[d9000] via P2P/IPC comm 0x55de98e1b2f0 nRanks 16
nid005016:25507:25581 [7] NCCL INFO New proxy send connection 25 from local rank 7, transport 0
nid005016:25507:25507 [7] NCCL INFO Connected to proxy localRank 7 -> connection 0x152014001fd8
nid005016:25506:25506 [5] NCCL INFO Channel 10/0 : 13[d6000] -> 12[d1000] via P2P/IPC comm 0x564eceac2fa0 nRanks 16
nid005015:84669:84770 [0] NCCL INFO New proxy recv connection 27 from local rank 0, transport 0
nid005015:84669:84669 [0] NCCL INFO Connected to proxy localRank 0 -> connection 0x1470b40020c8
nid005016:25506:25582 [5] NCCL INFO New proxy send connection 29 from local rank 5, transport 0
nid005016:25506:25506 [5] NCCL INFO Connected to proxy localRank 5 -> connection 0x14d0340021b8
nid005015:84672:84672 [3] NCCL INFO Channel 03/0 : 3[ce000] -> 1[c6000] via P2P/IPC comm 0x55a5a4c1d010 nRanks 16
nid005015:84675:84675 [7] NCCL INFO Channel 01/0 : 7[de000] -> 6[d9000] via P2P/IPC comm 0x56153de37f20 nRanks 16
nid005015:84675:84756 [7] NCCL INFO New proxy send connection 24 from local rank 7, transport 0
nid005015:84675:84675 [7] NCCL INFO Connected to proxy localRank 7 -> connection 0x14e38c001f60
nid005015:84672:84758 [3] NCCL INFO New proxy send connection 20 from local rank 3, transport 0
nid005015:84672:84672 [3] NCCL INFO Connected to proxy localRank 3 -> connection 0x14719c001d80
nid005016:25505:25505 [3] NCCL INFO Channel 06/0 : 11[ce000] -> 9[c6000] via P2P/IPC comm 0x561abc4c3f60 nRanks 16
nid005016:25505:25583 [3] NCCL INFO New proxy send connection 21 from local rank 3, transport 0
nid005016:25505:25505 [3] NCCL INFO Connected to proxy localRank 3 -> connection 0x146b80001df8
nid005015:84676:84676 [6] NCCL INFO Channel 13/0 : 6[d9000] -> 4[d1000] via P2P/IPC comm 0x55b07f219f80 nRanks 16
nid005015:84676:84760 [6] NCCL INFO New proxy send connection 23 from local rank 6, transport 0
nid005015:84676:84676 [6] NCCL INFO Connected to proxy localRank 6 -> connection 0x147878001ee8
nid005015:84673:84673 [5] NCCL INFO Channel 08/0 : 5[d6000] -> 4[d1000] via P2P/IPC comm 0x555582a5c6a0 nRanks 16
nid005015:84673:84757 [5] NCCL INFO New proxy send connection 28 from local rank 5, transport 0
nid005015:84673:84673 [5] NCCL INFO Connected to proxy localRank 5 -> connection 0x15246c002140
nid005016:25500:25585 [6] NCCL INFO New proxy recv connection 24 from local rank 6, transport 0
nid005016:25504:25584 [4] NCCL INFO New proxy recv connection 24 from local rank 4, transport 0
nid005016:25500:25500 [6] NCCL INFO Connected to proxy localRank 6 -> connection 0x14e420001f60
nid005016:25504:25504 [4] NCCL INFO Connected to proxy localRank 4 -> connection 0x1505b4001f60
nid005016:25506:25506 [5] NCCL INFO Channel 13/0 : 13[d6000] -> 12[d1000] via P2P/IPC comm 0x564eceac2fa0 nRanks 16
nid005016:25506:25582 [5] NCCL INFO New proxy send connection 30 from local rank 5, transport 0
nid005016:25506:25506 [5] NCCL INFO Connected to proxy localRank 5 -> connection 0x14d034002230
nid005016:25507:25507 [7] NCCL INFO Channel 04/0 : 15[de000] -> 14[d9000] via P2P/IPC comm 0x55de98e1b2f0 nRanks 16
nid005016:25507:25581 [7] NCCL INFO New proxy send connection 26 from local rank 7, transport 0
nid005016:25507:25507 [7] NCCL INFO Connected to proxy localRank 7 -> connection 0x152014002050
nid005015:84671:84762 [2] NCCL INFO New proxy recv connection 31 from local rank 2, transport 0
nid005015:84671:84671 [2] NCCL INFO Connected to proxy localRank 2 -> connection 0x15483c0022a8
nid005016:25503:25594 [0] NCCL INFO New proxy recv connection 28 from local rank 0, transport 0
nid005016:25503:25503 [0] NCCL INFO Connected to proxy localRank 0 -> connection 0x146990002140
nid005015:84669:84770 [0] NCCL INFO New proxy recv connection 28 from local rank 0, transport 0
nid005015:84669:84669 [0] NCCL INFO Connected to proxy localRank 0 -> connection 0x1470b4002140
nid005015:84673:84673 [5] NCCL INFO Channel 11/0 : 5[d6000] -> 4[d1000] via P2P/IPC comm 0x555582a5c6a0 nRanks 16
nid005015:84675:84675 [7] NCCL INFO Channel 02/0 : 7[de000] -> 6[d9000] via P2P/IPC comm 0x56153de37f20 nRanks 16
nid005015:84675:84756 [7] NCCL INFO New proxy send connection 25 from local rank 7, transport 0
nid005015:84673:84757 [5] NCCL INFO New proxy send connection 29 from local rank 5, transport 0
nid005015:84673:84673 [5] NCCL INFO Connected to proxy localRank 5 -> connection 0x15246c0021b8
nid005015:84675:84675 [7] NCCL INFO Connected to proxy localRank 7 -> connection 0x14e38c001fd8
nid005016:25500:25585 [6] NCCL INFO New proxy recv connection 25 from local rank 6, transport 0
nid005016:25500:25500 [6] NCCL INFO Connected to proxy localRank 6 -> connection 0x14e420001fd8
nid005016:25505:25505 [3] NCCL INFO Channel 10/0 : 11[ce000] -> 9[c6000] via P2P/IPC comm 0x561abc4c3f60 nRanks 16
nid005016:25505:25583 [3] NCCL INFO New proxy send connection 22 from local rank 3, transport 0
nid005015:84672:84672 [3] NCCL INFO Channel 07/0 : 3[ce000] -> 1[c6000] via P2P/IPC comm 0x55a5a4c1d010 nRanks 16
nid005015:84672:84758 [3] NCCL INFO New proxy send connection 21 from local rank 3, transport 0
nid005015:84672:84672 [3] NCCL INFO Connected to proxy localRank 3 -> connection 0x14719c001df8
nid005016:25506:25506 [5] NCCL INFO Channel 14/0 : 13[d6000] -> 12[d1000] via P2P/IPC comm 0x564eceac2fa0 nRanks 16
nid005016:25506:25582 [5] NCCL INFO New proxy send connection 31 from local rank 5, transport 0
nid005016:25505:25505 [3] NCCL INFO Connected to proxy localRank 3 -> connection 0x146b80001e70
nid005016:25506:25506 [5] NCCL INFO Connected to proxy localRank 5 -> connection 0x14d0340022a8
nid005016:25507:25507 [7] NCCL INFO Channel 07/0 : 15[de000] -> 14[d9000] via P2P/IPC comm 0x55de98e1b2f0 nRanks 16
nid005016:25507:25581 [7] NCCL INFO New proxy send connection 27 from local rank 7, transport 0
nid005016:25507:25507 [7] NCCL INFO Connected to proxy localRank 7 -> connection 0x1520140020c8
nid005016:25504:25584 [4] NCCL INFO New proxy recv connection 25 from local rank 4, transport 0
nid005016:25504:25504 [4] NCCL INFO Connected to proxy localRank 4 -> connection 0x1505b4001fd8
nid005015:84676:84760 [6] NCCL INFO New proxy recv connection 24 from local rank 6, transport 0
nid005015:84676:84676 [6] NCCL INFO Connected to proxy localRank 6 -> connection 0x147878001f60
nid005015:84674:84761 [4] NCCL INFO New proxy recv connection 24 from local rank 4, transport 0
nid005015:84674:84674 [4] NCCL INFO Connected to proxy localRank 4 -> connection 0x152cc4001f60
nid005016:25503:25594 [0] NCCL INFO New proxy recv connection 29 from local rank 0, transport 0
nid005016:25503:25503 [0] NCCL INFO Connected to proxy localRank 0 -> connection 0x1469900021b8
nid005015:84673:84673 [5] NCCL INFO Channel 12/0 : 5[d6000] -> 4[d1000] via P2P/IPC comm 0x555582a5c6a0 nRanks 16
nid005015:84673:84757 [5] NCCL INFO New proxy send connection 30 from local rank 5, transport 0
nid005015:84673:84673 [5] NCCL INFO Connected to proxy localRank 5 -> connection 0x15246c002230
nid005016:25500:25585 [6] NCCL INFO New proxy recv connection 26 from local rank 6, transport 0
nid005016:25500:25500 [6] NCCL INFO Connected to proxy localRank 6 -> connection 0x14e420002050
nid005016:25507:25507 [7] NCCL INFO Channel 08/0 : 15[de000] -> 14[d9000] via P2P/IPC comm 0x55de98e1b2f0 nRanks 16
nid005016:25507:25581 [7] NCCL INFO New proxy send connection 28 from local rank 7, transport 0
nid005016:25507:25507 [7] NCCL INFO Connected to proxy localRank 7 -> connection 0x152014002140
nid005015:84669:84770 [0] NCCL INFO New proxy recv connection 29 from local rank 0, transport 0
nid005015:84669:84669 [0] NCCL INFO Connected to proxy localRank 0 -> connection 0x1470b40021b8
nid005016:25504:25584 [4] NCCL INFO New proxy recv connection 26 from local rank 4, transport 0
nid005016:25504:25504 [4] NCCL INFO Connected to proxy localRank 4 -> connection 0x1505b4002050
nid005015:84675:84675 [7] NCCL INFO Channel 05/0 : 7[de000] -> 6[d9000] via P2P/IPC comm 0x56153de37f20 nRanks 16
nid005015:84675:84756 [7] NCCL INFO New proxy send connection 26 from local rank 7, transport 0
nid005015:84675:84675 [7] NCCL INFO Connected to proxy localRank 7 -> connection 0x14e38c002050
nid005015:84674:84761 [4] NCCL INFO New proxy recv connection 25 from local rank 4, transport 0
nid005015:84674:84674 [4] NCCL INFO Connected to proxy localRank 4 -> connection 0x152cc4001fd8
nid005016:25505:25505 [3] NCCL INFO Channel 14/0 : 11[ce000] -> 9[c6000] via P2P/IPC comm 0x561abc4c3f60 nRanks 16
nid005016:25505:25583 [3] NCCL INFO New proxy send connection 23 from local rank 3, transport 0
nid005016:25505:25505 [3] NCCL INFO Connected to proxy localRank 3 -> connection 0x146b80001ee8
nid005015:84672:84672 [3] NCCL INFO Channel 11/0 : 3[ce000] -> 1[c6000] via P2P/IPC comm 0x55a5a4c1d010 nRanks 16
nid005015:84672:84758 [3] NCCL INFO New proxy send connection 22 from local rank 3, transport 0
nid005015:84672:84672 [3] NCCL INFO Connected to proxy localRank 3 -> connection 0x14719c001e70
nid005015:84676:84760 [6] NCCL INFO New proxy recv connection 25 from local rank 6, transport 0
nid005015:84676:84676 [6] NCCL INFO Connected to proxy localRank 6 -> connection 0x147878001fd8
nid005016:25503:25594 [0] NCCL INFO New proxy recv connection 30 from local rank 0, transport 0
nid005016:25503:25503 [0] NCCL INFO Connected to proxy localRank 0 -> connection 0x146990002230
nid005015:84673:84673 [5] NCCL INFO Channel 15/0 : 5[d6000] -> 4[d1000] via P2P/IPC comm 0x555582a5c6a0 nRanks 16
nid005015:84673:84757 [5] NCCL INFO New proxy send connection 31 from local rank 5, transport 0
nid005015:84673:84673 [5] NCCL INFO Connected to proxy localRank 5 -> connection 0x15246c0022a8
nid005016:25500:25585 [6] NCCL INFO New proxy recv connection 27 from local rank 6, transport 0
nid005016:25500:25500 [6] NCCL INFO Connected to proxy localRank 6 -> connection 0x14e4200020c8
nid005016:25507:25507 [7] NCCL INFO Channel 11/0 : 15[de000] -> 14[d9000] via P2P/IPC comm 0x55de98e1b2f0 nRanks 16
nid005016:25507:25581 [7] NCCL INFO New proxy send connection 29 from local rank 7, transport 0
nid005016:25507:25507 [7] NCCL INFO Connected to proxy localRank 7 -> connection 0x1520140021b8
nid005015:84669:84770 [0] NCCL INFO New proxy recv connection 30 from local rank 0, transport 0
nid005015:84669:84669 [0] NCCL INFO Connected to proxy localRank 0 -> connection 0x1470b4002230
nid005015:84674:84761 [4] NCCL INFO New proxy recv connection 26 from local rank 4, transport 0
nid005015:84674:84674 [4] NCCL INFO Connected to proxy localRank 4 -> connection 0x152cc4002050
nid005015:84675:84675 [7] NCCL INFO Channel 06/0 : 7[de000] -> 6[d9000] via P2P/IPC comm 0x56153de37f20 nRanks 16
nid005015:84675:84756 [7] NCCL INFO New proxy send connection 27 from local rank 7, transport 0
nid005015:84675:84675 [7] NCCL INFO Connected to proxy localRank 7 -> connection 0x14e38c0020c8
nid005016:25504:25584 [4] NCCL INFO New proxy recv connection 27 from local rank 4, transport 0
nid005016:25504:25504 [4] NCCL INFO Connected to proxy localRank 4 -> connection 0x1505b40020c8
nid005016:25502:25502 [1] NCCL INFO Channel 00/0 : 9[c6000] -> 8[c1000] via P2P/IPC comm 0x559172af0110 nRanks 16
nid005016:25502:25593 [1] NCCL INFO New proxy send connection 24 from local rank 1, transport 0
nid005016:25505:25505 [3] NCCL INFO Channel 01/0 : 11[ce000] -> 10[c9000] via P2P/IPC comm 0x561abc4c3f60 nRanks 16
nid005016:25502:25502 [1] NCCL INFO Connected to proxy localRank 1 -> connection 0x145f6c001f60
nid005015:84672:84672 [3] NCCL INFO Channel 15/0 : 3[ce000] -> 1[c6000] via P2P/IPC comm 0x55a5a4c1d010 nRanks 16
nid005015:84672:84758 [3] NCCL INFO New proxy send connection 23 from local rank 3, transport 0
nid005015:84672:84672 [3] NCCL INFO Connected to proxy localRank 3 -> connection 0x14719c001ee8
nid005016:25505:25583 [3] NCCL INFO New proxy send connection 24 from local rank 3, transport 0
nid005016:25505:25505 [3] NCCL INFO Connected to proxy localRank 3 -> connection 0x146b80001f60
nid005016:25500:25585 [6] NCCL INFO New proxy recv connection 28 from local rank 6, transport 0
nid005016:25500:25500 [6] NCCL INFO Connected to proxy localRank 6 -> connection 0x14e420002140
nid005016:25507:25507 [7] NCCL INFO Channel 12/0 : 15[de000] -> 14[d9000] via P2P/IPC comm 0x55de98e1b2f0 nRanks 16
nid005016:25507:25581 [7] NCCL INFO New proxy send connection 30 from local rank 7, transport 0
nid005016:25507:25507 [7] NCCL INFO Connected to proxy localRank 7 -> connection 0x152014002230
nid005015:84676:84760 [6] NCCL INFO New proxy recv connection 26 from local rank 6, transport 0
nid005015:84676:84676 [6] NCCL INFO Connected to proxy localRank 6 -> connection 0x147878002050
nid005016:25503:25594 [0] NCCL INFO New proxy recv connection 31 from local rank 0, transport 0
nid005016:25503:25503 [0] NCCL INFO Connected to proxy localRank 0 -> connection 0x1469900022a8
nid005015:84674:84761 [4] NCCL INFO New proxy recv connection 27 from local rank 4, transport 0
nid005015:84674:84674 [4] NCCL INFO Connected to proxy localRank 4 -> connection 0x152cc40020c8
nid005016:25504:25584 [4] NCCL INFO New proxy recv connection 28 from local rank 4, transport 0
nid005016:25504:25504 [4] NCCL INFO Connected to proxy localRank 4 -> connection 0x1505b4002140
nid005015:84669:84770 [0] NCCL INFO New proxy recv connection 31 from local rank 0, transport 0
nid005015:84669:84669 [0] NCCL INFO Connected to proxy localRank 0 -> connection 0x1470b40022a8
nid005016:25500:25585 [6] NCCL INFO New proxy recv connection 29 from local rank 6, transport 0
nid005016:25500:25500 [6] NCCL INFO Connected to proxy localRank 6 -> connection 0x14e4200021b8
nid005016:25507:25507 [7] NCCL INFO Channel 15/0 : 15[de000] -> 14[d9000] via P2P/IPC comm 0x55de98e1b2f0 nRanks 16
nid005016:25507:25581 [7] NCCL INFO New proxy send connection 31 from local rank 7, transport 0
nid005016:25507:25507 [7] NCCL INFO Connected to proxy localRank 7 -> connection 0x1520140022a8
nid005015:84675:84675 [7] NCCL INFO Channel 09/0 : 7[de000] -> 6[d9000] via P2P/IPC comm 0x56153de37f20 nRanks 16
nid005015:84675:84756 [7] NCCL INFO New proxy send connection 28 from local rank 7, transport 0
nid005015:84675:84675 [7] NCCL INFO Connected to proxy localRank 7 -> connection 0x14e38c002140
nid005016:25505:25505 [3] NCCL INFO Channel 03/0 : 11[ce000] -> 10[c9000] via P2P/IPC comm 0x561abc4c3f60 nRanks 16
nid005016:25502:25502 [1] NCCL INFO Channel 02/0 : 9[c6000] -> 8[c1000] via P2P/IPC comm 0x559172af0110 nRanks 16
nid005016:25502:25593 [1] NCCL INFO New proxy send connection 25 from local rank 1, transport 0
nid005016:25505:25583 [3] NCCL INFO New proxy send connection 25 from local rank 3, transport 0
nid005016:25502:25502 [1] NCCL INFO Connected to proxy localRank 1 -> connection 0x145f6c001fd8
nid005016:25505:25505 [3] NCCL INFO Connected to proxy localRank 3 -> connection 0x146b80001fd8
nid005015:84670:84670 [1] NCCL INFO Channel 01/0 : 1[c6000] -> 0[c1000] via P2P/IPC comm 0x55f1ace86af0 nRanks 16
nid005015:84672:84672 [3] NCCL INFO Channel 00/0 : 3[ce000] -> 2[c9000] via P2P/IPC comm 0x55a5a4c1d010 nRanks 16
nid005015:84670:84759 [1] NCCL INFO New proxy send connection 24 from local rank 1, transport 0
nid005015:84670:84670 [1] NCCL INFO Connected to proxy localRank 1 -> connection 0x14f2f0001f60
nid005015:84672:84758 [3] NCCL INFO New proxy send connection 24 from local rank 3, transport 0
nid005015:84672:84672 [3] NCCL INFO Connected to proxy localRank 3 -> connection 0x14719c001f60
nid005015:84676:84760 [6] NCCL INFO New proxy recv connection 27 from local rank 6, transport 0
nid005015:84676:84676 [6] NCCL INFO Connected to proxy localRank 6 -> connection 0x1478780020c8
nid005015:84674:84761 [4] NCCL INFO New proxy recv connection 28 from local rank 4, transport 0
nid005015:84674:84674 [4] NCCL INFO Connected to proxy localRank 4 -> connection 0x152cc4002140
nid005016:25504:25584 [4] NCCL INFO New proxy recv connection 29 from local rank 4, transport 0
nid005016:25504:25504 [4] NCCL INFO Connected to proxy localRank 4 -> connection 0x1505b40021b8
nid005016:25500:25585 [6] NCCL INFO New proxy recv connection 30 from local rank 6, transport 0
nid005016:25500:25500 [6] NCCL INFO Connected to proxy localRank 6 -> connection 0x14e420002230
nid005015:84670:84670 [1] NCCL INFO Channel 03/0 : 1[c6000] -> 0[c1000] via P2P/IPC comm 0x55f1ace86af0 nRanks 16
nid005015:84670:84759 [1] NCCL INFO New proxy send connection 25 from local rank 1, transport 0
nid005015:84670:84670 [1] NCCL INFO Connected to proxy localRank 1 -> connection 0x14f2f0001fd8
nid005016:25502:25502 [1] NCCL INFO Channel 04/0 : 9[c6000] -> 8[c1000] via P2P/IPC comm 0x559172af0110 nRanks 16
nid005016:25502:25593 [1] NCCL INFO New proxy send connection 26 from local rank 1, transport 0
nid005016:25505:25505 [3] NCCL INFO Channel 05/0 : 11[ce000] -> 10[c9000] via P2P/IPC comm 0x561abc4c3f60 nRanks 16
nid005016:25505:25583 [3] NCCL INFO New proxy send connection 26 from local rank 3, transport 0
nid005015:84675:84675 [7] NCCL INFO Channel 10/0 : 7[de000] -> 6[d9000] via P2P/IPC comm 0x56153de37f20 nRanks 16
nid005015:84675:84756 [7] NCCL INFO New proxy send connection 29 from local rank 7, transport 0
nid005015:84675:84675 [7] NCCL INFO Connected to proxy localRank 7 -> connection 0x14e38c0021b8
nid005016:25502:25502 [1] NCCL INFO Connected to proxy localRank 1 -> connection 0x145f6c002050
nid005016:25505:25505 [3] NCCL INFO Connected to proxy localRank 3 -> connection 0x146b80002050
nid005015:84674:84761 [4] NCCL INFO New proxy recv connection 29 from local rank 4, transport 0
nid005015:84674:84674 [4] NCCL INFO Connected to proxy localRank 4 -> connection 0x152cc40021b8
nid005015:84676:84760 [6] NCCL INFO New proxy recv connection 28 from local rank 6, transport 0
nid005015:84676:84676 [6] NCCL INFO Connected to proxy localRank 6 -> connection 0x147878002140
nid005016:25504:25584 [4] NCCL INFO New proxy recv connection 30 from local rank 4, transport 0
nid005016:25504:25504 [4] NCCL INFO Connected to proxy localRank 4 -> connection 0x1505b4002230
nid005015:84672:84672 [3] NCCL INFO Channel 02/0 : 3[ce000] -> 2[c9000] via P2P/IPC comm 0x55a5a4c1d010 nRanks 16
nid005015:84672:84758 [3] NCCL INFO New proxy send connection 25 from local rank 3, transport 0
nid005015:84672:84672 [3] NCCL INFO Connected to proxy localRank 3 -> connection 0x14719c001fd8
nid005016:25500:25585 [6] NCCL INFO New proxy recv connection 31 from local rank 6, transport 0
nid005016:25500:25500 [6] NCCL INFO Connected to proxy localRank 6 -> connection 0x14e4200022a8
nid005015:84670:84670 [1] NCCL INFO Channel 05/0 : 1[c6000] -> 0[c1000] via P2P/IPC comm 0x55f1ace86af0 nRanks 16
nid005015:84670:84759 [1] NCCL INFO New proxy send connection 26 from local rank 1, transport 0
nid005015:84670:84670 [1] NCCL INFO Connected to proxy localRank 1 -> connection 0x14f2f0002050
nid005015:84674:84761 [4] NCCL INFO New proxy recv connection 30 from local rank 4, transport 0
nid005015:84674:84674 [4] NCCL INFO Connected to proxy localRank 4 -> connection 0x152cc4002230
nid005016:25505:25505 [3] NCCL INFO Channel 07/0 : 11[ce000] -> 10[c9000] via P2P/IPC comm 0x561abc4c3f60 nRanks 16
nid005016:25502:25502 [1] NCCL INFO Channel 06/0 : 9[c6000] -> 8[c1000] via P2P/IPC comm 0x559172af0110 nRanks 16
nid005016:25502:25593 [1] NCCL INFO New proxy send connection 27 from local rank 1, transport 0
nid005016:25505:25583 [3] NCCL INFO New proxy send connection 27 from local rank 3, transport 0
nid005016:25505:25505 [3] NCCL INFO Connected to proxy localRank 3 -> connection 0x146b800020c8
nid005016:25502:25502 [1] NCCL INFO Connected to proxy localRank 1 -> connection 0x145f6c0020c8
nid005016:25504:25584 [4] NCCL INFO New proxy recv connection 31 from local rank 4, transport 0
nid005016:25504:25504 [4] NCCL INFO Connected to proxy localRank 4 -> connection 0x1505b40022a8
nid005015:84675:84675 [7] NCCL INFO Channel 13/0 : 7[de000] -> 6[d9000] via P2P/IPC comm 0x56153de37f20 nRanks 16
nid005015:84675:84756 [7] NCCL INFO New proxy send connection 30 from local rank 7, transport 0
nid005015:84675:84675 [7] NCCL INFO Connected to proxy localRank 7 -> connection 0x14e38c002230
nid005015:84676:84760 [6] NCCL INFO New proxy recv connection 29 from local rank 6, transport 0
nid005015:84676:84676 [6] NCCL INFO Connected to proxy localRank 6 -> connection 0x1478780021b8
nid005015:84670:84670 [1] NCCL INFO Channel 07/0 : 1[c6000] -> 0[c1000] via P2P/IPC comm 0x55f1ace86af0 nRanks 16
nid005015:84670:84759 [1] NCCL INFO New proxy send connection 27 from local rank 1, transport 0
nid005015:84670:84670 [1] NCCL INFO Connected to proxy localRank 1 -> connection 0x14f2f00020c8
nid005015:84672:84672 [3] NCCL INFO Channel 04/0 : 3[ce000] -> 2[c9000] via P2P/IPC comm 0x55a5a4c1d010 nRanks 16
nid005015:84672:84758 [3] NCCL INFO New proxy send connection 26 from local rank 3, transport 0
nid005015:84672:84672 [3] NCCL INFO Connected to proxy localRank 3 -> connection 0x14719c002050
nid005015:84674:84761 [4] NCCL INFO New proxy recv connection 31 from local rank 4, transport 0
nid005015:84674:84674 [4] NCCL INFO Connected to proxy localRank 4 -> connection 0x152cc40022a8
nid005015:84670:84670 [1] NCCL INFO Channel 09/0 : 1[c6000] -> 0[c1000] via P2P/IPC comm 0x55f1ace86af0 nRanks 16
nid005015:84670:84759 [1] NCCL INFO New proxy send connection 28 from local rank 1, transport 0
nid005015:84670:84670 [1] NCCL INFO Connected to proxy localRank 1 -> connection 0x14f2f0002140
nid005016:25505:25505 [3] NCCL INFO Channel 09/0 : 11[ce000] -> 10[c9000] via P2P/IPC comm 0x561abc4c3f60 nRanks 16
nid005016:25505:25583 [3] NCCL INFO New proxy send connection 28 from local rank 3, transport 0
nid005016:25502:25502 [1] NCCL INFO Channel 08/0 : 9[c6000] -> 8[c1000] via P2P/IPC comm 0x559172af0110 nRanks 16
nid005016:25502:25593 [1] NCCL INFO New proxy send connection 28 from local rank 1, transport 0
nid005016:25502:25502 [1] NCCL INFO Connected to proxy localRank 1 -> connection 0x145f6c002140
nid005016:25505:25505 [3] NCCL INFO Connected to proxy localRank 3 -> connection 0x146b80002140
nid005015:84676:84760 [6] NCCL INFO New proxy recv connection 30 from local rank 6, transport 0
nid005015:84676:84676 [6] NCCL INFO Connected to proxy localRank 6 -> connection 0x147878002230
nid005015:84675:84675 [7] NCCL INFO Channel 14/0 : 7[de000] -> 6[d9000] via P2P/IPC comm 0x56153de37f20 nRanks 16
nid005015:84675:84756 [7] NCCL INFO New proxy send connection 31 from local rank 7, transport 0
nid005015:84675:84675 [7] NCCL INFO Connected to proxy localRank 7 -> connection 0x14e38c0022a8
nid005015:84672:84672 [3] NCCL INFO Channel 06/0 : 3[ce000] -> 2[c9000] via P2P/IPC comm 0x55a5a4c1d010 nRanks 16
nid005015:84672:84758 [3] NCCL INFO New proxy send connection 27 from local rank 3, transport 0
nid005015:84672:84672 [3] NCCL INFO Connected to proxy localRank 3 -> connection 0x14719c0020c8
nid005015:84670:84670 [1] NCCL INFO Channel 11/0 : 1[c6000] -> 0[c1000] via P2P/IPC comm 0x55f1ace86af0 nRanks 16
nid005015:84670:84759 [1] NCCL INFO New proxy send connection 29 from local rank 1, transport 0
nid005015:84670:84670 [1] NCCL INFO Connected to proxy localRank 1 -> connection 0x14f2f00021b8
nid005016:25505:25505 [3] NCCL INFO Channel 11/0 : 11[ce000] -> 10[c9000] via P2P/IPC comm 0x561abc4c3f60 nRanks 16
nid005016:25505:25583 [3] NCCL INFO New proxy send connection 29 from local rank 3, transport 0
nid005016:25502:25502 [1] NCCL INFO Channel 10/0 : 9[c6000] -> 8[c1000] via P2P/IPC comm 0x559172af0110 nRanks 16
nid005016:25505:25505 [3] NCCL INFO Connected to proxy localRank 3 -> connection 0x146b800021b8
nid005016:25502:25593 [1] NCCL INFO New proxy send connection 29 from local rank 1, transport 0
nid005016:25502:25502 [1] NCCL INFO Connected to proxy localRank 1 -> connection 0x145f6c0021b8
nid005015:84676:84760 [6] NCCL INFO New proxy recv connection 31 from local rank 6, transport 0
nid005015:84676:84676 [6] NCCL INFO Connected to proxy localRank 6 -> connection 0x1478780022a8
nid005015:84670:84670 [1] NCCL INFO Channel 13/0 : 1[c6000] -> 0[c1000] via P2P/IPC comm 0x55f1ace86af0 nRanks 16
nid005015:84670:84759 [1] NCCL INFO New proxy send connection 30 from local rank 1, transport 0
nid005015:84670:84670 [1] NCCL INFO Connected to proxy localRank 1 -> connection 0x14f2f0002230
nid005015:84672:84672 [3] NCCL INFO Channel 08/0 : 3[ce000] -> 2[c9000] via P2P/IPC comm 0x55a5a4c1d010 nRanks 16
nid005015:84672:84758 [3] NCCL INFO New proxy send connection 28 from local rank 3, transport 0
nid005015:84672:84672 [3] NCCL INFO Connected to proxy localRank 3 -> connection 0x14719c002140
nid005015:84670:84670 [1] NCCL INFO Channel 15/0 : 1[c6000] -> 0[c1000] via P2P/IPC comm 0x55f1ace86af0 nRanks 16
nid005015:84670:84759 [1] NCCL INFO New proxy send connection 31 from local rank 1, transport 0
nid005015:84670:84670 [1] NCCL INFO Connected to proxy localRank 1 -> connection 0x14f2f00022a8
nid005016:25505:25505 [3] NCCL INFO Channel 13/0 : 11[ce000] -> 10[c9000] via P2P/IPC comm 0x561abc4c3f60 nRanks 16
nid005016:25505:25583 [3] NCCL INFO New proxy send connection 30 from local rank 3, transport 0
nid005016:25505:25505 [3] NCCL INFO Connected to proxy localRank 3 -> connection 0x146b80002230
nid005016:25502:25502 [1] NCCL INFO Channel 12/0 : 9[c6000] -> 8[c1000] via P2P/IPC comm 0x559172af0110 nRanks 16
nid005016:25502:25593 [1] NCCL INFO New proxy send connection 30 from local rank 1, transport 0
nid005016:25502:25502 [1] NCCL INFO Connected to proxy localRank 1 -> connection 0x145f6c002230
nid005015:84672:84672 [3] NCCL INFO Channel 10/0 : 3[ce000] -> 2[c9000] via P2P/IPC comm 0x55a5a4c1d010 nRanks 16
nid005015:84672:84758 [3] NCCL INFO New proxy send connection 29 from local rank 3, transport 0
nid005015:84672:84672 [3] NCCL INFO Connected to proxy localRank 3 -> connection 0x14719c0021b8
nid005016:25505:25505 [3] NCCL INFO Channel 15/0 : 11[ce000] -> 10[c9000] via P2P/IPC comm 0x561abc4c3f60 nRanks 16
nid005016:25502:25502 [1] NCCL INFO Channel 14/0 : 9[c6000] -> 8[c1000] via P2P/IPC comm 0x559172af0110 nRanks 16
nid005016:25502:25593 [1] NCCL INFO New proxy send connection 31 from local rank 1, transport 0
nid005016:25505:25583 [3] NCCL INFO New proxy send connection 31 from local rank 3, transport 0
nid005016:25505:25505 [3] NCCL INFO Connected to proxy localRank 3 -> connection 0x146b800022a8
nid005016:25502:25502 [1] NCCL INFO Connected to proxy localRank 1 -> connection 0x145f6c0022a8
nid005015:84672:84672 [3] NCCL INFO Channel 12/0 : 3[ce000] -> 2[c9000] via P2P/IPC comm 0x55a5a4c1d010 nRanks 16
nid005015:84672:84758 [3] NCCL INFO New proxy send connection 30 from local rank 3, transport 0
nid005015:84672:84672 [3] NCCL INFO Connected to proxy localRank 3 -> connection 0x14719c002230
nid005015:84672:84672 [3] NCCL INFO Channel 14/0 : 3[ce000] -> 2[c9000] via P2P/IPC comm 0x55a5a4c1d010 nRanks 16
nid005015:84672:84758 [3] NCCL INFO New proxy send connection 31 from local rank 3, transport 0
nid005015:84672:84672 [3] NCCL INFO Connected to proxy localRank 3 -> connection 0x14719c0022a8
nid005015:84676:84676 [6] NCCL INFO Connected all rings
nid005015:84676:84676 [6] NCCL INFO Channel 00/2 : 6[d9000] -> 7[de000] via P2P/IPC comm 0x55b07f219f80 nRanks 16
nid005015:84675:84675 [7] NCCL INFO Connected all rings
nid005015:84674:84674 [4] NCCL INFO Connected all rings
nid005015:84673:84673 [5] NCCL INFO Connected all rings
nid005016:25507:25507 [7] NCCL INFO Connected all rings
nid005015:84670:84670 [1] NCCL INFO Connected all rings
nid005015:84671:84671 [2] NCCL INFO Connected all rings
nid005015:84671:84671 [2] NCCL INFO Channel 01/2 : 2[c9000] -> 3[ce000] via P2P/IPC comm 0x55e4f5192260 nRanks 16
nid005015:84675:84756 [7] NCCL INFO New proxy recv connection 32 from local rank 7, transport 0
nid005016:25500:25500 [6] NCCL INFO Connected all rings
nid005016:25500:25500 [6] NCCL INFO Channel 01/2 : 14[d9000] -> 15[de000] via P2P/IPC comm 0x5618b7deb810 nRanks 16
nid005015:84676:84760 [6] NCCL INFO New proxy send connection 32 from local rank 6, transport 0
nid005015:84676:84676 [6] NCCL INFO Connected to proxy localRank 6 -> connection 0x147878002320
nid005015:84669:84669 [0] NCCL INFO Connected all rings
nid005015:84669:84669 [0] NCCL INFO Channel 00/2 : 0[c1000] -> 1[c6000] via P2P/IPC comm 0x562e98837a90 nRanks 16
nid005015:84674:84674 [4] NCCL INFO Channel 01/2 : 4[d1000] -> 5[d6000] via P2P/IPC comm 0x562b43d12c80 nRanks 16
nid005015:84674:84761 [4] NCCL INFO New proxy send connection 32 from local rank 4, transport 0
nid005015:84670:84759 [1] NCCL INFO New proxy recv connection 32 from local rank 1, transport 0
nid005015:84670:84670 [1] NCCL INFO Connected to proxy localRank 1 -> connection 0x14f2f0002320
nid005015:84675:84675 [7] NCCL INFO Connected to proxy localRank 7 -> connection 0x14e38c002320
nid005015:84672:84672 [3] NCCL INFO Connected all rings
nid005016:25506:25506 [5] NCCL INFO Connected all rings
nid005015:84671:84762 [2] NCCL INFO New proxy send connection 32 from local rank 2, transport 0
nid005015:84671:84671 [2] NCCL INFO Connected to proxy localRank 2 -> connection 0x15483c002320
nid005015:84673:84757 [5] NCCL INFO New proxy recv connection 32 from local rank 5, transport 0
nid005015:84673:84673 [5] NCCL INFO Connected to proxy localRank 5 -> connection 0x15246c002320
nid005015:84674:84674 [4] NCCL INFO Connected to proxy localRank 4 -> connection 0x152cc4002320
nid005015:84669:84770 [0] NCCL INFO New proxy send connection 32 from local rank 0, transport 0
nid005015:84669:84669 [0] NCCL INFO Connected to proxy localRank 0 -> connection 0x1470b4002320
nid005015:84672:84758 [3] NCCL INFO New proxy recv connection 32 from local rank 3, transport 0
nid005015:84672:84672 [3] NCCL INFO Connected to proxy localRank 3 -> connection 0x14719c002320
nid005016:25504:25504 [4] NCCL INFO Connected all rings
nid005016:25504:25504 [4] NCCL INFO Channel 00/2 : 12[d1000] -> 13[d6000] via P2P/IPC comm 0x55a5f2721eb0 nRanks 16
nid005016:25501:25501 [2] NCCL INFO Connected all rings
nid005016:25501:25501 [2] NCCL INFO Channel 00/2 : 10[c9000] -> 11[ce000] via P2P/IPC comm 0x555ff8c8b210 nRanks 16
nid005016:25507:25581 [7] NCCL INFO New proxy recv connection 32 from local rank 7, transport 0
nid005016:25507:25507 [7] NCCL INFO Connected to proxy localRank 7 -> connection 0x152014002320
nid005016:25505:25505 [3] NCCL INFO Connected all rings
nid005016:25506:25582 [5] NCCL INFO New proxy recv connection 32 from local rank 5, transport 0
nid005016:25506:25506 [5] NCCL INFO Connected to proxy localRank 5 -> connection 0x14d034002320
nid005016:25503:25503 [0] NCCL INFO Connected all rings
nid005016:25503:25503 [0] NCCL INFO Channel 01/2 : 8[c1000] -> 9[c6000] via P2P/IPC comm 0x559b5184e290 nRanks 16
nid005016:25503:25594 [0] NCCL INFO New proxy send connection 32 from local rank 0, transport 0
nid005016:25504:25584 [4] NCCL INFO New proxy send connection 32 from local rank 4, transport 0
nid005016:25504:25504 [4] NCCL INFO Connected to proxy localRank 4 -> connection 0x1505b4002320
nid005016:25500:25585 [6] NCCL INFO New proxy send connection 32 from local rank 6, transport 0
nid005016:25500:25500 [6] NCCL INFO Connected to proxy localRank 6 -> connection 0x14e420002320
nid005016:25501:25586 [2] NCCL INFO New proxy send connection 32 from local rank 2, transport 0
nid005016:25501:25501 [2] NCCL INFO Connected to proxy localRank 2 -> connection 0x145fb0002320
nid005016:25502:25502 [1] NCCL INFO Connected all rings
nid005016:25502:25593 [1] NCCL INFO New proxy recv connection 32 from local rank 1, transport 0
nid005016:25502:25502 [1] NCCL INFO Connected to proxy localRank 1 -> connection 0x145f6c002320
nid005016:25505:25583 [3] NCCL INFO New proxy recv connection 32 from local rank 3, transport 0
nid005016:25505:25505 [3] NCCL INFO Connected to proxy localRank 3 -> connection 0x146b80002320
nid005016:25503:25503 [0] NCCL INFO Connected to proxy localRank 0 -> connection 0x146990002320
nid005015:84670:84759 [1] NCCL INFO New proxy recv connection 33 from local rank 1, transport 0
nid005015:84670:84670 [1] NCCL INFO Connected to proxy localRank 1 -> connection 0x14f2f0002398
nid005016:25506:25582 [5] NCCL INFO New proxy recv connection 33 from local rank 5, transport 0
nid005016:25506:25506 [5] NCCL INFO Connected to proxy localRank 5 -> connection 0x14d034002398
nid005016:25507:25581 [7] NCCL INFO New proxy recv connection 33 from local rank 7, transport 0
nid005016:25507:25507 [7] NCCL INFO Connected to proxy localRank 7 -> connection 0x152014002398
nid005015:84674:84674 [4] NCCL INFO Channel 02/2 : 4[d1000] -> 5[d6000] via P2P/IPC comm 0x562b43d12c80 nRanks 16
nid005015:84673:84757 [5] NCCL INFO New proxy recv connection 33 from local rank 5, transport 0
nid005015:84674:84761 [4] NCCL INFO New proxy send connection 33 from local rank 4, transport 0
nid005015:84674:84674 [4] NCCL INFO Connected to proxy localRank 4 -> connection 0x152cc4002398
nid005015:84673:84673 [5] NCCL INFO Connected to proxy localRank 5 -> connection 0x15246c002398
nid005016:25504:25504 [4] NCCL INFO Channel 03/2 : 12[d1000] -> 13[d6000] via P2P/IPC comm 0x55a5f2721eb0 nRanks 16
nid005015:84671:84671 [2] NCCL INFO Channel 03/2 : 2[c9000] -> 3[ce000] via P2P/IPC comm 0x55e4f5192260 nRanks 16
nid005015:84669:84669 [0] NCCL INFO Channel 02/2 : 0[c1000] -> 1[c6000] via P2P/IPC comm 0x562e98837a90 nRanks 16
nid005015:84671:84762 [2] NCCL INFO New proxy send connection 33 from local rank 2, transport 0
nid005015:84671:84671 [2] NCCL INFO Connected to proxy localRank 2 -> connection 0x15483c002398
nid005016:25504:25584 [4] NCCL INFO New proxy send connection 33 from local rank 4, transport 0
nid005016:25504:25504 [4] NCCL INFO Connected to proxy localRank 4 -> connection 0x1505b4002398
nid005015:84669:84770 [0] NCCL INFO New proxy send connection 33 from local rank 0, transport 0
nid005015:84669:84669 [0] NCCL INFO Connected to proxy localRank 0 -> connection 0x1470b4002398
nid005016:25503:25503 [0] NCCL INFO Channel 03/2 : 8[c1000] -> 9[c6000] via P2P/IPC comm 0x559b5184e290 nRanks 16
nid005016:25503:25594 [0] NCCL INFO New proxy send connection 33 from local rank 0, transport 0
nid005016:25501:25501 [2] NCCL INFO Channel 02/2 : 10[c9000] -> 11[ce000] via P2P/IPC comm 0x555ff8c8b210 nRanks 16
nid005016:25503:25503 [0] NCCL INFO Connected to proxy localRank 0 -> connection 0x146990002398
nid005016:25501:25586 [2] NCCL INFO New proxy send connection 33 from local rank 2, transport 0
nid005016:25501:25501 [2] NCCL INFO Connected to proxy localRank 2 -> connection 0x145fb0002398
nid005015:84676:84676 [6] NCCL INFO Channel 03/2 : 6[d9000] -> 7[de000] via P2P/IPC comm 0x55b07f219f80 nRanks 16
nid005015:84676:84760 [6] NCCL INFO New proxy send connection 33 from local rank 6, transport 0
nid005015:84675:84756 [7] NCCL INFO New proxy recv connection 33 from local rank 7, transport 0
nid005015:84676:84676 [6] NCCL INFO Connected to proxy localRank 6 -> connection 0x147878002398
nid005015:84675:84675 [7] NCCL INFO Connected to proxy localRank 7 -> connection 0x14e38c002398
nid005016:25500:25500 [6] NCCL INFO Channel 02/2 : 14[d9000] -> 15[de000] via P2P/IPC comm 0x5618b7deb810 nRanks 16
nid005016:25505:25583 [3] NCCL INFO New proxy recv connection 33 from local rank 3, transport 0
nid005016:25505:25505 [3] NCCL INFO Connected to proxy localRank 3 -> connection 0x146b80002398
nid005016:25502:25593 [1] NCCL INFO New proxy recv connection 33 from local rank 1, transport 0
nid005016:25502:25502 [1] NCCL INFO Connected to proxy localRank 1 -> connection 0x145f6c002398
nid005016:25500:25585 [6] NCCL INFO New proxy send connection 33 from local rank 6, transport 0
nid005016:25500:25500 [6] NCCL INFO Connected to proxy localRank 6 -> connection 0x14e420002398
nid005015:84672:84758 [3] NCCL INFO New proxy recv connection 33 from local rank 3, transport 0
nid005015:84672:84672 [3] NCCL INFO Connected to proxy localRank 3 -> connection 0x14719c002398
nid005015:84670:84759 [1] NCCL INFO New proxy recv connection 34 from local rank 1, transport 0
nid005015:84670:84670 [1] NCCL INFO Connected to proxy localRank 1 -> connection 0x14f2f0002410
nid005016:25506:25582 [5] NCCL INFO New proxy recv connection 34 from local rank 5, transport 0
nid005016:25506:25506 [5] NCCL INFO Connected to proxy localRank 5 -> connection 0x14d034002410
nid005016:25507:25581 [7] NCCL INFO New proxy recv connection 34 from local rank 7, transport 0
nid005016:25507:25507 [7] NCCL INFO Connected to proxy localRank 7 -> connection 0x152014002410
nid005015:84674:84674 [4] NCCL INFO Channel 05/2 : 4[d1000] -> 5[d6000] via P2P/IPC comm 0x562b43d12c80 nRanks 16
nid005015:84674:84761 [4] NCCL INFO New proxy send connection 34 from local rank 4, transport 0
nid005015:84673:84757 [5] NCCL INFO New proxy recv connection 34 from local rank 5, transport 0
nid005015:84673:84673 [5] NCCL INFO Connected to proxy localRank 5 -> connection 0x15246c002410
nid005015:84674:84674 [4] NCCL INFO Connected to proxy localRank 4 -> connection 0x152cc4002410
nid005016:25504:25504 [4] NCCL INFO Channel 04/2 : 12[d1000] -> 13[d6000] via P2P/IPC comm 0x55a5f2721eb0 nRanks 16
nid005016:25504:25584 [4] NCCL INFO New proxy send connection 34 from local rank 4, transport 0
nid005016:25504:25504 [4] NCCL INFO Connected to proxy localRank 4 -> connection 0x1505b4002410
nid005016:25503:25503 [0] NCCL INFO Channel 05/2 : 8[c1000] -> 9[c6000] via P2P/IPC comm 0x559b5184e290 nRanks 16
nid005016:25503:25594 [0] NCCL INFO New proxy send connection 34 from local rank 0, transport 0
nid005016:25503:25503 [0] NCCL INFO Connected to proxy localRank 0 -> connection 0x146990002410
nid005016:25501:25501 [2] NCCL INFO Channel 04/2 : 10[c9000] -> 11[ce000] via P2P/IPC comm 0x555ff8c8b210 nRanks 16
nid005016:25501:25586 [2] NCCL INFO New proxy send connection 34 from local rank 2, transport 0
nid005015:84669:84669 [0] NCCL INFO Channel 04/2 : 0[c1000] -> 1[c6000] via P2P/IPC comm 0x562e98837a90 nRanks 16
nid005015:84671:84671 [2] NCCL INFO Channel 05/2 : 2[c9000] -> 3[ce000] via P2P/IPC comm 0x55e4f5192260 nRanks 16
nid005015:84671:84762 [2] NCCL INFO New proxy send connection 34 from local rank 2, transport 0
nid005015:84671:84671 [2] NCCL INFO Connected to proxy localRank 2 -> connection 0x15483c002410
nid005015:84669:84770 [0] NCCL INFO New proxy send connection 34 from local rank 0, transport 0
nid005015:84669:84669 [0] NCCL INFO Connected to proxy localRank 0 -> connection 0x1470b4002410
nid005016:25501:25501 [2] NCCL INFO Connected to proxy localRank 2 -> connection 0x145fb0002410
nid005015:84676:84676 [6] NCCL INFO Channel 04/2 : 6[d9000] -> 7[de000] via P2P/IPC comm 0x55b07f219f80 nRanks 16
nid005015:84676:84760 [6] NCCL INFO New proxy send connection 34 from local rank 6, transport 0
nid005015:84676:84676 [6] NCCL INFO Connected to proxy localRank 6 -> connection 0x147878002410
nid005016:25500:25500 [6] NCCL INFO Channel 05/2 : 14[d9000] -> 15[de000] via P2P/IPC comm 0x5618b7deb810 nRanks 16
nid005016:25505:25583 [3] NCCL INFO New proxy recv connection 34 from local rank 3, transport 0
nid005016:25505:25505 [3] NCCL INFO Connected to proxy localRank 3 -> connection 0x146b80002410
nid005015:84670:84759 [1] NCCL INFO New proxy recv connection 35 from local rank 1, transport 0
nid005015:84670:84670 [1] NCCL INFO Connected to proxy localRank 1 -> connection 0x14f2f0002488
nid005016:25500:25585 [6] NCCL INFO New proxy send connection 34 from local rank 6, transport 0
nid005016:25500:25500 [6] NCCL INFO Connected to proxy localRank 6 -> connection 0x14e420002410
nid005015:84675:84756 [7] NCCL INFO New proxy recv connection 34 from local rank 7, transport 0
nid005015:84675:84675 [7] NCCL INFO Connected to proxy localRank 7 -> connection 0x14e38c002410
nid005016:25502:25593 [1] NCCL INFO New proxy recv connection 34 from local rank 1, transport 0
nid005016:25502:25502 [1] NCCL INFO Connected to proxy localRank 1 -> connection 0x145f6c002410
nid005016:25506:25582 [5] NCCL INFO New proxy recv connection 35 from local rank 5, transport 0
nid005016:25506:25506 [5] NCCL INFO Connected to proxy localRank 5 -> connection 0x14d034002488
nid005015:84672:84758 [3] NCCL INFO New proxy recv connection 34 from local rank 3, transport 0
nid005015:84672:84672 [3] NCCL INFO Connected to proxy localRank 3 -> connection 0x14719c002410
nid005016:25507:25581 [7] NCCL INFO New proxy recv connection 35 from local rank 7, transport 0
nid005016:25507:25507 [7] NCCL INFO Connected to proxy localRank 7 -> connection 0x152014002488
nid005015:84674:84674 [4] NCCL INFO Channel 06/2 : 4[d1000] -> 5[d6000] via P2P/IPC comm 0x562b43d12c80 nRanks 16
nid005015:84674:84761 [4] NCCL INFO New proxy send connection 35 from local rank 4, transport 0
nid005015:84674:84674 [4] NCCL INFO Connected to proxy localRank 4 -> connection 0x152cc4002488
nid005015:84673:84757 [5] NCCL INFO New proxy recv connection 35 from local rank 5, transport 0
nid005015:84673:84673 [5] NCCL INFO Connected to proxy localRank 5 -> connection 0x15246c002488
nid005016:25504:25504 [4] NCCL INFO Channel 07/2 : 12[d1000] -> 13[d6000] via P2P/IPC comm 0x55a5f2721eb0 nRanks 16
nid005016:25504:25584 [4] NCCL INFO New proxy send connection 35 from local rank 4, transport 0
nid005016:25504:25504 [4] NCCL INFO Connected to proxy localRank 4 -> connection 0x1505b4002488
nid005016:25506:25582 [5] NCCL INFO New proxy recv connection 36 from local rank 5, transport 0
nid005015:84670:84759 [1] NCCL INFO New proxy recv connection 36 from local rank 1, transport 0
nid005015:84670:84670 [1] NCCL INFO Connected to proxy localRank 1 -> connection 0x14f2f0002500
nid005016:25506:25506 [5] NCCL INFO Connected to proxy localRank 5 -> connection 0x14d034002500
nid005016:25503:25503 [0] NCCL INFO Channel 07/2 : 8[c1000] -> 9[c6000] via P2P/IPC comm 0x559b5184e290 nRanks 16
nid005016:25503:25594 [0] NCCL INFO New proxy send connection 35 from local rank 0, transport 0
nid005016:25503:25503 [0] NCCL INFO Connected to proxy localRank 0 -> connection 0x146990002488
nid005016:25501:25501 [2] NCCL INFO Channel 06/2 : 10[c9000] -> 11[ce000] via P2P/IPC comm 0x555ff8c8b210 nRanks 16
nid005015:84671:84671 [2] NCCL INFO Channel 07/2 : 2[c9000] -> 3[ce000] via P2P/IPC comm 0x55e4f5192260 nRanks 16
nid005015:84671:84762 [2] NCCL INFO New proxy send connection 35 from local rank 2, transport 0
nid005015:84671:84671 [2] NCCL INFO Connected to proxy localRank 2 -> connection 0x15483c002488
nid005016:25501:25586 [2] NCCL INFO New proxy send connection 35 from local rank 2, transport 0
nid005016:25501:25501 [2] NCCL INFO Connected to proxy localRank 2 -> connection 0x145fb0002488
nid005015:84669:84669 [0] NCCL INFO Channel 06/2 : 0[c1000] -> 1[c6000] via P2P/IPC comm 0x562e98837a90 nRanks 16
nid005015:84669:84770 [0] NCCL INFO New proxy send connection 35 from local rank 0, transport 0
nid005015:84669:84669 [0] NCCL INFO Connected to proxy localRank 0 -> connection 0x1470b4002488
nid005015:84676:84676 [6] NCCL INFO Channel 07/2 : 6[d9000] -> 7[de000] via P2P/IPC comm 0x55b07f219f80 nRanks 16
nid005015:84676:84760 [6] NCCL INFO New proxy send connection 35 from local rank 6, transport 0
nid005015:84676:84676 [6] NCCL INFO Connected to proxy localRank 6 -> connection 0x147878002488
nid005016:25507:25581 [7] NCCL INFO New proxy recv connection 36 from local rank 7, transport 0
nid005016:25507:25507 [7] NCCL INFO Connected to proxy localRank 7 -> connection 0x152014002500
nid005016:25505:25583 [3] NCCL INFO New proxy recv connection 35 from local rank 3, transport 0
nid005016:25505:25505 [3] NCCL INFO Connected to proxy localRank 3 -> connection 0x146b80002488
nid005016:25500:25500 [6] NCCL INFO Channel 06/2 : 14[d9000] -> 15[de000] via P2P/IPC comm 0x5618b7deb810 nRanks 16
nid005016:25502:25593 [1] NCCL INFO New proxy recv connection 35 from local rank 1, transport 0
nid005016:25500:25585 [6] NCCL INFO New proxy send connection 35 from local rank 6, transport 0
nid005016:25500:25500 [6] NCCL INFO Connected to proxy localRank 6 -> connection 0x14e420002488
nid005016:25502:25502 [1] NCCL INFO Connected to proxy localRank 1 -> connection 0x145f6c002488
nid005015:84675:84756 [7] NCCL INFO New proxy recv connection 35 from local rank 7, transport 0
nid005015:84675:84675 [7] NCCL INFO Connected to proxy localRank 7 -> connection 0x14e38c002488
nid005015:84672:84758 [3] NCCL INFO New proxy recv connection 35 from local rank 3, transport 0
nid005015:84672:84672 [3] NCCL INFO Connected to proxy localRank 3 -> connection 0x14719c002488
nid005015:84674:84674 [4] NCCL INFO Channel 09/2 : 4[d1000] -> 5[d6000] via P2P/IPC comm 0x562b43d12c80 nRanks 16
nid005015:84673:84757 [5] NCCL INFO New proxy recv connection 36 from local rank 5, transport 0
nid005015:84673:84673 [5] NCCL INFO Connected to proxy localRank 5 -> connection 0x15246c002500
nid005015:84674:84761 [4] NCCL INFO New proxy send connection 36 from local rank 4, transport 0
nid005015:84674:84674 [4] NCCL INFO Connected to proxy localRank 4 -> connection 0x152cc4002500
nid005016:25506:25582 [5] NCCL INFO New proxy recv connection 37 from local rank 5, transport 0
nid005016:25506:25506 [5] NCCL INFO Connected to proxy localRank 5 -> connection 0x14d034002578
nid005015:84670:84759 [1] NCCL INFO New proxy recv connection 37 from local rank 1, transport 0
nid005015:84670:84670 [1] NCCL INFO Connected to proxy localRank 1 -> connection 0x14f2f0002578
nid005016:25504:25504 [4] NCCL INFO Channel 08/2 : 12[d1000] -> 13[d6000] via P2P/IPC comm 0x55a5f2721eb0 nRanks 16
nid005016:25504:25584 [4] NCCL INFO New proxy send connection 36 from local rank 4, transport 0
nid005016:25504:25504 [4] NCCL INFO Connected to proxy localRank 4 -> connection 0x1505b4002500
nid005016:25503:25503 [0] NCCL INFO Channel 09/2 : 8[c1000] -> 9[c6000] via P2P/IPC comm 0x559b5184e290 nRanks 16
nid005016:25503:25594 [0] NCCL INFO New proxy send connection 36 from local rank 0, transport 0
nid005016:25503:25503 [0] NCCL INFO Connected to proxy localRank 0 -> connection 0x146990002500
nid005016:25507:25581 [7] NCCL INFO New proxy recv connection 37 from local rank 7, transport 0
nid005016:25507:25507 [7] NCCL INFO Connected to proxy localRank 7 -> connection 0x152014002578
nid005015:84671:84671 [2] NCCL INFO Channel 09/2 : 2[c9000] -> 3[ce000] via P2P/IPC comm 0x55e4f5192260 nRanks 16
nid005016:25501:25501 [2] NCCL INFO Channel 08/2 : 10[c9000] -> 11[ce000] via P2P/IPC comm 0x555ff8c8b210 nRanks 16
nid005015:84671:84762 [2] NCCL INFO New proxy send connection 36 from local rank 2, transport 0
nid005015:84671:84671 [2] NCCL INFO Connected to proxy localRank 2 -> connection 0x15483c002500
nid005015:84669:84669 [0] NCCL INFO Channel 08/2 : 0[c1000] -> 1[c6000] via P2P/IPC comm 0x562e98837a90 nRanks 16
nid005015:84669:84770 [0] NCCL INFO New proxy send connection 36 from local rank 0, transport 0
nid005015:84669:84669 [0] NCCL INFO Connected to proxy localRank 0 -> connection 0x1470b4002500
nid005016:25501:25586 [2] NCCL INFO New proxy send connection 36 from local rank 2, transport 0
nid005016:25501:25501 [2] NCCL INFO Connected to proxy localRank 2 -> connection 0x145fb0002500
nid005015:84676:84676 [6] NCCL INFO Channel 08/2 : 6[d9000] -> 7[de000] via P2P/IPC comm 0x55b07f219f80 nRanks 16
nid005015:84676:84760 [6] NCCL INFO New proxy send connection 36 from local rank 6, transport 0
nid005015:84676:84676 [6] NCCL INFO Connected to proxy localRank 6 -> connection 0x147878002500
nid005016:25505:25583 [3] NCCL INFO New proxy recv connection 36 from local rank 3, transport 0
nid005016:25505:25505 [3] NCCL INFO Connected to proxy localRank 3 -> connection 0x146b80002500
nid005016:25502:25593 [1] NCCL INFO New proxy recv connection 36 from local rank 1, transport 0
nid005016:25502:25502 [1] NCCL INFO Connected to proxy localRank 1 -> connection 0x145f6c002500
nid005016:25500:25500 [6] NCCL INFO Channel 09/2 : 14[d9000] -> 15[de000] via P2P/IPC comm 0x5618b7deb810 nRanks 16
nid005016:25500:25585 [6] NCCL INFO New proxy send connection 36 from local rank 6, transport 0
nid005016:25500:25500 [6] NCCL INFO Connected to proxy localRank 6 -> connection 0x14e420002500
nid005015:84675:84756 [7] NCCL INFO New proxy recv connection 36 from local rank 7, transport 0
nid005015:84675:84675 [7] NCCL INFO Connected to proxy localRank 7 -> connection 0x14e38c002500
nid005015:84670:84759 [1] NCCL INFO New proxy recv connection 38 from local rank 1, transport 0
nid005015:84670:84670 [1] NCCL INFO Connected to proxy localRank 1 -> connection 0x14f2f00025f0
nid005016:25506:25582 [5] NCCL INFO New proxy recv connection 38 from local rank 5, transport 0
nid005016:25506:25506 [5] NCCL INFO Connected to proxy localRank 5 -> connection 0x14d0340025f0
nid005015:84674:84674 [4] NCCL INFO Channel 10/2 : 4[d1000] -> 5[d6000] via P2P/IPC comm 0x562b43d12c80 nRanks 16
nid005015:84673:84757 [5] NCCL INFO New proxy recv connection 37 from local rank 5, transport 0
nid005015:84673:84673 [5] NCCL INFO Connected to proxy localRank 5 -> connection 0x15246c002578
nid005015:84674:84761 [4] NCCL INFO New proxy send connection 37 from local rank 4, transport 0
nid005015:84672:84758 [3] NCCL INFO New proxy recv connection 36 from local rank 3, transport 0
nid005015:84672:84672 [3] NCCL INFO Connected to proxy localRank 3 -> connection 0x14719c002500
nid005015:84674:84674 [4] NCCL INFO Connected to proxy localRank 4 -> connection 0x152cc4002578
nid005016:25504:25504 [4] NCCL INFO Channel 11/2 : 12[d1000] -> 13[d6000] via P2P/IPC comm 0x55a5f2721eb0 nRanks 16
nid005016:25504:25584 [4] NCCL INFO New proxy send connection 37 from local rank 4, transport 0
nid005016:25504:25504 [4] NCCL INFO Connected to proxy localRank 4 -> connection 0x1505b4002578
nid005016:25507:25581 [7] NCCL INFO New proxy recv connection 38 from local rank 7, transport 0
nid005016:25507:25507 [7] NCCL INFO Connected to proxy localRank 7 -> connection 0x1520140025f0
nid005016:25503:25503 [0] NCCL INFO Channel 11/2 : 8[c1000] -> 9[c6000] via P2P/IPC comm 0x559b5184e290 nRanks 16
nid005016:25503:25594 [0] NCCL INFO New proxy send connection 37 from local rank 0, transport 0
nid005016:25503:25503 [0] NCCL INFO Connected to proxy localRank 0 -> connection 0x146990002578
nid005015:84671:84671 [2] NCCL INFO Channel 11/2 : 2[c9000] -> 3[ce000] via P2P/IPC comm 0x55e4f5192260 nRanks 16
nid005015:84671:84762 [2] NCCL INFO New proxy send connection 37 from local rank 2, transport 0
nid005015:84671:84671 [2] NCCL INFO Connected to proxy localRank 2 -> connection 0x15483c002578
nid005015:84669:84669 [0] NCCL INFO Channel 10/2 : 0[c1000] -> 1[c6000] via P2P/IPC comm 0x562e98837a90 nRanks 16
nid005015:84669:84770 [0] NCCL INFO New proxy send connection 37 from local rank 0, transport 0
nid005015:84669:84669 [0] NCCL INFO Connected to proxy localRank 0 -> connection 0x1470b4002578
nid005016:25501:25501 [2] NCCL INFO Channel 10/2 : 10[c9000] -> 11[ce000] via P2P/IPC comm 0x555ff8c8b210 nRanks 16
nid005016:25501:25586 [2] NCCL INFO New proxy send connection 37 from local rank 2, transport 0
nid005016:25501:25501 [2] NCCL INFO Connected to proxy localRank 2 -> connection 0x145fb0002578
nid005015:84676:84676 [6] NCCL INFO Channel 11/2 : 6[d9000] -> 7[de000] via P2P/IPC comm 0x55b07f219f80 nRanks 16
nid005015:84676:84760 [6] NCCL INFO New proxy send connection 37 from local rank 6, transport 0
nid005015:84670:84759 [1] NCCL INFO New proxy recv connection 39 from local rank 1, transport 0
nid005015:84670:84670 [1] NCCL INFO Connected to proxy localRank 1 -> connection 0x14f2f0002668
nid005015:84676:84676 [6] NCCL INFO Connected to proxy localRank 6 -> connection 0x147878002578
nid005016:25506:25582 [5] NCCL INFO New proxy recv connection 39 from local rank 5, transport 0
nid005016:25506:25506 [5] NCCL INFO Connected to proxy localRank 5 -> connection 0x14d034002668
nid005016:25505:25583 [3] NCCL INFO New proxy recv connection 37 from local rank 3, transport 0
nid005016:25505:25505 [3] NCCL INFO Connected to proxy localRank 3 -> connection 0x146b80002578
nid005016:25502:25593 [1] NCCL INFO New proxy recv connection 37 from local rank 1, transport 0
nid005016:25502:25502 [1] NCCL INFO Connected to proxy localRank 1 -> connection 0x145f6c002578
nid005016:25500:25500 [6] NCCL INFO Channel 10/2 : 14[d9000] -> 15[de000] via P2P/IPC comm 0x5618b7deb810 nRanks 16
nid005016:25500:25585 [6] NCCL INFO New proxy send connection 37 from local rank 6, transport 0
nid005016:25500:25500 [6] NCCL INFO Connected to proxy localRank 6 -> connection 0x14e420002578
nid005015:84673:84757 [5] NCCL INFO New proxy recv connection 38 from local rank 5, transport 0
nid005015:84673:84673 [5] NCCL INFO Connected to proxy localRank 5 -> connection 0x15246c0025f0
nid005015:84674:84674 [4] NCCL INFO Channel 13/2 : 4[d1000] -> 5[d6000] via P2P/IPC comm 0x562b43d12c80 nRanks 16
nid005015:84675:84756 [7] NCCL INFO New proxy recv connection 37 from local rank 7, transport 0
nid005015:84675:84675 [7] NCCL INFO Connected to proxy localRank 7 -> connection 0x14e38c002578
nid005015:84674:84761 [4] NCCL INFO New proxy send connection 38 from local rank 4, transport 0
nid005015:84674:84674 [4] NCCL INFO Connected to proxy localRank 4 -> connection 0x152cc40025f0
nid005015:84672:84758 [3] NCCL INFO New proxy recv connection 37 from local rank 3, transport 0
nid005015:84672:84672 [3] NCCL INFO Connected to proxy localRank 3 -> connection 0x14719c002578
nid005016:25504:25504 [4] NCCL INFO Channel 12/2 : 12[d1000] -> 13[d6000] via P2P/IPC comm 0x55a5f2721eb0 nRanks 16
nid005016:25504:25584 [4] NCCL INFO New proxy send connection 38 from local rank 4, transport 0
nid005016:25504:25504 [4] NCCL INFO Connected to proxy localRank 4 -> connection 0x1505b40025f0
nid005016:25507:25581 [7] NCCL INFO New proxy recv connection 39 from local rank 7, transport 0
nid005016:25507:25507 [7] NCCL INFO Connected to proxy localRank 7 -> connection 0x152014002668
nid005015:84671:84671 [2] NCCL INFO Channel 13/2 : 2[c9000] -> 3[ce000] via P2P/IPC comm 0x55e4f5192260 nRanks 16
nid005015:84669:84669 [0] NCCL INFO Channel 12/2 : 0[c1000] -> 1[c6000] via P2P/IPC comm 0x562e98837a90 nRanks 16
nid005015:84671:84762 [2] NCCL INFO New proxy send connection 38 from local rank 2, transport 0
nid005015:84671:84671 [2] NCCL INFO Connected to proxy localRank 2 -> connection 0x15483c0025f0
nid005015:84669:84770 [0] NCCL INFO New proxy send connection 38 from local rank 0, transport 0
nid005015:84669:84669 [0] NCCL INFO Connected to proxy localRank 0 -> connection 0x1470b40025f0
nid005015:84673:84757 [5] NCCL INFO New proxy recv connection 39 from local rank 5, transport 0
nid005015:84673:84673 [5] NCCL INFO Connected to proxy localRank 5 -> connection 0x15246c002668
nid005015:84674:84674 [4] NCCL INFO Channel 14/2 : 4[d1000] -> 5[d6000] via P2P/IPC comm 0x562b43d12c80 nRanks 16
nid005015:84674:84761 [4] NCCL INFO New proxy send connection 39 from local rank 4, transport 0
nid005015:84674:84674 [4] NCCL INFO Connected to proxy localRank 4 -> connection 0x152cc4002668
nid005015:84675:84756 [7] NCCL INFO New proxy recv connection 38 from local rank 7, transport 0
nid005015:84675:84675 [7] NCCL INFO Connected to proxy localRank 7 -> connection 0x14e38c0025f0
nid005016:25503:25503 [0] NCCL INFO Channel 13/2 : 8[c1000] -> 9[c6000] via P2P/IPC comm 0x559b5184e290 nRanks 16
nid005016:25503:25594 [0] NCCL INFO New proxy send connection 38 from local rank 0, transport 0
nid005016:25503:25503 [0] NCCL INFO Connected to proxy localRank 0 -> connection 0x1469900025f0
nid005016:25501:25501 [2] NCCL INFO Channel 12/2 : 10[c9000] -> 11[ce000] via P2P/IPC comm 0x555ff8c8b210 nRanks 16
nid005016:25501:25586 [2] NCCL INFO New proxy send connection 38 from local rank 2, transport 0
nid005016:25501:25501 [2] NCCL INFO Connected to proxy localRank 2 -> connection 0x145fb00025f0
nid005016:25505:25583 [3] NCCL INFO New proxy recv connection 38 from local rank 3, transport 0
nid005016:25505:25505 [3] NCCL INFO Connected to proxy localRank 3 -> connection 0x146b800025f0
nid005016:25502:25593 [1] NCCL INFO New proxy recv connection 38 from local rank 1, transport 0
nid005016:25502:25502 [1] NCCL INFO Connected to proxy localRank 1 -> connection 0x145f6c0025f0
nid005016:25500:25500 [6] NCCL INFO Channel 13/2 : 14[d9000] -> 15[de000] via P2P/IPC comm 0x5618b7deb810 nRanks 16
nid005016:25500:25585 [6] NCCL INFO New proxy send connection 38 from local rank 6, transport 0
nid005016:25500:25500 [6] NCCL INFO Connected to proxy localRank 6 -> connection 0x14e4200025f0
nid005016:25504:25504 [4] NCCL INFO Channel 15/2 : 12[d1000] -> 13[d6000] via P2P/IPC comm 0x55a5f2721eb0 nRanks 16
nid005016:25504:25584 [4] NCCL INFO New proxy send connection 39 from local rank 4, transport 0
nid005016:25504:25504 [4] NCCL INFO Connected to proxy localRank 4 -> connection 0x1505b4002668
nid005015:84676:84676 [6] NCCL INFO Channel 12/2 : 6[d9000] -> 7[de000] via P2P/IPC comm 0x55b07f219f80 nRanks 16
nid005015:84676:84760 [6] NCCL INFO New proxy send connection 38 from local rank 6, transport 0
nid005015:84676:84676 [6] NCCL INFO Connected to proxy localRank 6 -> connection 0x1478780025f0
nid005015:84672:84758 [3] NCCL INFO New proxy recv connection 38 from local rank 3, transport 0
nid005015:84672:84672 [3] NCCL INFO Connected to proxy localRank 3 -> connection 0x14719c0025f0
nid005016:25503:25503 [0] NCCL INFO Channel 15/2 : 8[c1000] -> 9[c6000] via P2P/IPC comm 0x559b5184e290 nRanks 16
nid005016:25503:25594 [0] NCCL INFO New proxy send connection 39 from local rank 0, transport 0
nid005016:25503:25503 [0] NCCL INFO Connected to proxy localRank 0 -> connection 0x146990002668
nid005015:84669:84669 [0] NCCL INFO Channel 14/2 : 0[c1000] -> 1[c6000] via P2P/IPC comm 0x562e98837a90 nRanks 16
nid005015:84669:84770 [0] NCCL INFO New proxy send connection 39 from local rank 0, transport 0
nid005015:84669:84669 [0] NCCL INFO Connected to proxy localRank 0 -> connection 0x1470b4002668
nid005015:84671:84671 [2] NCCL INFO Channel 15/2 : 2[c9000] -> 3[ce000] via P2P/IPC comm 0x55e4f5192260 nRanks 16
nid005015:84671:84762 [2] NCCL INFO New proxy send connection 39 from local rank 2, transport 0
nid005015:84671:84671 [2] NCCL INFO Connected to proxy localRank 2 -> connection 0x15483c002668
nid005015:84674:84761 [4] NCCL INFO New proxy recv connection 40 from local rank 4, transport 0
nid005015:84674:84674 [4] NCCL INFO Connected to proxy localRank 4 -> connection 0x152cc40026e0
nid005015:84673:84757 [5] NCCL INFO New proxy recv connection 40 from local rank 5, transport 0
nid005016:25505:25583 [3] NCCL INFO New proxy recv connection 39 from local rank 3, transport 0
nid005015:84673:84673 [5] NCCL INFO Connected to proxy localRank 5 -> connection 0x15246c0026e0
nid005016:25505:25505 [3] NCCL INFO Connected to proxy localRank 3 -> connection 0x146b80002668
nid005016:25501:25501 [2] NCCL INFO Channel 14/2 : 10[c9000] -> 11[ce000] via P2P/IPC comm 0x555ff8c8b210 nRanks 16
nid005016:25501:25586 [2] NCCL INFO New proxy send connection 39 from local rank 2, transport 0
nid005016:25501:25501 [2] NCCL INFO Connected to proxy localRank 2 -> connection 0x145fb0002668
nid005016:25502:25593 [1] NCCL INFO New proxy recv connection 39 from local rank 1, transport 0
nid005016:25502:25502 [1] NCCL INFO Connected to proxy localRank 1 -> connection 0x145f6c002668
nid005016:25500:25500 [6] NCCL INFO Channel 14/2 : 14[d9000] -> 15[de000] via P2P/IPC comm 0x5618b7deb810 nRanks 16
nid005016:25500:25585 [6] NCCL INFO New proxy send connection 39 from local rank 6, transport 0
nid005016:25500:25500 [6] NCCL INFO Connected to proxy localRank 6 -> connection 0x14e420002668
nid005015:84675:84756 [7] NCCL INFO New proxy recv connection 39 from local rank 7, transport 0
nid005015:84675:84675 [7] NCCL INFO Connected to proxy localRank 7 -> connection 0x14e38c002668
nid005016:25506:25582 [5] NCCL INFO New proxy recv connection 40 from local rank 5, transport 0
nid005016:25506:25506 [5] NCCL INFO Connected to proxy localRank 5 -> connection 0x14d0340026e0
nid005016:25504:25584 [4] NCCL INFO New proxy recv connection 40 from local rank 4, transport 0
nid005016:25504:25504 [4] NCCL INFO Connected to proxy localRank 4 -> connection 0x1505b40026e0
nid005015:84676:84676 [6] NCCL INFO Channel 15/2 : 6[d9000] -> 7[de000] via P2P/IPC comm 0x55b07f219f80 nRanks 16
nid005015:84676:84760 [6] NCCL INFO New proxy send connection 39 from local rank 6, transport 0
nid005015:84676:84676 [6] NCCL INFO Connected to proxy localRank 6 -> connection 0x147878002668
nid005015:84672:84758 [3] NCCL INFO New proxy recv connection 39 from local rank 3, transport 0
nid005015:84672:84672 [3] NCCL INFO Connected to proxy localRank 3 -> connection 0x14719c002668
nid005015:84674:84761 [4] NCCL INFO New proxy recv connection 41 from local rank 4, transport 0
nid005015:84674:84674 [4] NCCL INFO Connected to proxy localRank 4 -> connection 0x152cc4002758
nid005015:84673:84757 [5] NCCL INFO New proxy recv connection 41 from local rank 5, transport 0
nid005015:84673:84673 [5] NCCL INFO Connected to proxy localRank 5 -> connection 0x15246c002758
nid005015:84670:84670 [1] NCCL INFO Channel 02/2 : 1[c6000] -> 3[ce000] via P2P/IPC comm 0x55f1ace86af0 nRanks 16
nid005015:84670:84759 [1] NCCL INFO New proxy send connection 40 from local rank 1, transport 0
nid005015:84670:84670 [1] NCCL INFO Connected to proxy localRank 1 -> connection 0x14f2f00026e0
nid005015:84669:84669 [0] NCCL INFO Channel 03/2 : 0[c1000] -> 6[d9000] via P2P/IPC comm 0x562e98837a90 nRanks 16
nid005015:84669:84770 [0] NCCL INFO New proxy send connection 40 from local rank 0, transport 0
nid005015:84669:84669 [0] NCCL INFO Connected to proxy localRank 0 -> connection 0x1470b40026e0
nid005016:25506:25582 [5] NCCL INFO New proxy recv connection 41 from local rank 5, transport 0
nid005016:25506:25506 [5] NCCL INFO Connected to proxy localRank 5 -> connection 0x14d034002758
nid005016:25503:25503 [0] NCCL INFO Channel 02/2 : 8[c1000] -> 14[d9000] via P2P/IPC comm 0x559b5184e290 nRanks 16
nid005016:25502:25502 [1] NCCL INFO Channel 03/2 : 9[c6000] -> 11[ce000] via P2P/IPC comm 0x559172af0110 nRanks 16
nid005016:25503:25594 [0] NCCL INFO New proxy send connection 40 from local rank 0, transport 0
nid005016:25503:25503 [0] NCCL INFO Connected to proxy localRank 0 -> connection 0x1469900026e0
nid005016:25502:25593 [1] NCCL INFO New proxy send connection 40 from local rank 1, transport 0
nid005016:25502:25502 [1] NCCL INFO Connected to proxy localRank 1 -> connection 0x145f6c0026e0
nid005016:25501:25501 [2] NCCL INFO Channel 03/2 : 10[c9000] -> 12[d1000] via P2P/IPC comm 0x555ff8c8b210 nRanks 16
nid005016:25505:25583 [3] NCCL INFO New proxy recv connection 40 from local rank 3, transport 0
nid005016:25505:25505 [3] NCCL INFO Connected to proxy localRank 3 -> connection 0x146b800026e0
nid005016:25501:25586 [2] NCCL INFO New proxy send connection 40 from local rank 2, transport 0
nid005016:25501:25501 [2] NCCL INFO Connected to proxy localRank 2 -> connection 0x145fb00026e0
nid005016:25507:25581 [7] NCCL INFO New proxy recv connection 40 from local rank 7, transport 0
nid005016:25507:25507 [7] NCCL INFO Connected to proxy localRank 7 -> connection 0x1520140026e0
nid005016:25500:25585 [6] NCCL INFO New proxy recv connection 40 from local rank 6, transport 0
nid005016:25500:25500 [6] NCCL INFO Connected to proxy localRank 6 -> connection 0x14e4200026e0
nid005016:25504:25584 [4] NCCL INFO New proxy recv connection 41 from local rank 4, transport 0
nid005016:25504:25504 [4] NCCL INFO Connected to proxy localRank 4 -> connection 0x1505b4002758
nid005015:84675:84756 [7] NCCL INFO New proxy recv connection 40 from local rank 7, transport 0
nid005015:84676:84760 [6] NCCL INFO New proxy recv connection 40 from local rank 6, transport 0
nid005015:84675:84675 [7] NCCL INFO Connected to proxy localRank 7 -> connection 0x14e38c0026e0
nid005015:84676:84676 [6] NCCL INFO Connected to proxy localRank 6 -> connection 0x1478780026e0
nid005015:84671:84671 [2] NCCL INFO Channel 02/2 : 2[c9000] -> 4[d1000] via P2P/IPC comm 0x55e4f5192260 nRanks 16
nid005015:84671:84762 [2] NCCL INFO New proxy send connection 40 from local rank 2, transport 0
nid005015:84672:84758 [3] NCCL INFO New proxy recv connection 40 from local rank 3, transport 0
nid005015:84672:84672 [3] NCCL INFO Connected to proxy localRank 3 -> connection 0x14719c0026e0
nid005015:84671:84671 [2] NCCL INFO Connected to proxy localRank 2 -> connection 0x15483c0026e0
nid005015:84670:84670 [1] NCCL INFO Channel 06/2 : 1[c6000] -> 3[ce000] via P2P/IPC comm 0x55f1ace86af0 nRanks 16
nid005015:84674:84761 [4] NCCL INFO New proxy recv connection 42 from local rank 4, transport 0
nid005015:84670:84759 [1] NCCL INFO New proxy send connection 41 from local rank 1, transport 0
nid005015:84670:84670 [1] NCCL INFO Connected to proxy localRank 1 -> connection 0x14f2f0002758
nid005015:84674:84674 [4] NCCL INFO Connected to proxy localRank 4 -> connection 0x152cc40027d0
nid005015:84673:84757 [5] NCCL INFO New proxy recv connection 42 from local rank 5, transport 0
nid005015:84673:84673 [5] NCCL INFO Connected to proxy localRank 5 -> connection 0x15246c0027d0
nid005016:25506:25582 [5] NCCL INFO New proxy recv connection 42 from local rank 5, transport 0
nid005016:25506:25506 [5] NCCL INFO Connected to proxy localRank 5 -> connection 0x14d0340027d0
nid005015:84669:84669 [0] NCCL INFO Channel 07/2 : 0[c1000] -> 6[d9000] via P2P/IPC comm 0x562e98837a90 nRanks 16
nid005016:25507:25581 [7] NCCL INFO New proxy recv connection 41 from local rank 7, transport 0
nid005016:25507:25507 [7] NCCL INFO Connected to proxy localRank 7 -> connection 0x152014002758
nid005015:84669:84770 [0] NCCL INFO New proxy send connection 41 from local rank 0, transport 0
nid005015:84669:84669 [0] NCCL INFO Connected to proxy localRank 0 -> connection 0x1470b4002758
nid005016:25502:25502 [1] NCCL INFO Channel 07/2 : 9[c6000] -> 11[ce000] via P2P/IPC comm 0x559172af0110 nRanks 16
nid005016:25504:25584 [4] NCCL INFO New proxy recv connection 42 from local rank 4, transport 0
nid005016:25502:25593 [1] NCCL INFO New proxy send connection 41 from local rank 1, transport 0
nid005016:25502:25502 [1] NCCL INFO Connected to proxy localRank 1 -> connection 0x145f6c002758
nid005016:25504:25504 [4] NCCL INFO Connected to proxy localRank 4 -> connection 0x1505b40027d0
nid005016:25503:25503 [0] NCCL INFO Channel 06/2 : 8[c1000] -> 14[d9000] via P2P/IPC comm 0x559b5184e290 nRanks 16
nid005016:25503:25594 [0] NCCL INFO New proxy send connection 41 from local rank 0, transport 0
nid005016:25505:25583 [3] NCCL INFO New proxy recv connection 41 from local rank 3, transport 0
nid005016:25503:25503 [0] NCCL INFO Connected to proxy localRank 0 -> connection 0x146990002758
nid005016:25505:25505 [3] NCCL INFO Connected to proxy localRank 3 -> connection 0x146b80002758
nid005016:25501:25501 [2] NCCL INFO Channel 07/2 : 10[c9000] -> 12[d1000] via P2P/IPC comm 0x555ff8c8b210 nRanks 16
nid005016:25501:25586 [2] NCCL INFO New proxy send connection 41 from local rank 2, transport 0
nid005016:25501:25501 [2] NCCL INFO Connected to proxy localRank 2 -> connection 0x145fb0002758
nid005016:25500:25585 [6] NCCL INFO New proxy recv connection 41 from local rank 6, transport 0
nid005016:25500:25500 [6] NCCL INFO Connected to proxy localRank 6 -> connection 0x14e420002758
nid005015:84676:84760 [6] NCCL INFO New proxy recv connection 41 from local rank 6, transport 0
nid005015:84676:84676 [6] NCCL INFO Connected to proxy localRank 6 -> connection 0x147878002758
nid005015:84670:84670 [1] NCCL INFO Channel 10/2 : 1[c6000] -> 3[ce000] via P2P/IPC comm 0x55f1ace86af0 nRanks 16
nid005015:84670:84759 [1] NCCL INFO New proxy send connection 42 from local rank 1, transport 0
nid005015:84670:84670 [1] NCCL INFO Connected to proxy localRank 1 -> connection 0x14f2f00027d0
nid005015:84675:84756 [7] NCCL INFO New proxy recv connection 41 from local rank 7, transport 0
nid005015:84675:84675 [7] NCCL INFO Connected to proxy localRank 7 -> connection 0x14e38c002758
nid005015:84674:84761 [4] NCCL INFO New proxy recv connection 43 from local rank 4, transport 0
nid005015:84674:84674 [4] NCCL INFO Connected to proxy localRank 4 -> connection 0x152cc4002848
nid005016:25506:25582 [5] NCCL INFO New proxy recv connection 43 from local rank 5, transport 0
nid005016:25506:25506 [5] NCCL INFO Connected to proxy localRank 5 -> connection 0x14d034002848
nid005015:84673:84757 [5] NCCL INFO New proxy recv connection 43 from local rank 5, transport 0
nid005015:84673:84673 [5] NCCL INFO Connected to proxy localRank 5 -> connection 0x15246c002848
nid005015:84671:84671 [2] NCCL INFO Channel 06/2 : 2[c9000] -> 4[d1000] via P2P/IPC comm 0x55e4f5192260 nRanks 16
nid005015:84671:84762 [2] NCCL INFO New proxy send connection 41 from local rank 2, transport 0
nid005015:84671:84671 [2] NCCL INFO Connected to proxy localRank 2 -> connection 0x15483c002758
nid005016:25507:25581 [7] NCCL INFO New proxy recv connection 42 from local rank 7, transport 0
nid005016:25507:25507 [7] NCCL INFO Connected to proxy localRank 7 -> connection 0x1520140027d0
nid005015:84672:84758 [3] NCCL INFO New proxy recv connection 41 from local rank 3, transport 0
nid005015:84672:84672 [3] NCCL INFO Connected to proxy localRank 3 -> connection 0x14719c002758
nid005015:84669:84669 [0] NCCL INFO Channel 11/2 : 0[c1000] -> 6[d9000] via P2P/IPC comm 0x562e98837a90 nRanks 16
nid005015:84669:84770 [0] NCCL INFO New proxy send connection 42 from local rank 0, transport 0
nid005015:84669:84669 [0] NCCL INFO Connected to proxy localRank 0 -> connection 0x1470b40027d0
nid005016:25504:25584 [4] NCCL INFO New proxy recv connection 43 from local rank 4, transport 0
nid005016:25504:25504 [4] NCCL INFO Connected to proxy localRank 4 -> connection 0x1505b4002848
nid005016:25505:25583 [3] NCCL INFO New proxy recv connection 42 from local rank 3, transport 0
nid005016:25505:25505 [3] NCCL INFO Connected to proxy localRank 3 -> connection 0x146b800027d0
nid005016:25503:25503 [0] NCCL INFO Channel 10/2 : 8[c1000] -> 14[d9000] via P2P/IPC comm 0x559b5184e290 nRanks 16
nid005016:25502:25502 [1] NCCL INFO Channel 11/2 : 9[c6000] -> 11[ce000] via P2P/IPC comm 0x559172af0110 nRanks 16
nid005016:25501:25501 [2] NCCL INFO Channel 11/2 : 10[c9000] -> 12[d1000] via P2P/IPC comm 0x555ff8c8b210 nRanks 16
nid005016:25503:25594 [0] NCCL INFO New proxy send connection 42 from local rank 0, transport 0
nid005016:25502:25593 [1] NCCL INFO New proxy send connection 42 from local rank 1, transport 0
nid005016:25502:25502 [1] NCCL INFO Connected to proxy localRank 1 -> connection 0x145f6c0027d0
nid005016:25503:25503 [0] NCCL INFO Connected to proxy localRank 0 -> connection 0x1469900027d0
nid005016:25501:25586 [2] NCCL INFO New proxy send connection 42 from local rank 2, transport 0
nid005016:25501:25501 [2] NCCL INFO Connected to proxy localRank 2 -> connection 0x145fb00027d0
nid005015:84670:84670 [1] NCCL INFO Channel 14/2 : 1[c6000] -> 3[ce000] via P2P/IPC comm 0x55f1ace86af0 nRanks 16
nid005016:25500:25585 [6] NCCL INFO New proxy recv connection 42 from local rank 6, transport 0
nid005015:84670:84759 [1] NCCL INFO New proxy send connection 43 from local rank 1, transport 0
nid005016:25500:25500 [6] NCCL INFO Connected to proxy localRank 6 -> connection 0x14e4200027d0
nid005015:84670:84670 [1] NCCL INFO Connected to proxy localRank 1 -> connection 0x14f2f0002848
nid005015:84676:84760 [6] NCCL INFO New proxy recv connection 42 from local rank 6, transport 0
nid005015:84676:84676 [6] NCCL INFO Connected to proxy localRank 6 -> connection 0x1478780027d0
nid005015:84674:84674 [4] NCCL INFO Channel 00/2 : 4[d1000] -> 6[d9000] via P2P/IPC comm 0x562b43d12c80 nRanks 16
nid005015:84674:84761 [4] NCCL INFO New proxy send connection 44 from local rank 4, transport 0
nid005015:84674:84674 [4] NCCL INFO Connected to proxy localRank 4 -> connection 0x152cc40028c0
nid005016:25507:25581 [7] NCCL INFO New proxy recv connection 43 from local rank 7, transport 0
nid005016:25507:25507 [7] NCCL INFO Connected to proxy localRank 7 -> connection 0x152014002848
nid005015:84675:84756 [7] NCCL INFO New proxy recv connection 42 from local rank 7, transport 0
nid005015:84675:84675 [7] NCCL INFO Connected to proxy localRank 7 -> connection 0x14e38c0027d0
nid005015:84671:84671 [2] NCCL INFO Channel 10/2 : 2[c9000] -> 4[d1000] via P2P/IPC comm 0x55e4f5192260 nRanks 16
nid005015:84671:84762 [2] NCCL INFO New proxy send connection 42 from local rank 2, transport 0
nid005015:84671:84671 [2] NCCL INFO Connected to proxy localRank 2 -> connection 0x15483c0027d0
nid005015:84672:84758 [3] NCCL INFO New proxy recv connection 42 from local rank 3, transport 0
nid005015:84672:84672 [3] NCCL INFO Connected to proxy localRank 3 -> connection 0x14719c0027d0
nid005016:25504:25504 [4] NCCL INFO Channel 01/2 : 12[d1000] -> 14[d9000] via P2P/IPC comm 0x55a5f2721eb0 nRanks 16
nid005016:25504:25584 [4] NCCL INFO New proxy send connection 44 from local rank 4, transport 0
nid005016:25504:25504 [4] NCCL INFO Connected to proxy localRank 4 -> connection 0x1505b40028c0
nid005015:84669:84669 [0] NCCL INFO Channel 15/2 : 0[c1000] -> 6[d9000] via P2P/IPC comm 0x562e98837a90 nRanks 16
nid005015:84669:84770 [0] NCCL INFO New proxy send connection 43 from local rank 0, transport 0
nid005015:84669:84669 [0] NCCL INFO Connected to proxy localRank 0 -> connection 0x1470b4002848
nid005016:25501:25501 [2] NCCL INFO Channel 15/2 : 10[c9000] -> 12[d1000] via P2P/IPC comm 0x555ff8c8b210 nRanks 16
nid005016:25501:25586 [2] NCCL INFO New proxy send connection 43 from local rank 2, transport 0
nid005016:25501:25501 [2] NCCL INFO Connected to proxy localRank 2 -> connection 0x145fb0002848
nid005016:25505:25583 [3] NCCL INFO New proxy recv connection 43 from local rank 3, transport 0
nid005016:25505:25505 [3] NCCL INFO Connected to proxy localRank 3 -> connection 0x146b80002848
nid005016:25503:25503 [0] NCCL INFO Channel 14/2 : 8[c1000] -> 14[d9000] via P2P/IPC comm 0x559b5184e290 nRanks 16
nid005016:25503:25594 [0] NCCL INFO New proxy send connection 43 from local rank 0, transport 0
nid005016:25502:25502 [1] NCCL INFO Channel 15/2 : 9[c6000] -> 11[ce000] via P2P/IPC comm 0x559172af0110 nRanks 16
nid005016:25502:25593 [1] NCCL INFO New proxy send connection 43 from local rank 1, transport 0
nid005016:25502:25502 [1] NCCL INFO Connected to proxy localRank 1 -> connection 0x145f6c002848
nid005016:25500:25585 [6] NCCL INFO New proxy recv connection 43 from local rank 6, transport 0
nid005016:25500:25500 [6] NCCL INFO Connected to proxy localRank 6 -> connection 0x14e420002848
nid005016:25503:25503 [0] NCCL INFO Connected to proxy localRank 0 -> connection 0x146990002848
nid005015:84674:84674 [4] NCCL INFO Channel 04/2 : 4[d1000] -> 6[d9000] via P2P/IPC comm 0x562b43d12c80 nRanks 16
nid005015:84674:84761 [4] NCCL INFO New proxy send connection 45 from local rank 4, transport 0
nid005015:84674:84674 [4] NCCL INFO Connected to proxy localRank 4 -> connection 0x152cc4002938
nid005015:84676:84760 [6] NCCL INFO New proxy recv connection 43 from local rank 6, transport 0
nid005015:84676:84676 [6] NCCL INFO Connected to proxy localRank 6 -> connection 0x147878002848
nid005015:84675:84756 [7] NCCL INFO New proxy recv connection 43 from local rank 7, transport 0
nid005015:84675:84675 [7] NCCL INFO Connected to proxy localRank 7 -> connection 0x14e38c002848
nid005015:84671:84671 [2] NCCL INFO Channel 14/2 : 2[c9000] -> 4[d1000] via P2P/IPC comm 0x55e4f5192260 nRanks 16
nid005015:84671:84762 [2] NCCL INFO New proxy send connection 43 from local rank 2, transport 0
nid005015:84671:84671 [2] NCCL INFO Connected to proxy localRank 2 -> connection 0x15483c002848
nid005016:25504:25504 [4] NCCL INFO Channel 05/2 : 12[d1000] -> 14[d9000] via P2P/IPC comm 0x55a5f2721eb0 nRanks 16
nid005016:25504:25584 [4] NCCL INFO New proxy send connection 45 from local rank 4, transport 0
nid005016:25504:25504 [4] NCCL INFO Connected to proxy localRank 4 -> connection 0x1505b4002938
nid005015:84672:84758 [3] NCCL INFO New proxy recv connection 43 from local rank 3, transport 0
nid005015:84672:84672 [3] NCCL INFO Connected to proxy localRank 3 -> connection 0x14719c002848
nid005016:25505:25505 [3] NCCL INFO Channel 00/2 : 11[ce000] -> 15[de000] via P2P/IPC comm 0x561abc4c3f60 nRanks 16
nid005016:25502:25502 [1] NCCL INFO Channel 01/2 : 9[c6000] -> 13[d6000] via P2P/IPC comm 0x559172af0110 nRanks 16
nid005016:25502:25593 [1] NCCL INFO New proxy send connection 44 from local rank 1, transport 0
nid005016:25505:25583 [3] NCCL INFO New proxy send connection 44 from local rank 3, transport 0
nid005016:25502:25502 [1] NCCL INFO Connected to proxy localRank 1 -> connection 0x145f6c0028c0
nid005016:25505:25505 [3] NCCL INFO Connected to proxy localRank 3 -> connection 0x146b800028c0
nid005015:84674:84674 [4] NCCL INFO Channel 08/2 : 4[d1000] -> 6[d9000] via P2P/IPC comm 0x562b43d12c80 nRanks 16
nid005015:84674:84761 [4] NCCL INFO New proxy send connection 46 from local rank 4, transport 0
nid005015:84674:84674 [4] NCCL INFO Connected to proxy localRank 4 -> connection 0x152cc40029b0
nid005016:25504:25504 [4] NCCL INFO Channel 09/2 : 12[d1000] -> 14[d9000] via P2P/IPC comm 0x55a5f2721eb0 nRanks 16
nid005016:25504:25584 [4] NCCL INFO New proxy send connection 46 from local rank 4, transport 0
nid005016:25504:25504 [4] NCCL INFO Connected to proxy localRank 4 -> connection 0x1505b40029b0
nid005015:84670:84670 [1] NCCL INFO Channel 00/2 : 1[c6000] -> 5[d6000] via P2P/IPC comm 0x55f1ace86af0 nRanks 16
nid005015:84670:84759 [1] NCCL INFO New proxy send connection 44 from local rank 1, transport 0
nid005015:84672:84672 [3] NCCL INFO Channel 01/2 : 3[ce000] -> 7[de000] via P2P/IPC comm 0x55a5a4c1d010 nRanks 16
nid005015:84670:84670 [1] NCCL INFO Connected to proxy localRank 1 -> connection 0x14f2f00028c0
nid005015:84672:84758 [3] NCCL INFO New proxy send connection 44 from local rank 3, transport 0
nid005015:84672:84672 [3] NCCL INFO Connected to proxy localRank 3 -> connection 0x14719c0028c0
nid005015:84674:84674 [4] NCCL INFO Channel 12/2 : 4[d1000] -> 6[d9000] via P2P/IPC comm 0x562b43d12c80 nRanks 16
nid005015:84674:84761 [4] NCCL INFO New proxy send connection 47 from local rank 4, transport 0
nid005015:84674:84674 [4] NCCL INFO Connected to proxy localRank 4 -> connection 0x152cc4002a28
nid005016:25505:25505 [3] NCCL INFO Channel 04/2 : 11[ce000] -> 15[de000] via P2P/IPC comm 0x561abc4c3f60 nRanks 16
nid005016:25505:25583 [3] NCCL INFO New proxy send connection 45 from local rank 3, transport 0
nid005016:25502:25502 [1] NCCL INFO Channel 05/2 : 9[c6000] -> 13[d6000] via P2P/IPC comm 0x559172af0110 nRanks 16
nid005016:25505:25505 [3] NCCL INFO Connected to proxy localRank 3 -> connection 0x146b80002938
nid005016:25502:25593 [1] NCCL INFO New proxy send connection 45 from local rank 1, transport 0
nid005016:25502:25502 [1] NCCL INFO Connected to proxy localRank 1 -> connection 0x145f6c002938
nid005015:84670:84670 [1] NCCL INFO Channel 04/2 : 1[c6000] -> 5[d6000] via P2P/IPC comm 0x55f1ace86af0 nRanks 16
nid005015:84670:84759 [1] NCCL INFO New proxy send connection 45 from local rank 1, transport 0
nid005015:84670:84670 [1] NCCL INFO Connected to proxy localRank 1 -> connection 0x14f2f0002938
nid005016:25504:25504 [4] NCCL INFO Channel 13/2 : 12[d1000] -> 14[d9000] via P2P/IPC comm 0x55a5f2721eb0 nRanks 16
nid005016:25504:25584 [4] NCCL INFO New proxy send connection 47 from local rank 4, transport 0
nid005016:25504:25504 [4] NCCL INFO Connected to proxy localRank 4 -> connection 0x1505b4002a28
nid005015:84672:84672 [3] NCCL INFO Channel 05/2 : 3[ce000] -> 7[de000] via P2P/IPC comm 0x55a5a4c1d010 nRanks 16
nid005015:84672:84758 [3] NCCL INFO New proxy send connection 45 from local rank 3, transport 0
nid005015:84672:84672 [3] NCCL INFO Connected to proxy localRank 3 -> connection 0x14719c002938
nid005015:84671:84671 [2] NCCL INFO GPU Direct RDMA Enabled for GPU c9000 / HCA 1 (distance 6 <= 6), read 0
nid005015:84671:84762 [2] NCCL INFO New proxy recv connection 44 from local rank 2, transport 2
nid005015:84671:84671 [2] NCCL INFO Connected to proxy localRank 2 -> connection 0x15483c0028c0
nid005015:84676:84760 [6] NCCL INFO New proxy recv connection 44 from local rank 6, transport 0
nid005015:84676:84676 [6] NCCL INFO Connected to proxy localRank 6 -> connection 0x1478780028c0
nid005015:84674:84761 [4] NCCL INFO New proxy recv connection 48 from local rank 4, transport 0
nid005015:84671:84671 [2] NCCL INFO Channel 01/2 : 10[c9000] -> 2[c9000] [receive] via NET/Libfabric/1/GDRDMA comm 0x55e4f5192260 nRanks 16
nid005015:84671:84671 [2] NCCL INFO GPU Direct RDMA Enabled for GPU c9000 / HCA 1 (distance 6 <= 6), read 0
nid005015:84671:84762 [2] NCCL INFO New proxy recv connection 45 from local rank 2, transport 2
nid005015:84674:84674 [4] NCCL INFO Connected to proxy localRank 4 -> connection 0x152cc4002aa0
nid005015:84671:84671 [2] NCCL INFO Connected to proxy localRank 2 -> connection 0x15483c002938
nid005015:84671:84671 [2] NCCL INFO Channel 05/2 : 10[c9000] -> 2[c9000] [receive] via NET/Libfabric/1/GDRDMA comm 0x55e4f5192260 nRanks 16
nid005015:84671:84671 [2] NCCL INFO GPU Direct RDMA Enabled for GPU c9000 / HCA 1 (distance 6 <= 6), read 0
nid005015:84671:84762 [2] NCCL INFO New proxy recv connection 46 from local rank 2, transport 2
nid005015:84671:84671 [2] NCCL INFO Connected to proxy localRank 2 -> connection 0x15483c0029b0
nid005015:84671:84671 [2] NCCL INFO Channel 09/2 : 10[c9000] -> 2[c9000] [receive] via NET/Libfabric/1/GDRDMA comm 0x55e4f5192260 nRanks 16
nid005015:84671:84671 [2] NCCL INFO GPU Direct RDMA Enabled for GPU c9000 / HCA 1 (distance 6 <= 6), read 0
nid005015:84671:84762 [2] NCCL INFO New proxy recv connection 47 from local rank 2, transport 2
nid005015:84671:84671 [2] NCCL INFO Connected to proxy localRank 2 -> connection 0x15483c002a28
nid005016:25505:25505 [3] NCCL INFO Channel 08/2 : 11[ce000] -> 15[de000] via P2P/IPC comm 0x561abc4c3f60 nRanks 16
nid005015:84671:84671 [2] NCCL INFO Channel 13/2 : 10[c9000] -> 2[c9000] [receive] via NET/Libfabric/1/GDRDMA comm 0x55e4f5192260 nRanks 16
nid005015:84671:84671 [2] NCCL INFO GPU Direct RDMA Enabled for GPU c9000 / HCA 1 (distance 6 <= 6), read 1
nid005016:25505:25583 [3] NCCL INFO New proxy send connection 46 from local rank 3, transport 0
nid005016:25505:25505 [3] NCCL INFO Connected to proxy localRank 3 -> connection 0x146b800029b0
nid005015:84671:84762 [2] NCCL INFO New proxy send connection 48 from local rank 2, transport 2
nid005015:84671:84671 [2] NCCL INFO Connected to proxy localRank 2 -> connection 0x15483c002aa0
nid005016:25502:25502 [1] NCCL INFO Channel 09/2 : 9[c6000] -> 13[d6000] via P2P/IPC comm 0x559172af0110 nRanks 16
nid005016:25502:25593 [1] NCCL INFO New proxy send connection 46 from local rank 1, transport 0
nid005015:84671:84671 [2] NCCL INFO Channel 00/2 : 2[c9000] -> 10[c9000] [send] via NET/Libfabric/1/GDRDMA comm 0x55e4f5192260 nRanks 16
nid005015:84671:84671 [2] NCCL INFO GPU Direct RDMA Enabled for GPU c9000 / HCA 1 (distance 6 <= 6), read 1
nid005015:84671:84762 [2] NCCL INFO New proxy send connection 49 from local rank 2, transport 2
nid005015:84671:84671 [2] NCCL INFO Connected to proxy localRank 2 -> connection 0x15483c002b18
nid005016:25502:25502 [1] NCCL INFO Connected to proxy localRank 1 -> connection 0x145f6c0029b0
nid005015:84671:84671 [2] NCCL INFO Channel 04/2 : 2[c9000] -> 10[c9000] [send] via NET/Libfabric/1/GDRDMA comm 0x55e4f5192260 nRanks 16
nid005015:84671:84671 [2] NCCL INFO GPU Direct RDMA Enabled for GPU c9000 / HCA 1 (distance 6 <= 6), read 1
nid005015:84671:84762 [2] NCCL INFO New proxy send connection 50 from local rank 2, transport 2
nid005015:84671:84671 [2] NCCL INFO Connected to proxy localRank 2 -> connection 0x15483c002b90
nid005015:84671:84671 [2] NCCL INFO Channel 08/2 : 2[c9000] -> 10[c9000] [send] via NET/Libfabric/1/GDRDMA comm 0x55e4f5192260 nRanks 16
nid005015:84671:84671 [2] NCCL INFO GPU Direct RDMA Enabled for GPU c9000 / HCA 1 (distance 6 <= 6), read 1
nid005015:84671:84762 [2] NCCL INFO New proxy send connection 51 from local rank 2, transport 2
nid005015:84671:84671 [2] NCCL INFO Connected to proxy localRank 2 -> connection 0x15483c002c08
nid005015:84671:84671 [2] NCCL INFO Channel 12/2 : 2[c9000] -> 10[c9000] [send] via NET/Libfabric/1/GDRDMA comm 0x55e4f5192260 nRanks 16
nid005015:84670:84670 [1] NCCL INFO Channel 08/2 : 1[c6000] -> 5[d6000] via P2P/IPC comm 0x55f1ace86af0 nRanks 16
nid005015:84670:84759 [1] NCCL INFO New proxy send connection 46 from local rank 1, transport 0
nid005015:84670:84670 [1] NCCL INFO Connected to proxy localRank 1 -> connection 0x14f2f00029b0
nid005016:25501:25501 [2] NCCL INFO GPU Direct RDMA Enabled for GPU c9000 / HCA 1 (distance 6 <= 6), read 0
nid005016:25501:25586 [2] NCCL INFO New proxy recv connection 44 from local rank 2, transport 2
nid005016:25501:25501 [2] NCCL INFO Connected to proxy localRank 2 -> connection 0x145fb00028c0
nid005016:25500:25585 [6] NCCL INFO New proxy recv connection 44 from local rank 6, transport 0
nid005016:25500:25500 [6] NCCL INFO Connected to proxy localRank 6 -> connection 0x14e4200028c0
nid005016:25501:25501 [2] NCCL INFO Channel 00/2 : 2[c9000] -> 10[c9000] [receive] via NET/Libfabric/1/GDRDMA comm 0x555ff8c8b210 nRanks 16
nid005016:25501:25501 [2] NCCL INFO GPU Direct RDMA Enabled for GPU c9000 / HCA 1 (distance 6 <= 6), read 0
nid005016:25504:25584 [4] NCCL INFO New proxy recv connection 48 from local rank 4, transport 0
nid005016:25501:25586 [2] NCCL INFO New proxy recv connection 45 from local rank 2, transport 2
nid005016:25501:25501 [2] NCCL INFO Connected to proxy localRank 2 -> connection 0x145fb0002938
nid005016:25504:25504 [4] NCCL INFO Connected to proxy localRank 4 -> connection 0x1505b4002aa0
nid005016:25501:25501 [2] NCCL INFO Channel 04/2 : 2[c9000] -> 10[c9000] [receive] via NET/Libfabric/1/GDRDMA comm 0x555ff8c8b210 nRanks 16
nid005016:25501:25501 [2] NCCL INFO GPU Direct RDMA Enabled for GPU c9000 / HCA 1 (distance 6 <= 6), read 0
nid005016:25501:25586 [2] NCCL INFO New proxy recv connection 46 from local rank 2, transport 2
nid005016:25501:25501 [2] NCCL INFO Connected to proxy localRank 2 -> connection 0x145fb00029b0
nid005016:25501:25501 [2] NCCL INFO Channel 08/2 : 2[c9000] -> 10[c9000] [receive] via NET/Libfabric/1/GDRDMA comm 0x555ff8c8b210 nRanks 16
nid005016:25501:25501 [2] NCCL INFO GPU Direct RDMA Enabled for GPU c9000 / HCA 1 (distance 6 <= 6), read 0
nid005016:25501:25586 [2] NCCL INFO New proxy recv connection 47 from local rank 2, transport 2
nid005016:25501:25501 [2] NCCL INFO Connected to proxy localRank 2 -> connection 0x145fb0002a28
nid005016:25501:25501 [2] NCCL INFO Channel 12/2 : 2[c9000] -> 10[c9000] [receive] via NET/Libfabric/1/GDRDMA comm 0x555ff8c8b210 nRanks 16
nid005016:25501:25501 [2] NCCL INFO GPU Direct RDMA Enabled for GPU c9000 / HCA 1 (distance 6 <= 6), read 1
nid005016:25501:25586 [2] NCCL INFO New proxy send connection 48 from local rank 2, transport 2
nid005016:25501:25501 [2] NCCL INFO Connected to proxy localRank 2 -> connection 0x145fb0002aa0
nid005016:25501:25501 [2] NCCL INFO Channel 01/2 : 10[c9000] -> 2[c9000] [send] via NET/Libfabric/1/GDRDMA comm 0x555ff8c8b210 nRanks 16
nid005016:25501:25501 [2] NCCL INFO GPU Direct RDMA Enabled for GPU c9000 / HCA 1 (distance 6 <= 6), read 1
nid005016:25501:25586 [2] NCCL INFO New proxy send connection 49 from local rank 2, transport 2
nid005016:25501:25501 [2] NCCL INFO Connected to proxy localRank 2 -> connection 0x145fb0002b18
nid005016:25501:25501 [2] NCCL INFO Channel 05/2 : 10[c9000] -> 2[c9000] [send] via NET/Libfabric/1/GDRDMA comm 0x555ff8c8b210 nRanks 16
nid005016:25501:25501 [2] NCCL INFO GPU Direct RDMA Enabled for GPU c9000 / HCA 1 (distance 6 <= 6), read 1
nid005016:25501:25586 [2] NCCL INFO New proxy send connection 50 from local rank 2, transport 2
nid005016:25501:25501 [2] NCCL INFO Connected to proxy localRank 2 -> connection 0x145fb0002b90
nid005016:25501:25501 [2] NCCL INFO Channel 09/2 : 10[c9000] -> 2[c9000] [send] via NET/Libfabric/1/GDRDMA comm 0x555ff8c8b210 nRanks 16
nid005016:25501:25501 [2] NCCL INFO GPU Direct RDMA Enabled for GPU c9000 / HCA 1 (distance 6 <= 6), read 1
nid005016:25501:25586 [2] NCCL INFO New proxy send connection 51 from local rank 2, transport 2
nid005016:25501:25501 [2] NCCL INFO Connected to proxy localRank 2 -> connection 0x145fb0002c08
nid005015:84674:84761 [4] NCCL INFO New proxy recv connection 49 from local rank 4, transport 0
nid005015:84674:84674 [4] NCCL INFO Connected to proxy localRank 4 -> connection 0x152cc4002b18
nid005016:25501:25501 [2] NCCL INFO Channel 13/2 : 10[c9000] -> 2[c9000] [send] via NET/Libfabric/1/GDRDMA comm 0x555ff8c8b210 nRanks 16
nid005015:84671:84762 [2] NCCL INFO New proxy recv connection 52 from local rank 2, transport 0
nid005015:84671:84671 [2] NCCL INFO Connected to proxy localRank 2 -> connection 0x15483c002c80
nid005016:25501:25586 [2] NCCL INFO New proxy recv connection 52 from local rank 2, transport 0
nid005016:25501:25501 [2] NCCL INFO Connected to proxy localRank 2 -> connection 0x145fb0002c80
nid005015:84672:84672 [3] NCCL INFO Channel 09/2 : 3[ce000] -> 7[de000] via P2P/IPC comm 0x55a5a4c1d010 nRanks 16
nid005015:84672:84758 [3] NCCL INFO New proxy send connection 46 from local rank 3, transport 0
nid005015:84672:84672 [3] NCCL INFO Connected to proxy localRank 3 -> connection 0x14719c0029b0
nid005015:84676:84760 [6] NCCL INFO New proxy recv connection 45 from local rank 6, transport 0
nid005015:84676:84676 [6] NCCL INFO Connected to proxy localRank 6 -> connection 0x147878002938
nid005015:84670:84670 [1] NCCL INFO Channel 12/2 : 1[c6000] -> 5[d6000] via P2P/IPC comm 0x55f1ace86af0 nRanks 16
nid005015:84670:84759 [1] NCCL INFO New proxy send connection 47 from local rank 1, transport 0
nid005015:84670:84670 [1] NCCL INFO Connected to proxy localRank 1 -> connection 0x14f2f0002a28
nid005016:25505:25505 [3] NCCL INFO Channel 12/2 : 11[ce000] -> 15[de000] via P2P/IPC comm 0x561abc4c3f60 nRanks 16
nid005016:25505:25583 [3] NCCL INFO New proxy send connection 47 from local rank 3, transport 0
nid005016:25505:25505 [3] NCCL INFO Connected to proxy localRank 3 -> connection 0x146b80002a28
nid005016:25502:25502 [1] NCCL INFO Channel 13/2 : 9[c6000] -> 13[d6000] via P2P/IPC comm 0x559172af0110 nRanks 16
nid005016:25502:25593 [1] NCCL INFO New proxy send connection 47 from local rank 1, transport 0
nid005016:25502:25502 [1] NCCL INFO Connected to proxy localRank 1 -> connection 0x145f6c002a28
nid005016:25504:25584 [4] NCCL INFO New proxy recv connection 49 from local rank 4, transport 0
nid005016:25504:25504 [4] NCCL INFO Connected to proxy localRank 4 -> connection 0x1505b4002b18
nid005016:25500:25585 [6] NCCL INFO New proxy recv connection 45 from local rank 6, transport 0
nid005016:25500:25500 [6] NCCL INFO Connected to proxy localRank 6 -> connection 0x14e420002938
nid005015:84674:84761 [4] NCCL INFO New proxy recv connection 50 from local rank 4, transport 0
nid005015:84674:84674 [4] NCCL INFO Connected to proxy localRank 4 -> connection 0x152cc4002b90
nid005015:84673:84673 [5] NCCL INFO GPU Direct RDMA Enabled for GPU d6000 / HCA 2 (distance 6 <= 6), read 0
nid005015:84673:84757 [5] NCCL INFO New proxy recv connection 44 from local rank 5, transport 2
nid005015:84670:84759 [1] NCCL INFO New proxy recv connection 48 from local rank 1, transport 0
nid005015:84670:84670 [1] NCCL INFO Connected to proxy localRank 1 -> connection 0x14f2f0002aa0
nid005015:84673:84673 [5] NCCL INFO Connected to proxy localRank 5 -> connection 0x15246c0028c0
nid005015:84673:84673 [5] NCCL INFO Channel 03/2 : 13[d6000] -> 5[d6000] [receive] via NET/Libfabric/2/GDRDMA comm 0x555582a5c6a0 nRanks 16
nid005015:84673:84673 [5] NCCL INFO GPU Direct RDMA Enabled for GPU d6000 / HCA 2 (distance 6 <= 6), read 0
nid005015:84673:84757 [5] NCCL INFO New proxy recv connection 45 from local rank 5, transport 2
nid005015:84673:84673 [5] NCCL INFO Connected to proxy localRank 5 -> connection 0x15246c002938
nid005015:84673:84673 [5] NCCL INFO Channel 07/2 : 13[d6000] -> 5[d6000] [receive] via NET/Libfabric/2/GDRDMA comm 0x555582a5c6a0 nRanks 16
nid005015:84673:84673 [5] NCCL INFO GPU Direct RDMA Enabled for GPU d6000 / HCA 2 (distance 6 <= 6), read 0
nid005015:84673:84757 [5] NCCL INFO New proxy recv connection 46 from local rank 5, transport 2
nid005015:84673:84673 [5] NCCL INFO Connected to proxy localRank 5 -> connection 0x15246c0029b0
nid005015:84673:84673 [5] NCCL INFO Channel 11/2 : 13[d6000] -> 5[d6000] [receive] via NET/Libfabric/2/GDRDMA comm 0x555582a5c6a0 nRanks 16
nid005015:84673:84673 [5] NCCL INFO GPU Direct RDMA Enabled for GPU d6000 / HCA 2 (distance 6 <= 6), read 0
nid005015:84673:84757 [5] NCCL INFO New proxy recv connection 47 from local rank 5, transport 2
nid005015:84673:84673 [5] NCCL INFO Connected to proxy localRank 5 -> connection 0x15246c002a28
nid005015:84673:84673 [5] NCCL INFO Channel 15/2 : 13[d6000] -> 5[d6000] [receive] via NET/Libfabric/2/GDRDMA comm 0x555582a5c6a0 nRanks 16
nid005015:84673:84673 [5] NCCL INFO GPU Direct RDMA Enabled for GPU d6000 / HCA 2 (distance 6 <= 6), read 1
nid005015:84671:84762 [2] NCCL INFO New proxy recv connection 53 from local rank 2, transport 0
nid005015:84671:84671 [2] NCCL INFO Connected to proxy localRank 2 -> connection 0x15483c002cf8
nid005015:84673:84757 [5] NCCL INFO New proxy send connection 48 from local rank 5, transport 2
nid005015:84673:84673 [5] NCCL INFO Connected to proxy localRank 5 -> connection 0x15246c002aa0
nid005016:25501:25586 [2] NCCL INFO New proxy recv connection 53 from local rank 2, transport 0
nid005016:25501:25501 [2] NCCL INFO Connected to proxy localRank 2 -> connection 0x145fb0002cf8
nid005015:84673:84673 [5] NCCL INFO Channel 02/2 : 5[d6000] -> 13[d6000] [send] via NET/Libfabric/2/GDRDMA comm 0x555582a5c6a0 nRanks 16
nid005015:84673:84673 [5] NCCL INFO GPU Direct RDMA Enabled for GPU d6000 / HCA 2 (distance 6 <= 6), read 1
nid005015:84673:84757 [5] NCCL INFO New proxy send connection 49 from local rank 5, transport 2
nid005015:84673:84673 [5] NCCL INFO Connected to proxy localRank 5 -> connection 0x15246c002b18
nid005015:84673:84673 [5] NCCL INFO Channel 06/2 : 5[d6000] -> 13[d6000] [send] via NET/Libfabric/2/GDRDMA comm 0x555582a5c6a0 nRanks 16
nid005015:84673:84673 [5] NCCL INFO GPU Direct RDMA Enabled for GPU d6000 / HCA 2 (distance 6 <= 6), read 1
nid005015:84672:84672 [3] NCCL INFO Channel 13/2 : 3[ce000] -> 7[de000] via P2P/IPC comm 0x55a5a4c1d010 nRanks 16
nid005015:84673:84757 [5] NCCL INFO New proxy send connection 50 from local rank 5, transport 2
nid005015:84672:84758 [3] NCCL INFO New proxy send connection 47 from local rank 3, transport 0
nid005015:84672:84672 [3] NCCL INFO Connected to proxy localRank 3 -> connection 0x14719c002a28
nid005015:84673:84673 [5] NCCL INFO Connected to proxy localRank 5 -> connection 0x15246c002b90
nid005015:84673:84673 [5] NCCL INFO Channel 10/2 : 5[d6000] -> 13[d6000] [send] via NET/Libfabric/2/GDRDMA comm 0x555582a5c6a0 nRanks 16
nid005015:84673:84673 [5] NCCL INFO GPU Direct RDMA Enabled for GPU d6000 / HCA 2 (distance 6 <= 6), read 1
nid005015:84676:84760 [6] NCCL INFO New proxy recv connection 46 from local rank 6, transport 0
nid005015:84676:84676 [6] NCCL INFO Connected to proxy localRank 6 -> connection 0x1478780029b0
nid005015:84673:84757 [5] NCCL INFO New proxy send connection 51 from local rank 5, transport 2
nid005015:84673:84673 [5] NCCL INFO Connected to proxy localRank 5 -> connection 0x15246c002c08
nid005015:84673:84673 [5] NCCL INFO Channel 14/2 : 5[d6000] -> 13[d6000] [send] via NET/Libfabric/2/GDRDMA comm 0x555582a5c6a0 nRanks 16
nid005016:25507:25507 [7] NCCL INFO GPU Direct RDMA Enabled for GPU de000 / HCA 3 (distance 6 <= 6), read 0
nid005016:25507:25581 [7] NCCL INFO New proxy recv connection 44 from local rank 7, transport 2
nid005016:25507:25507 [7] NCCL INFO Connected to proxy localRank 7 -> connection 0x1520140028c0
nid005016:25505:25583 [3] NCCL INFO New proxy recv connection 48 from local rank 3, transport 0
nid005016:25505:25505 [3] NCCL INFO Connected to proxy localRank 3 -> connection 0x146b80002aa0
nid005016:25507:25507 [7] NCCL INFO Channel 03/2 : 7[de000] -> 15[de000] [receive] via NET/Libfabric/3/GDRDMA comm 0x55de98e1b2f0 nRanks 16
nid005016:25507:25507 [7] NCCL INFO GPU Direct RDMA Enabled for GPU de000 / HCA 3 (distance 6 <= 6), read 0
nid005016:25507:25581 [7] NCCL INFO New proxy recv connection 45 from local rank 7, transport 2
nid005016:25507:25507 [7] NCCL INFO Connected to proxy localRank 7 -> connection 0x152014002938
nid005016:25507:25507 [7] NCCL INFO Channel 07/2 : 7[de000] -> 15[de000] [receive] via NET/Libfabric/3/GDRDMA comm 0x55de98e1b2f0 nRanks 16
nid005016:25507:25507 [7] NCCL INFO GPU Direct RDMA Enabled for GPU de000 / HCA 3 (distance 6 <= 6), read 0
nid005016:25507:25581 [7] NCCL INFO New proxy recv connection 46 from local rank 7, transport 2
nid005016:25507:25507 [7] NCCL INFO Connected to proxy localRank 7 -> connection 0x1520140029b0
nid005016:25506:25506 [5] NCCL INFO GPU Direct RDMA Enabled for GPU d6000 / HCA 2 (distance 6 <= 6), read 0
nid005016:25507:25507 [7] NCCL INFO Channel 11/2 : 7[de000] -> 15[de000] [receive] via NET/Libfabric/3/GDRDMA comm 0x55de98e1b2f0 nRanks 16
nid005016:25507:25507 [7] NCCL INFO GPU Direct RDMA Enabled for GPU de000 / HCA 3 (distance 6 <= 6), read 0
nid005016:25502:25593 [1] NCCL INFO New proxy recv connection 48 from local rank 1, transport 0
nid005016:25506:25582 [5] NCCL INFO New proxy recv connection 44 from local rank 5, transport 2
nid005016:25502:25502 [1] NCCL INFO Connected to proxy localRank 1 -> connection 0x145f6c002aa0
nid005016:25506:25506 [5] NCCL INFO Connected to proxy localRank 5 -> connection 0x14d0340028c0
nid005016:25507:25581 [7] NCCL INFO New proxy recv connection 47 from local rank 7, transport 2
nid005016:25507:25507 [7] NCCL INFO Connected to proxy localRank 7 -> connection 0x152014002a28
nid005016:25507:25507 [7] NCCL INFO Channel 15/2 : 7[de000] -> 15[de000] [receive] via NET/Libfabric/3/GDRDMA comm 0x55de98e1b2f0 nRanks 16
nid005016:25507:25507 [7] NCCL INFO GPU Direct RDMA Enabled for GPU de000 / HCA 3 (distance 6 <= 6), read 1
nid005016:25506:25506 [5] NCCL INFO Channel 02/2 : 5[d6000] -> 13[d6000] [receive] via NET/Libfabric/2/GDRDMA comm 0x564eceac2fa0 nRanks 16
nid005016:25506:25506 [5] NCCL INFO GPU Direct RDMA Enabled for GPU d6000 / HCA 2 (distance 6 <= 6), read 0
nid005016:25507:25581 [7] NCCL INFO New proxy send connection 48 from local rank 7, transport 2
nid005016:25507:25507 [7] NCCL INFO Connected to proxy localRank 7 -> connection 0x152014002aa0
nid005016:25506:25582 [5] NCCL INFO New proxy recv connection 45 from local rank 5, transport 2
nid005016:25506:25506 [5] NCCL INFO Connected to proxy localRank 5 -> connection 0x14d034002938
nid005016:25507:25507 [7] NCCL INFO Channel 02/2 : 15[de000] -> 7[de000] [send] via NET/Libfabric/3/GDRDMA comm 0x55de98e1b2f0 nRanks 16
nid005016:25507:25507 [7] NCCL INFO GPU Direct RDMA Enabled for GPU de000 / HCA 3 (distance 6 <= 6), read 1
nid005016:25506:25506 [5] NCCL INFO Channel 06/2 : 5[d6000] -> 13[d6000] [receive] via NET/Libfabric/2/GDRDMA comm 0x564eceac2fa0 nRanks 16
nid005016:25506:25506 [5] NCCL INFO GPU Direct RDMA Enabled for GPU d6000 / HCA 2 (distance 6 <= 6), read 0
nid005016:25507:25581 [7] NCCL INFO New proxy send connection 49 from local rank 7, transport 2
nid005016:25507:25507 [7] NCCL INFO Connected to proxy localRank 7 -> connection 0x152014002b18
nid005016:25506:25582 [5] NCCL INFO New proxy recv connection 46 from local rank 5, transport 2
nid005016:25506:25506 [5] NCCL INFO Connected to proxy localRank 5 -> connection 0x14d0340029b0
nid005016:25507:25507 [7] NCCL INFO Channel 06/2 : 15[de000] -> 7[de000] [send] via NET/Libfabric/3/GDRDMA comm 0x55de98e1b2f0 nRanks 16
nid005016:25507:25507 [7] NCCL INFO GPU Direct RDMA Enabled for GPU de000 / HCA 3 (distance 6 <= 6), read 1
nid005016:25506:25506 [5] NCCL INFO Channel 10/2 : 5[d6000] -> 13[d6000] [receive] via NET/Libfabric/2/GDRDMA comm 0x564eceac2fa0 nRanks 16
nid005016:25506:25506 [5] NCCL INFO GPU Direct RDMA Enabled for GPU d6000 / HCA 2 (distance 6 <= 6), read 0
nid005016:25507:25581 [7] NCCL INFO New proxy send connection 50 from local rank 7, transport 2
nid005016:25507:25507 [7] NCCL INFO Connected to proxy localRank 7 -> connection 0x152014002b90
nid005016:25506:25582 [5] NCCL INFO New proxy recv connection 47 from local rank 5, transport 2
nid005016:25506:25506 [5] NCCL INFO Connected to proxy localRank 5 -> connection 0x14d034002a28
nid005016:25507:25507 [7] NCCL INFO Channel 10/2 : 15[de000] -> 7[de000] [send] via NET/Libfabric/3/GDRDMA comm 0x55de98e1b2f0 nRanks 16
nid005016:25507:25507 [7] NCCL INFO GPU Direct RDMA Enabled for GPU de000 / HCA 3 (distance 6 <= 6), read 1
nid005016:25506:25506 [5] NCCL INFO Channel 14/2 : 5[d6000] -> 13[d6000] [receive] via NET/Libfabric/2/GDRDMA comm 0x564eceac2fa0 nRanks 16
nid005016:25506:25506 [5] NCCL INFO GPU Direct RDMA Enabled for GPU d6000 / HCA 2 (distance 6 <= 6), read 1
nid005016:25507:25581 [7] NCCL INFO New proxy send connection 51 from local rank 7, transport 2
nid005016:25507:25507 [7] NCCL INFO Connected to proxy localRank 7 -> connection 0x152014002c08
nid005016:25506:25582 [5] NCCL INFO New proxy send connection 48 from local rank 5, transport 2
nid005016:25506:25506 [5] NCCL INFO Connected to proxy localRank 5 -> connection 0x14d034002aa0
nid005016:25507:25507 [7] NCCL INFO Channel 14/2 : 15[de000] -> 7[de000] [send] via NET/Libfabric/3/GDRDMA comm 0x55de98e1b2f0 nRanks 16
nid005016:25506:25506 [5] NCCL INFO Channel 03/2 : 13[d6000] -> 5[d6000] [send] via NET/Libfabric/2/GDRDMA comm 0x564eceac2fa0 nRanks 16
nid005016:25506:25506 [5] NCCL INFO GPU Direct RDMA Enabled for GPU d6000 / HCA 2 (distance 6 <= 6), read 1
nid005016:25506:25582 [5] NCCL INFO New proxy send connection 49 from local rank 5, transport 2
nid005016:25506:25506 [5] NCCL INFO Connected to proxy localRank 5 -> connection 0x14d034002b18
nid005016:25506:25506 [5] NCCL INFO Channel 07/2 : 13[d6000] -> 5[d6000] [send] via NET/Libfabric/2/GDRDMA comm 0x564eceac2fa0 nRanks 16
nid005016:25506:25506 [5] NCCL INFO GPU Direct RDMA Enabled for GPU d6000 / HCA 2 (distance 6 <= 6), read 1
nid005016:25506:25582 [5] NCCL INFO New proxy send connection 50 from local rank 5, transport 2
nid005016:25506:25506 [5] NCCL INFO Connected to proxy localRank 5 -> connection 0x14d034002b90
nid005016:25506:25506 [5] NCCL INFO Channel 11/2 : 13[d6000] -> 5[d6000] [send] via NET/Libfabric/2/GDRDMA comm 0x564eceac2fa0 nRanks 16
nid005016:25506:25506 [5] NCCL INFO GPU Direct RDMA Enabled for GPU d6000 / HCA 2 (distance 6 <= 6), read 1
nid005016:25506:25582 [5] NCCL INFO New proxy send connection 51 from local rank 5, transport 2
nid005016:25506:25506 [5] NCCL INFO Connected to proxy localRank 5 -> connection 0x14d034002c08
nid005016:25504:25584 [4] NCCL INFO New proxy recv connection 50 from local rank 4, transport 0
nid005016:25504:25504 [4] NCCL INFO Connected to proxy localRank 4 -> connection 0x1505b4002b90
nid005016:25506:25506 [5] NCCL INFO Channel 15/2 : 13[d6000] -> 5[d6000] [send] via NET/Libfabric/2/GDRDMA comm 0x564eceac2fa0 nRanks 16
nid005015:84673:84673 [5] NCCL INFO Channel 01/2 : 5[d6000] -> 1[c6000] via P2P/IPC comm 0x555582a5c6a0 nRanks 16
nid005016:25506:25506 [5] NCCL INFO Channel 00/2 : 13[d6000] -> 9[c6000] via P2P/IPC comm 0x564eceac2fa0 nRanks 16
nid005015:84673:84757 [5] NCCL INFO New proxy send connection 52 from local rank 5, transport 0
nid005015:84673:84673 [5] NCCL INFO Connected to proxy localRank 5 -> connection 0x15246c002c80
nid005016:25506:25582 [5] NCCL INFO New proxy send connection 52 from local rank 5, transport 0
nid005016:25506:25506 [5] NCCL INFO Connected to proxy localRank 5 -> connection 0x14d034002c80
nid005015:84670:84759 [1] NCCL INFO New proxy recv connection 49 from local rank 1, transport 0
nid005015:84670:84670 [1] NCCL INFO Connected to proxy localRank 1 -> connection 0x14f2f0002b18
nid005016:25500:25585 [6] NCCL INFO New proxy recv connection 46 from local rank 6, transport 0
nid005016:25500:25500 [6] NCCL INFO Connected to proxy localRank 6 -> connection 0x14e4200029b0
nid005015:84674:84761 [4] NCCL INFO New proxy recv connection 51 from local rank 4, transport 0
nid005015:84674:84674 [4] NCCL INFO Connected to proxy localRank 4 -> connection 0x152cc4002c08
nid005015:84671:84762 [2] NCCL INFO New proxy recv connection 54 from local rank 2, transport 0
nid005015:84671:84671 [2] NCCL INFO Connected to proxy localRank 2 -> connection 0x15483c002d70
nid005016:25501:25586 [2] NCCL INFO New proxy recv connection 54 from local rank 2, transport 0
nid005016:25501:25501 [2] NCCL INFO Connected to proxy localRank 2 -> connection 0x145fb0002d70
nid005015:84676:84760 [6] NCCL INFO New proxy recv connection 47 from local rank 6, transport 0
nid005015:84676:84676 [6] NCCL INFO Connected to proxy localRank 6 -> connection 0x147878002a28
nid005015:84675:84675 [7] NCCL INFO GPU Direct RDMA Enabled for GPU de000 / HCA 3 (distance 6 <= 6), read 0
nid005015:84675:84756 [7] NCCL INFO New proxy recv connection 44 from local rank 7, transport 2
nid005015:84672:84758 [3] NCCL INFO New proxy recv connection 48 from local rank 3, transport 0
nid005015:84675:84675 [7] NCCL INFO Connected to proxy localRank 7 -> connection 0x14e38c0028c0
nid005015:84672:84672 [3] NCCL INFO Connected to proxy localRank 3 -> connection 0x14719c002aa0
nid005016:25505:25583 [3] NCCL INFO New proxy recv connection 49 from local rank 3, transport 0
nid005016:25505:25505 [3] NCCL INFO Connected to proxy localRank 3 -> connection 0x146b80002b18
nid005015:84675:84675 [7] NCCL INFO Channel 02/2 : 15[de000] -> 7[de000] [receive] via NET/Libfabric/3/GDRDMA comm 0x56153de37f20 nRanks 16
nid005015:84675:84675 [7] NCCL INFO GPU Direct RDMA Enabled for GPU de000 / HCA 3 (distance 6 <= 6), read 0
nid005015:84675:84756 [7] NCCL INFO New proxy recv connection 45 from local rank 7, transport 2
nid005015:84675:84675 [7] NCCL INFO Connected to proxy localRank 7 -> connection 0x14e38c002938
nid005015:84675:84675 [7] NCCL INFO Channel 06/2 : 15[de000] -> 7[de000] [receive] via NET/Libfabric/3/GDRDMA comm 0x56153de37f20 nRanks 16
nid005015:84675:84675 [7] NCCL INFO GPU Direct RDMA Enabled for GPU de000 / HCA 3 (distance 6 <= 6), read 0
nid005015:84675:84756 [7] NCCL INFO New proxy recv connection 46 from local rank 7, transport 2
nid005015:84675:84675 [7] NCCL INFO Connected to proxy localRank 7 -> connection 0x14e38c0029b0
nid005015:84670:84759 [1] NCCL INFO New proxy recv connection 50 from local rank 1, transport 0
nid005015:84670:84670 [1] NCCL INFO Connected to proxy localRank 1 -> connection 0x14f2f0002b90
nid005015:84675:84675 [7] NCCL INFO Channel 10/2 : 15[de000] -> 7[de000] [receive] via NET/Libfabric/3/GDRDMA comm 0x56153de37f20 nRanks 16
nid005015:84675:84675 [7] NCCL INFO GPU Direct RDMA Enabled for GPU de000 / HCA 3 (distance 6 <= 6), read 0
nid005015:84675:84756 [7] NCCL INFO New proxy recv connection 47 from local rank 7, transport 2
nid005015:84675:84675 [7] NCCL INFO Connected to proxy localRank 7 -> connection 0x14e38c002a28
nid005016:25502:25593 [1] NCCL INFO New proxy recv connection 49 from local rank 1, transport 0
nid005016:25502:25502 [1] NCCL INFO Connected to proxy localRank 1 -> connection 0x145f6c002b18
nid005015:84675:84675 [7] NCCL INFO Channel 14/2 : 15[de000] -> 7[de000] [receive] via NET/Libfabric/3/GDRDMA comm 0x56153de37f20 nRanks 16
nid005015:84675:84675 [7] NCCL INFO GPU Direct RDMA Enabled for GPU de000 / HCA 3 (distance 6 <= 6), read 1
nid005015:84675:84756 [7] NCCL INFO New proxy send connection 48 from local rank 7, transport 2
nid005015:84675:84675 [7] NCCL INFO Connected to proxy localRank 7 -> connection 0x14e38c002aa0
nid005016:25506:25506 [5] NCCL INFO Channel 04/2 : 13[d6000] -> 9[c6000] via P2P/IPC comm 0x564eceac2fa0 nRanks 16
nid005015:84675:84675 [7] NCCL INFO Channel 03/2 : 7[de000] -> 15[de000] [send] via NET/Libfabric/3/GDRDMA comm 0x56153de37f20 nRanks 16
nid005015:84675:84675 [7] NCCL INFO GPU Direct RDMA Enabled for GPU de000 / HCA 3 (distance 6 <= 6), read 1
nid005016:25506:25582 [5] NCCL INFO New proxy send connection 53 from local rank 5, transport 0
nid005016:25506:25506 [5] NCCL INFO Connected to proxy localRank 5 -> connection 0x14d034002cf8
nid005015:84675:84756 [7] NCCL INFO New proxy send connection 49 from local rank 7, transport 2
nid005015:84675:84675 [7] NCCL INFO Connected to proxy localRank 7 -> connection 0x14e38c002b18
nid005015:84675:84675 [7] NCCL INFO Channel 07/2 : 7[de000] -> 15[de000] [send] via NET/Libfabric/3/GDRDMA comm 0x56153de37f20 nRanks 16
nid005015:84675:84675 [7] NCCL INFO GPU Direct RDMA Enabled for GPU de000 / HCA 3 (distance 6 <= 6), read 1
nid005015:84675:84756 [7] NCCL INFO New proxy send connection 50 from local rank 7, transport 2
nid005015:84675:84675 [7] NCCL INFO Connected to proxy localRank 7 -> connection 0x14e38c002b90
nid005015:84675:84675 [7] NCCL INFO Channel 11/2 : 7[de000] -> 15[de000] [send] via NET/Libfabric/3/GDRDMA comm 0x56153de37f20 nRanks 16
nid005015:84675:84675 [7] NCCL INFO GPU Direct RDMA Enabled for GPU de000 / HCA 3 (distance 6 <= 6), read 1
nid005015:84675:84756 [7] NCCL INFO New proxy send connection 51 from local rank 7, transport 2
nid005015:84675:84675 [7] NCCL INFO Connected to proxy localRank 7 -> connection 0x14e38c002c08
nid005015:84673:84673 [5] NCCL INFO Channel 05/2 : 5[d6000] -> 1[c6000] via P2P/IPC comm 0x555582a5c6a0 nRanks 16
nid005016:25504:25584 [4] NCCL INFO New proxy recv connection 51 from local rank 4, transport 0
nid005015:84673:84757 [5] NCCL INFO New proxy send connection 53 from local rank 5, transport 0
nid005015:84673:84673 [5] NCCL INFO Connected to proxy localRank 5 -> connection 0x15246c002cf8
nid005015:84675:84675 [7] NCCL INFO Channel 15/2 : 7[de000] -> 15[de000] [send] via NET/Libfabric/3/GDRDMA comm 0x56153de37f20 nRanks 16
nid005016:25504:25504 [4] NCCL INFO Connected to proxy localRank 4 -> connection 0x1505b4002c08
nid005015:84675:84675 [7] NCCL INFO Channel 00/2 : 7[de000] -> 3[ce000] via P2P/IPC comm 0x56153de37f20 nRanks 16
nid005015:84675:84756 [7] NCCL INFO New proxy send connection 52 from local rank 7, transport 0
nid005015:84674:84674 [4] NCCL INFO Channel 03/2 : 4[d1000] -> 2[c9000] via P2P/IPC comm 0x562b43d12c80 nRanks 16
nid005015:84675:84675 [7] NCCL INFO Connected to proxy localRank 7 -> connection 0x14e38c002c80
nid005016:25507:25507 [7] NCCL INFO Channel 01/2 : 15[de000] -> 11[ce000] via P2P/IPC comm 0x55de98e1b2f0 nRanks 16
nid005015:84674:84761 [4] NCCL INFO New proxy send connection 52 from local rank 4, transport 0
nid005015:84674:84674 [4] NCCL INFO Connected to proxy localRank 4 -> connection 0x152cc4002c80
nid005016:25507:25581 [7] NCCL INFO New proxy send connection 52 from local rank 7, transport 0
nid005016:25507:25507 [7] NCCL INFO Connected to proxy localRank 7 -> connection 0x152014002c80
nid005016:25500:25585 [6] NCCL INFO New proxy recv connection 47 from local rank 6, transport 0
nid005016:25500:25500 [6] NCCL INFO Connected to proxy localRank 6 -> connection 0x14e420002a28
nid005015:84670:84759 [1] NCCL INFO New proxy recv connection 51 from local rank 1, transport 0
nid005015:84670:84670 [1] NCCL INFO Connected to proxy localRank 1 -> connection 0x14f2f0002c08
nid005015:84671:84762 [2] NCCL INFO New proxy recv connection 55 from local rank 2, transport 0
nid005015:84671:84671 [2] NCCL INFO Connected to proxy localRank 2 -> connection 0x15483c002de8
nid005016:25501:25586 [2] NCCL INFO New proxy recv connection 55 from local rank 2, transport 0
nid005016:25501:25501 [2] NCCL INFO Connected to proxy localRank 2 -> connection 0x145fb0002de8
nid005016:25506:25506 [5] NCCL INFO Channel 08/2 : 13[d6000] -> 9[c6000] via P2P/IPC comm 0x564eceac2fa0 nRanks 16
nid005016:25506:25582 [5] NCCL INFO New proxy send connection 54 from local rank 5, transport 0
nid005016:25506:25506 [5] NCCL INFO Connected to proxy localRank 5 -> connection 0x14d034002d70
nid005016:25505:25583 [3] NCCL INFO New proxy recv connection 50 from local rank 3, transport 0
nid005015:84669:84669 [0] NCCL INFO GPU Direct RDMA Enabled for GPU c1000 / HCA 0 (distance 6 <= 6), read 0
nid005015:84676:84676 [6] NCCL INFO Channel 02/2 : 6[d9000] -> 0[c1000] via P2P/IPC comm 0x55b07f219f80 nRanks 16
nid005015:84676:84760 [6] NCCL INFO New proxy send connection 48 from local rank 6, transport 0
nid005015:84676:84676 [6] NCCL INFO Connected to proxy localRank 6 -> connection 0x147878002aa0
nid005016:25505:25505 [3] NCCL INFO Connected to proxy localRank 3 -> connection 0x146b80002b90
nid005015:84669:84770 [0] NCCL INFO New proxy recv connection 44 from local rank 0, transport 2
nid005015:84669:84669 [0] NCCL INFO Connected to proxy localRank 0 -> connection 0x1470b40028c0
nid005015:84672:84758 [3] NCCL INFO New proxy recv connection 49 from local rank 3, transport 0
nid005015:84672:84672 [3] NCCL INFO Connected to proxy localRank 3 -> connection 0x14719c002b18
nid005015:84669:84669 [0] NCCL INFO Channel 00/2 : 8[c1000] -> 0[c1000] [receive] via NET/Libfabric/0/GDRDMA comm 0x562e98837a90 nRanks 16
nid005015:84669:84669 [0] NCCL INFO GPU Direct RDMA Enabled for GPU c1000 / HCA 0 (distance 6 <= 6), read 0
nid005015:84669:84770 [0] NCCL INFO New proxy recv connection 45 from local rank 0, transport 2
nid005015:84669:84669 [0] NCCL INFO Connected to proxy localRank 0 -> connection 0x1470b4002938
nid005015:84669:84669 [0] NCCL INFO Channel 04/2 : 8[c1000] -> 0[c1000] [receive] via NET/Libfabric/0/GDRDMA comm 0x562e98837a90 nRanks 16
nid005015:84669:84669 [0] NCCL INFO GPU Direct RDMA Enabled for GPU c1000 / HCA 0 (distance 6 <= 6), read 0
nid005015:84669:84770 [0] NCCL INFO New proxy recv connection 46 from local rank 0, transport 2
nid005015:84669:84669 [0] NCCL INFO Connected to proxy localRank 0 -> connection 0x1470b40029b0
nid005015:84669:84669 [0] NCCL INFO Channel 08/2 : 8[c1000] -> 0[c1000] [receive] via NET/Libfabric/0/GDRDMA comm 0x562e98837a90 nRanks 16
nid005015:84669:84669 [0] NCCL INFO GPU Direct RDMA Enabled for GPU c1000 / HCA 0 (distance 6 <= 6), read 0
nid005015:84669:84770 [0] NCCL INFO New proxy recv connection 47 from local rank 0, transport 2
nid005015:84673:84673 [5] NCCL INFO Channel 09/2 : 5[d6000] -> 1[c6000] via P2P/IPC comm 0x555582a5c6a0 nRanks 16
nid005015:84669:84669 [0] NCCL INFO Connected to proxy localRank 0 -> connection 0x1470b4002a28
nid005015:84673:84757 [5] NCCL INFO New proxy send connection 54 from local rank 5, transport 0
nid005015:84673:84673 [5] NCCL INFO Connected to proxy localRank 5 -> connection 0x15246c002d70
nid005015:84669:84669 [0] NCCL INFO Channel 12/2 : 8[c1000] -> 0[c1000] [receive] via NET/Libfabric/0/GDRDMA comm 0x562e98837a90 nRanks 16
nid005015:84669:84669 [0] NCCL INFO GPU Direct RDMA Enabled for GPU c1000 / HCA 0 (distance 6 <= 6), read 1
nid005015:84669:84770 [0] NCCL INFO New proxy send connection 48 from local rank 0, transport 2
nid005015:84669:84669 [0] NCCL INFO Connected to proxy localRank 0 -> connection 0x1470b4002aa0
nid005015:84674:84674 [4] NCCL INFO Channel 07/2 : 4[d1000] -> 2[c9000] via P2P/IPC comm 0x562b43d12c80 nRanks 16
nid005016:25507:25507 [7] NCCL INFO Channel 05/2 : 15[de000] -> 11[ce000] via P2P/IPC comm 0x55de98e1b2f0 nRanks 16
nid005015:84669:84669 [0] NCCL INFO Channel 01/2 : 0[c1000] -> 8[c1000] [send] via NET/Libfabric/0/GDRDMA comm 0x562e98837a90 nRanks 16
nid005015:84669:84669 [0] NCCL INFO GPU Direct RDMA Enabled for GPU c1000 / HCA 0 (distance 6 <= 6), read 1
nid005015:84674:84761 [4] NCCL INFO New proxy send connection 53 from local rank 4, transport 0
nid005015:84674:84674 [4] NCCL INFO Connected to proxy localRank 4 -> connection 0x152cc4002cf8
nid005015:84669:84770 [0] NCCL INFO New proxy send connection 49 from local rank 0, transport 2
nid005015:84669:84669 [0] NCCL INFO Connected to proxy localRank 0 -> connection 0x1470b4002b18
nid005016:25502:25593 [1] NCCL INFO New proxy recv connection 50 from local rank 1, transport 0
nid005016:25502:25502 [1] NCCL INFO Connected to proxy localRank 1 -> connection 0x145f6c002b90
nid005016:25504:25504 [4] NCCL INFO Channel 02/2 : 12[d1000] -> 10[c9000] via P2P/IPC comm 0x55a5f2721eb0 nRanks 16
nid005016:25507:25581 [7] NCCL INFO New proxy send connection 53 from local rank 7, transport 0
nid005016:25507:25507 [7] NCCL INFO Connected to proxy localRank 7 -> connection 0x152014002cf8
nid005016:25504:25584 [4] NCCL INFO New proxy send connection 52 from local rank 4, transport 0
nid005016:25504:25504 [4] NCCL INFO Connected to proxy localRank 4 -> connection 0x1505b4002c80
nid005015:84669:84669 [0] NCCL INFO Channel 05/2 : 0[c1000] -> 8[c1000] [send] via NET/Libfabric/0/GDRDMA comm 0x562e98837a90 nRanks 16
nid005015:84669:84669 [0] NCCL INFO GPU Direct RDMA Enabled for GPU c1000 / HCA 0 (distance 6 <= 6), read 1
nid005015:84669:84770 [0] NCCL INFO New proxy send connection 50 from local rank 0, transport 2
nid005015:84669:84669 [0] NCCL INFO Connected to proxy localRank 0 -> connection 0x1470b4002b90
nid005015:84669:84669 [0] NCCL INFO Channel 09/2 : 0[c1000] -> 8[c1000] [send] via NET/Libfabric/0/GDRDMA comm 0x562e98837a90 nRanks 16
nid005015:84669:84669 [0] NCCL INFO GPU Direct RDMA Enabled for GPU c1000 / HCA 0 (distance 6 <= 6), read 1
nid005015:84669:84770 [0] NCCL INFO New proxy send connection 51 from local rank 0, transport 2
nid005015:84669:84669 [0] NCCL INFO Connected to proxy localRank 0 -> connection 0x1470b4002c08
nid005015:84669:84669 [0] NCCL INFO Channel 13/2 : 0[c1000] -> 8[c1000] [send] via NET/Libfabric/0/GDRDMA comm 0x562e98837a90 nRanks 16
nid005015:84675:84675 [7] NCCL INFO Channel 04/2 : 7[de000] -> 3[ce000] via P2P/IPC comm 0x56153de37f20 nRanks 16
nid005015:84675:84756 [7] NCCL INFO New proxy send connection 53 from local rank 7, transport 0
nid005015:84675:84675 [7] NCCL INFO Connected to proxy localRank 7 -> connection 0x14e38c002cf8
nid005016:25503:25503 [0] NCCL INFO GPU Direct RDMA Enabled for GPU c1000 / HCA 0 (distance 6 <= 6), read 0
nid005016:25500:25500 [6] NCCL INFO Channel 03/2 : 14[d9000] -> 8[c1000] via P2P/IPC comm 0x5618b7deb810 nRanks 16
nid005016:25500:25585 [6] NCCL INFO New proxy send connection 48 from local rank 6, transport 0
nid005016:25503:25594 [0] NCCL INFO New proxy recv connection 44 from local rank 0, transport 2
nid005016:25500:25500 [6] NCCL INFO Connected to proxy localRank 6 -> connection 0x14e420002aa0
nid005016:25503:25503 [0] NCCL INFO Connected to proxy localRank 0 -> connection 0x1469900028c0
nid005016:25503:25503 [0] NCCL INFO Channel 01/2 : 0[c1000] -> 8[c1000] [receive] via NET/Libfabric/0/GDRDMA comm 0x559b5184e290 nRanks 16
nid005016:25503:25503 [0] NCCL INFO GPU Direct RDMA Enabled for GPU c1000 / HCA 0 (distance 6 <= 6), read 0
nid005016:25503:25594 [0] NCCL INFO New proxy recv connection 45 from local rank 0, transport 2
nid005016:25503:25503 [0] NCCL INFO Connected to proxy localRank 0 -> connection 0x146990002938
nid005016:25503:25503 [0] NCCL INFO Channel 05/2 : 0[c1000] -> 8[c1000] [receive] via NET/Libfabric/0/GDRDMA comm 0x559b5184e290 nRanks 16
nid005016:25503:25503 [0] NCCL INFO GPU Direct RDMA Enabled for GPU c1000 / HCA 0 (distance 6 <= 6), read 0
nid005016:25503:25594 [0] NCCL INFO New proxy recv connection 46 from local rank 0, transport 2
nid005016:25503:25503 [0] NCCL INFO Connected to proxy localRank 0 -> connection 0x1469900029b0
nid005016:25503:25503 [0] NCCL INFO Channel 09/2 : 0[c1000] -> 8[c1000] [receive] via NET/Libfabric/0/GDRDMA comm 0x559b5184e290 nRanks 16
nid005016:25503:25503 [0] NCCL INFO GPU Direct RDMA Enabled for GPU c1000 / HCA 0 (distance 6 <= 6), read 0
nid005016:25503:25594 [0] NCCL INFO New proxy recv connection 47 from local rank 0, transport 2
nid005016:25503:25503 [0] NCCL INFO Connected to proxy localRank 0 -> connection 0x146990002a28
nid005016:25503:25503 [0] NCCL INFO Channel 13/2 : 0[c1000] -> 8[c1000] [receive] via NET/Libfabric/0/GDRDMA comm 0x559b5184e290 nRanks 16
nid005016:25503:25503 [0] NCCL INFO GPU Direct RDMA Enabled for GPU c1000 / HCA 0 (distance 6 <= 6), read 1
nid005016:25503:25594 [0] NCCL INFO New proxy send connection 48 from local rank 0, transport 2
nid005016:25503:25503 [0] NCCL INFO Connected to proxy localRank 0 -> connection 0x146990002aa0
nid005016:25503:25503 [0] NCCL INFO Channel 00/2 : 8[c1000] -> 0[c1000] [send] via NET/Libfabric/0/GDRDMA comm 0x559b5184e290 nRanks 16
nid005016:25503:25503 [0] NCCL INFO GPU Direct RDMA Enabled for GPU c1000 / HCA 0 (distance 6 <= 6), read 1
nid005016:25503:25594 [0] NCCL INFO New proxy send connection 49 from local rank 0, transport 2
nid005016:25503:25503 [0] NCCL INFO Connected to proxy localRank 0 -> connection 0x146990002b18
nid005016:25503:25503 [0] NCCL INFO Channel 04/2 : 8[c1000] -> 0[c1000] [send] via NET/Libfabric/0/GDRDMA comm 0x559b5184e290 nRanks 16
nid005016:25503:25503 [0] NCCL INFO GPU Direct RDMA Enabled for GPU c1000 / HCA 0 (distance 6 <= 6), read 1
nid005016:25503:25594 [0] NCCL INFO New proxy send connection 50 from local rank 0, transport 2
nid005016:25503:25503 [0] NCCL INFO Connected to proxy localRank 0 -> connection 0x146990002b90
nid005016:25506:25506 [5] NCCL INFO Channel 12/2 : 13[d6000] -> 9[c6000] via P2P/IPC comm 0x564eceac2fa0 nRanks 16
nid005016:25503:25503 [0] NCCL INFO Channel 08/2 : 8[c1000] -> 0[c1000] [send] via NET/Libfabric/0/GDRDMA comm 0x559b5184e290 nRanks 16
nid005016:25503:25503 [0] NCCL INFO GPU Direct RDMA Enabled for GPU c1000 / HCA 0 (distance 6 <= 6), read 1
nid005016:25506:25582 [5] NCCL INFO New proxy send connection 55 from local rank 5, transport 0
nid005016:25506:25506 [5] NCCL INFO Connected to proxy localRank 5 -> connection 0x14d034002de8
nid005016:25503:25594 [0] NCCL INFO New proxy send connection 51 from local rank 0, transport 2
nid005016:25503:25503 [0] NCCL INFO Connected to proxy localRank 0 -> connection 0x146990002c08
nid005016:25503:25503 [0] NCCL INFO Channel 12/2 : 8[c1000] -> 0[c1000] [send] via NET/Libfabric/0/GDRDMA comm 0x559b5184e290 nRanks 16
nid005015:84669:84770 [0] NCCL INFO New proxy recv connection 52 from local rank 0, transport 0
nid005015:84669:84669 [0] NCCL INFO Connected to proxy localRank 0 -> connection 0x1470b4002c80
nid005016:25503:25594 [0] NCCL INFO New proxy recv connection 52 from local rank 0, transport 0
nid005016:25503:25503 [0] NCCL INFO Connected to proxy localRank 0 -> connection 0x146990002c80
nid005016:25507:25507 [7] NCCL INFO Channel 09/2 : 15[de000] -> 11[ce000] via P2P/IPC comm 0x55de98e1b2f0 nRanks 16
nid005016:25505:25583 [3] NCCL INFO New proxy recv connection 51 from local rank 3, transport 0
nid005016:25505:25505 [3] NCCL INFO Connected to proxy localRank 3 -> connection 0x146b80002c08
nid005015:84673:84673 [5] NCCL INFO Channel 13/2 : 5[d6000] -> 1[c6000] via P2P/IPC comm 0x555582a5c6a0 nRanks 16
nid005015:84673:84757 [5] NCCL INFO New proxy send connection 55 from local rank 5, transport 0
nid005015:84676:84676 [6] NCCL INFO Channel 06/2 : 6[d9000] -> 0[c1000] via P2P/IPC comm 0x55b07f219f80 nRanks 16
nid005015:84673:84673 [5] NCCL INFO Connected to proxy localRank 5 -> connection 0x15246c002de8
nid005016:25507:25581 [7] NCCL INFO New proxy send connection 54 from local rank 7, transport 0
nid005016:25507:25507 [7] NCCL INFO Connected to proxy localRank 7 -> connection 0x152014002d70
nid005015:84674:84674 [4] NCCL INFO Channel 11/2 : 4[d1000] -> 2[c9000] via P2P/IPC comm 0x562b43d12c80 nRanks 16
nid005015:84676:84760 [6] NCCL INFO New proxy send connection 49 from local rank 6, transport 0
nid005015:84676:84676 [6] NCCL INFO Connected to proxy localRank 6 -> connection 0x147878002b18
nid005015:84674:84761 [4] NCCL INFO New proxy send connection 54 from local rank 4, transport 0
nid005015:84674:84674 [4] NCCL INFO Connected to proxy localRank 4 -> connection 0x152cc4002d70
nid005015:84672:84758 [3] NCCL INFO New proxy recv connection 50 from local rank 3, transport 0
nid005015:84672:84672 [3] NCCL INFO Connected to proxy localRank 3 -> connection 0x14719c002b90
nid005016:25504:25504 [4] NCCL INFO Channel 06/2 : 12[d1000] -> 10[c9000] via P2P/IPC comm 0x55a5f2721eb0 nRanks 16
nid005016:25504:25584 [4] NCCL INFO New proxy send connection 53 from local rank 4, transport 0
nid005016:25504:25504 [4] NCCL INFO Connected to proxy localRank 4 -> connection 0x1505b4002cf8
nid005016:25502:25593 [1] NCCL INFO New proxy recv connection 51 from local rank 1, transport 0
nid005016:25502:25502 [1] NCCL INFO Connected to proxy localRank 1 -> connection 0x145f6c002c08
nid005016:25500:25500 [6] NCCL INFO Channel 07/2 : 14[d9000] -> 8[c1000] via P2P/IPC comm 0x5618b7deb810 nRanks 16
nid005016:25500:25585 [6] NCCL INFO New proxy send connection 49 from local rank 6, transport 0
nid005016:25500:25500 [6] NCCL INFO Connected to proxy localRank 6 -> connection 0x14e420002b18
nid005015:84675:84675 [7] NCCL INFO Channel 08/2 : 7[de000] -> 3[ce000] via P2P/IPC comm 0x56153de37f20 nRanks 16
nid005015:84675:84756 [7] NCCL INFO New proxy send connection 54 from local rank 7, transport 0
nid005015:84675:84675 [7] NCCL INFO Connected to proxy localRank 7 -> connection 0x14e38c002d70
nid005015:84669:84770 [0] NCCL INFO New proxy recv connection 53 from local rank 0, transport 0
nid005015:84669:84669 [0] NCCL INFO Connected to proxy localRank 0 -> connection 0x1470b4002cf8
nid005016:25507:25507 [7] NCCL INFO Channel 13/2 : 15[de000] -> 11[ce000] via P2P/IPC comm 0x55de98e1b2f0 nRanks 16
nid005016:25507:25581 [7] NCCL INFO New proxy send connection 55 from local rank 7, transport 0
nid005016:25507:25507 [7] NCCL INFO Connected to proxy localRank 7 -> connection 0x152014002de8
nid005015:84674:84674 [4] NCCL INFO Channel 15/2 : 4[d1000] -> 2[c9000] via P2P/IPC comm 0x562b43d12c80 nRanks 16
nid005015:84674:84761 [4] NCCL INFO New proxy send connection 55 from local rank 4, transport 0
nid005015:84674:84674 [4] NCCL INFO Connected to proxy localRank 4 -> connection 0x152cc4002de8
nid005016:25503:25594 [0] NCCL INFO New proxy recv connection 53 from local rank 0, transport 0
nid005016:25503:25503 [0] NCCL INFO Connected to proxy localRank 0 -> connection 0x146990002cf8
nid005015:84670:84759 [1] NCCL INFO New proxy recv connection 52 from local rank 1, transport 0
nid005015:84670:84670 [1] NCCL INFO Connected to proxy localRank 1 -> connection 0x14f2f0002c80
nid005015:84673:84673 [5] NCCL INFO Channel 00/2 : 5[d6000] -> 4[d1000] via P2P/IPC comm 0x555582a5c6a0 nRanks 16
nid005015:84673:84757 [5] NCCL INFO New proxy send connection 56 from local rank 5, transport 0
nid005015:84673:84673 [5] NCCL INFO Connected to proxy localRank 5 -> connection 0x15246c002e60
nid005015:84676:84676 [6] NCCL INFO Channel 10/2 : 6[d9000] -> 0[c1000] via P2P/IPC comm 0x55b07f219f80 nRanks 16
nid005015:84676:84760 [6] NCCL INFO New proxy send connection 50 from local rank 6, transport 0
nid005015:84676:84676 [6] NCCL INFO Connected to proxy localRank 6 -> connection 0x147878002b90
nid005015:84672:84758 [3] NCCL INFO New proxy recv connection 51 from local rank 3, transport 0
nid005015:84672:84672 [3] NCCL INFO Connected to proxy localRank 3 -> connection 0x14719c002c08
nid005016:25504:25504 [4] NCCL INFO Channel 10/2 : 12[d1000] -> 10[c9000] via P2P/IPC comm 0x55a5f2721eb0 nRanks 16
nid005016:25504:25584 [4] NCCL INFO New proxy send connection 54 from local rank 4, transport 0
nid005016:25504:25504 [4] NCCL INFO Connected to proxy localRank 4 -> connection 0x1505b4002d70
nid005016:25500:25500 [6] NCCL INFO Channel 11/2 : 14[d9000] -> 8[c1000] via P2P/IPC comm 0x5618b7deb810 nRanks 16
nid005016:25500:25585 [6] NCCL INFO New proxy send connection 50 from local rank 6, transport 0
nid005016:25500:25500 [6] NCCL INFO Connected to proxy localRank 6 -> connection 0x14e420002b90
nid005016:25506:25506 [5] NCCL INFO Channel 01/2 : 13[d6000] -> 12[d1000] via P2P/IPC comm 0x564eceac2fa0 nRanks 16
nid005016:25506:25582 [5] NCCL INFO New proxy send connection 56 from local rank 5, transport 0
nid005016:25502:25593 [1] NCCL INFO New proxy recv connection 52 from local rank 1, transport 0
nid005016:25506:25506 [5] NCCL INFO Connected to proxy localRank 5 -> connection 0x14d034002e60
nid005016:25502:25502 [1] NCCL INFO Connected to proxy localRank 1 -> connection 0x145f6c002c80
nid005015:84675:84675 [7] NCCL INFO Channel 12/2 : 7[de000] -> 3[ce000] via P2P/IPC comm 0x56153de37f20 nRanks 16
nid005015:84675:84756 [7] NCCL INFO New proxy send connection 55 from local rank 7, transport 0
nid005015:84675:84675 [7] NCCL INFO Connected to proxy localRank 7 -> connection 0x14e38c002de8
nid005015:84669:84770 [0] NCCL INFO New proxy recv connection 54 from local rank 0, transport 0
nid005015:84669:84669 [0] NCCL INFO Connected to proxy localRank 0 -> connection 0x1470b4002d70
nid005015:84670:84759 [1] NCCL INFO New proxy recv connection 53 from local rank 1, transport 0
nid005015:84670:84670 [1] NCCL INFO Connected to proxy localRank 1 -> connection 0x14f2f0002cf8
nid005016:25507:25507 [7] NCCL INFO Channel 00/2 : 15[de000] -> 14[d9000] via P2P/IPC comm 0x55de98e1b2f0 nRanks 16
nid005016:25505:25505 [3] NCCL INFO Channel 02/2 : 11[ce000] -> 9[c6000] via P2P/IPC comm 0x561abc4c3f60 nRanks 16
nid005016:25505:25583 [3] NCCL INFO New proxy send connection 52 from local rank 3, transport 0
nid005016:25505:25505 [3] NCCL INFO Connected to proxy localRank 3 -> connection 0x146b80002c80
nid005016:25507:25581 [7] NCCL INFO New proxy send connection 56 from local rank 7, transport 0
nid005016:25507:25507 [7] NCCL INFO Connected to proxy localRank 7 -> connection 0x152014002e60
nid005015:84673:84673 [5] NCCL INFO Channel 03/2 : 5[d6000] -> 4[d1000] via P2P/IPC comm 0x555582a5c6a0 nRanks 16
nid005015:84671:84762 [2] NCCL INFO New proxy recv connection 56 from local rank 2, transport 0
nid005015:84673:84757 [5] NCCL INFO New proxy send connection 57 from local rank 5, transport 0
nid005015:84673:84673 [5] NCCL INFO Connected to proxy localRank 5 -> connection 0x15246c002ed8
nid005016:25500:25500 [6] NCCL INFO Channel 15/2 : 14[d9000] -> 8[c1000] via P2P/IPC comm 0x5618b7deb810 nRanks 16
nid005015:84671:84671 [2] NCCL INFO Connected to proxy localRank 2 -> connection 0x15483c002e60
nid005016:25500:25585 [6] NCCL INFO New proxy send connection 51 from local rank 6, transport 0
nid005016:25500:25500 [6] NCCL INFO Connected to proxy localRank 6 -> connection 0x14e420002c08
nid005016:25503:25594 [0] NCCL INFO New proxy recv connection 54 from local rank 0, transport 0
nid005016:25503:25503 [0] NCCL INFO Connected to proxy localRank 0 -> connection 0x146990002d70
nid005015:84676:84676 [6] NCCL INFO Channel 14/2 : 6[d9000] -> 0[c1000] via P2P/IPC comm 0x55b07f219f80 nRanks 16
nid005015:84676:84760 [6] NCCL INFO New proxy send connection 51 from local rank 6, transport 0
nid005015:84676:84676 [6] NCCL INFO Connected to proxy localRank 6 -> connection 0x147878002c08
nid005016:25504:25504 [4] NCCL INFO Channel 14/2 : 12[d1000] -> 10[c9000] via P2P/IPC comm 0x55a5f2721eb0 nRanks 16
nid005016:25506:25506 [5] NCCL INFO Channel 02/2 : 13[d6000] -> 12[d1000] via P2P/IPC comm 0x564eceac2fa0 nRanks 16
nid005016:25506:25582 [5] NCCL INFO New proxy send connection 57 from local rank 5, transport 0
nid005016:25504:25584 [4] NCCL INFO New proxy send connection 55 from local rank 4, transport 0
nid005016:25504:25504 [4] NCCL INFO Connected to proxy localRank 4 -> connection 0x1505b4002de8
nid005016:25506:25506 [5] NCCL INFO Connected to proxy localRank 5 -> connection 0x14d034002ed8
nid005016:25502:25593 [1] NCCL INFO New proxy recv connection 53 from local rank 1, transport 0
nid005016:25502:25502 [1] NCCL INFO Connected to proxy localRank 1 -> connection 0x145f6c002cf8
nid005015:84672:84672 [3] NCCL INFO Channel 03/2 : 3[ce000] -> 1[c6000] via P2P/IPC comm 0x55a5a4c1d010 nRanks 16
nid005015:84675:84675 [7] NCCL INFO Channel 01/2 : 7[de000] -> 6[d9000] via P2P/IPC comm 0x56153de37f20 nRanks 16
nid005015:84675:84756 [7] NCCL INFO New proxy send connection 56 from local rank 7, transport 0
nid005015:84672:84758 [3] NCCL INFO New proxy send connection 52 from local rank 3, transport 0
nid005015:84672:84672 [3] NCCL INFO Connected to proxy localRank 3 -> connection 0x14719c002c80
nid005015:84675:84675 [7] NCCL INFO Connected to proxy localRank 7 -> connection 0x14e38c002e60
nid005015:84670:84759 [1] NCCL INFO New proxy recv connection 54 from local rank 1, transport 0
nid005015:84670:84670 [1] NCCL INFO Connected to proxy localRank 1 -> connection 0x14f2f0002d70
nid005016:25507:25507 [7] NCCL INFO Channel 03/2 : 15[de000] -> 14[d9000] via P2P/IPC comm 0x55de98e1b2f0 nRanks 16
nid005016:25507:25581 [7] NCCL INFO New proxy send connection 57 from local rank 7, transport 0
nid005016:25507:25507 [7] NCCL INFO Connected to proxy localRank 7 -> connection 0x152014002ed8
nid005015:84669:84770 [0] NCCL INFO New proxy recv connection 55 from local rank 0, transport 0
nid005015:84669:84669 [0] NCCL INFO Connected to proxy localRank 0 -> connection 0x1470b4002de8
nid005015:84673:84673 [5] NCCL INFO Channel 04/2 : 5[d6000] -> 4[d1000] via P2P/IPC comm 0x555582a5c6a0 nRanks 16
nid005015:84673:84757 [5] NCCL INFO New proxy send connection 58 from local rank 5, transport 0
nid005015:84673:84673 [5] NCCL INFO Connected to proxy localRank 5 -> connection 0x15246c002f50
nid005016:25505:25505 [3] NCCL INFO Channel 06/2 : 11[ce000] -> 9[c6000] via P2P/IPC comm 0x561abc4c3f60 nRanks 16
nid005016:25505:25583 [3] NCCL INFO New proxy send connection 53 from local rank 3, transport 0
nid005016:25505:25505 [3] NCCL INFO Connected to proxy localRank 3 -> connection 0x146b80002cf8
nid005016:25506:25506 [5] NCCL INFO Channel 05/2 : 13[d6000] -> 12[d1000] via P2P/IPC comm 0x564eceac2fa0 nRanks 16
nid005016:25506:25582 [5] NCCL INFO New proxy send connection 58 from local rank 5, transport 0
nid005016:25506:25506 [5] NCCL INFO Connected to proxy localRank 5 -> connection 0x14d034002f50
nid005015:84671:84762 [2] NCCL INFO New proxy recv connection 57 from local rank 2, transport 0
nid005015:84671:84671 [2] NCCL INFO Connected to proxy localRank 2 -> connection 0x15483c002ed8
nid005016:25503:25594 [0] NCCL INFO New proxy recv connection 55 from local rank 0, transport 0
nid005016:25503:25503 [0] NCCL INFO Connected to proxy localRank 0 -> connection 0x146990002de8
nid005016:25501:25586 [2] NCCL INFO New proxy recv connection 56 from local rank 2, transport 0
nid005016:25501:25501 [2] NCCL INFO Connected to proxy localRank 2 -> connection 0x145fb0002e60
nid005015:84670:84759 [1] NCCL INFO New proxy recv connection 55 from local rank 1, transport 0
nid005015:84670:84670 [1] NCCL INFO Connected to proxy localRank 1 -> connection 0x14f2f0002de8
nid005016:25502:25593 [1] NCCL INFO New proxy recv connection 54 from local rank 1, transport 0
nid005015:84675:84675 [7] NCCL INFO Channel 02/2 : 7[de000] -> 6[d9000] via P2P/IPC comm 0x56153de37f20 nRanks 16
nid005015:84675:84756 [7] NCCL INFO New proxy send connection 57 from local rank 7, transport 0
nid005015:84675:84675 [7] NCCL INFO Connected to proxy localRank 7 -> connection 0x14e38c002ed8
nid005016:25502:25502 [1] NCCL INFO Connected to proxy localRank 1 -> connection 0x145f6c002d70
nid005015:84672:84672 [3] NCCL INFO Channel 07/2 : 3[ce000] -> 1[c6000] via P2P/IPC comm 0x55a5a4c1d010 nRanks 16
nid005015:84672:84758 [3] NCCL INFO New proxy send connection 53 from local rank 3, transport 0
nid005015:84672:84672 [3] NCCL INFO Connected to proxy localRank 3 -> connection 0x14719c002cf8
nid005016:25507:25507 [7] NCCL INFO Channel 04/2 : 15[de000] -> 14[d9000] via P2P/IPC comm 0x55de98e1b2f0 nRanks 16
nid005016:25507:25581 [7] NCCL INFO New proxy send connection 58 from local rank 7, transport 0
nid005016:25507:25507 [7] NCCL INFO Connected to proxy localRank 7 -> connection 0x152014002f50
nid005016:25506:25506 [5] NCCL INFO Channel 06/2 : 13[d6000] -> 12[d1000] via P2P/IPC comm 0x564eceac2fa0 nRanks 16
nid005016:25506:25582 [5] NCCL INFO New proxy send connection 59 from local rank 5, transport 0
nid005016:25506:25506 [5] NCCL INFO Connected to proxy localRank 5 -> connection 0x14d034002fc8
nid005015:84673:84673 [5] NCCL INFO Channel 07/2 : 5[d6000] -> 4[d1000] via P2P/IPC comm 0x555582a5c6a0 nRanks 16
nid005015:84673:84757 [5] NCCL INFO New proxy send connection 59 from local rank 5, transport 0
nid005015:84673:84673 [5] NCCL INFO Connected to proxy localRank 5 -> connection 0x15246c002fc8
nid005015:84676:84676 [6] NCCL INFO Channel 01/2 : 6[d9000] -> 4[d1000] via P2P/IPC comm 0x55b07f219f80 nRanks 16
nid005015:84676:84760 [6] NCCL INFO New proxy send connection 52 from local rank 6, transport 0
nid005015:84676:84676 [6] NCCL INFO Connected to proxy localRank 6 -> connection 0x147878002c80
nid005015:84669:84770 [0] NCCL INFO New proxy recv connection 56 from local rank 0, transport 0
nid005015:84669:84669 [0] NCCL INFO Connected to proxy localRank 0 -> connection 0x1470b4002e60
nid005016:25505:25505 [3] NCCL INFO Channel 10/2 : 11[ce000] -> 9[c6000] via P2P/IPC comm 0x561abc4c3f60 nRanks 16
nid005016:25505:25583 [3] NCCL INFO New proxy send connection 54 from local rank 3, transport 0
nid005016:25505:25505 [3] NCCL INFO Connected to proxy localRank 3 -> connection 0x146b80002d70
nid005016:25501:25586 [2] NCCL INFO New proxy recv connection 57 from local rank 2, transport 0
nid005016:25501:25501 [2] NCCL INFO Connected to proxy localRank 2 -> connection 0x145fb0002ed8
nid005015:84671:84762 [2] NCCL INFO New proxy recv connection 58 from local rank 2, transport 0
nid005015:84671:84671 [2] NCCL INFO Connected to proxy localRank 2 -> connection 0x15483c002f50
nid005016:25500:25500 [6] NCCL INFO Channel 00/2 : 14[d9000] -> 12[d1000] via P2P/IPC comm 0x5618b7deb810 nRanks 16
nid005016:25500:25585 [6] NCCL INFO New proxy send connection 52 from local rank 6, transport 0
nid005016:25500:25500 [6] NCCL INFO Connected to proxy localRank 6 -> connection 0x14e420002c80
nid005016:25503:25594 [0] NCCL INFO New proxy recv connection 56 from local rank 0, transport 0
nid005016:25503:25503 [0] NCCL INFO Connected to proxy localRank 0 -> connection 0x146990002e60
nid005016:25506:25506 [5] NCCL INFO Channel 09/2 : 13[d6000] -> 12[d1000] via P2P/IPC comm 0x564eceac2fa0 nRanks 16
nid005016:25506:25582 [5] NCCL INFO New proxy send connection 60 from local rank 5, transport 0
nid005016:25506:25506 [5] NCCL INFO Connected to proxy localRank 5 -> connection 0x14d034003040
nid005016:25507:25507 [7] NCCL INFO Channel 07/2 : 15[de000] -> 14[d9000] via P2P/IPC comm 0x55de98e1b2f0 nRanks 16
nid005015:84675:84675 [7] NCCL INFO Channel 05/2 : 7[de000] -> 6[d9000] via P2P/IPC comm 0x56153de37f20 nRanks 16
nid005015:84675:84756 [7] NCCL INFO New proxy send connection 58 from local rank 7, transport 0
nid005015:84675:84675 [7] NCCL INFO Connected to proxy localRank 7 -> connection 0x14e38c002f50
nid005016:25507:25581 [7] NCCL INFO New proxy send connection 59 from local rank 7, transport 0
nid005016:25507:25507 [7] NCCL INFO Connected to proxy localRank 7 -> connection 0x152014002fc8
nid005016:25502:25593 [1] NCCL INFO New proxy recv connection 55 from local rank 1, transport 0
nid005016:25502:25502 [1] NCCL INFO Connected to proxy localRank 1 -> connection 0x145f6c002de8
nid005015:84672:84672 [3] NCCL INFO Channel 11/2 : 3[ce000] -> 1[c6000] via P2P/IPC comm 0x55a5a4c1d010 nRanks 16
nid005015:84672:84758 [3] NCCL INFO New proxy send connection 54 from local rank 3, transport 0
nid005015:84672:84672 [3] NCCL INFO Connected to proxy localRank 3 -> connection 0x14719c002d70
nid005015:84673:84673 [5] NCCL INFO Channel 08/2 : 5[d6000] -> 4[d1000] via P2P/IPC comm 0x555582a5c6a0 nRanks 16
nid005015:84673:84757 [5] NCCL INFO New proxy send connection 60 from local rank 5, transport 0
nid005015:84673:84673 [5] NCCL INFO Connected to proxy localRank 5 -> connection 0x15246c003040
nid005015:84669:84770 [0] NCCL INFO New proxy recv connection 57 from local rank 0, transport 0
nid005015:84669:84669 [0] NCCL INFO Connected to proxy localRank 0 -> connection 0x1470b4002ed8
nid005015:84676:84676 [6] NCCL INFO Channel 05/2 : 6[d9000] -> 4[d1000] via P2P/IPC comm 0x55b07f219f80 nRanks 16
nid005015:84676:84760 [6] NCCL INFO New proxy send connection 53 from local rank 6, transport 0
nid005015:84676:84676 [6] NCCL INFO Connected to proxy localRank 6 -> connection 0x147878002cf8
nid005016:25505:25505 [3] NCCL INFO Channel 14/2 : 11[ce000] -> 9[c6000] via P2P/IPC comm 0x561abc4c3f60 nRanks 16
nid005016:25505:25583 [3] NCCL INFO New proxy send connection 55 from local rank 3, transport 0
nid005016:25505:25505 [3] NCCL INFO Connected to proxy localRank 3 -> connection 0x146b80002de8
nid005016:25501:25586 [2] NCCL INFO New proxy recv connection 58 from local rank 2, transport 0
nid005016:25501:25501 [2] NCCL INFO Connected to proxy localRank 2 -> connection 0x145fb0002f50
nid005015:84671:84762 [2] NCCL INFO New proxy recv connection 59 from local rank 2, transport 0
nid005015:84671:84671 [2] NCCL INFO Connected to proxy localRank 2 -> connection 0x15483c002fc8
nid005016:25500:25500 [6] NCCL INFO Channel 04/2 : 14[d9000] -> 12[d1000] via P2P/IPC comm 0x5618b7deb810 nRanks 16
nid005016:25500:25585 [6] NCCL INFO New proxy send connection 53 from local rank 6, transport 0
nid005016:25500:25500 [6] NCCL INFO Connected to proxy localRank 6 -> connection 0x14e420002cf8
nid005016:25503:25594 [0] NCCL INFO New proxy recv connection 57 from local rank 0, transport 0
nid005016:25503:25503 [0] NCCL INFO Connected to proxy localRank 0 -> connection 0x146990002ed8
nid005016:25506:25506 [5] NCCL INFO Channel 10/2 : 13[d6000] -> 12[d1000] via P2P/IPC comm 0x564eceac2fa0 nRanks 16
nid005016:25506:25582 [5] NCCL INFO New proxy send connection 61 from local rank 5, transport 0
nid005016:25506:25506 [5] NCCL INFO Connected to proxy localRank 5 -> connection 0x14d0340030b8
nid005016:25507:25507 [7] NCCL INFO Channel 08/2 : 15[de000] -> 14[d9000] via P2P/IPC comm 0x55de98e1b2f0 nRanks 16
nid005016:25507:25581 [7] NCCL INFO New proxy send connection 60 from local rank 7, transport 0
nid005016:25507:25507 [7] NCCL INFO Connected to proxy localRank 7 -> connection 0x152014003040
nid005015:84675:84675 [7] NCCL INFO Channel 06/2 : 7[de000] -> 6[d9000] via P2P/IPC comm 0x56153de37f20 nRanks 16
nid005015:84675:84756 [7] NCCL INFO New proxy send connection 59 from local rank 7, transport 0
nid005015:84675:84675 [7] NCCL INFO Connected to proxy localRank 7 -> connection 0x14e38c002fc8
nid005015:84673:84673 [5] NCCL INFO Channel 11/2 : 5[d6000] -> 4[d1000] via P2P/IPC comm 0x555582a5c6a0 nRanks 16
nid005015:84673:84757 [5] NCCL INFO New proxy send connection 61 from local rank 5, transport 0
nid005015:84673:84673 [5] NCCL INFO Connected to proxy localRank 5 -> connection 0x15246c0030b8
nid005015:84672:84672 [3] NCCL INFO Channel 15/2 : 3[ce000] -> 1[c6000] via P2P/IPC comm 0x55a5a4c1d010 nRanks 16
nid005015:84672:84758 [3] NCCL INFO New proxy send connection 55 from local rank 3, transport 0
nid005015:84672:84672 [3] NCCL INFO Connected to proxy localRank 3 -> connection 0x14719c002de8
nid005015:84669:84770 [0] NCCL INFO New proxy recv connection 58 from local rank 0, transport 0
nid005015:84669:84669 [0] NCCL INFO Connected to proxy localRank 0 -> connection 0x1470b4002f50
nid005015:84676:84676 [6] NCCL INFO Channel 09/2 : 6[d9000] -> 4[d1000] via P2P/IPC comm 0x55b07f219f80 nRanks 16
nid005015:84676:84760 [6] NCCL INFO New proxy send connection 54 from local rank 6, transport 0
nid005015:84676:84676 [6] NCCL INFO Connected to proxy localRank 6 -> connection 0x147878002d70
nid005016:25506:25506 [5] NCCL INFO Channel 13/2 : 13[d6000] -> 12[d1000] via P2P/IPC comm 0x564eceac2fa0 nRanks 16
nid005016:25506:25582 [5] NCCL INFO New proxy send connection 62 from local rank 5, transport 0
nid005016:25506:25506 [5] NCCL INFO Connected to proxy localRank 5 -> connection 0x14d034003130
nid005016:25502:25502 [1] NCCL INFO Channel 00/2 : 9[c6000] -> 8[c1000] via P2P/IPC comm 0x559172af0110 nRanks 16
nid005016:25505:25505 [3] NCCL INFO Channel 01/2 : 11[ce000] -> 10[c9000] via P2P/IPC comm 0x561abc4c3f60 nRanks 16
nid005016:25502:25593 [1] NCCL INFO New proxy send connection 56 from local rank 1, transport 0
nid005016:25505:25583 [3] NCCL INFO New proxy send connection 56 from local rank 3, transport 0
nid005016:25502:25502 [1] NCCL INFO Connected to proxy localRank 1 -> connection 0x145f6c002e60
nid005016:25505:25505 [3] NCCL INFO Connected to proxy localRank 3 -> connection 0x146b80002e60
nid005016:25501:25586 [2] NCCL INFO New proxy recv connection 59 from local rank 2, transport 0
nid005016:25501:25501 [2] NCCL INFO Connected to proxy localRank 2 -> connection 0x145fb0002fc8
nid005016:25503:25594 [0] NCCL INFO New proxy recv connection 58 from local rank 0, transport 0
nid005016:25503:25503 [0] NCCL INFO Connected to proxy localRank 0 -> connection 0x146990002f50
nid005015:84671:84762 [2] NCCL INFO New proxy recv connection 60 from local rank 2, transport 0
nid005015:84671:84671 [2] NCCL INFO Connected to proxy localRank 2 -> connection 0x15483c003040
nid005016:25507:25507 [7] NCCL INFO Channel 11/2 : 15[de000] -> 14[d9000] via P2P/IPC comm 0x55de98e1b2f0 nRanks 16
nid005016:25500:25500 [6] NCCL INFO Channel 08/2 : 14[d9000] -> 12[d1000] via P2P/IPC comm 0x5618b7deb810 nRanks 16
nid005016:25507:25581 [7] NCCL INFO New proxy send connection 61 from local rank 7, transport 0
nid005016:25507:25507 [7] NCCL INFO Connected to proxy localRank 7 -> connection 0x1520140030b8
nid005016:25500:25585 [6] NCCL INFO New proxy send connection 54 from local rank 6, transport 0
nid005016:25500:25500 [6] NCCL INFO Connected to proxy localRank 6 -> connection 0x14e420002d70
nid005015:84675:84675 [7] NCCL INFO Channel 09/2 : 7[de000] -> 6[d9000] via P2P/IPC comm 0x56153de37f20 nRanks 16
nid005015:84675:84756 [7] NCCL INFO New proxy send connection 60 from local rank 7, transport 0
nid005015:84675:84675 [7] NCCL INFO Connected to proxy localRank 7 -> connection 0x14e38c003040
nid005015:84673:84673 [5] NCCL INFO Channel 12/2 : 5[d6000] -> 4[d1000] via P2P/IPC comm 0x555582a5c6a0 nRanks 16
nid005015:84673:84757 [5] NCCL INFO New proxy send connection 62 from local rank 5, transport 0
nid005015:84673:84673 [5] NCCL INFO Connected to proxy localRank 5 -> connection 0x15246c003130
nid005016:25506:25506 [5] NCCL INFO Channel 14/2 : 13[d6000] -> 12[d1000] via P2P/IPC comm 0x564eceac2fa0 nRanks 16
nid005016:25506:25582 [5] NCCL INFO New proxy send connection 63 from local rank 5, transport 0
nid005016:25506:25506 [5] NCCL INFO Connected to proxy localRank 5 -> connection 0x14d0340031a8
nid005015:84669:84770 [0] NCCL INFO New proxy recv connection 59 from local rank 0, transport 0
nid005015:84669:84669 [0] NCCL INFO Connected to proxy localRank 0 -> connection 0x1470b4002fc8
nid005015:84670:84670 [1] NCCL INFO Channel 01/2 : 1[c6000] -> 0[c1000] via P2P/IPC comm 0x55f1ace86af0 nRanks 16
nid005015:84670:84759 [1] NCCL INFO New proxy send connection 56 from local rank 1, transport 0
nid005015:84670:84670 [1] NCCL INFO Connected to proxy localRank 1 -> connection 0x14f2f0002e60
nid005015:84672:84672 [3] NCCL INFO Channel 00/2 : 3[ce000] -> 2[c9000] via P2P/IPC comm 0x55a5a4c1d010 nRanks 16
nid005015:84672:84758 [3] NCCL INFO New proxy send connection 56 from local rank 3, transport 0
nid005015:84672:84672 [3] NCCL INFO Connected to proxy localRank 3 -> connection 0x14719c002e60
nid005015:84676:84676 [6] NCCL INFO Channel 13/2 : 6[d9000] -> 4[d1000] via P2P/IPC comm 0x55b07f219f80 nRanks 16
nid005015:84676:84760 [6] NCCL INFO New proxy send connection 55 from local rank 6, transport 0
nid005015:84676:84676 [6] NCCL INFO Connected to proxy localRank 6 -> connection 0x147878002de8
nid005016:25507:25507 [7] NCCL INFO Channel 12/2 : 15[de000] -> 14[d9000] via P2P/IPC comm 0x55de98e1b2f0 nRanks 16
nid005016:25507:25581 [7] NCCL INFO New proxy send connection 62 from local rank 7, transport 0
nid005016:25507:25507 [7] NCCL INFO Connected to proxy localRank 7 -> connection 0x152014003130
nid005016:25501:25586 [2] NCCL INFO New proxy recv connection 60 from local rank 2, transport 0
nid005016:25502:25502 [1] NCCL INFO Channel 02/2 : 9[c6000] -> 8[c1000] via P2P/IPC comm 0x559172af0110 nRanks 16
nid005016:25502:25593 [1] NCCL INFO New proxy send connection 57 from local rank 1, transport 0
nid005016:25501:25501 [2] NCCL INFO Connected to proxy localRank 2 -> connection 0x145fb0003040
nid005016:25505:25505 [3] NCCL INFO Channel 03/2 : 11[ce000] -> 10[c9000] via P2P/IPC comm 0x561abc4c3f60 nRanks 16
nid005016:25505:25583 [3] NCCL INFO New proxy send connection 57 from local rank 3, transport 0
nid005016:25505:25505 [3] NCCL INFO Connected to proxy localRank 3 -> connection 0x146b80002ed8
nid005016:25502:25502 [1] NCCL INFO Connected to proxy localRank 1 -> connection 0x145f6c002ed8
nid005016:25503:25594 [0] NCCL INFO New proxy recv connection 59 from local rank 0, transport 0
nid005016:25503:25503 [0] NCCL INFO Connected to proxy localRank 0 -> connection 0x146990002fc8
nid005016:25500:25500 [6] NCCL INFO Channel 12/2 : 14[d9000] -> 12[d1000] via P2P/IPC comm 0x5618b7deb810 nRanks 16
nid005016:25500:25585 [6] NCCL INFO New proxy send connection 55 from local rank 6, transport 0
nid005016:25500:25500 [6] NCCL INFO Connected to proxy localRank 6 -> connection 0x14e420002de8
nid005015:84671:84762 [2] NCCL INFO New proxy recv connection 61 from local rank 2, transport 0
nid005015:84671:84671 [2] NCCL INFO Connected to proxy localRank 2 -> connection 0x15483c0030b8
nid005015:84673:84673 [5] NCCL INFO Channel 15/2 : 5[d6000] -> 4[d1000] via P2P/IPC comm 0x555582a5c6a0 nRanks 16
nid005015:84673:84757 [5] NCCL INFO New proxy send connection 63 from local rank 5, transport 0
nid005015:84673:84673 [5] NCCL INFO Connected to proxy localRank 5 -> connection 0x15246c0031a8
nid005015:84675:84675 [7] NCCL INFO Channel 10/2 : 7[de000] -> 6[d9000] via P2P/IPC comm 0x56153de37f20 nRanks 16
nid005015:84675:84756 [7] NCCL INFO New proxy send connection 61 from local rank 7, transport 0
nid005015:84675:84675 [7] NCCL INFO Connected to proxy localRank 7 -> connection 0x14e38c0030b8
nid005015:84670:84670 [1] NCCL INFO Channel 03/2 : 1[c6000] -> 0[c1000] via P2P/IPC comm 0x55f1ace86af0 nRanks 16
nid005015:84670:84759 [1] NCCL INFO New proxy send connection 57 from local rank 1, transport 0
nid005015:84670:84670 [1] NCCL INFO Connected to proxy localRank 1 -> connection 0x14f2f0002ed8
nid005015:84669:84770 [0] NCCL INFO New proxy recv connection 60 from local rank 0, transport 0
nid005015:84669:84669 [0] NCCL INFO Connected to proxy localRank 0 -> connection 0x1470b4003040
nid005016:25507:25507 [7] NCCL INFO Channel 15/2 : 15[de000] -> 14[d9000] via P2P/IPC comm 0x55de98e1b2f0 nRanks 16
nid005016:25507:25581 [7] NCCL INFO New proxy send connection 63 from local rank 7, transport 0
nid005016:25507:25507 [7] NCCL INFO Connected to proxy localRank 7 -> connection 0x1520140031a8
nid005015:84672:84672 [3] NCCL INFO Channel 02/2 : 3[ce000] -> 2[c9000] via P2P/IPC comm 0x55a5a4c1d010 nRanks 16
nid005015:84672:84758 [3] NCCL INFO New proxy send connection 57 from local rank 3, transport 0
nid005015:84672:84672 [3] NCCL INFO Connected to proxy localRank 3 -> connection 0x14719c002ed8
nid005016:25505:25505 [3] NCCL INFO Channel 05/2 : 11[ce000] -> 10[c9000] via P2P/IPC comm 0x561abc4c3f60 nRanks 16
nid005016:25505:25583 [3] NCCL INFO New proxy send connection 58 from local rank 3, transport 0
nid005016:25505:25505 [3] NCCL INFO Connected to proxy localRank 3 -> connection 0x146b80002f50
nid005015:84674:84761 [4] NCCL INFO New proxy recv connection 56 from local rank 4, transport 0
nid005015:84676:84760 [6] NCCL INFO New proxy recv connection 56 from local rank 6, transport 0
nid005015:84676:84676 [6] NCCL INFO Connected to proxy localRank 6 -> connection 0x147878002e60
nid005015:84674:84674 [4] NCCL INFO Connected to proxy localRank 4 -> connection 0x152cc4002e60
nid005016:25501:25586 [2] NCCL INFO New proxy recv connection 61 from local rank 2, transport 0
nid005016:25501:25501 [2] NCCL INFO Connected to proxy localRank 2 -> connection 0x145fb00030b8
nid005016:25502:25502 [1] NCCL INFO Channel 04/2 : 9[c6000] -> 8[c1000] via P2P/IPC comm 0x559172af0110 nRanks 16
nid005016:25502:25593 [1] NCCL INFO New proxy send connection 58 from local rank 1, transport 0
nid005016:25502:25502 [1] NCCL INFO Connected to proxy localRank 1 -> connection 0x145f6c002f50
nid005016:25503:25594 [0] NCCL INFO New proxy recv connection 60 from local rank 0, transport 0
nid005016:25503:25503 [0] NCCL INFO Connected to proxy localRank 0 -> connection 0x146990003040
nid005016:25500:25585 [6] NCCL INFO New proxy recv connection 56 from local rank 6, transport 0
nid005016:25500:25500 [6] NCCL INFO Connected to proxy localRank 6 -> connection 0x14e420002e60
nid005016:25504:25584 [4] NCCL INFO New proxy recv connection 56 from local rank 4, transport 0
nid005016:25504:25504 [4] NCCL INFO Connected to proxy localRank 4 -> connection 0x1505b4002e60
nid005015:84671:84762 [2] NCCL INFO New proxy recv connection 62 from local rank 2, transport 0
nid005015:84671:84671 [2] NCCL INFO Connected to proxy localRank 2 -> connection 0x15483c003130
nid005015:84670:84670 [1] NCCL INFO Channel 05/2 : 1[c6000] -> 0[c1000] via P2P/IPC comm 0x55f1ace86af0 nRanks 16
nid005015:84670:84759 [1] NCCL INFO New proxy send connection 58 from local rank 1, transport 0
nid005015:84670:84670 [1] NCCL INFO Connected to proxy localRank 1 -> connection 0x14f2f0002f50
nid005015:84675:84675 [7] NCCL INFO Channel 13/2 : 7[de000] -> 6[d9000] via P2P/IPC comm 0x56153de37f20 nRanks 16
nid005015:84675:84756 [7] NCCL INFO New proxy send connection 62 from local rank 7, transport 0
nid005015:84675:84675 [7] NCCL INFO Connected to proxy localRank 7 -> connection 0x14e38c003130
nid005015:84669:84770 [0] NCCL INFO New proxy recv connection 61 from local rank 0, transport 0
nid005015:84669:84669 [0] NCCL INFO Connected to proxy localRank 0 -> connection 0x1470b40030b8
nid005015:84672:84672 [3] NCCL INFO Channel 04/2 : 3[ce000] -> 2[c9000] via P2P/IPC comm 0x55a5a4c1d010 nRanks 16
nid005015:84672:84758 [3] NCCL INFO New proxy send connection 58 from local rank 3, transport 0
nid005015:84672:84672 [3] NCCL INFO Connected to proxy localRank 3 -> connection 0x14719c002f50
nid005015:84676:84760 [6] NCCL INFO New proxy recv connection 57 from local rank 6, transport 0
nid005015:84676:84676 [6] NCCL INFO Connected to proxy localRank 6 -> connection 0x147878002ed8
nid005015:84674:84761 [4] NCCL INFO New proxy recv connection 57 from local rank 4, transport 0
nid005015:84674:84674 [4] NCCL INFO Connected to proxy localRank 4 -> connection 0x152cc4002ed8
nid005016:25501:25586 [2] NCCL INFO New proxy recv connection 62 from local rank 2, transport 0
nid005016:25501:25501 [2] NCCL INFO Connected to proxy localRank 2 -> connection 0x145fb0003130
nid005016:25505:25505 [3] NCCL INFO Channel 07/2 : 11[ce000] -> 10[c9000] via P2P/IPC comm 0x561abc4c3f60 nRanks 16
nid005016:25505:25583 [3] NCCL INFO New proxy send connection 59 from local rank 3, transport 0
nid005015:84670:84670 [1] NCCL INFO Channel 07/2 : 1[c6000] -> 0[c1000] via P2P/IPC comm 0x55f1ace86af0 nRanks 16
nid005015:84670:84759 [1] NCCL INFO New proxy send connection 59 from local rank 1, transport 0
nid005015:84670:84670 [1] NCCL INFO Connected to proxy localRank 1 -> connection 0x14f2f0002fc8
nid005016:25505:25505 [3] NCCL INFO Connected to proxy localRank 3 -> connection 0x146b80002fc8
nid005016:25502:25502 [1] NCCL INFO Channel 06/2 : 9[c6000] -> 8[c1000] via P2P/IPC comm 0x559172af0110 nRanks 16
nid005016:25502:25593 [1] NCCL INFO New proxy send connection 59 from local rank 1, transport 0
nid005016:25502:25502 [1] NCCL INFO Connected to proxy localRank 1 -> connection 0x145f6c002fc8
nid005016:25503:25594 [0] NCCL INFO New proxy recv connection 61 from local rank 0, transport 0
nid005016:25503:25503 [0] NCCL INFO Connected to proxy localRank 0 -> connection 0x1469900030b8
nid005016:25504:25584 [4] NCCL INFO New proxy recv connection 57 from local rank 4, transport 0
nid005016:25500:25585 [6] NCCL INFO New proxy recv connection 57 from local rank 6, transport 0
nid005016:25500:25500 [6] NCCL INFO Connected to proxy localRank 6 -> connection 0x14e420002ed8
nid005016:25504:25504 [4] NCCL INFO Connected to proxy localRank 4 -> connection 0x1505b4002ed8
nid005015:84671:84762 [2] NCCL INFO New proxy recv connection 63 from local rank 2, transport 0
nid005015:84671:84671 [2] NCCL INFO Connected to proxy localRank 2 -> connection 0x15483c0031a8
nid005015:84675:84675 [7] NCCL INFO Channel 14/2 : 7[de000] -> 6[d9000] via P2P/IPC comm 0x56153de37f20 nRanks 16
nid005015:84675:84756 [7] NCCL INFO New proxy send connection 63 from local rank 7, transport 0
nid005015:84675:84675 [7] NCCL INFO Connected to proxy localRank 7 -> connection 0x14e38c0031a8
nid005015:84669:84770 [0] NCCL INFO New proxy recv connection 62 from local rank 0, transport 0
nid005015:84669:84669 [0] NCCL INFO Connected to proxy localRank 0 -> connection 0x1470b4003130
nid005015:84670:84670 [1] NCCL INFO Channel 09/2 : 1[c6000] -> 0[c1000] via P2P/IPC comm 0x55f1ace86af0 nRanks 16
nid005015:84670:84759 [1] NCCL INFO New proxy send connection 60 from local rank 1, transport 0
nid005015:84670:84670 [1] NCCL INFO Connected to proxy localRank 1 -> connection 0x14f2f0003040
nid005015:84674:84761 [4] NCCL INFO New proxy recv connection 58 from local rank 4, transport 0
nid005015:84674:84674 [4] NCCL INFO Connected to proxy localRank 4 -> connection 0x152cc4002f50
nid005015:84676:84760 [6] NCCL INFO New proxy recv connection 58 from local rank 6, transport 0
nid005015:84676:84676 [6] NCCL INFO Connected to proxy localRank 6 -> connection 0x147878002f50
nid005015:84672:84672 [3] NCCL INFO Channel 06/2 : 3[ce000] -> 2[c9000] via P2P/IPC comm 0x55a5a4c1d010 nRanks 16
nid005015:84672:84758 [3] NCCL INFO New proxy send connection 59 from local rank 3, transport 0
nid005015:84672:84672 [3] NCCL INFO Connected to proxy localRank 3 -> connection 0x14719c002fc8
nid005016:25505:25505 [3] NCCL INFO Channel 09/2 : 11[ce000] -> 10[c9000] via P2P/IPC comm 0x561abc4c3f60 nRanks 16
nid005016:25505:25583 [3] NCCL INFO New proxy send connection 60 from local rank 3, transport 0
nid005016:25505:25505 [3] NCCL INFO Connected to proxy localRank 3 -> connection 0x146b80003040
nid005016:25501:25586 [2] NCCL INFO New proxy recv connection 63 from local rank 2, transport 0
nid005016:25501:25501 [2] NCCL INFO Connected to proxy localRank 2 -> connection 0x145fb00031a8
nid005016:25504:25584 [4] NCCL INFO New proxy recv connection 58 from local rank 4, transport 0
nid005016:25504:25504 [4] NCCL INFO Connected to proxy localRank 4 -> connection 0x1505b4002f50
nid005016:25500:25585 [6] NCCL INFO New proxy recv connection 58 from local rank 6, transport 0
nid005016:25500:25500 [6] NCCL INFO Connected to proxy localRank 6 -> connection 0x14e420002f50
nid005016:25502:25502 [1] NCCL INFO Channel 08/2 : 9[c6000] -> 8[c1000] via P2P/IPC comm 0x559172af0110 nRanks 16
nid005016:25502:25593 [1] NCCL INFO New proxy send connection 60 from local rank 1, transport 0
nid005016:25503:25594 [0] NCCL INFO New proxy recv connection 62 from local rank 0, transport 0
nid005016:25503:25503 [0] NCCL INFO Connected to proxy localRank 0 -> connection 0x146990003130
nid005016:25502:25502 [1] NCCL INFO Connected to proxy localRank 1 -> connection 0x145f6c003040
nid005015:84670:84670 [1] NCCL INFO Channel 11/2 : 1[c6000] -> 0[c1000] via P2P/IPC comm 0x55f1ace86af0 nRanks 16
nid005015:84670:84759 [1] NCCL INFO New proxy send connection 61 from local rank 1, transport 0
nid005015:84670:84670 [1] NCCL INFO Connected to proxy localRank 1 -> connection 0x14f2f00030b8
nid005015:84669:84770 [0] NCCL INFO New proxy recv connection 63 from local rank 0, transport 0
nid005015:84669:84669 [0] NCCL INFO Connected to proxy localRank 0 -> connection 0x1470b40031a8
nid005015:84674:84761 [4] NCCL INFO New proxy recv connection 59 from local rank 4, transport 0
nid005015:84674:84674 [4] NCCL INFO Connected to proxy localRank 4 -> connection 0x152cc4002fc8
nid005015:84676:84760 [6] NCCL INFO New proxy recv connection 59 from local rank 6, transport 0
nid005015:84676:84676 [6] NCCL INFO Connected to proxy localRank 6 -> connection 0x147878002fc8
nid005016:25505:25505 [3] NCCL INFO Channel 11/2 : 11[ce000] -> 10[c9000] via P2P/IPC comm 0x561abc4c3f60 nRanks 16
nid005016:25505:25583 [3] NCCL INFO New proxy send connection 61 from local rank 3, transport 0
nid005016:25505:25505 [3] NCCL INFO Connected to proxy localRank 3 -> connection 0x146b800030b8
nid005015:84672:84672 [3] NCCL INFO Channel 08/2 : 3[ce000] -> 2[c9000] via P2P/IPC comm 0x55a5a4c1d010 nRanks 16
nid005015:84672:84758 [3] NCCL INFO New proxy send connection 60 from local rank 3, transport 0
nid005015:84672:84672 [3] NCCL INFO Connected to proxy localRank 3 -> connection 0x14719c003040
nid005016:25504:25584 [4] NCCL INFO New proxy recv connection 59 from local rank 4, transport 0
nid005016:25504:25504 [4] NCCL INFO Connected to proxy localRank 4 -> connection 0x1505b4002fc8
nid005016:25500:25585 [6] NCCL INFO New proxy recv connection 59 from local rank 6, transport 0
nid005016:25500:25500 [6] NCCL INFO Connected to proxy localRank 6 -> connection 0x14e420002fc8
nid005016:25503:25594 [0] NCCL INFO New proxy recv connection 63 from local rank 0, transport 0
nid005016:25503:25503 [0] NCCL INFO Connected to proxy localRank 0 -> connection 0x1469900031a8
nid005016:25502:25502 [1] NCCL INFO Channel 10/2 : 9[c6000] -> 8[c1000] via P2P/IPC comm 0x559172af0110 nRanks 16
nid005016:25502:25593 [1] NCCL INFO New proxy send connection 61 from local rank 1, transport 0
nid005016:25502:25502 [1] NCCL INFO Connected to proxy localRank 1 -> connection 0x145f6c0030b8
nid005015:84670:84670 [1] NCCL INFO Channel 13/2 : 1[c6000] -> 0[c1000] via P2P/IPC comm 0x55f1ace86af0 nRanks 16
nid005015:84670:84759 [1] NCCL INFO New proxy send connection 62 from local rank 1, transport 0
nid005015:84670:84670 [1] NCCL INFO Connected to proxy localRank 1 -> connection 0x14f2f0003130
nid005015:84674:84761 [4] NCCL INFO New proxy recv connection 60 from local rank 4, transport 0
nid005015:84674:84674 [4] NCCL INFO Connected to proxy localRank 4 -> connection 0x152cc4003040
nid005016:25500:25585 [6] NCCL INFO New proxy recv connection 60 from local rank 6, transport 0
nid005016:25500:25500 [6] NCCL INFO Connected to proxy localRank 6 -> connection 0x14e420003040
nid005015:84676:84760 [6] NCCL INFO New proxy recv connection 60 from local rank 6, transport 0
nid005015:84676:84676 [6] NCCL INFO Connected to proxy localRank 6 -> connection 0x147878003040
nid005015:84670:84670 [1] NCCL INFO Channel 15/2 : 1[c6000] -> 0[c1000] via P2P/IPC comm 0x55f1ace86af0 nRanks 16
nid005015:84670:84759 [1] NCCL INFO New proxy send connection 63 from local rank 1, transport 0
nid005015:84670:84670 [1] NCCL INFO Connected to proxy localRank 1 -> connection 0x14f2f00031a8
nid005016:25505:25505 [3] NCCL INFO Channel 13/2 : 11[ce000] -> 10[c9000] via P2P/IPC comm 0x561abc4c3f60 nRanks 16
nid005016:25504:25584 [4] NCCL INFO New proxy recv connection 60 from local rank 4, transport 0
nid005016:25505:25583 [3] NCCL INFO New proxy send connection 62 from local rank 3, transport 0
nid005016:25505:25505 [3] NCCL INFO Connected to proxy localRank 3 -> connection 0x146b80003130
nid005016:25504:25504 [4] NCCL INFO Connected to proxy localRank 4 -> connection 0x1505b4003040
nid005015:84672:84672 [3] NCCL INFO Channel 10/2 : 3[ce000] -> 2[c9000] via P2P/IPC comm 0x55a5a4c1d010 nRanks 16
nid005015:84672:84758 [3] NCCL INFO New proxy send connection 61 from local rank 3, transport 0
nid005015:84672:84672 [3] NCCL INFO Connected to proxy localRank 3 -> connection 0x14719c0030b8
nid005016:25502:25502 [1] NCCL INFO Channel 12/2 : 9[c6000] -> 8[c1000] via P2P/IPC comm 0x559172af0110 nRanks 16
nid005016:25502:25593 [1] NCCL INFO New proxy send connection 62 from local rank 1, transport 0
nid005016:25502:25502 [1] NCCL INFO Connected to proxy localRank 1 -> connection 0x145f6c003130
nid005016:25500:25585 [6] NCCL INFO New proxy recv connection 61 from local rank 6, transport 0
nid005016:25500:25500 [6] NCCL INFO Connected to proxy localRank 6 -> connection 0x14e4200030b8
nid005015:84674:84761 [4] NCCL INFO New proxy recv connection 61 from local rank 4, transport 0
nid005015:84674:84674 [4] NCCL INFO Connected to proxy localRank 4 -> connection 0x152cc40030b8
nid005015:84676:84760 [6] NCCL INFO New proxy recv connection 61 from local rank 6, transport 0
nid005015:84676:84676 [6] NCCL INFO Connected to proxy localRank 6 -> connection 0x1478780030b8
nid005016:25504:25584 [4] NCCL INFO New proxy recv connection 61 from local rank 4, transport 0
nid005016:25504:25504 [4] NCCL INFO Connected to proxy localRank 4 -> connection 0x1505b40030b8
nid005016:25505:25505 [3] NCCL INFO Channel 15/2 : 11[ce000] -> 10[c9000] via P2P/IPC comm 0x561abc4c3f60 nRanks 16
nid005016:25505:25583 [3] NCCL INFO New proxy send connection 63 from local rank 3, transport 0
nid005016:25505:25505 [3] NCCL INFO Connected to proxy localRank 3 -> connection 0x146b800031a8
nid005015:84672:84672 [3] NCCL INFO Channel 12/2 : 3[ce000] -> 2[c9000] via P2P/IPC comm 0x55a5a4c1d010 nRanks 16
nid005015:84672:84758 [3] NCCL INFO New proxy send connection 62 from local rank 3, transport 0
nid005015:84670:84759 [1] NCCL INFO New proxy recv connection 64 from local rank 1, transport 0
nid005015:84670:84670 [1] NCCL INFO Connected to proxy localRank 1 -> connection 0x14f2f0003220
nid005015:84672:84672 [3] NCCL INFO Connected to proxy localRank 3 -> connection 0x14719c003130
nid005016:25502:25502 [1] NCCL INFO Channel 14/2 : 9[c6000] -> 8[c1000] via P2P/IPC comm 0x559172af0110 nRanks 16
nid005016:25502:25593 [1] NCCL INFO New proxy send connection 63 from local rank 1, transport 0
nid005016:25502:25502 [1] NCCL INFO Connected to proxy localRank 1 -> connection 0x145f6c0031a8
nid005016:25500:25585 [6] NCCL INFO New proxy recv connection 62 from local rank 6, transport 0
nid005016:25500:25500 [6] NCCL INFO Connected to proxy localRank 6 -> connection 0x14e420003130
nid005015:84674:84761 [4] NCCL INFO New proxy recv connection 62 from local rank 4, transport 0
nid005015:84674:84674 [4] NCCL INFO Connected to proxy localRank 4 -> connection 0x152cc4003130
nid005015:84676:84760 [6] NCCL INFO New proxy recv connection 62 from local rank 6, transport 0
nid005015:84676:84676 [6] NCCL INFO Connected to proxy localRank 6 -> connection 0x147878003130
nid005016:25504:25584 [4] NCCL INFO New proxy recv connection 62 from local rank 4, transport 0
nid005016:25504:25504 [4] NCCL INFO Connected to proxy localRank 4 -> connection 0x1505b4003130
nid005015:84670:84759 [1] NCCL INFO New proxy recv connection 65 from local rank 1, transport 0
nid005015:84670:84670 [1] NCCL INFO Connected to proxy localRank 1 -> connection 0x14f2f0003298
nid005016:25500:25585 [6] NCCL INFO New proxy recv connection 63 from local rank 6, transport 0
nid005016:25500:25500 [6] NCCL INFO Connected to proxy localRank 6 -> connection 0x14e4200031a8
nid005015:84672:84672 [3] NCCL INFO Channel 14/2 : 3[ce000] -> 2[c9000] via P2P/IPC comm 0x55a5a4c1d010 nRanks 16
nid005015:84672:84758 [3] NCCL INFO New proxy send connection 63 from local rank 3, transport 0
nid005015:84672:84672 [3] NCCL INFO Connected to proxy localRank 3 -> connection 0x14719c0031a8
nid005015:84674:84761 [4] NCCL INFO New proxy recv connection 63 from local rank 4, transport 0
nid005015:84674:84674 [4] NCCL INFO Connected to proxy localRank 4 -> connection 0x152cc40031a8
nid005016:25505:25583 [3] NCCL INFO New proxy recv connection 64 from local rank 3, transport 0
nid005016:25505:25505 [3] NCCL INFO Connected to proxy localRank 3 -> connection 0x146b80003220
nid005015:84670:84759 [1] NCCL INFO New proxy recv connection 66 from local rank 1, transport 0
nid005015:84670:84670 [1] NCCL INFO Connected to proxy localRank 1 -> connection 0x14f2f0003310
nid005016:25502:25593 [1] NCCL INFO New proxy recv connection 64 from local rank 1, transport 0
nid005016:25502:25502 [1] NCCL INFO Connected to proxy localRank 1 -> connection 0x145f6c003220
nid005016:25504:25584 [4] NCCL INFO New proxy recv connection 63 from local rank 4, transport 0
nid005016:25504:25504 [4] NCCL INFO Connected to proxy localRank 4 -> connection 0x1505b40031a8
nid005015:84676:84760 [6] NCCL INFO New proxy recv connection 63 from local rank 6, transport 0
nid005015:84676:84676 [6] NCCL INFO Connected to proxy localRank 6 -> connection 0x1478780031a8
nid005015:84670:84759 [1] NCCL INFO New proxy recv connection 67 from local rank 1, transport 0
nid005015:84670:84670 [1] NCCL INFO Connected to proxy localRank 1 -> connection 0x14f2f0003388
nid005016:25500:25500 [6] NCCL INFO Channel 00/0 : 14[d9000] -> 15[de000] via P2P/IPC comm 0x5618b7deb810 nRanks 16
nid005016:25500:25585 [6] NCCL INFO New proxy send connection 64 from local rank 6, transport 0
nid005016:25500:25500 [6] NCCL INFO Connected to proxy localRank 6 -> connection 0x14e420003220
nid005016:25505:25583 [3] NCCL INFO New proxy recv connection 65 from local rank 3, transport 0
nid005016:25505:25505 [3] NCCL INFO Connected to proxy localRank 3 -> connection 0x146b80003298
nid005016:25502:25593 [1] NCCL INFO New proxy recv connection 65 from local rank 1, transport 0
nid005016:25502:25502 [1] NCCL INFO Connected to proxy localRank 1 -> connection 0x145f6c003298
nid005015:84672:84758 [3] NCCL INFO New proxy recv connection 64 from local rank 3, transport 0
nid005015:84672:84672 [3] NCCL INFO Connected to proxy localRank 3 -> connection 0x14719c003220
nid005015:84674:84674 [4] NCCL INFO Channel 00/0 : 4[d1000] -> 5[d6000] via P2P/IPC comm 0x562b43d12c80 nRanks 16
nid005015:84674:84761 [4] NCCL INFO New proxy send connection 64 from local rank 4, transport 0
nid005015:84674:84674 [4] NCCL INFO Connected to proxy localRank 4 -> connection 0x152cc4003220
nid005015:84670:84759 [1] NCCL INFO New proxy recv connection 68 from local rank 1, transport 0
nid005015:84670:84670 [1] NCCL INFO Connected to proxy localRank 1 -> connection 0x14f2f0003400
nid005016:25504:25504 [4] NCCL INFO Channel 01/0 : 12[d1000] -> 13[d6000] via P2P/IPC comm 0x55a5f2721eb0 nRanks 16
nid005016:25504:25584 [4] NCCL INFO New proxy send connection 64 from local rank 4, transport 0
nid005016:25504:25504 [4] NCCL INFO Connected to proxy localRank 4 -> connection 0x1505b4003220
nid005015:84676:84676 [6] NCCL INFO Channel 01/0 : 6[d9000] -> 7[de000] via P2P/IPC comm 0x55b07f219f80 nRanks 16
nid005015:84676:84760 [6] NCCL INFO New proxy send connection 64 from local rank 6, transport 0
nid005015:84676:84676 [6] NCCL INFO Connected to proxy localRank 6 -> connection 0x147878003220
nid005016:25500:25500 [6] NCCL INFO Channel 03/0 : 14[d9000] -> 15[de000] via P2P/IPC comm 0x5618b7deb810 nRanks 16
nid005016:25500:25585 [6] NCCL INFO New proxy send connection 65 from local rank 6, transport 0
nid005016:25500:25500 [6] NCCL INFO Connected to proxy localRank 6 -> connection 0x14e420003298
nid005015:84672:84758 [3] NCCL INFO New proxy recv connection 65 from local rank 3, transport 0
nid005015:84672:84672 [3] NCCL INFO Connected to proxy localRank 3 -> connection 0x14719c003298
nid005016:25505:25583 [3] NCCL INFO New proxy recv connection 66 from local rank 3, transport 0
nid005015:84674:84674 [4] NCCL INFO Channel 03/0 : 4[d1000] -> 5[d6000] via P2P/IPC comm 0x562b43d12c80 nRanks 16
nid005016:25505:25505 [3] NCCL INFO Connected to proxy localRank 3 -> connection 0x146b80003310
nid005015:84674:84761 [4] NCCL INFO New proxy send connection 65 from local rank 4, transport 0
nid005015:84674:84674 [4] NCCL INFO Connected to proxy localRank 4 -> connection 0x152cc4003298
nid005016:25502:25593 [1] NCCL INFO New proxy recv connection 66 from local rank 1, transport 0
nid005016:25502:25502 [1] NCCL INFO Connected to proxy localRank 1 -> connection 0x145f6c003310
nid005015:84670:84759 [1] NCCL INFO New proxy recv connection 69 from local rank 1, transport 0
nid005015:84670:84670 [1] NCCL INFO Connected to proxy localRank 1 -> connection 0x14f2f0003478
nid005016:25504:25504 [4] NCCL INFO Channel 02/0 : 12[d1000] -> 13[d6000] via P2P/IPC comm 0x55a5f2721eb0 nRanks 16
nid005016:25504:25584 [4] NCCL INFO New proxy send connection 65 from local rank 4, transport 0
nid005016:25504:25504 [4] NCCL INFO Connected to proxy localRank 4 -> connection 0x1505b4003298
nid005015:84676:84676 [6] NCCL INFO Channel 02/0 : 6[d9000] -> 7[de000] via P2P/IPC comm 0x55b07f219f80 nRanks 16
nid005015:84676:84760 [6] NCCL INFO New proxy send connection 65 from local rank 6, transport 0
nid005015:84676:84676 [6] NCCL INFO Connected to proxy localRank 6 -> connection 0x147878003298
nid005015:84674:84674 [4] NCCL INFO Channel 04/0 : 4[d1000] -> 5[d6000] via P2P/IPC comm 0x562b43d12c80 nRanks 16
nid005015:84674:84761 [4] NCCL INFO New proxy send connection 66 from local rank 4, transport 0
nid005015:84674:84674 [4] NCCL INFO Connected to proxy localRank 4 -> connection 0x152cc4003310
nid005016:25500:25500 [6] NCCL INFO Channel 04/0 : 14[d9000] -> 15[de000] via P2P/IPC comm 0x5618b7deb810 nRanks 16
nid005016:25500:25585 [6] NCCL INFO New proxy send connection 66 from local rank 6, transport 0
nid005016:25500:25500 [6] NCCL INFO Connected to proxy localRank 6 -> connection 0x14e420003310
nid005015:84670:84759 [1] NCCL INFO New proxy recv connection 70 from local rank 1, transport 0
nid005015:84670:84670 [1] NCCL INFO Connected to proxy localRank 1 -> connection 0x14f2f00034f0
nid005015:84672:84758 [3] NCCL INFO New proxy recv connection 66 from local rank 3, transport 0
nid005015:84672:84672 [3] NCCL INFO Connected to proxy localRank 3 -> connection 0x14719c003310
nid005016:25505:25583 [3] NCCL INFO New proxy recv connection 67 from local rank 3, transport 0
nid005016:25505:25505 [3] NCCL INFO Connected to proxy localRank 3 -> connection 0x146b80003388
nid005016:25502:25593 [1] NCCL INFO New proxy recv connection 67 from local rank 1, transport 0
nid005016:25502:25502 [1] NCCL INFO Connected to proxy localRank 1 -> connection 0x145f6c003388
nid005016:25504:25504 [4] NCCL INFO Channel 05/0 : 12[d1000] -> 13[d6000] via P2P/IPC comm 0x55a5f2721eb0 nRanks 16
nid005015:84674:84674 [4] NCCL INFO Channel 07/0 : 4[d1000] -> 5[d6000] via P2P/IPC comm 0x562b43d12c80 nRanks 16
nid005015:84674:84761 [4] NCCL INFO New proxy send connection 67 from local rank 4, transport 0
nid005015:84674:84674 [4] NCCL INFO Connected to proxy localRank 4 -> connection 0x152cc4003388
nid005016:25504:25584 [4] NCCL INFO New proxy send connection 66 from local rank 4, transport 0
nid005016:25504:25504 [4] NCCL INFO Connected to proxy localRank 4 -> connection 0x1505b4003310
nid005015:84676:84676 [6] NCCL INFO Channel 05/0 : 6[d9000] -> 7[de000] via P2P/IPC comm 0x55b07f219f80 nRanks 16
nid005015:84676:84760 [6] NCCL INFO New proxy send connection 66 from local rank 6, transport 0
nid005015:84676:84676 [6] NCCL INFO Connected to proxy localRank 6 -> connection 0x147878003310
nid005015:84670:84759 [1] NCCL INFO New proxy recv connection 71 from local rank 1, transport 0
nid005015:84670:84670 [1] NCCL INFO Connected to proxy localRank 1 -> connection 0x14f2f0003568
nid005016:25500:25500 [6] NCCL INFO Channel 07/0 : 14[d9000] -> 15[de000] via P2P/IPC comm 0x5618b7deb810 nRanks 16
nid005016:25500:25585 [6] NCCL INFO New proxy send connection 67 from local rank 6, transport 0
nid005016:25500:25500 [6] NCCL INFO Connected to proxy localRank 6 -> connection 0x14e420003388
nid005015:84672:84758 [3] NCCL INFO New proxy recv connection 67 from local rank 3, transport 0
nid005015:84672:84672 [3] NCCL INFO Connected to proxy localRank 3 -> connection 0x14719c003388
nid005016:25505:25583 [3] NCCL INFO New proxy recv connection 68 from local rank 3, transport 0
nid005016:25505:25505 [3] NCCL INFO Connected to proxy localRank 3 -> connection 0x146b80003400
nid005016:25502:25593 [1] NCCL INFO New proxy recv connection 68 from local rank 1, transport 0
nid005016:25502:25502 [1] NCCL INFO Connected to proxy localRank 1 -> connection 0x145f6c003400
nid005015:84674:84674 [4] NCCL INFO Channel 08/0 : 4[d1000] -> 5[d6000] via P2P/IPC comm 0x562b43d12c80 nRanks 16
nid005015:84674:84761 [4] NCCL INFO New proxy send connection 68 from local rank 4, transport 0
nid005015:84674:84674 [4] NCCL INFO Connected to proxy localRank 4 -> connection 0x152cc4003400
nid005016:25504:25504 [4] NCCL INFO Channel 06/0 : 12[d1000] -> 13[d6000] via P2P/IPC comm 0x55a5f2721eb0 nRanks 16
nid005016:25504:25584 [4] NCCL INFO New proxy send connection 67 from local rank 4, transport 0
nid005016:25504:25504 [4] NCCL INFO Connected to proxy localRank 4 -> connection 0x1505b4003388
nid005015:84676:84676 [6] NCCL INFO Channel 06/0 : 6[d9000] -> 7[de000] via P2P/IPC comm 0x55b07f219f80 nRanks 16
nid005015:84676:84760 [6] NCCL INFO New proxy send connection 67 from local rank 6, transport 0
nid005015:84676:84676 [6] NCCL INFO Connected to proxy localRank 6 -> connection 0x147878003388
nid005016:25500:25500 [6] NCCL INFO Channel 08/0 : 14[d9000] -> 15[de000] via P2P/IPC comm 0x5618b7deb810 nRanks 16
nid005016:25500:25585 [6] NCCL INFO New proxy send connection 68 from local rank 6, transport 0
nid005016:25500:25500 [6] NCCL INFO Connected to proxy localRank 6 -> connection 0x14e420003400
nid005016:25505:25583 [3] NCCL INFO New proxy recv connection 69 from local rank 3, transport 0
nid005016:25505:25505 [3] NCCL INFO Connected to proxy localRank 3 -> connection 0x146b80003478
nid005015:84672:84758 [3] NCCL INFO New proxy recv connection 68 from local rank 3, transport 0
nid005015:84672:84672 [3] NCCL INFO Connected to proxy localRank 3 -> connection 0x14719c003400
nid005016:25502:25593 [1] NCCL INFO New proxy recv connection 69 from local rank 1, transport 0
nid005016:25502:25502 [1] NCCL INFO Connected to proxy localRank 1 -> connection 0x145f6c003478
nid005015:84674:84674 [4] NCCL INFO Channel 11/0 : 4[d1000] -> 5[d6000] via P2P/IPC comm 0x562b43d12c80 nRanks 16
nid005015:84674:84761 [4] NCCL INFO New proxy send connection 69 from local rank 4, transport 0
nid005015:84674:84674 [4] NCCL INFO Connected to proxy localRank 4 -> connection 0x152cc4003478
nid005016:25504:25504 [4] NCCL INFO Channel 09/0 : 12[d1000] -> 13[d6000] via P2P/IPC comm 0x55a5f2721eb0 nRanks 16
nid005016:25504:25584 [4] NCCL INFO New proxy send connection 68 from local rank 4, transport 0
nid005016:25504:25504 [4] NCCL INFO Connected to proxy localRank 4 -> connection 0x1505b4003400
nid005015:84676:84676 [6] NCCL INFO Channel 09/0 : 6[d9000] -> 7[de000] via P2P/IPC comm 0x55b07f219f80 nRanks 16
nid005015:84676:84760 [6] NCCL INFO New proxy send connection 68 from local rank 6, transport 0
nid005015:84676:84676 [6] NCCL INFO Connected to proxy localRank 6 -> connection 0x147878003400
nid005016:25500:25500 [6] NCCL INFO Channel 11/0 : 14[d9000] -> 15[de000] via P2P/IPC comm 0x5618b7deb810 nRanks 16
nid005016:25500:25585 [6] NCCL INFO New proxy send connection 69 from local rank 6, transport 0
nid005016:25500:25500 [6] NCCL INFO Connected to proxy localRank 6 -> connection 0x14e420003478
nid005015:84672:84758 [3] NCCL INFO New proxy recv connection 69 from local rank 3, transport 0
nid005015:84672:84672 [3] NCCL INFO Connected to proxy localRank 3 -> connection 0x14719c003478
nid005016:25505:25583 [3] NCCL INFO New proxy recv connection 70 from local rank 3, transport 0
nid005016:25505:25505 [3] NCCL INFO Connected to proxy localRank 3 -> connection 0x146b800034f0
nid005016:25502:25593 [1] NCCL INFO New proxy recv connection 70 from local rank 1, transport 0
nid005016:25502:25502 [1] NCCL INFO Connected to proxy localRank 1 -> connection 0x145f6c0034f0
nid005015:84674:84674 [4] NCCL INFO Channel 12/0 : 4[d1000] -> 5[d6000] via P2P/IPC comm 0x562b43d12c80 nRanks 16
nid005015:84674:84761 [4] NCCL INFO New proxy send connection 70 from local rank 4, transport 0
nid005015:84674:84674 [4] NCCL INFO Connected to proxy localRank 4 -> connection 0x152cc40034f0
nid005016:25504:25504 [4] NCCL INFO Channel 10/0 : 12[d1000] -> 13[d6000] via P2P/IPC comm 0x55a5f2721eb0 nRanks 16
nid005016:25504:25584 [4] NCCL INFO New proxy send connection 69 from local rank 4, transport 0
nid005016:25504:25504 [4] NCCL INFO Connected to proxy localRank 4 -> connection 0x1505b4003478
nid005015:84676:84676 [6] NCCL INFO Channel 10/0 : 6[d9000] -> 7[de000] via P2P/IPC comm 0x55b07f219f80 nRanks 16
nid005015:84676:84760 [6] NCCL INFO New proxy send connection 69 from local rank 6, transport 0
nid005015:84676:84676 [6] NCCL INFO Connected to proxy localRank 6 -> connection 0x147878003478
nid005016:25500:25500 [6] NCCL INFO Channel 12/0 : 14[d9000] -> 15[de000] via P2P/IPC comm 0x5618b7deb810 nRanks 16
nid005016:25500:25585 [6] NCCL INFO New proxy send connection 70 from local rank 6, transport 0
nid005016:25500:25500 [6] NCCL INFO Connected to proxy localRank 6 -> connection 0x14e4200034f0
nid005015:84672:84758 [3] NCCL INFO New proxy recv connection 70 from local rank 3, transport 0
nid005015:84672:84672 [3] NCCL INFO Connected to proxy localRank 3 -> connection 0x14719c0034f0
nid005016:25505:25583 [3] NCCL INFO New proxy recv connection 71 from local rank 3, transport 0
nid005016:25505:25505 [3] NCCL INFO Connected to proxy localRank 3 -> connection 0x146b80003568
nid005015:84674:84674 [4] NCCL INFO Channel 15/0 : 4[d1000] -> 5[d6000] via P2P/IPC comm 0x562b43d12c80 nRanks 16
nid005015:84674:84761 [4] NCCL INFO New proxy send connection 71 from local rank 4, transport 0
nid005015:84674:84674 [4] NCCL INFO Connected to proxy localRank 4 -> connection 0x152cc4003568
nid005016:25502:25593 [1] NCCL INFO New proxy recv connection 71 from local rank 1, transport 0
nid005016:25502:25502 [1] NCCL INFO Connected to proxy localRank 1 -> connection 0x145f6c003568
nid005016:25504:25504 [4] NCCL INFO Channel 13/0 : 12[d1000] -> 13[d6000] via P2P/IPC comm 0x55a5f2721eb0 nRanks 16
nid005016:25504:25584 [4] NCCL INFO New proxy send connection 70 from local rank 4, transport 0
nid005016:25504:25504 [4] NCCL INFO Connected to proxy localRank 4 -> connection 0x1505b40034f0
nid005015:84676:84676 [6] NCCL INFO Channel 13/0 : 6[d9000] -> 7[de000] via P2P/IPC comm 0x55b07f219f80 nRanks 16
nid005015:84676:84760 [6] NCCL INFO New proxy send connection 70 from local rank 6, transport 0
nid005015:84676:84676 [6] NCCL INFO Connected to proxy localRank 6 -> connection 0x1478780034f0
nid005016:25500:25500 [6] NCCL INFO Channel 15/0 : 14[d9000] -> 15[de000] via P2P/IPC comm 0x5618b7deb810 nRanks 16
nid005016:25500:25585 [6] NCCL INFO New proxy send connection 71 from local rank 6, transport 0
nid005016:25500:25500 [6] NCCL INFO Connected to proxy localRank 6 -> connection 0x14e420003568
nid005015:84672:84758 [3] NCCL INFO New proxy recv connection 71 from local rank 3, transport 0
nid005015:84672:84672 [3] NCCL INFO Connected to proxy localRank 3 -> connection 0x14719c003568
nid005015:84673:84757 [5] NCCL INFO New proxy recv connection 64 from local rank 5, transport 0
nid005015:84673:84673 [5] NCCL INFO Connected to proxy localRank 5 -> connection 0x15246c003220
nid005016:25504:25504 [4] NCCL INFO Channel 14/0 : 12[d1000] -> 13[d6000] via P2P/IPC comm 0x55a5f2721eb0 nRanks 16
nid005016:25504:25584 [4] NCCL INFO New proxy send connection 71 from local rank 4, transport 0
nid005016:25504:25504 [4] NCCL INFO Connected to proxy localRank 4 -> connection 0x1505b4003568
nid005016:25506:25582 [5] NCCL INFO New proxy recv connection 64 from local rank 5, transport 0
nid005016:25506:25506 [5] NCCL INFO Connected to proxy localRank 5 -> connection 0x14d034003220
nid005015:84676:84676 [6] NCCL INFO Channel 14/0 : 6[d9000] -> 7[de000] via P2P/IPC comm 0x55b07f219f80 nRanks 16
nid005015:84676:84760 [6] NCCL INFO New proxy send connection 71 from local rank 6, transport 0
nid005015:84676:84676 [6] NCCL INFO Connected to proxy localRank 6 -> connection 0x147878003568
nid005015:84673:84757 [5] NCCL INFO New proxy recv connection 65 from local rank 5, transport 0
nid005015:84673:84673 [5] NCCL INFO Connected to proxy localRank 5 -> connection 0x15246c003298
nid005016:25506:25582 [5] NCCL INFO New proxy recv connection 65 from local rank 5, transport 0
nid005016:25506:25506 [5] NCCL INFO Connected to proxy localRank 5 -> connection 0x14d034003298
nid005016:25507:25581 [7] NCCL INFO New proxy recv connection 64 from local rank 7, transport 0
nid005016:25507:25507 [7] NCCL INFO Connected to proxy localRank 7 -> connection 0x152014003220
nid005015:84675:84756 [7] NCCL INFO New proxy recv connection 64 from local rank 7, transport 0
nid005015:84675:84675 [7] NCCL INFO Connected to proxy localRank 7 -> connection 0x14e38c003220
nid005015:84673:84757 [5] NCCL INFO New proxy recv connection 66 from local rank 5, transport 0
nid005016:25506:25582 [5] NCCL INFO New proxy recv connection 66 from local rank 5, transport 0
nid005015:84673:84673 [5] NCCL INFO Connected to proxy localRank 5 -> connection 0x15246c003310
nid005016:25506:25506 [5] NCCL INFO Connected to proxy localRank 5 -> connection 0x14d034003310
nid005016:25501:25501 [2] NCCL INFO Channel 01/0 : 10[c9000] -> 11[ce000] via P2P/IPC comm 0x555ff8c8b210 nRanks 16
nid005016:25501:25586 [2] NCCL INFO New proxy send connection 64 from local rank 2, transport 0
nid005016:25501:25501 [2] NCCL INFO Connected to proxy localRank 2 -> connection 0x145fb0003220
nid005016:25507:25581 [7] NCCL INFO New proxy recv connection 65 from local rank 7, transport 0
nid005016:25507:25507 [7] NCCL INFO Connected to proxy localRank 7 -> connection 0x152014003298
nid005015:84671:84671 [2] NCCL INFO Channel 00/0 : 2[c9000] -> 3[ce000] via P2P/IPC comm 0x55e4f5192260 nRanks 16
nid005015:84671:84762 [2] NCCL INFO New proxy send connection 64 from local rank 2, transport 0
nid005015:84671:84671 [2] NCCL INFO Connected to proxy localRank 2 -> connection 0x15483c003220
nid005016:25506:25582 [5] NCCL INFO New proxy recv connection 67 from local rank 5, transport 0
nid005016:25506:25506 [5] NCCL INFO Connected to proxy localRank 5 -> connection 0x14d034003388
nid005016:25501:25501 [2] NCCL INFO Channel 03/0 : 10[c9000] -> 11[ce000] via P2P/IPC comm 0x555ff8c8b210 nRanks 16
nid005016:25501:25586 [2] NCCL INFO New proxy send connection 65 from local rank 2, transport 0
nid005015:84673:84757 [5] NCCL INFO New proxy recv connection 67 from local rank 5, transport 0
nid005015:84673:84673 [5] NCCL INFO Connected to proxy localRank 5 -> connection 0x15246c003388
nid005016:25501:25501 [2] NCCL INFO Connected to proxy localRank 2 -> connection 0x145fb0003298
nid005015:84675:84756 [7] NCCL INFO New proxy recv connection 65 from local rank 7, transport 0
nid005015:84675:84675 [7] NCCL INFO Connected to proxy localRank 7 -> connection 0x14e38c003298
nid005016:25507:25581 [7] NCCL INFO New proxy recv connection 66 from local rank 7, transport 0
nid005016:25507:25507 [7] NCCL INFO Connected to proxy localRank 7 -> connection 0x152014003310
nid005015:84671:84671 [2] NCCL INFO Channel 02/0 : 2[c9000] -> 3[ce000] via P2P/IPC comm 0x55e4f5192260 nRanks 16
nid005015:84671:84762 [2] NCCL INFO New proxy send connection 65 from local rank 2, transport 0
nid005015:84671:84671 [2] NCCL INFO Connected to proxy localRank 2 -> connection 0x15483c003298
nid005016:25506:25582 [5] NCCL INFO New proxy recv connection 68 from local rank 5, transport 0
nid005016:25506:25506 [5] NCCL INFO Connected to proxy localRank 5 -> connection 0x14d034003400
nid005016:25501:25501 [2] NCCL INFO Channel 05/0 : 10[c9000] -> 11[ce000] via P2P/IPC comm 0x555ff8c8b210 nRanks 16
nid005016:25501:25586 [2] NCCL INFO New proxy send connection 66 from local rank 2, transport 0
nid005016:25501:25501 [2] NCCL INFO Connected to proxy localRank 2 -> connection 0x145fb0003310
nid005016:25507:25581 [7] NCCL INFO New proxy recv connection 67 from local rank 7, transport 0
nid005016:25507:25507 [7] NCCL INFO Connected to proxy localRank 7 -> connection 0x152014003388
nid005015:84673:84757 [5] NCCL INFO New proxy recv connection 68 from local rank 5, transport 0
nid005015:84673:84673 [5] NCCL INFO Connected to proxy localRank 5 -> connection 0x15246c003400
nid005015:84675:84756 [7] NCCL INFO New proxy recv connection 66 from local rank 7, transport 0
nid005015:84675:84675 [7] NCCL INFO Connected to proxy localRank 7 -> connection 0x14e38c003310
nid005016:25506:25582 [5] NCCL INFO New proxy recv connection 69 from local rank 5, transport 0
nid005016:25506:25506 [5] NCCL INFO Connected to proxy localRank 5 -> connection 0x14d034003478
nid005015:84671:84671 [2] NCCL INFO Channel 04/0 : 2[c9000] -> 3[ce000] via P2P/IPC comm 0x55e4f5192260 nRanks 16
nid005015:84671:84762 [2] NCCL INFO New proxy send connection 66 from local rank 2, transport 0
nid005015:84671:84671 [2] NCCL INFO Connected to proxy localRank 2 -> connection 0x15483c003310
nid005016:25501:25501 [2] NCCL INFO Channel 07/0 : 10[c9000] -> 11[ce000] via P2P/IPC comm 0x555ff8c8b210 nRanks 16
nid005016:25501:25586 [2] NCCL INFO New proxy send connection 67 from local rank 2, transport 0
nid005016:25501:25501 [2] NCCL INFO Connected to proxy localRank 2 -> connection 0x145fb0003388
nid005016:25507:25581 [7] NCCL INFO New proxy recv connection 68 from local rank 7, transport 0
nid005016:25507:25507 [7] NCCL INFO Connected to proxy localRank 7 -> connection 0x152014003400
nid005015:84673:84757 [5] NCCL INFO New proxy recv connection 69 from local rank 5, transport 0
nid005015:84673:84673 [5] NCCL INFO Connected to proxy localRank 5 -> connection 0x15246c003478
nid005015:84675:84756 [7] NCCL INFO New proxy recv connection 67 from local rank 7, transport 0
nid005015:84675:84675 [7] NCCL INFO Connected to proxy localRank 7 -> connection 0x14e38c003388
nid005016:25506:25582 [5] NCCL INFO New proxy recv connection 70 from local rank 5, transport 0
nid005016:25506:25506 [5] NCCL INFO Connected to proxy localRank 5 -> connection 0x14d0340034f0
nid005016:25501:25501 [2] NCCL INFO Channel 09/0 : 10[c9000] -> 11[ce000] via P2P/IPC comm 0x555ff8c8b210 nRanks 16
nid005016:25501:25586 [2] NCCL INFO New proxy send connection 68 from local rank 2, transport 0
nid005016:25501:25501 [2] NCCL INFO Connected to proxy localRank 2 -> connection 0x145fb0003400
nid005016:25507:25581 [7] NCCL INFO New proxy recv connection 69 from local rank 7, transport 0
nid005016:25507:25507 [7] NCCL INFO Connected to proxy localRank 7 -> connection 0x152014003478
nid005015:84671:84671 [2] NCCL INFO Channel 06/0 : 2[c9000] -> 3[ce000] via P2P/IPC comm 0x55e4f5192260 nRanks 16
nid005015:84671:84762 [2] NCCL INFO New proxy send connection 67 from local rank 2, transport 0
nid005015:84671:84671 [2] NCCL INFO Connected to proxy localRank 2 -> connection 0x15483c003388
nid005015:84673:84757 [5] NCCL INFO New proxy recv connection 70 from local rank 5, transport 0
nid005015:84673:84673 [5] NCCL INFO Connected to proxy localRank 5 -> connection 0x15246c0034f0
nid005016:25506:25582 [5] NCCL INFO New proxy recv connection 71 from local rank 5, transport 0
nid005016:25506:25506 [5] NCCL INFO Connected to proxy localRank 5 -> connection 0x14d034003568
nid005015:84675:84756 [7] NCCL INFO New proxy recv connection 68 from local rank 7, transport 0
nid005015:84675:84675 [7] NCCL INFO Connected to proxy localRank 7 -> connection 0x14e38c003400
nid005016:25501:25501 [2] NCCL INFO Channel 11/0 : 10[c9000] -> 11[ce000] via P2P/IPC comm 0x555ff8c8b210 nRanks 16
nid005016:25501:25586 [2] NCCL INFO New proxy send connection 69 from local rank 2, transport 0
nid005016:25501:25501 [2] NCCL INFO Connected to proxy localRank 2 -> connection 0x145fb0003478
nid005016:25507:25581 [7] NCCL INFO New proxy recv connection 70 from local rank 7, transport 0
nid005016:25507:25507 [7] NCCL INFO Connected to proxy localRank 7 -> connection 0x1520140034f0
nid005015:84673:84757 [5] NCCL INFO New proxy recv connection 71 from local rank 5, transport 0
nid005015:84673:84673 [5] NCCL INFO Connected to proxy localRank 5 -> connection 0x15246c003568
nid005015:84671:84671 [2] NCCL INFO Channel 08/0 : 2[c9000] -> 3[ce000] via P2P/IPC comm 0x55e4f5192260 nRanks 16
nid005015:84671:84762 [2] NCCL INFO New proxy send connection 68 from local rank 2, transport 0
nid005015:84671:84671 [2] NCCL INFO Connected to proxy localRank 2 -> connection 0x15483c003400
nid005016:25504:25584 [4] NCCL INFO New proxy recv connection 72 from local rank 4, transport 0
nid005016:25506:25582 [5] NCCL INFO New proxy recv connection 72 from local rank 5, transport 0
nid005016:25506:25506 [5] NCCL INFO Connected to proxy localRank 5 -> connection 0x14d0340035e0
nid005016:25504:25504 [4] NCCL INFO Connected to proxy localRank 4 -> connection 0x1505b40035e0
nid005016:25501:25501 [2] NCCL INFO Channel 13/0 : 10[c9000] -> 11[ce000] via P2P/IPC comm 0x555ff8c8b210 nRanks 16
nid005016:25501:25586 [2] NCCL INFO New proxy send connection 70 from local rank 2, transport 0
nid005016:25501:25501 [2] NCCL INFO Connected to proxy localRank 2 -> connection 0x145fb00034f0
nid005015:84675:84756 [7] NCCL INFO New proxy recv connection 69 from local rank 7, transport 0
nid005015:84675:84675 [7] NCCL INFO Connected to proxy localRank 7 -> connection 0x14e38c003478
nid005016:25507:25581 [7] NCCL INFO New proxy recv connection 71 from local rank 7, transport 0
nid005016:25507:25507 [7] NCCL INFO Connected to proxy localRank 7 -> connection 0x152014003568
nid005015:84673:84757 [5] NCCL INFO New proxy recv connection 72 from local rank 5, transport 0
nid005015:84673:84673 [5] NCCL INFO Connected to proxy localRank 5 -> connection 0x15246c0035e0
nid005015:84674:84761 [4] NCCL INFO New proxy recv connection 72 from local rank 4, transport 0
nid005015:84674:84674 [4] NCCL INFO Connected to proxy localRank 4 -> connection 0x152cc40035e0
nid005016:25506:25582 [5] NCCL INFO New proxy recv connection 73 from local rank 5, transport 0
nid005016:25506:25506 [5] NCCL INFO Connected to proxy localRank 5 -> connection 0x14d034003658
nid005015:84671:84671 [2] NCCL INFO Channel 10/0 : 2[c9000] -> 3[ce000] via P2P/IPC comm 0x55e4f5192260 nRanks 16
nid005015:84671:84762 [2] NCCL INFO New proxy send connection 69 from local rank 2, transport 0
nid005015:84671:84671 [2] NCCL INFO Connected to proxy localRank 2 -> connection 0x15483c003478
nid005016:25504:25584 [4] NCCL INFO New proxy recv connection 73 from local rank 4, transport 0
nid005016:25504:25504 [4] NCCL INFO Connected to proxy localRank 4 -> connection 0x1505b4003658
nid005016:25501:25501 [2] NCCL INFO Channel 15/0 : 10[c9000] -> 11[ce000] via P2P/IPC comm 0x555ff8c8b210 nRanks 16
nid005016:25501:25586 [2] NCCL INFO New proxy send connection 71 from local rank 2, transport 0
nid005016:25501:25501 [2] NCCL INFO Connected to proxy localRank 2 -> connection 0x145fb0003568
nid005016:25500:25585 [6] NCCL INFO New proxy recv connection 72 from local rank 6, transport 0
nid005016:25500:25500 [6] NCCL INFO Connected to proxy localRank 6 -> connection 0x14e4200035e0
nid005016:25507:25581 [7] NCCL INFO New proxy recv connection 72 from local rank 7, transport 0
nid005016:25507:25507 [7] NCCL INFO Connected to proxy localRank 7 -> connection 0x1520140035e0
nid005015:84675:84756 [7] NCCL INFO New proxy recv connection 70 from local rank 7, transport 0
nid005015:84675:84675 [7] NCCL INFO Connected to proxy localRank 7 -> connection 0x14e38c0034f0
nid005016:25506:25582 [5] NCCL INFO New proxy recv connection 74 from local rank 5, transport 0
nid005015:84673:84757 [5] NCCL INFO New proxy recv connection 73 from local rank 5, transport 0
nid005015:84673:84673 [5] NCCL INFO Connected to proxy localRank 5 -> connection 0x15246c003658
nid005016:25506:25506 [5] NCCL INFO Connected to proxy localRank 5 -> connection 0x14d0340036d0
nid005015:84674:84761 [4] NCCL INFO New proxy recv connection 73 from local rank 4, transport 0
nid005015:84674:84674 [4] NCCL INFO Connected to proxy localRank 4 -> connection 0x152cc4003658
nid005016:25504:25584 [4] NCCL INFO New proxy recv connection 74 from local rank 4, transport 0
nid005016:25504:25504 [4] NCCL INFO Connected to proxy localRank 4 -> connection 0x1505b40036d0
nid005015:84671:84671 [2] NCCL INFO Channel 12/0 : 2[c9000] -> 3[ce000] via P2P/IPC comm 0x55e4f5192260 nRanks 16
nid005015:84671:84762 [2] NCCL INFO New proxy send connection 70 from local rank 2, transport 0
nid005015:84671:84671 [2] NCCL INFO Connected to proxy localRank 2 -> connection 0x15483c0034f0
nid005016:25501:25501 [2] NCCL INFO Channel 02/0 : 10[c9000] -> 12[d1000] via P2P/IPC comm 0x555ff8c8b210 nRanks 16
nid005016:25505:25583 [3] NCCL INFO New proxy recv connection 72 from local rank 3, transport 0
nid005016:25501:25586 [2] NCCL INFO New proxy send connection 72 from local rank 2, transport 0
nid005016:25507:25581 [7] NCCL INFO New proxy recv connection 73 from local rank 7, transport 0
nid005016:25507:25507 [7] NCCL INFO Connected to proxy localRank 7 -> connection 0x152014003658
nid005016:25501:25501 [2] NCCL INFO Connected to proxy localRank 2 -> connection 0x145fb00035e0
nid005016:25505:25505 [3] NCCL INFO Connected to proxy localRank 3 -> connection 0x146b800035e0
nid005016:25500:25585 [6] NCCL INFO New proxy recv connection 73 from local rank 6, transport 0
nid005016:25500:25500 [6] NCCL INFO Connected to proxy localRank 6 -> connection 0x14e420003658
nid005015:84675:84756 [7] NCCL INFO New proxy recv connection 71 from local rank 7, transport 0
nid005015:84675:84675 [7] NCCL INFO Connected to proxy localRank 7 -> connection 0x14e38c003568
nid005016:25506:25582 [5] NCCL INFO New proxy recv connection 75 from local rank 5, transport 0
nid005016:25506:25506 [5] NCCL INFO Connected to proxy localRank 5 -> connection 0x14d034003748
nid005015:84673:84757 [5] NCCL INFO New proxy recv connection 74 from local rank 5, transport 0
nid005015:84673:84673 [5] NCCL INFO Connected to proxy localRank 5 -> connection 0x15246c0036d0
nid005015:84674:84761 [4] NCCL INFO New proxy recv connection 74 from local rank 4, transport 0
nid005015:84674:84674 [4] NCCL INFO Connected to proxy localRank 4 -> connection 0x152cc40036d0
nid005016:25504:25584 [4] NCCL INFO New proxy recv connection 75 from local rank 4, transport 0
nid005016:25504:25504 [4] NCCL INFO Connected to proxy localRank 4 -> connection 0x1505b4003748
nid005016:25507:25581 [7] NCCL INFO New proxy recv connection 74 from local rank 7, transport 0
nid005016:25507:25507 [7] NCCL INFO Connected to proxy localRank 7 -> connection 0x1520140036d0
nid005015:84671:84671 [2] NCCL INFO Channel 14/0 : 2[c9000] -> 3[ce000] via P2P/IPC comm 0x55e4f5192260 nRanks 16
nid005015:84671:84762 [2] NCCL INFO New proxy send connection 71 from local rank 2, transport 0
nid005015:84671:84671 [2] NCCL INFO Connected to proxy localRank 2 -> connection 0x15483c003568
nid005016:25501:25501 [2] NCCL INFO Channel 06/0 : 10[c9000] -> 12[d1000] via P2P/IPC comm 0x555ff8c8b210 nRanks 16
nid005016:25501:25586 [2] NCCL INFO New proxy send connection 73 from local rank 2, transport 0
nid005016:25501:25501 [2] NCCL INFO Connected to proxy localRank 2 -> connection 0x145fb0003658
nid005016:25505:25583 [3] NCCL INFO New proxy recv connection 73 from local rank 3, transport 0
nid005016:25505:25505 [3] NCCL INFO Connected to proxy localRank 3 -> connection 0x146b80003658
nid005015:84673:84757 [5] NCCL INFO New proxy recv connection 75 from local rank 5, transport 0
nid005015:84673:84673 [5] NCCL INFO Connected to proxy localRank 5 -> connection 0x15246c003748
nid005015:84676:84760 [6] NCCL INFO New proxy recv connection 72 from local rank 6, transport 0
nid005016:25500:25585 [6] NCCL INFO New proxy recv connection 74 from local rank 6, transport 0
nid005016:25500:25500 [6] NCCL INFO Connected to proxy localRank 6 -> connection 0x14e4200036d0
nid005015:84676:84676 [6] NCCL INFO Connected to proxy localRank 6 -> connection 0x1478780035e0
nid005015:84675:84756 [7] NCCL INFO New proxy recv connection 72 from local rank 7, transport 0
nid005015:84675:84675 [7] NCCL INFO Connected to proxy localRank 7 -> connection 0x14e38c0035e0
nid005015:84674:84761 [4] NCCL INFO New proxy recv connection 75 from local rank 4, transport 0
nid005015:84674:84674 [4] NCCL INFO Connected to proxy localRank 4 -> connection 0x152cc4003748
nid005016:25507:25581 [7] NCCL INFO New proxy recv connection 75 from local rank 7, transport 0
nid005016:25507:25507 [7] NCCL INFO Connected to proxy localRank 7 -> connection 0x152014003748
nid005016:25504:25504 [4] NCCL INFO Channel 00/0 : 12[d1000] -> 14[d9000] via P2P/IPC comm 0x55a5f2721eb0 nRanks 16
nid005016:25504:25584 [4] NCCL INFO New proxy send connection 76 from local rank 4, transport 0
nid005016:25504:25504 [4] NCCL INFO Connected to proxy localRank 4 -> connection 0x1505b40037c0
nid005015:84671:84671 [2] NCCL INFO Channel 03/0 : 2[c9000] -> 4[d1000] via P2P/IPC comm 0x55e4f5192260 nRanks 16
nid005015:84672:84758 [3] NCCL INFO New proxy recv connection 72 from local rank 3, transport 0
nid005015:84672:84672 [3] NCCL INFO Connected to proxy localRank 3 -> connection 0x14719c0035e0
nid005015:84671:84762 [2] NCCL INFO New proxy send connection 72 from local rank 2, transport 0
nid005015:84671:84671 [2] NCCL INFO Connected to proxy localRank 2 -> connection 0x15483c0035e0
nid005016:25501:25501 [2] NCCL INFO Channel 10/0 : 10[c9000] -> 12[d1000] via P2P/IPC comm 0x555ff8c8b210 nRanks 16
nid005016:25501:25586 [2] NCCL INFO New proxy send connection 74 from local rank 2, transport 0
nid005016:25501:25501 [2] NCCL INFO Connected to proxy localRank 2 -> connection 0x145fb00036d0
nid005016:25505:25583 [3] NCCL INFO New proxy recv connection 74 from local rank 3, transport 0
nid005016:25505:25505 [3] NCCL INFO Connected to proxy localRank 3 -> connection 0x146b800036d0
nid005016:25500:25585 [6] NCCL INFO New proxy recv connection 75 from local rank 6, transport 0
nid005016:25500:25500 [6] NCCL INFO Connected to proxy localRank 6 -> connection 0x14e420003748
nid005015:84675:84756 [7] NCCL INFO New proxy recv connection 73 from local rank 7, transport 0
nid005015:84675:84675 [7] NCCL INFO Connected to proxy localRank 7 -> connection 0x14e38c003658
nid005015:84676:84760 [6] NCCL INFO New proxy recv connection 73 from local rank 6, transport 0
nid005015:84676:84676 [6] NCCL INFO Connected to proxy localRank 6 -> connection 0x147878003658
nid005015:84674:84674 [4] NCCL INFO Channel 01/0 : 4[d1000] -> 6[d9000] via P2P/IPC comm 0x562b43d12c80 nRanks 16
nid005015:84674:84761 [4] NCCL INFO New proxy send connection 76 from local rank 4, transport 0
nid005015:84674:84674 [4] NCCL INFO Connected to proxy localRank 4 -> connection 0x152cc40037c0
nid005015:84671:84671 [2] NCCL INFO Channel 07/0 : 2[c9000] -> 4[d1000] via P2P/IPC comm 0x55e4f5192260 nRanks 16
nid005015:84671:84762 [2] NCCL INFO New proxy send connection 73 from local rank 2, transport 0
nid005015:84671:84671 [2] NCCL INFO Connected to proxy localRank 2 -> connection 0x15483c003658
nid005015:84672:84758 [3] NCCL INFO New proxy recv connection 73 from local rank 3, transport 0
nid005015:84672:84672 [3] NCCL INFO Connected to proxy localRank 3 -> connection 0x14719c003658
nid005016:25504:25504 [4] NCCL INFO Channel 04/0 : 12[d1000] -> 14[d9000] via P2P/IPC comm 0x55a5f2721eb0 nRanks 16
nid005016:25504:25584 [4] NCCL INFO New proxy send connection 77 from local rank 4, transport 0
nid005016:25504:25504 [4] NCCL INFO Connected to proxy localRank 4 -> connection 0x1505b4003838
nid005016:25501:25501 [2] NCCL INFO Channel 14/0 : 10[c9000] -> 12[d1000] via P2P/IPC comm 0x555ff8c8b210 nRanks 16
nid005016:25501:25586 [2] NCCL INFO New proxy send connection 75 from local rank 2, transport 0
nid005016:25501:25501 [2] NCCL INFO Connected to proxy localRank 2 -> connection 0x145fb0003748
nid005016:25505:25583 [3] NCCL INFO New proxy recv connection 75 from local rank 3, transport 0
nid005016:25505:25505 [3] NCCL INFO Connected to proxy localRank 3 -> connection 0x146b80003748
nid005015:84675:84756 [7] NCCL INFO New proxy recv connection 74 from local rank 7, transport 0
nid005015:84675:84675 [7] NCCL INFO Connected to proxy localRank 7 -> connection 0x14e38c0036d0
nid005015:84676:84760 [6] NCCL INFO New proxy recv connection 74 from local rank 6, transport 0
nid005015:84676:84676 [6] NCCL INFO Connected to proxy localRank 6 -> connection 0x1478780036d0
nid005015:84674:84674 [4] NCCL INFO Channel 05/0 : 4[d1000] -> 6[d9000] via P2P/IPC comm 0x562b43d12c80 nRanks 16
nid005015:84674:84761 [4] NCCL INFO New proxy send connection 77 from local rank 4, transport 0
nid005015:84674:84674 [4] NCCL INFO Connected to proxy localRank 4 -> connection 0x152cc4003838
nid005016:25504:25504 [4] NCCL INFO Channel 08/0 : 12[d1000] -> 14[d9000] via P2P/IPC comm 0x55a5f2721eb0 nRanks 16
nid005016:25504:25584 [4] NCCL INFO New proxy send connection 78 from local rank 4, transport 0
nid005016:25504:25504 [4] NCCL INFO Connected to proxy localRank 4 -> connection 0x1505b40038b0
nid005015:84671:84671 [2] NCCL INFO Channel 11/0 : 2[c9000] -> 4[d1000] via P2P/IPC comm 0x55e4f5192260 nRanks 16
nid005015:84671:84762 [2] NCCL INFO New proxy send connection 74 from local rank 2, transport 0
nid005015:84671:84671 [2] NCCL INFO Connected to proxy localRank 2 -> connection 0x15483c0036d0
nid005015:84672:84758 [3] NCCL INFO New proxy recv connection 74 from local rank 3, transport 0
nid005015:84672:84672 [3] NCCL INFO Connected to proxy localRank 3 -> connection 0x14719c0036d0
nid005015:84675:84756 [7] NCCL INFO New proxy recv connection 75 from local rank 7, transport 0
nid005015:84675:84675 [7] NCCL INFO Connected to proxy localRank 7 -> connection 0x14e38c003748
nid005015:84676:84760 [6] NCCL INFO New proxy recv connection 75 from local rank 6, transport 0
nid005015:84676:84676 [6] NCCL INFO Connected to proxy localRank 6 -> connection 0x147878003748
nid005015:84674:84674 [4] NCCL INFO Channel 09/0 : 4[d1000] -> 6[d9000] via P2P/IPC comm 0x562b43d12c80 nRanks 16
nid005015:84674:84761 [4] NCCL INFO New proxy send connection 78 from local rank 4, transport 0
nid005015:84674:84674 [4] NCCL INFO Connected to proxy localRank 4 -> connection 0x152cc40038b0
nid005016:25504:25504 [4] NCCL INFO Channel 12/0 : 12[d1000] -> 14[d9000] via P2P/IPC comm 0x55a5f2721eb0 nRanks 16
nid005016:25504:25584 [4] NCCL INFO New proxy send connection 79 from local rank 4, transport 0
nid005016:25504:25504 [4] NCCL INFO Connected to proxy localRank 4 -> connection 0x1505b4003928
nid005015:84671:84671 [2] NCCL INFO Channel 15/0 : 2[c9000] -> 4[d1000] via P2P/IPC comm 0x55e4f5192260 nRanks 16
nid005015:84671:84762 [2] NCCL INFO New proxy send connection 75 from local rank 2, transport 0
nid005015:84671:84671 [2] NCCL INFO Connected to proxy localRank 2 -> connection 0x15483c003748
nid005015:84672:84758 [3] NCCL INFO New proxy recv connection 75 from local rank 3, transport 0
nid005015:84672:84672 [3] NCCL INFO Connected to proxy localRank 3 -> connection 0x14719c003748
nid005015:84674:84674 [4] NCCL INFO Channel 13/0 : 4[d1000] -> 6[d9000] via P2P/IPC comm 0x562b43d12c80 nRanks 16
nid005015:84674:84761 [4] NCCL INFO New proxy send connection 79 from local rank 4, transport 0
nid005015:84674:84674 [4] NCCL INFO Connected to proxy localRank 4 -> connection 0x152cc4003928
nid005016:25501:25501 [2] NCCL INFO GPU Direct RDMA Enabled for GPU c9000 / HCA 1 (distance 6 <= 6), read 0
nid005016:25501:25586 [2] NCCL INFO New proxy recv connection 76 from local rank 2, transport 2
nid005016:25501:25501 [2] NCCL INFO Connected to proxy localRank 2 -> connection 0x145fb00037c0
nid005016:25500:25585 [6] NCCL INFO New proxy recv connection 76 from local rank 6, transport 0
nid005016:25500:25500 [6] NCCL INFO Connected to proxy localRank 6 -> connection 0x14e4200037c0
nid005016:25504:25584 [4] NCCL INFO New proxy recv connection 80 from local rank 4, transport 0
nid005016:25501:25501 [2] NCCL INFO Channel 01/0 : 2[c9000] -> 10[c9000] [receive] via NET/Libfabric/1/GDRDMA comm 0x555ff8c8b210 nRanks 16
nid005016:25501:25501 [2] NCCL INFO GPU Direct RDMA Enabled for GPU c9000 / HCA 1 (distance 6 <= 6), read 0
nid005016:25504:25504 [4] NCCL INFO Connected to proxy localRank 4 -> connection 0x1505b40039a0
nid005016:25501:25586 [2] NCCL INFO New proxy recv connection 77 from local rank 2, transport 2
nid005016:25501:25501 [2] NCCL INFO Connected to proxy localRank 2 -> connection 0x145fb0003838
nid005016:25501:25501 [2] NCCL INFO Channel 05/0 : 2[c9000] -> 10[c9000] [receive] via NET/Libfabric/1/GDRDMA comm 0x555ff8c8b210 nRanks 16
nid005016:25501:25501 [2] NCCL INFO GPU Direct RDMA Enabled for GPU c9000 / HCA 1 (distance 6 <= 6), read 0
nid005016:25501:25586 [2] NCCL INFO New proxy recv connection 78 from local rank 2, transport 2
nid005016:25501:25501 [2] NCCL INFO Connected to proxy localRank 2 -> connection 0x145fb00038b0
nid005016:25501:25501 [2] NCCL INFO Channel 09/0 : 2[c9000] -> 10[c9000] [receive] via NET/Libfabric/1/GDRDMA comm 0x555ff8c8b210 nRanks 16
nid005016:25501:25501 [2] NCCL INFO GPU Direct RDMA Enabled for GPU c9000 / HCA 1 (distance 6 <= 6), read 0
nid005016:25501:25586 [2] NCCL INFO New proxy recv connection 79 from local rank 2, transport 2
nid005016:25501:25501 [2] NCCL INFO Connected to proxy localRank 2 -> connection 0x145fb0003928
nid005016:25501:25501 [2] NCCL INFO Channel 13/0 : 2[c9000] -> 10[c9000] [receive] via NET/Libfabric/1/GDRDMA comm 0x555ff8c8b210 nRanks 16
nid005016:25500:25585 [6] NCCL INFO New proxy recv connection 77 from local rank 6, transport 0
nid005016:25500:25500 [6] NCCL INFO Connected to proxy localRank 6 -> connection 0x14e420003838
nid005015:84671:84671 [2] NCCL INFO GPU Direct RDMA Enabled for GPU c9000 / HCA 1 (distance 6 <= 6), read 1
nid005016:25504:25584 [4] NCCL INFO New proxy recv connection 81 from local rank 4, transport 0
nid005015:84671:84762 [2] NCCL INFO New proxy send connection 76 from local rank 2, transport 2
nid005015:84671:84671 [2] NCCL INFO Connected to proxy localRank 2 -> connection 0x15483c0037c0
nid005016:25504:25504 [4] NCCL INFO Connected to proxy localRank 4 -> connection 0x1505b4003a18
nid005015:84676:84760 [6] NCCL INFO New proxy recv connection 76 from local rank 6, transport 0
nid005015:84676:84676 [6] NCCL INFO Connected to proxy localRank 6 -> connection 0x1478780037c0
nid005015:84674:84761 [4] NCCL INFO New proxy recv connection 80 from local rank 4, transport 0
nid005015:84671:84671 [2] NCCL INFO Channel 01/0 : 2[c9000] -> 10[c9000] [send] via NET/Libfabric/1/GDRDMA comm 0x55e4f5192260 nRanks 16
nid005015:84671:84671 [2] NCCL INFO GPU Direct RDMA Enabled for GPU c9000 / HCA 1 (distance 6 <= 6), read 1
nid005015:84671:84762 [2] NCCL INFO New proxy send connection 77 from local rank 2, transport 2
nid005015:84674:84674 [4] NCCL INFO Connected to proxy localRank 4 -> connection 0x152cc40039a0
nid005015:84671:84671 [2] NCCL INFO Connected to proxy localRank 2 -> connection 0x15483c003838
nid005015:84671:84671 [2] NCCL INFO Channel 05/0 : 2[c9000] -> 10[c9000] [send] via NET/Libfabric/1/GDRDMA comm 0x55e4f5192260 nRanks 16
nid005015:84671:84671 [2] NCCL INFO GPU Direct RDMA Enabled for GPU c9000 / HCA 1 (distance 6 <= 6), read 1
nid005015:84671:84762 [2] NCCL INFO New proxy send connection 78 from local rank 2, transport 2
nid005015:84671:84671 [2] NCCL INFO Connected to proxy localRank 2 -> connection 0x15483c0038b0
nid005015:84671:84671 [2] NCCL INFO Channel 09/0 : 2[c9000] -> 10[c9000] [send] via NET/Libfabric/1/GDRDMA comm 0x55e4f5192260 nRanks 16
nid005015:84671:84671 [2] NCCL INFO GPU Direct RDMA Enabled for GPU c9000 / HCA 1 (distance 6 <= 6), read 1
nid005015:84671:84762 [2] NCCL INFO New proxy send connection 79 from local rank 2, transport 2
nid005015:84671:84671 [2] NCCL INFO Connected to proxy localRank 2 -> connection 0x15483c003928
nid005015:84671:84671 [2] NCCL INFO Channel 13/0 : 2[c9000] -> 10[c9000] [send] via NET/Libfabric/1/GDRDMA comm 0x55e4f5192260 nRanks 16
nid005015:84671:84762 [2] NCCL INFO New proxy recv connection 80 from local rank 2, transport 0
nid005015:84671:84671 [2] NCCL INFO Connected to proxy localRank 2 -> connection 0x15483c0039a0
nid005016:25501:25586 [2] NCCL INFO New proxy recv connection 80 from local rank 2, transport 0
nid005016:25501:25501 [2] NCCL INFO Connected to proxy localRank 2 -> connection 0x145fb00039a0
nid005016:25500:25585 [6] NCCL INFO New proxy recv connection 78 from local rank 6, transport 0
nid005016:25500:25500 [6] NCCL INFO Connected to proxy localRank 6 -> connection 0x14e4200038b0
nid005016:25504:25584 [4] NCCL INFO New proxy recv connection 82 from local rank 4, transport 0
nid005016:25504:25504 [4] NCCL INFO Connected to proxy localRank 4 -> connection 0x1505b4003a90
nid005015:84674:84761 [4] NCCL INFO New proxy recv connection 81 from local rank 4, transport 0
nid005015:84674:84674 [4] NCCL INFO Connected to proxy localRank 4 -> connection 0x152cc4003a18
nid005015:84676:84760 [6] NCCL INFO New proxy recv connection 77 from local rank 6, transport 0
nid005015:84676:84676 [6] NCCL INFO Connected to proxy localRank 6 -> connection 0x147878003838
nid005015:84671:84762 [2] NCCL INFO New proxy recv connection 81 from local rank 2, transport 0
nid005015:84671:84671 [2] NCCL INFO Connected to proxy localRank 2 -> connection 0x15483c003a18
nid005016:25501:25586 [2] NCCL INFO New proxy recv connection 81 from local rank 2, transport 0
nid005016:25501:25501 [2] NCCL INFO Connected to proxy localRank 2 -> connection 0x145fb0003a18
nid005016:25500:25585 [6] NCCL INFO New proxy recv connection 79 from local rank 6, transport 0
nid005016:25500:25500 [6] NCCL INFO Connected to proxy localRank 6 -> connection 0x14e420003928
nid005016:25504:25584 [4] NCCL INFO New proxy recv connection 83 from local rank 4, transport 0
nid005016:25504:25504 [4] NCCL INFO Connected to proxy localRank 4 -> connection 0x1505b4003b08
nid005015:84674:84761 [4] NCCL INFO New proxy recv connection 82 from local rank 4, transport 0
nid005015:84674:84674 [4] NCCL INFO Connected to proxy localRank 4 -> connection 0x152cc4003a90
nid005015:84676:84760 [6] NCCL INFO New proxy recv connection 78 from local rank 6, transport 0
nid005015:84676:84676 [6] NCCL INFO Connected to proxy localRank 6 -> connection 0x1478780038b0
nid005015:84671:84762 [2] NCCL INFO New proxy recv connection 82 from local rank 2, transport 0
nid005015:84671:84671 [2] NCCL INFO Connected to proxy localRank 2 -> connection 0x15483c003a90
nid005016:25501:25586 [2] NCCL INFO New proxy recv connection 82 from local rank 2, transport 0
nid005016:25501:25501 [2] NCCL INFO Connected to proxy localRank 2 -> connection 0x145fb0003a90
nid005016:25504:25504 [4] NCCL INFO Channel 03/0 : 12[d1000] -> 10[c9000] via P2P/IPC comm 0x55a5f2721eb0 nRanks 16
nid005016:25504:25584 [4] NCCL INFO New proxy send connection 84 from local rank 4, transport 0
nid005016:25504:25504 [4] NCCL INFO Connected to proxy localRank 4 -> connection 0x1505b4003b80
nid005015:84674:84761 [4] NCCL INFO New proxy recv connection 83 from local rank 4, transport 0
nid005015:84674:84674 [4] NCCL INFO Connected to proxy localRank 4 -> connection 0x152cc4003b08
nid005015:84671:84762 [2] NCCL INFO New proxy recv connection 83 from local rank 2, transport 0
nid005015:84671:84671 [2] NCCL INFO Connected to proxy localRank 2 -> connection 0x15483c003b08
nid005015:84676:84760 [6] NCCL INFO New proxy recv connection 79 from local rank 6, transport 0
nid005015:84676:84676 [6] NCCL INFO Connected to proxy localRank 6 -> connection 0x147878003928
nid005016:25501:25586 [2] NCCL INFO New proxy recv connection 83 from local rank 2, transport 0
nid005016:25501:25501 [2] NCCL INFO Connected to proxy localRank 2 -> connection 0x145fb0003b08
nid005016:25504:25504 [4] NCCL INFO Channel 07/0 : 12[d1000] -> 10[c9000] via P2P/IPC comm 0x55a5f2721eb0 nRanks 16
nid005016:25504:25584 [4] NCCL INFO New proxy send connection 85 from local rank 4, transport 0
nid005016:25504:25504 [4] NCCL INFO Connected to proxy localRank 4 -> connection 0x1505b4003bf8
nid005015:84674:84674 [4] NCCL INFO Channel 02/0 : 4[d1000] -> 2[c9000] via P2P/IPC comm 0x562b43d12c80 nRanks 16
nid005015:84674:84761 [4] NCCL INFO New proxy send connection 84 from local rank 4, transport 0
nid005015:84674:84674 [4] NCCL INFO Connected to proxy localRank 4 -> connection 0x152cc4003b80
nid005016:25504:25504 [4] NCCL INFO Channel 11/0 : 12[d1000] -> 10[c9000] via P2P/IPC comm 0x55a5f2721eb0 nRanks 16
nid005016:25504:25584 [4] NCCL INFO New proxy send connection 86 from local rank 4, transport 0
nid005016:25504:25504 [4] NCCL INFO Connected to proxy localRank 4 -> connection 0x1505b4003c70
nid005015:84674:84674 [4] NCCL INFO Channel 06/0 : 4[d1000] -> 2[c9000] via P2P/IPC comm 0x562b43d12c80 nRanks 16
nid005015:84674:84761 [4] NCCL INFO New proxy send connection 85 from local rank 4, transport 0
nid005015:84674:84674 [4] NCCL INFO Connected to proxy localRank 4 -> connection 0x152cc4003bf8
nid005016:25504:25504 [4] NCCL INFO Channel 15/0 : 12[d1000] -> 10[c9000] via P2P/IPC comm 0x55a5f2721eb0 nRanks 16
nid005016:25504:25584 [4] NCCL INFO New proxy send connection 87 from local rank 4, transport 0
nid005016:25504:25504 [4] NCCL INFO Connected to proxy localRank 4 -> connection 0x1505b4003ce8
nid005015:84674:84674 [4] NCCL INFO Channel 10/0 : 4[d1000] -> 2[c9000] via P2P/IPC comm 0x562b43d12c80 nRanks 16
nid005015:84674:84761 [4] NCCL INFO New proxy send connection 86 from local rank 4, transport 0
nid005015:84674:84674 [4] NCCL INFO Connected to proxy localRank 4 -> connection 0x152cc4003c70
nid005016:25501:25586 [2] NCCL INFO New proxy recv connection 84 from local rank 2, transport 0
nid005016:25501:25501 [2] NCCL INFO Connected to proxy localRank 2 -> connection 0x145fb0003b80
nid005015:84674:84674 [4] NCCL INFO Channel 14/0 : 4[d1000] -> 2[c9000] via P2P/IPC comm 0x562b43d12c80 nRanks 16
nid005015:84674:84761 [4] NCCL INFO New proxy send connection 87 from local rank 4, transport 0
nid005015:84674:84674 [4] NCCL INFO Connected to proxy localRank 4 -> connection 0x152cc4003ce8
nid005016:25501:25586 [2] NCCL INFO New proxy recv connection 85 from local rank 2, transport 0
nid005016:25501:25501 [2] NCCL INFO Connected to proxy localRank 2 -> connection 0x145fb0003bf8
nid005015:84671:84762 [2] NCCL INFO New proxy recv connection 84 from local rank 2, transport 0
nid005015:84671:84671 [2] NCCL INFO Connected to proxy localRank 2 -> connection 0x15483c003b80
nid005016:25501:25586 [2] NCCL INFO New proxy recv connection 86 from local rank 2, transport 0
nid005016:25501:25501 [2] NCCL INFO Connected to proxy localRank 2 -> connection 0x145fb0003c70
nid005016:25501:25586 [2] NCCL INFO New proxy recv connection 87 from local rank 2, transport 0
nid005015:84671:84762 [2] NCCL INFO New proxy recv connection 85 from local rank 2, transport 0
nid005015:84671:84671 [2] NCCL INFO Connected to proxy localRank 2 -> connection 0x15483c003bf8
nid005016:25501:25501 [2] NCCL INFO Connected to proxy localRank 2 -> connection 0x145fb0003ce8
nid005016:25501:25586 [2] NCCL INFO New proxy recv connection 88 from local rank 2, transport 0
nid005016:25501:25501 [2] NCCL INFO Connected to proxy localRank 2 -> connection 0x145fb0003d60
nid005015:84671:84762 [2] NCCL INFO New proxy recv connection 86 from local rank 2, transport 0
nid005015:84671:84671 [2] NCCL INFO Connected to proxy localRank 2 -> connection 0x15483c003c70
nid005016:25501:25586 [2] NCCL INFO New proxy recv connection 89 from local rank 2, transport 0
nid005016:25501:25501 [2] NCCL INFO Connected to proxy localRank 2 -> connection 0x145fb0003dd8
nid005015:84671:84762 [2] NCCL INFO New proxy recv connection 87 from local rank 2, transport 0
nid005015:84671:84671 [2] NCCL INFO Connected to proxy localRank 2 -> connection 0x15483c003ce8
nid005016:25501:25586 [2] NCCL INFO New proxy recv connection 90 from local rank 2, transport 0
nid005016:25501:25501 [2] NCCL INFO Connected to proxy localRank 2 -> connection 0x145fb0003e50
nid005015:84671:84762 [2] NCCL INFO New proxy recv connection 88 from local rank 2, transport 0
nid005015:84671:84671 [2] NCCL INFO Connected to proxy localRank 2 -> connection 0x15483c003d60
nid005016:25501:25586 [2] NCCL INFO New proxy recv connection 91 from local rank 2, transport 0
nid005016:25501:25501 [2] NCCL INFO Connected to proxy localRank 2 -> connection 0x145fb0003ec8
nid005015:84671:84762 [2] NCCL INFO New proxy recv connection 89 from local rank 2, transport 0
nid005015:84671:84671 [2] NCCL INFO Connected to proxy localRank 2 -> connection 0x15483c003dd8
nid005015:84671:84762 [2] NCCL INFO New proxy recv connection 90 from local rank 2, transport 0
nid005015:84671:84671 [2] NCCL INFO Connected to proxy localRank 2 -> connection 0x15483c003e50
nid005015:84671:84762 [2] NCCL INFO New proxy recv connection 91 from local rank 2, transport 0
nid005015:84671:84671 [2] NCCL INFO Connected to proxy localRank 2 -> connection 0x15483c003ec8
  [run 2/6] recording - 15:35:52
  [run 2/6] done in 600s
#Using RCCL
#Using RCCL
#Using RCCL
#Using RCCL
#Using RCCL
#Using RCCL
#Using RCCL
#Using RCCL
#Using RCCL
#Using RCCL
#Using RCCL
#Using RCCL
#Using RCCL
#Using RCCL
#Using RCCL
#Using RCCL
nid005015:85337:85337 [0] NCCL INFO [rocprofiler-sdk-rccl][ = 85337 ] rocprofiler-register returned code = 1 : rocprofiler-register found no tools
nid005015:85337:85337 [0] NCCL INFO Kernel version: 6.4.0-150600.23.73_15.0.14-cray_shasta_c
nid005015:85337:85337 [0] NCCL INFO Disabled GDRCopy equivalent memory allocation on gfx90a due to GPU architecture
nid005015:85337:85337 [0] NCCL INFO NCCL_SOCKET_IFNAME set to hsn0,hsn1,hsn2,hsn3
nid005015:85337:85337 [0] NCCL INFO Bootstrap : Using hsn0:10.253.52.158<0>
nid005015:85337:85337 [0] NCCL INFO ROCr version 1.1
nid005015:85337:85337 [0] NCCL INFO Dmabuf feature disabled without NCCL_DMABUF_ENABLE=1
nid005015:85337:85337 [0] NCCL INFO Kernel version: 6.4.0-150600.23.73_15.0.14-cray_shasta_c
nid005015:85337:85337 [0] NCCL INFO RCCL version : 2.22.3-Unknown 
HIP version  : 6.4.43483-
ROCm version : 6.4.1.0-9999-unknown
Hostname     : nid005015
Librccl path : /users/joglekar/eessi/versions/2025.06/software/linux/x86_64/amd/zen3/software/RCCL/2.22.3-rocm-compilers-19.0.0-ROCm-6.4.1/lib/librccl.so.1
nid005015:85339:85339 [1] NCCL INFO [rocprofiler-sdk-rccl][ = 85339 ] rocprofiler-register returned code = 1 : rocprofiler-register found no tools
nid005015:85341:85341 [6] NCCL INFO [rocprofiler-sdk-rccl][ = 85341 ] rocprofiler-register returned code = 1 : rocprofiler-register found no tools
nid005015:85343:85343 [5] NCCL INFO [rocprofiler-sdk-rccl][ = 85343 ] rocprofiler-register returned code = 1 : rocprofiler-register found no tools
nid005015:85338:85338 [2] NCCL INFO [rocprofiler-sdk-rccl][ = 85338 ] rocprofiler-register returned code = 1 : rocprofiler-register found no tools
nid005015:85342:85342 [7] NCCL INFO [rocprofiler-sdk-rccl][ = 85342 ] rocprofiler-register returned code = 1 : rocprofiler-register found no tools
nid005015:85344:85344 [4] NCCL INFO [rocprofiler-sdk-rccl][ = 85344 ] rocprofiler-register returned code = 1 : rocprofiler-register found no tools
nid005015:85340:85340 [3] NCCL INFO [rocprofiler-sdk-rccl][ = 85340 ] rocprofiler-register returned code = 1 : rocprofiler-register found no tools
nid005016:26142:26142 [6] NCCL INFO [rocprofiler-sdk-rccl][ = 26142 ] rocprofiler-register returned code = 1 : rocprofiler-register found no tools
nid005016:26139:26139 [0] NCCL INFO [rocprofiler-sdk-rccl][ = 26139 ] rocprofiler-register returned code = 1 : rocprofiler-register found no tools
nid005016:26140:26140 [1] NCCL INFO [rocprofiler-sdk-rccl][ = 26140 ] rocprofiler-register returned code = 1 : rocprofiler-register found no tools
nid005016:26145:26145 [5] NCCL INFO [rocprofiler-sdk-rccl][ = 26145 ] rocprofiler-register returned code = 1 : rocprofiler-register found no tools
nid005016:26141:26141 [3] NCCL INFO [rocprofiler-sdk-rccl][ = 26141 ] rocprofiler-register returned code = 1 : rocprofiler-register found no tools
nid005016:26143:26143 [4] NCCL INFO [rocprofiler-sdk-rccl][ = 26143 ] rocprofiler-register returned code = 1 : rocprofiler-register found no tools
nid005016:26146:26146 [7] NCCL INFO [rocprofiler-sdk-rccl][ = 26146 ] rocprofiler-register returned code = 1 : rocprofiler-register found no tools
nid005016:26144:26144 [2] NCCL INFO [rocprofiler-sdk-rccl][ = 26144 ] rocprofiler-register returned code = 1 : rocprofiler-register found no tools
nid005015:85341:85341 [6] NCCL INFO ROCr version 1.1
nid005015:85341:85341 [6] NCCL INFO Dmabuf feature disabled without NCCL_DMABUF_ENABLE=1
nid005015:85341:85341 [6] NCCL INFO Kernel version: 6.4.0-150600.23.73_15.0.14-cray_shasta_c
nid005015:85341:85341 [6] NCCL INFO Disabled GDRCopy equivalent memory allocation on gfx90a due to GPU architecture
nid005015:85341:85341 [6] NCCL INFO NCCL_SOCKET_IFNAME set to hsn0,hsn1,hsn2,hsn3
nid005015:85340:85340 [3] NCCL INFO ROCr version 1.1
nid005015:85340:85340 [3] NCCL INFO Dmabuf feature disabled without NCCL_DMABUF_ENABLE=1
nid005015:85340:85340 [3] NCCL INFO Kernel version: 6.4.0-150600.23.73_15.0.14-cray_shasta_c
nid005015:85339:85339 [1] NCCL INFO ROCr version 1.1
nid005015:85339:85339 [1] NCCL INFO Dmabuf feature disabled without NCCL_DMABUF_ENABLE=1
nid005015:85340:85340 [3] NCCL INFO Disabled GDRCopy equivalent memory allocation on gfx90a due to GPU architecture
nid005015:85340:85340 [3] NCCL INFO NCCL_SOCKET_IFNAME set to hsn0,hsn1,hsn2,hsn3
nid005015:85341:85341 [6] NCCL INFO Bootstrap : Using hsn0:10.253.52.158<0>
nid005015:85341:85341 [6] NCCL INFO RCCL version : 2.22.3-Unknown 
HIP version  : 6.4.43483-
ROCm version : 6.4.1.0-9999-unknown
Hostname     : nid005015
Librccl path : /users/joglekar/eessi/versions/2025.06/software/linux/x86_64/amd/zen3/software/RCCL/2.22.3-rocm-compilers-19.0.0-ROCm-6.4.1/lib/librccl.so.1
nid005015:85339:85339 [1] NCCL INFO Kernel version: 6.4.0-150600.23.73_15.0.14-cray_shasta_c
nid005015:85339:85339 [1] NCCL INFO Disabled GDRCopy equivalent memory allocation on gfx90a due to GPU architecture
nid005015:85339:85339 [1] NCCL INFO NCCL_SOCKET_IFNAME set to hsn0,hsn1,hsn2,hsn3
nid005015:85338:85338 [2] NCCL INFO ROCr version 1.1
nid005015:85338:85338 [2] NCCL INFO Dmabuf feature disabled without NCCL_DMABUF_ENABLE=1
nid005016:26139:26139 [0] NCCL INFO ROCr version 1.1
nid005016:26139:26139 [0] NCCL INFO Dmabuf feature disabled without NCCL_DMABUF_ENABLE=1
nid005015:85338:85338 [2] NCCL INFO Kernel version: 6.4.0-150600.23.73_15.0.14-cray_shasta_c
nid005015:85338:85338 [2] NCCL INFO Disabled GDRCopy equivalent memory allocation on gfx90a due to GPU architecture
nid005015:85338:85338 [2] NCCL INFO NCCL_SOCKET_IFNAME set to hsn0,hsn1,hsn2,hsn3
nid005016:26139:26139 [0] NCCL INFO Kernel version: 6.4.0-150600.23.73_15.0.14-cray_shasta_c
nid005015:85343:85343 [5] NCCL INFO ROCr version 1.1
nid005015:85343:85343 [5] NCCL INFO Dmabuf feature disabled without NCCL_DMABUF_ENABLE=1
nid005016:26139:26139 [0] NCCL INFO Disabled GDRCopy equivalent memory allocation on gfx90a due to GPU architecture
nid005016:26139:26139 [0] NCCL INFO NCCL_SOCKET_IFNAME set to hsn0,hsn1,hsn2,hsn3
nid005015:85343:85343 [5] NCCL INFO Kernel version: 6.4.0-150600.23.73_15.0.14-cray_shasta_c
nid005015:85343:85343 [5] NCCL INFO Disabled GDRCopy equivalent memory allocation on gfx90a due to GPU architecture
nid005015:85343:85343 [5] NCCL INFO NCCL_SOCKET_IFNAME set to hsn0,hsn1,hsn2,hsn3
nid005016:26144:26144 [2] NCCL INFO ROCr version 1.1
nid005016:26144:26144 [2] NCCL INFO Dmabuf feature disabled without NCCL_DMABUF_ENABLE=1
nid005015:85344:85344 [4] NCCL INFO ROCr version 1.1
nid005015:85344:85344 [4] NCCL INFO Dmabuf feature disabled without NCCL_DMABUF_ENABLE=1
nid005015:85344:85344 [4] NCCL INFO Kernel version: 6.4.0-150600.23.73_15.0.14-cray_shasta_c
nid005016:26144:26144 [2] NCCL INFO Kernel version: 6.4.0-150600.23.73_15.0.14-cray_shasta_c
nid005015:85344:85344 [4] NCCL INFO Disabled GDRCopy equivalent memory allocation on gfx90a due to GPU architecture
nid005015:85344:85344 [4] NCCL INFO NCCL_SOCKET_IFNAME set to hsn0,hsn1,hsn2,hsn3
nid005016:26144:26144 [2] NCCL INFO Disabled GDRCopy equivalent memory allocation on gfx90a due to GPU architecture
nid005016:26144:26144 [2] NCCL INFO NCCL_SOCKET_IFNAME set to hsn0,hsn1,hsn2,hsn3
nid005015:85342:85342 [7] NCCL INFO ROCr version 1.1
nid005015:85342:85342 [7] NCCL INFO Dmabuf feature disabled without NCCL_DMABUF_ENABLE=1
nid005016:26145:26145 [5] NCCL INFO ROCr version 1.1
nid005016:26145:26145 [5] NCCL INFO Dmabuf feature disabled without NCCL_DMABUF_ENABLE=1
nid005015:85342:85342 [7] NCCL INFO Kernel version: 6.4.0-150600.23.73_15.0.14-cray_shasta_c
nid005015:85342:85342 [7] NCCL INFO Disabled GDRCopy equivalent memory allocation on gfx90a due to GPU architecture
nid005015:85342:85342 [7] NCCL INFO NCCL_SOCKET_IFNAME set to hsn0,hsn1,hsn2,hsn3
nid005016:26145:26145 [5] NCCL INFO Kernel version: 6.4.0-150600.23.73_15.0.14-cray_shasta_c
nid005016:26145:26145 [5] NCCL INFO Disabled GDRCopy equivalent memory allocation on gfx90a due to GPU architecture
nid005016:26145:26145 [5] NCCL INFO NCCL_SOCKET_IFNAME set to hsn0,hsn1,hsn2,hsn3
nid005016:26143:26143 [4] NCCL INFO ROCr version 1.1
nid005016:26143:26143 [4] NCCL INFO Dmabuf feature disabled without NCCL_DMABUF_ENABLE=1
nid005016:26143:26143 [4] NCCL INFO Kernel version: 6.4.0-150600.23.73_15.0.14-cray_shasta_c
nid005016:26143:26143 [4] NCCL INFO Disabled GDRCopy equivalent memory allocation on gfx90a due to GPU architecture
nid005016:26143:26143 [4] NCCL INFO NCCL_SOCKET_IFNAME set to hsn0,hsn1,hsn2,hsn3
nid005016:26141:26141 [3] NCCL INFO ROCr version 1.1
nid005016:26141:26141 [3] NCCL INFO Dmabuf feature disabled without NCCL_DMABUF_ENABLE=1
nid005016:26141:26141 [3] NCCL INFO Kernel version: 6.4.0-150600.23.73_15.0.14-cray_shasta_c
nid005016:26141:26141 [3] NCCL INFO Disabled GDRCopy equivalent memory allocation on gfx90a due to GPU architecture
nid005016:26141:26141 [3] NCCL INFO NCCL_SOCKET_IFNAME set to hsn0,hsn1,hsn2,hsn3
nid005016:26146:26146 [7] NCCL INFO ROCr version 1.1
nid005016:26146:26146 [7] NCCL INFO Dmabuf feature disabled without NCCL_DMABUF_ENABLE=1
nid005016:26146:26146 [7] NCCL INFO Kernel version: 6.4.0-150600.23.73_15.0.14-cray_shasta_c
nid005016:26146:26146 [7] NCCL INFO Disabled GDRCopy equivalent memory allocation on gfx90a due to GPU architecture
nid005016:26146:26146 [7] NCCL INFO NCCL_SOCKET_IFNAME set to hsn0,hsn1,hsn2,hsn3
nid005015:85340:85340 [3] NCCL INFO Bootstrap : Using hsn0:10.253.52.158<0>
nid005015:85340:85340 [3] NCCL INFO RCCL version : 2.22.3-Unknown 
HIP version  : 6.4.43483-
ROCm version : 6.4.1.0-9999-unknown
Hostname     : nid005015
Librccl path : /users/joglekar/eessi/versions/2025.06/software/linux/x86_64/amd/zen3/software/RCCL/2.22.3-rocm-compilers-19.0.0-ROCm-6.4.1/lib/librccl.so.1
nid005016:26142:26142 [6] NCCL INFO ROCr version 1.1
nid005016:26142:26142 [6] NCCL INFO Dmabuf feature disabled without NCCL_DMABUF_ENABLE=1
nid005015:85339:85339 [1] NCCL INFO Bootstrap : Using hsn0:10.253.52.158<0>
nid005015:85339:85339 [1] NCCL INFO RCCL version : 2.22.3-Unknown 
HIP version  : 6.4.43483-
ROCm version : 6.4.1.0-9999-unknown
Hostname     : nid005015
Librccl path : /users/joglekar/eessi/versions/2025.06/software/linux/x86_64/amd/zen3/software/RCCL/2.22.3-rocm-compilers-19.0.0-ROCm-6.4.1/lib/librccl.so.1
nid005016:26142:26142 [6] NCCL INFO Kernel version: 6.4.0-150600.23.73_15.0.14-cray_shasta_c
nid005015:85338:85338 [2] NCCL INFO Bootstrap : Using hsn0:10.253.52.158<0>
nid005015:85338:85338 [2] NCCL INFO RCCL version : 2.22.3-Unknown 
HIP version  : 6.4.43483-
ROCm version : 6.4.1.0-9999-unknown
Hostname     : nid005015
Librccl path : /users/joglekar/eessi/versions/2025.06/software/linux/x86_64/amd/zen3/software/RCCL/2.22.3-rocm-compilers-19.0.0-ROCm-6.4.1/lib/librccl.so.1
nid005016:26142:26142 [6] NCCL INFO Disabled GDRCopy equivalent memory allocation on gfx90a due to GPU architecture
nid005015:85344:85344 [4] NCCL INFO Bootstrap : Using hsn0:10.253.52.158<0>
nid005015:85344:85344 [4] NCCL INFO RCCL version : 2.22.3-Unknown 
HIP version  : 6.4.43483-
ROCm version : 6.4.1.0-9999-unknown
Hostname     : nid005015
Librccl path : /users/joglekar/eessi/versions/2025.06/software/linux/x86_64/amd/zen3/software/RCCL/2.22.3-rocm-compilers-19.0.0-ROCm-6.4.1/lib/librccl.so.1
nid005016:26142:26142 [6] NCCL INFO NCCL_SOCKET_IFNAME set to hsn0,hsn1,hsn2,hsn3
nid005015:85343:85343 [5] NCCL INFO Bootstrap : Using hsn0:10.253.52.158<0>
nid005015:85343:85343 [5] NCCL INFO RCCL version : 2.22.3-Unknown 
HIP version  : 6.4.43483-
ROCm version : 6.4.1.0-9999-unknown
Hostname     : nid005015
Librccl path : /users/joglekar/eessi/versions/2025.06/software/linux/x86_64/amd/zen3/software/RCCL/2.22.3-rocm-compilers-19.0.0-ROCm-6.4.1/lib/librccl.so.1
nid005016:26140:26140 [1] NCCL INFO ROCr version 1.1
nid005016:26140:26140 [1] NCCL INFO Dmabuf feature disabled without NCCL_DMABUF_ENABLE=1
nid005015:85342:85342 [7] NCCL INFO Bootstrap : Using hsn0:10.253.52.158<0>
nid005015:85342:85342 [7] NCCL INFO RCCL version : 2.22.3-Unknown 
HIP version  : 6.4.43483-
ROCm version : 6.4.1.0-9999-unknown
Hostname     : nid005015
Librccl path : /users/joglekar/eessi/versions/2025.06/software/linux/x86_64/amd/zen3/software/RCCL/2.22.3-rocm-compilers-19.0.0-ROCm-6.4.1/lib/librccl.so.1
nid005016:26140:26140 [1] NCCL INFO Kernel version: 6.4.0-150600.23.73_15.0.14-cray_shasta_c
nid005016:26140:26140 [1] NCCL INFO Disabled GDRCopy equivalent memory allocation on gfx90a due to GPU architecture
nid005016:26140:26140 [1] NCCL INFO NCCL_SOCKET_IFNAME set to hsn0,hsn1,hsn2,hsn3
nid005016:26139:26139 [0] NCCL INFO Bootstrap : Using hsn0:10.253.38.63<0>
nid005016:26139:26139 [0] NCCL INFO RCCL version : 2.22.3-Unknown 
HIP version  : 6.4.43483-
ROCm version : 6.4.1.0-9999-unknown
Hostname     : nid005016
Librccl path : /users/joglekar/eessi/versions/2025.06/software/linux/x86_64/amd/zen3/software/RCCL/2.22.3-rocm-compilers-19.0.0-ROCm-6.4.1/lib/librccl.so.1
nid005016:26143:26143 [4] NCCL INFO Bootstrap : Using hsn0:10.253.38.63<0>
nid005016:26144:26144 [2] NCCL INFO Bootstrap : Using hsn0:10.253.38.63<0>
nid005016:26144:26144 [2] NCCL INFO RCCL version : 2.22.3-Unknown 
HIP version  : 6.4.43483-
ROCm version : 6.4.1.0-9999-unknown
Hostname     : nid005016
Librccl path : /users/joglekar/eessi/versions/2025.06/software/linux/x86_64/amd/zen3/software/RCCL/2.22.3-rocm-compilers-19.0.0-ROCm-6.4.1/lib/librccl.so.1
nid005016:26145:26145 [5] NCCL INFO Bootstrap : Using hsn0:10.253.38.63<0>
nid005016:26145:26145 [5] NCCL INFO RCCL version : 2.22.3-Unknown 
HIP version  : 6.4.43483-
ROCm version : 6.4.1.0-9999-unknown
Hostname     : nid005016
Librccl path : /users/joglekar/eessi/versions/2025.06/software/linux/x86_64/amd/zen3/software/RCCL/2.22.3-rocm-compilers-19.0.0-ROCm-6.4.1/lib/librccl.so.1
nid005016:26143:26143 [4] NCCL INFO RCCL version : 2.22.3-Unknown 
HIP version  : 6.4.43483-
ROCm version : 6.4.1.0-9999-unknown
Hostname     : nid005016
Librccl path : /users/joglekar/eessi/versions/2025.06/software/linux/x86_64/amd/zen3/software/RCCL/2.22.3-rocm-compilers-19.0.0-ROCm-6.4.1/lib/librccl.so.1
nid005016:26141:26141 [3] NCCL INFO Bootstrap : Using hsn0:10.253.38.63<0>
nid005016:26141:26141 [3] NCCL INFO RCCL version : 2.22.3-Unknown 
HIP version  : 6.4.43483-
ROCm version : 6.4.1.0-9999-unknown
Hostname     : nid005016
Librccl path : /users/joglekar/eessi/versions/2025.06/software/linux/x86_64/amd/zen3/software/RCCL/2.22.3-rocm-compilers-19.0.0-ROCm-6.4.1/lib/librccl.so.1
nid005016:26142:26142 [6] NCCL INFO Bootstrap : Using hsn0:10.253.38.63<0>
nid005016:26142:26142 [6] NCCL INFO RCCL version : 2.22.3-Unknown 
HIP version  : 6.4.43483-
ROCm version : 6.4.1.0-9999-unknown
Hostname     : nid005016
Librccl path : /users/joglekar/eessi/versions/2025.06/software/linux/x86_64/amd/zen3/software/RCCL/2.22.3-rocm-compilers-19.0.0-ROCm-6.4.1/lib/librccl.so.1
nid005016:26146:26146 [7] NCCL INFO Bootstrap : Using hsn0:10.253.38.63<0>
nid005016:26146:26146 [7] NCCL INFO RCCL version : 2.22.3-Unknown 
HIP version  : 6.4.43483-
ROCm version : 6.4.1.0-9999-unknown
Hostname     : nid005016
Librccl path : /users/joglekar/eessi/versions/2025.06/software/linux/x86_64/amd/zen3/software/RCCL/2.22.3-rocm-compilers-19.0.0-ROCm-6.4.1/lib/librccl.so.1
nid005016:26140:26140 [1] NCCL INFO Bootstrap : Using hsn0:10.253.38.63<0>
nid005016:26140:26140 [1] NCCL INFO RCCL version : 2.22.3-Unknown 
HIP version  : 6.4.43483-
ROCm version : 6.4.1.0-9999-unknown
Hostname     : nid005016
Librccl path : /users/joglekar/eessi/versions/2025.06/software/linux/x86_64/amd/zen3/software/RCCL/2.22.3-rocm-compilers-19.0.0-ROCm-6.4.1/lib/librccl.so.1
nid005016:26141:26141 [3] NCCL INFO NET/Plugin: Plugin name set by env to /users/joglekar/eessi/aws-ofi-nccl-scratch/lib/librccl-net.so
nid005016:26141:26141 [3] NCCL INFO NET/Plugin: Failed to find ncclCollNetPlugin_v8 symbol.
nid005016:26141:26141 [3] NCCL INFO NET/Plugin: Failed to find ncclCollNetPlugin symbol (>= v5). ncclCollNetPlugin symbols v4 and lower are not supported.
nid005016:26141:26141 [3] NCCL INFO NET/OFI Initializing aws-ofi-nccl 1.19.2
nid005016:26141:26141 [3] NCCL INFO NET/OFI Using Libfabric version 1.22
nid005016:26141:26141 [3] NCCL INFO NET/OFI Using HIP driver version 60443483 with runtime 60443483
nid005016:26146:26146 [7] NCCL INFO NET/Plugin: Plugin name set by env to /users/joglekar/eessi/aws-ofi-nccl-scratch/lib/librccl-net.so
nid005016:26146:26146 [7] NCCL INFO NET/Plugin: Failed to find ncclCollNetPlugin_v8 symbol.
nid005016:26146:26146 [7] NCCL INFO NET/Plugin: Failed to find ncclCollNetPlugin symbol (>= v5). ncclCollNetPlugin symbols v4 and lower are not supported.
nid005016:26146:26146 [7] NCCL INFO NET/OFI Initializing aws-ofi-nccl 1.19.2
nid005016:26146:26146 [7] NCCL INFO NET/OFI Using Libfabric version 1.22
nid005016:26146:26146 [7] NCCL INFO NET/OFI Using HIP driver version 60443483 with runtime 60443483
nid005015:85339:85339 [1] NCCL INFO NET/Plugin: Plugin name set by env to /users/joglekar/eessi/aws-ofi-nccl-scratch/lib/librccl-net.so
nid005015:85339:85339 [1] NCCL INFO NET/Plugin: Failed to find ncclCollNetPlugin_v8 symbol.
nid005015:85339:85339 [1] NCCL INFO NET/Plugin: Failed to find ncclCollNetPlugin symbol (>= v5). ncclCollNetPlugin symbols v4 and lower are not supported.
nid005015:85339:85339 [1] NCCL INFO NET/OFI Initializing aws-ofi-nccl 1.19.2
nid005015:85339:85339 [1] NCCL INFO NET/OFI Using Libfabric version 1.22
nid005015:85339:85339 [1] NCCL INFO NET/OFI Using HIP driver version 60443483 with runtime 60443483
nid005016:26144:26144 [2] NCCL INFO NET/Plugin: Plugin name set by env to /users/joglekar/eessi/aws-ofi-nccl-scratch/lib/librccl-net.so
nid005016:26144:26144 [2] NCCL INFO NET/Plugin: Failed to find ncclCollNetPlugin_v8 symbol.
nid005016:26144:26144 [2] NCCL INFO NET/Plugin: Failed to find ncclCollNetPlugin symbol (>= v5). ncclCollNetPlugin symbols v4 and lower are not supported.
nid005016:26143:26143 [4] NCCL INFO NET/Plugin: Plugin name set by env to /users/joglekar/eessi/aws-ofi-nccl-scratch/lib/librccl-net.so
nid005016:26143:26143 [4] NCCL INFO NET/Plugin: Failed to find ncclCollNetPlugin_v8 symbol.
nid005016:26143:26143 [4] NCCL INFO NET/Plugin: Failed to find ncclCollNetPlugin symbol (>= v5). ncclCollNetPlugin symbols v4 and lower are not supported.
nid005016:26143:26143 [4] NCCL INFO NET/OFI Initializing aws-ofi-nccl 1.19.2
nid005016:26143:26143 [4] NCCL INFO NET/OFI Using Libfabric version 1.22
nid005016:26143:26143 [4] NCCL INFO NET/OFI Using HIP driver version 60443483 with runtime 60443483
nid005016:26144:26144 [2] NCCL INFO NET/OFI Initializing aws-ofi-nccl 1.19.2
nid005016:26144:26144 [2] NCCL INFO NET/OFI Using Libfabric version 1.22
nid005016:26144:26144 [2] NCCL INFO NET/OFI Using HIP driver version 60443483 with runtime 60443483
nid005015:85341:85341 [6] NCCL INFO NET/Plugin: Plugin name set by env to /users/joglekar/eessi/aws-ofi-nccl-scratch/lib/librccl-net.so
nid005015:85341:85341 [6] NCCL INFO NET/Plugin: Failed to find ncclCollNetPlugin_v8 symbol.
nid005015:85341:85341 [6] NCCL INFO NET/Plugin: Failed to find ncclCollNetPlugin symbol (>= v5). ncclCollNetPlugin symbols v4 and lower are not supported.
nid005015:85341:85341 [6] NCCL INFO NET/OFI Initializing aws-ofi-nccl 1.19.2
nid005015:85341:85341 [6] NCCL INFO NET/OFI Using Libfabric version 1.22
nid005015:85341:85341 [6] NCCL INFO NET/OFI Using HIP driver version 60443483 with runtime 60443483
nid005016:26145:26145 [5] NCCL INFO NET/Plugin: Plugin name set by env to /users/joglekar/eessi/aws-ofi-nccl-scratch/lib/librccl-net.so
nid005016:26145:26145 [5] NCCL INFO NET/Plugin: Failed to find ncclCollNetPlugin_v8 symbol.
nid005016:26145:26145 [5] NCCL INFO NET/Plugin: Failed to find ncclCollNetPlugin symbol (>= v5). ncclCollNetPlugin symbols v4 and lower are not supported.
nid005016:26145:26145 [5] NCCL INFO NET/OFI Initializing aws-ofi-nccl 1.19.2
nid005016:26145:26145 [5] NCCL INFO NET/OFI Using Libfabric version 1.22
nid005016:26145:26145 [5] NCCL INFO NET/OFI Using HIP driver version 60443483 with runtime 60443483
nid005015:85337:85337 [0] NCCL INFO NET/Plugin: Plugin name set by env to /users/joglekar/eessi/aws-ofi-nccl-scratch/lib/librccl-net.so
nid005015:85337:85337 [0] NCCL INFO NET/Plugin: Failed to find ncclCollNetPlugin_v8 symbol.
nid005015:85337:85337 [0] NCCL INFO NET/Plugin: Failed to find ncclCollNetPlugin symbol (>= v5). ncclCollNetPlugin symbols v4 and lower are not supported.
nid005015:85337:85337 [0] NCCL INFO NET/OFI Initializing aws-ofi-nccl 1.19.2
nid005015:85337:85337 [0] NCCL INFO NET/OFI Using Libfabric version 1.22
nid005015:85337:85337 [0] NCCL INFO NET/OFI Using HIP driver version 60443483 with runtime 60443483
nid005015:85343:85343 [5] NCCL INFO NET/Plugin: Plugin name set by env to /users/joglekar/eessi/aws-ofi-nccl-scratch/lib/librccl-net.so
nid005015:85343:85343 [5] NCCL INFO NET/Plugin: Failed to find ncclCollNetPlugin_v8 symbol.
nid005015:85343:85343 [5] NCCL INFO NET/Plugin: Failed to find ncclCollNetPlugin symbol (>= v5). ncclCollNetPlugin symbols v4 and lower are not supported.
nid005015:85343:85343 [5] NCCL INFO NET/OFI Initializing aws-ofi-nccl 1.19.2
nid005015:85343:85343 [5] NCCL INFO NET/OFI Using Libfabric version 1.22
nid005015:85343:85343 [5] NCCL INFO NET/OFI Using HIP driver version 60443483 with runtime 60443483
nid005016:26142:26142 [6] NCCL INFO NET/Plugin: Plugin name set by env to /users/joglekar/eessi/aws-ofi-nccl-scratch/lib/librccl-net.so
nid005016:26142:26142 [6] NCCL INFO NET/Plugin: Failed to find ncclCollNetPlugin_v8 symbol.
nid005016:26142:26142 [6] NCCL INFO NET/Plugin: Failed to find ncclCollNetPlugin symbol (>= v5). ncclCollNetPlugin symbols v4 and lower are not supported.
nid005016:26142:26142 [6] NCCL INFO NET/OFI Initializing aws-ofi-nccl 1.19.2
nid005016:26142:26142 [6] NCCL INFO NET/OFI Using Libfabric version 1.22
nid005016:26142:26142 [6] NCCL INFO NET/OFI Using HIP driver version 60443483 with runtime 60443483
nid005016:26140:26140 [1] NCCL INFO NET/Plugin: Plugin name set by env to /users/joglekar/eessi/aws-ofi-nccl-scratch/lib/librccl-net.so
nid005016:26140:26140 [1] NCCL INFO NET/Plugin: Failed to find ncclCollNetPlugin_v8 symbol.
nid005016:26140:26140 [1] NCCL INFO NET/Plugin: Failed to find ncclCollNetPlugin symbol (>= v5). ncclCollNetPlugin symbols v4 and lower are not supported.
nid005016:26140:26140 [1] NCCL INFO NET/OFI Initializing aws-ofi-nccl 1.19.2
nid005016:26140:26140 [1] NCCL INFO NET/OFI Using Libfabric version 1.22
nid005016:26140:26140 [1] NCCL INFO NET/OFI Using HIP driver version 60443483 with runtime 60443483
nid005015:85344:85344 [4] NCCL INFO NET/Plugin: Plugin name set by env to /users/joglekar/eessi/aws-ofi-nccl-scratch/lib/librccl-net.so
nid005015:85344:85344 [4] NCCL INFO NET/Plugin: Failed to find ncclCollNetPlugin_v8 symbol.
nid005015:85344:85344 [4] NCCL INFO NET/Plugin: Failed to find ncclCollNetPlugin symbol (>= v5). ncclCollNetPlugin symbols v4 and lower are not supported.
nid005015:85340:85340 [3] NCCL INFO NET/Plugin: Plugin name set by env to /users/joglekar/eessi/aws-ofi-nccl-scratch/lib/librccl-net.so
nid005015:85340:85340 [3] NCCL INFO NET/Plugin: Failed to find ncclCollNetPlugin_v8 symbol.
nid005015:85340:85340 [3] NCCL INFO NET/Plugin: Failed to find ncclCollNetPlugin symbol (>= v5). ncclCollNetPlugin symbols v4 and lower are not supported.
nid005015:85340:85340 [3] NCCL INFO NET/OFI Initializing aws-ofi-nccl 1.19.2
nid005015:85340:85340 [3] NCCL INFO NET/OFI Using Libfabric version 1.22
nid005015:85340:85340 [3] NCCL INFO NET/OFI Using HIP driver version 60443483 with runtime 60443483
nid005015:85344:85344 [4] NCCL INFO NET/OFI Initializing aws-ofi-nccl 1.19.2
nid005015:85344:85344 [4] NCCL INFO NET/OFI Using Libfabric version 1.22
nid005015:85344:85344 [4] NCCL INFO NET/OFI Using HIP driver version 60443483 with runtime 60443483
nid005015:85338:85338 [2] NCCL INFO NET/Plugin: Plugin name set by env to /users/joglekar/eessi/aws-ofi-nccl-scratch/lib/librccl-net.so
nid005015:85338:85338 [2] NCCL INFO NET/Plugin: Failed to find ncclCollNetPlugin_v8 symbol.
nid005015:85338:85338 [2] NCCL INFO NET/Plugin: Failed to find ncclCollNetPlugin symbol (>= v5). ncclCollNetPlugin symbols v4 and lower are not supported.
nid005016:26139:26139 [0] NCCL INFO NET/Plugin: Plugin name set by env to /users/joglekar/eessi/aws-ofi-nccl-scratch/lib/librccl-net.so
nid005016:26139:26139 [0] NCCL INFO NET/Plugin: Failed to find ncclCollNetPlugin_v8 symbol.
nid005016:26139:26139 [0] NCCL INFO NET/Plugin: Failed to find ncclCollNetPlugin symbol (>= v5). ncclCollNetPlugin symbols v4 and lower are not supported.
nid005016:26139:26139 [0] NCCL INFO NET/OFI Initializing aws-ofi-nccl 1.19.2
nid005016:26139:26139 [0] NCCL INFO NET/OFI Using Libfabric version 1.22
nid005015:85338:85338 [2] NCCL INFO NET/OFI Initializing aws-ofi-nccl 1.19.2
nid005015:85338:85338 [2] NCCL INFO NET/OFI Using Libfabric version 1.22
nid005015:85338:85338 [2] NCCL INFO NET/OFI Using HIP driver version 60443483 with runtime 60443483
nid005016:26139:26139 [0] NCCL INFO NET/OFI Using HIP driver version 60443483 with runtime 60443483
nid005015:85342:85342 [7] NCCL INFO NET/Plugin: Plugin name set by env to /users/joglekar/eessi/aws-ofi-nccl-scratch/lib/librccl-net.so
nid005015:85342:85342 [7] NCCL INFO NET/Plugin: Failed to find ncclCollNetPlugin_v8 symbol.
nid005015:85342:85342 [7] NCCL INFO NET/Plugin: Failed to find ncclCollNetPlugin symbol (>= v5). ncclCollNetPlugin symbols v4 and lower are not supported.
nid005015:85342:85342 [7] NCCL INFO NET/OFI Initializing aws-ofi-nccl 1.19.2
nid005015:85342:85342 [7] NCCL INFO NET/OFI Using Libfabric version 1.22
nid005015:85342:85342 [7] NCCL INFO NET/OFI Using HIP driver version 60443483 with runtime 60443483
nid005015:85339:85339 [1] NCCL INFO NET/OFI Plugin selected platform: Default
nid005015:85339:85339 [1] NCCL INFO NET/OFI No eligible providers were found
nid005015:85339:85339 [1] NCCL INFO NET/OFI Selected provider is cxi, fabric is cxi (found 4 nics)
nid005015:85339:85339 [1] NCCL INFO NET/OFI Using transport protocol SENDRECV
nid005016:26141:26141 [3] NCCL INFO NET/OFI Plugin selected platform: Default
nid005016:26141:26141 [3] NCCL INFO NET/OFI No eligible providers were found
nid005016:26141:26141 [3] NCCL INFO NET/OFI Selected provider is cxi, fabric is cxi (found 4 nics)
nid005016:26141:26141 [3] NCCL INFO NET/OFI Using transport protocol SENDRECV
nid005015:85339:85339 [1] NCCL INFO NET/OFI Support for global registrations: false
nid005015:85339:85339 [1] NCCL INFO NET/OFI Support for DMA-BUF registrations: true
nid005015:85339:85339 [1] NCCL INFO NET/OFI MR cache 0 hits 0 misses
nid005015:85339:85339 [1] NCCL INFO Using network Libfabric
nid005016:26141:26141 [3] NCCL INFO NET/OFI Support for global registrations: false
nid005016:26141:26141 [3] NCCL INFO NET/OFI Support for DMA-BUF registrations: true
nid005015:85339:85339 [1] NCCL INFO [node_id = 10; gpu_id = 62036; unique_id = 2034334848879113280; location_id = 55552; bdf = 55552; domain = 0; partition = 0], 
nid005015:85339:85339 [1] NCCL INFO [node_id = 5; gpu_id = 51740; unique_id = 2870486237821974655; location_id = 50688; bdf = 50688; domain = 0; partition = 0], 
nid005015:85339:85339 [1] NCCL INFO [node_id = 8; gpu_id = 13395; unique_id = 5935451103719961262; location_id = 53504; bdf = 53504; domain = 0; partition = 0], 
nid005015:85339:85339 [1] NCCL INFO [node_id = 7; gpu_id = 3099; unique_id = 6416191365698414785; location_id = 52736; bdf = 52736; domain = 0; partition = 0], 
nid005015:85339:85339 [1] NCCL INFO [node_id = 11; gpu_id = 49174; unique_id = 12443904590446292887; location_id = 56832; bdf = 56832; domain = 0; partition = 0], 
nid005015:85339:85339 [1] NCCL INFO [node_id = 6; gpu_id = 15961; unique_id = 12929392431122790753; location_id = 51456; bdf = 51456; domain = 0; partition = 0], 
nid005015:85339:85339 [1] NCCL INFO [node_id = 4; gpu_id = 63582; unique_id = 16161265552681838544; location_id = 49408; bdf = 49408; domain = 0; partition = 0], 
nid005015:85339:85339 [1] NCCL INFO [node_id = 9; gpu_id = 1553; unique_id = 17591303600537279649; location_id = 54784; bdf = 54784; domain = 0; partition = 0], 
nid005016:26141:26141 [3] NCCL INFO NET/OFI MR cache 0 hits 0 misses
nid005016:26141:26141 [3] NCCL INFO Using network Libfabric
nid005016:26141:26141 [3] NCCL INFO [node_id = 8; gpu_id = 13395; unique_id = 8941100799198426; location_id = 53504; bdf = 53504; domain = 0; partition = 0], 
nid005016:26141:26141 [3] NCCL INFO [node_id = 11; gpu_id = 49174; unique_id = 9641048607279681479; location_id = 56832; bdf = 56832; domain = 0; partition = 0], 
nid005016:26141:26141 [3] NCCL INFO [node_id = 5; gpu_id = 51740; unique_id = 9918753207434673262; location_id = 50688; bdf = 50688; domain = 0; partition = 0], 
nid005016:26141:26141 [3] NCCL INFO [node_id = 6; gpu_id = 15961; unique_id = 11710903913926154369; location_id = 51456; bdf = 51456; domain = 0; partition = 0], 
nid005016:26141:26141 [3] NCCL INFO [node_id = 10; gpu_id = 62036; unique_id = 14511207702583018242; location_id = 55552; bdf = 55552; domain = 0; partition = 0], 
nid005016:26141:26141 [3] NCCL INFO [node_id = 7; gpu_id = 3099; unique_id = 16278015608192545490; location_id = 52736; bdf = 52736; domain = 0; partition = 0], 
nid005016:26141:26141 [3] NCCL INFO [node_id = 4; gpu_id = 63582; unique_id = 17847167417756031783; location_id = 49408; bdf = 49408; domain = 0; partition = 0], 
nid005016:26141:26141 [3] NCCL INFO [node_id = 9; gpu_id = 1553; unique_id = 18210502340169372044; location_id = 54784; bdf = 54784; domain = 0; partition = 0], 
nid005015:85339:85339 [1] NCCL INFO initialized internal alternative rsmi functionality
nid005016:26141:26141 [3] NCCL INFO initialized internal alternative rsmi functionality
nid005015:85340:85340 [3] NCCL INFO NET/OFI Plugin selected platform: Default
nid005015:85340:85340 [3] NCCL INFO NET/OFI No eligible providers were found
nid005015:85340:85340 [3] NCCL INFO NET/OFI Selected provider is cxi, fabric is cxi (found 4 nics)
nid005015:85340:85340 [3] NCCL INFO NET/OFI Using transport protocol SENDRECV
nid005015:85341:85341 [6] NCCL INFO NET/OFI Plugin selected platform: Default
nid005015:85341:85341 [6] NCCL INFO NET/OFI No eligible providers were found
nid005015:85341:85341 [6] NCCL INFO NET/OFI Selected provider is cxi, fabric is cxi (found 4 nics)
nid005015:85341:85341 [6] NCCL INFO NET/OFI Using transport protocol SENDRECV
nid005015:85340:85340 [3] NCCL INFO NET/OFI Support for global registrations: false
nid005015:85340:85340 [3] NCCL INFO NET/OFI Support for DMA-BUF registrations: true
nid005015:85340:85340 [3] NCCL INFO NET/OFI MR cache 0 hits 0 misses
nid005015:85340:85340 [3] NCCL INFO Using network Libfabric
nid005015:85340:85340 [3] NCCL INFO [node_id = 10; gpu_id = 62036; unique_id = 2034334848879113280; location_id = 55552; bdf = 55552; domain = 0; partition = 0], 
nid005015:85340:85340 [3] NCCL INFO [node_id = 5; gpu_id = 51740; unique_id = 2870486237821974655; location_id = 50688; bdf = 50688; domain = 0; partition = 0], 
nid005015:85340:85340 [3] NCCL INFO [node_id = 8; gpu_id = 13395; unique_id = 5935451103719961262; location_id = 53504; bdf = 53504; domain = 0; partition = 0], 
nid005015:85340:85340 [3] NCCL INFO [node_id = 7; gpu_id = 3099; unique_id = 6416191365698414785; location_id = 52736; bdf = 52736; domain = 0; partition = 0], 
nid005015:85340:85340 [3] NCCL INFO [node_id = 11; gpu_id = 49174; unique_id = 12443904590446292887; location_id = 56832; bdf = 56832; domain = 0; partition = 0], 
nid005015:85340:85340 [3] NCCL INFO [node_id = 6; gpu_id = 15961; unique_id = 12929392431122790753; location_id = 51456; bdf = 51456; domain = 0; partition = 0], 
nid005015:85340:85340 [3] NCCL INFO [node_id = 4; gpu_id = 63582; unique_id = 16161265552681838544; location_id = 49408; bdf = 49408; domain = 0; partition = 0], 
nid005015:85340:85340 [3] NCCL INFO [node_id = 9; gpu_id = 1553; unique_id = 17591303600537279649; location_id = 54784; bdf = 54784; domain = 0; partition = 0], 
nid005015:85341:85341 [6] NCCL INFO NET/OFI Support for global registrations: false
nid005015:85341:85341 [6] NCCL INFO NET/OFI Support for DMA-BUF registrations: true
nid005015:85340:85340 [3] NCCL INFO initialized internal alternative rsmi functionality
nid005015:85337:85337 [0] NCCL INFO NET/OFI Plugin selected platform: Default
nid005015:85337:85337 [0] NCCL INFO NET/OFI No eligible providers were found
nid005015:85341:85341 [6] NCCL INFO NET/OFI MR cache 0 hits 0 misses
nid005015:85343:85343 [5] NCCL INFO NET/OFI Plugin selected platform: Default
nid005015:85343:85343 [5] NCCL INFO NET/OFI No eligible providers were found
nid005015:85341:85341 [6] NCCL INFO Using network Libfabric
nid005015:85344:85344 [4] NCCL INFO NET/OFI Plugin selected platform: Default
nid005015:85344:85344 [4] NCCL INFO NET/OFI No eligible providers were found
nid005015:85338:85338 [2] NCCL INFO NET/OFI Plugin selected platform: Default
nid005015:85338:85338 [2] NCCL INFO NET/OFI No eligible providers were found
nid005015:85337:85337 [0] NCCL INFO NET/OFI Selected provider is cxi, fabric is cxi (found 4 nics)
nid005015:85337:85337 [0] NCCL INFO NET/OFI Using transport protocol SENDRECV
nid005015:85343:85343 [5] NCCL INFO NET/OFI Selected provider is cxi, fabric is cxi (found 4 nics)
nid005015:85343:85343 [5] NCCL INFO NET/OFI Using transport protocol SENDRECV
nid005015:85341:85341 [6] NCCL INFO [node_id = 10; gpu_id = 62036; unique_id = 2034334848879113280; location_id = 55552; bdf = 55552; domain = 0; partition = 0], 
nid005015:85341:85341 [6] NCCL INFO [node_id = 5; gpu_id = 51740; unique_id = 2870486237821974655; location_id = 50688; bdf = 50688; domain = 0; partition = 0], 
nid005015:85341:85341 [6] NCCL INFO [node_id = 8; gpu_id = 13395; unique_id = 5935451103719961262; location_id = 53504; bdf = 53504; domain = 0; partition = 0], 
nid005015:85341:85341 [6] NCCL INFO [node_id = 7; gpu_id = 3099; unique_id = 6416191365698414785; location_id = 52736; bdf = 52736; domain = 0; partition = 0], 
nid005015:85341:85341 [6] NCCL INFO [node_id = 11; gpu_id = 49174; unique_id = 12443904590446292887; location_id = 56832; bdf = 56832; domain = 0; partition = 0], 
nid005015:85341:85341 [6] NCCL INFO [node_id = 6; gpu_id = 15961; unique_id = 12929392431122790753; location_id = 51456; bdf = 51456; domain = 0; partition = 0], 
nid005015:85341:85341 [6] NCCL INFO [node_id = 4; gpu_id = 63582; unique_id = 16161265552681838544; location_id = 49408; bdf = 49408; domain = 0; partition = 0], 
nid005015:85341:85341 [6] NCCL INFO [node_id = 9; gpu_id = 1553; unique_id = 17591303600537279649; location_id = 54784; bdf = 54784; domain = 0; partition = 0], 
nid005015:85344:85344 [4] NCCL INFO NET/OFI Selected provider is cxi, fabric is cxi (found 4 nics)
nid005015:85344:85344 [4] NCCL INFO NET/OFI Using transport protocol SENDRECV
nid005015:85338:85338 [2] NCCL INFO NET/OFI Selected provider is cxi, fabric is cxi (found 4 nics)
nid005015:85338:85338 [2] NCCL INFO NET/OFI Using transport protocol SENDRECV
nid005015:85342:85342 [7] NCCL INFO NET/OFI Plugin selected platform: Default
nid005015:85342:85342 [7] NCCL INFO NET/OFI No eligible providers were found
nid005015:85341:85341 [6] NCCL INFO initialized internal alternative rsmi functionality
nid005015:85342:85342 [7] NCCL INFO NET/OFI Selected provider is cxi, fabric is cxi (found 4 nics)
nid005015:85342:85342 [7] NCCL INFO NET/OFI Using transport protocol SENDRECV
nid005015:85343:85343 [5] NCCL INFO NET/OFI Support for global registrations: false
nid005015:85343:85343 [5] NCCL INFO NET/OFI Support for DMA-BUF registrations: true
nid005015:85337:85337 [0] NCCL INFO NET/OFI Support for global registrations: false
nid005015:85337:85337 [0] NCCL INFO NET/OFI Support for DMA-BUF registrations: true
nid005015:85338:85338 [2] NCCL INFO NET/OFI Support for global registrations: false
nid005015:85338:85338 [2] NCCL INFO NET/OFI Support for DMA-BUF registrations: true
nid005015:85344:85344 [4] NCCL INFO NET/OFI Support for global registrations: false
nid005015:85344:85344 [4] NCCL INFO NET/OFI Support for DMA-BUF registrations: true
nid005015:85343:85343 [5] NCCL INFO NET/OFI MR cache 0 hits 0 misses
nid005015:85337:85337 [0] NCCL INFO NET/OFI MR cache 0 hits 0 misses
nid005015:85343:85343 [5] NCCL INFO Using network Libfabric
nid005015:85337:85337 [0] NCCL INFO Using network Libfabric
nid005015:85338:85338 [2] NCCL INFO NET/OFI MR cache 0 hits 0 misses
nid005015:85338:85338 [2] NCCL INFO Using network Libfabric
nid005015:85344:85344 [4] NCCL INFO NET/OFI MR cache 0 hits 0 misses
nid005015:85344:85344 [4] NCCL INFO Using network Libfabric
nid005015:85337:85337 [0] NCCL INFO [node_id = 10; gpu_id = 62036; unique_id = 2034334848879113280; location_id = 55552; bdf = 55552; domain = 0; partition = 0], 
nid005015:85337:85337 [0] NCCL INFO [node_id = 5; gpu_id = 51740; unique_id = 2870486237821974655; location_id = 50688; bdf = 50688; domain = 0; partition = 0], 
nid005015:85337:85337 [0] NCCL INFO [node_id = 8; gpu_id = 13395; unique_id = 5935451103719961262; location_id = 53504; bdf = 53504; domain = 0; partition = 0], 
nid005015:85337:85337 [0] NCCL INFO [node_id = 7; gpu_id = 3099; unique_id = 6416191365698414785; location_id = 52736; bdf = 52736; domain = 0; partition = 0], 
nid005015:85337:85337 [0] NCCL INFO [node_id = 11; gpu_id = 49174; unique_id = 12443904590446292887; location_id = 56832; bdf = 56832; domain = 0; partition = 0], 
nid005015:85337:85337 [0] NCCL INFO [node_id = 6; gpu_id = 15961; unique_id = 12929392431122790753; location_id = 51456; bdf = 51456; domain = 0; partition = 0], 
nid005015:85337:85337 [0] NCCL INFO [node_id = 4; gpu_id = 63582; unique_id = 16161265552681838544; location_id = 49408; bdf = 49408; domain = 0; partition = 0], 
nid005015:85337:85337 [0] NCCL INFO [node_id = 9; gpu_id = 1553; unique_id = 17591303600537279649; location_id = 54784; bdf = 54784; domain = 0; partition = 0], 
nid005015:85343:85343 [5] NCCL INFO [node_id = 10; gpu_id = 62036; unique_id = 2034334848879113280; location_id = 55552; bdf = 55552; domain = 0; partition = 0], 
nid005015:85343:85343 [5] NCCL INFO [node_id = 5; gpu_id = 51740; unique_id = 2870486237821974655; location_id = 50688; bdf = 50688; domain = 0; partition = 0], 
nid005015:85343:85343 [5] NCCL INFO [node_id = 8; gpu_id = 13395; unique_id = 5935451103719961262; location_id = 53504; bdf = 53504; domain = 0; partition = 0], 
nid005015:85343:85343 [5] NCCL INFO [node_id = 7; gpu_id = 3099; unique_id = 6416191365698414785; location_id = 52736; bdf = 52736; domain = 0; partition = 0], 
nid005015:85343:85343 [5] NCCL INFO [node_id = 11; gpu_id = 49174; unique_id = 12443904590446292887; location_id = 56832; bdf = 56832; domain = 0; partition = 0], 
nid005015:85343:85343 [5] NCCL INFO [node_id = 6; gpu_id = 15961; unique_id = 12929392431122790753; location_id = 51456; bdf = 51456; domain = 0; partition = 0], 
nid005015:85343:85343 [5] NCCL INFO [node_id = 4; gpu_id = 63582; unique_id = 16161265552681838544; location_id = 49408; bdf = 49408; domain = 0; partition = 0], 
nid005015:85343:85343 [5] NCCL INFO [node_id = 9; gpu_id = 1553; unique_id = 17591303600537279649; location_id = 54784; bdf = 54784; domain = 0; partition = 0], 
nid005015:85338:85338 [2] NCCL INFO [node_id = 10; gpu_id = 62036; unique_id = 2034334848879113280; location_id = 55552; bdf = 55552; domain = 0; partition = 0], 
nid005015:85338:85338 [2] NCCL INFO [node_id = 5; gpu_id = 51740; unique_id = 2870486237821974655; location_id = 50688; bdf = 50688; domain = 0; partition = 0], 
nid005015:85338:85338 [2] NCCL INFO [node_id = 8; gpu_id = 13395; unique_id = 5935451103719961262; location_id = 53504; bdf = 53504; domain = 0; partition = 0], 
nid005015:85338:85338 [2] NCCL INFO [node_id = 7; gpu_id = 3099; unique_id = 6416191365698414785; location_id = 52736; bdf = 52736; domain = 0; partition = 0], 
nid005015:85338:85338 [2] NCCL INFO [node_id = 11; gpu_id = 49174; unique_id = 12443904590446292887; location_id = 56832; bdf = 56832; domain = 0; partition = 0], 
nid005015:85338:85338 [2] NCCL INFO [node_id = 6; gpu_id = 15961; unique_id = 12929392431122790753; location_id = 51456; bdf = 51456; domain = 0; partition = 0], 
nid005015:85338:85338 [2] NCCL INFO [node_id = 4; gpu_id = 63582; unique_id = 16161265552681838544; location_id = 49408; bdf = 49408; domain = 0; partition = 0], 
nid005015:85338:85338 [2] NCCL INFO [node_id = 9; gpu_id = 1553; unique_id = 17591303600537279649; location_id = 54784; bdf = 54784; domain = 0; partition = 0], 
nid005015:85344:85344 [4] NCCL INFO [node_id = 10; gpu_id = 62036; unique_id = 2034334848879113280; location_id = 55552; bdf = 55552; domain = 0; partition = 0], 
nid005015:85344:85344 [4] NCCL INFO [node_id = 5; gpu_id = 51740; unique_id = 2870486237821974655; location_id = 50688; bdf = 50688; domain = 0; partition = 0], 
nid005015:85344:85344 [4] NCCL INFO [node_id = 8; gpu_id = 13395; unique_id = 5935451103719961262; location_id = 53504; bdf = 53504; domain = 0; partition = 0], 
nid005015:85344:85344 [4] NCCL INFO [node_id = 7; gpu_id = 3099; unique_id = 6416191365698414785; location_id = 52736; bdf = 52736; domain = 0; partition = 0], 
nid005015:85344:85344 [4] NCCL INFO [node_id = 11; gpu_id = 49174; unique_id = 12443904590446292887; location_id = 56832; bdf = 56832; domain = 0; partition = 0], 
nid005015:85344:85344 [4] NCCL INFO [node_id = 6; gpu_id = 15961; unique_id = 12929392431122790753; location_id = 51456; bdf = 51456; domain = 0; partition = 0], 
nid005015:85344:85344 [4] NCCL INFO [node_id = 4; gpu_id = 63582; unique_id = 16161265552681838544; location_id = 49408; bdf = 49408; domain = 0; partition = 0], 
nid005015:85344:85344 [4] NCCL INFO [node_id = 9; gpu_id = 1553; unique_id = 17591303600537279649; location_id = 54784; bdf = 54784; domain = 0; partition = 0], 
nid005015:85342:85342 [7] NCCL INFO NET/OFI Support for global registrations: false
nid005015:85342:85342 [7] NCCL INFO NET/OFI Support for DMA-BUF registrations: true
nid005015:85342:85342 [7] NCCL INFO NET/OFI MR cache 0 hits 0 misses
nid005015:85342:85342 [7] NCCL INFO Using network Libfabric
nid005015:85337:85337 [0] NCCL INFO initialized internal alternative rsmi functionality
nid005015:85343:85343 [5] NCCL INFO initialized internal alternative rsmi functionality
nid005015:85338:85338 [2] NCCL INFO initialized internal alternative rsmi functionality
nid005015:85344:85344 [4] NCCL INFO initialized internal alternative rsmi functionality
nid005015:85342:85342 [7] NCCL INFO [node_id = 10; gpu_id = 62036; unique_id = 2034334848879113280; location_id = 55552; bdf = 55552; domain = 0; partition = 0], 
nid005015:85342:85342 [7] NCCL INFO [node_id = 5; gpu_id = 51740; unique_id = 2870486237821974655; location_id = 50688; bdf = 50688; domain = 0; partition = 0], 
nid005015:85342:85342 [7] NCCL INFO [node_id = 8; gpu_id = 13395; unique_id = 5935451103719961262; location_id = 53504; bdf = 53504; domain = 0; partition = 0], 
nid005015:85342:85342 [7] NCCL INFO [node_id = 7; gpu_id = 3099; unique_id = 6416191365698414785; location_id = 52736; bdf = 52736; domain = 0; partition = 0], 
nid005015:85342:85342 [7] NCCL INFO [node_id = 11; gpu_id = 49174; unique_id = 12443904590446292887; location_id = 56832; bdf = 56832; domain = 0; partition = 0], 
nid005015:85342:85342 [7] NCCL INFO [node_id = 6; gpu_id = 15961; unique_id = 12929392431122790753; location_id = 51456; bdf = 51456; domain = 0; partition = 0], 
nid005015:85342:85342 [7] NCCL INFO [node_id = 4; gpu_id = 63582; unique_id = 16161265552681838544; location_id = 49408; bdf = 49408; domain = 0; partition = 0], 
nid005015:85342:85342 [7] NCCL INFO [node_id = 9; gpu_id = 1553; unique_id = 17591303600537279649; location_id = 54784; bdf = 54784; domain = 0; partition = 0], 
nid005015:85342:85342 [7] NCCL INFO initialized internal alternative rsmi functionality
nid005016:26142:26142 [6] NCCL INFO NET/OFI Plugin selected platform: Default
nid005016:26142:26142 [6] NCCL INFO NET/OFI No eligible providers were found
nid005016:26146:26146 [7] NCCL INFO NET/OFI Plugin selected platform: Default
nid005016:26146:26146 [7] NCCL INFO NET/OFI No eligible providers were found
nid005016:26142:26142 [6] NCCL INFO NET/OFI Selected provider is cxi, fabric is cxi (found 4 nics)
nid005016:26142:26142 [6] NCCL INFO NET/OFI Using transport protocol SENDRECV
nid005016:26146:26146 [7] NCCL INFO NET/OFI Selected provider is cxi, fabric is cxi (found 4 nics)
nid005016:26146:26146 [7] NCCL INFO NET/OFI Using transport protocol SENDRECV
nid005016:26143:26143 [4] NCCL INFO NET/OFI Plugin selected platform: Default
nid005016:26143:26143 [4] NCCL INFO NET/OFI No eligible providers were found
nid005016:26143:26143 [4] NCCL INFO NET/OFI Selected provider is cxi, fabric is cxi (found 4 nics)
nid005016:26143:26143 [4] NCCL INFO NET/OFI Using transport protocol SENDRECV
nid005016:26142:26142 [6] NCCL INFO NET/OFI Support for global registrations: false
nid005016:26142:26142 [6] NCCL INFO NET/OFI Support for DMA-BUF registrations: true
nid005016:26146:26146 [7] NCCL INFO NET/OFI Support for global registrations: false
nid005016:26146:26146 [7] NCCL INFO NET/OFI Support for DMA-BUF registrations: true
nid005016:26144:26144 [2] NCCL INFO NET/OFI Plugin selected platform: Default
nid005016:26144:26144 [2] NCCL INFO NET/OFI No eligible providers were found
nid005016:26142:26142 [6] NCCL INFO NET/OFI MR cache 0 hits 0 misses
nid005016:26146:26146 [7] NCCL INFO NET/OFI MR cache 0 hits 0 misses
nid005016:26142:26142 [6] NCCL INFO Using network Libfabric
nid005016:26146:26146 [7] NCCL INFO Using network Libfabric
nid005016:26144:26144 [2] NCCL INFO NET/OFI Selected provider is cxi, fabric is cxi (found 4 nics)
nid005016:26144:26144 [2] NCCL INFO NET/OFI Using transport protocol SENDRECV
nid005016:26143:26143 [4] NCCL INFO NET/OFI Support for global registrations: false
nid005016:26143:26143 [4] NCCL INFO NET/OFI Support for DMA-BUF registrations: true
nid005016:26142:26142 [6] NCCL INFO [node_id = 8; gpu_id = 13395; unique_id = 8941100799198426; location_id = 53504; bdf = 53504; domain = 0; partition = 0], 
nid005016:26142:26142 [6] NCCL INFO [node_id = 11; gpu_id = 49174; unique_id = 9641048607279681479; location_id = 56832; bdf = 56832; domain = 0; partition = 0], 
nid005016:26142:26142 [6] NCCL INFO [node_id = 5; gpu_id = 51740; unique_id = 9918753207434673262; location_id = 50688; bdf = 50688; domain = 0; partition = 0], 
nid005016:26142:26142 [6] NCCL INFO [node_id = 6; gpu_id = 15961; unique_id = 11710903913926154369; location_id = 51456; bdf = 51456; domain = 0; partition = 0], 
nid005016:26142:26142 [6] NCCL INFO [node_id = 10; gpu_id = 62036; unique_id = 14511207702583018242; location_id = 55552; bdf = 55552; domain = 0; partition = 0], 
nid005016:26142:26142 [6] NCCL INFO [node_id = 7; gpu_id = 3099; unique_id = 16278015608192545490; location_id = 52736; bdf = 52736; domain = 0; partition = 0], 
nid005016:26142:26142 [6] NCCL INFO [node_id = 4; gpu_id = 63582; unique_id = 17847167417756031783; location_id = 49408; bdf = 49408; domain = 0; partition = 0], 
nid005016:26142:26142 [6] NCCL INFO [node_id = 9; gpu_id = 1553; unique_id = 18210502340169372044; location_id = 54784; bdf = 54784; domain = 0; partition = 0], 
nid005016:26146:26146 [7] NCCL INFO [node_id = 8; gpu_id = 13395; unique_id = 8941100799198426; location_id = 53504; bdf = 53504; domain = 0; partition = 0], 
nid005016:26146:26146 [7] NCCL INFO [node_id = 11; gpu_id = 49174; unique_id = 9641048607279681479; location_id = 56832; bdf = 56832; domain = 0; partition = 0], 
nid005016:26146:26146 [7] NCCL INFO [node_id = 5; gpu_id = 51740; unique_id = 9918753207434673262; location_id = 50688; bdf = 50688; domain = 0; partition = 0], 
nid005016:26146:26146 [7] NCCL INFO [node_id = 6; gpu_id = 15961; unique_id = 11710903913926154369; location_id = 51456; bdf = 51456; domain = 0; partition = 0], 
nid005016:26146:26146 [7] NCCL INFO [node_id = 10; gpu_id = 62036; unique_id = 14511207702583018242; location_id = 55552; bdf = 55552; domain = 0; partition = 0], 
nid005016:26146:26146 [7] NCCL INFO [node_id = 7; gpu_id = 3099; unique_id = 16278015608192545490; location_id = 52736; bdf = 52736; domain = 0; partition = 0], 
nid005016:26146:26146 [7] NCCL INFO [node_id = 4; gpu_id = 63582; unique_id = 17847167417756031783; location_id = 49408; bdf = 49408; domain = 0; partition = 0], 
nid005016:26146:26146 [7] NCCL INFO [node_id = 9; gpu_id = 1553; unique_id = 18210502340169372044; location_id = 54784; bdf = 54784; domain = 0; partition = 0], 
nid005016:26139:26139 [0] NCCL INFO NET/OFI Plugin selected platform: Default
nid005016:26139:26139 [0] NCCL INFO NET/OFI No eligible providers were found
nid005016:26139:26139 [0] NCCL INFO NET/OFI Selected provider is cxi, fabric is cxi (found 4 nics)
nid005016:26139:26139 [0] NCCL INFO NET/OFI Using transport protocol SENDRECV
nid005016:26143:26143 [4] NCCL INFO NET/OFI MR cache 0 hits 0 misses
nid005016:26143:26143 [4] NCCL INFO Using network Libfabric
nid005016:26143:26143 [4] NCCL INFO [node_id = 8; gpu_id = 13395; unique_id = 8941100799198426; location_id = 53504; bdf = 53504; domain = 0; partition = 0], 
nid005016:26143:26143 [4] NCCL INFO [node_id = 11; gpu_id = 49174; unique_id = 9641048607279681479; location_id = 56832; bdf = 56832; domain = 0; partition = 0], 
nid005016:26143:26143 [4] NCCL INFO [node_id = 5; gpu_id = 51740; unique_id = 9918753207434673262; location_id = 50688; bdf = 50688; domain = 0; partition = 0], 
nid005016:26143:26143 [4] NCCL INFO [node_id = 6; gpu_id = 15961; unique_id = 11710903913926154369; location_id = 51456; bdf = 51456; domain = 0; partition = 0], 
nid005016:26143:26143 [4] NCCL INFO [node_id = 10; gpu_id = 62036; unique_id = 14511207702583018242; location_id = 55552; bdf = 55552; domain = 0; partition = 0], 
nid005016:26143:26143 [4] NCCL INFO [node_id = 7; gpu_id = 3099; unique_id = 16278015608192545490; location_id = 52736; bdf = 52736; domain = 0; partition = 0], 
nid005016:26143:26143 [4] NCCL INFO [node_id = 4; gpu_id = 63582; unique_id = 17847167417756031783; location_id = 49408; bdf = 49408; domain = 0; partition = 0], 
nid005016:26143:26143 [4] NCCL INFO [node_id = 9; gpu_id = 1553; unique_id = 18210502340169372044; location_id = 54784; bdf = 54784; domain = 0; partition = 0], 
nid005016:26142:26142 [6] NCCL INFO initialized internal alternative rsmi functionality
nid005016:26146:26146 [7] NCCL INFO initialized internal alternative rsmi functionality
nid005016:26140:26140 [1] NCCL INFO NET/OFI Plugin selected platform: Default
nid005016:26140:26140 [1] NCCL INFO NET/OFI No eligible providers were found
nid005016:26143:26143 [4] NCCL INFO initialized internal alternative rsmi functionality
nid005016:26144:26144 [2] NCCL INFO NET/OFI Support for global registrations: false
nid005016:26144:26144 [2] NCCL INFO NET/OFI Support for DMA-BUF registrations: true
nid005016:26140:26140 [1] NCCL INFO NET/OFI Selected provider is cxi, fabric is cxi (found 4 nics)
nid005016:26140:26140 [1] NCCL INFO NET/OFI Using transport protocol SENDRECV
nid005016:26144:26144 [2] NCCL INFO NET/OFI MR cache 0 hits 0 misses
nid005016:26144:26144 [2] NCCL INFO Using network Libfabric
nid005016:26139:26139 [0] NCCL INFO NET/OFI Support for global registrations: false
nid005016:26139:26139 [0] NCCL INFO NET/OFI Support for DMA-BUF registrations: true
nid005016:26144:26144 [2] NCCL INFO [node_id = 8; gpu_id = 13395; unique_id = 8941100799198426; location_id = 53504; bdf = 53504; domain = 0; partition = 0], 
nid005016:26144:26144 [2] NCCL INFO [node_id = 11; gpu_id = 49174; unique_id = 9641048607279681479; location_id = 56832; bdf = 56832; domain = 0; partition = 0], 
nid005016:26144:26144 [2] NCCL INFO [node_id = 5; gpu_id = 51740; unique_id = 9918753207434673262; location_id = 50688; bdf = 50688; domain = 0; partition = 0], 
nid005016:26144:26144 [2] NCCL INFO [node_id = 6; gpu_id = 15961; unique_id = 11710903913926154369; location_id = 51456; bdf = 51456; domain = 0; partition = 0], 
nid005016:26144:26144 [2] NCCL INFO [node_id = 10; gpu_id = 62036; unique_id = 14511207702583018242; location_id = 55552; bdf = 55552; domain = 0; partition = 0], 
nid005016:26144:26144 [2] NCCL INFO [node_id = 7; gpu_id = 3099; unique_id = 16278015608192545490; location_id = 52736; bdf = 52736; domain = 0; partition = 0], 
nid005016:26144:26144 [2] NCCL INFO [node_id = 4; gpu_id = 63582; unique_id = 17847167417756031783; location_id = 49408; bdf = 49408; domain = 0; partition = 0], 
nid005016:26144:26144 [2] NCCL INFO [node_id = 9; gpu_id = 1553; unique_id = 18210502340169372044; location_id = 54784; bdf = 54784; domain = 0; partition = 0], 
nid005016:26139:26139 [0] NCCL INFO NET/OFI MR cache 0 hits 0 misses
nid005016:26139:26139 [0] NCCL INFO Using network Libfabric
nid005016:26139:26139 [0] NCCL INFO [node_id = 8; gpu_id = 13395; unique_id = 8941100799198426; location_id = 53504; bdf = 53504; domain = 0; partition = 0], 
nid005016:26139:26139 [0] NCCL INFO [node_id = 11; gpu_id = 49174; unique_id = 9641048607279681479; location_id = 56832; bdf = 56832; domain = 0; partition = 0], 
nid005016:26139:26139 [0] NCCL INFO [node_id = 5; gpu_id = 51740; unique_id = 9918753207434673262; location_id = 50688; bdf = 50688; domain = 0; partition = 0], 
nid005016:26139:26139 [0] NCCL INFO [node_id = 6; gpu_id = 15961; unique_id = 11710903913926154369; location_id = 51456; bdf = 51456; domain = 0; partition = 0], 
nid005016:26139:26139 [0] NCCL INFO [node_id = 10; gpu_id = 62036; unique_id = 14511207702583018242; location_id = 55552; bdf = 55552; domain = 0; partition = 0], 
nid005016:26139:26139 [0] NCCL INFO [node_id = 7; gpu_id = 3099; unique_id = 16278015608192545490; location_id = 52736; bdf = 52736; domain = 0; partition = 0], 
nid005016:26139:26139 [0] NCCL INFO [node_id = 4; gpu_id = 63582; unique_id = 17847167417756031783; location_id = 49408; bdf = 49408; domain = 0; partition = 0], 
nid005016:26139:26139 [0] NCCL INFO [node_id = 9; gpu_id = 1553; unique_id = 18210502340169372044; location_id = 54784; bdf = 54784; domain = 0; partition = 0], 
nid005016:26144:26144 [2] NCCL INFO initialized internal alternative rsmi functionality
nid005016:26140:26140 [1] NCCL INFO NET/OFI Support for global registrations: false
nid005016:26140:26140 [1] NCCL INFO NET/OFI Support for DMA-BUF registrations: true
nid005016:26145:26145 [5] NCCL INFO NET/OFI Plugin selected platform: Default
nid005016:26145:26145 [5] NCCL INFO NET/OFI No eligible providers were found
nid005016:26139:26139 [0] NCCL INFO initialized internal alternative rsmi functionality
nid005016:26145:26145 [5] NCCL INFO NET/OFI Selected provider is cxi, fabric is cxi (found 4 nics)
nid005016:26145:26145 [5] NCCL INFO NET/OFI Using transport protocol SENDRECV
nid005016:26140:26140 [1] NCCL INFO NET/OFI MR cache 0 hits 0 misses
nid005016:26140:26140 [1] NCCL INFO Using network Libfabric
nid005016:26140:26140 [1] NCCL INFO [node_id = 8; gpu_id = 13395; unique_id = 8941100799198426; location_id = 53504; bdf = 53504; domain = 0; partition = 0], 
nid005016:26140:26140 [1] NCCL INFO [node_id = 11; gpu_id = 49174; unique_id = 9641048607279681479; location_id = 56832; bdf = 56832; domain = 0; partition = 0], 
nid005016:26140:26140 [1] NCCL INFO [node_id = 5; gpu_id = 51740; unique_id = 9918753207434673262; location_id = 50688; bdf = 50688; domain = 0; partition = 0], 
nid005016:26140:26140 [1] NCCL INFO [node_id = 6; gpu_id = 15961; unique_id = 11710903913926154369; location_id = 51456; bdf = 51456; domain = 0; partition = 0], 
nid005016:26140:26140 [1] NCCL INFO [node_id = 10; gpu_id = 62036; unique_id = 14511207702583018242; location_id = 55552; bdf = 55552; domain = 0; partition = 0], 
nid005016:26140:26140 [1] NCCL INFO [node_id = 7; gpu_id = 3099; unique_id = 16278015608192545490; location_id = 52736; bdf = 52736; domain = 0; partition = 0], 
nid005016:26140:26140 [1] NCCL INFO [node_id = 4; gpu_id = 63582; unique_id = 17847167417756031783; location_id = 49408; bdf = 49408; domain = 0; partition = 0], 
nid005016:26140:26140 [1] NCCL INFO [node_id = 9; gpu_id = 1553; unique_id = 18210502340169372044; location_id = 54784; bdf = 54784; domain = 0; partition = 0], 
nid005016:26140:26140 [1] NCCL INFO initialized internal alternative rsmi functionality
nid005016:26145:26145 [5] NCCL INFO NET/OFI Support for global registrations: false
nid005016:26145:26145 [5] NCCL INFO NET/OFI Support for DMA-BUF registrations: true
nid005016:26145:26145 [5] NCCL INFO NET/OFI MR cache 0 hits 0 misses
nid005016:26145:26145 [5] NCCL INFO Using network Libfabric
nid005016:26145:26145 [5] NCCL INFO [node_id = 8; gpu_id = 13395; unique_id = 8941100799198426; location_id = 53504; bdf = 53504; domain = 0; partition = 0], 
nid005016:26145:26145 [5] NCCL INFO [node_id = 11; gpu_id = 49174; unique_id = 9641048607279681479; location_id = 56832; bdf = 56832; domain = 0; partition = 0], 
nid005016:26145:26145 [5] NCCL INFO [node_id = 5; gpu_id = 51740; unique_id = 9918753207434673262; location_id = 50688; bdf = 50688; domain = 0; partition = 0], 
nid005016:26145:26145 [5] NCCL INFO [node_id = 6; gpu_id = 15961; unique_id = 11710903913926154369; location_id = 51456; bdf = 51456; domain = 0; partition = 0], 
nid005016:26145:26145 [5] NCCL INFO [node_id = 10; gpu_id = 62036; unique_id = 14511207702583018242; location_id = 55552; bdf = 55552; domain = 0; partition = 0], 
nid005016:26145:26145 [5] NCCL INFO [node_id = 7; gpu_id = 3099; unique_id = 16278015608192545490; location_id = 52736; bdf = 52736; domain = 0; partition = 0], 
nid005016:26145:26145 [5] NCCL INFO [node_id = 4; gpu_id = 63582; unique_id = 17847167417756031783; location_id = 49408; bdf = 49408; domain = 0; partition = 0], 
nid005016:26145:26145 [5] NCCL INFO [node_id = 9; gpu_id = 1553; unique_id = 18210502340169372044; location_id = 54784; bdf = 54784; domain = 0; partition = 0], 
nid005016:26145:26145 [5] NCCL INFO initialized internal alternative rsmi functionality
nid005015:85340:85340 [3] NCCL INFO ncclCommInitRank comm 0x5652821c3ea0 rank 3 nranks 16 cudaDev 3 nvmlDev 3 busId ce000 commId 0xdc288560a3963ba9 - Init START
nid005015:85339:85339 [1] NCCL INFO ncclCommInitRank comm 0x55f768ab8660 rank 1 nranks 16 cudaDev 1 nvmlDev 1 busId c6000 commId 0xdc288560a3963ba9 - Init START
nid005015:85342:85342 [7] NCCL INFO ncclCommInitRank comm 0x55b2fdc59f40 rank 7 nranks 16 cudaDev 7 nvmlDev 7 busId de000 commId 0xdc288560a3963ba9 - Init START
nid005016:26142:26142 [6] NCCL INFO ncclCommInitRank comm 0x55943fc700c0 rank 14 nranks 16 cudaDev 6 nvmlDev 6 busId d9000 commId 0xdc288560a3963ba9 - Init START
nid005015:85343:85343 [5] NCCL INFO ncclCommInitRank comm 0x564db18fa020 rank 5 nranks 16 cudaDev 5 nvmlDev 5 busId d6000 commId 0xdc288560a3963ba9 - Init START
nid005016:26141:26141 [3] NCCL INFO ncclCommInitRank comm 0x563ddb79ccb0 rank 11 nranks 16 cudaDev 3 nvmlDev 3 busId ce000 commId 0xdc288560a3963ba9 - Init START
nid005015:85337:85337 [0] NCCL INFO ncclCommInitRank comm 0x557a2b5ee3a0 rank 0 nranks 16 cudaDev 0 nvmlDev 0 busId c1000 commId 0xdc288560a3963ba9 - Init START
nid005016:26139:26139 [0] NCCL INFO ncclCommInitRank comm 0x55827e574290 rank 8 nranks 16 cudaDev 0 nvmlDev 0 busId c1000 commId 0xdc288560a3963ba9 - Init START
nid005015:85341:85341 [6] NCCL INFO ncclCommInitRank comm 0x5653595b56b0 rank 6 nranks 16 cudaDev 6 nvmlDev 6 busId d9000 commId 0xdc288560a3963ba9 - Init START
nid005016:26143:26143 [4] NCCL INFO ncclCommInitRank comm 0x560f9106ed10 rank 12 nranks 16 cudaDev 4 nvmlDev 4 busId d1000 commId 0xdc288560a3963ba9 - Init START
nid005015:85338:85338 [2] NCCL INFO ncclCommInitRank comm 0x56376cb3d260 rank 2 nranks 16 cudaDev 2 nvmlDev 2 busId c9000 commId 0xdc288560a3963ba9 - Init START
nid005015:85344:85344 [4] NCCL INFO ncclCommInitRank comm 0x55617ae1a000 rank 4 nranks 16 cudaDev 4 nvmlDev 4 busId d1000 commId 0xdc288560a3963ba9 - Init START
nid005016:26140:26140 [1] NCCL INFO ncclCommInitRank comm 0x560201cd0140 rank 9 nranks 16 cudaDev 1 nvmlDev 1 busId c6000 commId 0xdc288560a3963ba9 - Init START
nid005016:26146:26146 [7] NCCL INFO ncclCommInitRank comm 0x561ab40230b0 rank 15 nranks 16 cudaDev 7 nvmlDev 7 busId de000 commId 0xdc288560a3963ba9 - Init START
nid005016:26144:26144 [2] NCCL INFO ncclCommInitRank comm 0x557903c7f1c0 rank 10 nranks 16 cudaDev 2 nvmlDev 2 busId c9000 commId 0xdc288560a3963ba9 - Init START
nid005016:26145:26145 [5] NCCL INFO ncclCommInitRank comm 0x5648b2aaefb0 rank 13 nranks 16 cudaDev 5 nvmlDev 5 busId d6000 commId 0xdc288560a3963ba9 - Init START
nid005015:85337:85337 [0] NCCL INFO initialized internal alternative rsmi functionality
nid005015:85340:85340 [3] NCCL INFO initialized internal alternative rsmi functionality
nid005016:26145:26145 [5] NCCL INFO initialized internal alternative rsmi functionality
nid005015:85342:85342 [7] NCCL INFO initialized internal alternative rsmi functionality
nid005015:85341:85341 [6] NCCL INFO initialized internal alternative rsmi functionality
nid005016:26140:26140 [1] NCCL INFO initialized internal alternative rsmi functionality
nid005015:85339:85339 [1] NCCL INFO initialized internal alternative rsmi functionality
nid005015:85343:85343 [5] NCCL INFO initialized internal alternative rsmi functionality
nid005016:26144:26144 [2] NCCL INFO initialized internal alternative rsmi functionality
nid005015:85338:85338 [2] NCCL INFO initialized internal alternative rsmi functionality
nid005016:26143:26143 [4] NCCL INFO initialized internal alternative rsmi functionality
nid005015:85344:85344 [4] NCCL INFO initialized internal alternative rsmi functionality
nid005016:26146:26146 [7] NCCL INFO initialized internal alternative rsmi functionality
nid005016:26141:26141 [3] NCCL INFO initialized internal alternative rsmi functionality
nid005015:85337:85337 [0] NCCL INFO NET/Libfabric : GPU Direct RDMA Enabled for HCA 0 'cxi0'
nid005016:26142:26142 [6] NCCL INFO initialized internal alternative rsmi functionality
nid005016:26139:26139 [0] NCCL INFO initialized internal alternative rsmi functionality
nid005015:85338:85338 [2] NCCL INFO NET/Libfabric : GPU Direct RDMA Enabled for HCA 0 'cxi0'
nid005015:85342:85342 [7] NCCL INFO NET/Libfabric : GPU Direct RDMA Enabled for HCA 0 'cxi0'
nid005015:85339:85339 [1] NCCL INFO NET/Libfabric : GPU Direct RDMA Enabled for HCA 0 'cxi0'
nid005015:85344:85344 [4] NCCL INFO NET/Libfabric : GPU Direct RDMA Enabled for HCA 0 'cxi0'
nid005015:85343:85343 [5] NCCL INFO NET/Libfabric : GPU Direct RDMA Enabled for HCA 0 'cxi0'
nid005015:85340:85340 [3] NCCL INFO NET/Libfabric : GPU Direct RDMA Enabled for HCA 0 'cxi0'
nid005015:85341:85341 [6] NCCL INFO NET/Libfabric : GPU Direct RDMA Enabled for HCA 0 'cxi0'
nid005015:85337:85337 [0] NCCL INFO NET/Libfabric : GPU Direct RDMA Enabled for HCA 1 'cxi1'
nid005016:26140:26140 [1] NCCL INFO NET/Libfabric : GPU Direct RDMA Enabled for HCA 0 'cxi0'
nid005015:85338:85338 [2] NCCL INFO NET/Libfabric : GPU Direct RDMA Enabled for HCA 1 'cxi1'
nid005015:85342:85342 [7] NCCL INFO NET/Libfabric : GPU Direct RDMA Enabled for HCA 1 'cxi1'
nid005015:85339:85339 [1] NCCL INFO NET/Libfabric : GPU Direct RDMA Enabled for HCA 1 'cxi1'
nid005015:85340:85340 [3] NCCL INFO NET/Libfabric : GPU Direct RDMA Enabled for HCA 1 'cxi1'
nid005015:85343:85343 [5] NCCL INFO NET/Libfabric : GPU Direct RDMA Enabled for HCA 1 'cxi1'
nid005015:85344:85344 [4] NCCL INFO NET/Libfabric : GPU Direct RDMA Enabled for HCA 1 'cxi1'
nid005015:85341:85341 [6] NCCL INFO NET/Libfabric : GPU Direct RDMA Enabled for HCA 1 'cxi1'
nid005016:26139:26139 [0] NCCL INFO NET/Libfabric : GPU Direct RDMA Enabled for HCA 0 'cxi0'
nid005016:26145:26145 [5] NCCL INFO NET/Libfabric : GPU Direct RDMA Enabled for HCA 0 'cxi0'
nid005016:26144:26144 [2] NCCL INFO NET/Libfabric : GPU Direct RDMA Enabled for HCA 0 'cxi0'
nid005016:26146:26146 [7] NCCL INFO NET/Libfabric : GPU Direct RDMA Enabled for HCA 0 'cxi0'
nid005016:26143:26143 [4] NCCL INFO NET/Libfabric : GPU Direct RDMA Enabled for HCA 0 'cxi0'
nid005015:85337:85337 [0] NCCL INFO NET/Libfabric : GPU Direct RDMA Enabled for HCA 2 'cxi2'
nid005016:26142:26142 [6] NCCL INFO NET/Libfabric : GPU Direct RDMA Enabled for HCA 0 'cxi0'
nid005016:26141:26141 [3] NCCL INFO NET/Libfabric : GPU Direct RDMA Enabled for HCA 0 'cxi0'
nid005015:85338:85338 [2] NCCL INFO NET/Libfabric : GPU Direct RDMA Enabled for HCA 2 'cxi2'
nid005015:85342:85342 [7] NCCL INFO NET/Libfabric : GPU Direct RDMA Enabled for HCA 2 'cxi2'
nid005016:26144:26144 [2] NCCL INFO NET/Libfabric : GPU Direct RDMA Enabled for HCA 1 'cxi1'
nid005016:26140:26140 [1] NCCL INFO NET/Libfabric : GPU Direct RDMA Enabled for HCA 1 'cxi1'
nid005016:26139:26139 [0] NCCL INFO NET/Libfabric : GPU Direct RDMA Enabled for HCA 1 'cxi1'
nid005016:26141:26141 [3] NCCL INFO NET/Libfabric : GPU Direct RDMA Enabled for HCA 1 'cxi1'
nid005016:26145:26145 [5] NCCL INFO NET/Libfabric : GPU Direct RDMA Enabled for HCA 1 'cxi1'
nid005016:26142:26142 [6] NCCL INFO NET/Libfabric : GPU Direct RDMA Enabled for HCA 1 'cxi1'
nid005015:85344:85344 [4] NCCL INFO NET/Libfabric : GPU Direct RDMA Enabled for HCA 2 'cxi2'
nid005016:26146:26146 [7] NCCL INFO NET/Libfabric : GPU Direct RDMA Enabled for HCA 1 'cxi1'
nid005015:85339:85339 [1] NCCL INFO NET/Libfabric : GPU Direct RDMA Enabled for HCA 2 'cxi2'
nid005016:26143:26143 [4] NCCL INFO NET/Libfabric : GPU Direct RDMA Enabled for HCA 1 'cxi1'
nid005015:85343:85343 [5] NCCL INFO NET/Libfabric : GPU Direct RDMA Enabled for HCA 2 'cxi2'
nid005015:85340:85340 [3] NCCL INFO NET/Libfabric : GPU Direct RDMA Enabled for HCA 2 'cxi2'
nid005015:85341:85341 [6] NCCL INFO NET/Libfabric : GPU Direct RDMA Enabled for HCA 2 'cxi2'
nid005015:85337:85337 [0] NCCL INFO NET/Libfabric : GPU Direct RDMA Enabled for HCA 3 'cxi3'
nid005015:85338:85338 [2] NCCL INFO NET/Libfabric : GPU Direct RDMA Enabled for HCA 3 'cxi3'
nid005015:85342:85342 [7] NCCL INFO NET/Libfabric : GPU Direct RDMA Enabled for HCA 3 'cxi3'
nid005016:26144:26144 [2] NCCL INFO NET/Libfabric : GPU Direct RDMA Enabled for HCA 2 'cxi2'
nid005016:26140:26140 [1] NCCL INFO NET/Libfabric : GPU Direct RDMA Enabled for HCA 2 'cxi2'
nid005016:26139:26139 [0] NCCL INFO NET/Libfabric : GPU Direct RDMA Enabled for HCA 2 'cxi2'
nid005016:26141:26141 [3] NCCL INFO NET/Libfabric : GPU Direct RDMA Enabled for HCA 2 'cxi2'
nid005016:26145:26145 [5] NCCL INFO NET/Libfabric : GPU Direct RDMA Enabled for HCA 2 'cxi2'
nid005016:26143:26143 [4] NCCL INFO NET/Libfabric : GPU Direct RDMA Enabled for HCA 2 'cxi2'
nid005016:26146:26146 [7] NCCL INFO NET/Libfabric : GPU Direct RDMA Enabled for HCA 2 'cxi2'
nid005016:26142:26142 [6] NCCL INFO NET/Libfabric : GPU Direct RDMA Enabled for HCA 2 'cxi2'
nid005015:85343:85343 [5] NCCL INFO NET/Libfabric : GPU Direct RDMA Enabled for HCA 3 'cxi3'
nid005015:85344:85344 [4] NCCL INFO NET/Libfabric : GPU Direct RDMA Enabled for HCA 3 'cxi3'
nid005015:85341:85341 [6] NCCL INFO NET/Libfabric : GPU Direct RDMA Enabled for HCA 3 'cxi3'
nid005015:85339:85339 [1] NCCL INFO NET/Libfabric : GPU Direct RDMA Enabled for HCA 3 'cxi3'
nid005015:85340:85340 [3] NCCL INFO NET/Libfabric : GPU Direct RDMA Enabled for HCA 3 'cxi3'
nid005016:26144:26144 [2] NCCL INFO NET/Libfabric : GPU Direct RDMA Enabled for HCA 3 'cxi3'
nid005016:26140:26140 [1] NCCL INFO NET/Libfabric : GPU Direct RDMA Enabled for HCA 3 'cxi3'
nid005016:26141:26141 [3] NCCL INFO NET/Libfabric : GPU Direct RDMA Enabled for HCA 3 'cxi3'
nid005016:26139:26139 [0] NCCL INFO NET/Libfabric : GPU Direct RDMA Enabled for HCA 3 'cxi3'
nid005016:26142:26142 [6] NCCL INFO NET/Libfabric : GPU Direct RDMA Enabled for HCA 3 'cxi3'
nid005016:26146:26146 [7] NCCL INFO NET/Libfabric : GPU Direct RDMA Enabled for HCA 3 'cxi3'
nid005016:26143:26143 [4] NCCL INFO NET/Libfabric : GPU Direct RDMA Enabled for HCA 3 'cxi3'
nid005016:26145:26145 [5] NCCL INFO NET/Libfabric : GPU Direct RDMA Enabled for HCA 3 'cxi3'
nid005016:26145:26145 [5] NCCL INFO NCCL_NET_GDR_LEVEL set by environment to PHB
nid005016:26145:26145 [5] NCCL INFO GPU Direct RDMA Enabled for GPU c1000 / HCA 0 (distance 6 <= 6), read 1
nid005016:26145:26145 [5] NCCL INFO GPU Direct RDMA Enabled for GPU c6000 / HCA 0 (distance 6 <= 6), read 1
nid005016:26145:26145 [5] NCCL INFO GPU Direct RDMA Enabled for GPU c9000 / HCA 1 (distance 6 <= 6), read 1
nid005016:26145:26145 [5] NCCL INFO GPU Direct RDMA Enabled for GPU ce000 / HCA 1 (distance 6 <= 6), read 1
nid005016:26145:26145 [5] NCCL INFO GPU Direct RDMA Enabled for GPU d1000 / HCA 2 (distance 6 <= 6), read 1
nid005016:26145:26145 [5] NCCL INFO GPU Direct RDMA Enabled for GPU d6000 / HCA 2 (distance 6 <= 6), read 1
nid005016:26145:26145 [5] NCCL INFO GPU Direct RDMA Enabled for GPU d9000 / HCA 3 (distance 6 <= 6), read 1
nid005016:26145:26145 [5] NCCL INFO GPU Direct RDMA Enabled for GPU de000 / HCA 3 (distance 6 <= 6), read 1
nid005016:26145:26145 [5] NCCL INFO Setting affinity for GPU 5 to fefe,00000000,0000fefe
nid005015:85341:85341 [6] NCCL INFO NCCL_NET_GDR_LEVEL set by environment to PHB
nid005015:85341:85341 [6] NCCL INFO GPU Direct RDMA Enabled for GPU c1000 / HCA 0 (distance 6 <= 6), read 1
nid005015:85341:85341 [6] NCCL INFO GPU Direct RDMA Enabled for GPU c6000 / HCA 0 (distance 6 <= 6), read 1
nid005015:85341:85341 [6] NCCL INFO GPU Direct RDMA Enabled for GPU c9000 / HCA 1 (distance 6 <= 6), read 1
nid005015:85341:85341 [6] NCCL INFO GPU Direct RDMA Enabled for GPU ce000 / HCA 1 (distance 6 <= 6), read 1
nid005015:85341:85341 [6] NCCL INFO GPU Direct RDMA Enabled for GPU d1000 / HCA 2 (distance 6 <= 6), read 1
nid005015:85341:85341 [6] NCCL INFO GPU Direct RDMA Enabled for GPU d6000 / HCA 2 (distance 6 <= 6), read 1
nid005015:85341:85341 [6] NCCL INFO GPU Direct RDMA Enabled for GPU d9000 / HCA 3 (distance 6 <= 6), read 1
nid005015:85341:85341 [6] NCCL INFO GPU Direct RDMA Enabled for GPU de000 / HCA 3 (distance 6 <= 6), read 1
nid005015:85339:85339 [1] NCCL INFO NCCL_NET_GDR_LEVEL set by environment to PHB
nid005015:85339:85339 [1] NCCL INFO GPU Direct RDMA Enabled for GPU c1000 / HCA 0 (distance 6 <= 6), read 1
nid005015:85339:85339 [1] NCCL INFO GPU Direct RDMA Enabled for GPU c6000 / HCA 0 (distance 6 <= 6), read 1
nid005015:85339:85339 [1] NCCL INFO GPU Direct RDMA Enabled for GPU c9000 / HCA 1 (distance 6 <= 6), read 1
nid005015:85339:85339 [1] NCCL INFO GPU Direct RDMA Enabled for GPU ce000 / HCA 1 (distance 6 <= 6), read 1
nid005015:85339:85339 [1] NCCL INFO GPU Direct RDMA Enabled for GPU d1000 / HCA 2 (distance 6 <= 6), read 1
nid005015:85339:85339 [1] NCCL INFO GPU Direct RDMA Enabled for GPU d6000 / HCA 2 (distance 6 <= 6), read 1
nid005015:85339:85339 [1] NCCL INFO GPU Direct RDMA Enabled for GPU d9000 / HCA 3 (distance 6 <= 6), read 1
nid005015:85339:85339 [1] NCCL INFO GPU Direct RDMA Enabled for GPU de000 / HCA 3 (distance 6 <= 6), read 1
nid005015:85344:85344 [4] NCCL INFO NCCL_NET_GDR_LEVEL set by environment to PHB
nid005015:85344:85344 [4] NCCL INFO GPU Direct RDMA Enabled for GPU c1000 / HCA 0 (distance 6 <= 6), read 1
nid005015:85344:85344 [4] NCCL INFO GPU Direct RDMA Enabled for GPU c6000 / HCA 0 (distance 6 <= 6), read 1
nid005015:85344:85344 [4] NCCL INFO GPU Direct RDMA Enabled for GPU c9000 / HCA 1 (distance 6 <= 6), read 1
nid005015:85344:85344 [4] NCCL INFO GPU Direct RDMA Enabled for GPU ce000 / HCA 1 (distance 6 <= 6), read 1
nid005015:85344:85344 [4] NCCL INFO GPU Direct RDMA Enabled for GPU d1000 / HCA 2 (distance 6 <= 6), read 1
nid005015:85344:85344 [4] NCCL INFO GPU Direct RDMA Enabled for GPU d6000 / HCA 2 (distance 6 <= 6), read 1
nid005015:85344:85344 [4] NCCL INFO GPU Direct RDMA Enabled for GPU d9000 / HCA 3 (distance 6 <= 6), read 1
nid005015:85344:85344 [4] NCCL INFO GPU Direct RDMA Enabled for GPU de000 / HCA 3 (distance 6 <= 6), read 1
nid005015:85344:85344 [4] NCCL INFO Setting affinity for GPU 4 to fefe,00000000,0000fefe
nid005015:85343:85343 [5] NCCL INFO NCCL_NET_GDR_LEVEL set by environment to PHB
nid005015:85343:85343 [5] NCCL INFO GPU Direct RDMA Enabled for GPU c1000 / HCA 0 (distance 6 <= 6), read 1
nid005015:85343:85343 [5] NCCL INFO GPU Direct RDMA Enabled for GPU c6000 / HCA 0 (distance 6 <= 6), read 1
nid005015:85343:85343 [5] NCCL INFO GPU Direct RDMA Enabled for GPU c9000 / HCA 1 (distance 6 <= 6), read 1
nid005015:85343:85343 [5] NCCL INFO GPU Direct RDMA Enabled for GPU ce000 / HCA 1 (distance 6 <= 6), read 1
nid005015:85343:85343 [5] NCCL INFO GPU Direct RDMA Enabled for GPU d1000 / HCA 2 (distance 6 <= 6), read 1
nid005015:85343:85343 [5] NCCL INFO GPU Direct RDMA Enabled for GPU d6000 / HCA 2 (distance 6 <= 6), read 1
nid005015:85343:85343 [5] NCCL INFO GPU Direct RDMA Enabled for GPU d9000 / HCA 3 (distance 6 <= 6), read 1
nid005015:85343:85343 [5] NCCL INFO GPU Direct RDMA Enabled for GPU de000 / HCA 3 (distance 6 <= 6), read 1
nid005015:85343:85343 [5] NCCL INFO Setting affinity for GPU 5 to fefe,00000000,0000fefe
nid005016:26142:26142 [6] NCCL INFO NCCL_NET_GDR_LEVEL set by environment to PHB
nid005016:26142:26142 [6] NCCL INFO GPU Direct RDMA Enabled for GPU c1000 / HCA 0 (distance 6 <= 6), read 1
nid005016:26142:26142 [6] NCCL INFO GPU Direct RDMA Enabled for GPU c6000 / HCA 0 (distance 6 <= 6), read 1
nid005016:26142:26142 [6] NCCL INFO GPU Direct RDMA Enabled for GPU c9000 / HCA 1 (distance 6 <= 6), read 1
nid005016:26142:26142 [6] NCCL INFO GPU Direct RDMA Enabled for GPU ce000 / HCA 1 (distance 6 <= 6), read 1
nid005016:26142:26142 [6] NCCL INFO GPU Direct RDMA Enabled for GPU d1000 / HCA 2 (distance 6 <= 6), read 1
nid005016:26142:26142 [6] NCCL INFO GPU Direct RDMA Enabled for GPU d6000 / HCA 2 (distance 6 <= 6), read 1
nid005016:26142:26142 [6] NCCL INFO GPU Direct RDMA Enabled for GPU d9000 / HCA 3 (distance 6 <= 6), read 1
nid005016:26142:26142 [6] NCCL INFO GPU Direct RDMA Enabled for GPU de000 / HCA 3 (distance 6 <= 6), read 1
nid005016:26146:26146 [7] NCCL INFO NCCL_NET_GDR_LEVEL set by environment to PHB
nid005016:26146:26146 [7] NCCL INFO GPU Direct RDMA Enabled for GPU c1000 / HCA 0 (distance 6 <= 6), read 1
nid005016:26146:26146 [7] NCCL INFO GPU Direct RDMA Enabled for GPU c6000 / HCA 0 (distance 6 <= 6), read 1
nid005016:26146:26146 [7] NCCL INFO GPU Direct RDMA Enabled for GPU c9000 / HCA 1 (distance 6 <= 6), read 1
nid005016:26146:26146 [7] NCCL INFO GPU Direct RDMA Enabled for GPU ce000 / HCA 1 (distance 6 <= 6), read 1
nid005016:26146:26146 [7] NCCL INFO GPU Direct RDMA Enabled for GPU d1000 / HCA 2 (distance 6 <= 6), read 1
nid005016:26146:26146 [7] NCCL INFO GPU Direct RDMA Enabled for GPU d6000 / HCA 2 (distance 6 <= 6), read 1
nid005016:26146:26146 [7] NCCL INFO GPU Direct RDMA Enabled for GPU d9000 / HCA 3 (distance 6 <= 6), read 1
nid005016:26146:26146 [7] NCCL INFO GPU Direct RDMA Enabled for GPU de000 / HCA 3 (distance 6 <= 6), read 1
nid005015:85338:85338 [2] NCCL INFO NCCL_NET_GDR_LEVEL set by environment to PHB
nid005015:85338:85338 [2] NCCL INFO GPU Direct RDMA Enabled for GPU c1000 / HCA 0 (distance 6 <= 6), read 1
nid005015:85338:85338 [2] NCCL INFO GPU Direct RDMA Enabled for GPU c6000 / HCA 0 (distance 6 <= 6), read 1
nid005015:85338:85338 [2] NCCL INFO GPU Direct RDMA Enabled for GPU c9000 / HCA 1 (distance 6 <= 6), read 1
nid005015:85338:85338 [2] NCCL INFO GPU Direct RDMA Enabled for GPU ce000 / HCA 1 (distance 6 <= 6), read 1
nid005015:85338:85338 [2] NCCL INFO GPU Direct RDMA Enabled for GPU d1000 / HCA 2 (distance 6 <= 6), read 1
nid005015:85338:85338 [2] NCCL INFO GPU Direct RDMA Enabled for GPU d6000 / HCA 2 (distance 6 <= 6), read 1
nid005015:85338:85338 [2] NCCL INFO GPU Direct RDMA Enabled for GPU d9000 / HCA 3 (distance 6 <= 6), read 1
nid005015:85338:85338 [2] NCCL INFO GPU Direct RDMA Enabled for GPU de000 / HCA 3 (distance 6 <= 6), read 1
nid005016:26143:26143 [4] NCCL INFO NCCL_NET_GDR_LEVEL set by environment to PHB
nid005016:26143:26143 [4] NCCL INFO GPU Direct RDMA Enabled for GPU c1000 / HCA 0 (distance 6 <= 6), read 1
nid005016:26143:26143 [4] NCCL INFO GPU Direct RDMA Enabled for GPU c6000 / HCA 0 (distance 6 <= 6), read 1
nid005016:26143:26143 [4] NCCL INFO GPU Direct RDMA Enabled for GPU c9000 / HCA 1 (distance 6 <= 6), read 1
nid005016:26143:26143 [4] NCCL INFO GPU Direct RDMA Enabled for GPU ce000 / HCA 1 (distance 6 <= 6), read 1
nid005016:26143:26143 [4] NCCL INFO GPU Direct RDMA Enabled for GPU d1000 / HCA 2 (distance 6 <= 6), read 1
nid005016:26143:26143 [4] NCCL INFO GPU Direct RDMA Enabled for GPU d6000 / HCA 2 (distance 6 <= 6), read 1
nid005016:26143:26143 [4] NCCL INFO GPU Direct RDMA Enabled for GPU d9000 / HCA 3 (distance 6 <= 6), read 1
nid005016:26143:26143 [4] NCCL INFO GPU Direct RDMA Enabled for GPU de000 / HCA 3 (distance 6 <= 6), read 1
nid005016:26143:26143 [4] NCCL INFO Setting affinity for GPU 4 to fefe,00000000,0000fefe
nid005015:85342:85342 [7] NCCL INFO NCCL_NET_GDR_LEVEL set by environment to PHB
nid005015:85342:85342 [7] NCCL INFO GPU Direct RDMA Enabled for GPU c1000 / HCA 0 (distance 6 <= 6), read 1
nid005015:85342:85342 [7] NCCL INFO GPU Direct RDMA Enabled for GPU c6000 / HCA 0 (distance 6 <= 6), read 1
nid005015:85342:85342 [7] NCCL INFO GPU Direct RDMA Enabled for GPU c9000 / HCA 1 (distance 6 <= 6), read 1
nid005015:85342:85342 [7] NCCL INFO GPU Direct RDMA Enabled for GPU ce000 / HCA 1 (distance 6 <= 6), read 1
nid005015:85342:85342 [7] NCCL INFO GPU Direct RDMA Enabled for GPU d1000 / HCA 2 (distance 6 <= 6), read 1
nid005015:85342:85342 [7] NCCL INFO GPU Direct RDMA Enabled for GPU d6000 / HCA 2 (distance 6 <= 6), read 1
nid005015:85342:85342 [7] NCCL INFO GPU Direct RDMA Enabled for GPU d9000 / HCA 3 (distance 6 <= 6), read 1
nid005015:85342:85342 [7] NCCL INFO GPU Direct RDMA Enabled for GPU de000 / HCA 3 (distance 6 <= 6), read 1
nid005015:85340:85340 [3] NCCL INFO NCCL_NET_GDR_LEVEL set by environment to PHB
nid005015:85340:85340 [3] NCCL INFO GPU Direct RDMA Enabled for GPU c1000 / HCA 0 (distance 6 <= 6), read 1
nid005015:85340:85340 [3] NCCL INFO GPU Direct RDMA Enabled for GPU c6000 / HCA 0 (distance 6 <= 6), read 1
nid005015:85340:85340 [3] NCCL INFO GPU Direct RDMA Enabled for GPU c9000 / HCA 1 (distance 6 <= 6), read 1
nid005015:85340:85340 [3] NCCL INFO GPU Direct RDMA Enabled for GPU ce000 / HCA 1 (distance 6 <= 6), read 1
nid005015:85340:85340 [3] NCCL INFO GPU Direct RDMA Enabled for GPU d1000 / HCA 2 (distance 6 <= 6), read 1
nid005015:85340:85340 [3] NCCL INFO GPU Direct RDMA Enabled for GPU d6000 / HCA 2 (distance 6 <= 6), read 1
nid005015:85340:85340 [3] NCCL INFO GPU Direct RDMA Enabled for GPU d9000 / HCA 3 (distance 6 <= 6), read 1
nid005015:85340:85340 [3] NCCL INFO GPU Direct RDMA Enabled for GPU de000 / HCA 3 (distance 6 <= 6), read 1
nid005015:85337:85337 [0] NCCL INFO NCCL_NET_GDR_LEVEL set by environment to PHB
nid005015:85337:85337 [0] NCCL INFO GPU Direct RDMA Enabled for GPU c1000 / HCA 0 (distance 6 <= 6), read 1
nid005015:85337:85337 [0] NCCL INFO GPU Direct RDMA Enabled for GPU c6000 / HCA 0 (distance 6 <= 6), read 1
nid005015:85337:85337 [0] NCCL INFO GPU Direct RDMA Enabled for GPU c9000 / HCA 1 (distance 6 <= 6), read 1
nid005015:85337:85337 [0] NCCL INFO GPU Direct RDMA Enabled for GPU ce000 / HCA 1 (distance 6 <= 6), read 1
nid005015:85337:85337 [0] NCCL INFO GPU Direct RDMA Enabled for GPU d1000 / HCA 2 (distance 6 <= 6), read 1
nid005015:85337:85337 [0] NCCL INFO GPU Direct RDMA Enabled for GPU d6000 / HCA 2 (distance 6 <= 6), read 1
nid005015:85337:85337 [0] NCCL INFO GPU Direct RDMA Enabled for GPU d9000 / HCA 3 (distance 6 <= 6), read 1
nid005015:85337:85337 [0] NCCL INFO GPU Direct RDMA Enabled for GPU de000 / HCA 3 (distance 6 <= 6), read 1
nid005016:26139:26139 [0] NCCL INFO NCCL_NET_GDR_LEVEL set by environment to PHB
nid005016:26139:26139 [0] NCCL INFO GPU Direct RDMA Enabled for GPU c1000 / HCA 0 (distance 6 <= 6), read 1
nid005016:26139:26139 [0] NCCL INFO GPU Direct RDMA Enabled for GPU c6000 / HCA 0 (distance 6 <= 6), read 1
nid005016:26139:26139 [0] NCCL INFO GPU Direct RDMA Enabled for GPU c9000 / HCA 1 (distance 6 <= 6), read 1
nid005016:26139:26139 [0] NCCL INFO GPU Direct RDMA Enabled for GPU ce000 / HCA 1 (distance 6 <= 6), read 1
nid005016:26139:26139 [0] NCCL INFO GPU Direct RDMA Enabled for GPU d1000 / HCA 2 (distance 6 <= 6), read 1
nid005016:26139:26139 [0] NCCL INFO GPU Direct RDMA Enabled for GPU d6000 / HCA 2 (distance 6 <= 6), read 1
nid005016:26139:26139 [0] NCCL INFO GPU Direct RDMA Enabled for GPU d9000 / HCA 3 (distance 6 <= 6), read 1
nid005016:26139:26139 [0] NCCL INFO GPU Direct RDMA Enabled for GPU de000 / HCA 3 (distance 6 <= 6), read 1
nid005016:26141:26141 [3] NCCL INFO NCCL_NET_GDR_LEVEL set by environment to PHB
nid005016:26141:26141 [3] NCCL INFO GPU Direct RDMA Enabled for GPU c1000 / HCA 0 (distance 6 <= 6), read 1
nid005016:26141:26141 [3] NCCL INFO GPU Direct RDMA Enabled for GPU c6000 / HCA 0 (distance 6 <= 6), read 1
nid005016:26141:26141 [3] NCCL INFO GPU Direct RDMA Enabled for GPU c9000 / HCA 1 (distance 6 <= 6), read 1
nid005016:26141:26141 [3] NCCL INFO GPU Direct RDMA Enabled for GPU ce000 / HCA 1 (distance 6 <= 6), read 1
nid005016:26141:26141 [3] NCCL INFO GPU Direct RDMA Enabled for GPU d1000 / HCA 2 (distance 6 <= 6), read 1
nid005016:26141:26141 [3] NCCL INFO GPU Direct RDMA Enabled for GPU d6000 / HCA 2 (distance 6 <= 6), read 1
nid005016:26141:26141 [3] NCCL INFO GPU Direct RDMA Enabled for GPU d9000 / HCA 3 (distance 6 <= 6), read 1
nid005016:26141:26141 [3] NCCL INFO GPU Direct RDMA Enabled for GPU de000 / HCA 3 (distance 6 <= 6), read 1
nid005016:26140:26140 [1] NCCL INFO NCCL_NET_GDR_LEVEL set by environment to PHB
nid005016:26140:26140 [1] NCCL INFO GPU Direct RDMA Enabled for GPU c1000 / HCA 0 (distance 6 <= 6), read 1
nid005016:26140:26140 [1] NCCL INFO GPU Direct RDMA Enabled for GPU c6000 / HCA 0 (distance 6 <= 6), read 1
nid005016:26140:26140 [1] NCCL INFO GPU Direct RDMA Enabled for GPU c9000 / HCA 1 (distance 6 <= 6), read 1
nid005016:26140:26140 [1] NCCL INFO GPU Direct RDMA Enabled for GPU ce000 / HCA 1 (distance 6 <= 6), read 1
nid005016:26140:26140 [1] NCCL INFO GPU Direct RDMA Enabled for GPU d1000 / HCA 2 (distance 6 <= 6), read 1
nid005016:26140:26140 [1] NCCL INFO GPU Direct RDMA Enabled for GPU d6000 / HCA 2 (distance 6 <= 6), read 1
nid005016:26140:26140 [1] NCCL INFO GPU Direct RDMA Enabled for GPU d9000 / HCA 3 (distance 6 <= 6), read 1
nid005016:26140:26140 [1] NCCL INFO GPU Direct RDMA Enabled for GPU de000 / HCA 3 (distance 6 <= 6), read 1
nid005016:26144:26144 [2] NCCL INFO NCCL_NET_GDR_LEVEL set by environment to PHB
nid005016:26144:26144 [2] NCCL INFO GPU Direct RDMA Enabled for GPU c1000 / HCA 0 (distance 6 <= 6), read 1
nid005016:26144:26144 [2] NCCL INFO GPU Direct RDMA Enabled for GPU c6000 / HCA 0 (distance 6 <= 6), read 1
nid005016:26144:26144 [2] NCCL INFO GPU Direct RDMA Enabled for GPU c9000 / HCA 1 (distance 6 <= 6), read 1
nid005016:26144:26144 [2] NCCL INFO GPU Direct RDMA Enabled for GPU ce000 / HCA 1 (distance 6 <= 6), read 1
nid005016:26144:26144 [2] NCCL INFO GPU Direct RDMA Enabled for GPU d1000 / HCA 2 (distance 6 <= 6), read 1
nid005016:26144:26144 [2] NCCL INFO GPU Direct RDMA Enabled for GPU d6000 / HCA 2 (distance 6 <= 6), read 1
nid005016:26144:26144 [2] NCCL INFO GPU Direct RDMA Enabled for GPU d9000 / HCA 3 (distance 6 <= 6), read 1
nid005016:26144:26144 [2] NCCL INFO GPU Direct RDMA Enabled for GPU de000 / HCA 3 (distance 6 <= 6), read 1
nid005015:85342:85342 [7] NCCL INFO comm 0x55b2fdc59f40 rank 7 nRanks 16 nNodes 2 localRanks 8 localRank 7 MNNVL 0
nid005015:85342:85342 [7] NCCL INFO Trees [0] 3/-1/-1->7->6 [1] 6/-1/-1->7->3 [2] 6/15/-1->7->-1 [3] -1/-1/-1->7->6 [4] 3/-1/-1->7->6 [5] 6/-1/-1->7->3 [6] 6/15/-1->7->-1 [7] -1/-1/-1->7->6 [8] 3/-1/-1->7->6 [9] 6/-1/-1->7->3 [10] 6/-1/-1->7->15 [11] -1/-1/-1->7->6 [12] 3/-1/-1->7->6 [13] 6/-1/-1->7->3 [14] 6/-1/-1->7->15 [15] -1/-1/-1->7->6 comm 0x55b2fdc59f40 nRanks 16 busId de000
nid005015:85342:85342 [7] NCCL INFO P2P Chunksize set to 131072
nid005015:85338:85338 [2] NCCL INFO comm 0x56376cb3d260 rank 2 nRanks 16 nNodes 2 localRanks 8 localRank 2 MNNVL 0
nid005015:85338:85338 [2] NCCL INFO Trees [0] -1/-1/-1->2->3 [1] 3/10/-1->2->-1 [2] 4/-1/-1->2->3 [3] 3/-1/-1->2->4 [4] -1/-1/-1->2->3 [5] 3/10/-1->2->-1 [6] 4/-1/-1->2->3 [7] 3/-1/-1->2->4 [8] -1/-1/-1->2->3 [9] 3/-1/-1->2->10 [10] 4/-1/-1->2->3 [11] 3/-1/-1->2->4 [12] -1/-1/-1->2->3 [13] 3/-1/-1->2->10 [14] 4/-1/-1->2->3 [15] 3/-1/-1->2->4 comm 0x56376cb3d260 nRanks 16 busId c9000
nid005015:85338:85338 [2] NCCL INFO P2P Chunksize set to 131072
nid005016:26144:26144 [2] NCCL INFO comm 0x557903c7f1c0 rank 10 nRanks 16 nNodes 2 localRanks 8 localRank 2 MNNVL 0
nid005015:85341:85341 [6] NCCL INFO comm 0x5653595b56b0 rank 6 nRanks 16 nNodes 2 localRanks 8 localRank 6 MNNVL 0
nid005015:85341:85341 [6] NCCL INFO Trees [0] 7/-1/-1->6->4 [1] 4/-1/-1->6->7 [2] 0/-1/-1->6->7 [3] 7/-1/-1->6->0 [4] 7/-1/-1->6->4 [5] 4/-1/-1->6->7 [6] 0/-1/-1->6->7 [7] 7/-1/-1->6->0 [8] 7/-1/-1->6->4 [9] 4/-1/-1->6->7 [10] 0/-1/-1->6->7 [11] 7/-1/-1->6->0 [12] 7/-1/-1->6->4 [13] 4/-1/-1->6->7 [14] 0/-1/-1->6->7 [15] 7/-1/-1->6->0 comm 0x5653595b56b0 nRanks 16 busId d9000
nid005015:85341:85341 [6] NCCL INFO P2P Chunksize set to 131072
nid005016:26145:26145 [5] NCCL INFO comm 0x5648b2aaefb0 rank 13 nRanks 16 nNodes 2 localRanks 8 localRank 5 MNNVL 0
nid005016:26145:26145 [5] NCCL INFO Trees [0] 12/-1/-1->13->9 [1] 9/-1/-1->13->12 [2] -1/-1/-1->13->12 [3] 12/-1/-1->13->5 [4] 12/-1/-1->13->9 [5] 9/-1/-1->13->12 [6] -1/-1/-1->13->12 [7] 12/-1/-1->13->5 [8] 12/-1/-1->13->9 [9] 9/-1/-1->13->12 [10] -1/-1/-1->13->12 [11] 12/5/-1->13->-1 [12] 12/-1/-1->13->9 [13] 9/-1/-1->13->12 [14] -1/-1/-1->13->12 [15] 12/5/-1->13->-1 comm 0x5648b2aaefb0 nRanks 16 busId d6000
nid005016:26145:26145 [5] NCCL INFO P2P Chunksize set to 131072
nid005015:85343:85343 [5] NCCL INFO comm 0x564db18fa020 rank 5 nRanks 16 nNodes 2 localRanks 8 localRank 5 MNNVL 0
nid005015:85343:85343 [5] NCCL INFO Trees [0] 4/-1/-1->5->1 [1] 1/-1/-1->5->4 [2] -1/-1/-1->5->4 [3] 4/13/-1->5->-1 [4] 4/-1/-1->5->1 [5] 1/-1/-1->5->4 [6] -1/-1/-1->5->4 [7] 4/13/-1->5->-1 [8] 4/-1/-1->5->1 [9] 1/-1/-1->5->4 [10] -1/-1/-1->5->4 [11] 4/-1/-1->5->13 [12] 4/-1/-1->5->1 [13] 1/-1/-1->5->4 [14] -1/-1/-1->5->4 [15] 4/-1/-1->5->13 comm 0x564db18fa020 nRanks 16 busId d6000
nid005015:85343:85343 [5] NCCL INFO P2P Chunksize set to 131072
nid005015:85344:85344 [4] NCCL INFO comm 0x55617ae1a000 rank 4 nRanks 16 nNodes 2 localRanks 8 localRank 4 MNNVL 0
nid005015:85344:85344 [4] NCCL INFO Trees [0] 6/-1/-1->4->5 [1] 5/-1/-1->4->6 [2] 5/-1/-1->4->2 [3] 2/-1/-1->4->5 [4] 6/-1/-1->4->5 [5] 5/-1/-1->4->6 [6] 5/-1/-1->4->2 [7] 2/-1/-1->4->5 [8] 6/-1/-1->4->5 [9] 5/-1/-1->4->6 [10] 5/-1/-1->4->2 [11] 2/-1/-1->4->5 [12] 6/-1/-1->4->5 [13] 5/-1/-1->4->6 [14] 5/-1/-1->4->2 [15] 2/-1/-1->4->5 comm 0x55617ae1a000 nRanks 16 busId d1000
nid005015:85344:85344 [4] NCCL INFO P2P Chunksize set to 131072
nid005015:85340:85340 [3] NCCL INFO comm 0x5652821c3ea0 rank 3 nRanks 16 nNodes 2 localRanks 8 localRank 3 MNNVL 0
nid005015:85340:85340 [3] NCCL INFO Trees [0] 2/-1/-1->3->7 [1] 7/-1/-1->3->2 [2] 2/-1/-1->3->1 [3] 1/-1/-1->3->2 [4] 2/-1/-1->3->7 [5] 7/-1/-1->3->2 [6] 2/-1/-1->3->1 [7] 1/-1/-1->3->2 [8] 2/-1/-1->3->7 [9] 7/-1/-1->3->2 [10] 2/-1/-1->3->1 [11] 1/-1/-1->3->2 [12] 2/-1/-1->3->7 [13] 7/-1/-1->3->2 [14] 2/-1/-1->3->1 [15] 1/-1/-1->3->2 comm 0x5652821c3ea0 nRanks 16 busId ce000
nid005015:85340:85340 [3] NCCL INFO P2P Chunksize set to 131072
nid005016:26140:26140 [1] NCCL INFO comm 0x560201cd0140 rank 9 nRanks 16 nNodes 2 localRanks 8 localRank 1 MNNVL 0
nid005016:26140:26140 [1] NCCL INFO Trees [0] 13/-1/-1->9->8 [1] 8/-1/-1->9->13 [2] 11/-1/-1->9->8 [3] 8/-1/-1->9->11 [4] 13/-1/-1->9->8 [5] 8/-1/-1->9->13 [6] 11/-1/-1->9->8 [7] 8/-1/-1->9->11 [8] 13/-1/-1->9->8 [9] 8/-1/-1->9->13 [10] 11/-1/-1->9->8 [11] 8/-1/-1->9->11 [12] 13/-1/-1->9->8 [13] 8/-1/-1->9->13 [14] 11/-1/-1->9->8 [15] 8/-1/-1->9->11 comm 0x560201cd0140 nRanks 16 busId c6000
nid005016:26140:26140 [1] NCCL INFO P2P Chunksize set to 131072
nid005015:85339:85339 [1] NCCL INFO comm 0x55f768ab8660 rank 1 nRanks 16 nNodes 2 localRanks 8 localRank 1 MNNVL 0
nid005015:85339:85339 [1] NCCL INFO Trees [0] 5/-1/-1->1->0 [1] 0/-1/-1->1->5 [2] 3/-1/-1->1->0 [3] 0/-1/-1->1->3 [4] 5/-1/-1->1->0 [5] 0/-1/-1->1->5 [6] 3/-1/-1->1->0 [7] 0/-1/-1->1->3 [8] 5/-1/-1->1->0 [9] 0/-1/-1->1->5 [10] 3/-1/-1->1->0 [11] 0/-1/-1->1->3 [12] 5/-1/-1->1->0 [13] 0/-1/-1->1->5 [14] 3/-1/-1->1->0 [15] 0/-1/-1->1->3 comm 0x55f768ab8660 nRanks 16 busId c6000
nid005015:85339:85339 [1] NCCL INFO P2P Chunksize set to 131072
nid005016:26146:26146 [7] NCCL INFO comm 0x561ab40230b0 rank 15 nRanks 16 nNodes 2 localRanks 8 localRank 7 MNNVL 0
nid005016:26146:26146 [7] NCCL INFO Trees [0] 11/-1/-1->15->14 [1] 14/-1/-1->15->11 [2] 14/-1/-1->15->7 [3] -1/-1/-1->15->14 [4] 11/-1/-1->15->14 [5] 14/-1/-1->15->11 [6] 14/-1/-1->15->7 [7] -1/-1/-1->15->14 [8] 11/-1/-1->15->14 [9] 14/-1/-1->15->11 [10] 14/7/-1->15->-1 [11] -1/-1/-1->15->14 [12] 11/-1/-1->15->14 [13] 14/-1/-1->15->11 [14] 14/7/-1->15->-1 [15] -1/-1/-1->15->14 comm 0x561ab40230b0 nRanks 16 busId de000
nid005016:26146:26146 [7] NCCL INFO P2P Chunksize set to 131072
nid005015:85337:85337 [0] NCCL INFO comm 0x557a2b5ee3a0 rank 0 nRanks 16 nNodes 2 localRanks 8 localRank 0 MNNVL 0
nid005015:85337:85337 [0] NCCL INFO Channel 00/16 :    0   1   5   4   6   7   3   2  10  11  15  14  12  13   9   8
nid005015:85337:85337 [0] NCCL INFO Channel 01/16 :    0   8   9  13  12  14  15  11  10   2   3   7   6   4   5   1
nid005015:85337:85337 [0] NCCL INFO Channel 02/16 :    0   1   3   2   4   5  13  12  10  11   9   8  14  15   7   6
nid005015:85337:85337 [0] NCCL INFO Channel 03/16 :    0   6   7  15  14   8   9  11  10  12  13   5   4   2   3   1
nid005015:85337:85337 [0] NCCL INFO Channel 04/16 :    0   1   5   4   6   7   3   2  10  11  15  14  12  13   9   8
nid005015:85337:85337 [0] NCCL INFO Channel 05/16 :    0   8   9  13  12  14  15  11  10   2   3   7   6   4   5   1
nid005015:85337:85337 [0] NCCL INFO Channel 06/16 :    0   1   3   2   4   5  13  12  10  11   9   8  14  15   7   6
nid005015:85337:85337 [0] NCCL INFO Channel 07/16 :    0   6   7  15  14   8   9  11  10  12  13   5   4   2   3   1
nid005015:85337:85337 [0] NCCL INFO Channel 08/16 :    0   1   5   4   6   7   3   2  10  11  15  14  12  13   9   8
nid005015:85337:85337 [0] NCCL INFO Channel 09/16 :    0   8   9  13  12  14  15  11  10   2   3   7   6   4   5   1
nid005015:85337:85337 [0] NCCL INFO Channel 10/16 :    0   1   3   2   4   5  13  12  10  11   9   8  14  15   7   6
nid005015:85337:85337 [0] NCCL INFO Channel 11/16 :    0   6   7  15  14   8   9  11  10  12  13   5   4   2   3   1
nid005015:85337:85337 [0] NCCL INFO Channel 12/16 :    0   1   5   4   6   7   3   2  10  11  15  14  12  13   9   8
nid005015:85337:85337 [0] NCCL INFO Channel 13/16 :    0   8   9  13  12  14  15  11  10   2   3   7   6   4   5   1
nid005015:85337:85337 [0] NCCL INFO Channel 14/16 :    0   1   3   2   4   5  13  12  10  11   9   8  14  15   7   6
nid005015:85337:85337 [0] NCCL INFO Channel 15/16 :    0   6   7  15  14   8   9  11  10  12  13   5   4   2   3   1
nid005015:85337:85337 [0] NCCL INFO Trees [0] 1/8/-1->0->-1 [1] -1/-1/-1->0->1 [2] 1/-1/-1->0->6 [3] 6/-1/-1->0->1 [4] 1/8/-1->0->-1 [5] -1/-1/-1->0->1 [6] 1/-1/-1->0->6 [7] 6/-1/-1->0->1 [8] 1/-1/-1->0->8 [9] -1/-1/-1->0->1 [10] 1/-1/-1->0->6 [11] 6/-1/-1->0->1 [12] 1/-1/-1->0->8 [13] -1/-1/-1->0->1 [14] 1/-1/-1->0->6 [15] 6/-1/-1->0->1 comm 0x557a2b5ee3a0 nRanks 16 busId c1000
nid005015:85337:85337 [0] NCCL INFO P2P Chunksize set to 131072
nid005016:26139:26139 [0] NCCL INFO comm 0x55827e574290 rank 8 nRanks 16 nNodes 2 localRanks 8 localRank 0 MNNVL 0
nid005016:26139:26139 [0] NCCL INFO Trees [0] 9/-1/-1->8->0 [1] -1/-1/-1->8->9 [2] 9/-1/-1->8->14 [3] 14/-1/-1->8->9 [4] 9/-1/-1->8->0 [5] -1/-1/-1->8->9 [6] 9/-1/-1->8->14 [7] 14/-1/-1->8->9 [8] 9/0/-1->8->-1 [9] -1/-1/-1->8->9 [10] 9/-1/-1->8->14 [11] 14/-1/-1->8->9 [12] 9/0/-1->8->-1 [13] -1/-1/-1->8->9 [14] 9/-1/-1->8->14 [15] 14/-1/-1->8->9 comm 0x55827e574290 nRanks 16 busId c1000
nid005016:26139:26139 [0] NCCL INFO P2P Chunksize set to 131072
nid005016:26143:26143 [4] NCCL INFO comm 0x560f9106ed10 rank 12 nRanks 16 nNodes 2 localRanks 8 localRank 4 MNNVL 0
nid005016:26143:26143 [4] NCCL INFO Trees [0] 14/-1/-1->12->13 [1] 13/-1/-1->12->14 [2] 13/-1/-1->12->10 [3] 10/-1/-1->12->13 [4] 14/-1/-1->12->13 [5] 13/-1/-1->12->14 [6] 13/-1/-1->12->10 [7] 10/-1/-1->12->13 [8] 14/-1/-1->12->13 [9] 13/-1/-1->12->14 [10] 13/-1/-1->12->10 [11] 10/-1/-1->12->13 [12] 14/-1/-1->12->13 [13] 13/-1/-1->12->14 [14] 13/-1/-1->12->10 [15] 10/-1/-1->12->13 comm 0x560f9106ed10 nRanks 16 busId d1000
nid005016:26143:26143 [4] NCCL INFO P2P Chunksize set to 131072
nid005016:26141:26141 [3] NCCL INFO comm 0x563ddb79ccb0 rank 11 nRanks 16 nNodes 2 localRanks 8 localRank 3 MNNVL 0
nid005016:26141:26141 [3] NCCL INFO Trees [0] 10/-1/-1->11->15 [1] 15/-1/-1->11->10 [2] 10/-1/-1->11->9 [3] 9/-1/-1->11->10 [4] 10/-1/-1->11->15 [5] 15/-1/-1->11->10 [6] 10/-1/-1->11->9 [7] 9/-1/-1->11->10 [8] 10/-1/-1->11->15 [9] 15/-1/-1->11->10 [10] 10/-1/-1->11->9 [11] 9/-1/-1->11->10 [12] 10/-1/-1->11->15 [13] 15/-1/-1->11->10 [14] 10/-1/-1->11->9 [15] 9/-1/-1->11->10 comm 0x563ddb79ccb0 nRanks 16 busId ce000
nid005016:26141:26141 [3] NCCL INFO P2P Chunksize set to 131072
nid005016:26142:26142 [6] NCCL INFO comm 0x55943fc700c0 rank 14 nRanks 16 nNodes 2 localRanks 8 localRank 6 MNNVL 0
nid005016:26142:26142 [6] NCCL INFO Trees [0] 15/-1/-1->14->12 [1] 12/-1/-1->14->15 [2] 8/-1/-1->14->15 [3] 15/-1/-1->14->8 [4] 15/-1/-1->14->12 [5] 12/-1/-1->14->15 [6] 8/-1/-1->14->15 [7] 15/-1/-1->14->8 [8] 15/-1/-1->14->12 [9] 12/-1/-1->14->15 [10] 8/-1/-1->14->15 [11] 15/-1/-1->14->8 [12] 15/-1/-1->14->12 [13] 12/-1/-1->14->15 [14] 8/-1/-1->14->15 [15] 15/-1/-1->14->8 comm 0x55943fc700c0 nRanks 16 busId d9000
nid005016:26142:26142 [6] NCCL INFO P2P Chunksize set to 131072
nid005016:26144:26144 [2] NCCL INFO Trees [0] -1/-1/-1->10->11 [1] 11/-1/-1->10->2 [2] 12/-1/-1->10->11 [3] 11/-1/-1->10->12 [4] -1/-1/-1->10->11 [5] 11/-1/-1->10->2 [6] 12/-1/-1->10->11 [7] 11/-1/-1->10->12 [8] -1/-1/-1->10->11 [9] 11/2/-1->10->-1 [10] 12/-1/-1->10->11 [11] 11/-1/-1->10->12 [12] -1/-1/-1->10->11 [13] 11/2/-1->10->-1 [14] 12/-1/-1->10->11 [15] 11/-1/-1->10->12 comm 0x557903c7f1c0 nRanks 16 busId c9000
nid005016:26144:26144 [2] NCCL INFO P2P Chunksize set to 131072
nid005015:85342:85453 [7] NCCL INFO New proxy recv connection 0 from local rank 7, transport 0
nid005015:85343:85458 [5] NCCL INFO New proxy recv connection 0 from local rank 5, transport 0
nid005015:85339:85460 [1] NCCL INFO New proxy recv connection 0 from local rank 1, transport 0
nid005015:85339:85339 [1] NCCL INFO Connected to proxy localRank 1 -> connection 0x1508ec001420
nid005015:85342:85342 [7] NCCL INFO Connected to proxy localRank 7 -> connection 0x14e188001420
nid005015:85343:85343 [5] NCCL INFO Connected to proxy localRank 5 -> connection 0x14beec001420
nid005016:26141:26261 [3] NCCL INFO New proxy recv connection 0 from local rank 3, transport 0
nid005015:85340:85454 [3] NCCL INFO New proxy recv connection 0 from local rank 3, transport 0
nid005015:85340:85340 [3] NCCL INFO Connected to proxy localRank 3 -> connection 0x145d80001420
nid005015:85338:85338 [2] NCCL INFO Channel 01/0 : 2[c9000] -> 3[ce000] via P2P/IPC comm 0x56376cb3d260 nRanks 16
nid005016:26141:26141 [3] NCCL INFO Connected to proxy localRank 3 -> connection 0x14fb60001420
nid005015:85341:85341 [6] NCCL INFO Channel 00/0 : 6[d9000] -> 7[de000] via P2P/IPC comm 0x5653595b56b0 nRanks 16
nid005016:26145:26259 [5] NCCL INFO New proxy recv connection 0 from local rank 5, transport 0
nid005015:85338:85456 [2] NCCL INFO New proxy send connection 0 from local rank 2, transport 0
nid005016:26139:26139 [0] NCCL INFO Channel 01/0 : 8[c1000] -> 9[c6000] via P2P/IPC comm 0x55827e574290 nRanks 16
nid005015:85338:85338 [2] NCCL INFO Connected to proxy localRank 2 -> connection 0x148b4c001420
nid005016:26145:26145 [5] NCCL INFO Connected to proxy localRank 5 -> connection 0x14c8dc001420
nid005016:26140:26258 [1] NCCL INFO New proxy recv connection 0 from local rank 1, transport 0
nid005016:26143:26143 [4] NCCL INFO Channel 00/0 : 12[d1000] -> 13[d6000] via P2P/IPC comm 0x560f9106ed10 nRanks 16
nid005015:85341:85455 [6] NCCL INFO New proxy send connection 0 from local rank 6, transport 0
nid005015:85344:85344 [4] NCCL INFO Channel 01/0 : 4[d1000] -> 5[d6000] via P2P/IPC comm 0x55617ae1a000 nRanks 16
nid005015:85341:85341 [6] NCCL INFO Connected to proxy localRank 6 -> connection 0x14b8b0001420
nid005016:26140:26140 [1] NCCL INFO Connected to proxy localRank 1 -> connection 0x14a994001420
nid005016:26139:26262 [0] NCCL INFO New proxy send connection 0 from local rank 0, transport 0
nid005016:26139:26139 [0] NCCL INFO Connected to proxy localRank 0 -> connection 0x150a18001420
nid005015:85344:85457 [4] NCCL INFO New proxy send connection 0 from local rank 4, transport 0
nid005016:26142:26142 [6] NCCL INFO Channel 01/0 : 14[d9000] -> 15[de000] via P2P/IPC comm 0x55943fc700c0 nRanks 16
nid005015:85337:85337 [0] NCCL INFO Channel 00/0 : 0[c1000] -> 1[c6000] via P2P/IPC comm 0x557a2b5ee3a0 nRanks 16
nid005016:26143:26272 [4] NCCL INFO New proxy send connection 0 from local rank 4, transport 0
nid005015:85344:85344 [4] NCCL INFO Connected to proxy localRank 4 -> connection 0x14b174001420
nid005016:26146:26263 [7] NCCL INFO New proxy recv connection 0 from local rank 7, transport 0
nid005015:85337:85459 [0] NCCL INFO New proxy send connection 0 from local rank 0, transport 0
nid005015:85337:85337 [0] NCCL INFO Connected to proxy localRank 0 -> connection 0x146024001420
nid005016:26143:26143 [4] NCCL INFO Connected to proxy localRank 4 -> connection 0x14d250001420
nid005016:26146:26146 [7] NCCL INFO Connected to proxy localRank 7 -> connection 0x147d44001420
nid005016:26142:26260 [6] NCCL INFO New proxy send connection 0 from local rank 6, transport 0
nid005016:26142:26142 [6] NCCL INFO Connected to proxy localRank 6 -> connection 0x151d80001420
nid005016:26144:26144 [2] NCCL INFO Channel 00/0 : 10[c9000] -> 11[ce000] via P2P/IPC comm 0x557903c7f1c0 nRanks 16
nid005016:26144:26264 [2] NCCL INFO New proxy send connection 0 from local rank 2, transport 0
nid005016:26144:26144 [2] NCCL INFO Connected to proxy localRank 2 -> connection 0x147334001420
nid005015:85341:85341 [6] NCCL INFO Channel 03/0 : 6[d9000] -> 7[de000] via P2P/IPC comm 0x5653595b56b0 nRanks 16
nid005015:85341:85455 [6] NCCL INFO New proxy send connection 1 from local rank 6, transport 0
nid005015:85341:85341 [6] NCCL INFO Connected to proxy localRank 6 -> connection 0x14b8b0001498
nid005016:26141:26261 [3] NCCL INFO New proxy recv connection 1 from local rank 3, transport 0
nid005016:26141:26141 [3] NCCL INFO Connected to proxy localRank 3 -> connection 0x14fb60001498
nid005016:26139:26139 [0] NCCL INFO Channel 03/0 : 8[c1000] -> 9[c6000] via P2P/IPC comm 0x55827e574290 nRanks 16
nid005016:26139:26262 [0] NCCL INFO New proxy send connection 1 from local rank 0, transport 0
nid005016:26139:26139 [0] NCCL INFO Connected to proxy localRank 0 -> connection 0x150a18001498
nid005015:85343:85458 [5] NCCL INFO New proxy recv connection 1 from local rank 5, transport 0
nid005015:85343:85343 [5] NCCL INFO Connected to proxy localRank 5 -> connection 0x14beec001498
nid005016:26140:26258 [1] NCCL INFO New proxy recv connection 1 from local rank 1, transport 0
nid005016:26140:26140 [1] NCCL INFO Connected to proxy localRank 1 -> connection 0x14a994001498
nid005015:85344:85344 [4] NCCL INFO Channel 02/0 : 4[d1000] -> 5[d6000] via P2P/IPC comm 0x55617ae1a000 nRanks 16
nid005015:85344:85457 [4] NCCL INFO New proxy send connection 1 from local rank 4, transport 0
nid005015:85344:85344 [4] NCCL INFO Connected to proxy localRank 4 -> connection 0x14b174001498
nid005015:85342:85453 [7] NCCL INFO New proxy recv connection 1 from local rank 7, transport 0
nid005015:85342:85342 [7] NCCL INFO Connected to proxy localRank 7 -> connection 0x14e188001498
nid005016:26142:26142 [6] NCCL INFO Channel 02/0 : 14[d9000] -> 15[de000] via P2P/IPC comm 0x55943fc700c0 nRanks 16
nid005016:26142:26260 [6] NCCL INFO New proxy send connection 1 from local rank 6, transport 0
nid005016:26142:26142 [6] NCCL INFO Connected to proxy localRank 6 -> connection 0x151d80001498
nid005016:26144:26144 [2] NCCL INFO Channel 02/0 : 10[c9000] -> 11[ce000] via P2P/IPC comm 0x557903c7f1c0 nRanks 16
nid005015:85339:85460 [1] NCCL INFO New proxy recv connection 1 from local rank 1, transport 0
nid005015:85339:85339 [1] NCCL INFO Connected to proxy localRank 1 -> connection 0x1508ec001498
nid005015:85340:85454 [3] NCCL INFO New proxy recv connection 1 from local rank 3, transport 0
nid005015:85340:85340 [3] NCCL INFO Connected to proxy localRank 3 -> connection 0x145d80001498
nid005016:26144:26264 [2] NCCL INFO New proxy send connection 1 from local rank 2, transport 0
nid005016:26146:26263 [7] NCCL INFO New proxy recv connection 1 from local rank 7, transport 0
nid005016:26144:26144 [2] NCCL INFO Connected to proxy localRank 2 -> connection 0x147334001498
nid005016:26146:26146 [7] NCCL INFO Connected to proxy localRank 7 -> connection 0x147d44001498
nid005015:85338:85338 [2] NCCL INFO Channel 03/0 : 2[c9000] -> 3[ce000] via P2P/IPC comm 0x56376cb3d260 nRanks 16
nid005015:85338:85456 [2] NCCL INFO New proxy send connection 1 from local rank 2, transport 0
nid005015:85338:85338 [2] NCCL INFO Connected to proxy localRank 2 -> connection 0x148b4c001498
nid005016:26145:26259 [5] NCCL INFO New proxy recv connection 1 from local rank 5, transport 0
nid005016:26145:26145 [5] NCCL INFO Connected to proxy localRank 5 -> connection 0x14c8dc001498
nid005016:26143:26143 [4] NCCL INFO Channel 03/0 : 12[d1000] -> 13[d6000] via P2P/IPC comm 0x560f9106ed10 nRanks 16
nid005016:26143:26272 [4] NCCL INFO New proxy send connection 1 from local rank 4, transport 0
nid005016:26143:26143 [4] NCCL INFO Connected to proxy localRank 4 -> connection 0x14d250001498
nid005015:85337:85337 [0] NCCL INFO Channel 02/0 : 0[c1000] -> 1[c6000] via P2P/IPC comm 0x557a2b5ee3a0 nRanks 16
nid005015:85337:85459 [0] NCCL INFO New proxy send connection 1 from local rank 0, transport 0
nid005015:85337:85337 [0] NCCL INFO Connected to proxy localRank 0 -> connection 0x146024001498
nid005015:85341:85341 [6] NCCL INFO Channel 04/0 : 6[d9000] -> 7[de000] via P2P/IPC comm 0x5653595b56b0 nRanks 16
nid005015:85341:85455 [6] NCCL INFO New proxy send connection 2 from local rank 6, transport 0
nid005015:85341:85341 [6] NCCL INFO Connected to proxy localRank 6 -> connection 0x14b8b0001510
nid005016:26140:26258 [1] NCCL INFO New proxy recv connection 2 from local rank 1, transport 0
nid005016:26140:26140 [1] NCCL INFO Connected to proxy localRank 1 -> connection 0x14a994001510
nid005016:26145:26259 [5] NCCL INFO New proxy recv connection 2 from local rank 5, transport 0
nid005016:26145:26145 [5] NCCL INFO Connected to proxy localRank 5 -> connection 0x14c8dc001510
nid005015:85344:85344 [4] NCCL INFO Channel 05/0 : 4[d1000] -> 5[d6000] via P2P/IPC comm 0x55617ae1a000 nRanks 16
nid005015:85344:85457 [4] NCCL INFO New proxy send connection 2 from local rank 4, transport 0
nid005015:85344:85344 [4] NCCL INFO Connected to proxy localRank 4 -> connection 0x14b174001510
nid005015:85343:85458 [5] NCCL INFO New proxy recv connection 2 from local rank 5, transport 0
nid005015:85343:85343 [5] NCCL INFO Connected to proxy localRank 5 -> connection 0x14beec001510
nid005016:26144:26144 [2] NCCL INFO Channel 04/0 : 10[c9000] -> 11[ce000] via P2P/IPC comm 0x557903c7f1c0 nRanks 16
nid005016:26144:26264 [2] NCCL INFO New proxy send connection 2 from local rank 2, transport 0
nid005016:26144:26144 [2] NCCL INFO Connected to proxy localRank 2 -> connection 0x147334001510
nid005016:26146:26263 [7] NCCL INFO New proxy recv connection 2 from local rank 7, transport 0
nid005016:26146:26146 [7] NCCL INFO Connected to proxy localRank 7 -> connection 0x147d44001510
nid005016:26139:26139 [0] NCCL INFO Channel 05/0 : 8[c1000] -> 9[c6000] via P2P/IPC comm 0x55827e574290 nRanks 16
nid005016:26139:26262 [0] NCCL INFO New proxy send connection 2 from local rank 0, transport 0
nid005016:26139:26139 [0] NCCL INFO Connected to proxy localRank 0 -> connection 0x150a18001510
nid005015:85342:85453 [7] NCCL INFO New proxy recv connection 2 from local rank 7, transport 0
nid005015:85342:85342 [7] NCCL INFO Connected to proxy localRank 7 -> connection 0x14e188001510
nid005015:85340:85454 [3] NCCL INFO New proxy recv connection 2 from local rank 3, transport 0
nid005015:85340:85340 [3] NCCL INFO Connected to proxy localRank 3 -> connection 0x145d80001510
nid005015:85339:85460 [1] NCCL INFO New proxy recv connection 2 from local rank 1, transport 0
nid005015:85339:85339 [1] NCCL INFO Connected to proxy localRank 1 -> connection 0x1508ec001510
nid005015:85338:85338 [2] NCCL INFO Channel 05/0 : 2[c9000] -> 3[ce000] via P2P/IPC comm 0x56376cb3d260 nRanks 16
nid005015:85338:85456 [2] NCCL INFO New proxy send connection 2 from local rank 2, transport 0
nid005015:85338:85338 [2] NCCL INFO Connected to proxy localRank 2 -> connection 0x148b4c001510
nid005015:85337:85337 [0] NCCL INFO Channel 04/0 : 0[c1000] -> 1[c6000] via P2P/IPC comm 0x557a2b5ee3a0 nRanks 16
nid005015:85337:85459 [0] NCCL INFO New proxy send connection 2 from local rank 0, transport 0
nid005015:85337:85337 [0] NCCL INFO Connected to proxy localRank 0 -> connection 0x146024001510
nid005015:85341:85341 [6] NCCL INFO Channel 07/0 : 6[d9000] -> 7[de000] via P2P/IPC comm 0x5653595b56b0 nRanks 16
nid005015:85341:85455 [6] NCCL INFO New proxy send connection 3 from local rank 6, transport 0
nid005015:85341:85341 [6] NCCL INFO Connected to proxy localRank 6 -> connection 0x14b8b0001588
nid005016:26140:26258 [1] NCCL INFO New proxy recv connection 3 from local rank 1, transport 0
nid005016:26140:26140 [1] NCCL INFO Connected to proxy localRank 1 -> connection 0x14a994001588
nid005016:26145:26259 [5] NCCL INFO New proxy recv connection 3 from local rank 5, transport 0
nid005016:26145:26145 [5] NCCL INFO Connected to proxy localRank 5 -> connection 0x14c8dc001588
nid005016:26144:26144 [2] NCCL INFO Channel 06/0 : 10[c9000] -> 11[ce000] via P2P/IPC comm 0x557903c7f1c0 nRanks 16
nid005016:26144:26264 [2] NCCL INFO New proxy send connection 3 from local rank 2, transport 0
nid005016:26144:26144 [2] NCCL INFO Connected to proxy localRank 2 -> connection 0x147334001588
nid005016:26139:26139 [0] NCCL INFO Channel 07/0 : 8[c1000] -> 9[c6000] via P2P/IPC comm 0x55827e574290 nRanks 16
nid005016:26139:26262 [0] NCCL INFO New proxy send connection 3 from local rank 0, transport 0
nid005016:26139:26139 [0] NCCL INFO Connected to proxy localRank 0 -> connection 0x150a18001588
nid005015:85344:85344 [4] NCCL INFO Channel 06/0 : 4[d1000] -> 5[d6000] via P2P/IPC comm 0x55617ae1a000 nRanks 16
nid005015:85344:85457 [4] NCCL INFO New proxy send connection 3 from local rank 4, transport 0
nid005015:85344:85344 [4] NCCL INFO Connected to proxy localRank 4 -> connection 0x14b174001588
nid005016:26146:26263 [7] NCCL INFO New proxy recv connection 3 from local rank 7, transport 0
nid005016:26141:26261 [3] NCCL INFO New proxy recv connection 2 from local rank 3, transport 0
nid005016:26141:26141 [3] NCCL INFO Connected to proxy localRank 3 -> connection 0x14fb60001510
nid005016:26146:26146 [7] NCCL INFO Connected to proxy localRank 7 -> connection 0x147d44001588
nid005015:85343:85458 [5] NCCL INFO New proxy recv connection 3 from local rank 5, transport 0
nid005015:85343:85343 [5] NCCL INFO Connected to proxy localRank 5 -> connection 0x14beec001588
nid005015:85342:85453 [7] NCCL INFO New proxy recv connection 3 from local rank 7, transport 0
nid005015:85342:85342 [7] NCCL INFO Connected to proxy localRank 7 -> connection 0x14e188001588
nid005015:85340:85454 [3] NCCL INFO New proxy recv connection 3 from local rank 3, transport 0
nid005015:85340:85340 [3] NCCL INFO Connected to proxy localRank 3 -> connection 0x145d80001588
nid005015:85339:85460 [1] NCCL INFO New proxy recv connection 3 from local rank 1, transport 0
nid005015:85339:85339 [1] NCCL INFO Connected to proxy localRank 1 -> connection 0x1508ec001588
nid005015:85338:85338 [2] NCCL INFO Channel 07/0 : 2[c9000] -> 3[ce000] via P2P/IPC comm 0x56376cb3d260 nRanks 16
nid005015:85338:85456 [2] NCCL INFO New proxy send connection 3 from local rank 2, transport 0
nid005015:85338:85338 [2] NCCL INFO Connected to proxy localRank 2 -> connection 0x148b4c001588
nid005015:85341:85341 [6] NCCL INFO Channel 08/0 : 6[d9000] -> 7[de000] via P2P/IPC comm 0x5653595b56b0 nRanks 16
nid005015:85341:85455 [6] NCCL INFO New proxy send connection 4 from local rank 6, transport 0
nid005015:85341:85341 [6] NCCL INFO Connected to proxy localRank 6 -> connection 0x14b8b0001600
nid005016:26140:26258 [1] NCCL INFO New proxy recv connection 4 from local rank 1, transport 0
nid005016:26140:26140 [1] NCCL INFO Connected to proxy localRank 1 -> connection 0x14a994001600
nid005016:26145:26259 [5] NCCL INFO New proxy recv connection 4 from local rank 5, transport 0
nid005016:26145:26145 [5] NCCL INFO Connected to proxy localRank 5 -> connection 0x14c8dc001600
nid005015:85337:85337 [0] NCCL INFO Channel 06/0 : 0[c1000] -> 1[c6000] via P2P/IPC comm 0x557a2b5ee3a0 nRanks 16
nid005015:85337:85459 [0] NCCL INFO New proxy send connection 3 from local rank 0, transport 0
nid005015:85337:85337 [0] NCCL INFO Connected to proxy localRank 0 -> connection 0x146024001588
nid005016:26144:26144 [2] NCCL INFO Channel 08/0 : 10[c9000] -> 11[ce000] via P2P/IPC comm 0x557903c7f1c0 nRanks 16
nid005016:26144:26264 [2] NCCL INFO New proxy send connection 4 from local rank 2, transport 0
nid005016:26146:26263 [7] NCCL INFO New proxy recv connection 4 from local rank 7, transport 0
nid005016:26144:26144 [2] NCCL INFO Connected to proxy localRank 2 -> connection 0x147334001600
nid005016:26146:26146 [7] NCCL INFO Connected to proxy localRank 7 -> connection 0x147d44001600
nid005016:26139:26139 [0] NCCL INFO Channel 09/0 : 8[c1000] -> 9[c6000] via P2P/IPC comm 0x55827e574290 nRanks 16
nid005016:26139:26262 [0] NCCL INFO New proxy send connection 4 from local rank 0, transport 0
nid005016:26139:26139 [0] NCCL INFO Connected to proxy localRank 0 -> connection 0x150a18001600
nid005016:26141:26261 [3] NCCL INFO New proxy recv connection 3 from local rank 3, transport 0
nid005016:26141:26141 [3] NCCL INFO Connected to proxy localRank 3 -> connection 0x14fb60001588
nid005015:85344:85344 [4] NCCL INFO Channel 09/0 : 4[d1000] -> 5[d6000] via P2P/IPC comm 0x55617ae1a000 nRanks 16
nid005015:85344:85457 [4] NCCL INFO New proxy send connection 4 from local rank 4, transport 0
nid005015:85344:85344 [4] NCCL INFO Connected to proxy localRank 4 -> connection 0x14b174001600
nid005015:85343:85458 [5] NCCL INFO New proxy recv connection 4 from local rank 5, transport 0
nid005015:85343:85343 [5] NCCL INFO Connected to proxy localRank 5 -> connection 0x14beec001600
nid005015:85342:85453 [7] NCCL INFO New proxy recv connection 4 from local rank 7, transport 0
nid005015:85342:85342 [7] NCCL INFO Connected to proxy localRank 7 -> connection 0x14e188001600
nid005015:85341:85341 [6] NCCL INFO Channel 11/0 : 6[d9000] -> 7[de000] via P2P/IPC comm 0x5653595b56b0 nRanks 16
nid005015:85341:85455 [6] NCCL INFO New proxy send connection 5 from local rank 6, transport 0
nid005015:85341:85341 [6] NCCL INFO Connected to proxy localRank 6 -> connection 0x14b8b0001678
nid005016:26140:26258 [1] NCCL INFO New proxy recv connection 5 from local rank 1, transport 0
nid005015:85340:85454 [3] NCCL INFO New proxy recv connection 4 from local rank 3, transport 0
nid005015:85340:85340 [3] NCCL INFO Connected to proxy localRank 3 -> connection 0x145d80001600
nid005016:26140:26140 [1] NCCL INFO Connected to proxy localRank 1 -> connection 0x14a994001678
nid005015:85339:85460 [1] NCCL INFO New proxy recv connection 4 from local rank 1, transport 0
nid005015:85339:85339 [1] NCCL INFO Connected to proxy localRank 1 -> connection 0x1508ec001600
nid005016:26145:26259 [5] NCCL INFO New proxy recv connection 5 from local rank 5, transport 0
nid005016:26145:26145 [5] NCCL INFO Connected to proxy localRank 5 -> connection 0x14c8dc001678
nid005015:85338:85338 [2] NCCL INFO Channel 09/0 : 2[c9000] -> 3[ce000] via P2P/IPC comm 0x56376cb3d260 nRanks 16
nid005015:85338:85456 [2] NCCL INFO New proxy send connection 4 from local rank 2, transport 0
nid005015:85338:85338 [2] NCCL INFO Connected to proxy localRank 2 -> connection 0x148b4c001600
nid005016:26146:26263 [7] NCCL INFO New proxy recv connection 5 from local rank 7, transport 0
nid005016:26146:26146 [7] NCCL INFO Connected to proxy localRank 7 -> connection 0x147d44001678
nid005016:26144:26144 [2] NCCL INFO Channel 10/0 : 10[c9000] -> 11[ce000] via P2P/IPC comm 0x557903c7f1c0 nRanks 16
nid005016:26139:26139 [0] NCCL INFO Channel 11/0 : 8[c1000] -> 9[c6000] via P2P/IPC comm 0x55827e574290 nRanks 16
nid005016:26144:26264 [2] NCCL INFO New proxy send connection 5 from local rank 2, transport 0
nid005016:26144:26144 [2] NCCL INFO Connected to proxy localRank 2 -> connection 0x147334001678
nid005016:26139:26262 [0] NCCL INFO New proxy send connection 5 from local rank 0, transport 0
nid005016:26139:26139 [0] NCCL INFO Connected to proxy localRank 0 -> connection 0x150a18001678
nid005015:85337:85337 [0] NCCL INFO Channel 08/0 : 0[c1000] -> 1[c6000] via P2P/IPC comm 0x557a2b5ee3a0 nRanks 16
nid005015:85337:85459 [0] NCCL INFO New proxy send connection 4 from local rank 0, transport 0
nid005015:85337:85337 [0] NCCL INFO Connected to proxy localRank 0 -> connection 0x146024001600
nid005016:26142:26142 [6] NCCL INFO Channel 05/0 : 14[d9000] -> 15[de000] via P2P/IPC comm 0x55943fc700c0 nRanks 16
nid005015:85344:85344 [4] NCCL INFO Channel 10/0 : 4[d1000] -> 5[d6000] via P2P/IPC comm 0x55617ae1a000 nRanks 16
nid005015:85344:85457 [4] NCCL INFO New proxy send connection 5 from local rank 4, transport 0
nid005015:85344:85344 [4] NCCL INFO Connected to proxy localRank 4 -> connection 0x14b174001678
nid005015:85343:85458 [5] NCCL INFO New proxy recv connection 5 from local rank 5, transport 0
nid005015:85343:85343 [5] NCCL INFO Connected to proxy localRank 5 -> connection 0x14beec001678
nid005016:26142:26260 [6] NCCL INFO New proxy send connection 2 from local rank 6, transport 0
nid005016:26142:26142 [6] NCCL INFO Connected to proxy localRank 6 -> connection 0x151d80001510
nid005016:26141:26261 [3] NCCL INFO New proxy recv connection 4 from local rank 3, transport 0
nid005016:26141:26141 [3] NCCL INFO Connected to proxy localRank 3 -> connection 0x14fb60001600
nid005015:85341:85341 [6] NCCL INFO Channel 12/0 : 6[d9000] -> 7[de000] via P2P/IPC comm 0x5653595b56b0 nRanks 16
nid005015:85341:85455 [6] NCCL INFO New proxy send connection 6 from local rank 6, transport 0
nid005015:85341:85341 [6] NCCL INFO Connected to proxy localRank 6 -> connection 0x14b8b00016f0
nid005016:26140:26258 [1] NCCL INFO New proxy recv connection 6 from local rank 1, transport 0
nid005016:26140:26140 [1] NCCL INFO Connected to proxy localRank 1 -> connection 0x14a9940016f0
nid005016:26143:26143 [4] NCCL INFO Channel 04/0 : 12[d1000] -> 13[d6000] via P2P/IPC comm 0x560f9106ed10 nRanks 16
nid005015:85342:85453 [7] NCCL INFO New proxy recv connection 5 from local rank 7, transport 0
nid005015:85342:85342 [7] NCCL INFO Connected to proxy localRank 7 -> connection 0x14e188001678
nid005016:26145:26259 [5] NCCL INFO New proxy recv connection 6 from local rank 5, transport 0
nid005016:26143:26272 [4] NCCL INFO New proxy send connection 2 from local rank 4, transport 0
nid005016:26143:26143 [4] NCCL INFO Connected to proxy localRank 4 -> connection 0x14d250001510
nid005016:26145:26145 [5] NCCL INFO Connected to proxy localRank 5 -> connection 0x14c8dc0016f0
nid005015:85340:85454 [3] NCCL INFO New proxy recv connection 5 from local rank 3, transport 0
nid005015:85340:85340 [3] NCCL INFO Connected to proxy localRank 3 -> connection 0x145d80001678
nid005015:85339:85460 [1] NCCL INFO New proxy recv connection 5 from local rank 1, transport 0
nid005015:85339:85339 [1] NCCL INFO Connected to proxy localRank 1 -> connection 0x1508ec001678
nid005015:85338:85338 [2] NCCL INFO Channel 11/0 : 2[c9000] -> 3[ce000] via P2P/IPC comm 0x56376cb3d260 nRanks 16
nid005015:85338:85456 [2] NCCL INFO New proxy send connection 5 from local rank 2, transport 0
nid005015:85338:85338 [2] NCCL INFO Connected to proxy localRank 2 -> connection 0x148b4c001678
nid005016:26146:26263 [7] NCCL INFO New proxy recv connection 6 from local rank 7, transport 0
nid005016:26146:26146 [7] NCCL INFO Connected to proxy localRank 7 -> connection 0x147d440016f0
nid005016:26144:26144 [2] NCCL INFO Channel 12/0 : 10[c9000] -> 11[ce000] via P2P/IPC comm 0x557903c7f1c0 nRanks 16
nid005016:26144:26264 [2] NCCL INFO New proxy send connection 6 from local rank 2, transport 0
nid005016:26144:26144 [2] NCCL INFO Connected to proxy localRank 2 -> connection 0x1473340016f0
nid005015:85341:85341 [6] NCCL INFO Channel 15/0 : 6[d9000] -> 7[de000] via P2P/IPC comm 0x5653595b56b0 nRanks 16
nid005015:85341:85455 [6] NCCL INFO New proxy send connection 7 from local rank 6, transport 0
nid005015:85341:85341 [6] NCCL INFO Connected to proxy localRank 6 -> connection 0x14b8b0001768
nid005015:85343:85458 [5] NCCL INFO New proxy recv connection 6 from local rank 5, transport 0
nid005015:85343:85343 [5] NCCL INFO Connected to proxy localRank 5 -> connection 0x14beec0016f0
nid005016:26142:26142 [6] NCCL INFO Channel 06/0 : 14[d9000] -> 15[de000] via P2P/IPC comm 0x55943fc700c0 nRanks 16
nid005015:85344:85344 [4] NCCL INFO Channel 13/0 : 4[d1000] -> 5[d6000] via P2P/IPC comm 0x55617ae1a000 nRanks 16
nid005015:85344:85457 [4] NCCL INFO New proxy send connection 6 from local rank 4, transport 0
nid005016:26142:26260 [6] NCCL INFO New proxy send connection 3 from local rank 6, transport 0
nid005016:26142:26142 [6] NCCL INFO Connected to proxy localRank 6 -> connection 0x151d80001588
nid005015:85344:85344 [4] NCCL INFO Connected to proxy localRank 4 -> connection 0x14b1740016f0
nid005015:85337:85337 [0] NCCL INFO Channel 10/0 : 0[c1000] -> 1[c6000] via P2P/IPC comm 0x557a2b5ee3a0 nRanks 16
nid005015:85337:85459 [0] NCCL INFO New proxy send connection 5 from local rank 0, transport 0
nid005015:85337:85337 [0] NCCL INFO Connected to proxy localRank 0 -> connection 0x146024001678
nid005016:26145:26259 [5] NCCL INFO New proxy recv connection 7 from local rank 5, transport 0
nid005016:26145:26145 [5] NCCL INFO Connected to proxy localRank 5 -> connection 0x14c8dc001768
nid005016:26140:26258 [1] NCCL INFO New proxy recv connection 7 from local rank 1, transport 0
nid005016:26140:26140 [1] NCCL INFO Connected to proxy localRank 1 -> connection 0x14a994001768
nid005016:26139:26139 [0] NCCL INFO Channel 13/0 : 8[c1000] -> 9[c6000] via P2P/IPC comm 0x55827e574290 nRanks 16
nid005016:26139:26262 [0] NCCL INFO New proxy send connection 6 from local rank 0, transport 0
nid005016:26139:26139 [0] NCCL INFO Connected to proxy localRank 0 -> connection 0x150a180016f0
nid005015:85342:85453 [7] NCCL INFO New proxy recv connection 6 from local rank 7, transport 0
nid005015:85342:85342 [7] NCCL INFO Connected to proxy localRank 7 -> connection 0x14e1880016f0
nid005016:26143:26143 [4] NCCL INFO Channel 07/0 : 12[d1000] -> 13[d6000] via P2P/IPC comm 0x560f9106ed10 nRanks 16
nid005016:26143:26272 [4] NCCL INFO New proxy send connection 3 from local rank 4, transport 0
nid005016:26143:26143 [4] NCCL INFO Connected to proxy localRank 4 -> connection 0x14d250001588
nid005015:85340:85454 [3] NCCL INFO New proxy recv connection 6 from local rank 3, transport 0
nid005015:85340:85340 [3] NCCL INFO Connected to proxy localRank 3 -> connection 0x145d800016f0
nid005015:85339:85460 [1] NCCL INFO New proxy recv connection 6 from local rank 1, transport 0
nid005015:85339:85339 [1] NCCL INFO Connected to proxy localRank 1 -> connection 0x1508ec0016f0
nid005016:26146:26263 [7] NCCL INFO New proxy recv connection 7 from local rank 7, transport 0
nid005016:26146:26146 [7] NCCL INFO Connected to proxy localRank 7 -> connection 0x147d44001768
nid005015:85338:85338 [2] NCCL INFO Channel 13/0 : 2[c9000] -> 3[ce000] via P2P/IPC comm 0x56376cb3d260 nRanks 16
nid005015:85338:85456 [2] NCCL INFO New proxy send connection 6 from local rank 2, transport 0
nid005015:85338:85338 [2] NCCL INFO Connected to proxy localRank 2 -> connection 0x148b4c0016f0
nid005016:26144:26144 [2] NCCL INFO Channel 14/0 : 10[c9000] -> 11[ce000] via P2P/IPC comm 0x557903c7f1c0 nRanks 16
nid005016:26144:26264 [2] NCCL INFO New proxy send connection 7 from local rank 2, transport 0
nid005016:26144:26144 [2] NCCL INFO Connected to proxy localRank 2 -> connection 0x147334001768
nid005016:26142:26142 [6] NCCL INFO Channel 09/0 : 14[d9000] -> 15[de000] via P2P/IPC comm 0x55943fc700c0 nRanks 16
nid005016:26142:26260 [6] NCCL INFO New proxy send connection 4 from local rank 6, transport 0
nid005016:26142:26142 [6] NCCL INFO Connected to proxy localRank 6 -> connection 0x151d80001600
nid005015:85343:85458 [5] NCCL INFO New proxy recv connection 7 from local rank 5, transport 0
nid005015:85343:85343 [5] NCCL INFO Connected to proxy localRank 5 -> connection 0x14beec001768
nid005015:85344:85344 [4] NCCL INFO Channel 14/0 : 4[d1000] -> 5[d6000] via P2P/IPC comm 0x55617ae1a000 nRanks 16
nid005015:85344:85457 [4] NCCL INFO New proxy send connection 7 from local rank 4, transport 0
nid005015:85344:85344 [4] NCCL INFO Connected to proxy localRank 4 -> connection 0x14b174001768
nid005015:85337:85337 [0] NCCL INFO Channel 12/0 : 0[c1000] -> 1[c6000] via P2P/IPC comm 0x557a2b5ee3a0 nRanks 16
nid005015:85337:85459 [0] NCCL INFO New proxy send connection 6 from local rank 0, transport 0
nid005015:85337:85337 [0] NCCL INFO Connected to proxy localRank 0 -> connection 0x1460240016f0
nid005015:85342:85453 [7] NCCL INFO New proxy recv connection 7 from local rank 7, transport 0
nid005015:85342:85342 [7] NCCL INFO Connected to proxy localRank 7 -> connection 0x14e188001768
nid005016:26143:26143 [4] NCCL INFO Channel 08/0 : 12[d1000] -> 13[d6000] via P2P/IPC comm 0x560f9106ed10 nRanks 16
nid005016:26143:26272 [4] NCCL INFO New proxy send connection 4 from local rank 4, transport 0
nid005016:26143:26143 [4] NCCL INFO Connected to proxy localRank 4 -> connection 0x14d250001600
nid005015:85340:85454 [3] NCCL INFO New proxy recv connection 7 from local rank 3, transport 0
nid005015:85340:85340 [3] NCCL INFO Connected to proxy localRank 3 -> connection 0x145d80001768
nid005015:85339:85460 [1] NCCL INFO New proxy recv connection 7 from local rank 1, transport 0
nid005015:85339:85339 [1] NCCL INFO Connected to proxy localRank 1 -> connection 0x1508ec001768
nid005016:26142:26142 [6] NCCL INFO Channel 10/0 : 14[d9000] -> 15[de000] via P2P/IPC comm 0x55943fc700c0 nRanks 16
nid005016:26142:26260 [6] NCCL INFO New proxy send connection 5 from local rank 6, transport 0
nid005016:26142:26142 [6] NCCL INFO Connected to proxy localRank 6 -> connection 0x151d80001678
nid005015:85338:85338 [2] NCCL INFO Channel 15/0 : 2[c9000] -> 3[ce000] via P2P/IPC comm 0x56376cb3d260 nRanks 16
nid005015:85338:85456 [2] NCCL INFO New proxy send connection 7 from local rank 2, transport 0
nid005015:85338:85338 [2] NCCL INFO Connected to proxy localRank 2 -> connection 0x148b4c001768
nid005016:26139:26139 [0] NCCL INFO Channel 15/0 : 8[c1000] -> 9[c6000] via P2P/IPC comm 0x55827e574290 nRanks 16
nid005016:26139:26262 [0] NCCL INFO New proxy send connection 7 from local rank 0, transport 0
nid005016:26141:26261 [3] NCCL INFO New proxy recv connection 5 from local rank 3, transport 0
nid005016:26141:26141 [3] NCCL INFO Connected to proxy localRank 3 -> connection 0x14fb60001678
nid005016:26139:26139 [0] NCCL INFO Connected to proxy localRank 0 -> connection 0x150a18001768
nid005015:85343:85458 [5] NCCL INFO New proxy recv connection 8 from local rank 5, transport 0
nid005015:85343:85343 [5] NCCL INFO Connected to proxy localRank 5 -> connection 0x14beec0017e0
nid005015:85344:85457 [4] NCCL INFO New proxy recv connection 8 from local rank 4, transport 0
nid005015:85344:85344 [4] NCCL INFO Connected to proxy localRank 4 -> connection 0x14b1740017e0
nid005015:85337:85337 [0] NCCL INFO Channel 14/0 : 0[c1000] -> 1[c6000] via P2P/IPC comm 0x557a2b5ee3a0 nRanks 16
nid005015:85337:85459 [0] NCCL INFO New proxy send connection 7 from local rank 0, transport 0
nid005015:85337:85337 [0] NCCL INFO Connected to proxy localRank 0 -> connection 0x146024001768
nid005016:26143:26143 [4] NCCL INFO Channel 11/0 : 12[d1000] -> 13[d6000] via P2P/IPC comm 0x560f9106ed10 nRanks 16
nid005016:26143:26272 [4] NCCL INFO New proxy send connection 5 from local rank 4, transport 0
nid005016:26143:26143 [4] NCCL INFO Connected to proxy localRank 4 -> connection 0x14d250001678
nid005015:85341:85455 [6] NCCL INFO New proxy recv connection 8 from local rank 6, transport 0
nid005015:85341:85341 [6] NCCL INFO Connected to proxy localRank 6 -> connection 0x14b8b00017e0
nid005015:85342:85453 [7] NCCL INFO New proxy recv connection 8 from local rank 7, transport 0
nid005015:85342:85342 [7] NCCL INFO Connected to proxy localRank 7 -> connection 0x14e1880017e0
nid005016:26142:26142 [6] NCCL INFO Channel 13/0 : 14[d9000] -> 15[de000] via P2P/IPC comm 0x55943fc700c0 nRanks 16
nid005016:26142:26260 [6] NCCL INFO New proxy send connection 6 from local rank 6, transport 0
nid005016:26142:26142 [6] NCCL INFO Connected to proxy localRank 6 -> connection 0x151d800016f0
nid005016:26140:26140 [1] NCCL INFO Channel 03/0 : 9[c6000] -> 11[ce000] via P2P/IPC comm 0x560201cd0140 nRanks 16
nid005016:26139:26139 [0] NCCL INFO Channel 02/0 : 8[c1000] -> 14[d9000] via P2P/IPC comm 0x55827e574290 nRanks 16
nid005016:26139:26262 [0] NCCL INFO New proxy send connection 8 from local rank 0, transport 0
nid005016:26140:26258 [1] NCCL INFO New proxy send connection 8 from local rank 1, transport 0
nid005016:26140:26140 [1] NCCL INFO Connected to proxy localRank 1 -> connection 0x14a9940017e0
nid005016:26139:26139 [0] NCCL INFO Connected to proxy localRank 0 -> connection 0x150a180017e0
nid005016:26141:26261 [3] NCCL INFO New proxy recv connection 6 from local rank 3, transport 0
nid005016:26141:26141 [3] NCCL INFO Connected to proxy localRank 3 -> connection 0x14fb600016f0
nid005015:85338:85338 [2] NCCL INFO Channel 02/0 : 2[c9000] -> 4[d1000] via P2P/IPC comm 0x56376cb3d260 nRanks 16
nid005015:85340:85454 [3] NCCL INFO New proxy recv connection 8 from local rank 3, transport 0
nid005015:85340:85340 [3] NCCL INFO Connected to proxy localRank 3 -> connection 0x145d800017e0
nid005015:85338:85456 [2] NCCL INFO New proxy send connection 8 from local rank 2, transport 0
nid005015:85338:85338 [2] NCCL INFO Connected to proxy localRank 2 -> connection 0x148b4c0017e0
nid005015:85343:85458 [5] NCCL INFO New proxy recv connection 9 from local rank 5, transport 0
nid005015:85343:85343 [5] NCCL INFO Connected to proxy localRank 5 -> connection 0x14beec001858
nid005015:85344:85457 [4] NCCL INFO New proxy recv connection 9 from local rank 4, transport 0
nid005015:85344:85344 [4] NCCL INFO Connected to proxy localRank 4 -> connection 0x14b174001858
nid005015:85341:85455 [6] NCCL INFO New proxy recv connection 9 from local rank 6, transport 0
nid005015:85341:85341 [6] NCCL INFO Connected to proxy localRank 6 -> connection 0x14b8b0001858
nid005016:26143:26143 [4] NCCL INFO Channel 12/0 : 12[d1000] -> 13[d6000] via P2P/IPC comm 0x560f9106ed10 nRanks 16
nid005016:26143:26272 [4] NCCL INFO New proxy send connection 6 from local rank 4, transport 0
nid005016:26143:26143 [4] NCCL INFO Connected to proxy localRank 4 -> connection 0x14d2500016f0
nid005015:85342:85453 [7] NCCL INFO New proxy recv connection 9 from local rank 7, transport 0
nid005015:85342:85342 [7] NCCL INFO Connected to proxy localRank 7 -> connection 0x14e188001858
nid005015:85339:85339 [1] NCCL INFO Channel 02/0 : 1[c6000] -> 3[ce000] via P2P/IPC comm 0x55f768ab8660 nRanks 16
nid005015:85339:85460 [1] NCCL INFO New proxy send connection 8 from local rank 1, transport 0
nid005015:85337:85337 [0] NCCL INFO Channel 03/0 : 0[c1000] -> 6[d9000] via P2P/IPC comm 0x557a2b5ee3a0 nRanks 16
nid005015:85337:85459 [0] NCCL INFO New proxy send connection 8 from local rank 0, transport 0
nid005015:85339:85339 [1] NCCL INFO Connected to proxy localRank 1 -> connection 0x1508ec0017e0
nid005015:85337:85337 [0] NCCL INFO Connected to proxy localRank 0 -> connection 0x1460240017e0
nid005016:26142:26142 [6] NCCL INFO Channel 14/0 : 14[d9000] -> 15[de000] via P2P/IPC comm 0x55943fc700c0 nRanks 16
nid005016:26142:26260 [6] NCCL INFO New proxy send connection 7 from local rank 6, transport 0
nid005016:26142:26142 [6] NCCL INFO Connected to proxy localRank 6 -> connection 0x151d80001768
nid005016:26140:26140 [1] NCCL INFO Channel 07/0 : 9[c6000] -> 11[ce000] via P2P/IPC comm 0x560201cd0140 nRanks 16
nid005016:26140:26258 [1] NCCL INFO New proxy send connection 9 from local rank 1, transport 0
nid005016:26140:26140 [1] NCCL INFO Connected to proxy localRank 1 -> connection 0x14a994001858
nid005016:26141:26261 [3] NCCL INFO New proxy recv connection 7 from local rank 3, transport 0
nid005016:26141:26141 [3] NCCL INFO Connected to proxy localRank 3 -> connection 0x14fb60001768
nid005015:85340:85454 [3] NCCL INFO New proxy recv connection 9 from local rank 3, transport 0
nid005015:85340:85340 [3] NCCL INFO Connected to proxy localRank 3 -> connection 0x145d80001858
nid005015:85343:85458 [5] NCCL INFO New proxy recv connection 10 from local rank 5, transport 0
nid005015:85343:85343 [5] NCCL INFO Connected to proxy localRank 5 -> connection 0x14beec0018d0
nid005015:85338:85338 [2] NCCL INFO Channel 06/0 : 2[c9000] -> 4[d1000] via P2P/IPC comm 0x56376cb3d260 nRanks 16
nid005015:85338:85456 [2] NCCL INFO New proxy send connection 9 from local rank 2, transport 0
nid005015:85338:85338 [2] NCCL INFO Connected to proxy localRank 2 -> connection 0x148b4c001858
nid005015:85344:85457 [4] NCCL INFO New proxy recv connection 10 from local rank 4, transport 0
nid005015:85344:85344 [4] NCCL INFO Connected to proxy localRank 4 -> connection 0x14b1740018d0
nid005015:85341:85455 [6] NCCL INFO New proxy recv connection 10 from local rank 6, transport 0
nid005015:85341:85341 [6] NCCL INFO Connected to proxy localRank 6 -> connection 0x14b8b00018d0
nid005016:26143:26143 [4] NCCL INFO Channel 15/0 : 12[d1000] -> 13[d6000] via P2P/IPC comm 0x560f9106ed10 nRanks 16
nid005016:26143:26272 [4] NCCL INFO New proxy send connection 7 from local rank 4, transport 0
nid005016:26143:26143 [4] NCCL INFO Connected to proxy localRank 4 -> connection 0x14d250001768
nid005016:26146:26263 [7] NCCL INFO New proxy recv connection 8 from local rank 7, transport 0
nid005016:26146:26146 [7] NCCL INFO Connected to proxy localRank 7 -> connection 0x147d440017e0
nid005016:26142:26260 [6] NCCL INFO New proxy recv connection 8 from local rank 6, transport 0
nid005016:26142:26142 [6] NCCL INFO Connected to proxy localRank 6 -> connection 0x151d800017e0
nid005015:85342:85453 [7] NCCL INFO New proxy recv connection 10 from local rank 7, transport 0
nid005015:85342:85342 [7] NCCL INFO Connected to proxy localRank 7 -> connection 0x14e1880018d0
nid005016:26140:26140 [1] NCCL INFO Channel 11/0 : 9[c6000] -> 11[ce000] via P2P/IPC comm 0x560201cd0140 nRanks 16
nid005016:26140:26258 [1] NCCL INFO New proxy send connection 10 from local rank 1, transport 0
nid005016:26140:26140 [1] NCCL INFO Connected to proxy localRank 1 -> connection 0x14a9940018d0
nid005015:85339:85339 [1] NCCL INFO Channel 06/0 : 1[c6000] -> 3[ce000] via P2P/IPC comm 0x55f768ab8660 nRanks 16
nid005015:85339:85460 [1] NCCL INFO New proxy send connection 9 from local rank 1, transport 0
nid005015:85339:85339 [1] NCCL INFO Connected to proxy localRank 1 -> connection 0x1508ec001858
nid005015:85337:85337 [0] NCCL INFO Channel 07/0 : 0[c1000] -> 6[d9000] via P2P/IPC comm 0x557a2b5ee3a0 nRanks 16
nid005015:85337:85459 [0] NCCL INFO New proxy send connection 9 from local rank 0, transport 0
nid005015:85337:85337 [0] NCCL INFO Connected to proxy localRank 0 -> connection 0x146024001858
nid005016:26144:26144 [2] NCCL INFO Channel 03/0 : 10[c9000] -> 12[d1000] via P2P/IPC comm 0x557903c7f1c0 nRanks 16
nid005016:26141:26261 [3] NCCL INFO New proxy recv connection 8 from local rank 3, transport 0
nid005016:26144:26264 [2] NCCL INFO New proxy send connection 8 from local rank 2, transport 0
nid005016:26144:26144 [2] NCCL INFO Connected to proxy localRank 2 -> connection 0x1473340017e0
nid005016:26141:26141 [3] NCCL INFO Connected to proxy localRank 3 -> connection 0x14fb600017e0
nid005015:85340:85454 [3] NCCL INFO New proxy recv connection 10 from local rank 3, transport 0
nid005015:85340:85340 [3] NCCL INFO Connected to proxy localRank 3 -> connection 0x145d800018d0
nid005015:85341:85455 [6] NCCL INFO New proxy recv connection 11 from local rank 6, transport 0
nid005015:85341:85341 [6] NCCL INFO Connected to proxy localRank 6 -> connection 0x14b8b0001948
nid005015:85343:85458 [5] NCCL INFO New proxy recv connection 11 from local rank 5, transport 0
nid005015:85343:85343 [5] NCCL INFO Connected to proxy localRank 5 -> connection 0x14beec001948
nid005015:85344:85457 [4] NCCL INFO New proxy recv connection 11 from local rank 4, transport 0
nid005015:85344:85344 [4] NCCL INFO Connected to proxy localRank 4 -> connection 0x14b174001948
nid005015:85338:85338 [2] NCCL INFO Channel 10/0 : 2[c9000] -> 4[d1000] via P2P/IPC comm 0x56376cb3d260 nRanks 16
nid005015:85338:85456 [2] NCCL INFO New proxy send connection 10 from local rank 2, transport 0
nid005015:85338:85338 [2] NCCL INFO Connected to proxy localRank 2 -> connection 0x148b4c0018d0
nid005016:26142:26260 [6] NCCL INFO New proxy recv connection 9 from local rank 6, transport 0
nid005016:26142:26142 [6] NCCL INFO Connected to proxy localRank 6 -> connection 0x151d80001858
nid005016:26145:26259 [5] NCCL INFO New proxy recv connection 8 from local rank 5, transport 0
nid005016:26145:26145 [5] NCCL INFO Connected to proxy localRank 5 -> connection 0x14c8dc0017e0
nid005016:26143:26272 [4] NCCL INFO New proxy recv connection 8 from local rank 4, transport 0
nid005016:26143:26143 [4] NCCL INFO Connected to proxy localRank 4 -> connection 0x14d2500017e0
nid005016:26140:26140 [1] NCCL INFO Channel 15/0 : 9[c6000] -> 11[ce000] via P2P/IPC comm 0x560201cd0140 nRanks 16
nid005015:85342:85453 [7] NCCL INFO New proxy recv connection 11 from local rank 7, transport 0
nid005015:85342:85342 [7] NCCL INFO Connected to proxy localRank 7 -> connection 0x14e188001948
nid005016:26140:26258 [1] NCCL INFO New proxy send connection 11 from local rank 1, transport 0
nid005016:26146:26263 [7] NCCL INFO New proxy recv connection 9 from local rank 7, transport 0
nid005016:26146:26146 [7] NCCL INFO Connected to proxy localRank 7 -> connection 0x147d44001858
nid005016:26140:26140 [1] NCCL INFO Connected to proxy localRank 1 -> connection 0x14a994001948
nid005016:26139:26139 [0] NCCL INFO Channel 06/0 : 8[c1000] -> 14[d9000] via P2P/IPC comm 0x55827e574290 nRanks 16
nid005016:26139:26262 [0] NCCL INFO New proxy send connection 9 from local rank 0, transport 0
nid005016:26139:26139 [0] NCCL INFO Connected to proxy localRank 0 -> connection 0x150a18001858
nid005016:26141:26261 [3] NCCL INFO New proxy recv connection 9 from local rank 3, transport 0
nid005016:26141:26141 [3] NCCL INFO Connected to proxy localRank 3 -> connection 0x14fb60001858
nid005016:26144:26144 [2] NCCL INFO Channel 07/0 : 10[c9000] -> 12[d1000] via P2P/IPC comm 0x557903c7f1c0 nRanks 16
nid005016:26144:26264 [2] NCCL INFO New proxy send connection 9 from local rank 2, transport 0
nid005016:26144:26144 [2] NCCL INFO Connected to proxy localRank 2 -> connection 0x147334001858
nid005015:85339:85339 [1] NCCL INFO Channel 10/0 : 1[c6000] -> 3[ce000] via P2P/IPC comm 0x55f768ab8660 nRanks 16
nid005015:85339:85460 [1] NCCL INFO New proxy send connection 10 from local rank 1, transport 0
nid005015:85339:85339 [1] NCCL INFO Connected to proxy localRank 1 -> connection 0x1508ec0018d0
nid005015:85337:85337 [0] NCCL INFO Channel 11/0 : 0[c1000] -> 6[d9000] via P2P/IPC comm 0x557a2b5ee3a0 nRanks 16
nid005015:85337:85459 [0] NCCL INFO New proxy send connection 10 from local rank 0, transport 0
nid005015:85337:85337 [0] NCCL INFO Connected to proxy localRank 0 -> connection 0x1460240018d0
nid005015:85340:85454 [3] NCCL INFO New proxy recv connection 11 from local rank 3, transport 0
nid005015:85340:85340 [3] NCCL INFO Connected to proxy localRank 3 -> connection 0x145d80001948
nid005015:85344:85344 [4] NCCL INFO Channel 00/0 : 4[d1000] -> 6[d9000] via P2P/IPC comm 0x55617ae1a000 nRanks 16
nid005015:85344:85457 [4] NCCL INFO New proxy send connection 12 from local rank 4, transport 0
nid005015:85344:85344 [4] NCCL INFO Connected to proxy localRank 4 -> connection 0x14b1740019c0
nid005015:85338:85338 [2] NCCL INFO Channel 14/0 : 2[c9000] -> 4[d1000] via P2P/IPC comm 0x56376cb3d260 nRanks 16
nid005015:85338:85456 [2] NCCL INFO New proxy send connection 11 from local rank 2, transport 0
nid005015:85338:85338 [2] NCCL INFO Connected to proxy localRank 2 -> connection 0x148b4c001948
nid005016:26145:26259 [5] NCCL INFO New proxy recv connection 9 from local rank 5, transport 0
nid005016:26145:26145 [5] NCCL INFO Connected to proxy localRank 5 -> connection 0x14c8dc001858
nid005016:26142:26260 [6] NCCL INFO New proxy recv connection 10 from local rank 6, transport 0
nid005016:26142:26142 [6] NCCL INFO Connected to proxy localRank 6 -> connection 0x151d800018d0
nid005016:26139:26139 [0] NCCL INFO Channel 10/0 : 8[c1000] -> 14[d9000] via P2P/IPC comm 0x55827e574290 nRanks 16
nid005016:26139:26262 [0] NCCL INFO New proxy send connection 10 from local rank 0, transport 0
nid005016:26139:26139 [0] NCCL INFO Connected to proxy localRank 0 -> connection 0x150a180018d0
nid005016:26146:26263 [7] NCCL INFO New proxy recv connection 10 from local rank 7, transport 0
nid005016:26146:26146 [7] NCCL INFO Connected to proxy localRank 7 -> connection 0x147d440018d0
nid005016:26141:26261 [3] NCCL INFO New proxy recv connection 10 from local rank 3, transport 0
nid005016:26141:26141 [3] NCCL INFO Connected to proxy localRank 3 -> connection 0x14fb600018d0
nid005016:26143:26272 [4] NCCL INFO New proxy recv connection 9 from local rank 4, transport 0
nid005016:26143:26143 [4] NCCL INFO Connected to proxy localRank 4 -> connection 0x14d250001858
nid005016:26144:26144 [2] NCCL INFO Channel 11/0 : 10[c9000] -> 12[d1000] via P2P/IPC comm 0x557903c7f1c0 nRanks 16
nid005016:26144:26264 [2] NCCL INFO New proxy send connection 10 from local rank 2, transport 0
nid005016:26144:26144 [2] NCCL INFO Connected to proxy localRank 2 -> connection 0x1473340018d0
nid005015:85337:85337 [0] NCCL INFO Channel 15/0 : 0[c1000] -> 6[d9000] via P2P/IPC comm 0x557a2b5ee3a0 nRanks 16
nid005015:85337:85459 [0] NCCL INFO New proxy send connection 11 from local rank 0, transport 0
nid005015:85337:85337 [0] NCCL INFO Connected to proxy localRank 0 -> connection 0x146024001948
nid005015:85339:85339 [1] NCCL INFO Channel 14/0 : 1[c6000] -> 3[ce000] via P2P/IPC comm 0x55f768ab8660 nRanks 16
nid005015:85339:85460 [1] NCCL INFO New proxy send connection 11 from local rank 1, transport 0
nid005015:85339:85339 [1] NCCL INFO Connected to proxy localRank 1 -> connection 0x1508ec001948
nid005015:85344:85344 [4] NCCL INFO Channel 04/0 : 4[d1000] -> 6[d9000] via P2P/IPC comm 0x55617ae1a000 nRanks 16
nid005015:85344:85457 [4] NCCL INFO New proxy send connection 13 from local rank 4, transport 0
nid005015:85344:85344 [4] NCCL INFO Connected to proxy localRank 4 -> connection 0x14b174001a38
nid005016:26145:26259 [5] NCCL INFO New proxy recv connection 10 from local rank 5, transport 0
nid005016:26145:26145 [5] NCCL INFO Connected to proxy localRank 5 -> connection 0x14c8dc0018d0
nid005016:26139:26139 [0] NCCL INFO Channel 14/0 : 8[c1000] -> 14[d9000] via P2P/IPC comm 0x55827e574290 nRanks 16
nid005016:26139:26262 [0] NCCL INFO New proxy send connection 11 from local rank 0, transport 0
nid005016:26139:26139 [0] NCCL INFO Connected to proxy localRank 0 -> connection 0x150a18001948
nid005016:26142:26260 [6] NCCL INFO New proxy recv connection 11 from local rank 6, transport 0
nid005016:26142:26142 [6] NCCL INFO Connected to proxy localRank 6 -> connection 0x151d80001948
nid005016:26141:26261 [3] NCCL INFO New proxy recv connection 11 from local rank 3, transport 0
nid005016:26141:26141 [3] NCCL INFO Connected to proxy localRank 3 -> connection 0x14fb60001948
nid005016:26146:26263 [7] NCCL INFO New proxy recv connection 11 from local rank 7, transport 0
nid005016:26146:26146 [7] NCCL INFO Connected to proxy localRank 7 -> connection 0x147d44001948
nid005015:85344:85344 [4] NCCL INFO Channel 08/0 : 4[d1000] -> 6[d9000] via P2P/IPC comm 0x55617ae1a000 nRanks 16
nid005015:85344:85457 [4] NCCL INFO New proxy send connection 14 from local rank 4, transport 0
nid005015:85344:85344 [4] NCCL INFO Connected to proxy localRank 4 -> connection 0x14b174001ab0
nid005016:26144:26144 [2] NCCL INFO Channel 15/0 : 10[c9000] -> 12[d1000] via P2P/IPC comm 0x557903c7f1c0 nRanks 16
nid005016:26144:26264 [2] NCCL INFO New proxy send connection 11 from local rank 2, transport 0
nid005016:26144:26144 [2] NCCL INFO Connected to proxy localRank 2 -> connection 0x147334001948
nid005015:85340:85340 [3] NCCL INFO Channel 01/0 : 3[ce000] -> 7[de000] via P2P/IPC comm 0x5652821c3ea0 nRanks 16
nid005015:85339:85339 [1] NCCL INFO Channel 00/0 : 1[c6000] -> 5[d6000] via P2P/IPC comm 0x55f768ab8660 nRanks 16
nid005015:85340:85454 [3] NCCL INFO New proxy send connection 12 from local rank 3, transport 0
nid005015:85340:85340 [3] NCCL INFO Connected to proxy localRank 3 -> connection 0x145d800019c0
nid005015:85339:85460 [1] NCCL INFO New proxy send connection 12 from local rank 1, transport 0
nid005015:85339:85339 [1] NCCL INFO Connected to proxy localRank 1 -> connection 0x1508ec0019c0
nid005016:26143:26272 [4] NCCL INFO New proxy recv connection 10 from local rank 4, transport 0
nid005016:26143:26143 [4] NCCL INFO Connected to proxy localRank 4 -> connection 0x14d2500018d0
nid005016:26145:26259 [5] NCCL INFO New proxy recv connection 11 from local rank 5, transport 0
nid005016:26145:26145 [5] NCCL INFO Connected to proxy localRank 5 -> connection 0x14c8dc001948
nid005015:85344:85344 [4] NCCL INFO Channel 12/0 : 4[d1000] -> 6[d9000] via P2P/IPC comm 0x55617ae1a000 nRanks 16
nid005015:85344:85457 [4] NCCL INFO New proxy send connection 15 from local rank 4, transport 0
nid005015:85344:85344 [4] NCCL INFO Connected to proxy localRank 4 -> connection 0x14b174001b28
nid005016:26140:26140 [1] NCCL INFO Channel 01/0 : 9[c6000] -> 13[d6000] via P2P/IPC comm 0x560201cd0140 nRanks 16
nid005016:26141:26141 [3] NCCL INFO Channel 00/0 : 11[ce000] -> 15[de000] via P2P/IPC comm 0x563ddb79ccb0 nRanks 16
nid005016:26141:26261 [3] NCCL INFO New proxy send connection 12 from local rank 3, transport 0
nid005016:26140:26258 [1] NCCL INFO New proxy send connection 12 from local rank 1, transport 0
nid005016:26140:26140 [1] NCCL INFO Connected to proxy localRank 1 -> connection 0x14a9940019c0
nid005016:26141:26141 [3] NCCL INFO Connected to proxy localRank 3 -> connection 0x14fb600019c0
nid005015:85339:85339 [1] NCCL INFO Channel 04/0 : 1[c6000] -> 5[d6000] via P2P/IPC comm 0x55f768ab8660 nRanks 16
nid005015:85339:85460 [1] NCCL INFO New proxy send connection 13 from local rank 1, transport 0
nid005015:85340:85340 [3] NCCL INFO Channel 05/0 : 3[ce000] -> 7[de000] via P2P/IPC comm 0x5652821c3ea0 nRanks 16
nid005015:85339:85339 [1] NCCL INFO Connected to proxy localRank 1 -> connection 0x1508ec001a38
nid005015:85340:85454 [3] NCCL INFO New proxy send connection 13 from local rank 3, transport 0
nid005015:85340:85340 [3] NCCL INFO Connected to proxy localRank 3 -> connection 0x145d80001a38
nid005016:26143:26272 [4] NCCL INFO New proxy recv connection 11 from local rank 4, transport 0
nid005016:26143:26143 [4] NCCL INFO Connected to proxy localRank 4 -> connection 0x14d250001948
nid005015:85338:85338 [2] NCCL INFO GPU Direct RDMA Enabled for GPU c9000 / HCA 1 (distance 6 <= 6), read 0
nid005015:85341:85455 [6] NCCL INFO New proxy recv connection 12 from local rank 6, transport 0
nid005015:85341:85341 [6] NCCL INFO Connected to proxy localRank 6 -> connection 0x14b8b00019c0
nid005015:85344:85457 [4] NCCL INFO New proxy recv connection 16 from local rank 4, transport 0
nid005015:85344:85344 [4] NCCL INFO Connected to proxy localRank 4 -> connection 0x14b174001ba0
nid005016:26141:26141 [3] NCCL INFO Channel 04/0 : 11[ce000] -> 15[de000] via P2P/IPC comm 0x563ddb79ccb0 nRanks 16
nid005016:26141:26261 [3] NCCL INFO New proxy send connection 13 from local rank 3, transport 0
nid005016:26141:26141 [3] NCCL INFO Connected to proxy localRank 3 -> connection 0x14fb60001a38
nid005016:26140:26140 [1] NCCL INFO Channel 05/0 : 9[c6000] -> 13[d6000] via P2P/IPC comm 0x560201cd0140 nRanks 16
nid005016:26140:26258 [1] NCCL INFO New proxy send connection 13 from local rank 1, transport 0
nid005016:26140:26140 [1] NCCL INFO Connected to proxy localRank 1 -> connection 0x14a994001a38
nid005015:85339:85339 [1] NCCL INFO Channel 08/0 : 1[c6000] -> 5[d6000] via P2P/IPC comm 0x55f768ab8660 nRanks 16
nid005015:85339:85460 [1] NCCL INFO New proxy send connection 14 from local rank 1, transport 0
nid005015:85339:85339 [1] NCCL INFO Connected to proxy localRank 1 -> connection 0x1508ec001ab0
nid005015:85340:85340 [3] NCCL INFO Channel 09/0 : 3[ce000] -> 7[de000] via P2P/IPC comm 0x5652821c3ea0 nRanks 16
nid005015:85340:85454 [3] NCCL INFO New proxy send connection 14 from local rank 3, transport 0
nid005015:85340:85340 [3] NCCL INFO Connected to proxy localRank 3 -> connection 0x145d80001ab0
nid005016:26143:26143 [4] NCCL INFO Channel 01/0 : 12[d1000] -> 14[d9000] via P2P/IPC comm 0x560f9106ed10 nRanks 16
nid005016:26143:26272 [4] NCCL INFO New proxy send connection 12 from local rank 4, transport 0
nid005016:26143:26143 [4] NCCL INFO Connected to proxy localRank 4 -> connection 0x14d2500019c0
nid005015:85338:85456 [2] NCCL INFO New proxy recv connection 12 from local rank 2, transport 2
nid005015:85338:85338 [2] NCCL INFO Connected to proxy localRank 2 -> connection 0x148b4c0019c0
nid005015:85344:85457 [4] NCCL INFO New proxy recv connection 17 from local rank 4, transport 0
nid005015:85344:85344 [4] NCCL INFO Connected to proxy localRank 4 -> connection 0x14b174001c18
nid005015:85341:85455 [6] NCCL INFO New proxy recv connection 13 from local rank 6, transport 0
nid005015:85341:85341 [6] NCCL INFO Connected to proxy localRank 6 -> connection 0x14b8b0001a38
nid005016:26140:26140 [1] NCCL INFO Channel 09/0 : 9[c6000] -> 13[d6000] via P2P/IPC comm 0x560201cd0140 nRanks 16
nid005016:26140:26258 [1] NCCL INFO New proxy send connection 14 from local rank 1, transport 0
nid005016:26140:26140 [1] NCCL INFO Connected to proxy localRank 1 -> connection 0x14a994001ab0
nid005016:26141:26141 [3] NCCL INFO Channel 08/0 : 11[ce000] -> 15[de000] via P2P/IPC comm 0x563ddb79ccb0 nRanks 16
nid005016:26141:26261 [3] NCCL INFO New proxy send connection 14 from local rank 3, transport 0
nid005016:26141:26141 [3] NCCL INFO Connected to proxy localRank 3 -> connection 0x14fb60001ab0
nid005015:85344:85457 [4] NCCL INFO New proxy recv connection 18 from local rank 4, transport 0
nid005015:85344:85344 [4] NCCL INFO Connected to proxy localRank 4 -> connection 0x14b174001c90
nid005015:85341:85455 [6] NCCL INFO New proxy recv connection 14 from local rank 6, transport 0
nid005015:85341:85341 [6] NCCL INFO Connected to proxy localRank 6 -> connection 0x14b8b0001ab0
nid005015:85339:85339 [1] NCCL INFO Channel 12/0 : 1[c6000] -> 5[d6000] via P2P/IPC comm 0x55f768ab8660 nRanks 16
nid005015:85339:85460 [1] NCCL INFO New proxy send connection 15 from local rank 1, transport 0
nid005015:85340:85340 [3] NCCL INFO Channel 13/0 : 3[ce000] -> 7[de000] via P2P/IPC comm 0x5652821c3ea0 nRanks 16
nid005015:85340:85454 [3] NCCL INFO New proxy send connection 15 from local rank 3, transport 0
nid005015:85339:85339 [1] NCCL INFO Connected to proxy localRank 1 -> connection 0x1508ec001b28
nid005016:26143:26143 [4] NCCL INFO Channel 05/0 : 12[d1000] -> 14[d9000] via P2P/IPC comm 0x560f9106ed10 nRanks 16
nid005015:85340:85340 [3] NCCL INFO Connected to proxy localRank 3 -> connection 0x145d80001b28
nid005016:26143:26272 [4] NCCL INFO New proxy send connection 13 from local rank 4, transport 0
nid005016:26143:26143 [4] NCCL INFO Connected to proxy localRank 4 -> connection 0x14d250001a38
nid005016:26140:26140 [1] NCCL INFO Channel 13/0 : 9[c6000] -> 13[d6000] via P2P/IPC comm 0x560201cd0140 nRanks 16
nid005016:26140:26258 [1] NCCL INFO New proxy send connection 15 from local rank 1, transport 0
nid005016:26140:26140 [1] NCCL INFO Connected to proxy localRank 1 -> connection 0x14a994001b28
nid005015:85344:85457 [4] NCCL INFO New proxy recv connection 19 from local rank 4, transport 0
nid005015:85344:85344 [4] NCCL INFO Connected to proxy localRank 4 -> connection 0x14b174001d08
nid005016:26141:26141 [3] NCCL INFO Channel 12/0 : 11[ce000] -> 15[de000] via P2P/IPC comm 0x563ddb79ccb0 nRanks 16
nid005016:26141:26261 [3] NCCL INFO New proxy send connection 15 from local rank 3, transport 0
nid005016:26141:26141 [3] NCCL INFO Connected to proxy localRank 3 -> connection 0x14fb60001b28
nid005015:85341:85455 [6] NCCL INFO New proxy recv connection 15 from local rank 6, transport 0
nid005015:85341:85341 [6] NCCL INFO Connected to proxy localRank 6 -> connection 0x14b8b0001b28
nid005015:85343:85343 [5] NCCL INFO GPU Direct RDMA Enabled for GPU d6000 / HCA 2 (distance 6 <= 6), read 0
nid005015:85339:85460 [1] NCCL INFO New proxy recv connection 16 from local rank 1, transport 0
nid005015:85339:85339 [1] NCCL INFO Connected to proxy localRank 1 -> connection 0x1508ec001ba0
nid005015:85342:85342 [7] NCCL INFO GPU Direct RDMA Enabled for GPU de000 / HCA 3 (distance 6 <= 6), read 0
nid005015:85340:85454 [3] NCCL INFO New proxy recv connection 16 from local rank 3, transport 0
nid005015:85340:85340 [3] NCCL INFO Connected to proxy localRank 3 -> connection 0x145d80001ba0
nid005016:26143:26143 [4] NCCL INFO Channel 09/0 : 12[d1000] -> 14[d9000] via P2P/IPC comm 0x560f9106ed10 nRanks 16
nid005016:26143:26272 [4] NCCL INFO New proxy send connection 14 from local rank 4, transport 0
nid005016:26143:26143 [4] NCCL INFO Connected to proxy localRank 4 -> connection 0x14d250001ab0
nid005015:85344:85344 [4] NCCL INFO Channel 03/0 : 4[d1000] -> 2[c9000] via P2P/IPC comm 0x55617ae1a000 nRanks 16
nid005015:85344:85457 [4] NCCL INFO New proxy send connection 20 from local rank 4, transport 0
nid005015:85344:85344 [4] NCCL INFO Connected to proxy localRank 4 -> connection 0x14b174001d80
nid005016:26145:26145 [5] NCCL INFO GPU Direct RDMA Enabled for GPU d6000 / HCA 2 (distance 6 <= 6), read 0
nid005016:26140:26258 [1] NCCL INFO New proxy recv connection 16 from local rank 1, transport 0
nid005016:26140:26140 [1] NCCL INFO Connected to proxy localRank 1 -> connection 0x14a994001ba0
nid005016:26146:26146 [7] NCCL INFO GPU Direct RDMA Enabled for GPU de000 / HCA 3 (distance 6 <= 6), read 0
nid005016:26141:26261 [3] NCCL INFO New proxy recv connection 16 from local rank 3, transport 0
nid005016:26141:26141 [3] NCCL INFO Connected to proxy localRank 3 -> connection 0x14fb60001ba0
nid005015:85343:85458 [5] NCCL INFO New proxy recv connection 12 from local rank 5, transport 2
nid005015:85341:85341 [6] NCCL INFO Channel 02/0 : 6[d9000] -> 0[c1000] via P2P/IPC comm 0x5653595b56b0 nRanks 16
nid005015:85341:85455 [6] NCCL INFO New proxy send connection 16 from local rank 6, transport 0
nid005015:85337:85337 [0] NCCL INFO GPU Direct RDMA Enabled for GPU c1000 / HCA 0 (distance 6 <= 6), read 0
nid005015:85343:85343 [5] NCCL INFO Connected to proxy localRank 5 -> connection 0x14beec0019c0
nid005015:85341:85341 [6] NCCL INFO Connected to proxy localRank 6 -> connection 0x14b8b0001ba0
nid005015:85339:85460 [1] NCCL INFO New proxy recv connection 17 from local rank 1, transport 0
nid005015:85339:85339 [1] NCCL INFO Connected to proxy localRank 1 -> connection 0x1508ec001c18
nid005015:85342:85453 [7] NCCL INFO New proxy recv connection 12 from local rank 7, transport 2
nid005015:85342:85342 [7] NCCL INFO Connected to proxy localRank 7 -> connection 0x14e1880019c0
nid005015:85340:85454 [3] NCCL INFO New proxy recv connection 17 from local rank 3, transport 0
nid005015:85340:85340 [3] NCCL INFO Connected to proxy localRank 3 -> connection 0x145d80001c18
nid005016:26145:26259 [5] NCCL INFO New proxy recv connection 12 from local rank 5, transport 2
nid005016:26145:26145 [5] NCCL INFO Connected to proxy localRank 5 -> connection 0x14c8dc0019c0
nid005016:26143:26143 [4] NCCL INFO Channel 13/0 : 12[d1000] -> 14[d9000] via P2P/IPC comm 0x560f9106ed10 nRanks 16
nid005016:26143:26272 [4] NCCL INFO New proxy send connection 15 from local rank 4, transport 0
nid005016:26143:26143 [4] NCCL INFO Connected to proxy localRank 4 -> connection 0x14d250001b28
nid005015:85344:85344 [4] NCCL INFO Channel 07/0 : 4[d1000] -> 2[c9000] via P2P/IPC comm 0x55617ae1a000 nRanks 16
nid005015:85344:85457 [4] NCCL INFO New proxy send connection 21 from local rank 4, transport 0
nid005015:85344:85344 [4] NCCL INFO Connected to proxy localRank 4 -> connection 0x14b174001df8
nid005016:26140:26258 [1] NCCL INFO New proxy recv connection 17 from local rank 1, transport 0
nid005016:26140:26140 [1] NCCL INFO Connected to proxy localRank 1 -> connection 0x14a994001c18
nid005016:26146:26263 [7] NCCL INFO New proxy recv connection 12 from local rank 7, transport 2
nid005016:26146:26146 [7] NCCL INFO Connected to proxy localRank 7 -> connection 0x147d440019c0
nid005015:85337:85459 [0] NCCL INFO New proxy recv connection 12 from local rank 0, transport 2
nid005015:85337:85337 [0] NCCL INFO Connected to proxy localRank 0 -> connection 0x1460240019c0
nid005015:85341:85341 [6] NCCL INFO Channel 06/0 : 6[d9000] -> 0[c1000] via P2P/IPC comm 0x5653595b56b0 nRanks 16
nid005015:85341:85455 [6] NCCL INFO New proxy send connection 17 from local rank 6, transport 0
nid005015:85341:85341 [6] NCCL INFO Connected to proxy localRank 6 -> connection 0x14b8b0001c18
nid005016:26141:26261 [3] NCCL INFO New proxy recv connection 17 from local rank 3, transport 0
nid005016:26141:26141 [3] NCCL INFO Connected to proxy localRank 3 -> connection 0x14fb60001c18
nid005015:85339:85460 [1] NCCL INFO New proxy recv connection 18 from local rank 1, transport 0
nid005015:85339:85339 [1] NCCL INFO Connected to proxy localRank 1 -> connection 0x1508ec001c90
nid005015:85340:85454 [3] NCCL INFO New proxy recv connection 18 from local rank 3, transport 0
nid005015:85340:85340 [3] NCCL INFO Connected to proxy localRank 3 -> connection 0x145d80001c90
nid005015:85344:85344 [4] NCCL INFO Channel 11/0 : 4[d1000] -> 2[c9000] via P2P/IPC comm 0x55617ae1a000 nRanks 16
nid005015:85344:85457 [4] NCCL INFO New proxy send connection 22 from local rank 4, transport 0
nid005015:85344:85344 [4] NCCL INFO Connected to proxy localRank 4 -> connection 0x14b174001e70
nid005015:85341:85341 [6] NCCL INFO Channel 10/0 : 6[d9000] -> 0[c1000] via P2P/IPC comm 0x5653595b56b0 nRanks 16
nid005015:85341:85455 [6] NCCL INFO New proxy send connection 18 from local rank 6, transport 0
nid005015:85341:85341 [6] NCCL INFO Connected to proxy localRank 6 -> connection 0x14b8b0001c90
nid005016:26144:26144 [2] NCCL INFO GPU Direct RDMA Enabled for GPU c9000 / HCA 1 (distance 6 <= 6), read 0
nid005016:26142:26260 [6] NCCL INFO New proxy recv connection 12 from local rank 6, transport 0
nid005016:26143:26272 [4] NCCL INFO New proxy recv connection 16 from local rank 4, transport 0
nid005016:26143:26143 [4] NCCL INFO Connected to proxy localRank 4 -> connection 0x14d250001ba0
nid005016:26140:26258 [1] NCCL INFO New proxy recv connection 18 from local rank 1, transport 0
nid005016:26142:26142 [6] NCCL INFO Connected to proxy localRank 6 -> connection 0x151d800019c0
nid005016:26140:26140 [1] NCCL INFO Connected to proxy localRank 1 -> connection 0x14a994001c90
nid005015:85339:85460 [1] NCCL INFO New proxy recv connection 19 from local rank 1, transport 0
nid005015:85339:85339 [1] NCCL INFO Connected to proxy localRank 1 -> connection 0x1508ec001d08
nid005015:85340:85454 [3] NCCL INFO New proxy recv connection 19 from local rank 3, transport 0
nid005015:85340:85340 [3] NCCL INFO Connected to proxy localRank 3 -> connection 0x145d80001d08
nid005016:26141:26261 [3] NCCL INFO New proxy recv connection 18 from local rank 3, transport 0
nid005016:26141:26141 [3] NCCL INFO Connected to proxy localRank 3 -> connection 0x14fb60001c90
nid005015:85341:85341 [6] NCCL INFO Channel 14/0 : 6[d9000] -> 0[c1000] via P2P/IPC comm 0x5653595b56b0 nRanks 16
nid005015:85341:85455 [6] NCCL INFO New proxy send connection 19 from local rank 6, transport 0
nid005015:85341:85341 [6] NCCL INFO Connected to proxy localRank 6 -> connection 0x14b8b0001d08
nid005015:85344:85344 [4] NCCL INFO Channel 15/0 : 4[d1000] -> 2[c9000] via P2P/IPC comm 0x55617ae1a000 nRanks 16
nid005015:85344:85457 [4] NCCL INFO New proxy send connection 23 from local rank 4, transport 0
nid005015:85344:85344 [4] NCCL INFO Connected to proxy localRank 4 -> connection 0x14b174001ee8
nid005016:26144:26264 [2] NCCL INFO New proxy recv connection 12 from local rank 2, transport 2
nid005016:26144:26144 [2] NCCL INFO Connected to proxy localRank 2 -> connection 0x1473340019c0
nid005015:85338:85338 [2] NCCL INFO Channel 01/0 : 10[c9000] -> 2[c9000] [receive] via NET/Libfabric/1/GDRDMA comm 0x56376cb3d260 nRanks 16
nid005015:85338:85338 [2] NCCL INFO GPU Direct RDMA Enabled for GPU c9000 / HCA 1 (distance 6 <= 6), read 0
nid005015:85338:85456 [2] NCCL INFO New proxy recv connection 13 from local rank 2, transport 2
nid005016:26140:26258 [1] NCCL INFO New proxy recv connection 19 from local rank 1, transport 0
nid005016:26140:26140 [1] NCCL INFO Connected to proxy localRank 1 -> connection 0x14a994001d08
nid005015:85338:85338 [2] NCCL INFO Connected to proxy localRank 2 -> connection 0x148b4c001a38
nid005015:85338:85338 [2] NCCL INFO Channel 05/0 : 10[c9000] -> 2[c9000] [receive] via NET/Libfabric/1/GDRDMA comm 0x56376cb3d260 nRanks 16
nid005015:85338:85338 [2] NCCL INFO GPU Direct RDMA Enabled for GPU c9000 / HCA 1 (distance 6 <= 6), read 0
nid005015:85338:85456 [2] NCCL INFO New proxy recv connection 14 from local rank 2, transport 2
nid005015:85338:85338 [2] NCCL INFO Connected to proxy localRank 2 -> connection 0x148b4c001ab0
nid005015:85338:85338 [2] NCCL INFO Channel 09/0 : 10[c9000] -> 2[c9000] [receive] via NET/Libfabric/1/GDRDMA comm 0x56376cb3d260 nRanks 16
nid005015:85338:85338 [2] NCCL INFO GPU Direct RDMA Enabled for GPU c9000 / HCA 1 (distance 6 <= 6), read 0
nid005015:85338:85456 [2] NCCL INFO New proxy recv connection 15 from local rank 2, transport 2
nid005015:85338:85338 [2] NCCL INFO Connected to proxy localRank 2 -> connection 0x148b4c001b28
nid005016:26143:26272 [4] NCCL INFO New proxy recv connection 17 from local rank 4, transport 0
nid005016:26143:26143 [4] NCCL INFO Connected to proxy localRank 4 -> connection 0x14d250001c18
nid005015:85338:85338 [2] NCCL INFO Channel 13/0 : 10[c9000] -> 2[c9000] [receive] via NET/Libfabric/1/GDRDMA comm 0x56376cb3d260 nRanks 16
nid005015:85338:85338 [2] NCCL INFO GPU Direct RDMA Enabled for GPU c9000 / HCA 1 (distance 6 <= 6), read 1
nid005015:85338:85456 [2] NCCL INFO New proxy send connection 16 from local rank 2, transport 2
nid005015:85338:85338 [2] NCCL INFO Connected to proxy localRank 2 -> connection 0x148b4c001ba0
nid005015:85338:85338 [2] NCCL INFO Channel 00/0 : 2[c9000] -> 10[c9000] [send] via NET/Libfabric/1/GDRDMA comm 0x56376cb3d260 nRanks 16
nid005015:85338:85338 [2] NCCL INFO GPU Direct RDMA Enabled for GPU c9000 / HCA 1 (distance 6 <= 6), read 1
nid005015:85338:85456 [2] NCCL INFO New proxy send connection 17 from local rank 2, transport 2
nid005015:85338:85338 [2] NCCL INFO Connected to proxy localRank 2 -> connection 0x148b4c001c18
nid005015:85338:85338 [2] NCCL INFO Channel 04/0 : 2[c9000] -> 10[c9000] [send] via NET/Libfabric/1/GDRDMA comm 0x56376cb3d260 nRanks 16
nid005015:85338:85338 [2] NCCL INFO GPU Direct RDMA Enabled for GPU c9000 / HCA 1 (distance 6 <= 6), read 1
nid005015:85338:85456 [2] NCCL INFO New proxy send connection 18 from local rank 2, transport 2
nid005015:85338:85338 [2] NCCL INFO Connected to proxy localRank 2 -> connection 0x148b4c001c90
nid005015:85338:85338 [2] NCCL INFO Channel 08/0 : 2[c9000] -> 10[c9000] [send] via NET/Libfabric/1/GDRDMA comm 0x56376cb3d260 nRanks 16
nid005015:85338:85338 [2] NCCL INFO GPU Direct RDMA Enabled for GPU c9000 / HCA 1 (distance 6 <= 6), read 1
nid005015:85338:85456 [2] NCCL INFO New proxy send connection 19 from local rank 2, transport 2
nid005015:85338:85338 [2] NCCL INFO Connected to proxy localRank 2 -> connection 0x148b4c001d08
nid005015:85338:85338 [2] NCCL INFO Channel 12/0 : 2[c9000] -> 10[c9000] [send] via NET/Libfabric/1/GDRDMA comm 0x56376cb3d260 nRanks 16
nid005016:26141:26261 [3] NCCL INFO New proxy recv connection 19 from local rank 3, transport 0
nid005016:26141:26141 [3] NCCL INFO Connected to proxy localRank 3 -> connection 0x14fb60001d08
nid005016:26142:26260 [6] NCCL INFO New proxy recv connection 13 from local rank 6, transport 0
nid005016:26142:26142 [6] NCCL INFO Connected to proxy localRank 6 -> connection 0x151d80001a38
nid005016:26143:26272 [4] NCCL INFO New proxy recv connection 18 from local rank 4, transport 0
nid005016:26143:26143 [4] NCCL INFO Connected to proxy localRank 4 -> connection 0x14d250001c90
nid005016:26142:26260 [6] NCCL INFO New proxy recv connection 14 from local rank 6, transport 0
nid005016:26142:26142 [6] NCCL INFO Connected to proxy localRank 6 -> connection 0x151d80001ab0
nid005016:26145:26145 [5] NCCL INFO Channel 02/0 : 5[d6000] -> 13[d6000] [receive] via NET/Libfabric/2/GDRDMA comm 0x5648b2aaefb0 nRanks 16
nid005016:26145:26145 [5] NCCL INFO GPU Direct RDMA Enabled for GPU d6000 / HCA 2 (distance 6 <= 6), read 0
nid005016:26145:26259 [5] NCCL INFO New proxy recv connection 13 from local rank 5, transport 2
nid005016:26145:26145 [5] NCCL INFO Connected to proxy localRank 5 -> connection 0x14c8dc001a38
nid005016:26145:26145 [5] NCCL INFO Channel 06/0 : 5[d6000] -> 13[d6000] [receive] via NET/Libfabric/2/GDRDMA comm 0x5648b2aaefb0 nRanks 16
nid005016:26145:26145 [5] NCCL INFO GPU Direct RDMA Enabled for GPU d6000 / HCA 2 (distance 6 <= 6), read 0
nid005016:26145:26259 [5] NCCL INFO New proxy recv connection 14 from local rank 5, transport 2
nid005016:26145:26145 [5] NCCL INFO Connected to proxy localRank 5 -> connection 0x14c8dc001ab0
nid005016:26145:26145 [5] NCCL INFO Channel 10/0 : 5[d6000] -> 13[d6000] [receive] via NET/Libfabric/2/GDRDMA comm 0x5648b2aaefb0 nRanks 16
nid005016:26145:26145 [5] NCCL INFO GPU Direct RDMA Enabled for GPU d6000 / HCA 2 (distance 6 <= 6), read 0
nid005016:26145:26259 [5] NCCL INFO New proxy recv connection 15 from local rank 5, transport 2
nid005016:26145:26145 [5] NCCL INFO Connected to proxy localRank 5 -> connection 0x14c8dc001b28
nid005016:26143:26272 [4] NCCL INFO New proxy recv connection 19 from local rank 4, transport 0
nid005016:26143:26143 [4] NCCL INFO Connected to proxy localRank 4 -> connection 0x14d250001d08
nid005016:26145:26145 [5] NCCL INFO Channel 14/0 : 5[d6000] -> 13[d6000] [receive] via NET/Libfabric/2/GDRDMA comm 0x5648b2aaefb0 nRanks 16
nid005016:26145:26145 [5] NCCL INFO GPU Direct RDMA Enabled for GPU d6000 / HCA 2 (distance 6 <= 6), read 1
nid005016:26145:26259 [5] NCCL INFO New proxy send connection 16 from local rank 5, transport 2
nid005016:26145:26145 [5] NCCL INFO Connected to proxy localRank 5 -> connection 0x14c8dc001ba0
nid005015:85342:85342 [7] NCCL INFO Channel 02/0 : 15[de000] -> 7[de000] [receive] via NET/Libfabric/3/GDRDMA comm 0x55b2fdc59f40 nRanks 16
nid005015:85342:85342 [7] NCCL INFO GPU Direct RDMA Enabled for GPU de000 / HCA 3 (distance 6 <= 6), read 0
nid005016:26145:26145 [5] NCCL INFO Channel 03/0 : 13[d6000] -> 5[d6000] [send] via NET/Libfabric/2/GDRDMA comm 0x5648b2aaefb0 nRanks 16
nid005016:26145:26145 [5] NCCL INFO GPU Direct RDMA Enabled for GPU d6000 / HCA 2 (distance 6 <= 6), read 1
nid005015:85342:85453 [7] NCCL INFO New proxy recv connection 13 from local rank 7, transport 2
nid005015:85342:85342 [7] NCCL INFO Connected to proxy localRank 7 -> connection 0x14e188001a38
nid005016:26145:26259 [5] NCCL INFO New proxy send connection 17 from local rank 5, transport 2
nid005016:26145:26145 [5] NCCL INFO Connected to proxy localRank 5 -> connection 0x14c8dc001c18
nid005016:26145:26145 [5] NCCL INFO Channel 07/0 : 13[d6000] -> 5[d6000] [send] via NET/Libfabric/2/GDRDMA comm 0x5648b2aaefb0 nRanks 16
nid005016:26145:26145 [5] NCCL INFO GPU Direct RDMA Enabled for GPU d6000 / HCA 2 (distance 6 <= 6), read 1
nid005016:26145:26259 [5] NCCL INFO New proxy send connection 18 from local rank 5, transport 2
nid005015:85342:85342 [7] NCCL INFO Channel 06/0 : 15[de000] -> 7[de000] [receive] via NET/Libfabric/3/GDRDMA comm 0x55b2fdc59f40 nRanks 16
nid005015:85342:85342 [7] NCCL INFO GPU Direct RDMA Enabled for GPU de000 / HCA 3 (distance 6 <= 6), read 0
nid005015:85342:85453 [7] NCCL INFO New proxy recv connection 14 from local rank 7, transport 2
nid005015:85342:85342 [7] NCCL INFO Connected to proxy localRank 7 -> connection 0x14e188001ab0
nid005015:85342:85342 [7] NCCL INFO Channel 10/0 : 15[de000] -> 7[de000] [receive] via NET/Libfabric/3/GDRDMA comm 0x55b2fdc59f40 nRanks 16
nid005015:85342:85342 [7] NCCL INFO GPU Direct RDMA Enabled for GPU de000 / HCA 3 (distance 6 <= 6), read 0
nid005015:85342:85453 [7] NCCL INFO New proxy recv connection 15 from local rank 7, transport 2
nid005015:85342:85342 [7] NCCL INFO Connected to proxy localRank 7 -> connection 0x14e188001b28
nid005016:26145:26145 [5] NCCL INFO Connected to proxy localRank 5 -> connection 0x14c8dc001c90
nid005016:26145:26145 [5] NCCL INFO Channel 11/0 : 13[d6000] -> 5[d6000] [send] via NET/Libfabric/2/GDRDMA comm 0x5648b2aaefb0 nRanks 16
nid005016:26145:26145 [5] NCCL INFO GPU Direct RDMA Enabled for GPU d6000 / HCA 2 (distance 6 <= 6), read 1
nid005015:85342:85342 [7] NCCL INFO Channel 14/0 : 15[de000] -> 7[de000] [receive] via NET/Libfabric/3/GDRDMA comm 0x55b2fdc59f40 nRanks 16
nid005015:85342:85342 [7] NCCL INFO GPU Direct RDMA Enabled for GPU de000 / HCA 3 (distance 6 <= 6), read 1
nid005015:85342:85453 [7] NCCL INFO New proxy send connection 16 from local rank 7, transport 2
nid005015:85342:85342 [7] NCCL INFO Connected to proxy localRank 7 -> connection 0x14e188001ba0
nid005016:26145:26259 [5] NCCL INFO New proxy send connection 19 from local rank 5, transport 2
nid005016:26145:26145 [5] NCCL INFO Connected to proxy localRank 5 -> connection 0x14c8dc001d08
nid005016:26145:26145 [5] NCCL INFO Channel 15/0 : 13[d6000] -> 5[d6000] [send] via NET/Libfabric/2/GDRDMA comm 0x5648b2aaefb0 nRanks 16
nid005015:85342:85342 [7] NCCL INFO Channel 03/0 : 7[de000] -> 15[de000] [send] via NET/Libfabric/3/GDRDMA comm 0x55b2fdc59f40 nRanks 16
nid005015:85342:85342 [7] NCCL INFO GPU Direct RDMA Enabled for GPU de000 / HCA 3 (distance 6 <= 6), read 1
nid005015:85342:85453 [7] NCCL INFO New proxy send connection 17 from local rank 7, transport 2
nid005015:85342:85342 [7] NCCL INFO Connected to proxy localRank 7 -> connection 0x14e188001c18
nid005015:85342:85342 [7] NCCL INFO Channel 07/0 : 7[de000] -> 15[de000] [send] via NET/Libfabric/3/GDRDMA comm 0x55b2fdc59f40 nRanks 16
nid005015:85342:85342 [7] NCCL INFO GPU Direct RDMA Enabled for GPU de000 / HCA 3 (distance 6 <= 6), read 1
nid005015:85343:85343 [5] NCCL INFO Channel 03/0 : 13[d6000] -> 5[d6000] [receive] via NET/Libfabric/2/GDRDMA comm 0x564db18fa020 nRanks 16
nid005015:85343:85343 [5] NCCL INFO GPU Direct RDMA Enabled for GPU d6000 / HCA 2 (distance 6 <= 6), read 0
nid005015:85342:85453 [7] NCCL INFO New proxy send connection 18 from local rank 7, transport 2
nid005015:85342:85342 [7] NCCL INFO Connected to proxy localRank 7 -> connection 0x14e188001c90
nid005015:85343:85458 [5] NCCL INFO New proxy recv connection 13 from local rank 5, transport 2
nid005015:85343:85343 [5] NCCL INFO Connected to proxy localRank 5 -> connection 0x14beec001a38
nid005015:85342:85342 [7] NCCL INFO Channel 11/0 : 7[de000] -> 15[de000] [send] via NET/Libfabric/3/GDRDMA comm 0x55b2fdc59f40 nRanks 16
nid005015:85342:85342 [7] NCCL INFO GPU Direct RDMA Enabled for GPU de000 / HCA 3 (distance 6 <= 6), read 1
nid005015:85342:85453 [7] NCCL INFO New proxy send connection 19 from local rank 7, transport 2
nid005015:85342:85342 [7] NCCL INFO Connected to proxy localRank 7 -> connection 0x14e188001d08
nid005015:85343:85343 [5] NCCL INFO Channel 07/0 : 13[d6000] -> 5[d6000] [receive] via NET/Libfabric/2/GDRDMA comm 0x564db18fa020 nRanks 16
nid005015:85343:85343 [5] NCCL INFO GPU Direct RDMA Enabled for GPU d6000 / HCA 2 (distance 6 <= 6), read 0
nid005015:85343:85458 [5] NCCL INFO New proxy recv connection 14 from local rank 5, transport 2
nid005015:85342:85342 [7] NCCL INFO Channel 15/0 : 7[de000] -> 15[de000] [send] via NET/Libfabric/3/GDRDMA comm 0x55b2fdc59f40 nRanks 16
nid005015:85343:85343 [5] NCCL INFO Connected to proxy localRank 5 -> connection 0x14beec001ab0
nid005015:85343:85343 [5] NCCL INFO Channel 11/0 : 13[d6000] -> 5[d6000] [receive] via NET/Libfabric/2/GDRDMA comm 0x564db18fa020 nRanks 16
nid005015:85343:85343 [5] NCCL INFO GPU Direct RDMA Enabled for GPU d6000 / HCA 2 (distance 6 <= 6), read 0
nid005015:85343:85458 [5] NCCL INFO New proxy recv connection 15 from local rank 5, transport 2
nid005015:85343:85343 [5] NCCL INFO Connected to proxy localRank 5 -> connection 0x14beec001b28
nid005015:85343:85343 [5] NCCL INFO Channel 15/0 : 13[d6000] -> 5[d6000] [receive] via NET/Libfabric/2/GDRDMA comm 0x564db18fa020 nRanks 16
nid005015:85343:85343 [5] NCCL INFO GPU Direct RDMA Enabled for GPU d6000 / HCA 2 (distance 6 <= 6), read 1
nid005015:85343:85458 [5] NCCL INFO New proxy send connection 16 from local rank 5, transport 2
nid005015:85343:85343 [5] NCCL INFO Connected to proxy localRank 5 -> connection 0x14beec001ba0
nid005015:85343:85343 [5] NCCL INFO Channel 02/0 : 5[d6000] -> 13[d6000] [send] via NET/Libfabric/2/GDRDMA comm 0x564db18fa020 nRanks 16
nid005015:85343:85343 [5] NCCL INFO GPU Direct RDMA Enabled for GPU d6000 / HCA 2 (distance 6 <= 6), read 1
nid005015:85343:85458 [5] NCCL INFO New proxy send connection 17 from local rank 5, transport 2
nid005015:85343:85343 [5] NCCL INFO Connected to proxy localRank 5 -> connection 0x14beec001c18
nid005016:26142:26260 [6] NCCL INFO New proxy recv connection 15 from local rank 6, transport 0
nid005016:26142:26142 [6] NCCL INFO Connected to proxy localRank 6 -> connection 0x151d80001b28
nid005015:85343:85343 [5] NCCL INFO Channel 06/0 : 5[d6000] -> 13[d6000] [send] via NET/Libfabric/2/GDRDMA comm 0x564db18fa020 nRanks 16
nid005015:85343:85343 [5] NCCL INFO GPU Direct RDMA Enabled for GPU d6000 / HCA 2 (distance 6 <= 6), read 1
nid005015:85343:85458 [5] NCCL INFO New proxy send connection 18 from local rank 5, transport 2
nid005015:85343:85343 [5] NCCL INFO Connected to proxy localRank 5 -> connection 0x14beec001c90
nid005015:85343:85343 [5] NCCL INFO Channel 10/0 : 5[d6000] -> 13[d6000] [send] via NET/Libfabric/2/GDRDMA comm 0x564db18fa020 nRanks 16
nid005015:85343:85343 [5] NCCL INFO GPU Direct RDMA Enabled for GPU d6000 / HCA 2 (distance 6 <= 6), read 1
nid005015:85343:85458 [5] NCCL INFO New proxy send connection 19 from local rank 5, transport 2
nid005015:85343:85343 [5] NCCL INFO Connected to proxy localRank 5 -> connection 0x14beec001d08
nid005015:85343:85343 [5] NCCL INFO Channel 14/0 : 5[d6000] -> 13[d6000] [send] via NET/Libfabric/2/GDRDMA comm 0x564db18fa020 nRanks 16
nid005015:85343:85343 [5] NCCL INFO Channel 01/0 : 5[d6000] -> 1[c6000] via P2P/IPC comm 0x564db18fa020 nRanks 16
nid005015:85343:85458 [5] NCCL INFO New proxy send connection 20 from local rank 5, transport 0
nid005015:85343:85343 [5] NCCL INFO Connected to proxy localRank 5 -> connection 0x14beec001d80
nid005016:26145:26145 [5] NCCL INFO Channel 00/0 : 13[d6000] -> 9[c6000] via P2P/IPC comm 0x5648b2aaefb0 nRanks 16
nid005016:26145:26259 [5] NCCL INFO New proxy send connection 20 from local rank 5, transport 0
nid005016:26145:26145 [5] NCCL INFO Connected to proxy localRank 5 -> connection 0x14c8dc001d80
nid005016:26143:26143 [4] NCCL INFO Channel 02/0 : 12[d1000] -> 10[c9000] via P2P/IPC comm 0x560f9106ed10 nRanks 16
nid005016:26143:26272 [4] NCCL INFO New proxy send connection 20 from local rank 4, transport 0
nid005016:26143:26143 [4] NCCL INFO Connected to proxy localRank 4 -> connection 0x14d250001d80
nid005015:85337:85337 [0] NCCL INFO Channel 00/0 : 8[c1000] -> 0[c1000] [receive] via NET/Libfabric/0/GDRDMA comm 0x557a2b5ee3a0 nRanks 16
nid005015:85337:85337 [0] NCCL INFO GPU Direct RDMA Enabled for GPU c1000 / HCA 0 (distance 6 <= 6), read 0
nid005015:85337:85459 [0] NCCL INFO New proxy recv connection 13 from local rank 0, transport 2
nid005015:85337:85337 [0] NCCL INFO Connected to proxy localRank 0 -> connection 0x146024001a38
nid005015:85337:85337 [0] NCCL INFO Channel 04/0 : 8[c1000] -> 0[c1000] [receive] via NET/Libfabric/0/GDRDMA comm 0x557a2b5ee3a0 nRanks 16
nid005015:85337:85337 [0] NCCL INFO GPU Direct RDMA Enabled for GPU c1000 / HCA 0 (distance 6 <= 6), read 0
nid005015:85337:85459 [0] NCCL INFO New proxy recv connection 14 from local rank 0, transport 2
nid005015:85337:85337 [0] NCCL INFO Connected to proxy localRank 0 -> connection 0x146024001ab0
nid005015:85337:85337 [0] NCCL INFO Channel 08/0 : 8[c1000] -> 0[c1000] [receive] via NET/Libfabric/0/GDRDMA comm 0x557a2b5ee3a0 nRanks 16
nid005015:85337:85337 [0] NCCL INFO GPU Direct RDMA Enabled for GPU c1000 / HCA 0 (distance 6 <= 6), read 0
nid005015:85337:85459 [0] NCCL INFO New proxy recv connection 15 from local rank 0, transport 2
nid005015:85337:85337 [0] NCCL INFO Connected to proxy localRank 0 -> connection 0x146024001b28
nid005015:85337:85337 [0] NCCL INFO Channel 12/0 : 8[c1000] -> 0[c1000] [receive] via NET/Libfabric/0/GDRDMA comm 0x557a2b5ee3a0 nRanks 16
nid005015:85337:85337 [0] NCCL INFO GPU Direct RDMA Enabled for GPU c1000 / HCA 0 (distance 6 <= 6), read 1
nid005015:85337:85459 [0] NCCL INFO New proxy send connection 16 from local rank 0, transport 2
nid005015:85337:85337 [0] NCCL INFO Connected to proxy localRank 0 -> connection 0x146024001ba0
nid005015:85337:85337 [0] NCCL INFO Channel 01/0 : 0[c1000] -> 8[c1000] [send] via NET/Libfabric/0/GDRDMA comm 0x557a2b5ee3a0 nRanks 16
nid005015:85337:85337 [0] NCCL INFO GPU Direct RDMA Enabled for GPU c1000 / HCA 0 (distance 6 <= 6), read 1
nid005015:85337:85459 [0] NCCL INFO New proxy send connection 17 from local rank 0, transport 2
nid005015:85337:85337 [0] NCCL INFO Connected to proxy localRank 0 -> connection 0x146024001c18
nid005015:85337:85337 [0] NCCL INFO Channel 05/0 : 0[c1000] -> 8[c1000] [send] via NET/Libfabric/0/GDRDMA comm 0x557a2b5ee3a0 nRanks 16
nid005015:85337:85337 [0] NCCL INFO GPU Direct RDMA Enabled for GPU c1000 / HCA 0 (distance 6 <= 6), read 1
nid005015:85337:85459 [0] NCCL INFO New proxy send connection 18 from local rank 0, transport 2
nid005015:85337:85337 [0] NCCL INFO Connected to proxy localRank 0 -> connection 0x146024001c90
nid005015:85337:85337 [0] NCCL INFO Channel 09/0 : 0[c1000] -> 8[c1000] [send] via NET/Libfabric/0/GDRDMA comm 0x557a2b5ee3a0 nRanks 16
nid005015:85337:85337 [0] NCCL INFO GPU Direct RDMA Enabled for GPU c1000 / HCA 0 (distance 6 <= 6), read 1
nid005016:26146:26146 [7] NCCL INFO Channel 03/0 : 7[de000] -> 15[de000] [receive] via NET/Libfabric/3/GDRDMA comm 0x561ab40230b0 nRanks 16
nid005016:26146:26146 [7] NCCL INFO GPU Direct RDMA Enabled for GPU de000 / HCA 3 (distance 6 <= 6), read 0
nid005016:26146:26263 [7] NCCL INFO New proxy recv connection 13 from local rank 7, transport 2
nid005016:26146:26146 [7] NCCL INFO Connected to proxy localRank 7 -> connection 0x147d44001a38
nid005015:85337:85459 [0] NCCL INFO New proxy send connection 19 from local rank 0, transport 2
nid005015:85337:85337 [0] NCCL INFO Connected to proxy localRank 0 -> connection 0x146024001d08
nid005016:26146:26146 [7] NCCL INFO Channel 07/0 : 7[de000] -> 15[de000] [receive] via NET/Libfabric/3/GDRDMA comm 0x561ab40230b0 nRanks 16
nid005016:26146:26146 [7] NCCL INFO GPU Direct RDMA Enabled for GPU de000 / HCA 3 (distance 6 <= 6), read 0
nid005015:85337:85337 [0] NCCL INFO Channel 13/0 : 0[c1000] -> 8[c1000] [send] via NET/Libfabric/0/GDRDMA comm 0x557a2b5ee3a0 nRanks 16
nid005016:26146:26263 [7] NCCL INFO New proxy recv connection 14 from local rank 7, transport 2
nid005016:26146:26146 [7] NCCL INFO Connected to proxy localRank 7 -> connection 0x147d44001ab0
nid005016:26145:26145 [5] NCCL INFO Channel 04/0 : 13[d6000] -> 9[c6000] via P2P/IPC comm 0x5648b2aaefb0 nRanks 16
nid005016:26145:26259 [5] NCCL INFO New proxy send connection 21 from local rank 5, transport 0
nid005016:26146:26146 [7] NCCL INFO Channel 11/0 : 7[de000] -> 15[de000] [receive] via NET/Libfabric/3/GDRDMA comm 0x561ab40230b0 nRanks 16
nid005016:26146:26146 [7] NCCL INFO GPU Direct RDMA Enabled for GPU de000 / HCA 3 (distance 6 <= 6), read 0
nid005016:26145:26145 [5] NCCL INFO Connected to proxy localRank 5 -> connection 0x14c8dc001df8
nid005016:26146:26263 [7] NCCL INFO New proxy recv connection 15 from local rank 7, transport 2
nid005016:26146:26146 [7] NCCL INFO Connected to proxy localRank 7 -> connection 0x147d44001b28
nid005015:85343:85343 [5] NCCL INFO Channel 05/0 : 5[d6000] -> 1[c6000] via P2P/IPC comm 0x564db18fa020 nRanks 16
nid005015:85343:85458 [5] NCCL INFO New proxy send connection 21 from local rank 5, transport 0
nid005015:85343:85343 [5] NCCL INFO Connected to proxy localRank 5 -> connection 0x14beec001df8
nid005016:26146:26146 [7] NCCL INFO Channel 15/0 : 7[de000] -> 15[de000] [receive] via NET/Libfabric/3/GDRDMA comm 0x561ab40230b0 nRanks 16
nid005016:26146:26146 [7] NCCL INFO GPU Direct RDMA Enabled for GPU de000 / HCA 3 (distance 6 <= 6), read 1
nid005016:26146:26263 [7] NCCL INFO New proxy send connection 16 from local rank 7, transport 2
nid005016:26146:26146 [7] NCCL INFO Connected to proxy localRank 7 -> connection 0x147d44001ba0
nid005016:26146:26146 [7] NCCL INFO Channel 02/0 : 15[de000] -> 7[de000] [send] via NET/Libfabric/3/GDRDMA comm 0x561ab40230b0 nRanks 16
nid005016:26146:26146 [7] NCCL INFO GPU Direct RDMA Enabled for GPU de000 / HCA 3 (distance 6 <= 6), read 1
nid005016:26146:26263 [7] NCCL INFO New proxy send connection 17 from local rank 7, transport 2
nid005016:26142:26142 [6] NCCL INFO Channel 03/0 : 14[d9000] -> 8[c1000] via P2P/IPC comm 0x55943fc700c0 nRanks 16
nid005016:26142:26260 [6] NCCL INFO New proxy send connection 16 from local rank 6, transport 0
nid005016:26139:26139 [0] NCCL INFO GPU Direct RDMA Enabled for GPU c1000 / HCA 0 (distance 6 <= 6), read 0
nid005016:26146:26146 [7] NCCL INFO Connected to proxy localRank 7 -> connection 0x147d44001c18
nid005016:26142:26142 [6] NCCL INFO Connected to proxy localRank 6 -> connection 0x151d80001ba0
nid005016:26146:26146 [7] NCCL INFO Channel 06/0 : 15[de000] -> 7[de000] [send] via NET/Libfabric/3/GDRDMA comm 0x561ab40230b0 nRanks 16
nid005016:26146:26146 [7] NCCL INFO GPU Direct RDMA Enabled for GPU de000 / HCA 3 (distance 6 <= 6), read 1
nid005016:26146:26263 [7] NCCL INFO New proxy send connection 18 from local rank 7, transport 2
nid005016:26146:26146 [7] NCCL INFO Connected to proxy localRank 7 -> connection 0x147d44001c90
nid005016:26146:26146 [7] NCCL INFO Channel 10/0 : 15[de000] -> 7[de000] [send] via NET/Libfabric/3/GDRDMA comm 0x561ab40230b0 nRanks 16
nid005016:26146:26146 [7] NCCL INFO GPU Direct RDMA Enabled for GPU de000 / HCA 3 (distance 6 <= 6), read 1
nid005016:26146:26263 [7] NCCL INFO New proxy send connection 19 from local rank 7, transport 2
nid005016:26146:26146 [7] NCCL INFO Connected to proxy localRank 7 -> connection 0x147d44001d08
nid005016:26146:26146 [7] NCCL INFO Channel 14/0 : 15[de000] -> 7[de000] [send] via NET/Libfabric/3/GDRDMA comm 0x561ab40230b0 nRanks 16
nid005015:85342:85342 [7] NCCL INFO Channel 00/0 : 7[de000] -> 3[ce000] via P2P/IPC comm 0x55b2fdc59f40 nRanks 16
nid005015:85342:85453 [7] NCCL INFO New proxy send connection 20 from local rank 7, transport 0
nid005015:85342:85342 [7] NCCL INFO Connected to proxy localRank 7 -> connection 0x14e188001d80
nid005016:26146:26146 [7] NCCL INFO Channel 01/0 : 15[de000] -> 11[ce000] via P2P/IPC comm 0x561ab40230b0 nRanks 16
nid005016:26146:26263 [7] NCCL INFO New proxy send connection 20 from local rank 7, transport 0
nid005016:26146:26146 [7] NCCL INFO Connected to proxy localRank 7 -> connection 0x147d44001d80
nid005016:26143:26143 [4] NCCL INFO Channel 06/0 : 12[d1000] -> 10[c9000] via P2P/IPC comm 0x560f9106ed10 nRanks 16
nid005016:26143:26272 [4] NCCL INFO New proxy send connection 21 from local rank 4, transport 0
nid005016:26143:26143 [4] NCCL INFO Connected to proxy localRank 4 -> connection 0x14d250001df8
nid005015:85343:85343 [5] NCCL INFO Channel 09/0 : 5[d6000] -> 1[c6000] via P2P/IPC comm 0x564db18fa020 nRanks 16
nid005015:85343:85458 [5] NCCL INFO New proxy send connection 22 from local rank 5, transport 0
nid005015:85343:85343 [5] NCCL INFO Connected to proxy localRank 5 -> connection 0x14beec001e70
nid005016:26145:26145 [5] NCCL INFO Channel 08/0 : 13[d6000] -> 9[c6000] via P2P/IPC comm 0x5648b2aaefb0 nRanks 16
nid005016:26145:26259 [5] NCCL INFO New proxy send connection 22 from local rank 5, transport 0
nid005016:26145:26145 [5] NCCL INFO Connected to proxy localRank 5 -> connection 0x14c8dc001e70
nid005016:26139:26262 [0] NCCL INFO New proxy recv connection 12 from local rank 0, transport 2
nid005016:26139:26139 [0] NCCL INFO Connected to proxy localRank 0 -> connection 0x150a180019c0
nid005015:85342:85342 [7] NCCL INFO Channel 04/0 : 7[de000] -> 3[ce000] via P2P/IPC comm 0x55b2fdc59f40 nRanks 16
nid005015:85342:85453 [7] NCCL INFO New proxy send connection 21 from local rank 7, transport 0
nid005015:85342:85342 [7] NCCL INFO Connected to proxy localRank 7 -> connection 0x14e188001df8
nid005016:26142:26142 [6] NCCL INFO Channel 07/0 : 14[d9000] -> 8[c1000] via P2P/IPC comm 0x55943fc700c0 nRanks 16
nid005016:26142:26260 [6] NCCL INFO New proxy send connection 17 from local rank 6, transport 0
nid005016:26142:26142 [6] NCCL INFO Connected to proxy localRank 6 -> connection 0x151d80001c18
nid005016:26146:26146 [7] NCCL INFO Channel 05/0 : 15[de000] -> 11[ce000] via P2P/IPC comm 0x561ab40230b0 nRanks 16
nid005016:26146:26263 [7] NCCL INFO New proxy send connection 21 from local rank 7, transport 0
nid005016:26146:26146 [7] NCCL INFO Connected to proxy localRank 7 -> connection 0x147d44001df8
nid005015:85343:85343 [5] NCCL INFO Channel 13/0 : 5[d6000] -> 1[c6000] via P2P/IPC comm 0x564db18fa020 nRanks 16
nid005015:85343:85458 [5] NCCL INFO New proxy send connection 23 from local rank 5, transport 0
nid005015:85343:85343 [5] NCCL INFO Connected to proxy localRank 5 -> connection 0x14beec001ee8
nid005016:26143:26143 [4] NCCL INFO Channel 10/0 : 12[d1000] -> 10[c9000] via P2P/IPC comm 0x560f9106ed10 nRanks 16
nid005016:26143:26272 [4] NCCL INFO New proxy send connection 22 from local rank 4, transport 0
nid005016:26143:26143 [4] NCCL INFO Connected to proxy localRank 4 -> connection 0x14d250001e70
nid005016:26145:26145 [5] NCCL INFO Channel 12/0 : 13[d6000] -> 9[c6000] via P2P/IPC comm 0x5648b2aaefb0 nRanks 16
nid005016:26145:26259 [5] NCCL INFO New proxy send connection 23 from local rank 5, transport 0
nid005016:26145:26145 [5] NCCL INFO Connected to proxy localRank 5 -> connection 0x14c8dc001ee8
nid005015:85342:85342 [7] NCCL INFO Channel 08/0 : 7[de000] -> 3[ce000] via P2P/IPC comm 0x55b2fdc59f40 nRanks 16
nid005015:85342:85453 [7] NCCL INFO New proxy send connection 22 from local rank 7, transport 0
nid005015:85342:85342 [7] NCCL INFO Connected to proxy localRank 7 -> connection 0x14e188001e70
nid005016:26144:26144 [2] NCCL INFO Channel 00/0 : 2[c9000] -> 10[c9000] [receive] via NET/Libfabric/1/GDRDMA comm 0x557903c7f1c0 nRanks 16
nid005016:26144:26144 [2] NCCL INFO GPU Direct RDMA Enabled for GPU c9000 / HCA 1 (distance 6 <= 6), read 0
nid005016:26144:26264 [2] NCCL INFO New proxy recv connection 13 from local rank 2, transport 2
nid005016:26144:26144 [2] NCCL INFO Connected to proxy localRank 2 -> connection 0x147334001a38
nid005016:26144:26144 [2] NCCL INFO Channel 04/0 : 2[c9000] -> 10[c9000] [receive] via NET/Libfabric/1/GDRDMA comm 0x557903c7f1c0 nRanks 16
nid005016:26144:26144 [2] NCCL INFO GPU Direct RDMA Enabled for GPU c9000 / HCA 1 (distance 6 <= 6), read 0
nid005016:26144:26264 [2] NCCL INFO New proxy recv connection 14 from local rank 2, transport 2
nid005016:26144:26144 [2] NCCL INFO Connected to proxy localRank 2 -> connection 0x147334001ab0
nid005016:26144:26144 [2] NCCL INFO Channel 08/0 : 2[c9000] -> 10[c9000] [receive] via NET/Libfabric/1/GDRDMA comm 0x557903c7f1c0 nRanks 16
nid005016:26144:26144 [2] NCCL INFO GPU Direct RDMA Enabled for GPU c9000 / HCA 1 (distance 6 <= 6), read 0
nid005016:26144:26264 [2] NCCL INFO New proxy recv connection 15 from local rank 2, transport 2
nid005016:26144:26144 [2] NCCL INFO Connected to proxy localRank 2 -> connection 0x147334001b28
nid005016:26144:26144 [2] NCCL INFO Channel 12/0 : 2[c9000] -> 10[c9000] [receive] via NET/Libfabric/1/GDRDMA comm 0x557903c7f1c0 nRanks 16
nid005016:26144:26144 [2] NCCL INFO GPU Direct RDMA Enabled for GPU c9000 / HCA 1 (distance 6 <= 6), read 1
nid005016:26144:26264 [2] NCCL INFO New proxy send connection 16 from local rank 2, transport 2
nid005016:26144:26144 [2] NCCL INFO Connected to proxy localRank 2 -> connection 0x147334001ba0
nid005015:85343:85343 [5] NCCL INFO Channel 00/0 : 5[d6000] -> 4[d1000] via P2P/IPC comm 0x564db18fa020 nRanks 16
nid005015:85343:85458 [5] NCCL INFO New proxy send connection 24 from local rank 5, transport 0
nid005015:85343:85343 [5] NCCL INFO Connected to proxy localRank 5 -> connection 0x14beec001f60
nid005016:26144:26144 [2] NCCL INFO Channel 01/0 : 10[c9000] -> 2[c9000] [send] via NET/Libfabric/1/GDRDMA comm 0x557903c7f1c0 nRanks 16
nid005016:26144:26144 [2] NCCL INFO GPU Direct RDMA Enabled for GPU c9000 / HCA 1 (distance 6 <= 6), read 1
nid005015:85339:85460 [1] NCCL INFO New proxy recv connection 20 from local rank 1, transport 0
nid005015:85339:85339 [1] NCCL INFO Connected to proxy localRank 1 -> connection 0x1508ec001d80
nid005016:26144:26264 [2] NCCL INFO New proxy send connection 17 from local rank 2, transport 2
nid005016:26144:26144 [2] NCCL INFO Connected to proxy localRank 2 -> connection 0x147334001c18
nid005016:26144:26144 [2] NCCL INFO Channel 05/0 : 10[c9000] -> 2[c9000] [send] via NET/Libfabric/1/GDRDMA comm 0x557903c7f1c0 nRanks 16
nid005016:26144:26144 [2] NCCL INFO GPU Direct RDMA Enabled for GPU c9000 / HCA 1 (distance 6 <= 6), read 1
nid005016:26144:26264 [2] NCCL INFO New proxy send connection 18 from local rank 2, transport 2
nid005016:26144:26144 [2] NCCL INFO Connected to proxy localRank 2 -> connection 0x147334001c90
nid005016:26144:26144 [2] NCCL INFO Channel 09/0 : 10[c9000] -> 2[c9000] [send] via NET/Libfabric/1/GDRDMA comm 0x557903c7f1c0 nRanks 16
nid005016:26144:26144 [2] NCCL INFO GPU Direct RDMA Enabled for GPU c9000 / HCA 1 (distance 6 <= 6), read 1
nid005016:26144:26264 [2] NCCL INFO New proxy send connection 19 from local rank 2, transport 2
nid005016:26144:26144 [2] NCCL INFO Connected to proxy localRank 2 -> connection 0x147334001d08
nid005016:26144:26144 [2] NCCL INFO Channel 13/0 : 10[c9000] -> 2[c9000] [send] via NET/Libfabric/1/GDRDMA comm 0x557903c7f1c0 nRanks 16
nid005016:26142:26142 [6] NCCL INFO Channel 11/0 : 14[d9000] -> 8[c1000] via P2P/IPC comm 0x55943fc700c0 nRanks 16
nid005016:26142:26260 [6] NCCL INFO New proxy send connection 18 from local rank 6, transport 0
nid005016:26142:26142 [6] NCCL INFO Connected to proxy localRank 6 -> connection 0x151d80001c90
nid005015:85338:85456 [2] NCCL INFO New proxy recv connection 20 from local rank 2, transport 0
nid005015:85338:85338 [2] NCCL INFO Connected to proxy localRank 2 -> connection 0x148b4c001d80
nid005016:26144:26264 [2] NCCL INFO New proxy recv connection 20 from local rank 2, transport 0
nid005016:26144:26144 [2] NCCL INFO Connected to proxy localRank 2 -> connection 0x147334001d80
nid005016:26145:26145 [5] NCCL INFO Channel 01/0 : 13[d6000] -> 12[d1000] via P2P/IPC comm 0x5648b2aaefb0 nRanks 16
nid005016:26145:26259 [5] NCCL INFO New proxy send connection 24 from local rank 5, transport 0
nid005016:26145:26145 [5] NCCL INFO Connected to proxy localRank 5 -> connection 0x14c8dc001f60
nid005016:26140:26258 [1] NCCL INFO New proxy recv connection 20 from local rank 1, transport 0
nid005016:26140:26140 [1] NCCL INFO Connected to proxy localRank 1 -> connection 0x14a994001d80
nid005016:26146:26146 [7] NCCL INFO Channel 09/0 : 15[de000] -> 11[ce000] via P2P/IPC comm 0x561ab40230b0 nRanks 16
nid005016:26146:26263 [7] NCCL INFO New proxy send connection 22 from local rank 7, transport 0
nid005016:26146:26146 [7] NCCL INFO Connected to proxy localRank 7 -> connection 0x147d44001e70
nid005016:26143:26143 [4] NCCL INFO Channel 14/0 : 12[d1000] -> 10[c9000] via P2P/IPC comm 0x560f9106ed10 nRanks 16
nid005016:26143:26272 [4] NCCL INFO New proxy send connection 23 from local rank 4, transport 0
nid005016:26143:26143 [4] NCCL INFO Connected to proxy localRank 4 -> connection 0x14d250001ee8
nid005015:85342:85342 [7] NCCL INFO Channel 12/0 : 7[de000] -> 3[ce000] via P2P/IPC comm 0x55b2fdc59f40 nRanks 16
nid005015:85342:85453 [7] NCCL INFO New proxy send connection 23 from local rank 7, transport 0
nid005015:85342:85342 [7] NCCL INFO Connected to proxy localRank 7 -> connection 0x14e188001ee8
nid005015:85343:85343 [5] NCCL INFO Channel 03/0 : 5[d6000] -> 4[d1000] via P2P/IPC comm 0x564db18fa020 nRanks 16
nid005015:85343:85458 [5] NCCL INFO New proxy send connection 25 from local rank 5, transport 0
nid005015:85343:85343 [5] NCCL INFO Connected to proxy localRank 5 -> connection 0x14beec001fd8
nid005015:85339:85460 [1] NCCL INFO New proxy recv connection 21 from local rank 1, transport 0
nid005015:85339:85339 [1] NCCL INFO Connected to proxy localRank 1 -> connection 0x1508ec001df8
nid005016:26145:26145 [5] NCCL INFO Channel 02/0 : 13[d6000] -> 12[d1000] via P2P/IPC comm 0x5648b2aaefb0 nRanks 16
nid005016:26145:26259 [5] NCCL INFO New proxy send connection 25 from local rank 5, transport 0
nid005016:26145:26145 [5] NCCL INFO Connected to proxy localRank 5 -> connection 0x14c8dc001fd8
nid005016:26142:26142 [6] NCCL INFO Channel 15/0 : 14[d9000] -> 8[c1000] via P2P/IPC comm 0x55943fc700c0 nRanks 16
nid005016:26142:26260 [6] NCCL INFO New proxy send connection 19 from local rank 6, transport 0
nid005016:26142:26142 [6] NCCL INFO Connected to proxy localRank 6 -> connection 0x151d80001d08
nid005016:26146:26146 [7] NCCL INFO Channel 13/0 : 15[de000] -> 11[ce000] via P2P/IPC comm 0x561ab40230b0 nRanks 16
nid005016:26146:26263 [7] NCCL INFO New proxy send connection 23 from local rank 7, transport 0
nid005016:26146:26146 [7] NCCL INFO Connected to proxy localRank 7 -> connection 0x147d44001ee8
nid005016:26140:26258 [1] NCCL INFO New proxy recv connection 21 from local rank 1, transport 0
nid005016:26140:26140 [1] NCCL INFO Connected to proxy localRank 1 -> connection 0x14a994001df8
nid005016:26144:26264 [2] NCCL INFO New proxy recv connection 21 from local rank 2, transport 0
nid005016:26144:26144 [2] NCCL INFO Connected to proxy localRank 2 -> connection 0x147334001df8
nid005015:85343:85343 [5] NCCL INFO Channel 04/0 : 5[d6000] -> 4[d1000] via P2P/IPC comm 0x564db18fa020 nRanks 16
nid005015:85343:85458 [5] NCCL INFO New proxy send connection 26 from local rank 5, transport 0
nid005015:85343:85343 [5] NCCL INFO Connected to proxy localRank 5 -> connection 0x14beec002050
nid005015:85340:85340 [3] NCCL INFO Channel 03/0 : 3[ce000] -> 1[c6000] via P2P/IPC comm 0x5652821c3ea0 nRanks 16
nid005015:85338:85456 [2] NCCL INFO New proxy recv connection 21 from local rank 2, transport 0
nid005015:85338:85338 [2] NCCL INFO Connected to proxy localRank 2 -> connection 0x148b4c001df8
nid005015:85340:85454 [3] NCCL INFO New proxy send connection 20 from local rank 3, transport 0
nid005015:85340:85340 [3] NCCL INFO Connected to proxy localRank 3 -> connection 0x145d80001d80
nid005015:85342:85342 [7] NCCL INFO Channel 01/0 : 7[de000] -> 6[d9000] via P2P/IPC comm 0x55b2fdc59f40 nRanks 16
nid005015:85342:85453 [7] NCCL INFO New proxy send connection 24 from local rank 7, transport 0
nid005015:85342:85342 [7] NCCL INFO Connected to proxy localRank 7 -> connection 0x14e188001f60
nid005016:26145:26145 [5] NCCL INFO Channel 05/0 : 13[d6000] -> 12[d1000] via P2P/IPC comm 0x5648b2aaefb0 nRanks 16
nid005016:26145:26259 [5] NCCL INFO New proxy send connection 26 from local rank 5, transport 0
nid005016:26145:26145 [5] NCCL INFO Connected to proxy localRank 5 -> connection 0x14c8dc002050
nid005015:85339:85460 [1] NCCL INFO New proxy recv connection 22 from local rank 1, transport 0
nid005015:85339:85339 [1] NCCL INFO Connected to proxy localRank 1 -> connection 0x1508ec001e70
nid005015:85343:85343 [5] NCCL INFO Channel 07/0 : 5[d6000] -> 4[d1000] via P2P/IPC comm 0x564db18fa020 nRanks 16
nid005015:85343:85458 [5] NCCL INFO New proxy send connection 27 from local rank 5, transport 0
nid005015:85343:85343 [5] NCCL INFO Connected to proxy localRank 5 -> connection 0x14beec0020c8
nid005015:85342:85342 [7] NCCL INFO Channel 02/0 : 7[de000] -> 6[d9000] via P2P/IPC comm 0x55b2fdc59f40 nRanks 16
nid005015:85342:85453 [7] NCCL INFO New proxy send connection 25 from local rank 7, transport 0
nid005015:85342:85342 [7] NCCL INFO Connected to proxy localRank 7 -> connection 0x14e188001fd8
nid005015:85340:85340 [3] NCCL INFO Channel 07/0 : 3[ce000] -> 1[c6000] via P2P/IPC comm 0x5652821c3ea0 nRanks 16
nid005015:85340:85454 [3] NCCL INFO New proxy send connection 21 from local rank 3, transport 0
nid005015:85340:85340 [3] NCCL INFO Connected to proxy localRank 3 -> connection 0x145d80001df8
nid005016:26140:26258 [1] NCCL INFO New proxy recv connection 22 from local rank 1, transport 0
nid005016:26140:26140 [1] NCCL INFO Connected to proxy localRank 1 -> connection 0x14a994001e70
nid005016:26141:26141 [3] NCCL INFO Channel 02/0 : 11[ce000] -> 9[c6000] via P2P/IPC comm 0x563ddb79ccb0 nRanks 16
nid005016:26141:26261 [3] NCCL INFO New proxy send connection 20 from local rank 3, transport 0
nid005016:26146:26146 [7] NCCL INFO Channel 00/0 : 15[de000] -> 14[d9000] via P2P/IPC comm 0x561ab40230b0 nRanks 16
nid005016:26146:26263 [7] NCCL INFO New proxy send connection 24 from local rank 7, transport 0
nid005016:26144:26264 [2] NCCL INFO New proxy recv connection 22 from local rank 2, transport 0
nid005016:26144:26144 [2] NCCL INFO Connected to proxy localRank 2 -> connection 0x147334001e70
nid005016:26141:26141 [3] NCCL INFO Connected to proxy localRank 3 -> connection 0x14fb60001d80
nid005016:26146:26146 [7] NCCL INFO Connected to proxy localRank 7 -> connection 0x147d44001f60
nid005016:26145:26145 [5] NCCL INFO Channel 06/0 : 13[d6000] -> 12[d1000] via P2P/IPC comm 0x5648b2aaefb0 nRanks 16
nid005016:26145:26259 [5] NCCL INFO New proxy send connection 27 from local rank 5, transport 0
nid005016:26145:26145 [5] NCCL INFO Connected to proxy localRank 5 -> connection 0x14c8dc0020c8
nid005015:85338:85456 [2] NCCL INFO New proxy recv connection 22 from local rank 2, transport 0
nid005015:85338:85338 [2] NCCL INFO Connected to proxy localRank 2 -> connection 0x148b4c001e70
nid005015:85339:85460 [1] NCCL INFO New proxy recv connection 23 from local rank 1, transport 0
nid005015:85339:85339 [1] NCCL INFO Connected to proxy localRank 1 -> connection 0x1508ec001ee8
nid005015:85343:85343 [5] NCCL INFO Channel 08/0 : 5[d6000] -> 4[d1000] via P2P/IPC comm 0x564db18fa020 nRanks 16
nid005015:85343:85458 [5] NCCL INFO New proxy send connection 28 from local rank 5, transport 0
nid005015:85343:85343 [5] NCCL INFO Connected to proxy localRank 5 -> connection 0x14beec002140
nid005015:85342:85342 [7] NCCL INFO Channel 05/0 : 7[de000] -> 6[d9000] via P2P/IPC comm 0x55b2fdc59f40 nRanks 16
nid005015:85342:85453 [7] NCCL INFO New proxy send connection 26 from local rank 7, transport 0
nid005015:85342:85342 [7] NCCL INFO Connected to proxy localRank 7 -> connection 0x14e188002050
nid005016:26145:26145 [5] NCCL INFO Channel 09/0 : 13[d6000] -> 12[d1000] via P2P/IPC comm 0x5648b2aaefb0 nRanks 16
nid005016:26145:26259 [5] NCCL INFO New proxy send connection 28 from local rank 5, transport 0
nid005016:26145:26145 [5] NCCL INFO Connected to proxy localRank 5 -> connection 0x14c8dc002140
nid005015:85340:85340 [3] NCCL INFO Channel 11/0 : 3[ce000] -> 1[c6000] via P2P/IPC comm 0x5652821c3ea0 nRanks 16
nid005015:85340:85454 [3] NCCL INFO New proxy send connection 22 from local rank 3, transport 0
nid005015:85340:85340 [3] NCCL INFO Connected to proxy localRank 3 -> connection 0x145d80001e70
nid005015:85343:85343 [5] NCCL INFO Channel 11/0 : 5[d6000] -> 4[d1000] via P2P/IPC comm 0x564db18fa020 nRanks 16
nid005015:85343:85458 [5] NCCL INFO New proxy send connection 29 from local rank 5, transport 0
nid005015:85343:85343 [5] NCCL INFO Connected to proxy localRank 5 -> connection 0x14beec0021b8
nid005016:26140:26258 [1] NCCL INFO New proxy recv connection 23 from local rank 1, transport 0
nid005016:26140:26140 [1] NCCL INFO Connected to proxy localRank 1 -> connection 0x14a994001ee8
nid005016:26146:26146 [7] NCCL INFO Channel 03/0 : 15[de000] -> 14[d9000] via P2P/IPC comm 0x561ab40230b0 nRanks 16
nid005016:26146:26263 [7] NCCL INFO New proxy send connection 25 from local rank 7, transport 0
nid005016:26146:26146 [7] NCCL INFO Connected to proxy localRank 7 -> connection 0x147d44001fd8
nid005016:26144:26264 [2] NCCL INFO New proxy recv connection 23 from local rank 2, transport 0
nid005016:26144:26144 [2] NCCL INFO Connected to proxy localRank 2 -> connection 0x147334001ee8
nid005016:26141:26141 [3] NCCL INFO Channel 06/0 : 11[ce000] -> 9[c6000] via P2P/IPC comm 0x563ddb79ccb0 nRanks 16
nid005016:26141:26261 [3] NCCL INFO New proxy send connection 21 from local rank 3, transport 0
nid005016:26141:26141 [3] NCCL INFO Connected to proxy localRank 3 -> connection 0x14fb60001df8
nid005015:85338:85456 [2] NCCL INFO New proxy recv connection 23 from local rank 2, transport 0
nid005015:85338:85338 [2] NCCL INFO Connected to proxy localRank 2 -> connection 0x148b4c001ee8
nid005015:85342:85342 [7] NCCL INFO Channel 06/0 : 7[de000] -> 6[d9000] via P2P/IPC comm 0x55b2fdc59f40 nRanks 16
nid005015:85342:85453 [7] NCCL INFO New proxy send connection 27 from local rank 7, transport 0
nid005015:85342:85342 [7] NCCL INFO Connected to proxy localRank 7 -> connection 0x14e1880020c8
nid005016:26145:26145 [5] NCCL INFO Channel 10/0 : 13[d6000] -> 12[d1000] via P2P/IPC comm 0x5648b2aaefb0 nRanks 16
nid005016:26145:26259 [5] NCCL INFO New proxy send connection 29 from local rank 5, transport 0
nid005016:26145:26145 [5] NCCL INFO Connected to proxy localRank 5 -> connection 0x14c8dc0021b8
nid005015:85343:85343 [5] NCCL INFO Channel 12/0 : 5[d6000] -> 4[d1000] via P2P/IPC comm 0x564db18fa020 nRanks 16
nid005015:85343:85458 [5] NCCL INFO New proxy send connection 30 from local rank 5, transport 0
nid005015:85343:85343 [5] NCCL INFO Connected to proxy localRank 5 -> connection 0x14beec002230
nid005015:85340:85340 [3] NCCL INFO Channel 15/0 : 3[ce000] -> 1[c6000] via P2P/IPC comm 0x5652821c3ea0 nRanks 16
nid005015:85340:85454 [3] NCCL INFO New proxy send connection 23 from local rank 3, transport 0
nid005015:85340:85340 [3] NCCL INFO Connected to proxy localRank 3 -> connection 0x145d80001ee8
nid005016:26139:26139 [0] NCCL INFO Channel 01/0 : 0[c1000] -> 8[c1000] [receive] via NET/Libfabric/0/GDRDMA comm 0x55827e574290 nRanks 16
nid005016:26139:26139 [0] NCCL INFO GPU Direct RDMA Enabled for GPU c1000 / HCA 0 (distance 6 <= 6), read 0
nid005016:26139:26262 [0] NCCL INFO New proxy recv connection 13 from local rank 0, transport 2
nid005016:26139:26139 [0] NCCL INFO Connected to proxy localRank 0 -> connection 0x150a18001a38
nid005016:26139:26139 [0] NCCL INFO Channel 05/0 : 0[c1000] -> 8[c1000] [receive] via NET/Libfabric/0/GDRDMA comm 0x55827e574290 nRanks 16
nid005016:26139:26139 [0] NCCL INFO GPU Direct RDMA Enabled for GPU c1000 / HCA 0 (distance 6 <= 6), read 0
nid005016:26139:26262 [0] NCCL INFO New proxy recv connection 14 from local rank 0, transport 2
nid005016:26139:26139 [0] NCCL INFO Connected to proxy localRank 0 -> connection 0x150a18001ab0
nid005016:26139:26139 [0] NCCL INFO Channel 09/0 : 0[c1000] -> 8[c1000] [receive] via NET/Libfabric/0/GDRDMA comm 0x55827e574290 nRanks 16
nid005016:26139:26139 [0] NCCL INFO GPU Direct RDMA Enabled for GPU c1000 / HCA 0 (distance 6 <= 6), read 0
nid005016:26139:26262 [0] NCCL INFO New proxy recv connection 15 from local rank 0, transport 2
nid005016:26139:26139 [0] NCCL INFO Connected to proxy localRank 0 -> connection 0x150a18001b28
nid005016:26139:26139 [0] NCCL INFO Channel 13/0 : 0[c1000] -> 8[c1000] [receive] via NET/Libfabric/0/GDRDMA comm 0x55827e574290 nRanks 16
nid005016:26139:26139 [0] NCCL INFO GPU Direct RDMA Enabled for GPU c1000 / HCA 0 (distance 6 <= 6), read 1
nid005016:26139:26262 [0] NCCL INFO New proxy send connection 16 from local rank 0, transport 2
nid005016:26139:26139 [0] NCCL INFO Connected to proxy localRank 0 -> connection 0x150a18001ba0
nid005016:26139:26139 [0] NCCL INFO Channel 00/0 : 8[c1000] -> 0[c1000] [send] via NET/Libfabric/0/GDRDMA comm 0x55827e574290 nRanks 16
nid005016:26139:26139 [0] NCCL INFO GPU Direct RDMA Enabled for GPU c1000 / HCA 0 (distance 6 <= 6), read 1
nid005016:26139:26262 [0] NCCL INFO New proxy send connection 17 from local rank 0, transport 2
nid005016:26139:26139 [0] NCCL INFO Connected to proxy localRank 0 -> connection 0x150a18001c18
nid005016:26139:26139 [0] NCCL INFO Channel 04/0 : 8[c1000] -> 0[c1000] [send] via NET/Libfabric/0/GDRDMA comm 0x55827e574290 nRanks 16
nid005016:26139:26139 [0] NCCL INFO GPU Direct RDMA Enabled for GPU c1000 / HCA 0 (distance 6 <= 6), read 1
nid005016:26139:26262 [0] NCCL INFO New proxy send connection 18 from local rank 0, transport 2
nid005016:26139:26139 [0] NCCL INFO Connected to proxy localRank 0 -> connection 0x150a18001c90
nid005016:26139:26139 [0] NCCL INFO Channel 08/0 : 8[c1000] -> 0[c1000] [send] via NET/Libfabric/0/GDRDMA comm 0x55827e574290 nRanks 16
nid005016:26139:26139 [0] NCCL INFO GPU Direct RDMA Enabled for GPU c1000 / HCA 0 (distance 6 <= 6), read 1
nid005016:26139:26262 [0] NCCL INFO New proxy send connection 19 from local rank 0, transport 2
nid005016:26139:26139 [0] NCCL INFO Connected to proxy localRank 0 -> connection 0x150a18001d08
nid005016:26139:26139 [0] NCCL INFO Channel 12/0 : 8[c1000] -> 0[c1000] [send] via NET/Libfabric/0/GDRDMA comm 0x55827e574290 nRanks 16
nid005015:85337:85459 [0] NCCL INFO New proxy recv connection 20 from local rank 0, transport 0
nid005015:85337:85337 [0] NCCL INFO Connected to proxy localRank 0 -> connection 0x146024001d80
nid005016:26139:26262 [0] NCCL INFO New proxy recv connection 20 from local rank 0, transport 0
nid005016:26139:26139 [0] NCCL INFO Connected to proxy localRank 0 -> connection 0x150a18001d80
nid005016:26146:26146 [7] NCCL INFO Channel 04/0 : 15[de000] -> 14[d9000] via P2P/IPC comm 0x561ab40230b0 nRanks 16
nid005016:26146:26263 [7] NCCL INFO New proxy send connection 26 from local rank 7, transport 0
nid005016:26146:26146 [7] NCCL INFO Connected to proxy localRank 7 -> connection 0x147d44002050
nid005016:26145:26145 [5] NCCL INFO Channel 13/0 : 13[d6000] -> 12[d1000] via P2P/IPC comm 0x5648b2aaefb0 nRanks 16
nid005016:26145:26259 [5] NCCL INFO New proxy send connection 30 from local rank 5, transport 0
nid005015:85342:85342 [7] NCCL INFO Channel 09/0 : 7[de000] -> 6[d9000] via P2P/IPC comm 0x55b2fdc59f40 nRanks 16
nid005016:26141:26141 [3] NCCL INFO Channel 10/0 : 11[ce000] -> 9[c6000] via P2P/IPC comm 0x563ddb79ccb0 nRanks 16
nid005016:26141:26261 [3] NCCL INFO New proxy send connection 22 from local rank 3, transport 0
nid005015:85342:85453 [7] NCCL INFO New proxy send connection 28 from local rank 7, transport 0
nid005015:85342:85342 [7] NCCL INFO Connected to proxy localRank 7 -> connection 0x14e188002140
nid005016:26145:26145 [5] NCCL INFO Connected to proxy localRank 5 -> connection 0x14c8dc002230
nid005016:26141:26141 [3] NCCL INFO Connected to proxy localRank 3 -> connection 0x14fb60001e70
nid005016:26144:26264 [2] NCCL INFO New proxy recv connection 24 from local rank 2, transport 0
nid005016:26144:26144 [2] NCCL INFO Connected to proxy localRank 2 -> connection 0x147334001f60
nid005015:85343:85343 [5] NCCL INFO Channel 15/0 : 5[d6000] -> 4[d1000] via P2P/IPC comm 0x564db18fa020 nRanks 16
nid005015:85343:85458 [5] NCCL INFO New proxy send connection 31 from local rank 5, transport 0
nid005015:85343:85343 [5] NCCL INFO Connected to proxy localRank 5 -> connection 0x14beec0022a8
nid005015:85339:85339 [1] NCCL INFO Channel 01/0 : 1[c6000] -> 0[c1000] via P2P/IPC comm 0x55f768ab8660 nRanks 16
nid005015:85339:85460 [1] NCCL INFO New proxy send connection 24 from local rank 1, transport 0
nid005015:85340:85340 [3] NCCL INFO Channel 00/0 : 3[ce000] -> 2[c9000] via P2P/IPC comm 0x5652821c3ea0 nRanks 16
nid005015:85339:85339 [1] NCCL INFO Connected to proxy localRank 1 -> connection 0x1508ec001f60
nid005015:85340:85454 [3] NCCL INFO New proxy send connection 24 from local rank 3, transport 0
nid005015:85340:85340 [3] NCCL INFO Connected to proxy localRank 3 -> connection 0x145d80001f60
nid005015:85338:85456 [2] NCCL INFO New proxy recv connection 24 from local rank 2, transport 0
nid005015:85338:85338 [2] NCCL INFO Connected to proxy localRank 2 -> connection 0x148b4c001f60
nid005016:26145:26145 [5] NCCL INFO Channel 14/0 : 13[d6000] -> 12[d1000] via P2P/IPC comm 0x5648b2aaefb0 nRanks 16
nid005016:26145:26259 [5] NCCL INFO New proxy send connection 31 from local rank 5, transport 0
nid005016:26145:26145 [5] NCCL INFO Connected to proxy localRank 5 -> connection 0x14c8dc0022a8
nid005015:85342:85342 [7] NCCL INFO Channel 10/0 : 7[de000] -> 6[d9000] via P2P/IPC comm 0x55b2fdc59f40 nRanks 16
nid005015:85342:85453 [7] NCCL INFO New proxy send connection 29 from local rank 7, transport 0
nid005015:85342:85342 [7] NCCL INFO Connected to proxy localRank 7 -> connection 0x14e1880021b8
nid005016:26139:26262 [0] NCCL INFO New proxy recv connection 21 from local rank 0, transport 0
nid005016:26139:26139 [0] NCCL INFO Connected to proxy localRank 0 -> connection 0x150a18001df8
nid005016:26146:26146 [7] NCCL INFO Channel 07/0 : 15[de000] -> 14[d9000] via P2P/IPC comm 0x561ab40230b0 nRanks 16
nid005016:26146:26263 [7] NCCL INFO New proxy send connection 27 from local rank 7, transport 0
nid005016:26146:26146 [7] NCCL INFO Connected to proxy localRank 7 -> connection 0x147d440020c8
nid005016:26141:26141 [3] NCCL INFO Channel 14/0 : 11[ce000] -> 9[c6000] via P2P/IPC comm 0x563ddb79ccb0 nRanks 16
nid005016:26141:26261 [3] NCCL INFO New proxy send connection 23 from local rank 3, transport 0
nid005016:26141:26141 [3] NCCL INFO Connected to proxy localRank 3 -> connection 0x14fb60001ee8
nid005016:26144:26264 [2] NCCL INFO New proxy recv connection 25 from local rank 2, transport 0
nid005016:26144:26144 [2] NCCL INFO Connected to proxy localRank 2 -> connection 0x147334001fd8
nid005015:85337:85459 [0] NCCL INFO New proxy recv connection 21 from local rank 0, transport 0
nid005015:85337:85337 [0] NCCL INFO Connected to proxy localRank 0 -> connection 0x146024001df8
nid005015:85340:85340 [3] NCCL INFO Channel 02/0 : 3[ce000] -> 2[c9000] via P2P/IPC comm 0x5652821c3ea0 nRanks 16
nid005015:85340:85454 [3] NCCL INFO New proxy send connection 25 from local rank 3, transport 0
nid005015:85340:85340 [3] NCCL INFO Connected to proxy localRank 3 -> connection 0x145d80001fd8
nid005015:85339:85339 [1] NCCL INFO Channel 03/0 : 1[c6000] -> 0[c1000] via P2P/IPC comm 0x55f768ab8660 nRanks 16
nid005015:85339:85460 [1] NCCL INFO New proxy send connection 25 from local rank 1, transport 0
nid005015:85339:85339 [1] NCCL INFO Connected to proxy localRank 1 -> connection 0x1508ec001fd8
nid005015:85342:85342 [7] NCCL INFO Channel 13/0 : 7[de000] -> 6[d9000] via P2P/IPC comm 0x55b2fdc59f40 nRanks 16
nid005015:85338:85456 [2] NCCL INFO New proxy recv connection 25 from local rank 2, transport 0
nid005015:85342:85453 [7] NCCL INFO New proxy send connection 30 from local rank 7, transport 0
nid005015:85342:85342 [7] NCCL INFO Connected to proxy localRank 7 -> connection 0x14e188002230
nid005015:85338:85338 [2] NCCL INFO Connected to proxy localRank 2 -> connection 0x148b4c001fd8
nid005016:26139:26262 [0] NCCL INFO New proxy recv connection 22 from local rank 0, transport 0
nid005016:26139:26139 [0] NCCL INFO Connected to proxy localRank 0 -> connection 0x150a18001e70
nid005016:26146:26146 [7] NCCL INFO Channel 08/0 : 15[de000] -> 14[d9000] via P2P/IPC comm 0x561ab40230b0 nRanks 16
nid005016:26146:26263 [7] NCCL INFO New proxy send connection 28 from local rank 7, transport 0
nid005016:26146:26146 [7] NCCL INFO Connected to proxy localRank 7 -> connection 0x147d44002140
nid005016:26144:26264 [2] NCCL INFO New proxy recv connection 26 from local rank 2, transport 0
nid005016:26144:26144 [2] NCCL INFO Connected to proxy localRank 2 -> connection 0x147334002050
nid005016:26140:26140 [1] NCCL INFO Channel 00/0 : 9[c6000] -> 8[c1000] via P2P/IPC comm 0x560201cd0140 nRanks 16
nid005015:85340:85340 [3] NCCL INFO Channel 04/0 : 3[ce000] -> 2[c9000] via P2P/IPC comm 0x5652821c3ea0 nRanks 16
nid005015:85340:85454 [3] NCCL INFO New proxy send connection 26 from local rank 3, transport 0
nid005015:85340:85340 [3] NCCL INFO Connected to proxy localRank 3 -> connection 0x145d80002050
nid005015:85339:85339 [1] NCCL INFO Channel 05/0 : 1[c6000] -> 0[c1000] via P2P/IPC comm 0x55f768ab8660 nRanks 16
nid005016:26140:26258 [1] NCCL INFO New proxy send connection 24 from local rank 1, transport 0
nid005016:26141:26141 [3] NCCL INFO Channel 01/0 : 11[ce000] -> 10[c9000] via P2P/IPC comm 0x563ddb79ccb0 nRanks 16
nid005015:85339:85460 [1] NCCL INFO New proxy send connection 26 from local rank 1, transport 0
nid005016:26140:26140 [1] NCCL INFO Connected to proxy localRank 1 -> connection 0x14a994001f60
nid005015:85339:85339 [1] NCCL INFO Connected to proxy localRank 1 -> connection 0x1508ec002050
nid005016:26141:26261 [3] NCCL INFO New proxy send connection 24 from local rank 3, transport 0
nid005016:26141:26141 [3] NCCL INFO Connected to proxy localRank 3 -> connection 0x14fb60001f60
nid005015:85337:85459 [0] NCCL INFO New proxy recv connection 22 from local rank 0, transport 0
nid005015:85337:85337 [0] NCCL INFO Connected to proxy localRank 0 -> connection 0x146024001e70
nid005015:85342:85342 [7] NCCL INFO Channel 14/0 : 7[de000] -> 6[d9000] via P2P/IPC comm 0x55b2fdc59f40 nRanks 16
nid005015:85342:85453 [7] NCCL INFO New proxy send connection 31 from local rank 7, transport 0
nid005015:85342:85342 [7] NCCL INFO Connected to proxy localRank 7 -> connection 0x14e1880022a8
nid005015:85338:85456 [2] NCCL INFO New proxy recv connection 26 from local rank 2, transport 0
nid005015:85338:85338 [2] NCCL INFO Connected to proxy localRank 2 -> connection 0x148b4c002050
nid005016:26139:26262 [0] NCCL INFO New proxy recv connection 23 from local rank 0, transport 0
nid005016:26139:26139 [0] NCCL INFO Connected to proxy localRank 0 -> connection 0x150a18001ee8
nid005016:26146:26146 [7] NCCL INFO Channel 11/0 : 15[de000] -> 14[d9000] via P2P/IPC comm 0x561ab40230b0 nRanks 16
nid005016:26146:26263 [7] NCCL INFO New proxy send connection 29 from local rank 7, transport 0
nid005016:26146:26146 [7] NCCL INFO Connected to proxy localRank 7 -> connection 0x147d440021b8
nid005015:85340:85340 [3] NCCL INFO Channel 06/0 : 3[ce000] -> 2[c9000] via P2P/IPC comm 0x5652821c3ea0 nRanks 16
nid005015:85340:85454 [3] NCCL INFO New proxy send connection 27 from local rank 3, transport 0
nid005015:85340:85340 [3] NCCL INFO Connected to proxy localRank 3 -> connection 0x145d800020c8
nid005015:85339:85339 [1] NCCL INFO Channel 07/0 : 1[c6000] -> 0[c1000] via P2P/IPC comm 0x55f768ab8660 nRanks 16
nid005015:85339:85460 [1] NCCL INFO New proxy send connection 27 from local rank 1, transport 0
nid005015:85339:85339 [1] NCCL INFO Connected to proxy localRank 1 -> connection 0x1508ec0020c8
nid005015:85337:85459 [0] NCCL INFO New proxy recv connection 23 from local rank 0, transport 0
nid005015:85337:85337 [0] NCCL INFO Connected to proxy localRank 0 -> connection 0x146024001ee8
nid005016:26144:26264 [2] NCCL INFO New proxy recv connection 27 from local rank 2, transport 0
nid005016:26140:26140 [1] NCCL INFO Channel 02/0 : 9[c6000] -> 8[c1000] via P2P/IPC comm 0x560201cd0140 nRanks 16
nid005016:26141:26141 [3] NCCL INFO Channel 03/0 : 11[ce000] -> 10[c9000] via P2P/IPC comm 0x563ddb79ccb0 nRanks 16
nid005016:26144:26144 [2] NCCL INFO Connected to proxy localRank 2 -> connection 0x1473340020c8
nid005016:26140:26258 [1] NCCL INFO New proxy send connection 25 from local rank 1, transport 0
nid005016:26140:26140 [1] NCCL INFO Connected to proxy localRank 1 -> connection 0x14a994001fd8
nid005016:26141:26261 [3] NCCL INFO New proxy send connection 25 from local rank 3, transport 0
nid005016:26141:26141 [3] NCCL INFO Connected to proxy localRank 3 -> connection 0x14fb60001fd8
nid005016:26142:26142 [6] NCCL INFO Channel 00/0 : 14[d9000] -> 12[d1000] via P2P/IPC comm 0x55943fc700c0 nRanks 16
nid005016:26139:26262 [0] NCCL INFO New proxy recv connection 24 from local rank 0, transport 0
nid005016:26142:26260 [6] NCCL INFO New proxy send connection 20 from local rank 6, transport 0
nid005016:26139:26139 [0] NCCL INFO Connected to proxy localRank 0 -> connection 0x150a18001f60
nid005016:26142:26142 [6] NCCL INFO Connected to proxy localRank 6 -> connection 0x151d80001d80
nid005015:85340:85340 [3] NCCL INFO Channel 08/0 : 3[ce000] -> 2[c9000] via P2P/IPC comm 0x5652821c3ea0 nRanks 16
nid005015:85340:85454 [3] NCCL INFO New proxy send connection 28 from local rank 3, transport 0
nid005015:85340:85340 [3] NCCL INFO Connected to proxy localRank 3 -> connection 0x145d80002140
nid005015:85339:85339 [1] NCCL INFO Channel 09/0 : 1[c6000] -> 0[c1000] via P2P/IPC comm 0x55f768ab8660 nRanks 16
nid005015:85339:85460 [1] NCCL INFO New proxy send connection 28 from local rank 1, transport 0
nid005015:85339:85339 [1] NCCL INFO Connected to proxy localRank 1 -> connection 0x1508ec002140
nid005015:85338:85456 [2] NCCL INFO New proxy recv connection 27 from local rank 2, transport 0
nid005015:85338:85338 [2] NCCL INFO Connected to proxy localRank 2 -> connection 0x148b4c0020c8
nid005016:26146:26146 [7] NCCL INFO Channel 12/0 : 15[de000] -> 14[d9000] via P2P/IPC comm 0x561ab40230b0 nRanks 16
nid005016:26146:26263 [7] NCCL INFO New proxy send connection 30 from local rank 7, transport 0
nid005016:26146:26146 [7] NCCL INFO Connected to proxy localRank 7 -> connection 0x147d44002230
nid005015:85341:85341 [6] NCCL INFO Channel 01/0 : 6[d9000] -> 4[d1000] via P2P/IPC comm 0x5653595b56b0 nRanks 16
nid005015:85337:85459 [0] NCCL INFO New proxy recv connection 24 from local rank 0, transport 0
nid005015:85337:85337 [0] NCCL INFO Connected to proxy localRank 0 -> connection 0x146024001f60
nid005015:85341:85455 [6] NCCL INFO New proxy send connection 20 from local rank 6, transport 0
nid005015:85341:85341 [6] NCCL INFO Connected to proxy localRank 6 -> connection 0x14b8b0001d80
nid005016:26140:26140 [1] NCCL INFO Channel 04/0 : 9[c6000] -> 8[c1000] via P2P/IPC comm 0x560201cd0140 nRanks 16
nid005016:26140:26258 [1] NCCL INFO New proxy send connection 26 from local rank 1, transport 0
nid005016:26140:26140 [1] NCCL INFO Connected to proxy localRank 1 -> connection 0x14a994002050
nid005016:26141:26141 [3] NCCL INFO Channel 05/0 : 11[ce000] -> 10[c9000] via P2P/IPC comm 0x563ddb79ccb0 nRanks 16
nid005016:26141:26261 [3] NCCL INFO New proxy send connection 26 from local rank 3, transport 0
nid005016:26141:26141 [3] NCCL INFO Connected to proxy localRank 3 -> connection 0x14fb60002050
nid005016:26144:26264 [2] NCCL INFO New proxy recv connection 28 from local rank 2, transport 0
nid005016:26144:26144 [2] NCCL INFO Connected to proxy localRank 2 -> connection 0x147334002140
nid005015:85340:85340 [3] NCCL INFO Channel 10/0 : 3[ce000] -> 2[c9000] via P2P/IPC comm 0x5652821c3ea0 nRanks 16
nid005015:85340:85454 [3] NCCL INFO New proxy send connection 29 from local rank 3, transport 0
nid005015:85340:85340 [3] NCCL INFO Connected to proxy localRank 3 -> connection 0x145d800021b8
nid005015:85339:85339 [1] NCCL INFO Channel 11/0 : 1[c6000] -> 0[c1000] via P2P/IPC comm 0x55f768ab8660 nRanks 16
nid005015:85339:85460 [1] NCCL INFO New proxy send connection 29 from local rank 1, transport 0
nid005015:85339:85339 [1] NCCL INFO Connected to proxy localRank 1 -> connection 0x1508ec0021b8
nid005016:26139:26262 [0] NCCL INFO New proxy recv connection 25 from local rank 0, transport 0
nid005016:26139:26139 [0] NCCL INFO Connected to proxy localRank 0 -> connection 0x150a18001fd8
nid005016:26142:26142 [6] NCCL INFO Channel 04/0 : 14[d9000] -> 12[d1000] via P2P/IPC comm 0x55943fc700c0 nRanks 16
nid005016:26142:26260 [6] NCCL INFO New proxy send connection 21 from local rank 6, transport 0
nid005016:26142:26142 [6] NCCL INFO Connected to proxy localRank 6 -> connection 0x151d80001df8
nid005015:85341:85341 [6] NCCL INFO Channel 05/0 : 6[d9000] -> 4[d1000] via P2P/IPC comm 0x5653595b56b0 nRanks 16
nid005015:85341:85455 [6] NCCL INFO New proxy send connection 21 from local rank 6, transport 0
nid005015:85341:85341 [6] NCCL INFO Connected to proxy localRank 6 -> connection 0x14b8b0001df8
nid005015:85337:85459 [0] NCCL INFO New proxy recv connection 25 from local rank 0, transport 0
nid005015:85337:85337 [0] NCCL INFO Connected to proxy localRank 0 -> connection 0x146024001fd8
nid005016:26146:26146 [7] NCCL INFO Channel 15/0 : 15[de000] -> 14[d9000] via P2P/IPC comm 0x561ab40230b0 nRanks 16
nid005016:26146:26263 [7] NCCL INFO New proxy send connection 31 from local rank 7, transport 0
nid005016:26146:26146 [7] NCCL INFO Connected to proxy localRank 7 -> connection 0x147d440022a8
nid005015:85338:85456 [2] NCCL INFO New proxy recv connection 28 from local rank 2, transport 0
nid005015:85338:85338 [2] NCCL INFO Connected to proxy localRank 2 -> connection 0x148b4c002140
nid005016:26140:26140 [1] NCCL INFO Channel 06/0 : 9[c6000] -> 8[c1000] via P2P/IPC comm 0x560201cd0140 nRanks 16
nid005016:26140:26258 [1] NCCL INFO New proxy send connection 27 from local rank 1, transport 0
nid005016:26140:26140 [1] NCCL INFO Connected to proxy localRank 1 -> connection 0x14a9940020c8
nid005016:26141:26141 [3] NCCL INFO Channel 07/0 : 11[ce000] -> 10[c9000] via P2P/IPC comm 0x563ddb79ccb0 nRanks 16
nid005016:26141:26261 [3] NCCL INFO New proxy send connection 27 from local rank 3, transport 0
nid005016:26141:26141 [3] NCCL INFO Connected to proxy localRank 3 -> connection 0x14fb600020c8
nid005016:26144:26264 [2] NCCL INFO New proxy recv connection 29 from local rank 2, transport 0
nid005016:26144:26144 [2] NCCL INFO Connected to proxy localRank 2 -> connection 0x1473340021b8
nid005015:85340:85340 [3] NCCL INFO Channel 12/0 : 3[ce000] -> 2[c9000] via P2P/IPC comm 0x5652821c3ea0 nRanks 16
nid005015:85340:85454 [3] NCCL INFO New proxy send connection 30 from local rank 3, transport 0
nid005015:85339:85339 [1] NCCL INFO Channel 13/0 : 1[c6000] -> 0[c1000] via P2P/IPC comm 0x55f768ab8660 nRanks 16
nid005015:85339:85460 [1] NCCL INFO New proxy send connection 30 from local rank 1, transport 0
nid005015:85340:85340 [3] NCCL INFO Connected to proxy localRank 3 -> connection 0x145d80002230
nid005015:85339:85339 [1] NCCL INFO Connected to proxy localRank 1 -> connection 0x1508ec002230
nid005015:85341:85341 [6] NCCL INFO Channel 09/0 : 6[d9000] -> 4[d1000] via P2P/IPC comm 0x5653595b56b0 nRanks 16
nid005015:85341:85455 [6] NCCL INFO New proxy send connection 22 from local rank 6, transport 0
nid005015:85341:85341 [6] NCCL INFO Connected to proxy localRank 6 -> connection 0x14b8b0001e70
nid005016:26142:26142 [6] NCCL INFO Channel 08/0 : 14[d9000] -> 12[d1000] via P2P/IPC comm 0x55943fc700c0 nRanks 16
nid005016:26139:26262 [0] NCCL INFO New proxy recv connection 26 from local rank 0, transport 0
nid005016:26139:26139 [0] NCCL INFO Connected to proxy localRank 0 -> connection 0x150a18002050
nid005016:26142:26260 [6] NCCL INFO New proxy send connection 22 from local rank 6, transport 0
nid005016:26142:26142 [6] NCCL INFO Connected to proxy localRank 6 -> connection 0x151d80001e70
nid005016:26140:26140 [1] NCCL INFO Channel 08/0 : 9[c6000] -> 8[c1000] via P2P/IPC comm 0x560201cd0140 nRanks 16
nid005016:26140:26258 [1] NCCL INFO New proxy send connection 28 from local rank 1, transport 0
nid005016:26140:26140 [1] NCCL INFO Connected to proxy localRank 1 -> connection 0x14a994002140
nid005016:26141:26141 [3] NCCL INFO Channel 09/0 : 11[ce000] -> 10[c9000] via P2P/IPC comm 0x563ddb79ccb0 nRanks 16
nid005016:26141:26261 [3] NCCL INFO New proxy send connection 28 from local rank 3, transport 0
nid005016:26141:26141 [3] NCCL INFO Connected to proxy localRank 3 -> connection 0x14fb60002140
nid005015:85338:85456 [2] NCCL INFO New proxy recv connection 29 from local rank 2, transport 0
nid005015:85338:85338 [2] NCCL INFO Connected to proxy localRank 2 -> connection 0x148b4c0021b8
nid005016:26144:26264 [2] NCCL INFO New proxy recv connection 30 from local rank 2, transport 0
nid005016:26144:26144 [2] NCCL INFO Connected to proxy localRank 2 -> connection 0x147334002230
nid005015:85341:85341 [6] NCCL INFO Channel 13/0 : 6[d9000] -> 4[d1000] via P2P/IPC comm 0x5653595b56b0 nRanks 16
nid005015:85341:85455 [6] NCCL INFO New proxy send connection 23 from local rank 6, transport 0
nid005015:85341:85341 [6] NCCL INFO Connected to proxy localRank 6 -> connection 0x14b8b0001ee8
nid005015:85340:85340 [3] NCCL INFO Channel 14/0 : 3[ce000] -> 2[c9000] via P2P/IPC comm 0x5652821c3ea0 nRanks 16
nid005015:85339:85339 [1] NCCL INFO Channel 15/0 : 1[c6000] -> 0[c1000] via P2P/IPC comm 0x55f768ab8660 nRanks 16
nid005015:85340:85454 [3] NCCL INFO New proxy send connection 31 from local rank 3, transport 0
nid005015:85340:85340 [3] NCCL INFO Connected to proxy localRank 3 -> connection 0x145d800022a8
nid005015:85339:85460 [1] NCCL INFO New proxy send connection 31 from local rank 1, transport 0
nid005015:85339:85339 [1] NCCL INFO Connected to proxy localRank 1 -> connection 0x1508ec0022a8
nid005015:85337:85459 [0] NCCL INFO New proxy recv connection 26 from local rank 0, transport 0
nid005015:85337:85337 [0] NCCL INFO Connected to proxy localRank 0 -> connection 0x146024002050
nid005016:26142:26142 [6] NCCL INFO Channel 12/0 : 14[d9000] -> 12[d1000] via P2P/IPC comm 0x55943fc700c0 nRanks 16
nid005016:26142:26260 [6] NCCL INFO New proxy send connection 23 from local rank 6, transport 0
nid005016:26142:26142 [6] NCCL INFO Connected to proxy localRank 6 -> connection 0x151d80001ee8
nid005016:26139:26262 [0] NCCL INFO New proxy recv connection 27 from local rank 0, transport 0
nid005016:26139:26139 [0] NCCL INFO Connected to proxy localRank 0 -> connection 0x150a180020c8
nid005016:26140:26140 [1] NCCL INFO Channel 10/0 : 9[c6000] -> 8[c1000] via P2P/IPC comm 0x560201cd0140 nRanks 16
nid005016:26140:26258 [1] NCCL INFO New proxy send connection 29 from local rank 1, transport 0
nid005016:26140:26140 [1] NCCL INFO Connected to proxy localRank 1 -> connection 0x14a9940021b8
nid005015:85341:85455 [6] NCCL INFO New proxy recv connection 24 from local rank 6, transport 0
nid005015:85341:85341 [6] NCCL INFO Connected to proxy localRank 6 -> connection 0x14b8b0001f60
nid005015:85344:85457 [4] NCCL INFO New proxy recv connection 24 from local rank 4, transport 0
nid005015:85344:85344 [4] NCCL INFO Connected to proxy localRank 4 -> connection 0x14b174001f60
nid005016:26141:26141 [3] NCCL INFO Channel 11/0 : 11[ce000] -> 10[c9000] via P2P/IPC comm 0x563ddb79ccb0 nRanks 16
nid005016:26141:26261 [3] NCCL INFO New proxy send connection 29 from local rank 3, transport 0
nid005016:26141:26141 [3] NCCL INFO Connected to proxy localRank 3 -> connection 0x14fb600021b8
nid005016:26144:26264 [2] NCCL INFO New proxy recv connection 31 from local rank 2, transport 0
nid005016:26144:26144 [2] NCCL INFO Connected to proxy localRank 2 -> connection 0x1473340022a8
nid005015:85337:85459 [0] NCCL INFO New proxy recv connection 27 from local rank 0, transport 0
nid005015:85337:85337 [0] NCCL INFO Connected to proxy localRank 0 -> connection 0x1460240020c8
nid005015:85338:85456 [2] NCCL INFO New proxy recv connection 30 from local rank 2, transport 0
nid005015:85338:85338 [2] NCCL INFO Connected to proxy localRank 2 -> connection 0x148b4c002230
nid005016:26143:26272 [4] NCCL INFO New proxy recv connection 24 from local rank 4, transport 0
nid005016:26143:26143 [4] NCCL INFO Connected to proxy localRank 4 -> connection 0x14d250001f60
nid005016:26142:26260 [6] NCCL INFO New proxy recv connection 24 from local rank 6, transport 0
nid005016:26142:26142 [6] NCCL INFO Connected to proxy localRank 6 -> connection 0x151d80001f60
nid005016:26139:26262 [0] NCCL INFO New proxy recv connection 28 from local rank 0, transport 0
nid005016:26139:26139 [0] NCCL INFO Connected to proxy localRank 0 -> connection 0x150a18002140
nid005015:85341:85455 [6] NCCL INFO New proxy recv connection 25 from local rank 6, transport 0
nid005015:85341:85341 [6] NCCL INFO Connected to proxy localRank 6 -> connection 0x14b8b0001fd8
nid005015:85344:85457 [4] NCCL INFO New proxy recv connection 25 from local rank 4, transport 0
nid005015:85344:85344 [4] NCCL INFO Connected to proxy localRank 4 -> connection 0x14b174001fd8
nid005016:26140:26140 [1] NCCL INFO Channel 12/0 : 9[c6000] -> 8[c1000] via P2P/IPC comm 0x560201cd0140 nRanks 16
nid005016:26140:26258 [1] NCCL INFO New proxy send connection 30 from local rank 1, transport 0
nid005016:26140:26140 [1] NCCL INFO Connected to proxy localRank 1 -> connection 0x14a994002230
nid005015:85337:85459 [0] NCCL INFO New proxy recv connection 28 from local rank 0, transport 0
nid005015:85337:85337 [0] NCCL INFO Connected to proxy localRank 0 -> connection 0x146024002140
nid005016:26141:26141 [3] NCCL INFO Channel 13/0 : 11[ce000] -> 10[c9000] via P2P/IPC comm 0x563ddb79ccb0 nRanks 16
nid005016:26141:26261 [3] NCCL INFO New proxy send connection 30 from local rank 3, transport 0
nid005016:26141:26141 [3] NCCL INFO Connected to proxy localRank 3 -> connection 0x14fb60002230
nid005015:85338:85456 [2] NCCL INFO New proxy recv connection 31 from local rank 2, transport 0
nid005015:85338:85338 [2] NCCL INFO Connected to proxy localRank 2 -> connection 0x148b4c0022a8
nid005015:85344:85457 [4] NCCL INFO New proxy recv connection 26 from local rank 4, transport 0
nid005015:85344:85344 [4] NCCL INFO Connected to proxy localRank 4 -> connection 0x14b174002050
nid005015:85341:85455 [6] NCCL INFO New proxy recv connection 26 from local rank 6, transport 0
nid005015:85341:85341 [6] NCCL INFO Connected to proxy localRank 6 -> connection 0x14b8b0002050
nid005016:26143:26272 [4] NCCL INFO New proxy recv connection 25 from local rank 4, transport 0
nid005016:26143:26143 [4] NCCL INFO Connected to proxy localRank 4 -> connection 0x14d250001fd8
nid005016:26142:26260 [6] NCCL INFO New proxy recv connection 25 from local rank 6, transport 0
nid005016:26142:26142 [6] NCCL INFO Connected to proxy localRank 6 -> connection 0x151d80001fd8
nid005016:26139:26262 [0] NCCL INFO New proxy recv connection 29 from local rank 0, transport 0
nid005016:26139:26139 [0] NCCL INFO Connected to proxy localRank 0 -> connection 0x150a180021b8
nid005016:26140:26140 [1] NCCL INFO Channel 14/0 : 9[c6000] -> 8[c1000] via P2P/IPC comm 0x560201cd0140 nRanks 16
nid005016:26140:26258 [1] NCCL INFO New proxy send connection 31 from local rank 1, transport 0
nid005016:26140:26140 [1] NCCL INFO Connected to proxy localRank 1 -> connection 0x14a9940022a8
nid005015:85337:85459 [0] NCCL INFO New proxy recv connection 29 from local rank 0, transport 0
nid005015:85337:85337 [0] NCCL INFO Connected to proxy localRank 0 -> connection 0x1460240021b8
nid005015:85344:85457 [4] NCCL INFO New proxy recv connection 27 from local rank 4, transport 0
nid005015:85344:85344 [4] NCCL INFO Connected to proxy localRank 4 -> connection 0x14b1740020c8
nid005016:26141:26141 [3] NCCL INFO Channel 15/0 : 11[ce000] -> 10[c9000] via P2P/IPC comm 0x563ddb79ccb0 nRanks 16
nid005016:26141:26261 [3] NCCL INFO New proxy send connection 31 from local rank 3, transport 0
nid005016:26141:26141 [3] NCCL INFO Connected to proxy localRank 3 -> connection 0x14fb600022a8
nid005015:85341:85455 [6] NCCL INFO New proxy recv connection 27 from local rank 6, transport 0
nid005015:85341:85341 [6] NCCL INFO Connected to proxy localRank 6 -> connection 0x14b8b00020c8
nid005016:26143:26272 [4] NCCL INFO New proxy recv connection 26 from local rank 4, transport 0
nid005016:26143:26143 [4] NCCL INFO Connected to proxy localRank 4 -> connection 0x14d250002050
nid005016:26142:26260 [6] NCCL INFO New proxy recv connection 26 from local rank 6, transport 0
nid005016:26142:26142 [6] NCCL INFO Connected to proxy localRank 6 -> connection 0x151d80002050
nid005015:85337:85459 [0] NCCL INFO New proxy recv connection 30 from local rank 0, transport 0
nid005015:85337:85337 [0] NCCL INFO Connected to proxy localRank 0 -> connection 0x146024002230
nid005015:85344:85457 [4] NCCL INFO New proxy recv connection 28 from local rank 4, transport 0
nid005015:85344:85344 [4] NCCL INFO Connected to proxy localRank 4 -> connection 0x14b174002140
nid005016:26139:26262 [0] NCCL INFO New proxy recv connection 30 from local rank 0, transport 0
nid005016:26139:26139 [0] NCCL INFO Connected to proxy localRank 0 -> connection 0x150a18002230
nid005015:85341:85455 [6] NCCL INFO New proxy recv connection 28 from local rank 6, transport 0
nid005015:85341:85341 [6] NCCL INFO Connected to proxy localRank 6 -> connection 0x14b8b0002140
nid005016:26143:26272 [4] NCCL INFO New proxy recv connection 27 from local rank 4, transport 0
nid005016:26143:26143 [4] NCCL INFO Connected to proxy localRank 4 -> connection 0x14d2500020c8
nid005015:85344:85457 [4] NCCL INFO New proxy recv connection 29 from local rank 4, transport 0
nid005015:85344:85344 [4] NCCL INFO Connected to proxy localRank 4 -> connection 0x14b1740021b8
nid005015:85337:85459 [0] NCCL INFO New proxy recv connection 31 from local rank 0, transport 0
nid005015:85337:85337 [0] NCCL INFO Connected to proxy localRank 0 -> connection 0x1460240022a8
nid005016:26142:26260 [6] NCCL INFO New proxy recv connection 27 from local rank 6, transport 0
nid005016:26142:26142 [6] NCCL INFO Connected to proxy localRank 6 -> connection 0x151d800020c8
nid005015:85341:85455 [6] NCCL INFO New proxy recv connection 29 from local rank 6, transport 0
nid005015:85341:85341 [6] NCCL INFO Connected to proxy localRank 6 -> connection 0x14b8b00021b8
nid005016:26139:26262 [0] NCCL INFO New proxy recv connection 31 from local rank 0, transport 0
nid005016:26139:26139 [0] NCCL INFO Connected to proxy localRank 0 -> connection 0x150a180022a8
nid005015:85344:85457 [4] NCCL INFO New proxy recv connection 30 from local rank 4, transport 0
nid005015:85344:85344 [4] NCCL INFO Connected to proxy localRank 4 -> connection 0x14b174002230
nid005016:26143:26272 [4] NCCL INFO New proxy recv connection 28 from local rank 4, transport 0
nid005016:26143:26143 [4] NCCL INFO Connected to proxy localRank 4 -> connection 0x14d250002140
nid005015:85341:85455 [6] NCCL INFO New proxy recv connection 30 from local rank 6, transport 0
nid005015:85341:85341 [6] NCCL INFO Connected to proxy localRank 6 -> connection 0x14b8b0002230
nid005016:26142:26260 [6] NCCL INFO New proxy recv connection 28 from local rank 6, transport 0
nid005016:26142:26142 [6] NCCL INFO Connected to proxy localRank 6 -> connection 0x151d80002140
nid005015:85344:85457 [4] NCCL INFO New proxy recv connection 31 from local rank 4, transport 0
nid005015:85344:85344 [4] NCCL INFO Connected to proxy localRank 4 -> connection 0x14b1740022a8
nid005016:26143:26272 [4] NCCL INFO New proxy recv connection 29 from local rank 4, transport 0
nid005016:26143:26143 [4] NCCL INFO Connected to proxy localRank 4 -> connection 0x14d2500021b8
nid005015:85341:85455 [6] NCCL INFO New proxy recv connection 31 from local rank 6, transport 0
nid005015:85341:85341 [6] NCCL INFO Connected to proxy localRank 6 -> connection 0x14b8b00022a8
nid005016:26142:26260 [6] NCCL INFO New proxy recv connection 29 from local rank 6, transport 0
nid005016:26142:26142 [6] NCCL INFO Connected to proxy localRank 6 -> connection 0x151d800021b8
nid005016:26143:26272 [4] NCCL INFO New proxy recv connection 30 from local rank 4, transport 0
nid005016:26143:26143 [4] NCCL INFO Connected to proxy localRank 4 -> connection 0x14d250002230
nid005016:26142:26260 [6] NCCL INFO New proxy recv connection 30 from local rank 6, transport 0
nid005016:26142:26142 [6] NCCL INFO Connected to proxy localRank 6 -> connection 0x151d80002230
nid005016:26143:26272 [4] NCCL INFO New proxy recv connection 31 from local rank 4, transport 0
nid005016:26143:26143 [4] NCCL INFO Connected to proxy localRank 4 -> connection 0x14d2500022a8
nid005016:26142:26260 [6] NCCL INFO New proxy recv connection 31 from local rank 6, transport 0
nid005016:26142:26142 [6] NCCL INFO Connected to proxy localRank 6 -> connection 0x151d800022a8
nid005015:85337:85337 [0] NCCL INFO Connected all rings
nid005015:85337:85337 [0] NCCL INFO Channel 00/2 : 0[c1000] -> 1[c6000] via P2P/IPC comm 0x557a2b5ee3a0 nRanks 16
nid005016:26144:26144 [2] NCCL INFO Connected all rings
nid005016:26144:26144 [2] NCCL INFO Channel 00/2 : 10[c9000] -> 11[ce000] via P2P/IPC comm 0x557903c7f1c0 nRanks 16
nid005015:85338:85338 [2] NCCL INFO Connected all rings
nid005015:85338:85338 [2] NCCL INFO Channel 01/2 : 2[c9000] -> 3[ce000] via P2P/IPC comm 0x56376cb3d260 nRanks 16
nid005015:85339:85339 [1] NCCL INFO Connected all rings
nid005015:85339:85460 [1] NCCL INFO New proxy recv connection 32 from local rank 1, transport 0
nid005015:85340:85340 [3] NCCL INFO Connected all rings
nid005015:85340:85454 [3] NCCL INFO New proxy recv connection 32 from local rank 3, transport 0
nid005016:26141:26141 [3] NCCL INFO Connected all rings
nid005015:85343:85343 [5] NCCL INFO Connected all rings
nid005015:85343:85458 [5] NCCL INFO New proxy recv connection 32 from local rank 5, transport 0
nid005016:26139:26139 [0] NCCL INFO Connected all rings
nid005016:26139:26139 [0] NCCL INFO Channel 01/2 : 8[c1000] -> 9[c6000] via P2P/IPC comm 0x55827e574290 nRanks 16
nid005015:85342:85342 [7] NCCL INFO Connected all rings
nid005015:85337:85459 [0] NCCL INFO New proxy send connection 32 from local rank 0, transport 0
nid005015:85337:85337 [0] NCCL INFO Connected to proxy localRank 0 -> connection 0x146024002320
nid005015:85344:85344 [4] NCCL INFO Connected all rings
nid005015:85344:85344 [4] NCCL INFO Channel 01/2 : 4[d1000] -> 5[d6000] via P2P/IPC comm 0x55617ae1a000 nRanks 16
nid005015:85344:85457 [4] NCCL INFO New proxy send connection 32 from local rank 4, transport 0
nid005016:26140:26140 [1] NCCL INFO Connected all rings
nid005015:85338:85456 [2] NCCL INFO New proxy send connection 32 from local rank 2, transport 0
nid005015:85338:85338 [2] NCCL INFO Connected to proxy localRank 2 -> connection 0x148b4c002320
nid005016:26146:26146 [7] NCCL INFO Connected all rings
nid005016:26146:26263 [7] NCCL INFO New proxy recv connection 32 from local rank 7, transport 0
nid005015:85339:85339 [1] NCCL INFO Connected to proxy localRank 1 -> connection 0x1508ec002320
nid005016:26145:26145 [5] NCCL INFO Connected all rings
nid005016:26145:26259 [5] NCCL INFO New proxy recv connection 32 from local rank 5, transport 0
nid005015:85340:85340 [3] NCCL INFO Connected to proxy localRank 3 -> connection 0x145d80002320
nid005016:26143:26143 [4] NCCL INFO Connected all rings
nid005016:26143:26143 [4] NCCL INFO Channel 00/2 : 12[d1000] -> 13[d6000] via P2P/IPC comm 0x560f9106ed10 nRanks 16
nid005015:85341:85341 [6] NCCL INFO Connected all rings
nid005015:85341:85341 [6] NCCL INFO Channel 00/2 : 6[d9000] -> 7[de000] via P2P/IPC comm 0x5653595b56b0 nRanks 16
nid005015:85341:85455 [6] NCCL INFO New proxy send connection 32 from local rank 6, transport 0
nid005016:26144:26264 [2] NCCL INFO New proxy send connection 32 from local rank 2, transport 0
nid005016:26144:26144 [2] NCCL INFO Connected to proxy localRank 2 -> connection 0x147334002320
nid005015:85343:85343 [5] NCCL INFO Connected to proxy localRank 5 -> connection 0x14beec002320
nid005016:26141:26261 [3] NCCL INFO New proxy recv connection 32 from local rank 3, transport 0
nid005016:26141:26141 [3] NCCL INFO Connected to proxy localRank 3 -> connection 0x14fb60002320
nid005015:85342:85453 [7] NCCL INFO New proxy recv connection 32 from local rank 7, transport 0
nid005015:85342:85342 [7] NCCL INFO Connected to proxy localRank 7 -> connection 0x14e188002320
nid005016:26139:26262 [0] NCCL INFO New proxy send connection 32 from local rank 0, transport 0
nid005016:26139:26139 [0] NCCL INFO Connected to proxy localRank 0 -> connection 0x150a18002320
nid005015:85344:85344 [4] NCCL INFO Connected to proxy localRank 4 -> connection 0x14b174002320
nid005016:26142:26142 [6] NCCL INFO Connected all rings
nid005016:26142:26142 [6] NCCL INFO Channel 01/2 : 14[d9000] -> 15[de000] via P2P/IPC comm 0x55943fc700c0 nRanks 16
nid005016:26142:26260 [6] NCCL INFO New proxy send connection 32 from local rank 6, transport 0
nid005015:85341:85341 [6] NCCL INFO Connected to proxy localRank 6 -> connection 0x14b8b0002320
nid005016:26140:26258 [1] NCCL INFO New proxy recv connection 32 from local rank 1, transport 0
nid005016:26140:26140 [1] NCCL INFO Connected to proxy localRank 1 -> connection 0x14a994002320
nid005016:26146:26146 [7] NCCL INFO Connected to proxy localRank 7 -> connection 0x147d44002320
nid005016:26143:26272 [4] NCCL INFO New proxy send connection 32 from local rank 4, transport 0
nid005016:26143:26143 [4] NCCL INFO Connected to proxy localRank 4 -> connection 0x14d250002320
nid005016:26145:26145 [5] NCCL INFO Connected to proxy localRank 5 -> connection 0x14c8dc002320
nid005016:26142:26142 [6] NCCL INFO Connected to proxy localRank 6 -> connection 0x151d80002320
nid005016:26145:26259 [5] NCCL INFO New proxy recv connection 33 from local rank 5, transport 0
nid005016:26145:26145 [5] NCCL INFO Connected to proxy localRank 5 -> connection 0x14c8dc002398
nid005015:85341:85341 [6] NCCL INFO Channel 03/2 : 6[d9000] -> 7[de000] via P2P/IPC comm 0x5653595b56b0 nRanks 16
nid005015:85341:85455 [6] NCCL INFO New proxy send connection 33 from local rank 6, transport 0
nid005015:85341:85341 [6] NCCL INFO Connected to proxy localRank 6 -> connection 0x14b8b0002398
nid005015:85343:85458 [5] NCCL INFO New proxy recv connection 33 from local rank 5, transport 0
nid005015:85343:85343 [5] NCCL INFO Connected to proxy localRank 5 -> connection 0x14beec002398
nid005015:85340:85454 [3] NCCL INFO New proxy recv connection 33 from local rank 3, transport 0
nid005015:85344:85344 [4] NCCL INFO Channel 02/2 : 4[d1000] -> 5[d6000] via P2P/IPC comm 0x55617ae1a000 nRanks 16
nid005015:85344:85457 [4] NCCL INFO New proxy send connection 33 from local rank 4, transport 0
nid005015:85340:85340 [3] NCCL INFO Connected to proxy localRank 3 -> connection 0x145d80002398
nid005015:85339:85460 [1] NCCL INFO New proxy recv connection 33 from local rank 1, transport 0
nid005015:85339:85339 [1] NCCL INFO Connected to proxy localRank 1 -> connection 0x1508ec002398
nid005015:85344:85344 [4] NCCL INFO Connected to proxy localRank 4 -> connection 0x14b174002398
nid005015:85342:85453 [7] NCCL INFO New proxy recv connection 33 from local rank 7, transport 0
nid005015:85342:85342 [7] NCCL INFO Connected to proxy localRank 7 -> connection 0x14e188002398
nid005016:26143:26143 [4] NCCL INFO Channel 03/2 : 12[d1000] -> 13[d6000] via P2P/IPC comm 0x560f9106ed10 nRanks 16
nid005016:26143:26272 [4] NCCL INFO New proxy send connection 33 from local rank 4, transport 0
nid005016:26143:26143 [4] NCCL INFO Connected to proxy localRank 4 -> connection 0x14d250002398
nid005016:26144:26144 [2] NCCL INFO Channel 02/2 : 10[c9000] -> 11[ce000] via P2P/IPC comm 0x557903c7f1c0 nRanks 16
nid005016:26142:26142 [6] NCCL INFO Channel 02/2 : 14[d9000] -> 15[de000] via P2P/IPC comm 0x55943fc700c0 nRanks 16
nid005016:26142:26260 [6] NCCL INFO New proxy send connection 33 from local rank 6, transport 0
nid005016:26144:26264 [2] NCCL INFO New proxy send connection 33 from local rank 2, transport 0
nid005016:26144:26144 [2] NCCL INFO Connected to proxy localRank 2 -> connection 0x147334002398
nid005016:26142:26142 [6] NCCL INFO Connected to proxy localRank 6 -> connection 0x151d80002398
nid005016:26140:26258 [1] NCCL INFO New proxy recv connection 33 from local rank 1, transport 0
nid005016:26139:26139 [0] NCCL INFO Channel 03/2 : 8[c1000] -> 9[c6000] via P2P/IPC comm 0x55827e574290 nRanks 16
nid005016:26140:26140 [1] NCCL INFO Connected to proxy localRank 1 -> connection 0x14a994002398
nid005016:26139:26262 [0] NCCL INFO New proxy send connection 33 from local rank 0, transport 0
nid005015:85338:85338 [2] NCCL INFO Channel 03/2 : 2[c9000] -> 3[ce000] via P2P/IPC comm 0x56376cb3d260 nRanks 16
nid005015:85338:85456 [2] NCCL INFO New proxy send connection 33 from local rank 2, transport 0
nid005015:85338:85338 [2] NCCL INFO Connected to proxy localRank 2 -> connection 0x148b4c002398
nid005016:26139:26139 [0] NCCL INFO Connected to proxy localRank 0 -> connection 0x150a18002398
nid005016:26141:26261 [3] NCCL INFO New proxy recv connection 33 from local rank 3, transport 0
nid005016:26141:26141 [3] NCCL INFO Connected to proxy localRank 3 -> connection 0x14fb60002398
nid005015:85337:85337 [0] NCCL INFO Channel 02/2 : 0[c1000] -> 1[c6000] via P2P/IPC comm 0x557a2b5ee3a0 nRanks 16
nid005015:85337:85459 [0] NCCL INFO New proxy send connection 33 from local rank 0, transport 0
nid005015:85337:85337 [0] NCCL INFO Connected to proxy localRank 0 -> connection 0x146024002398
nid005016:26146:26263 [7] NCCL INFO New proxy recv connection 33 from local rank 7, transport 0
nid005016:26146:26146 [7] NCCL INFO Connected to proxy localRank 7 -> connection 0x147d44002398
nid005016:26145:26259 [5] NCCL INFO New proxy recv connection 34 from local rank 5, transport 0
nid005016:26145:26145 [5] NCCL INFO Connected to proxy localRank 5 -> connection 0x14c8dc002410
nid005015:85341:85341 [6] NCCL INFO Channel 04/2 : 6[d9000] -> 7[de000] via P2P/IPC comm 0x5653595b56b0 nRanks 16
nid005015:85341:85455 [6] NCCL INFO New proxy send connection 34 from local rank 6, transport 0
nid005015:85341:85341 [6] NCCL INFO Connected to proxy localRank 6 -> connection 0x14b8b0002410
nid005015:85344:85344 [4] NCCL INFO Channel 05/2 : 4[d1000] -> 5[d6000] via P2P/IPC comm 0x55617ae1a000 nRanks 16
nid005015:85344:85457 [4] NCCL INFO New proxy send connection 34 from local rank 4, transport 0
nid005015:85343:85458 [5] NCCL INFO New proxy recv connection 34 from local rank 5, transport 0
nid005015:85344:85344 [4] NCCL INFO Connected to proxy localRank 4 -> connection 0x14b174002410
nid005015:85343:85343 [5] NCCL INFO Connected to proxy localRank 5 -> connection 0x14beec002410
nid005015:85339:85460 [1] NCCL INFO New proxy recv connection 34 from local rank 1, transport 0
nid005015:85339:85339 [1] NCCL INFO Connected to proxy localRank 1 -> connection 0x1508ec002410
nid005015:85340:85454 [3] NCCL INFO New proxy recv connection 34 from local rank 3, transport 0
nid005015:85340:85340 [3] NCCL INFO Connected to proxy localRank 3 -> connection 0x145d80002410
nid005015:85342:85453 [7] NCCL INFO New proxy recv connection 34 from local rank 7, transport 0
nid005015:85342:85342 [7] NCCL INFO Connected to proxy localRank 7 -> connection 0x14e188002410
nid005016:26142:26142 [6] NCCL INFO Channel 05/2 : 14[d9000] -> 15[de000] via P2P/IPC comm 0x55943fc700c0 nRanks 16
nid005016:26142:26260 [6] NCCL INFO New proxy send connection 34 from local rank 6, transport 0
nid005016:26142:26142 [6] NCCL INFO Connected to proxy localRank 6 -> connection 0x151d80002410
nid005016:26140:26258 [1] NCCL INFO New proxy recv connection 34 from local rank 1, transport 0
nid005016:26140:26140 [1] NCCL INFO Connected to proxy localRank 1 -> connection 0x14a994002410
nid005016:26144:26144 [2] NCCL INFO Channel 04/2 : 10[c9000] -> 11[ce000] via P2P/IPC comm 0x557903c7f1c0 nRanks 16
nid005016:26144:26264 [2] NCCL INFO New proxy send connection 34 from local rank 2, transport 0
nid005016:26144:26144 [2] NCCL INFO Connected to proxy localRank 2 -> connection 0x147334002410
nid005016:26146:26263 [7] NCCL INFO New proxy recv connection 34 from local rank 7, transport 0
nid005016:26145:26259 [5] NCCL INFO New proxy recv connection 35 from local rank 5, transport 0
nid005016:26146:26146 [7] NCCL INFO Connected to proxy localRank 7 -> connection 0x147d44002410
nid005016:26145:26145 [5] NCCL INFO Connected to proxy localRank 5 -> connection 0x14c8dc002488
nid005015:85338:85338 [2] NCCL INFO Channel 05/2 : 2[c9000] -> 3[ce000] via P2P/IPC comm 0x56376cb3d260 nRanks 16
nid005015:85338:85456 [2] NCCL INFO New proxy send connection 34 from local rank 2, transport 0
nid005015:85338:85338 [2] NCCL INFO Connected to proxy localRank 2 -> connection 0x148b4c002410
nid005015:85341:85341 [6] NCCL INFO Channel 07/2 : 6[d9000] -> 7[de000] via P2P/IPC comm 0x5653595b56b0 nRanks 16
nid005015:85341:85455 [6] NCCL INFO New proxy send connection 35 from local rank 6, transport 0
nid005015:85341:85341 [6] NCCL INFO Connected to proxy localRank 6 -> connection 0x14b8b0002488
nid005015:85337:85337 [0] NCCL INFO Channel 04/2 : 0[c1000] -> 1[c6000] via P2P/IPC comm 0x557a2b5ee3a0 nRanks 16
nid005015:85337:85459 [0] NCCL INFO New proxy send connection 34 from local rank 0, transport 0
nid005015:85337:85337 [0] NCCL INFO Connected to proxy localRank 0 -> connection 0x146024002410
nid005015:85344:85344 [4] NCCL INFO Channel 06/2 : 4[d1000] -> 5[d6000] via P2P/IPC comm 0x55617ae1a000 nRanks 16
nid005015:85344:85457 [4] NCCL INFO New proxy send connection 35 from local rank 4, transport 0
nid005015:85344:85344 [4] NCCL INFO Connected to proxy localRank 4 -> connection 0x14b174002488
nid005015:85339:85460 [1] NCCL INFO New proxy recv connection 35 from local rank 1, transport 0
nid005015:85339:85339 [1] NCCL INFO Connected to proxy localRank 1 -> connection 0x1508ec002488
nid005015:85343:85458 [5] NCCL INFO New proxy recv connection 35 from local rank 5, transport 0
nid005015:85340:85454 [3] NCCL INFO New proxy recv connection 35 from local rank 3, transport 0
nid005015:85340:85340 [3] NCCL INFO Connected to proxy localRank 3 -> connection 0x145d80002488
nid005015:85343:85343 [5] NCCL INFO Connected to proxy localRank 5 -> connection 0x14beec002488
nid005016:26145:26259 [5] NCCL INFO New proxy recv connection 36 from local rank 5, transport 0
nid005016:26145:26145 [5] NCCL INFO Connected to proxy localRank 5 -> connection 0x14c8dc002500
nid005016:26139:26139 [0] NCCL INFO Channel 05/2 : 8[c1000] -> 9[c6000] via P2P/IPC comm 0x55827e574290 nRanks 16
nid005015:85342:85453 [7] NCCL INFO New proxy recv connection 35 from local rank 7, transport 0
nid005015:85342:85342 [7] NCCL INFO Connected to proxy localRank 7 -> connection 0x14e188002488
nid005016:26139:26262 [0] NCCL INFO New proxy send connection 34 from local rank 0, transport 0
nid005016:26139:26139 [0] NCCL INFO Connected to proxy localRank 0 -> connection 0x150a18002410
nid005016:26142:26142 [6] NCCL INFO Channel 06/2 : 14[d9000] -> 15[de000] via P2P/IPC comm 0x55943fc700c0 nRanks 16
nid005016:26142:26260 [6] NCCL INFO New proxy send connection 35 from local rank 6, transport 0
nid005016:26142:26142 [6] NCCL INFO Connected to proxy localRank 6 -> connection 0x151d80002488
nid005016:26141:26261 [3] NCCL INFO New proxy recv connection 34 from local rank 3, transport 0
nid005016:26141:26141 [3] NCCL INFO Connected to proxy localRank 3 -> connection 0x14fb60002410
nid005016:26140:26258 [1] NCCL INFO New proxy recv connection 35 from local rank 1, transport 0
nid005016:26140:26140 [1] NCCL INFO Connected to proxy localRank 1 -> connection 0x14a994002488
nid005016:26143:26143 [4] NCCL INFO Channel 04/2 : 12[d1000] -> 13[d6000] via P2P/IPC comm 0x560f9106ed10 nRanks 16
nid005016:26143:26272 [4] NCCL INFO New proxy send connection 34 from local rank 4, transport 0
nid005016:26143:26143 [4] NCCL INFO Connected to proxy localRank 4 -> connection 0x14d250002410
nid005015:85341:85341 [6] NCCL INFO Channel 08/2 : 6[d9000] -> 7[de000] via P2P/IPC comm 0x5653595b56b0 nRanks 16
nid005015:85341:85455 [6] NCCL INFO New proxy send connection 36 from local rank 6, transport 0
nid005015:85341:85341 [6] NCCL INFO Connected to proxy localRank 6 -> connection 0x14b8b0002500
nid005016:26146:26263 [7] NCCL INFO New proxy recv connection 35 from local rank 7, transport 0
nid005016:26144:26144 [2] NCCL INFO Channel 06/2 : 10[c9000] -> 11[ce000] via P2P/IPC comm 0x557903c7f1c0 nRanks 16
nid005016:26146:26146 [7] NCCL INFO Connected to proxy localRank 7 -> connection 0x147d44002488
nid005016:26144:26264 [2] NCCL INFO New proxy send connection 35 from local rank 2, transport 0
nid005016:26144:26144 [2] NCCL INFO Connected to proxy localRank 2 -> connection 0x147334002488
nid005015:85338:85338 [2] NCCL INFO Channel 07/2 : 2[c9000] -> 3[ce000] via P2P/IPC comm 0x56376cb3d260 nRanks 16
nid005015:85338:85456 [2] NCCL INFO New proxy send connection 35 from local rank 2, transport 0
nid005015:85338:85338 [2] NCCL INFO Connected to proxy localRank 2 -> connection 0x148b4c002488
nid005015:85344:85344 [4] NCCL INFO Channel 09/2 : 4[d1000] -> 5[d6000] via P2P/IPC comm 0x55617ae1a000 nRanks 16
nid005015:85344:85457 [4] NCCL INFO New proxy send connection 36 from local rank 4, transport 0
nid005015:85340:85454 [3] NCCL INFO New proxy recv connection 36 from local rank 3, transport 0
nid005015:85340:85340 [3] NCCL INFO Connected to proxy localRank 3 -> connection 0x145d80002500
nid005015:85344:85344 [4] NCCL INFO Connected to proxy localRank 4 -> connection 0x14b174002500
nid005015:85339:85460 [1] NCCL INFO New proxy recv connection 36 from local rank 1, transport 0
nid005015:85339:85339 [1] NCCL INFO Connected to proxy localRank 1 -> connection 0x1508ec002500
nid005015:85343:85458 [5] NCCL INFO New proxy recv connection 36 from local rank 5, transport 0
nid005015:85343:85343 [5] NCCL INFO Connected to proxy localRank 5 -> connection 0x14beec002500
nid005015:85337:85337 [0] NCCL INFO Channel 06/2 : 0[c1000] -> 1[c6000] via P2P/IPC comm 0x557a2b5ee3a0 nRanks 16
nid005015:85337:85459 [0] NCCL INFO New proxy send connection 35 from local rank 0, transport 0
nid005015:85337:85337 [0] NCCL INFO Connected to proxy localRank 0 -> connection 0x146024002488
nid005016:26145:26259 [5] NCCL INFO New proxy recv connection 37 from local rank 5, transport 0
nid005016:26145:26145 [5] NCCL INFO Connected to proxy localRank 5 -> connection 0x14c8dc002578
nid005015:85341:85341 [6] NCCL INFO Channel 11/2 : 6[d9000] -> 7[de000] via P2P/IPC comm 0x5653595b56b0 nRanks 16
nid005015:85341:85455 [6] NCCL INFO New proxy send connection 37 from local rank 6, transport 0
nid005015:85341:85341 [6] NCCL INFO Connected to proxy localRank 6 -> connection 0x14b8b0002578
nid005015:85342:85453 [7] NCCL INFO New proxy recv connection 36 from local rank 7, transport 0
nid005015:85342:85342 [7] NCCL INFO Connected to proxy localRank 7 -> connection 0x14e188002500
nid005016:26143:26143 [4] NCCL INFO Channel 07/2 : 12[d1000] -> 13[d6000] via P2P/IPC comm 0x560f9106ed10 nRanks 16
nid005016:26142:26142 [6] NCCL INFO Channel 09/2 : 14[d9000] -> 15[de000] via P2P/IPC comm 0x55943fc700c0 nRanks 16
nid005016:26142:26260 [6] NCCL INFO New proxy send connection 36 from local rank 6, transport 0
nid005016:26143:26272 [4] NCCL INFO New proxy send connection 35 from local rank 4, transport 0
nid005016:26143:26143 [4] NCCL INFO Connected to proxy localRank 4 -> connection 0x14d250002488
nid005016:26142:26142 [6] NCCL INFO Connected to proxy localRank 6 -> connection 0x151d80002500
nid005016:26140:26258 [1] NCCL INFO New proxy recv connection 36 from local rank 1, transport 0
nid005016:26140:26140 [1] NCCL INFO Connected to proxy localRank 1 -> connection 0x14a994002500
nid005016:26139:26139 [0] NCCL INFO Channel 07/2 : 8[c1000] -> 9[c6000] via P2P/IPC comm 0x55827e574290 nRanks 16
nid005016:26139:26262 [0] NCCL INFO New proxy send connection 35 from local rank 0, transport 0
nid005016:26139:26139 [0] NCCL INFO Connected to proxy localRank 0 -> connection 0x150a18002488
nid005016:26146:26263 [7] NCCL INFO New proxy recv connection 36 from local rank 7, transport 0
nid005016:26146:26146 [7] NCCL INFO Connected to proxy localRank 7 -> connection 0x147d44002500
nid005016:26144:26144 [2] NCCL INFO Channel 08/2 : 10[c9000] -> 11[ce000] via P2P/IPC comm 0x557903c7f1c0 nRanks 16
nid005016:26144:26264 [2] NCCL INFO New proxy send connection 36 from local rank 2, transport 0
nid005016:26144:26144 [2] NCCL INFO Connected to proxy localRank 2 -> connection 0x147334002500
nid005015:85339:85460 [1] NCCL INFO New proxy recv connection 37 from local rank 1, transport 0
nid005015:85339:85339 [1] NCCL INFO Connected to proxy localRank 1 -> connection 0x1508ec002578
nid005015:85340:85454 [3] NCCL INFO New proxy recv connection 37 from local rank 3, transport 0
nid005015:85340:85340 [3] NCCL INFO Connected to proxy localRank 3 -> connection 0x145d80002578
nid005015:85344:85344 [4] NCCL INFO Channel 10/2 : 4[d1000] -> 5[d6000] via P2P/IPC comm 0x55617ae1a000 nRanks 16
nid005015:85344:85457 [4] NCCL INFO New proxy send connection 37 from local rank 4, transport 0
nid005015:85343:85458 [5] NCCL INFO New proxy recv connection 37 from local rank 5, transport 0
nid005015:85343:85343 [5] NCCL INFO Connected to proxy localRank 5 -> connection 0x14beec002578
nid005015:85344:85344 [4] NCCL INFO Connected to proxy localRank 4 -> connection 0x14b174002578
nid005016:26145:26259 [5] NCCL INFO New proxy recv connection 38 from local rank 5, transport 0
nid005016:26145:26145 [5] NCCL INFO Connected to proxy localRank 5 -> connection 0x14c8dc0025f0
nid005015:85338:85338 [2] NCCL INFO Channel 09/2 : 2[c9000] -> 3[ce000] via P2P/IPC comm 0x56376cb3d260 nRanks 16
nid005015:85338:85456 [2] NCCL INFO New proxy send connection 36 from local rank 2, transport 0
nid005015:85338:85338 [2] NCCL INFO Connected to proxy localRank 2 -> connection 0x148b4c002500
nid005015:85337:85337 [0] NCCL INFO Channel 08/2 : 0[c1000] -> 1[c6000] via P2P/IPC comm 0x557a2b5ee3a0 nRanks 16
nid005015:85337:85459 [0] NCCL INFO New proxy send connection 36 from local rank 0, transport 0
nid005015:85337:85337 [0] NCCL INFO Connected to proxy localRank 0 -> connection 0x146024002500
nid005015:85341:85341 [6] NCCL INFO Channel 12/2 : 6[d9000] -> 7[de000] via P2P/IPC comm 0x5653595b56b0 nRanks 16
nid005015:85341:85455 [6] NCCL INFO New proxy send connection 38 from local rank 6, transport 0
nid005015:85341:85341 [6] NCCL INFO Connected to proxy localRank 6 -> connection 0x14b8b00025f0
nid005016:26143:26143 [4] NCCL INFO Channel 08/2 : 12[d1000] -> 13[d6000] via P2P/IPC comm 0x560f9106ed10 nRanks 16
nid005016:26143:26272 [4] NCCL INFO New proxy send connection 36 from local rank 4, transport 0
nid005016:26143:26143 [4] NCCL INFO Connected to proxy localRank 4 -> connection 0x14d250002500
nid005015:85342:85453 [7] NCCL INFO New proxy recv connection 37 from local rank 7, transport 0
nid005015:85342:85342 [7] NCCL INFO Connected to proxy localRank 7 -> connection 0x14e188002578
nid005016:26142:26142 [6] NCCL INFO Channel 10/2 : 14[d9000] -> 15[de000] via P2P/IPC comm 0x55943fc700c0 nRanks 16
nid005016:26140:26258 [1] NCCL INFO New proxy recv connection 37 from local rank 1, transport 0
nid005016:26140:26140 [1] NCCL INFO Connected to proxy localRank 1 -> connection 0x14a994002578
nid005016:26142:26260 [6] NCCL INFO New proxy send connection 37 from local rank 6, transport 0
nid005016:26142:26142 [6] NCCL INFO Connected to proxy localRank 6 -> connection 0x151d80002578
nid005016:26146:26263 [7] NCCL INFO New proxy recv connection 37 from local rank 7, transport 0
nid005016:26146:26146 [7] NCCL INFO Connected to proxy localRank 7 -> connection 0x147d44002578
nid005016:26139:26139 [0] NCCL INFO Channel 09/2 : 8[c1000] -> 9[c6000] via P2P/IPC comm 0x55827e574290 nRanks 16
nid005016:26145:26259 [5] NCCL INFO New proxy recv connection 39 from local rank 5, transport 0
nid005016:26145:26145 [5] NCCL INFO Connected to proxy localRank 5 -> connection 0x14c8dc002668
nid005015:85339:85460 [1] NCCL INFO New proxy recv connection 38 from local rank 1, transport 0
nid005015:85339:85339 [1] NCCL INFO Connected to proxy localRank 1 -> connection 0x1508ec0025f0
nid005016:26139:26262 [0] NCCL INFO New proxy send connection 36 from local rank 0, transport 0
nid005016:26139:26139 [0] NCCL INFO Connected to proxy localRank 0 -> connection 0x150a18002500
nid005015:85340:85454 [3] NCCL INFO New proxy recv connection 38 from local rank 3, transport 0
nid005015:85340:85340 [3] NCCL INFO Connected to proxy localRank 3 -> connection 0x145d800025f0
nid005016:26144:26144 [2] NCCL INFO Channel 10/2 : 10[c9000] -> 11[ce000] via P2P/IPC comm 0x557903c7f1c0 nRanks 16
nid005015:85343:85458 [5] NCCL INFO New proxy recv connection 38 from local rank 5, transport 0
nid005015:85343:85343 [5] NCCL INFO Connected to proxy localRank 5 -> connection 0x14beec0025f0
nid005015:85344:85344 [4] NCCL INFO Channel 13/2 : 4[d1000] -> 5[d6000] via P2P/IPC comm 0x55617ae1a000 nRanks 16
nid005016:26144:26264 [2] NCCL INFO New proxy send connection 37 from local rank 2, transport 0
nid005016:26144:26144 [2] NCCL INFO Connected to proxy localRank 2 -> connection 0x147334002578
nid005015:85344:85457 [4] NCCL INFO New proxy send connection 38 from local rank 4, transport 0
nid005015:85344:85344 [4] NCCL INFO Connected to proxy localRank 4 -> connection 0x14b1740025f0
nid005015:85341:85341 [6] NCCL INFO Channel 15/2 : 6[d9000] -> 7[de000] via P2P/IPC comm 0x5653595b56b0 nRanks 16
nid005015:85341:85455 [6] NCCL INFO New proxy send connection 39 from local rank 6, transport 0
nid005015:85341:85341 [6] NCCL INFO Connected to proxy localRank 6 -> connection 0x14b8b0002668
nid005015:85338:85338 [2] NCCL INFO Channel 11/2 : 2[c9000] -> 3[ce000] via P2P/IPC comm 0x56376cb3d260 nRanks 16
nid005015:85338:85456 [2] NCCL INFO New proxy send connection 37 from local rank 2, transport 0
nid005015:85338:85338 [2] NCCL INFO Connected to proxy localRank 2 -> connection 0x148b4c002578
nid005015:85337:85337 [0] NCCL INFO Channel 10/2 : 0[c1000] -> 1[c6000] via P2P/IPC comm 0x557a2b5ee3a0 nRanks 16
nid005015:85337:85459 [0] NCCL INFO New proxy send connection 37 from local rank 0, transport 0
nid005015:85337:85337 [0] NCCL INFO Connected to proxy localRank 0 -> connection 0x146024002578
nid005016:26143:26143 [4] NCCL INFO Channel 11/2 : 12[d1000] -> 13[d6000] via P2P/IPC comm 0x560f9106ed10 nRanks 16
nid005016:26143:26272 [4] NCCL INFO New proxy send connection 37 from local rank 4, transport 0
nid005016:26143:26143 [4] NCCL INFO Connected to proxy localRank 4 -> connection 0x14d250002578
nid005015:85342:85453 [7] NCCL INFO New proxy recv connection 38 from local rank 7, transport 0
nid005015:85342:85342 [7] NCCL INFO Connected to proxy localRank 7 -> connection 0x14e1880025f0
nid005015:85339:85460 [1] NCCL INFO New proxy recv connection 39 from local rank 1, transport 0
nid005015:85339:85339 [1] NCCL INFO Connected to proxy localRank 1 -> connection 0x1508ec002668
nid005016:26142:26142 [6] NCCL INFO Channel 13/2 : 14[d9000] -> 15[de000] via P2P/IPC comm 0x55943fc700c0 nRanks 16
nid005015:85340:85454 [3] NCCL INFO New proxy recv connection 39 from local rank 3, transport 0
nid005016:26140:26258 [1] NCCL INFO New proxy recv connection 38 from local rank 1, transport 0
nid005016:26140:26140 [1] NCCL INFO Connected to proxy localRank 1 -> connection 0x14a9940025f0
nid005015:85340:85340 [3] NCCL INFO Connected to proxy localRank 3 -> connection 0x145d80002668
nid005016:26142:26260 [6] NCCL INFO New proxy send connection 38 from local rank 6, transport 0
nid005016:26142:26142 [6] NCCL INFO Connected to proxy localRank 6 -> connection 0x151d800025f0
nid005016:26146:26263 [7] NCCL INFO New proxy recv connection 38 from local rank 7, transport 0
nid005016:26146:26146 [7] NCCL INFO Connected to proxy localRank 7 -> connection 0x147d440025f0
nid005015:85343:85458 [5] NCCL INFO New proxy recv connection 39 from local rank 5, transport 0
nid005015:85343:85343 [5] NCCL INFO Connected to proxy localRank 5 -> connection 0x14beec002668
nid005015:85344:85344 [4] NCCL INFO Channel 14/2 : 4[d1000] -> 5[d6000] via P2P/IPC comm 0x55617ae1a000 nRanks 16
nid005015:85344:85457 [4] NCCL INFO New proxy send connection 39 from local rank 4, transport 0
nid005015:85344:85344 [4] NCCL INFO Connected to proxy localRank 4 -> connection 0x14b174002668
nid005016:26144:26144 [2] NCCL INFO Channel 12/2 : 10[c9000] -> 11[ce000] via P2P/IPC comm 0x557903c7f1c0 nRanks 16
nid005016:26139:26139 [0] NCCL INFO Channel 11/2 : 8[c1000] -> 9[c6000] via P2P/IPC comm 0x55827e574290 nRanks 16
nid005016:26139:26262 [0] NCCL INFO New proxy send connection 37 from local rank 0, transport 0
nid005016:26139:26139 [0] NCCL INFO Connected to proxy localRank 0 -> connection 0x150a18002578
nid005016:26144:26264 [2] NCCL INFO New proxy send connection 38 from local rank 2, transport 0
nid005016:26144:26144 [2] NCCL INFO Connected to proxy localRank 2 -> connection 0x1473340025f0
nid005015:85338:85338 [2] NCCL INFO Channel 13/2 : 2[c9000] -> 3[ce000] via P2P/IPC comm 0x56376cb3d260 nRanks 16
nid005015:85338:85456 [2] NCCL INFO New proxy send connection 38 from local rank 2, transport 0
nid005015:85338:85338 [2] NCCL INFO Connected to proxy localRank 2 -> connection 0x148b4c0025f0
nid005016:26143:26143 [4] NCCL INFO Channel 12/2 : 12[d1000] -> 13[d6000] via P2P/IPC comm 0x560f9106ed10 nRanks 16
nid005016:26143:26272 [4] NCCL INFO New proxy send connection 38 from local rank 4, transport 0
nid005016:26143:26143 [4] NCCL INFO Connected to proxy localRank 4 -> connection 0x14d2500025f0
nid005015:85337:85337 [0] NCCL INFO Channel 12/2 : 0[c1000] -> 1[c6000] via P2P/IPC comm 0x557a2b5ee3a0 nRanks 16
nid005015:85337:85459 [0] NCCL INFO New proxy send connection 38 from local rank 0, transport 0
nid005015:85337:85337 [0] NCCL INFO Connected to proxy localRank 0 -> connection 0x1460240025f0
nid005015:85342:85453 [7] NCCL INFO New proxy recv connection 39 from local rank 7, transport 0
nid005015:85342:85342 [7] NCCL INFO Connected to proxy localRank 7 -> connection 0x14e188002668
nid005015:85343:85458 [5] NCCL INFO New proxy recv connection 40 from local rank 5, transport 0
nid005015:85343:85343 [5] NCCL INFO Connected to proxy localRank 5 -> connection 0x14beec0026e0
nid005015:85344:85457 [4] NCCL INFO New proxy recv connection 40 from local rank 4, transport 0
nid005015:85344:85344 [4] NCCL INFO Connected to proxy localRank 4 -> connection 0x14b1740026e0
nid005016:26146:26263 [7] NCCL INFO New proxy recv connection 39 from local rank 7, transport 0
nid005016:26146:26146 [7] NCCL INFO Connected to proxy localRank 7 -> connection 0x147d44002668
nid005016:26142:26142 [6] NCCL INFO Channel 14/2 : 14[d9000] -> 15[de000] via P2P/IPC comm 0x55943fc700c0 nRanks 16
nid005016:26142:26260 [6] NCCL INFO New proxy send connection 39 from local rank 6, transport 0
nid005016:26140:26258 [1] NCCL INFO New proxy recv connection 39 from local rank 1, transport 0
nid005016:26140:26140 [1] NCCL INFO Connected to proxy localRank 1 -> connection 0x14a994002668
nid005016:26142:26142 [6] NCCL INFO Connected to proxy localRank 6 -> connection 0x151d80002668
nid005016:26144:26144 [2] NCCL INFO Channel 14/2 : 10[c9000] -> 11[ce000] via P2P/IPC comm 0x557903c7f1c0 nRanks 16
nid005016:26144:26264 [2] NCCL INFO New proxy send connection 39 from local rank 2, transport 0
nid005016:26144:26144 [2] NCCL INFO Connected to proxy localRank 2 -> connection 0x147334002668
nid005016:26139:26139 [0] NCCL INFO Channel 13/2 : 8[c1000] -> 9[c6000] via P2P/IPC comm 0x55827e574290 nRanks 16
nid005016:26139:26262 [0] NCCL INFO New proxy send connection 38 from local rank 0, transport 0
nid005016:26139:26139 [0] NCCL INFO Connected to proxy localRank 0 -> connection 0x150a180025f0
nid005016:26141:26261 [3] NCCL INFO New proxy recv connection 35 from local rank 3, transport 0
nid005016:26141:26141 [3] NCCL INFO Connected to proxy localRank 3 -> connection 0x14fb60002488
nid005016:26143:26143 [4] NCCL INFO Channel 15/2 : 12[d1000] -> 13[d6000] via P2P/IPC comm 0x560f9106ed10 nRanks 16
nid005016:26143:26272 [4] NCCL INFO New proxy send connection 39 from local rank 4, transport 0
nid005016:26143:26143 [4] NCCL INFO Connected to proxy localRank 4 -> connection 0x14d250002668
nid005015:85338:85338 [2] NCCL INFO Channel 15/2 : 2[c9000] -> 3[ce000] via P2P/IPC comm 0x56376cb3d260 nRanks 16
nid005015:85338:85456 [2] NCCL INFO New proxy send connection 39 from local rank 2, transport 0
nid005015:85338:85338 [2] NCCL INFO Connected to proxy localRank 2 -> connection 0x148b4c002668
nid005015:85343:85458 [5] NCCL INFO New proxy recv connection 41 from local rank 5, transport 0
nid005015:85343:85343 [5] NCCL INFO Connected to proxy localRank 5 -> connection 0x14beec002758
nid005015:85344:85457 [4] NCCL INFO New proxy recv connection 41 from local rank 4, transport 0
nid005015:85344:85344 [4] NCCL INFO Connected to proxy localRank 4 -> connection 0x14b174002758
nid005015:85341:85455 [6] NCCL INFO New proxy recv connection 40 from local rank 6, transport 0
nid005015:85341:85341 [6] NCCL INFO Connected to proxy localRank 6 -> connection 0x14b8b00026e0
nid005015:85342:85453 [7] NCCL INFO New proxy recv connection 40 from local rank 7, transport 0
nid005015:85342:85342 [7] NCCL INFO Connected to proxy localRank 7 -> connection 0x14e1880026e0
nid005015:85337:85337 [0] NCCL INFO Channel 14/2 : 0[c1000] -> 1[c6000] via P2P/IPC comm 0x557a2b5ee3a0 nRanks 16
nid005015:85337:85459 [0] NCCL INFO New proxy send connection 39 from local rank 0, transport 0
nid005015:85337:85337 [0] NCCL INFO Connected to proxy localRank 0 -> connection 0x146024002668
nid005016:26146:26263 [7] NCCL INFO New proxy recv connection 40 from local rank 7, transport 0
nid005016:26146:26146 [7] NCCL INFO Connected to proxy localRank 7 -> connection 0x147d440026e0
nid005016:26142:26260 [6] NCCL INFO New proxy recv connection 40 from local rank 6, transport 0
nid005016:26142:26142 [6] NCCL INFO Connected to proxy localRank 6 -> connection 0x151d800026e0
nid005016:26139:26139 [0] NCCL INFO Channel 15/2 : 8[c1000] -> 9[c6000] via P2P/IPC comm 0x55827e574290 nRanks 16
nid005016:26139:26262 [0] NCCL INFO New proxy send connection 39 from local rank 0, transport 0
nid005016:26139:26139 [0] NCCL INFO Connected to proxy localRank 0 -> connection 0x150a18002668
nid005016:26141:26261 [3] NCCL INFO New proxy recv connection 36 from local rank 3, transport 0
nid005016:26141:26141 [3] NCCL INFO Connected to proxy localRank 3 -> connection 0x14fb60002500
nid005015:85344:85457 [4] NCCL INFO New proxy recv connection 42 from local rank 4, transport 0
nid005015:85344:85344 [4] NCCL INFO Connected to proxy localRank 4 -> connection 0x14b1740027d0
nid005015:85343:85458 [5] NCCL INFO New proxy recv connection 42 from local rank 5, transport 0
nid005015:85343:85343 [5] NCCL INFO Connected to proxy localRank 5 -> connection 0x14beec0027d0
nid005015:85341:85455 [6] NCCL INFO New proxy recv connection 41 from local rank 6, transport 0
nid005015:85341:85341 [6] NCCL INFO Connected to proxy localRank 6 -> connection 0x14b8b0002758
nid005016:26145:26259 [5] NCCL INFO New proxy recv connection 40 from local rank 5, transport 0
nid005016:26145:26145 [5] NCCL INFO Connected to proxy localRank 5 -> connection 0x14c8dc0026e0
nid005016:26143:26272 [4] NCCL INFO New proxy recv connection 40 from local rank 4, transport 0
nid005016:26143:26143 [4] NCCL INFO Connected to proxy localRank 4 -> connection 0x14d2500026e0
nid005015:85338:85338 [2] NCCL INFO Channel 02/2 : 2[c9000] -> 4[d1000] via P2P/IPC comm 0x56376cb3d260 nRanks 16
nid005015:85338:85456 [2] NCCL INFO New proxy send connection 40 from local rank 2, transport 0
nid005015:85340:85454 [3] NCCL INFO New proxy recv connection 40 from local rank 3, transport 0
nid005015:85340:85340 [3] NCCL INFO Connected to proxy localRank 3 -> connection 0x145d800026e0
nid005015:85338:85338 [2] NCCL INFO Connected to proxy localRank 2 -> connection 0x148b4c0026e0
nid005015:85342:85453 [7] NCCL INFO New proxy recv connection 41 from local rank 7, transport 0
nid005015:85342:85342 [7] NCCL INFO Connected to proxy localRank 7 -> connection 0x14e188002758
nid005016:26146:26263 [7] NCCL INFO New proxy recv connection 41 from local rank 7, transport 0
nid005016:26146:26146 [7] NCCL INFO Connected to proxy localRank 7 -> connection 0x147d44002758
nid005016:26142:26260 [6] NCCL INFO New proxy recv connection 41 from local rank 6, transport 0
nid005016:26142:26142 [6] NCCL INFO Connected to proxy localRank 6 -> connection 0x151d80002758
nid005015:85339:85339 [1] NCCL INFO Channel 02/2 : 1[c6000] -> 3[ce000] via P2P/IPC comm 0x55f768ab8660 nRanks 16
nid005015:85337:85337 [0] NCCL INFO Channel 03/2 : 0[c1000] -> 6[d9000] via P2P/IPC comm 0x557a2b5ee3a0 nRanks 16
nid005015:85339:85460 [1] NCCL INFO New proxy send connection 40 from local rank 1, transport 0
nid005015:85339:85339 [1] NCCL INFO Connected to proxy localRank 1 -> connection 0x1508ec0026e0
nid005015:85337:85459 [0] NCCL INFO New proxy send connection 40 from local rank 0, transport 0
nid005015:85337:85337 [0] NCCL INFO Connected to proxy localRank 0 -> connection 0x1460240026e0
nid005016:26140:26140 [1] NCCL INFO Channel 03/2 : 9[c6000] -> 11[ce000] via P2P/IPC comm 0x560201cd0140 nRanks 16
nid005016:26139:26139 [0] NCCL INFO Channel 02/2 : 8[c1000] -> 14[d9000] via P2P/IPC comm 0x55827e574290 nRanks 16
nid005016:26139:26262 [0] NCCL INFO New proxy send connection 40 from local rank 0, transport 0
nid005016:26139:26139 [0] NCCL INFO Connected to proxy localRank 0 -> connection 0x150a180026e0
nid005016:26140:26258 [1] NCCL INFO New proxy send connection 40 from local rank 1, transport 0
nid005016:26140:26140 [1] NCCL INFO Connected to proxy localRank 1 -> connection 0x14a9940026e0
nid005016:26141:26261 [3] NCCL INFO New proxy recv connection 37 from local rank 3, transport 0
nid005016:26141:26141 [3] NCCL INFO Connected to proxy localRank 3 -> connection 0x14fb60002578
nid005015:85344:85457 [4] NCCL INFO New proxy recv connection 43 from local rank 4, transport 0
nid005015:85344:85344 [4] NCCL INFO Connected to proxy localRank 4 -> connection 0x14b174002848
nid005015:85341:85455 [6] NCCL INFO New proxy recv connection 42 from local rank 6, transport 0
nid005015:85341:85341 [6] NCCL INFO Connected to proxy localRank 6 -> connection 0x14b8b00027d0
nid005015:85343:85458 [5] NCCL INFO New proxy recv connection 43 from local rank 5, transport 0
nid005015:85343:85343 [5] NCCL INFO Connected to proxy localRank 5 -> connection 0x14beec002848
nid005016:26145:26259 [5] NCCL INFO New proxy recv connection 41 from local rank 5, transport 0
nid005016:26145:26145 [5] NCCL INFO Connected to proxy localRank 5 -> connection 0x14c8dc002758
nid005015:85340:85454 [3] NCCL INFO New proxy recv connection 41 from local rank 3, transport 0
nid005015:85340:85340 [3] NCCL INFO Connected to proxy localRank 3 -> connection 0x145d80002758
nid005016:26143:26272 [4] NCCL INFO New proxy recv connection 41 from local rank 4, transport 0
nid005016:26143:26143 [4] NCCL INFO Connected to proxy localRank 4 -> connection 0x14d250002758
nid005015:85342:85453 [7] NCCL INFO New proxy recv connection 42 from local rank 7, transport 0
nid005015:85342:85342 [7] NCCL INFO Connected to proxy localRank 7 -> connection 0x14e1880027d0
nid005015:85339:85339 [1] NCCL INFO Channel 06/2 : 1[c6000] -> 3[ce000] via P2P/IPC comm 0x55f768ab8660 nRanks 16
nid005015:85339:85460 [1] NCCL INFO New proxy send connection 41 from local rank 1, transport 0
nid005015:85339:85339 [1] NCCL INFO Connected to proxy localRank 1 -> connection 0x1508ec002758
nid005015:85338:85338 [2] NCCL INFO Channel 06/2 : 2[c9000] -> 4[d1000] via P2P/IPC comm 0x56376cb3d260 nRanks 16
nid005015:85338:85456 [2] NCCL INFO New proxy send connection 41 from local rank 2, transport 0
nid005015:85338:85338 [2] NCCL INFO Connected to proxy localRank 2 -> connection 0x148b4c002758
nid005016:26142:26260 [6] NCCL INFO New proxy recv connection 42 from local rank 6, transport 0
nid005016:26142:26142 [6] NCCL INFO Connected to proxy localRank 6 -> connection 0x151d800027d0
nid005016:26146:26263 [7] NCCL INFO New proxy recv connection 42 from local rank 7, transport 0
nid005016:26146:26146 [7] NCCL INFO Connected to proxy localRank 7 -> connection 0x147d440027d0
nid005015:85337:85337 [0] NCCL INFO Channel 07/2 : 0[c1000] -> 6[d9000] via P2P/IPC comm 0x557a2b5ee3a0 nRanks 16
nid005015:85337:85459 [0] NCCL INFO New proxy send connection 41 from local rank 0, transport 0
nid005015:85337:85337 [0] NCCL INFO Connected to proxy localRank 0 -> connection 0x146024002758
nid005015:85341:85455 [6] NCCL INFO New proxy recv connection 43 from local rank 6, transport 0
nid005015:85341:85341 [6] NCCL INFO Connected to proxy localRank 6 -> connection 0x14b8b0002848
nid005016:26139:26139 [0] NCCL INFO Channel 06/2 : 8[c1000] -> 14[d9000] via P2P/IPC comm 0x55827e574290 nRanks 16
nid005016:26139:26262 [0] NCCL INFO New proxy send connection 41 from local rank 0, transport 0
nid005016:26139:26139 [0] NCCL INFO Connected to proxy localRank 0 -> connection 0x150a18002758
nid005016:26140:26140 [1] NCCL INFO Channel 07/2 : 9[c6000] -> 11[ce000] via P2P/IPC comm 0x560201cd0140 nRanks 16
nid005016:26140:26258 [1] NCCL INFO New proxy send connection 41 from local rank 1, transport 0
nid005016:26145:26259 [5] NCCL INFO New proxy recv connection 42 from local rank 5, transport 0
nid005016:26145:26145 [5] NCCL INFO Connected to proxy localRank 5 -> connection 0x14c8dc0027d0
nid005016:26140:26140 [1] NCCL INFO Connected to proxy localRank 1 -> connection 0x14a994002758
nid005015:85344:85344 [4] NCCL INFO Channel 00/2 : 4[d1000] -> 6[d9000] via P2P/IPC comm 0x55617ae1a000 nRanks 16
nid005015:85344:85457 [4] NCCL INFO New proxy send connection 44 from local rank 4, transport 0
nid005016:26141:26261 [3] NCCL INFO New proxy recv connection 38 from local rank 3, transport 0
nid005016:26141:26141 [3] NCCL INFO Connected to proxy localRank 3 -> connection 0x14fb600025f0
nid005015:85344:85344 [4] NCCL INFO Connected to proxy localRank 4 -> connection 0x14b1740028c0
nid005015:85340:85454 [3] NCCL INFO New proxy recv connection 42 from local rank 3, transport 0
nid005015:85340:85340 [3] NCCL INFO Connected to proxy localRank 3 -> connection 0x145d800027d0
nid005016:26143:26272 [4] NCCL INFO New proxy recv connection 42 from local rank 4, transport 0
nid005016:26143:26143 [4] NCCL INFO Connected to proxy localRank 4 -> connection 0x14d2500027d0
nid005015:85339:85339 [1] NCCL INFO Channel 10/2 : 1[c6000] -> 3[ce000] via P2P/IPC comm 0x55f768ab8660 nRanks 16
nid005015:85339:85460 [1] NCCL INFO New proxy send connection 42 from local rank 1, transport 0
nid005015:85339:85339 [1] NCCL INFO Connected to proxy localRank 1 -> connection 0x1508ec0027d0
nid005015:85342:85453 [7] NCCL INFO New proxy recv connection 43 from local rank 7, transport 0
nid005015:85342:85342 [7] NCCL INFO Connected to proxy localRank 7 -> connection 0x14e188002848
nid005016:26142:26260 [6] NCCL INFO New proxy recv connection 43 from local rank 6, transport 0
nid005016:26142:26142 [6] NCCL INFO Connected to proxy localRank 6 -> connection 0x151d80002848
nid005016:26145:26259 [5] NCCL INFO New proxy recv connection 43 from local rank 5, transport 0
nid005016:26145:26145 [5] NCCL INFO Connected to proxy localRank 5 -> connection 0x14c8dc002848
nid005016:26146:26263 [7] NCCL INFO New proxy recv connection 43 from local rank 7, transport 0
nid005016:26146:26146 [7] NCCL INFO Connected to proxy localRank 7 -> connection 0x147d44002848
nid005015:85337:85337 [0] NCCL INFO Channel 11/2 : 0[c1000] -> 6[d9000] via P2P/IPC comm 0x557a2b5ee3a0 nRanks 16
nid005015:85337:85459 [0] NCCL INFO New proxy send connection 42 from local rank 0, transport 0
nid005015:85337:85337 [0] NCCL INFO Connected to proxy localRank 0 -> connection 0x1460240027d0
nid005015:85338:85338 [2] NCCL INFO Channel 10/2 : 2[c9000] -> 4[d1000] via P2P/IPC comm 0x56376cb3d260 nRanks 16
nid005015:85338:85456 [2] NCCL INFO New proxy send connection 42 from local rank 2, transport 0
nid005015:85338:85338 [2] NCCL INFO Connected to proxy localRank 2 -> connection 0x148b4c0027d0
nid005015:85344:85344 [4] NCCL INFO Channel 04/2 : 4[d1000] -> 6[d9000] via P2P/IPC comm 0x55617ae1a000 nRanks 16
nid005015:85344:85457 [4] NCCL INFO New proxy send connection 45 from local rank 4, transport 0
nid005015:85344:85344 [4] NCCL INFO Connected to proxy localRank 4 -> connection 0x14b174002938
nid005015:85340:85454 [3] NCCL INFO New proxy recv connection 43 from local rank 3, transport 0
nid005015:85340:85340 [3] NCCL INFO Connected to proxy localRank 3 -> connection 0x145d80002848
nid005016:26139:26139 [0] NCCL INFO Channel 10/2 : 8[c1000] -> 14[d9000] via P2P/IPC comm 0x55827e574290 nRanks 16
nid005016:26139:26262 [0] NCCL INFO New proxy send connection 42 from local rank 0, transport 0
nid005016:26140:26140 [1] NCCL INFO Channel 11/2 : 9[c6000] -> 11[ce000] via P2P/IPC comm 0x560201cd0140 nRanks 16
nid005016:26139:26139 [0] NCCL INFO Connected to proxy localRank 0 -> connection 0x150a180027d0
nid005016:26140:26258 [1] NCCL INFO New proxy send connection 42 from local rank 1, transport 0
nid005016:26141:26261 [3] NCCL INFO New proxy recv connection 39 from local rank 3, transport 0
nid005016:26141:26141 [3] NCCL INFO Connected to proxy localRank 3 -> connection 0x14fb60002668
nid005016:26140:26140 [1] NCCL INFO Connected to proxy localRank 1 -> connection 0x14a9940027d0
nid005015:85339:85339 [1] NCCL INFO Channel 14/2 : 1[c6000] -> 3[ce000] via P2P/IPC comm 0x55f768ab8660 nRanks 16
nid005015:85339:85460 [1] NCCL INFO New proxy send connection 43 from local rank 1, transport 0
nid005015:85339:85339 [1] NCCL INFO Connected to proxy localRank 1 -> connection 0x1508ec002848
nid005016:26143:26272 [4] NCCL INFO New proxy recv connection 43 from local rank 4, transport 0
nid005016:26143:26143 [4] NCCL INFO Connected to proxy localRank 4 -> connection 0x14d250002848
nid005015:85337:85337 [0] NCCL INFO Channel 15/2 : 0[c1000] -> 6[d9000] via P2P/IPC comm 0x557a2b5ee3a0 nRanks 16
nid005015:85337:85459 [0] NCCL INFO New proxy send connection 43 from local rank 0, transport 0
nid005015:85337:85337 [0] NCCL INFO Connected to proxy localRank 0 -> connection 0x146024002848
nid005015:85344:85344 [4] NCCL INFO Channel 08/2 : 4[d1000] -> 6[d9000] via P2P/IPC comm 0x55617ae1a000 nRanks 16
nid005015:85344:85457 [4] NCCL INFO New proxy send connection 46 from local rank 4, transport 0
nid005015:85344:85344 [4] NCCL INFO Connected to proxy localRank 4 -> connection 0x14b1740029b0
nid005015:85338:85338 [2] NCCL INFO Channel 14/2 : 2[c9000] -> 4[d1000] via P2P/IPC comm 0x56376cb3d260 nRanks 16
nid005015:85338:85456 [2] NCCL INFO New proxy send connection 43 from local rank 2, transport 0
nid005015:85338:85338 [2] NCCL INFO Connected to proxy localRank 2 -> connection 0x148b4c002848
nid005016:26140:26140 [1] NCCL INFO Channel 15/2 : 9[c6000] -> 11[ce000] via P2P/IPC comm 0x560201cd0140 nRanks 16
nid005016:26140:26258 [1] NCCL INFO New proxy send connection 43 from local rank 1, transport 0
nid005016:26140:26140 [1] NCCL INFO Connected to proxy localRank 1 -> connection 0x14a994002848
nid005016:26144:26144 [2] NCCL INFO Channel 03/2 : 10[c9000] -> 12[d1000] via P2P/IPC comm 0x557903c7f1c0 nRanks 16
nid005015:85340:85340 [3] NCCL INFO Channel 01/2 : 3[ce000] -> 7[de000] via P2P/IPC comm 0x5652821c3ea0 nRanks 16
nid005015:85340:85454 [3] NCCL INFO New proxy send connection 44 from local rank 3, transport 0
nid005015:85339:85339 [1] NCCL INFO Channel 00/2 : 1[c6000] -> 5[d6000] via P2P/IPC comm 0x55f768ab8660 nRanks 16
nid005016:26144:26264 [2] NCCL INFO New proxy send connection 40 from local rank 2, transport 0
nid005016:26144:26144 [2] NCCL INFO Connected to proxy localRank 2 -> connection 0x1473340026e0
nid005015:85340:85340 [3] NCCL INFO Connected to proxy localRank 3 -> connection 0x145d800028c0
nid005016:26141:26261 [3] NCCL INFO New proxy recv connection 40 from local rank 3, transport 0
nid005015:85339:85460 [1] NCCL INFO New proxy send connection 44 from local rank 1, transport 0
nid005015:85339:85339 [1] NCCL INFO Connected to proxy localRank 1 -> connection 0x1508ec0028c0
nid005016:26141:26141 [3] NCCL INFO Connected to proxy localRank 3 -> connection 0x14fb600026e0
nid005016:26139:26139 [0] NCCL INFO Channel 14/2 : 8[c1000] -> 14[d9000] via P2P/IPC comm 0x55827e574290 nRanks 16
nid005016:26139:26262 [0] NCCL INFO New proxy send connection 43 from local rank 0, transport 0
nid005016:26139:26139 [0] NCCL INFO Connected to proxy localRank 0 -> connection 0x150a18002848
nid005016:26143:26143 [4] NCCL INFO Channel 01/2 : 12[d1000] -> 14[d9000] via P2P/IPC comm 0x560f9106ed10 nRanks 16
nid005016:26143:26272 [4] NCCL INFO New proxy send connection 44 from local rank 4, transport 0
nid005016:26143:26143 [4] NCCL INFO Connected to proxy localRank 4 -> connection 0x14d2500028c0
nid005015:85344:85344 [4] NCCL INFO Channel 12/2 : 4[d1000] -> 6[d9000] via P2P/IPC comm 0x55617ae1a000 nRanks 16
nid005015:85344:85457 [4] NCCL INFO New proxy send connection 47 from local rank 4, transport 0
nid005015:85344:85344 [4] NCCL INFO Connected to proxy localRank 4 -> connection 0x14b174002a28
nid005015:85339:85339 [1] NCCL INFO Channel 04/2 : 1[c6000] -> 5[d6000] via P2P/IPC comm 0x55f768ab8660 nRanks 16
nid005015:85339:85460 [1] NCCL INFO New proxy send connection 45 from local rank 1, transport 0
nid005015:85339:85339 [1] NCCL INFO Connected to proxy localRank 1 -> connection 0x1508ec002938
nid005015:85340:85340 [3] NCCL INFO Channel 05/2 : 3[ce000] -> 7[de000] via P2P/IPC comm 0x5652821c3ea0 nRanks 16
nid005015:85340:85454 [3] NCCL INFO New proxy send connection 45 from local rank 3, transport 0
nid005015:85340:85340 [3] NCCL INFO Connected to proxy localRank 3 -> connection 0x145d80002938
nid005016:26141:26261 [3] NCCL INFO New proxy recv connection 41 from local rank 3, transport 0
nid005016:26141:26141 [3] NCCL INFO Connected to proxy localRank 3 -> connection 0x14fb60002758
nid005016:26144:26144 [2] NCCL INFO Channel 07/2 : 10[c9000] -> 12[d1000] via P2P/IPC comm 0x557903c7f1c0 nRanks 16
nid005016:26144:26264 [2] NCCL INFO New proxy send connection 41 from local rank 2, transport 0
nid005016:26144:26144 [2] NCCL INFO Connected to proxy localRank 2 -> connection 0x147334002758
nid005015:85338:85338 [2] NCCL INFO GPU Direct RDMA Enabled for GPU c9000 / HCA 1 (distance 6 <= 6), read 0
nid005015:85338:85456 [2] NCCL INFO New proxy recv connection 44 from local rank 2, transport 2
nid005015:85338:85338 [2] NCCL INFO Connected to proxy localRank 2 -> connection 0x148b4c0028c0
nid005015:85341:85455 [6] NCCL INFO New proxy recv connection 44 from local rank 6, transport 0
nid005015:85344:85457 [4] NCCL INFO New proxy recv connection 48 from local rank 4, transport 0
nid005015:85344:85344 [4] NCCL INFO Connected to proxy localRank 4 -> connection 0x14b174002aa0
nid005015:85341:85341 [6] NCCL INFO Connected to proxy localRank 6 -> connection 0x14b8b00028c0
nid005015:85338:85338 [2] NCCL INFO Channel 01/2 : 10[c9000] -> 2[c9000] [receive] via NET/Libfabric/1/GDRDMA comm 0x56376cb3d260 nRanks 16
nid005015:85338:85338 [2] NCCL INFO GPU Direct RDMA Enabled for GPU c9000 / HCA 1 (distance 6 <= 6), read 0
nid005015:85338:85456 [2] NCCL INFO New proxy recv connection 45 from local rank 2, transport 2
nid005015:85338:85338 [2] NCCL INFO Connected to proxy localRank 2 -> connection 0x148b4c002938
nid005015:85338:85338 [2] NCCL INFO Channel 05/2 : 10[c9000] -> 2[c9000] [receive] via NET/Libfabric/1/GDRDMA comm 0x56376cb3d260 nRanks 16
nid005015:85338:85338 [2] NCCL INFO GPU Direct RDMA Enabled for GPU c9000 / HCA 1 (distance 6 <= 6), read 0
nid005016:26143:26143 [4] NCCL INFO Channel 05/2 : 12[d1000] -> 14[d9000] via P2P/IPC comm 0x560f9106ed10 nRanks 16
nid005015:85338:85456 [2] NCCL INFO New proxy recv connection 46 from local rank 2, transport 2
nid005015:85338:85338 [2] NCCL INFO Connected to proxy localRank 2 -> connection 0x148b4c0029b0
nid005016:26143:26272 [4] NCCL INFO New proxy send connection 45 from local rank 4, transport 0
nid005016:26143:26143 [4] NCCL INFO Connected to proxy localRank 4 -> connection 0x14d250002938
nid005015:85338:85338 [2] NCCL INFO Channel 09/2 : 10[c9000] -> 2[c9000] [receive] via NET/Libfabric/1/GDRDMA comm 0x56376cb3d260 nRanks 16
nid005015:85338:85338 [2] NCCL INFO GPU Direct RDMA Enabled for GPU c9000 / HCA 1 (distance 6 <= 6), read 0
nid005015:85338:85456 [2] NCCL INFO New proxy recv connection 47 from local rank 2, transport 2
nid005015:85338:85338 [2] NCCL INFO Connected to proxy localRank 2 -> connection 0x148b4c002a28
nid005015:85338:85338 [2] NCCL INFO Channel 13/2 : 10[c9000] -> 2[c9000] [receive] via NET/Libfabric/1/GDRDMA comm 0x56376cb3d260 nRanks 16
nid005015:85338:85338 [2] NCCL INFO GPU Direct RDMA Enabled for GPU c9000 / HCA 1 (distance 6 <= 6), read 1
nid005015:85338:85456 [2] NCCL INFO New proxy send connection 48 from local rank 2, transport 2
nid005015:85338:85338 [2] NCCL INFO Connected to proxy localRank 2 -> connection 0x148b4c002aa0
nid005015:85338:85338 [2] NCCL INFO Channel 00/2 : 2[c9000] -> 10[c9000] [send] via NET/Libfabric/1/GDRDMA comm 0x56376cb3d260 nRanks 16
nid005015:85338:85338 [2] NCCL INFO GPU Direct RDMA Enabled for GPU c9000 / HCA 1 (distance 6 <= 6), read 1
nid005015:85338:85456 [2] NCCL INFO New proxy send connection 49 from local rank 2, transport 2
nid005015:85338:85338 [2] NCCL INFO Connected to proxy localRank 2 -> connection 0x148b4c002b18
nid005015:85338:85338 [2] NCCL INFO Channel 04/2 : 2[c9000] -> 10[c9000] [send] via NET/Libfabric/1/GDRDMA comm 0x56376cb3d260 nRanks 16
nid005015:85338:85338 [2] NCCL INFO GPU Direct RDMA Enabled for GPU c9000 / HCA 1 (distance 6 <= 6), read 1
nid005015:85338:85456 [2] NCCL INFO New proxy send connection 50 from local rank 2, transport 2
nid005015:85338:85338 [2] NCCL INFO Connected to proxy localRank 2 -> connection 0x148b4c002b90
nid005015:85338:85338 [2] NCCL INFO Channel 08/2 : 2[c9000] -> 10[c9000] [send] via NET/Libfabric/1/GDRDMA comm 0x56376cb3d260 nRanks 16
nid005015:85338:85338 [2] NCCL INFO GPU Direct RDMA Enabled for GPU c9000 / HCA 1 (distance 6 <= 6), read 1
nid005015:85338:85456 [2] NCCL INFO New proxy send connection 51 from local rank 2, transport 2
nid005015:85338:85338 [2] NCCL INFO Connected to proxy localRank 2 -> connection 0x148b4c002c08
nid005015:85338:85338 [2] NCCL INFO Channel 12/2 : 2[c9000] -> 10[c9000] [send] via NET/Libfabric/1/GDRDMA comm 0x56376cb3d260 nRanks 16
nid005015:85339:85339 [1] NCCL INFO Channel 08/2 : 1[c6000] -> 5[d6000] via P2P/IPC comm 0x55f768ab8660 nRanks 16
nid005015:85339:85460 [1] NCCL INFO New proxy send connection 46 from local rank 1, transport 0
nid005015:85339:85339 [1] NCCL INFO Connected to proxy localRank 1 -> connection 0x1508ec0029b0
nid005015:85340:85340 [3] NCCL INFO Channel 09/2 : 3[ce000] -> 7[de000] via P2P/IPC comm 0x5652821c3ea0 nRanks 16
nid005015:85340:85454 [3] NCCL INFO New proxy send connection 46 from local rank 3, transport 0
nid005015:85340:85340 [3] NCCL INFO Connected to proxy localRank 3 -> connection 0x145d800029b0
nid005015:85344:85457 [4] NCCL INFO New proxy recv connection 49 from local rank 4, transport 0
nid005015:85344:85344 [4] NCCL INFO Connected to proxy localRank 4 -> connection 0x14b174002b18
nid005015:85341:85455 [6] NCCL INFO New proxy recv connection 45 from local rank 6, transport 0
nid005015:85341:85341 [6] NCCL INFO Connected to proxy localRank 6 -> connection 0x14b8b0002938
nid005016:26141:26261 [3] NCCL INFO New proxy recv connection 42 from local rank 3, transport 0
nid005016:26141:26141 [3] NCCL INFO Connected to proxy localRank 3 -> connection 0x14fb600027d0
nid005016:26144:26144 [2] NCCL INFO Channel 11/2 : 10[c9000] -> 12[d1000] via P2P/IPC comm 0x557903c7f1c0 nRanks 16
nid005016:26144:26264 [2] NCCL INFO New proxy send connection 42 from local rank 2, transport 0
nid005016:26144:26144 [2] NCCL INFO Connected to proxy localRank 2 -> connection 0x1473340027d0
nid005016:26143:26143 [4] NCCL INFO Channel 09/2 : 12[d1000] -> 14[d9000] via P2P/IPC comm 0x560f9106ed10 nRanks 16
nid005016:26143:26272 [4] NCCL INFO New proxy send connection 46 from local rank 4, transport 0
nid005016:26143:26143 [4] NCCL INFO Connected to proxy localRank 4 -> connection 0x14d2500029b0
nid005015:85339:85339 [1] NCCL INFO Channel 12/2 : 1[c6000] -> 5[d6000] via P2P/IPC comm 0x55f768ab8660 nRanks 16
nid005015:85339:85460 [1] NCCL INFO New proxy send connection 47 from local rank 1, transport 0
nid005015:85339:85339 [1] NCCL INFO Connected to proxy localRank 1 -> connection 0x1508ec002a28
nid005015:85340:85340 [3] NCCL INFO Channel 13/2 : 3[ce000] -> 7[de000] via P2P/IPC comm 0x5652821c3ea0 nRanks 16
nid005015:85340:85454 [3] NCCL INFO New proxy send connection 47 from local rank 3, transport 0
nid005015:85340:85340 [3] NCCL INFO Connected to proxy localRank 3 -> connection 0x145d80002a28
nid005015:85344:85457 [4] NCCL INFO New proxy recv connection 50 from local rank 4, transport 0
nid005015:85344:85344 [4] NCCL INFO Connected to proxy localRank 4 -> connection 0x14b174002b90
nid005015:85341:85455 [6] NCCL INFO New proxy recv connection 46 from local rank 6, transport 0
nid005015:85341:85341 [6] NCCL INFO Connected to proxy localRank 6 -> connection 0x14b8b00029b0
nid005016:26141:26261 [3] NCCL INFO New proxy recv connection 43 from local rank 3, transport 0
nid005016:26141:26141 [3] NCCL INFO Connected to proxy localRank 3 -> connection 0x14fb60002848
nid005016:26144:26144 [2] NCCL INFO Channel 15/2 : 10[c9000] -> 12[d1000] via P2P/IPC comm 0x557903c7f1c0 nRanks 16
nid005016:26144:26264 [2] NCCL INFO New proxy send connection 43 from local rank 2, transport 0
nid005016:26144:26144 [2] NCCL INFO Connected to proxy localRank 2 -> connection 0x147334002848
nid005016:26143:26143 [4] NCCL INFO Channel 13/2 : 12[d1000] -> 14[d9000] via P2P/IPC comm 0x560f9106ed10 nRanks 16
nid005016:26143:26272 [4] NCCL INFO New proxy send connection 47 from local rank 4, transport 0
nid005016:26143:26143 [4] NCCL INFO Connected to proxy localRank 4 -> connection 0x14d250002a28
nid005015:85343:85343 [5] NCCL INFO GPU Direct RDMA Enabled for GPU d6000 / HCA 2 (distance 6 <= 6), read 0
nid005015:85339:85460 [1] NCCL INFO New proxy recv connection 48 from local rank 1, transport 0
nid005015:85339:85339 [1] NCCL INFO Connected to proxy localRank 1 -> connection 0x1508ec002aa0
nid005015:85343:85458 [5] NCCL INFO New proxy recv connection 44 from local rank 5, transport 2
nid005015:85343:85343 [5] NCCL INFO Connected to proxy localRank 5 -> connection 0x14beec0028c0
nid005015:85343:85343 [5] NCCL INFO Channel 03/2 : 13[d6000] -> 5[d6000] [receive] via NET/Libfabric/2/GDRDMA comm 0x564db18fa020 nRanks 16
nid005015:85343:85343 [5] NCCL INFO GPU Direct RDMA Enabled for GPU d6000 / HCA 2 (distance 6 <= 6), read 0
nid005015:85343:85458 [5] NCCL INFO New proxy recv connection 45 from local rank 5, transport 2
nid005015:85343:85343 [5] NCCL INFO Connected to proxy localRank 5 -> connection 0x14beec002938
nid005015:85343:85343 [5] NCCL INFO Channel 07/2 : 13[d6000] -> 5[d6000] [receive] via NET/Libfabric/2/GDRDMA comm 0x564db18fa020 nRanks 16
nid005015:85343:85343 [5] NCCL INFO GPU Direct RDMA Enabled for GPU d6000 / HCA 2 (distance 6 <= 6), read 0
nid005015:85343:85458 [5] NCCL INFO New proxy recv connection 46 from local rank 5, transport 2
nid005015:85343:85343 [5] NCCL INFO Connected to proxy localRank 5 -> connection 0x14beec0029b0
nid005015:85343:85343 [5] NCCL INFO Channel 11/2 : 13[d6000] -> 5[d6000] [receive] via NET/Libfabric/2/GDRDMA comm 0x564db18fa020 nRanks 16
nid005015:85343:85343 [5] NCCL INFO GPU Direct RDMA Enabled for GPU d6000 / HCA 2 (distance 6 <= 6), read 0
nid005015:85343:85458 [5] NCCL INFO New proxy recv connection 47 from local rank 5, transport 2
nid005015:85344:85457 [4] NCCL INFO New proxy recv connection 51 from local rank 4, transport 0
nid005015:85343:85343 [5] NCCL INFO Connected to proxy localRank 5 -> connection 0x14beec002a28
nid005015:85344:85344 [4] NCCL INFO Connected to proxy localRank 4 -> connection 0x14b174002c08
nid005015:85343:85343 [5] NCCL INFO Channel 15/2 : 13[d6000] -> 5[d6000] [receive] via NET/Libfabric/2/GDRDMA comm 0x564db18fa020 nRanks 16
nid005015:85343:85343 [5] NCCL INFO GPU Direct RDMA Enabled for GPU d6000 / HCA 2 (distance 6 <= 6), read 1
nid005015:85343:85458 [5] NCCL INFO New proxy send connection 48 from local rank 5, transport 2
nid005015:85343:85343 [5] NCCL INFO Connected to proxy localRank 5 -> connection 0x14beec002aa0
nid005015:85342:85342 [7] NCCL INFO GPU Direct RDMA Enabled for GPU de000 / HCA 3 (distance 6 <= 6), read 0
nid005015:85340:85454 [3] NCCL INFO New proxy recv connection 48 from local rank 3, transport 0
nid005015:85340:85340 [3] NCCL INFO Connected to proxy localRank 3 -> connection 0x145d80002aa0
nid005015:85343:85343 [5] NCCL INFO Channel 02/2 : 5[d6000] -> 13[d6000] [send] via NET/Libfabric/2/GDRDMA comm 0x564db18fa020 nRanks 16
nid005015:85343:85343 [5] NCCL INFO GPU Direct RDMA Enabled for GPU d6000 / HCA 2 (distance 6 <= 6), read 1
nid005015:85342:85453 [7] NCCL INFO New proxy recv connection 44 from local rank 7, transport 2
nid005015:85342:85342 [7] NCCL INFO Connected to proxy localRank 7 -> connection 0x14e1880028c0
nid005015:85343:85458 [5] NCCL INFO New proxy send connection 49 from local rank 5, transport 2
nid005015:85343:85343 [5] NCCL INFO Connected to proxy localRank 5 -> connection 0x14beec002b18
nid005015:85343:85343 [5] NCCL INFO Channel 06/2 : 5[d6000] -> 13[d6000] [send] via NET/Libfabric/2/GDRDMA comm 0x564db18fa020 nRanks 16
nid005015:85343:85343 [5] NCCL INFO GPU Direct RDMA Enabled for GPU d6000 / HCA 2 (distance 6 <= 6), read 1
nid005015:85342:85342 [7] NCCL INFO Channel 02/2 : 15[de000] -> 7[de000] [receive] via NET/Libfabric/3/GDRDMA comm 0x55b2fdc59f40 nRanks 16
nid005015:85342:85342 [7] NCCL INFO GPU Direct RDMA Enabled for GPU de000 / HCA 3 (distance 6 <= 6), read 0
nid005015:85343:85458 [5] NCCL INFO New proxy send connection 50 from local rank 5, transport 2
nid005015:85342:85453 [7] NCCL INFO New proxy recv connection 45 from local rank 7, transport 2
nid005015:85342:85342 [7] NCCL INFO Connected to proxy localRank 7 -> connection 0x14e188002938
nid005015:85343:85343 [5] NCCL INFO Connected to proxy localRank 5 -> connection 0x14beec002b90
nid005015:85343:85343 [5] NCCL INFO Channel 10/2 : 5[d6000] -> 13[d6000] [send] via NET/Libfabric/2/GDRDMA comm 0x564db18fa020 nRanks 16
nid005015:85343:85343 [5] NCCL INFO GPU Direct RDMA Enabled for GPU d6000 / HCA 2 (distance 6 <= 6), read 1
nid005015:85342:85342 [7] NCCL INFO Channel 06/2 : 15[de000] -> 7[de000] [receive] via NET/Libfabric/3/GDRDMA comm 0x55b2fdc59f40 nRanks 16
nid005015:85342:85342 [7] NCCL INFO GPU Direct RDMA Enabled for GPU de000 / HCA 3 (distance 6 <= 6), read 0
nid005015:85343:85458 [5] NCCL INFO New proxy send connection 51 from local rank 5, transport 2
nid005015:85343:85343 [5] NCCL INFO Connected to proxy localRank 5 -> connection 0x14beec002c08
nid005015:85342:85453 [7] NCCL INFO New proxy recv connection 46 from local rank 7, transport 2
nid005015:85342:85342 [7] NCCL INFO Connected to proxy localRank 7 -> connection 0x14e1880029b0
nid005015:85343:85343 [5] NCCL INFO Channel 14/2 : 5[d6000] -> 13[d6000] [send] via NET/Libfabric/2/GDRDMA comm 0x564db18fa020 nRanks 16
nid005015:85342:85342 [7] NCCL INFO Channel 10/2 : 15[de000] -> 7[de000] [receive] via NET/Libfabric/3/GDRDMA comm 0x55b2fdc59f40 nRanks 16
nid005015:85342:85342 [7] NCCL INFO GPU Direct RDMA Enabled for GPU de000 / HCA 3 (distance 6 <= 6), read 0
nid005015:85342:85453 [7] NCCL INFO New proxy recv connection 47 from local rank 7, transport 2
nid005015:85342:85342 [7] NCCL INFO Connected to proxy localRank 7 -> connection 0x14e188002a28
nid005015:85342:85342 [7] NCCL INFO Channel 14/2 : 15[de000] -> 7[de000] [receive] via NET/Libfabric/3/GDRDMA comm 0x55b2fdc59f40 nRanks 16
nid005015:85342:85342 [7] NCCL INFO GPU Direct RDMA Enabled for GPU de000 / HCA 3 (distance 6 <= 6), read 1
nid005015:85342:85453 [7] NCCL INFO New proxy send connection 48 from local rank 7, transport 2
nid005015:85342:85342 [7] NCCL INFO Connected to proxy localRank 7 -> connection 0x14e188002aa0
nid005015:85342:85342 [7] NCCL INFO Channel 03/2 : 7[de000] -> 15[de000] [send] via NET/Libfabric/3/GDRDMA comm 0x55b2fdc59f40 nRanks 16
nid005015:85342:85342 [7] NCCL INFO GPU Direct RDMA Enabled for GPU de000 / HCA 3 (distance 6 <= 6), read 1
nid005015:85342:85453 [7] NCCL INFO New proxy send connection 49 from local rank 7, transport 2
nid005015:85342:85342 [7] NCCL INFO Connected to proxy localRank 7 -> connection 0x14e188002b18
nid005015:85342:85342 [7] NCCL INFO Channel 07/2 : 7[de000] -> 15[de000] [send] via NET/Libfabric/3/GDRDMA comm 0x55b2fdc59f40 nRanks 16
nid005015:85342:85342 [7] NCCL INFO GPU Direct RDMA Enabled for GPU de000 / HCA 3 (distance 6 <= 6), read 1
nid005015:85342:85453 [7] NCCL INFO New proxy send connection 50 from local rank 7, transport 2
nid005015:85341:85455 [6] NCCL INFO New proxy recv connection 47 from local rank 6, transport 0
nid005015:85341:85341 [6] NCCL INFO Connected to proxy localRank 6 -> connection 0x14b8b0002a28
nid005015:85342:85342 [7] NCCL INFO Connected to proxy localRank 7 -> connection 0x14e188002b90
nid005015:85342:85342 [7] NCCL INFO Channel 11/2 : 7[de000] -> 15[de000] [send] via NET/Libfabric/3/GDRDMA comm 0x55b2fdc59f40 nRanks 16
nid005015:85342:85342 [7] NCCL INFO GPU Direct RDMA Enabled for GPU de000 / HCA 3 (distance 6 <= 6), read 1
nid005015:85342:85453 [7] NCCL INFO New proxy send connection 51 from local rank 7, transport 2
nid005015:85342:85342 [7] NCCL INFO Connected to proxy localRank 7 -> connection 0x14e188002c08
nid005015:85342:85342 [7] NCCL INFO Channel 15/2 : 7[de000] -> 15[de000] [send] via NET/Libfabric/3/GDRDMA comm 0x55b2fdc59f40 nRanks 16
nid005015:85339:85460 [1] NCCL INFO New proxy recv connection 49 from local rank 1, transport 0
nid005015:85339:85339 [1] NCCL INFO Connected to proxy localRank 1 -> connection 0x1508ec002b18
nid005016:26140:26140 [1] NCCL INFO Channel 01/2 : 9[c6000] -> 13[d6000] via P2P/IPC comm 0x560201cd0140 nRanks 16
nid005015:85344:85344 [4] NCCL INFO Channel 03/2 : 4[d1000] -> 2[c9000] via P2P/IPC comm 0x55617ae1a000 nRanks 16
nid005016:26141:26141 [3] NCCL INFO Channel 00/2 : 11[ce000] -> 15[de000] via P2P/IPC comm 0x563ddb79ccb0 nRanks 16
nid005016:26141:26261 [3] NCCL INFO New proxy send connection 44 from local rank 3, transport 0
nid005015:85344:85457 [4] NCCL INFO New proxy send connection 52 from local rank 4, transport 0
nid005015:85344:85344 [4] NCCL INFO Connected to proxy localRank 4 -> connection 0x14b174002c80
nid005016:26140:26258 [1] NCCL INFO New proxy send connection 44 from local rank 1, transport 0
nid005016:26140:26140 [1] NCCL INFO Connected to proxy localRank 1 -> connection 0x14a9940028c0
nid005016:26141:26141 [3] NCCL INFO Connected to proxy localRank 3 -> connection 0x14fb600028c0
nid005016:26142:26260 [6] NCCL INFO New proxy recv connection 44 from local rank 6, transport 0
nid005016:26142:26142 [6] NCCL INFO Connected to proxy localRank 6 -> connection 0x151d800028c0
nid005016:26143:26272 [4] NCCL INFO New proxy recv connection 48 from local rank 4, transport 0
nid005016:26143:26143 [4] NCCL INFO Connected to proxy localRank 4 -> connection 0x14d250002aa0
nid005015:85340:85454 [3] NCCL INFO New proxy recv connection 49 from local rank 3, transport 0
nid005015:85340:85340 [3] NCCL INFO Connected to proxy localRank 3 -> connection 0x145d80002b18
nid005016:26144:26144 [2] NCCL INFO GPU Direct RDMA Enabled for GPU c9000 / HCA 1 (distance 6 <= 6), read 0
nid005016:26144:26264 [2] NCCL INFO New proxy recv connection 44 from local rank 2, transport 2
nid005016:26144:26144 [2] NCCL INFO Connected to proxy localRank 2 -> connection 0x1473340028c0
nid005016:26144:26144 [2] NCCL INFO Channel 00/2 : 2[c9000] -> 10[c9000] [receive] via NET/Libfabric/1/GDRDMA comm 0x557903c7f1c0 nRanks 16
nid005016:26144:26144 [2] NCCL INFO GPU Direct RDMA Enabled for GPU c9000 / HCA 1 (distance 6 <= 6), read 0
nid005016:26144:26264 [2] NCCL INFO New proxy recv connection 45 from local rank 2, transport 2
nid005016:26144:26144 [2] NCCL INFO Connected to proxy localRank 2 -> connection 0x147334002938
nid005016:26144:26144 [2] NCCL INFO Channel 04/2 : 2[c9000] -> 10[c9000] [receive] via NET/Libfabric/1/GDRDMA comm 0x557903c7f1c0 nRanks 16
nid005016:26144:26144 [2] NCCL INFO GPU Direct RDMA Enabled for GPU c9000 / HCA 1 (distance 6 <= 6), read 0
nid005016:26144:26264 [2] NCCL INFO New proxy recv connection 46 from local rank 2, transport 2
nid005016:26144:26144 [2] NCCL INFO Connected to proxy localRank 2 -> connection 0x1473340029b0
nid005016:26144:26144 [2] NCCL INFO Channel 08/2 : 2[c9000] -> 10[c9000] [receive] via NET/Libfabric/1/GDRDMA comm 0x557903c7f1c0 nRanks 16
nid005016:26144:26144 [2] NCCL INFO GPU Direct RDMA Enabled for GPU c9000 / HCA 1 (distance 6 <= 6), read 0
nid005016:26144:26264 [2] NCCL INFO New proxy recv connection 47 from local rank 2, transport 2
nid005016:26144:26144 [2] NCCL INFO Connected to proxy localRank 2 -> connection 0x147334002a28
nid005016:26144:26144 [2] NCCL INFO Channel 12/2 : 2[c9000] -> 10[c9000] [receive] via NET/Libfabric/1/GDRDMA comm 0x557903c7f1c0 nRanks 16
nid005016:26144:26144 [2] NCCL INFO GPU Direct RDMA Enabled for GPU c9000 / HCA 1 (distance 6 <= 6), read 1
nid005016:26144:26264 [2] NCCL INFO New proxy send connection 48 from local rank 2, transport 2
nid005016:26144:26144 [2] NCCL INFO Connected to proxy localRank 2 -> connection 0x147334002aa0
nid005015:85337:85337 [0] NCCL INFO GPU Direct RDMA Enabled for GPU c1000 / HCA 0 (distance 6 <= 6), read 0
nid005015:85337:85459 [0] NCCL INFO New proxy recv connection 44 from local rank 0, transport 2
nid005015:85337:85337 [0] NCCL INFO Connected to proxy localRank 0 -> connection 0x1460240028c0
nid005015:85341:85341 [6] NCCL INFO Channel 02/2 : 6[d9000] -> 0[c1000] via P2P/IPC comm 0x5653595b56b0 nRanks 16
nid005015:85341:85455 [6] NCCL INFO New proxy send connection 48 from local rank 6, transport 0
nid005015:85341:85341 [6] NCCL INFO Connected to proxy localRank 6 -> connection 0x14b8b0002aa0
nid005016:26144:26144 [2] NCCL INFO Channel 01/2 : 10[c9000] -> 2[c9000] [send] via NET/Libfabric/1/GDRDMA comm 0x557903c7f1c0 nRanks 16
nid005016:26144:26144 [2] NCCL INFO GPU Direct RDMA Enabled for GPU c9000 / HCA 1 (distance 6 <= 6), read 1
nid005015:85337:85337 [0] NCCL INFO Channel 00/2 : 8[c1000] -> 0[c1000] [receive] via NET/Libfabric/0/GDRDMA comm 0x557a2b5ee3a0 nRanks 16
nid005015:85337:85337 [0] NCCL INFO GPU Direct RDMA Enabled for GPU c1000 / HCA 0 (distance 6 <= 6), read 0
nid005015:85337:85459 [0] NCCL INFO New proxy recv connection 45 from local rank 0, transport 2
nid005015:85337:85337 [0] NCCL INFO Connected to proxy localRank 0 -> connection 0x146024002938
nid005016:26144:26264 [2] NCCL INFO New proxy send connection 49 from local rank 2, transport 2
nid005016:26144:26144 [2] NCCL INFO Connected to proxy localRank 2 -> connection 0x147334002b18
nid005015:85337:85337 [0] NCCL INFO Channel 04/2 : 8[c1000] -> 0[c1000] [receive] via NET/Libfabric/0/GDRDMA comm 0x557a2b5ee3a0 nRanks 16
nid005015:85337:85337 [0] NCCL INFO GPU Direct RDMA Enabled for GPU c1000 / HCA 0 (distance 6 <= 6), read 0
nid005015:85337:85459 [0] NCCL INFO New proxy recv connection 46 from local rank 0, transport 2
nid005015:85337:85337 [0] NCCL INFO Connected to proxy localRank 0 -> connection 0x1460240029b0
nid005016:26144:26144 [2] NCCL INFO Channel 05/2 : 10[c9000] -> 2[c9000] [send] via NET/Libfabric/1/GDRDMA comm 0x557903c7f1c0 nRanks 16
nid005016:26144:26144 [2] NCCL INFO GPU Direct RDMA Enabled for GPU c9000 / HCA 1 (distance 6 <= 6), read 1
nid005015:85337:85337 [0] NCCL INFO Channel 08/2 : 8[c1000] -> 0[c1000] [receive] via NET/Libfabric/0/GDRDMA comm 0x557a2b5ee3a0 nRanks 16
nid005015:85337:85337 [0] NCCL INFO GPU Direct RDMA Enabled for GPU c1000 / HCA 0 (distance 6 <= 6), read 0
nid005016:26144:26264 [2] NCCL INFO New proxy send connection 50 from local rank 2, transport 2
nid005016:26144:26144 [2] NCCL INFO Connected to proxy localRank 2 -> connection 0x147334002b90
nid005015:85337:85459 [0] NCCL INFO New proxy recv connection 47 from local rank 0, transport 2
nid005015:85337:85337 [0] NCCL INFO Connected to proxy localRank 0 -> connection 0x146024002a28
nid005016:26144:26144 [2] NCCL INFO Channel 09/2 : 10[c9000] -> 2[c9000] [send] via NET/Libfabric/1/GDRDMA comm 0x557903c7f1c0 nRanks 16
nid005016:26144:26144 [2] NCCL INFO GPU Direct RDMA Enabled for GPU c9000 / HCA 1 (distance 6 <= 6), read 1
nid005015:85337:85337 [0] NCCL INFO Channel 12/2 : 8[c1000] -> 0[c1000] [receive] via NET/Libfabric/0/GDRDMA comm 0x557a2b5ee3a0 nRanks 16
nid005015:85337:85337 [0] NCCL INFO GPU Direct RDMA Enabled for GPU c1000 / HCA 0 (distance 6 <= 6), read 1
nid005015:85337:85459 [0] NCCL INFO New proxy send connection 48 from local rank 0, transport 2
nid005015:85337:85337 [0] NCCL INFO Connected to proxy localRank 0 -> connection 0x146024002aa0
nid005016:26144:26264 [2] NCCL INFO New proxy send connection 51 from local rank 2, transport 2
nid005016:26144:26144 [2] NCCL INFO Connected to proxy localRank 2 -> connection 0x147334002c08
nid005016:26144:26144 [2] NCCL INFO Channel 13/2 : 10[c9000] -> 2[c9000] [send] via NET/Libfabric/1/GDRDMA comm 0x557903c7f1c0 nRanks 16
nid005015:85337:85337 [0] NCCL INFO Channel 01/2 : 0[c1000] -> 8[c1000] [send] via NET/Libfabric/0/GDRDMA comm 0x557a2b5ee3a0 nRanks 16
nid005015:85337:85337 [0] NCCL INFO GPU Direct RDMA Enabled for GPU c1000 / HCA 0 (distance 6 <= 6), read 1
nid005015:85337:85459 [0] NCCL INFO New proxy send connection 49 from local rank 0, transport 2
nid005015:85337:85337 [0] NCCL INFO Connected to proxy localRank 0 -> connection 0x146024002b18
nid005015:85337:85337 [0] NCCL INFO Channel 05/2 : 0[c1000] -> 8[c1000] [send] via NET/Libfabric/0/GDRDMA comm 0x557a2b5ee3a0 nRanks 16
nid005015:85337:85337 [0] NCCL INFO GPU Direct RDMA Enabled for GPU c1000 / HCA 0 (distance 6 <= 6), read 1
nid005015:85338:85456 [2] NCCL INFO New proxy recv connection 52 from local rank 2, transport 0
nid005015:85337:85459 [0] NCCL INFO New proxy send connection 50 from local rank 0, transport 2
nid005015:85338:85338 [2] NCCL INFO Connected to proxy localRank 2 -> connection 0x148b4c002c80
nid005015:85337:85337 [0] NCCL INFO Connected to proxy localRank 0 -> connection 0x146024002b90
nid005015:85337:85337 [0] NCCL INFO Channel 09/2 : 0[c1000] -> 8[c1000] [send] via NET/Libfabric/0/GDRDMA comm 0x557a2b5ee3a0 nRanks 16
nid005015:85337:85337 [0] NCCL INFO GPU Direct RDMA Enabled for GPU c1000 / HCA 0 (distance 6 <= 6), read 1
nid005016:26144:26264 [2] NCCL INFO New proxy recv connection 52 from local rank 2, transport 0
nid005016:26144:26144 [2] NCCL INFO Connected to proxy localRank 2 -> connection 0x147334002c80
nid005015:85337:85459 [0] NCCL INFO New proxy send connection 51 from local rank 0, transport 2
nid005015:85337:85337 [0] NCCL INFO Connected to proxy localRank 0 -> connection 0x146024002c08
nid005015:85337:85337 [0] NCCL INFO Channel 13/2 : 0[c1000] -> 8[c1000] [send] via NET/Libfabric/0/GDRDMA comm 0x557a2b5ee3a0 nRanks 16
nid005015:85339:85460 [1] NCCL INFO New proxy recv connection 50 from local rank 1, transport 0
nid005015:85339:85339 [1] NCCL INFO Connected to proxy localRank 1 -> connection 0x1508ec002b90
nid005015:85344:85344 [4] NCCL INFO Channel 07/2 : 4[d1000] -> 2[c9000] via P2P/IPC comm 0x55617ae1a000 nRanks 16
nid005015:85344:85457 [4] NCCL INFO New proxy send connection 53 from local rank 4, transport 0
nid005015:85344:85344 [4] NCCL INFO Connected to proxy localRank 4 -> connection 0x14b174002cf8
nid005015:85340:85454 [3] NCCL INFO New proxy recv connection 50 from local rank 3, transport 0
nid005015:85340:85340 [3] NCCL INFO Connected to proxy localRank 3 -> connection 0x145d80002b90
nid005016:26141:26141 [3] NCCL INFO Channel 04/2 : 11[ce000] -> 15[de000] via P2P/IPC comm 0x563ddb79ccb0 nRanks 16
nid005016:26143:26272 [4] NCCL INFO New proxy recv connection 49 from local rank 4, transport 0
nid005016:26143:26143 [4] NCCL INFO Connected to proxy localRank 4 -> connection 0x14d250002b18
nid005016:26141:26261 [3] NCCL INFO New proxy send connection 45 from local rank 3, transport 0
nid005016:26141:26141 [3] NCCL INFO Connected to proxy localRank 3 -> connection 0x14fb60002938
nid005015:85341:85341 [6] NCCL INFO Channel 06/2 : 6[d9000] -> 0[c1000] via P2P/IPC comm 0x5653595b56b0 nRanks 16
nid005015:85341:85455 [6] NCCL INFO New proxy send connection 49 from local rank 6, transport 0
nid005015:85341:85341 [6] NCCL INFO Connected to proxy localRank 6 -> connection 0x14b8b0002b18
nid005016:26140:26140 [1] NCCL INFO Channel 05/2 : 9[c6000] -> 13[d6000] via P2P/IPC comm 0x560201cd0140 nRanks 16
nid005016:26140:26258 [1] NCCL INFO New proxy send connection 45 from local rank 1, transport 0
nid005016:26140:26140 [1] NCCL INFO Connected to proxy localRank 1 -> connection 0x14a994002938
nid005016:26142:26260 [6] NCCL INFO New proxy recv connection 45 from local rank 6, transport 0
nid005016:26142:26142 [6] NCCL INFO Connected to proxy localRank 6 -> connection 0x151d80002938
nid005015:85339:85460 [1] NCCL INFO New proxy recv connection 51 from local rank 1, transport 0
nid005015:85339:85339 [1] NCCL INFO Connected to proxy localRank 1 -> connection 0x1508ec002c08
nid005015:85344:85344 [4] NCCL INFO Channel 11/2 : 4[d1000] -> 2[c9000] via P2P/IPC comm 0x55617ae1a000 nRanks 16
nid005015:85344:85457 [4] NCCL INFO New proxy send connection 54 from local rank 4, transport 0
nid005015:85344:85344 [4] NCCL INFO Connected to proxy localRank 4 -> connection 0x14b174002d70
nid005016:26144:26264 [2] NCCL INFO New proxy recv connection 53 from local rank 2, transport 0
nid005016:26144:26144 [2] NCCL INFO Connected to proxy localRank 2 -> connection 0x147334002cf8
nid005015:85338:85456 [2] NCCL INFO New proxy recv connection 53 from local rank 2, transport 0
nid005015:85338:85338 [2] NCCL INFO Connected to proxy localRank 2 -> connection 0x148b4c002cf8
nid005015:85340:85454 [3] NCCL INFO New proxy recv connection 51 from local rank 3, transport 0
nid005015:85340:85340 [3] NCCL INFO Connected to proxy localRank 3 -> connection 0x145d80002c08
nid005015:85341:85341 [6] NCCL INFO Channel 10/2 : 6[d9000] -> 0[c1000] via P2P/IPC comm 0x5653595b56b0 nRanks 16
nid005015:85341:85455 [6] NCCL INFO New proxy send connection 50 from local rank 6, transport 0
nid005015:85341:85341 [6] NCCL INFO Connected to proxy localRank 6 -> connection 0x14b8b0002b90
nid005016:26143:26272 [4] NCCL INFO New proxy recv connection 50 from local rank 4, transport 0
nid005016:26143:26143 [4] NCCL INFO Connected to proxy localRank 4 -> connection 0x14d250002b90
nid005016:26141:26141 [3] NCCL INFO Channel 08/2 : 11[ce000] -> 15[de000] via P2P/IPC comm 0x563ddb79ccb0 nRanks 16
nid005016:26141:26261 [3] NCCL INFO New proxy send connection 46 from local rank 3, transport 0
nid005016:26141:26141 [3] NCCL INFO Connected to proxy localRank 3 -> connection 0x14fb600029b0
nid005016:26140:26140 [1] NCCL INFO Channel 09/2 : 9[c6000] -> 13[d6000] via P2P/IPC comm 0x560201cd0140 nRanks 16
nid005015:85344:85344 [4] NCCL INFO Channel 15/2 : 4[d1000] -> 2[c9000] via P2P/IPC comm 0x55617ae1a000 nRanks 16
nid005015:85344:85457 [4] NCCL INFO New proxy send connection 55 from local rank 4, transport 0
nid005016:26140:26258 [1] NCCL INFO New proxy send connection 46 from local rank 1, transport 0
nid005015:85344:85344 [4] NCCL INFO Connected to proxy localRank 4 -> connection 0x14b174002de8
nid005016:26140:26140 [1] NCCL INFO Connected to proxy localRank 1 -> connection 0x14a9940029b0
nid005016:26142:26260 [6] NCCL INFO New proxy recv connection 46 from local rank 6, transport 0
nid005016:26142:26142 [6] NCCL INFO Connected to proxy localRank 6 -> connection 0x151d800029b0
nid005016:26144:26264 [2] NCCL INFO New proxy recv connection 54 from local rank 2, transport 0
nid005016:26144:26144 [2] NCCL INFO Connected to proxy localRank 2 -> connection 0x147334002d70
nid005015:85341:85341 [6] NCCL INFO Channel 14/2 : 6[d9000] -> 0[c1000] via P2P/IPC comm 0x5653595b56b0 nRanks 16
nid005015:85341:85455 [6] NCCL INFO New proxy send connection 51 from local rank 6, transport 0
nid005015:85341:85341 [6] NCCL INFO Connected to proxy localRank 6 -> connection 0x14b8b0002c08
nid005015:85338:85456 [2] NCCL INFO New proxy recv connection 54 from local rank 2, transport 0
nid005015:85338:85338 [2] NCCL INFO Connected to proxy localRank 2 -> connection 0x148b4c002d70
nid005016:26143:26272 [4] NCCL INFO New proxy recv connection 51 from local rank 4, transport 0
nid005016:26143:26143 [4] NCCL INFO Connected to proxy localRank 4 -> connection 0x14d250002c08
nid005016:26141:26141 [3] NCCL INFO Channel 12/2 : 11[ce000] -> 15[de000] via P2P/IPC comm 0x563ddb79ccb0 nRanks 16
nid005016:26141:26261 [3] NCCL INFO New proxy send connection 47 from local rank 3, transport 0
nid005016:26141:26141 [3] NCCL INFO Connected to proxy localRank 3 -> connection 0x14fb60002a28
nid005016:26140:26140 [1] NCCL INFO Channel 13/2 : 9[c6000] -> 13[d6000] via P2P/IPC comm 0x560201cd0140 nRanks 16
nid005016:26140:26258 [1] NCCL INFO New proxy send connection 47 from local rank 1, transport 0
nid005016:26140:26140 [1] NCCL INFO Connected to proxy localRank 1 -> connection 0x14a994002a28
nid005016:26142:26260 [6] NCCL INFO New proxy recv connection 47 from local rank 6, transport 0
nid005016:26142:26142 [6] NCCL INFO Connected to proxy localRank 6 -> connection 0x151d80002a28
nid005016:26144:26264 [2] NCCL INFO New proxy recv connection 55 from local rank 2, transport 0
nid005016:26144:26144 [2] NCCL INFO Connected to proxy localRank 2 -> connection 0x147334002de8
nid005015:85338:85456 [2] NCCL INFO New proxy recv connection 55 from local rank 2, transport 0
nid005015:85338:85338 [2] NCCL INFO Connected to proxy localRank 2 -> connection 0x148b4c002de8
nid005016:26143:26143 [4] NCCL INFO Channel 02/2 : 12[d1000] -> 10[c9000] via P2P/IPC comm 0x560f9106ed10 nRanks 16
nid005016:26143:26272 [4] NCCL INFO New proxy send connection 52 from local rank 4, transport 0
nid005016:26143:26143 [4] NCCL INFO Connected to proxy localRank 4 -> connection 0x14d250002c80
nid005016:26146:26146 [7] NCCL INFO GPU Direct RDMA Enabled for GPU de000 / HCA 3 (distance 6 <= 6), read 0
nid005016:26141:26261 [3] NCCL INFO New proxy recv connection 48 from local rank 3, transport 0
nid005016:26141:26141 [3] NCCL INFO Connected to proxy localRank 3 -> connection 0x14fb60002aa0
nid005016:26146:26263 [7] NCCL INFO New proxy recv connection 44 from local rank 7, transport 2
nid005016:26146:26146 [7] NCCL INFO Connected to proxy localRank 7 -> connection 0x147d440028c0
nid005016:26146:26146 [7] NCCL INFO Channel 03/2 : 7[de000] -> 15[de000] [receive] via NET/Libfabric/3/GDRDMA comm 0x561ab40230b0 nRanks 16
nid005016:26146:26146 [7] NCCL INFO GPU Direct RDMA Enabled for GPU de000 / HCA 3 (distance 6 <= 6), read 0
nid005016:26146:26263 [7] NCCL INFO New proxy recv connection 45 from local rank 7, transport 2
nid005016:26146:26146 [7] NCCL INFO Connected to proxy localRank 7 -> connection 0x147d44002938
nid005016:26146:26146 [7] NCCL INFO Channel 07/2 : 7[de000] -> 15[de000] [receive] via NET/Libfabric/3/GDRDMA comm 0x561ab40230b0 nRanks 16
nid005016:26146:26146 [7] NCCL INFO GPU Direct RDMA Enabled for GPU de000 / HCA 3 (distance 6 <= 6), read 0
nid005016:26146:26263 [7] NCCL INFO New proxy recv connection 46 from local rank 7, transport 2
nid005016:26146:26146 [7] NCCL INFO Connected to proxy localRank 7 -> connection 0x147d440029b0
nid005016:26139:26139 [0] NCCL INFO GPU Direct RDMA Enabled for GPU c1000 / HCA 0 (distance 6 <= 6), read 0
nid005016:26142:26142 [6] NCCL INFO Channel 03/2 : 14[d9000] -> 8[c1000] via P2P/IPC comm 0x55943fc700c0 nRanks 16
nid005016:26139:26262 [0] NCCL INFO New proxy recv connection 44 from local rank 0, transport 2
nid005016:26142:26260 [6] NCCL INFO New proxy send connection 48 from local rank 6, transport 0
nid005016:26139:26139 [0] NCCL INFO Connected to proxy localRank 0 -> connection 0x150a180028c0
nid005016:26142:26142 [6] NCCL INFO Connected to proxy localRank 6 -> connection 0x151d80002aa0
nid005016:26145:26145 [5] NCCL INFO GPU Direct RDMA Enabled for GPU d6000 / HCA 2 (distance 6 <= 6), read 0
nid005016:26146:26146 [7] NCCL INFO Channel 11/2 : 7[de000] -> 15[de000] [receive] via NET/Libfabric/3/GDRDMA comm 0x561ab40230b0 nRanks 16
nid005016:26146:26146 [7] NCCL INFO GPU Direct RDMA Enabled for GPU de000 / HCA 3 (distance 6 <= 6), read 0
nid005016:26146:26263 [7] NCCL INFO New proxy recv connection 47 from local rank 7, transport 2
nid005016:26146:26146 [7] NCCL INFO Connected to proxy localRank 7 -> connection 0x147d44002a28
nid005016:26145:26259 [5] NCCL INFO New proxy recv connection 44 from local rank 5, transport 2
nid005016:26145:26145 [5] NCCL INFO Connected to proxy localRank 5 -> connection 0x14c8dc0028c0
nid005016:26140:26258 [1] NCCL INFO New proxy recv connection 48 from local rank 1, transport 0
nid005016:26139:26139 [0] NCCL INFO Channel 01/2 : 0[c1000] -> 8[c1000] [receive] via NET/Libfabric/0/GDRDMA comm 0x55827e574290 nRanks 16
nid005016:26139:26139 [0] NCCL INFO GPU Direct RDMA Enabled for GPU c1000 / HCA 0 (distance 6 <= 6), read 0
nid005016:26139:26262 [0] NCCL INFO New proxy recv connection 45 from local rank 0, transport 2
nid005016:26140:26140 [1] NCCL INFO Connected to proxy localRank 1 -> connection 0x14a994002aa0
nid005016:26139:26139 [0] NCCL INFO Connected to proxy localRank 0 -> connection 0x150a18002938
nid005016:26146:26146 [7] NCCL INFO Channel 15/2 : 7[de000] -> 15[de000] [receive] via NET/Libfabric/3/GDRDMA comm 0x561ab40230b0 nRanks 16
nid005016:26146:26146 [7] NCCL INFO GPU Direct RDMA Enabled for GPU de000 / HCA 3 (distance 6 <= 6), read 1
nid005016:26146:26263 [7] NCCL INFO New proxy send connection 48 from local rank 7, transport 2
nid005016:26145:26145 [5] NCCL INFO Channel 02/2 : 5[d6000] -> 13[d6000] [receive] via NET/Libfabric/2/GDRDMA comm 0x5648b2aaefb0 nRanks 16
nid005016:26145:26145 [5] NCCL INFO GPU Direct RDMA Enabled for GPU d6000 / HCA 2 (distance 6 <= 6), read 0
nid005016:26145:26259 [5] NCCL INFO New proxy recv connection 45 from local rank 5, transport 2
nid005016:26146:26146 [7] NCCL INFO Connected to proxy localRank 7 -> connection 0x147d44002aa0
nid005016:26145:26145 [5] NCCL INFO Connected to proxy localRank 5 -> connection 0x14c8dc002938
nid005016:26139:26139 [0] NCCL INFO Channel 05/2 : 0[c1000] -> 8[c1000] [receive] via NET/Libfabric/0/GDRDMA comm 0x55827e574290 nRanks 16
nid005016:26139:26139 [0] NCCL INFO GPU Direct RDMA Enabled for GPU c1000 / HCA 0 (distance 6 <= 6), read 0
nid005016:26139:26262 [0] NCCL INFO New proxy recv connection 46 from local rank 0, transport 2
nid005016:26146:26146 [7] NCCL INFO Channel 02/2 : 15[de000] -> 7[de000] [send] via NET/Libfabric/3/GDRDMA comm 0x561ab40230b0 nRanks 16
nid005016:26146:26146 [7] NCCL INFO GPU Direct RDMA Enabled for GPU de000 / HCA 3 (distance 6 <= 6), read 1
nid005016:26139:26139 [0] NCCL INFO Connected to proxy localRank 0 -> connection 0x150a180029b0
nid005016:26145:26145 [5] NCCL INFO Channel 06/2 : 5[d6000] -> 13[d6000] [receive] via NET/Libfabric/2/GDRDMA comm 0x5648b2aaefb0 nRanks 16
nid005016:26145:26145 [5] NCCL INFO GPU Direct RDMA Enabled for GPU d6000 / HCA 2 (distance 6 <= 6), read 0
nid005016:26146:26263 [7] NCCL INFO New proxy send connection 49 from local rank 7, transport 2
nid005016:26146:26146 [7] NCCL INFO Connected to proxy localRank 7 -> connection 0x147d44002b18
nid005016:26145:26259 [5] NCCL INFO New proxy recv connection 46 from local rank 5, transport 2
nid005016:26145:26145 [5] NCCL INFO Connected to proxy localRank 5 -> connection 0x14c8dc0029b0
nid005016:26139:26139 [0] NCCL INFO Channel 09/2 : 0[c1000] -> 8[c1000] [receive] via NET/Libfabric/0/GDRDMA comm 0x55827e574290 nRanks 16
nid005016:26139:26139 [0] NCCL INFO GPU Direct RDMA Enabled for GPU c1000 / HCA 0 (distance 6 <= 6), read 0
nid005016:26139:26262 [0] NCCL INFO New proxy recv connection 47 from local rank 0, transport 2
nid005016:26146:26146 [7] NCCL INFO Channel 06/2 : 15[de000] -> 7[de000] [send] via NET/Libfabric/3/GDRDMA comm 0x561ab40230b0 nRanks 16
nid005016:26146:26146 [7] NCCL INFO GPU Direct RDMA Enabled for GPU de000 / HCA 3 (distance 6 <= 6), read 1
nid005016:26145:26145 [5] NCCL INFO Channel 10/2 : 5[d6000] -> 13[d6000] [receive] via NET/Libfabric/2/GDRDMA comm 0x5648b2aaefb0 nRanks 16
nid005016:26145:26145 [5] NCCL INFO GPU Direct RDMA Enabled for GPU d6000 / HCA 2 (distance 6 <= 6), read 0
nid005016:26139:26139 [0] NCCL INFO Connected to proxy localRank 0 -> connection 0x150a18002a28
nid005016:26145:26259 [5] NCCL INFO New proxy recv connection 47 from local rank 5, transport 2
nid005016:26145:26145 [5] NCCL INFO Connected to proxy localRank 5 -> connection 0x14c8dc002a28
nid005016:26146:26263 [7] NCCL INFO New proxy send connection 50 from local rank 7, transport 2
nid005016:26146:26146 [7] NCCL INFO Connected to proxy localRank 7 -> connection 0x147d44002b90
nid005016:26139:26139 [0] NCCL INFO Channel 13/2 : 0[c1000] -> 8[c1000] [receive] via NET/Libfabric/0/GDRDMA comm 0x55827e574290 nRanks 16
nid005016:26139:26139 [0] NCCL INFO GPU Direct RDMA Enabled for GPU c1000 / HCA 0 (distance 6 <= 6), read 1
nid005016:26139:26262 [0] NCCL INFO New proxy send connection 48 from local rank 0, transport 2
nid005016:26139:26139 [0] NCCL INFO Connected to proxy localRank 0 -> connection 0x150a18002aa0
nid005016:26145:26145 [5] NCCL INFO Channel 14/2 : 5[d6000] -> 13[d6000] [receive] via NET/Libfabric/2/GDRDMA comm 0x5648b2aaefb0 nRanks 16
nid005016:26145:26145 [5] NCCL INFO GPU Direct RDMA Enabled for GPU d6000 / HCA 2 (distance 6 <= 6), read 1
nid005016:26146:26146 [7] NCCL INFO Channel 10/2 : 15[de000] -> 7[de000] [send] via NET/Libfabric/3/GDRDMA comm 0x561ab40230b0 nRanks 16
nid005016:26146:26146 [7] NCCL INFO GPU Direct RDMA Enabled for GPU de000 / HCA 3 (distance 6 <= 6), read 1
nid005016:26145:26259 [5] NCCL INFO New proxy send connection 48 from local rank 5, transport 2
nid005016:26145:26145 [5] NCCL INFO Connected to proxy localRank 5 -> connection 0x14c8dc002aa0
nid005016:26146:26263 [7] NCCL INFO New proxy send connection 51 from local rank 7, transport 2
nid005016:26139:26139 [0] NCCL INFO Channel 00/2 : 8[c1000] -> 0[c1000] [send] via NET/Libfabric/0/GDRDMA comm 0x55827e574290 nRanks 16
nid005016:26139:26139 [0] NCCL INFO GPU Direct RDMA Enabled for GPU c1000 / HCA 0 (distance 6 <= 6), read 1
nid005016:26146:26146 [7] NCCL INFO Connected to proxy localRank 7 -> connection 0x147d44002c08
nid005016:26139:26262 [0] NCCL INFO New proxy send connection 49 from local rank 0, transport 2
nid005016:26139:26139 [0] NCCL INFO Connected to proxy localRank 0 -> connection 0x150a18002b18
nid005016:26145:26145 [5] NCCL INFO Channel 03/2 : 13[d6000] -> 5[d6000] [send] via NET/Libfabric/2/GDRDMA comm 0x5648b2aaefb0 nRanks 16
nid005016:26145:26145 [5] NCCL INFO GPU Direct RDMA Enabled for GPU d6000 / HCA 2 (distance 6 <= 6), read 1
nid005016:26146:26146 [7] NCCL INFO Channel 14/2 : 15[de000] -> 7[de000] [send] via NET/Libfabric/3/GDRDMA comm 0x561ab40230b0 nRanks 16
nid005016:26145:26259 [5] NCCL INFO New proxy send connection 49 from local rank 5, transport 2
nid005016:26145:26145 [5] NCCL INFO Connected to proxy localRank 5 -> connection 0x14c8dc002b18
nid005016:26139:26139 [0] NCCL INFO Channel 04/2 : 8[c1000] -> 0[c1000] [send] via NET/Libfabric/0/GDRDMA comm 0x55827e574290 nRanks 16
nid005016:26139:26139 [0] NCCL INFO GPU Direct RDMA Enabled for GPU c1000 / HCA 0 (distance 6 <= 6), read 1
nid005015:85342:85342 [7] NCCL INFO Channel 00/2 : 7[de000] -> 3[ce000] via P2P/IPC comm 0x55b2fdc59f40 nRanks 16
nid005015:85342:85453 [7] NCCL INFO New proxy send connection 52 from local rank 7, transport 0
nid005015:85342:85342 [7] NCCL INFO Connected to proxy localRank 7 -> connection 0x14e188002c80
nid005016:26139:26262 [0] NCCL INFO New proxy send connection 50 from local rank 0, transport 2
nid005016:26139:26139 [0] NCCL INFO Connected to proxy localRank 0 -> connection 0x150a18002b90
nid005016:26145:26145 [5] NCCL INFO Channel 07/2 : 13[d6000] -> 5[d6000] [send] via NET/Libfabric/2/GDRDMA comm 0x5648b2aaefb0 nRanks 16
nid005016:26145:26145 [5] NCCL INFO GPU Direct RDMA Enabled for GPU d6000 / HCA 2 (distance 6 <= 6), read 1
nid005016:26145:26259 [5] NCCL INFO New proxy send connection 50 from local rank 5, transport 2
nid005016:26145:26145 [5] NCCL INFO Connected to proxy localRank 5 -> connection 0x14c8dc002b90
nid005016:26139:26139 [0] NCCL INFO Channel 08/2 : 8[c1000] -> 0[c1000] [send] via NET/Libfabric/0/GDRDMA comm 0x55827e574290 nRanks 16
nid005016:26139:26139 [0] NCCL INFO GPU Direct RDMA Enabled for GPU c1000 / HCA 0 (distance 6 <= 6), read 1
nid005016:26146:26146 [7] NCCL INFO Channel 01/2 : 15[de000] -> 11[ce000] via P2P/IPC comm 0x561ab40230b0 nRanks 16
nid005016:26139:26262 [0] NCCL INFO New proxy send connection 51 from local rank 0, transport 2
nid005016:26139:26139 [0] NCCL INFO Connected to proxy localRank 0 -> connection 0x150a18002c08
nid005016:26145:26145 [5] NCCL INFO Channel 11/2 : 13[d6000] -> 5[d6000] [send] via NET/Libfabric/2/GDRDMA comm 0x5648b2aaefb0 nRanks 16
nid005016:26145:26145 [5] NCCL INFO GPU Direct RDMA Enabled for GPU d6000 / HCA 2 (distance 6 <= 6), read 1
nid005016:26145:26259 [5] NCCL INFO New proxy send connection 51 from local rank 5, transport 2
nid005016:26145:26145 [5] NCCL INFO Connected to proxy localRank 5 -> connection 0x14c8dc002c08
nid005016:26146:26263 [7] NCCL INFO New proxy send connection 52 from local rank 7, transport 0
nid005016:26146:26146 [7] NCCL INFO Connected to proxy localRank 7 -> connection 0x147d44002c80
nid005015:85343:85343 [5] NCCL INFO Channel 01/2 : 5[d6000] -> 1[c6000] via P2P/IPC comm 0x564db18fa020 nRanks 16
nid005015:85343:85458 [5] NCCL INFO New proxy send connection 52 from local rank 5, transport 0
nid005016:26139:26139 [0] NCCL INFO Channel 12/2 : 8[c1000] -> 0[c1000] [send] via NET/Libfabric/0/GDRDMA comm 0x55827e574290 nRanks 16
nid005016:26145:26145 [5] NCCL INFO Channel 15/2 : 13[d6000] -> 5[d6000] [send] via NET/Libfabric/2/GDRDMA comm 0x5648b2aaefb0 nRanks 16
nid005015:85337:85459 [0] NCCL INFO New proxy recv connection 52 from local rank 0, transport 0
nid005015:85337:85337 [0] NCCL INFO Connected to proxy localRank 0 -> connection 0x146024002c80
nid005015:85343:85343 [5] NCCL INFO Connected to proxy localRank 5 -> connection 0x14beec002c80
nid005016:26145:26145 [5] NCCL INFO Channel 00/2 : 13[d6000] -> 9[c6000] via P2P/IPC comm 0x5648b2aaefb0 nRanks 16
nid005016:26145:26259 [5] NCCL INFO New proxy send connection 52 from local rank 5, transport 0
nid005016:26145:26145 [5] NCCL INFO Connected to proxy localRank 5 -> connection 0x14c8dc002c80
nid005016:26139:26262 [0] NCCL INFO New proxy recv connection 52 from local rank 0, transport 0
nid005016:26139:26139 [0] NCCL INFO Connected to proxy localRank 0 -> connection 0x150a18002c80
nid005016:26143:26143 [4] NCCL INFO Channel 06/2 : 12[d1000] -> 10[c9000] via P2P/IPC comm 0x560f9106ed10 nRanks 16
nid005016:26143:26272 [4] NCCL INFO New proxy send connection 53 from local rank 4, transport 0
nid005016:26143:26143 [4] NCCL INFO Connected to proxy localRank 4 -> connection 0x14d250002cf8
nid005015:85338:85456 [2] NCCL INFO New proxy recv connection 56 from local rank 2, transport 0
nid005015:85338:85338 [2] NCCL INFO Connected to proxy localRank 2 -> connection 0x148b4c002e60
nid005016:26141:26261 [3] NCCL INFO New proxy recv connection 49 from local rank 3, transport 0
nid005016:26141:26141 [3] NCCL INFO Connected to proxy localRank 3 -> connection 0x14fb60002b18
nid005016:26142:26142 [6] NCCL INFO Channel 07/2 : 14[d9000] -> 8[c1000] via P2P/IPC comm 0x55943fc700c0 nRanks 16
nid005016:26142:26260 [6] NCCL INFO New proxy send connection 49 from local rank 6, transport 0
nid005016:26142:26142 [6] NCCL INFO Connected to proxy localRank 6 -> connection 0x151d80002b18
nid005015:85342:85342 [7] NCCL INFO Channel 04/2 : 7[de000] -> 3[ce000] via P2P/IPC comm 0x55b2fdc59f40 nRanks 16
nid005015:85342:85453 [7] NCCL INFO New proxy send connection 53 from local rank 7, transport 0
nid005015:85342:85342 [7] NCCL INFO Connected to proxy localRank 7 -> connection 0x14e188002cf8
nid005016:26145:26145 [5] NCCL INFO Channel 04/2 : 13[d6000] -> 9[c6000] via P2P/IPC comm 0x5648b2aaefb0 nRanks 16
nid005016:26145:26259 [5] NCCL INFO New proxy send connection 53 from local rank 5, transport 0
nid005016:26145:26145 [5] NCCL INFO Connected to proxy localRank 5 -> connection 0x14c8dc002cf8
nid005016:26140:26258 [1] NCCL INFO New proxy recv connection 49 from local rank 1, transport 0
nid005016:26140:26140 [1] NCCL INFO Connected to proxy localRank 1 -> connection 0x14a994002b18
nid005015:85343:85343 [5] NCCL INFO Channel 05/2 : 5[d6000] -> 1[c6000] via P2P/IPC comm 0x564db18fa020 nRanks 16
nid005015:85343:85458 [5] NCCL INFO New proxy send connection 53 from local rank 5, transport 0
nid005015:85343:85343 [5] NCCL INFO Connected to proxy localRank 5 -> connection 0x14beec002cf8
nid005016:26146:26146 [7] NCCL INFO Channel 05/2 : 15[de000] -> 11[ce000] via P2P/IPC comm 0x561ab40230b0 nRanks 16
nid005016:26146:26263 [7] NCCL INFO New proxy send connection 53 from local rank 7, transport 0
nid005016:26146:26146 [7] NCCL INFO Connected to proxy localRank 7 -> connection 0x147d44002cf8
nid005016:26139:26262 [0] NCCL INFO New proxy recv connection 53 from local rank 0, transport 0
nid005016:26139:26139 [0] NCCL INFO Connected to proxy localRank 0 -> connection 0x150a18002cf8
nid005016:26143:26143 [4] NCCL INFO Channel 10/2 : 12[d1000] -> 10[c9000] via P2P/IPC comm 0x560f9106ed10 nRanks 16
nid005016:26143:26272 [4] NCCL INFO New proxy send connection 54 from local rank 4, transport 0
nid005016:26143:26143 [4] NCCL INFO Connected to proxy localRank 4 -> connection 0x14d250002d70
nid005015:85338:85456 [2] NCCL INFO New proxy recv connection 57 from local rank 2, transport 0
nid005015:85338:85338 [2] NCCL INFO Connected to proxy localRank 2 -> connection 0x148b4c002ed8
nid005015:85342:85342 [7] NCCL INFO Channel 08/2 : 7[de000] -> 3[ce000] via P2P/IPC comm 0x55b2fdc59f40 nRanks 16
nid005015:85342:85453 [7] NCCL INFO New proxy send connection 54 from local rank 7, transport 0
nid005015:85342:85342 [7] NCCL INFO Connected to proxy localRank 7 -> connection 0x14e188002d70
nid005016:26145:26145 [5] NCCL INFO Channel 08/2 : 13[d6000] -> 9[c6000] via P2P/IPC comm 0x5648b2aaefb0 nRanks 16
nid005016:26145:26259 [5] NCCL INFO New proxy send connection 54 from local rank 5, transport 0
nid005016:26145:26145 [5] NCCL INFO Connected to proxy localRank 5 -> connection 0x14c8dc002d70
nid005015:85343:85343 [5] NCCL INFO Channel 09/2 : 5[d6000] -> 1[c6000] via P2P/IPC comm 0x564db18fa020 nRanks 16
nid005015:85343:85458 [5] NCCL INFO New proxy send connection 54 from local rank 5, transport 0
nid005015:85343:85343 [5] NCCL INFO Connected to proxy localRank 5 -> connection 0x14beec002d70
nid005015:85337:85459 [0] NCCL INFO New proxy recv connection 53 from local rank 0, transport 0
nid005015:85337:85337 [0] NCCL INFO Connected to proxy localRank 0 -> connection 0x146024002cf8
nid005016:26141:26261 [3] NCCL INFO New proxy recv connection 50 from local rank 3, transport 0
nid005016:26141:26141 [3] NCCL INFO Connected to proxy localRank 3 -> connection 0x14fb60002b90
nid005016:26142:26142 [6] NCCL INFO Channel 11/2 : 14[d9000] -> 8[c1000] via P2P/IPC comm 0x55943fc700c0 nRanks 16
nid005016:26142:26260 [6] NCCL INFO New proxy send connection 50 from local rank 6, transport 0
nid005016:26142:26142 [6] NCCL INFO Connected to proxy localRank 6 -> connection 0x151d80002b90
nid005016:26140:26258 [1] NCCL INFO New proxy recv connection 50 from local rank 1, transport 0
nid005016:26140:26140 [1] NCCL INFO Connected to proxy localRank 1 -> connection 0x14a994002b90
nid005016:26146:26146 [7] NCCL INFO Channel 09/2 : 15[de000] -> 11[ce000] via P2P/IPC comm 0x561ab40230b0 nRanks 16
nid005016:26146:26263 [7] NCCL INFO New proxy send connection 54 from local rank 7, transport 0
nid005016:26146:26146 [7] NCCL INFO Connected to proxy localRank 7 -> connection 0x147d44002d70
nid005016:26143:26143 [4] NCCL INFO Channel 14/2 : 12[d1000] -> 10[c9000] via P2P/IPC comm 0x560f9106ed10 nRanks 16
nid005016:26143:26272 [4] NCCL INFO New proxy send connection 55 from local rank 4, transport 0
nid005016:26143:26143 [4] NCCL INFO Connected to proxy localRank 4 -> connection 0x14d250002de8
nid005016:26139:26262 [0] NCCL INFO New proxy recv connection 54 from local rank 0, transport 0
nid005016:26139:26139 [0] NCCL INFO Connected to proxy localRank 0 -> connection 0x150a18002d70
nid005015:85342:85342 [7] NCCL INFO Channel 12/2 : 7[de000] -> 3[ce000] via P2P/IPC comm 0x55b2fdc59f40 nRanks 16
nid005015:85342:85453 [7] NCCL INFO New proxy send connection 55 from local rank 7, transport 0
nid005015:85342:85342 [7] NCCL INFO Connected to proxy localRank 7 -> connection 0x14e188002de8
nid005016:26145:26145 [5] NCCL INFO Channel 12/2 : 13[d6000] -> 9[c6000] via P2P/IPC comm 0x5648b2aaefb0 nRanks 16
nid005016:26145:26259 [5] NCCL INFO New proxy send connection 55 from local rank 5, transport 0
nid005016:26145:26145 [5] NCCL INFO Connected to proxy localRank 5 -> connection 0x14c8dc002de8
nid005015:85338:85456 [2] NCCL INFO New proxy recv connection 58 from local rank 2, transport 0
nid005015:85338:85338 [2] NCCL INFO Connected to proxy localRank 2 -> connection 0x148b4c002f50
nid005015:85343:85343 [5] NCCL INFO Channel 13/2 : 5[d6000] -> 1[c6000] via P2P/IPC comm 0x564db18fa020 nRanks 16
nid005015:85343:85458 [5] NCCL INFO New proxy send connection 55 from local rank 5, transport 0
nid005015:85343:85343 [5] NCCL INFO Connected to proxy localRank 5 -> connection 0x14beec002de8
nid005016:26141:26261 [3] NCCL INFO New proxy recv connection 51 from local rank 3, transport 0
nid005016:26141:26141 [3] NCCL INFO Connected to proxy localRank 3 -> connection 0x14fb60002c08
nid005016:26142:26142 [6] NCCL INFO Channel 15/2 : 14[d9000] -> 8[c1000] via P2P/IPC comm 0x55943fc700c0 nRanks 16
nid005016:26142:26260 [6] NCCL INFO New proxy send connection 51 from local rank 6, transport 0
nid005016:26142:26142 [6] NCCL INFO Connected to proxy localRank 6 -> connection 0x151d80002c08
nid005016:26146:26146 [7] NCCL INFO Channel 13/2 : 15[de000] -> 11[ce000] via P2P/IPC comm 0x561ab40230b0 nRanks 16
nid005016:26146:26263 [7] NCCL INFO New proxy send connection 55 from local rank 7, transport 0
nid005016:26146:26146 [7] NCCL INFO Connected to proxy localRank 7 -> connection 0x147d44002de8
nid005016:26140:26258 [1] NCCL INFO New proxy recv connection 51 from local rank 1, transport 0
nid005016:26140:26140 [1] NCCL INFO Connected to proxy localRank 1 -> connection 0x14a994002c08
nid005015:85340:85340 [3] NCCL INFO Channel 03/2 : 3[ce000] -> 1[c6000] via P2P/IPC comm 0x5652821c3ea0 nRanks 16
nid005015:85340:85454 [3] NCCL INFO New proxy send connection 52 from local rank 3, transport 0
nid005015:85342:85342 [7] NCCL INFO Channel 01/2 : 7[de000] -> 6[d9000] via P2P/IPC comm 0x55b2fdc59f40 nRanks 16
nid005015:85340:85340 [3] NCCL INFO Connected to proxy localRank 3 -> connection 0x145d80002c80
nid005015:85342:85453 [7] NCCL INFO New proxy send connection 56 from local rank 7, transport 0
nid005015:85342:85342 [7] NCCL INFO Connected to proxy localRank 7 -> connection 0x14e188002e60
nid005016:26144:26264 [2] NCCL INFO New proxy recv connection 56 from local rank 2, transport 0
nid005016:26144:26144 [2] NCCL INFO Connected to proxy localRank 2 -> connection 0x147334002e60
nid005016:26139:26262 [0] NCCL INFO New proxy recv connection 55 from local rank 0, transport 0
nid005016:26139:26139 [0] NCCL INFO Connected to proxy localRank 0 -> connection 0x150a18002de8
nid005015:85337:85459 [0] NCCL INFO New proxy recv connection 54 from local rank 0, transport 0
nid005015:85337:85337 [0] NCCL INFO Connected to proxy localRank 0 -> connection 0x146024002d70
nid005015:85343:85343 [5] NCCL INFO Channel 00/2 : 5[d6000] -> 4[d1000] via P2P/IPC comm 0x564db18fa020 nRanks 16
nid005015:85339:85460 [1] NCCL INFO New proxy recv connection 52 from local rank 1, transport 0
nid005015:85339:85339 [1] NCCL INFO Connected to proxy localRank 1 -> connection 0x1508ec002c80
nid005015:85343:85458 [5] NCCL INFO New proxy send connection 56 from local rank 5, transport 0
nid005015:85343:85343 [5] NCCL INFO Connected to proxy localRank 5 -> connection 0x14beec002e60
nid005015:85338:85456 [2] NCCL INFO New proxy recv connection 59 from local rank 2, transport 0
nid005015:85338:85338 [2] NCCL INFO Connected to proxy localRank 2 -> connection 0x148b4c002fc8
nid005015:85342:85342 [7] NCCL INFO Channel 02/2 : 7[de000] -> 6[d9000] via P2P/IPC comm 0x55b2fdc59f40 nRanks 16
nid005015:85342:85453 [7] NCCL INFO New proxy send connection 57 from local rank 7, transport 0
nid005015:85342:85342 [7] NCCL INFO Connected to proxy localRank 7 -> connection 0x14e188002ed8
nid005015:85340:85340 [3] NCCL INFO Channel 07/2 : 3[ce000] -> 1[c6000] via P2P/IPC comm 0x5652821c3ea0 nRanks 16
nid005015:85340:85454 [3] NCCL INFO New proxy send connection 53 from local rank 3, transport 0
nid005015:85340:85340 [3] NCCL INFO Connected to proxy localRank 3 -> connection 0x145d80002cf8
nid005016:26141:26141 [3] NCCL INFO Channel 02/2 : 11[ce000] -> 9[c6000] via P2P/IPC comm 0x563ddb79ccb0 nRanks 16
nid005016:26146:26146 [7] NCCL INFO Channel 00/2 : 15[de000] -> 14[d9000] via P2P/IPC comm 0x561ab40230b0 nRanks 16
nid005016:26141:26261 [3] NCCL INFO New proxy send connection 52 from local rank 3, transport 0
nid005016:26141:26141 [3] NCCL INFO Connected to proxy localRank 3 -> connection 0x14fb60002c80
nid005016:26146:26263 [7] NCCL INFO New proxy send connection 56 from local rank 7, transport 0
nid005016:26146:26146 [7] NCCL INFO Connected to proxy localRank 7 -> connection 0x147d44002e60
nid005016:26144:26264 [2] NCCL INFO New proxy recv connection 57 from local rank 2, transport 0
nid005016:26144:26144 [2] NCCL INFO Connected to proxy localRank 2 -> connection 0x147334002ed8
nid005016:26145:26145 [5] NCCL INFO Channel 01/2 : 13[d6000] -> 12[d1000] via P2P/IPC comm 0x5648b2aaefb0 nRanks 16
nid005016:26145:26259 [5] NCCL INFO New proxy send connection 56 from local rank 5, transport 0
nid005016:26145:26145 [5] NCCL INFO Connected to proxy localRank 5 -> connection 0x14c8dc002e60
nid005016:26140:26258 [1] NCCL INFO New proxy recv connection 52 from local rank 1, transport 0
nid005016:26140:26140 [1] NCCL INFO Connected to proxy localRank 1 -> connection 0x14a994002c80
nid005016:26142:26142 [6] NCCL INFO Channel 00/2 : 14[d9000] -> 12[d1000] via P2P/IPC comm 0x55943fc700c0 nRanks 16
nid005016:26142:26260 [6] NCCL INFO New proxy send connection 52 from local rank 6, transport 0
nid005016:26142:26142 [6] NCCL INFO Connected to proxy localRank 6 -> connection 0x151d80002c80
nid005016:26139:26262 [0] NCCL INFO New proxy recv connection 56 from local rank 0, transport 0
nid005016:26139:26139 [0] NCCL INFO Connected to proxy localRank 0 -> connection 0x150a18002e60
nid005015:85339:85460 [1] NCCL INFO New proxy recv connection 53 from local rank 1, transport 0
nid005015:85339:85339 [1] NCCL INFO Connected to proxy localRank 1 -> connection 0x1508ec002cf8
nid005015:85343:85343 [5] NCCL INFO Channel 03/2 : 5[d6000] -> 4[d1000] via P2P/IPC comm 0x564db18fa020 nRanks 16
nid005015:85343:85458 [5] NCCL INFO New proxy send connection 57 from local rank 5, transport 0
nid005015:85343:85343 [5] NCCL INFO Connected to proxy localRank 5 -> connection 0x14beec002ed8
nid005015:85337:85459 [0] NCCL INFO New proxy recv connection 55 from local rank 0, transport 0
nid005015:85337:85337 [0] NCCL INFO Connected to proxy localRank 0 -> connection 0x146024002de8
nid005015:85342:85342 [7] NCCL INFO Channel 05/2 : 7[de000] -> 6[d9000] via P2P/IPC comm 0x55b2fdc59f40 nRanks 16
nid005015:85342:85453 [7] NCCL INFO New proxy send connection 58 from local rank 7, transport 0
nid005015:85342:85342 [7] NCCL INFO Connected to proxy localRank 7 -> connection 0x14e188002f50
nid005015:85338:85456 [2] NCCL INFO New proxy recv connection 60 from local rank 2, transport 0
nid005015:85338:85338 [2] NCCL INFO Connected to proxy localRank 2 -> connection 0x148b4c003040
nid005015:85340:85340 [3] NCCL INFO Channel 11/2 : 3[ce000] -> 1[c6000] via P2P/IPC comm 0x5652821c3ea0 nRanks 16
nid005015:85340:85454 [3] NCCL INFO New proxy send connection 54 from local rank 3, transport 0
nid005015:85340:85340 [3] NCCL INFO Connected to proxy localRank 3 -> connection 0x145d80002d70
nid005016:26145:26145 [5] NCCL INFO Channel 02/2 : 13[d6000] -> 12[d1000] via P2P/IPC comm 0x5648b2aaefb0 nRanks 16
nid005016:26145:26259 [5] NCCL INFO New proxy send connection 57 from local rank 5, transport 0
nid005016:26145:26145 [5] NCCL INFO Connected to proxy localRank 5 -> connection 0x14c8dc002ed8
nid005016:26146:26146 [7] NCCL INFO Channel 03/2 : 15[de000] -> 14[d9000] via P2P/IPC comm 0x561ab40230b0 nRanks 16
nid005015:85339:85460 [1] NCCL INFO New proxy recv connection 54 from local rank 1, transport 0
nid005015:85339:85339 [1] NCCL INFO Connected to proxy localRank 1 -> connection 0x1508ec002d70
nid005016:26146:26263 [7] NCCL INFO New proxy send connection 57 from local rank 7, transport 0
nid005016:26146:26146 [7] NCCL INFO Connected to proxy localRank 7 -> connection 0x147d44002ed8
nid005016:26141:26141 [3] NCCL INFO Channel 06/2 : 11[ce000] -> 9[c6000] via P2P/IPC comm 0x563ddb79ccb0 nRanks 16
nid005016:26144:26264 [2] NCCL INFO New proxy recv connection 58 from local rank 2, transport 0
nid005016:26144:26144 [2] NCCL INFO Connected to proxy localRank 2 -> connection 0x147334002f50
nid005016:26141:26261 [3] NCCL INFO New proxy send connection 53 from local rank 3, transport 0
nid005016:26141:26141 [3] NCCL INFO Connected to proxy localRank 3 -> connection 0x14fb60002cf8
nid005016:26139:26262 [0] NCCL INFO New proxy recv connection 57 from local rank 0, transport 0
nid005016:26139:26139 [0] NCCL INFO Connected to proxy localRank 0 -> connection 0x150a18002ed8
nid005015:85343:85343 [5] NCCL INFO Channel 04/2 : 5[d6000] -> 4[d1000] via P2P/IPC comm 0x564db18fa020 nRanks 16
nid005015:85343:85458 [5] NCCL INFO New proxy send connection 58 from local rank 5, transport 0
nid005015:85343:85343 [5] NCCL INFO Connected to proxy localRank 5 -> connection 0x14beec002f50
nid005015:85342:85342 [7] NCCL INFO Channel 06/2 : 7[de000] -> 6[d9000] via P2P/IPC comm 0x55b2fdc59f40 nRanks 16
nid005015:85342:85453 [7] NCCL INFO New proxy send connection 59 from local rank 7, transport 0
nid005015:85342:85342 [7] NCCL INFO Connected to proxy localRank 7 -> connection 0x14e188002fc8
nid005016:26142:26142 [6] NCCL INFO Channel 04/2 : 14[d9000] -> 12[d1000] via P2P/IPC comm 0x55943fc700c0 nRanks 16
nid005016:26140:26258 [1] NCCL INFO New proxy recv connection 53 from local rank 1, transport 0
nid005016:26140:26140 [1] NCCL INFO Connected to proxy localRank 1 -> connection 0x14a994002cf8
nid005016:26142:26260 [6] NCCL INFO New proxy send connection 53 from local rank 6, transport 0
nid005016:26142:26142 [6] NCCL INFO Connected to proxy localRank 6 -> connection 0x151d80002cf8
nid005015:85338:85456 [2] NCCL INFO New proxy recv connection 61 from local rank 2, transport 0
nid005015:85338:85338 [2] NCCL INFO Connected to proxy localRank 2 -> connection 0x148b4c0030b8
nid005015:85340:85340 [3] NCCL INFO Channel 15/2 : 3[ce000] -> 1[c6000] via P2P/IPC comm 0x5652821c3ea0 nRanks 16
nid005015:85340:85454 [3] NCCL INFO New proxy send connection 55 from local rank 3, transport 0
nid005015:85340:85340 [3] NCCL INFO Connected to proxy localRank 3 -> connection 0x145d80002de8
nid005015:85341:85341 [6] NCCL INFO Channel 01/2 : 6[d9000] -> 4[d1000] via P2P/IPC comm 0x5653595b56b0 nRanks 16
nid005015:85337:85459 [0] NCCL INFO New proxy recv connection 56 from local rank 0, transport 0
nid005015:85341:85455 [6] NCCL INFO New proxy send connection 52 from local rank 6, transport 0
nid005015:85337:85337 [0] NCCL INFO Connected to proxy localRank 0 -> connection 0x146024002e60
nid005015:85341:85341 [6] NCCL INFO Connected to proxy localRank 6 -> connection 0x14b8b0002c80
nid005016:26145:26145 [5] NCCL INFO Channel 05/2 : 13[d6000] -> 12[d1000] via P2P/IPC comm 0x5648b2aaefb0 nRanks 16
nid005016:26145:26259 [5] NCCL INFO New proxy send connection 58 from local rank 5, transport 0
nid005016:26145:26145 [5] NCCL INFO Connected to proxy localRank 5 -> connection 0x14c8dc002f50
nid005015:85339:85460 [1] NCCL INFO New proxy recv connection 55 from local rank 1, transport 0
nid005015:85339:85339 [1] NCCL INFO Connected to proxy localRank 1 -> connection 0x1508ec002de8
nid005016:26146:26146 [7] NCCL INFO Channel 04/2 : 15[de000] -> 14[d9000] via P2P/IPC comm 0x561ab40230b0 nRanks 16
nid005016:26146:26263 [7] NCCL INFO New proxy send connection 58 from local rank 7, transport 0
nid005015:85342:85342 [7] NCCL INFO Channel 09/2 : 7[de000] -> 6[d9000] via P2P/IPC comm 0x55b2fdc59f40 nRanks 16
nid005015:85342:85453 [7] NCCL INFO New proxy send connection 60 from local rank 7, transport 0
nid005015:85342:85342 [7] NCCL INFO Connected to proxy localRank 7 -> connection 0x14e188003040
nid005016:26146:26146 [7] NCCL INFO Connected to proxy localRank 7 -> connection 0x147d44002f50
nid005015:85343:85343 [5] NCCL INFO Channel 07/2 : 5[d6000] -> 4[d1000] via P2P/IPC comm 0x564db18fa020 nRanks 16
nid005015:85343:85458 [5] NCCL INFO New proxy send connection 59 from local rank 5, transport 0
nid005016:26144:26264 [2] NCCL INFO New proxy recv connection 59 from local rank 2, transport 0
nid005016:26144:26144 [2] NCCL INFO Connected to proxy localRank 2 -> connection 0x147334002fc8
nid005015:85343:85343 [5] NCCL INFO Connected to proxy localRank 5 -> connection 0x14beec002fc8
nid005016:26141:26141 [3] NCCL INFO Channel 10/2 : 11[ce000] -> 9[c6000] via P2P/IPC comm 0x563ddb79ccb0 nRanks 16
nid005016:26141:26261 [3] NCCL INFO New proxy send connection 54 from local rank 3, transport 0
nid005016:26141:26141 [3] NCCL INFO Connected to proxy localRank 3 -> connection 0x14fb60002d70
nid005016:26139:26262 [0] NCCL INFO New proxy recv connection 58 from local rank 0, transport 0
nid005016:26139:26139 [0] NCCL INFO Connected to proxy localRank 0 -> connection 0x150a18002f50
nid005016:26142:26142 [6] NCCL INFO Channel 08/2 : 14[d9000] -> 12[d1000] via P2P/IPC comm 0x55943fc700c0 nRanks 16
nid005016:26142:26260 [6] NCCL INFO New proxy send connection 54 from local rank 6, transport 0
nid005016:26140:26258 [1] NCCL INFO New proxy recv connection 54 from local rank 1, transport 0
nid005016:26142:26142 [6] NCCL INFO Connected to proxy localRank 6 -> connection 0x151d80002d70
nid005016:26140:26140 [1] NCCL INFO Connected to proxy localRank 1 -> connection 0x14a994002d70
nid005016:26145:26145 [5] NCCL INFO Channel 06/2 : 13[d6000] -> 12[d1000] via P2P/IPC comm 0x5648b2aaefb0 nRanks 16
nid005016:26145:26259 [5] NCCL INFO New proxy send connection 59 from local rank 5, transport 0
nid005016:26145:26145 [5] NCCL INFO Connected to proxy localRank 5 -> connection 0x14c8dc002fc8
nid005015:85341:85341 [6] NCCL INFO Channel 05/2 : 6[d9000] -> 4[d1000] via P2P/IPC comm 0x5653595b56b0 nRanks 16
nid005015:85341:85455 [6] NCCL INFO New proxy send connection 53 from local rank 6, transport 0
nid005015:85341:85341 [6] NCCL INFO Connected to proxy localRank 6 -> connection 0x14b8b0002cf8
nid005015:85340:85340 [3] NCCL INFO Channel 00/2 : 3[ce000] -> 2[c9000] via P2P/IPC comm 0x5652821c3ea0 nRanks 16
nid005015:85339:85339 [1] NCCL INFO Channel 01/2 : 1[c6000] -> 0[c1000] via P2P/IPC comm 0x55f768ab8660 nRanks 16
nid005015:85340:85454 [3] NCCL INFO New proxy send connection 56 from local rank 3, transport 0
nid005015:85340:85340 [3] NCCL INFO Connected to proxy localRank 3 -> connection 0x145d80002e60
nid005015:85339:85460 [1] NCCL INFO New proxy send connection 56 from local rank 1, transport 0
nid005015:85339:85339 [1] NCCL INFO Connected to proxy localRank 1 -> connection 0x1508ec002e60
nid005015:85338:85456 [2] NCCL INFO New proxy recv connection 62 from local rank 2, transport 0
nid005015:85338:85338 [2] NCCL INFO Connected to proxy localRank 2 -> connection 0x148b4c003130
nid005015:85342:85342 [7] NCCL INFO Channel 10/2 : 7[de000] -> 6[d9000] via P2P/IPC comm 0x55b2fdc59f40 nRanks 16
nid005015:85342:85453 [7] NCCL INFO New proxy send connection 61 from local rank 7, transport 0
nid005015:85342:85342 [7] NCCL INFO Connected to proxy localRank 7 -> connection 0x14e1880030b8
nid005015:85337:85459 [0] NCCL INFO New proxy recv connection 57 from local rank 0, transport 0
nid005015:85337:85337 [0] NCCL INFO Connected to proxy localRank 0 -> connection 0x146024002ed8
nid005016:26146:26146 [7] NCCL INFO Channel 07/2 : 15[de000] -> 14[d9000] via P2P/IPC comm 0x561ab40230b0 nRanks 16
nid005016:26146:26263 [7] NCCL INFO New proxy send connection 59 from local rank 7, transport 0
nid005016:26146:26146 [7] NCCL INFO Connected to proxy localRank 7 -> connection 0x147d44002fc8
nid005015:85343:85343 [5] NCCL INFO Channel 08/2 : 5[d6000] -> 4[d1000] via P2P/IPC comm 0x564db18fa020 nRanks 16
nid005015:85343:85458 [5] NCCL INFO New proxy send connection 60 from local rank 5, transport 0
nid005015:85343:85343 [5] NCCL INFO Connected to proxy localRank 5 -> connection 0x14beec003040
nid005016:26144:26264 [2] NCCL INFO New proxy recv connection 60 from local rank 2, transport 0
nid005016:26144:26144 [2] NCCL INFO Connected to proxy localRank 2 -> connection 0x147334003040
nid005016:26145:26145 [5] NCCL INFO Channel 09/2 : 13[d6000] -> 12[d1000] via P2P/IPC comm 0x5648b2aaefb0 nRanks 16
nid005016:26145:26259 [5] NCCL INFO New proxy send connection 60 from local rank 5, transport 0
nid005016:26145:26145 [5] NCCL INFO Connected to proxy localRank 5 -> connection 0x14c8dc003040
nid005016:26141:26141 [3] NCCL INFO Channel 14/2 : 11[ce000] -> 9[c6000] via P2P/IPC comm 0x563ddb79ccb0 nRanks 16
nid005016:26141:26261 [3] NCCL INFO New proxy send connection 55 from local rank 3, transport 0
nid005016:26141:26141 [3] NCCL INFO Connected to proxy localRank 3 -> connection 0x14fb60002de8
nid005016:26139:26262 [0] NCCL INFO New proxy recv connection 59 from local rank 0, transport 0
nid005016:26139:26139 [0] NCCL INFO Connected to proxy localRank 0 -> connection 0x150a18002fc8
nid005015:85341:85341 [6] NCCL INFO Channel 09/2 : 6[d9000] -> 4[d1000] via P2P/IPC comm 0x5653595b56b0 nRanks 16
nid005015:85341:85455 [6] NCCL INFO New proxy send connection 54 from local rank 6, transport 0
nid005015:85339:85339 [1] NCCL INFO Channel 03/2 : 1[c6000] -> 0[c1000] via P2P/IPC comm 0x55f768ab8660 nRanks 16
nid005015:85339:85460 [1] NCCL INFO New proxy send connection 57 from local rank 1, transport 0
nid005015:85339:85339 [1] NCCL INFO Connected to proxy localRank 1 -> connection 0x1508ec002ed8
nid005015:85341:85341 [6] NCCL INFO Connected to proxy localRank 6 -> connection 0x14b8b0002d70
nid005016:26142:26142 [6] NCCL INFO Channel 12/2 : 14[d9000] -> 12[d1000] via P2P/IPC comm 0x55943fc700c0 nRanks 16
nid005015:85340:85340 [3] NCCL INFO Channel 02/2 : 3[ce000] -> 2[c9000] via P2P/IPC comm 0x5652821c3ea0 nRanks 16
nid005016:26142:26260 [6] NCCL INFO New proxy send connection 55 from local rank 6, transport 0
nid005016:26142:26142 [6] NCCL INFO Connected to proxy localRank 6 -> connection 0x151d80002de8
nid005015:85340:85454 [3] NCCL INFO New proxy send connection 57 from local rank 3, transport 0
nid005015:85340:85340 [3] NCCL INFO Connected to proxy localRank 3 -> connection 0x145d80002ed8
nid005016:26140:26258 [1] NCCL INFO New proxy recv connection 55 from local rank 1, transport 0
nid005016:26140:26140 [1] NCCL INFO Connected to proxy localRank 1 -> connection 0x14a994002de8
nid005015:85342:85342 [7] NCCL INFO Channel 13/2 : 7[de000] -> 6[d9000] via P2P/IPC comm 0x55b2fdc59f40 nRanks 16
nid005015:85342:85453 [7] NCCL INFO New proxy send connection 62 from local rank 7, transport 0
nid005015:85342:85342 [7] NCCL INFO Connected to proxy localRank 7 -> connection 0x14e188003130
nid005015:85338:85456 [2] NCCL INFO New proxy recv connection 63 from local rank 2, transport 0
nid005015:85338:85338 [2] NCCL INFO Connected to proxy localRank 2 -> connection 0x148b4c0031a8
nid005015:85343:85343 [5] NCCL INFO Channel 11/2 : 5[d6000] -> 4[d1000] via P2P/IPC comm 0x564db18fa020 nRanks 16
nid005015:85343:85458 [5] NCCL INFO New proxy send connection 61 from local rank 5, transport 0
nid005015:85343:85343 [5] NCCL INFO Connected to proxy localRank 5 -> connection 0x14beec0030b8
nid005016:26145:26145 [5] NCCL INFO Channel 10/2 : 13[d6000] -> 12[d1000] via P2P/IPC comm 0x5648b2aaefb0 nRanks 16
nid005016:26145:26259 [5] NCCL INFO New proxy send connection 61 from local rank 5, transport 0
nid005016:26145:26145 [5] NCCL INFO Connected to proxy localRank 5 -> connection 0x14c8dc0030b8
nid005015:85337:85459 [0] NCCL INFO New proxy recv connection 58 from local rank 0, transport 0
nid005015:85337:85337 [0] NCCL INFO Connected to proxy localRank 0 -> connection 0x146024002f50
nid005016:26146:26146 [7] NCCL INFO Channel 08/2 : 15[de000] -> 14[d9000] via P2P/IPC comm 0x561ab40230b0 nRanks 16
nid005016:26146:26263 [7] NCCL INFO New proxy send connection 60 from local rank 7, transport 0
nid005016:26146:26146 [7] NCCL INFO Connected to proxy localRank 7 -> connection 0x147d44003040
nid005015:85341:85341 [6] NCCL INFO Channel 13/2 : 6[d9000] -> 4[d1000] via P2P/IPC comm 0x5653595b56b0 nRanks 16
nid005015:85341:85455 [6] NCCL INFO New proxy send connection 55 from local rank 6, transport 0
nid005015:85341:85341 [6] NCCL INFO Connected to proxy localRank 6 -> connection 0x14b8b0002de8
nid005015:85339:85339 [1] NCCL INFO Channel 05/2 : 1[c6000] -> 0[c1000] via P2P/IPC comm 0x55f768ab8660 nRanks 16
nid005015:85339:85460 [1] NCCL INFO New proxy send connection 58 from local rank 1, transport 0
nid005015:85339:85339 [1] NCCL INFO Connected to proxy localRank 1 -> connection 0x1508ec002f50
nid005015:85340:85340 [3] NCCL INFO Channel 04/2 : 3[ce000] -> 2[c9000] via P2P/IPC comm 0x5652821c3ea0 nRanks 16
nid005015:85340:85454 [3] NCCL INFO New proxy send connection 58 from local rank 3, transport 0
nid005015:85340:85340 [3] NCCL INFO Connected to proxy localRank 3 -> connection 0x145d80002f50
nid005016:26144:26264 [2] NCCL INFO New proxy recv connection 61 from local rank 2, transport 0
nid005016:26144:26144 [2] NCCL INFO Connected to proxy localRank 2 -> connection 0x1473340030b8
nid005015:85342:85342 [7] NCCL INFO Channel 14/2 : 7[de000] -> 6[d9000] via P2P/IPC comm 0x55b2fdc59f40 nRanks 16
nid005015:85342:85453 [7] NCCL INFO New proxy send connection 63 from local rank 7, transport 0
nid005015:85342:85342 [7] NCCL INFO Connected to proxy localRank 7 -> connection 0x14e1880031a8
nid005016:26139:26262 [0] NCCL INFO New proxy recv connection 60 from local rank 0, transport 0
nid005016:26139:26139 [0] NCCL INFO Connected to proxy localRank 0 -> connection 0x150a18003040
nid005016:26142:26260 [6] NCCL INFO New proxy recv connection 56 from local rank 6, transport 0
nid005016:26142:26142 [6] NCCL INFO Connected to proxy localRank 6 -> connection 0x151d80002e60
nid005016:26143:26272 [4] NCCL INFO New proxy recv connection 56 from local rank 4, transport 0
nid005016:26143:26143 [4] NCCL INFO Connected to proxy localRank 4 -> connection 0x14d250002e60
nid005016:26141:26141 [3] NCCL INFO Channel 01/2 : 11[ce000] -> 10[c9000] via P2P/IPC comm 0x563ddb79ccb0 nRanks 16
nid005016:26140:26140 [1] NCCL INFO Channel 00/2 : 9[c6000] -> 8[c1000] via P2P/IPC comm 0x560201cd0140 nRanks 16
nid005016:26140:26258 [1] NCCL INFO New proxy send connection 56 from local rank 1, transport 0
nid005016:26141:26261 [3] NCCL INFO New proxy send connection 56 from local rank 3, transport 0
nid005016:26141:26141 [3] NCCL INFO Connected to proxy localRank 3 -> connection 0x14fb60002e60
nid005016:26140:26140 [1] NCCL INFO Connected to proxy localRank 1 -> connection 0x14a994002e60
nid005016:26145:26145 [5] NCCL INFO Channel 13/2 : 13[d6000] -> 12[d1000] via P2P/IPC comm 0x5648b2aaefb0 nRanks 16
nid005016:26145:26259 [5] NCCL INFO New proxy send connection 62 from local rank 5, transport 0
nid005016:26145:26145 [5] NCCL INFO Connected to proxy localRank 5 -> connection 0x14c8dc003130
nid005015:85343:85343 [5] NCCL INFO Channel 12/2 : 5[d6000] -> 4[d1000] via P2P/IPC comm 0x564db18fa020 nRanks 16
nid005015:85343:85458 [5] NCCL INFO New proxy send connection 62 from local rank 5, transport 0
nid005015:85343:85343 [5] NCCL INFO Connected to proxy localRank 5 -> connection 0x14beec003130
nid005015:85339:85339 [1] NCCL INFO Channel 07/2 : 1[c6000] -> 0[c1000] via P2P/IPC comm 0x55f768ab8660 nRanks 16
nid005015:85339:85460 [1] NCCL INFO New proxy send connection 59 from local rank 1, transport 0
nid005015:85339:85339 [1] NCCL INFO Connected to proxy localRank 1 -> connection 0x1508ec002fc8
nid005015:85341:85455 [6] NCCL INFO New proxy recv connection 56 from local rank 6, transport 0
nid005015:85344:85457 [4] NCCL INFO New proxy recv connection 56 from local rank 4, transport 0
nid005015:85341:85341 [6] NCCL INFO Connected to proxy localRank 6 -> connection 0x14b8b0002e60
nid005015:85344:85344 [4] NCCL INFO Connected to proxy localRank 4 -> connection 0x14b174002e60
nid005015:85340:85340 [3] NCCL INFO Channel 06/2 : 3[ce000] -> 2[c9000] via P2P/IPC comm 0x5652821c3ea0 nRanks 16
nid005015:85340:85454 [3] NCCL INFO New proxy send connection 59 from local rank 3, transport 0
nid005015:85340:85340 [3] NCCL INFO Connected to proxy localRank 3 -> connection 0x145d80002fc8
nid005016:26146:26146 [7] NCCL INFO Channel 11/2 : 15[de000] -> 14[d9000] via P2P/IPC comm 0x561ab40230b0 nRanks 16
nid005016:26146:26263 [7] NCCL INFO New proxy send connection 61 from local rank 7, transport 0
nid005016:26146:26146 [7] NCCL INFO Connected to proxy localRank 7 -> connection 0x147d440030b8
nid005015:85337:85459 [0] NCCL INFO New proxy recv connection 59 from local rank 0, transport 0
nid005015:85337:85337 [0] NCCL INFO Connected to proxy localRank 0 -> connection 0x146024002fc8
nid005016:26144:26264 [2] NCCL INFO New proxy recv connection 62 from local rank 2, transport 0
nid005016:26144:26144 [2] NCCL INFO Connected to proxy localRank 2 -> connection 0x147334003130
nid005016:26143:26272 [4] NCCL INFO New proxy recv connection 57 from local rank 4, transport 0
nid005016:26143:26143 [4] NCCL INFO Connected to proxy localRank 4 -> connection 0x14d250002ed8
nid005016:26139:26262 [0] NCCL INFO New proxy recv connection 61 from local rank 0, transport 0
nid005016:26142:26260 [6] NCCL INFO New proxy recv connection 57 from local rank 6, transport 0
nid005016:26139:26139 [0] NCCL INFO Connected to proxy localRank 0 -> connection 0x150a180030b8
nid005016:26142:26142 [6] NCCL INFO Connected to proxy localRank 6 -> connection 0x151d80002ed8
nid005016:26145:26145 [5] NCCL INFO Channel 14/2 : 13[d6000] -> 12[d1000] via P2P/IPC comm 0x5648b2aaefb0 nRanks 16
nid005016:26145:26259 [5] NCCL INFO New proxy send connection 63 from local rank 5, transport 0
nid005016:26145:26145 [5] NCCL INFO Connected to proxy localRank 5 -> connection 0x14c8dc0031a8
nid005016:26140:26140 [1] NCCL INFO Channel 02/2 : 9[c6000] -> 8[c1000] via P2P/IPC comm 0x560201cd0140 nRanks 16
nid005016:26140:26258 [1] NCCL INFO New proxy send connection 57 from local rank 1, transport 0
nid005016:26140:26140 [1] NCCL INFO Connected to proxy localRank 1 -> connection 0x14a994002ed8
nid005016:26141:26141 [3] NCCL INFO Channel 03/2 : 11[ce000] -> 10[c9000] via P2P/IPC comm 0x563ddb79ccb0 nRanks 16
nid005016:26141:26261 [3] NCCL INFO New proxy send connection 57 from local rank 3, transport 0
nid005016:26141:26141 [3] NCCL INFO Connected to proxy localRank 3 -> connection 0x14fb60002ed8
nid005015:85343:85343 [5] NCCL INFO Channel 15/2 : 5[d6000] -> 4[d1000] via P2P/IPC comm 0x564db18fa020 nRanks 16
nid005015:85343:85458 [5] NCCL INFO New proxy send connection 63 from local rank 5, transport 0
nid005015:85343:85343 [5] NCCL INFO Connected to proxy localRank 5 -> connection 0x14beec0031a8
nid005015:85339:85339 [1] NCCL INFO Channel 09/2 : 1[c6000] -> 0[c1000] via P2P/IPC comm 0x55f768ab8660 nRanks 16
nid005015:85339:85460 [1] NCCL INFO New proxy send connection 60 from local rank 1, transport 0
nid005015:85341:85455 [6] NCCL INFO New proxy recv connection 57 from local rank 6, transport 0
nid005015:85339:85339 [1] NCCL INFO Connected to proxy localRank 1 -> connection 0x1508ec003040
nid005015:85341:85341 [6] NCCL INFO Connected to proxy localRank 6 -> connection 0x14b8b0002ed8
nid005015:85344:85457 [4] NCCL INFO New proxy recv connection 57 from local rank 4, transport 0
nid005015:85344:85344 [4] NCCL INFO Connected to proxy localRank 4 -> connection 0x14b174002ed8
nid005015:85340:85340 [3] NCCL INFO Channel 08/2 : 3[ce000] -> 2[c9000] via P2P/IPC comm 0x5652821c3ea0 nRanks 16
nid005015:85340:85454 [3] NCCL INFO New proxy send connection 60 from local rank 3, transport 0
nid005015:85340:85340 [3] NCCL INFO Connected to proxy localRank 3 -> connection 0x145d80003040
nid005016:26146:26146 [7] NCCL INFO Channel 12/2 : 15[de000] -> 14[d9000] via P2P/IPC comm 0x561ab40230b0 nRanks 16
nid005016:26146:26263 [7] NCCL INFO New proxy send connection 62 from local rank 7, transport 0
nid005016:26146:26146 [7] NCCL INFO Connected to proxy localRank 7 -> connection 0x147d44003130
nid005015:85337:85459 [0] NCCL INFO New proxy recv connection 60 from local rank 0, transport 0
nid005015:85337:85337 [0] NCCL INFO Connected to proxy localRank 0 -> connection 0x146024003040
nid005016:26143:26272 [4] NCCL INFO New proxy recv connection 58 from local rank 4, transport 0
nid005016:26143:26143 [4] NCCL INFO Connected to proxy localRank 4 -> connection 0x14d250002f50
nid005016:26142:26260 [6] NCCL INFO New proxy recv connection 58 from local rank 6, transport 0
nid005015:85344:85457 [4] NCCL INFO New proxy recv connection 58 from local rank 4, transport 0
nid005015:85344:85344 [4] NCCL INFO Connected to proxy localRank 4 -> connection 0x14b174002f50
nid005016:26142:26142 [6] NCCL INFO Connected to proxy localRank 6 -> connection 0x151d80002f50
nid005015:85341:85455 [6] NCCL INFO New proxy recv connection 58 from local rank 6, transport 0
nid005015:85341:85341 [6] NCCL INFO Connected to proxy localRank 6 -> connection 0x14b8b0002f50
nid005015:85339:85339 [1] NCCL INFO Channel 11/2 : 1[c6000] -> 0[c1000] via P2P/IPC comm 0x55f768ab8660 nRanks 16
nid005015:85339:85460 [1] NCCL INFO New proxy send connection 61 from local rank 1, transport 0
nid005015:85339:85339 [1] NCCL INFO Connected to proxy localRank 1 -> connection 0x1508ec0030b8
nid005016:26139:26262 [0] NCCL INFO New proxy recv connection 62 from local rank 0, transport 0
nid005016:26144:26264 [2] NCCL INFO New proxy recv connection 63 from local rank 2, transport 0
nid005016:26139:26139 [0] NCCL INFO Connected to proxy localRank 0 -> connection 0x150a18003130
nid005016:26144:26144 [2] NCCL INFO Connected to proxy localRank 2 -> connection 0x1473340031a8
nid005016:26141:26141 [3] NCCL INFO Channel 05/2 : 11[ce000] -> 10[c9000] via P2P/IPC comm 0x563ddb79ccb0 nRanks 16
nid005016:26140:26140 [1] NCCL INFO Channel 04/2 : 9[c6000] -> 8[c1000] via P2P/IPC comm 0x560201cd0140 nRanks 16
nid005016:26141:26261 [3] NCCL INFO New proxy send connection 58 from local rank 3, transport 0
nid005016:26140:26258 [1] NCCL INFO New proxy send connection 58 from local rank 1, transport 0
nid005016:26141:26141 [3] NCCL INFO Connected to proxy localRank 3 -> connection 0x14fb60002f50
nid005016:26140:26140 [1] NCCL INFO Connected to proxy localRank 1 -> connection 0x14a994002f50
nid005015:85340:85340 [3] NCCL INFO Channel 10/2 : 3[ce000] -> 2[c9000] via P2P/IPC comm 0x5652821c3ea0 nRanks 16
nid005015:85340:85454 [3] NCCL INFO New proxy send connection 61 from local rank 3, transport 0
nid005015:85340:85340 [3] NCCL INFO Connected to proxy localRank 3 -> connection 0x145d800030b8
nid005015:85344:85457 [4] NCCL INFO New proxy recv connection 59 from local rank 4, transport 0
nid005015:85344:85344 [4] NCCL INFO Connected to proxy localRank 4 -> connection 0x14b174002fc8
nid005015:85341:85455 [6] NCCL INFO New proxy recv connection 59 from local rank 6, transport 0
nid005015:85341:85341 [6] NCCL INFO Connected to proxy localRank 6 -> connection 0x14b8b0002fc8
nid005016:26146:26146 [7] NCCL INFO Channel 15/2 : 15[de000] -> 14[d9000] via P2P/IPC comm 0x561ab40230b0 nRanks 16
nid005016:26146:26263 [7] NCCL INFO New proxy send connection 63 from local rank 7, transport 0
nid005016:26146:26146 [7] NCCL INFO Connected to proxy localRank 7 -> connection 0x147d440031a8
nid005015:85339:85339 [1] NCCL INFO Channel 13/2 : 1[c6000] -> 0[c1000] via P2P/IPC comm 0x55f768ab8660 nRanks 16
nid005015:85339:85460 [1] NCCL INFO New proxy send connection 62 from local rank 1, transport 0
nid005015:85337:85459 [0] NCCL INFO New proxy recv connection 61 from local rank 0, transport 0
nid005015:85337:85337 [0] NCCL INFO Connected to proxy localRank 0 -> connection 0x1460240030b8
nid005015:85339:85339 [1] NCCL INFO Connected to proxy localRank 1 -> connection 0x1508ec003130
nid005016:26143:26272 [4] NCCL INFO New proxy recv connection 59 from local rank 4, transport 0
nid005016:26143:26143 [4] NCCL INFO Connected to proxy localRank 4 -> connection 0x14d250002fc8
nid005016:26142:26260 [6] NCCL INFO New proxy recv connection 59 from local rank 6, transport 0
nid005016:26142:26142 [6] NCCL INFO Connected to proxy localRank 6 -> connection 0x151d80002fc8
nid005015:85340:85340 [3] NCCL INFO Channel 12/2 : 3[ce000] -> 2[c9000] via P2P/IPC comm 0x5652821c3ea0 nRanks 16
nid005015:85340:85454 [3] NCCL INFO New proxy send connection 62 from local rank 3, transport 0
nid005015:85340:85340 [3] NCCL INFO Connected to proxy localRank 3 -> connection 0x145d80003130
nid005016:26141:26141 [3] NCCL INFO Channel 07/2 : 11[ce000] -> 10[c9000] via P2P/IPC comm 0x563ddb79ccb0 nRanks 16
nid005016:26141:26261 [3] NCCL INFO New proxy send connection 59 from local rank 3, transport 0
nid005016:26141:26141 [3] NCCL INFO Connected to proxy localRank 3 -> connection 0x14fb60002fc8
nid005016:26140:26140 [1] NCCL INFO Channel 06/2 : 9[c6000] -> 8[c1000] via P2P/IPC comm 0x560201cd0140 nRanks 16
nid005016:26140:26258 [1] NCCL INFO New proxy send connection 59 from local rank 1, transport 0
nid005016:26140:26140 [1] NCCL INFO Connected to proxy localRank 1 -> connection 0x14a994002fc8
nid005016:26139:26262 [0] NCCL INFO New proxy recv connection 63 from local rank 0, transport 0
nid005016:26139:26139 [0] NCCL INFO Connected to proxy localRank 0 -> connection 0x150a180031a8
nid005015:85344:85457 [4] NCCL INFO New proxy recv connection 60 from local rank 4, transport 0
nid005015:85344:85344 [4] NCCL INFO Connected to proxy localRank 4 -> connection 0x14b174003040
nid005015:85341:85455 [6] NCCL INFO New proxy recv connection 60 from local rank 6, transport 0
nid005015:85341:85341 [6] NCCL INFO Connected to proxy localRank 6 -> connection 0x14b8b0003040
nid005015:85339:85339 [1] NCCL INFO Channel 15/2 : 1[c6000] -> 0[c1000] via P2P/IPC comm 0x55f768ab8660 nRanks 16
nid005015:85339:85460 [1] NCCL INFO New proxy send connection 63 from local rank 1, transport 0
nid005015:85339:85339 [1] NCCL INFO Connected to proxy localRank 1 -> connection 0x1508ec0031a8
nid005015:85337:85459 [0] NCCL INFO New proxy recv connection 62 from local rank 0, transport 0
nid005015:85337:85337 [0] NCCL INFO Connected to proxy localRank 0 -> connection 0x146024003130
nid005015:85340:85340 [3] NCCL INFO Channel 14/2 : 3[ce000] -> 2[c9000] via P2P/IPC comm 0x5652821c3ea0 nRanks 16
nid005015:85340:85454 [3] NCCL INFO New proxy send connection 63 from local rank 3, transport 0
nid005015:85340:85340 [3] NCCL INFO Connected to proxy localRank 3 -> connection 0x145d800031a8
nid005016:26143:26272 [4] NCCL INFO New proxy recv connection 60 from local rank 4, transport 0
nid005016:26143:26143 [4] NCCL INFO Connected to proxy localRank 4 -> connection 0x14d250003040
nid005016:26142:26260 [6] NCCL INFO New proxy recv connection 60 from local rank 6, transport 0
nid005016:26142:26142 [6] NCCL INFO Connected to proxy localRank 6 -> connection 0x151d80003040
nid005016:26141:26141 [3] NCCL INFO Channel 09/2 : 11[ce000] -> 10[c9000] via P2P/IPC comm 0x563ddb79ccb0 nRanks 16
nid005015:85344:85457 [4] NCCL INFO New proxy recv connection 61 from local rank 4, transport 0
nid005015:85344:85344 [4] NCCL INFO Connected to proxy localRank 4 -> connection 0x14b1740030b8
nid005016:26141:26261 [3] NCCL INFO New proxy send connection 60 from local rank 3, transport 0
nid005016:26141:26141 [3] NCCL INFO Connected to proxy localRank 3 -> connection 0x14fb60003040
nid005016:26140:26140 [1] NCCL INFO Channel 08/2 : 9[c6000] -> 8[c1000] via P2P/IPC comm 0x560201cd0140 nRanks 16
nid005016:26140:26258 [1] NCCL INFO New proxy send connection 60 from local rank 1, transport 0
nid005016:26140:26140 [1] NCCL INFO Connected to proxy localRank 1 -> connection 0x14a994003040
nid005015:85341:85455 [6] NCCL INFO New proxy recv connection 61 from local rank 6, transport 0
nid005015:85341:85341 [6] NCCL INFO Connected to proxy localRank 6 -> connection 0x14b8b00030b8
nid005015:85337:85459 [0] NCCL INFO New proxy recv connection 63 from local rank 0, transport 0
nid005015:85337:85337 [0] NCCL INFO Connected to proxy localRank 0 -> connection 0x1460240031a8
nid005016:26143:26272 [4] NCCL INFO New proxy recv connection 61 from local rank 4, transport 0
nid005016:26143:26143 [4] NCCL INFO Connected to proxy localRank 4 -> connection 0x14d2500030b8
nid005015:85344:85457 [4] NCCL INFO New proxy recv connection 62 from local rank 4, transport 0
nid005015:85344:85344 [4] NCCL INFO Connected to proxy localRank 4 -> connection 0x14b174003130
nid005016:26142:26260 [6] NCCL INFO New proxy recv connection 61 from local rank 6, transport 0
nid005016:26142:26142 [6] NCCL INFO Connected to proxy localRank 6 -> connection 0x151d800030b8
nid005015:85340:85454 [3] NCCL INFO New proxy recv connection 64 from local rank 3, transport 0
nid005015:85340:85340 [3] NCCL INFO Connected to proxy localRank 3 -> connection 0x145d80003220
nid005015:85341:85455 [6] NCCL INFO New proxy recv connection 62 from local rank 6, transport 0
nid005015:85341:85341 [6] NCCL INFO Connected to proxy localRank 6 -> connection 0x14b8b0003130
nid005016:26141:26141 [3] NCCL INFO Channel 11/2 : 11[ce000] -> 10[c9000] via P2P/IPC comm 0x563ddb79ccb0 nRanks 16
nid005016:26141:26261 [3] NCCL INFO New proxy send connection 61 from local rank 3, transport 0
nid005016:26141:26141 [3] NCCL INFO Connected to proxy localRank 3 -> connection 0x14fb600030b8
nid005016:26140:26140 [1] NCCL INFO Channel 10/2 : 9[c6000] -> 8[c1000] via P2P/IPC comm 0x560201cd0140 nRanks 16
nid005016:26140:26258 [1] NCCL INFO New proxy send connection 61 from local rank 1, transport 0
nid005016:26140:26140 [1] NCCL INFO Connected to proxy localRank 1 -> connection 0x14a9940030b8
nid005015:85344:85457 [4] NCCL INFO New proxy recv connection 63 from local rank 4, transport 0
nid005015:85344:85344 [4] NCCL INFO Connected to proxy localRank 4 -> connection 0x14b1740031a8
nid005016:26143:26272 [4] NCCL INFO New proxy recv connection 62 from local rank 4, transport 0
nid005016:26143:26143 [4] NCCL INFO Connected to proxy localRank 4 -> connection 0x14d250003130
nid005015:85339:85460 [1] NCCL INFO New proxy recv connection 64 from local rank 1, transport 0
nid005015:85341:85455 [6] NCCL INFO New proxy recv connection 63 from local rank 6, transport 0
nid005015:85341:85341 [6] NCCL INFO Connected to proxy localRank 6 -> connection 0x14b8b00031a8
nid005015:85340:85454 [3] NCCL INFO New proxy recv connection 65 from local rank 3, transport 0
nid005015:85340:85340 [3] NCCL INFO Connected to proxy localRank 3 -> connection 0x145d80003298
nid005015:85339:85339 [1] NCCL INFO Connected to proxy localRank 1 -> connection 0x1508ec003220
nid005016:26142:26260 [6] NCCL INFO New proxy recv connection 62 from local rank 6, transport 0
nid005016:26142:26142 [6] NCCL INFO Connected to proxy localRank 6 -> connection 0x151d80003130
nid005016:26141:26141 [3] NCCL INFO Channel 13/2 : 11[ce000] -> 10[c9000] via P2P/IPC comm 0x563ddb79ccb0 nRanks 16
nid005016:26141:26261 [3] NCCL INFO New proxy send connection 62 from local rank 3, transport 0
nid005016:26140:26140 [1] NCCL INFO Channel 12/2 : 9[c6000] -> 8[c1000] via P2P/IPC comm 0x560201cd0140 nRanks 16
nid005016:26140:26258 [1] NCCL INFO New proxy send connection 62 from local rank 1, transport 0
nid005016:26141:26141 [3] NCCL INFO Connected to proxy localRank 3 -> connection 0x14fb60003130
nid005016:26140:26140 [1] NCCL INFO Connected to proxy localRank 1 -> connection 0x14a994003130
nid005015:85344:85344 [4] NCCL INFO Channel 00/0 : 4[d1000] -> 5[d6000] via P2P/IPC comm 0x55617ae1a000 nRanks 16
nid005015:85344:85457 [4] NCCL INFO New proxy send connection 64 from local rank 4, transport 0
nid005016:26143:26272 [4] NCCL INFO New proxy recv connection 63 from local rank 4, transport 0
nid005015:85340:85454 [3] NCCL INFO New proxy recv connection 66 from local rank 3, transport 0
nid005015:85340:85340 [3] NCCL INFO Connected to proxy localRank 3 -> connection 0x145d80003310
nid005016:26143:26143 [4] NCCL INFO Connected to proxy localRank 4 -> connection 0x14d2500031a8
nid005015:85344:85344 [4] NCCL INFO Connected to proxy localRank 4 -> connection 0x14b174003220
nid005015:85339:85460 [1] NCCL INFO New proxy recv connection 65 from local rank 1, transport 0
nid005015:85339:85339 [1] NCCL INFO Connected to proxy localRank 1 -> connection 0x1508ec003298
nid005016:26142:26260 [6] NCCL INFO New proxy recv connection 63 from local rank 6, transport 0
nid005016:26142:26142 [6] NCCL INFO Connected to proxy localRank 6 -> connection 0x151d800031a8
nid005015:85341:85341 [6] NCCL INFO Channel 01/0 : 6[d9000] -> 7[de000] via P2P/IPC comm 0x5653595b56b0 nRanks 16
nid005015:85341:85455 [6] NCCL INFO New proxy send connection 64 from local rank 6, transport 0
nid005015:85341:85341 [6] NCCL INFO Connected to proxy localRank 6 -> connection 0x14b8b0003220
nid005016:26141:26141 [3] NCCL INFO Channel 15/2 : 11[ce000] -> 10[c9000] via P2P/IPC comm 0x563ddb79ccb0 nRanks 16
nid005016:26141:26261 [3] NCCL INFO New proxy send connection 63 from local rank 3, transport 0
nid005016:26140:26140 [1] NCCL INFO Channel 14/2 : 9[c6000] -> 8[c1000] via P2P/IPC comm 0x560201cd0140 nRanks 16
nid005016:26140:26258 [1] NCCL INFO New proxy send connection 63 from local rank 1, transport 0
nid005016:26140:26140 [1] NCCL INFO Connected to proxy localRank 1 -> connection 0x14a9940031a8
nid005016:26141:26141 [3] NCCL INFO Connected to proxy localRank 3 -> connection 0x14fb600031a8
nid005015:85340:85454 [3] NCCL INFO New proxy recv connection 67 from local rank 3, transport 0
nid005015:85340:85340 [3] NCCL INFO Connected to proxy localRank 3 -> connection 0x145d80003388
nid005015:85339:85460 [1] NCCL INFO New proxy recv connection 66 from local rank 1, transport 0
nid005015:85339:85339 [1] NCCL INFO Connected to proxy localRank 1 -> connection 0x1508ec003310
nid005015:85344:85344 [4] NCCL INFO Channel 03/0 : 4[d1000] -> 5[d6000] via P2P/IPC comm 0x55617ae1a000 nRanks 16
nid005015:85344:85457 [4] NCCL INFO New proxy send connection 65 from local rank 4, transport 0
nid005015:85344:85344 [4] NCCL INFO Connected to proxy localRank 4 -> connection 0x14b174003298
nid005015:85341:85341 [6] NCCL INFO Channel 02/0 : 6[d9000] -> 7[de000] via P2P/IPC comm 0x5653595b56b0 nRanks 16
nid005015:85341:85455 [6] NCCL INFO New proxy send connection 65 from local rank 6, transport 0
nid005015:85341:85341 [6] NCCL INFO Connected to proxy localRank 6 -> connection 0x14b8b0003298
nid005016:26143:26143 [4] NCCL INFO Channel 01/0 : 12[d1000] -> 13[d6000] via P2P/IPC comm 0x560f9106ed10 nRanks 16
nid005016:26143:26272 [4] NCCL INFO New proxy send connection 64 from local rank 4, transport 0
nid005016:26143:26143 [4] NCCL INFO Connected to proxy localRank 4 -> connection 0x14d250003220
nid005015:85340:85454 [3] NCCL INFO New proxy recv connection 68 from local rank 3, transport 0
nid005015:85340:85340 [3] NCCL INFO Connected to proxy localRank 3 -> connection 0x145d80003400
nid005015:85339:85460 [1] NCCL INFO New proxy recv connection 67 from local rank 1, transport 0
nid005015:85339:85339 [1] NCCL INFO Connected to proxy localRank 1 -> connection 0x1508ec003388
nid005016:26142:26142 [6] NCCL INFO Channel 00/0 : 14[d9000] -> 15[de000] via P2P/IPC comm 0x55943fc700c0 nRanks 16
nid005016:26142:26260 [6] NCCL INFO New proxy send connection 64 from local rank 6, transport 0
nid005016:26142:26142 [6] NCCL INFO Connected to proxy localRank 6 -> connection 0x151d80003220
nid005015:85344:85344 [4] NCCL INFO Channel 04/0 : 4[d1000] -> 5[d6000] via P2P/IPC comm 0x55617ae1a000 nRanks 16
nid005015:85344:85457 [4] NCCL INFO New proxy send connection 66 from local rank 4, transport 0
nid005015:85344:85344 [4] NCCL INFO Connected to proxy localRank 4 -> connection 0x14b174003310
nid005015:85341:85341 [6] NCCL INFO Channel 05/0 : 6[d9000] -> 7[de000] via P2P/IPC comm 0x5653595b56b0 nRanks 16
nid005015:85341:85455 [6] NCCL INFO New proxy send connection 66 from local rank 6, transport 0
nid005015:85341:85341 [6] NCCL INFO Connected to proxy localRank 6 -> connection 0x14b8b0003310
nid005016:26143:26143 [4] NCCL INFO Channel 02/0 : 12[d1000] -> 13[d6000] via P2P/IPC comm 0x560f9106ed10 nRanks 16
nid005016:26143:26272 [4] NCCL INFO New proxy send connection 65 from local rank 4, transport 0
nid005016:26140:26258 [1] NCCL INFO New proxy recv connection 64 from local rank 1, transport 0
nid005016:26140:26140 [1] NCCL INFO Connected to proxy localRank 1 -> connection 0x14a994003220
nid005016:26143:26143 [4] NCCL INFO Connected to proxy localRank 4 -> connection 0x14d250003298
nid005016:26141:26261 [3] NCCL INFO New proxy recv connection 64 from local rank 3, transport 0
nid005016:26141:26141 [3] NCCL INFO Connected to proxy localRank 3 -> connection 0x14fb60003220
nid005015:85340:85454 [3] NCCL INFO New proxy recv connection 69 from local rank 3, transport 0
nid005015:85340:85340 [3] NCCL INFO Connected to proxy localRank 3 -> connection 0x145d80003478
nid005015:85339:85460 [1] NCCL INFO New proxy recv connection 68 from local rank 1, transport 0
nid005015:85339:85339 [1] NCCL INFO Connected to proxy localRank 1 -> connection 0x1508ec003400
nid005016:26142:26142 [6] NCCL INFO Channel 03/0 : 14[d9000] -> 15[de000] via P2P/IPC comm 0x55943fc700c0 nRanks 16
nid005016:26142:26260 [6] NCCL INFO New proxy send connection 65 from local rank 6, transport 0
nid005016:26142:26142 [6] NCCL INFO Connected to proxy localRank 6 -> connection 0x151d80003298
nid005015:85341:85341 [6] NCCL INFO Channel 06/0 : 6[d9000] -> 7[de000] via P2P/IPC comm 0x5653595b56b0 nRanks 16
nid005015:85341:85455 [6] NCCL INFO New proxy send connection 67 from local rank 6, transport 0
nid005015:85341:85341 [6] NCCL INFO Connected to proxy localRank 6 -> connection 0x14b8b0003388
nid005015:85344:85344 [4] NCCL INFO Channel 07/0 : 4[d1000] -> 5[d6000] via P2P/IPC comm 0x55617ae1a000 nRanks 16
nid005015:85344:85457 [4] NCCL INFO New proxy send connection 67 from local rank 4, transport 0
nid005015:85344:85344 [4] NCCL INFO Connected to proxy localRank 4 -> connection 0x14b174003388
nid005016:26140:26258 [1] NCCL INFO New proxy recv connection 65 from local rank 1, transport 0
nid005016:26140:26140 [1] NCCL INFO Connected to proxy localRank 1 -> connection 0x14a994003298
nid005015:85340:85454 [3] NCCL INFO New proxy recv connection 70 from local rank 3, transport 0
nid005015:85340:85340 [3] NCCL INFO Connected to proxy localRank 3 -> connection 0x145d800034f0
nid005016:26143:26143 [4] NCCL INFO Channel 05/0 : 12[d1000] -> 13[d6000] via P2P/IPC comm 0x560f9106ed10 nRanks 16
nid005016:26143:26272 [4] NCCL INFO New proxy send connection 66 from local rank 4, transport 0
nid005016:26143:26143 [4] NCCL INFO Connected to proxy localRank 4 -> connection 0x14d250003310
nid005015:85339:85460 [1] NCCL INFO New proxy recv connection 69 from local rank 1, transport 0
nid005015:85339:85339 [1] NCCL INFO Connected to proxy localRank 1 -> connection 0x1508ec003478
nid005016:26141:26261 [3] NCCL INFO New proxy recv connection 65 from local rank 3, transport 0
nid005016:26141:26141 [3] NCCL INFO Connected to proxy localRank 3 -> connection 0x14fb60003298
nid005016:26142:26142 [6] NCCL INFO Channel 04/0 : 14[d9000] -> 15[de000] via P2P/IPC comm 0x55943fc700c0 nRanks 16
nid005016:26142:26260 [6] NCCL INFO New proxy send connection 66 from local rank 6, transport 0
nid005016:26142:26142 [6] NCCL INFO Connected to proxy localRank 6 -> connection 0x151d80003310
nid005015:85341:85341 [6] NCCL INFO Channel 09/0 : 6[d9000] -> 7[de000] via P2P/IPC comm 0x5653595b56b0 nRanks 16
nid005015:85341:85455 [6] NCCL INFO New proxy send connection 68 from local rank 6, transport 0
nid005015:85341:85341 [6] NCCL INFO Connected to proxy localRank 6 -> connection 0x14b8b0003400
nid005015:85344:85344 [4] NCCL INFO Channel 08/0 : 4[d1000] -> 5[d6000] via P2P/IPC comm 0x55617ae1a000 nRanks 16
nid005015:85344:85457 [4] NCCL INFO New proxy send connection 68 from local rank 4, transport 0
nid005015:85344:85344 [4] NCCL INFO Connected to proxy localRank 4 -> connection 0x14b174003400
nid005015:85340:85454 [3] NCCL INFO New proxy recv connection 71 from local rank 3, transport 0
nid005015:85340:85340 [3] NCCL INFO Connected to proxy localRank 3 -> connection 0x145d80003568
nid005015:85339:85460 [1] NCCL INFO New proxy recv connection 70 from local rank 1, transport 0
nid005015:85339:85339 [1] NCCL INFO Connected to proxy localRank 1 -> connection 0x1508ec0034f0
nid005016:26140:26258 [1] NCCL INFO New proxy recv connection 66 from local rank 1, transport 0
nid005016:26140:26140 [1] NCCL INFO Connected to proxy localRank 1 -> connection 0x14a994003310
nid005016:26143:26143 [4] NCCL INFO Channel 06/0 : 12[d1000] -> 13[d6000] via P2P/IPC comm 0x560f9106ed10 nRanks 16
nid005016:26143:26272 [4] NCCL INFO New proxy send connection 67 from local rank 4, transport 0
nid005016:26143:26143 [4] NCCL INFO Connected to proxy localRank 4 -> connection 0x14d250003388
nid005016:26142:26142 [6] NCCL INFO Channel 07/0 : 14[d9000] -> 15[de000] via P2P/IPC comm 0x55943fc700c0 nRanks 16
nid005016:26142:26260 [6] NCCL INFO New proxy send connection 67 from local rank 6, transport 0
nid005016:26142:26142 [6] NCCL INFO Connected to proxy localRank 6 -> connection 0x151d80003388
nid005016:26141:26261 [3] NCCL INFO New proxy recv connection 66 from local rank 3, transport 0
nid005016:26141:26141 [3] NCCL INFO Connected to proxy localRank 3 -> connection 0x14fb60003310
nid005015:85341:85341 [6] NCCL INFO Channel 10/0 : 6[d9000] -> 7[de000] via P2P/IPC comm 0x5653595b56b0 nRanks 16
nid005015:85341:85455 [6] NCCL INFO New proxy send connection 69 from local rank 6, transport 0
nid005015:85341:85341 [6] NCCL INFO Connected to proxy localRank 6 -> connection 0x14b8b0003478
nid005015:85344:85344 [4] NCCL INFO Channel 11/0 : 4[d1000] -> 5[d6000] via P2P/IPC comm 0x55617ae1a000 nRanks 16
nid005015:85344:85457 [4] NCCL INFO New proxy send connection 69 from local rank 4, transport 0
nid005015:85344:85344 [4] NCCL INFO Connected to proxy localRank 4 -> connection 0x14b174003478
nid005015:85339:85460 [1] NCCL INFO New proxy recv connection 71 from local rank 1, transport 0
nid005015:85339:85339 [1] NCCL INFO Connected to proxy localRank 1 -> connection 0x1508ec003568
nid005015:85341:85341 [6] NCCL INFO Channel 13/0 : 6[d9000] -> 7[de000] via P2P/IPC comm 0x5653595b56b0 nRanks 16
nid005015:85341:85455 [6] NCCL INFO New proxy send connection 70 from local rank 6, transport 0
nid005015:85341:85341 [6] NCCL INFO Connected to proxy localRank 6 -> connection 0x14b8b00034f0
nid005016:26140:26258 [1] NCCL INFO New proxy recv connection 67 from local rank 1, transport 0
nid005016:26140:26140 [1] NCCL INFO Connected to proxy localRank 1 -> connection 0x14a994003388
nid005016:26143:26143 [4] NCCL INFO Channel 09/0 : 12[d1000] -> 13[d6000] via P2P/IPC comm 0x560f9106ed10 nRanks 16
nid005016:26143:26272 [4] NCCL INFO New proxy send connection 68 from local rank 4, transport 0
nid005016:26143:26143 [4] NCCL INFO Connected to proxy localRank 4 -> connection 0x14d250003400
nid005016:26142:26142 [6] NCCL INFO Channel 08/0 : 14[d9000] -> 15[de000] via P2P/IPC comm 0x55943fc700c0 nRanks 16
nid005016:26142:26260 [6] NCCL INFO New proxy send connection 68 from local rank 6, transport 0
nid005016:26142:26142 [6] NCCL INFO Connected to proxy localRank 6 -> connection 0x151d80003400
nid005016:26141:26261 [3] NCCL INFO New proxy recv connection 67 from local rank 3, transport 0
nid005016:26141:26141 [3] NCCL INFO Connected to proxy localRank 3 -> connection 0x14fb60003388
nid005015:85344:85344 [4] NCCL INFO Channel 12/0 : 4[d1000] -> 5[d6000] via P2P/IPC comm 0x55617ae1a000 nRanks 16
nid005015:85344:85457 [4] NCCL INFO New proxy send connection 70 from local rank 4, transport 0
nid005015:85344:85344 [4] NCCL INFO Connected to proxy localRank 4 -> connection 0x14b1740034f0
nid005015:85341:85341 [6] NCCL INFO Channel 14/0 : 6[d9000] -> 7[de000] via P2P/IPC comm 0x5653595b56b0 nRanks 16
nid005015:85341:85455 [6] NCCL INFO New proxy send connection 71 from local rank 6, transport 0
nid005015:85341:85341 [6] NCCL INFO Connected to proxy localRank 6 -> connection 0x14b8b0003568
nid005016:26143:26143 [4] NCCL INFO Channel 10/0 : 12[d1000] -> 13[d6000] via P2P/IPC comm 0x560f9106ed10 nRanks 16
nid005016:26143:26272 [4] NCCL INFO New proxy send connection 69 from local rank 4, transport 0
nid005016:26143:26143 [4] NCCL INFO Connected to proxy localRank 4 -> connection 0x14d250003478
nid005016:26140:26258 [1] NCCL INFO New proxy recv connection 68 from local rank 1, transport 0
nid005016:26140:26140 [1] NCCL INFO Connected to proxy localRank 1 -> connection 0x14a994003400
nid005016:26142:26142 [6] NCCL INFO Channel 11/0 : 14[d9000] -> 15[de000] via P2P/IPC comm 0x55943fc700c0 nRanks 16
nid005016:26142:26260 [6] NCCL INFO New proxy send connection 69 from local rank 6, transport 0
nid005016:26142:26142 [6] NCCL INFO Connected to proxy localRank 6 -> connection 0x151d80003478
nid005016:26141:26261 [3] NCCL INFO New proxy recv connection 68 from local rank 3, transport 0
nid005016:26141:26141 [3] NCCL INFO Connected to proxy localRank 3 -> connection 0x14fb60003400
nid005015:85344:85344 [4] NCCL INFO Channel 15/0 : 4[d1000] -> 5[d6000] via P2P/IPC comm 0x55617ae1a000 nRanks 16
nid005015:85344:85457 [4] NCCL INFO New proxy send connection 71 from local rank 4, transport 0
nid005015:85344:85344 [4] NCCL INFO Connected to proxy localRank 4 -> connection 0x14b174003568
nid005016:26143:26143 [4] NCCL INFO Channel 13/0 : 12[d1000] -> 13[d6000] via P2P/IPC comm 0x560f9106ed10 nRanks 16
nid005016:26143:26272 [4] NCCL INFO New proxy send connection 70 from local rank 4, transport 0
nid005016:26143:26143 [4] NCCL INFO Connected to proxy localRank 4 -> connection 0x14d2500034f0
nid005016:26140:26258 [1] NCCL INFO New proxy recv connection 69 from local rank 1, transport 0
nid005016:26140:26140 [1] NCCL INFO Connected to proxy localRank 1 -> connection 0x14a994003478
nid005016:26142:26142 [6] NCCL INFO Channel 12/0 : 14[d9000] -> 15[de000] via P2P/IPC comm 0x55943fc700c0 nRanks 16
nid005016:26142:26260 [6] NCCL INFO New proxy send connection 70 from local rank 6, transport 0
nid005016:26142:26142 [6] NCCL INFO Connected to proxy localRank 6 -> connection 0x151d800034f0
nid005016:26141:26261 [3] NCCL INFO New proxy recv connection 69 from local rank 3, transport 0
nid005016:26141:26141 [3] NCCL INFO Connected to proxy localRank 3 -> connection 0x14fb60003478
nid005016:26145:26259 [5] NCCL INFO New proxy recv connection 64 from local rank 5, transport 0
nid005016:26145:26145 [5] NCCL INFO Connected to proxy localRank 5 -> connection 0x14c8dc003220
nid005016:26143:26143 [4] NCCL INFO Channel 14/0 : 12[d1000] -> 13[d6000] via P2P/IPC comm 0x560f9106ed10 nRanks 16
nid005016:26143:26272 [4] NCCL INFO New proxy send connection 71 from local rank 4, transport 0
nid005016:26143:26143 [4] NCCL INFO Connected to proxy localRank 4 -> connection 0x14d250003568
nid005016:26142:26142 [6] NCCL INFO Channel 15/0 : 14[d9000] -> 15[de000] via P2P/IPC comm 0x55943fc700c0 nRanks 16
nid005016:26142:26260 [6] NCCL INFO New proxy send connection 71 from local rank 6, transport 0
nid005016:26142:26142 [6] NCCL INFO Connected to proxy localRank 6 -> connection 0x151d80003568
nid005016:26141:26261 [3] NCCL INFO New proxy recv connection 70 from local rank 3, transport 0
nid005016:26141:26141 [3] NCCL INFO Connected to proxy localRank 3 -> connection 0x14fb600034f0
nid005016:26140:26258 [1] NCCL INFO New proxy recv connection 70 from local rank 1, transport 0
nid005016:26140:26140 [1] NCCL INFO Connected to proxy localRank 1 -> connection 0x14a9940034f0
nid005015:85343:85458 [5] NCCL INFO New proxy recv connection 64 from local rank 5, transport 0
nid005015:85343:85343 [5] NCCL INFO Connected to proxy localRank 5 -> connection 0x14beec003220
nid005016:26145:26259 [5] NCCL INFO New proxy recv connection 65 from local rank 5, transport 0
nid005016:26145:26145 [5] NCCL INFO Connected to proxy localRank 5 -> connection 0x14c8dc003298
nid005016:26145:26259 [5] NCCL INFO New proxy recv connection 66 from local rank 5, transport 0
nid005016:26145:26145 [5] NCCL INFO Connected to proxy localRank 5 -> connection 0x14c8dc003310
nid005016:26141:26261 [3] NCCL INFO New proxy recv connection 71 from local rank 3, transport 0
nid005016:26141:26141 [3] NCCL INFO Connected to proxy localRank 3 -> connection 0x14fb60003568
nid005015:85342:85453 [7] NCCL INFO New proxy recv connection 64 from local rank 7, transport 0
nid005015:85342:85342 [7] NCCL INFO Connected to proxy localRank 7 -> connection 0x14e188003220
nid005016:26140:26258 [1] NCCL INFO New proxy recv connection 71 from local rank 1, transport 0
nid005015:85343:85458 [5] NCCL INFO New proxy recv connection 65 from local rank 5, transport 0
nid005015:85343:85343 [5] NCCL INFO Connected to proxy localRank 5 -> connection 0x14beec003298
nid005016:26140:26140 [1] NCCL INFO Connected to proxy localRank 1 -> connection 0x14a994003568
nid005016:26146:26263 [7] NCCL INFO New proxy recv connection 64 from local rank 7, transport 0
nid005016:26146:26146 [7] NCCL INFO Connected to proxy localRank 7 -> connection 0x147d44003220
nid005016:26145:26259 [5] NCCL INFO New proxy recv connection 67 from local rank 5, transport 0
nid005016:26145:26145 [5] NCCL INFO Connected to proxy localRank 5 -> connection 0x14c8dc003388
nid005015:85342:85453 [7] NCCL INFO New proxy recv connection 65 from local rank 7, transport 0
nid005015:85342:85342 [7] NCCL INFO Connected to proxy localRank 7 -> connection 0x14e188003298
nid005015:85343:85458 [5] NCCL INFO New proxy recv connection 66 from local rank 5, transport 0
nid005015:85343:85343 [5] NCCL INFO Connected to proxy localRank 5 -> connection 0x14beec003310
nid005016:26146:26263 [7] NCCL INFO New proxy recv connection 65 from local rank 7, transport 0
nid005016:26146:26146 [7] NCCL INFO Connected to proxy localRank 7 -> connection 0x147d44003298
nid005016:26139:26139 [0] NCCL INFO Channel 00/0 : 8[c1000] -> 9[c6000] via P2P/IPC comm 0x55827e574290 nRanks 16
nid005016:26139:26262 [0] NCCL INFO New proxy send connection 64 from local rank 0, transport 0
nid005016:26139:26139 [0] NCCL INFO Connected to proxy localRank 0 -> connection 0x150a18003220
nid005016:26145:26259 [5] NCCL INFO New proxy recv connection 68 from local rank 5, transport 0
nid005016:26145:26145 [5] NCCL INFO Connected to proxy localRank 5 -> connection 0x14c8dc003400
nid005016:26144:26144 [2] NCCL INFO Channel 01/0 : 10[c9000] -> 11[ce000] via P2P/IPC comm 0x557903c7f1c0 nRanks 16
nid005016:26144:26264 [2] NCCL INFO New proxy send connection 64 from local rank 2, transport 0
nid005016:26144:26144 [2] NCCL INFO Connected to proxy localRank 2 -> connection 0x147334003220
nid005015:85342:85453 [7] NCCL INFO New proxy recv connection 66 from local rank 7, transport 0
nid005015:85342:85342 [7] NCCL INFO Connected to proxy localRank 7 -> connection 0x14e188003310
nid005015:85338:85338 [2] NCCL INFO Channel 00/0 : 2[c9000] -> 3[ce000] via P2P/IPC comm 0x56376cb3d260 nRanks 16
nid005015:85338:85456 [2] NCCL INFO New proxy send connection 64 from local rank 2, transport 0
nid005015:85338:85338 [2] NCCL INFO Connected to proxy localRank 2 -> connection 0x148b4c003220
nid005015:85337:85337 [0] NCCL INFO Channel 01/0 : 0[c1000] -> 1[c6000] via P2P/IPC comm 0x557a2b5ee3a0 nRanks 16
nid005015:85337:85459 [0] NCCL INFO New proxy send connection 64 from local rank 0, transport 0
nid005015:85337:85337 [0] NCCL INFO Connected to proxy localRank 0 -> connection 0x146024003220
nid005015:85343:85458 [5] NCCL INFO New proxy recv connection 67 from local rank 5, transport 0
nid005015:85343:85343 [5] NCCL INFO Connected to proxy localRank 5 -> connection 0x14beec003388
nid005016:26145:26259 [5] NCCL INFO New proxy recv connection 69 from local rank 5, transport 0
nid005016:26145:26145 [5] NCCL INFO Connected to proxy localRank 5 -> connection 0x14c8dc003478
nid005015:85342:85453 [7] NCCL INFO New proxy recv connection 67 from local rank 7, transport 0
nid005015:85342:85342 [7] NCCL INFO Connected to proxy localRank 7 -> connection 0x14e188003388
nid005016:26146:26263 [7] NCCL INFO New proxy recv connection 66 from local rank 7, transport 0
nid005016:26146:26146 [7] NCCL INFO Connected to proxy localRank 7 -> connection 0x147d44003310
nid005016:26139:26139 [0] NCCL INFO Channel 02/0 : 8[c1000] -> 9[c6000] via P2P/IPC comm 0x55827e574290 nRanks 16
nid005016:26139:26262 [0] NCCL INFO New proxy send connection 65 from local rank 0, transport 0
nid005016:26139:26139 [0] NCCL INFO Connected to proxy localRank 0 -> connection 0x150a18003298
nid005016:26144:26144 [2] NCCL INFO Channel 03/0 : 10[c9000] -> 11[ce000] via P2P/IPC comm 0x557903c7f1c0 nRanks 16
nid005016:26144:26264 [2] NCCL INFO New proxy send connection 65 from local rank 2, transport 0
nid005016:26144:26144 [2] NCCL INFO Connected to proxy localRank 2 -> connection 0x147334003298
nid005015:85338:85338 [2] NCCL INFO Channel 02/0 : 2[c9000] -> 3[ce000] via P2P/IPC comm 0x56376cb3d260 nRanks 16
nid005015:85338:85456 [2] NCCL INFO New proxy send connection 65 from local rank 2, transport 0
nid005015:85338:85338 [2] NCCL INFO Connected to proxy localRank 2 -> connection 0x148b4c003298
nid005015:85337:85337 [0] NCCL INFO Channel 03/0 : 0[c1000] -> 1[c6000] via P2P/IPC comm 0x557a2b5ee3a0 nRanks 16
nid005015:85337:85459 [0] NCCL INFO New proxy send connection 65 from local rank 0, transport 0
nid005015:85337:85337 [0] NCCL INFO Connected to proxy localRank 0 -> connection 0x146024003298
nid005015:85343:85458 [5] NCCL INFO New proxy recv connection 68 from local rank 5, transport 0
nid005015:85343:85343 [5] NCCL INFO Connected to proxy localRank 5 -> connection 0x14beec003400
nid005016:26145:26259 [5] NCCL INFO New proxy recv connection 70 from local rank 5, transport 0
nid005016:26145:26145 [5] NCCL INFO Connected to proxy localRank 5 -> connection 0x14c8dc0034f0
nid005015:85342:85453 [7] NCCL INFO New proxy recv connection 68 from local rank 7, transport 0
nid005015:85342:85342 [7] NCCL INFO Connected to proxy localRank 7 -> connection 0x14e188003400
nid005016:26146:26263 [7] NCCL INFO New proxy recv connection 67 from local rank 7, transport 0
nid005016:26146:26146 [7] NCCL INFO Connected to proxy localRank 7 -> connection 0x147d44003388
nid005016:26139:26139 [0] NCCL INFO Channel 04/0 : 8[c1000] -> 9[c6000] via P2P/IPC comm 0x55827e574290 nRanks 16
nid005016:26139:26262 [0] NCCL INFO New proxy send connection 66 from local rank 0, transport 0
nid005016:26139:26139 [0] NCCL INFO Connected to proxy localRank 0 -> connection 0x150a18003310
nid005016:26144:26144 [2] NCCL INFO Channel 05/0 : 10[c9000] -> 11[ce000] via P2P/IPC comm 0x557903c7f1c0 nRanks 16
nid005016:26144:26264 [2] NCCL INFO New proxy send connection 66 from local rank 2, transport 0
nid005016:26144:26144 [2] NCCL INFO Connected to proxy localRank 2 -> connection 0x147334003310
nid005015:85338:85338 [2] NCCL INFO Channel 04/0 : 2[c9000] -> 3[ce000] via P2P/IPC comm 0x56376cb3d260 nRanks 16
nid005015:85338:85456 [2] NCCL INFO New proxy send connection 66 from local rank 2, transport 0
nid005015:85338:85338 [2] NCCL INFO Connected to proxy localRank 2 -> connection 0x148b4c003310
nid005016:26145:26259 [5] NCCL INFO New proxy recv connection 71 from local rank 5, transport 0
nid005016:26145:26145 [5] NCCL INFO Connected to proxy localRank 5 -> connection 0x14c8dc003568
nid005015:85342:85453 [7] NCCL INFO New proxy recv connection 69 from local rank 7, transport 0
nid005015:85342:85342 [7] NCCL INFO Connected to proxy localRank 7 -> connection 0x14e188003478
nid005015:85337:85337 [0] NCCL INFO Channel 05/0 : 0[c1000] -> 1[c6000] via P2P/IPC comm 0x557a2b5ee3a0 nRanks 16
nid005015:85337:85459 [0] NCCL INFO New proxy send connection 66 from local rank 0, transport 0
nid005015:85337:85337 [0] NCCL INFO Connected to proxy localRank 0 -> connection 0x146024003310
nid005015:85343:85458 [5] NCCL INFO New proxy recv connection 69 from local rank 5, transport 0
nid005015:85343:85343 [5] NCCL INFO Connected to proxy localRank 5 -> connection 0x14beec003478
nid005016:26146:26263 [7] NCCL INFO New proxy recv connection 68 from local rank 7, transport 0
nid005016:26146:26146 [7] NCCL INFO Connected to proxy localRank 7 -> connection 0x147d44003400
nid005015:85342:85453 [7] NCCL INFO New proxy recv connection 70 from local rank 7, transport 0
nid005015:85342:85342 [7] NCCL INFO Connected to proxy localRank 7 -> connection 0x14e1880034f0
nid005016:26139:26139 [0] NCCL INFO Channel 06/0 : 8[c1000] -> 9[c6000] via P2P/IPC comm 0x55827e574290 nRanks 16
nid005016:26139:26262 [0] NCCL INFO New proxy send connection 67 from local rank 0, transport 0
nid005016:26139:26139 [0] NCCL INFO Connected to proxy localRank 0 -> connection 0x150a18003388
nid005016:26145:26259 [5] NCCL INFO New proxy recv connection 72 from local rank 5, transport 0
nid005016:26145:26145 [5] NCCL INFO Connected to proxy localRank 5 -> connection 0x14c8dc0035e0
nid005016:26143:26272 [4] NCCL INFO New proxy recv connection 72 from local rank 4, transport 0
nid005016:26143:26143 [4] NCCL INFO Connected to proxy localRank 4 -> connection 0x14d2500035e0
nid005016:26144:26144 [2] NCCL INFO Channel 07/0 : 10[c9000] -> 11[ce000] via P2P/IPC comm 0x557903c7f1c0 nRanks 16
nid005016:26144:26264 [2] NCCL INFO New proxy send connection 67 from local rank 2, transport 0
nid005015:85338:85338 [2] NCCL INFO Channel 06/0 : 2[c9000] -> 3[ce000] via P2P/IPC comm 0x56376cb3d260 nRanks 16
nid005016:26144:26144 [2] NCCL INFO Connected to proxy localRank 2 -> connection 0x147334003388
nid005015:85338:85456 [2] NCCL INFO New proxy send connection 67 from local rank 2, transport 0
nid005015:85338:85338 [2] NCCL INFO Connected to proxy localRank 2 -> connection 0x148b4c003388
nid005015:85337:85337 [0] NCCL INFO Channel 07/0 : 0[c1000] -> 1[c6000] via P2P/IPC comm 0x557a2b5ee3a0 nRanks 16
nid005015:85337:85459 [0] NCCL INFO New proxy send connection 67 from local rank 0, transport 0
nid005015:85337:85337 [0] NCCL INFO Connected to proxy localRank 0 -> connection 0x146024003388
nid005015:85343:85458 [5] NCCL INFO New proxy recv connection 70 from local rank 5, transport 0
nid005015:85343:85343 [5] NCCL INFO Connected to proxy localRank 5 -> connection 0x14beec0034f0
nid005015:85342:85453 [7] NCCL INFO New proxy recv connection 71 from local rank 7, transport 0
nid005015:85342:85342 [7] NCCL INFO Connected to proxy localRank 7 -> connection 0x14e188003568
nid005016:26146:26263 [7] NCCL INFO New proxy recv connection 69 from local rank 7, transport 0
nid005016:26146:26146 [7] NCCL INFO Connected to proxy localRank 7 -> connection 0x147d44003478
nid005016:26145:26259 [5] NCCL INFO New proxy recv connection 73 from local rank 5, transport 0
nid005016:26145:26145 [5] NCCL INFO Connected to proxy localRank 5 -> connection 0x14c8dc003658
nid005016:26143:26272 [4] NCCL INFO New proxy recv connection 73 from local rank 4, transport 0
nid005016:26143:26143 [4] NCCL INFO Connected to proxy localRank 4 -> connection 0x14d250003658
nid005016:26139:26139 [0] NCCL INFO Channel 08/0 : 8[c1000] -> 9[c6000] via P2P/IPC comm 0x55827e574290 nRanks 16
nid005016:26139:26262 [0] NCCL INFO New proxy send connection 68 from local rank 0, transport 0
nid005016:26139:26139 [0] NCCL INFO Connected to proxy localRank 0 -> connection 0x150a18003400
nid005015:85338:85338 [2] NCCL INFO Channel 08/0 : 2[c9000] -> 3[ce000] via P2P/IPC comm 0x56376cb3d260 nRanks 16
nid005015:85338:85456 [2] NCCL INFO New proxy send connection 68 from local rank 2, transport 0
nid005015:85338:85338 [2] NCCL INFO Connected to proxy localRank 2 -> connection 0x148b4c003400
nid005016:26144:26144 [2] NCCL INFO Channel 09/0 : 10[c9000] -> 11[ce000] via P2P/IPC comm 0x557903c7f1c0 nRanks 16
nid005016:26144:26264 [2] NCCL INFO New proxy send connection 68 from local rank 2, transport 0
nid005016:26144:26144 [2] NCCL INFO Connected to proxy localRank 2 -> connection 0x147334003400
nid005015:85343:85458 [5] NCCL INFO New proxy recv connection 71 from local rank 5, transport 0
nid005015:85343:85343 [5] NCCL INFO Connected to proxy localRank 5 -> connection 0x14beec003568
nid005015:85337:85337 [0] NCCL INFO Channel 09/0 : 0[c1000] -> 1[c6000] via P2P/IPC comm 0x557a2b5ee3a0 nRanks 16
nid005015:85337:85459 [0] NCCL INFO New proxy send connection 68 from local rank 0, transport 0
nid005015:85337:85337 [0] NCCL INFO Connected to proxy localRank 0 -> connection 0x146024003400
nid005015:85341:85455 [6] NCCL INFO New proxy recv connection 72 from local rank 6, transport 0
nid005015:85341:85341 [6] NCCL INFO Connected to proxy localRank 6 -> connection 0x14b8b00035e0
nid005015:85342:85453 [7] NCCL INFO New proxy recv connection 72 from local rank 7, transport 0
nid005015:85342:85342 [7] NCCL INFO Connected to proxy localRank 7 -> connection 0x14e1880035e0
nid005016:26145:26259 [5] NCCL INFO New proxy recv connection 74 from local rank 5, transport 0
nid005016:26145:26145 [5] NCCL INFO Connected to proxy localRank 5 -> connection 0x14c8dc0036d0
nid005016:26146:26263 [7] NCCL INFO New proxy recv connection 70 from local rank 7, transport 0
nid005016:26146:26146 [7] NCCL INFO Connected to proxy localRank 7 -> connection 0x147d440034f0
nid005016:26143:26272 [4] NCCL INFO New proxy recv connection 74 from local rank 4, transport 0
nid005016:26143:26143 [4] NCCL INFO Connected to proxy localRank 4 -> connection 0x14d2500036d0
nid005016:26139:26139 [0] NCCL INFO Channel 10/0 : 8[c1000] -> 9[c6000] via P2P/IPC comm 0x55827e574290 nRanks 16
nid005016:26139:26262 [0] NCCL INFO New proxy send connection 69 from local rank 0, transport 0
nid005016:26139:26139 [0] NCCL INFO Connected to proxy localRank 0 -> connection 0x150a18003478
nid005015:85338:85338 [2] NCCL INFO Channel 10/0 : 2[c9000] -> 3[ce000] via P2P/IPC comm 0x56376cb3d260 nRanks 16
nid005015:85338:85456 [2] NCCL INFO New proxy send connection 69 from local rank 2, transport 0
nid005015:85338:85338 [2] NCCL INFO Connected to proxy localRank 2 -> connection 0x148b4c003478
nid005015:85342:85453 [7] NCCL INFO New proxy recv connection 73 from local rank 7, transport 0
nid005015:85342:85342 [7] NCCL INFO Connected to proxy localRank 7 -> connection 0x14e188003658
nid005015:85344:85457 [4] NCCL INFO New proxy recv connection 72 from local rank 4, transport 0
nid005015:85344:85344 [4] NCCL INFO Connected to proxy localRank 4 -> connection 0x14b1740035e0
nid005015:85343:85458 [5] NCCL INFO New proxy recv connection 72 from local rank 5, transport 0
nid005015:85343:85343 [5] NCCL INFO Connected to proxy localRank 5 -> connection 0x14beec0035e0
nid005015:85337:85337 [0] NCCL INFO Channel 11/0 : 0[c1000] -> 1[c6000] via P2P/IPC comm 0x557a2b5ee3a0 nRanks 16
nid005015:85337:85459 [0] NCCL INFO New proxy send connection 69 from local rank 0, transport 0
nid005015:85337:85337 [0] NCCL INFO Connected to proxy localRank 0 -> connection 0x146024003478
nid005016:26144:26144 [2] NCCL INFO Channel 11/0 : 10[c9000] -> 11[ce000] via P2P/IPC comm 0x557903c7f1c0 nRanks 16
nid005016:26144:26264 [2] NCCL INFO New proxy send connection 69 from local rank 2, transport 0
nid005016:26144:26144 [2] NCCL INFO Connected to proxy localRank 2 -> connection 0x147334003478
nid005015:85341:85455 [6] NCCL INFO New proxy recv connection 73 from local rank 6, transport 0
nid005015:85341:85341 [6] NCCL INFO Connected to proxy localRank 6 -> connection 0x14b8b0003658
nid005016:26145:26259 [5] NCCL INFO New proxy recv connection 75 from local rank 5, transport 0
nid005016:26145:26145 [5] NCCL INFO Connected to proxy localRank 5 -> connection 0x14c8dc003748
nid005016:26146:26263 [7] NCCL INFO New proxy recv connection 71 from local rank 7, transport 0
nid005016:26146:26146 [7] NCCL INFO Connected to proxy localRank 7 -> connection 0x147d44003568
nid005016:26143:26272 [4] NCCL INFO New proxy recv connection 75 from local rank 4, transport 0
nid005016:26143:26143 [4] NCCL INFO Connected to proxy localRank 4 -> connection 0x14d250003748
nid005015:85341:85455 [6] NCCL INFO New proxy recv connection 74 from local rank 6, transport 0
nid005015:85344:85457 [4] NCCL INFO New proxy recv connection 73 from local rank 4, transport 0
nid005015:85341:85341 [6] NCCL INFO Connected to proxy localRank 6 -> connection 0x14b8b00036d0
nid005015:85344:85344 [4] NCCL INFO Connected to proxy localRank 4 -> connection 0x14b174003658
nid005016:26139:26139 [0] NCCL INFO Channel 12/0 : 8[c1000] -> 9[c6000] via P2P/IPC comm 0x55827e574290 nRanks 16
nid005016:26139:26262 [0] NCCL INFO New proxy send connection 70 from local rank 0, transport 0
nid005015:85343:85458 [5] NCCL INFO New proxy recv connection 73 from local rank 5, transport 0
nid005015:85343:85343 [5] NCCL INFO Connected to proxy localRank 5 -> connection 0x14beec003658
nid005016:26139:26139 [0] NCCL INFO Connected to proxy localRank 0 -> connection 0x150a180034f0
nid005015:85342:85453 [7] NCCL INFO New proxy recv connection 74 from local rank 7, transport 0
nid005015:85342:85342 [7] NCCL INFO Connected to proxy localRank 7 -> connection 0x14e1880036d0
nid005015:85338:85338 [2] NCCL INFO Channel 12/0 : 2[c9000] -> 3[ce000] via P2P/IPC comm 0x56376cb3d260 nRanks 16
nid005015:85338:85456 [2] NCCL INFO New proxy send connection 70 from local rank 2, transport 0
nid005015:85338:85338 [2] NCCL INFO Connected to proxy localRank 2 -> connection 0x148b4c0034f0
nid005015:85337:85337 [0] NCCL INFO Channel 13/0 : 0[c1000] -> 1[c6000] via P2P/IPC comm 0x557a2b5ee3a0 nRanks 16
nid005015:85337:85459 [0] NCCL INFO New proxy send connection 70 from local rank 0, transport 0
nid005015:85337:85337 [0] NCCL INFO Connected to proxy localRank 0 -> connection 0x1460240034f0
nid005016:26144:26144 [2] NCCL INFO Channel 13/0 : 10[c9000] -> 11[ce000] via P2P/IPC comm 0x557903c7f1c0 nRanks 16
nid005016:26144:26264 [2] NCCL INFO New proxy send connection 70 from local rank 2, transport 0
nid005016:26144:26144 [2] NCCL INFO Connected to proxy localRank 2 -> connection 0x1473340034f0
nid005016:26146:26263 [7] NCCL INFO New proxy recv connection 72 from local rank 7, transport 0
nid005016:26146:26146 [7] NCCL INFO Connected to proxy localRank 7 -> connection 0x147d440035e0
nid005016:26142:26260 [6] NCCL INFO New proxy recv connection 72 from local rank 6, transport 0
nid005016:26142:26142 [6] NCCL INFO Connected to proxy localRank 6 -> connection 0x151d800035e0
nid005016:26143:26143 [4] NCCL INFO Channel 00/0 : 12[d1000] -> 14[d9000] via P2P/IPC comm 0x560f9106ed10 nRanks 16
nid005016:26143:26272 [4] NCCL INFO New proxy send connection 76 from local rank 4, transport 0
nid005016:26143:26143 [4] NCCL INFO Connected to proxy localRank 4 -> connection 0x14d2500037c0
nid005015:85341:85455 [6] NCCL INFO New proxy recv connection 75 from local rank 6, transport 0
nid005015:85341:85341 [6] NCCL INFO Connected to proxy localRank 6 -> connection 0x14b8b0003748
nid005015:85344:85457 [4] NCCL INFO New proxy recv connection 74 from local rank 4, transport 0
nid005015:85344:85344 [4] NCCL INFO Connected to proxy localRank 4 -> connection 0x14b1740036d0
nid005015:85343:85458 [5] NCCL INFO New proxy recv connection 74 from local rank 5, transport 0
nid005015:85343:85343 [5] NCCL INFO Connected to proxy localRank 5 -> connection 0x14beec0036d0
nid005015:85342:85453 [7] NCCL INFO New proxy recv connection 75 from local rank 7, transport 0
nid005015:85342:85342 [7] NCCL INFO Connected to proxy localRank 7 -> connection 0x14e188003748
nid005016:26139:26139 [0] NCCL INFO Channel 14/0 : 8[c1000] -> 9[c6000] via P2P/IPC comm 0x55827e574290 nRanks 16
nid005016:26139:26262 [0] NCCL INFO New proxy send connection 71 from local rank 0, transport 0
nid005016:26139:26139 [0] NCCL INFO Connected to proxy localRank 0 -> connection 0x150a18003568
nid005015:85338:85338 [2] NCCL INFO Channel 14/0 : 2[c9000] -> 3[ce000] via P2P/IPC comm 0x56376cb3d260 nRanks 16
nid005015:85338:85456 [2] NCCL INFO New proxy send connection 71 from local rank 2, transport 0
nid005015:85338:85338 [2] NCCL INFO Connected to proxy localRank 2 -> connection 0x148b4c003568
nid005015:85337:85337 [0] NCCL INFO Channel 15/0 : 0[c1000] -> 1[c6000] via P2P/IPC comm 0x557a2b5ee3a0 nRanks 16
nid005015:85337:85459 [0] NCCL INFO New proxy send connection 71 from local rank 0, transport 0
nid005015:85337:85337 [0] NCCL INFO Connected to proxy localRank 0 -> connection 0x146024003568
nid005016:26144:26144 [2] NCCL INFO Channel 15/0 : 10[c9000] -> 11[ce000] via P2P/IPC comm 0x557903c7f1c0 nRanks 16
nid005016:26144:26264 [2] NCCL INFO New proxy send connection 71 from local rank 2, transport 0
nid005016:26144:26144 [2] NCCL INFO Connected to proxy localRank 2 -> connection 0x147334003568
nid005016:26143:26143 [4] NCCL INFO Channel 04/0 : 12[d1000] -> 14[d9000] via P2P/IPC comm 0x560f9106ed10 nRanks 16
nid005016:26143:26272 [4] NCCL INFO New proxy send connection 77 from local rank 4, transport 0
nid005016:26143:26143 [4] NCCL INFO Connected to proxy localRank 4 -> connection 0x14d250003838
nid005016:26146:26263 [7] NCCL INFO New proxy recv connection 73 from local rank 7, transport 0
nid005016:26146:26146 [7] NCCL INFO Connected to proxy localRank 7 -> connection 0x147d44003658
nid005016:26142:26260 [6] NCCL INFO New proxy recv connection 73 from local rank 6, transport 0
nid005016:26142:26142 [6] NCCL INFO Connected to proxy localRank 6 -> connection 0x151d80003658
nid005015:85343:85458 [5] NCCL INFO New proxy recv connection 75 from local rank 5, transport 0
nid005015:85343:85343 [5] NCCL INFO Connected to proxy localRank 5 -> connection 0x14beec003748
nid005015:85344:85457 [4] NCCL INFO New proxy recv connection 75 from local rank 4, transport 0
nid005015:85344:85344 [4] NCCL INFO Connected to proxy localRank 4 -> connection 0x14b174003748
nid005016:26139:26139 [0] NCCL INFO Channel 03/0 : 8[c1000] -> 14[d9000] via P2P/IPC comm 0x55827e574290 nRanks 16
nid005016:26140:26140 [1] NCCL INFO Channel 02/0 : 9[c6000] -> 11[ce000] via P2P/IPC comm 0x560201cd0140 nRanks 16
nid005016:26140:26258 [1] NCCL INFO New proxy send connection 72 from local rank 1, transport 0
nid005016:26139:26262 [0] NCCL INFO New proxy send connection 72 from local rank 0, transport 0
nid005016:26140:26140 [1] NCCL INFO Connected to proxy localRank 1 -> connection 0x14a9940035e0
nid005016:26139:26139 [0] NCCL INFO Connected to proxy localRank 0 -> connection 0x150a180035e0
nid005015:85338:85338 [2] NCCL INFO Channel 03/0 : 2[c9000] -> 4[d1000] via P2P/IPC comm 0x56376cb3d260 nRanks 16
nid005015:85338:85456 [2] NCCL INFO New proxy send connection 72 from local rank 2, transport 0
nid005015:85340:85454 [3] NCCL INFO New proxy recv connection 72 from local rank 3, transport 0
nid005015:85340:85340 [3] NCCL INFO Connected to proxy localRank 3 -> connection 0x145d800035e0
nid005015:85338:85338 [2] NCCL INFO Connected to proxy localRank 2 -> connection 0x148b4c0035e0
nid005015:85339:85339 [1] NCCL INFO Channel 03/0 : 1[c6000] -> 3[ce000] via P2P/IPC comm 0x55f768ab8660 nRanks 16
nid005015:85337:85337 [0] NCCL INFO Channel 02/0 : 0[c1000] -> 6[d9000] via P2P/IPC comm 0x557a2b5ee3a0 nRanks 16
nid005015:85339:85460 [1] NCCL INFO New proxy send connection 72 from local rank 1, transport 0
nid005015:85337:85459 [0] NCCL INFO New proxy send connection 72 from local rank 0, transport 0
nid005015:85337:85337 [0] NCCL INFO Connected to proxy localRank 0 -> connection 0x1460240035e0
nid005015:85339:85339 [1] NCCL INFO Connected to proxy localRank 1 -> connection 0x1508ec0035e0
nid005016:26144:26144 [2] NCCL INFO Channel 02/0 : 10[c9000] -> 12[d1000] via P2P/IPC comm 0x557903c7f1c0 nRanks 16
nid005016:26144:26264 [2] NCCL INFO New proxy send connection 72 from local rank 2, transport 0
nid005016:26141:26261 [3] NCCL INFO New proxy recv connection 72 from local rank 3, transport 0
nid005016:26141:26141 [3] NCCL INFO Connected to proxy localRank 3 -> connection 0x14fb600035e0
nid005016:26144:26144 [2] NCCL INFO Connected to proxy localRank 2 -> connection 0x1473340035e0
nid005016:26143:26143 [4] NCCL INFO Channel 08/0 : 12[d1000] -> 14[d9000] via P2P/IPC comm 0x560f9106ed10 nRanks 16
nid005016:26143:26272 [4] NCCL INFO New proxy send connection 78 from local rank 4, transport 0
nid005016:26143:26143 [4] NCCL INFO Connected to proxy localRank 4 -> connection 0x14d2500038b0
nid005015:85344:85344 [4] NCCL INFO Channel 01/0 : 4[d1000] -> 6[d9000] via P2P/IPC comm 0x55617ae1a000 nRanks 16
nid005015:85344:85457 [4] NCCL INFO New proxy send connection 76 from local rank 4, transport 0
nid005015:85344:85344 [4] NCCL INFO Connected to proxy localRank 4 -> connection 0x14b1740037c0
nid005016:26146:26263 [7] NCCL INFO New proxy recv connection 74 from local rank 7, transport 0
nid005016:26146:26146 [7] NCCL INFO Connected to proxy localRank 7 -> connection 0x147d440036d0
nid005016:26142:26260 [6] NCCL INFO New proxy recv connection 74 from local rank 6, transport 0
nid005016:26142:26142 [6] NCCL INFO Connected to proxy localRank 6 -> connection 0x151d800036d0
nid005015:85340:85454 [3] NCCL INFO New proxy recv connection 73 from local rank 3, transport 0
nid005015:85340:85340 [3] NCCL INFO Connected to proxy localRank 3 -> connection 0x145d80003658
nid005015:85339:85339 [1] NCCL INFO Channel 07/0 : 1[c6000] -> 3[ce000] via P2P/IPC comm 0x55f768ab8660 nRanks 16
nid005015:85339:85460 [1] NCCL INFO New proxy send connection 73 from local rank 1, transport 0
nid005015:85339:85339 [1] NCCL INFO Connected to proxy localRank 1 -> connection 0x1508ec003658
nid005015:85337:85337 [0] NCCL INFO Channel 06/0 : 0[c1000] -> 6[d9000] via P2P/IPC comm 0x557a2b5ee3a0 nRanks 16
nid005016:26139:26139 [0] NCCL INFO Channel 07/0 : 8[c1000] -> 14[d9000] via P2P/IPC comm 0x55827e574290 nRanks 16
nid005015:85337:85459 [0] NCCL INFO New proxy send connection 73 from local rank 0, transport 0
nid005015:85337:85337 [0] NCCL INFO Connected to proxy localRank 0 -> connection 0x146024003658
nid005016:26139:26262 [0] NCCL INFO New proxy send connection 73 from local rank 0, transport 0
nid005016:26139:26139 [0] NCCL INFO Connected to proxy localRank 0 -> connection 0x150a18003658
nid005016:26140:26140 [1] NCCL INFO Channel 06/0 : 9[c6000] -> 11[ce000] via P2P/IPC comm 0x560201cd0140 nRanks 16
nid005015:85338:85338 [2] NCCL INFO Channel 07/0 : 2[c9000] -> 4[d1000] via P2P/IPC comm 0x56376cb3d260 nRanks 16
nid005016:26140:26258 [1] NCCL INFO New proxy send connection 73 from local rank 1, transport 0
nid005015:85338:85456 [2] NCCL INFO New proxy send connection 73 from local rank 2, transport 0
nid005015:85338:85338 [2] NCCL INFO Connected to proxy localRank 2 -> connection 0x148b4c003658
nid005016:26140:26140 [1] NCCL INFO Connected to proxy localRank 1 -> connection 0x14a994003658
nid005015:85344:85344 [4] NCCL INFO Channel 05/0 : 4[d1000] -> 6[d9000] via P2P/IPC comm 0x55617ae1a000 nRanks 16
nid005015:85344:85457 [4] NCCL INFO New proxy send connection 77 from local rank 4, transport 0
nid005015:85344:85344 [4] NCCL INFO Connected to proxy localRank 4 -> connection 0x14b174003838
nid005016:26141:26261 [3] NCCL INFO New proxy recv connection 73 from local rank 3, transport 0
nid005016:26141:26141 [3] NCCL INFO Connected to proxy localRank 3 -> connection 0x14fb60003658
nid005016:26143:26143 [4] NCCL INFO Channel 12/0 : 12[d1000] -> 14[d9000] via P2P/IPC comm 0x560f9106ed10 nRanks 16
nid005016:26143:26272 [4] NCCL INFO New proxy send connection 79 from local rank 4, transport 0
nid005016:26144:26144 [2] NCCL INFO Channel 06/0 : 10[c9000] -> 12[d1000] via P2P/IPC comm 0x557903c7f1c0 nRanks 16
nid005016:26143:26143 [4] NCCL INFO Connected to proxy localRank 4 -> connection 0x14d250003928
nid005016:26144:26264 [2] NCCL INFO New proxy send connection 73 from local rank 2, transport 0
nid005016:26144:26144 [2] NCCL INFO Connected to proxy localRank 2 -> connection 0x147334003658
nid005016:26142:26260 [6] NCCL INFO New proxy recv connection 75 from local rank 6, transport 0
nid005016:26142:26142 [6] NCCL INFO Connected to proxy localRank 6 -> connection 0x151d80003748
nid005016:26146:26263 [7] NCCL INFO New proxy recv connection 75 from local rank 7, transport 0
nid005016:26146:26146 [7] NCCL INFO Connected to proxy localRank 7 -> connection 0x147d44003748
nid005015:85340:85454 [3] NCCL INFO New proxy recv connection 74 from local rank 3, transport 0
nid005015:85340:85340 [3] NCCL INFO Connected to proxy localRank 3 -> connection 0x145d800036d0
nid005015:85339:85339 [1] NCCL INFO Channel 11/0 : 1[c6000] -> 3[ce000] via P2P/IPC comm 0x55f768ab8660 nRanks 16
nid005015:85339:85460 [1] NCCL INFO New proxy send connection 74 from local rank 1, transport 0
nid005015:85339:85339 [1] NCCL INFO Connected to proxy localRank 1 -> connection 0x1508ec0036d0
nid005015:85337:85337 [0] NCCL INFO Channel 10/0 : 0[c1000] -> 6[d9000] via P2P/IPC comm 0x557a2b5ee3a0 nRanks 16
nid005015:85337:85459 [0] NCCL INFO New proxy send connection 74 from local rank 0, transport 0
nid005015:85337:85337 [0] NCCL INFO Connected to proxy localRank 0 -> connection 0x1460240036d0
nid005015:85344:85344 [4] NCCL INFO Channel 09/0 : 4[d1000] -> 6[d9000] via P2P/IPC comm 0x55617ae1a000 nRanks 16
nid005015:85344:85457 [4] NCCL INFO New proxy send connection 78 from local rank 4, transport 0
nid005015:85344:85344 [4] NCCL INFO Connected to proxy localRank 4 -> connection 0x14b1740038b0
nid005016:26139:26139 [0] NCCL INFO Channel 11/0 : 8[c1000] -> 14[d9000] via P2P/IPC comm 0x55827e574290 nRanks 16
nid005016:26139:26262 [0] NCCL INFO New proxy send connection 74 from local rank 0, transport 0
nid005016:26139:26139 [0] NCCL INFO Connected to proxy localRank 0 -> connection 0x150a180036d0
nid005015:85338:85338 [2] NCCL INFO Channel 11/0 : 2[c9000] -> 4[d1000] via P2P/IPC comm 0x56376cb3d260 nRanks 16
nid005015:85338:85456 [2] NCCL INFO New proxy send connection 74 from local rank 2, transport 0
nid005015:85338:85338 [2] NCCL INFO Connected to proxy localRank 2 -> connection 0x148b4c0036d0
nid005016:26140:26140 [1] NCCL INFO Channel 10/0 : 9[c6000] -> 11[ce000] via P2P/IPC comm 0x560201cd0140 nRanks 16
nid005016:26140:26258 [1] NCCL INFO New proxy send connection 74 from local rank 1, transport 0
nid005016:26140:26140 [1] NCCL INFO Connected to proxy localRank 1 -> connection 0x14a9940036d0
nid005016:26141:26261 [3] NCCL INFO New proxy recv connection 74 from local rank 3, transport 0
nid005016:26141:26141 [3] NCCL INFO Connected to proxy localRank 3 -> connection 0x14fb600036d0
nid005016:26144:26144 [2] NCCL INFO Channel 10/0 : 10[c9000] -> 12[d1000] via P2P/IPC comm 0x557903c7f1c0 nRanks 16
nid005016:26144:26264 [2] NCCL INFO New proxy send connection 74 from local rank 2, transport 0
nid005016:26144:26144 [2] NCCL INFO Connected to proxy localRank 2 -> connection 0x1473340036d0
nid005015:85339:85339 [1] NCCL INFO Channel 15/0 : 1[c6000] -> 3[ce000] via P2P/IPC comm 0x55f768ab8660 nRanks 16
nid005015:85339:85460 [1] NCCL INFO New proxy send connection 75 from local rank 1, transport 0
nid005015:85340:85454 [3] NCCL INFO New proxy recv connection 75 from local rank 3, transport 0
nid005015:85340:85340 [3] NCCL INFO Connected to proxy localRank 3 -> connection 0x145d80003748
nid005015:85339:85339 [1] NCCL INFO Connected to proxy localRank 1 -> connection 0x1508ec003748
nid005016:26142:26260 [6] NCCL INFO New proxy recv connection 76 from local rank 6, transport 0
nid005016:26142:26142 [6] NCCL INFO Connected to proxy localRank 6 -> connection 0x151d800037c0
nid005015:85344:85344 [4] NCCL INFO Channel 13/0 : 4[d1000] -> 6[d9000] via P2P/IPC comm 0x55617ae1a000 nRanks 16
nid005015:85344:85457 [4] NCCL INFO New proxy send connection 79 from local rank 4, transport 0
nid005015:85344:85344 [4] NCCL INFO Connected to proxy localRank 4 -> connection 0x14b174003928
nid005015:85337:85337 [0] NCCL INFO Channel 14/0 : 0[c1000] -> 6[d9000] via P2P/IPC comm 0x557a2b5ee3a0 nRanks 16
nid005015:85337:85459 [0] NCCL INFO New proxy send connection 75 from local rank 0, transport 0
nid005015:85337:85337 [0] NCCL INFO Connected to proxy localRank 0 -> connection 0x146024003748
nid005016:26139:26139 [0] NCCL INFO Channel 15/0 : 8[c1000] -> 14[d9000] via P2P/IPC comm 0x55827e574290 nRanks 16
nid005016:26139:26262 [0] NCCL INFO New proxy send connection 75 from local rank 0, transport 0
nid005016:26139:26139 [0] NCCL INFO Connected to proxy localRank 0 -> connection 0x150a18003748
nid005015:85338:85338 [2] NCCL INFO Channel 15/0 : 2[c9000] -> 4[d1000] via P2P/IPC comm 0x56376cb3d260 nRanks 16
nid005015:85338:85456 [2] NCCL INFO New proxy send connection 75 from local rank 2, transport 0
nid005015:85338:85338 [2] NCCL INFO Connected to proxy localRank 2 -> connection 0x148b4c003748
nid005016:26140:26140 [1] NCCL INFO Channel 14/0 : 9[c6000] -> 11[ce000] via P2P/IPC comm 0x560201cd0140 nRanks 16
nid005016:26140:26258 [1] NCCL INFO New proxy send connection 75 from local rank 1, transport 0
nid005016:26140:26140 [1] NCCL INFO Connected to proxy localRank 1 -> connection 0x14a994003748
nid005015:85339:85339 [1] NCCL INFO Channel 01/0 : 1[c6000] -> 5[d6000] via P2P/IPC comm 0x55f768ab8660 nRanks 16
nid005015:85339:85460 [1] NCCL INFO New proxy send connection 76 from local rank 1, transport 0
nid005015:85340:85340 [3] NCCL INFO Channel 00/0 : 3[ce000] -> 7[de000] via P2P/IPC comm 0x5652821c3ea0 nRanks 16
nid005015:85339:85339 [1] NCCL INFO Connected to proxy localRank 1 -> connection 0x1508ec0037c0
nid005015:85340:85454 [3] NCCL INFO New proxy send connection 76 from local rank 3, transport 0
nid005015:85340:85340 [3] NCCL INFO Connected to proxy localRank 3 -> connection 0x145d800037c0
nid005015:85341:85455 [6] NCCL INFO New proxy recv connection 76 from local rank 6, transport 0
nid005015:85341:85341 [6] NCCL INFO Connected to proxy localRank 6 -> connection 0x14b8b00037c0
nid005016:26141:26261 [3] NCCL INFO New proxy recv connection 75 from local rank 3, transport 0
nid005016:26141:26141 [3] NCCL INFO Connected to proxy localRank 3 -> connection 0x14fb60003748
nid005016:26144:26144 [2] NCCL INFO Channel 14/0 : 10[c9000] -> 12[d1000] via P2P/IPC comm 0x557903c7f1c0 nRanks 16
nid005016:26144:26264 [2] NCCL INFO New proxy send connection 75 from local rank 2, transport 0
nid005016:26144:26144 [2] NCCL INFO Connected to proxy localRank 2 -> connection 0x147334003748
nid005016:26142:26260 [6] NCCL INFO New proxy recv connection 77 from local rank 6, transport 0
nid005016:26142:26142 [6] NCCL INFO Connected to proxy localRank 6 -> connection 0x151d80003838
nid005015:85339:85339 [1] NCCL INFO Channel 05/0 : 1[c6000] -> 5[d6000] via P2P/IPC comm 0x55f768ab8660 nRanks 16
nid005015:85339:85460 [1] NCCL INFO New proxy send connection 77 from local rank 1, transport 0
nid005015:85339:85339 [1] NCCL INFO Connected to proxy localRank 1 -> connection 0x1508ec003838
nid005015:85340:85340 [3] NCCL INFO Channel 04/0 : 3[ce000] -> 7[de000] via P2P/IPC comm 0x5652821c3ea0 nRanks 16
nid005015:85340:85454 [3] NCCL INFO New proxy send connection 77 from local rank 3, transport 0
nid005015:85340:85340 [3] NCCL INFO Connected to proxy localRank 3 -> connection 0x145d80003838
nid005015:85341:85455 [6] NCCL INFO New proxy recv connection 77 from local rank 6, transport 0
nid005015:85341:85341 [6] NCCL INFO Connected to proxy localRank 6 -> connection 0x14b8b0003838
nid005015:85344:85457 [4] NCCL INFO New proxy recv connection 80 from local rank 4, transport 0
nid005015:85338:85338 [2] NCCL INFO GPU Direct RDMA Enabled for GPU c9000 / HCA 1 (distance 6 <= 6), read 1
nid005015:85338:85456 [2] NCCL INFO New proxy send connection 76 from local rank 2, transport 2
nid005015:85344:85344 [4] NCCL INFO Connected to proxy localRank 4 -> connection 0x14b1740039a0
nid005015:85338:85338 [2] NCCL INFO Connected to proxy localRank 2 -> connection 0x148b4c0037c0
nid005015:85338:85338 [2] NCCL INFO Channel 01/0 : 2[c9000] -> 10[c9000] [send] via NET/Libfabric/1/GDRDMA comm 0x56376cb3d260 nRanks 16
nid005015:85338:85338 [2] NCCL INFO GPU Direct RDMA Enabled for GPU c9000 / HCA 1 (distance 6 <= 6), read 1
nid005015:85338:85456 [2] NCCL INFO New proxy send connection 77 from local rank 2, transport 2
nid005015:85338:85338 [2] NCCL INFO Connected to proxy localRank 2 -> connection 0x148b4c003838
nid005015:85338:85338 [2] NCCL INFO Channel 05/0 : 2[c9000] -> 10[c9000] [send] via NET/Libfabric/1/GDRDMA comm 0x56376cb3d260 nRanks 16
nid005015:85338:85338 [2] NCCL INFO GPU Direct RDMA Enabled for GPU c9000 / HCA 1 (distance 6 <= 6), read 1
nid005015:85338:85456 [2] NCCL INFO New proxy send connection 78 from local rank 2, transport 2
nid005015:85338:85338 [2] NCCL INFO Connected to proxy localRank 2 -> connection 0x148b4c0038b0
nid005015:85338:85338 [2] NCCL INFO Channel 09/0 : 2[c9000] -> 10[c9000] [send] via NET/Libfabric/1/GDRDMA comm 0x56376cb3d260 nRanks 16
nid005015:85338:85338 [2] NCCL INFO GPU Direct RDMA Enabled for GPU c9000 / HCA 1 (distance 6 <= 6), read 1
nid005015:85338:85456 [2] NCCL INFO New proxy send connection 79 from local rank 2, transport 2
nid005015:85338:85338 [2] NCCL INFO Connected to proxy localRank 2 -> connection 0x148b4c003928
nid005015:85338:85338 [2] NCCL INFO Channel 13/0 : 2[c9000] -> 10[c9000] [send] via NET/Libfabric/1/GDRDMA comm 0x56376cb3d260 nRanks 16
nid005016:26140:26140 [1] NCCL INFO Channel 00/0 : 9[c6000] -> 13[d6000] via P2P/IPC comm 0x560201cd0140 nRanks 16
nid005016:26140:26258 [1] NCCL INFO New proxy send connection 76 from local rank 1, transport 0
nid005016:26140:26140 [1] NCCL INFO Connected to proxy localRank 1 -> connection 0x14a9940037c0
nid005016:26141:26141 [3] NCCL INFO Channel 01/0 : 11[ce000] -> 15[de000] via P2P/IPC comm 0x563ddb79ccb0 nRanks 16
nid005016:26141:26261 [3] NCCL INFO New proxy send connection 76 from local rank 3, transport 0
nid005016:26141:26141 [3] NCCL INFO Connected to proxy localRank 3 -> connection 0x14fb600037c0
nid005016:26142:26260 [6] NCCL INFO New proxy recv connection 78 from local rank 6, transport 0
nid005016:26142:26142 [6] NCCL INFO Connected to proxy localRank 6 -> connection 0x151d800038b0
nid005016:26143:26272 [4] NCCL INFO New proxy recv connection 80 from local rank 4, transport 0
nid005016:26144:26144 [2] NCCL INFO GPU Direct RDMA Enabled for GPU c9000 / HCA 1 (distance 6 <= 6), read 0
nid005016:26143:26143 [4] NCCL INFO Connected to proxy localRank 4 -> connection 0x14d2500039a0
nid005016:26144:26264 [2] NCCL INFO New proxy recv connection 76 from local rank 2, transport 2
nid005016:26144:26144 [2] NCCL INFO Connected to proxy localRank 2 -> connection 0x1473340037c0
nid005016:26144:26144 [2] NCCL INFO Channel 01/0 : 2[c9000] -> 10[c9000] [receive] via NET/Libfabric/1/GDRDMA comm 0x557903c7f1c0 nRanks 16
nid005016:26144:26144 [2] NCCL INFO GPU Direct RDMA Enabled for GPU c9000 / HCA 1 (distance 6 <= 6), read 0
nid005016:26144:26264 [2] NCCL INFO New proxy recv connection 77 from local rank 2, transport 2
nid005016:26144:26144 [2] NCCL INFO Connected to proxy localRank 2 -> connection 0x147334003838
nid005016:26144:26144 [2] NCCL INFO Channel 05/0 : 2[c9000] -> 10[c9000] [receive] via NET/Libfabric/1/GDRDMA comm 0x557903c7f1c0 nRanks 16
nid005016:26144:26144 [2] NCCL INFO GPU Direct RDMA Enabled for GPU c9000 / HCA 1 (distance 6 <= 6), read 0
nid005016:26144:26264 [2] NCCL INFO New proxy recv connection 78 from local rank 2, transport 2
nid005016:26144:26144 [2] NCCL INFO Connected to proxy localRank 2 -> connection 0x1473340038b0
nid005016:26144:26144 [2] NCCL INFO Channel 09/0 : 2[c9000] -> 10[c9000] [receive] via NET/Libfabric/1/GDRDMA comm 0x557903c7f1c0 nRanks 16
nid005016:26144:26144 [2] NCCL INFO GPU Direct RDMA Enabled for GPU c9000 / HCA 1 (distance 6 <= 6), read 0
nid005016:26144:26264 [2] NCCL INFO New proxy recv connection 79 from local rank 2, transport 2
nid005016:26144:26144 [2] NCCL INFO Connected to proxy localRank 2 -> connection 0x147334003928
nid005016:26144:26144 [2] NCCL INFO Channel 13/0 : 2[c9000] -> 10[c9000] [receive] via NET/Libfabric/1/GDRDMA comm 0x557903c7f1c0 nRanks 16
nid005015:85338:85456 [2] NCCL INFO New proxy recv connection 80 from local rank 2, transport 0
nid005015:85338:85338 [2] NCCL INFO Connected to proxy localRank 2 -> connection 0x148b4c0039a0
nid005016:26144:26264 [2] NCCL INFO New proxy recv connection 80 from local rank 2, transport 0
nid005016:26144:26144 [2] NCCL INFO Connected to proxy localRank 2 -> connection 0x1473340039a0
nid005015:85339:85339 [1] NCCL INFO Channel 09/0 : 1[c6000] -> 5[d6000] via P2P/IPC comm 0x55f768ab8660 nRanks 16
nid005015:85339:85460 [1] NCCL INFO New proxy send connection 78 from local rank 1, transport 0
nid005015:85339:85339 [1] NCCL INFO Connected to proxy localRank 1 -> connection 0x1508ec0038b0
nid005015:85341:85455 [6] NCCL INFO New proxy recv connection 78 from local rank 6, transport 0
nid005015:85341:85341 [6] NCCL INFO Connected to proxy localRank 6 -> connection 0x14b8b00038b0
nid005015:85340:85340 [3] NCCL INFO Channel 08/0 : 3[ce000] -> 7[de000] via P2P/IPC comm 0x5652821c3ea0 nRanks 16
nid005015:85340:85454 [3] NCCL INFO New proxy send connection 78 from local rank 3, transport 0
nid005015:85340:85340 [3] NCCL INFO Connected to proxy localRank 3 -> connection 0x145d800038b0
nid005015:85344:85457 [4] NCCL INFO New proxy recv connection 81 from local rank 4, transport 0
nid005015:85344:85344 [4] NCCL INFO Connected to proxy localRank 4 -> connection 0x14b174003a18
nid005016:26140:26140 [1] NCCL INFO Channel 04/0 : 9[c6000] -> 13[d6000] via P2P/IPC comm 0x560201cd0140 nRanks 16
nid005016:26140:26258 [1] NCCL INFO New proxy send connection 77 from local rank 1, transport 0
nid005016:26140:26140 [1] NCCL INFO Connected to proxy localRank 1 -> connection 0x14a994003838
nid005016:26141:26141 [3] NCCL INFO Channel 05/0 : 11[ce000] -> 15[de000] via P2P/IPC comm 0x563ddb79ccb0 nRanks 16
nid005016:26141:26261 [3] NCCL INFO New proxy send connection 77 from local rank 3, transport 0
nid005016:26141:26141 [3] NCCL INFO Connected to proxy localRank 3 -> connection 0x14fb60003838
nid005016:26142:26260 [6] NCCL INFO New proxy recv connection 79 from local rank 6, transport 0
nid005016:26142:26142 [6] NCCL INFO Connected to proxy localRank 6 -> connection 0x151d80003928
nid005016:26143:26272 [4] NCCL INFO New proxy recv connection 81 from local rank 4, transport 0
nid005016:26143:26143 [4] NCCL INFO Connected to proxy localRank 4 -> connection 0x14d250003a18
nid005015:85339:85339 [1] NCCL INFO Channel 13/0 : 1[c6000] -> 5[d6000] via P2P/IPC comm 0x55f768ab8660 nRanks 16
nid005015:85339:85460 [1] NCCL INFO New proxy send connection 79 from local rank 1, transport 0
nid005015:85339:85339 [1] NCCL INFO Connected to proxy localRank 1 -> connection 0x1508ec003928
nid005015:85341:85455 [6] NCCL INFO New proxy recv connection 79 from local rank 6, transport 0
nid005015:85341:85341 [6] NCCL INFO Connected to proxy localRank 6 -> connection 0x14b8b0003928
nid005015:85340:85340 [3] NCCL INFO Channel 12/0 : 3[ce000] -> 7[de000] via P2P/IPC comm 0x5652821c3ea0 nRanks 16
nid005015:85340:85454 [3] NCCL INFO New proxy send connection 79 from local rank 3, transport 0
nid005015:85340:85340 [3] NCCL INFO Connected to proxy localRank 3 -> connection 0x145d80003928
nid005015:85344:85457 [4] NCCL INFO New proxy recv connection 82 from local rank 4, transport 0
nid005015:85344:85344 [4] NCCL INFO Connected to proxy localRank 4 -> connection 0x14b174003a90
nid005016:26144:26264 [2] NCCL INFO New proxy recv connection 81 from local rank 2, transport 0
nid005016:26144:26144 [2] NCCL INFO Connected to proxy localRank 2 -> connection 0x147334003a18
nid005015:85338:85456 [2] NCCL INFO New proxy recv connection 81 from local rank 2, transport 0
nid005015:85338:85338 [2] NCCL INFO Connected to proxy localRank 2 -> connection 0x148b4c003a18
nid005015:85343:85343 [5] NCCL INFO GPU Direct RDMA Enabled for GPU d6000 / HCA 2 (distance 6 <= 6), read 1
nid005015:85339:85460 [1] NCCL INFO New proxy recv connection 80 from local rank 1, transport 0
nid005015:85343:85458 [5] NCCL INFO New proxy send connection 76 from local rank 5, transport 2
nid005015:85343:85343 [5] NCCL INFO Connected to proxy localRank 5 -> connection 0x14beec0037c0
nid005015:85339:85339 [1] NCCL INFO Connected to proxy localRank 1 -> connection 0x1508ec0039a0
nid005015:85343:85343 [5] NCCL INFO Channel 03/0 : 5[d6000] -> 13[d6000] [send] via NET/Libfabric/2/GDRDMA comm 0x564db18fa020 nRanks 16
nid005015:85343:85343 [5] NCCL INFO GPU Direct RDMA Enabled for GPU d6000 / HCA 2 (distance 6 <= 6), read 1
nid005015:85343:85458 [5] NCCL INFO New proxy send connection 77 from local rank 5, transport 2
nid005015:85343:85343 [5] NCCL INFO Connected to proxy localRank 5 -> connection 0x14beec003838
nid005015:85343:85343 [5] NCCL INFO Channel 07/0 : 5[d6000] -> 13[d6000] [send] via NET/Libfabric/2/GDRDMA comm 0x564db18fa020 nRanks 16
nid005015:85343:85343 [5] NCCL INFO GPU Direct RDMA Enabled for GPU d6000 / HCA 2 (distance 6 <= 6), read 1
nid005015:85343:85458 [5] NCCL INFO New proxy send connection 78 from local rank 5, transport 2
nid005015:85343:85343 [5] NCCL INFO Connected to proxy localRank 5 -> connection 0x14beec0038b0
nid005015:85343:85343 [5] NCCL INFO Channel 11/0 : 5[d6000] -> 13[d6000] [send] via NET/Libfabric/2/GDRDMA comm 0x564db18fa020 nRanks 16
nid005015:85343:85343 [5] NCCL INFO GPU Direct RDMA Enabled for GPU d6000 / HCA 2 (distance 6 <= 6), read 1
nid005015:85343:85458 [5] NCCL INFO New proxy send connection 79 from local rank 5, transport 2
nid005015:85343:85343 [5] NCCL INFO Connected to proxy localRank 5 -> connection 0x14beec003928
nid005015:85343:85343 [5] NCCL INFO Channel 15/0 : 5[d6000] -> 13[d6000] [send] via NET/Libfabric/2/GDRDMA comm 0x564db18fa020 nRanks 16
nid005016:26140:26140 [1] NCCL INFO Channel 08/0 : 9[c6000] -> 13[d6000] via P2P/IPC comm 0x560201cd0140 nRanks 16
nid005016:26140:26258 [1] NCCL INFO New proxy send connection 78 from local rank 1, transport 0
nid005016:26140:26140 [1] NCCL INFO Connected to proxy localRank 1 -> connection 0x14a9940038b0
nid005015:85337:85337 [0] NCCL INFO GPU Direct RDMA Enabled for GPU c1000 / HCA 0 (distance 6 <= 6), read 1
nid005015:85337:85459 [0] NCCL INFO New proxy send connection 76 from local rank 0, transport 2
nid005015:85341:85341 [6] NCCL INFO Channel 03/0 : 6[d9000] -> 0[c1000] via P2P/IPC comm 0x5653595b56b0 nRanks 16
nid005015:85341:85455 [6] NCCL INFO New proxy send connection 80 from local rank 6, transport 0
nid005015:85337:85337 [0] NCCL INFO Connected to proxy localRank 0 -> connection 0x1460240037c0
nid005015:85341:85341 [6] NCCL INFO Connected to proxy localRank 6 -> connection 0x14b8b00039a0
nid005015:85337:85337 [0] NCCL INFO Channel 00/0 : 0[c1000] -> 8[c1000] [send] via NET/Libfabric/0/GDRDMA comm 0x557a2b5ee3a0 nRanks 16
nid005015:85337:85337 [0] NCCL INFO GPU Direct RDMA Enabled for GPU c1000 / HCA 0 (distance 6 <= 6), read 1
nid005016:26143:26272 [4] NCCL INFO New proxy recv connection 82 from local rank 4, transport 0
nid005015:85344:85457 [4] NCCL INFO New proxy recv connection 83 from local rank 4, transport 0
nid005015:85337:85459 [0] NCCL INFO New proxy send connection 77 from local rank 0, transport 2
nid005015:85337:85337 [0] NCCL INFO Connected to proxy localRank 0 -> connection 0x146024003838
nid005015:85344:85344 [4] NCCL INFO Connected to proxy localRank 4 -> connection 0x14b174003b08
nid005016:26141:26141 [3] NCCL INFO Channel 09/0 : 11[ce000] -> 15[de000] via P2P/IPC comm 0x563ddb79ccb0 nRanks 16
nid005015:85337:85337 [0] NCCL INFO Channel 04/0 : 0[c1000] -> 8[c1000] [send] via NET/Libfabric/0/GDRDMA comm 0x557a2b5ee3a0 nRanks 16
nid005015:85337:85337 [0] NCCL INFO GPU Direct RDMA Enabled for GPU c1000 / HCA 0 (distance 6 <= 6), read 1
nid005016:26143:26143 [4] NCCL INFO Connected to proxy localRank 4 -> connection 0x14d250003a90
nid005016:26141:26261 [3] NCCL INFO New proxy send connection 78 from local rank 3, transport 0
nid005016:26141:26141 [3] NCCL INFO Connected to proxy localRank 3 -> connection 0x14fb600038b0
nid005015:85337:85459 [0] NCCL INFO New proxy send connection 78 from local rank 0, transport 2
nid005015:85337:85337 [0] NCCL INFO Connected to proxy localRank 0 -> connection 0x1460240038b0
nid005016:26139:26139 [0] NCCL INFO GPU Direct RDMA Enabled for GPU c1000 / HCA 0 (distance 6 <= 6), read 0
nid005015:85337:85337 [0] NCCL INFO Channel 08/0 : 0[c1000] -> 8[c1000] [send] via NET/Libfabric/0/GDRDMA comm 0x557a2b5ee3a0 nRanks 16
nid005015:85337:85337 [0] NCCL INFO GPU Direct RDMA Enabled for GPU c1000 / HCA 0 (distance 6 <= 6), read 1
nid005015:85337:85459 [0] NCCL INFO New proxy send connection 79 from local rank 0, transport 2
nid005016:26139:26262 [0] NCCL INFO New proxy recv connection 76 from local rank 0, transport 2
nid005015:85337:85337 [0] NCCL INFO Connected to proxy localRank 0 -> connection 0x146024003928
nid005016:26142:26142 [6] NCCL INFO Channel 02/0 : 14[d9000] -> 8[c1000] via P2P/IPC comm 0x55943fc700c0 nRanks 16
nid005016:26139:26139 [0] NCCL INFO Connected to proxy localRank 0 -> connection 0x150a180037c0
nid005016:26142:26260 [6] NCCL INFO New proxy send connection 80 from local rank 6, transport 0
nid005015:85337:85337 [0] NCCL INFO Channel 12/0 : 0[c1000] -> 8[c1000] [send] via NET/Libfabric/0/GDRDMA comm 0x557a2b5ee3a0 nRanks 16
nid005016:26142:26142 [6] NCCL INFO Connected to proxy localRank 6 -> connection 0x151d800039a0
nid005016:26139:26139 [0] NCCL INFO Channel 00/0 : 0[c1000] -> 8[c1000] [receive] via NET/Libfabric/0/GDRDMA comm 0x55827e574290 nRanks 16
nid005016:26139:26139 [0] NCCL INFO GPU Direct RDMA Enabled for GPU c1000 / HCA 0 (distance 6 <= 6), read 0
nid005016:26139:26262 [0] NCCL INFO New proxy recv connection 77 from local rank 0, transport 2
nid005016:26139:26139 [0] NCCL INFO Connected to proxy localRank 0 -> connection 0x150a18003838
nid005015:85342:85342 [7] NCCL INFO GPU Direct RDMA Enabled for GPU de000 / HCA 3 (distance 6 <= 6), read 1
nid005015:85340:85454 [3] NCCL INFO New proxy recv connection 80 from local rank 3, transport 0
nid005015:85340:85340 [3] NCCL INFO Connected to proxy localRank 3 -> connection 0x145d800039a0
nid005015:85342:85453 [7] NCCL INFO New proxy send connection 76 from local rank 7, transport 2
nid005015:85342:85342 [7] NCCL INFO Connected to proxy localRank 7 -> connection 0x14e1880037c0
nid005016:26139:26139 [0] NCCL INFO Channel 04/0 : 0[c1000] -> 8[c1000] [receive] via NET/Libfabric/0/GDRDMA comm 0x55827e574290 nRanks 16
nid005016:26139:26139 [0] NCCL INFO GPU Direct RDMA Enabled for GPU c1000 / HCA 0 (distance 6 <= 6), read 0
nid005016:26139:26262 [0] NCCL INFO New proxy recv connection 78 from local rank 0, transport 2
nid005016:26139:26139 [0] NCCL INFO Connected to proxy localRank 0 -> connection 0x150a180038b0
nid005015:85342:85342 [7] NCCL INFO Channel 02/0 : 7[de000] -> 15[de000] [send] via NET/Libfabric/3/GDRDMA comm 0x55b2fdc59f40 nRanks 16
nid005015:85342:85342 [7] NCCL INFO GPU Direct RDMA Enabled for GPU de000 / HCA 3 (distance 6 <= 6), read 1
nid005015:85342:85453 [7] NCCL INFO New proxy send connection 77 from local rank 7, transport 2
nid005015:85342:85342 [7] NCCL INFO Connected to proxy localRank 7 -> connection 0x14e188003838
nid005015:85342:85342 [7] NCCL INFO Channel 06/0 : 7[de000] -> 15[de000] [send] via NET/Libfabric/3/GDRDMA comm 0x55b2fdc59f40 nRanks 16
nid005015:85342:85342 [7] NCCL INFO GPU Direct RDMA Enabled for GPU de000 / HCA 3 (distance 6 <= 6), read 1
nid005015:85342:85453 [7] NCCL INFO New proxy send connection 78 from local rank 7, transport 2
nid005015:85342:85342 [7] NCCL INFO Connected to proxy localRank 7 -> connection 0x14e1880038b0
nid005016:26139:26139 [0] NCCL INFO Channel 08/0 : 0[c1000] -> 8[c1000] [receive] via NET/Libfabric/0/GDRDMA comm 0x55827e574290 nRanks 16
nid005016:26139:26139 [0] NCCL INFO GPU Direct RDMA Enabled for GPU c1000 / HCA 0 (distance 6 <= 6), read 0
nid005016:26139:26262 [0] NCCL INFO New proxy recv connection 79 from local rank 0, transport 2
nid005016:26139:26139 [0] NCCL INFO Connected to proxy localRank 0 -> connection 0x150a18003928
nid005015:85342:85342 [7] NCCL INFO Channel 10/0 : 7[de000] -> 15[de000] [send] via NET/Libfabric/3/GDRDMA comm 0x55b2fdc59f40 nRanks 16
nid005015:85342:85342 [7] NCCL INFO GPU Direct RDMA Enabled for GPU de000 / HCA 3 (distance 6 <= 6), read 1
nid005016:26139:26139 [0] NCCL INFO Channel 12/0 : 0[c1000] -> 8[c1000] [receive] via NET/Libfabric/0/GDRDMA comm 0x55827e574290 nRanks 16
nid005015:85342:85453 [7] NCCL INFO New proxy send connection 79 from local rank 7, transport 2
nid005015:85342:85342 [7] NCCL INFO Connected to proxy localRank 7 -> connection 0x14e188003928
nid005015:85337:85459 [0] NCCL INFO New proxy recv connection 80 from local rank 0, transport 0
nid005015:85337:85337 [0] NCCL INFO Connected to proxy localRank 0 -> connection 0x1460240039a0
nid005015:85342:85342 [7] NCCL INFO Channel 14/0 : 7[de000] -> 15[de000] [send] via NET/Libfabric/3/GDRDMA comm 0x55b2fdc59f40 nRanks 16
nid005016:26139:26262 [0] NCCL INFO New proxy recv connection 80 from local rank 0, transport 0
nid005016:26139:26139 [0] NCCL INFO Connected to proxy localRank 0 -> connection 0x150a180039a0
nid005016:26144:26264 [2] NCCL INFO New proxy recv connection 82 from local rank 2, transport 0
nid005016:26144:26144 [2] NCCL INFO Connected to proxy localRank 2 -> connection 0x147334003a90
nid005015:85338:85456 [2] NCCL INFO New proxy recv connection 82 from local rank 2, transport 0
nid005015:85338:85338 [2] NCCL INFO Connected to proxy localRank 2 -> connection 0x148b4c003a90
nid005015:85339:85460 [1] NCCL INFO New proxy recv connection 81 from local rank 1, transport 0
nid005015:85339:85339 [1] NCCL INFO Connected to proxy localRank 1 -> connection 0x1508ec003a18
nid005015:85341:85341 [6] NCCL INFO Channel 07/0 : 6[d9000] -> 0[c1000] via P2P/IPC comm 0x5653595b56b0 nRanks 16
nid005015:85341:85455 [6] NCCL INFO New proxy send connection 81 from local rank 6, transport 0
nid005015:85341:85341 [6] NCCL INFO Connected to proxy localRank 6 -> connection 0x14b8b0003a18
nid005015:85344:85344 [4] NCCL INFO Channel 02/0 : 4[d1000] -> 2[c9000] via P2P/IPC comm 0x55617ae1a000 nRanks 16
nid005015:85344:85457 [4] NCCL INFO New proxy send connection 84 from local rank 4, transport 0
nid005015:85344:85344 [4] NCCL INFO Connected to proxy localRank 4 -> connection 0x14b174003b80
nid005015:85340:85454 [3] NCCL INFO New proxy recv connection 81 from local rank 3, transport 0
nid005015:85340:85340 [3] NCCL INFO Connected to proxy localRank 3 -> connection 0x145d80003a18
nid005016:26143:26272 [4] NCCL INFO New proxy recv connection 83 from local rank 4, transport 0
nid005016:26143:26143 [4] NCCL INFO Connected to proxy localRank 4 -> connection 0x14d250003b08
nid005016:26140:26140 [1] NCCL INFO Channel 12/0 : 9[c6000] -> 13[d6000] via P2P/IPC comm 0x560201cd0140 nRanks 16
nid005016:26140:26258 [1] NCCL INFO New proxy send connection 79 from local rank 1, transport 0
nid005016:26140:26140 [1] NCCL INFO Connected to proxy localRank 1 -> connection 0x14a994003928
nid005016:26141:26141 [3] NCCL INFO Channel 13/0 : 11[ce000] -> 15[de000] via P2P/IPC comm 0x563ddb79ccb0 nRanks 16
nid005016:26142:26142 [6] NCCL INFO Channel 06/0 : 14[d9000] -> 8[c1000] via P2P/IPC comm 0x55943fc700c0 nRanks 16
nid005016:26142:26260 [6] NCCL INFO New proxy send connection 81 from local rank 6, transport 0
nid005016:26141:26261 [3] NCCL INFO New proxy send connection 79 from local rank 3, transport 0
nid005016:26141:26141 [3] NCCL INFO Connected to proxy localRank 3 -> connection 0x14fb60003928
nid005016:26142:26142 [6] NCCL INFO Connected to proxy localRank 6 -> connection 0x151d80003a18
nid005015:85337:85459 [0] NCCL INFO New proxy recv connection 81 from local rank 0, transport 0
nid005015:85337:85337 [0] NCCL INFO Connected to proxy localRank 0 -> connection 0x146024003a18
nid005016:26144:26264 [2] NCCL INFO New proxy recv connection 83 from local rank 2, transport 0
nid005016:26144:26144 [2] NCCL INFO Connected to proxy localRank 2 -> connection 0x147334003b08
nid005015:85339:85460 [1] NCCL INFO New proxy recv connection 82 from local rank 1, transport 0
nid005015:85339:85339 [1] NCCL INFO Connected to proxy localRank 1 -> connection 0x1508ec003a90
nid005016:26139:26262 [0] NCCL INFO New proxy recv connection 81 from local rank 0, transport 0
nid005016:26139:26139 [0] NCCL INFO Connected to proxy localRank 0 -> connection 0x150a18003a18
nid005015:85338:85456 [2] NCCL INFO New proxy recv connection 83 from local rank 2, transport 0
nid005015:85338:85338 [2] NCCL INFO Connected to proxy localRank 2 -> connection 0x148b4c003b08
nid005015:85341:85341 [6] NCCL INFO Channel 11/0 : 6[d9000] -> 0[c1000] via P2P/IPC comm 0x5653595b56b0 nRanks 16
nid005015:85341:85455 [6] NCCL INFO New proxy send connection 82 from local rank 6, transport 0
nid005015:85341:85341 [6] NCCL INFO Connected to proxy localRank 6 -> connection 0x14b8b0003a90
nid005015:85344:85344 [4] NCCL INFO Channel 06/0 : 4[d1000] -> 2[c9000] via P2P/IPC comm 0x55617ae1a000 nRanks 16
nid005015:85344:85457 [4] NCCL INFO New proxy send connection 85 from local rank 4, transport 0
nid005015:85344:85344 [4] NCCL INFO Connected to proxy localRank 4 -> connection 0x14b174003bf8
nid005015:85340:85454 [3] NCCL INFO New proxy recv connection 82 from local rank 3, transport 0
nid005015:85340:85340 [3] NCCL INFO Connected to proxy localRank 3 -> connection 0x145d80003a90
nid005016:26143:26143 [4] NCCL INFO Channel 03/0 : 12[d1000] -> 10[c9000] via P2P/IPC comm 0x560f9106ed10 nRanks 16
nid005016:26143:26272 [4] NCCL INFO New proxy send connection 84 from local rank 4, transport 0
nid005016:26143:26143 [4] NCCL INFO Connected to proxy localRank 4 -> connection 0x14d250003b80
nid005015:85337:85459 [0] NCCL INFO New proxy recv connection 82 from local rank 0, transport 0
nid005015:85337:85337 [0] NCCL INFO Connected to proxy localRank 0 -> connection 0x146024003a90
nid005016:26145:26145 [5] NCCL INFO GPU Direct RDMA Enabled for GPU d6000 / HCA 2 (distance 6 <= 6), read 0
nid005016:26145:26259 [5] NCCL INFO New proxy recv connection 76 from local rank 5, transport 2
nid005016:26140:26258 [1] NCCL INFO New proxy recv connection 80 from local rank 1, transport 0
nid005016:26140:26140 [1] NCCL INFO Connected to proxy localRank 1 -> connection 0x14a9940039a0
nid005016:26145:26145 [5] NCCL INFO Connected to proxy localRank 5 -> connection 0x14c8dc0037c0
nid005016:26145:26145 [5] NCCL INFO Channel 03/0 : 5[d6000] -> 13[d6000] [receive] via NET/Libfabric/2/GDRDMA comm 0x5648b2aaefb0 nRanks 16
nid005016:26145:26145 [5] NCCL INFO GPU Direct RDMA Enabled for GPU d6000 / HCA 2 (distance 6 <= 6), read 0
nid005016:26145:26259 [5] NCCL INFO New proxy recv connection 77 from local rank 5, transport 2
nid005016:26145:26145 [5] NCCL INFO Connected to proxy localRank 5 -> connection 0x14c8dc003838
nid005016:26142:26142 [6] NCCL INFO Channel 10/0 : 14[d9000] -> 8[c1000] via P2P/IPC comm 0x55943fc700c0 nRanks 16
nid005016:26142:26260 [6] NCCL INFO New proxy send connection 82 from local rank 6, transport 0
nid005016:26142:26142 [6] NCCL INFO Connected to proxy localRank 6 -> connection 0x151d80003a90
nid005016:26145:26145 [5] NCCL INFO Channel 07/0 : 5[d6000] -> 13[d6000] [receive] via NET/Libfabric/2/GDRDMA comm 0x5648b2aaefb0 nRanks 16
nid005016:26145:26145 [5] NCCL INFO GPU Direct RDMA Enabled for GPU d6000 / HCA 2 (distance 6 <= 6), read 0
nid005016:26145:26259 [5] NCCL INFO New proxy recv connection 78 from local rank 5, transport 2
nid005016:26145:26145 [5] NCCL INFO Connected to proxy localRank 5 -> connection 0x14c8dc0038b0
nid005015:85339:85460 [1] NCCL INFO New proxy recv connection 83 from local rank 1, transport 0
nid005015:85339:85339 [1] NCCL INFO Connected to proxy localRank 1 -> connection 0x1508ec003b08
nid005016:26145:26145 [5] NCCL INFO Channel 11/0 : 5[d6000] -> 13[d6000] [receive] via NET/Libfabric/2/GDRDMA comm 0x5648b2aaefb0 nRanks 16
nid005016:26145:26145 [5] NCCL INFO GPU Direct RDMA Enabled for GPU d6000 / HCA 2 (distance 6 <= 6), read 0
nid005016:26145:26259 [5] NCCL INFO New proxy recv connection 79 from local rank 5, transport 2
nid005016:26145:26145 [5] NCCL INFO Connected to proxy localRank 5 -> connection 0x14c8dc003928
nid005016:26145:26145 [5] NCCL INFO Channel 15/0 : 5[d6000] -> 13[d6000] [receive] via NET/Libfabric/2/GDRDMA comm 0x5648b2aaefb0 nRanks 16
nid005015:85343:85343 [5] NCCL INFO Channel 00/0 : 5[d6000] -> 1[c6000] via P2P/IPC comm 0x564db18fa020 nRanks 16
nid005016:26145:26145 [5] NCCL INFO Channel 01/0 : 13[d6000] -> 9[c6000] via P2P/IPC comm 0x5648b2aaefb0 nRanks 16
nid005015:85343:85458 [5] NCCL INFO New proxy send connection 80 from local rank 5, transport 0
nid005015:85343:85343 [5] NCCL INFO Connected to proxy localRank 5 -> connection 0x14beec0039a0
nid005016:26145:26259 [5] NCCL INFO New proxy send connection 80 from local rank 5, transport 0
nid005016:26145:26145 [5] NCCL INFO Connected to proxy localRank 5 -> connection 0x14c8dc0039a0
nid005016:26146:26146 [7] NCCL INFO GPU Direct RDMA Enabled for GPU de000 / HCA 3 (distance 6 <= 6), read 0
nid005016:26141:26261 [3] NCCL INFO New proxy recv connection 80 from local rank 3, transport 0
nid005016:26141:26141 [3] NCCL INFO Connected to proxy localRank 3 -> connection 0x14fb600039a0
nid005016:26146:26263 [7] NCCL INFO New proxy recv connection 76 from local rank 7, transport 2
nid005016:26146:26146 [7] NCCL INFO Connected to proxy localRank 7 -> connection 0x147d440037c0
nid005016:26146:26146 [7] NCCL INFO Channel 02/0 : 7[de000] -> 15[de000] [receive] via NET/Libfabric/3/GDRDMA comm 0x561ab40230b0 nRanks 16
nid005016:26146:26146 [7] NCCL INFO GPU Direct RDMA Enabled for GPU de000 / HCA 3 (distance 6 <= 6), read 0
nid005015:85344:85344 [4] NCCL INFO Channel 10/0 : 4[d1000] -> 2[c9000] via P2P/IPC comm 0x55617ae1a000 nRanks 16
nid005015:85344:85457 [4] NCCL INFO New proxy send connection 86 from local rank 4, transport 0
nid005015:85341:85341 [6] NCCL INFO Channel 15/0 : 6[d9000] -> 0[c1000] via P2P/IPC comm 0x5653595b56b0 nRanks 16
nid005015:85344:85344 [4] NCCL INFO Connected to proxy localRank 4 -> connection 0x14b174003c70
nid005015:85341:85455 [6] NCCL INFO New proxy send connection 83 from local rank 6, transport 0
nid005015:85341:85341 [6] NCCL INFO Connected to proxy localRank 6 -> connection 0x14b8b0003b08
nid005016:26146:26263 [7] NCCL INFO New proxy recv connection 77 from local rank 7, transport 2
nid005016:26146:26146 [7] NCCL INFO Connected to proxy localRank 7 -> connection 0x147d44003838
nid005016:26146:26146 [7] NCCL INFO Channel 06/0 : 7[de000] -> 15[de000] [receive] via NET/Libfabric/3/GDRDMA comm 0x561ab40230b0 nRanks 16
nid005016:26146:26146 [7] NCCL INFO GPU Direct RDMA Enabled for GPU de000 / HCA 3 (distance 6 <= 6), read 0
nid005016:26146:26263 [7] NCCL INFO New proxy recv connection 78 from local rank 7, transport 2
nid005016:26146:26146 [7] NCCL INFO Connected to proxy localRank 7 -> connection 0x147d440038b0
nid005016:26146:26146 [7] NCCL INFO Channel 10/0 : 7[de000] -> 15[de000] [receive] via NET/Libfabric/3/GDRDMA comm 0x561ab40230b0 nRanks 16
nid005016:26146:26146 [7] NCCL INFO GPU Direct RDMA Enabled for GPU de000 / HCA 3 (distance 6 <= 6), read 0
nid005016:26146:26263 [7] NCCL INFO New proxy recv connection 79 from local rank 7, transport 2
nid005016:26146:26146 [7] NCCL INFO Connected to proxy localRank 7 -> connection 0x147d44003928
nid005016:26146:26146 [7] NCCL INFO Channel 14/0 : 7[de000] -> 15[de000] [receive] via NET/Libfabric/3/GDRDMA comm 0x561ab40230b0 nRanks 16
nid005015:85342:85342 [7] NCCL INFO Channel 01/0 : 7[de000] -> 3[ce000] via P2P/IPC comm 0x55b2fdc59f40 nRanks 16
nid005015:85342:85453 [7] NCCL INFO New proxy send connection 80 from local rank 7, transport 0
nid005015:85342:85342 [7] NCCL INFO Connected to proxy localRank 7 -> connection 0x14e1880039a0
nid005016:26139:26262 [0] NCCL INFO New proxy recv connection 82 from local rank 0, transport 0
nid005016:26139:26139 [0] NCCL INFO Connected to proxy localRank 0 -> connection 0x150a18003a90
nid005016:26146:26146 [7] NCCL INFO Channel 00/0 : 15[de000] -> 11[ce000] via P2P/IPC comm 0x561ab40230b0 nRanks 16
nid005016:26146:26263 [7] NCCL INFO New proxy send connection 80 from local rank 7, transport 0
nid005016:26146:26146 [7] NCCL INFO Connected to proxy localRank 7 -> connection 0x147d440039a0
nid005015:85340:85454 [3] NCCL INFO New proxy recv connection 83 from local rank 3, transport 0
nid005015:85340:85340 [3] NCCL INFO Connected to proxy localRank 3 -> connection 0x145d80003b08
nid005016:26143:26143 [4] NCCL INFO Channel 07/0 : 12[d1000] -> 10[c9000] via P2P/IPC comm 0x560f9106ed10 nRanks 16
nid005016:26143:26272 [4] NCCL INFO New proxy send connection 85 from local rank 4, transport 0
nid005016:26143:26143 [4] NCCL INFO Connected to proxy localRank 4 -> connection 0x14d250003bf8
nid005016:26145:26145 [5] NCCL INFO Channel 05/0 : 13[d6000] -> 9[c6000] via P2P/IPC comm 0x5648b2aaefb0 nRanks 16
nid005016:26145:26259 [5] NCCL INFO New proxy send connection 81 from local rank 5, transport 0
nid005016:26145:26145 [5] NCCL INFO Connected to proxy localRank 5 -> connection 0x14c8dc003a18
nid005016:26140:26258 [1] NCCL INFO New proxy recv connection 81 from local rank 1, transport 0
nid005016:26140:26140 [1] NCCL INFO Connected to proxy localRank 1 -> connection 0x14a994003a18
nid005016:26142:26142 [6] NCCL INFO Channel 14/0 : 14[d9000] -> 8[c1000] via P2P/IPC comm 0x55943fc700c0 nRanks 16
nid005016:26142:26260 [6] NCCL INFO New proxy send connection 83 from local rank 6, transport 0
nid005016:26142:26142 [6] NCCL INFO Connected to proxy localRank 6 -> connection 0x151d80003b08
nid005015:85343:85343 [5] NCCL INFO Channel 04/0 : 5[d6000] -> 1[c6000] via P2P/IPC comm 0x564db18fa020 nRanks 16
nid005015:85343:85458 [5] NCCL INFO New proxy send connection 81 from local rank 5, transport 0
nid005015:85343:85343 [5] NCCL INFO Connected to proxy localRank 5 -> connection 0x14beec003a18
nid005015:85337:85459 [0] NCCL INFO New proxy recv connection 83 from local rank 0, transport 0
nid005015:85337:85337 [0] NCCL INFO Connected to proxy localRank 0 -> connection 0x146024003b08
nid005015:85344:85344 [4] NCCL INFO Channel 14/0 : 4[d1000] -> 2[c9000] via P2P/IPC comm 0x55617ae1a000 nRanks 16
nid005015:85344:85457 [4] NCCL INFO New proxy send connection 87 from local rank 4, transport 0
nid005015:85344:85344 [4] NCCL INFO Connected to proxy localRank 4 -> connection 0x14b174003ce8
nid005016:26141:26261 [3] NCCL INFO New proxy recv connection 81 from local rank 3, transport 0
nid005016:26141:26141 [3] NCCL INFO Connected to proxy localRank 3 -> connection 0x14fb60003a18
nid005016:26139:26262 [0] NCCL INFO New proxy recv connection 83 from local rank 0, transport 0
nid005016:26139:26139 [0] NCCL INFO Connected to proxy localRank 0 -> connection 0x150a18003b08
nid005016:26146:26146 [7] NCCL INFO Channel 04/0 : 15[de000] -> 11[ce000] via P2P/IPC comm 0x561ab40230b0 nRanks 16
nid005016:26146:26263 [7] NCCL INFO New proxy send connection 81 from local rank 7, transport 0
nid005016:26146:26146 [7] NCCL INFO Connected to proxy localRank 7 -> connection 0x147d44003a18
nid005015:85342:85342 [7] NCCL INFO Channel 05/0 : 7[de000] -> 3[ce000] via P2P/IPC comm 0x55b2fdc59f40 nRanks 16
nid005015:85342:85453 [7] NCCL INFO New proxy send connection 81 from local rank 7, transport 0
nid005015:85342:85342 [7] NCCL INFO Connected to proxy localRank 7 -> connection 0x14e188003a18
nid005016:26145:26145 [5] NCCL INFO Channel 09/0 : 13[d6000] -> 9[c6000] via P2P/IPC comm 0x5648b2aaefb0 nRanks 16
nid005016:26145:26259 [5] NCCL INFO New proxy send connection 82 from local rank 5, transport 0
nid005016:26145:26145 [5] NCCL INFO Connected to proxy localRank 5 -> connection 0x14c8dc003a90
nid005016:26143:26143 [4] NCCL INFO Channel 11/0 : 12[d1000] -> 10[c9000] via P2P/IPC comm 0x560f9106ed10 nRanks 16
nid005016:26143:26272 [4] NCCL INFO New proxy send connection 86 from local rank 4, transport 0
nid005016:26143:26143 [4] NCCL INFO Connected to proxy localRank 4 -> connection 0x14d250003c70
nid005015:85343:85343 [5] NCCL INFO Channel 08/0 : 5[d6000] -> 1[c6000] via P2P/IPC comm 0x564db18fa020 nRanks 16
nid005015:85343:85458 [5] NCCL INFO New proxy send connection 82 from local rank 5, transport 0
nid005015:85343:85343 [5] NCCL INFO Connected to proxy localRank 5 -> connection 0x14beec003a90
nid005015:85338:85456 [2] NCCL INFO New proxy recv connection 84 from local rank 2, transport 0
nid005015:85338:85338 [2] NCCL INFO Connected to proxy localRank 2 -> connection 0x148b4c003b80
nid005016:26140:26258 [1] NCCL INFO New proxy recv connection 82 from local rank 1, transport 0
nid005016:26140:26140 [1] NCCL INFO Connected to proxy localRank 1 -> connection 0x14a994003a90
nid005015:85341:85341 [6] NCCL INFO Channel 00/0 : 6[d9000] -> 4[d1000] via P2P/IPC comm 0x5653595b56b0 nRanks 16
nid005015:85341:85455 [6] NCCL INFO New proxy send connection 84 from local rank 6, transport 0
nid005015:85341:85341 [6] NCCL INFO Connected to proxy localRank 6 -> connection 0x14b8b0003b80
nid005015:85337:85459 [0] NCCL INFO New proxy recv connection 84 from local rank 0, transport 0
nid005015:85337:85337 [0] NCCL INFO Connected to proxy localRank 0 -> connection 0x146024003b80
nid005016:26141:26261 [3] NCCL INFO New proxy recv connection 82 from local rank 3, transport 0
nid005016:26141:26141 [3] NCCL INFO Connected to proxy localRank 3 -> connection 0x14fb60003a90
nid005015:85342:85342 [7] NCCL INFO Channel 09/0 : 7[de000] -> 3[ce000] via P2P/IPC comm 0x55b2fdc59f40 nRanks 16
nid005015:85342:85453 [7] NCCL INFO New proxy send connection 82 from local rank 7, transport 0
nid005015:85342:85342 [7] NCCL INFO Connected to proxy localRank 7 -> connection 0x14e188003a90
nid005016:26146:26146 [7] NCCL INFO Channel 08/0 : 15[de000] -> 11[ce000] via P2P/IPC comm 0x561ab40230b0 nRanks 16
nid005016:26146:26263 [7] NCCL INFO New proxy send connection 82 from local rank 7, transport 0
nid005016:26142:26142 [6] NCCL INFO Channel 01/0 : 14[d9000] -> 12[d1000] via P2P/IPC comm 0x55943fc700c0 nRanks 16
nid005016:26146:26146 [7] NCCL INFO Connected to proxy localRank 7 -> connection 0x147d44003a90
nid005016:26142:26260 [6] NCCL INFO New proxy send connection 84 from local rank 6, transport 0
nid005016:26142:26142 [6] NCCL INFO Connected to proxy localRank 6 -> connection 0x151d80003b80
nid005016:26139:26262 [0] NCCL INFO New proxy recv connection 84 from local rank 0, transport 0
nid005016:26139:26139 [0] NCCL INFO Connected to proxy localRank 0 -> connection 0x150a18003b80
nid005016:26145:26145 [5] NCCL INFO Channel 13/0 : 13[d6000] -> 9[c6000] via P2P/IPC comm 0x5648b2aaefb0 nRanks 16
nid005016:26145:26259 [5] NCCL INFO New proxy send connection 83 from local rank 5, transport 0
nid005016:26145:26145 [5] NCCL INFO Connected to proxy localRank 5 -> connection 0x14c8dc003b08
nid005015:85343:85343 [5] NCCL INFO Channel 12/0 : 5[d6000] -> 1[c6000] via P2P/IPC comm 0x564db18fa020 nRanks 16
nid005015:85343:85458 [5] NCCL INFO New proxy send connection 83 from local rank 5, transport 0
nid005015:85343:85343 [5] NCCL INFO Connected to proxy localRank 5 -> connection 0x14beec003b08
nid005016:26143:26143 [4] NCCL INFO Channel 15/0 : 12[d1000] -> 10[c9000] via P2P/IPC comm 0x560f9106ed10 nRanks 16
nid005016:26143:26272 [4] NCCL INFO New proxy send connection 87 from local rank 4, transport 0
nid005016:26143:26143 [4] NCCL INFO Connected to proxy localRank 4 -> connection 0x14d250003ce8
nid005015:85341:85341 [6] NCCL INFO Channel 04/0 : 6[d9000] -> 4[d1000] via P2P/IPC comm 0x5653595b56b0 nRanks 16
nid005015:85341:85455 [6] NCCL INFO New proxy send connection 85 from local rank 6, transport 0
nid005015:85341:85341 [6] NCCL INFO Connected to proxy localRank 6 -> connection 0x14b8b0003bf8
nid005016:26140:26258 [1] NCCL INFO New proxy recv connection 83 from local rank 1, transport 0
nid005016:26140:26140 [1] NCCL INFO Connected to proxy localRank 1 -> connection 0x14a994003b08
nid005015:85338:85456 [2] NCCL INFO New proxy recv connection 85 from local rank 2, transport 0
nid005015:85338:85338 [2] NCCL INFO Connected to proxy localRank 2 -> connection 0x148b4c003bf8
nid005015:85342:85342 [7] NCCL INFO Channel 13/0 : 7[de000] -> 3[ce000] via P2P/IPC comm 0x55b2fdc59f40 nRanks 16
nid005015:85342:85453 [7] NCCL INFO New proxy send connection 83 from local rank 7, transport 0
nid005015:85342:85342 [7] NCCL INFO Connected to proxy localRank 7 -> connection 0x14e188003b08
nid005015:85337:85459 [0] NCCL INFO New proxy recv connection 85 from local rank 0, transport 0
nid005015:85337:85337 [0] NCCL INFO Connected to proxy localRank 0 -> connection 0x146024003bf8
nid005016:26141:26261 [3] NCCL INFO New proxy recv connection 83 from local rank 3, transport 0
nid005016:26141:26141 [3] NCCL INFO Connected to proxy localRank 3 -> connection 0x14fb60003b08
nid005016:26146:26146 [7] NCCL INFO Channel 12/0 : 15[de000] -> 11[ce000] via P2P/IPC comm 0x561ab40230b0 nRanks 16
nid005016:26146:26263 [7] NCCL INFO New proxy send connection 83 from local rank 7, transport 0
nid005016:26142:26142 [6] NCCL INFO Channel 05/0 : 14[d9000] -> 12[d1000] via P2P/IPC comm 0x55943fc700c0 nRanks 16
nid005016:26142:26260 [6] NCCL INFO New proxy send connection 85 from local rank 6, transport 0
nid005016:26146:26146 [7] NCCL INFO Connected to proxy localRank 7 -> connection 0x147d44003b08
nid005016:26142:26142 [6] NCCL INFO Connected to proxy localRank 6 -> connection 0x151d80003bf8
nid005016:26139:26262 [0] NCCL INFO New proxy recv connection 85 from local rank 0, transport 0
nid005016:26139:26139 [0] NCCL INFO Connected to proxy localRank 0 -> connection 0x150a18003bf8
nid005015:85341:85341 [6] NCCL INFO Channel 08/0 : 6[d9000] -> 4[d1000] via P2P/IPC comm 0x5653595b56b0 nRanks 16
nid005015:85339:85460 [1] NCCL INFO New proxy recv connection 84 from local rank 1, transport 0
nid005015:85339:85339 [1] NCCL INFO Connected to proxy localRank 1 -> connection 0x1508ec003b80
nid005015:85343:85343 [5] NCCL INFO Channel 01/0 : 5[d6000] -> 4[d1000] via P2P/IPC comm 0x564db18fa020 nRanks 16
nid005015:85341:85455 [6] NCCL INFO New proxy send connection 86 from local rank 6, transport 0
nid005015:85341:85341 [6] NCCL INFO Connected to proxy localRank 6 -> connection 0x14b8b0003c70
nid005015:85343:85458 [5] NCCL INFO New proxy send connection 84 from local rank 5, transport 0
nid005015:85343:85343 [5] NCCL INFO Connected to proxy localRank 5 -> connection 0x14beec003b80
nid005016:26144:26264 [2] NCCL INFO New proxy recv connection 84 from local rank 2, transport 0
nid005016:26144:26144 [2] NCCL INFO Connected to proxy localRank 2 -> connection 0x147334003b80
nid005015:85340:85340 [3] NCCL INFO Channel 02/0 : 3[ce000] -> 1[c6000] via P2P/IPC comm 0x5652821c3ea0 nRanks 16
nid005015:85340:85454 [3] NCCL INFO New proxy send connection 84 from local rank 3, transport 0
nid005015:85340:85340 [3] NCCL INFO Connected to proxy localRank 3 -> connection 0x145d80003b80
nid005015:85342:85342 [7] NCCL INFO Channel 00/0 : 7[de000] -> 6[d9000] via P2P/IPC comm 0x55b2fdc59f40 nRanks 16
nid005015:85342:85453 [7] NCCL INFO New proxy send connection 84 from local rank 7, transport 0
nid005015:85342:85342 [7] NCCL INFO Connected to proxy localRank 7 -> connection 0x14e188003b80
nid005016:26145:26145 [5] NCCL INFO Channel 00/0 : 13[d6000] -> 12[d1000] via P2P/IPC comm 0x5648b2aaefb0 nRanks 16
nid005016:26145:26259 [5] NCCL INFO New proxy send connection 84 from local rank 5, transport 0
nid005016:26145:26145 [5] NCCL INFO Connected to proxy localRank 5 -> connection 0x14c8dc003b80
nid005016:26140:26258 [1] NCCL INFO New proxy recv connection 84 from local rank 1, transport 0
nid005016:26140:26140 [1] NCCL INFO Connected to proxy localRank 1 -> connection 0x14a994003b80
nid005015:85338:85456 [2] NCCL INFO New proxy recv connection 86 from local rank 2, transport 0
nid005015:85338:85338 [2] NCCL INFO Connected to proxy localRank 2 -> connection 0x148b4c003c70
nid005015:85341:85341 [6] NCCL INFO Channel 12/0 : 6[d9000] -> 4[d1000] via P2P/IPC comm 0x5653595b56b0 nRanks 16
nid005015:85341:85455 [6] NCCL INFO New proxy send connection 87 from local rank 6, transport 0
nid005015:85341:85341 [6] NCCL INFO Connected to proxy localRank 6 -> connection 0x14b8b0003ce8
nid005016:26142:26142 [6] NCCL INFO Channel 09/0 : 14[d9000] -> 12[d1000] via P2P/IPC comm 0x55943fc700c0 nRanks 16
nid005016:26142:26260 [6] NCCL INFO New proxy send connection 86 from local rank 6, transport 0
nid005016:26142:26142 [6] NCCL INFO Connected to proxy localRank 6 -> connection 0x151d80003c70
nid005015:85343:85343 [5] NCCL INFO Channel 02/0 : 5[d6000] -> 4[d1000] via P2P/IPC comm 0x564db18fa020 nRanks 16
nid005015:85343:85458 [5] NCCL INFO New proxy send connection 85 from local rank 5, transport 0
nid005015:85343:85343 [5] NCCL INFO Connected to proxy localRank 5 -> connection 0x14beec003bf8
nid005015:85339:85460 [1] NCCL INFO New proxy recv connection 85 from local rank 1, transport 0
nid005015:85339:85339 [1] NCCL INFO Connected to proxy localRank 1 -> connection 0x1508ec003bf8
nid005016:26141:26141 [3] NCCL INFO Channel 03/0 : 11[ce000] -> 9[c6000] via P2P/IPC comm 0x563ddb79ccb0 nRanks 16
nid005016:26146:26146 [7] NCCL INFO Channel 01/0 : 15[de000] -> 14[d9000] via P2P/IPC comm 0x561ab40230b0 nRanks 16
nid005016:26141:26261 [3] NCCL INFO New proxy send connection 84 from local rank 3, transport 0
nid005016:26141:26141 [3] NCCL INFO Connected to proxy localRank 3 -> connection 0x14fb60003b80
nid005016:26146:26263 [7] NCCL INFO New proxy send connection 84 from local rank 7, transport 0
nid005016:26146:26146 [7] NCCL INFO Connected to proxy localRank 7 -> connection 0x147d44003b80
nid005016:26139:26262 [0] NCCL INFO New proxy recv connection 86 from local rank 0, transport 0
nid005016:26139:26139 [0] NCCL INFO Connected to proxy localRank 0 -> connection 0x150a18003c70
nid005015:85337:85459 [0] NCCL INFO New proxy recv connection 86 from local rank 0, transport 0
nid005015:85337:85337 [0] NCCL INFO Connected to proxy localRank 0 -> connection 0x146024003c70
nid005015:85342:85342 [7] NCCL INFO Channel 03/0 : 7[de000] -> 6[d9000] via P2P/IPC comm 0x55b2fdc59f40 nRanks 16
nid005015:85342:85453 [7] NCCL INFO New proxy send connection 85 from local rank 7, transport 0
nid005015:85342:85342 [7] NCCL INFO Connected to proxy localRank 7 -> connection 0x14e188003bf8
nid005015:85340:85340 [3] NCCL INFO Channel 06/0 : 3[ce000] -> 1[c6000] via P2P/IPC comm 0x5652821c3ea0 nRanks 16
nid005015:85340:85454 [3] NCCL INFO New proxy send connection 85 from local rank 3, transport 0
nid005015:85340:85340 [3] NCCL INFO Connected to proxy localRank 3 -> connection 0x145d80003bf8
nid005016:26144:26264 [2] NCCL INFO New proxy recv connection 85 from local rank 2, transport 0
nid005016:26144:26144 [2] NCCL INFO Connected to proxy localRank 2 -> connection 0x147334003bf8
nid005016:26145:26145 [5] NCCL INFO Channel 03/0 : 13[d6000] -> 12[d1000] via P2P/IPC comm 0x5648b2aaefb0 nRanks 16
nid005016:26145:26259 [5] NCCL INFO New proxy send connection 85 from local rank 5, transport 0
nid005016:26145:26145 [5] NCCL INFO Connected to proxy localRank 5 -> connection 0x14c8dc003bf8
nid005016:26140:26258 [1] NCCL INFO New proxy recv connection 85 from local rank 1, transport 0
nid005016:26140:26140 [1] NCCL INFO Connected to proxy localRank 1 -> connection 0x14a994003bf8
nid005015:85341:85455 [6] NCCL INFO New proxy recv connection 88 from local rank 6, transport 0
nid005015:85341:85341 [6] NCCL INFO Connected to proxy localRank 6 -> connection 0x14b8b0003d60
nid005015:85344:85457 [4] NCCL INFO New proxy recv connection 88 from local rank 4, transport 0
nid005015:85344:85344 [4] NCCL INFO Connected to proxy localRank 4 -> connection 0x14b174003d60
nid005015:85338:85456 [2] NCCL INFO New proxy recv connection 87 from local rank 2, transport 0
nid005015:85338:85338 [2] NCCL INFO Connected to proxy localRank 2 -> connection 0x148b4c003ce8
nid005015:85339:85460 [1] NCCL INFO New proxy recv connection 86 from local rank 1, transport 0
nid005015:85339:85339 [1] NCCL INFO Connected to proxy localRank 1 -> connection 0x1508ec003c70
nid005015:85343:85343 [5] NCCL INFO Channel 05/0 : 5[d6000] -> 4[d1000] via P2P/IPC comm 0x564db18fa020 nRanks 16
nid005015:85343:85458 [5] NCCL INFO New proxy send connection 86 from local rank 5, transport 0
nid005015:85343:85343 [5] NCCL INFO Connected to proxy localRank 5 -> connection 0x14beec003c70
nid005016:26142:26142 [6] NCCL INFO Channel 13/0 : 14[d9000] -> 12[d1000] via P2P/IPC comm 0x55943fc700c0 nRanks 16
nid005016:26142:26260 [6] NCCL INFO New proxy send connection 87 from local rank 6, transport 0
nid005016:26142:26142 [6] NCCL INFO Connected to proxy localRank 6 -> connection 0x151d80003ce8
nid005016:26146:26146 [7] NCCL INFO Channel 02/0 : 15[de000] -> 14[d9000] via P2P/IPC comm 0x561ab40230b0 nRanks 16
nid005016:26146:26263 [7] NCCL INFO New proxy send connection 85 from local rank 7, transport 0
nid005016:26146:26146 [7] NCCL INFO Connected to proxy localRank 7 -> connection 0x147d44003bf8
nid005015:85340:85340 [3] NCCL INFO Channel 10/0 : 3[ce000] -> 1[c6000] via P2P/IPC comm 0x5652821c3ea0 nRanks 16
nid005015:85340:85454 [3] NCCL INFO New proxy send connection 86 from local rank 3, transport 0
nid005015:85340:85340 [3] NCCL INFO Connected to proxy localRank 3 -> connection 0x145d80003c70
nid005015:85342:85342 [7] NCCL INFO Channel 04/0 : 7[de000] -> 6[d9000] via P2P/IPC comm 0x55b2fdc59f40 nRanks 16
nid005015:85342:85453 [7] NCCL INFO New proxy send connection 86 from local rank 7, transport 0
nid005015:85342:85342 [7] NCCL INFO Connected to proxy localRank 7 -> connection 0x14e188003c70
nid005016:26139:26262 [0] NCCL INFO New proxy recv connection 87 from local rank 0, transport 0
nid005016:26141:26141 [3] NCCL INFO Channel 07/0 : 11[ce000] -> 9[c6000] via P2P/IPC comm 0x563ddb79ccb0 nRanks 16
nid005016:26139:26139 [0] NCCL INFO Connected to proxy localRank 0 -> connection 0x150a18003ce8
nid005016:26141:26261 [3] NCCL INFO New proxy send connection 85 from local rank 3, transport 0
nid005016:26141:26141 [3] NCCL INFO Connected to proxy localRank 3 -> connection 0x14fb60003bf8
nid005016:26145:26145 [5] NCCL INFO Channel 04/0 : 13[d6000] -> 12[d1000] via P2P/IPC comm 0x5648b2aaefb0 nRanks 16
nid005016:26145:26259 [5] NCCL INFO New proxy send connection 86 from local rank 5, transport 0
nid005016:26145:26145 [5] NCCL INFO Connected to proxy localRank 5 -> connection 0x14c8dc003c70
nid005015:85337:85459 [0] NCCL INFO New proxy recv connection 87 from local rank 0, transport 0
nid005015:85337:85337 [0] NCCL INFO Connected to proxy localRank 0 -> connection 0x146024003ce8
nid005016:26144:26264 [2] NCCL INFO New proxy recv connection 86 from local rank 2, transport 0
nid005016:26144:26144 [2] NCCL INFO Connected to proxy localRank 2 -> connection 0x147334003c70
nid005015:85341:85455 [6] NCCL INFO New proxy recv connection 89 from local rank 6, transport 0
nid005015:85341:85341 [6] NCCL INFO Connected to proxy localRank 6 -> connection 0x14b8b0003dd8
nid005016:26140:26258 [1] NCCL INFO New proxy recv connection 86 from local rank 1, transport 0
nid005016:26140:26140 [1] NCCL INFO Connected to proxy localRank 1 -> connection 0x14a994003c70
nid005015:85339:85460 [1] NCCL INFO New proxy recv connection 87 from local rank 1, transport 0
nid005015:85339:85339 [1] NCCL INFO Connected to proxy localRank 1 -> connection 0x1508ec003ce8
nid005015:85343:85343 [5] NCCL INFO Channel 06/0 : 5[d6000] -> 4[d1000] via P2P/IPC comm 0x564db18fa020 nRanks 16
nid005015:85344:85457 [4] NCCL INFO New proxy recv connection 89 from local rank 4, transport 0
nid005015:85343:85458 [5] NCCL INFO New proxy send connection 87 from local rank 5, transport 0
nid005015:85343:85343 [5] NCCL INFO Connected to proxy localRank 5 -> connection 0x14beec003ce8
nid005015:85344:85344 [4] NCCL INFO Connected to proxy localRank 4 -> connection 0x14b174003dd8
nid005015:85338:85456 [2] NCCL INFO New proxy recv connection 88 from local rank 2, transport 0
nid005015:85338:85338 [2] NCCL INFO Connected to proxy localRank 2 -> connection 0x148b4c003d60
nid005015:85340:85340 [3] NCCL INFO Channel 14/0 : 3[ce000] -> 1[c6000] via P2P/IPC comm 0x5652821c3ea0 nRanks 16
nid005015:85340:85454 [3] NCCL INFO New proxy send connection 87 from local rank 3, transport 0
nid005015:85340:85340 [3] NCCL INFO Connected to proxy localRank 3 -> connection 0x145d80003ce8
nid005016:26145:26145 [5] NCCL INFO Channel 07/0 : 13[d6000] -> 12[d1000] via P2P/IPC comm 0x5648b2aaefb0 nRanks 16
nid005016:26145:26259 [5] NCCL INFO New proxy send connection 87 from local rank 5, transport 0
nid005016:26145:26145 [5] NCCL INFO Connected to proxy localRank 5 -> connection 0x14c8dc003ce8
nid005016:26143:26272 [4] NCCL INFO New proxy recv connection 88 from local rank 4, transport 0
nid005016:26143:26143 [4] NCCL INFO Connected to proxy localRank 4 -> connection 0x14d250003d60
nid005016:26142:26260 [6] NCCL INFO New proxy recv connection 88 from local rank 6, transport 0
nid005016:26142:26142 [6] NCCL INFO Connected to proxy localRank 6 -> connection 0x151d80003d60
nid005016:26146:26146 [7] NCCL INFO Channel 05/0 : 15[de000] -> 14[d9000] via P2P/IPC comm 0x561ab40230b0 nRanks 16
nid005016:26146:26263 [7] NCCL INFO New proxy send connection 86 from local rank 7, transport 0
nid005016:26146:26146 [7] NCCL INFO Connected to proxy localRank 7 -> connection 0x147d44003c70
nid005015:85342:85342 [7] NCCL INFO Channel 07/0 : 7[de000] -> 6[d9000] via P2P/IPC comm 0x55b2fdc59f40 nRanks 16
nid005016:26139:26262 [0] NCCL INFO New proxy recv connection 88 from local rank 0, transport 0
nid005015:85342:85453 [7] NCCL INFO New proxy send connection 87 from local rank 7, transport 0
nid005015:85342:85342 [7] NCCL INFO Connected to proxy localRank 7 -> connection 0x14e188003ce8
nid005016:26139:26139 [0] NCCL INFO Connected to proxy localRank 0 -> connection 0x150a18003d60
nid005016:26141:26141 [3] NCCL INFO Channel 11/0 : 11[ce000] -> 9[c6000] via P2P/IPC comm 0x563ddb79ccb0 nRanks 16
nid005016:26141:26261 [3] NCCL INFO New proxy send connection 86 from local rank 3, transport 0
nid005016:26141:26141 [3] NCCL INFO Connected to proxy localRank 3 -> connection 0x14fb60003c70
nid005015:85341:85455 [6] NCCL INFO New proxy recv connection 90 from local rank 6, transport 0
nid005015:85341:85341 [6] NCCL INFO Connected to proxy localRank 6 -> connection 0x14b8b0003e50
nid005016:26144:26264 [2] NCCL INFO New proxy recv connection 87 from local rank 2, transport 0
nid005016:26144:26144 [2] NCCL INFO Connected to proxy localRank 2 -> connection 0x147334003ce8
nid005015:85337:85459 [0] NCCL INFO New proxy recv connection 88 from local rank 0, transport 0
nid005015:85337:85337 [0] NCCL INFO Connected to proxy localRank 0 -> connection 0x146024003d60
nid005015:85343:85343 [5] NCCL INFO Channel 09/0 : 5[d6000] -> 4[d1000] via P2P/IPC comm 0x564db18fa020 nRanks 16
nid005016:26140:26258 [1] NCCL INFO New proxy recv connection 87 from local rank 1, transport 0
nid005015:85343:85458 [5] NCCL INFO New proxy send connection 88 from local rank 5, transport 0
nid005015:85343:85343 [5] NCCL INFO Connected to proxy localRank 5 -> connection 0x14beec003d60
nid005016:26140:26140 [1] NCCL INFO Connected to proxy localRank 1 -> connection 0x14a994003ce8
nid005015:85344:85457 [4] NCCL INFO New proxy recv connection 90 from local rank 4, transport 0
nid005015:85344:85344 [4] NCCL INFO Connected to proxy localRank 4 -> connection 0x14b174003e50
nid005015:85339:85339 [1] NCCL INFO Channel 00/0 : 1[c6000] -> 0[c1000] via P2P/IPC comm 0x55f768ab8660 nRanks 16
nid005015:85339:85460 [1] NCCL INFO New proxy send connection 88 from local rank 1, transport 0
nid005015:85340:85340 [3] NCCL INFO Channel 01/0 : 3[ce000] -> 2[c9000] via P2P/IPC comm 0x5652821c3ea0 nRanks 16
nid005015:85340:85454 [3] NCCL INFO New proxy send connection 88 from local rank 3, transport 0
nid005016:26145:26145 [5] NCCL INFO Channel 08/0 : 13[d6000] -> 12[d1000] via P2P/IPC comm 0x5648b2aaefb0 nRanks 16
nid005015:85339:85339 [1] NCCL INFO Connected to proxy localRank 1 -> connection 0x1508ec003d60
nid005015:85340:85340 [3] NCCL INFO Connected to proxy localRank 3 -> connection 0x145d80003d60
nid005016:26145:26259 [5] NCCL INFO New proxy send connection 88 from local rank 5, transport 0
nid005016:26145:26145 [5] NCCL INFO Connected to proxy localRank 5 -> connection 0x14c8dc003d60
nid005016:26143:26272 [4] NCCL INFO New proxy recv connection 89 from local rank 4, transport 0
nid005016:26143:26143 [4] NCCL INFO Connected to proxy localRank 4 -> connection 0x14d250003dd8
nid005015:85338:85456 [2] NCCL INFO New proxy recv connection 89 from local rank 2, transport 0
nid005015:85338:85338 [2] NCCL INFO Connected to proxy localRank 2 -> connection 0x148b4c003dd8
nid005015:85341:85455 [6] NCCL INFO New proxy recv connection 91 from local rank 6, transport 0
nid005015:85341:85341 [6] NCCL INFO Connected to proxy localRank 6 -> connection 0x14b8b0003ec8
nid005016:26142:26260 [6] NCCL INFO New proxy recv connection 89 from local rank 6, transport 0
nid005016:26142:26142 [6] NCCL INFO Connected to proxy localRank 6 -> connection 0x151d80003dd8
nid005016:26146:26146 [7] NCCL INFO Channel 06/0 : 15[de000] -> 14[d9000] via P2P/IPC comm 0x561ab40230b0 nRanks 16
nid005016:26146:26263 [7] NCCL INFO New proxy send connection 87 from local rank 7, transport 0
nid005016:26146:26146 [7] NCCL INFO Connected to proxy localRank 7 -> connection 0x147d44003ce8
nid005016:26139:26262 [0] NCCL INFO New proxy recv connection 89 from local rank 0, transport 0
nid005015:85342:85342 [7] NCCL INFO Channel 08/0 : 7[de000] -> 6[d9000] via P2P/IPC comm 0x55b2fdc59f40 nRanks 16
nid005016:26139:26139 [0] NCCL INFO Connected to proxy localRank 0 -> connection 0x150a18003dd8
nid005015:85342:85453 [7] NCCL INFO New proxy send connection 88 from local rank 7, transport 0
nid005015:85342:85342 [7] NCCL INFO Connected to proxy localRank 7 -> connection 0x14e188003d60
nid005016:26144:26264 [2] NCCL INFO New proxy recv connection 88 from local rank 2, transport 0
nid005016:26144:26144 [2] NCCL INFO Connected to proxy localRank 2 -> connection 0x147334003d60
nid005016:26141:26141 [3] NCCL INFO Channel 15/0 : 11[ce000] -> 9[c6000] via P2P/IPC comm 0x563ddb79ccb0 nRanks 16
nid005016:26141:26261 [3] NCCL INFO New proxy send connection 87 from local rank 3, transport 0
nid005016:26141:26141 [3] NCCL INFO Connected to proxy localRank 3 -> connection 0x14fb60003ce8
nid005015:85343:85343 [5] NCCL INFO Channel 10/0 : 5[d6000] -> 4[d1000] via P2P/IPC comm 0x564db18fa020 nRanks 16
nid005015:85337:85459 [0] NCCL INFO New proxy recv connection 89 from local rank 0, transport 0
nid005015:85337:85337 [0] NCCL INFO Connected to proxy localRank 0 -> connection 0x146024003dd8
nid005015:85343:85458 [5] NCCL INFO New proxy send connection 89 from local rank 5, transport 0
nid005015:85343:85343 [5] NCCL INFO Connected to proxy localRank 5 -> connection 0x14beec003dd8
nid005015:85344:85457 [4] NCCL INFO New proxy recv connection 91 from local rank 4, transport 0
nid005015:85344:85344 [4] NCCL INFO Connected to proxy localRank 4 -> connection 0x14b174003ec8
nid005015:85340:85340 [3] NCCL INFO Channel 03/0 : 3[ce000] -> 2[c9000] via P2P/IPC comm 0x5652821c3ea0 nRanks 16
nid005015:85340:85454 [3] NCCL INFO New proxy send connection 89 from local rank 3, transport 0
nid005015:85339:85339 [1] NCCL INFO Channel 02/0 : 1[c6000] -> 0[c1000] via P2P/IPC comm 0x55f768ab8660 nRanks 16
nid005015:85339:85460 [1] NCCL INFO New proxy send connection 89 from local rank 1, transport 0
nid005015:85340:85340 [3] NCCL INFO Connected to proxy localRank 3 -> connection 0x145d80003dd8
nid005015:85339:85339 [1] NCCL INFO Connected to proxy localRank 1 -> connection 0x1508ec003dd8
nid005016:26145:26145 [5] NCCL INFO Channel 11/0 : 13[d6000] -> 12[d1000] via P2P/IPC comm 0x5648b2aaefb0 nRanks 16
nid005016:26145:26259 [5] NCCL INFO New proxy send connection 89 from local rank 5, transport 0
nid005016:26145:26145 [5] NCCL INFO Connected to proxy localRank 5 -> connection 0x14c8dc003dd8
nid005015:85341:85455 [6] NCCL INFO New proxy recv connection 92 from local rank 6, transport 0
nid005015:85341:85341 [6] NCCL INFO Connected to proxy localRank 6 -> connection 0x14b8b0003f40
nid005016:26143:26272 [4] NCCL INFO New proxy recv connection 90 from local rank 4, transport 0
nid005016:26143:26143 [4] NCCL INFO Connected to proxy localRank 4 -> connection 0x14d250003e50
nid005016:26142:26260 [6] NCCL INFO New proxy recv connection 90 from local rank 6, transport 0
nid005016:26142:26142 [6] NCCL INFO Connected to proxy localRank 6 -> connection 0x151d80003e50
nid005015:85338:85456 [2] NCCL INFO New proxy recv connection 90 from local rank 2, transport 0
nid005015:85338:85338 [2] NCCL INFO Connected to proxy localRank 2 -> connection 0x148b4c003e50
nid005016:26146:26146 [7] NCCL INFO Channel 09/0 : 15[de000] -> 14[d9000] via P2P/IPC comm 0x561ab40230b0 nRanks 16
nid005016:26146:26263 [7] NCCL INFO New proxy send connection 88 from local rank 7, transport 0
nid005016:26146:26146 [7] NCCL INFO Connected to proxy localRank 7 -> connection 0x147d44003d60
nid005016:26139:26262 [0] NCCL INFO New proxy recv connection 90 from local rank 0, transport 0
nid005016:26139:26139 [0] NCCL INFO Connected to proxy localRank 0 -> connection 0x150a18003e50
nid005015:85342:85342 [7] NCCL INFO Channel 11/0 : 7[de000] -> 6[d9000] via P2P/IPC comm 0x55b2fdc59f40 nRanks 16
nid005015:85342:85453 [7] NCCL INFO New proxy send connection 89 from local rank 7, transport 0
nid005015:85342:85342 [7] NCCL INFO Connected to proxy localRank 7 -> connection 0x14e188003dd8
nid005016:26144:26264 [2] NCCL INFO New proxy recv connection 89 from local rank 2, transport 0
nid005015:85343:85343 [5] NCCL INFO Channel 13/0 : 5[d6000] -> 4[d1000] via P2P/IPC comm 0x564db18fa020 nRanks 16
nid005015:85339:85339 [1] NCCL INFO Channel 04/0 : 1[c6000] -> 0[c1000] via P2P/IPC comm 0x55f768ab8660 nRanks 16
nid005016:26144:26144 [2] NCCL INFO Connected to proxy localRank 2 -> connection 0x147334003dd8
nid005015:85343:85458 [5] NCCL INFO New proxy send connection 90 from local rank 5, transport 0
nid005015:85340:85340 [3] NCCL INFO Channel 05/0 : 3[ce000] -> 2[c9000] via P2P/IPC comm 0x5652821c3ea0 nRanks 16
nid005015:85340:85454 [3] NCCL INFO New proxy send connection 90 from local rank 3, transport 0
nid005015:85340:85340 [3] NCCL INFO Connected to proxy localRank 3 -> connection 0x145d80003e50
nid005015:85339:85460 [1] NCCL INFO New proxy send connection 90 from local rank 1, transport 0
nid005015:85339:85339 [1] NCCL INFO Connected to proxy localRank 1 -> connection 0x1508ec003e50
nid005015:85343:85343 [5] NCCL INFO Connected to proxy localRank 5 -> connection 0x14beec003e50
nid005016:26145:26145 [5] NCCL INFO Channel 12/0 : 13[d6000] -> 12[d1000] via P2P/IPC comm 0x5648b2aaefb0 nRanks 16
nid005016:26145:26259 [5] NCCL INFO New proxy send connection 90 from local rank 5, transport 0
nid005016:26145:26145 [5] NCCL INFO Connected to proxy localRank 5 -> connection 0x14c8dc003e50
nid005016:26140:26140 [1] NCCL INFO Channel 01/0 : 9[c6000] -> 8[c1000] via P2P/IPC comm 0x560201cd0140 nRanks 16
nid005016:26141:26141 [3] NCCL INFO Channel 00/0 : 11[ce000] -> 10[c9000] via P2P/IPC comm 0x563ddb79ccb0 nRanks 16
nid005016:26140:26258 [1] NCCL INFO New proxy send connection 88 from local rank 1, transport 0
nid005015:85344:85457 [4] NCCL INFO New proxy recv connection 92 from local rank 4, transport 0
nid005015:85344:85344 [4] NCCL INFO Connected to proxy localRank 4 -> connection 0x14b174003f40
nid005016:26140:26140 [1] NCCL INFO Connected to proxy localRank 1 -> connection 0x14a994003d60
nid005016:26141:26261 [3] NCCL INFO New proxy send connection 88 from local rank 3, transport 0
nid005016:26141:26141 [3] NCCL INFO Connected to proxy localRank 3 -> connection 0x14fb60003d60
nid005015:85337:85459 [0] NCCL INFO New proxy recv connection 90 from local rank 0, transport 0
nid005015:85337:85337 [0] NCCL INFO Connected to proxy localRank 0 -> connection 0x146024003e50
nid005015:85341:85455 [6] NCCL INFO New proxy recv connection 93 from local rank 6, transport 0
nid005015:85341:85341 [6] NCCL INFO Connected to proxy localRank 6 -> connection 0x14b8b0003fb8
nid005016:26143:26272 [4] NCCL INFO New proxy recv connection 91 from local rank 4, transport 0
nid005016:26143:26143 [4] NCCL INFO Connected to proxy localRank 4 -> connection 0x14d250003ec8
nid005016:26142:26260 [6] NCCL INFO New proxy recv connection 91 from local rank 6, transport 0
nid005016:26142:26142 [6] NCCL INFO Connected to proxy localRank 6 -> connection 0x151d80003ec8
nid005016:26146:26146 [7] NCCL INFO Channel 10/0 : 15[de000] -> 14[d9000] via P2P/IPC comm 0x561ab40230b0 nRanks 16
nid005016:26146:26263 [7] NCCL INFO New proxy send connection 89 from local rank 7, transport 0
nid005015:85339:85339 [1] NCCL INFO Channel 06/0 : 1[c6000] -> 0[c1000] via P2P/IPC comm 0x55f768ab8660 nRanks 16
nid005015:85339:85460 [1] NCCL INFO New proxy send connection 91 from local rank 1, transport 0
nid005015:85339:85339 [1] NCCL INFO Connected to proxy localRank 1 -> connection 0x1508ec003ec8
nid005015:85340:85340 [3] NCCL INFO Channel 07/0 : 3[ce000] -> 2[c9000] via P2P/IPC comm 0x5652821c3ea0 nRanks 16
nid005015:85340:85454 [3] NCCL INFO New proxy send connection 91 from local rank 3, transport 0
nid005015:85340:85340 [3] NCCL INFO Connected to proxy localRank 3 -> connection 0x145d80003ec8
nid005016:26146:26146 [7] NCCL INFO Connected to proxy localRank 7 -> connection 0x147d44003dd8
nid005016:26145:26145 [5] NCCL INFO Channel 15/0 : 13[d6000] -> 12[d1000] via P2P/IPC comm 0x5648b2aaefb0 nRanks 16
nid005016:26145:26259 [5] NCCL INFO New proxy send connection 91 from local rank 5, transport 0
nid005016:26145:26145 [5] NCCL INFO Connected to proxy localRank 5 -> connection 0x14c8dc003ec8
nid005015:85338:85456 [2] NCCL INFO New proxy recv connection 91 from local rank 2, transport 0
nid005015:85338:85338 [2] NCCL INFO Connected to proxy localRank 2 -> connection 0x148b4c003ec8
nid005015:85343:85343 [5] NCCL INFO Channel 14/0 : 5[d6000] -> 4[d1000] via P2P/IPC comm 0x564db18fa020 nRanks 16
nid005015:85343:85458 [5] NCCL INFO New proxy send connection 91 from local rank 5, transport 0
nid005016:26139:26262 [0] NCCL INFO New proxy recv connection 91 from local rank 0, transport 0
nid005015:85343:85343 [5] NCCL INFO Connected to proxy localRank 5 -> connection 0x14beec003ec8
nid005016:26139:26139 [0] NCCL INFO Connected to proxy localRank 0 -> connection 0x150a18003ec8
nid005015:85344:85457 [4] NCCL INFO New proxy recv connection 93 from local rank 4, transport 0
nid005015:85342:85342 [7] NCCL INFO Channel 12/0 : 7[de000] -> 6[d9000] via P2P/IPC comm 0x55b2fdc59f40 nRanks 16
nid005015:85344:85344 [4] NCCL INFO Connected to proxy localRank 4 -> connection 0x14b174003fb8
nid005015:85342:85453 [7] NCCL INFO New proxy send connection 90 from local rank 7, transport 0
nid005015:85342:85342 [7] NCCL INFO Connected to proxy localRank 7 -> connection 0x14e188003e50
nid005015:85341:85455 [6] NCCL INFO New proxy recv connection 94 from local rank 6, transport 0
nid005015:85341:85341 [6] NCCL INFO Connected to proxy localRank 6 -> connection 0x14b8b0004030
nid005016:26144:26264 [2] NCCL INFO New proxy recv connection 90 from local rank 2, transport 0
nid005016:26144:26144 [2] NCCL INFO Connected to proxy localRank 2 -> connection 0x147334003e50
nid005016:26140:26140 [1] NCCL INFO Channel 03/0 : 9[c6000] -> 8[c1000] via P2P/IPC comm 0x560201cd0140 nRanks 16
nid005016:26140:26258 [1] NCCL INFO New proxy send connection 89 from local rank 1, transport 0
nid005016:26140:26140 [1] NCCL INFO Connected to proxy localRank 1 -> connection 0x14a994003dd8
nid005016:26141:26141 [3] NCCL INFO Channel 02/0 : 11[ce000] -> 10[c9000] via P2P/IPC comm 0x563ddb79ccb0 nRanks 16
nid005016:26141:26261 [3] NCCL INFO New proxy send connection 89 from local rank 3, transport 0
nid005016:26141:26141 [3] NCCL INFO Connected to proxy localRank 3 -> connection 0x14fb60003dd8
nid005015:85337:85459 [0] NCCL INFO New proxy recv connection 91 from local rank 0, transport 0
nid005015:85337:85337 [0] NCCL INFO Connected to proxy localRank 0 -> connection 0x146024003ec8
nid005016:26143:26272 [4] NCCL INFO New proxy recv connection 92 from local rank 4, transport 0
nid005016:26143:26143 [4] NCCL INFO Connected to proxy localRank 4 -> connection 0x14d250003f40
nid005015:85339:85339 [1] NCCL INFO Channel 08/0 : 1[c6000] -> 0[c1000] via P2P/IPC comm 0x55f768ab8660 nRanks 16
nid005015:85340:85340 [3] NCCL INFO Channel 09/0 : 3[ce000] -> 2[c9000] via P2P/IPC comm 0x5652821c3ea0 nRanks 16
nid005015:85339:85460 [1] NCCL INFO New proxy send connection 92 from local rank 1, transport 0
nid005015:85339:85339 [1] NCCL INFO Connected to proxy localRank 1 -> connection 0x1508ec003f40
nid005015:85340:85454 [3] NCCL INFO New proxy send connection 92 from local rank 3, transport 0
nid005015:85340:85340 [3] NCCL INFO Connected to proxy localRank 3 -> connection 0x145d80003f40
nid005016:26142:26260 [6] NCCL INFO New proxy recv connection 92 from local rank 6, transport 0
nid005016:26142:26142 [6] NCCL INFO Connected to proxy localRank 6 -> connection 0x151d80003f40
nid005015:85341:85455 [6] NCCL INFO New proxy recv connection 95 from local rank 6, transport 0
nid005015:85341:85341 [6] NCCL INFO Connected to proxy localRank 6 -> connection 0x14b8b00040a8
nid005016:26146:26146 [7] NCCL INFO Channel 13/0 : 15[de000] -> 14[d9000] via P2P/IPC comm 0x561ab40230b0 nRanks 16
nid005016:26146:26263 [7] NCCL INFO New proxy send connection 90 from local rank 7, transport 0
nid005016:26146:26146 [7] NCCL INFO Connected to proxy localRank 7 -> connection 0x147d44003e50
nid005015:85344:85457 [4] NCCL INFO New proxy recv connection 94 from local rank 4, transport 0
nid005015:85344:85344 [4] NCCL INFO Connected to proxy localRank 4 -> connection 0x14b174004030
nid005015:85342:85342 [7] NCCL INFO Channel 15/0 : 7[de000] -> 6[d9000] via P2P/IPC comm 0x55b2fdc59f40 nRanks 16
nid005015:85342:85453 [7] NCCL INFO New proxy send connection 91 from local rank 7, transport 0
nid005015:85342:85342 [7] NCCL INFO Connected to proxy localRank 7 -> connection 0x14e188003ec8
nid005016:26140:26140 [1] NCCL INFO Channel 05/0 : 9[c6000] -> 8[c1000] via P2P/IPC comm 0x560201cd0140 nRanks 16
nid005016:26140:26258 [1] NCCL INFO New proxy send connection 90 from local rank 1, transport 0
nid005016:26140:26140 [1] NCCL INFO Connected to proxy localRank 1 -> connection 0x14a994003e50
nid005016:26141:26141 [3] NCCL INFO Channel 04/0 : 11[ce000] -> 10[c9000] via P2P/IPC comm 0x563ddb79ccb0 nRanks 16
nid005016:26141:26261 [3] NCCL INFO New proxy send connection 90 from local rank 3, transport 0
nid005016:26141:26141 [3] NCCL INFO Connected to proxy localRank 3 -> connection 0x14fb60003e50
nid005016:26144:26264 [2] NCCL INFO New proxy recv connection 91 from local rank 2, transport 0
nid005016:26144:26144 [2] NCCL INFO Connected to proxy localRank 2 -> connection 0x147334003ec8
nid005016:26143:26272 [4] NCCL INFO New proxy recv connection 93 from local rank 4, transport 0
nid005016:26143:26143 [4] NCCL INFO Connected to proxy localRank 4 -> connection 0x14d250003fb8
nid005015:85340:85340 [3] NCCL INFO Channel 11/0 : 3[ce000] -> 2[c9000] via P2P/IPC comm 0x5652821c3ea0 nRanks 16
nid005015:85339:85339 [1] NCCL INFO Channel 10/0 : 1[c6000] -> 0[c1000] via P2P/IPC comm 0x55f768ab8660 nRanks 16
nid005015:85339:85460 [1] NCCL INFO New proxy send connection 93 from local rank 1, transport 0
nid005015:85340:85454 [3] NCCL INFO New proxy send connection 93 from local rank 3, transport 0
nid005015:85340:85340 [3] NCCL INFO Connected to proxy localRank 3 -> connection 0x145d80003fb8
nid005015:85339:85339 [1] NCCL INFO Connected to proxy localRank 1 -> connection 0x1508ec003fb8
nid005016:26142:26260 [6] NCCL INFO New proxy recv connection 93 from local rank 6, transport 0
nid005015:85344:85457 [4] NCCL INFO New proxy recv connection 95 from local rank 4, transport 0
nid005015:85344:85344 [4] NCCL INFO Connected to proxy localRank 4 -> connection 0x14b1740040a8
nid005016:26142:26142 [6] NCCL INFO Connected to proxy localRank 6 -> connection 0x151d80003fb8
nid005016:26146:26146 [7] NCCL INFO Channel 14/0 : 15[de000] -> 14[d9000] via P2P/IPC comm 0x561ab40230b0 nRanks 16
nid005016:26146:26263 [7] NCCL INFO New proxy send connection 91 from local rank 7, transport 0
nid005016:26146:26146 [7] NCCL INFO Connected to proxy localRank 7 -> connection 0x147d44003ec8
nid005016:26140:26140 [1] NCCL INFO Channel 07/0 : 9[c6000] -> 8[c1000] via P2P/IPC comm 0x560201cd0140 nRanks 16
nid005016:26140:26258 [1] NCCL INFO New proxy send connection 91 from local rank 1, transport 0
nid005016:26140:26140 [1] NCCL INFO Connected to proxy localRank 1 -> connection 0x14a994003ec8
nid005016:26141:26141 [3] NCCL INFO Channel 06/0 : 11[ce000] -> 10[c9000] via P2P/IPC comm 0x563ddb79ccb0 nRanks 16
nid005015:85339:85339 [1] NCCL INFO Channel 12/0 : 1[c6000] -> 0[c1000] via P2P/IPC comm 0x55f768ab8660 nRanks 16
nid005015:85339:85460 [1] NCCL INFO New proxy send connection 94 from local rank 1, transport 0
nid005015:85340:85340 [3] NCCL INFO Channel 13/0 : 3[ce000] -> 2[c9000] via P2P/IPC comm 0x5652821c3ea0 nRanks 16
nid005015:85340:85454 [3] NCCL INFO New proxy send connection 94 from local rank 3, transport 0
nid005015:85339:85339 [1] NCCL INFO Connected to proxy localRank 1 -> connection 0x1508ec004030
nid005015:85340:85340 [3] NCCL INFO Connected to proxy localRank 3 -> connection 0x145d80004030
nid005016:26141:26261 [3] NCCL INFO New proxy send connection 91 from local rank 3, transport 0
nid005016:26141:26141 [3] NCCL INFO Connected to proxy localRank 3 -> connection 0x14fb60003ec8
nid005016:26143:26272 [4] NCCL INFO New proxy recv connection 94 from local rank 4, transport 0
nid005016:26143:26143 [4] NCCL INFO Connected to proxy localRank 4 -> connection 0x14d250004030
nid005016:26142:26260 [6] NCCL INFO New proxy recv connection 94 from local rank 6, transport 0
nid005016:26142:26142 [6] NCCL INFO Connected to proxy localRank 6 -> connection 0x151d80004030
nid005015:85339:85339 [1] NCCL INFO Channel 14/0 : 1[c6000] -> 0[c1000] via P2P/IPC comm 0x55f768ab8660 nRanks 16
nid005015:85339:85460 [1] NCCL INFO New proxy send connection 95 from local rank 1, transport 0
nid005015:85339:85339 [1] NCCL INFO Connected to proxy localRank 1 -> connection 0x1508ec0040a8
nid005015:85340:85340 [3] NCCL INFO Channel 15/0 : 3[ce000] -> 2[c9000] via P2P/IPC comm 0x5652821c3ea0 nRanks 16
nid005015:85340:85454 [3] NCCL INFO New proxy send connection 95 from local rank 3, transport 0
nid005015:85340:85340 [3] NCCL INFO Connected to proxy localRank 3 -> connection 0x145d800040a8
nid005016:26141:26141 [3] NCCL INFO Channel 08/0 : 11[ce000] -> 10[c9000] via P2P/IPC comm 0x563ddb79ccb0 nRanks 16
nid005016:26141:26261 [3] NCCL INFO New proxy send connection 92 from local rank 3, transport 0
nid005016:26141:26141 [3] NCCL INFO Connected to proxy localRank 3 -> connection 0x14fb60003f40
nid005016:26140:26140 [1] NCCL INFO Channel 09/0 : 9[c6000] -> 8[c1000] via P2P/IPC comm 0x560201cd0140 nRanks 16
nid005016:26140:26258 [1] NCCL INFO New proxy send connection 92 from local rank 1, transport 0
nid005016:26140:26140 [1] NCCL INFO Connected to proxy localRank 1 -> connection 0x14a994003f40
nid005016:26143:26272 [4] NCCL INFO New proxy recv connection 95 from local rank 4, transport 0
nid005016:26143:26143 [4] NCCL INFO Connected to proxy localRank 4 -> connection 0x14d2500040a8
nid005016:26142:26260 [6] NCCL INFO New proxy recv connection 95 from local rank 6, transport 0
nid005016:26142:26142 [6] NCCL INFO Connected to proxy localRank 6 -> connection 0x151d800040a8
nid005016:26141:26141 [3] NCCL INFO Channel 10/0 : 11[ce000] -> 10[c9000] via P2P/IPC comm 0x563ddb79ccb0 nRanks 16
nid005016:26141:26261 [3] NCCL INFO New proxy send connection 93 from local rank 3, transport 0
nid005016:26141:26141 [3] NCCL INFO Connected to proxy localRank 3 -> connection 0x14fb60003fb8
nid005016:26140:26140 [1] NCCL INFO Channel 11/0 : 9[c6000] -> 8[c1000] via P2P/IPC comm 0x560201cd0140 nRanks 16
nid005016:26140:26258 [1] NCCL INFO New proxy send connection 93 from local rank 1, transport 0
nid005016:26140:26140 [1] NCCL INFO Connected to proxy localRank 1 -> connection 0x14a994003fb8
nid005016:26141:26141 [3] NCCL INFO Channel 12/0 : 11[ce000] -> 10[c9000] via P2P/IPC comm 0x563ddb79ccb0 nRanks 16
nid005016:26141:26261 [3] NCCL INFO New proxy send connection 94 from local rank 3, transport 0
nid005016:26141:26141 [3] NCCL INFO Connected to proxy localRank 3 -> connection 0x14fb60004030
nid005016:26140:26140 [1] NCCL INFO Channel 13/0 : 9[c6000] -> 8[c1000] via P2P/IPC comm 0x560201cd0140 nRanks 16
nid005016:26140:26258 [1] NCCL INFO New proxy send connection 94 from local rank 1, transport 0
nid005016:26140:26140 [1] NCCL INFO Connected to proxy localRank 1 -> connection 0x14a994004030
nid005016:26140:26140 [1] NCCL INFO Channel 15/0 : 9[c6000] -> 8[c1000] via P2P/IPC comm 0x560201cd0140 nRanks 16
nid005016:26140:26258 [1] NCCL INFO New proxy send connection 95 from local rank 1, transport 0
nid005016:26140:26140 [1] NCCL INFO Connected to proxy localRank 1 -> connection 0x14a9940040a8
nid005016:26141:26141 [3] NCCL INFO Channel 14/0 : 11[ce000] -> 10[c9000] via P2P/IPC comm 0x563ddb79ccb0 nRanks 16
nid005016:26141:26261 [3] NCCL INFO New proxy send connection 95 from local rank 3, transport 0
nid005016:26141:26141 [3] NCCL INFO Connected to proxy localRank 3 -> connection 0x14fb600040a8
  [run 3/6] recording - 15:45:52
