Found EESSI repo @ /cvmfs/software.eessi.io/versions/2025.06!
archdetect says x86_64/amd/zen3
archdetect could not detect any accelerators
Using x86_64/amd/zen3 as software subdirectory.
Found Lmod configuration file at /cvmfs/software.eessi.io/versions/2025.06/software/linux/x86_64/amd/zen3/.lmod/lmodrc.lua
Found Lmod SitePackage.lua file at /cvmfs/software.eessi.io/versions/2025.06/software/linux/x86_64/amd/zen3/.lmod/SitePackage.lua
Using /cvmfs/software.eessi.io/host_injections/2025.06/software/linux/x86_64/amd/zen3 as the site extension directory for installations.
Using  as the site extension directory for accelerated installations.
Using /cvmfs/software.eessi.io/versions/2025.06/software/linux/x86_64/amd/zen3/modules/all as the directory to be added to MODULEPATH.
Using /cvmfs/software.eessi.io/host_injections/2025.06/software/linux/x86_64/amd/zen3/modules/all as the site extension directory to be added to MODULEPATH.
Initializing Lmod...
Prepending /cvmfs/software.eessi.io/versions/2025.06/software/linux/x86_64/amd/zen3/modules/all to $MODULEPATH...
Prepending site path /cvmfs/software.eessi.io/host_injections/2025.06/software/linux/x86_64/amd/zen3/modules/all to $MODULEPATH...
Environment set up to use EESSI (2025.06), have fun!
-- Using /tmp/$USER as a temporary working directory for installations, you can
override this by setting the environment variable WORKING_DIR and reloading the
module (e.g., /dev/shm is a common option) 
Configuring for use of EESSI_USER_INSTALL under /users/joglekar/eessi
-- To create installations for EESSI, you _must_ have write permissions to
/users/joglekar/eessi/versions/2025.06/software/linux/x86_64/amd/zen3 
-- You may wish to configure a sources directory for EasyBuild (for example,
via setting the environment variable EASYBUILD_SOURCEPATH) to allow you to
reuse existing sources for packages. 
[setup_eessi] mpirun=/users/joglekar/eessi/versions/2025.06/software/linux/x86_64/amd/zen3/software/OpenMPI/5.0.7-rocm-compilers-19.0.0-ROCm-6.4.1/bin/mpirun  EBROOT=/users/joglekar/eessi/versions/2025.06/software/linux/x86_64/amd/zen3/software/OSU-Micro-Benchmarks/7.5-rompi-2025a
[setup_eessi] FI_PROVIDER=cxi  OMPI_MCA_pml=cm/ofi
GDR_LEVEL=3  NODES=nid005001 nid005005
=== osu_xccl_allreduce -m 1:8192, 90s timeout ===
#Using RCCL
#Using RCCL
#Using RCCL
#Using RCCL
#Using RCCL
#Using RCCL
#Using RCCL
#Using RCCL
#Using RCCL
#Using RCCL
#Using RCCL
#Using RCCL
#Using RCCL
#Using RCCL
#Using RCCL
#Using RCCL
nid005001:57738:57738 [0] NCCL INFO Kernel version: 6.4.0-150600.23.73_15.0.14-cray_shasta_c
nid005001:57738:57738 [0] NCCL INFO Disabled GDRCopy equivalent memory allocation on gfx90a due to GPU architecture
nid005001:57738:57738 [0] NCCL INFO NCCL_SOCKET_IFNAME set to hsn0,hsn1,hsn2,hsn3
nid005001:57738:57738 [0] NCCL INFO Bootstrap : Using hsn0:10.253.52.143<0>
nid005001:57738:57738 [0] NCCL INFO ROCr version 1.1
nid005001:57738:57738 [0] NCCL INFO Dmabuf feature disabled without NCCL_DMABUF_ENABLE=1
nid005001:57738:57738 [0] NCCL INFO Kernel version: 6.4.0-150600.23.73_15.0.14-cray_shasta_c
nid005001:57738:57738 [0] NCCL INFO RCCL version : 2.22.3-Unknown 
HIP version  : 6.4.43483-
ROCm version : 6.4.1.0-9999-unknown
Hostname     : nid005001
Librccl path : /users/joglekar/eessi/versions/2025.06/software/linux/x86_64/amd/zen3/software/RCCL/2.22.3-rocm-compilers-19.0.0-ROCm-6.4.1/lib/librccl.so.1
nid005001:57740:57740 [3] NCCL INFO ROCr version 1.1
nid005001:57740:57740 [3] NCCL INFO Dmabuf feature disabled without NCCL_DMABUF_ENABLE=1
nid005001:57740:57740 [3] NCCL INFO Kernel version: 6.4.0-150600.23.73_15.0.14-cray_shasta_c
nid005001:57740:57740 [3] NCCL INFO Disabled GDRCopy equivalent memory allocation on gfx90a due to GPU architecture
nid005001:57740:57740 [3] NCCL INFO NCCL_SOCKET_IFNAME set to hsn0,hsn1,hsn2,hsn3
nid005001:57741:57741 [1] NCCL INFO ROCr version 1.1
nid005001:57741:57741 [1] NCCL INFO Dmabuf feature disabled without NCCL_DMABUF_ENABLE=1
nid005001:57741:57741 [1] NCCL INFO Kernel version: 6.4.0-150600.23.73_15.0.14-cray_shasta_c
nid005001:57743:57743 [7] NCCL INFO ROCr version 1.1
nid005001:57743:57743 [7] NCCL INFO Dmabuf feature disabled without NCCL_DMABUF_ENABLE=1
nid005001:57741:57741 [1] NCCL INFO Disabled GDRCopy equivalent memory allocation on gfx90a due to GPU architecture
nid005001:57741:57741 [1] NCCL INFO NCCL_SOCKET_IFNAME set to hsn0,hsn1,hsn2,hsn3
nid005001:57743:57743 [7] NCCL INFO Kernel version: 6.4.0-150600.23.73_15.0.14-cray_shasta_c
nid005001:57743:57743 [7] NCCL INFO Disabled GDRCopy equivalent memory allocation on gfx90a due to GPU architecture
nid005001:57743:57743 [7] NCCL INFO NCCL_SOCKET_IFNAME set to hsn0,hsn1,hsn2,hsn3
nid005001:57744:57744 [6] NCCL INFO ROCr version 1.1
nid005001:57744:57744 [6] NCCL INFO Dmabuf feature disabled without NCCL_DMABUF_ENABLE=1
nid005001:57744:57744 [6] NCCL INFO Kernel version: 6.4.0-150600.23.73_15.0.14-cray_shasta_c
nid005001:57745:57745 [5] NCCL INFO ROCr version 1.1
nid005001:57745:57745 [5] NCCL INFO Dmabuf feature disabled without NCCL_DMABUF_ENABLE=1
nid005001:57744:57744 [6] NCCL INFO Disabled GDRCopy equivalent memory allocation on gfx90a due to GPU architecture
nid005001:57744:57744 [6] NCCL INFO NCCL_SOCKET_IFNAME set to hsn0,hsn1,hsn2,hsn3
nid005001:57745:57745 [5] NCCL INFO Kernel version: 6.4.0-150600.23.73_15.0.14-cray_shasta_c
nid005001:57745:57745 [5] NCCL INFO Disabled GDRCopy equivalent memory allocation on gfx90a due to GPU architecture
nid005001:57745:57745 [5] NCCL INFO NCCL_SOCKET_IFNAME set to hsn0,hsn1,hsn2,hsn3
nid005001:57739:57739 [2] NCCL INFO ROCr version 1.1
nid005001:57739:57739 [2] NCCL INFO Dmabuf feature disabled without NCCL_DMABUF_ENABLE=1
nid005001:57739:57739 [2] NCCL INFO Kernel version: 6.4.0-150600.23.73_15.0.14-cray_shasta_c
nid005001:57740:57740 [3] NCCL INFO Bootstrap : Using hsn0:10.253.52.143<0>
nid005001:57740:57740 [3] NCCL INFO RCCL version : 2.22.3-Unknown 
HIP version  : 6.4.43483-
ROCm version : 6.4.1.0-9999-unknown
Hostname     : nid005001
Librccl path : /users/joglekar/eessi/versions/2025.06/software/linux/x86_64/amd/zen3/software/RCCL/2.22.3-rocm-compilers-19.0.0-ROCm-6.4.1/lib/librccl.so.1
nid005001:57739:57739 [2] NCCL INFO Disabled GDRCopy equivalent memory allocation on gfx90a due to GPU architecture
nid005001:57739:57739 [2] NCCL INFO NCCL_SOCKET_IFNAME set to hsn0,hsn1,hsn2,hsn3
nid005001:57742:57742 [4] NCCL INFO ROCr version 1.1
nid005001:57742:57742 [4] NCCL INFO Dmabuf feature disabled without NCCL_DMABUF_ENABLE=1
nid005001:57742:57742 [4] NCCL INFO Kernel version: 6.4.0-150600.23.73_15.0.14-cray_shasta_c
nid005001:57742:57742 [4] NCCL INFO Disabled GDRCopy equivalent memory allocation on gfx90a due to GPU architecture
nid005001:57742:57742 [4] NCCL INFO NCCL_SOCKET_IFNAME set to hsn0,hsn1,hsn2,hsn3
nid005001:57741:57741 [1] NCCL INFO Bootstrap : Using hsn0:10.253.52.143<0>
nid005001:57741:57741 [1] NCCL INFO RCCL version : 2.22.3-Unknown 
HIP version  : 6.4.43483-
ROCm version : 6.4.1.0-9999-unknown
Hostname     : nid005001
Librccl path : /users/joglekar/eessi/versions/2025.06/software/linux/x86_64/amd/zen3/software/RCCL/2.22.3-rocm-compilers-19.0.0-ROCm-6.4.1/lib/librccl.so.1
nid005001:57743:57743 [7] NCCL INFO Bootstrap : Using hsn0:10.253.52.143<0>
nid005001:57743:57743 [7] NCCL INFO RCCL version : 2.22.3-Unknown 
HIP version  : 6.4.43483-
ROCm version : 6.4.1.0-9999-unknown
Hostname     : nid005001
Librccl path : /users/joglekar/eessi/versions/2025.06/software/linux/x86_64/amd/zen3/software/RCCL/2.22.3-rocm-compilers-19.0.0-ROCm-6.4.1/lib/librccl.so.1
nid005001:57744:57744 [6] NCCL INFO Bootstrap : Using hsn0:10.253.52.143<0>
nid005001:57744:57744 [6] NCCL INFO RCCL version : 2.22.3-Unknown 
HIP version  : 6.4.43483-
ROCm version : 6.4.1.0-9999-unknown
Hostname     : nid005001
Librccl path : /users/joglekar/eessi/versions/2025.06/software/linux/x86_64/amd/zen3/software/RCCL/2.22.3-rocm-compilers-19.0.0-ROCm-6.4.1/lib/librccl.so.1
nid005001:57745:57745 [5] NCCL INFO Bootstrap : Using hsn0:10.253.52.143<0>
nid005001:57745:57745 [5] NCCL INFO RCCL version : 2.22.3-Unknown 
HIP version  : 6.4.43483-
ROCm version : 6.4.1.0-9999-unknown
Hostname     : nid005001
Librccl path : /users/joglekar/eessi/versions/2025.06/software/linux/x86_64/amd/zen3/software/RCCL/2.22.3-rocm-compilers-19.0.0-ROCm-6.4.1/lib/librccl.so.1
nid005001:57742:57742 [4] NCCL INFO Bootstrap : Using hsn0:10.253.52.143<0>
nid005001:57742:57742 [4] NCCL INFO RCCL version : 2.22.3-Unknown 
HIP version  : 6.4.43483-
ROCm version : 6.4.1.0-9999-unknown
Hostname     : nid005001
Librccl path : /users/joglekar/eessi/versions/2025.06/software/linux/x86_64/amd/zen3/software/RCCL/2.22.3-rocm-compilers-19.0.0-ROCm-6.4.1/lib/librccl.so.1
nid005001:57739:57739 [2] NCCL INFO Bootstrap : Using hsn0:10.253.52.143<0>
nid005001:57739:57739 [2] NCCL INFO RCCL version : 2.22.3-Unknown 
HIP version  : 6.4.43483-
ROCm version : 6.4.1.0-9999-unknown
Hostname     : nid005001
Librccl path : /users/joglekar/eessi/versions/2025.06/software/linux/x86_64/amd/zen3/software/RCCL/2.22.3-rocm-compilers-19.0.0-ROCm-6.4.1/lib/librccl.so.1
nid005005:93048:93048 [5] NCCL INFO ROCr version 1.1
nid005005:93048:93048 [5] NCCL INFO Dmabuf feature disabled without NCCL_DMABUF_ENABLE=1
nid005005:93044:93044 [0] NCCL INFO ROCr version 1.1
nid005005:93044:93044 [0] NCCL INFO Dmabuf feature disabled without NCCL_DMABUF_ENABLE=1
nid005005:93045:93045 [1] NCCL INFO ROCr version 1.1
nid005005:93045:93045 [1] NCCL INFO Dmabuf feature disabled without NCCL_DMABUF_ENABLE=1
nid005005:93051:93051 [7] NCCL INFO ROCr version 1.1
nid005005:93051:93051 [7] NCCL INFO Dmabuf feature disabled without NCCL_DMABUF_ENABLE=1
nid005005:93046:93046 [4] NCCL INFO ROCr version 1.1
nid005005:93046:93046 [4] NCCL INFO Dmabuf feature disabled without NCCL_DMABUF_ENABLE=1
nid005005:93050:93050 [3] NCCL INFO ROCr version 1.1
nid005005:93050:93050 [3] NCCL INFO Dmabuf feature disabled without NCCL_DMABUF_ENABLE=1
nid005005:93047:93047 [2] NCCL INFO ROCr version 1.1
nid005005:93047:93047 [2] NCCL INFO Dmabuf feature disabled without NCCL_DMABUF_ENABLE=1
nid005005:93049:93049 [6] NCCL INFO ROCr version 1.1
nid005005:93049:93049 [6] NCCL INFO Dmabuf feature disabled without NCCL_DMABUF_ENABLE=1
nid005005:93048:93048 [5] NCCL INFO Kernel version: 6.4.0-150600.23.73_15.0.14-cray_shasta_c
nid005005:93048:93048 [5] NCCL INFO Disabled GDRCopy equivalent memory allocation on gfx90a due to GPU architecture
nid005005:93048:93048 [5] NCCL INFO NCCL_SOCKET_IFNAME set to hsn0,hsn1,hsn2,hsn3
nid005005:93044:93044 [0] NCCL INFO Kernel version: 6.4.0-150600.23.73_15.0.14-cray_shasta_c
nid005005:93044:93044 [0] NCCL INFO Disabled GDRCopy equivalent memory allocation on gfx90a due to GPU architecture
nid005005:93044:93044 [0] NCCL INFO NCCL_SOCKET_IFNAME set to hsn0,hsn1,hsn2,hsn3
nid005005:93046:93046 [4] NCCL INFO Kernel version: 6.4.0-150600.23.73_15.0.14-cray_shasta_c
nid005005:93046:93046 [4] NCCL INFO Disabled GDRCopy equivalent memory allocation on gfx90a due to GPU architecture
nid005005:93046:93046 [4] NCCL INFO NCCL_SOCKET_IFNAME set to hsn0,hsn1,hsn2,hsn3
nid005005:93045:93045 [1] NCCL INFO Kernel version: 6.4.0-150600.23.73_15.0.14-cray_shasta_c
nid005005:93045:93045 [1] NCCL INFO Disabled GDRCopy equivalent memory allocation on gfx90a due to GPU architecture
nid005005:93045:93045 [1] NCCL INFO NCCL_SOCKET_IFNAME set to hsn0,hsn1,hsn2,hsn3
nid005005:93047:93047 [2] NCCL INFO Kernel version: 6.4.0-150600.23.73_15.0.14-cray_shasta_c
nid005005:93047:93047 [2] NCCL INFO Disabled GDRCopy equivalent memory allocation on gfx90a due to GPU architecture
nid005005:93047:93047 [2] NCCL INFO NCCL_SOCKET_IFNAME set to hsn0,hsn1,hsn2,hsn3
nid005005:93051:93051 [7] NCCL INFO Kernel version: 6.4.0-150600.23.73_15.0.14-cray_shasta_c
nid005005:93051:93051 [7] NCCL INFO Disabled GDRCopy equivalent memory allocation on gfx90a due to GPU architecture
nid005005:93051:93051 [7] NCCL INFO NCCL_SOCKET_IFNAME set to hsn0,hsn1,hsn2,hsn3
nid005005:93049:93049 [6] NCCL INFO Kernel version: 6.4.0-150600.23.73_15.0.14-cray_shasta_c
nid005005:93049:93049 [6] NCCL INFO Disabled GDRCopy equivalent memory allocation on gfx90a due to GPU architecture
nid005005:93049:93049 [6] NCCL INFO NCCL_SOCKET_IFNAME set to hsn0,hsn1,hsn2,hsn3
nid005005:93050:93050 [3] NCCL INFO Kernel version: 6.4.0-150600.23.73_15.0.14-cray_shasta_c
nid005005:93050:93050 [3] NCCL INFO Disabled GDRCopy equivalent memory allocation on gfx90a due to GPU architecture
nid005005:93050:93050 [3] NCCL INFO NCCL_SOCKET_IFNAME set to hsn0,hsn1,hsn2,hsn3
nid005005:93044:93044 [0] NCCL INFO Bootstrap : Using hsn0:10.253.52.148<0>
nid005005:93044:93044 [0] NCCL INFO RCCL version : 2.22.3-Unknown 
HIP version  : 6.4.43483-
ROCm version : 6.4.1.0-9999-unknown
Hostname     : nid005005
Librccl path : /users/joglekar/eessi/versions/2025.06/software/linux/x86_64/amd/zen3/software/RCCL/2.22.3-rocm-compilers-19.0.0-ROCm-6.4.1/lib/librccl.so.1
nid005005:93048:93048 [5] NCCL INFO Bootstrap : Using hsn0:10.253.52.148<0>
nid005005:93048:93048 [5] NCCL INFO RCCL version : 2.22.3-Unknown 
HIP version  : 6.4.43483-
ROCm version : 6.4.1.0-9999-unknown
Hostname     : nid005005
Librccl path : /users/joglekar/eessi/versions/2025.06/software/linux/x86_64/amd/zen3/software/RCCL/2.22.3-rocm-compilers-19.0.0-ROCm-6.4.1/lib/librccl.so.1
nid005005:93047:93047 [2] NCCL INFO Bootstrap : Using hsn0:10.253.52.148<0>
nid005005:93047:93047 [2] NCCL INFO RCCL version : 2.22.3-Unknown 
HIP version  : 6.4.43483-
ROCm version : 6.4.1.0-9999-unknown
Hostname     : nid005005
Librccl path : /users/joglekar/eessi/versions/2025.06/software/linux/x86_64/amd/zen3/software/RCCL/2.22.3-rocm-compilers-19.0.0-ROCm-6.4.1/lib/librccl.so.1
nid005005:93051:93051 [7] NCCL INFO Bootstrap : Using hsn0:10.253.52.148<0>
nid005005:93051:93051 [7] NCCL INFO RCCL version : 2.22.3-Unknown 
HIP version  : 6.4.43483-
ROCm version : 6.4.1.0-9999-unknown
Hostname     : nid005005
Librccl path : /users/joglekar/eessi/versions/2025.06/software/linux/x86_64/amd/zen3/software/RCCL/2.22.3-rocm-compilers-19.0.0-ROCm-6.4.1/lib/librccl.so.1
nid005005:93050:93050 [3] NCCL INFO Bootstrap : Using hsn0:10.253.52.148<0>
nid005005:93050:93050 [3] NCCL INFO RCCL version : 2.22.3-Unknown 
HIP version  : 6.4.43483-
ROCm version : 6.4.1.0-9999-unknown
Hostname     : nid005005
Librccl path : /users/joglekar/eessi/versions/2025.06/software/linux/x86_64/amd/zen3/software/RCCL/2.22.3-rocm-compilers-19.0.0-ROCm-6.4.1/lib/librccl.so.1
nid005005:93046:93046 [4] NCCL INFO Bootstrap : Using hsn0:10.253.52.148<0>
nid005005:93046:93046 [4] NCCL INFO RCCL version : 2.22.3-Unknown 
HIP version  : 6.4.43483-
ROCm version : 6.4.1.0-9999-unknown
Hostname     : nid005005
Librccl path : /users/joglekar/eessi/versions/2025.06/software/linux/x86_64/amd/zen3/software/RCCL/2.22.3-rocm-compilers-19.0.0-ROCm-6.4.1/lib/librccl.so.1
nid005005:93045:93045 [1] NCCL INFO Bootstrap : Using hsn0:10.253.52.148<0>
nid005005:93045:93045 [1] NCCL INFO RCCL version : 2.22.3-Unknown 
HIP version  : 6.4.43483-
ROCm version : 6.4.1.0-9999-unknown
Hostname     : nid005005
Librccl path : /users/joglekar/eessi/versions/2025.06/software/linux/x86_64/amd/zen3/software/RCCL/2.22.3-rocm-compilers-19.0.0-ROCm-6.4.1/lib/librccl.so.1
nid005005:93049:93049 [6] NCCL INFO Bootstrap : Using hsn0:10.253.52.148<0>
nid005005:93049:93049 [6] NCCL INFO RCCL version : 2.22.3-Unknown 
HIP version  : 6.4.43483-
ROCm version : 6.4.1.0-9999-unknown
Hostname     : nid005005
Librccl path : /users/joglekar/eessi/versions/2025.06/software/linux/x86_64/amd/zen3/software/RCCL/2.22.3-rocm-compilers-19.0.0-ROCm-6.4.1/lib/librccl.so.1
nid005001:57738:57738 [0] NCCL INFO NET/Plugin: Plugin name set by env to /users/joglekar/eessi/aws-ofi-nccl-scratch/lib/librccl-net.so
nid005001:57738:57738 [0] NCCL INFO NET/Plugin: Failed to find ncclCollNetPlugin_v8 symbol.
nid005001:57738:57738 [0] NCCL INFO NET/Plugin: Failed to find ncclCollNetPlugin symbol (>= v5). ncclCollNetPlugin symbols v4 and lower are not supported.
nid005001:57740:57740 [3] NCCL INFO NET/Plugin: Plugin name set by env to /users/joglekar/eessi/aws-ofi-nccl-scratch/lib/librccl-net.so
nid005001:57740:57740 [3] NCCL INFO NET/Plugin: Failed to find ncclCollNetPlugin_v8 symbol.
nid005001:57740:57740 [3] NCCL INFO NET/Plugin: Failed to find ncclCollNetPlugin symbol (>= v5). ncclCollNetPlugin symbols v4 and lower are not supported.
nid005001:57745:57745 [5] NCCL INFO NET/Plugin: Plugin name set by env to /users/joglekar/eessi/aws-ofi-nccl-scratch/lib/librccl-net.so
nid005001:57745:57745 [5] NCCL INFO NET/Plugin: Failed to find ncclCollNetPlugin_v8 symbol.
nid005001:57745:57745 [5] NCCL INFO NET/Plugin: Failed to find ncclCollNetPlugin symbol (>= v5). ncclCollNetPlugin symbols v4 and lower are not supported.
nid005001:57742:57742 [4] NCCL INFO NET/Plugin: Plugin name set by env to /users/joglekar/eessi/aws-ofi-nccl-scratch/lib/librccl-net.so
nid005001:57742:57742 [4] NCCL INFO NET/Plugin: Failed to find ncclCollNetPlugin_v8 symbol.
nid005001:57742:57742 [4] NCCL INFO NET/Plugin: Failed to find ncclCollNetPlugin symbol (>= v5). ncclCollNetPlugin symbols v4 and lower are not supported.
nid005001:57744:57744 [6] NCCL INFO NET/Plugin: Plugin name set by env to /users/joglekar/eessi/aws-ofi-nccl-scratch/lib/librccl-net.so
nid005001:57744:57744 [6] NCCL INFO NET/Plugin: Failed to find ncclCollNetPlugin_v8 symbol.
nid005001:57744:57744 [6] NCCL INFO NET/Plugin: Failed to find ncclCollNetPlugin symbol (>= v5). ncclCollNetPlugin symbols v4 and lower are not supported.
nid005001:57743:57743 [7] NCCL INFO NET/Plugin: Plugin name set by env to /users/joglekar/eessi/aws-ofi-nccl-scratch/lib/librccl-net.so
nid005001:57743:57743 [7] NCCL INFO NET/Plugin: Failed to find ncclCollNetPlugin_v8 symbol.
nid005001:57743:57743 [7] NCCL INFO NET/Plugin: Failed to find ncclCollNetPlugin symbol (>= v5). ncclCollNetPlugin symbols v4 and lower are not supported.
nid005001:57741:57741 [1] NCCL INFO NET/Plugin: Plugin name set by env to /users/joglekar/eessi/aws-ofi-nccl-scratch/lib/librccl-net.so
nid005001:57741:57741 [1] NCCL INFO NET/Plugin: Failed to find ncclCollNetPlugin_v8 symbol.
nid005001:57741:57741 [1] NCCL INFO NET/Plugin: Failed to find ncclCollNetPlugin symbol (>= v5). ncclCollNetPlugin symbols v4 and lower are not supported.
nid005001:57739:57739 [2] NCCL INFO NET/Plugin: Plugin name set by env to /users/joglekar/eessi/aws-ofi-nccl-scratch/lib/librccl-net.so
nid005001:57739:57739 [2] NCCL INFO NET/Plugin: Failed to find ncclCollNetPlugin_v8 symbol.
nid005001:57739:57739 [2] NCCL INFO NET/Plugin: Failed to find ncclCollNetPlugin symbol (>= v5). ncclCollNetPlugin symbols v4 and lower are not supported.
nid005001:57740:57740 [3] NCCL INFO NET/OFI Initializing aws-ofi-nccl 1.19.2
nid005001:57740:57740 [3] NCCL INFO NET/OFI Using Libfabric version 1.22
nid005001:57740:57740 [3] NCCL INFO NET/OFI Using HIP driver version 60443483 with runtime 60443483
nid005001:57742:57742 [4] NCCL INFO NET/OFI Initializing aws-ofi-nccl 1.19.2
nid005001:57742:57742 [4] NCCL INFO NET/OFI Using Libfabric version 1.22
nid005001:57742:57742 [4] NCCL INFO NET/OFI Using HIP driver version 60443483 with runtime 60443483
nid005001:57743:57743 [7] NCCL INFO NET/OFI Initializing aws-ofi-nccl 1.19.2
nid005001:57743:57743 [7] NCCL INFO NET/OFI Using Libfabric version 1.22
nid005001:57743:57743 [7] NCCL INFO NET/OFI Using HIP driver version 60443483 with runtime 60443483
nid005001:57738:57738 [0] NCCL INFO NET/OFI Initializing aws-ofi-nccl 1.19.2
nid005001:57738:57738 [0] NCCL INFO NET/OFI Using Libfabric version 1.22
nid005001:57738:57738 [0] NCCL INFO NET/OFI Using HIP driver version 60443483 with runtime 60443483
nid005001:57739:57739 [2] NCCL INFO NET/OFI Initializing aws-ofi-nccl 1.19.2
nid005001:57739:57739 [2] NCCL INFO NET/OFI Using Libfabric version 1.22
nid005001:57739:57739 [2] NCCL INFO NET/OFI Using HIP driver version 60443483 with runtime 60443483
nid005001:57745:57745 [5] NCCL INFO NET/OFI Initializing aws-ofi-nccl 1.19.2
nid005001:57745:57745 [5] NCCL INFO NET/OFI Using Libfabric version 1.22
nid005001:57745:57745 [5] NCCL INFO NET/OFI Using HIP driver version 60443483 with runtime 60443483
nid005001:57744:57744 [6] NCCL INFO NET/OFI Initializing aws-ofi-nccl 1.19.2
nid005001:57744:57744 [6] NCCL INFO NET/OFI Using Libfabric version 1.22
nid005001:57744:57744 [6] NCCL INFO NET/OFI Using HIP driver version 60443483 with runtime 60443483
nid005001:57741:57741 [1] NCCL INFO NET/OFI Initializing aws-ofi-nccl 1.19.2
nid005001:57741:57741 [1] NCCL INFO NET/OFI Using Libfabric version 1.22
nid005001:57741:57741 [1] NCCL INFO NET/OFI Using HIP driver version 60443483 with runtime 60443483
nid005005:93049:93049 [6] NCCL INFO NET/Plugin: Plugin name set by env to /users/joglekar/eessi/aws-ofi-nccl-scratch/lib/librccl-net.so
nid005005:93049:93049 [6] NCCL INFO NET/Plugin: Failed to find ncclCollNetPlugin_v8 symbol.
nid005005:93049:93049 [6] NCCL INFO NET/Plugin: Failed to find ncclCollNetPlugin symbol (>= v5). ncclCollNetPlugin symbols v4 and lower are not supported.
nid005005:93047:93047 [2] NCCL INFO NET/Plugin: Plugin name set by env to /users/joglekar/eessi/aws-ofi-nccl-scratch/lib/librccl-net.so
nid005005:93047:93047 [2] NCCL INFO NET/Plugin: Failed to find ncclCollNetPlugin_v8 symbol.
nid005005:93047:93047 [2] NCCL INFO NET/Plugin: Failed to find ncclCollNetPlugin symbol (>= v5). ncclCollNetPlugin symbols v4 and lower are not supported.
nid005005:93050:93050 [3] NCCL INFO NET/Plugin: Plugin name set by env to /users/joglekar/eessi/aws-ofi-nccl-scratch/lib/librccl-net.so
nid005005:93050:93050 [3] NCCL INFO NET/Plugin: Failed to find ncclCollNetPlugin_v8 symbol.
nid005005:93050:93050 [3] NCCL INFO NET/Plugin: Failed to find ncclCollNetPlugin symbol (>= v5). ncclCollNetPlugin symbols v4 and lower are not supported.
nid005005:93044:93044 [0] NCCL INFO NET/Plugin: Plugin name set by env to /users/joglekar/eessi/aws-ofi-nccl-scratch/lib/librccl-net.so
nid005005:93044:93044 [0] NCCL INFO NET/Plugin: Failed to find ncclCollNetPlugin_v8 symbol.
nid005005:93044:93044 [0] NCCL INFO NET/Plugin: Failed to find ncclCollNetPlugin symbol (>= v5). ncclCollNetPlugin symbols v4 and lower are not supported.
nid005005:93046:93046 [4] NCCL INFO NET/Plugin: Plugin name set by env to /users/joglekar/eessi/aws-ofi-nccl-scratch/lib/librccl-net.so
nid005005:93046:93046 [4] NCCL INFO NET/Plugin: Failed to find ncclCollNetPlugin_v8 symbol.
nid005005:93046:93046 [4] NCCL INFO NET/Plugin: Failed to find ncclCollNetPlugin symbol (>= v5). ncclCollNetPlugin symbols v4 and lower are not supported.
nid005005:93045:93045 [1] NCCL INFO NET/Plugin: Plugin name set by env to /users/joglekar/eessi/aws-ofi-nccl-scratch/lib/librccl-net.so
nid005005:93045:93045 [1] NCCL INFO NET/Plugin: Failed to find ncclCollNetPlugin_v8 symbol.
nid005005:93045:93045 [1] NCCL INFO NET/Plugin: Failed to find ncclCollNetPlugin symbol (>= v5). ncclCollNetPlugin symbols v4 and lower are not supported.
nid005005:93051:93051 [7] NCCL INFO NET/Plugin: Plugin name set by env to /users/joglekar/eessi/aws-ofi-nccl-scratch/lib/librccl-net.so
nid005005:93051:93051 [7] NCCL INFO NET/Plugin: Failed to find ncclCollNetPlugin_v8 symbol.
nid005005:93051:93051 [7] NCCL INFO NET/Plugin: Failed to find ncclCollNetPlugin symbol (>= v5). ncclCollNetPlugin symbols v4 and lower are not supported.
nid005005:93048:93048 [5] NCCL INFO NET/Plugin: Plugin name set by env to /users/joglekar/eessi/aws-ofi-nccl-scratch/lib/librccl-net.so
nid005005:93048:93048 [5] NCCL INFO NET/Plugin: Failed to find ncclCollNetPlugin_v8 symbol.
nid005005:93048:93048 [5] NCCL INFO NET/Plugin: Failed to find ncclCollNetPlugin symbol (>= v5). ncclCollNetPlugin symbols v4 and lower are not supported.
nid005005:93050:93050 [3] NCCL INFO NET/OFI Initializing aws-ofi-nccl 1.19.2
nid005005:93047:93047 [2] NCCL INFO NET/OFI Initializing aws-ofi-nccl 1.19.2
nid005005:93049:93049 [6] NCCL INFO NET/OFI Initializing aws-ofi-nccl 1.19.2
nid005005:93051:93051 [7] NCCL INFO NET/OFI Initializing aws-ofi-nccl 1.19.2
nid005005:93045:93045 [1] NCCL INFO NET/OFI Initializing aws-ofi-nccl 1.19.2
nid005005:93044:93044 [0] NCCL INFO NET/OFI Initializing aws-ofi-nccl 1.19.2
nid005005:93046:93046 [4] NCCL INFO NET/OFI Initializing aws-ofi-nccl 1.19.2
nid005005:93048:93048 [5] NCCL INFO NET/OFI Initializing aws-ofi-nccl 1.19.2
nid005005:93050:93050 [3] NCCL INFO NET/OFI Using Libfabric version 1.22
nid005005:93050:93050 [3] NCCL INFO NET/OFI Using HIP driver version 60443483 with runtime 60443483
nid005005:93047:93047 [2] NCCL INFO NET/OFI Using Libfabric version 1.22
nid005005:93047:93047 [2] NCCL INFO NET/OFI Using HIP driver version 60443483 with runtime 60443483
nid005005:93051:93051 [7] NCCL INFO NET/OFI Using Libfabric version 1.22
nid005005:93051:93051 [7] NCCL INFO NET/OFI Using HIP driver version 60443483 with runtime 60443483
nid005005:93045:93045 [1] NCCL INFO NET/OFI Using Libfabric version 1.22
nid005005:93045:93045 [1] NCCL INFO NET/OFI Using HIP driver version 60443483 with runtime 60443483
nid005005:93044:93044 [0] NCCL INFO NET/OFI Using Libfabric version 1.22
nid005005:93044:93044 [0] NCCL INFO NET/OFI Using HIP driver version 60443483 with runtime 60443483
nid005005:93046:93046 [4] NCCL INFO NET/OFI Using Libfabric version 1.22
nid005005:93046:93046 [4] NCCL INFO NET/OFI Using HIP driver version 60443483 with runtime 60443483
nid005005:93049:93049 [6] NCCL INFO NET/OFI Using Libfabric version 1.22
nid005005:93049:93049 [6] NCCL INFO NET/OFI Using HIP driver version 60443483 with runtime 60443483
nid005005:93048:93048 [5] NCCL INFO NET/OFI Using Libfabric version 1.22
nid005005:93048:93048 [5] NCCL INFO NET/OFI Using HIP driver version 60443483 with runtime 60443483
nid005001:57744:57744 [6] NCCL INFO NET/OFI Plugin selected platform: Default
nid005001:57744:57744 [6] NCCL INFO NET/OFI No eligible providers were found
nid005001:57744:57744 [6] NCCL INFO NET/OFI Selected provider is cxi, fabric is cxi (found 4 nics)
nid005001:57744:57744 [6] NCCL INFO NET/OFI Using transport protocol SENDRECV
nid005001:57744:57744 [6] NCCL INFO NET/OFI Support for global registrations: false
nid005001:57744:57744 [6] NCCL INFO NET/OFI Support for DMA-BUF registrations: false
nid005001:57745:57745 [5] NCCL INFO NET/OFI Plugin selected platform: Default
nid005001:57745:57745 [5] NCCL INFO NET/OFI No eligible providers were found
nid005001:57744:57744 [6] NCCL INFO NET/OFI MR cache 0 hits 0 misses
nid005001:57744:57744 [6] NCCL INFO Using network Libfabric
nid005001:57745:57745 [5] NCCL INFO NET/OFI Selected provider is cxi, fabric is cxi (found 4 nics)
nid005001:57745:57745 [5] NCCL INFO NET/OFI Using transport protocol SENDRECV
nid005001:57744:57744 [6] NCCL INFO [node_id = 8; gpu_id = 13395; unique_id = 4854050612492892576; location_id = 53504; bdf = 53504; domain = 0; partition = 0], 
nid005001:57744:57744 [6] NCCL INFO [node_id = 7; gpu_id = 3099; unique_id = 7094990947782360372; location_id = 52736; bdf = 52736; domain = 0; partition = 0], 
nid005001:57744:57744 [6] NCCL INFO [node_id = 5; gpu_id = 51740; unique_id = 11334070492339152469; location_id = 50688; bdf = 50688; domain = 0; partition = 0], 
nid005001:57744:57744 [6] NCCL INFO [node_id = 4; gpu_id = 63582; unique_id = 13942932188507108662; location_id = 49408; bdf = 49408; domain = 0; partition = 0], 
nid005001:57744:57744 [6] NCCL INFO [node_id = 6; gpu_id = 15961; unique_id = 15242899769222986640; location_id = 51456; bdf = 51456; domain = 0; partition = 0], 
nid005001:57744:57744 [6] NCCL INFO [node_id = 10; gpu_id = 62036; unique_id = 15831369173408705154; location_id = 55552; bdf = 55552; domain = 0; partition = 0], 
nid005001:57744:57744 [6] NCCL INFO [node_id = 9; gpu_id = 1553; unique_id = 16836454203536993356; location_id = 54784; bdf = 54784; domain = 0; partition = 0], 
nid005001:57744:57744 [6] NCCL INFO [node_id = 11; gpu_id = 49174; unique_id = 17684596761914622676; location_id = 56832; bdf = 56832; domain = 0; partition = 0], 
nid005001:57744:57744 [6] NCCL INFO initialized internal alternative rsmi functionality
nid005001:57745:57745 [5] NCCL INFO NET/OFI Support for global registrations: false
nid005001:57745:57745 [5] NCCL INFO NET/OFI Support for DMA-BUF registrations: false
nid005001:57740:57740 [3] NCCL INFO NET/OFI Plugin selected platform: Default
nid005001:57740:57740 [3] NCCL INFO NET/OFI No eligible providers were found
nid005001:57740:57740 [3] NCCL INFO NET/OFI Selected provider is cxi, fabric is cxi (found 4 nics)
nid005001:57740:57740 [3] NCCL INFO NET/OFI Using transport protocol SENDRECV
nid005001:57745:57745 [5] NCCL INFO NET/OFI MR cache 0 hits 0 misses
nid005001:57745:57745 [5] NCCL INFO Using network Libfabric
nid005001:57745:57745 [5] NCCL INFO [node_id = 8; gpu_id = 13395; unique_id = 4854050612492892576; location_id = 53504; bdf = 53504; domain = 0; partition = 0], 
nid005001:57745:57745 [5] NCCL INFO [node_id = 7; gpu_id = 3099; unique_id = 7094990947782360372; location_id = 52736; bdf = 52736; domain = 0; partition = 0], 
nid005001:57745:57745 [5] NCCL INFO [node_id = 5; gpu_id = 51740; unique_id = 11334070492339152469; location_id = 50688; bdf = 50688; domain = 0; partition = 0], 
nid005001:57745:57745 [5] NCCL INFO [node_id = 4; gpu_id = 63582; unique_id = 13942932188507108662; location_id = 49408; bdf = 49408; domain = 0; partition = 0], 
nid005001:57745:57745 [5] NCCL INFO [node_id = 6; gpu_id = 15961; unique_id = 15242899769222986640; location_id = 51456; bdf = 51456; domain = 0; partition = 0], 
nid005001:57745:57745 [5] NCCL INFO [node_id = 10; gpu_id = 62036; unique_id = 15831369173408705154; location_id = 55552; bdf = 55552; domain = 0; partition = 0], 
nid005001:57745:57745 [5] NCCL INFO [node_id = 9; gpu_id = 1553; unique_id = 16836454203536993356; location_id = 54784; bdf = 54784; domain = 0; partition = 0], 
nid005001:57745:57745 [5] NCCL INFO [node_id = 11; gpu_id = 49174; unique_id = 17684596761914622676; location_id = 56832; bdf = 56832; domain = 0; partition = 0], 
nid005001:57738:57738 [0] NCCL INFO NET/OFI Plugin selected platform: Default
nid005001:57738:57738 [0] NCCL INFO NET/OFI No eligible providers were found
nid005001:57738:57738 [0] NCCL INFO NET/OFI Selected provider is cxi, fabric is cxi (found 4 nics)
nid005001:57738:57738 [0] NCCL INFO NET/OFI Using transport protocol SENDRECV
nid005001:57745:57745 [5] NCCL INFO initialized internal alternative rsmi functionality
nid005001:57740:57740 [3] NCCL INFO NET/OFI Support for global registrations: false
nid005001:57740:57740 [3] NCCL INFO NET/OFI Support for DMA-BUF registrations: false
nid005001:57739:57739 [2] NCCL INFO NET/OFI Plugin selected platform: Default
nid005001:57739:57739 [2] NCCL INFO NET/OFI No eligible providers were found
nid005001:57741:57741 [1] NCCL INFO NET/OFI Plugin selected platform: Default
nid005001:57741:57741 [1] NCCL INFO NET/OFI No eligible providers were found
nid005001:57739:57739 [2] NCCL INFO NET/OFI Selected provider is cxi, fabric is cxi (found 4 nics)
nid005001:57739:57739 [2] NCCL INFO NET/OFI Using transport protocol SENDRECV
nid005001:57741:57741 [1] NCCL INFO NET/OFI Selected provider is cxi, fabric is cxi (found 4 nics)
nid005001:57741:57741 [1] NCCL INFO NET/OFI Using transport protocol SENDRECV
nid005001:57740:57740 [3] NCCL INFO NET/OFI MR cache 0 hits 0 misses
nid005001:57740:57740 [3] NCCL INFO Using network Libfabric
nid005001:57740:57740 [3] NCCL INFO [node_id = 8; gpu_id = 13395; unique_id = 4854050612492892576; location_id = 53504; bdf = 53504; domain = 0; partition = 0], 
nid005001:57740:57740 [3] NCCL INFO [node_id = 7; gpu_id = 3099; unique_id = 7094990947782360372; location_id = 52736; bdf = 52736; domain = 0; partition = 0], 
nid005001:57740:57740 [3] NCCL INFO [node_id = 5; gpu_id = 51740; unique_id = 11334070492339152469; location_id = 50688; bdf = 50688; domain = 0; partition = 0], 
nid005001:57740:57740 [3] NCCL INFO [node_id = 4; gpu_id = 63582; unique_id = 13942932188507108662; location_id = 49408; bdf = 49408; domain = 0; partition = 0], 
nid005001:57740:57740 [3] NCCL INFO [node_id = 6; gpu_id = 15961; unique_id = 15242899769222986640; location_id = 51456; bdf = 51456; domain = 0; partition = 0], 
nid005001:57740:57740 [3] NCCL INFO [node_id = 10; gpu_id = 62036; unique_id = 15831369173408705154; location_id = 55552; bdf = 55552; domain = 0; partition = 0], 
nid005001:57740:57740 [3] NCCL INFO [node_id = 9; gpu_id = 1553; unique_id = 16836454203536993356; location_id = 54784; bdf = 54784; domain = 0; partition = 0], 
nid005001:57740:57740 [3] NCCL INFO [node_id = 11; gpu_id = 49174; unique_id = 17684596761914622676; location_id = 56832; bdf = 56832; domain = 0; partition = 0], 
nid005001:57738:57738 [0] NCCL INFO NET/OFI Support for global registrations: false
nid005001:57738:57738 [0] NCCL INFO NET/OFI Support for DMA-BUF registrations: false
nid005001:57742:57742 [4] NCCL INFO NET/OFI Plugin selected platform: Default
nid005001:57742:57742 [4] NCCL INFO NET/OFI No eligible providers were found
nid005001:57742:57742 [4] NCCL INFO NET/OFI Selected provider is cxi, fabric is cxi (found 4 nics)
nid005001:57742:57742 [4] NCCL INFO NET/OFI Using transport protocol SENDRECV
nid005001:57738:57738 [0] NCCL INFO NET/OFI MR cache 0 hits 0 misses
nid005001:57738:57738 [0] NCCL INFO Using network Libfabric
nid005001:57740:57740 [3] NCCL INFO initialized internal alternative rsmi functionality
nid005001:57738:57738 [0] NCCL INFO [node_id = 8; gpu_id = 13395; unique_id = 4854050612492892576; location_id = 53504; bdf = 53504; domain = 0; partition = 0], 
nid005001:57738:57738 [0] NCCL INFO [node_id = 7; gpu_id = 3099; unique_id = 7094990947782360372; location_id = 52736; bdf = 52736; domain = 0; partition = 0], 
nid005001:57738:57738 [0] NCCL INFO [node_id = 5; gpu_id = 51740; unique_id = 11334070492339152469; location_id = 50688; bdf = 50688; domain = 0; partition = 0], 
nid005001:57738:57738 [0] NCCL INFO [node_id = 4; gpu_id = 63582; unique_id = 13942932188507108662; location_id = 49408; bdf = 49408; domain = 0; partition = 0], 
nid005001:57738:57738 [0] NCCL INFO [node_id = 6; gpu_id = 15961; unique_id = 15242899769222986640; location_id = 51456; bdf = 51456; domain = 0; partition = 0], 
nid005001:57738:57738 [0] NCCL INFO [node_id = 10; gpu_id = 62036; unique_id = 15831369173408705154; location_id = 55552; bdf = 55552; domain = 0; partition = 0], 
nid005001:57738:57738 [0] NCCL INFO [node_id = 9; gpu_id = 1553; unique_id = 16836454203536993356; location_id = 54784; bdf = 54784; domain = 0; partition = 0], 
nid005001:57738:57738 [0] NCCL INFO [node_id = 11; gpu_id = 49174; unique_id = 17684596761914622676; location_id = 56832; bdf = 56832; domain = 0; partition = 0], 
nid005001:57739:57739 [2] NCCL INFO NET/OFI Support for global registrations: false
nid005001:57739:57739 [2] NCCL INFO NET/OFI Support for DMA-BUF registrations: false
nid005001:57741:57741 [1] NCCL INFO NET/OFI Support for global registrations: false
nid005001:57741:57741 [1] NCCL INFO NET/OFI Support for DMA-BUF registrations: false
nid005001:57738:57738 [0] NCCL INFO initialized internal alternative rsmi functionality
nid005001:57739:57739 [2] NCCL INFO NET/OFI MR cache 0 hits 0 misses
nid005001:57739:57739 [2] NCCL INFO Using network Libfabric
nid005001:57741:57741 [1] NCCL INFO NET/OFI MR cache 0 hits 0 misses
nid005001:57741:57741 [1] NCCL INFO Using network Libfabric
nid005001:57739:57739 [2] NCCL INFO [node_id = 8; gpu_id = 13395; unique_id = 4854050612492892576; location_id = 53504; bdf = 53504; domain = 0; partition = 0], 
nid005001:57739:57739 [2] NCCL INFO [node_id = 7; gpu_id = 3099; unique_id = 7094990947782360372; location_id = 52736; bdf = 52736; domain = 0; partition = 0], 
nid005001:57739:57739 [2] NCCL INFO [node_id = 5; gpu_id = 51740; unique_id = 11334070492339152469; location_id = 50688; bdf = 50688; domain = 0; partition = 0], 
nid005001:57739:57739 [2] NCCL INFO [node_id = 4; gpu_id = 63582; unique_id = 13942932188507108662; location_id = 49408; bdf = 49408; domain = 0; partition = 0], 
nid005001:57739:57739 [2] NCCL INFO [node_id = 6; gpu_id = 15961; unique_id = 15242899769222986640; location_id = 51456; bdf = 51456; domain = 0; partition = 0], 
nid005001:57739:57739 [2] NCCL INFO [node_id = 10; gpu_id = 62036; unique_id = 15831369173408705154; location_id = 55552; bdf = 55552; domain = 0; partition = 0], 
nid005001:57739:57739 [2] NCCL INFO [node_id = 9; gpu_id = 1553; unique_id = 16836454203536993356; location_id = 54784; bdf = 54784; domain = 0; partition = 0], 
nid005001:57739:57739 [2] NCCL INFO [node_id = 11; gpu_id = 49174; unique_id = 17684596761914622676; location_id = 56832; bdf = 56832; domain = 0; partition = 0], 
nid005001:57741:57741 [1] NCCL INFO [node_id = 8; gpu_id = 13395; unique_id = 4854050612492892576; location_id = 53504; bdf = 53504; domain = 0; partition = 0], 
nid005001:57741:57741 [1] NCCL INFO [node_id = 7; gpu_id = 3099; unique_id = 7094990947782360372; location_id = 52736; bdf = 52736; domain = 0; partition = 0], 
nid005001:57741:57741 [1] NCCL INFO [node_id = 5; gpu_id = 51740; unique_id = 11334070492339152469; location_id = 50688; bdf = 50688; domain = 0; partition = 0], 
nid005001:57741:57741 [1] NCCL INFO [node_id = 4; gpu_id = 63582; unique_id = 13942932188507108662; location_id = 49408; bdf = 49408; domain = 0; partition = 0], 
nid005001:57741:57741 [1] NCCL INFO [node_id = 6; gpu_id = 15961; unique_id = 15242899769222986640; location_id = 51456; bdf = 51456; domain = 0; partition = 0], 
nid005001:57741:57741 [1] NCCL INFO [node_id = 10; gpu_id = 62036; unique_id = 15831369173408705154; location_id = 55552; bdf = 55552; domain = 0; partition = 0], 
nid005001:57741:57741 [1] NCCL INFO [node_id = 9; gpu_id = 1553; unique_id = 16836454203536993356; location_id = 54784; bdf = 54784; domain = 0; partition = 0], 
nid005001:57741:57741 [1] NCCL INFO [node_id = 11; gpu_id = 49174; unique_id = 17684596761914622676; location_id = 56832; bdf = 56832; domain = 0; partition = 0], 
nid005001:57742:57742 [4] NCCL INFO NET/OFI Support for global registrations: false
nid005001:57742:57742 [4] NCCL INFO NET/OFI Support for DMA-BUF registrations: false
nid005001:57743:57743 [7] NCCL INFO NET/OFI Plugin selected platform: Default
nid005001:57743:57743 [7] NCCL INFO NET/OFI No eligible providers were found
nid005001:57743:57743 [7] NCCL INFO NET/OFI Selected provider is cxi, fabric is cxi (found 4 nics)
nid005001:57743:57743 [7] NCCL INFO NET/OFI Using transport protocol SENDRECV
nid005001:57742:57742 [4] NCCL INFO NET/OFI MR cache 0 hits 0 misses
nid005001:57742:57742 [4] NCCL INFO Using network Libfabric
nid005001:57739:57739 [2] NCCL INFO initialized internal alternative rsmi functionality
nid005001:57742:57742 [4] NCCL INFO [node_id = 8; gpu_id = 13395; unique_id = 4854050612492892576; location_id = 53504; bdf = 53504; domain = 0; partition = 0], 
nid005001:57742:57742 [4] NCCL INFO [node_id = 7; gpu_id = 3099; unique_id = 7094990947782360372; location_id = 52736; bdf = 52736; domain = 0; partition = 0], 
nid005001:57742:57742 [4] NCCL INFO [node_id = 5; gpu_id = 51740; unique_id = 11334070492339152469; location_id = 50688; bdf = 50688; domain = 0; partition = 0], 
nid005001:57742:57742 [4] NCCL INFO [node_id = 4; gpu_id = 63582; unique_id = 13942932188507108662; location_id = 49408; bdf = 49408; domain = 0; partition = 0], 
nid005001:57742:57742 [4] NCCL INFO [node_id = 6; gpu_id = 15961; unique_id = 15242899769222986640; location_id = 51456; bdf = 51456; domain = 0; partition = 0], 
nid005001:57742:57742 [4] NCCL INFO [node_id = 10; gpu_id = 62036; unique_id = 15831369173408705154; location_id = 55552; bdf = 55552; domain = 0; partition = 0], 
nid005001:57742:57742 [4] NCCL INFO [node_id = 9; gpu_id = 1553; unique_id = 16836454203536993356; location_id = 54784; bdf = 54784; domain = 0; partition = 0], 
nid005001:57742:57742 [4] NCCL INFO [node_id = 11; gpu_id = 49174; unique_id = 17684596761914622676; location_id = 56832; bdf = 56832; domain = 0; partition = 0], 
nid005001:57741:57741 [1] NCCL INFO initialized internal alternative rsmi functionality
nid005001:57742:57742 [4] NCCL INFO initialized internal alternative rsmi functionality
nid005001:57743:57743 [7] NCCL INFO NET/OFI Support for global registrations: false
nid005001:57743:57743 [7] NCCL INFO NET/OFI Support for DMA-BUF registrations: false
nid005001:57743:57743 [7] NCCL INFO NET/OFI MR cache 0 hits 0 misses
nid005001:57743:57743 [7] NCCL INFO Using network Libfabric
nid005001:57743:57743 [7] NCCL INFO [node_id = 8; gpu_id = 13395; unique_id = 4854050612492892576; location_id = 53504; bdf = 53504; domain = 0; partition = 0], 
nid005001:57743:57743 [7] NCCL INFO [node_id = 7; gpu_id = 3099; unique_id = 7094990947782360372; location_id = 52736; bdf = 52736; domain = 0; partition = 0], 
nid005001:57743:57743 [7] NCCL INFO [node_id = 5; gpu_id = 51740; unique_id = 11334070492339152469; location_id = 50688; bdf = 50688; domain = 0; partition = 0], 
nid005001:57743:57743 [7] NCCL INFO [node_id = 4; gpu_id = 63582; unique_id = 13942932188507108662; location_id = 49408; bdf = 49408; domain = 0; partition = 0], 
nid005001:57743:57743 [7] NCCL INFO [node_id = 6; gpu_id = 15961; unique_id = 15242899769222986640; location_id = 51456; bdf = 51456; domain = 0; partition = 0], 
nid005001:57743:57743 [7] NCCL INFO [node_id = 10; gpu_id = 62036; unique_id = 15831369173408705154; location_id = 55552; bdf = 55552; domain = 0; partition = 0], 
nid005001:57743:57743 [7] NCCL INFO [node_id = 9; gpu_id = 1553; unique_id = 16836454203536993356; location_id = 54784; bdf = 54784; domain = 0; partition = 0], 
nid005001:57743:57743 [7] NCCL INFO [node_id = 11; gpu_id = 49174; unique_id = 17684596761914622676; location_id = 56832; bdf = 56832; domain = 0; partition = 0], 
nid005001:57743:57743 [7] NCCL INFO initialized internal alternative rsmi functionality
nid005005:93046:93046 [4] NCCL INFO NET/OFI Plugin selected platform: Default
nid005005:93046:93046 [4] NCCL INFO NET/OFI No eligible providers were found
nid005005:93046:93046 [4] NCCL INFO NET/OFI Selected provider is cxi, fabric is cxi (found 4 nics)
nid005005:93046:93046 [4] NCCL INFO NET/OFI Using transport protocol SENDRECV
nid005005:93050:93050 [3] NCCL INFO NET/OFI Plugin selected platform: Default
nid005005:93050:93050 [3] NCCL INFO NET/OFI No eligible providers were found
nid005005:93050:93050 [3] NCCL INFO NET/OFI Selected provider is cxi, fabric is cxi (found 4 nics)
nid005005:93050:93050 [3] NCCL INFO NET/OFI Using transport protocol SENDRECV
nid005005:93048:93048 [5] NCCL INFO NET/OFI Plugin selected platform: Default
nid005005:93048:93048 [5] NCCL INFO NET/OFI No eligible providers were found
nid005005:93047:93047 [2] NCCL INFO NET/OFI Plugin selected platform: Default
nid005005:93047:93047 [2] NCCL INFO NET/OFI No eligible providers were found
nid005005:93048:93048 [5] NCCL INFO NET/OFI Selected provider is cxi, fabric is cxi (found 4 nics)
nid005005:93048:93048 [5] NCCL INFO NET/OFI Using transport protocol SENDRECV
nid005005:93047:93047 [2] NCCL INFO NET/OFI Selected provider is cxi, fabric is cxi (found 4 nics)
nid005005:93047:93047 [2] NCCL INFO NET/OFI Using transport protocol SENDRECV
nid005005:93046:93046 [4] NCCL INFO NET/OFI Support for global registrations: false
nid005005:93046:93046 [4] NCCL INFO NET/OFI Support for DMA-BUF registrations: false
nid005005:93051:93051 [7] NCCL INFO NET/OFI Plugin selected platform: Default
nid005005:93051:93051 [7] NCCL INFO NET/OFI No eligible providers were found
nid005005:93051:93051 [7] NCCL INFO NET/OFI Selected provider is cxi, fabric is cxi (found 4 nics)
nid005005:93051:93051 [7] NCCL INFO NET/OFI Using transport protocol SENDRECV
nid005005:93046:93046 [4] NCCL INFO NET/OFI MR cache 0 hits 0 misses
nid005005:93050:93050 [3] NCCL INFO NET/OFI Support for global registrations: false
nid005005:93050:93050 [3] NCCL INFO NET/OFI Support for DMA-BUF registrations: false
nid005005:93046:93046 [4] NCCL INFO Using network Libfabric
nid005005:93046:93046 [4] NCCL INFO [node_id = 9; gpu_id = 1553; unique_id = 4678298172508712464; location_id = 54784; bdf = 54784; domain = 0; partition = 0], 
nid005005:93046:93046 [4] NCCL INFO [node_id = 11; gpu_id = 49174; unique_id = 8323249148855706344; location_id = 56832; bdf = 56832; domain = 0; partition = 0], 
nid005005:93046:93046 [4] NCCL INFO [node_id = 5; gpu_id = 51740; unique_id = 8389445317889770581; location_id = 50688; bdf = 50688; domain = 0; partition = 0], 
nid005005:93046:93046 [4] NCCL INFO [node_id = 4; gpu_id = 63582; unique_id = 11507667780624484615; location_id = 49408; bdf = 49408; domain = 0; partition = 0], 
nid005005:93046:93046 [4] NCCL INFO [node_id = 6; gpu_id = 15961; unique_id = 12975694143226107653; location_id = 51456; bdf = 51456; domain = 0; partition = 0], 
nid005005:93046:93046 [4] NCCL INFO [node_id = 10; gpu_id = 62036; unique_id = 14736248088277728363; location_id = 55552; bdf = 55552; domain = 0; partition = 0], 
nid005005:93046:93046 [4] NCCL INFO [node_id = 8; gpu_id = 13395; unique_id = 15192327823896347140; location_id = 53504; bdf = 53504; domain = 0; partition = 0], 
nid005005:93046:93046 [4] NCCL INFO [node_id = 7; gpu_id = 3099; unique_id = 15550484704659820414; location_id = 52736; bdf = 52736; domain = 0; partition = 0], 
nid005005:93050:93050 [3] NCCL INFO NET/OFI MR cache 0 hits 0 misses
nid005005:93044:93044 [0] NCCL INFO NET/OFI Plugin selected platform: Default
nid005005:93044:93044 [0] NCCL INFO NET/OFI No eligible providers were found
nid005005:93050:93050 [3] NCCL INFO Using network Libfabric
nid005005:93048:93048 [5] NCCL INFO NET/OFI Support for global registrations: false
nid005005:93048:93048 [5] NCCL INFO NET/OFI Support for DMA-BUF registrations: false
nid005005:93047:93047 [2] NCCL INFO NET/OFI Support for global registrations: false
nid005005:93047:93047 [2] NCCL INFO NET/OFI Support for DMA-BUF registrations: false
nid005005:93050:93050 [3] NCCL INFO [node_id = 9; gpu_id = 1553; unique_id = 4678298172508712464; location_id = 54784; bdf = 54784; domain = 0; partition = 0], 
nid005005:93050:93050 [3] NCCL INFO [node_id = 11; gpu_id = 49174; unique_id = 8323249148855706344; location_id = 56832; bdf = 56832; domain = 0; partition = 0], 
nid005005:93050:93050 [3] NCCL INFO [node_id = 5; gpu_id = 51740; unique_id = 8389445317889770581; location_id = 50688; bdf = 50688; domain = 0; partition = 0], 
nid005005:93050:93050 [3] NCCL INFO [node_id = 4; gpu_id = 63582; unique_id = 11507667780624484615; location_id = 49408; bdf = 49408; domain = 0; partition = 0], 
nid005005:93050:93050 [3] NCCL INFO [node_id = 6; gpu_id = 15961; unique_id = 12975694143226107653; location_id = 51456; bdf = 51456; domain = 0; partition = 0], 
nid005005:93050:93050 [3] NCCL INFO [node_id = 10; gpu_id = 62036; unique_id = 14736248088277728363; location_id = 55552; bdf = 55552; domain = 0; partition = 0], 
nid005005:93050:93050 [3] NCCL INFO [node_id = 8; gpu_id = 13395; unique_id = 15192327823896347140; location_id = 53504; bdf = 53504; domain = 0; partition = 0], 
nid005005:93050:93050 [3] NCCL INFO [node_id = 7; gpu_id = 3099; unique_id = 15550484704659820414; location_id = 52736; bdf = 52736; domain = 0; partition = 0], 
nid005005:93044:93044 [0] NCCL INFO NET/OFI Selected provider is cxi, fabric is cxi (found 4 nics)
nid005005:93044:93044 [0] NCCL INFO NET/OFI Using transport protocol SENDRECV
nid005005:93045:93045 [1] NCCL INFO NET/OFI Plugin selected platform: Default
nid005005:93045:93045 [1] NCCL INFO NET/OFI No eligible providers were found
nid005005:93049:93049 [6] NCCL INFO NET/OFI Plugin selected platform: Default
nid005005:93049:93049 [6] NCCL INFO NET/OFI No eligible providers were found
nid005005:93048:93048 [5] NCCL INFO NET/OFI MR cache 0 hits 0 misses
nid005005:93048:93048 [5] NCCL INFO Using network Libfabric
nid005005:93047:93047 [2] NCCL INFO NET/OFI MR cache 0 hits 0 misses
nid005005:93047:93047 [2] NCCL INFO Using network Libfabric
nid005005:93046:93046 [4] NCCL INFO initialized internal alternative rsmi functionality
nid005005:93045:93045 [1] NCCL INFO NET/OFI Selected provider is cxi, fabric is cxi (found 4 nics)
nid005005:93045:93045 [1] NCCL INFO NET/OFI Using transport protocol SENDRECV
nid005005:93049:93049 [6] NCCL INFO NET/OFI Selected provider is cxi, fabric is cxi (found 4 nics)
nid005005:93049:93049 [6] NCCL INFO NET/OFI Using transport protocol SENDRECV
nid005005:93048:93048 [5] NCCL INFO [node_id = 9; gpu_id = 1553; unique_id = 4678298172508712464; location_id = 54784; bdf = 54784; domain = 0; partition = 0], 
nid005005:93048:93048 [5] NCCL INFO [node_id = 11; gpu_id = 49174; unique_id = 8323249148855706344; location_id = 56832; bdf = 56832; domain = 0; partition = 0], 
nid005005:93048:93048 [5] NCCL INFO [node_id = 5; gpu_id = 51740; unique_id = 8389445317889770581; location_id = 50688; bdf = 50688; domain = 0; partition = 0], 
nid005005:93048:93048 [5] NCCL INFO [node_id = 4; gpu_id = 63582; unique_id = 11507667780624484615; location_id = 49408; bdf = 49408; domain = 0; partition = 0], 
nid005005:93048:93048 [5] NCCL INFO [node_id = 6; gpu_id = 15961; unique_id = 12975694143226107653; location_id = 51456; bdf = 51456; domain = 0; partition = 0], 
nid005005:93048:93048 [5] NCCL INFO [node_id = 10; gpu_id = 62036; unique_id = 14736248088277728363; location_id = 55552; bdf = 55552; domain = 0; partition = 0], 
nid005005:93048:93048 [5] NCCL INFO [node_id = 8; gpu_id = 13395; unique_id = 15192327823896347140; location_id = 53504; bdf = 53504; domain = 0; partition = 0], 
nid005005:93048:93048 [5] NCCL INFO [node_id = 7; gpu_id = 3099; unique_id = 15550484704659820414; location_id = 52736; bdf = 52736; domain = 0; partition = 0], 
nid005005:93047:93047 [2] NCCL INFO [node_id = 9; gpu_id = 1553; unique_id = 4678298172508712464; location_id = 54784; bdf = 54784; domain = 0; partition = 0], 
nid005005:93047:93047 [2] NCCL INFO [node_id = 11; gpu_id = 49174; unique_id = 8323249148855706344; location_id = 56832; bdf = 56832; domain = 0; partition = 0], 
nid005005:93047:93047 [2] NCCL INFO [node_id = 5; gpu_id = 51740; unique_id = 8389445317889770581; location_id = 50688; bdf = 50688; domain = 0; partition = 0], 
nid005005:93047:93047 [2] NCCL INFO [node_id = 4; gpu_id = 63582; unique_id = 11507667780624484615; location_id = 49408; bdf = 49408; domain = 0; partition = 0], 
nid005005:93047:93047 [2] NCCL INFO [node_id = 6; gpu_id = 15961; unique_id = 12975694143226107653; location_id = 51456; bdf = 51456; domain = 0; partition = 0], 
nid005005:93047:93047 [2] NCCL INFO [node_id = 10; gpu_id = 62036; unique_id = 14736248088277728363; location_id = 55552; bdf = 55552; domain = 0; partition = 0], 
nid005005:93047:93047 [2] NCCL INFO [node_id = 8; gpu_id = 13395; unique_id = 15192327823896347140; location_id = 53504; bdf = 53504; domain = 0; partition = 0], 
nid005005:93047:93047 [2] NCCL INFO [node_id = 7; gpu_id = 3099; unique_id = 15550484704659820414; location_id = 52736; bdf = 52736; domain = 0; partition = 0], 
nid005005:93051:93051 [7] NCCL INFO NET/OFI Support for global registrations: false
nid005005:93051:93051 [7] NCCL INFO NET/OFI Support for DMA-BUF registrations: false
nid005005:93050:93050 [3] NCCL INFO initialized internal alternative rsmi functionality
nid005005:93051:93051 [7] NCCL INFO NET/OFI MR cache 0 hits 0 misses
nid005005:93051:93051 [7] NCCL INFO Using network Libfabric
nid005005:93048:93048 [5] NCCL INFO initialized internal alternative rsmi functionality
nid005005:93047:93047 [2] NCCL INFO initialized internal alternative rsmi functionality
nid005005:93051:93051 [7] NCCL INFO [node_id = 9; gpu_id = 1553; unique_id = 4678298172508712464; location_id = 54784; bdf = 54784; domain = 0; partition = 0], 
nid005005:93051:93051 [7] NCCL INFO [node_id = 11; gpu_id = 49174; unique_id = 8323249148855706344; location_id = 56832; bdf = 56832; domain = 0; partition = 0], 
nid005005:93051:93051 [7] NCCL INFO [node_id = 5; gpu_id = 51740; unique_id = 8389445317889770581; location_id = 50688; bdf = 50688; domain = 0; partition = 0], 
nid005005:93051:93051 [7] NCCL INFO [node_id = 4; gpu_id = 63582; unique_id = 11507667780624484615; location_id = 49408; bdf = 49408; domain = 0; partition = 0], 
nid005005:93051:93051 [7] NCCL INFO [node_id = 6; gpu_id = 15961; unique_id = 12975694143226107653; location_id = 51456; bdf = 51456; domain = 0; partition = 0], 
nid005005:93051:93051 [7] NCCL INFO [node_id = 10; gpu_id = 62036; unique_id = 14736248088277728363; location_id = 55552; bdf = 55552; domain = 0; partition = 0], 
nid005005:93051:93051 [7] NCCL INFO [node_id = 8; gpu_id = 13395; unique_id = 15192327823896347140; location_id = 53504; bdf = 53504; domain = 0; partition = 0], 
nid005005:93051:93051 [7] NCCL INFO [node_id = 7; gpu_id = 3099; unique_id = 15550484704659820414; location_id = 52736; bdf = 52736; domain = 0; partition = 0], 
nid005005:93044:93044 [0] NCCL INFO NET/OFI Support for global registrations: false
nid005005:93044:93044 [0] NCCL INFO NET/OFI Support for DMA-BUF registrations: false
nid005005:93045:93045 [1] NCCL INFO NET/OFI Support for global registrations: false
nid005005:93045:93045 [1] NCCL INFO NET/OFI Support for DMA-BUF registrations: false
nid005005:93049:93049 [6] NCCL INFO NET/OFI Support for global registrations: false
nid005005:93049:93049 [6] NCCL INFO NET/OFI Support for DMA-BUF registrations: false
nid005005:93044:93044 [0] NCCL INFO NET/OFI MR cache 0 hits 0 misses
nid005005:93044:93044 [0] NCCL INFO Using network Libfabric
nid005005:93051:93051 [7] NCCL INFO initialized internal alternative rsmi functionality
nid005005:93044:93044 [0] NCCL INFO [node_id = 9; gpu_id = 1553; unique_id = 4678298172508712464; location_id = 54784; bdf = 54784; domain = 0; partition = 0], 
nid005005:93044:93044 [0] NCCL INFO [node_id = 11; gpu_id = 49174; unique_id = 8323249148855706344; location_id = 56832; bdf = 56832; domain = 0; partition = 0], 
nid005005:93044:93044 [0] NCCL INFO [node_id = 5; gpu_id = 51740; unique_id = 8389445317889770581; location_id = 50688; bdf = 50688; domain = 0; partition = 0], 
nid005005:93044:93044 [0] NCCL INFO [node_id = 4; gpu_id = 63582; unique_id = 11507667780624484615; location_id = 49408; bdf = 49408; domain = 0; partition = 0], 
nid005005:93044:93044 [0] NCCL INFO [node_id = 6; gpu_id = 15961; unique_id = 12975694143226107653; location_id = 51456; bdf = 51456; domain = 0; partition = 0], 
nid005005:93044:93044 [0] NCCL INFO [node_id = 10; gpu_id = 62036; unique_id = 14736248088277728363; location_id = 55552; bdf = 55552; domain = 0; partition = 0], 
nid005005:93044:93044 [0] NCCL INFO [node_id = 8; gpu_id = 13395; unique_id = 15192327823896347140; location_id = 53504; bdf = 53504; domain = 0; partition = 0], 
nid005005:93044:93044 [0] NCCL INFO [node_id = 7; gpu_id = 3099; unique_id = 15550484704659820414; location_id = 52736; bdf = 52736; domain = 0; partition = 0], 
nid005005:93045:93045 [1] NCCL INFO NET/OFI MR cache 0 hits 0 misses
nid005005:93049:93049 [6] NCCL INFO NET/OFI MR cache 0 hits 0 misses
nid005005:93045:93045 [1] NCCL INFO Using network Libfabric
nid005005:93049:93049 [6] NCCL INFO Using network Libfabric
nid005005:93045:93045 [1] NCCL INFO [node_id = 9; gpu_id = 1553; unique_id = 4678298172508712464; location_id = 54784; bdf = 54784; domain = 0; partition = 0], 
nid005005:93045:93045 [1] NCCL INFO [node_id = 11; gpu_id = 49174; unique_id = 8323249148855706344; location_id = 56832; bdf = 56832; domain = 0; partition = 0], 
nid005005:93045:93045 [1] NCCL INFO [node_id = 5; gpu_id = 51740; unique_id = 8389445317889770581; location_id = 50688; bdf = 50688; domain = 0; partition = 0], 
nid005005:93045:93045 [1] NCCL INFO [node_id = 4; gpu_id = 63582; unique_id = 11507667780624484615; location_id = 49408; bdf = 49408; domain = 0; partition = 0], 
nid005005:93045:93045 [1] NCCL INFO [node_id = 6; gpu_id = 15961; unique_id = 12975694143226107653; location_id = 51456; bdf = 51456; domain = 0; partition = 0], 
nid005005:93045:93045 [1] NCCL INFO [node_id = 10; gpu_id = 62036; unique_id = 14736248088277728363; location_id = 55552; bdf = 55552; domain = 0; partition = 0], 
nid005005:93045:93045 [1] NCCL INFO [node_id = 8; gpu_id = 13395; unique_id = 15192327823896347140; location_id = 53504; bdf = 53504; domain = 0; partition = 0], 
nid005005:93045:93045 [1] NCCL INFO [node_id = 7; gpu_id = 3099; unique_id = 15550484704659820414; location_id = 52736; bdf = 52736; domain = 0; partition = 0], 
nid005005:93049:93049 [6] NCCL INFO [node_id = 9; gpu_id = 1553; unique_id = 4678298172508712464; location_id = 54784; bdf = 54784; domain = 0; partition = 0], 
nid005005:93049:93049 [6] NCCL INFO [node_id = 11; gpu_id = 49174; unique_id = 8323249148855706344; location_id = 56832; bdf = 56832; domain = 0; partition = 0], 
nid005005:93049:93049 [6] NCCL INFO [node_id = 5; gpu_id = 51740; unique_id = 8389445317889770581; location_id = 50688; bdf = 50688; domain = 0; partition = 0], 
nid005005:93049:93049 [6] NCCL INFO [node_id = 4; gpu_id = 63582; unique_id = 11507667780624484615; location_id = 49408; bdf = 49408; domain = 0; partition = 0], 
nid005005:93049:93049 [6] NCCL INFO [node_id = 6; gpu_id = 15961; unique_id = 12975694143226107653; location_id = 51456; bdf = 51456; domain = 0; partition = 0], 
nid005005:93049:93049 [6] NCCL INFO [node_id = 10; gpu_id = 62036; unique_id = 14736248088277728363; location_id = 55552; bdf = 55552; domain = 0; partition = 0], 
nid005005:93049:93049 [6] NCCL INFO [node_id = 8; gpu_id = 13395; unique_id = 15192327823896347140; location_id = 53504; bdf = 53504; domain = 0; partition = 0], 
nid005005:93049:93049 [6] NCCL INFO [node_id = 7; gpu_id = 3099; unique_id = 15550484704659820414; location_id = 52736; bdf = 52736; domain = 0; partition = 0], 
nid005005:93044:93044 [0] NCCL INFO initialized internal alternative rsmi functionality
nid005005:93049:93049 [6] NCCL INFO initialized internal alternative rsmi functionality
nid005005:93045:93045 [1] NCCL INFO initialized internal alternative rsmi functionality
nid005001:57740:57740 [3] NCCL INFO ncclCommInitRank comm 0x55be917ada50 rank 3 nranks 16 cudaDev 3 nvmlDev 3 busId ce000 commId 0x46f9cd7d531c5df6 - Init START
nid005001:57742:57742 [4] NCCL INFO ncclCommInitRank comm 0x55649a5d5310 rank 4 nranks 16 cudaDev 4 nvmlDev 4 busId d1000 commId 0x46f9cd7d531c5df6 - Init START
nid005005:93051:93051 [7] NCCL INFO ncclCommInitRank comm 0x556dd7d0a120 rank 15 nranks 16 cudaDev 7 nvmlDev 7 busId de000 commId 0x46f9cd7d531c5df6 - Init START
nid005001:57738:57738 [0] NCCL INFO ncclCommInitRank comm 0x5653fa136be0 rank 0 nranks 16 cudaDev 0 nvmlDev 0 busId c1000 commId 0x46f9cd7d531c5df6 - Init START
nid005001:57743:57743 [7] NCCL INFO ncclCommInitRank comm 0x55fa1ad54810 rank 7 nranks 16 cudaDev 7 nvmlDev 7 busId de000 commId 0x46f9cd7d531c5df6 - Init START
nid005001:57745:57745 [5] NCCL INFO ncclCommInitRank comm 0x55c7e6773620 rank 5 nranks 16 cudaDev 5 nvmlDev 5 busId d6000 commId 0x46f9cd7d531c5df6 - Init START
nid005001:57744:57744 [6] NCCL INFO ncclCommInitRank comm 0x557546059a30 rank 6 nranks 16 cudaDev 6 nvmlDev 6 busId d9000 commId 0x46f9cd7d531c5df6 - Init START
nid005005:93047:93047 [2] NCCL INFO ncclCommInitRank comm 0x55aab634aaf0 rank 10 nranks 16 cudaDev 2 nvmlDev 2 busId c9000 commId 0x46f9cd7d531c5df6 - Init START
nid005001:57739:57739 [2] NCCL INFO ncclCommInitRank comm 0x556bab7ca8d0 rank 2 nranks 16 cudaDev 2 nvmlDev 2 busId c9000 commId 0x46f9cd7d531c5df6 - Init START
nid005001:57741:57741 [1] NCCL INFO ncclCommInitRank comm 0x564286dbbca0 rank 1 nranks 16 cudaDev 1 nvmlDev 1 busId c6000 commId 0x46f9cd7d531c5df6 - Init START
nid005005:93045:93045 [1] NCCL INFO ncclCommInitRank comm 0x5633a9c121c0 rank 9 nranks 16 cudaDev 1 nvmlDev 1 busId c6000 commId 0x46f9cd7d531c5df6 - Init START
nid005005:93044:93044 [0] NCCL INFO ncclCommInitRank comm 0x561b39d69c40 rank 8 nranks 16 cudaDev 0 nvmlDev 0 busId c1000 commId 0x46f9cd7d531c5df6 - Init START
nid005005:93048:93048 [5] NCCL INFO ncclCommInitRank comm 0x56205b7ca300 rank 13 nranks 16 cudaDev 5 nvmlDev 5 busId d6000 commId 0x46f9cd7d531c5df6 - Init START
nid005005:93050:93050 [3] NCCL INFO ncclCommInitRank comm 0x55ee6d4ff060 rank 11 nranks 16 cudaDev 3 nvmlDev 3 busId ce000 commId 0x46f9cd7d531c5df6 - Init START
nid005005:93049:93049 [6] NCCL INFO ncclCommInitRank comm 0x55eadb0915e0 rank 14 nranks 16 cudaDev 6 nvmlDev 6 busId d9000 commId 0x46f9cd7d531c5df6 - Init START
nid005005:93046:93046 [4] NCCL INFO ncclCommInitRank comm 0x5633435cdf70 rank 12 nranks 16 cudaDev 4 nvmlDev 4 busId d1000 commId 0x46f9cd7d531c5df6 - Init START
nid005001:57743:57743 [7] NCCL INFO initialized internal alternative rsmi functionality
nid005001:57744:57744 [6] NCCL INFO initialized internal alternative rsmi functionality
nid005001:57745:57745 [5] NCCL INFO initialized internal alternative rsmi functionality
nid005001:57740:57740 [3] NCCL INFO initialized internal alternative rsmi functionality
nid005001:57738:57738 [0] NCCL INFO initialized internal alternative rsmi functionality
nid005001:57739:57739 [2] NCCL INFO initialized internal alternative rsmi functionality
nid005005:93045:93045 [1] NCCL INFO initialized internal alternative rsmi functionality
nid005001:57741:57741 [1] NCCL INFO initialized internal alternative rsmi functionality
nid005001:57742:57742 [4] NCCL INFO initialized internal alternative rsmi functionality
nid005005:93044:93044 [0] NCCL INFO initialized internal alternative rsmi functionality
nid005005:93049:93049 [6] NCCL INFO initialized internal alternative rsmi functionality
nid005005:93046:93046 [4] NCCL INFO initialized internal alternative rsmi functionality
nid005005:93048:93048 [5] NCCL INFO initialized internal alternative rsmi functionality
nid005005:93050:93050 [3] NCCL INFO initialized internal alternative rsmi functionality
nid005005:93047:93047 [2] NCCL INFO initialized internal alternative rsmi functionality
nid005005:93051:93051 [7] NCCL INFO initialized internal alternative rsmi functionality
nid005001:57738:57738 [0] NCCL INFO NET/Libfabric : GPU Direct RDMA Enabled for HCA 0 'cxi0'
nid005001:57741:57741 [1] NCCL INFO NET/Libfabric : GPU Direct RDMA Enabled for HCA 0 'cxi0'
nid005005:93045:93045 [1] NCCL INFO NET/Libfabric : GPU Direct RDMA Enabled for HCA 0 'cxi0'
nid005001:57743:57743 [7] NCCL INFO NET/Libfabric : GPU Direct RDMA Enabled for HCA 0 'cxi0'
nid005001:57745:57745 [5] NCCL INFO NET/Libfabric : GPU Direct RDMA Enabled for HCA 0 'cxi0'
nid005001:57744:57744 [6] NCCL INFO NET/Libfabric : GPU Direct RDMA Enabled for HCA 0 'cxi0'
nid005001:57740:57740 [3] NCCL INFO NET/Libfabric : GPU Direct RDMA Enabled for HCA 0 'cxi0'
nid005001:57742:57742 [4] NCCL INFO NET/Libfabric : GPU Direct RDMA Enabled for HCA 0 'cxi0'
nid005001:57739:57739 [2] NCCL INFO NET/Libfabric : GPU Direct RDMA Enabled for HCA 0 'cxi0'
nid005001:57738:57738 [0] NCCL INFO NET/Libfabric : GPU Direct RDMA Enabled for HCA 1 'cxi1'
nid005001:57741:57741 [1] NCCL INFO NET/Libfabric : GPU Direct RDMA Enabled for HCA 1 'cxi1'
nid005005:93044:93044 [0] NCCL INFO NET/Libfabric : GPU Direct RDMA Enabled for HCA 0 'cxi0'
nid005005:93049:93049 [6] NCCL INFO NET/Libfabric : GPU Direct RDMA Enabled for HCA 0 'cxi0'
nid005005:93048:93048 [5] NCCL INFO NET/Libfabric : GPU Direct RDMA Enabled for HCA 0 'cxi0'
nid005001:57745:57745 [5] NCCL INFO NET/Libfabric : GPU Direct RDMA Enabled for HCA 1 'cxi1'
nid005001:57744:57744 [6] NCCL INFO NET/Libfabric : GPU Direct RDMA Enabled for HCA 1 'cxi1'
nid005001:57740:57740 [3] NCCL INFO NET/Libfabric : GPU Direct RDMA Enabled for HCA 1 'cxi1'
nid005001:57739:57739 [2] NCCL INFO NET/Libfabric : GPU Direct RDMA Enabled for HCA 1 'cxi1'
nid005001:57743:57743 [7] NCCL INFO NET/Libfabric : GPU Direct RDMA Enabled for HCA 1 'cxi1'
nid005001:57742:57742 [4] NCCL INFO NET/Libfabric : GPU Direct RDMA Enabled for HCA 1 'cxi1'
nid005005:93047:93047 [2] NCCL INFO NET/Libfabric : GPU Direct RDMA Enabled for HCA 0 'cxi0'
nid005005:93046:93046 [4] NCCL INFO NET/Libfabric : GPU Direct RDMA Enabled for HCA 0 'cxi0'
nid005005:93051:93051 [7] NCCL INFO NET/Libfabric : GPU Direct RDMA Enabled for HCA 0 'cxi0'
nid005005:93050:93050 [3] NCCL INFO NET/Libfabric : GPU Direct RDMA Enabled for HCA 0 'cxi0'
nid005005:93045:93045 [1] NCCL INFO NET/Libfabric : GPU Direct RDMA Enabled for HCA 1 'cxi1'
nid005001:57745:57745 [5] NCCL INFO NET/Libfabric : GPU Direct RDMA Enabled for HCA 2 'cxi2'
nid005005:93047:93047 [2] NCCL INFO NET/Libfabric : GPU Direct RDMA Enabled for HCA 1 'cxi1'
nid005001:57738:57738 [0] NCCL INFO NET/Libfabric : GPU Direct RDMA Enabled for HCA 2 'cxi2'
nid005005:93044:93044 [0] NCCL INFO NET/Libfabric : GPU Direct RDMA Enabled for HCA 1 'cxi1'
nid005001:57744:57744 [6] NCCL INFO NET/Libfabric : GPU Direct RDMA Enabled for HCA 2 'cxi2'
nid005005:93050:93050 [3] NCCL INFO NET/Libfabric : GPU Direct RDMA Enabled for HCA 1 'cxi1'
nid005001:57741:57741 [1] NCCL INFO NET/Libfabric : GPU Direct RDMA Enabled for HCA 2 'cxi2'
nid005005:93049:93049 [6] NCCL INFO NET/Libfabric : GPU Direct RDMA Enabled for HCA 1 'cxi1'
nid005001:57740:57740 [3] NCCL INFO NET/Libfabric : GPU Direct RDMA Enabled for HCA 2 'cxi2'
nid005005:93048:93048 [5] NCCL INFO NET/Libfabric : GPU Direct RDMA Enabled for HCA 1 'cxi1'
nid005001:57739:57739 [2] NCCL INFO NET/Libfabric : GPU Direct RDMA Enabled for HCA 2 'cxi2'
nid005005:93051:93051 [7] NCCL INFO NET/Libfabric : GPU Direct RDMA Enabled for HCA 1 'cxi1'
nid005001:57743:57743 [7] NCCL INFO NET/Libfabric : GPU Direct RDMA Enabled for HCA 2 'cxi2'
nid005005:93046:93046 [4] NCCL INFO NET/Libfabric : GPU Direct RDMA Enabled for HCA 1 'cxi1'
nid005001:57742:57742 [4] NCCL INFO NET/Libfabric : GPU Direct RDMA Enabled for HCA 2 'cxi2'
nid005001:57744:57744 [6] NCCL INFO NET/Libfabric : GPU Direct RDMA Enabled for HCA 3 'cxi3'
nid005001:57745:57745 [5] NCCL INFO NET/Libfabric : GPU Direct RDMA Enabled for HCA 3 'cxi3'
nid005001:57738:57738 [0] NCCL INFO NET/Libfabric : GPU Direct RDMA Enabled for HCA 3 'cxi3'
nid005001:57741:57741 [1] NCCL INFO NET/Libfabric : GPU Direct RDMA Enabled for HCA 3 'cxi3'
nid005001:57740:57740 [3] NCCL INFO NET/Libfabric : GPU Direct RDMA Enabled for HCA 3 'cxi3'
nid005005:93045:93045 [1] NCCL INFO NET/Libfabric : GPU Direct RDMA Enabled for HCA 2 'cxi2'
nid005001:57739:57739 [2] NCCL INFO NET/Libfabric : GPU Direct RDMA Enabled for HCA 3 'cxi3'
nid005001:57743:57743 [7] NCCL INFO NET/Libfabric : GPU Direct RDMA Enabled for HCA 3 'cxi3'
nid005001:57742:57742 [4] NCCL INFO NET/Libfabric : GPU Direct RDMA Enabled for HCA 3 'cxi3'
nid005005:93044:93044 [0] NCCL INFO NET/Libfabric : GPU Direct RDMA Enabled for HCA 2 'cxi2'
nid005005:93046:93046 [4] NCCL INFO NET/Libfabric : GPU Direct RDMA Enabled for HCA 2 'cxi2'
nid005005:93048:93048 [5] NCCL INFO NET/Libfabric : GPU Direct RDMA Enabled for HCA 2 'cxi2'
nid005005:93047:93047 [2] NCCL INFO NET/Libfabric : GPU Direct RDMA Enabled for HCA 2 'cxi2'
nid005005:93049:93049 [6] NCCL INFO NET/Libfabric : GPU Direct RDMA Enabled for HCA 2 'cxi2'
nid005005:93050:93050 [3] NCCL INFO NET/Libfabric : GPU Direct RDMA Enabled for HCA 2 'cxi2'
nid005005:93051:93051 [7] NCCL INFO NET/Libfabric : GPU Direct RDMA Enabled for HCA 2 'cxi2'
nid005005:93049:93049 [6] NCCL INFO NET/Libfabric : GPU Direct RDMA Enabled for HCA 3 'cxi3'
nid005005:93051:93051 [7] NCCL INFO NET/Libfabric : GPU Direct RDMA Enabled for HCA 3 'cxi3'
nid005005:93048:93048 [5] NCCL INFO NET/Libfabric : GPU Direct RDMA Enabled for HCA 3 'cxi3'
nid005005:93046:93046 [4] NCCL INFO NET/Libfabric : GPU Direct RDMA Enabled for HCA 3 'cxi3'
nid005005:93050:93050 [3] NCCL INFO NET/Libfabric : GPU Direct RDMA Enabled for HCA 3 'cxi3'
nid005005:93045:93045 [1] NCCL INFO NET/Libfabric : GPU Direct RDMA Enabled for HCA 3 'cxi3'
nid005005:93044:93044 [0] NCCL INFO NET/Libfabric : GPU Direct RDMA Enabled for HCA 3 'cxi3'
nid005005:93047:93047 [2] NCCL INFO NET/Libfabric : GPU Direct RDMA Enabled for HCA 3 'cxi3'
nid005001:57740:57740 [3] NCCL INFO NCCL_NET_GDR_LEVEL set by environment to PHB
nid005001:57740:57740 [3] NCCL INFO GPU Direct RDMA Enabled for GPU c1000 / HCA 0 (distance 6 <= 6), read 1
nid005001:57740:57740 [3] NCCL INFO GPU Direct RDMA Enabled for GPU c6000 / HCA 0 (distance 6 <= 6), read 1
nid005001:57740:57740 [3] NCCL INFO GPU Direct RDMA Enabled for GPU c9000 / HCA 1 (distance 6 <= 6), read 1
nid005001:57740:57740 [3] NCCL INFO GPU Direct RDMA Enabled for GPU ce000 / HCA 1 (distance 6 <= 6), read 1
nid005001:57740:57740 [3] NCCL INFO GPU Direct RDMA Enabled for GPU d1000 / HCA 2 (distance 6 <= 6), read 1
nid005001:57740:57740 [3] NCCL INFO GPU Direct RDMA Enabled for GPU d6000 / HCA 2 (distance 6 <= 6), read 1
nid005001:57740:57740 [3] NCCL INFO GPU Direct RDMA Enabled for GPU d9000 / HCA 3 (distance 6 <= 6), read 1
nid005001:57740:57740 [3] NCCL INFO GPU Direct RDMA Enabled for GPU de000 / HCA 3 (distance 6 <= 6), read 1
nid005001:57741:57741 [1] NCCL INFO NCCL_NET_GDR_LEVEL set by environment to PHB
nid005001:57741:57741 [1] NCCL INFO GPU Direct RDMA Enabled for GPU c1000 / HCA 0 (distance 6 <= 6), read 1
nid005001:57741:57741 [1] NCCL INFO GPU Direct RDMA Enabled for GPU c6000 / HCA 0 (distance 6 <= 6), read 1
nid005001:57741:57741 [1] NCCL INFO GPU Direct RDMA Enabled for GPU c9000 / HCA 1 (distance 6 <= 6), read 1
nid005001:57741:57741 [1] NCCL INFO GPU Direct RDMA Enabled for GPU ce000 / HCA 1 (distance 6 <= 6), read 1
nid005001:57741:57741 [1] NCCL INFO GPU Direct RDMA Enabled for GPU d1000 / HCA 2 (distance 6 <= 6), read 1
nid005001:57741:57741 [1] NCCL INFO GPU Direct RDMA Enabled for GPU d6000 / HCA 2 (distance 6 <= 6), read 1
nid005001:57741:57741 [1] NCCL INFO GPU Direct RDMA Enabled for GPU d9000 / HCA 3 (distance 6 <= 6), read 1
nid005001:57741:57741 [1] NCCL INFO GPU Direct RDMA Enabled for GPU de000 / HCA 3 (distance 6 <= 6), read 1
nid005001:57742:57742 [4] NCCL INFO NCCL_NET_GDR_LEVEL set by environment to PHB
nid005001:57742:57742 [4] NCCL INFO GPU Direct RDMA Enabled for GPU c1000 / HCA 0 (distance 6 <= 6), read 1
nid005001:57742:57742 [4] NCCL INFO GPU Direct RDMA Enabled for GPU c6000 / HCA 0 (distance 6 <= 6), read 1
nid005001:57742:57742 [4] NCCL INFO GPU Direct RDMA Enabled for GPU c9000 / HCA 1 (distance 6 <= 6), read 1
nid005001:57742:57742 [4] NCCL INFO GPU Direct RDMA Enabled for GPU ce000 / HCA 1 (distance 6 <= 6), read 1
nid005001:57742:57742 [4] NCCL INFO GPU Direct RDMA Enabled for GPU d1000 / HCA 2 (distance 6 <= 6), read 1
nid005001:57742:57742 [4] NCCL INFO GPU Direct RDMA Enabled for GPU d6000 / HCA 2 (distance 6 <= 6), read 1
nid005001:57742:57742 [4] NCCL INFO GPU Direct RDMA Enabled for GPU d9000 / HCA 3 (distance 6 <= 6), read 1
nid005001:57742:57742 [4] NCCL INFO GPU Direct RDMA Enabled for GPU de000 / HCA 3 (distance 6 <= 6), read 1
nid005001:57740:57740 [3] NCCL INFO === System : maxBw 24.0 totalBw 252.0 ===
nid005001:57740:57740 [3] NCCL INFO CPU/0-3 (1/2/4)
nid005001:57740:57740 [3] NCCL INFO + PCI[24.0] - GPU/0-c1000 (0)
nid005001:57740:57740 [3] NCCL INFO               + XGMI[144.0] - GPU/C6000
nid005001:57740:57740 [3] NCCL INFO               + XGMI[72.0] - GPU/D9000
nid005001:57740:57740 [3] NCCL INFO               + XGMI[36.0] - GPU/C9000
nid005001:57740:57740 [3] NCCL INFO + PCI[24.0] - NIC/0-c5000
nid005001:57740:57740 [3] NCCL INFO               + NET[25.0] - NET/0 (a78180b00/1/25.000000)
nid005001:57740:57740 [3] NCCL INFO + PCI[24.0] - GPU/0-c6000 (1)
nid005001:57740:57740 [3] NCCL INFO               + XGMI[144.0] - GPU/C1000
nid005001:57740:57740 [3] NCCL INFO               + XGMI[36.0] - GPU/CE000
nid005001:57740:57740 [3] NCCL INFO               + XGMI[36.0] - GPU/D6000
nid005001:57740:57740 [3] NCCL INFO + SYS[16.0] - CPU/1
nid005001:57740:57740 [3] NCCL INFO + SYS[16.0] - CPU/0
nid005001:57740:57740 [3] NCCL INFO + SYS[16.0] - CPU/2
nid005001:57740:57740 [3] NCCL INFO CPU/0-1 (1/2/4)
nid005001:57740:57740 [3] NCCL INFO + PCI[24.0] - NIC/0-cd000
nid005001:57740:57740 [3] NCCL INFO               + NET[25.0] - NET/1 (a78180b01/1/25.000000)
nid005001:57740:57740 [3] NCCL INFO + PCI[24.0] - GPU/0-c9000 (2)
nid005001:57740:57740 [3] NCCL INFO               + XGMI[144.0] - GPU/CE000
nid005001:57740:57740 [3] NCCL INFO               + XGMI[72.0] - GPU/D1000
nid005001:57740:57740 [3] NCCL INFO               + XGMI[36.0] - GPU/C1000
nid005001:57740:57740 [3] NCCL INFO + PCI[24.0] - GPU/0-ce000 (3)
nid005001:57740:57740 [3] NCCL INFO               + XGMI[144.0] - GPU/C9000
nid005001:57740:57740 [3] NCCL INFO               + XGMI[36.0] - GPU/C6000
nid005001:57742:57742 [4] NCCL INFO === System : maxBw 24.0 totalBw 252.0 ===
nid005001:57742:57742 [4] NCCL INFO CPU/0-3 (1/2/4)
nid005001:57742:57742 [4] NCCL INFO + PCI[24.0] - GPU/0-c1000 (0)
nid005001:57742:57742 [4] NCCL INFO               + XGMI[144.0] - GPU/C6000
nid005001:57742:57742 [4] NCCL INFO               + XGMI[72.0] - GPU/D9000
nid005001:57742:57742 [4] NCCL INFO               + XGMI[36.0] - GPU/C9000
nid005001:57742:57742 [4] NCCL INFO + PCI[24.0] - NIC/0-c5000
nid005001:57742:57742 [4] NCCL INFO               + NET[25.0] - NET/0 (a78180b00/1/25.000000)
nid005001:57742:57742 [4] NCCL INFO + PCI[24.0] - GPU/0-c6000 (1)
nid005001:57742:57742 [4] NCCL INFO               + XGMI[144.0] - GPU/C1000
nid005001:57742:57742 [4] NCCL INFO               + XGMI[36.0] - GPU/CE000
nid005001:57742:57742 [4] NCCL INFO               + XGMI[36.0] - GPU/D6000
nid005001:57742:57742 [4] NCCL INFO + SYS[16.0] - CPU/1
nid005001:57742:57742 [4] NCCL INFO + SYS[16.0] - CPU/0
nid005001:57742:57742 [4] NCCL INFO + SYS[16.0] - CPU/2
nid005001:57742:57742 [4] NCCL INFO CPU/0-1 (1/2/4)
nid005001:57742:57742 [4] NCCL INFO + PCI[24.0] - NIC/0-cd000
nid005001:57742:57742 [4] NCCL INFO               + NET[25.0] - NET/1 (a78180b01/1/25.000000)
nid005001:57741:57741 [1] NCCL INFO === System : maxBw 24.0 totalBw 252.0 ===
nid005001:57741:57741 [1] NCCL INFO CPU/0-3 (1/2/4)
nid005001:57741:57741 [1] NCCL INFO + PCI[24.0] - GPU/0-c1000 (0)
nid005001:57741:57741 [1] NCCL INFO               + XGMI[144.0] - GPU/C6000
nid005001:57741:57741 [1] NCCL INFO               + XGMI[72.0] - GPU/D9000
nid005001:57741:57741 [1] NCCL INFO               + XGMI[36.0] - GPU/C9000
nid005001:57741:57741 [1] NCCL INFO + PCI[24.0] - NIC/0-c5000
nid005001:57741:57741 [1] NCCL INFO               + NET[25.0] - NET/0 (a78180b00/1/25.000000)
nid005001:57741:57741 [1] NCCL INFO + PCI[24.0] - GPU/0-c6000 (1)
nid005001:57741:57741 [1] NCCL INFO               + XGMI[144.0] - GPU/C1000
nid005001:57741:57741 [1] NCCL INFO               + XGMI[36.0] - GPU/CE000
nid005001:57741:57741 [1] NCCL INFO               + XGMI[36.0] - GPU/D6000
nid005001:57741:57741 [1] NCCL INFO + SYS[16.0] - CPU/1
nid005001:57741:57741 [1] NCCL INFO + SYS[16.0] - CPU/0
nid005001:57741:57741 [1] NCCL INFO + SYS[16.0] - CPU/2
nid005001:57741:57741 [1] NCCL INFO CPU/0-1 (1/2/4)
nid005001:57741:57741 [1] NCCL INFO + PCI[24.0] - NIC/0-cd000
nid005001:57741:57741 [1] NCCL INFO               + NET[25.0] - NET/1 (a78180b01/1/25.000000)
nid005001:57741:57741 [1] NCCL INFO + PCI[24.0] - GPU/0-c9000 (2)
nid005001:57741:57741 [1] NCCL INFO               + XGMI[144.0] - GPU/CE000
nid005001:57741:57741 [1] NCCL INFO               + XGMI[72.0] - GPU/D1000
nid005001:57741:57741 [1] NCCL INFO               + XGMI[36.0] - GPU/C1000
nid005001:57741:57741 [1] NCCL INFO + PCI[24.0] - GPU/0-ce000 (3)
nid005001:57741:57741 [1] NCCL INFO               + XGMI[144.0] - GPU/C9000
nid005001:57741:57741 [1] NCCL INFO               + XGMI[36.0] - GPU/C6000
nid005001:57741:57741 [1] NCCL INFO               + XGMI[36.0] - GPU/DE000
nid005001:57741:57741 [1] NCCL INFO + SYS[16.0] - CPU/3
nid005001:57741:57741 [1] NCCL INFO + SYS[16.0] - CPU/0
nid005001:57741:57741 [1] NCCL INFO + SYS[16.0] - CPU/2
nid005001:57741:57741 [1] NCCL INFO CPU/0-0 (1/2/4)
nid005001:57741:57741 [1] NCCL INFO + PCI[24.0] - NIC/0-d5000
nid005001:57741:57741 [1] NCCL INFO               + NET[25.0] - NET/2 (a78180b02/1/25.000000)
nid005001:57741:57741 [1] NCCL INFO + PCI[24.0] - GPU/0-d1000 (4)
nid005001:57741:57741 [1] NCCL INFO               + XGMI[144.0] - GPU/D6000
nid005001:57741:57741 [1] NCCL INFO               + XGMI[72.0] - GPU/C9000
nid005005:93047:93047 [2] NCCL INFO NCCL_NET_GDR_LEVEL set by environment to PHB
nid005005:93047:93047 [2] NCCL INFO GPU Direct RDMA Enabled for GPU c1000 / HCA 0 (distance 6 <= 6), read 1
nid005005:93047:93047 [2] NCCL INFO GPU Direct RDMA Enabled for GPU c6000 / HCA 0 (distance 6 <= 6), read 1
nid005005:93047:93047 [2] NCCL INFO GPU Direct RDMA Enabled for GPU c9000 / HCA 1 (distance 6 <= 6), read 1
nid005005:93047:93047 [2] NCCL INFO GPU Direct RDMA Enabled for GPU ce000 / HCA 1 (distance 6 <= 6), read 1
nid005005:93047:93047 [2] NCCL INFO GPU Direct RDMA Enabled for GPU d1000 / HCA 2 (distance 6 <= 6), read 1
nid005005:93047:93047 [2] NCCL INFO GPU Direct RDMA Enabled for GPU d6000 / HCA 2 (distance 6 <= 6), read 1
nid005005:93047:93047 [2] NCCL INFO GPU Direct RDMA Enabled for GPU d9000 / HCA 3 (distance 6 <= 6), read 1
nid005005:93047:93047 [2] NCCL INFO GPU Direct RDMA Enabled for GPU de000 / HCA 3 (distance 6 <= 6), read 1
nid005001:57740:57740 [3] NCCL INFO               + XGMI[36.0] - GPU/DE000
nid005001:57740:57740 [3] NCCL INFO + SYS[16.0] - CPU/3
nid005001:57740:57740 [3] NCCL INFO + SYS[16.0] - CPU/0
nid005001:57740:57740 [3] NCCL INFO + SYS[16.0] - CPU/2
nid005001:57740:57740 [3] NCCL INFO CPU/0-0 (1/2/4)
nid005001:57740:57740 [3] NCCL INFO + PCI[24.0] - NIC/0-d5000
nid005001:57740:57740 [3] NCCL INFO               + NET[25.0] - NET/2 (a78180b02/1/25.000000)
nid005001:57740:57740 [3] NCCL INFO + PCI[24.0] - GPU/0-d1000 (4)
nid005001:57740:57740 [3] NCCL INFO               + XGMI[144.0] - GPU/D6000
nid005001:57740:57740 [3] NCCL INFO               + XGMI[72.0] - GPU/C9000
nid005001:57740:57740 [3] NCCL INFO               + XGMI[36.0] - GPU/D9000
nid005001:57740:57740 [3] NCCL INFO + PCI[24.0] - GPU/0-d6000 (5)
nid005001:57740:57740 [3] NCCL INFO               + XGMI[144.0] - GPU/D1000
nid005001:57740:57740 [3] NCCL INFO               + XGMI[36.0] - GPU/C6000
nid005001:57740:57740 [3] NCCL INFO               + XGMI[36.0] - GPU/DE000
nid005001:57740:57740 [3] NCCL INFO + SYS[16.0] - CPU/3
nid005001:57740:57740 [3] NCCL INFO + SYS[16.0] - CPU/1
nid005001:57740:57740 [3] NCCL INFO + SYS[16.0] - CPU/2
nid005001:57740:57740 [3] NCCL INFO CPU/0-2 (1/2/4)
nid005001:57740:57740 [3] NCCL INFO + PCI[24.0] - NIC/0-dd000
nid005001:57740:57740 [3] NCCL INFO               + NET[25.0] - NET/3 (a78180b03/1/25.000000)
nid005001:57740:57740 [3] NCCL INFO + PCI[24.0] - GPU/0-d9000 (6)
nid005001:57740:57740 [3] NCCL INFO               + XGMI[144.0] - GPU/DE000
nid005001:57740:57740 [3] NCCL INFO               + XGMI[72.0] - GPU/C1000
nid005001:57740:57740 [3] NCCL INFO               + XGMI[36.0] - GPU/D1000
nid005001:57740:57740 [3] NCCL INFO + PCI[24.0] - GPU/0-de000 (7)
nid005001:57740:57740 [3] NCCL INFO               + XGMI[144.0] - GPU/D9000
nid005001:57740:57740 [3] NCCL INFO               + XGMI[36.0] - GPU/CE000
nid005005:93050:93050 [3] NCCL INFO NCCL_NET_GDR_LEVEL set by environment to PHB
nid005005:93050:93050 [3] NCCL INFO GPU Direct RDMA Enabled for GPU c1000 / HCA 0 (distance 6 <= 6), read 1
nid005005:93050:93050 [3] NCCL INFO GPU Direct RDMA Enabled for GPU c6000 / HCA 0 (distance 6 <= 6), read 1
nid005005:93050:93050 [3] NCCL INFO GPU Direct RDMA Enabled for GPU c9000 / HCA 1 (distance 6 <= 6), read 1
nid005005:93050:93050 [3] NCCL INFO GPU Direct RDMA Enabled for GPU ce000 / HCA 1 (distance 6 <= 6), read 1
nid005005:93050:93050 [3] NCCL INFO GPU Direct RDMA Enabled for GPU d1000 / HCA 2 (distance 6 <= 6), read 1
nid005005:93050:93050 [3] NCCL INFO GPU Direct RDMA Enabled for GPU d6000 / HCA 2 (distance 6 <= 6), read 1
nid005005:93050:93050 [3] NCCL INFO GPU Direct RDMA Enabled for GPU d9000 / HCA 3 (distance 6 <= 6), read 1
nid005005:93050:93050 [3] NCCL INFO GPU Direct RDMA Enabled for GPU de000 / HCA 3 (distance 6 <= 6), read 1
nid005001:57742:57742 [4] NCCL INFO + PCI[24.0] - GPU/0-c9000 (2)
nid005001:57742:57742 [4] NCCL INFO               + XGMI[144.0] - GPU/CE000
nid005001:57742:57742 [4] NCCL INFO               + XGMI[72.0] - GPU/D1000
nid005001:57742:57742 [4] NCCL INFO               + XGMI[36.0] - GPU/C1000
nid005001:57742:57742 [4] NCCL INFO + PCI[24.0] - GPU/0-ce000 (3)
nid005001:57742:57742 [4] NCCL INFO               + XGMI[144.0] - GPU/C9000
nid005001:57742:57742 [4] NCCL INFO               + XGMI[36.0] - GPU/C6000
nid005001:57742:57742 [4] NCCL INFO               + XGMI[36.0] - GPU/DE000
nid005001:57742:57742 [4] NCCL INFO + SYS[16.0] - CPU/3
nid005001:57742:57742 [4] NCCL INFO + SYS[16.0] - CPU/0
nid005001:57742:57742 [4] NCCL INFO + SYS[16.0] - CPU/2
nid005001:57742:57742 [4] NCCL INFO CPU/0-0 (1/2/4)
nid005001:57742:57742 [4] NCCL INFO + PCI[24.0] - NIC/0-d5000
nid005001:57742:57742 [4] NCCL INFO               + NET[25.0] - NET/2 (a78180b02/1/25.000000)
nid005001:57742:57742 [4] NCCL INFO + PCI[24.0] - GPU/0-d1000 (4)
nid005001:57742:57742 [4] NCCL INFO               + XGMI[144.0] - GPU/D6000
nid005001:57742:57742 [4] NCCL INFO               + XGMI[72.0] - GPU/C9000
nid005001:57742:57742 [4] NCCL INFO               + XGMI[36.0] - GPU/D9000
nid005001:57742:57742 [4] NCCL INFO + PCI[24.0] - GPU/0-d6000 (5)
nid005001:57742:57742 [4] NCCL INFO               + XGMI[144.0] - GPU/D1000
nid005001:57742:57742 [4] NCCL INFO               + XGMI[36.0] - GPU/C6000
nid005001:57742:57742 [4] NCCL INFO               + XGMI[36.0] - GPU/DE000
nid005001:57742:57742 [4] NCCL INFO + SYS[16.0] - CPU/3
nid005001:57742:57742 [4] NCCL INFO + SYS[16.0] - CPU/1
nid005001:57742:57742 [4] NCCL INFO + SYS[16.0] - CPU/2
nid005001:57742:57742 [4] NCCL INFO CPU/0-2 (1/2/4)
nid005001:57742:57742 [4] NCCL INFO + PCI[24.0] - NIC/0-dd000
nid005001:57742:57742 [4] NCCL INFO               + NET[25.0] - NET/3 (a78180b03/1/25.000000)
nid005001:57742:57742 [4] NCCL INFO + PCI[24.0] - GPU/0-d9000 (6)
nid005001:57742:57742 [4] NCCL INFO               + XGMI[144.0] - GPU/DE000
nid005001:57742:57742 [4] NCCL INFO               + XGMI[72.0] - GPU/C1000
nid005001:57742:57742 [4] NCCL INFO               + XGMI[36.0] - GPU/D1000
nid005001:57742:57742 [4] NCCL INFO + PCI[24.0] - GPU/0-de000 (7)
nid005005:93048:93048 [5] NCCL INFO NCCL_NET_GDR_LEVEL set by environment to PHB
nid005005:93048:93048 [5] NCCL INFO GPU Direct RDMA Enabled for GPU c1000 / HCA 0 (distance 6 <= 6), read 1
nid005005:93048:93048 [5] NCCL INFO GPU Direct RDMA Enabled for GPU c6000 / HCA 0 (distance 6 <= 6), read 1
nid005005:93048:93048 [5] NCCL INFO GPU Direct RDMA Enabled for GPU c9000 / HCA 1 (distance 6 <= 6), read 1
nid005005:93048:93048 [5] NCCL INFO GPU Direct RDMA Enabled for GPU ce000 / HCA 1 (distance 6 <= 6), read 1
nid005005:93048:93048 [5] NCCL INFO GPU Direct RDMA Enabled for GPU d1000 / HCA 2 (distance 6 <= 6), read 1
nid005005:93048:93048 [5] NCCL INFO GPU Direct RDMA Enabled for GPU d6000 / HCA 2 (distance 6 <= 6), read 1
nid005005:93048:93048 [5] NCCL INFO GPU Direct RDMA Enabled for GPU d9000 / HCA 3 (distance 6 <= 6), read 1
nid005005:93048:93048 [5] NCCL INFO GPU Direct RDMA Enabled for GPU de000 / HCA 3 (distance 6 <= 6), read 1
nid005001:57739:57739 [2] NCCL INFO NCCL_NET_GDR_LEVEL set by environment to PHB
nid005001:57739:57739 [2] NCCL INFO GPU Direct RDMA Enabled for GPU c1000 / HCA 0 (distance 6 <= 6), read 1
nid005001:57739:57739 [2] NCCL INFO GPU Direct RDMA Enabled for GPU c6000 / HCA 0 (distance 6 <= 6), read 1
nid005001:57739:57739 [2] NCCL INFO GPU Direct RDMA Enabled for GPU c9000 / HCA 1 (distance 6 <= 6), read 1
nid005001:57739:57739 [2] NCCL INFO GPU Direct RDMA Enabled for GPU ce000 / HCA 1 (distance 6 <= 6), read 1
nid005001:57739:57739 [2] NCCL INFO GPU Direct RDMA Enabled for GPU d1000 / HCA 2 (distance 6 <= 6), read 1
nid005001:57739:57739 [2] NCCL INFO GPU Direct RDMA Enabled for GPU d6000 / HCA 2 (distance 6 <= 6), read 1
nid005001:57739:57739 [2] NCCL INFO GPU Direct RDMA Enabled for GPU d9000 / HCA 3 (distance 6 <= 6), read 1
nid005001:57739:57739 [2] NCCL INFO GPU Direct RDMA Enabled for GPU de000 / HCA 3 (distance 6 <= 6), read 1
nid005005:93044:93044 [0] NCCL INFO NCCL_NET_GDR_LEVEL set by environment to PHB
nid005005:93044:93044 [0] NCCL INFO GPU Direct RDMA Enabled for GPU c1000 / HCA 0 (distance 6 <= 6), read 1
nid005005:93044:93044 [0] NCCL INFO GPU Direct RDMA Enabled for GPU c6000 / HCA 0 (distance 6 <= 6), read 1
nid005005:93044:93044 [0] NCCL INFO GPU Direct RDMA Enabled for GPU c9000 / HCA 1 (distance 6 <= 6), read 1
nid005005:93044:93044 [0] NCCL INFO GPU Direct RDMA Enabled for GPU ce000 / HCA 1 (distance 6 <= 6), read 1
nid005005:93044:93044 [0] NCCL INFO GPU Direct RDMA Enabled for GPU d1000 / HCA 2 (distance 6 <= 6), read 1
nid005005:93044:93044 [0] NCCL INFO GPU Direct RDMA Enabled for GPU d6000 / HCA 2 (distance 6 <= 6), read 1
nid005005:93044:93044 [0] NCCL INFO GPU Direct RDMA Enabled for GPU d9000 / HCA 3 (distance 6 <= 6), read 1
nid005005:93044:93044 [0] NCCL INFO GPU Direct RDMA Enabled for GPU de000 / HCA 3 (distance 6 <= 6), read 1
nid005001:57741:57741 [1] NCCL INFO               + XGMI[36.0] - GPU/D9000
nid005001:57741:57741 [1] NCCL INFO + PCI[24.0] - GPU/0-d6000 (5)
nid005001:57741:57741 [1] NCCL INFO               + XGMI[144.0] - GPU/D1000
nid005001:57741:57741 [1] NCCL INFO               + XGMI[36.0] - GPU/C6000
nid005001:57741:57741 [1] NCCL INFO               + XGMI[36.0] - GPU/DE000
nid005001:57741:57741 [1] NCCL INFO + SYS[16.0] - CPU/3
nid005001:57741:57741 [1] NCCL INFO + SYS[16.0] - CPU/1
nid005001:57741:57741 [1] NCCL INFO + SYS[16.0] - CPU/2
nid005001:57741:57741 [1] NCCL INFO CPU/0-2 (1/2/4)
nid005001:57741:57741 [1] NCCL INFO + PCI[24.0] - NIC/0-dd000
nid005001:57741:57741 [1] NCCL INFO               + NET[25.0] - NET/3 (a78180b03/1/25.000000)
nid005001:57741:57741 [1] NCCL INFO + PCI[24.0] - GPU/0-d9000 (6)
nid005001:57741:57741 [1] NCCL INFO               + XGMI[144.0] - GPU/DE000
nid005001:57741:57741 [1] NCCL INFO               + XGMI[72.0] - GPU/C1000
nid005001:57741:57741 [1] NCCL INFO               + XGMI[36.0] - GPU/D1000
nid005001:57741:57741 [1] NCCL INFO + PCI[24.0] - GPU/0-de000 (7)
nid005001:57741:57741 [1] NCCL INFO               + XGMI[144.0] - GPU/D9000
nid005001:57741:57741 [1] NCCL INFO               + XGMI[36.0] - GPU/CE000
nid005001:57741:57741 [1] NCCL INFO               + XGMI[36.0] - GPU/D6000
nid005001:57741:57741 [1] NCCL INFO + SYS[16.0] - CPU/3
nid005001:57741:57741 [1] NCCL INFO + SYS[16.0] - CPU/1
nid005001:57741:57741 [1] NCCL INFO + SYS[16.0] - CPU/0
nid005001:57741:57741 [1] NCCL INFO ==========================================
nid005001:57741:57741 [1] NCCL INFO GPU/C1000 :GPU/0-c1000 (0/5000.0/LOC) GPU/0-c6000 (1/144.0/XGMI) GPU/0-c9000 (1/36.0/XGMI) GPU/0-ce000 (3/16.0/SYS) GPU/0-d1000 (3/16.0/SYS) GPU/0-d6000 (3/16.0/SYS) GPU/0-d9000 (1/72.0/XGMI) GPU/0-de000 (3/16.0/SYS) CPU/0-3 (1/24.0/PHB) CPU/0-1 (2/16.0/SYS) CPU/0-0 (2/16.0/SYS) CPU/0-2 (2/16.0/SYS) NET/0-0 (3/24.0/PHB) NET/0-1 (4/16.0/SYS) NET/0-2 (4/16.0/SYS) NET/0-3 (4/16.0/SYS) 
nid005001:57740:57740 [3] NCCL INFO               + XGMI[36.0] - GPU/D6000
nid005001:57740:57740 [3] NCCL INFO + SYS[16.0] - CPU/3
nid005001:57740:57740 [3] NCCL INFO + SYS[16.0] - CPU/1
nid005001:57740:57740 [3] NCCL INFO + SYS[16.0] - CPU/0
nid005001:57740:57740 [3] NCCL INFO ==========================================
nid005001:57740:57740 [3] NCCL INFO GPU/C1000 :GPU/0-c1000 (0/5000.0/LOC) GPU/0-c6000 (1/144.0/XGMI) GPU/0-c9000 (1/36.0/XGMI) GPU/0-ce000 (3/16.0/SYS) GPU/0-d1000 (3/16.0/SYS) GPU/0-d6000 (3/16.0/SYS) GPU/0-d9000 (1/72.0/XGMI) GPU/0-de000 (3/16.0/SYS) CPU/0-3 (1/24.0/PHB) CPU/0-1 (2/16.0/SYS) CPU/0-0 (2/16.0/SYS) CPU/0-2 (2/16.0/SYS) NET/0-0 (3/24.0/PHB) NET/0-1 (4/16.0/SYS) NET/0-2 (4/16.0/SYS) NET/0-3 (4/16.0/SYS) 
nid005001:57740:57740 [3] NCCL INFO GPU/C6000 :GPU/0-c1000 (1/144.0/XGMI) GPU/0-c6000 (0/5000.0/LOC) GPU/0-c9000 (3/16.0/SYS) GPU/0-ce000 (1/36.0/XGMI) GPU/0-d1000 (3/16.0/SYS) GPU/0-d6000 (1/36.0/XGMI) GPU/0-d9000 (3/16.0/SYS) GPU/0-de000 (3/16.0/SYS) CPU/0-3 (1/24.0/PHB) CPU/0-1 (2/16.0/SYS) CPU/0-0 (2/16.0/SYS) CPU/0-2 (2/16.0/SYS) NET/0-0 (3/24.0/PHB) NET/0-1 (4/16.0/SYS) NET/0-2 (4/16.0/SYS) NET/0-3 (4/16.0/SYS) 
nid005001:57740:57740 [3] NCCL INFO GPU/C9000 :GPU/0-c1000 (1/36.0/XGMI) GPU/0-c6000 (3/16.0/SYS) GPU/0-c9000 (0/5000.0/LOC) GPU/0-ce000 (1/144.0/XGMI) GPU/0-d1000 (1/72.0/XGMI) GPU/0-d6000 (3/16.0/SYS) GPU/0-d9000 (3/16.0/SYS) GPU/0-de000 (3/16.0/SYS) CPU/0-3 (2/16.0/SYS) CPU/0-1 (1/24.0/PHB) CPU/0-0 (2/16.0/SYS) CPU/0-2 (2/16.0/SYS) NET/0-0 (4/16.0/SYS) NET/0-1 (3/24.0/PHB) NET/0-2 (4/16.0/SYS) NET/0-3 (4/16.0/SYS) 
nid005001:57740:57740 [3] NCCL INFO GPU/CE000 :GPU/0-c1000 (3/16.0/SYS) GPU/0-c6000 (1/36.0/XGMI) GPU/0-c9000 (1/144.0/XGMI) GPU/0-ce000 (0/5000.0/LOC) GPU/0-d1000 (3/16.0/SYS) GPU/0-d6000 (3/16.0/SYS) GPU/0-d9000 (3/16.0/SYS) GPU/0-de000 (1/36.0/XGMI) CPU/0-3 (2/16.0/SYS) CPU/0-1 (1/24.0/PHB) CPU/0-0 (2/16.0/SYS) CPU/0-2 (2/16.0/SYS) NET/0-0 (4/16.0/SYS) NET/0-1 (3/24.0/PHB) NET/0-2 (4/16.0/SYS) NET/0-3 (4/16.0/SYS) 
nid005001:57740:57740 [3] NCCL INFO GPU/D1000 :GPU/0-c1000 (3/16.0/SYS) GPU/0-c6000 (3/16.0/SYS) GPU/0-c9000 (1/72.0/XGMI) GPU/0-ce000 (3/16.0/SYS) GPU/0-d1000 (0/5000.0/LOC) GPU/0-d6000 (1/144.0/XGMI) GPU/0-d9000 (1/36.0/XGMI) GPU/0-de000 (3/16.0/SYS) CPU/0-3 (2/16.0/SYS) CPU/0-1 (2/16.0/SYS) CPU/0-0 (1/24.0/PHB) CPU/0-2 (2/16.0/SYS) NET/0-0 (4/16.0/SYS) NET/0-1 (4/16.0/SYS) NET/0-2 (3/24.0/PHB) NET/0-3 (4/16.0/SYS) 
nid005001:57740:57740 [3] NCCL INFO GPU/D6000 :GPU/0-c1000 (3/16.0/SYS) GPU/0-c6000 (1/36.0/XGMI) GPU/0-c9000 (3/16.0/SYS) GPU/0-ce000 (3/16.0/SYS) GPU/0-d1000 (1/144.0/XGMI) GPU/0-d6000 (0/5000.0/LOC) GPU/0-d9000 (3/16.0/SYS) GPU/0-de000 (1/36.0/XGMI) CPU/0-3 (2/16.0/SYS) CPU/0-1 (2/16.0/SYS) CPU/0-0 (1/24.0/PHB) CPU/0-2 (2/16.0/SYS) NET/0-0 (4/16.0/SYS) NET/0-1 (4/16.0/SYS) NET/0-2 (3/24.0/PHB) NET/0-3 (4/16.0/SYS) 
nid005001:57740:57740 [3] NCCL INFO GPU/D9000 :GPU/0-c1000 (1/72.0/XGMI) GPU/0-c6000 (3/16.0/SYS) GPU/0-c9000 (3/16.0/SYS) GPU/0-ce000 (3/16.0/SYS) GPU/0-d1000 (1/36.0/XGMI) GPU/0-d6000 (3/16.0/SYS) GPU/0-d9000 (0/5000.0/LOC) GPU/0-de000 (1/144.0/XGMI) CPU/0-3 (2/16.0/SYS) CPU/0-1 (2/16.0/SYS) CPU/0-0 (2/16.0/SYS) CPU/0-2 (1/24.0/PHB) NET/0-0 (4/16.0/SYS) NET/0-1 (4/16.0/SYS) NET/0-2 (4/16.0/SYS) NET/0-3 (3/24.0/PHB) 
nid005001:57740:57740 [3] NCCL INFO GPU/DE000 :GPU/0-c1000 (3/16.0/SYS) GPU/0-c6000 (3/16.0/SYS) GPU/0-c9000 (3/16.0/SYS) GPU/0-ce000 (1/36.0/XGMI) GPU/0-d1000 (3/16.0/SYS) GPU/0-d6000 (1/36.0/XGMI) GPU/0-d9000 (1/144.0/XGMI) GPU/0-de000 (0/5000.0/LOC) CPU/0-3 (2/16.0/SYS) CPU/0-1 (2/16.0/SYS) CPU/0-0 (2/16.0/SYS) CPU/0-2 (1/24.0/PHB) NET/0-0 (4/16.0/SYS) NET/0-1 (4/16.0/SYS) NET/0-2 (4/16.0/SYS) NET/0-3 (3/24.0/PHB) 
nid005001:57740:57740 [3] NCCL INFO NET/0 :GPU/0-c1000 (3/24.0/PHB) GPU/0-c6000 (3/24.0/PHB) GPU/0-c9000 (4/16.0/SYS) GPU/0-ce000 (4/16.0/SYS) GPU/0-d1000 (4/16.0/SYS) GPU/0-d6000 (4/16.0/SYS) GPU/0-d9000 (4/16.0/SYS) GPU/0-de000 (4/16.0/SYS) CPU/0-3 (2/24.0/PHB) CPU/0-1 (3/16.0/SYS) CPU/0-0 (3/16.0/SYS) CPU/0-2 (3/16.0/SYS) NET/0-0 (0/5000.0/LOC) NET/0-1 (5/16.0/SYS) NET/0-2 (5/16.0/SYS) NET/0-nid005001:57742:57742 [4] NCCL INFO               + XGMI[144.0] - GPU/D9000
nid005001:57742:57742 [4] NCCL INFO               + XGMI[36.0] - GPU/CE000
nid005001:57742:57742 [4] NCCL INFO               + XGMI[36.0] - GPU/D6000
nid005001:57742:57742 [4] NCCL INFO + SYS[16.0] - CPU/3
nid005001:57742:57742 [4] NCCL INFO + SYS[16.0] - CPU/1
nid005001:57742:57742 [4] NCCL INFO + SYS[16.0] - CPU/0
nid005001:57742:57742 [4] NCCL INFO ==========================================
nid005001:57742:57742 [4] NCCL INFO GPU/C1000 :GPU/0-c1000 (0/5000.0/LOC) GPU/0-c6000 (1/144.0/XGMI) GPU/0-c9000 (1/36.0/XGMI) GPU/0-ce000 (3/16.0/SYS) GPU/0-d1000 (3/16.0/SYS) GPU/0-d6000 (3/16.0/SYS) GPU/0-d9000 (1/72.0/XGMI) GPU/0-de000 (3/16.0/SYS) CPU/0-3 (1/24.0/PHB) CPU/0-1 (2/16.0/SYS) CPU/0-0 (2/16.0/SYS) CPU/0-2 (2/16.0/SYS) NET/0-0 (3/24.0/PHB) NET/0-1 (4/16.0/SYS) NET/0-2 (4/16.0/SYS) NET/0-3 (4/16.0/SYS) 
nid005001:57742:57742 [4] NCCL INFO GPU/C6000 :GPU/0-c1000 (1/144.0/XGMI) GPU/0-c6000 (0/5000.0/LOC) GPU/0-c9000 (3/16.0/SYS) GPU/0-ce000 (1/36.0/XGMI) GPU/0-d1000 (3/16.0/SYS) GPU/0-d6000 (1/36.0/XGMI) GPU/0-d9000 (3/16.0/SYS) GPU/0-de000 (3/16.0/SYS) CPU/0-3 (1/24.0/PHB) CPU/0-1 (2/16.0/SYS) CPU/0-0 (2/16.0/SYS) CPU/0-2 (2/16.0/SYS) NET/0-0 (3/24.0/PHB) NET/0-1 (4/16.0/SYS) NET/0-2 (4/16.0/SYS) NET/0-3 (4/16.0/SYS) 
nid005001:57742:57742 [4] NCCL INFO GPU/C9000 :GPU/0-c1000 (1/36.0/XGMI) GPU/0-c6000 (3/16.0/SYS) GPU/0-c9000 (0/5000.0/LOC) GPU/0-ce000 (1/144.0/XGMI) GPU/0-d1000 (1/72.0/XGMI) GPU/0-d6000 (3/16.0/SYS) GPU/0-d9000 (3/16.0/SYS) GPU/0-de000 (3/16.0/SYS) CPU/0-3 (2/16.0/SYS) CPU/0-1 (1/24.0/PHB) CPU/0-0 (2/16.0/SYS) CPU/0-2 (2/16.0/SYS) NET/0-0 (4/16.0/SYS) NET/0-1 (3/24.0/PHB) NET/0-2 (4/16.0/SYS) NET/0-3 (4/16.0/SYS) 
nid005001:57742:57742 [4] NCCL INFO GPU/CE000 :GPU/0-c1000 (3/16.0/SYS) GPU/0-c6000 (1/36.0/XGMI) GPU/0-c9000 (1/144.0/XGMI) GPU/0-ce000 (0/5000.0/LOC) GPU/0-d1000 (3/16.0/SYS) GPU/0-d6000 (3/16.0/SYS) GPU/0-d9000 (3/16.0/SYS) GPU/0-de000 (1/36.0/XGMI) CPU/0-3 (2/16.0/SYS) CPU/0-1 (1/24.0/PHB) CPU/0-0 (2/16.0/SYS) CPU/0-2 (2/16.0/SYS) NET/0-0 (4/16.0/SYS) NET/0-1 (3/24.0/PHB) NET/0-2 (4/16.0/SYS) NET/0-3 (4/16.0/SYS) 
nid005001:57742:57742 [4] NCCL INFO GPU/D1000 :GPU/0-c1000 (3/16.0/SYS) GPU/0-c6000 (3/16.0/SYS) GPU/0-c9000 (1/72.0/XGMI) GPU/0-ce000 (3/16.0/SYS) GPU/0-d1000 (0/5000.0/LOC) GPU/0-d6000 (1/144.0/XGMI) GPU/0-d9000 (1/36.0/XGMI) GPU/0-de000 (3/16.0/SYS) CPU/0-3 (2/16.0/SYS) CPU/0-1 (2/16.0/SYS) CPU/0-0 (1/24.0/PHB) CPU/0-2 (2/16.0/SYS) NET/0-0 (4/16.0/SYS) NET/0-1 (4/16.0/SYS) NET/0-2 (3/24.0/PHB) NET/0-3 (4/16.0/SYS) 
nid005001:57742:57742 [4] NCCL INFO GPU/D6000 :GPU/0-c1000 (3/16.0/SYS) GPU/0-c6000 (1/36.0/XGMI) GPU/0-c9000 (3/16.0/SYS) GPU/0-ce000 (3/16.0/SYS) GPU/0-d1000 (1/144.0/XGMI) GPU/0-d6000 (0/5000.0/LOC) GPU/0-d9000 (3/16.0/SYS) GPU/0-de000 (1/36.0/XGMI) CPU/0-3 (2/16.0/SYS) CPU/0-1 (2/16.0/SYS) CPU/0-0 (1/24.0/PHB) CPU/0-2 (2/16.0/SYS) NET/0-0 (4/16.0/SYS) NET/0-1 (4/16.0/SYS) NET/0-2 (3/24.0/PHB) NET/0-3 (4/16.0/SYS) 
nid005001:57742:57742 [4] NCCL INFO GPU/D9000 :GPU/0-c1000 (1/72.0/XGMI) GPU/0-c6000 (3/16.0/SYS) GPU/0-c9000 (3/16.0/SYS) GPU/0-ce000 (3/16.0/SYS) GPU/0-d1000 (1/36.0/XGMI) GPU/0-d6000 (3/16.0/SYS) GPU/0-d9000 (0/5000.0/LOC) GPU/0-de000 (1/144.0/XGMI) CPU/0-3 (2/16.0/SYS) CPU/0-1 (2/16.0/SYS) CPU/0-0 (2/16.0/SYS) CPU/0-2 (1/24.0/PHB) NET/0-0 (4/16.0/SYS) NET/0-1 (4/16.0/SYS) NET/0-2 (4/16.0/SYS) NET/0-3 (3/24.0/PHB) 
nid005001:57742:57742 [4] NCCL INFO GPU/DE000 :GPU/0-c1000 (3/16.0/SYS) GPU/0-c6000 (3/16.0/SYS) GPU/0-c9000 (3/16.0/SYS) GPU/0-ce000 (1/36.0/XGMI) GPU/0-d1000 (3/16.0/SYS) GPU/0-d6000 (1/36.0/XGMI) GPU/0-d9000 (1/144.0/XGMI) GPU/0-de000 (0/5000.0/LOC) CPU/0-3 (2/16.0/SYS) CPU/0-1 (2/16.0/SYS) CPU/0-0 (2/16.0/SYS) CPU/0-2 (1/24.0/PHB) NET/0-0 (4/16.0/SYS) NET/0-1 (4/16.0/SYS) NET/0-2 (4/16.0/SYS) NET/0-3 (3/24.0/PHB) 
nid005001:57742:57742 [4] NCCL INFO NET/0 :GPU/0-c1000 (3/24.0/PHB) GPU/0-c6000 (3/24.0/PHB) GPU/0-c9000 (4/16.0/SYS) GPU/0-ce000 (4/16.0/SYS) GPU/0-d1000 (4/16.0/SYS) GPU/0-d6000 (4/16.0/SYS) GPU/0-d9000 (4/16.0/SYS) GPU/0-de000 (4/16.0/SYS) CPU/nid005005:93051:93051 [7] NCCL INFO NCCL_NET_GDR_LEVEL set by environment to PHB
nid005005:93051:93051 [7] NCCL INFO GPU Direct RDMA Enabled for GPU c1000 / HCA 0 (distance 6 <= 6), read 1
nid005005:93051:93051 [7] NCCL INFO GPU Direct RDMA Enabled for GPU c6000 / HCA 0 (distance 6 <= 6), read 1
nid005005:93051:93051 [7] NCCL INFO GPU Direct RDMA Enabled for GPU c9000 / HCA 1 (distance 6 <= 6), read 1
nid005005:93051:93051 [7] NCCL INFO GPU Direct RDMA Enabled for GPU ce000 / HCA 1 (distance 6 <= 6), read 1
nid005005:93051:93051 [7] NCCL INFO GPU Direct RDMA Enabled for GPU d1000 / HCA 2 (distance 6 <= 6), read 1
nid005005:93051:93051 [7] NCCL INFO GPU Direct RDMA Enabled for GPU d6000 / HCA 2 (distance 6 <= 6), read 1
nid005005:93051:93051 [7] NCCL INFO GPU Direct RDMA Enabled for GPU d9000 / HCA 3 (distance 6 <= 6), read 1
nid005005:93051:93051 [7] NCCL INFO GPU Direct RDMA Enabled for GPU de000 / HCA 3 (distance 6 <= 6), read 1
nid005005:93045:93045 [1] NCCL INFO NCCL_NET_GDR_LEVEL set by environment to PHB
nid005005:93045:93045 [1] NCCL INFO GPU Direct RDMA Enabled for GPU c1000 / HCA 0 (distance 6 <= 6), read 1
nid005005:93045:93045 [1] NCCL INFO GPU Direct RDMA Enabled for GPU c6000 / HCA 0 (distance 6 <= 6), read 1
nid005005:93045:93045 [1] NCCL INFO GPU Direct RDMA Enabled for GPU c9000 / HCA 1 (distance 6 <= 6), read 1
nid005005:93045:93045 [1] NCCL INFO GPU Direct RDMA Enabled for GPU ce000 / HCA 1 (distance 6 <= 6), read 1
nid005005:93045:93045 [1] NCCL INFO GPU Direct RDMA Enabled for GPU d1000 / HCA 2 (distance 6 <= 6), read 1
nid005005:93045:93045 [1] NCCL INFO GPU Direct RDMA Enabled for GPU d6000 / HCA 2 (distance 6 <= 6), read 1
nid005005:93045:93045 [1] NCCL INFO GPU Direct RDMA Enabled for GPU d9000 / HCA 3 (distance 6 <= 6), read 1
nid005005:93045:93045 [1] NCCL INFO GPU Direct RDMA Enabled for GPU de000 / HCA 3 (distance 6 <= 6), read 1
nid005001:57741:57741 [1] NCCL INFO GPU/C6000 :GPU/0-c1000 (1/144.0/XGMI) GPU/0-c6000 (0/5000.0/LOC) GPU/0-c9000 (3/16.0/SYS) GPU/0-ce000 (1/36.0/XGMI) GPU/0-d1000 (3/16.0/SYS) GPU/0-d6000 (1/36.0/XGMI) GPU/0-d9000 (3/16.0/SYS) GPU/0-de000 (3/16.0/SYS) CPU/0-3 (1/24.0/PHB) CPU/0-1 (2/16.0/SYS) CPU/0-0 (2/16.0/SYS) CPU/0-2 (2/16.0/SYS) NET/0-0 (3/24.0/PHB) NET/0-1 (4/16.0/SYS) NET/0-2 (4/16.0/SYS) NET/0-3 (4/16.0/SYS) 
nid005001:57741:57741 [1] NCCL INFO GPU/C9000 :GPU/0-c1000 (1/36.0/XGMI) GPU/0-c6000 (3/16.0/SYS) GPU/0-c9000 (0/5000.0/LOC) GPU/0-ce000 (1/144.0/XGMI) GPU/0-d1000 (1/72.0/XGMI) GPU/0-d6000 (3/16.0/SYS) GPU/0-d9000 (3/16.0/SYS) GPU/0-de000 (3/16.0/SYS) CPU/0-3 (2/16.0/SYS) CPU/0-1 (1/24.0/PHB) CPU/0-0 (2/16.0/SYS) CPU/0-2 (2/16.0/SYS) NET/0-0 (4/16.0/SYS) NET/0-1 (3/24.0/PHB) NET/0-2 (4/16.0/SYS) NET/0-3 (4/16.0/SYS) 
nid005001:57741:57741 [1] NCCL INFO GPU/CE000 :GPU/0-c1000 (3/16.0/SYS) GPU/0-c6000 (1/36.0/XGMI) GPU/0-c9000 (1/144.0/XGMI) GPU/0-ce000 (0/5000.0/LOC) GPU/0-d1000 (3/16.0/SYS) GPU/0-d6000 (3/16.0/SYS) GPU/0-d9000 (3/16.0/SYS) GPU/0-de000 (1/36.0/XGMI) CPU/0-3 (2/16.0/SYS) CPU/0-1 (1/24.0/PHB) CPU/0-0 (2/16.0/SYS) CPU/0-2 (2/16.0/SYS) NET/0-0 (4/16.0/SYS) NET/0-1 (3/24.0/PHB) NET/0-2 (4/16.0/SYS) NET/0-3 (4/16.0/SYS) 
nid005001:57741:57741 [1] NCCL INFO GPU/D1000 :GPU/0-c1000 (3/16.0/SYS) GPU/0-c6000 (3/16.0/SYS) GPU/0-c9000 (1/72.0/XGMI) GPU/0-ce000 (3/16.0/SYS) GPU/0-d1000 (0/5000.0/LOC) GPU/0-d6000 (1/144.0/XGMI) GPU/0-d9000 (1/36.0/XGMI) GPU/0-de000 (3/16.0/SYS) CPU/0-3 (2/16.0/SYS) CPU/0-1 (2/16.0/SYS) CPU/0-0 (1/24.0/PHB) CPU/0-2 (2/16.0/SYS) NET/0-0 (4/16.0/SYS) NET/0-1 (4/16.0/SYS) NET/0-2 (3/24.0/PHB) NET/0-3 (4/16.0/SYS) 
nid005001:57741:57741 [1] NCCL INFO GPU/D6000 :GPU/0-c1000 (3/16.0/SYS) GPU/0-c6000 (1/36.0/XGMI) GPU/0-c9000 (3/16.0/SYS) GPU/0-ce000 (3/16.0/SYS) GPU/0-d1000 (1/144.0/XGMI) GPU/0-d6000 (0/5000.0/LOC) GPU/0-d9000 (3/16.0/SYS) GPU/0-de000 (1/36.0/XGMI) CPU/0-3 (2/16.0/SYS) CPU/0-1 (2/16.0/SYS) CPU/0-0 (1/24.0/PHB) CPU/0-2 (2/16.0/SYS) NET/0-0 (4/16.0/SYS) NET/0-1 (4/16.0/SYS) NET/0-2 (3/24.0/PHB) NET/0-3 (4/16.0/SYS) 
nid005001:57741:57741 [1] NCCL INFO GPU/D9000 :GPU/0-c1000 (1/72.0/XGMI) GPU/0-c6000 (3/16.0/SYS) GPU/0-c9000 (3/16.0/SYS) GPU/0-ce000 (3/16.0/SYS) GPU/0-d1000 (1/36.0/XGMI) GPU/0-d6000 (3/16.0/SYS) GPU/0-d9000 (0/5000.0/LOC) GPU/0-de000 (1/144.0/XGMI) CPU/0-3 (2/16.0/SYS) CPU/0-1 (2/16.0/SYS) CPU/0-0 (2/16.0/SYS) CPU/0-2 (1/24.0/PHB) NET/0-0 (4/16.0/SYS) NET/0-1 (4/16.0/SYS) NET/0-2 (4/16.0/SYS) NET/0-3 (3/24.0/PHB) 
nid005001:57741:57741 [1] NCCL INFO GPU/DE000 :GPU/0-c1000 (3/16.0/SYS) GPU/0-c6000 (3/16.0/SYS) GPU/0-c9000 (3/16.0/SYS) GPU/0-ce000 (1/36.0/XGMI) GPU/0-d1000 (3/16.0/SYS) GPU/0-d6000 (1/36.0/XGMI) GPU/0-d9000 (1/144.0/XGMI) GPU/0-de000 (0/5000.0/LOC) CPU/0-3 (2/16.0/SYS) CPU/0-1 (2/16.0/SYS) CPU/0-0 (2/16.0/SYS) CPU/0-2 (1/24.0/PHB) NET/0-0 (4/16.0/SYS) NET/0-1 (4/16.0/SYS) NET/0-2 (4/16.0/SYS) NET/0-3 (3/24.0/PHB) 
nid005001:57741:57741 [1] NCCL INFO NET/0 :GPU/0-c1000 (3/24.0/PHB) GPU/0-c6000 (3/24.0/PHB) GPU/0-c9000 (4/16.0/SYS) GPU/0-ce000 (4/16.0/SYS) GPU/0-d1000 (4/16.0/SYS) GPU/0-d6000 (4/16.0/SYS) GPU/0-d9000 (4/16.0/SYS) GPU/0-de000 (4/16.0/SYS) CPU/0-3 (2/24.0/PHB) CPU/0-1 (3/16.0/SYS) CPU/0-0 (3/16.0/SYS) CPU/0-2 (3/16.0/SYS) NET/0-0 (0/5000.0/LOC) NET/0-1 (5/16.0/SYS) NET/0-2 (5/16.0/SYS) NET/0-3 (5/16.0/SYS) 
nid005001:57741:57741 [1] NCCL INFO NET/1 :GPU/0-c1000 (4/16.0/SYS) GPU/0-c6000 (4/16.0/SYS) GPU/0-c9000 (3/24.0/PHB) GPU/0-ce000 (3/24.0/PHB) GPU/0-d1000 (4/16.0/SYS) GPU/0-d6000 (4/16.0/SYS) GPU/0-d9000 (4/16.0/SYS) GPU/0-de000 (4/16.0/SYS) CPU/0-3 (3/16.0/SYS) CPU/0-1 (2/24.0/PHB) CPU/0-0 (3/16.0/SYS) CPU/0-2 (3/16.0/SYS) NET/0-0 (5/16.0/SYS) NET/0-1 (0/5000.0/LOC) NET/0-2 (5/16.0/SYS) NET/0-3 (5/16.0/SYS) 
nid005001:57741:57741 [1] NCCL INFO NET/2 :GPU/0-c1000 (4/16.0/SYS) GPU/0-c6000 (4/16.0/SYS) GPU/0-c9000 (4/16.0/SYS) GPU/0-ce000 (4/16.0/SYS) GPU/0-d1000 (3/24.0/PHB) GPU/0-d6000 (3/24.0/PHB) GPU/0-d9000 (4/16.0/SYS) GPU/0-de000 (4/16.0/SYS) CPU/0-3 (3/16.0/SYS) CPU/0-1 (3/16.0/SYS) CPU/0-0 (2/24.0/PHB) CPU/0-23 (5/16.0/SYS) 
nid005001:57740:57740 [3] NCCL INFO NET/1 :GPU/0-c1000 (4/16.0/SYS) GPU/0-c6000 (4/16.0/SYS) GPU/0-c9000 (3/24.0/PHB) GPU/0-ce000 (3/24.0/PHB) GPU/0-d1000 (4/16.0/SYS) GPU/0-d6000 (4/16.0/SYS) GPU/0-d9000 (4/16.0/SYS) GPU/0-de000 (4/16.0/SYS) CPU/0-3 (3/16.0/SYS) CPU/0-1 (2/24.0/PHB) CPU/0-0 (3/16.0/SYS) CPU/0-2 (3/16.0/SYS) NET/0-0 (5/16.0/SYS) NET/0-1 (0/5000.0/LOC) NET/0-2 (5/16.0/SYS) NET/0-3 (5/16.0/SYS) 
nid005001:57740:57740 [3] NCCL INFO NET/2 :GPU/0-c1000 (4/16.0/SYS) GPU/0-c6000 (4/16.0/SYS) GPU/0-c9000 (4/16.0/SYS) GPU/0-ce000 (4/16.0/SYS) GPU/0-d1000 (3/24.0/PHB) GPU/0-d6000 (3/24.0/PHB) GPU/0-d9000 (4/16.0/SYS) GPU/0-de000 (4/16.0/SYS) CPU/0-3 (3/16.0/SYS) CPU/0-1 (3/16.0/SYS) CPU/0-0 (2/24.0/PHB) CPU/0-2 (3/16.0/SYS) NET/0-0 (5/16.0/SYS) NET/0-1 (5/16.0/SYS) NET/0-2 (0/5000.0/LOC) NET/0-3 (5/16.0/SYS) 
nid005001:57740:57740 [3] NCCL INFO NET/3 :GPU/0-c1000 (4/16.0/SYS) GPU/0-c6000 (4/16.0/SYS) GPU/0-c9000 (4/16.0/SYS) GPU/0-ce000 (4/16.0/SYS) GPU/0-d1000 (4/16.0/SYS) GPU/0-d6000 (4/16.0/SYS) GPU/0-d9000 (3/24.0/PHB) GPU/0-de000 (3/24.0/PHB) CPU/0-3 (3/16.0/SYS) CPU/0-1 (3/16.0/SYS) CPU/0-0 (3/16.0/SYS) CPU/0-2 (2/24.0/PHB) NET/0-0 (5/16.0/SYS) NET/0-1 (5/16.0/SYS) NET/0-2 (5/16.0/SYS) NET/0-3 (0/5000.0/LOC) 
0-3 (2/24.0/PHB) CPU/0-1 (3/16.0/SYS) CPU/0-0 (3/16.0/SYS) CPU/0-2 (3/16.0/SYS) NET/0-0 (0/5000.0/LOC) NET/0-1 (5/16.0/SYS) NET/0-2 (5/16.0/SYS) NET/0-3 (5/16.0/SYS) 
nid005001:57742:57742 [4] NCCL INFO NET/1 :GPU/0-c1000 (4/16.0/SYS) GPU/0-c6000 (4/16.0/SYS) GPU/0-c9000 (3/24.0/PHB) GPU/0-ce000 (3/24.0/PHB) GPU/0-d1000 (4/16.0/SYS) GPU/0-d6000 (4/16.0/SYS) GPU/0-d9000 (4/16.0/SYS) GPU/0-de000 (4/16.0/SYS) CPU/0-3 (3/16.0/SYS) CPU/0-1 (2/24.0/PHB) CPU/0-0 (3/16.0/SYS) CPU/0-2 (3/16.0/SYS) NET/0-0 (5/16.0/SYS) NET/0-1 (0/5000.0/LOC) NET/0-2 (5/16.0/SYS) NET/0-3 (5/16.0/SYS) 
nid005001:57742:57742 [4] NCCL INFO NET/2 :GPU/0-c1000 (4/16.0/SYS) GPU/0-c6000 (4/16.0/SYS) GPU/0-c9000 (4/16.0/SYS) GPU/0-ce000 (4/16.0/SYS) GPU/0-d1000 (3/24.0/PHB) GPU/0-d6000 (3/24.0/PHB) GPU/0-d9000 (4/16.0/SYS) GPU/0-de000 (4/16.0/SYS) CPU/0-3 (3/16.0/SYS) CPU/0-1 (3/16.0/SYS) CPU/0-0 (2/24.0/PHB) CPU/0-2 (3/16.0/SYS) NET/0-0 (5/16.0/SYS) NET/0-1 (5/16.0/SYS) NET/0-2 (0/5000.0/LOC) NET/0-3 (5/16.0/SYS) 
nid005001:57742:57742 [4] NCCL INFO NET/3 :GPU/0-c1000 (4/16.0/SYS) GPU/0-c6000 (4/16.0/SYS) GPU/0-c9000 (4/16.0/SYS) GPU/0-ce000 (4/16.0/SYS) GPU/0-d1000 (4/16.0/SYS) GPU/0-d6000 (4/16.0/SYS) GPU/0-d9000 (3/24.0/PHB) GPU/0-de000 (3/24.0/PHB) CPU/0-3 (3/16.0/SYS) CPU/0-1 (3/16.0/SYS) CPU/0-0 (3/16.0/SYS) CPU/0-2 (2/24.0/PHB) NET/0-0 (5/16.0/SYS) NET/0-1 (5/16.0/SYS) NET/0-2 (5/16.0/SYS) NET/0-3 (0/5000.0/LOC) 
nid005001:57742:57742 [4] NCCL INFO Setting affinity for GPU 4 to fefe,00000000,0000fefe
 (3/16.0/SYS) NET/0-0 (5/16.0/SYS) NET/0-1 (5/16.0/SYS) NET/0-2 (0/5000.0/LOC) NET/0-3 (5/16.0/SYS) 
nid005001:57741:57741 [1] NCCL INFO NET/3 :GPU/0-c1000 (4/16.0/SYS) GPU/0-c6000 (4/16.0/SYS) GPU/0-c9000 (4/16.0/SYS) GPU/0-ce000 (4/16.0/SYS) GPU/0-d1000 (4/16.0/SYS) GPU/0-d6000 (4/16.0/SYS) GPU/0-d9000 (3/24.0/PHB) GPU/0-de000 (3/24.0/PHB) CPU/0-3 (3/16.0/SYS) CPU/0-1 (3/16.0/SYS) CPU/0-0 (3/16.0/SYS) CPU/0-2 (2/24.0/PHB) NET/0-0 (5/16.0/SYS) NET/0-1 (5/16.0/SYS) NET/0-2 (5/16.0/SYS) NET/0-3 (0/5000.0/LOC) 
nid005005:93049:93049 [6] NCCL INFO NCCL_NET_GDR_LEVEL set by environment to PHB
nid005005:93049:93049 [6] NCCL INFO GPU Direct RDMA Enabled for GPU c1000 / HCA 0 (distance 6 <= 6), read 1
nid005005:93049:93049 [6] NCCL INFO GPU Direct RDMA Enabled for GPU c6000 / HCA 0 (distance 6 <= 6), read 1
nid005005:93049:93049 [6] NCCL INFO GPU Direct RDMA Enabled for GPU c9000 / HCA 1 (distance 6 <= 6), read 1
nid005005:93049:93049 [6] NCCL INFO GPU Direct RDMA Enabled for GPU ce000 / HCA 1 (distance 6 <= 6), read 1
nid005005:93049:93049 [6] NCCL INFO GPU Direct RDMA Enabled for GPU d1000 / HCA 2 (distance 6 <= 6), read 1
nid005005:93049:93049 [6] NCCL INFO GPU Direct RDMA Enabled for GPU d6000 / HCA 2 (distance 6 <= 6), read 1
nid005005:93049:93049 [6] NCCL INFO GPU Direct RDMA Enabled for GPU d9000 / HCA 3 (distance 6 <= 6), read 1
nid005005:93049:93049 [6] NCCL INFO GPU Direct RDMA Enabled for GPU de000 / HCA 3 (distance 6 <= 6), read 1
nid005005:93046:93046 [4] NCCL INFO NCCL_NET_GDR_LEVEL set by environment to PHB
nid005005:93046:93046 [4] NCCL INFO GPU Direct RDMA Enabled for GPU c1000 / HCA 0 (distance 6 <= 6), read 1
nid005005:93046:93046 [4] NCCL INFO GPU Direct RDMA Enabled for GPU c6000 / HCA 0 (distance 6 <= 6), read 1
nid005005:93046:93046 [4] NCCL INFO GPU Direct RDMA Enabled for GPU c9000 / HCA 1 (distance 6 <= 6), read 1
nid005005:93046:93046 [4] NCCL INFO GPU Direct RDMA Enabled for GPU ce000 / HCA 1 (distance 6 <= 6), read 1
nid005005:93046:93046 [4] NCCL INFO GPU Direct RDMA Enabled for GPU d1000 / HCA 2 (distance 6 <= 6), read 1
nid005005:93046:93046 [4] NCCL INFO GPU Direct RDMA Enabled for GPU d6000 / HCA 2 (distance 6 <= 6), read 1
nid005005:93046:93046 [4] NCCL INFO GPU Direct RDMA Enabled for GPU d9000 / HCA 3 (distance 6 <= 6), read 1
nid005005:93046:93046 [4] NCCL INFO GPU Direct RDMA Enabled for GPU de000 / HCA 3 (distance 6 <= 6), read 1
nid005005:93047:93047 [2] NCCL INFO === System : maxBw 24.0 totalBw 252.0 ===
nid005005:93047:93047 [2] NCCL INFO CPU/0-3 (1/2/4)
nid005005:93047:93047 [2] NCCL INFO + PCI[24.0] - GPU/0-c1000 (8)
nid005005:93047:93047 [2] NCCL INFO               + XGMI[144.0] - GPU/C6000
nid005005:93047:93047 [2] NCCL INFO               + XGMI[72.0] - GPU/D9000
nid005005:93047:93047 [2] NCCL INFO               + XGMI[36.0] - GPU/C9000
nid005005:93047:93047 [2] NCCL INFO + PCI[24.0] - NIC/0-c5000
nid005005:93047:93047 [2] NCCL INFO               + NET[25.0] - NET/0 (a78181e00/1/25.000000)
nid005005:93047:93047 [2] NCCL INFO + PCI[24.0] - GPU/0-c6000 (9)
nid005005:93047:93047 [2] NCCL INFO               + XGMI[144.0] - GPU/C1000
nid005005:93047:93047 [2] NCCL INFO               + XGMI[36.0] - GPU/CE000
nid005005:93047:93047 [2] NCCL INFO               + XGMI[36.0] - GPU/D6000
nid005001:57745:57745 [5] NCCL INFO NCCL_NET_GDR_LEVEL set by environment to PHB
nid005001:57745:57745 [5] NCCL INFO GPU Direct RDMA Enabled for GPU c1000 / HCA 0 (distance 6 <= 6), read 1
nid005001:57745:57745 [5] NCCL INFO GPU Direct RDMA Enabled for GPU c6000 / HCA 0 (distance 6 <= 6), read 1
nid005001:57745:57745 [5] NCCL INFO GPU Direct RDMA Enabled for GPU c9000 / HCA 1 (distance 6 <= 6), read 1
nid005001:57745:57745 [5] NCCL INFO GPU Direct RDMA Enabled for GPU ce000 / HCA 1 (distance 6 <= 6), read 1
nid005001:57745:57745 [5] NCCL INFO GPU Direct RDMA Enabled for GPU d1000 / HCA 2 (distance 6 <= 6), read 1
nid005001:57745:57745 [5] NCCL INFO GPU Direct RDMA Enabled for GPU d6000 / HCA 2 (distance 6 <= 6), read 1
nid005001:57745:57745 [5] NCCL INFO GPU Direct RDMA Enabled for GPU d9000 / HCA 3 (distance 6 <= 6), read 1
nid005001:57745:57745 [5] NCCL INFO GPU Direct RDMA Enabled for GPU de000 / HCA 3 (distance 6 <= 6), read 1
nid005005:93050:93050 [3] NCCL INFO === System : maxBw 24.0 totalBw 252.0 ===
nid005005:93050:93050 [3] NCCL INFO CPU/0-3 (1/2/4)
nid005005:93050:93050 [3] NCCL INFO + PCI[24.0] - GPU/0-c1000 (8)
nid005005:93050:93050 [3] NCCL INFO               + XGMI[144.0] - GPU/C6000
nid005005:93050:93050 [3] NCCL INFO               + XGMI[72.0] - GPU/D9000
nid005005:93050:93050 [3] NCCL INFO               + XGMI[36.0] - GPU/C9000
nid005001:57739:57739 [2] NCCL INFO === System : maxBw 24.0 totalBw 252.0 ===
nid005001:57739:57739 [2] NCCL INFO CPU/0-3 (1/2/4)
nid005001:57739:57739 [2] NCCL INFO + PCI[24.0] - GPU/0-c1000 (0)
nid005001:57739:57739 [2] NCCL INFO               + XGMI[144.0] - GPU/C6000
nid005001:57739:57739 [2] NCCL INFO               + XGMI[72.0] - GPU/D9000
nid005001:57739:57739 [2] NCCL INFO               + XGMI[36.0] - GPU/C9000
nid005001:57739:57739 [2] NCCL INFO + PCI[24.0] - NIC/0-c5000
nid005001:57739:57739 [2] NCCL INFO               + NET[25.0] - NET/0 (a78180b00/1/25.000000)
nid005001:57739:57739 [2] NCCL INFO + PCI[24.0] - GPU/0-c6000 (1)
nid005001:57739:57739 [2] NCCL INFO               + XGMI[144.0] - GPU/C1000
nid005001:57739:57739 [2] NCCL INFO               + XGMI[36.0] - GPU/CE000
nid005001:57739:57739 [2] NCCL INFO               + XGMI[36.0] - GPU/D6000
nid005001:57739:57739 [2] NCCL INFO + SYS[16.0] - CPU/1
nid005001:57739:57739 [2] NCCL INFO + SYS[16.0] - CPU/0
nid005001:57739:57739 [2] NCCL INFO + SYS[16.0] - CPU/2
nid005001:57739:57739 [2] NCCL INFO CPU/0-1 (1/2/4)
nid005001:57739:57739 [2] NCCL INFO + PCI[24.0] - NIC/0-cd000
nid005001:57739:57739 [2] NCCL INFO               + NET[25.0] - NET/1 (a78180b01/1/25.000000)
nid005001:57739:57739 [2] NCCL INFO + PCI[24.0] - GPU/0-c9000 (2)
nid005001:57739:57739 [2] NCCL INFO               + XGMI[144.0] - GPU/CE000
nid005001:57739:57739 [2] NCCL INFO               + XGMI[72.0] - GPU/D1000
nid005001:57739:57739 [2] NCCL INFO               + XGMI[36.0] - GPU/C1000
nid005001:57739:57739 [2] NCCL INFO + PCI[24.0] - GPU/0-ce000 (3)
nid005001:57739:57739 [2] NCCL INFO               + XGMI[144.0] - GPU/C9000
nid005001:57739:57739 [2] NCCL INFO               + XGMI[36.0] - GPU/C6000
nid005001:57739:57739 [2] NCCL INFO               + XGMI[36.0] - GPU/DE000
nid005001:57739:57739 [2] NCCL INFO + SYS[16.0] - CPU/3
nid005001:57739:57739 [2] NCCL INFO + SYS[16.0] - CPU/0
nid005001:57739:57739 [2] NCCL INFO + SYS[16.0] - CPU/2
nid005001:57739:57739 [2] NCCL INFO CPU/0-0 (1/2/4)
nid005001:57739:57739 [2] NCCL INFO + PCI[24.0] - NIC/0-d5000
nid005001:57739:57739 [2] NCCL INFO               + NET[25.0] - NET/2 (a78180b02/1/25.000000)
nid005001:57739:57739 [2] NCCL INFO + PCI[24.0] - GPU/0-d1000 (4)
nid005001:57739:57739 [2] NCCL INFO               + XGMI[144.0] - GPU/D6000
nid005001:57739:57739 [2] NCCL INFO               + XGMI[72.0] - GPU/C9000
nid005001:57739:57739 [2] NCCL INFO               + XGMI[36.0] - GPU/D9000
nid005001:57739:57739 [2] NCCL INFO + PCI[24.0] - GPU/0-d6000 (5)
nid005001:57739:57739 [2] NCCL INFO               + XGMI[144.0] - GPU/D1000
nid005001:57739:57739 [2] NCCL INFO               + XGMI[36.0] - GPU/C6000
nid005001:57739:57739 [2] NCCL INFO               + XGMI[36.0] - GPU/DE000
nid005001:57739:57739 [2] NCCL INFO + SYS[16.0] - CPU/3
nid005001:57739:57739 [2] NCCL INFO + SYS[16.0] - CPU/1
nid005001:57739:57739 [2] NCCL INFO + SYS[16.0] - CPU/2
nid005001:57739:57739 [2] NCCL INFO CPU/0-2 (1/2/4)
nid005001:57739:57739 [2] NCCL INFO + PCI[24.0] - NIC/0-dd000
nid005001:57739:57739 [2] NCCL INFO               + NET[25.0] - NET/3 (a78180b03/1/25.000000)
nid005001:57739:57739 [2] NCCL INFO + PCI[24.0] - GPU/0-d9000 (6)
nid005001:57739:57739 [2] NCCL INFO               + XGMI[144.0] - GPU/DE000
nid005001:57739:57739 [2] NCCL INFO               + XGMI[72.0] - GPU/C1000
nid005001:57739:57739 [2] NCCL INFO               + XGMI[36.0] - GPU/D1000
nid005001:57739:57739 [2] NCCL INFO + PCI[24.0] - GPU/0-de000 (7)
nid005001:57739:57739 [2] NCCL INFO               + XGMI[144.0] - GPU/D9000
nid005001:57739:57739 [2] NCCL INFO               + XGMI[36.0] - GPU/CE000
nid005001:57739:57739 [2] NCCL INFO               + XGMI[36.0] - GPU/D6000
nid005001:57739:57739 [2] NCCL INFO + SYS[16.0] - CPU/3
nid005001:57739:57739 [2] NCCL INFO + SYS[16.0] - CPU/1
nid005001:57739:57739 [2] NCCL INFO + SYS[16.0] - CPU/0
nid005001:57739:57739 [2] NCCL INFO ==========================================
nid005001:57739:57739 [2] NCCL INFO GPU/C1000 :GPU/0-c1000 (0/5000.0/LOC) GPU/0-c6000 (1/144.0/XGMI) GPU/0-c9000 (1/36.0/XGMI) GPU/0-ce000 (3/16.0/SYS) GPU/0-d1000 (3/16.0/SYS) GPU/0-d6000 (3/16.0/SYS) GPU/0-d9000 (1/72.0/XGMI) GPU/0-de000 (3/16.0/SYS) CPU/0-3 (1/24.0/PHB) CPU/0-1 (2/16.0/SYS) CPU/0-0 (2/16.0/SYS) CPU/0-2 (2/16.0/SYS) NET/0-0 (3/24.0/PHB) NET/0-1 (4/16.0/SYS) NET/0-2 (4/16.0/SYS) NET/0-3 (4/16.0/SYS) 
nid005001:57739:57739 [2] NCCL INFO GPU/C6000 :GPU/0-c1000 (1/144.0/XGMI) GPU/0-c6000 (0/5000.0/LOC) GPU/0-c9000 (3/16.0/SYS) GPU/0-ce000 (1/36.0/XGMI) GPU/0-d1000 (3/16.0/SYS) GPU/0-d6000 (1/36.0/XGMI) GPU/0-d9000 (3/16.0/SYS) GPU/0-de000 (3/16.0/SYS) CPU/0-3 (1/24.0/PHB) CPU/0-1 (2/16.0/SYS) CPU/0-0 (2/16.0/SYS) CPU/0-2 (2/16.0/SYS) NET/0-0 (3/24.0/PHB) NET/0-1 (4/16.0/SYS) NET/0-2 (4/16.0/SYS) NET/0-3 (4/16.0/SYS) 
nid005001:57739:57739 [2] NCCL INFO GPU/C9000 :GPU/0-c1000 (1/36.0/XGMI) GPU/0-c6000 (3/16.0/SYS) GPU/0-c9000 (0/5000.0/LOC) GPU/0-ce000 (1/144.0/XGMI) GPU/0-d1000 (1/72.0/XGMI) GPU/0-d6000 (3/16.0/SYS) GPU/0-d9000 (3/16.0/SYS) GPU/0-de000 (3/16.0/SYS) CPU/0-3 (2/16.0/SYS) CPU/0-1 (1/24.0/PHB) CPU/0-0 (2/16.0/SYS) CPU/0-2 (2/16.0/SYS) NET/0-0 (4/16.0/SYS) NET/0-1 (3/24.0/PHB) NET/0-2 (4/16.0/SYS) NET/0-3 (4/16.0/SYS) 
nid005001:57739:57739 [2] NCCL INFO GPU/CE000 :GPU/0-c1000 (3/16.0/SYS) GPU/0-c6000 (1/36.0/XGMI) GPU/0-c9000 (1/144.0/XGMI) GPU/0-ce000 (0/5000.0/LOC) GPU/0-d1000 (3/16.0/SYS) GPU/0-d6000 (3/16.0/SYS) GPU/0-d9000 (3/16.0/SYS) GPU/0-de000 (1/36.0/XGMI) CPU/0-3 (2/16.0/SYS) CPU/0-1 (1/24.0/PHB) CPU/0-0 (2/16.0/SYS) CPU/0-2 (2/16.0/SYS) NET/0-0 (4/16.0/SYS) NET/0-1 (3/24.0/PHB) NET/0-2 (4/16.0/SYS) NET/0-3 (4/16.0/SYS) 
nid005001:57739:57739 [2] NCCL INFO GPU/D1000 :GPU/0-c1000 (3/16.0/SYS) GPU/0-c6000 (3/16.0/SYS) GPU/0-c9000 (1/72.0/XGMI) GPU/0-ce000 (3/16.0/SYS) GPU/0-d1000 (0/5000.0/LOC) GPU/0-d6000 (1/144.0/XGMI) GPU/0-d9000 (1/36.0/XGMI) GPU/0-de000 (3/16.0/SYS) CPU/0-3 (2/16.0/SYS) CPU/0-1 (2/16.0/SYS) CPU/0-0 (1/24.0/PHB) CPU/0-2 (2/16.0/SYS) NET/0-0 (4/16.0/SYS) NET/0-1 (4/16.0/SYS) NET/0-2 (3/24.0/PHB) NET/0-3 (4/16.0/SYS) 
nid005001:57739:57739 [2] NCCL INFO GPU/D6000 :GPU/0-c1000 (3/16.0/SYS) GPU/0-c6000 (1/36.0/XGMI) GPU/0-c9000 (3/16.0/SYS) GPU/0-ce000 (3/16.0/SYS) GPU/0-d1000 (1/144.0/XGMI) GPU/0-d6000 (0/5000.0/LOC) GPU/0-d9000 (3/16.0/SYS) GPU/0-de000 (1/36.0/XGMI) CPU/0-3 (2/16.0/SYS) CPU/0-1 (2/16.0/SYS) CPU/0-0 (1/24.0/PHB) CPU/0-2 (2/16.0/SYS) NET/0-0 (4/16.0/SYS) NET/0-1 (4/16.0/SYS) NET/0-2 (3/24.0/PHB) NET/0-3 (4/16.0/SYS) 
nid005001:57739:57739 [2] NCCL INFO GPU/D9000 :GPU/0-c1000 (1/72.0/XGMI) GPU/0-c6000 (3/16.0/SYS) GPU/0-c9000 (3/16.0/SYS) GPU/0-ce000 (3/16.0/SYS) GPU/0-d1000 (1/36.0/XGMI) GPU/0-d6000 (3/16.0/SYS) GPU/0-d9000 (0/5000.0/LOC) GPU/0-de000 (1/144.0/XGMI) CPU/0-3 (2/16.0/SYS) CPU/0-1 (2/16.0/SYS) CPU/0-0 (2/16.0/SYS) CPU/0-2 (1/24.0/PHB) NET/0-0 (4/16.0/SYS) NET/0-1 (4/16.0/SYS) NET/0-2 (4/16.0/SYS) NET/0-3 (3/24.0/PHB) 
nid005001:57739:57739 [2] NCCL INFO GPU/DE000 :GPU/0-c1000 (3/16.0/SYS) GPU/0-c6000 (3/16.0/SYS) GPU/0-c9000 (3/16.0/SYS) GPU/0-ce000 (1/36.0/XGMI) GPU/0-d1000 (3/16.0/SYS) GPU/0-d6000 (1/36.0/XGMI) GPU/0-d9000 (1/144.0/XGMI) GPU/0-de000 (0/5000.0/LOC) CPU/0-3 (2/16.0/SYS) CPU/0-1 (2/16.0/SYS) CPU/0-0 (2/16.0/SYS) CPU/0-2 (1/24.0/PHB) NET/0-0 (4/16.0/SYS) NET/0-1 (4/16.0/SYS) NET/0-2 (4/16.0/SYS) NET/0-3 (3/24.0/PHB) 
nid005001:57739:57739 [2] NCCL INFO NET/0 :GPU/0-c1000 (3/24.0/PHB) GPU/0-c6000 (3/24.0/PHB) GPU/0-c9000 (4/16.0/SYS) GPU/0-ce000 (4/16.0/SYS) GPU/0-d1000 (4/16.0/SYS) GPU/0-d6000 (4/16.0/SYS) GPU/0-d9000 (4/16.0/SYS) GPU/0-de000 (4/16.0/SYS) CPU/0-3 (2/24.0/PHB) CPU/0-1 (3/16.0/SYS) CPU/0-0 (3/16.0/SYS) CPU/0-2 (3/16.0/SYS) NET/0-0 (0/5000.0/LOC) NET/0-1 (5/16.0/SYS) NET/0-2 (5/16.0/SYS) NET/0-3 (5/16.0/SYS) 
nid005001:57739:57739 [2] NCCL INFO NET/1 :GPU/0-c1000 (4/16.0/SYS) GPU/0-c6000 (4/16.0/SYS) GPU/0-c9000 (3/24.0/PHB) GPU/0-ce000 (3/24.0/PHB) GPU/0-d1000 (4/16.0/SYS) GPU/0-d6000 (4/16.0/SYS) GPU/0-d9000 (4/16.0/SYS) GPU/0-de000 (4/16.0/SYS) CPU/0-3 (3/16.0/SYS) CPU/0-1 (2/24.0/PHB) CPU/0-0 (3/16.0/SYS) CPU/0-2 (3/16.0/SYS) NET/0-0 (5/16.0/SYS) NET/0-1 (0/5000.0/LOC) NET/0-2 (5/16.0/SYS) NET/0-3 (5/16.0/SYS) 
nid005001:57739:57739 [2] NCCL INFO NET/2 :GPU/0-c1000 (4/16.0/SYS) GPU/0-c6000 (4/16.0/SYS) GPU/0-c9000 (4/16.0/SYS) GPU/0-ce000 (4/16.0/SYS) GPU/0-d1000 (3/24.0/PHB) GPU/0-d6000 (3/24.0/PHB) GPU/0-d9000 (4/16.0/SYS) GPU/0-de000 (4/16.0/SYS) CPU/0-3 (3/16.0/SYS) CPU/0-1 (3/16.0/SYS) CPU/0-0 (2/24.0/PHB) CPU/0-2 (3/16.0/SYS) NET/0-0 (5/16.0/SYS) NET/0-1 (5/16.0/SYS) NET/0-2 (0/5000.0/LOC) NET/0-3 (5/16.0/SYS) 
nid005001:57739:57739 [2] NCCL INFO NET/3 :GPU/0-c1000 (4/16.0/SYS) GPU/0-c6000 (4/16.0/SYS) GPU/0-c9000 (4/16.0/SYS) GPU/0-ce000 (4/16.0/SYS) GPU/0-d1000 (4/16.0/SYS) GPU/0-d6000 (4/16.0/SYS) GPU/0-d9000 (3/24.0/PHB) GPU/0-de000 (3/24.0/PHB) CPU/0-3 (3/16.0/SYS) CPU/0-1 (3/16.0/SYS) CPU/0-0 (3/16.0/SYS) CPU/0-2 (2/24.0/PHB) NET/0-0 (5/16.0/SYS) NET/0-1 (5/16.0/SYS) NET/0-2 (5/16.0/SYS) NET/0-3 (0/5000.0/LOC) 
nid005001:57745:57745 [5] NCCL INFO === System : maxBw 24.0 totalBw 252.0 ===
nid005001:57745:57745 [5] NCCL INFO CPU/0-3 (1/2/4)
nid005001:57745:57745 [5] NCCL INFO + PCI[24.0] - GPU/0-c1000 (0)
nid005001:57745:57745 [5] NCCL INFO               + XGMI[144.0] - GPU/C6000
nid005001:57745:57745 [5] NCCL INFO               + XGMI[72.0] - GPU/D9000
nid005001:57745:57745 [5] NCCL INFO               + XGMI[36.0] - GPU/C9000
nid005001:57745:57745 [5] NCCL INFO + PCI[24.0] - NIC/0-c5000
nid005001:57745:57745 [5] NCCL INFO               + NET[25.0] - NET/0 (a78180b00/1/25.000000)
nid005001:57745:57745 [5] NCCL INFO + PCI[24.0] - GPU/0-c6000 (1)
nid005001:57745:57745 [5] NCCL INFO               + XGMI[144.0] - GPU/C1000
nid005001:57745:57745 [5] NCCL INFO               + XGMI[36.0] - GPU/CE000
nid005001:57745:57745 [5] NCCL INFO               + XGMI[36.0] - GPU/D6000
nid005001:57745:57745 [5] NCCL INFO + SYS[16.0] - CPU/1
nid005001:57745:57745 [5] NCCL INFO + SYS[16.0] - CPU/0
nid005001:57745:57745 [5] NCCL INFO + SYS[16.0] - CPU/2
nid005001:57745:57745 [5] NCCL INFO CPU/0-1 (1/2/4)
nid005001:57745:57745 [5] NCCL INFO + PCI[24.0] - NIC/0-cd000
nid005001:57745:57745 [5] NCCL INFO               + NET[25.0] - NET/1 (a78180b01/1/25.000000)
nid005001:57745:57745 [5] NCCL INFO + PCI[24.0] - GPU/0-c9000 (2)
nid005001:57745:57745 [5] NCCL INFO               + XGMI[144.0] - GPU/CE000
nid005001:57745:57745 [5] NCCL INFO               + XGMI[72.0] - GPU/D1000
nid005001:57745:57745 [5] NCCL INFO               + XGMI[36.0] - GPU/C1000
nid005001:57745:57745 [5] NCCL INFO + PCI[24.0] - GPU/0-ce000 (3)
nid005001:57745:57745 [5] NCCL INFO               + XGMI[144.0] - GPU/C9000
nid005001:57745:57745 [5] NCCL INFO               + XGMI[36.0] - GPU/C6000
nid005001:57745:57745 [5] NCCL INFO               + XGMI[36.0] - GPU/DE000
nid005001:57745:57745 [5] NCCL INFO + SYS[16.0] - CPU/3
nid005001:57745:57745 [5] NCCL INFO + SYS[16.0] - CPU/0
nid005001:57745:57745 [5] NCCL INFO + SYS[16.0] - CPU/2
nid005001:57745:57745 [5] NCCL INFO CPU/0-0 (1/2/4)
nid005001:57745:57745 [5] NCCL INFO + PCI[24.0] - NIC/0-d5000
nid005001:57745:57745 [5] NCCL INFO               + NET[25.0] - NET/2 (a78180b02/1/25.000000)
nid005001:57745:57745 [5] NCCL INFO + PCI[24.0] - GPU/0-d1000 (4)
nid005001:57745:57745 [5] NCCL INFO               + XGMI[144.0] - GPU/D6000
nid005001:57745:57745 [5] NCCL INFO               + XGMI[72.0] - GPU/C9000
nid005001:57745:57745 [5] NCCL INFO               + XGMI[36.0] - GPU/D9000
nid005001:57745:57745 [5] NCCL INFO + PCI[24.0] - GPU/0-d6000 (5)
nid005001:57745:57745 [5] NCCL INFO               + XGMI[144.0] - GPU/D1000
nid005001:57745:57745 [5] NCCL INFO               + XGMI[36.0] - GPU/C6000
nid005001:57745:57745 [5] NCCL INFO               + XGMI[36.0] - GPU/DE000
nid005001:57745:57745 [5] NCCL INFO + SYS[16.0] - CPU/3
nid005001:57745:57745 [5] NCCL INFO + SYS[16.0] - CPU/1
nid005001:57745:57745 [5] NCCL INFO + SYS[16.0] - CPU/2
nid005001:57745:57745 [5] NCCL INFO CPU/0-2 (1/2/4)
nid005001:57745:57745 [5] NCCL INFO + PCI[24.0] - NIC/0-dd000
nid005001:57745:57745 [5] NCCL INFO               + NET[25.0] - NET/3 (a78180b03/1/25.000000)
nid005001:57745:57745 [5] NCCL INFO + PCI[24.0] - GPU/0-d9000 (6)
nid005001:57745:57745 [5] NCCL INFO               + XGMI[144.0] - GPU/DE000
nid005001:57745:57745 [5] NCCL INFO               + XGMI[72.0] - GPU/C1000
nid005001:57745:57745 [5] NCCL INFO               + XGMI[36.0] - GPU/D1000
nid005001:57745:57745 [5] NCCL INFO + PCI[24.0] - GPU/0-de000 (7)
nid005001:57745:57745 [5] NCCL INFO               + XGMI[144.0] - GPU/D9000
nid005001:57745:57745 [5] NCCL INFO               + XGMI[36.0] - GPU/CE000
nid005001:57745:57745 [5] NCCL INFO               + XGMI[36.0] - GPU/D6000
nid005001:57745:57745 [5] NCCL INFO + SYS[16.0] - CPU/3
nid005001:57745:57745 [5] NCCL INFO + SYS[16.0] - CPU/1
nid005001:57745:57745 [5] NCCL INFO + SYS[16.0] - CPU/0
nid005001:57745:57745 [5] NCCL INFO ==========================================
nid005001:57745:57745 [5] NCCL INFO GPU/C1000 :GPU/0-c1000 (0/5000.0/LOC) GPU/0-c6000 (1/144.0/XGMI) GPU/0-c9000 (1/36.0/XGMI) GPU/0-ce000 (3/16.0/SYS) GPU/0-d1000 (3/16.0/SYS) GPU/0-d6000 (3/16.0/SYS) GPU/0-d9000 (1/72.0/XGMI) GPU/0-de000 (3/16.0/SYS) CPU/0-3 (1/24.0/PHB) CPU/0-1 (2/16.0/SYS) CPU/0-0 (2/16.0/SYS) CPU/0-2 (2/16.0/SYS) NET/0-0 (3/24.0/PHB) NET/0-1 (4/16.0/SYS) NET/0-2 (4/16.0/SYS) NET/0-3 (4/16.0/SYS) 
nid005005:93047:93047 [2] NCCL INFO + SYS[16.0] - CPU/1
nid005005:93047:93047 [2] NCCL INFO + SYS[16.0] - CPU/0
nid005005:93047:93047 [2] NCCL INFO + SYS[16.0] - CPU/2
nid005005:93047:93047 [2] NCCL INFO CPU/0-1 (1/2/4)
nid005005:93047:93047 [2] NCCL INFO + PCI[24.0] - NIC/0-cd000
nid005005:93047:93047 [2] NCCL INFO               + NET[25.0] - NET/1 (a78181e01/1/25.000000)
nid005005:93047:93047 [2] NCCL INFO + PCI[24.0] - GPU/0-c9000 (10)
nid005005:93047:93047 [2] NCCL INFO               + XGMI[144.0] - GPU/CE000
nid005005:93047:93047 [2] NCCL INFO               + XGMI[72.0] - GPU/D1000
nid005005:93047:93047 [2] NCCL INFO               + XGMI[36.0] - GPU/C1000
nid005005:93047:93047 [2] NCCL INFO + PCI[24.0] - GPU/0-ce000 (11)
nid005005:93047:93047 [2] NCCL INFO               + XGMI[144.0] - GPU/C9000
nid005005:93047:93047 [2] NCCL INFO               + XGMI[36.0] - GPU/C6000
nid005005:93047:93047 [2] NCCL INFO               + XGMI[36.0] - GPU/DE000
nid005005:93047:93047 [2] NCCL INFO + SYS[16.0] - CPU/3
nid005005:93047:93047 [2] NCCL INFO + SYS[16.0] - CPU/0
nid005001:57745:57745 [5] NCCL INFO GPU/C6000 :GPU/0-c1000 (1/144.0/XGMI) GPU/0-c6000 (0/5000.0/LOC) GPU/0-c9000 (3/16.0/SYS) GPU/0-ce000 (1/36.0/XGMI) GPU/0-d1000 (3/16.0/SYS) GPU/0-d6000 (1/36.0/XGMI) GPU/0-d9000 (3/16.0/SYS) GPU/0-de000 (3/16.0/SYS) CPU/0-3 (1/24.0/PHB) CPU/0-1 (2/16.0/SYS) CPU/0-0 (2/16.0/SYS) CPU/0-2 (2/16.0/SYS) NET/0-0 (3/24.0/PHB) NET/0-1 (4/16.0/SYS) NET/0-2 (4/16.0/SYS) NET/0-3 (4/16.0/SYS) 
nid005001:57745:57745 [5] NCCL INFO GPU/C9000 :GPU/0-c1000 (1/36.0/XGMI) GPU/0-c6000 (3/16.0/SYS) GPU/0-c9000 (0/5000.0/LOC) GPU/0-ce000 (1/144.0/XGMI) GPU/0-d1000 (1/72.0/XGMI) GPU/0-d6000 (3/16.0/SYS) GPU/0-d9000 (3/16.0/SYS) GPU/0-de000 (3/16.0/SYS) CPU/0-3 (2/16.0/SYS) CPU/0-1 (1/24.0/PHB) CPU/0-0 (2/16.0/SYS) CPU/0-2 (2/16.0/SYS) NET/0-0 (4/16.0/SYS) NET/0-1 (3/24.0/PHB) NET/0-2 (4/16.0/SYS) NET/0-3 (4/16.0/SYS) 
nid005001:57745:57745 [5] NCCL INFO GPU/CE000 :GPU/0-c1000 (3/16.0/SYS) GPU/0-c6000 (1/36.0/XGMI) GPU/0-c9000 (1/144.0/XGMI) GPU/0-ce000 (0/5000.0/LOC) GPU/0-d1000 (3/16.0/SYS) GPU/0-d6000 (3/16.0/SYS) GPU/0-d9000 (3/16.0/SYS) GPU/0-de000 (1/36.0/XGMI) CPU/0-3 (2/16.0/SYS) CPU/0-1 (1/24.0/PHB) CPU/0-0 (2/16.0/SYS) CPU/0-2 (2/16.0/SYS) NET/0-0 (4/16.0/SYS) NET/0-1 (3/24.0/PHB) NET/0-2 (4/16.0/SYS) NET/0-3 (4/16.0/SYS) 
nid005005:93050:93050 [3] NCCL INFO + PCI[24.0] - NIC/0-c5000
nid005005:93050:93050 [3] NCCL INFO               + NET[25.0] - NET/0 (a78181e00/1/25.000000)
nid005005:93050:93050 [3] NCCL INFO + PCI[24.0] - GPU/0-c6000 (9)
nid005005:93050:93050 [3] NCCL INFO               + XGMI[144.0] - GPU/C1000
nid005005:93050:93050 [3] NCCL INFO               + XGMI[36.0] - GPU/CE000
nid005005:93050:93050 [3] NCCL INFO               + XGMI[36.0] - GPU/D6000
nid005005:93050:93050 [3] NCCL INFO + SYS[16.0] - CPU/1
nid005005:93050:93050 [3] NCCL INFO + SYS[16.0] - CPU/0
nid005005:93050:93050 [3] NCCL INFO + SYS[16.0] - CPU/2
nid005005:93050:93050 [3] NCCL INFO CPU/0-1 (1/2/4)
nid005005:93050:93050 [3] NCCL INFO + PCI[24.0] - NIC/0-cd000
nid005005:93050:93050 [3] NCCL INFO               + NET[25.0] - NET/1 (a78181e01/1/25.000000)
nid005005:93050:93050 [3] NCCL INFO + PCI[24.0] - GPU/0-c9000 (10)
nid005005:93050:93050 [3] NCCL INFO               + XGMI[144.0] - GPU/CE000
nid005005:93050:93050 [3] NCCL INFO               + XGMI[72.0] - GPU/D1000
nid005005:93050:93050 [3] NCCL INFO               + XGMI[36.0] - GPU/C1000
nid005005:93050:93050 [3] NCCL INFO + PCI[24.0] - GPU/0-ce000 (11)
nid005005:93050:93050 [3] NCCL INFO               + XGMI[144.0] - GPU/C9000
nid005005:93050:93050 [3] NCCL INFO               + XGMI[36.0] - GPU/C6000
nid005005:93050:93050 [3] NCCL INFO               + XGMI[36.0] - GPU/DE000
nid005005:93050:93050 [3] NCCL INFO + SYS[16.0] - CPU/3
nid005005:93050:93050 [3] NCCL INFO + SYS[16.0] - CPU/0
nid005005:93050:93050 [3] NCCL INFO + SYS[16.0] - CPU/2
nid005001:57745:57745 [5] NCCL INFO GPU/D1000 :GPU/0-c1000 (3/16.0/SYS) GPU/0-c6000 (3/16.0/SYS) GPU/0-c9000 (1/72.0/XGMI) GPU/0-ce000 (3/16.0/SYS) GPU/0-d1000 (0/5000.0/LOC) GPU/0-d6000 (1/144.0/XGMI) GPU/0-d9000 (1/36.0/XGMI) GPU/0-de000 (3/16.0/SYS) CPU/0-3 (2/16.0/SYS) CPU/0-1 (2/16.0/SYS) CPU/0-0 (1/24.0/PHB) CPU/0-2 (2/16.0/SYS) NET/0-0 (4/16.0/SYS) NET/0-1 (4/16.0/SYS) NET/0-2 (3/24.0/PHB) NET/0-3 (4/16.0/SYS) 
nid005001:57745:57745 [5] NCCL INFO GPU/D6000 :GPU/0-c1000 (3/16.0/SYS) GPU/0-c6000 (1/36.0/XGMI) GPU/0-c9000 (3/16.0/SYS) GPU/0-ce000 (3/16.0/SYS) GPU/0-d1000 (1/144.0/XGMI) GPU/0-d6000 (0/5000.0/LOC) GPU/0-d9000 (3/16.0/SYS) GPU/0-de000 (1/36.0/XGMI) CPU/0-3 (2/16.0/SYS) CPU/0-1 (2/16.0/SYS) CPU/0-0 (1/24.0/PHB) CPU/0-2 (2/16.0/SYS) NET/0-0 (4/16.0/SYS) NET/0-1 (4/16.0/SYS) NET/0-2 (3/24.0/PHB) NET/0-3 (4/16.0/SYS) 
nid005001:57745:57745 [5] NCCL INFO GPU/D9000 :GPU/0-c1000 (1/72.0/XGMI) GPU/0-c6000 (3/16.0/SYS) GPU/0-c9000 (3/16.0/SYS) GPU/0-ce000 (3/16.0/SYS) GPU/0-d1000 (1/36.0/XGMI) GPU/0-d6000 (3/16.0/SYS) GPU/0-d9000 (0/5000.0/LOC) GPU/0-de000 (1/144.0/XGMI) CPU/0-3 (2/16.0/SYS) CPU/0-1 (2/16.0/SYS) CPU/0-0 (2/16.0/SYS) CPU/0-2 (1/24.0/PHB) NET/0-0 (4/16.0/SYS) NET/0-1 (4/16.0/SYS) NET/0-2 (4/16.0/SYS) NET/0-3 (3/24.0/PHB) 
nid005001:57745:57745 [5] NCCL INFO GPU/DE000 :GPU/0-c1000 (3/16.0/SYS) GPU/0-c6000 (3/16.0/SYS) GPU/0-c9000 (3/16.0/SYS) GPU/0-ce000 (1/36.0/XGMI) GPU/0-d1000 (3/16.0/SYS) GPU/0-d6000 (1/36.0/XGMI) GPU/0-d9000 (1/144.0/XGMI) GPU/0-de000 (0/5000.0/LOC) CPU/0-3 (2/16.0/SYS) CPU/0-1 (2/16.0/SYS) CPU/0-0 (2/16.0/SYS) CPU/0-2 (1/24.0/PHB) NET/0-0 (4/16.0/SYS) NET/0-1 (4/16.0/SYS) NET/0-2 (4/16.0/SYS) NET/0-3 (3/24.0/PHB) 
nid005001:57745:57745 [5] NCCL INFO NET/0 :GPU/0-c1000 (3/24.0/PHB) GPU/0-c6000 (3/24.0/PHB) GPU/0-c9000 (4/16.0/SYS) GPU/0-ce000 (4/16.0/SYS) GPU/0-d1000 (4/16.0/SYS) GPU/0-d6000 (4/16.0/SYS) GPU/0-d9000 (4/16.0/SYS) GPU/0-de000 (4/16.0/SYS) CPU/0-3 (2/24.0/PHB) CPU/0-1 (3/16.0/SYS) CPU/0-0 (3/16.0/SYS) CPU/0-2 (3/16.0/SYS) NET/0-0 (0/5000.0/LOC) NET/0-1 (5/16.0/SYS) NET/0-2 (5/16.0/SYS) NET/0-3 (5/16.0/SYS) 
nid005001:57745:57745 [5] NCCL INFO NET/1 :GPU/0-c1000 (4/16.0/SYS) GPU/0-c6000 (4/16.0/SYS) GPU/0-c9000 (3/24.0/PHB) GPU/0-ce000 (3/24.0/PHB) GPU/0-d1000 (4/16.0/SYS) GPU/0-d6000 (4/16.0/SYS) GPU/0-d9000 (4/16.0/SYS) GPU/0-de000 (4/16.0/SYS) CPU/0-3 (3/16.0/SYS) CPU/0-1 (2/24.0/PHB) CPU/0-0 (3/16.0/SYS) CPU/0-2 (3/16.0/SYS) NET/0-0 (5/16.0/SYS) NET/0-1 (0/5000.0/LOC) NET/0-2 (5/16.0/SYS) NET/0-3 (5/16.0/SYS) 
nid005001:57745:57745 [5] NCCL INFO NET/2 :GPU/0-c1000 (4/16.0/SYS) GPU/0-c6000 (4/16.0/SYS) GPU/0-c9000 (4/16.0/SYS) GPU/0-ce000 (4/16.0/SYS) GPU/0-d1000 (3/24.0/PHB) GPU/0-d6000 (3/24.0/PHB) GPU/0-d9000 (4/16.0/SYS) GPU/0-de000 (4/16.0/SYS) CPU/0-3 (3/16.0/SYS) CPU/0-1 (3/16.0/SYS) CPU/0-0 (2/24.0/PHB) CPU/0-2 (3/16.0/SYS) NET/0-0 (5/16.0/SYS) NET/0-1 (5/16.0/SYS) NET/0-2 (0/5000.0/LOC) NET/0-3 (5/16.0/SYS) 
nid005001:57745:57745 [5] NCCL INFO NET/3 :GPU/0-c1000 (4/16.0/SYS) GPU/0-c6000 (4/16.0/SYS) GPU/0-c9000 (4/16.0/SYS) GPU/0-ce000 (4/16.0/SYS) GPU/0-d1000 (4/16.0/SYS) GPU/0-d6000 (4/16.0/SYS) GPU/0-d9000 (3/24.0/PHB) GPU/0-de000 (3/24.0/PHB) CPU/0-3 (3/16.0/SYS) CPU/0-1 (3/16.0/SYS) CPU/0-0 (3/16.0/SYS) CPU/0-2 (2/24.0/PHB) NET/0-0 (5/16.0/SYS) NET/0-1 (5/16.0/SYS) NET/0-2 (5/16.0/SYS) NET/0-3 (0/5000.0/LOC) 
nid005001:57745:57745 [5] NCCL INFO Setting affinity for GPU 5 to fefe,00000000,0000fefe
nid005005:93044:93044 [0] NCCL INFO === System : maxBw 24.0 totalBw 252.0 ===
nid005005:93044:93044 [0] NCCL INFO CPU/0-3 (1/2/4)
nid005005:93044:93044 [0] NCCL INFO + PCI[24.0] - GPU/0-c1000 (8)
nid005005:93044:93044 [0] NCCL INFO               + XGMI[144.0] - GPU/C6000
nid005005:93044:93044 [0] NCCL INFO               + XGMI[72.0] - GPU/D9000
nid005005:93044:93044 [0] NCCL INFO               + XGMI[36.0] - GPU/C9000
nid005005:93044:93044 [0] NCCL INFO + PCI[24.0] - NIC/0-c5000
nid005005:93044:93044 [0] NCCL INFO               + NET[25.0] - NET/0 (a78181e00/1/25.000000)
nid005005:93044:93044 [0] NCCL INFO + PCI[24.0] - GPU/0-c6000 (9)
nid005005:93044:93044 [0] NCCL INFO               + XGMI[144.0] - GPU/C1000
nid005005:93044:93044 [0] NCCL INFO               + XGMI[36.0] - GPU/CE000
nid005005:93044:93044 [0] NCCL INFO               + XGMI[36.0] - GPU/D6000
nid005005:93044:93044 [0] NCCL INFO + SYS[16.0] - CPU/1
nid005005:93044:93044 [0] NCCL INFO + SYS[16.0] - CPU/0
nid005005:93044:93044 [0] NCCL INFO + SYS[16.0] - CPU/2
nid005005:93044:93044 [0] NCCL INFO CPU/0-1 (1/2/4)
nid005005:93044:93044 [0] NCCL INFO + PCI[24.0] - NIC/0-cd000
nid005005:93044:93044 [0] NCCL INFO               + NET[25.0] - NET/1 (a78181e01/1/25.000000)
nid005005:93044:93044 [0] NCCL INFO + PCI[24.0] - GPU/0-c9000 (10)
nid005005:93044:93044 [0] NCCL INFO               + XGMI[144.0] - GPU/CE000
nid005005:93044:93044 [0] NCCL INFO               + XGMI[72.0] - GPU/D1000
nid005005:93044:93044 [0] NCCL INFO               + XGMI[36.0] - GPU/C1000
nid005005:93044:93044 [0] NCCL INFO + PCI[24.0] - GPU/0-ce000 (11)
nid005005:93044:93044 [0] NCCL INFO               + XGMI[144.0] - GPU/C9000
nid005005:93044:93044 [0] NCCL INFO               + XGMI[36.0] - GPU/C6000
nid005005:93044:93044 [0] NCCL INFO               + XGMI[36.0] - GPU/DE000
nid005005:93044:93044 [0] NCCL INFO + SYS[16.0] - CPU/3
nid005005:93044:93044 [0] NCCL INFO + SYS[16.0] - CPU/0
nid005005:93044:93044 [0] NCCL INFO + SYS[16.0] - CPU/2
nid005005:93044:93044 [0] NCCL INFO CPU/0-0 (1/2/4)
nid005005:93047:93047 [2] NCCL INFO + SYS[16.0] - CPU/2
nid005005:93047:93047 [2] NCCL INFO CPU/0-0 (1/2/4)
nid005005:93047:93047 [2] NCCL INFO + PCI[24.0] - NIC/0-d5000
nid005005:93047:93047 [2] NCCL INFO               + NET[25.0] - NET/2 (a78181e02/1/25.000000)
nid005005:93047:93047 [2] NCCL INFO + PCI[24.0] - GPU/0-d1000 (12)
nid005005:93047:93047 [2] NCCL INFO               + XGMI[144.0] - GPU/D6000
nid005005:93047:93047 [2] NCCL INFO               + XGMI[72.0] - GPU/C9000
nid005005:93047:93047 [2] NCCL INFO               + XGMI[36.0] - GPU/D9000
nid005005:93047:93047 [2] NCCL INFO + PCI[24.0] - GPU/0-d6000 (13)
nid005005:93047:93047 [2] NCCL INFO               + XGMI[144.0] - GPU/D1000
nid005005:93047:93047 [2] NCCL INFO               + XGMI[36.0] - GPU/C6000
nid005005:93047:93047 [2] NCCL INFO               + XGMI[36.0] - GPU/DE000
nid005005:93047:93047 [2] NCCL INFO + SYS[16.0] - CPU/3
nid005005:93047:93047 [2] NCCL INFO + SYS[16.0] - CPU/1
nid005005:93047:93047 [2] NCCL INFO + SYS[16.0] - CPU/2
nid005005:93047:93047 [2] NCCL INFO CPU/0-2 (1/2/4)
nid005005:93047:93047 [2] NCCL INFO + PCI[24.0] - NIC/0-dd000
nid005005:93047:93047 [2] NCCL INFO               + NET[25.0] - NET/3 (a78181e03/1/25.000000)
nid005005:93047:93047 [2] NCCL INFO + PCI[24.0] - GPU/0-d9000 (14)
nid005005:93047:93047 [2] NCCL INFO               + XGMI[144.0] - GPU/DE000
nid005005:93047:93047 [2] NCCL INFO               + XGMI[72.0] - GPU/C1000
nid005005:93047:93047 [2] NCCL INFO               + XGMI[36.0] - GPU/D1000
nid005005:93047:93047 [2] NCCL INFO + PCI[24.0] - GPU/0-de000 (15)
nid005005:93047:93047 [2] NCCL INFO               + XGMI[144.0] - GPU/D9000
nid005005:93047:93047 [2] NCCL INFO               + XGMI[36.0] - GPU/CE000
nid005005:93047:93047 [2] NCCL INFO               + XGMI[36.0] - GPU/D6000
nid005005:93047:93047 [2] NCCL INFO + SYS[16.0] - CPU/3
nid005005:93047:93047 [2] NCCL INFO + SYS[16.0] - CPU/1
nid005005:93047:93047 [2] NCCL INFO + SYS[16.0] - CPU/0
nid005005:93047:93047 [2] NCCL INFO ==========================================
nid005005:93047:93047 [2] NCCL INFO GPU/C1000 :GPU/0-c1000 (0/5000.0/LOC) GPU/0-c6000 (1/144.0/XGMI) GPU/0-c9000 (1/36.0/XGMI) GPU/0-ce000 (3/16.0/SYS) GPU/0-d1000 (3/16.0/SYS) GPU/0-d6000 (3/16.0/SYS) GPU/0-d9000 (1/72.0/XGMI) GPU/0-de000 (3/16.0/SYS) CPU/0-3 (1/24.0/PHB) CPU/0-1 (2/16.0/SYS) CPU/0-0 (2/16.0/SYS) CPU/0-2 (2/16.0/SYS) NET/0-0 (3/24.0/PHB) NET/0-1 (4/16.0/SYS) NET/0-2 (4/16.0/SYS) NET/0-3 (4/16.0/SYS) 
nid005005:93047:93047 [2] NCCL INFO GPU/C6000 :GPU/0-c1000 (1/144.0/XGMI) GPU/0-c6000 (0/5000.0/LOC) GPU/0-c9000 (3/16.0/SYS) GPU/0-ce000 (1/36.0/XGMI) GPU/0-d1000 (3/16.0/SYS) GPU/0-d6000 (1/36.0/XGMI) GPU/0-d9000 (3/16.0/SYS) GPU/0-de000 (3/16.0/SYS) CPU/0-3 (1/24.0/PHB) CPU/0-1 (2/16.0/SYS) CPU/0-0 (2/16.0/SYS) CPU/0-2 (2/16.0/SYS) NET/0-0 (3/24.0/PHB) NET/0-1 (4/16.0/SYS) NET/0-2 (4/16.0/SYS) NET/0-3 (4/16.0/SYS) 
nid005005:93051:93051 [7] NCCL INFO === System : maxBw 24.0 totalBw 252.0 ===
nid005005:93051:93051 [7] NCCL INFO CPU/0-3 (1/2/4)
nid005005:93051:93051 [7] NCCL INFO + PCI[24.0] - GPU/0-c1000 (8)
nid005005:93051:93051 [7] NCCL INFO               + XGMI[144.0] - GPU/C6000
nid005005:93051:93051 [7] NCCL INFO               + XGMI[72.0] - GPU/D9000
nid005005:93051:93051 [7] NCCL INFO               + XGMI[36.0] - GPU/C9000
nid005005:93051:93051 [7] NCCL INFO + PCI[24.0] - NIC/0-c5000
nid005005:93051:93051 [7] NCCL INFO               + NET[25.0] - NET/0 (a78181e00/1/25.000000)
nid005005:93051:93051 [7] NCCL INFO + PCI[24.0] - GPU/0-c6000 (9)
nid005005:93051:93051 [7] NCCL INFO               + XGMI[144.0] - GPU/C1000
nid005005:93051:93051 [7] NCCL INFO               + XGMI[36.0] - GPU/CE000
nid005005:93051:93051 [7] NCCL INFO               + XGMI[36.0] - GPU/D6000
nid005005:93051:93051 [7] NCCL INFO + SYS[16.0] - CPU/1
nid005005:93051:93051 [7] NCCL INFO + SYS[16.0] - CPU/0
nid005005:93051:93051 [7] NCCL INFO + SYS[16.0] - CPU/2
nid005005:93051:93051 [7] NCCL INFO CPU/0-1 (1/2/4)
nid005005:93051:93051 [7] NCCL INFO + PCI[24.0] - NIC/0-cd000
nid005005:93051:93051 [7] NCCL INFO               + NET[25.0] - NET/1 (a78181e01/1/25.000000)
nid005005:93051:93051 [7] NCCL INFO + PCI[24.0] - GPU/0-c9000 (10)
nid005005:93051:93051 [7] NCCL INFO               + XGMI[144.0] - GPU/CE000
nid005005:93051:93051 [7] NCCL INFO               + XGMI[72.0] - GPU/D1000
nid005005:93051:93051 [7] NCCL INFO               + XGMI[36.0] - GPU/C1000
nid005005:93051:93051 [7] NCCL INFO + PCI[24.0] - GPU/0-ce000 (11)
nid005005:93051:93051 [7] NCCL INFO               + XGMI[144.0] - GPU/C9000
nid005005:93051:93051 [7] NCCL INFO               + XGMI[36.0] - GPU/C6000
nid005005:93051:93051 [7] NCCL INFO               + XGMI[36.0] - GPU/DE000
nid005005:93051:93051 [7] NCCL INFO + SYS[16.0] - CPU/3
nid005005:93051:93051 [7] NCCL INFO + SYS[16.0] - CPU/0
nid005005:93051:93051 [7] NCCL INFO + SYS[16.0] - CPU/2
nid005005:93051:93051 [7] NCCL INFO CPU/0-0 (1/2/4)
nid005005:93049:93049 [6] NCCL INFO === System : maxBw 24.0 totalBw 252.0 ===
nid005005:93049:93049 [6] NCCL INFO CPU/0-3 (1/2/4)
nid005005:93049:93049 [6] NCCL INFO + PCI[24.0] - GPU/0-c1000 (8)
nid005005:93049:93049 [6] NCCL INFO               + XGMI[144.0] - GPU/C6000
nid005005:93049:93049 [6] NCCL INFO               + XGMI[72.0] - GPU/D9000
nid005005:93049:93049 [6] NCCL INFO               + XGMI[36.0] - GPU/C9000
nid005005:93049:93049 [6] NCCL INFO + PCI[24.0] - NIC/0-c5000
nid005005:93049:93049 [6] NCCL INFO               + NET[25.0] - NET/0 (a78181e00/1/25.000000)
nid005005:93049:93049 [6] NCCL INFO + PCI[24.0] - GPU/0-c6000 (9)
nid005005:93049:93049 [6] NCCL INFO               + XGMI[144.0] - GPU/C1000
nid005005:93049:93049 [6] NCCL INFO               + XGMI[36.0] - GPU/CE000
nid005005:93049:93049 [6] NCCL INFO               + XGMI[36.0] - GPU/D6000
nid005005:93049:93049 [6] NCCL INFO + SYS[16.0] - CPU/1
nid005005:93049:93049 [6] NCCL INFO + SYS[16.0] - CPU/0
nid005005:93049:93049 [6] NCCL INFO + SYS[16.0] - CPU/2
nid005005:93049:93049 [6] NCCL INFO CPU/0-1 (1/2/4)
nid005005:93049:93049 [6] NCCL INFO + PCI[24.0] - NIC/0-cd000
nid005005:93049:93049 [6] NCCL INFO               + NET[25.0] - NET/1 (a78181e01/1/25.000000)
nid005005:93049:93049 [6] NCCL INFO + PCI[24.0] - GPU/0-c9000 (10)
nid005005:93049:93049 [6] NCCL INFO               + XGMI[144.0] - GPU/CE000
nid005005:93049:93049 [6] NCCL INFO               + XGMI[72.0] - GPU/D1000
nid005005:93049:93049 [6] NCCL INFO               + XGMI[36.0] - GPU/C1000
nid005005:93049:93049 [6] NCCL INFO + PCI[24.0] - GPU/0-ce000 (11)
nid005005:93049:93049 [6] NCCL INFO               + XGMI[144.0] - GPU/C9000
nid005005:93049:93049 [6] NCCL INFO               + XGMI[36.0] - GPU/C6000
nid005005:93049:93049 [6] NCCL INFO               + XGMI[36.0] - GPU/DE000
nid005005:93049:93049 [6] NCCL INFO + SYS[16.0] - CPU/3
nid005005:93049:93049 [6] NCCL INFO + SYS[16.0] - CPU/0
nid005005:93049:93049 [6] NCCL INFO + SYS[16.0] - CPU/2
nid005005:93049:93049 [6] NCCL INFO CPU/0-0 (1/2/4)
nid005005:93048:93048 [5] NCCL INFO === System : maxBw 24.0 totalBw 252.0 ===
nid005005:93048:93048 [5] NCCL INFO CPU/0-3 (1/2/4)
nid005005:93048:93048 [5] NCCL INFO + PCI[24.0] - GPU/0-c1000 (8)
nid005005:93048:93048 [5] NCCL INFO               + XGMI[144.0] - GPU/C6000
nid005005:93048:93048 [5] NCCL INFO               + XGMI[72.0] - GPU/D9000
nid005005:93048:93048 [5] NCCL INFO               + XGMI[36.0] - GPU/C9000
nid005005:93048:93048 [5] NCCL INFO + PCI[24.0] - NIC/0-c5000
nid005005:93048:93048 [5] NCCL INFO               + NET[25.0] - NET/0 (a78181e00/1/25.000000)
nid005005:93048:93048 [5] NCCL INFO + PCI[24.0] - GPU/0-c6000 (9)
nid005005:93048:93048 [5] NCCL INFO               + XGMI[144.0] - GPU/C1000
nid005005:93048:93048 [5] NCCL INFO               + XGMI[36.0] - GPU/CE000
nid005005:93048:93048 [5] NCCL INFO               + XGMI[36.0] - GPU/D6000
nid005005:93048:93048 [5] NCCL INFO + SYS[16.0] - CPU/1
nid005005:93048:93048 [5] NCCL INFO + SYS[16.0] - CPU/0
nid005005:93048:93048 [5] NCCL INFO + SYS[16.0] - CPU/2
nid005005:93048:93048 [5] NCCL INFO CPU/0-1 (1/2/4)
nid005005:93048:93048 [5] NCCL INFO + PCI[24.0] - NIC/0-cd000
nid005005:93048:93048 [5] NCCL INFO               + NET[25.0] - NET/1 (a78181e01/1/25.000000)
nid005005:93048:93048 [5] NCCL INFO + PCI[24.0] - GPU/0-c9000 (10)
nid005005:93048:93048 [5] NCCL INFO               + XGMI[144.0] - GPU/CE000
nid005005:93048:93048 [5] NCCL INFO               + XGMI[72.0] - GPU/D1000
nid005005:93048:93048 [5] NCCL INFO               + XGMI[36.0] - GPU/C1000
nid005005:93048:93048 [5] NCCL INFO + PCI[24.0] - GPU/0-ce000 (11)
nid005005:93048:93048 [5] NCCL INFO               + XGMI[144.0] - GPU/C9000
nid005005:93048:93048 [5] NCCL INFO               + XGMI[36.0] - GPU/C6000
nid005005:93048:93048 [5] NCCL INFO               + XGMI[36.0] - GPU/DE000
nid005005:93048:93048 [5] NCCL INFO + SYS[16.0] - CPU/3
nid005005:93048:93048 [5] NCCL INFO + SYS[16.0] - CPU/0
nid005005:93048:93048 [5] NCCL INFO + SYS[16.0] - CPU/2
nid005005:93045:93045 [1] NCCL INFO === System : maxBw 24.0 totalBw 252.0 ===
nid005005:93045:93045 [1] NCCL INFO CPU/0-3 (1/2/4)
nid005005:93045:93045 [1] NCCL INFO + PCI[24.0] - GPU/0-c1000 (8)
nid005005:93045:93045 [1] NCCL INFO               + XGMI[144.0] - GPU/C6000
nid005005:93045:93045 [1] NCCL INFO               + XGMI[72.0] - GPU/D9000
nid005005:93045:93045 [1] NCCL INFO               + XGMI[36.0] - GPU/C9000
nid005005:93045:93045 [1] NCCL INFO + PCI[24.0] - NIC/0-c5000
nid005005:93045:93045 [1] NCCL INFO               + NET[25.0] - NET/0 (a78181e00/1/25.000000)
nid005005:93045:93045 [1] NCCL INFO + PCI[24.0] - GPU/0-c6000 (9)
nid005005:93045:93045 [1] NCCL INFO               + XGMI[144.0] - GPU/C1000
nid005005:93045:93045 [1] NCCL INFO               + XGMI[36.0] - GPU/CE000
nid005005:93045:93045 [1] NCCL INFO               + XGMI[36.0] - GPU/D6000
nid005005:93045:93045 [1] NCCL INFO + SYS[16.0] - CPU/1
nid005005:93045:93045 [1] NCCL INFO + SYS[16.0] - CPU/0
nid005005:93045:93045 [1] NCCL INFO + SYS[16.0] - CPU/2
nid005005:93045:93045 [1] NCCL INFO CPU/0-1 (1/2/4)
nid005005:93045:93045 [1] NCCL INFO + PCI[24.0] - NIC/0-cd000
nid005005:93045:93045 [1] NCCL INFO               + NET[25.0] - NET/1 (a78181e01/1/25.000000)
nid005005:93045:93045 [1] NCCL INFO + PCI[24.0] - GPU/0-c9000 (10)
nid005005:93045:93045 [1] NCCL INFO               + XGMI[144.0] - GPU/CE000
nid005005:93045:93045 [1] NCCL INFO               + XGMI[72.0] - GPU/D1000
nid005005:93045:93045 [1] NCCL INFO               + XGMI[36.0] - GPU/C1000
nid005005:93045:93045 [1] NCCL INFO + PCI[24.0] - GPU/0-ce000 (11)
nid005005:93045:93045 [1] NCCL INFO               + XGMI[144.0] - GPU/C9000
nid005005:93045:93045 [1] NCCL INFO               + XGMI[36.0] - GPU/C6000
nid005005:93045:93045 [1] NCCL INFO               + XGMI[36.0] - GPU/DE000
nid005005:93045:93045 [1] NCCL INFO + SYS[16.0] - CPU/3
nid005005:93045:93045 [1] NCCL INFO + SYS[16.0] - CPU/0
nid005005:93045:93045 [1] NCCL INFO + SYS[16.0] - CPU/2
nid005005:93045:93045 [1] NCCL INFO CPU/0-0 (1/2/4)
nid005005:93045:93045 [1] NCCL INFO + PCI[24.0] - NIC/0-d5000
nid005005:93045:93045 [1] NCCL INFO               + NET[25.0] - NET/2 (a78181e02/1/25.000000)
nid005005:93045:93045 [1] NCCL INFO + PCI[24.0] - GPU/0-d1000 (12)
nid005005:93045:93045 [1] NCCL INFO               + XGMI[144.0] - GPU/D6000
nid005005:93045:93045 [1] NCCL INFO               + XGMI[72.0] - GPU/C9000
nid005005:93045:93045 [1] NCCL INFO               + XGMI[36.0] - GPU/D9000
nid005005:93050:93050 [3] NCCL INFO CPU/0-0 (1/2/4)
nid005005:93050:93050 [3] NCCL INFO + PCI[24.0] - NIC/0-d5000
nid005005:93050:93050 [3] NCCL INFO               + NET[25.0] - NET/2 (a78181e02/1/25.000000)
nid005005:93050:93050 [3] NCCL INFO + PCI[24.0] - GPU/0-d1000 (12)
nid005005:93050:93050 [3] NCCL INFO               + XGMI[144.0] - GPU/D6000
nid005005:93050:93050 [3] NCCL INFO               + XGMI[72.0] - GPU/C9000
nid005005:93050:93050 [3] NCCL INFO               + XGMI[36.0] - GPU/D9000
nid005005:93050:93050 [3] NCCL INFO + PCI[24.0] - GPU/0-d6000 (13)
nid005005:93050:93050 [3] NCCL INFO               + XGMI[144.0] - GPU/D1000
nid005005:93050:93050 [3] NCCL INFO               + XGMI[36.0] - GPU/C6000
nid005005:93050:93050 [3] NCCL INFO               + XGMI[36.0] - GPU/DE000
nid005005:93050:93050 [3] NCCL INFO + SYS[16.0] - CPU/3
nid005005:93050:93050 [3] NCCL INFO + SYS[16.0] - CPU/1
nid005005:93050:93050 [3] NCCL INFO + SYS[16.0] - CPU/2
nid005005:93050:93050 [3] NCCL INFO CPU/0-2 (1/2/4)
nid005005:93050:93050 [3] NCCL INFO + PCI[24.0] - NIC/0-dd000
nid005005:93050:93050 [3] NCCL INFO               + NET[25.0] - NET/3 (a78181e03/1/25.000000)
nid005005:93050:93050 [3] NCCL INFO + PCI[24.0] - GPU/0-d9000 (14)
nid005005:93050:93050 [3] NCCL INFO               + XGMI[144.0] - GPU/DE000
nid005005:93050:93050 [3] NCCL INFO               + XGMI[72.0] - GPU/C1000
nid005005:93050:93050 [3] NCCL INFO               + XGMI[36.0] - GPU/D1000
nid005005:93050:93050 [3] NCCL INFO + PCI[24.0] - GPU/0-de000 (15)
nid005005:93050:93050 [3] NCCL INFO               + XGMI[144.0] - GPU/D9000
nid005005:93050:93050 [3] NCCL INFO               + XGMI[36.0] - GPU/CE000
nid005005:93050:93050 [3] NCCL INFO               + XGMI[36.0] - GPU/D6000
nid005005:93050:93050 [3] NCCL INFO + SYS[16.0] - CPU/3
nid005005:93050:93050 [3] NCCL INFO + SYS[16.0] - CPU/1
nid005005:93050:93050 [3] NCCL INFO + SYS[16.0] - CPU/0
nid005005:93050:93050 [3] NCCL INFO ==========================================
nid005005:93050:93050 [3] NCCL INFO GPU/C1000 :GPU/0-c1000 (0/5000.0/LOC) GPU/0-c6000 (1/144.0/XGMI) GPU/0-c9000 (1/36.0/XGMI) GPU/0-ce000 (3/16.0/SYS) GPU/0-d1000 (3/16.0/SYS) GPU/0-d6000 (3/16.0/SYS) GPU/0-d9000 (1/72.0/XGMI) GPU/0-de000 (3/16.0/SYS) CPU/0-3 (1/24.0/PHB) CPU/0-1 (2/16.0/SYS) CPU/0-0 (2/16.0/SYS) CPU/0-2 (2/16.0/SYS) NET/0-0 (3/24.0/PHB) NET/0-1 (4/16.0/SYS) NET/0-2 (4/16.0/SYS) NET/0-3 (4/16.0/SYS) 
nid005005:93050:93050 [3] NCCL INFO GPU/C6000 :GPU/0-c1000 (1/144.0/XGMI) GPU/0-c6000 (0/5000.0/LOC) GPU/0-c9000 (3/16.0/SYS) GPU/0-ce000 (1/36.0/XGMI) GPU/0-d1000 (3/16.0/SYS) GPU/0-d6000 (1/36.0/XGMI) GPU/0-d9000 (3/16.0/SYS) GPU/0-de000 (3/16.0/SYS) CPU/0-3 (1/24.0/PHB) CPU/0-1 (2/16.0/SYS) CPU/0-0 (2/16.0/SYS) CPU/0-2 (2/16.0/SYS) NET/0-0 (3/24.0/PHB) NET/0-1 (4/16.0/SYS) NET/0-2 (4/16.0/SYS) NET/0-3 (4/16.0/SYS) 
nid005005:93044:93044 [0] NCCL INFO + PCI[24.0] - NIC/0-d5000
nid005005:93044:93044 [0] NCCL INFO               + NET[25.0] - NET/2 (a78181e02/1/25.000000)
nid005005:93044:93044 [0] NCCL INFO + PCI[24.0] - GPU/0-d1000 (12)
nid005005:93044:93044 [0] NCCL INFO               + XGMI[144.0] - GPU/D6000
nid005005:93044:93044 [0] NCCL INFO               + XGMI[72.0] - GPU/C9000
nid005005:93044:93044 [0] NCCL INFO               + XGMI[36.0] - GPU/D9000
nid005005:93044:93044 [0] NCCL INFO + PCI[24.0] - GPU/0-d6000 (13)
nid005005:93044:93044 [0] NCCL INFO               + XGMI[144.0] - GPU/D1000
nid005005:93044:93044 [0] NCCL INFO               + XGMI[36.0] - GPU/C6000
nid005005:93044:93044 [0] NCCL INFO               + XGMI[36.0] - GPU/DE000
nid005005:93044:93044 [0] NCCL INFO + SYS[16.0] - CPU/3
nid005005:93044:93044 [0] NCCL INFO + SYS[16.0] - CPU/1
nid005005:93044:93044 [0] NCCL INFO + SYS[16.0] - CPU/2
nid005005:93044:93044 [0] NCCL INFO CPU/0-2 (1/2/4)
nid005005:93044:93044 [0] NCCL INFO + PCI[24.0] - NIC/0-dd000
nid005005:93044:93044 [0] NCCL INFO               + NET[25.0] - NET/3 (a78181e03/1/25.000000)
nid005005:93044:93044 [0] NCCL INFO + PCI[24.0] - GPU/0-d9000 (14)
nid005005:93044:93044 [0] NCCL INFO               + XGMI[144.0] - GPU/DE000
nid005005:93044:93044 [0] NCCL INFO               + XGMI[72.0] - GPU/C1000
nid005005:93044:93044 [0] NCCL INFO               + XGMI[36.0] - GPU/D1000
nid005005:93044:93044 [0] NCCL INFO + PCI[24.0] - GPU/0-de000 (15)
nid005005:93044:93044 [0] NCCL INFO               + XGMI[144.0] - GPU/D9000
nid005005:93044:93044 [0] NCCL INFO               + XGMI[36.0] - GPU/CE000
nid005005:93044:93044 [0] NCCL INFO               + XGMI[36.0] - GPU/D6000
nid005005:93044:93044 [0] NCCL INFO + SYS[16.0] - CPU/3
nid005005:93044:93044 [0] NCCL INFO + SYS[16.0] - CPU/1
nid005005:93044:93044 [0] NCCL INFO + SYS[16.0] - CPU/0
nid005005:93044:93044 [0] NCCL INFO ==========================================
nid005005:93044:93044 [0] NCCL INFO GPU/C1000 :GPU/0-c1000 (0/5000.0/LOC) GPU/0-c6000 (1/144.0/XGMI) GPU/0-c9000 (1/36.0/XGMI) GPU/0-ce000 (3/16.0/SYS) GPU/0-d1000 (3/16.0/SYS) GPU/0-d6000 (3/16.0/SYS) GPU/0-d9000 (1/72.0/XGMI) GPU/0-de000 (3/16.0/SYS) CPU/0-3 (1/24.0/PHB) CPU/0-1 (2/16.0/SYS) CPU/0-0 (2/16.0/SYS) CPU/0-2 (2/16.0/SYS) NET/0-0 (3/24.0/PHB) NET/0-1 (4/16.0/SYS) NET/0-2 (4/16.0/SYS) NET/0-3 (4/16.0/SYS) 
nid005005:93044:93044 [0] NCCL INFO GPU/C6000 :GPU/0-c1000 (1/144.0/XGMI) GPU/0-c6000 (0/5000.0/LOC) GPU/0-c9000 (3/16.0/SYS) GPU/0-ce000 (1/36.0/XGMI) GPU/0-d1000 (3/16.0/SYS) GPU/0-d6000 (1/36.0/XGMI) GPU/0-d9000 (3/16.0/SYS) GPU/0-de000 (3/16.0/SYS) CPU/0-3 (1/24.0/PHB) CPU/0-1 (2/16.0/SYS) CPU/0-0 (2/16.0/SYS) CPU/0-2 (2/16.0/SYS) NET/0-0 (3/24.0/PHB) NET/0-1 (4/16.0/SYS) NET/0-2 (4/16.0/SYS) NET/0-3 (4/16.0/SYS) 
nid005005:93044:93044 [0] NCCL INFO GPU/C9000 :GPU/0-c1000 (1/36.0/XGMI) GPU/0-c6000 (3/16.0/SYS) GPU/0-c9000 (0/5000.0/LOC) GPU/0-ce000 (1/144.0/XGMI) GPU/0-d1000 (1/72.0/XGMI) GPU/0-d6000 (3/16.0/SYS) GPU/0-d9000 (3/16.0/SYS) GPU/0-de000 (3/16.0/SYS) CPU/0-3 (2/16.0/SYS) CPU/0-1 (1/24.0/PHB) CPU/0-0 (2/16.0/SYS) CPU/0-2 (2/16.0/SYS) NET/0-0 (4/16.0/SYS) NET/0-1 (3/24.0/PHB) NET/0-2 (4/16.0/SYS) NET/0-3 (4/16.0/SYS) 
nid005005:93047:93047 [2] NCCL INFO GPU/C9000 :GPU/0-c1000 (1/36.0/XGMI) GPU/0-c6000 (3/16.0/SYS) GPU/0-c9000 (0/5000.0/LOC) GPU/0-ce000 (1/144.0/XGMI) GPU/0-d1000 (1/72.0/XGMI) GPU/0-d6000 (3/16.0/SYS) GPU/0-d9000 (3/16.0/SYS) GPU/0-de000 (3/16.0/SYS) CPU/0-3 (2/16.0/SYS) CPU/0-1 (1/24.0/PHB) CPU/0-0 (2/16.0/SYS) CPU/0-2 (2/16.0/SYS) NET/0-0 (4/16.0/SYS) NET/0-1 (3/24.0/PHB) NET/0-2 (4/16.0/SYS) NET/0-3 (4/16.0/SYS) 
nid005005:93047:93047 [2] NCCL INFO GPU/CE000 :GPU/0-c1000 (3/16.0/SYS) GPU/0-c6000 (1/36.0/XGMI) GPU/0-c9000 (1/144.0/XGMI) GPU/0-ce000 (0/5000.0/LOC) GPU/0-d1000 (3/16.0/SYS) GPU/0-d6000 (3/16.0/SYS) GPU/0-d9000 (3/16.0/SYS) GPU/0-de000 (1/36.0/XGMI) CPU/0-3 (2/16.0/SYS) CPU/0-1 (1/24.0/PHB) CPU/0-0 (2/16.0/SYS) CPU/0-2 (2/16.0/SYS) NET/0-0 (4/16.0/SYS) NET/0-1 (3/24.0/PHB) NET/0-2 (4/16.0/SYS) NET/0-3 (4/16.0/SYS) 
nid005005:93047:93047 [2] NCCL INFO GPU/D1000 :GPU/0-c1000 (3/16.0/SYS) GPU/0-c6000 (3/16.0/SYS) GPU/0-c9000 (1/72.0/XGMI) GPU/0-ce000 (3/16.0/SYS) GPU/0-d1000 (0/5000.0/LOC) GPU/0-d6000 (1/144.0/XGMI) GPU/0-d9000 (1/36.0/XGMI) GPU/0-de000 (3/16.0/SYS) CPU/0-3 (2/16.0/SYS) CPU/0-1 (2/16.0/SYS) CPU/0-0 (1/24.0/PHB) CPU/0-2 (2/16.0/SYS) NET/0-0 (4/16.0/SYS) NET/0-1 (4/16.0/SYS) NET/0-2 (3/24.0/PHB) NET/0-3 (4/16.0/SYS) 
nid005005:93047:93047 [2] NCCL INFO GPU/D6000 :GPU/0-c1000 (3/16.0/SYS) GPU/0-c6000 (1/36.0/XGMI) GPU/0-c9000 (3/16.0/SYS) GPU/0-ce000 (3/16.0/SYS) GPU/0-d1000 (1/144.0/XGMI) GPU/0-d6000 (0/5000.0/LOC) GPU/0-d9000 (3/16.0/SYS) GPU/0-de000 (1/36.0/XGMI) CPU/0-3 (2/16.0/SYS) CPU/0-1 (2/16.0/SYS) CPU/0-0 (1/24.0/PHB) CPU/0-2 (2/16.0/SYS) NET/0-0 (4/16.0/SYS) NET/0-1 (4/16.0/SYS) NET/0-2 (3/24.0/PHB) NET/0-3 (4/16.0/SYS) 
nid005005:93047:93047 [2] NCCL INFO GPU/D9000 :GPU/0-c1000 (1/72.0/XGMI) GPU/0-c6000 (3/16.0/SYS) GPU/0-c9000 (3/16.0/SYS) GPU/0-ce000 (3/16.0/SYS) GPU/0-d1000 (1/36.0/XGMI) GPU/0-d6000 (3/16.0/SYS) GPU/0-d9000 (0/5000.0/LOC) GPU/0-de000 (1/144.0/XGMI) CPU/0-3 (2/16.0/SYS) CPU/0-1 (2/16.0/SYS) CPU/0-0 (2/16.0/SYS) CPU/0-2 (1/24.0/PHB) NET/0-0 (4/16.0/SYS) NET/0-1 (4/16.0/SYS) NET/0-2 (4/16.0/SYS) NET/0-3 (3/24.0/PHB) 
nid005005:93047:93047 [2] NCCL INFO GPU/DE000 :GPU/0-c1000 (3/16.0/SYS) GPU/0-c6000 (3/16.0/SYS) GPU/0-c9000 (3/16.0/SYS) GPU/0-ce000 (1/36.0/XGMI) GPU/0-d1000 (3/16.0/SYS) GPU/0-d6000 (1/36.0/XGMI) GPU/0-d9000 (1/144.0/XGMI) GPU/0-de000 (0/5000.0/LOC) CPU/0-3 (2/16.0/SYS) CPU/0-1 (2/16.0/SYS) CPU/0-0 (2/16.0/SYS) CPU/0-2 (1/24.0/PHB) NET/0-0 (4/16.0/SYS) NET/0-1 (4/16.0/SYS) NET/0-2 (4/16.0/SYS) NET/0-3 (3/24.0/PHB) 
nid005005:93047:93047 [2] NCCL INFO NET/0 :GPU/0-c1000 (3/24.0/PHB) GPU/0-c6000 (3/24.0/PHB) GPU/0-c9000 (4/16.0/SYS) GPU/0-ce000 (4/16.0/SYS) GPU/0-d1000 (4/16.0/SYS) GPU/0-d6000 (4/16.0/SYS) GPU/0-d9000 (4/16.0/SYS) GPU/0-de000 (4/16.0/SYS) CPU/0-3 (2/24.0/PHB) CPU/0-1 (3/16.0/SYS) CPU/0-0 (3/16.0/SYS) CPU/0-2 (3/16.0/SYS) NET/0-0 (0/5000.0/LOC) NET/0-1 (5/16.0/SYS) NET/0-2 (5/16.0/SYS) NET/0-3 (5/16.0/SYS) 
nid005005:93047:93047 [2] NCCL INFO NET/1 :GPU/0-c1000 (4/16.0/SYS) GPU/0-c6000 (4/16.0/SYS) GPU/0-c9000 (3/24.0/PHB) GPU/0-ce000 (3/24.0/PHB) GPU/0-d1000 (4/16.0/SYS) GPU/0-d6000 (4/16.0/SYS) GPU/0-d9000 (4/16.0/SYS) GPU/0-de000 (4/16.0/SYS) CPU/0-3 (3/16.0/SYS) CPU/0-1 (2/24.0/PHB) CPU/0-0 (3/16.0/SYS) CPU/0-2 (3/16.0/SYS) NET/0-0 (5/16.0/SYS) NET/0-1 (0/5000.0/LOC) NET/0-2 (5/16.0/SYS) NET/0-3 (5/16.0/SYS) 
nid005005:93047:93047 [2] NCCL INFO NET/2 :GPU/0-c1000 (4/16.0/SYS) GPU/0-c6000 (4/16.0/SYS) GPU/0-c9000 (4/16.0/SYS) GPU/0-ce000 (4/16.0/SYS) GPU/0-d1000 (3/24.0/PHB) GPU/0-d6000 (3/24.0/PHB) GPU/0-d9000 (4/16.0/SYS) GPU/0-de000 (4/16.0/SYS) CPU/0-3 (3/16.0/SYS) CPU/0-1 (3/16.0/SYS) CPU/0-0 (2/24.0/PHB) CPU/0-2 (3/16.0/SYS) NET/0-0 (5/16.0/SYS) NET/0-1 (5/16.0/SYS) NET/0-2 (0/5000.0/LOC) NET/0-3 (5/16.0/SYS) 
nid005005:93047:93047 [2] NCCL INFO NET/3 :GPU/0-c1000 (4/16.0/SYS) GPU/0-c6000 (4/16.0/SYS) GPU/0-c9000 (4/16.0/SYS) GPU/0-ce000 (4/16.0/SYS) GPU/0-d1000 (4/16.0/SYS) GPU/0-d6000 (4/16.0/SYS) GPU/0-d9000 (3/24.0/PHB) GPU/0-de000 (3/24.0/PHB) CPU/0-3 (3/16.0/SYS) CPU/0-1 (3/16.0/SYS) CPU/0-0 (3/16.0/SYS) CPU/0-2 (2/24.0nid005005:93051:93051 [7] NCCL INFO + PCI[24.0] - NIC/0-d5000
nid005005:93051:93051 [7] NCCL INFO               + NET[25.0] - NET/2 (a78181e02/1/25.000000)
nid005005:93051:93051 [7] NCCL INFO + PCI[24.0] - GPU/0-d1000 (12)
nid005005:93051:93051 [7] NCCL INFO               + XGMI[144.0] - GPU/D6000
nid005005:93051:93051 [7] NCCL INFO               + XGMI[72.0] - GPU/C9000
nid005005:93051:93051 [7] NCCL INFO               + XGMI[36.0] - GPU/D9000
nid005005:93051:93051 [7] NCCL INFO + PCI[24.0] - GPU/0-d6000 (13)
nid005005:93051:93051 [7] NCCL INFO               + XGMI[144.0] - GPU/D1000
nid005005:93051:93051 [7] NCCL INFO               + XGMI[36.0] - GPU/C6000
nid005005:93051:93051 [7] NCCL INFO               + XGMI[36.0] - GPU/DE000
nid005005:93051:93051 [7] NCCL INFO + SYS[16.0] - CPU/3
nid005005:93051:93051 [7] NCCL INFO + SYS[16.0] - CPU/1
nid005005:93051:93051 [7] NCCL INFO + SYS[16.0] - CPU/2
nid005005:93051:93051 [7] NCCL INFO CPU/0-2 (1/2/4)
nid005005:93051:93051 [7] NCCL INFO + PCI[24.0] - NIC/0-dd000
nid005005:93051:93051 [7] NCCL INFO               + NET[25.0] - NET/3 (a78181e03/1/25.000000)
nid005005:93051:93051 [7] NCCL INFO + PCI[24.0] - GPU/0-d9000 (14)
nid005005:93051:93051 [7] NCCL INFO               + XGMI[144.0] - GPU/DE000
nid005005:93051:93051 [7] NCCL INFO               + XGMI[72.0] - GPU/C1000
nid005005:93051:93051 [7] NCCL INFO               + XGMI[36.0] - GPU/D1000
nid005005:93051:93051 [7] NCCL INFO + PCI[24.0] - GPU/0-de000 (15)
nid005005:93051:93051 [7] NCCL INFO               + XGMI[144.0] - GPU/D9000
nid005005:93051:93051 [7] NCCL INFO               + XGMI[36.0] - GPU/CE000
nid005005:93051:93051 [7] NCCL INFO               + XGMI[36.0] - GPU/D6000
nid005005:93051:93051 [7] NCCL INFO + SYS[16.0] - CPU/3
nid005005:93051:93051 [7] NCCL INFO + SYS[16.0] - CPU/1
nid005005:93051:93051 [7] NCCL INFO + SYS[16.0] - CPU/0
nid005005:93051:93051 [7] NCCL INFO ==========================================
nid005005:93051:93051 [7] NCCL INFO GPU/C1000 :GPU/0-c1000 (0/5000.0/LOC) GPU/0-c6000 (1/144.0/XGMI) GPU/0-c9000 (1/36.0/XGMI) GPU/0-ce000 (3/16.0/SYS) GPU/0-d1000 (3/16.0/SYS) GPU/0-d6000 (3/16.0/SYS) GPU/0-d9000 (1/72.0/XGMI) GPU/0-de000 (3/16.0/SYS) CPU/0-3 (1/24.0/PHB) CPU/0-1 (2/16.0/SYS) CPU/0-0 (2/16.0/SYS) CPU/0-2 (2/16.0/SYS) NET/0-0 (3/24.0/PHB) NET/0-1 (4/16.0/SYS) NET/0-2 (4/16.0/SYS) NET/0-3 (4/16.0/SYS) 
nid005005:93051:93051 [7] NCCL INFO GPU/C6000 :GPU/0-c1000 (1/144.0/XGMI) GPU/0-c6000 (0/5000.0/LOC) GPU/0-c9000 (3/16.0/SYS) GPU/0-ce000 (1/36.0/XGMI) GPU/0-d1000 (3/16.0/SYS) GPU/0-d6000 (1/36.0/XGMI) GPU/0-d9000 (3/16.0/SYS) GPU/0-de000 (3/16.0/SYS) CPU/0-3 (1/24.0/PHB) CPU/0-1 (2/16.0/SYS) CPU/0-0 (2/16.0/SYS) CPU/0-2 (2/16.0/SYS) NET/0-0 (3/24.0/PHB) NET/0-1 (4/16.0/SYS) NET/0-2 (4/16.0/SYS) NET/0-3 (4/16.0/SYS) 
nid005005:93051:93051 [7] NCCL INFO GPU/C9000 :GPU/0-c1000 (1/36.0/XGMI) GPU/0-c6000 (3/16.0/SYS) GPU/0-c9000 (0/5000.0/LOC) GPU/0-ce000 (1/144.0/XGMI) GPU/0-d1000 (1/72.0/XGMI) GPU/0-d6000 (3/16.0/SYS) GPU/0-d9000 (3/16.0/SYS) GPU/0-de000 (3/16.0/SYS) CPU/0-3 (2/16.0/SYS) CPU/0-1 (1/24.0/PHB) CPU/0-0 (2/16.0/SYS) CPU/0-2 (2/16.0/SYS) NET/0-0 (4/16.0/SYS) NET/0-1 (3/24.0/PHB) NET/0-2 (4/16.0/SYS) NET/0-3 (4/16.0/SYS) 
nid005005:93051:93051 [7] NCCL INFO GPU/CE000 :GPU/0-c1000 (3/16.0/SYS) GPU/0-c6000 (1/36.0/XGMI) GPU/0-c9000 (1/144.0/XGMI) GPU/0-ce000 (0/5000.0/LOC) GPU/0-d1000 (3/16.0/SYS) GPU/0-d6000 (3/16.0/SYS) GPU/0-d9000 (3/16.0/SYS) GPU/0-de000 (1/36.0/XGMI) CPU/0-3 (2/16.0/SYS) CPU/0-1 (1/24.0/PHB) CPU/0-0 (2/16.0/SYS) CPU/0-2 (2/16.0/SYS) NET/0-0 (4/16.0/SYS) NET/0-1 (3/24.0/PHB) NET/0-2 (4/16.0/SYS) NET/0-3 (4/16.0/SYS) 
nid005005:93046:93046 [4] NCCL INFO === System : maxBw 24.0 totalBw 252.0 ===
nid005005:93046:93046 [4] NCCL INFO CPU/0-3 (1/2/4)
nid005005:93046:93046 [4] NCCL INFO + PCI[24.0] - GPU/0-c1000 (8)
nid005005:93046:93046 [4] NCCL INFO               + XGMI[144.0] - GPU/C6000
nid005005:93046:93046 [4] NCCL INFO               + XGMI[72.0] - GPU/D9000
nid005005:93046:93046 [4] NCCL INFO               + XGMI[36.0] - GPU/C9000
nid005005:93046:93046 [4] NCCL INFO + PCI[24.0] - NIC/0-c5000
nid005005:93046:93046 [4] NCCL INFO               + NET[25.0] - NET/0 (a78181e00/1/25.000000)
nid005005:93046:93046 [4] NCCL INFO + PCI[24.0] - GPU/0-c6000 (9)
nid005005:93046:93046 [4] NCCL INFO               + XGMI[144.0] - GPU/C1000
nid005005:93046:93046 [4] NCCL INFO               + XGMI[36.0] - GPU/CE000
nid005005:93046:93046 [4] NCCL INFO               + XGMI[36.0] - GPU/D6000
nid005005:93046:93046 [4] NCCL INFO + SYS[16.0] - CPU/1
nid005005:93046:93046 [4] NCCL INFO + SYS[16.0] - CPU/0
nid005005:93046:93046 [4] NCCL INFO + SYS[16.0] - CPU/2
nid005005:93046:93046 [4] NCCL INFO CPU/0-1 (1/2/4)
nid005005:93046:93046 [4] NCCL INFO + PCI[24.0] - NIC/0-cd000
nid005005:93046:93046 [4] NCCL INFO               + NET[25.0] - NET/1 (a78181e01/1/25.000000)
nid005005:93046:93046 [4] NCCL INFO + PCI[24.0] - GPU/0-c9000 (10)
nid005005:93046:93046 [4] NCCL INFO               + XGMI[144.0] - GPU/CE000
nid005005:93046:93046 [4] NCCL INFO               + XGMI[72.0] - GPU/D1000
nid005005:93046:93046 [4] NCCL INFO               + XGMI[36.0] - GPU/C1000
nid005005:93046:93046 [4] NCCL INFO + PCI[24.0] - GPU/0-ce000 (11)
nid005005:93046:93046 [4] NCCL INFO               + XGMI[144.0] - GPU/C9000
nid005005:93046:93046 [4] NCCL INFO               + XGMI[36.0] - GPU/C6000
nid005005:93046:93046 [4] NCCL INFO               + XGMI[36.0] - GPU/DE000
nid005005:93046:93046 [4] NCCL INFO + SYS[16.0] - CPU/3
nid005005:93046:93046 [4] NCCL INFO + SYS[16.0] - CPU/0
nid005005:93046:93046 [4] NCCL INFO + SYS[16.0] - CPU/2
nid005005:93046:93046 [4] NCCL INFO CPU/0-0 (1/2/4)
nid005005:93046:93046 [4] NCCL INFO + PCI[24.0] - NIC/0-d5000
nid005005:93046:93046 [4] NCCL INFO               + NET[25.0] - NET/2 (a78181e02/1/25.000000)
nid005005:93046:93046 [4] NCCL INFO + PCI[24.0] - GPU/0-d1000 (12)
nid005005:93046:93046 [4] NCCL INFO               + XGMI[144.0] - GPU/D6000
nid005005:93046:93046 [4] NCCL INFO               + XGMI[72.0] - GPU/C9000
nid005005:93046:93046 [4] NCCL INFO               + XGMI[36.0] - GPU/D9000
nid005005:93046:93046 [4] NCCL INFO + PCI[24.0] - GPU/0-d6000 (13)
nid005005:93046:93046 [4] NCCL INFO               + XGMI[144.0] - GPU/D1000
nid005005:93049:93049 [6] NCCL INFO + PCI[24.0] - NIC/0-d5000
nid005005:93049:93049 [6] NCCL INFO               + NET[25.0] - NET/2 (a78181e02/1/25.000000)
nid005005:93049:93049 [6] NCCL INFO + PCI[24.0] - GPU/0-d1000 (12)
nid005005:93049:93049 [6] NCCL INFO               + XGMI[144.0] - GPU/D6000
nid005005:93049:93049 [6] NCCL INFO               + XGMI[72.0] - GPU/C9000
nid005005:93049:93049 [6] NCCL INFO               + XGMI[36.0] - GPU/D9000
nid005005:93049:93049 [6] NCCL INFO + PCI[24.0] - GPU/0-d6000 (13)
nid005005:93049:93049 [6] NCCL INFO               + XGMI[144.0] - GPU/D1000
nid005005:93049:93049 [6] NCCL INFO               + XGMI[36.0] - GPU/C6000
nid005005:93049:93049 [6] NCCL INFO               + XGMI[36.0] - GPU/DE000
nid005005:93049:93049 [6] NCCL INFO + SYS[16.0] - CPU/3
nid005005:93049:93049 [6] NCCL INFO + SYS[16.0] - CPU/1
nid005005:93049:93049 [6] NCCL INFO + SYS[16.0] - CPU/2
nid005005:93049:93049 [6] NCCL INFO CPU/0-2 (1/2/4)
nid005005:93049:93049 [6] NCCL INFO + PCI[24.0] - NIC/0-dd000
nid005005:93049:93049 [6] NCCL INFO               + NET[25.0] - NET/3 (a78181e03/1/25.000000)
nid005005:93049:93049 [6] NCCL INFO + PCI[24.0] - GPU/0-d9000 (14)
nid005005:93049:93049 [6] NCCL INFO               + XGMI[144.0] - GPU/DE000
nid005005:93049:93049 [6] NCCL INFO               + XGMI[72.0] - GPU/C1000
nid005005:93049:93049 [6] NCCL INFO               + XGMI[36.0] - GPU/D1000
nid005005:93049:93049 [6] NCCL INFO + PCI[24.0] - GPU/0-de000 (15)
nid005005:93049:93049 [6] NCCL INFO               + XGMI[144.0] - GPU/D9000
nid005005:93049:93049 [6] NCCL INFO               + XGMI[36.0] - GPU/CE000
nid005005:93049:93049 [6] NCCL INFO               + XGMI[36.0] - GPU/D6000
nid005005:93049:93049 [6] NCCL INFO + SYS[16.0] - CPU/3
nid005005:93049:93049 [6] NCCL INFO + SYS[16.0] - CPU/1
nid005005:93049:93049 [6] NCCL INFO + SYS[16.0] - CPU/0
nid005005:93049:93049 [6] NCCL INFO ==========================================
nid005005:93049:93049 [6] NCCL INFO GPU/C1000 :GPU/0-c1000 (0/5000.0/LOC) GPU/0-c6000 (1/144.0/XGMI) GPU/0-c9000 (1/36.0/XGMI) GPU/0-ce000 (3/16.0/SYS) GPU/0-d1000 (3/16.0/SYS) GPU/0-d6000 (3/16.0/SYS) GPU/0-d9000 (1/72.0/XGMI) GPU/0-de000 (3/16.0/SYS) CPU/0-3 (1/24.0/PHB) CPU/0-1 (2/16.0/SYS) CPU/0-0 (2/16.0/SYS) CPU/0-2 (2/16.0/SYS) NET/0-0 (3/24.0/PHB) NET/0-1 (4/16.0/SYS) NET/0-2 (4/16.0/SYS) NET/0-3 (4/16.0/SYS) 
nid005005:93049:93049 [6] NCCL INFO GPU/C6000 :GPU/0-c1000 (1/144.0/XGMI) GPU/0-c6000 (0/5000.0/LOC) GPU/0-c9000 (3/16.0/SYS) GPU/0-ce000 (1/36.0/XGMI) GPU/0-d1000 (3/16.0/SYS) GPU/0-d6000 (1/36.0/XGMI) GPU/0-d9000 (3/16.0/SYS) GPU/0-de000 (3/16.0/SYS) CPU/0-3 (1/24.0/PHB) CPU/0-1 (2/16.0/SYS) CPU/0-0 (2/16.0/SYS) CPU/0-2 (2/16.0/SYS) NET/0-0 (3/24.0/PHB) NET/0-1 (4/16.0/SYS) NET/0-2 (4/16.0/SYS) NET/0-3 (4/16.0/SYS) 
nid005005:93049:93049 [6] NCCL INFO GPU/C9000 :GPU/0-c1000 (1/36.0/XGMI) GPU/0-c6000 (3/16.0/SYS) GPU/0-c9000 (0/5000.0/LOC) GPU/0-ce000 (1/144.0/XGMI) GPU/0-d1000 (1/72.0/XGMI) GPU/0-d6000 (3/16.0/SYS) GPU/0-d9000 (3/16.0/SYS) GPU/0-de000 (3/16.0/SYS) CPU/0-3 (2/16.0/SYS) CPU/0-1 (1/24.0/PHB) CPU/0-0 (2/16.0/SYS) CPU/0-2 (2/16.0/SYS) NET/0-0 (4/16.0/SYS) NET/0-1 (3/24.0/PHB) NET/0-2 (4/16.0/SYS) NET/0-3 (4/16.0/SYS) 
nid005005:93049:93049 [6] NCCL INFO GPU/CE000 :GPU/0-c1000 (3/16.0/SYS) GPU/0-c6000 (1/36.0/XGMI) GPU/0-c9000 (1/144.0/XGMI) GPU/0-ce000 (0/5000.0/LOC) GPU/0-d1000 (3/16.0/SYS) GPU/0-d6000 (3/16.0/SYS) GPU/0-d9000 (3/16.0/SYS) GPU/0-de000 (1/36.0/XGMI) CPU/0-3 (2/16.0/SYS) CPU/0-1 (1/24.0/PHB) CPU/0-0 (2/16.0/SYS) CPU/0-2 (2/16.0/SYS) NET/0-0 (4/16.0/SYS) NET/0-1 (3/24.0/PHB) NET/0-2 (4/16.0/SYS) NET/0-3 (4/16.0/SYS) 
nid005005:93049:93049 [6] NCCL INFO GPU/D1000 :GPU/0-c1000 (3/16.0/SYS) GPU/0-c6000 (3/16.0/SYS) GPU/0-c9000 (1/72.0/XGMI) GPU/0-ce000 (3/16.0/SYS) GPU/0-d1000 (0/5000.0/LOC) GPU/0-d6000 (1/144.0/XGMI) GPU/0-d9000 (1/36.0/XGMI) GPU/0-de000 (3/16.0/SYS) CPU/0-3 (2/16.0/SYS) CPU/0-1 (2/16.0/SYS) CPU/0-0 (1/24.0/PHB) CPU/0-2 (2/16.0/SYS) NET/0-0 (4/16.0/SYS) NET/0-1 (4/16.0/SYS) NET/0-2 (3/24.0/PHB) NET/0-3 (4/16.0/SYS) 
nid005005:93049:93049 [6] NCCL INFOnid005005:93048:93048 [5] NCCL INFO CPU/0-0 (1/2/4)
nid005005:93048:93048 [5] NCCL INFO + PCI[24.0] - NIC/0-d5000
nid005005:93048:93048 [5] NCCL INFO               + NET[25.0] - NET/2 (a78181e02/1/25.000000)
nid005005:93048:93048 [5] NCCL INFO + PCI[24.0] - GPU/0-d1000 (12)
nid005005:93048:93048 [5] NCCL INFO               + XGMI[144.0] - GPU/D6000
nid005005:93048:93048 [5] NCCL INFO               + XGMI[72.0] - GPU/C9000
nid005005:93048:93048 [5] NCCL INFO               + XGMI[36.0] - GPU/D9000
nid005005:93048:93048 [5] NCCL INFO + PCI[24.0] - GPU/0-d6000 (13)
nid005005:93048:93048 [5] NCCL INFO               + XGMI[144.0] - GPU/D1000
nid005005:93048:93048 [5] NCCL INFO               + XGMI[36.0] - GPU/C6000
nid005005:93048:93048 [5] NCCL INFO               + XGMI[36.0] - GPU/DE000
nid005005:93048:93048 [5] NCCL INFO + SYS[16.0] - CPU/3
nid005005:93048:93048 [5] NCCL INFO + SYS[16.0] - CPU/1
nid005005:93048:93048 [5] NCCL INFO + SYS[16.0] - CPU/2
nid005005:93048:93048 [5] NCCL INFO CPU/0-2 (1/2/4)
nid005005:93048:93048 [5] NCCL INFO + PCI[24.0] - NIC/0-dd000
nid005005:93048:93048 [5] NCCL INFO               + NET[25.0] - NET/3 (a78181e03/1/25.000000)
nid005005:93048:93048 [5] NCCL INFO + PCI[24.0] - GPU/0-d9000 (14)
nid005005:93048:93048 [5] NCCL INFO               + XGMI[144.0] - GPU/DE000
nid005005:93048:93048 [5] NCCL INFO               + XGMI[72.0] - GPU/C1000
nid005005:93048:93048 [5] NCCL INFO               + XGMI[36.0] - GPU/D1000
nid005005:93048:93048 [5] NCCL INFO + PCI[24.0] - GPU/0-de000 (15)
nid005005:93048:93048 [5] NCCL INFO               + XGMI[144.0] - GPU/D9000
nid005005:93048:93048 [5] NCCL INFO               + XGMI[36.0] - GPU/CE000
nid005005:93048:93048 [5] NCCL INFO               + XGMI[36.0] - GPU/D6000
nid005005:93048:93048 [5] NCCL INFO + SYS[16.0] - CPU/3
nid005005:93048:93048 [5] NCCL INFO + SYS[16.0] - CPU/1
nid005005:93048:93048 [5] NCCL INFO + SYS[16.0] - CPU/0
nid005005:93048:93048 [5] NCCL INFO ==========================================
nid005005:93048:93048 [5] NCCL INFO GPU/C1000 :GPU/0-c1000 (0/5000.0/LOC) GPU/0-c6000 (1/144.0/XGMI) GPU/0-c9000 (1/36.0/XGMI) GPU/0-ce000 (3/16.0/SYS) GPU/0-d1000 (3/16.0/SYS) GPU/0-d6000 (3/16.0/SYS) GPU/0-d9000 (1/72.0/XGMI) GPU/0-de000 (3/16.0/SYS) CPU/0-3 (1/24.0/PHB) CPU/0-1 (2/16.0/SYS) CPU/0-0 (2/16.0/SYS) CPU/0-2 (2/16.0/SYS) NET/0-0 (3/24.0/PHB) NET/0-1 (4/16.0/SYS) NET/0-2 (4/16.0/SYS) NET/0-3 (4/16.0/SYS) 
nid005005:93048:93048 [5] NCCL INFO GPU/C6000 :GPU/0-c1000 (1/144.0/XGMI) GPU/0-c6000 (0/5000.0/LOC) GPU/0-c9000 (3/16.0/SYS) GPU/0-ce000 (1/36.0/XGMI) GPU/0-d1000 (3/16.0/SYS) GPU/0-d6000 (1/36.0/XGMI) GPU/0-d9000 (3/16.0/SYS) GPU/0-de000 (3/16.0/SYS) CPU/0-3 (1/24.0/PHB) CPU/0-1 (2/16.0/SYS) CPU/0-0 (2/16.0/SYS) CPU/0-2 (2/16.0/SYS) NET/0-0 (3/24.0/PHB) NET/0-1 (4/16.0/SYS) NET/0-2 (4/16.0/SYS) NET/0-3 (4/16.0/SYS) 
nid005005:93048:93048 [5] NCCL INFO GPU/C9000 :GPU/0-c1000 (1/36.0/XGMI) GPU/0-c6000 (3/16.0/SYS) GPU/0-c9000 (0/5000.0/LOC) GPU/0-ce000 (1/144.0/XGMI) GPU/0-d1000 (1/72.0/XGMI) GPU/0-d6000 (3/16.0/SYS) GPU/0-d9000 (3/16.0/SYS) GPU/0-de000 (3/16.0/SYS) CPU/0-3 (2/16.0/SYS) CPU/0-1 (1/24.0/PHB) CPU/0-0 (2/16.0/SYS) CPU/0-2 (2/16.0/SYS) NET/0-0 (4/16.0/SYS) NET/0-1 (3/24.0/PHB) NET/0-2 (4/16.0/SYS) NET/0-3 (4/16.0/SYS) 
nid005005:93048:93048 [5] NCCL INFO GPU/CE000 :GPU/0-c1000 (3/16.0/SYS) GPU/0-c6000 (1/36.0/XGMI) GPU/0-c9000 (1/144.0/XGMI) GPU/0-ce000 (0/5000.0/LOC) GPU/0-d1000 (3/16.0/SYS) GPU/0-d6000 (3/16.0/SYS) GPU/0-d9000 (3/16.0/SYS) GPU/0-de000 (1/36.0/XGMI) CPU/0-3 (2/16.0/SYS) CPU/0-1 (1/24.0/PHB) CPU/0-0 (2/16.0/SYS) CPU/0-2 (2/16.0/SYS) NET/0-0 (4/16.0/SYS) NET/0-1 (3/24.0/PHB) NET/0-2 (4/16.0/SYS) NET/0-3 (4/16.0/SYS) 
nid005005:93048:93048 [5] NCCL INFO GPU/D1000 :GPU/0-c1000 (3/16.0/SYS) GPU/0-c6000 (3/16.0/SYS) GPU/0-c9000 (1/72.0/XGMI) GPU/0-ce000 (3/16.0/SYS) GPU/0-d1000 (0/5000.0/LOC) GPU/0-d6000 (1/144.0/XGMI) GPU/0-d9000 (1/36.0/XGMI) GPU/0-de000 (3/16.0/SYS) CPU/0-3 (2/16.0/SYS) CPU/0-1 (2/16.0/SYS) CPU/0-0 (1/24.0/PHB) CPU/0-2 (2/16.0/SYS) NET/0-0 (4/16.0/SYS) NET/0-1 (4/16.0/SYS) NET/0-2 (3/24.0/PHB) NET/nid005005:93045:93045 [1] NCCL INFO + PCI[24.0] - GPU/0-d6000 (13)
nid005005:93045:93045 [1] NCCL INFO               + XGMI[144.0] - GPU/D1000
nid005005:93045:93045 [1] NCCL INFO               + XGMI[36.0] - GPU/C6000
nid005005:93045:93045 [1] NCCL INFO               + XGMI[36.0] - GPU/DE000
nid005005:93045:93045 [1] NCCL INFO + SYS[16.0] - CPU/3
nid005005:93045:93045 [1] NCCL INFO + SYS[16.0] - CPU/1
nid005005:93045:93045 [1] NCCL INFO + SYS[16.0] - CPU/2
nid005005:93045:93045 [1] NCCL INFO CPU/0-2 (1/2/4)
nid005005:93045:93045 [1] NCCL INFO + PCI[24.0] - NIC/0-dd000
nid005005:93045:93045 [1] NCCL INFO               + NET[25.0] - NET/3 (a78181e03/1/25.000000)
nid005005:93045:93045 [1] NCCL INFO + PCI[24.0] - GPU/0-d9000 (14)
nid005005:93045:93045 [1] NCCL INFO               + XGMI[144.0] - GPU/DE000
nid005005:93045:93045 [1] NCCL INFO               + XGMI[72.0] - GPU/C1000
nid005005:93045:93045 [1] NCCL INFO               + XGMI[36.0] - GPU/D1000
nid005005:93045:93045 [1] NCCL INFO + PCI[24.0] - GPU/0-de000 (15)
nid005005:93045:93045 [1] NCCL INFO               + XGMI[144.0] - GPU/D9000
nid005005:93045:93045 [1] NCCL INFO               + XGMI[36.0] - GPU/CE000
nid005005:93045:93045 [1] NCCL INFO               + XGMI[36.0] - GPU/D6000
nid005005:93045:93045 [1] NCCL INFO + SYS[16.0] - CPU/3
nid005005:93045:93045 [1] NCCL INFO + SYS[16.0] - CPU/1
nid005005:93045:93045 [1] NCCL INFO + SYS[16.0] - CPU/0
nid005005:93045:93045 [1] NCCL INFO ==========================================
nid005005:93045:93045 [1] NCCL INFO GPU/C1000 :GPU/0-c1000 (0/5000.0/LOC) GPU/0-c6000 (1/144.0/XGMI) GPU/0-c9000 (1/36.0/XGMI) GPU/0-ce000 (3/16.0/SYS) GPU/0-d1000 (3/16.0/SYS) GPU/0-d6000 (3/16.0/SYS) GPU/0-d9000 (1/72.0/XGMI) GPU/0-de000 (3/16.0/SYS) CPU/0-3 (1/24.0/PHB) CPU/0-1 (2/16.0/SYS) CPU/0-0 (2/16.0/SYS) CPU/0-2 (2/16.0/SYS) NET/0-0 (3/24.0/PHB) NET/0-1 (4/16.0/SYS) NET/0-2 (4/16.0/SYS) NET/0-3 (4/16.0/SYS) 
nid005005:93045:93045 [1] NCCL INFO GPU/C6000 :GPU/0-c1000 (1/144.0/XGMI) GPU/0-c6000 (0/5000.0/LOC) GPU/0-c9000 (3/16.0/SYS) GPU/0-ce000 (1/36.0/XGMI) GPU/0-d1000 (3/16.0/SYS) GPU/0-d6000 (1/36.0/XGMI) GPU/0-d9000 (3/16.0/SYS) GPU/0-de000 (3/16.0/SYS) CPU/0-3 (1/24.0/PHB) CPU/0-1 (2/16.0/SYS) CPU/0-0 (2/16.0/SYS) CPU/0-2 (2/16.0/SYS) NET/0-0 (3/24.0/PHB) NET/0-1 (4/16.0/SYS) NET/0-2 (4/16.0/SYS) NET/0-3 (4/16.0/SYS) 
nid005005:93045:93045 [1] NCCL INFO GPU/C9000 :GPU/0-c1000 (1/36.0/XGMI) GPU/0-c6000 (3/16.0/SYS) GPU/0-c9000 (0/5000.0/LOC) GPU/0-ce000 (1/144.0/XGMI) GPU/0-d1000 (1/72.0/XGMI) GPU/0-d6000 (3/16.0/SYS) GPU/0-d9000 (3/16.0/SYS) GPU/0-de000 (3/16.0/SYS) CPU/0-3 (2/16.0/SYS) CPU/0-1 (1/24.0/PHB) CPU/0-0 (2/16.0/SYS) CPU/0-2 (2/16.0/SYS) NET/0-0 (4/16.0/SYS) NET/0-1 (3/24.0/PHB) NET/0-2 (4/16.0/SYS) NET/0-3 (4/16.0/SYS) 
nid005005:93045:93045 [1] NCCL INFO GPU/CE000 :GPU/0-c1000 (3/16.0/SYS) GPU/0-c6000 (1/36.0/XGMI) GPU/0-c9000 (1/144.0/XGMI) GPU/0-ce000 (0/5000.0/LOC) GPU/0-d1000 (3/16.0/SYS) GPU/0-d6000 (3/16.0/SYS) GPU/0-d9000 (3/16.0/SYS) GPU/0-de000 (1/36.0/XGMI) CPU/0-3 (2/16.0/SYS) CPU/0-1 (1/24.0/PHB) CPU/0-0 (2/16.0/SYS) CPU/0-2 (2/16.0/SYS) NET/0-0 (4/16.0/SYS) NET/0-1 (3/24.0/PHB) NET/0-2 (4/16.0/SYS) NET/0-3 (4/16.0/SYS) 
nid005005:93045:93045 [1] NCCL INFO GPU/D1000 :GPU/0-c1000 (3/16.0/SYS) GPU/0-c6000 (3/16.0/SYS) GPU/0-c9000 (1/72.0/XGMI) GPU/0-ce000 (3/16.0/SYS) GPU/0-d1000 (0/5000.0/LOC) GPU/0-d6000 (1/144.0/XGMI) GPU/0-d9000 (1/36.0/XGMI) GPU/0-de000 (3/16.0/SYS) CPU/0-3 (2/16.0/SYS) CPU/0-1 (2/16.0/SYS) CPU/0-0 (1/24.0/PHB) CPU/0-2 (2/16.0/SYS) NET/0-0 (4/16.0/SYS) NET/0-1 (4/16.0/SYS) NET/0-2 (3/24.0/PHB) NET/0-3 (4/16.0/SYS) 
nid005005:93045:93045 [1] NCCL INFO GPU/D6000 :GPU/0-c1000 (3/16.0/SYS) GPU/0-c6000 (1/36.0/XGMI) GPU/0-c9000 (3/16.0/SYS) GPU/0-ce000 (3/16.0/SYS) GPU/0-d1000 (1/144.0/XGMI) GPU/0-d6000 (0/5000.0/LOC) GPU/0-d9000 (3/16.0/SYS) GPU/0-de000 (1/36.0/XGMI) CPU/0-3 (2/16.0/SYS) CPU/0-1 (2/16.0/SYS) CPU/0-0 (1/24.0/PHB) CPU/0-2 (2/16.0/SYS) NET/0-0 (4/16.0/SYS) NET/0-1 (4/16.0/SYS) NET/0-2 (3/24.0/PHB) NET/0-3 (4/16.0/SYS) 
nid005005:93045:93045 [1] NCCL INFO GPU/D9000 :GPU/0-c1000 (1/nid005005:93050:93050 [3] NCCL INFO GPU/C9000 :GPU/0-c1000 (1/36.0/XGMI) GPU/0-c6000 (3/16.0/SYS) GPU/0-c9000 (0/5000.0/LOC) GPU/0-ce000 (1/144.0/XGMI) GPU/0-d1000 (1/72.0/XGMI) GPU/0-d6000 (3/16.0/SYS) GPU/0-d9000 (3/16.0/SYS) GPU/0-de000 (3/16.0/SYS) CPU/0-3 (2/16.0/SYS) CPU/0-1 (1/24.0/PHB) CPU/0-0 (2/16.0/SYS) CPU/0-2 (2/16.0/SYS) NET/0-0 (4/16.0/SYS) NET/0-1 (3/24.0/PHB) NET/0-2 (4/16.0/SYS) NET/0-3 (4/16.0/SYS) 
nid005005:93050:93050 [3] NCCL INFO GPU/CE000 :GPU/0-c1000 (3/16.0/SYS) GPU/0-c6000 (1/36.0/XGMI) GPU/0-c9000 (1/144.0/XGMI) GPU/0-ce000 (0/5000.0/LOC) GPU/0-d1000 (3/16.0/SYS) GPU/0-d6000 (3/16.0/SYS) GPU/0-d9000 (3/16.0/SYS) GPU/0-de000 (1/36.0/XGMI) CPU/0-3 (2/16.0/SYS) CPU/0-1 (1/24.0/PHB) CPU/0-0 (2/16.0/SYS) CPU/0-2 (2/16.0/SYS) NET/0-0 (4/16.0/SYS) NET/0-1 (3/24.0/PHB) NET/0-2 (4/16.0/SYS) NET/0-3 (4/16.0/SYS) 
nid005005:93050:93050 [3] NCCL INFO GPU/D1000 :GPU/0-c1000 (3/16.0/SYS) GPU/0-c6000 (3/16.0/SYS) GPU/0-c9000 (1/72.0/XGMI) GPU/0-ce000 (3/16.0/SYS) GPU/0-d1000 (0/5000.0/LOC) GPU/0-d6000 (1/144.0/XGMI) GPU/0-d9000 (1/36.0/XGMI) GPU/0-de000 (3/16.0/SYS) CPU/0-3 (2/16.0/SYS) CPU/0-1 (2/16.0/SYS) CPU/0-0 (1/24.0/PHB) CPU/0-2 (2/16.0/SYS) NET/0-0 (4/16.0/SYS) NET/0-1 (4/16.0/SYS) NET/0-2 (3/24.0/PHB) NET/0-3 (4/16.0/SYS) 
nid005005:93050:93050 [3] NCCL INFO GPU/D6000 :GPU/0-c1000 (3/16.0/SYS) GPU/0-c6000 (1/36.0/XGMI) GPU/0-c9000 (3/16.0/SYS) GPU/0-ce000 (3/16.0/SYS) GPU/0-d1000 (1/144.0/XGMI) GPU/0-d6000 (0/5000.0/LOC) GPU/0-d9000 (3/16.0/SYS) GPU/0-de000 (1/36.0/XGMI) CPU/0-3 (2/16.0/SYS) CPU/0-1 (2/16.0/SYS) CPU/0-0 (1/24.0/PHB) CPU/0-2 (2/16.0/SYS) NET/0-0 (4/16.0/SYS) NET/0-1 (4/16.0/SYS) NET/0-2 (3/24.0/PHB) NET/0-3 (4/16.0/SYS) 
nid005005:93050:93050 [3] NCCL INFO GPU/D9000 :GPU/0-c1000 (1/72.0/XGMI) GPU/0-c6000 (3/16.0/SYS) GPU/0-c9000 (3/16.0/SYS) GPU/0-ce000 (3/16.0/SYS) GPU/0-d1000 (1/36.0/XGMI) GPU/0-d6000 (3/16.0/SYS) GPU/0-d9000 (0/5000.0/LOC) GPU/0-de000 (1/144.0/XGMI) CPU/0-3 (2/16.0/SYS) CPU/0-1 (2/16.0/SYS) CPU/0-0 (2/16.0/SYS) CPU/0-2 (1/24.0/PHB) NET/0-0 (4/16.0/SYS) NET/0-1 (4/16.0/SYS) NET/0-2 (4/16.0/SYS) NET/0-3 (3/24.0/PHB) 
nid005005:93050:93050 [3] NCCL INFO GPU/DE000 :GPU/0-c1000 (3/16.0/SYS) GPU/0-c6000 (3/16.0/SYS) GPU/0-c9000 (3/16.0/SYS) GPU/0-ce000 (1/36.0/XGMI) GPU/0-d1000 (3/16.0/SYS) GPU/0-d6000 (1/36.0/XGMI) GPU/0-d9000 (1/144.0/XGMI) GPU/0-de000 (0/5000.0/LOC) CPU/0-3 (2/16.0/SYS) CPU/0-1 (2/16.0/SYS) CPU/0-0 (2/16.0/SYS) CPU/0-2 (1/24.0/PHB) NET/0-0 (4/16.0/SYS) NET/0-1 (4/16.0/SYS) NET/0-2 (4/16.0/SYS) NET/0-3 (3/24.0/PHB) 
nid005005:93050:93050 [3] NCCL INFO NET/0 :GPU/0-c1000 (3/24.0/PHB) GPU/0-c6000 (3/24.0/PHB) GPU/0-c9000 (4/16.0/SYS) GPU/0-ce000 (4/16.0/SYS) GPU/0-d1000 (4/16.0/SYS) GPU/0-d6000 (4/16.0/SYS) GPU/0-d9000 (4/16.0/SYS) GPU/0-de000 (4/16.0/SYS) CPU/0-3 (2/24.0/PHB) CPU/0-1 (3/16.0/SYS) CPU/0-0 (3/16.0/SYS) CPU/0-2 (3/16.0/SYS) NET/0-0 (0/5000.0/LOC) NET/0-1 (5/16.0/SYS) NET/0-2 (5/16.0/SYS) NET/0-3 (5/16.0/SYS) 
nid005005:93050:93050 [3] NCCL INFO NET/1 :GPU/0-c1000 (4/16.0/SYS) GPU/0-c6000 (4/16.0/SYS) GPU/0-c9000 (3/24.0/PHB) GPU/0-ce000 (3/24.0/PHB) GPU/0-d1000 (4/16.0/SYS) GPU/0-d6000 (4/16.0/SYS) GPU/0-d9000 (4/16.0/SYS) GPU/0-de000 (4/16.0/SYS) CPU/0-3 (3/16.0/SYS) CPU/0-1 (2/24.0/PHB) CPU/0-0 (3/16.0/SYS) CPU/0-2 (3/16.0/SYS) NET/0-0 (5/16.0/SYS) NET/0-1 (0/5000.0/LOC) NET/0-2 (5/16.0/SYS) NET/0-3 (5/16.0/SYS) 
nid005005:93050:93050 [3] NCCL INFO NET/2 :GPU/0-c1000 (4/16.0/SYS) GPU/0-c6000 (4/16.0/SYS) GPU/0-c9000 (4/16.0/SYS) GPU/0-ce000 (4/16.0/SYS) GPU/0-d1000 (3/24.0/PHB) GPU/0-d6000 (3/24.0/PHB) GPU/0-d9000 (4/16.0/SYS) GPU/0-de000 (4/16.0/SYS) CPU/0-3 (3/16.0/SYS) CPU/0-1 (3/16.0/SYS) CPU/0-0 (2/24.0/PHB) CPU/0-2 (3/16.0/SYS) NET/0-0 (5/16.0/SYS) NET/0-1 (5/16.0/SYS) NET/0-2 (0/5000.0/LOC) NET/0-3 (5/16.0/SYS) 
nid005005:93050:93050 [3] NCCL INFO NET/3 :GPU/0-c1000 (4/16.0/SYS) GPU/0-c6000 (4/16.0/SYS) GPU/0-c9000 (4/16.0/SYS) GPU/0-ce000 (4/16.0/SYS) GPU/0-d1000 (4/16.0/SYS) GPU/0-d6000 (4/16.0/SYS) GPU/0-d9000 (3/24.0/PHB) GPU/0-de000 (3/24.0/PHB) CPU/0-3 (3/16.0/SYS) CPU/0-1 (3/16.0/SYS) CPU/0-0 (3/16.0/SYS) CPU/0-2 (2/24.0nid005005:93044:93044 [0] NCCL INFO GPU/CE000 :GPU/0-c1000 (3/16.0/SYS) GPU/0-c6000 (1/36.0/XGMI) GPU/0-c9000 (1/144.0/XGMI) GPU/0-ce000 (0/5000.0/LOC) GPU/0-d1000 (3/16.0/SYS) GPU/0-d6000 (3/16.0/SYS) GPU/0-d9000 (3/16.0/SYS) GPU/0-de000 (1/36.0/XGMI) CPU/0-3 (2/16.0/SYS) CPU/0-1 (1/24.0/PHB) CPU/0-0 (2/16.0/SYS) CPU/0-2 (2/16.0/SYS) NET/0-0 (4/16.0/SYS) NET/0-1 (3/24.0/PHB) NET/0-2 (4/16.0/SYS) NET/0-3 (4/16.0/SYS) 
nid005005:93044:93044 [0] NCCL INFO GPU/D1000 :GPU/0-c1000 (3/16.0/SYS) GPU/0-c6000 (3/16.0/SYS) GPU/0-c9000 (1/72.0/XGMI) GPU/0-ce000 (3/16.0/SYS) GPU/0-d1000 (0/5000.0/LOC) GPU/0-d6000 (1/144.0/XGMI) GPU/0-d9000 (1/36.0/XGMI) GPU/0-de000 (3/16.0/SYS) CPU/0-3 (2/16.0/SYS) CPU/0-1 (2/16.0/SYS) CPU/0-0 (1/24.0/PHB) CPU/0-2 (2/16.0/SYS) NET/0-0 (4/16.0/SYS) NET/0-1 (4/16.0/SYS) NET/0-2 (3/24.0/PHB) NET/0-3 (4/16.0/SYS) 
nid005005:93044:93044 [0] NCCL INFO GPU/D6000 :GPU/0-c1000 (3/16.0/SYS) GPU/0-c6000 (1/36.0/XGMI) GPU/0-c9000 (3/16.0/SYS) GPU/0-ce000 (3/16.0/SYS) GPU/0-d1000 (1/144.0/XGMI) GPU/0-d6000 (0/5000.0/LOC) GPU/0-d9000 (3/16.0/SYS) GPU/0-de000 (1/36.0/XGMI) CPU/0-3 (2/16.0/SYS) CPU/0-1 (2/16.0/SYS) CPU/0-0 (1/24.0/PHB) CPU/0-2 (2/16.0/SYS) NET/0-0 (4/16.0/SYS) NET/0-1 (4/16.0/SYS) NET/0-2 (3/24.0/PHB) NET/0-3 (4/16.0/SYS) 
nid005005:93044:93044 [0] NCCL INFO GPU/D9000 :GPU/0-c1000 (1/72.0/XGMI) GPU/0-c6000 (3/16.0/SYS) GPU/0-c9000 (3/16.0/SYS) GPU/0-ce000 (3/16.0/SYS) GPU/0-d1000 (1/36.0/XGMI) GPU/0-d6000 (3/16.0/SYS) GPU/0-d9000 (0/5000.0/LOC) GPU/0-de000 (1/144.0/XGMI) CPU/0-3 (2/16.0/SYS) CPU/0-1 (2/16.0/SYS) CPU/0-0 (2/16.0/SYS) CPU/0-2 (1/24.0/PHB) NET/0-0 (4/16.0/SYS) NET/0-1 (4/16.0/SYS) NET/0-2 (4/16.0/SYS) NET/0-3 (3/24.0/PHB) 
nid005005:93044:93044 [0] NCCL INFO GPU/DE000 :GPU/0-c1000 (3/16.0/SYS) GPU/0-c6000 (3/16.0/SYS) GPU/0-c9000 (3/16.0/SYS) GPU/0-ce000 (1/36.0/XGMI) GPU/0-d1000 (3/16.0/SYS) GPU/0-d6000 (1/36.0/XGMI) GPU/0-d9000 (1/144.0/XGMI) GPU/0-de000 (0/5000.0/LOC) CPU/0-3 (2/16.0/SYS) CPU/0-1 (2/16.0/SYS) CPU/0-0 (2/16.0/SYS) CPU/0-2 (1/24.0/PHB) NET/0-0 (4/16.0/SYS) NET/0-1 (4/16.0/SYS) NET/0-2 (4/16.0/SYS) NET/0-3 (3/24.0/PHB) 
nid005005:93044:93044 [0] NCCL INFO NET/0 :GPU/0-c1000 (3/24.0/PHB) GPU/0-c6000 (3/24.0/PHB) GPU/0-c9000 (4/16.0/SYS) GPU/0-ce000 (4/16.0/SYS) GPU/0-d1000 (4/16.0/SYS) GPU/0-d6000 (4/16.0/SYS) GPU/0-d9000 (4/16.0/SYS) GPU/0-de000 (4/16.0/SYS) CPU/0-3 (2/24.0/PHB) CPU/0-1 (3/16.0/SYS) CPU/0-0 (3/16.0/SYS) CPU/0-2 (3/16.0/SYS) NET/0-0 (0/5000.0/LOC) NET/0-1 (5/16.0/SYS) NET/0-2 (5/16.0/SYS) NET/0-3 (5/16.0/SYS) 
nid005005:93044:93044 [0] NCCL INFO NET/1 :GPU/0-c1000 (4/16.0/SYS) GPU/0-c6000 (4/16.0/SYS) GPU/0-c9000 (3/24.0/PHB) GPU/0-ce000 (3/24.0/PHB) GPU/0-d1000 (4/16.0/SYS) GPU/0-d6000 (4/16.0/SYS) GPU/0-d9000 (4/16.0/SYS) GPU/0-de000 (4/16.0/SYS) CPU/0-3 (3/16.0/SYS) CPU/0-1 (2/24.0/PHB) CPU/0-0 (3/16.0/SYS) CPU/0-2 (3/16.0/SYS) NET/0-0 (5/16.0/SYS) NET/0-1 (0/5000.0/LOC) NET/0-2 (5/16.0/SYS) NET/0-3 (5/16.0/SYS) 
nid005005:93044:93044 [0] NCCL INFO NET/2 :GPU/0-c1000 (4/16.0/SYS) GPU/0-c6000 (4/16.0/SYS) GPU/0-c9000 (4/16.0/SYS) GPU/0-ce000 (4/16.0/SYS) GPU/0-d1000 (3/24.0/PHB) GPU/0-d6000 (3/24.0/PHB) GPU/0-d9000 (4/16.0/SYS) GPU/0-de000 (4/16.0/SYS) CPU/0-3 (3/16.0/SYS) CPU/0-1 (3/16.0/SYS) CPU/0-0 (2/24.0/PHB) CPU/0-2 (3/16.0/SYS) NET/0-0 (5/16.0/SYS) NET/0-1 (5/16.0/SYS) NET/0-2 (0/5000.0/LOC) NET/0-3 (5/16.0/SYS) 
nid005005:93044:93044 [0] NCCL INFO NET/3 :GPU/0-c1000 (4/16.0/SYS) GPU/0-c6000 (4/16.0/SYS) GPU/0-c9000 (4/16.0/SYS) GPU/0-ce000 (4/16.0/SYS) GPU/0-d1000 (4/16.0/SYS) GPU/0-d6000 (4/16.0/SYS) GPU/0-d9000 (3/24.0/PHB) GPU/0-de000 (3/24.0/PHB) CPU/0-3 (3/16.0/SYS) CPU/0-1 (3/16.0/SYS) CPU/0-0 (3/16.0/SYS) CPU/0-2 (2/24.0/PHB) NET/0-0 (5/16.0/SYS) NET/0-1 (5/16.0/SYS) NET/0-2 (5/16.0/SYS) NET/0-3 (0/5000.0/LOC) 
/PHB) NET/0-0 (5/16.0/SYS) NET/0-1 (5/16.0/SYS) NET/0-2 (5/16.0/SYS) NET/0-3 (0/5000.0/LOC) 
nid005005:93051:93051 [7] NCCL INFO GPU/D1000 :GPU/0-c1000 (3/16.0/SYS) GPU/0-c6000 (3/16.0/SYS) GPU/0-c9000 (1/72.0/XGMI) GPU/0-ce000 (3/16.0/SYS) GPU/0-d1000 (0/5000.0/LOC) GPU/0-d6000 (1/144.0/XGMI) GPU/0-d9000 (1/36.0/XGMI) GPU/0-de000 (3/16.0/SYS) CPU/0-3 (2/16.0/SYS) CPU/0-1 (2/16.0/SYS) CPU/0-0 (1/24.0/PHB) CPU/0-2 (2/16.0/SYS) NET/0-0 (4/16.0/SYS) NET/0-1 (4/16.0/SYS) NET/0-2 (3/24.0/PHB) NET/0-3 (4/16.0/SYS) 
nid005005:93051:93051 [7] NCCL INFO GPU/D6000 :GPU/0-c1000 (3/16.0/SYS) GPU/0-c6000 (1/36.0/XGMI) GPU/0-c9000 (3/16.0/SYS) GPU/0-ce000 (3/16.0/SYS) GPU/0-d1000 (1/144.0/XGMI) GPU/0-d6000 (0/5000.0/LOC) GPU/0-d9000 (3/16.0/SYS) GPU/0-de000 (1/36.0/XGMI) CPU/0-3 (2/16.0/SYS) CPU/0-1 (2/16.0/SYS) CPU/0-0 (1/24.0/PHB) CPU/0-2 (2/16.0/SYS) NET/0-0 (4/16.0/SYS) NET/0-1 (4/16.0/SYS) NET/0-2 (3/24.0/PHB) NET/0-3 (4/16.0/SYS) 
nid005005:93051:93051 [7] NCCL INFO GPU/D9000 :GPU/0-c1000 (1/72.0/XGMI) GPU/0-c6000 (3/16.0/SYS) GPU/0-c9000 (3/16.0/SYS) GPU/0-ce000 (3/16.0/SYS) GPU/0-d1000 (1/36.0/XGMI) GPU/0-d6000 (3/16.0/SYS) GPU/0-d9000 (0/5000.0/LOC) GPU/0-de000 (1/144.0/XGMI) CPU/0-3 (2/16.0/SYS) CPU/0-1 (2/16.0/SYS) CPU/0-0 (2/16.0/SYS) CPU/0-2 (1/24.0/PHB) NET/0-0 (4/16.0/SYS) NET/0-1 (4/16.0/SYS) NET/0-2 (4/16.0/SYS) NET/0-3 (3/24.0/PHB) 
nid005005:93051:93051 [7] NCCL INFO GPU/DE000 :GPU/0-c1000 (3/16.0/SYS) GPU/0-c6000 (3/16.0/SYS) GPU/0-c9000 (3/16.0/SYS) GPU/0-ce000 (1/36.0/XGMI) GPU/0-d1000 (3/16.0/SYS) GPU/0-d6000 (1/36.0/XGMI) GPU/0-d9000 (1/144.0/XGMI) GPU/0-de000 (0/5000.0/LOC) CPU/0-3 (2/16.0/SYS) CPU/0-1 (2/16.0/SYS) CPU/0-0 (2/16.0/SYS) CPU/0-2 (1/24.0/PHB) NET/0-0 (4/16.0/SYS) NET/0-1 (4/16.0/SYS) NET/0-2 (4/16.0/SYS) NET/0-3 (3/24.0/PHB) 
nid005005:93051:93051 [7] NCCL INFO NET/0 :GPU/0-c1000 (3/24.0/PHB) GPU/0-c6000 (3/24.0/PHB) GPU/0-c9000 (4/16.0/SYS) GPU/0-ce000 (4/16.0/SYS) GPU/0-d1000 (4/16.0/SYS) GPU/0-d6000 (4/16.0/SYS) GPU/0-d9000 (4/16.0/SYS) GPU/0-de000 (4/16.0/SYS) CPU/0-3 (2/24.0/PHB) CPU/0-1 (3/16.0/SYS) CPU/0-0 (3/16.0/SYS) CPU/0-2 (3/16.0/SYS) NET/0-0 (0/5000.0/LOC) NET/0-1 (5/16.0/SYS) NET/0-2 (5/16.0/SYS) NET/0-3 (5/16.0/SYS) 
nid005005:93051:93051 [7] NCCL INFO NET/1 :GPU/0-c1000 (4/16.0/SYS) GPU/0-c6000 (4/16.0/SYS) GPU/0-c9000 (3/24.0/PHB) GPU/0-ce000 (3/24.0/PHB) GPU/0-d1000 (4/16.0/SYS) GPU/0-d6000 (4/16.0/SYS) GPU/0-d9000 (4/16.0/SYS) GPU/0-de000 (4/16.0/SYS) CPU/0-3 (3/16.0/SYS) CPU/0-1 (2/24.0/PHB) CPU/0-0 (3/16.0/SYS) CPU/0-2 (3/16.0/SYS) NET/0-0 (5/16.0/SYS) NET/0-1 (0/5000.0/LOC) NET/0-2 (5/16.0/SYS) NET/0-3 (5/16.0/SYS) 
nid005005:93051:93051 [7] NCCL INFO NET/2 :GPU/0-c1000 (4/16.0/SYS) GPU/0-c6000 (4/16.0/SYS) GPU/0-c9000 (4/16.0/SYS) GPU/0-ce000 (4/16.0/SYS) GPU/0-d1000 (3/24.0/PHB) GPU/0-d6000 (3/24.0/PHB) GPU/0-d9000 (4/16.0/SYS) GPU/0-de000 (4/16.0/SYS) CPU/0-3 (3/16.0/SYS) CPU/0-1 (3/16.0/SYS) CPU/0-0 (2/24.0/PHB) CPU/0-2 (3/16.0/SYS) NET/0-0 (5/16.0/SYS) NET/0-1 (5/16.0/SYS) NET/0-2 (0/5000.0/LOC) NET/0-3 (5/16.0/SYS) 
nid005005:93051:93051 [7] NCCL INFO NET/3 :GPU/0-c1000 (4/16.0/SYS) GPU/0-c6000 (4/16.0/SYS) GPU/0-c9000 (4/16.0/SYS) GPU/0-ce000 (4/16.0/SYS) GPU/0-d1000 (4/16.0/SYS) GPU/0-d6000 (4/16.0/SYS) GPU/0-d9000 (3/24.0/PHB) GPU/0-de000 (3/24.0/PHB) CPU/0-3 (3/16.0/SYS) CPU/0-1 (3/16.0/SYS) CPU/0-0 (3/16.0/SYS) CPU/0-2 (2/24.0/PHB) NET/0-0 (5/16.0/SYS) NET/0-1 (5/16.0/SYS) NET/0-2 (5/16.0/SYS) NET/0-3 (0/5000.0/LOC) 
nid005005:93046:93046 [4] NCCL INFO               + XGMI[36.0] - GPU/C6000
nid005005:93046:93046 [4] NCCL INFO               + XGMI[36.0] - GPU/DE000
nid005005:93046:93046 [4] NCCL INFO + SYS[16.0] - CPU/3
nid005005:93046:93046 [4] NCCL INFO + SYS[16.0] - CPU/1
nid005005:93046:93046 [4] NCCL INFO + SYS[16.0] - CPU/2
nid005005:93046:93046 [4] NCCL INFO CPU/0-2 (1/2/4)
nid005005:93046:93046 [4] NCCL INFO + PCI[24.0] - NIC/0-dd000
nid005005:93046:93046 [4] NCCL INFO               + NET[25.0] - NET/3 (a78181e03/1/25.000000)
nid005005:93046:93046 [4] NCCL INFO + PCI[24.0] - GPU/0-d9000 (14)
nid005005:93046:93046 [4] NCCL INFO               + XGMI[144.0] - GPU/DE000
nid005005:93046:93046 [4] NCCL INFO               + XGMI[72.0] - GPU/C1000
nid005005:93046:93046 [4] NCCL INFO               + XGMI[36.0] - GPU/D1000
nid005005:93046:93046 [4] NCCL INFO + PCI[24.0] - GPU/0-de000 (15)
nid005005:93046:93046 [4] NCCL INFO               + XGMI[144.0] - GPU/D9000
nid005005:93046:93046 [4] NCCL INFO               + XGMI[36.0] - GPU/CE000
nid005005:93046:93046 [4] NCCL INFO               + XGMI[36.0] - GPU/D6000
nid005005:93046:93046 [4] NCCL INFO + SYS[16.0] - CPU/3
nid005005:93046:93046 [4] NCCL INFO + SYS[16.0] - CPU/1
nid005005:93046:93046 [4] NCCL INFO + SYS[16.0] - CPU/0
nid005005:93046:93046 [4] NCCL INFO ==========================================
nid005005:93046:93046 [4] NCCL INFO GPU/C1000 :GPU/0-c1000 (0/5000.0/LOC) GPU/0-c6000 (1/144.0/XGMI) GPU/0-c9000 (1/36.0/XGMI) GPU/0-ce000 (3/16.0/SYS) GPU/0-d1000 (3/16.0/SYS) GPU/0-d6000 (3/16.0/SYS) GPU/0-d9000 (1/72.0/XGMI) GPU/0-de000 (3/16.0/SYS) CPU/0-3 (1/24.0/PHB) CPU/0-1 (2/16.0/SYS) CPU/0-0 (2/16.0/SYS) CPU/0-2 (2/16.0/SYS) NET/0-0 (3/24.0/PHB) NET/0-1 (4/16.0/SYS) NET/0-2 (4/16.0/SYS) NET/0-3 (4/16.0/SYS) 
nid005005:93046:93046 [4] NCCL INFO GPU/C6000 :GPU/0-c1000 (1/144.0/XGMI) GPU/0-c6000 (0/5000.0/LOC) GPU/0-c9000 (3/16.0/SYS) GPU/0-ce000 (1/36.0/XGMI) GPU/0-d1000 (3/16.0/SYS) GPU/0-d6000 (1/36.0/XGMI) GPU/0-d9000 (3/16.0/SYS) GPU/0-de000 (3/16.0/SYS) CPU/0-3 (1/24.0/PHB) CPU/0-1 (2/16.0/SYS) CPU/0-0 (2/16.0/SYS) CPU/0-2 (2/16.0/SYS) NET/0-0 (3/24.0/PHB) NET/0-1 (4/16.0/SYS) NET/0-2 (4/16.0/SYS) NET/0-3 (4/16.0/SYS) 
nid005005:93046:93046 [4] NCCL INFO GPU/C9000 :GPU/0-c1000 (1/36.0/XGMI) GPU/0-c6000 (3/16.0/SYS) GPU/0-c9000 (0/5000.0/LOC) GPU/0-ce000 (1/144.0/XGMI) GPU/0-d1000 (1/72.0/XGMI) GPU/0-d6000 (3/16.0/SYS) GPU/0-d9000 (3/16.0/SYS) GPU/0-de000 (3/16.0/SYS) CPU/0-3 (2/16.0/SYS) CPU/0-1 (1/24.0/PHB) CPU/0-0 (2/16.0/SYS) CPU/0-2 (2/16.0/SYS) NET/0-0 (4/16.0/SYS) NET/0-1 (3/24.0/PHB) NET/0-2 (4/16.0/SYS) NET/0-3 (4/16.0/SYS) 
nid005005:93046:93046 [4] NCCL INFO GPU/CE000 :GPU/0-c1000 (3/16.0/SYS) GPU/0-c6000 (1/36.0/XGMI) GPU/0-c9000 (1/144.0/XGMI) GPU/0-ce000 (0/5000.0/LOC) GPU/0-d1000 (3/16.0/SYS) GPU/0-d6000 (3/16.0/SYS) GPU/0-d9000 (3/16.0/SYS) GPU/0-de000 (1/36.0/XGMI) CPU/0-3 (2/16.0/SYS) CPU/0-1 (1/24.0/PHB) CPU/0-0 (2/16.0/SYS) CPU/0-2 (2/16.0/SYS) NET/0-0 (4/16.0/SYS) NET/0-1 (3/24.0/PHB) NET/0-2 (4/16.0/SYS) NET/0-3 (4/16.0/SYS) 
nid005005:93046:93046 [4] NCCL INFO GPU/D1000 :GPU/0-c1000 (3/16.0/SYS) GPU/0-c6000 (3/16.0/SYS) GPU/0-c9000 (1/72.0/XGMI) GPU/0-ce000 (3/16.0/SYS) GPU/0-d1000 (0/5000.0/LOC) GPU/0-d6000 (1/144.0/XGMI) GPU/0-d9000 (1/36.0/XGMI) GPU/0-de000 (3/16.0/SYS) CPU/0-3 (2/16.0/SYS) CPU/0-1 (2/16.0/SYS) CPU/0-0 (1/24.0/PHB) CPU/0-2 (2/16.0/SYS) NET/0-0 (4/16.0/SYS) NET/0-1 (4/16.0/SYS) NET/0-2 (3/24.0/PHB) NET/0-3 (4/16.0/SYS) 
nid005005:93046:93046 [4] NCCL INFO GPU/D6000 :GPU/0-c1000 (3/16.0/SYS) GPU/0-c6000 (1/36.0/XGMI) GPU/0-c9000 (3/16.0/SYS) GPU/0-ce000 (3/16.0/SYS) GPU/0-d1000 (1/144.0/XGMI) GPU/0-d6000 (0/5000.0/LOC) GPU/0-d9000 (3/16.0/SYS) GPU/0-de000 (1/36.0/XGMI) CPU/0-3 (2/16.0/SYS) CPU/0-1 (2/16.0/SYS) CPU/0-0 (1/24.0/PHB) CPU/0-2 (2/16.0/SYS) NET/0-0 (4/16.0/SYS) NET/0-1 (4/16.0/SYS) NET/0-2 (3/24.0/PHB) NET/0-3 (4/16.0/SYS) 
nid005005:93046:93046 [4] NCCL INFO GPU/D9000 :GPU/0-c1000 (1/72.0/XGMI) GPU/0-c6000 (3/16.0/SYS) GPU/0-c9000 (3/16.0/SYS) GPU/0-ce000 (3/16.0/SYS) GPU/0-d1000 (1/36.0/XGMI) GPU/0-d6000 (3/16.0/SYS) GPU/0- GPU/D6000 :GPU/0-c1000 (3/16.0/SYS) GPU/0-c6000 (1/36.0/XGMI) GPU/0-c9000 (3/16.0/SYS) GPU/0-ce000 (3/16.0/SYS) GPU/0-d1000 (1/144.0/XGMI) GPU/0-d6000 (0/5000.0/LOC) GPU/0-d9000 (3/16.0/SYS) GPU/0-de000 (1/36.0/XGMI) CPU/0-3 (2/16.0/SYS) CPU/0-1 (2/16.0/SYS) CPU/0-0 (1/24.0/PHB) CPU/0-2 (2/16.0/SYS) NET/0-0 (4/16.0/SYS) NET/0-1 (4/16.0/SYS) NET/0-2 (3/24.0/PHB) NET/0-3 (4/16.0/SYS) 
nid005005:93049:93049 [6] NCCL INFO GPU/D9000 :GPU/0-c1000 (1/72.0/XGMI) GPU/0-c6000 (3/16.0/SYS) GPU/0-c9000 (3/16.0/SYS) GPU/0-ce000 (3/16.0/SYS) GPU/0-d1000 (1/36.0/XGMI) GPU/0-d6000 (3/16.0/SYS) GPU/0-d9000 (0/5000.0/LOC) GPU/0-de000 (1/144.0/XGMI) CPU/0-3 (2/16.0/SYS) CPU/0-1 (2/16.0/SYS) CPU/0-0 (2/16.0/SYS) CPU/0-2 (1/24.0/PHB) NET/0-0 (4/16.0/SYS) NET/0-1 (4/16.0/SYS) NET/0-2 (4/16.0/SYS) NET/0-3 (3/24.0/PHB) 
nid005005:93049:93049 [6] NCCL INFO GPU/DE000 :GPU/0-c1000 (3/16.0/SYS) GPU/0-c6000 (3/16.0/SYS) GPU/0-c9000 (3/16.0/SYS) GPU/0-ce000 (1/36.0/XGMI) GPU/0-d1000 (3/16.0/SYS) GPU/0-d6000 (1/36.0/XGMI) GPU/0-d9000 (1/144.0/XGMI) GPU/0-de000 (0/5000.0/LOC) CPU/0-3 (2/16.0/SYS) CPU/0-1 (2/16.0/SYS) CPU/0-0 (2/16.0/SYS) CPU/0-2 (1/24.0/PHB) NET/0-0 (4/16.0/SYS) NET/0-1 (4/16.0/SYS) NET/0-2 (4/16.0/SYS) NET/0-3 (3/24.0/PHB) 
nid005005:93049:93049 [6] NCCL INFO NET/0 :GPU/0-c1000 (3/24.0/PHB) GPU/0-c6000 (3/24.0/PHB) GPU/0-c9000 (4/16.0/SYS) GPU/0-ce000 (4/16.0/SYS) GPU/0-d1000 (4/16.0/SYS) GPU/0-d6000 (4/16.0/SYS) GPU/0-d9000 (4/16.0/SYS) GPU/0-de000 (4/16.0/SYS) CPU/0-3 (2/24.0/PHB) CPU/0-1 (3/16.0/SYS) CPU/0-0 (3/16.0/SYS) CPU/0-2 (3/16.0/SYS) NET/0-0 (0/5000.0/LOC) NET/0-1 (5/16.0/SYS) NET/0-2 (5/16.0/SYS) NET/0-3 (5/16.0/SYS) 
nid005005:93049:93049 [6] NCCL INFO NET/1 :GPU/0-c1000 (4/16.0/SYS) GPU/0-c6000 (4/16.0/SYS) GPU/0-c9000 (3/24.0/PHB) GPU/0-ce000 (3/24.0/PHB) GPU/0-d1000 (4/16.0/SYS) GPU/0-d6000 (4/16.0/SYS) GPU/0-d9000 (4/16.0/SYS) GPU/0-de000 (4/16.0/SYS) CPU/0-3 (3/16.0/SYS) CPU/0-1 (2/24.0/PHB) CPU/0-0 (3/16.0/SYS) CPU/0-2 (3/16.0/SYS) NET/0-0 (5/16.0/SYS) NET/0-1 (0/5000.0/LOC) NET/0-2 (5/16.0/SYS) NET/0-3 (5/16.0/SYS) 
nid005005:93049:93049 [6] NCCL INFO NET/2 :GPU/0-c1000 (4/16.0/SYS) GPU/0-c6000 (4/16.0/SYS) GPU/0-c9000 (4/16.0/SYS) GPU/0-ce000 (4/16.0/SYS) GPU/0-d1000 (3/24.0/PHB) GPU/0-d6000 (3/24.0/PHB) GPU/0-d9000 (4/16.0/SYS) GPU/0-de000 (4/16.0/SYS) CPU/0-3 (3/16.0/SYS) CPU/0-1 (3/16.0/SYS) CPU/0-0 (2/24.0/PHB) CPU/0-2 (3/16.0/SYS) NET/0-0 (5/16.0/SYS) NET/0-1 (5/16.0/SYS) NET/0-2 (0/5000.0/LOC) NET/0-3 (5/16.0/SYS) 
nid005005:93049:93049 [6] NCCL INFO NET/3 :GPU/0-c1000 (4/16.0/SYS) GPU/0-c6000 (4/16.0/SYS) GPU/0-c9000 (4/16.0/SYS) GPU/0-ce000 (4/16.0/SYS) GPU/0-d1000 (4/16.0/SYS) GPU/0-d6000 (4/16.0/SYS) GPU/0-d9000 (3/24.0/PHB) GPU/0-de000 (3/24.0/PHB) CPU/0-3 (3/16.0/SYS) CPU/0-1 (3/16.0/SYS) CPU/0-0 (3/16.0/SYS) CPU/0-2 (2/24.0/PHB) NET/0-0 (5/16.0/SYS) NET/0-1 (5/16.0/SYS) NET/0-2 (5/16.0/SYS) NET/0-3 (0/5000.0/LOC) 
0-3 (4/16.0/SYS) 
nid005005:93048:93048 [5] NCCL INFO GPU/D6000 :GPU/0-c1000 (3/16.0/SYS) GPU/0-c6000 (1/36.0/XGMI) GPU/0-c9000 (3/16.0/SYS) GPU/0-ce000 (3/16.0/SYS) GPU/0-d1000 (1/144.0/XGMI) GPU/0-d6000 (0/5000.0/LOC) GPU/0-d9000 (3/16.0/SYS) GPU/0-de000 (1/36.0/XGMI) CPU/0-3 (2/16.0/SYS) CPU/0-1 (2/16.0/SYS) CPU/0-0 (1/24.0/PHB) CPU/0-2 (2/16.0/SYS) NET/0-0 (4/16.0/SYS) NET/0-1 (4/16.0/SYS) NET/0-2 (3/24.0/PHB) NET/0-3 (4/16.0/SYS) 
nid005005:93048:93048 [5] NCCL INFO GPU/D9000 :GPU/0-c1000 (1/72.0/XGMI) GPU/0-c6000 (3/16.0/SYS) GPU/0-c9000 (3/16.0/SYS) GPU/0-ce000 (3/16.0/SYS) GPU/0-d1000 (1/36.0/XGMI) GPU/0-d6000 (3/16.0/SYS) GPU/0-d9000 (0/5000.0/LOC) GPU/0-de000 (1/144.0/XGMI) CPU/0-3 (2/16.0/SYS) CPU/0-1 (2/16.0/SYS) CPU/0-0 (2/16.0/SYS) CPU/0-2 (1/24.0/PHB) NET/0-0 (4/16.0/SYS) NET/0-1 (4/16.0/SYS) NET/0-2 (4/16.0/SYS) NET/0-3 (3/24.0/PHB) 
nid005005:93048:93048 [5] NCCL INFO GPU/DE000 :GPU/0-c1000 (3/16.0/SYS) GPU/0-c6000 (3/16.0/SYS) GPU/0-c9000 (3/16.0/SYS) GPU/0-ce000 (1/36.0/XGMI) GPU/0-d1000 (3/16.0/SYS) GPU/0-d6000 (1/36.0/XGMI) GPU/0-d9000 (1/144.0/XGMI) GPU/0-de000 (0/5000.0/LOC) CPU/0-3 (2/16.0/SYS) CPU/0-1 (2/16.0/SYS) CPU/0-0 (2/16.0/SYS) CPU/0-2 (1/24.0/PHB) NET/0-0 (4/16.0/SYS) NET/0-1 (4/16.0/SYS) NET/0-2 (4/16.0/SYS) NET/0-3 (3/24.0/PHB) 
nid005005:93048:93048 [5] NCCL INFO NET/0 :GPU/0-c1000 (3/24.0/PHB) GPU/0-c6000 (3/24.0/PHB) GPU/0-c9000 (4/16.0/SYS) GPU/0-ce000 (4/16.0/SYS) GPU/0-d1000 (4/16.0/SYS) GPU/0-d6000 (4/16.0/SYS) GPU/0-d9000 (4/16.0/SYS) GPU/0-de000 (4/16.0/SYS) CPU/0-3 (2/24.0/PHB) CPU/0-1 (3/16.0/SYS) CPU/0-0 (3/16.0/SYS) CPU/0-2 (3/16.0/SYS) NET/0-0 (0/5000.0/LOC) NET/0-1 (5/16.0/SYS) NET/0-2 (5/16.0/SYS) NET/0-3 (5/16.0/SYS) 
nid005005:93048:93048 [5] NCCL INFO NET/1 :GPU/0-c1000 (4/16.0/SYS) GPU/0-c6000 (4/16.0/SYS) GPU/0-c9000 (3/24.0/PHB) GPU/0-ce000 (3/24.0/PHB) GPU/0-d1000 (4/16.0/SYS) GPU/0-d6000 (4/16.0/SYS) GPU/0-d9000 (4/16.0/SYS) GPU/0-de000 (4/16.0/SYS) CPU/0-3 (3/16.0/SYS) CPU/0-1 (2/24.0/PHB) CPU/0-0 (3/16.0/SYS) CPU/0-2 (3/16.0/SYS) NET/0-0 (5/16.0/SYS) NET/0-1 (0/5000.0/LOC) NET/0-2 (5/16.0/SYS) NET/0-3 (5/16.0/SYS) 
nid005005:93048:93048 [5] NCCL INFO NET/2 :GPU/0-c1000 (4/16.0/SYS) GPU/0-c6000 (4/16.0/SYS) GPU/0-c9000 (4/16.0/SYS) GPU/0-ce000 (4/16.0/SYS) GPU/0-d1000 (3/24.0/PHB) GPU/0-d6000 (3/24.0/PHB) GPU/0-d9000 (4/16.0/SYS) GPU/0-de000 (4/16.0/SYS) CPU/0-3 (3/16.0/SYS) CPU/0-1 (3/16.0/SYS) CPU/0-0 (2/24.0/PHB) CPU/0-2 (3/16.0/SYS) NET/0-0 (5/16.0/SYS) NET/0-1 (5/16.0/SYS) NET/0-2 (0/5000.0/LOC) NET/0-3 (5/16.0/SYS) 
nid005005:93048:93048 [5] NCCL INFO NET/3 :GPU/0-c1000 (4/16.0/SYS) GPU/0-c6000 (4/16.0/SYS) GPU/0-c9000 (4/16.0/SYS) GPU/0-ce000 (4/16.0/SYS) GPU/0-d1000 (4/16.0/SYS) GPU/0-d6000 (4/16.0/SYS) GPU/0-d9000 (3/24.0/PHB) GPU/0-de000 (3/24.0/PHB) CPU/0-3 (3/16.0/SYS) CPU/0-1 (3/16.0/SYS) CPU/0-0 (3/16.0/SYS) CPU/0-2 (2/24.0/PHB) NET/0-0 (5/16.0/SYS) NET/0-1 (5/16.0/SYS) NET/0-2 (5/16.0/SYS) NET/0-3 (0/5000.0/LOC) 
nid005005:93048:93048 [5] NCCL INFO Setting affinity for GPU 5 to fefe,00000000,0000fefe
72.0/XGMI) GPU/0-c6000 (3/16.0/SYS) GPU/0-c9000 (3/16.0/SYS) GPU/0-ce000 (3/16.0/SYS) GPU/0-d1000 (1/36.0/XGMI) GPU/0-d6000 (3/16.0/SYS) GPU/0-d9000 (0/5000.0/LOC) GPU/0-de000 (1/144.0/XGMI) CPU/0-3 (2/16.0/SYS) CPU/0-1 (2/16.0/SYS) CPU/0-0 (2/16.0/SYS) CPU/0-2 (1/24.0/PHB) NET/0-0 (4/16.0/SYS) NET/0-1 (4/16.0/SYS) NET/0-2 (4/16.0/SYS) NET/0-3 (3/24.0/PHB) 
nid005005:93045:93045 [1] NCCL INFO GPU/DE000 :GPU/0-c1000 (3/16.0/SYS) GPU/0-c6000 (3/16.0/SYS) GPU/0-c9000 (3/16.0/SYS) GPU/0-ce000 (1/36.0/XGMI) GPU/0-d1000 (3/16.0/SYS) GPU/0-d6000 (1/36.0/XGMI) GPU/0-d9000 (1/144.0/XGMI) GPU/0-de000 (0/5000.0/LOC) CPU/0-3 (2/16.0/SYS) CPU/0-1 (2/16.0/SYS) CPU/0-0 (2/16.0/SYS) CPU/0-2 (1/24.0/PHB) NET/0-0 (4/16.0/SYS) NET/0-1 (4/16.0/SYS) NET/0-2 (4/16.0/SYS) NET/0-3 (3/24.0/PHB) 
nid005005:93045:93045 [1] NCCL INFO NET/0 :GPU/0-c1000 (3/24.0/PHB) GPU/0-c6000 (3/24.0/PHB) GPU/0-c9000 (4/16.0/SYS) GPU/0-ce000 (4/16.0/SYS) GPU/0-d1000 (4/16.0/SYS) GPU/0-d6000 (4/16.0/SYS) GPU/0-d9000 (4/16.0/SYS) GPU/0-de000 (4/16.0/SYS) CPU/0-3 (2/24.0/PHB) CPU/0-1 (3/16.0/SYS) CPU/0-0 (3/16.0/SYS) CPU/0-2 (3/16.0/SYS) NET/0-0 (0/5000.0/LOC) NET/0-1 (5/16.0/SYS) NET/0-2 (5/16.0/SYS) NET/0-3 (5/16.0/SYS) 
nid005005:93045:93045 [1] NCCL INFO NET/1 :GPU/0-c1000 (4/16.0/SYS) GPU/0-c6000 (4/16.0/SYS) GPU/0-c9000 (3/24.0/PHB) GPU/0-ce000 (3/24.0/PHB) GPU/0-d1000 (4/16.0/SYS) GPU/0-d6000 (4/16.0/SYS) GPU/0-d9000 (4/16.0/SYS) GPU/0-de000 (4/16.0/SYS) CPU/0-3 (3/16.0/SYS) CPU/0-1 (2/24.0/PHB) CPU/0-0 (3/16.0/SYS) CPU/0-2 (3/16.0/SYS) NET/0-0 (5/16.0/SYS) NET/0-1 (0/5000.0/LOC) NET/0-2 (5/16.0/SYS) NET/0-3 (5/16.0/SYS) 
nid005005:93045:93045 [1] NCCL INFO NET/2 :GPU/0-c1000 (4/16.0/SYS) GPU/0-c6000 (4/16.0/SYS) GPU/0-c9000 (4/16.0/SYS) GPU/0-ce000 (4/16.0/SYS) GPU/0-d1000 (3/24.0/PHB) GPU/0-d6000 (3/24.0/PHB) GPU/0-d9000 (4/16.0/SYS) GPU/0-de000 (4/16.0/SYS) CPU/0-3 (3/16.0/SYS) CPU/0-1 (3/16.0/SYS) CPU/0-0 (2/24.0/PHB) CPU/0-2 (3/16.0/SYS) NET/0-0 (5/16.0/SYS) NET/0-1 (5/16.0/SYS) NET/0-2 (0/5000.0/LOC) NET/0-3 (5/16.0/SYS) 
nid005005:93045:93045 [1] NCCL INFO NET/3 :GPU/0-c1000 (4/16.0/SYS) GPU/0-c6000 (4/16.0/SYS) GPU/0-c9000 (4/16.0/SYS) GPU/0-ce000 (4/16.0/SYS) GPU/0-d1000 (4/16.0/SYS) GPU/0-d6000 (4/16.0/SYS) GPU/0-d9000 (3/24.0/PHB) GPU/0-de000 (3/24.0/PHB) CPU/0-3 (3/16.0/SYS) CPU/0-1 (3/16.0/SYS) CPU/0-0 (3/16.0/SYS) CPU/0-2 (2/24.0/PHB) NET/0-0 (5/16.0/SYS) NET/0-1 (5/16.0/SYS) NET/0-2 (5/16.0/SYS) NET/0-3 (0/5000.0/LOC) 
/PHB) NET/0-0 (5/16.0/SYS) NET/0-1 (5/16.0/SYS) NET/0-2 (5/16.0/SYS) NET/0-3 (0/5000.0/LOC) 
d9000 (0/5000.0/LOC) GPU/0-de000 (1/144.0/XGMI) CPU/0-3 (2/16.0/SYS) CPU/0-1 (2/16.0/SYS) CPU/0-0 (2/16.0/SYS) CPU/0-2 (1/24.0/PHB) NET/0-0 (4/16.0/SYS) NET/0-1 (4/16.0/SYS) NET/0-2 (4/16.0/SYS) NET/0-3 (3/24.0/PHB) 
nid005005:93046:93046 [4] NCCL INFO GPU/DE000 :GPU/0-c1000 (3/16.0/SYS) GPU/0-c6000 (3/16.0/SYS) GPU/0-c9000 (3/16.0/SYS) GPU/0-ce000 (1/36.0/XGMI) GPU/0-d1000 (3/16.0/SYS) GPU/0-d6000 (1/36.0/XGMI) GPU/0-d9000 (1/144.0/XGMI) GPU/0-de000 (0/5000.0/LOC) CPU/0-3 (2/16.0/SYS) CPU/0-1 (2/16.0/SYS) CPU/0-0 (2/16.0/SYS) CPU/0-2 (1/24.0/PHB) NET/0-0 (4/16.0/SYS) NET/0-1 (4/16.0/SYS) NET/0-2 (4/16.0/SYS) NET/0-3 (3/24.0/PHB) 
nid005005:93046:93046 [4] NCCL INFO NET/0 :GPU/0-c1000 (3/24.0/PHB) GPU/0-c6000 (3/24.0/PHB) GPU/0-c9000 (4/16.0/SYS) GPU/0-ce000 (4/16.0/SYS) GPU/0-d1000 (4/16.0/SYS) GPU/0-d6000 (4/16.0/SYS) GPU/0-d9000 (4/16.0/SYS) GPU/0-de000 (4/16.0/SYS) CPU/0-3 (2/24.0/PHB) CPU/0-1 (3/16.0/SYS) CPU/0-0 (3/16.0/SYS) CPU/0-2 (3/16.0/SYS) NET/0-0 (0/5000.0/LOC) NET/0-1 (5/16.0/SYS) NET/0-2 (5/16.0/SYS) NET/0-3 (5/16.0/SYS) 
nid005005:93046:93046 [4] NCCL INFO NET/1 :GPU/0-c1000 (4/16.0/SYS) GPU/0-c6000 (4/16.0/SYS) GPU/0-c9000 (3/24.0/PHB) GPU/0-ce000 (3/24.0/PHB) GPU/0-d1000 (4/16.0/SYS) GPU/0-d6000 (4/16.0/SYS) GPU/0-d9000 (4/16.0/SYS) GPU/0-de000 (4/16.0/SYS) CPU/0-3 (3/16.0/SYS) CPU/0-1 (2/24.0/PHB) CPU/0-0 (3/16.0/SYS) CPU/0-2 (3/16.0/SYS) NET/0-0 (5/16.0/SYS) NET/0-1 (0/5000.0/LOC) NET/0-2 (5/16.0/SYS) NET/0-3 (5/16.0/SYS) 
nid005005:93046:93046 [4] NCCL INFO NET/2 :GPU/0-c1000 (4/16.0/SYS) GPU/0-c6000 (4/16.0/SYS) GPU/0-c9000 (4/16.0/SYS) GPU/0-ce000 (4/16.0/SYS) GPU/0-d1000 (3/24.0/PHB) GPU/0-d6000 (3/24.0/PHB) GPU/0-d9000 (4/16.0/SYS) GPU/0-de000 (4/16.0/SYS) CPU/0-3 (3/16.0/SYS) CPU/0-1 (3/16.0/SYS) CPU/0-0 (2/24.0/PHB) CPU/0-2 (3/16.0/SYS) NET/0-0 (5/16.0/SYS) NET/0-1 (5/16.0/SYS) NET/0-2 (0/5000.0/LOC) NET/0-3 (5/16.0/SYS) 
nid005005:93046:93046 [4] NCCL INFO NET/3 :GPU/0-c1000 (4/16.0/SYS) GPU/0-c6000 (4/16.0/SYS) GPU/0-c9000 (4/16.0/SYS) GPU/0-ce000 (4/16.0/SYS) GPU/0-d1000 (4/16.0/SYS) GPU/0-d6000 (4/16.0/SYS) GPU/0-d9000 (3/24.0/PHB) GPU/0-de000 (3/24.0/PHB) CPU/0-3 (3/16.0/SYS) CPU/0-1 (3/16.0/SYS) CPU/0-0 (3/16.0/SYS) CPU/0-2 (2/24.0/PHB) NET/0-0 (5/16.0/SYS) NET/0-1 (5/16.0/SYS) NET/0-2 (5/16.0/SYS) NET/0-3 (0/5000.0/LOC) 
nid005005:93046:93046 [4] NCCL INFO Setting affinity for GPU 4 to fefe,00000000,0000fefe
nid005001:57740:57740 [3] NCCL INFO Found matching Rome model index 36 with GPU mapping: 0 1 2 3 4 5 6 7 NET mapping: 0 1 2 3 
nid005001:57740:57740 [3] NCCL INFO Pattern 4, crossNic 0, nChannels 8, bw 31.500000/31.500000, type XGMI/PIX, sameChannels 1
nid005001:57740:57740 [3] NCCL INFO  0 : NET/0 GPU/0 GPU/1 GPU/5 GPU/4 GPU/6 GPU/7 GPU/3 GPU/2 NET/1
nid005001:57740:57740 [3] NCCL INFO  1 : NET/1 GPU/2 GPU/3 GPU/7 GPU/6 GPU/4 GPU/5 GPU/1 GPU/0 NET/0
nid005001:57740:57740 [3] NCCL INFO  2 : NET/3 GPU/7 GPU/6 GPU/0 GPU/1 GPU/3 GPU/2 GPU/4 GPU/5 NET/2
nid005001:57740:57740 [3] NCCL INFO  3 : NET/2 GPU/5 GPU/4 GPU/2 GPU/3 GPU/1 GPU/0 GPU/6 GPU/7 NET/3
nid005001:57740:57740 [3] NCCL INFO  4 : NET/0 GPU/0 GPU/1 GPU/5 GPU/4 GPU/6 GPU/7 GPU/3 GPU/2 NET/1
nid005001:57740:57740 [3] NCCL INFO  5 : NET/1 GPU/2 GPU/3 GPU/7 GPU/6 GPU/4 GPU/5 GPU/1 GPU/0 NET/0
nid005001:57740:57740 [3] NCCL INFO  6 : NET/3 GPU/7 GPU/6 GPU/0 GPU/1 GPU/3 GPU/2 GPU/4 GPU/5 NET/2
nid005001:57740:57740 [3] NCCL INFO  7 : NET/2 GPU/5 GPU/4 GPU/2 GPU/3 GPU/1 GPU/0 GPU/6 GPU/7 NET/3
nid005001:57741:57741 [1] NCCL INFO Found matching Rome model index 36 with GPU mapping: 0 1 2 3 4 5 6 7 NET mapping: 0 1 2 3 
nid005001:57741:57741 [1] NCCL INFO Pattern 4, crossNic 0, nChannels 8, bw 31.500000/31.500000, type XGMI/PIX, sameChannels 1
nid005001:57741:57741 [1] NCCL INFO  0 : NET/0 GPU/0 GPU/1 GPU/5 GPU/4 GPU/6 GPU/7 GPU/3 GPU/2 NET/1
nid005001:57741:57741 [1] NCCL INFO  1 : NET/1 GPU/2 GPU/3 GPU/7 GPU/6 GPU/4 GPU/5 GPU/1 GPU/0 NET/0
nid005001:57741:57741 [1] NCCL INFO  2 : NET/3 GPU/7 GPU/6 GPU/0 GPU/1 GPU/3 GPU/2 GPU/4 GPU/5 NET/2
nid005001:57741:57741 [1] NCCL INFO  3 : NET/2 GPU/5 GPU/4 GPU/2 GPU/3 GPU/1 GPU/0 GPU/6 GPU/7 NET/3
nid005001:57741:57741 [1] NCCL INFO  4 : NET/0 GPU/0 GPU/1 GPU/5 GPU/4 GPU/6 GPU/7 GPU/3 GPU/2 NET/1
nid005001:57741:57741 [1] NCCL INFO  5 : NET/1 GPU/2 GPU/3 GPU/7 GPU/6 GPU/4 GPU/5 GPU/1 GPU/0 NET/0
nid005001:57741:57741 [1] NCCL INFO  6 : NET/3 GPU/7 GPU/6 GPU/0 GPU/1 GPU/3 GPU/2 GPU/4 GPU/5 NET/2
nid005001:57741:57741 [1] NCCL INFO  7 : NET/2 GPU/5 GPU/4 GPU/2 GPU/3 GPU/1 GPU/0 GPU/6 GPU/7 NET/3
nid005001:57742:57742 [4] NCCL INFO Found matching Rome model index 36 with GPU mapping: 0 1 2 3 4 5 6 7 NET mapping: 0 1 2 3 
nid005001:57742:57742 [4] NCCL INFO Pattern 4, crossNic 0, nChannels 8, bw 31.500000/31.500000, type XGMI/PIX, sameChannels 1
nid005001:57742:57742 [4] NCCL INFO  0 : NET/0 GPU/0 GPU/1 GPU/5 GPU/4 GPU/6 GPU/7 GPU/3 GPU/2 NET/1
nid005001:57742:57742 [4] NCCL INFO  1 : NET/1 GPU/2 GPU/3 GPU/7 GPU/6 GPU/4 GPU/5 GPU/1 GPU/0 NET/0
nid005001:57742:57742 [4] NCCL INFO  2 : NET/3 GPU/7 GPU/6 GPU/0 GPU/1 GPU/3 GPU/2 GPU/4 GPU/5 NET/2
nid005001:57742:57742 [4] NCCL INFO  3 : NET/2 GPU/5 GPU/4 GPU/2 GPU/3 GPU/1 GPU/0 GPU/6 GPU/7 NET/3
nid005001:57742:57742 [4] NCCL INFO  4 : NET/0 GPU/0 GPU/1 GPU/5 GPU/4 GPU/6 GPU/7 GPU/3 GPU/2 NET/1
nid005001:57742:57742 [4] NCCL INFO  5 : NET/1 GPU/2 GPU/3 GPU/7 GPU/6 GPU/4 GPU/5 GPU/1 GPU/0 NET/0
nid005001:57742:57742 [4] NCCL INFO  6 : NET/3 GPU/7 GPU/6 GPU/0 GPU/1 GPU/3 GPU/2 GPU/4 GPU/5 NET/2
nid005001:57742:57742 [4] NCCL INFO  7 : NET/2 GPU/5 GPU/4 GPU/2 GPU/3 GPU/1 GPU/0 GPU/6 GPU/7 NET/3
nid005001:57739:57739 [2] NCCL INFO Found matching Rome model index 36 with GPU mapping: 0 1 2 3 4 5 6 7 NET mapping: 0 1 2 3 
nid005001:57739:57739 [2] NCCL INFO Pattern 4, crossNic 0, nChannels 8, bw 31.500000/31.500000, type XGMI/PIX, sameChannels 1
nid005001:57739:57739 [2] NCCL INFO  0 : NET/0 GPU/0 GPU/1 GPU/5 GPU/4 GPU/6 GPU/7 GPU/3 GPU/2 NET/1
nid005001:57739:57739 [2] NCCL INFO  1 : NET/1 GPU/2 GPU/3 GPU/7 GPU/6 GPU/4 GPU/5 GPU/1 GPU/0 NET/0
nid005001:57739:57739 [2] NCCL INFO  2 : NET/3 GPU/7 GPU/6 GPU/0 GPU/1 GPU/3 GPU/2 GPU/4 GPU/5 NET/2
nid005001:57739:57739 [2] NCCL INFO  3 : NET/2 GPU/5 GPU/4 GPU/2 GPU/3 GPU/1 GPU/0 GPU/6 GPU/7 NET/3
nid005001:57739:57739 [2] NCCL INFO  4 : NET/0 GPU/0 GPU/1 GPU/5 GPU/4 GPU/6 GPU/7 GPU/3 GPU/2 NET/1
nid005001:57739:57739 [2] NCCL INFO  5 : NET/1 GPU/2 GPU/3 GPU/7 GPU/6 GPU/4 GPU/5 GPU/1 GPU/0 NET/0
nid005001:57739:57739 [2] NCCL INFO  6 : NET/3 GPU/7 GPU/6 GPU/0 GPU/1 GPU/3 GPU/2 GPU/4 GPU/5 NET/2
nid005001:57739:57739 [2] NCCL INFO  7 : NET/2 GPU/5 GPU/4 GPU/2 GPU/3 GPU/1 GPU/0 GPU/6 GPU/7 NET/3
nid005005:93047:93047 [2] NCCL INFO Found matching Rome model index 36 with GPU mapping: 0 1 2 3 4 5 6 7 NET mapping: 0 1 2 3 
nid005005:93047:93047 [2] NCCL INFO Pattern 4, crossNic 0, nChannels 8, bw 31.500000/31.500000, type XGMI/PIX, sameChannels 1
nid005005:93047:93047 [2] NCCL INFO  0 : NET/1 GPU/10 GPU/11 GPU/15 GPU/14 GPU/12 GPU/13 GPU/9 GPU/8 NET/0
nid005005:93047:93047 [2] NCCL INFO  1 : NET/0 GPU/8 GPU/9 GPU/13 GPU/12 GPU/14 GPU/15 GPU/11 GPU/10 NET/1
nid005005:93047:93047 [2] NCCL INFO  2 : NET/2 GPU/13 GPU/12 GPU/10 GPU/11 GPU/9 GPU/8 GPU/14 GPU/15 NET/3
nid005005:93047:93047 [2] NCCL INFO  3 : NET/3 GPU/15 GPU/14 GPU/8 GPU/9 GPU/11 GPU/10 GPU/12 GPU/13 NET/2
nid005005:93047:93047 [2] NCCL INFO  4 : NET/1 GPU/10 GPU/11 GPU/15 GPU/14 GPU/12 GPU/13 GPU/9 GPU/8 NET/0
nid005005:93047:93047 [2] NCCL INFO  5 : NET/0 GPU/8 GPU/9 GPU/13 GPU/12 GPU/14 GPU/15 GPU/11 GPU/10 NET/1
nid005005:93047:93047 [2] NCCL INFO  6 : NET/2 GPU/13 GPU/12 GPU/10 GPU/11 GPU/9 GPU/8 GPU/14 GPU/15 NET/3
nid005005:93047:93047 [2] NCCL INFO  7 : NET/3 GPU/15 GPU/14 GPU/8 GPU/9 GPU/11 GPU/10 GPU/12 GPU/13 NET/2
nid005001:57745:57745 [5] NCCL INFO Found matching Rome model index 36 with GPU mapping: 0 1 2 3 4 5 6 7 NET mapping: 0 1 2 3 
nid005001:57745:57745 [5] NCCL INFO Pattern 4, crossNic 0, nChannels 8, bw 31.500000/31.500000, type XGMI/PIX, sameChannels 1
nid005001:57745:57745 [5] NCCL INFO  0 : NET/0 GPU/0 GPU/1 GPU/5 GPU/4 GPU/6 GPU/7 GPU/3 GPU/2 NET/1
nid005001:57745:57745 [5] NCCL INFO  1 : NET/1 GPU/2 GPU/3 GPU/7 GPU/6 GPU/4 GPU/5 GPU/1 GPU/0 NET/0
nid005001:57745:57745 [5] NCCL INFO  2 : NET/3 GPU/7 GPU/6 GPU/0 GPU/1 GPU/3 GPU/2 GPU/4 GPU/5 NET/2
nid005001:57745:57745 [5] NCCL INFO  3 : NET/2 GPU/5 GPU/4 GPU/2 GPU/3 GPU/1 GPU/0 GPU/6 GPU/7 NET/3
nid005001:57745:57745 [5] NCCL INFO  4 : NET/0 GPU/0 GPU/1 GPU/5 GPU/4 GPU/6 GPU/7 GPU/3 GPU/2 NET/1
nid005001:57745:57745 [5] NCCL INFO  5 : NET/1 GPU/2 GPU/3 GPU/7 GPU/6 GPU/4 GPU/5 GPU/1 GPU/0 NET/0
nid005001:57745:57745 [5] NCCL INFO  6 : NET/3 GPU/7 GPU/6 GPU/0 GPU/1 GPU/3 GPU/2 GPU/4 GPU/5 NET/2
nid005001:57745:57745 [5] NCCL INFO  7 : NET/2 GPU/5 GPU/4 GPU/2 GPU/3 GPU/1 GPU/0 GPU/6 GPU/7 NET/3
nid005005:93050:93050 [3] NCCL INFO Found matching Rome model index 36 with GPU mapping: 0 1 2 3 4 5 6 7 NET mapping: 0 1 2 3 
nid005005:93050:93050 [3] NCCL INFO Pattern 4, crossNic 0, nChannels 8, bw 31.500000/31.500000, type XGMI/PIX, sameChannels 1
nid005005:93050:93050 [3] NCCL INFO  0 : NET/1 GPU/10 GPU/11 GPU/15 GPU/14 GPU/12 GPU/13 GPU/9 GPU/8 NET/0
nid005005:93050:93050 [3] NCCL INFO  1 : NET/0 GPU/8 GPU/9 GPU/13 GPU/12 GPU/14 GPU/15 GPU/11 GPU/10 NET/1
nid005005:93050:93050 [3] NCCL INFO  2 : NET/2 GPU/13 GPU/12 GPU/10 GPU/11 GPU/9 GPU/8 GPU/14 GPU/15 NET/3
nid005005:93050:93050 [3] NCCL INFO  3 : NET/3 GPU/15 GPU/14 GPU/8 GPU/9 GPU/11 GPU/10 GPU/12 GPU/13 NET/2
nid005005:93050:93050 [3] NCCL INFO  4 : NET/1 GPU/10 GPU/11 GPU/15 GPU/14 GPU/12 GPU/13 GPU/9 GPU/8 NET/0
nid005005:93050:93050 [3] NCCL INFO  5 : NET/0 GPU/8 GPU/9 GPU/13 GPU/12 GPU/14 GPU/15 GPU/11 GPU/10 NET/1
nid005005:93050:93050 [3] NCCL INFO  6 : NET/2 GPU/13 GPU/12 GPU/10 GPU/11 GPU/9 GPU/8 GPU/14 GPU/15 NET/3
nid005005:93050:93050 [3] NCCL INFO  7 : NET/3 GPU/15 GPU/14 GPU/8 GPU/9 GPU/11 GPU/10 GPU/12 GPU/13 NET/2
nid005005:93044:93044 [0] NCCL INFO Found matching Rome model index 36 with GPU mapping: 0 1 2 3 4 5 6 7 NET mapping: 0 1 2 3 
nid005005:93044:93044 [0] NCCL INFO Pattern 4, crossNic 0, nChannels 8, bw 31.500000/31.500000, type XGMI/PIX, sameChannels 1
nid005005:93044:93044 [0] NCCL INFO  0 : NET/1 GPU/10 GPU/11 GPU/15 GPU/14 GPU/12 GPU/13 GPU/9 GPU/8 NET/0
nid005005:93044:93044 [0] NCCL INFO  1 : NET/0 GPU/8 GPU/9 GPU/13 GPU/12 GPU/14 GPU/15 GPU/11 GPU/10 NET/1
nid005005:93044:93044 [0] NCCL INFO  2 : NET/2 GPU/13 GPU/12 GPU/10 GPU/11 GPU/9 GPU/8 GPU/14 GPU/15 NET/3
nid005005:93044:93044 [0] NCCL INFO  3 : NET/3 GPU/15 GPU/14 GPU/8 GPU/9 GPU/11 GPU/10 GPU/12 GPU/13 NET/2
nid005005:93044:93044 [0] NCCL INFO  4 : NET/1 GPU/10 GPU/11 GPU/15 GPU/14 GPU/12 GPU/13 GPU/9 GPU/8 NET/0
nid005005:93044:93044 [0] NCCL INFO  5 : NET/0 GPU/8 GPU/9 GPU/13 GPU/12 GPU/14 GPU/15 GPU/11 GPU/10 NET/1
nid005005:93044:93044 [0] NCCL INFO  6 : NET/2 GPU/13 GPU/12 GPU/10 GPU/11 GPU/9 GPU/8 GPU/14 GPU/15 NET/3
nid005005:93044:93044 [0] NCCL INFO  7 : NET/3 GPU/15 GPU/14 GPU/8 GPU/9 GPU/11 GPU/10 GPU/12 GPU/13 NET/2
nid005005:93051:93051 [7] NCCL INFO Found matching Rome model index 36 with GPU mapping: 0 1 2 3 4 5 6 7 NET mapping: 0 1 2 3 
nid005005:93051:93051 [7] NCCL INFO Pattern 4, crossNic 0, nChannels 8, bw 31.500000/31.500000, type XGMI/PIX, sameChannels 1
nid005005:93051:93051 [7] NCCL INFO  0 : NET/1 GPU/10 GPU/11 GPU/15 GPU/14 GPU/12 GPU/13 GPU/9 GPU/8 NET/0
nid005005:93051:93051 [7] NCCL INFO  1 : NET/0 GPU/8 GPU/9 GPU/13 GPU/12 GPU/14 GPU/15 GPU/11 GPU/10 NET/1
nid005005:93051:93051 [7] NCCL INFO  2 : NET/2 GPU/13 GPU/12 GPU/10 GPU/11 GPU/9 GPU/8 GPU/14 GPU/15 NET/3
nid005005:93051:93051 [7] NCCL INFO  3 : NET/3 GPU/15 GPU/14 GPU/8 GPU/9 GPU/11 GPU/10 GPU/12 GPU/13 NET/2
nid005005:93051:93051 [7] NCCL INFO  4 : NET/1 GPU/10 GPU/11 GPU/15 GPU/14 GPU/12 GPU/13 GPU/9 GPU/8 NET/0
nid005005:93051:93051 [7] NCCL INFO  5 : NET/0 GPU/8 GPU/9 GPU/13 GPU/12 GPU/14 GPU/15 GPU/11 GPU/10 NET/1
nid005005:93051:93051 [7] NCCL INFO  6 : NET/2 GPU/13 GPU/12 GPU/10 GPU/11 GPU/9 GPU/8 GPU/14 GPU/15 NET/3
nid005005:93051:93051 [7] NCCL INFO  7 : NET/3 GPU/15 GPU/14 GPU/8 GPU/9 GPU/11 GPU/10 GPU/12 GPU/13 NET/2
nid005005:93048:93048 [5] NCCL INFO Found matching Rome model index 36 with GPU mapping: 0 1 2 3 4 5 6 7 NET mapping: 0 1 2 3 
nid005005:93048:93048 [5] NCCL INFO Pattern 4, crossNic 0, nChannels 8, bw 31.500000/31.500000, type XGMI/PIX, sameChannels 1
nid005005:93048:93048 [5] NCCL INFO  0 : NET/1 GPU/10 GPU/11 GPU/15 GPU/14 GPU/12 GPU/13 GPU/9 GPU/8 NET/0
nid005005:93048:93048 [5] NCCL INFO  1 : NET/0 GPU/8 GPU/9 GPU/13 GPU/12 GPU/14 GPU/15 GPU/11 GPU/10 NET/1
nid005005:93045:93045 [1] NCCL INFO Found matching Rome model index 36 with GPU mapping: 0 1 2 3 4 5 6 7 NET mapping: 0 1 2 3 
nid005005:93045:93045 [1] NCCL INFO Pattern 4, crossNic 0, nChannels 8, bw 31.500000/31.500000, type XGMI/PIX, sameChannels 1
nid005005:93045:93045 [1] NCCL INFO  0 : NET/1 GPU/10 GPU/11 GPU/15 GPU/14 GPU/12 GPU/13 GPU/9 GPU/8 NET/0
nid005005:93045:93045 [1] NCCL INFO  1 : NET/0 GPU/8 GPU/9 GPU/13 GPU/12 GPU/14 GPU/15 GPU/11 GPU/10 NET/1
nid005005:93045:93045 [1] NCCL INFO  2 : NET/2 GPU/13 GPU/12 GPU/10 GPU/11 GPU/9 GPU/8 GPU/14 GPU/15 NET/3
nid005005:93045:93045 [1] NCCL INFO  3 : NET/3 GPU/15 GPU/14 GPU/8 GPU/9 GPU/11 GPU/10 GPU/12 GPU/13 NET/2
nid005005:93045:93045 [1] NCCL INFO  4 : NET/1 GPU/10 GPU/11 GPU/15 GPU/14 GPU/12 GPU/13 GPU/9 GPU/8 NET/0
nid005005:93045:93045 [1] NCCL INFO  5 : NET/0 GPU/8 GPU/9 GPU/13 GPU/12 GPU/14 GPU/15 GPU/11 GPU/10 NET/1
nid005005:93045:93045 [1] NCCL INFO  6 : NET/2 GPU/13 GPU/12 GPU/10 GPU/11 GPU/9 GPU/8 GPU/14 GPU/15 NET/3
nid005005:93045:93045 [1] NCCL INFO  7 : NET/3 GPU/15 GPU/14 GPU/8 GPU/9 GPU/11 GPU/10 GPU/12 GPU/13 NET/2
nid005005:93049:93049 [6] NCCL INFO Found matching Rome model index 36 with GPU mapping: 0 1 2 3 4 5 6 7 NET mapping: 0 1 2 3 
nid005005:93049:93049 [6] NCCL INFO Pattern 4, crossNic 0, nChannels 8, bw 31.500000/31.500000, type XGMI/PIX, sameChannels 1
nid005005:93049:93049 [6] NCCL INFO  0 : NET/1 GPU/10 GPU/11 GPU/15 GPU/14 GPU/12 GPU/13 GPU/9 GPU/8 NET/0
nid005005:93049:93049 [6] NCCL INFO  1 : NET/0 GPU/8 GPU/9 GPU/13 GPU/12 GPU/14 GPU/15 GPU/11 GPU/10 NET/1
nid005005:93049:93049 [6] NCCL INFO  2 : NET/2 GPU/13 GPU/12 GPU/10 GPU/11 GPU/9 GPU/8 GPU/14 GPU/15 NET/3
nid005005:93049:93049 [6] NCCL INFO  3 : NET/3 GPU/15 GPU/14 GPU/8 GPU/9 GPU/11 GPU/10 GPU/12 GPU/13 NET/2
nid005005:93049:93049 [6] NCCL INFO  4 : NET/1 GPU/10 GPU/11 GPU/15 GPU/14 GPU/12 GPU/13 GPU/9 GPU/8 NET/0
nid005005:93049:93049 [6] NCCL INFO  5 : NET/0 GPU/8 GPU/9 GPU/13 GPU/12 GPU/14 GPU/15 GPU/11 GPU/10 NET/1
nid005005:93049:93049 [6] NCCL INFO  6 : NET/2 GPU/13 GPU/12 GPU/10 GPU/11 GPU/9 GPU/8 GPU/14 GPU/15 NET/3
nid005005:93049:93049 [6] NCCL INFO  7 : NET/3 GPU/15 GPU/14 GPU/8 GPU/9 GPU/11 GPU/10 GPU/12 GPU/13 NET/2
nid005005:93046:93046 [4] NCCL INFO Found matching Rome model index 36 with GPU mapping: 0 1 2 3 4 5 6 7 NET mapping: 0 1 2 3 
nid005005:93046:93046 [4] NCCL INFO Pattern 4, crossNic 0, nChannels 8, bw 31.500000/31.500000, type XGMI/PIX, sameChannels 1
nid005005:93046:93046 [4] NCCL INFO  0 : NET/1 GPU/10 GPU/11 GPU/15 GPU/14 GPU/12 GPU/13 GPU/9 GPU/8 NET/0
nid005005:93046:93046 [4] NCCL INFO  1 : NET/0 GPU/8 GPU/9 GPU/13 GPU/12 GPU/14 GPU/15 GPU/11 GPU/10 NET/1
nid005005:93046:93046 [4] NCCL INFO  2 : NET/2 GPU/13 GPU/12 GPU/10 GPU/11 GPU/9 GPU/8 GPU/14 GPU/15 NET/3
nid005005:93046:93046 [4] NCCL INFO  3 : NET/3 GPU/15 GPU/14 GPU/8 GPU/9 GPU/11 GPU/10 GPU/12 GPU/13 NET/2
nid005005:93046:93046 [4] NCCL INFO  4 : NET/1 GPU/10 GPU/11 GPU/15 GPU/14 GPU/12 GPU/13 GPU/9 GPU/8 NET/0
nid005005:93046:93046 [4] NCCL INFO  5 : NET/0 GPU/8 GPU/9 GPU/13 GPU/12 GPU/14 GPU/15 GPU/11 GPU/10 NET/1
nid005005:93046:93046 [4] NCCL INFO  6 : NET/2 GPU/13 GPU/12 GPU/10 GPU/11 GPU/9 GPU/8 GPU/14 GPU/15 NET/3
nid005005:93046:93046 [4] NCCL INFO  7 : NET/3 GPU/15 GPU/14 GPU/8 GPU/9 GPU/11 GPU/10 GPU/12 GPU/13 NET/2
nid005005:93048:93048 [5] NCCL INFO  2 : NET/2 GPU/13 GPU/12 GPU/10 GPU/11 GPU/9 GPU/8 GPU/14 GPU/15 NET/3
nid005005:93048:93048 [5] NCCL INFO  3 : NET/3 GPU/15 GPU/14 GPU/8 GPU/9 GPU/11 GPU/10 GPU/12 GPU/13 NET/2
nid005005:93048:93048 [5] NCCL INFO  4 : NET/1 GPU/10 GPU/11 GPU/15 GPU/14 GPU/12 GPU/13 GPU/9 GPU/8 NET/0
nid005005:93048:93048 [5] NCCL INFO  5 : NET/0 GPU/8 GPU/9 GPU/13 GPU/12 GPU/14 GPU/15 GPU/11 GPU/10 NET/1
nid005005:93048:93048 [5] NCCL INFO  6 : NET/2 GPU/13 GPU/12 GPU/10 GPU/11 GPU/9 GPU/8 GPU/14 GPU/15 NET/3
nid005005:93048:93048 [5] NCCL INFO  7 : NET/3 GPU/15 GPU/14 GPU/8 GPU/9 GPU/11 GPU/10 GPU/12 GPU/13 NET/2
nid005005:93047:93047 [2] NCCL INFO Found matching Rome model index 36 with GPU mapping: 0 1 2 3 4 5 6 7 NET mapping: 0 1 2 3 
nid005005:93047:93047 [2] NCCL INFO Pattern 1, crossNic 0, nChannels 8, bw 31.500000/31.500000, type XGMI/PIX, sameChannels 1
nid005005:93047:93047 [2] NCCL INFO  0 : NET/0 GPU/8 GPU/9 GPU/13 GPU/12 GPU/14 GPU/15 GPU/11 GPU/10 NET/1
nid005005:93047:93047 [2] NCCL INFO  1 : NET/1 GPU/10 GPU/11 GPU/15 GPU/14 GPU/12 GPU/13 GPU/9 GPU/8 NET/0
nid005005:93047:93047 [2] NCCL INFO  2 : NET/3 GPU/15 GPU/14 GPU/8 GPU/9 GPU/11 GPU/10 GPU/12 GPU/13 NET/2
nid005005:93047:93047 [2] NCCL INFO  3 : NET/2 GPU/13 GPU/12 GPU/10 GPU/11 GPU/9 GPU/8 GPU/14 GPU/15 NET/3
nid005005:93047:93047 [2] NCCL INFO  4 : NET/0 GPU/8 GPU/9 GPU/13 GPU/12 GPU/14 GPU/15 GPU/11 GPU/10 NET/1
nid005005:93047:93047 [2] NCCL INFO  5 : NET/1 GPU/10 GPU/11 GPU/15 GPU/14 GPU/12 GPU/13 GPU/9 GPU/8 NET/0
nid005005:93047:93047 [2] NCCL INFO  6 : NET/3 GPU/15 GPU/14 GPU/8 GPU/9 GPU/11 GPU/10 GPU/12 GPU/13 NET/2
nid005005:93047:93047 [2] NCCL INFO  7 : NET/2 GPU/13 GPU/12 GPU/10 GPU/11 GPU/9 GPU/8 GPU/14 GPU/15 NET/3
nid005001:57740:57740 [3] NCCL INFO Found matching Rome model index 36 with GPU mapping: 0 1 2 3 4 5 6 7 NET mapping: 0 1 2 3 
nid005001:57740:57740 [3] NCCL INFO Pattern 1, crossNic 0, nChannels 8, bw 31.500000/31.500000, type XGMI/PIX, sameChannels 1
nid005001:57740:57740 [3] NCCL INFO  0 : NET/0 GPU/0 GPU/1 GPU/5 GPU/4 GPU/6 GPU/7 GPU/3 GPU/2 NET/1
nid005001:57740:57740 [3] NCCL INFO  1 : NET/1 GPU/2 GPU/3 GPU/7 GPU/6 GPU/4 GPU/5 GPU/1 GPU/0 NET/0
nid005001:57740:57740 [3] NCCL INFO  2 : NET/3 GPU/7 GPU/6 GPU/0 GPU/1 GPU/3 GPU/2 GPU/4 GPU/5 NET/2
nid005001:57740:57740 [3] NCCL INFO  3 : NET/2 GPU/5 GPU/4 GPU/2 GPU/3 GPU/1 GPU/0 GPU/6 GPU/7 NET/3
nid005001:57740:57740 [3] NCCL INFO  4 : NET/0 GPU/0 GPU/1 GPU/5 GPU/4 GPU/6 GPU/7 GPU/3 GPU/2 NET/1
nid005001:57740:57740 [3] NCCL INFO  5 : NET/1 GPU/2 GPU/3 GPU/7 GPU/6 GPU/4 GPU/5 GPU/1 GPU/0 NET/0
nid005001:57740:57740 [3] NCCL INFO  6 : NET/3 GPU/7 GPU/6 GPU/0 GPU/1 GPU/3 GPU/2 GPU/4 GPU/5 NET/2
nid005001:57740:57740 [3] NCCL INFO  7 : NET/2 GPU/5 GPU/4 GPU/2 GPU/3 GPU/1 GPU/0 GPU/6 GPU/7 NET/3
nid005001:57741:57741 [1] NCCL INFO Found matching Rome model index 36 with GPU mapping: 0 1 2 3 4 5 6 7 NET mapping: 0 1 2 3 
nid005001:57741:57741 [1] NCCL INFO Pattern 1, crossNic 0, nChannels 8, bw 31.500000/31.500000, type XGMI/PIX, sameChannels 1
nid005001:57741:57741 [1] NCCL INFO  0 : NET/0 GPU/0 GPU/1 GPU/5 GPU/4 GPU/6 GPU/7 GPU/3 GPU/2 NET/1
nid005001:57741:57741 [1] NCCL INFO  1 : NET/1 GPU/2 GPU/3 GPU/7 GPU/6 GPU/4 GPU/5 GPU/1 GPU/0 NET/0
nid005001:57741:57741 [1] NCCL INFO  2 : NET/3 GPU/7 GPU/6 GPU/0 GPU/1 GPU/3 GPU/2 GPU/4 GPU/5 NET/2
nid005001:57741:57741 [1] NCCL INFO  3 : NET/2 GPU/5 GPU/4 GPU/2 GPU/3 GPU/1 GPU/0 GPU/6 GPU/7 NET/3
nid005001:57741:57741 [1] NCCL INFO  4 : NET/0 GPU/0 GPU/1 GPU/5 GPU/4 GPU/6 GPU/7 GPU/3 GPU/2 NET/1
nid005001:57741:57741 [1] NCCL INFO  5 : NET/1 GPU/2 GPU/3 GPU/7 GPU/6 GPU/4 GPU/5 GPU/1 GPU/0 NET/0
nid005001:57741:57741 [1] NCCL INFO  6 : NET/3 GPU/7 GPU/6 GPU/0 GPU/1 GPU/3 GPU/2 GPU/4 GPU/5 NET/2
nid005001:57741:57741 [1] NCCL INFO  7 : NET/2 GPU/5 GPU/4 GPU/2 GPU/3 GPU/1 GPU/0 GPU/6 GPU/7 NET/3
nid005001:57739:57739 [2] NCCL INFO Found matching Rome model index 36 with GPU mapping: 0 1 2 3 4 5 6 7 NET mapping: 0 1 2 3 
nid005001:57739:57739 [2] NCCL INFO Pattern 1, crossNic 0, nChannels 8, bw 31.500000/31.500000, type XGMI/PIX, sameChannels 1
nid005001:57739:57739 [2] NCCL INFO  0 : NET/0 GPU/0 GPU/1 GPU/5 GPU/4 GPU/6 GPU/7 GPU/3 GPU/2 NET/1
nid005001:57739:57739 [2] NCCL INFO  1 : NET/1 GPU/2 GPU/3 GPU/7 GPU/6 GPU/4 GPU/5 GPU/1 GPU/0 NET/0
nid005001:57739:57739 [2] NCCL INFO  2 : NET/3 GPU/7 GPU/6 GPU/0 GPU/1 GPU/3 GPU/2 GPU/4 GPU/5 NET/2
nid005001:57739:57739 [2] NCCL INFO  3 : NET/2 GPU/5 GPU/4 GPU/2 GPU/3 GPU/1 GPU/0 GPU/6 GPU/7 NET/3
nid005001:57739:57739 [2] NCCL INFO  4 : NET/0 GPU/0 GPU/1 GPU/5 GPU/4 GPU/6 GPU/7 GPU/3 GPU/2 NET/1
nid005001:57739:57739 [2] NCCL INFO  5 : NET/1 GPU/2 GPU/3 GPU/7 GPU/6 GPU/4 GPU/5 GPU/1 GPU/0 NET/0
nid005001:57739:57739 [2] NCCL INFO  6 : NET/3 GPU/7 GPU/6 GPU/0 GPU/1 GPU/3 GPU/2 GPU/4 GPU/5 NET/2
nid005001:57739:57739 [2] NCCL INFO  7 : NET/2 GPU/5 GPU/4 GPU/2 GPU/3 GPU/1 GPU/0 GPU/6 GPU/7 NET/3
nid005001:57742:57742 [4] NCCL INFO Found matching Rome model index 36 with GPU mapping: 0 1 2 3 4 5 6 7 NET mapping: 0 1 2 3 
nid005001:57742:57742 [4] NCCL INFO Pattern 1, crossNic 0, nChannels 8, bw 31.500000/31.500000, type XGMI/PIX, sameChannels 1
nid005001:57742:57742 [4] NCCL INFO  0 : NET/0 GPU/0 GPU/1 GPU/5 GPU/4 GPU/6 GPU/7 GPU/3 GPU/2 NET/1
nid005001:57742:57742 [4] NCCL INFO  1 : NET/1 GPU/2 GPU/3 GPU/7 GPU/6 GPU/4 GPU/5 GPU/1 GPU/0 NET/0
nid005001:57742:57742 [4] NCCL INFO  2 : NET/3 GPU/7 GPU/6 GPU/0 GPU/1 GPU/3 GPU/2 GPU/4 GPU/5 NET/2
nid005001:57742:57742 [4] NCCL INFO  3 : NET/2 GPU/5 GPU/4 GPU/2 GPU/3 GPU/1 GPU/0 GPU/6 GPU/7 NET/3
nid005001:57742:57742 [4] NCCL INFO  4 : NET/0 GPU/0 GPU/1 GPU/5 GPU/4 GPU/6 GPU/7 GPU/3 GPU/2 NET/1
nid005001:57742:57742 [4] NCCL INFO  5 : NET/1 GPU/2 GPU/3 GPU/7 GPU/6 GPU/4 GPU/5 GPU/1 GPU/0 NET/0
nid005001:57742:57742 [4] NCCL INFO  6 : NET/3 GPU/7 GPU/6 GPU/0 GPU/1 GPU/3 GPU/2 GPU/4 GPU/5 NET/2
nid005001:57742:57742 [4] NCCL INFO  7 : NET/2 GPU/5 GPU/4 GPU/2 GPU/3 GPU/1 GPU/0 GPU/6 GPU/7 NET/3
nid005001:57745:57745 [5] NCCL INFO Found matching Rome model index 36 with GPU mapping: 0 1 2 3 4 5 6 7 NET mapping: 0 1 2 3 
nid005001:57745:57745 [5] NCCL INFO Pattern 1, crossNic 0, nChannels 8, bw 31.500000/31.500000, type XGMI/PIX, sameChannels 1
nid005001:57745:57745 [5] NCCL INFO  0 : NET/0 GPU/0 GPU/1 GPU/5 GPU/4 GPU/6 GPU/7 GPU/3 GPU/2 NET/1
nid005001:57745:57745 [5] NCCL INFO  1 : NET/1 GPU/2 GPU/3 GPU/7 GPU/6 GPU/4 GPU/5 GPU/1 GPU/0 NET/0
nid005001:57745:57745 [5] NCCL INFO  2 : NET/3 GPU/7 GPU/6 GPU/0 GPU/1 GPU/3 GPU/2 GPU/4 GPU/5 NET/2
nid005001:57745:57745 [5] NCCL INFO  3 : NET/2 GPU/5 GPU/4 GPU/2 GPU/3 GPU/1 GPU/0 GPU/6 GPU/7 NET/3
nid005001:57745:57745 [5] NCCL INFO  4 : NET/0 GPU/0 GPU/1 GPU/5 GPU/4 GPU/6 GPU/7 GPU/3 GPU/2 NET/1
nid005001:57745:57745 [5] NCCL INFO  5 : NET/1 GPU/2 GPU/3 GPU/7 GPU/6 GPU/4 GPU/5 GPU/1 GPU/0 NET/0
nid005001:57745:57745 [5] NCCL INFO  6 : NET/3 GPU/7 GPU/6 GPU/0 GPU/1 GPU/3 GPU/2 GPU/4 GPU/5 NET/2
nid005001:57745:57745 [5] NCCL INFO  7 : NET/2 GPU/5 GPU/4 GPU/2 GPU/3 GPU/1 GPU/0 GPU/6 GPU/7 NET/3
nid005005:93050:93050 [3] NCCL INFO Found matching Rome model index 36 with GPU mapping: 0 1 2 3 4 5 6 7 NET mapping: 0 1 2 3 
nid005005:93050:93050 [3] NCCL INFO Pattern 1, crossNic 0, nChannels 8, bw 31.500000/31.500000, type XGMI/PIX, sameChannels 1
nid005005:93050:93050 [3] NCCL INFO  0 : NET/0 GPU/8 GPU/9 GPU/13 GPU/12 GPU/14 GPU/15 GPU/11 GPU/10 NET/1
nid005005:93050:93050 [3] NCCL INFO  1 : NET/1 GPU/10 GPU/11 GPU/15 GPU/14 GPU/12 GPU/13 GPU/9 GPU/8 NET/0
nid005005:93050:93050 [3] NCCL INFO  2 : NET/3 GPU/15 GPU/14 GPU/8 GPU/9 GPU/11 GPU/10 GPU/12 GPU/13 NET/2
nid005005:93050:93050 [3] NCCL INFO  3 : NET/2 GPU/13 GPU/12 GPU/10 GPU/11 GPU/9 GPU/8 GPU/14 GPU/15 NET/3
nid005005:93050:93050 [3] NCCL INFO  4 : NET/0 GPU/8 GPU/9 GPU/13 GPU/12 GPU/14 GPU/15 GPU/11 GPU/10 NET/1
nid005005:93050:93050 [3] NCCL INFO  5 : NET/1 GPU/10 GPU/11 GPU/15 GPU/14 GPU/12 GPU/13 GPU/9 GPU/8 NET/0
nid005005:93050:93050 [3] NCCL INFO  6 : NET/3 GPU/15 GPU/14 GPU/8 GPU/9 GPU/11 GPU/10 GPU/12 GPU/13 NET/2
nid005005:93050:93050 [3] NCCL INFO  7 : NET/2 GPU/13 GPU/12 GPU/10 GPU/11 GPU/9 GPU/8 GPU/14 GPU/15 NET/3
nid005005:93044:93044 [0] NCCL INFO Found matching Rome model index 36 with GPU mapping: 0 1 2 3 4 5 6 7 NET mapping: 0 1 2 3 
nid005005:93044:93044 [0] NCCL INFO Pattern 1, crossNic 0, nChannels 8, bw 31.500000/31.500000, type XGMI/PIX, sameChannels 1
nid005005:93044:93044 [0] NCCL INFO  0 : NET/0 GPU/8 GPU/9 GPU/13 GPU/12 GPU/14 GPU/15 GPU/11 GPU/10 NET/1
nid005005:93044:93044 [0] NCCL INFO  1 : NET/1 GPU/10 GPU/11 GPU/15 GPU/14 GPU/12 GPU/13 GPU/9 GPU/8 NET/0
nid005005:93044:93044 [0] NCCL INFO  2 : NET/3 GPU/15 GPU/14 GPU/8 GPU/9 GPU/11 GPU/10 GPU/12 GPU/13 NET/2
nid005005:93044:93044 [0] NCCL INFO  3 : NET/2 GPU/13 GPU/12 GPU/10 GPU/11 GPU/9 GPU/8 GPU/14 GPU/15 NET/3
nid005005:93044:93044 [0] NCCL INFO  4 : NET/0 GPU/8 GPU/9 GPU/13 GPU/12 GPU/14 GPU/15 GPU/11 GPU/10 NET/1
nid005005:93044:93044 [0] NCCL INFO  5 : NET/1 GPU/10 GPU/11 GPU/15 GPU/14 GPU/12 GPU/13 GPU/9 GPU/8 NET/0
nid005005:93044:93044 [0] NCCL INFO  6 : NET/3 GPU/15 GPU/14 GPU/8 GPU/9 GPU/11 GPU/10 GPU/12 GPU/13 NET/2
nid005005:93044:93044 [0] NCCL INFO  7 : NET/2 GPU/13 GPU/12 GPU/10 GPU/11 GPU/9 GPU/8 GPU/14 GPU/15 NET/3
nid005005:93051:93051 [7] NCCL INFO Found matching Rome model index 36 with GPU mapping: 0 1 2 3 4 5 6 7 NET mapping: 0 1 2 3 
nid005005:93051:93051 [7] NCCL INFO Pattern 1, crossNic 0, nChannels 8, bw 31.500000/31.500000, type XGMI/PIX, sameChannels 1
nid005005:93051:93051 [7] NCCL INFO  0 : NET/0 GPU/8 GPU/9 GPU/13 GPU/12 GPU/14 GPU/15 GPU/11 GPU/10 NET/1
nid005005:93051:93051 [7] NCCL INFO  1 : NET/1 GPU/10 GPU/11 GPU/15 GPU/14 GPU/12 GPU/13 GPU/9 GPU/8 NET/0
nid005005:93051:93051 [7] NCCL INFO  2 : NET/3 GPU/15 GPU/14 GPU/8 GPU/9 GPU/11 GPU/10 GPU/12 GPU/13 NET/2
nid005005:93051:93051 [7] NCCL INFO  3 : NET/2 GPU/13 GPU/12 GPU/10 GPU/11 GPU/9 GPU/8 GPU/14 GPU/15 NET/3
nid005005:93051:93051 [7] NCCL INFO  4 : NET/0 GPU/8 GPU/9 GPU/13 GPU/12 GPU/14 GPU/15 GPU/11 GPU/10 NET/1
nid005005:93051:93051 [7] NCCL INFO  5 : NET/1 GPU/10 GPU/11 GPU/15 GPU/14 GPU/12 GPU/13 GPU/9 GPU/8 NET/0
nid005005:93051:93051 [7] NCCL INFO  6 : NET/3 GPU/15 GPU/14 GPU/8 GPU/9 GPU/11 GPU/10 GPU/12 GPU/13 NET/2
nid005005:93051:93051 [7] NCCL INFO  7 : NET/2 GPU/13 GPU/12 GPU/10 GPU/11 GPU/9 GPU/8 GPU/14 GPU/15 NET/3
nid005005:93045:93045 [1] NCCL INFO Found matching Rome model index 36 with GPU mapping: 0 1 2 3 4 5 6 7 NET mapping: 0 1 2 3 
nid005005:93045:93045 [1] NCCL INFO Pattern 1, crossNic 0, nChannels 8, bw 31.500000/31.500000, type XGMI/PIX, sameChannels 1
nid005005:93045:93045 [1] NCCL INFO  0 : NET/0 GPU/8 GPU/9 GPU/13 GPU/12 GPU/14 GPU/15 GPU/11 GPU/10 NET/1
nid005005:93045:93045 [1] NCCL INFO  1 : NET/1 GPU/10 GPU/11 GPU/15 GPU/14 GPU/12 GPU/13 GPU/9 GPU/8 NET/0
nid005005:93045:93045 [1] NCCL INFO  2 : NET/3 GPU/15 GPU/14 GPU/8 GPU/9 GPU/11 GPU/10 GPU/12 GPU/13 NET/2
nid005005:93045:93045 [1] NCCL INFO  3 : NET/2 GPU/13 GPU/12 GPU/10 GPU/11 GPU/9 GPU/8 GPU/14 GPU/15 NET/3
nid005005:93045:93045 [1] NCCL INFO  4 : NET/0 GPU/8 GPU/9 GPU/13 GPU/12 GPU/14 GPU/15 GPU/11 GPU/10 NET/1
nid005005:93045:93045 [1] NCCL INFO  5 : NET/1 GPU/10 GPU/11 GPU/15 GPU/14 GPU/12 GPU/13 GPU/9 GPU/8 NET/0
nid005005:93045:93045 [1] NCCL INFO  6 : NET/3 GPU/15 GPU/14 GPU/8 GPU/9 GPU/11 GPU/10 GPU/12 GPU/13 NET/2
nid005005:93045:93045 [1] NCCL INFO  7 : NET/2 GPU/13 GPU/12 GPU/10 GPU/11 GPU/9 GPU/8 GPU/14 GPU/15 NET/3
nid005005:93049:93049 [6] NCCL INFO Found matching Rome model index 36 with GPU mapping: 0 1 2 3 4 5 6 7 NET mapping: 0 1 2 3 
nid005005:93049:93049 [6] NCCL INFO Pattern 1, crossNic 0, nChannels 8, bw 31.500000/31.500000, type XGMI/PIX, sameChannels 1
nid005005:93049:93049 [6] NCCL INFO  0 : NET/0 GPU/8 GPU/9 GPU/13 GPU/12 GPU/14 GPU/15 GPU/11 GPU/10 NET/1
nid005005:93048:93048 [5] NCCL INFO Found matching Rome model index 36 with GPU mapping: 0 1 2 3 4 5 6 7 NET mapping: 0 1 2 3 
nid005005:93048:93048 [5] NCCL INFO Pattern 1, crossNic 0, nChannels 8, bw 31.500000/31.500000, type XGMI/PIX, sameChannels 1
nid005005:93048:93048 [5] NCCL INFO  0 : NET/0 GPU/8 GPU/9 GPU/13 GPU/12 GPU/14 GPU/15 GPU/11 GPU/10 NET/1
nid005005:93048:93048 [5] NCCL INFO  1 : NET/1 GPU/10 GPU/11 GPU/15 GPU/14 GPU/12 GPU/13 GPU/9 GPU/8 NET/0
nid005005:93048:93048 [5] NCCL INFO  2 : NET/3 GPU/15 GPU/14 GPU/8 GPU/9 GPU/11 GPU/10 GPU/12 GPU/13 NET/2
nid005005:93048:93048 [5] NCCL INFO  3 : NET/2 GPU/13 GPU/12 GPU/10 GPU/11 GPU/9 GPU/8 GPU/14 GPU/15 NET/3
nid005005:93048:93048 [5] NCCL INFO  4 : NET/0 GPU/8 GPU/9 GPU/13 GPU/12 GPU/14 GPU/15 GPU/11 GPU/10 NET/1
nid005005:93048:93048 [5] NCCL INFO  5 : NET/1 GPU/10 GPU/11 GPU/15 GPU/14 GPU/12 GPU/13 GPU/9 GPU/8 NET/0
nid005005:93048:93048 [5] NCCL INFO  6 : NET/3 GPU/15 GPU/14 GPU/8 GPU/9 GPU/11 GPU/10 GPU/12 GPU/13 NET/2
nid005005:93048:93048 [5] NCCL INFO  7 : NET/2 GPU/13 GPU/12 GPU/10 GPU/11 GPU/9 GPU/8 GPU/14 GPU/15 NET/3
nid005005:93049:93049 [6] NCCL INFO  1 : NET/1 GPU/10 GPU/11 GPU/15 GPU/14 GPU/12 GPU/13 GPU/9 GPU/8 NET/0
nid005005:93049:93049 [6] NCCL INFO  2 : NET/3 GPU/15 GPU/14 GPU/8 GPU/9 GPU/11 GPU/10 GPU/12 GPU/13 NET/2
nid005005:93049:93049 [6] NCCL INFO  3 : NET/2 GPU/13 GPU/12 GPU/10 GPU/11 GPU/9 GPU/8 GPU/14 GPU/15 NET/3
nid005005:93049:93049 [6] NCCL INFO  4 : NET/0 GPU/8 GPU/9 GPU/13 GPU/12 GPU/14 GPU/15 GPU/11 GPU/10 NET/1
nid005005:93049:93049 [6] NCCL INFO  5 : NET/1 GPU/10 GPU/11 GPU/15 GPU/14 GPU/12 GPU/13 GPU/9 GPU/8 NET/0
nid005005:93049:93049 [6] NCCL INFO  6 : NET/3 GPU/15 GPU/14 GPU/8 GPU/9 GPU/11 GPU/10 GPU/12 GPU/13 NET/2
nid005005:93049:93049 [6] NCCL INFO  7 : NET/2 GPU/13 GPU/12 GPU/10 GPU/11 GPU/9 GPU/8 GPU/14 GPU/15 NET/3
nid005005:93046:93046 [4] NCCL INFO Found matching Rome model index 36 with GPU mapping: 0 1 2 3 4 5 6 7 NET mapping: 0 1 2 3 
nid005005:93046:93046 [4] NCCL INFO Pattern 1, crossNic 0, nChannels 8, bw 31.500000/31.500000, type XGMI/PIX, sameChannels 1
nid005005:93046:93046 [4] NCCL INFO  0 : NET/0 GPU/8 GPU/9 GPU/13 GPU/12 GPU/14 GPU/15 GPU/11 GPU/10 NET/1
nid005005:93046:93046 [4] NCCL INFO  1 : NET/1 GPU/10 GPU/11 GPU/15 GPU/14 GPU/12 GPU/13 GPU/9 GPU/8 NET/0
nid005005:93046:93046 [4] NCCL INFO  2 : NET/3 GPU/15 GPU/14 GPU/8 GPU/9 GPU/11 GPU/10 GPU/12 GPU/13 NET/2
nid005005:93046:93046 [4] NCCL INFO  3 : NET/2 GPU/13 GPU/12 GPU/10 GPU/11 GPU/9 GPU/8 GPU/14 GPU/15 NET/3
nid005005:93046:93046 [4] NCCL INFO  4 : NET/0 GPU/8 GPU/9 GPU/13 GPU/12 GPU/14 GPU/15 GPU/11 GPU/10 NET/1
nid005005:93046:93046 [4] NCCL INFO  5 : NET/1 GPU/10 GPU/11 GPU/15 GPU/14 GPU/12 GPU/13 GPU/9 GPU/8 NET/0
nid005005:93046:93046 [4] NCCL INFO  6 : NET/3 GPU/15 GPU/14 GPU/8 GPU/9 GPU/11 GPU/10 GPU/12 GPU/13 NET/2
nid005005:93046:93046 [4] NCCL INFO  7 : NET/2 GPU/13 GPU/12 GPU/10 GPU/11 GPU/9 GPU/8 GPU/14 GPU/15 NET/3
nid005001:57743:57743 [7] NCCL INFO NCCL_NET_GDR_LEVEL set by environment to PHB
nid005001:57743:57743 [7] NCCL INFO GPU Direct RDMA Enabled for GPU c1000 / HCA 0 (distance 6 <= 6), read 1
nid005001:57743:57743 [7] NCCL INFO GPU Direct RDMA Enabled for GPU c6000 / HCA 0 (distance 6 <= 6), read 1
nid005001:57743:57743 [7] NCCL INFO GPU Direct RDMA Enabled for GPU c9000 / HCA 1 (distance 6 <= 6), read 1
nid005001:57743:57743 [7] NCCL INFO GPU Direct RDMA Enabled for GPU ce000 / HCA 1 (distance 6 <= 6), read 1
nid005001:57743:57743 [7] NCCL INFO GPU Direct RDMA Enabled for GPU d1000 / HCA 2 (distance 6 <= 6), read 1
nid005001:57743:57743 [7] NCCL INFO GPU Direct RDMA Enabled for GPU d6000 / HCA 2 (distance 6 <= 6), read 1
nid005001:57743:57743 [7] NCCL INFO GPU Direct RDMA Enabled for GPU d9000 / HCA 3 (distance 6 <= 6), read 1
nid005001:57743:57743 [7] NCCL INFO GPU Direct RDMA Enabled for GPU de000 / HCA 3 (distance 6 <= 6), read 1
nid005001:57743:57743 [7] NCCL INFO === System : maxBw 24.0 totalBw 252.0 ===
nid005001:57743:57743 [7] NCCL INFO CPU/0-3 (1/2/4)
nid005001:57743:57743 [7] NCCL INFO + PCI[24.0] - GPU/0-c1000 (0)
nid005001:57743:57743 [7] NCCL INFO               + XGMI[144.0] - GPU/C6000
nid005001:57743:57743 [7] NCCL INFO               + XGMI[72.0] - GPU/D9000
nid005001:57743:57743 [7] NCCL INFO               + XGMI[36.0] - GPU/C9000
nid005001:57743:57743 [7] NCCL INFO + PCI[24.0] - NIC/0-c5000
nid005001:57743:57743 [7] NCCL INFO               + NET[25.0] - NET/0 (a78180b00/1/25.000000)
nid005001:57743:57743 [7] NCCL INFO + PCI[24.0] - GPU/0-c6000 (1)
nid005001:57743:57743 [7] NCCL INFO               + XGMI[144.0] - GPU/C1000
nid005001:57743:57743 [7] NCCL INFO               + XGMI[36.0] - GPU/CE000
nid005001:57743:57743 [7] NCCL INFO               + XGMI[36.0] - GPU/D6000
nid005001:57743:57743 [7] NCCL INFO + SYS[16.0] - CPU/1
nid005001:57743:57743 [7] NCCL INFO + SYS[16.0] - CPU/0
nid005001:57743:57743 [7] NCCL INFO + SYS[16.0] - CPU/2
nid005001:57743:57743 [7] NCCL INFO CPU/0-1 (1/2/4)
nid005001:57743:57743 [7] NCCL INFO + PCI[24.0] - NIC/0-cd000
nid005001:57743:57743 [7] NCCL INFO               + NET[25.0] - NET/1 (a78180b01/1/25.000000)
nid005001:57743:57743 [7] NCCL INFO + PCI[24.0] - GPU/0-c9000 (2)
nid005001:57743:57743 [7] NCCL INFO               + XGMI[144.0] - GPU/CE000
nid005001:57743:57743 [7] NCCL INFO               + XGMI[72.0] - GPU/D1000
nid005001:57743:57743 [7] NCCL INFO               + XGMI[36.0] - GPU/C1000
nid005001:57743:57743 [7] NCCL INFO + PCI[24.0] - GPU/0-ce000 (3)
nid005001:57743:57743 [7] NCCL INFO               + XGMI[144.0] - GPU/C9000
nid005001:57743:57743 [7] NCCL INFO               + XGMI[36.0] - GPU/C6000
nid005001:57743:57743 [7] NCCL INFO               + XGMI[36.0] - GPU/DE000
nid005001:57743:57743 [7] NCCL INFO + SYS[16.0] - CPU/3
nid005001:57743:57743 [7] NCCL INFO + SYS[16.0] - CPU/0
nid005001:57743:57743 [7] NCCL INFO + SYS[16.0] - CPU/2
nid005001:57743:57743 [7] NCCL INFO CPU/0-0 (1/2/4)
nid005001:57743:57743 [7] NCCL INFO + PCI[24.0] - NIC/0-d5000
nid005001:57743:57743 [7] NCCL INFO               + NET[25.0] - NET/2 (a78180b02/1/25.000000)
nid005001:57743:57743 [7] NCCL INFO + PCI[24.0] - GPU/0-d1000 (4)
nid005001:57743:57743 [7] NCCL INFO               + XGMI[144.0] - GPU/D6000
nid005001:57743:57743 [7] NCCL INFO               + XGMI[72.0] - GPU/C9000
nid005001:57743:57743 [7] NCCL INFO               + XGMI[36.0] - GPU/D9000
nid005001:57743:57743 [7] NCCL INFO + PCI[24.0] - GPU/0-d6000 (5)
nid005001:57743:57743 [7] NCCL INFO               + XGMI[144.0] - GPU/D1000
nid005001:57743:57743 [7] NCCL INFO               + XGMI[36.0] - GPU/C6000
nid005001:57743:57743 [7] NCCL INFO               + XGMI[36.0] - GPU/DE000
nid005001:57743:57743 [7] NCCL INFO + SYS[16.0] - CPU/3
nid005001:57743:57743 [7] NCCL INFO + SYS[16.0] - CPU/1
nid005001:57743:57743 [7] NCCL INFO + SYS[16.0] - CPU/2
nid005001:57743:57743 [7] NCCL INFO CPU/0-2 (1/2/4)
nid005001:57743:57743 [7] NCCL INFO + PCI[24.0] - NIC/0-dd000
nid005001:57743:57743 [7] NCCL INFO               + NET[25.0] - NET/3 (a78180b03/1/25.000000)
nid005001:57743:57743 [7] NCCL INFO + PCI[24.0] - GPU/0-d9000 (6)
nid005001:57743:57743 [7] NCCL INFO               + XGMI[144.0] - GPU/DE000
nid005001:57743:57743 [7] NCCL INFO               + XGMI[72.0] - GPU/C1000
nid005001:57743:57743 [7] NCCL INFO               + XGMI[36.0] - GPU/D1000
nid005001:57743:57743 [7] NCCL INFO + PCI[24.0] - GPU/0-de000 (7)
nid005001:57743:57743 [7] NCCL INFO               + XGMI[144.0] - GPU/D9000
nid005001:57743:57743 [7] NCCL INFO               + XGMI[36.0] - GPU/CE000
nid005001:57743:57743 [7] NCCL INFO               + XGMI[36.0] - GPU/D6000
nid005001:57743:57743 [7] NCCL INFO + SYS[16.0] - CPU/3
nid005001:57743:57743 [7] NCCL INFO + SYS[16.0] - CPU/1
nid005001:57743:57743 [7] NCCL INFO + SYS[16.0] - CPU/0
nid005001:57743:57743 [7] NCCL INFO ==========================================
nid005001:57743:57743 [7] NCCL INFO GPU/C1000 :GPU/0-c1000 (0/5000.0/LOC) GPU/0-c6000 (1/144.0/XGMI) GPU/0-c9000 (1/36.0/XGMI) GPU/0-ce000 (3/16.0/SYS) GPU/0-d1000 (3/16.0/SYS) GPU/0-d6000 (3/16.0/SYS) GPU/0-d9000 (1/72.0/XGMI) GPU/0-de000 (3/16.0/SYS) CPU/0-3 (1/24.0/PHB) CPU/0-1 (2/16.0/SYS) CPU/0-0 (2/16.0/SYS) CPU/0-2 (2/16.0/SYS) NET/0-0 (3/24.0/PHB) NET/0-1 (4/16.0/SYS) NET/0-2 (4/16.0/SYS) NET/0-3 (4/16.0/SYS) 
nid005001:57743:57743 [7] NCCL INFO GPU/C6000 :GPU/0-c1000 (1/144.0/XGMI) GPU/0-c6000 (0/5000.0/LOC) GPU/0-c9000 (3/16.0/SYS) GPU/0-ce000 (1/36.0/XGMI) GPU/0-d1000 (3/16.0/SYS) GPU/0-d6000 (1/36.0/XGMI) GPU/0-d9000 (3/16.0/SYS) GPU/0-de000 (3/16.0/SYS) CPU/0-3 (1/24.0/PHB) CPU/0-1 (2/16.0/SYS) CPU/0-0 (2/16.0/SYS) CPU/0-2 (2/16.0/SYS) NET/0-0 (3/24.0/PHB) NET/0-1 (4/16.0/SYS) NET/0-2 (4/16.0/SYS) NET/0-3 (4/16.0/SYS) 
nid005001:57743:57743 [7] NCCL INFO GPU/C9000 :GPU/0-c1000 (1/36.0/XGMI) GPU/0-c6000 (3/16.0/SYS) GPU/0-c9000 (0/5000.0/LOC) GPU/0-ce000 (1/144.0/XGMI) GPU/0-d1000 (1/72.0/XGMI) GPU/0-d6000 (3/16.0/SYS) GPU/0-d9000 (3/16.0/SYS) GPU/0-de000 (3/16.0/SYS) CPU/0-3 (2/16.0/SYS) CPU/0-1 (1/24.0/PHB) CPU/0-0 (2/16.0/SYS) CPU/0-2 (2/16.0/SYS) NET/0-0 (4/16.0/SYS) NET/0-1 (3/24.0/PHB) NET/0-2 (4/16.0/SYS) NET/0-3 (4/16.0/SYS) 
nid005001:57743:57743 [7] NCCL INFO GPU/CE000 :GPU/0-c1000 (3/16.0/SYS) GPU/0-c6000 (1/36.0/XGMI) GPU/0-c9000 (1/144.0/XGMI) GPU/0-ce000 (0/5000.0/LOC) GPU/0-d1000 (3/16.0/SYS) GPU/0-d6000 (3/16.0/SYS) GPU/0-d9000 (3/16.0/SYS) GPU/0-de000 (1/36.0/XGMI) CPU/0-3 (2/16.0/SYS) CPU/0-1 (1/24.0/PHB) CPU/0-0 (2/16.0/SYS) CPU/0-2 (2/16.0/SYS) NET/0-0 (4/16.0/SYS) NET/0-1 (3/24.0/PHB) NET/0-2 (4/16.0/SYS) NET/0-3 (4/16.0/SYS) 
nid005001:57743:57743 [7] NCCL INFO GPU/D1000 :GPU/0-c1000 (3/16.0/SYS) GPU/0-c6000 (3/16.0/SYS) GPU/0-c9000 (1/72.0/XGMI) GPU/0-ce000 (3/16.0/SYS) GPU/0-d1000 (0/5000.0/LOC) GPU/0-d6000 (1/144.0/XGMI) GPU/0-d9000 (1/36.0/XGMI) GPU/0-de000 (3/16.0/SYS) CPU/0-3 (2/16.0/SYS) CPU/0-1 (2/16.0/SYS) CPU/0-0 (1/24.0/PHB) CPU/0-2 (2/16.0/SYS) NET/0-0 (4/16.0/SYS) NET/0-1 (4/16.0/SYS) NET/0-2 (3/24.0/PHB) NET/0-3 (4/16.0/SYS) 
nid005001:57743:57743 [7] NCCL INFO GPU/D6000 :GPU/0-c1000 (3/16.0/SYS) GPU/0-c6000 (1/36.0/XGMI) GPU/0-c9000 (3/16.0/SYS) GPU/0-ce000 (3/16.0/SYS) GPU/0-d1000 (1/144.0/XGMI) GPU/0-d6000 (0/5000.0/LOC) GPU/0-d9000 (3/16.0/SYS) GPU/0-de000 (1/36.0/XGMI) CPU/0-3 (2/16.0/SYS) CPU/0-1 (2/16.0/SYS) CPU/0-0 (1/24.0/PHB) CPU/0-2 (2/16.0/SYS) NET/0-0 (4/16.0/SYS) NET/0-1 (4/16.0/SYS) NET/0-2 (3/24.0/PHB) NET/0-3 (4/16.0/SYS) 
nid005001:57743:57743 [7] NCCL INFO GPU/D9000 :GPU/0-c1000 (1/72.0/XGMI) GPU/0-c6000 (3/16.0/SYS) GPU/0-c9000 (3/16.0/SYS) GPU/0-ce000 (3/16.0/SYS) GPU/0-d1000 (1/36.0/XGMI) GPU/0-d6000 (3/16.0/SYS) GPU/0-d9000 (0/5000.0/LOC) GPU/0-de000 (1/144.0/XGMI) CPU/0-3 (2/16.0/SYS) CPU/0-1 (2/16.0/SYS) CPU/0-0 (2/16.0/SYS) CPU/0-2 (1/24.0/PHB) NET/0-0 (4/16.0/SYS) NET/0-1 (4/16.0/SYS) NET/0-2 (4/16.0/SYS) NET/0-3 (3/24.0/PHB) 
nid005001:57743:57743 [7] NCCL INFO GPU/DE000 :GPU/0-c1000 (3/16.0/SYS) GPU/0-c6000 (3/16.0/SYS) GPU/0-c9000 (3/16.0/SYS) GPU/0-ce000 (1/36.0/XGMI) GPU/0-d1000 (3/16.0/SYS) GPU/0-d6000 (1/36.0/XGMI) GPU/0-d9000 (1/144.0/XGMI) GPU/0-de000 (0/5000.0/LOC) CPU/0-3 (2/16.0/SYS) CPU/0-1 (2/16.0/SYS) CPU/0-0 (2/16.0/SYS) CPU/0-2 (1/24.0/PHB) NET/0-0 (4/16.0/SYS) NET/0-1 (4/16.0/SYS) NET/0-2 (4/16.0/SYS) NET/0-3 (3/24.0/PHB) 
nid005001:57743:57743 [7] NCCL INFO NET/0 :GPU/0-c1000 (3/24.0/PHB) GPU/0-c6000 (3/24.0/PHB) GPU/0-c9000 (4/16.0/SYS) GPU/0-ce000 (4/16.0/SYS) GPU/0-d1000 (4/16.0/SYS) GPU/0-d6000 (4/16.0/SYS) GPU/0-d9000 (4/16.0/SYS) GPU/0-de000 (4/16.0/SYS) CPU/0-3 (2/24.0/PHB) CPU/0-1 (3/16.0/SYS) CPU/0-0 (3/16.0/SYS) CPU/0-2 (3/16.0/SYS) NET/0-0 (0/5000.0/LOC) NET/0-1 (5/16.0/SYS) NET/0-2 (5/16.0/SYS) NET/0-3 (5/16.0/SYS) 
nid005001:57743:57743 [7] NCCL INFO NET/1 :GPU/0-c1000 (4/16.0/SYS) GPU/0-c6000 (4/16.0/SYS) GPU/0-c9000 (3/24.0/PHB) GPU/0-ce000 (3/24.0/PHB) GPU/0-d1000 (4/16.0/SYS) GPU/0-d6000 (4/16.0/SYS) GPU/0-d9000 (4/16.0/SYS) GPU/0-de000 (4/16.0/SYS) CPU/0-3 (3/16.0/SYS) CPU/0-1 (2/24.0/PHB) CPU/0-0 (3/16.0/SYS) CPU/0-2 (3/16.0/SYS) NET/0-0 (5/16.0/SYS) NET/0-1 (0/5000.0/LOC) NET/0-2 (5/16.0/SYS) NET/0-3 (5/16.0/SYS) 
nid005001:57743:57743 [7] NCCL INFO NET/2 :GPU/0-c1000 (4/16.0/SYS) GPU/0-c6000 (4/16.0/SYS) GPU/0-c9000 (4/16.0/SYS) GPU/0-ce000 (4/16.0/SYS) GPU/0-d1000 (3/24.0/PHB) GPU/0-d6000 (3/24.0/PHB) GPU/0-d9000 (4/16.0/SYS) GPU/0-de000 (4/16.0/SYS) CPU/0-3 (3/16.0/SYS) CPU/0-1 (3/16.0/SYS) CPU/0-0 (2/24.0/PHB) CPU/0-2 (3/16.0/SYS) NET/0-0 (5/16.0/SYS) NET/0-1 (5/16.0/SYS) NET/0-2 (0/5000.0/LOC) NET/0-3 (5/16.0/SYS) 
nid005001:57743:57743 [7] NCCL INFO NET/3 :GPU/0-c1000 (4/16.0/SYS) GPU/0-c6000 (4/16.0/SYS) GPU/0-c9000 (4/16.0/SYS) GPU/0-ce000 (4/16.0/SYS) GPU/0-d1000 (4/16.0/SYS) GPU/0-d6000 (4/16.0/SYS) GPU/0-d9000 (3/24.0/PHB) GPU/0-de000 (3/24.0/PHB) CPU/0-3 (3/16.0/SYS) CPU/0-1 (3/16.0/SYS) CPU/0-0 (3/16.0/SYS) CPU/0-2 (2/24.0/PHB) NET/0-0 (5/16.0/SYS) NET/0-1 (5/16.0/SYS) NET/0-2 (5/16.0/SYS) NET/0-3 (0/5000.0/LOC) 
nid005001:57743:57743 [7] NCCL INFO Found matching Rome model index 36 with GPU mapping: 0 1 2 3 4 5 6 7 NET mapping: 0 1 2 3 
nid005001:57743:57743 [7] NCCL INFO Pattern 4, crossNic 0, nChannels 8, bw 31.500000/31.500000, type XGMI/PIX, sameChannels 1
nid005001:57743:57743 [7] NCCL INFO  0 : NET/0 GPU/0 GPU/1 GPU/5 GPU/4 GPU/6 GPU/7 GPU/3 GPU/2 NET/1
nid005001:57743:57743 [7] NCCL INFO  1 : NET/1 GPU/2 GPU/3 GPU/7 GPU/6 GPU/4 GPU/5 GPU/1 GPU/0 NET/0
nid005001:57743:57743 [7] NCCL INFO  2 : NET/3 GPU/7 GPU/6 GPU/0 GPU/1 GPU/3 GPU/2 GPU/4 GPU/5 NET/2
nid005001:57743:57743 [7] NCCL INFO  3 : NET/2 GPU/5 GPU/4 GPU/2 GPU/3 GPU/1 GPU/0 GPU/6 GPU/7 NET/3
nid005001:57743:57743 [7] NCCL INFO  4 : NET/0 GPU/0 GPU/1 GPU/5 GPU/4 GPU/6 GPU/7 GPU/3 GPU/2 NET/1
nid005001:57743:57743 [7] NCCL INFO  5 : NET/1 GPU/2 GPU/3 GPU/7 GPU/6 GPU/4 GPU/5 GPU/1 GPU/0 NET/0
nid005001:57743:57743 [7] NCCL INFO  6 : NET/3 GPU/7 GPU/6 GPU/0 GPU/1 GPU/3 GPU/2 GPU/4 GPU/5 NET/2
nid005001:57743:57743 [7] NCCL INFO  7 : NET/2 GPU/5 GPU/4 GPU/2 GPU/3 GPU/1 GPU/0 GPU/6 GPU/7 NET/3
nid005001:57743:57743 [7] NCCL INFO Found matching Rome model index 36 with GPU mapping: 0 1 2 3 4 5 6 7 NET mapping: 0 1 2 3 
nid005001:57743:57743 [7] NCCL INFO Pattern 1, crossNic 0, nChannels 8, bw 31.500000/31.500000, type XGMI/PIX, sameChannels 1
nid005001:57743:57743 [7] NCCL INFO  0 : NET/0 GPU/0 GPU/1 GPU/5 GPU/4 GPU/6 GPU/7 GPU/3 GPU/2 NET/1
nid005001:57743:57743 [7] NCCL INFO  1 : NET/1 GPU/2 GPU/3 GPU/7 GPU/6 GPU/4 GPU/5 GPU/1 GPU/0 NET/0
nid005001:57743:57743 [7] NCCL INFO  2 : NET/3 GPU/7 GPU/6 GPU/0 GPU/1 GPU/3 GPU/2 GPU/4 GPU/5 NET/2
nid005001:57743:57743 [7] NCCL INFO  3 : NET/2 GPU/5 GPU/4 GPU/2 GPU/3 GPU/1 GPU/0 GPU/6 GPU/7 NET/3
nid005001:57743:57743 [7] NCCL INFO  4 : NET/0 GPU/0 GPU/1 GPU/5 GPU/4 GPU/6 GPU/7 GPU/3 GPU/2 NET/1
nid005001:57743:57743 [7] NCCL INFO  5 : NET/1 GPU/2 GPU/3 GPU/7 GPU/6 GPU/4 GPU/5 GPU/1 GPU/0 NET/0
nid005001:57743:57743 [7] NCCL INFO  6 : NET/3 GPU/7 GPU/6 GPU/0 GPU/1 GPU/3 GPU/2 GPU/4 GPU/5 NET/2
nid005001:57743:57743 [7] NCCL INFO  7 : NET/2 GPU/5 GPU/4 GPU/2 GPU/3 GPU/1 GPU/0 GPU/6 GPU/7 NET/3
nid005001:57744:57744 [6] NCCL INFO NCCL_NET_GDR_LEVEL set by environment to PHB
nid005001:57744:57744 [6] NCCL INFO GPU Direct RDMA Enabled for GPU c1000 / HCA 0 (distance 6 <= 6), read 1
nid005001:57744:57744 [6] NCCL INFO GPU Direct RDMA Enabled for GPU c6000 / HCA 0 (distance 6 <= 6), read 1
nid005001:57744:57744 [6] NCCL INFO GPU Direct RDMA Enabled for GPU c9000 / HCA 1 (distance 6 <= 6), read 1
nid005001:57744:57744 [6] NCCL INFO GPU Direct RDMA Enabled for GPU ce000 / HCA 1 (distance 6 <= 6), read 1
nid005001:57744:57744 [6] NCCL INFO GPU Direct RDMA Enabled for GPU d1000 / HCA 2 (distance 6 <= 6), read 1
nid005001:57744:57744 [6] NCCL INFO GPU Direct RDMA Enabled for GPU d6000 / HCA 2 (distance 6 <= 6), read 1
nid005001:57744:57744 [6] NCCL INFO GPU Direct RDMA Enabled for GPU d9000 / HCA 3 (distance 6 <= 6), read 1
nid005001:57744:57744 [6] NCCL INFO GPU Direct RDMA Enabled for GPU de000 / HCA 3 (distance 6 <= 6), read 1
nid005001:57744:57744 [6] NCCL INFO === System : maxBw 24.0 totalBw 252.0 ===
nid005001:57744:57744 [6] NCCL INFO CPU/0-3 (1/2/4)
nid005001:57744:57744 [6] NCCL INFO + PCI[24.0] - GPU/0-c1000 (0)
nid005001:57744:57744 [6] NCCL INFO               + XGMI[144.0] - GPU/C6000
nid005001:57744:57744 [6] NCCL INFO               + XGMI[72.0] - GPU/D9000
nid005001:57744:57744 [6] NCCL INFO               + XGMI[36.0] - GPU/C9000
nid005001:57744:57744 [6] NCCL INFO + PCI[24.0] - NIC/0-c5000
nid005001:57744:57744 [6] NCCL INFO               + NET[25.0] - NET/0 (a78180b00/1/25.000000)
nid005001:57744:57744 [6] NCCL INFO + PCI[24.0] - GPU/0-c6000 (1)
nid005001:57744:57744 [6] NCCL INFO               + XGMI[144.0] - GPU/C1000
nid005001:57744:57744 [6] NCCL INFO               + XGMI[36.0] - GPU/CE000
nid005001:57744:57744 [6] NCCL INFO               + XGMI[36.0] - GPU/D6000
nid005001:57744:57744 [6] NCCL INFO + SYS[16.0] - CPU/1
nid005001:57744:57744 [6] NCCL INFO + SYS[16.0] - CPU/0
nid005001:57744:57744 [6] NCCL INFO + SYS[16.0] - CPU/2
nid005001:57744:57744 [6] NCCL INFO CPU/0-1 (1/2/4)
nid005001:57744:57744 [6] NCCL INFO + PCI[24.0] - NIC/0-cd000
nid005001:57744:57744 [6] NCCL INFO               + NET[25.0] - NET/1 (a78180b01/1/25.000000)
nid005001:57744:57744 [6] NCCL INFO + PCI[24.0] - GPU/0-c9000 (2)
nid005001:57744:57744 [6] NCCL INFO               + XGMI[144.0] - GPU/CE000
nid005001:57744:57744 [6] NCCL INFO               + XGMI[72.0] - GPU/D1000
nid005001:57744:57744 [6] NCCL INFO               + XGMI[36.0] - GPU/C1000
nid005001:57744:57744 [6] NCCL INFO + PCI[24.0] - GPU/0-ce000 (3)
nid005001:57744:57744 [6] NCCL INFO               + XGMI[144.0] - GPU/C9000
nid005001:57744:57744 [6] NCCL INFO               + XGMI[36.0] - GPU/C6000
nid005001:57744:57744 [6] NCCL INFO               + XGMI[36.0] - GPU/DE000
nid005001:57744:57744 [6] NCCL INFO + SYS[16.0] - CPU/3
nid005001:57744:57744 [6] NCCL INFO + SYS[16.0] - CPU/0
nid005001:57744:57744 [6] NCCL INFO + SYS[16.0] - CPU/2
nid005001:57744:57744 [6] NCCL INFO CPU/0-0 (1/2/4)
nid005001:57744:57744 [6] NCCL INFO + PCI[24.0] - NIC/0-d5000
nid005001:57744:57744 [6] NCCL INFO               + NET[25.0] - NET/2 (a78180b02/1/25.000000)
nid005001:57744:57744 [6] NCCL INFO + PCI[24.0] - GPU/0-d1000 (4)
nid005001:57744:57744 [6] NCCL INFO               + XGMI[144.0] - GPU/D6000
nid005001:57744:57744 [6] NCCL INFO               + XGMI[72.0] - GPU/C9000
nid005001:57744:57744 [6] NCCL INFO               + XGMI[36.0] - GPU/D9000
nid005001:57744:57744 [6] NCCL INFO + PCI[24.0] - GPU/0-d6000 (5)
nid005001:57744:57744 [6] NCCL INFO               + XGMI[144.0] - GPU/D1000
nid005001:57744:57744 [6] NCCL INFO               + XGMI[36.0] - GPU/C6000
nid005001:57744:57744 [6] NCCL INFO               + XGMI[36.0] - GPU/DE000
nid005001:57744:57744 [6] NCCL INFO + SYS[16.0] - CPU/3
nid005001:57744:57744 [6] NCCL INFO + SYS[16.0] - CPU/1
nid005001:57744:57744 [6] NCCL INFO + SYS[16.0] - CPU/2
nid005001:57744:57744 [6] NCCL INFO CPU/0-2 (1/2/4)
nid005001:57744:57744 [6] NCCL INFO + PCI[24.0] - NIC/0-dd000
nid005001:57744:57744 [6] NCCL INFO               + NET[25.0] - NET/3 (a78180b03/1/25.000000)
nid005001:57744:57744 [6] NCCL INFO + PCI[24.0] - GPU/0-d9000 (6)
nid005001:57744:57744 [6] NCCL INFO               + XGMI[144.0] - GPU/DE000
nid005001:57744:57744 [6] NCCL INFO               + XGMI[72.0] - GPU/C1000
nid005001:57744:57744 [6] NCCL INFO               + XGMI[36.0] - GPU/D1000
nid005001:57744:57744 [6] NCCL INFO + PCI[24.0] - GPU/0-de000 (7)
nid005001:57744:57744 [6] NCCL INFO               + XGMI[144.0] - GPU/D9000
nid005001:57744:57744 [6] NCCL INFO               + XGMI[36.0] - GPU/CE000
nid005001:57744:57744 [6] NCCL INFO               + XGMI[36.0] - GPU/D6000
nid005001:57744:57744 [6] NCCL INFO + SYS[16.0] - CPU/3
nid005001:57744:57744 [6] NCCL INFO + SYS[16.0] - CPU/1
nid005001:57744:57744 [6] NCCL INFO + SYS[16.0] - CPU/0
nid005001:57744:57744 [6] NCCL INFO ==========================================
nid005001:57744:57744 [6] NCCL INFO GPU/C1000 :GPU/0-c1000 (0/5000.0/LOC) GPU/0-c6000 (1/144.0/XGMI) GPU/0-c9000 (1/36.0/XGMI) GPU/0-ce000 (3/16.0/SYS) GPU/0-d1000 (3/16.0/SYS) GPU/0-d6000 (3/16.0/SYS) GPU/0-d9000 (1/72.0/XGMI) GPU/0-de000 (3/16.0/SYS) CPU/0-3 (1/24.0/PHB) CPU/0-1 (2/16.0/SYS) CPU/0-0 (2/16.0/SYS) CPU/0-2 (2/16.0/SYS) NET/0-0 (3/24.0/PHB) NET/0-1 (4/16.0/SYS) NET/0-2 (4/16.0/SYS) NET/0-3 (4/16.0/SYS) 
nid005001:57744:57744 [6] NCCL INFO GPU/C6000 :GPU/0-c1000 (1/144.0/XGMI) GPU/0-c6000 (0/5000.0/LOC) GPU/0-c9000 (3/16.0/SYS) GPU/0-ce000 (1/36.0/XGMI) GPU/0-d1000 (3/16.0/SYS) GPU/0-d6000 (1/36.0/XGMI) GPU/0-d9000 (3/16.0/SYS) GPU/0-de000 (3/16.0/SYS) CPU/0-3 (1/24.0/PHB) CPU/0-1 (2/16.0/SYS) CPU/0-0 (2/16.0/SYS) CPU/0-2 (2/16.0/SYS) NET/0-0 (3/24.0/PHB) NET/0-1 (4/16.0/SYS) NET/0-2 (4/16.0/SYS) NET/0-3 (4/16.0/SYS) 
nid005001:57744:57744 [6] NCCL INFO GPU/C9000 :GPU/0-c1000 (1/36.0/XGMI) GPU/0-c6000 (3/16.0/SYS) GPU/0-c9000 (0/5000.0/LOC) GPU/0-ce000 (1/144.0/XGMI) GPU/0-d1000 (1/72.0/XGMI) GPU/0-d6000 (3/16.0/SYS) GPU/0-d9000 (3/16.0/SYS) GPU/0-de000 (3/16.0/SYS) CPU/0-3 (2/16.0/SYS) CPU/0-1 (1/24.0/PHB) CPU/0-0 (2/16.0/SYS) CPU/0-2 (2/16.0/SYS) NET/0-0 (4/16.0/SYS) NET/0-1 (3/24.0/PHB) NET/0-2 (4/16.0/SYS) NET/0-3 (4/16.0/SYS) 
nid005001:57744:57744 [6] NCCL INFO GPU/CE000 :GPU/0-c1000 (3/16.0/SYS) GPU/0-c6000 (1/36.0/XGMI) GPU/0-c9000 (1/144.0/XGMI) GPU/0-ce000 (0/5000.0/LOC) GPU/0-d1000 (3/16.0/SYS) GPU/0-d6000 (3/16.0/SYS) GPU/0-d9000 (3/16.0/SYS) GPU/0-de000 (1/36.0/XGMI) CPU/0-3 (2/16.0/SYS) CPU/0-1 (1/24.0/PHB) CPU/0-0 (2/16.0/SYS) CPU/0-2 (2/16.0/SYS) NET/0-0 (4/16.0/SYS) NET/0-1 (3/24.0/PHB) NET/0-2 (4/16.0/SYS) NET/0-3 (4/16.0/SYS) 
nid005001:57744:57744 [6] NCCL INFO GPU/D1000 :GPU/0-c1000 (3/16.0/SYS) GPU/0-c6000 (3/16.0/SYS) GPU/0-c9000 (1/72.0/XGMI) GPU/0-ce000 (3/16.0/SYS) GPU/0-d1000 (0/5000.0/LOC) GPU/0-d6000 (1/144.0/XGMI) GPU/0-d9000 (1/36.0/XGMI) GPU/0-de000 (3/16.0/SYS) CPU/0-3 (2/16.0/SYS) CPU/0-1 (2/16.0/SYS) CPU/0-0 (1/24.0/PHB) CPU/0-2 (2/16.0/SYS) NET/0-0 (4/16.0/SYS) NET/0-1 (4/16.0/SYS) NET/0-2 (3/24.0/PHB) NET/0-3 (4/16.0/SYS) 
nid005001:57744:57744 [6] NCCL INFO GPU/D6000 :GPU/0-c1000 (3/16.0/SYS) GPU/0-c6000 (1/36.0/XGMI) GPU/0-c9000 (3/16.0/SYS) GPU/0-ce000 (3/16.0/SYS) GPU/0-d1000 (1/144.0/XGMI) GPU/0-d6000 (0/5000.0/LOC) GPU/0-d9000 (3/16.0/SYS) GPU/0-de000 (1/36.0/XGMI) CPU/0-3 (2/16.0/SYS) CPU/0-1 (2/16.0/SYS) CPU/0-0 (1/24.0/PHB) CPU/0-2 (2/16.0/SYS) NET/0-0 (4/16.0/SYS) NET/0-1 (4/16.0/SYS) NET/0-2 (3/24.0/PHB) NET/0-3 (4/16.0/SYS) 
nid005001:57744:57744 [6] NCCL INFO GPU/D9000 :GPU/0-c1000 (1/72.0/XGMI) GPU/0-c6000 (3/16.0/SYS) GPU/0-c9000 (3/16.0/SYS) GPU/0-ce000 (3/16.0/SYS) GPU/0-d1000 (1/36.0/XGMI) GPU/0-d6000 (3/16.0/SYS) GPU/0-d9000 (0/5000.0/LOC) GPU/0-de000 (1/144.0/XGMI) CPU/0-3 (2/16.0/SYS) CPU/0-1 (2/16.0/SYS) CPU/0-0 (2/16.0/SYS) CPU/0-2 (1/24.0/PHB) NET/0-0 (4/16.0/SYS) NET/0-1 (4/16.0/SYS) NET/0-2 (4/16.0/SYS) NET/0-3 (3/24.0/PHB) 
nid005001:57744:57744 [6] NCCL INFO GPU/DE000 :GPU/0-c1000 (3/16.0/SYS) GPU/0-c6000 (3/16.0/SYS) GPU/0-c9000 (3/16.0/SYS) GPU/0-ce000 (1/36.0/XGMI) GPU/0-d1000 (3/16.0/SYS) GPU/0-d6000 (1/36.0/XGMI) GPU/0-d9000 (1/144.0/XGMI) GPU/0-de000 (0/5000.0/LOC) CPU/0-3 (2/16.0/SYS) CPU/0-1 (2/16.0/SYS) CPU/0-0 (2/16.0/SYS) CPU/0-2 (1/24.0/PHB) NET/0-0 (4/16.0/SYS) NET/0-1 (4/16.0/SYS) NET/0-2 (4/16.0/SYS) NET/0-3 (3/24.0/PHB) 
nid005001:57744:57744 [6] NCCL INFO NET/0 :GPU/0-c1000 (3/24.0/PHB) GPU/0-c6000 (3/24.0/PHB) GPU/0-c9000 (4/16.0/SYS) GPU/0-ce000 (4/16.0/SYS) GPU/0-d1000 (4/16.0/SYS) GPU/0-d6000 (4/16.0/SYS) GPU/0-d9000 (4/16.0/SYS) GPU/0-de000 (4/16.0/SYS) CPU/0-3 (2/24.0/PHB) CPU/0-1 (3/16.0/SYS) CPU/0-0 (3/16.0/SYS) CPU/0-2 (3/16.0/SYS) NET/0-0 (0/5000.0/LOC) NET/0-1 (5/16.0/SYS) NET/0-2 (5/16.0/SYS) NET/0-3 (5/16.0/SYS) 
nid005001:57744:57744 [6] NCCL INFO NET/1 :GPU/0-c1000 (4/16.0/SYS) GPU/0-c6000 (4/16.0/SYS) GPU/0-c9000 (3/24.0/PHB) GPU/0-ce000 (3/24.0/PHB) GPU/0-d1000 (4/16.0/SYS) GPU/0-d6000 (4/16.0/SYS) GPU/0-d9000 (4/16.0/SYS) GPU/0-de000 (4/16.0/SYS) CPU/0-3 (3/16.0/SYS) CPU/0-1 (2/24.0/PHB) CPU/0-0 (3/16.0/SYS) CPU/0-2 (3/16.0/SYS) NET/0-0 (5/16.0/SYS) NET/0-1 (0/5000.0/LOC) NET/0-2 (5/16.0/SYS) NET/0-3 (5/16.0/SYS) 
nid005001:57744:57744 [6] NCCL INFO NET/2 :GPU/0-c1000 (4/16.0/SYS) GPU/0-c6000 (4/16.0/SYS) GPU/0-c9000 (4/16.0/SYS) GPU/0-ce000 (4/16.0/SYS) GPU/0-d1000 (3/24.0/PHB) GPU/0-d6000 (3/24.0/PHB) GPU/0-d9000 (4/16.0/SYS) GPU/0-de000 (4/16.0/SYS) CPU/0-3 (3/16.0/SYS) CPU/0-1 (3/16.0/SYS) CPU/0-0 (2/24.0/PHB) CPU/0-2 (3/16.0/SYS) NET/0-0 (5/16.0/SYS) NET/0-1 (5/16.0/SYS) NET/0-2 (0/5000.0/LOC) NET/0-3 (5/16.0/SYS) 
nid005001:57744:57744 [6] NCCL INFO NET/3 :GPU/0-c1000 (4/16.0/SYS) GPU/0-c6000 (4/16.0/SYS) GPU/0-c9000 (4/16.0/SYS) GPU/0-ce000 (4/16.0/SYS) GPU/0-d1000 (4/16.0/SYS) GPU/0-d6000 (4/16.0/SYS) GPU/0-d9000 (3/24.0/PHB) GPU/0-de000 (3/24.0/PHB) CPU/0-3 (3/16.0/SYS) CPU/0-1 (3/16.0/SYS) CPU/0-0 (3/16.0/SYS) CPU/0-2 (2/24.0/PHB) NET/0-0 (5/16.0/SYS) NET/0-1 (5/16.0/SYS) NET/0-2 (5/16.0/SYS) NET/0-3 (0/5000.0/LOC) 
nid005001:57744:57744 [6] NCCL INFO Found matching Rome model index 36 with GPU mapping: 0 1 2 3 4 5 6 7 NET mapping: 0 1 2 3 
nid005001:57744:57744 [6] NCCL INFO Pattern 4, crossNic 0, nChannels 8, bw 31.500000/31.500000, type XGMI/PIX, sameChannels 1
nid005001:57744:57744 [6] NCCL INFO  0 : NET/0 GPU/0 GPU/1 GPU/5 GPU/4 GPU/6 GPU/7 GPU/3 GPU/2 NET/1
nid005001:57744:57744 [6] NCCL INFO  1 : NET/1 GPU/2 GPU/3 GPU/7 GPU/6 GPU/4 GPU/5 GPU/1 GPU/0 NET/0
nid005001:57744:57744 [6] NCCL INFO  2 : NET/3 GPU/7 GPU/6 GPU/0 GPU/1 GPU/3 GPU/2 GPU/4 GPU/5 NET/2
nid005001:57744:57744 [6] NCCL INFO  3 : NET/2 GPU/5 GPU/4 GPU/2 GPU/3 GPU/1 GPU/0 GPU/6 GPU/7 NET/3
nid005001:57744:57744 [6] NCCL INFO  4 : NET/0 GPU/0 GPU/1 GPU/5 GPU/4 GPU/6 GPU/7 GPU/3 GPU/2 NET/1
nid005001:57744:57744 [6] NCCL INFO  5 : NET/1 GPU/2 GPU/3 GPU/7 GPU/6 GPU/4 GPU/5 GPU/1 GPU/0 NET/0
nid005001:57744:57744 [6] NCCL INFO  6 : NET/3 GPU/7 GPU/6 GPU/0 GPU/1 GPU/3 GPU/2 GPU/4 GPU/5 NET/2
nid005001:57744:57744 [6] NCCL INFO  7 : NET/2 GPU/5 GPU/4 GPU/2 GPU/3 GPU/1 GPU/0 GPU/6 GPU/7 NET/3
nid005001:57738:57738 [0] NCCL INFO NCCL_NET_GDR_LEVEL set by environment to PHB
nid005001:57738:57738 [0] NCCL INFO GPU Direct RDMA Enabled for GPU c1000 / HCA 0 (distance 6 <= 6), read 1
nid005001:57738:57738 [0] NCCL INFO GPU Direct RDMA Enabled for GPU c6000 / HCA 0 (distance 6 <= 6), read 1
nid005001:57738:57738 [0] NCCL INFO GPU Direct RDMA Enabled for GPU c9000 / HCA 1 (distance 6 <= 6), read 1
nid005001:57738:57738 [0] NCCL INFO GPU Direct RDMA Enabled for GPU ce000 / HCA 1 (distance 6 <= 6), read 1
nid005001:57738:57738 [0] NCCL INFO GPU Direct RDMA Enabled for GPU d1000 / HCA 2 (distance 6 <= 6), read 1
nid005001:57738:57738 [0] NCCL INFO GPU Direct RDMA Enabled for GPU d6000 / HCA 2 (distance 6 <= 6), read 1
nid005001:57738:57738 [0] NCCL INFO GPU Direct RDMA Enabled for GPU d9000 / HCA 3 (distance 6 <= 6), read 1
nid005001:57738:57738 [0] NCCL INFO GPU Direct RDMA Enabled for GPU de000 / HCA 3 (distance 6 <= 6), read 1
nid005001:57744:57744 [6] NCCL INFO Found matching Rome model index 36 with GPU mapping: 0 1 2 3 4 5 6 7 NET mapping: 0 1 2 3 
nid005001:57744:57744 [6] NCCL INFO Pattern 1, crossNic 0, nChannels 8, bw 31.500000/31.500000, type XGMI/PIX, sameChannels 1
nid005001:57744:57744 [6] NCCL INFO  0 : NET/0 GPU/0 GPU/1 GPU/5 GPU/4 GPU/6 GPU/7 GPU/3 GPU/2 NET/1
nid005001:57744:57744 [6] NCCL INFO  1 : NET/1 GPU/2 GPU/3 GPU/7 GPU/6 GPU/4 GPU/5 GPU/1 GPU/0 NET/0
nid005001:57744:57744 [6] NCCL INFO  2 : NET/3 GPU/7 GPU/6 GPU/0 GPU/1 GPU/3 GPU/2 GPU/4 GPU/5 NET/2
nid005001:57744:57744 [6] NCCL INFO  3 : NET/2 GPU/5 GPU/4 GPU/2 GPU/3 GPU/1 GPU/0 GPU/6 GPU/7 NET/3
nid005001:57744:57744 [6] NCCL INFO  4 : NET/0 GPU/0 GPU/1 GPU/5 GPU/4 GPU/6 GPU/7 GPU/3 GPU/2 NET/1
nid005001:57744:57744 [6] NCCL INFO  5 : NET/1 GPU/2 GPU/3 GPU/7 GPU/6 GPU/4 GPU/5 GPU/1 GPU/0 NET/0
nid005001:57744:57744 [6] NCCL INFO  6 : NET/3 GPU/7 GPU/6 GPU/0 GPU/1 GPU/3 GPU/2 GPU/4 GPU/5 NET/2
nid005001:57744:57744 [6] NCCL INFO  7 : NET/2 GPU/5 GPU/4 GPU/2 GPU/3 GPU/1 GPU/0 GPU/6 GPU/7 NET/3
nid005001:57738:57738 [0] NCCL INFO === System : maxBw 24.0 totalBw 252.0 ===
nid005001:57738:57738 [0] NCCL INFO CPU/0-3 (1/2/4)
nid005001:57738:57738 [0] NCCL INFO + PCI[24.0] - GPU/0-c1000 (0)
nid005001:57738:57738 [0] NCCL INFO               + XGMI[144.0] - GPU/C6000
nid005001:57738:57738 [0] NCCL INFO               + XGMI[72.0] - GPU/D9000
nid005001:57738:57738 [0] NCCL INFO               + XGMI[36.0] - GPU/C9000
nid005001:57738:57738 [0] NCCL INFO + PCI[24.0] - NIC/0-c5000
nid005001:57738:57738 [0] NCCL INFO               + NET[25.0] - NET/0 (a78180b00/1/25.000000)
nid005001:57738:57738 [0] NCCL INFO + PCI[24.0] - GPU/0-c6000 (1)
nid005001:57738:57738 [0] NCCL INFO               + XGMI[144.0] - GPU/C1000
nid005001:57738:57738 [0] NCCL INFO               + XGMI[36.0] - GPU/CE000
nid005001:57738:57738 [0] NCCL INFO               + XGMI[36.0] - GPU/D6000
nid005001:57738:57738 [0] NCCL INFO + SYS[16.0] - CPU/1
nid005001:57738:57738 [0] NCCL INFO + SYS[16.0] - CPU/0
nid005001:57738:57738 [0] NCCL INFO + SYS[16.0] - CPU/2
nid005001:57738:57738 [0] NCCL INFO CPU/0-1 (1/2/4)
nid005001:57738:57738 [0] NCCL INFO + PCI[24.0] - NIC/0-cd000
nid005001:57738:57738 [0] NCCL INFO               + NET[25.0] - NET/1 (a78180b01/1/25.000000)
nid005001:57738:57738 [0] NCCL INFO + PCI[24.0] - GPU/0-c9000 (2)
nid005001:57738:57738 [0] NCCL INFO               + XGMI[144.0] - GPU/CE000
nid005001:57738:57738 [0] NCCL INFO               + XGMI[72.0] - GPU/D1000
nid005001:57738:57738 [0] NCCL INFO               + XGMI[36.0] - GPU/C1000
nid005001:57738:57738 [0] NCCL INFO + PCI[24.0] - GPU/0-ce000 (3)
nid005001:57738:57738 [0] NCCL INFO               + XGMI[144.0] - GPU/C9000
nid005001:57738:57738 [0] NCCL INFO               + XGMI[36.0] - GPU/C6000
nid005001:57738:57738 [0] NCCL INFO               + XGMI[36.0] - GPU/DE000
nid005001:57738:57738 [0] NCCL INFO + SYS[16.0] - CPU/3
nid005001:57738:57738 [0] NCCL INFO + SYS[16.0] - CPU/0
nid005001:57738:57738 [0] NCCL INFO + SYS[16.0] - CPU/2
nid005001:57738:57738 [0] NCCL INFO CPU/0-0 (1/2/4)
nid005001:57738:57738 [0] NCCL INFO + PCI[24.0] - NIC/0-d5000
nid005001:57738:57738 [0] NCCL INFO               + NET[25.0] - NET/2 (a78180b02/1/25.000000)
nid005001:57738:57738 [0] NCCL INFO + PCI[24.0] - GPU/0-d1000 (4)
nid005001:57738:57738 [0] NCCL INFO               + XGMI[144.0] - GPU/D6000
nid005001:57738:57738 [0] NCCL INFO               + XGMI[72.0] - GPU/C9000
nid005001:57738:57738 [0] NCCL INFO               + XGMI[36.0] - GPU/D9000
nid005001:57738:57738 [0] NCCL INFO + PCI[24.0] - GPU/0-d6000 (5)
nid005001:57738:57738 [0] NCCL INFO               + XGMI[144.0] - GPU/D1000
nid005001:57738:57738 [0] NCCL INFO               + XGMI[36.0] - GPU/C6000
nid005001:57738:57738 [0] NCCL INFO               + XGMI[36.0] - GPU/DE000
nid005001:57738:57738 [0] NCCL INFO + SYS[16.0] - CPU/3
nid005001:57738:57738 [0] NCCL INFO + SYS[16.0] - CPU/1
nid005001:57738:57738 [0] NCCL INFO + SYS[16.0] - CPU/2
nid005001:57738:57738 [0] NCCL INFO CPU/0-2 (1/2/4)
nid005001:57738:57738 [0] NCCL INFO + PCI[24.0] - NIC/0-dd000
nid005001:57738:57738 [0] NCCL INFO               + NET[25.0] - NET/3 (a78180b03/1/25.000000)
nid005001:57738:57738 [0] NCCL INFO + PCI[24.0] - GPU/0-d9000 (6)
nid005001:57738:57738 [0] NCCL INFO               + XGMI[144.0] - GPU/DE000
nid005001:57738:57738 [0] NCCL INFO               + XGMI[72.0] - GPU/C1000
nid005001:57738:57738 [0] NCCL INFO               + XGMI[36.0] - GPU/D1000
nid005001:57738:57738 [0] NCCL INFO + PCI[24.0] - GPU/0-de000 (7)
nid005001:57738:57738 [0] NCCL INFO               + XGMI[144.0] - GPU/D9000
nid005001:57738:57738 [0] NCCL INFO               + XGMI[36.0] - GPU/CE000
nid005001:57738:57738 [0] NCCL INFO               + XGMI[36.0] - GPU/D6000
nid005001:57738:57738 [0] NCCL INFO + SYS[16.0] - CPU/3
nid005001:57738:57738 [0] NCCL INFO + SYS[16.0] - CPU/1
nid005001:57738:57738 [0] NCCL INFO + SYS[16.0] - CPU/0
nid005001:57738:57738 [0] NCCL INFO ==========================================
nid005001:57738:57738 [0] NCCL INFO GPU/C1000 :GPU/0-c1000 (0/5000.0/LOC) GPU/0-c6000 (1/144.0/XGMI) GPU/0-c9000 (1/36.0/XGMI) GPU/0-ce000 (3/16.0/SYS) GPU/0-d1000 (3/16.0/SYS) GPU/0-d6000 (3/16.0/SYS) GPU/0-d9000 (1/72.0/XGMI) GPU/0-de000 (3/16.0/SYS) CPU/0-3 (1/24.0/PHB) CPU/0-1 (2/16.0/SYS) CPU/0-0 (2/16.0/SYS) CPU/0-2 (2/16.0/SYS) NET/0-0 (3/24.0/PHB) NET/0-1 (4/16.0/SYS) NET/0-2 (4/16.0/SYS) NET/0-3 (4/16.0/SYS) 
nid005001:57738:57738 [0] NCCL INFO GPU/C6000 :GPU/0-c1000 (1/144.0/XGMI) GPU/0-c6000 (0/5000.0/LOC) GPU/0-c9000 (3/16.0/SYS) GPU/0-ce000 (1/36.0/XGMI) GPU/0-d1000 (3/16.0/SYS) GPU/0-d6000 (1/36.0/XGMI) GPU/0-d9000 (3/16.0/SYS) GPU/0-de000 (3/16.0/SYS) CPU/0-3 (1/24.0/PHB) CPU/0-1 (2/16.0/SYS) CPU/0-0 (2/16.0/SYS) CPU/0-2 (2/16.0/SYS) NET/0-0 (3/24.0/PHB) NET/0-1 (4/16.0/SYS) NET/0-2 (4/16.0/SYS) NET/0-3 (4/16.0/SYS) 
nid005001:57738:57738 [0] NCCL INFO GPU/C9000 :GPU/0-c1000 (1/36.0/XGMI) GPU/0-c6000 (3/16.0/SYS) GPU/0-c9000 (0/5000.0/LOC) GPU/0-ce000 (1/144.0/XGMI) GPU/0-d1000 (1/72.0/XGMI) GPU/0-d6000 (3/16.0/SYS) GPU/0-d9000 (3/16.0/SYS) GPU/0-de000 (3/16.0/SYS) CPU/0-3 (2/16.0/SYS) CPU/0-1 (1/24.0/PHB) CPU/0-0 (2/16.0/SYS) CPU/0-2 (2/16.0/SYS) NET/0-0 (4/16.0/SYS) NET/0-1 (3/24.0/PHB) NET/0-2 (4/16.0/SYS) NET/0-3 (4/16.0/SYS) 
nid005001:57738:57738 [0] NCCL INFO GPU/CE000 :GPU/0-c1000 (3/16.0/SYS) GPU/0-c6000 (1/36.0/XGMI) GPU/0-c9000 (1/144.0/XGMI) GPU/0-ce000 (0/5000.0/LOC) GPU/0-d1000 (3/16.0/SYS) GPU/0-d6000 (3/16.0/SYS) GPU/0-d9000 (3/16.0/SYS) GPU/0-de000 (1/36.0/XGMI) CPU/0-3 (2/16.0/SYS) CPU/0-1 (1/24.0/PHB) CPU/0-0 (2/16.0/SYS) CPU/0-2 (2/16.0/SYS) NET/0-0 (4/16.0/SYS) NET/0-1 (3/24.0/PHB) NET/0-2 (4/16.0/SYS) NET/0-3 (4/16.0/SYS) 
nid005001:57738:57738 [0] NCCL INFO GPU/D1000 :GPU/0-c1000 (3/16.0/SYS) GPU/0-c6000 (3/16.0/SYS) GPU/0-c9000 (1/72.0/XGMI) GPU/0-ce000 (3/16.0/SYS) GPU/0-d1000 (0/5000.0/LOC) GPU/0-d6000 (1/144.0/XGMI) GPU/0-d9000 (1/36.0/XGMI) GPU/0-de000 (3/16.0/SYS) CPU/0-3 (2/16.0/SYS) CPU/0-1 (2/16.0/SYS) CPU/0-0 (1/24.0/PHB) CPU/0-2 (2/16.0/SYS) NET/0-0 (4/16.0/SYS) NET/0-1 (4/16.0/SYS) NET/0-2 (3/24.0/PHB) NET/0-3 (4/16.0/SYS) 
nid005001:57738:57738 [0] NCCL INFO GPU/D6000 :GPU/0-c1000 (3/16.0/SYS) GPU/0-c6000 (1/36.0/XGMI) GPU/0-c9000 (3/16.0/SYS) GPU/0-ce000 (3/16.0/SYS) GPU/0-d1000 (1/144.0/XGMI) GPU/0-d6000 (0/5000.0/LOC) GPU/0-d9000 (3/16.0/SYS) GPU/0-de000 (1/36.0/XGMI) CPU/0-3 (2/16.0/SYS) CPU/0-1 (2/16.0/SYS) CPU/0-0 (1/24.0/PHB) CPU/0-2 (2/16.0/SYS) NET/0-0 (4/16.0/SYS) NET/0-1 (4/16.0/SYS) NET/0-2 (3/24.0/PHB) NET/0-3 (4/16.0/SYS) 
nid005001:57738:57738 [0] NCCL INFO GPU/D9000 :GPU/0-c1000 (1/72.0/XGMI) GPU/0-c6000 (3/16.0/SYS) GPU/0-c9000 (3/16.0/SYS) GPU/0-ce000 (3/16.0/SYS) GPU/0-d1000 (1/36.0/XGMI) GPU/0-d6000 (3/16.0/SYS) GPU/0-d9000 (0/5000.0/LOC) GPU/0-de000 (1/144.0/XGMI) CPU/0-3 (2/16.0/SYS) CPU/0-1 (2/16.0/SYS) CPU/0-0 (2/16.0/SYS) CPU/0-2 (1/24.0/PHB) NET/0-0 (4/16.0/SYS) NET/0-1 (4/16.0/SYS) NET/0-2 (4/16.0/SYS) NET/0-3 (3/24.0/PHB) 
nid005001:57738:57738 [0] NCCL INFO GPU/DE000 :GPU/0-c1000 (3/16.0/SYS) GPU/0-c6000 (3/16.0/SYS) GPU/0-c9000 (3/16.0/SYS) GPU/0-ce000 (1/36.0/XGMI) GPU/0-d1000 (3/16.0/SYS) GPU/0-d6000 (1/36.0/XGMI) GPU/0-d9000 (1/144.0/XGMI) GPU/0-de000 (0/5000.0/LOC) CPU/0-3 (2/16.0/SYS) CPU/0-1 (2/16.0/SYS) CPU/0-0 (2/16.0/SYS) CPU/0-2 (1/24.0/PHB) NET/0-0 (4/16.0/SYS) NET/0-1 (4/16.0/SYS) NET/0-2 (4/16.0/SYS) NET/0-3 (3/24.0/PHB) 
nid005001:57738:57738 [0] NCCL INFO NET/0 :GPU/0-c1000 (3/24.0/PHB) GPU/0-c6000 (3/24.0/PHB) GPU/0-c9000 (4/16.0/SYS) GPU/0-ce000 (4/16.0/SYS) GPU/0-d1000 (4/16.0/SYS) GPU/0-d6000 (4/16.0/SYS) GPU/0-d9000 (4/16.0/SYS) GPU/0-de000 (4/16.0/SYS) CPU/0-3 (2/24.0/PHB) CPU/0-1 (3/16.0/SYS) CPU/0-0 (3/16.0/SYS) CPU/0-2 (3/16.0/SYS) NET/0-0 (0/5000.0/LOC) NET/0-1 (5/16.0/SYS) NET/0-2 (5/16.0/SYS) NET/0-3 (5/16.0/SYS) 
nid005001:57738:57738 [0] NCCL INFO NET/1 :GPU/0-c1000 (4/16.0/SYS) GPU/0-c6000 (4/16.0/SYS) GPU/0-c9000 (3/24.0/PHB) GPU/0-ce000 (3/24.0/PHB) GPU/0-d1000 (4/16.0/SYS) GPU/0-d6000 (4/16.0/SYS) GPU/0-d9000 (4/16.0/SYS) GPU/0-de000 (4/16.0/SYS) CPU/0-3 (3/16.0/SYS) CPU/0-1 (2/24.0/PHB) CPU/0-0 (3/16.0/SYS) CPU/0-2 (3/16.0/SYS) NET/0-0 (5/16.0/SYS) NET/0-1 (0/5000.0/LOC) NET/0-2 (5/16.0/SYS) NET/0-3 (5/16.0/SYS) 
nid005001:57738:57738 [0] NCCL INFO NET/2 :GPU/0-c1000 (4/16.0/SYS) GPU/0-c6000 (4/16.0/SYS) GPU/0-c9000 (4/16.0/SYS) GPU/0-ce000 (4/16.0/SYS) GPU/0-d1000 (3/24.0/PHB) GPU/0-d6000 (3/24.0/PHB) GPU/0-d9000 (4/16.0/SYS) GPU/0-de000 (4/16.0/SYS) CPU/0-3 (3/16.0/SYS) CPU/0-1 (3/16.0/SYS) CPU/0-0 (2/24.0/PHB) CPU/0-2 (3/16.0/SYS) NET/0-0 (5/16.0/SYS) NET/0-1 (5/16.0/SYS) NET/0-2 (0/5000.0/LOC) NET/0-3 (5/16.0/SYS) 
nid005001:57738:57738 [0] NCCL INFO NET/3 :GPU/0-c1000 (4/16.0/SYS) GPU/0-c6000 (4/16.0/SYS) GPU/0-c9000 (4/16.0/SYS) GPU/0-ce000 (4/16.0/SYS) GPU/0-d1000 (4/16.0/SYS) GPU/0-d6000 (4/16.0/SYS) GPU/0-d9000 (3/24.0/PHB) GPU/0-de000 (3/24.0/PHB) CPU/0-3 (3/16.0/SYS) CPU/0-1 (3/16.0/SYS) CPU/0-0 (3/16.0/SYS) CPU/0-2 (2/24.0/PHB) NET/0-0 (5/16.0/SYS) NET/0-1 (5/16.0/SYS) NET/0-2 (5/16.0/SYS) NET/0-3 (0/5000.0/LOC) 
nid005001:57738:57738 [0] NCCL INFO Found matching Rome model index 36 with GPU mapping: 0 1 2 3 4 5 6 7 NET mapping: 0 1 2 3 
nid005001:57738:57738 [0] NCCL INFO Pattern 4, crossNic 0, nChannels 8, bw 31.500000/31.500000, type XGMI/PIX, sameChannels 1
nid005001:57738:57738 [0] NCCL INFO  0 : NET/0 GPU/0 GPU/1 GPU/5 GPU/4 GPU/6 GPU/7 GPU/3 GPU/2 NET/1
nid005001:57738:57738 [0] NCCL INFO  1 : NET/1 GPU/2 GPU/3 GPU/7 GPU/6 GPU/4 GPU/5 GPU/1 GPU/0 NET/0
nid005001:57738:57738 [0] NCCL INFO  2 : NET/3 GPU/7 GPU/6 GPU/0 GPU/1 GPU/3 GPU/2 GPU/4 GPU/5 NET/2
nid005001:57738:57738 [0] NCCL INFO  3 : NET/2 GPU/5 GPU/4 GPU/2 GPU/3 GPU/1 GPU/0 GPU/6 GPU/7 NET/3
nid005001:57738:57738 [0] NCCL INFO  4 : NET/0 GPU/0 GPU/1 GPU/5 GPU/4 GPU/6 GPU/7 GPU/3 GPU/2 NET/1
nid005001:57738:57738 [0] NCCL INFO  5 : NET/1 GPU/2 GPU/3 GPU/7 GPU/6 GPU/4 GPU/5 GPU/1 GPU/0 NET/0
nid005001:57738:57738 [0] NCCL INFO  6 : NET/3 GPU/7 GPU/6 GPU/0 GPU/1 GPU/3 GPU/2 GPU/4 GPU/5 NET/2
nid005001:57738:57738 [0] NCCL INFO  7 : NET/2 GPU/5 GPU/4 GPU/2 GPU/3 GPU/1 GPU/0 GPU/6 GPU/7 NET/3
nid005001:57738:57738 [0] NCCL INFO Found matching Rome model index 36 with GPU mapping: 0 1 2 3 4 5 6 7 NET mapping: 0 1 2 3 
nid005001:57738:57738 [0] NCCL INFO Pattern 1, crossNic 0, nChannels 8, bw 31.500000/31.500000, type XGMI/PIX, sameChannels 1
nid005001:57738:57738 [0] NCCL INFO  0 : NET/0 GPU/0 GPU/1 GPU/5 GPU/4 GPU/6 GPU/7 GPU/3 GPU/2 NET/1
nid005001:57738:57738 [0] NCCL INFO  1 : NET/1 GPU/2 GPU/3 GPU/7 GPU/6 GPU/4 GPU/5 GPU/1 GPU/0 NET/0
nid005001:57738:57738 [0] NCCL INFO  2 : NET/3 GPU/7 GPU/6 GPU/0 GPU/1 GPU/3 GPU/2 GPU/4 GPU/5 NET/2
nid005001:57738:57738 [0] NCCL INFO  3 : NET/2 GPU/5 GPU/4 GPU/2 GPU/3 GPU/1 GPU/0 GPU/6 GPU/7 NET/3
nid005001:57738:57738 [0] NCCL INFO  4 : NET/0 GPU/0 GPU/1 GPU/5 GPU/4 GPU/6 GPU/7 GPU/3 GPU/2 NET/1
nid005001:57738:57738 [0] NCCL INFO  5 : NET/1 GPU/2 GPU/3 GPU/7 GPU/6 GPU/4 GPU/5 GPU/1 GPU/0 NET/0
nid005001:57738:57738 [0] NCCL INFO  6 : NET/3 GPU/7 GPU/6 GPU/0 GPU/1 GPU/3 GPU/2 GPU/4 GPU/5 NET/2
nid005001:57738:57738 [0] NCCL INFO  7 : NET/2 GPU/5 GPU/4 GPU/2 GPU/3 GPU/1 GPU/0 GPU/6 GPU/7 NET/3
nid005001:57745:57745 [5] NCCL INFO comm 0x55c7e6773620 rank 5 nRanks 16 nNodes 2 localRanks 8 localRank 5 MNNVL 0
nid005001:57744:57744 [6] NCCL INFO comm 0x557546059a30 rank 6 nRanks 16 nNodes 2 localRanks 8 localRank 6 MNNVL 0
nid005001:57744:57744 [6] NCCL INFO Tree 2 : 7 -> 6 -> 0/-1/-1
nid005001:57744:57744 [6] NCCL INFO Tree 10 : 7 -> 6 -> 0/-1/-1
nid005001:57744:57744 [6] NCCL INFO Tree 6 : 7 -> 6 -> 0/-1/-1
nid005001:57744:57744 [6] NCCL INFO Tree 14 : 7 -> 6 -> 0/-1/-1
nid005001:57743:57743 [7] NCCL INFO comm 0x55fa1ad54810 rank 7 nRanks 16 nNodes 2 localRanks 8 localRank 7 MNNVL 0
nid005001:57743:57743 [7] NCCL INFO Tree 2 : -1 -> 7 -> 6/15/-1
nid005001:57743:57743 [7] NCCL INFO Tree 10 : 15 -> 7 -> 6/-1/-1
nid005001:57743:57743 [7] NCCL INFO Tree 6 : -1 -> 7 -> 6/15/-1
nid005001:57743:57743 [7] NCCL INFO Tree 14 : 15 -> 7 -> 6/-1/-1
nid005001:57743:57743 [7] NCCL INFO Ring 0 : 6 -> 7 -> 3 comm 0x55fa1ad54810 nRanks 16 busId de000
nid005001:57743:57743 [7] NCCL INFO Ring 1 : 3 -> 7 -> 6 comm 0x55fa1ad54810 nRanks 16 busId de000
nid005001:57743:57743 [7] NCCL INFO Ring 2 : 15 -> 7 -> 6 comm 0x55fa1ad54810 nRanks 16 busId de000
nid005001:57743:57743 [7] NCCL INFO Ring 3 : 6 -> 7 -> 15 comm 0x55fa1ad54810 nRanks 16 busId de000
nid005001:57743:57743 [7] NCCL INFO Ring 4 : 6 -> 7 -> 3 comm 0x55fa1ad54810 nRanks 16 busId de000
nid005001:57743:57743 [7] NCCL INFO Ring 5 : 3 -> 7 -> 6 comm 0x55fa1ad54810 nRanks 16 busId de000
nid005001:57743:57743 [7] NCCL INFO Ring 6 : 15 -> 7 -> 6 comm 0x55fa1ad54810 nRanks 16 busId de000
nid005001:57743:57743 [7] NCCL INFO Ring 7 : 6 -> 7 -> 15 comm 0x55fa1ad54810 nRanks 16 busId de000
nid005001:57743:57743 [7] NCCL INFO Ring 8 : 6 -> 7 -> 3 comm 0x55fa1ad54810 nRanks 16 busId de000
nid005001:57739:57739 [2] NCCL INFO comm 0x556bab7ca8d0 rank 2 nRanks 16 nNodes 2 localRanks 8 localRank 2 MNNVL 0
nid005001:57739:57739 [2] NCCL INFO Tree 1 : -1 -> 2 -> 3/10/-1
nid005001:57739:57739 [2] NCCL INFO Tree 9 : 10 -> 2 -> 3/-1/-1
nid005001:57739:57739 [2] NCCL INFO Tree 5 : -1 -> 2 -> 3/10/-1
nid005001:57739:57739 [2] NCCL INFO Tree 13 : 10 -> 2 -> 3/-1/-1
nid005001:57739:57739 [2] NCCL INFO Ring 0 : 3 -> 2 -> 10 comm 0x556bab7ca8d0 nRanks 16 busId c9000
nid005001:57739:57739 [2] NCCL INFO Ring 1 : 10 -> 2 -> 3 comm 0x556bab7ca8d0 nRanks 16 busId c9000
nid005001:57739:57739 [2] NCCL INFO Ring 2 : 3 -> 2 -> 4 comm 0x556bab7ca8d0 nRanks 16 busId c9000
nid005001:57739:57739 [2] NCCL INFO Ring 3 : 4 -> 2 -> 3 comm 0x556bab7ca8d0 nRanks 16 busId c9000
nid005001:57739:57739 [2] NCCL INFO Ring 4 : 3 -> 2 -> 10 comm 0x556bab7ca8d0 nRanks 16 busId c9000
nid005001:57739:57739 [2] NCCL INFO Ring 5 : 10 -> 2 -> 3 comm 0x556bab7ca8d0 nRanks 16 busId c9000
nid005001:57739:57739 [2] NCCL INFO Ring 6 : 3 -> 2 -> 4 comm 0x556bab7ca8d0 nRanks 16 busId c9000
nid005001:57739:57739 [2] NCCL INFO Ring 7 : 4 -> 2 -> 3 comm 0x556bab7ca8d0 nRanks 16 busId c9000
nid005001:57741:57741 [1] NCCL INFO comm 0x564286dbbca0 rank 1 nRanks 16 nNodes 2 localRanks 8 localRank 1 MNNVL 0
nid005001:57741:57741 [1] NCCL INFO Tree 0 : 0 -> 1 -> 5/-1/-1
nid005001:57741:57741 [1] NCCL INFO Tree 8 : 0 -> 1 -> 5/-1/-1
nid005001:57741:57741 [1] NCCL INFO Tree 4 : 0 -> 1 -> 5/-1/-1
nid005001:57741:57741 [1] NCCL INFO Tree 12 : 0 -> 1 -> 5/-1/-1
nid005001:57741:57741 [1] NCCL INFO Ring 0 : 0 -> 1 -> 5 comm 0x564286dbbca0 nRanks 16 busId c6000
nid005001:57741:57741 [1] NCCL INFO Ring 1 : 5 -> 1 -> 0 comm 0x564286dbbca0 nRanks 16 busId c6000
nid005001:57741:57741 [1] NCCL INFO Ring 2 : 0 -> 1 -> 3 comm 0x564286dbbca0 nRanks 16 busId c6000
nid005001:57741:57741 [1] NCCL INFO Ring 3 : 3 -> 1 -> 0 comm 0x564286dbbca0 nRanks 16 busId c6000
nid005001:57741:57741 [1] NCCL INFO Ring 4 : 0 -> 1 -> 5 comm 0x564286dbbca0 nRanks 16 busId c6000
nid005001:57741:57741 [1] NCCL INFO Ring 5 : 5 -> 1 -> 0 comm 0x564286dbbca0 nRanks 16 busId c6000
nid005001:57741:57741 [1] NCCL INFO Ring 6 : 0 -> 1 -> 3 comm 0x564286dbbca0 nRanks 16 busId c6000
nid005001:57742:57742 [4] NCCL INFO comm 0x55649a5d5310 rank 4 nRanks 16 nNodes 2 localRanks 8 localRank 4 MNNVL 0
nid005001:57742:57742 [4] NCCL INFO Tree 3 : 5 -> 4 -> 2/-1/-1
nid005001:57742:57742 [4] NCCL INFO Tree 11 : 5 -> 4 -> 2/-1/-1
nid005001:57742:57742 [4] NCCL INFO Tree 7 : 5 -> 4 -> 2/-1/-1
nid005001:57742:57742 [4] NCCL INFO Tree 15 : 5 -> 4 -> 2/-1/-1
nid005001:57742:57742 [4] NCCL INFO Ring 0 : 5 -> 4 -> 6 comm 0x55649a5d5310 nRanks 16 busId d1000
nid005001:57742:57742 [4] NCCL INFO Ring 1 : 6 -> 4 -> 5 comm 0x55649a5d5310 nRanks 16 busId d1000
nid005001:57742:57742 [4] NCCL INFO Ring 2 : 2 -> 4 -> 5 comm 0x55649a5d5310 nRanks 16 busId d1000
nid005001:57742:57742 [4] NCCL INFO Ring 3 : 5 -> 4 -> 2 comm 0x55649a5d5310 nRanks 16 busId d1000
nid005001:57742:57742 [4] NCCL INFO Ring 4 : 5 -> 4 -> 6 comm 0x55649a5d5310 nRanks 16 busId d1000
nid005001:57742:57742 [4] NCCL INFO Ring 5 : 6 -> 4 -> 5 comm 0x55649a5d5310 nRanks 16 busId d1000
nid005001:57742:57742 [4] NCCL INFO Ring 6 : 2 -> 4 -> 5 comm 0x55649a5d5310 nRanks 16 busId d1000
nid005001:57742:57742 [4] NCCL INFO Ring 7 : 5 -> 4 -> 2 comm 0x55649a5d5310 nRanks 16 busId d1000
nid005001:57742:57742 [4] NCCL INFO Ring 8 : 5 -> 4 -> 6 comm 0x55649a5d5310 nRanks 16 busId d1000
nid005001:57742:57742 [4] NCCL INFO Ring 9 : 6 -> 4 -> 5 comm 0x55649a5d5310 nRanks 16 busId d1000
nid005001:57742:57742 [4] NCCL INFO Ring 10 : 2 -> 4 -> 5 comm 0x55649a5d5310 nRanks 16 busId d1000
nid005001:57742:57742 [4] NCCL INFO Ring 11 : 5 -> 4 -> 2 comm 0x55649a5d5310 nRanks 16 busId d1000
nid005001:57742:57742 [4] NCCL INFO Ring 12 : 5 -> 4 -> 6 comm 0x55649a5d5310 nRanks 16 busId d1000
nid005001:57742:57742 [4] NCCL INFO Ring 13 : 6 -> 4 -> 5 comm 0x55649a5d5310 nRanks 16 busId d1000
nid005001:57742:57742 [4] NCCL INFO Ring 14 : 2 -> 4 -> 5 comm 0x55649a5d5310 nRanks 16 busId d1000
nid005001:57742:57742 [4] NCCL INFO Ring 15 : 5 -> 4 -> 2 comm 0x55649a5d5310 nRanks 16 busId d1000
nid005001:57742:57742 [4] NCCL INFO Trees [0] 6/-1/-1->4->5 [1] 5/-1/-1->4->6 [2] 5/-1/-1->4->2 [3] 2/-1/-1->4->5 [4] 6/-1/-1->4->5 [5] 5/-1/-1->4->6 [6] 5/-1/-1->4->2 [7] 2/-1/-1->4->5 [8] 6/-1/-1->4->5 [9] 5/-1/-1->4->6 [10] 5/-1/-1->4->2 [11] 2/-1/-1->4->5 [12] 6/-1/-1->4->5 [13] 5/-1/-1->4->6 [14] 5/-1/-1->4->2 [15] 2/-1/-1->4->5 comm 0x55649a5d5310 nRanks 16 busId d1000
nid005001:57742:57742 [4] NCCL INFO P2P Chunksize set to 131072
nid005001:57745:57745 [5] NCCL INFO Tree 3 : -1 -> 5 -> 4/13/-1
nid005001:57745:57745 [5] NCCL INFO Tree 11 : 13 -> 5 -> 4/-1/-1
nid005001:57745:57745 [5] NCCL INFO Tree 7 : -1 -> 5 -> 4/13/-1
nid005001:57745:57745 [5] NCCL INFO Tree 15 : 13 -> 5 -> 4/-1/-1
nid005001:57745:57745 [5] NCCL INFO Ring 0 : 1 -> 5 -> 4 comm 0x55c7e6773620 nRanks 16 busId d6000
nid005001:57745:57745 [5] NCCL INFO Ring 1 : 4 -> 5 -> 1 comm 0x55c7e6773620 nRanks 16 busId d6000
nid005001:57745:57745 [5] NCCL INFO Ring 2 : 4 -> 5 -> 13 comm 0x55c7e6773620 nRanks 16 busId d6000
nid005001:57745:57745 [5] NCCL INFO Ring 3 : 13 -> 5 -> 4 comm 0x55c7e6773620 nRanks 16 busId d6000
nid005001:57745:57745 [5] NCCL INFO Ring 4 : 1 -> 5 -> 4 comm 0x55c7e6773620 nRanks 16 busId d6000
nid005001:57745:57745 [5] NCCL INFO Ring 5 : 4 -> 5 -> 1 comm 0x55c7e6773620 nRanks 16 busId d6000
nid005001:57745:57745 [5] NCCL INFO Ring 6 : 4 -> 5 -> 13 comm 0x55c7e6773620 nRanks 16 busId d6000
nid005001:57745:57745 [5] NCCL INFO Ring 7 : 13 -> 5 -> 4 comm 0x55c7e6773620 nRanks 16 busId d6000
nid005001:57745:57745 [5] NCCL INFO Ring 8 : 1 -> 5 -> 4 comm 0x55c7e6773620 nRanks 16 busId d6000
nid005001:57745:57745 [5] NCCL INFO Ring 9 : 4 -> 5 -> 1 comm 0x55c7e6773620 nRanks 16 busId d6000
nid005001:57745:57745 [5] NCCL INFO Ring 10 : 4 -> 5 -> 13 comm 0x55c7e6773620 nRanks 16 busId d6000
nid005001:57745:57745 [5] NCCL INFO Ring 11 : 13 -> 5 -> 4 comm 0x55c7e6773620 nRanks 16 busId d6000
nid005001:57745:57745 [5] NCCL INFO Ring 12 : 1 -> 5 -> 4 comm 0x55c7e6773620 nRanks 16 busId d6000
nid005001:57745:57745 [5] NCCL INFO Ring 13 : 4 -> 5 -> 1 comm 0x55c7e6773620 nRanks 16 busId d6000
nid005001:57745:57745 [5] NCCL INFO Ring 14 : 4 -> 5 -> 13 comm 0x55c7e6773620 nRanks 16 busId d6000
nid005001:57745:57745 [5] NCCL INFO Ring 15 : 13 -> 5 -> 4 comm 0x55c7e6773620 nRanks 16 busId d6000
nid005001:57745:57745 [5] NCCL INFO Trees [0] 4/-1/-1->5->1 [1] 1/-1/-1->5->4 [2] -1/-1/-1->5->4 [3] 4/13/-1->5->-1 [4] 4/-1/-1->5->1 [5] 1/-1/-1->5->4 [6] -1/-1/-1->5->4 [7] 4/13/-1->5->-1 [8] 4/-1/-1->5->1 [9] 1/-1/-1->5->4 [10] -1/-1/-1->5->4 [11] 4/-1/-1->5->13 [12] 4/-1/-1->5->1 [13] 1/-1/-1->5->4 [14] -1/-1/-1->5->4 [15] 4/-1/-1->5->13 comm 0x55c7e6773620 nRanks 16 busId d6000
nid005001:57745:57745 [5] NCCL INFO P2P Chunksize set to 131072
nid005001:57740:57740 [3] NCCL INFO comm 0x55be917ada50 rank 3 nRanks 16 nNodes 2 localRanks 8 localRank 3 MNNVL 0
nid005001:57740:57740 [3] NCCL INFO Tree 1 : 2 -> 3 -> 7/-1/-1
nid005001:57740:57740 [3] NCCL INFO Tree 9 : 2 -> 3 -> 7/-1/-1
nid005001:57740:57740 [3] NCCL INFO Tree 5 : 2 -> 3 -> 7/-1/-1
nid005001:57740:57740 [3] NCCL INFO Tree 13 : 2 -> 3 -> 7/-1/-1
nid005001:57740:57740 [3] NCCL INFO Ring 0 : 7 -> 3 -> 2 comm 0x55be917ada50 nRanks 16 busId ce000
nid005001:57740:57740 [3] NCCL INFO Ring 1 : 2 -> 3 -> 7 comm 0x55be917ada50 nRanks 16 busId ce000
nid005001:57740:57740 [3] NCCL INFO Ring 2 : 1 -> 3 -> 2 comm 0x55be917ada50 nRanks 16 busId ce000
nid005001:57740:57740 [3] NCCL INFO Ring 3 : 2 -> 3 -> 1 comm 0x55be917ada50 nRanks 16 busId ce000
nid005001:57740:57740 [3] NCCL INFO Ring 4 : 7 -> 3 -> 2 comm 0x55be917ada50 nRanks 16 busId ce000
nid005001:57740:57740 [3] NCCL INFO Ring 5 : 2 -> 3 -> 7 comm 0x55be917ada50 nRanks 16 busId ce000
nid005001:57740:57740 [3] NCCL INFO Ring 6 : 1 -> 3 -> 2 comm 0x55be917ada50 nRanks 16 busId ce000
nid005001:57740:57740 [3] NCCL INFO Ring 7 : 2 -> 3 -> 1 comm 0x55be917ada50 nRanks 16 busId ce000
nid005001:57740:57740 [3] NCCL INFO Ring 8 : 7 -> 3 -> 2 comm 0x55be917ada50 nRanks 16 busId ce000
nid005001:57740:57740 [3] NCCL INFO Ring 9 : 2 -> 3 -> 7 comm 0x55be917ada50 nRanks 16 busId ce000
nid005001:57740:57740 [3] NCCL INFO Ring 10 : 1 -> 3 -> 2 comm 0x55be917ada50 nRanks 16 busId ce000
nid005001:57740:57740 [3] NCCL INFO Ring 11 : 2 -> 3 -> 1 comm 0x55be917ada50 nRanks 16 busId ce000
nid005001:57740:57740 [3] NCCL INFO Ring 12 : 7 -> 3 -> 2 comm 0x55be917ada50 nRanks 16 busId ce000
nid005001:57740:57740 [3] NCCL INFO Ring 13 : 2 -> 3 -> 7 comm 0x55be917ada50 nRanks 16 busId ce000
nid005001:57740:57740 [3] NCCL INFO Ring 14 : 1 -> 3 -> 2 comm 0x55be917ada50 nRanks 16 busId ce000
nid005001:57740:57740 [3] NCCL INFO Ring 15 : 2 -> 3 -> 1 comm 0x55be917ada50 nRanks 16 busId ce000
nid005001:57740:57740 [3] NCCL INFO Trees [0] 2/-1/-1->3->7 [1] 7/-1/-1->3->2 [2] 2/-1/-1->3->1 [3] 1/-1/-1->3->2 [4] 2/-1/-1->3->7 [5] 7/-1/-1->3->2 [6] 2/-1/-1->3->1 [7] 1/-1/-1->3->2 [8] 2/-1/-1->3->7 [9] 7/-1/-1->3->2 [10] 2/-1/-1->3->1 [11] 1/-1/-1->3->2 [12] 2/-1/-1->3->7 [13] 7/-1/-1->3->2 [14] 2/-1/-1->3->1 [15] 1/-1/-1->3->2 comm 0x55be917ada50 nRanks 16 busId ce000
nid005001:57740:57740 [3] NCCL INFO P2P Chunksize set to 131072
nid005001:57738:57738 [0] NCCL INFO comm 0x5653fa136be0 rank 0 nRanks 16 nNodes 2 localRanks 8 localRank 0 MNNVL 0
nid005001:57738:57738 [0] NCCL INFO [RINGS]      00     01     02     03     04     05     06     07
nid005001:57738:57738 [0] NCCL INFO [RINGS]  00->02 02->00 07->05 05->07 00->02 02->00 07->05 05->07
nid005001:57738:57738 [0] NCCL INFO [RINGS]  02->00 00->02 05->07 07->05 02->00 00->02 05->07 07->05
nid005001:57738:57738 [0] NCCL INFO Tree 0 : -1 -> 0 -> 1/8/-1
nid005001:57738:57738 [0] NCCL INFO Tree 8 : 8 -> 0 -> 1/-1/-1
nid005001:57738:57738 [0] NCCL INFO Tree 4 : -1 -> 0 -> 1/8/-1
nid005001:57738:57738 [0] NCCL INFO Tree 12 : 8 -> 0 -> 1/-1/-1
nid005001:57738:57738 [0] NCCL INFO Channel 00/16 :    0   1   5   4   6   7   3   2  10  11  15  14  12  13   9   8
nid005001:57738:57738 [0] NCCL INFO Channel 01/16 :    0   8   9  13  12  14  15  11  10   2   3   7   6   4   5   1
nid005001:57738:57738 [0] NCCL INFO Channel 02/16 :    0   1   3   2   4   5  13  12  10  11   9   8  14  15   7   6
nid005001:57738:57738 [0] NCCL INFO Channel 03/16 :    0   6   7  15  14   8   9  11  10  12  13   5   4   2   3   1
nid005001:57738:57738 [0] NCCL INFO Channel 04/16 :    0   1   5   4   6   7   3   2  10  11  15  14  12  13   9   8
nid005001:57738:57738 [0] NCCL INFO Channel 05/16 :    0   8   9  13  12  14  15  11  10   2   3   7   6   4   5   1
nid005001:57738:57738 [0] NCCL INFO Channel 06/16 :    0   1   3   2   4   5  13  12  10  11   9   8  14  15   7   6
nid005001:57738:57738 [0] NCCL INFO Channel 07/16 :    0   6   7  15  14   8   9  11  10  12  13   5   4   2   3   1
nid005001:57738:57738 [0] NCCL INFO Channel 08/16 :    0   1   5   4   6   7   3   2  10  11  15  14  12  13   9   8
nid005001:57738:57738 [0] NCCL INFO Channel 09/16 :    0   8   9  13  12  14  15  11  10   2   3   7   6   4   5   1
nid005001:57738:57738 [0] NCCL INFO Channel 10/16 :    0   1   3   2   4   5  13  12  10  11   9   8  14  15   7   6
nid005001:57738:57738 [0] NCCL INFO Channel 11/16 :    0   6   7  15  14   8   9  11  10  12  13   5   4   2   3   1
nid005001:57738:57738 [0] NCCL INFO Channel 12/16 :    0   1   5   4   6   7   3   2  10  11  15  14  12  13   9   8
nid005001:57738:57738 [0] NCCL INFO Channel 13/16 :    0   8   9  13  12  14  15  11  10   2   3   7   6   4   5   1
nid005001:57738:57738 [0] NCCL INFO Channel 14/16 :    0   1   3   2   4   5  13  12  10  11   9   8  14  15   7   6
nid005001:57738:57738 [0] NCCL INFO Channel 15/16 :    0   6   7  15  14   8   9  11  10  12  13   5   4   2   3   1
nid005001:57738:57738 [0] NCCL INFO Ring 0 : 8 -> 0 -> 1 comm 0x5653fa136be0 nRanks 16 busId c1000
nid005001:57738:57738 [0] NCCL INFO Ring 1 : 1 -> 0 -> 8 comm 0x5653fa136be0 nRanks 16 busId c1000
nid005001:57738:57738 [0] NCCL INFO Ring 2 : 6 -> 0 -> 1 comm 0x5653fa136be0 nRanks 16 busId c1000
nid005001:57738:57738 [0] NCCL INFO Ring 3 : 1 -> 0 -> 6 comm 0x5653fa136be0 nRanks 16 busId c1000
nid005001:57738:57738 [0] NCCL INFO Ring 4 : 8 -> 0 -> 1 comm 0x5653fa136be0 nRanks 16 busId c1000
nid005001:57738:57738 [0] NCCL INFO Ring 5 : 1 -> 0 -> 8 comm 0x5653fa136be0 nRanks 16 busId c1000
nid005001:57738:57738 [0] NCCL INFO Ring 6 : 6 -> 0 -> 1 comm 0x5653fa136be0 nRanks 16 busId c1000
nid005001:57738:57738 [0] NCCL INFO Ring 7 : 1 -> 0 -> 6 comm 0x5653fa136be0 nRanks 16 busId c1000
nid005001:57738:57738 [0] NCCL INFO Ring 8 : 8 -> 0 -> 1 comm 0x5653fa136be0 nRanks 16 busId c1000
nid005001:57738:57738 [0] NCCL INFO Ring 9 : 1 -> 0 -> 8 comm 0x5653fa136be0 nRanks 16 busId c1000
nid005001:57738:57738 [0] NCCL INFO Ring 10 : 6 -> 0 -> 1 comm 0x5653fa136be0 nRanks 16 busId c1000
nid005001:57738:57738 [0] NCCL INFO Ring 11 : 1 -> 0 -> 6 comm 0x5653fa136be0 nRanks 16 busId c1000
nid005001:57738:57738 [0] NCCL INFO Ring 12 : 8 -> 0 -> 1 comm 0x5653fa136be0 nRanks 16 busId c1000
nid005001:57738:57738 [0] NCCL INFO Ring 13 : 1 -> 0 -> 8 comm 0x5653fa136be0 nRanks 16 busId c1000
nid005001:57738:57738 [0] NCCL INFO Ring 14 : 6 -> 0 -> 1 comm 0x5653fa136be0 nRanks 16 busId c1000
nid005001:57738:57738 [0] NCCL INFO Ring 15 : 1 -> 0 -> 6 comm nid005001:57744:57744 [6] NCCL INFO Ring 0 : 4 -> 6 -> 7 comm 0x557546059a30 nRanks 16 busId d9000
nid005001:57744:57744 [6] NCCL INFO Ring 1 : 7 -> 6 -> 4 comm 0x557546059a30 nRanks 16 busId d9000
nid005001:57744:57744 [6] NCCL INFO Ring 2 : 7 -> 6 -> 0 comm 0x557546059a30 nRanks 16 busId d9000
nid005001:57744:57744 [6] NCCL INFO Ring 3 : 0 -> 6 -> 7 comm 0x557546059a30 nRanks 16 busId d9000
nid005001:57744:57744 [6] NCCL INFO Ring 4 : 4 -> 6 -> 7 comm 0x557546059a30 nRanks 16 busId d9000
nid005001:57744:57744 [6] NCCL INFO Ring 5 : 7 -> 6 -> 4 comm 0x557546059a30 nRanks 16 busId d9000
nid005001:57744:57744 [6] NCCL INFO Ring 6 : 7 -> 6 -> 0 comm 0x557546059a30 nRanks 16 busId d9000
nid005001:57744:57744 [6] NCCL INFO Ring 7 : 0 -> 6 -> 7 comm 0x557546059a30 nRanks 16 busId d9000
nid005001:57744:57744 [6] NCCL INFO Ring 8 : 4 -> 6 -> 7 comm 0x557546059a30 nRanks 16 busId d9000
nid005001:57744:57744 [6] NCCL INFO Ring 9 : 7 -> 6 -> 4 comm 0x557546059a30 nRanks 16 busId d9000
nid005001:57744:57744 [6] NCCL INFO Ring 10 : 7 -> 6 -> 0 comm 0x557546059a30 nRanks 16 busId d9000
nid005001:57744:57744 [6] NCCL INFO Ring 11 : 0 -> 6 -> 7 comm 0x557546059a30 nRanks 16 busId d9000
nid005001:57744:57744 [6] NCCL INFO Ring 12 : 4 -> 6 -> 7 comm 0x557546059a30 nRanks 16 busId d9000
nid005001:57744:57744 [6] NCCL INFO Ring 13 : 7 -> 6 -> 4 comm 0x557546059a30 nRanks 16 busId d9000
nid005001:57744:57744 [6] NCCL INFO Ring 14 : 7 -> 6 -> 0 comm 0x557546059a30 nRanks 16 busId d9000
nid005001:57744:57744 [6] NCCL INFO Ring 15 : 0 -> 6 -> 7 comm 0x557546059a30 nRanks 16 busId d9000
nid005001:57744:57744 [6] NCCL INFO Trees [0] 7/-1/-1->6->4 [1] 4/-1/-1->6->7 [2] 0/-1/-1->6->7 [3] 7/-1/-1->6->0 [4] 7/-1/-1->6->4 [5] 4/-1/-1->6->7 [6] 0/-1/-1->6->7 [7] 7/-1/-1->6->0 [8] 7/-1/-1->6->4 [9] 4/-1/-1->6->7 [10] 0/-1/-1->6->7 [11] 7/-1/-1->6->0 [12] 7/-1/-1->6->4 [13] 4/-1/-1->6->7 [14] 0/-1/-1->6->7 [15] 7/-1/-1->6->0 comm 0x557546059a30 nRanks 16 busId d9000
nid005001:57744:57744 [6] NCCL INFO P2P Chunksize set to 131072
nid005001:57743:57743 [7] NCCL INFO Ring 9 : 3 -> 7 -> 6 comm 0x55fa1ad54810 nRanks 16 busId de000
nid005001:57743:57743 [7] NCCL INFO Ring 10 : 15 -> 7 -> 6 comm 0x55fa1ad54810 nRanks 16 busId de000
nid005001:57743:57743 [7] NCCL INFO Ring 11 : 6 -> 7 -> 15 comm 0x55fa1ad54810 nRanks 16 busId de000
nid005001:57743:57743 [7] NCCL INFO Ring 12 : 6 -> 7 -> 3 comm 0x55fa1ad54810 nRanks 16 busId de000
nid005001:57743:57743 [7] NCCL INFO Ring 13 : 3 -> 7 -> 6 comm 0x55fa1ad54810 nRanks 16 busId de000
nid005001:57743:57743 [7] NCCL INFO Ring 14 : 15 -> 7 -> 6 comm 0x55fa1ad54810 nRanks 16 busId de000
nid005001:57743:57743 [7] NCCL INFO Ring 15 : 6 -> 7 -> 15 comm 0x55fa1ad54810 nRanks 16 busId de000
nid005001:57743:57743 [7] NCCL INFO Trees [0] 3/-1/-1->7->6 [1] 6/-1/-1->7->3 [2] 6/15/-1->7->-1 [3] -1/-1/-1->7->6 [4] 3/-1/-1->7->6 [5] 6/-1/-1->7->3 [6] 6/15/-1->7->-1 [7] -1/-1/-1->7->6 [8] 3/-1/-1->7->6 [9] 6/-1/-1->7->3 [10] 6/-1/-1->7->15 [11] -1/-1/-1->7->6 [12] 3/-1/-1->7->6 [13] 6/-1/-1->7->3 [14] 6/-1/-1->7->15 [15] -1/-1/-1->7->6 comm 0x55fa1ad54810 nRanks 16 busId de000
nid005001:57743:57743 [7] NCCL INFO P2P Chunksize set to 131072
nid005001:57739:57739 [2] NCCL INFO Ring 8 : 3 -> 2 -> 10 comm 0x556bab7ca8d0 nRanks 16 busId c9000
nid005001:57739:57739 [2] NCCL INFO Ring 9 : 10 -> 2 -> 3 comm 0x556bab7ca8d0 nRanks 16 busId c9000
nid005001:57739:57739 [2] NCCL INFO Ring 10 : 3 -> 2 -> 4 comm 0x556bab7ca8d0 nRanks 16 busId c9000
nid005001:57739:57739 [2] NCCL INFO Ring 11 : 4 -> 2 -> 3 comm 0x556bab7ca8d0 nRanks 16 busId c9000
nid005001:57739:57739 [2] NCCL INFO Ring 12 : 3 -> 2 -> 10 comm 0x556bab7ca8d0 nRanks 16 busId c9000
nid005001:57739:57739 [2] NCCL INFO Ring 13 : 10 -> 2 -> 3 comm 0x556bab7ca8d0 nRanks 16 busId c9000
nid005001:57739:57739 [2] NCCL INFO Ring 14 : 3 -> 2 -> 4 comm 0x556bab7ca8d0 nRanks 16 busId c9000
nid005001:57739:57739 [2] NCCL INFO Ring 15 : 4 -> 2 -> 3 comm 0x556bab7ca8d0 nRanks 16 busId c9000
nid005001:57739:57739 [2] NCCL INFO Trees [0] -1/-1/-1->2->3 [1] 3/10/-1->2->-1 [2] 4/-1/-1->2->3 [3] 3/-1/-1->2->4 [4] -1/-1/-1->2->3 [5] 3/10/-1->2->-1 [6] 4/-1/-1->2->3 [7] 3/-1/-1->2->4 [8] -1/-1/-1->2->3 [9] 3/-1/-1->2->10 [10] 4/-1/-1->2->3 [11] 3/-1/-1->2->4 [12] -1/-1/-1->2->3 [13] 3/-1/-1->2->10 [14] 4/-1/-1->2->3 [15] 3/-1/-1->2->4 comm 0x556bab7ca8d0 nRanks 16 busId c9000
nid005001:57739:57739 [2] NCCL INFO P2P Chunksize set to 131072
nid005001:57741:57741 [1] NCCL INFO Ring 7 : 3 -> 1 -> 0 comm 0x564286dbbca0 nRanks 16 busId c6000
nid005001:57741:57741 [1] NCCL INFO Ring 8 : 0 -> 1 -> 5 comm 0x564286dbbca0 nRanks 16 busId c6000
nid005001:57741:57741 [1] NCCL INFO Ring 9 : 5 -> 1 -> 0 comm 0x564286dbbca0 nRanks 16 busId c6000
nid005001:57741:57741 [1] NCCL INFO Ring 10 : 0 -> 1 -> 3 comm 0x564286dbbca0 nRanks 16 busId c6000
nid005001:57741:57741 [1] NCCL INFO Ring 11 : 3 -> 1 -> 0 comm 0x564286dbbca0 nRanks 16 busId c6000
nid005001:57741:57741 [1] NCCL INFO Ring 12 : 0 -> 1 -> 5 comm 0x564286dbbca0 nRanks 16 busId c6000
nid005001:57741:57741 [1] NCCL INFO Ring 13 : 5 -> 1 -> 0 comm 0x564286dbbca0 nRanks 16 busId c6000
nid005001:57741:57741 [1] NCCL INFO Ring 14 : 0 -> 1 -> 3 comm 0x564286dbbca0 nRanks 16 busId c6000
nid005001:57741:57741 [1] NCCL INFO Ring 15 : 3 -> 1 -> 0 comm 0x564286dbbca0 nRanks 16 busId c6000
nid005001:57741:57741 [1] NCCL INFO Trees [0] 5/-1/-1->1->0 [1] 0/-1/-1->1->5 [2] 3/-1/-1->1->0 [3] 0/-1/-1->1->3 [4] 5/-1/-1->1->0 [5] 0/-1/-1->1->5 [6] 3/-1/-1->1->0 [7] 0/-1/-1->1->3 [8] 5/-1/-1->1->0 [9] 0/-1/-1->1->5 [10] 3/-1/-1->1->0 [11] 0/-1/-1->1->3 [12] 5/-1/-1->1->0 [13] 0/-1/-1->1->5 [14] 3/-1/-1->1->0 [15] 0/-1/-1->1->3 comm 0x564286dbbca0 nRanks 16 busId c6000
nid005001:57741:57741 [1] NCCL INFO P2P Chunksize set to 131072
0x5653fa136be0 nRanks 16 busId c1000
nid005001:57738:57738 [0] NCCL INFO Trees [0] 1/8/-1->0->-1 [1] -1/-1/-1->0->1 [2] 1/-1/-1->0->6 [3] 6/-1/-1->0->1 [4] 1/8/-1->0->-1 [5] -1/-1/-1->0->1 [6] 1/-1/-1->0->6 [7] 6/-1/-1->0->1 [8] 1/-1/-1->0->8 [9] -1/-1/-1->0->1 [10] 1/-1/-1->0->6 [11] 6/-1/-1->0->1 [12] 1/-1/-1->0->8 [13] -1/-1/-1->0->1 [14] 1/-1/-1->0->6 [15] 6/-1/-1->0->1 comm 0x5653fa136be0 nRanks 16 busId c1000
nid005001:57738:57738 [0] NCCL INFO P2P Chunksize set to 131072
nid005005:93051:93051 [7] NCCL INFO comm 0x556dd7d0a120 rank 15 nRanks 16 nNodes 2 localRanks 8 localRank 7 MNNVL 0
nid005005:93051:93051 [7] NCCL INFO Tree 2 : 7 -> 15 -> 14/-1/-1
nid005005:93051:93051 [7] NCCL INFO Tree 10 : -1 -> 15 -> 14/7/-1
nid005005:93051:93051 [7] NCCL INFO Tree 6 : 7 -> 15 -> 14/-1/-1
nid005005:93051:93051 [7] NCCL INFO Tree 14 : -1 -> 15 -> 14/7/-1
nid005005:93051:93051 [7] NCCL INFO Ring 0 : 11 -> 15 -> 14 comm 0x556dd7d0a120 nRanks 16 busId de000
nid005005:93051:93051 [7] NCCL INFO Ring 1 : 14 -> 15 -> 11 comm 0x556dd7d0a120 nRanks 16 busId de000
nid005005:93051:93051 [7] NCCL INFO Ring 2 : 14 -> 15 -> 7 comm 0x556dd7d0a120 nRanks 16 busId de000
nid005005:93051:93051 [7] NCCL INFO Ring 3 : 7 -> 15 -> 14 comm 0x556dd7d0a120 nRanks 16 busId de000
nid005005:93051:93051 [7] NCCL INFO Ring 4 : 11 -> 15 -> 14 comm 0x556dd7d0a120 nRanks 16 busId de000
nid005005:93051:93051 [7] NCCL INFO Ring 5 : 14 -> 15 -> 11 comm 0x556dd7d0a120 nRanks 16 busId de000
nid005005:93051:93051 [7] NCCL INFO Ring 6 : 14 -> 15 -> 7 comm 0x556dd7d0a120 nRanks 16 busId de000
nid005005:93048:93048 [5] NCCL INFO comm 0x56205b7ca300 rank 13 nRanks 16 nNodes 2 localRanks 8 localRank 5 MNNVL 0
nid005005:93048:93048 [5] NCCL INFO Tree 3 : 5 -> 13 -> 12/-1/-1
nid005005:93048:93048 [5] NCCL INFO Tree 11 : -1 -> 13 -> 12/5/-1
nid005005:93048:93048 [5] NCCL INFO Tree 7 : 5 -> 13 -> 12/-1/-1
nid005005:93048:93048 [5] NCCL INFO Tree 15 : -1 -> 13 -> 12/5/-1
nid005005:93048:93048 [5] NCCL INFO Ring 0 : 12 -> 13 -> 9 comm 0x56205b7ca300 nRanks 16 busId d6000
nid005005:93048:93048 [5] NCCL INFO Ring 1 : 9 -> 13 -> 12 comm 0x56205b7ca300 nRanks 16 busId d6000
nid005005:93048:93048 [5] NCCL INFO Ring 2 : 5 -> 13 -> 12 comm 0x56205b7ca300 nRanks 16 busId d6000
nid005005:93048:93048 [5] NCCL INFO Ring 3 : 12 -> 13 -> 5 comm 0x56205b7ca300 nRanks 16 busId d6000
nid005005:93048:93048 [5] NCCL INFO Ring 4 : 12 -> 13 -> 9 comm 0x56205b7ca300 nRanks 16 busId d6000
nid005005:93048:93048 [5] NCCL INFO Ring 5 : 9 -> 13 -> 12 comm 0x56205b7ca300 nRanks 16 busId d6000
nid005005:93048:93048 [5] NCCL INFO Ring 6 : 5 -> 13 -> 12 comm 0x56205b7ca300 nRanks 16 busId d6000
nid005005:93048:93048 [5] NCCL INFO Ring 7 : 12 -> 13 -> 5 comm 0x56205b7ca300 nRanks 16 busId d6000
nid005005:93048:93048 [5] NCCL INFO Ring 8 : 12 -> 13 -> 9 comm 0x56205b7ca300 nRanks 16 busId d6000
nid005005:93048:93048 [5] NCCL INFO Ring 9 : 9 -> 13 -> 12 comm 0x56205b7ca300 nRanks 16 busId d6000
nid005005:93048:93048 [5] NCCL INFO Ring 10 : 5 -> 13 -> 12 comm 0x56205b7ca300 nRanks 16 busId d6000
nid005005:93048:93048 [5] NCCL INFO Ring 11 : 12 -> 13 -> 5 comm 0x56205b7ca300 nRanks 16 busId d6000
nid005005:93048:93048 [5] NCCL INFO Ring 12 : 12 -> 13 -> 9 comm 0x56205b7ca300 nRanks 16 busId d6000
nid005005:93048:93048 [5] NCCL INFO Ring 13 : 9 -> 13 -> 12 comm 0x56205b7ca300 nRanks 16 busId d6000
nid005005:93048:93048 [5] NCCL INFO Ring 14 : 5 -> 13 -> 12 comm 0x56205b7ca300 nRanks 16 busId d6000
nid005005:93048:93048 [5] NCCL INFO Ring 15 : 12 -> 13 -> 5 comm 0x56205b7ca300 nRanks 16 busId d6000
nid005005:93048:93048 [5] NCCL INFO Trees [0] 12/-1/-1->13->9 [1] 9/-1/-1->13->12 [2] -1/-1/-1->13->12 [3] 12/-1/-1->13->5 [4] 12/-1/-1->13->9 [5] 9/-1/-1->13->12 [6] -1/-1/-1->13->12 [7] 12/-1/-1->13->5 [8] 12/-1/-1->13->9 [9] 9/-1/-1->13->12 [10] -1/-1/-1->13->12 [11] 12/5/-1->13->-1 [12] 12/-1/-1->13->9 [13] 9/-1/-1->13->12 [14] -1/-1/-1->13->12 [15] 12/5/-1->13->-1 comm 0x56205b7ca300 nRanks 16 busId d6000
nid005005:93048:93048 [5] NCCL INFO P2P Chunksize set to 131072
nid005005:93049:93049 [6] NCCL INFO comm 0x55eadb0915e0 rank 14 nRanks 16 nNodes 2 localRanks 8 localRank 6 MNNVL 0
nid005005:93049:93049 [6] NCCL INFO Tree 2 : 15 -> 14 -> 8/-1/-1
nid005005:93049:93049 [6] NCCL INFO Tree 10 : 15 -> 14 -> 8/-1/-1
nid005005:93049:93049 [6] NCCL INFO Tree 6 : 15 -> 14 -> 8/-1/-1
nid005005:93049:93049 [6] NCCL INFO Tree 14 : 15 -> 14 -> 8/-1/-1
nid005005:93049:93049 [6] NCCL INFO Ring 0 : 15 -> 14 -> 12 comm 0x55eadb0915e0 nRanks 16 busId d9000
nid005005:93049:93049 [6] NCCL INFO Ring 1 : 12 -> 14 -> 15 comm 0x55eadb0915e0 nRanks 16 busId d9000
nid005005:93049:93049 [6] NCCL INFO Ring 2 : 8 -> 14 -> 15 comm 0x55eadb0915e0 nRanks 16 busId d9000
nid005005:93049:93049 [6] NCCL INFO Ring 3 : 15 -> 14 -> 8 comm 0x55eadb0915e0 nRanks 16 busId d9000
nid005005:93049:93049 [6] NCCL INFO Ring 4 : 15 -> 14 -> 12 comm 0x55eadb0915e0 nRanks 16 busId d9000
nid005005:93049:93049 [6] NCCL INFO Ring 5 : 12 -> 14 -> 15 comm 0x55eadb0915e0 nRanks 16 busId d9000
nid005005:93049:93049 [6] NCCL INFO Ring 6 : 8 -> 14 -> 15 comm 0x55eadb0915e0 nRanks 16 busId d9000
nid005005:93049:93049 [6] NCCL INFO Ring 7 : 15 -> 14 -> 8 comm 0x55eadb0915e0 nRanks 16 busId d9000
nid005005:93049:93049 [6] NCCL INFO Ring 8 : 15 -> 14 -> 12 comm 0x55eadb0915e0 nRanks 16 busId d9000
nid005005:93049:93049 [6] NCCL INFO Ring 9 : 12 -> 14 -> 15 comm 0x55eadb0915e0 nRanks 16 busId d9000
nid005005:93049:93049 [6] NCCL INFO Ring 10 : 8 -> 14 -> 15 comm 0x55eadb0915e0 nRanks 16 busId d9000
nid005005:93049:93049 [6] NCCL INFO Ring 11 : 15 -> 14 -> 8 comm 0x55eadb0915e0 nRanks 16 busId d9000
nid005005:93049:93049 [6] NCCL INFO Ring 12 : 15 -> 14 -> 12 comm 0x55eadb0915e0 nRanks 16 busId d9000
nid005005:93049:93049 [6] NCCL INFO Ring 13 : 12 -> 14 -> 15 comm 0x55eadb0915e0 nRanks 16 busId d9000
nid005005:93049:93049 [6] NCCL INFO Ring 14 : 8 -> 14 -> 15 comm 0x55eadb0915e0 nRanks 16 busId d9000
nid005005:93049:93049 [6] NCCL INFO Ring 15 : 15 -> 14 -> 8 comm 0x55eadb0915e0 nRanks 16 busId d9000
nid005005:93049:93049 [6] NCCL INFO Trees [0] 15/-1/-1->14->12 [1] 12/-1/-1->14->15 [2] 8/-1/-1->14->15 [3] 15/-1/-1->14->8 [4] 15/-1/-1->14->12 [5] 12/-1/-1->14->15 [6] 8/-1/-1->14->15 [7] 15/-1/-1->14->8 [8] 15/-1/-1->14->12 [9] 12/-1/-1->14->15 [10] 8/-1/-1->14->15 [11] 15/-1/-1->14->8 [12] 15/-1/-1->14->12 [13] 12/-1/-1->14->15 [14] 8/-1/-1->14->15 [15] 15/-1/-1->14->8 comm 0x55eadb0915e0 nRanks 16 busId d9000
nid005005:93049:93049 [6] NCCL INFO P2P Chunksize set to 131072
nid005005:93046:93046 [4] NCCL INFO comm 0x5633435cdf70 rank 12 nRanks 16 nNodes 2 localRanks 8 localRank 4 MNNVL 0
nid005005:93046:93046 [4] NCCL INFO Tree 3 : 13 -> 12 -> 10/-1/-1
nid005005:93046:93046 [4] NCCL INFO Tree 11 : 13 -> 12 -> 10/-1/-1
nid005005:93046:93046 [4] NCCL INFO Tree 7 : 13 -> 12 -> 10/-1/-1
nid005005:93046:93046 [4] NCCL INFO Tree 15 : 13 -> 12 -> 10/-1/-1
nid005005:93046:93046 [4] NCCL INFO Ring 0 : 14 -> 12 -> 13 comm 0x5633435cdf70 nRanks 16 busId d1000
nid005005:93046:93046 [4] NCCL INFO Ring 1 : 13 -> 12 -> 14 comm 0x5633435cdf70 nRanks 16 busId d1000
nid005005:93046:93046 [4] NCCL INFO Ring 2 : 13 -> 12 -> 10 comm 0x5633435cdf70 nRanks 16 busId d1000
nid005005:93046:93046 [4] NCCL INFO Ring 3 : 10 -> 12 -> 13 comm 0x5633435cdf70 nRanks 16 busId d1000
nid005005:93046:93046 [4] NCCL INFO Ring 4 : 14 -> 12 -> 13 comm 0x5633435cdf70 nRanks 16 busId d1000
nid005005:93046:93046 [4] NCCL INFO Ring 5 : 13 -> 12 -> 14 comm 0x5633435cdf70 nRanks 16 busId d1000
nid005005:93046:93046 [4] NCCL INFO Ring 6 : 13 -> 12 -> 10 comm 0x5633435cdf70 nRanks 16 busId d1000
nid005005:93046:93046 [4] NCCL INFO Ring 7 : 10 -> 12 -> 13 comm 0x5633435cdf70 nRanks 16 busId d1000
nid005005:93046:93046 [4] NCCL INFO Ring 8 : 14 -> 12 -> 13 comm 0x5633435cdf70 nRanks 16 busId d1000
nid005005:93046:93046 [4] NCCL INFO Ring 9 : 13 -> 12 -> 14 comm 0x5633435cdf70 nRanks 16 busId d1000
nid005005:93046:93046 [4] NCCL INFO Ring 10 : 13 -> 12 -> 10 comm 0x5633435cdf70 nRanks 16 busId d1000
nid005005:93046:93046 [4] NCCL INFO Ring 11 : 10 -> 12 -> 13 comm 0x5633435cdf70 nRanks 16 busId d1000
nid005005:93046:93046 [4] NCCL INFO Ring 12 : 14 -> 12 -> 13 comm 0x5633435cdf70 nRanks 16 busId d1000
nid005005:93046:93046 [4] NCCL INFO Ring 13 : 13 -> 12 -> 14 comm 0x5633435cdf70 nRanks 16 busId d1000
nid005005:93046:93046 [4] NCCL INFO Ring 14 : 13 -> 12 -> 10 comm 0x5633435cdf70 nRanks 16 busId d1000
nid005005:93046:93046 [4] NCCL INFO Ring 15 : 10 -> 12 -> 13 comm 0x5633435cdf70 nRanks 16 busId d1000
nid005005:93046:93046 [4] NCCL INFO Trees [0] 14/-1/-1->12->13 [1] 13/-1/-1->12->14 [2] 13/-1/-1->12->10 [3] 10/-1/-1->12->13 [4] 14/-1/-1->12->13 [5] 13/-1/-1->12->14 [6] 13/-1/-1->12->10 [7] 10/-1/-1->12->13 [8] 14/-1/-1->12->13 [9] 13/-1/-1->12->14 [10] 13/-1/-1->12->10 [11] 10/-1/-1->12->13 [12] 14/-1/-1->12->13 [13] 13/-1/-1->12->14 [14] 13/-1/-1->12->10 [15] 10/-1/-1->12->13 comm 0x5633435cdf70 nRanks 16 busId d1000
nid005005:93046:93046 [4] NCCL INFO P2P Chunksize set to 131072
nid005005:93044:93044 [0] NCCL INFO comm 0x561b39d69c40 rank 8 nRanks 16 nNodes 2 localRanks 8 localRank 0 MNNVL 0
nid005005:93044:93044 [0] NCCL INFO Tree 0 : 0 -> 8 -> 9/-1/-1
nid005005:93044:93044 [0] NCCL INFO Tree 8 : -1 -> 8 -> 9/0/-1
nid005005:93044:93044 [0] NCCL INFO Tree 4 : 0 -> 8 -> 9/-1/-1
nid005005:93044:93044 [0] NCCL INFO Tree 12 : -1 -> 8 -> 9/0/-1
nid005005:93044:93044 [0] NCCL INFO Ring 0 : 9 -> 8 -> 0 comm 0x561b39d69c40 nRanks 16 busId c1000
nid005005:93044:93044 [0] NCCL INFO Ring 1 : 0 -> 8 -> 9 comm 0x561b39d69c40 nRanks 16 busId c1000
nid005005:93044:93044 [0] NCCL INFO Ring 2 : 9 -> 8 -> 14 comm 0x561b39d69c40 nRanks 16 busId c1000
nid005005:93044:93044 [0] NCCL INFO Ring 3 : 14 -> 8 -> 9 comm 0x561b39d69c40 nRanks 16 busId c1000
nid005005:93044:93044 [0] NCCL INFO Ring 4 : 9 -> 8 -> 0 comm 0x561b39d69c40 nRanks 16 busId c1000
nid005005:93044:93044 [0] NCCL INFO Ring 5 : 0 -> 8 -> 9 comm 0x561b39d69c40 nRanks 16 busId c1000
nid005005:93044:93044 [0] NCCL INFO Ring 6 : 9 -> 8 -> 14 comm 0x561b39d69c40 nRanks 16 busId c1000
nid005005:93044:93044 [0] NCCL INFO Ring 7 : 14 -> 8 -> 9 comm 0x561b39d69c40 nRanks 16 busId c1000
nid005005:93044:93044 [0] NCCL INFO Ring 8 : 9 -> 8 -> 0 comm 0x561b39d69c40 nRanks 16 busId c1000
nid005005:93044:93044 [0] NCCL INFO Ring 9 : 0 -> 8 -> 9 comm 0x561b39d69c40 nRanks 16 busId c1000
nid005005:93044:93044 [0] NCCL INFO Ring 10 : 9 -> 8 -> 14 comm 0x561b39d69c40 nRanks 16 busId c1000
nid005005:93044:93044 [0] NCCL INFO Ring 11 : 14 -> 8 -> 9 comm 0x561b39d69c40 nRanks 16 busId c1000
nid005005:93044:93044 [0] NCCL INFO Ring 12 : 9 -> 8 -> 0 comm 0x561b39d69c40 nRanks 16 busId c1000
nid005005:93044:93044 [0] NCCL INFO Ring 13 : 0 -> 8 -> 9 comm 0x561b39d69c40 nRanks 16 busId c1000
nid005005:93044:93044 [0] NCCL INFO Ring 14 : 9 -> 8 -> 14 comm 0x561b39d69c40 nRanks 16 busId c1000
nid005005:93044:93044 [0] NCCL INFO Ring 15 : 14 -> 8 -> 9 comm 0x561b39d69c40 nRanks 16 busId c1000
nid005005:93044:93044 [0] NCCL INFO Trees [0] 9/-1/-1->8->0 [1] -1/-1/-1->8->9 [2] 9/-1/-1->8->14 [3] 14/-1/-1->8->9 [4] 9/-1/-1->8->0 [5] -1/-1/-1->8->9 [6] 9/-1/-1->8->14 [7] 14/-1/-1->8->9 [8] 9/0/-1->8->-1 [9] -1/-1/-1->8->9 [10] 9/-1/-1->8->14 [11] 14/-1/-1->8->9 [12] 9/0/-1->8->-1 [13] -1/-1/-1->8->9 [14] 9/-1/-1->8->14 [15] 14/-1/-1->8->9 comm 0x561b39d69c40 nRanks 16 busId c1000
nid005005:93044:93044 [0] NCCL INFO P2P Chunksize set to 131072
nid005005:93050:93050 [3] NCCL INFO comm 0x55ee6d4ff060 rank 11 nRanks 16 nNodes 2 localRanks 8 localRank 3 MNNVL 0
nid005005:93050:93050 [3] NCCL INFO Tree 1 : 10 -> 11 -> 15/-1/-1
nid005005:93050:93050 [3] NCCL INFO Tree 9 : 10 -> 11 -> 15/-1/-1
nid005005:93050:93050 [3] NCCL INFO Tree 5 : 10 -> 11 -> 15/-1/-1
nid005005:93050:93050 [3] NCCL INFO Tree 13 : 10 -> 11 -> 15/-1/-1
nid005005:93050:93050 [3] NCCL INFO Ring 0 : 10 -> 11 -> 15 comm 0x55ee6d4ff060 nRanks 16 busId ce000
nid005005:93050:93050 [3] NCCL INFO Ring 1 : 15 -> 11 -> 10 comm 0x55ee6d4ff060 nRanks 16 busId ce000
nid005005:93050:93050 [3] NCCL INFO Ring 2 : 10 -> 11 -> 9 comm 0x55ee6d4ff060 nRanks 16 busId ce000
nid005005:93050:93050 [3] NCCL INFO Ring 3 : 9 -> 11 -> 10 comm 0x55ee6d4ff060 nRanks 16 busId ce000
nid005005:93050:93050 [3] NCCL INFO Ring 4 : 10 -> 11 -> 15 comm 0x55ee6d4ff060 nRanks 16 busId ce000
nid005005:93050:93050 [3] NCCL INFO Ring 5 : 15 -> 11 -> 10 comm 0x55ee6d4ff060 nRanks 16 busId ce000
nid005005:93050:93050 [3] NCCL INFO Ring 6 : 10 -> 11 -> 9 comm 0x55ee6d4ff060 nRanks 16 busId ce000
nid005005:93050:93050 [3] NCCL INFO Ring 7 : 9 -> 11 -> 10 comm 0x55ee6d4ff060 nRanks 16 busId ce000
nid005005:93050:93050 [3] NCCL INFO Ring 8 : 10 -> 11 -> 15 comm 0x55ee6d4ff060 nRanks 16 busId ce000
nid005005:93050:93050 [3] NCCL INFO Ring 9 : 15 -> 11 -> 10 comm 0x55ee6d4ff060 nRanks 16 busId ce000
nid005005:93050:93050 [3] NCCL INFO Ring 10 : 10 -> 11 -> 9 comm 0x55ee6d4ff060 nRanks 16 busId ce000
nid005005:93050:93050 [3] NCCL INFO Ring 11 : 9 -> 11 -> 10 comm 0x55ee6d4ff060 nRanks 16 busId ce000
nid005005:93050:93050 [3] NCCL INFO Ring 12 : 10 -> 11 -> 15 comm 0x55ee6d4ff060 nRanks 16 busId ce000
nid005005:93050:93050 [3] NCCL INFO Ring 13 : 15 -> 11 -> 10 comm 0x55ee6d4ff060 nRanks 16 busId ce000
nid005005:93050:93050 [3] NCCL INFO Ring 14 : 10 -> 11 -> 9 comm 0x55ee6d4ff060 nRanks 16 busId ce000
nid005005:93050:93050 [3] NCCL INFO Ring 15 : 9 -> 11 -> 10 comm 0x55ee6d4ff060 nRanks 16 busId ce000
nid005005:93050:93050 [3] NCCL INFO Trees [0] 10/-1/-1->11->15 [1] 15/-1/-1->11->10 [2] 10/-1/-1->11->9 [3] 9/-1/-1->11->10 [4] 10/-1/-1->11->15 [5] 15/-1/-1->11->10 [6] 10/-1/-1->11->9 [7] 9/-1/-1->11->10 [8] 10/-1/-1->11->15 [9] 15/-1/-1->11->10 [10] 10/-1/-1->11->9 [11] 9/-1/-1->11->10 [12] 10/-1/-1->11->15 [13] 15/-1/-1->11->10 [14] 10/-1/-1->11->9 [15] 9/-1/-1->11->10 comm 0x55ee6d4ff060 nRanks 16 busId ce000
nid005005:93050:93050 [3] NCCL INFO P2P Chunksize set to 131072
nid005005:93047:93047 [2] NCCL INFO comm 0x55aab634aaf0 rank 10 nRanks 16 nNodes 2 localRanks 8 localRank 2 MNNVL 0
nid005005:93047:93047 [2] NCCL INFO Tree 1 : 2 -> 10 -> 11/-1/-1
nid005005:93047:93047 [2] NCCL INFO Tree 9 : -1 -> 10 -> 11/2/-1
nid005005:93047:93047 [2] NCCL INFO Tree 5 : 2 -> 10 -> 11/-1/-1
nid005005:93047:93047 [2] NCCL INFO Tree 13 : -1 -> 10 -> 11/2/-1
nid005005:93047:93047 [2] NCCL INFO Ring 0 : 2 -> 10 -> 11 comm 0x55aab634aaf0 nRanks 16 busId c9000
nid005005:93047:93047 [2] NCCL INFO Ring 1 : 11 -> 10 -> 2 comm 0x55aab634aaf0 nRanks 16 busId c9000
nid005005:93047:93047 [2] NCCL INFO Ring 2 : 12 -> 10 -> 11 comm 0x55aab634aaf0 nRanks 16 busId c9000
nid005005:93047:93047 [2] NCCL INFO Ring 3 : 11 -> 10 -> 12 comm 0x55aab634aaf0 nRanks 16 busId c9000
nid005005:93047:93047 [2] NCCL INFO Ring 4 : 2 -> 10 -> 11 comm 0x55aab634aaf0 nRanks 16 busId c9000
nid005005:93047:93047 [2] NCCL INFO Ring 5 : 11 -> 10 -> 2 comm 0x55aab634aaf0 nRanks 16 busId c9000
nid005005:93047:93047 [2] NCCL INFO Ring 6 : 12 -> 10 -> 11 comm 0x55aab634aaf0 nRanks 16 busId c9000
nid005005:93047:93047 [2] NCCL INFO Ring 7 : 11 -> 10 -> 12 comm 0x55aab634aaf0 nRanks 16 busId c9000
nid005005:93047:93047 [2] NCCL INFO Ring 8 : 2 -> 10 -> 11 comm 0x55aab634aaf0 nRanks 16 busId c9000
nid005005:93047:93047 [2] NCCL INFO Ring 9 : 11 -> 10 -> 2 comm 0x55aab634aaf0 nRanks 16 busId c9000
nid005005:93047:93047 [2] NCCL INFO Ring 10 : 12 -> 10 -> 11 comm 0x55aab634aaf0 nRanks 16 busId c9000
nid005005:93047:93047 [2] NCCL INFO Ring 11 : 11 -> 10 -> 12 comm 0x55aab634aaf0 nRanks 16 busId c9000
nid005005:93047:93047 [2] NCCL INFO Ring 12 : 2 -> 10 -> 11 comm 0x55aab634aaf0 nRanks 16 busId c9000
nid005005:93047:93047 [2] NCCL INFO Ring 13 : 11 -> 10 -> 2 comm 0x55aab634aaf0 nRanks 16 busId c9000
nid005005:93047:93047 [2] NCCL INFO Ring 14 : 12 -> 10 -> 11 comm 0x55aab634aaf0 nRanks 16 busId c9000
nid005005:93047:93047 [2] NCCL INFO Ring 15 : 11 -> 10 -> 12 comm 0x55aab634aaf0 nRanks 16 busId c9000
nid005005:93047:93047 [2] NCCL INFO Trees [0] -1/-1/-1->10->11 [1] 11/-1/-1->10->2 [2] 12/-1/-1->10->11 [3] 11/-1/-1->10->12 [4] -1/-1/-1->10->11 [5] 11/-1/-1->10->2 [6] 12/-1/-1->10->11 [7] 11/-1/-1->10->12 [8] -1/-1/-1->10->11 [9] 11/2/-1->10->-1 [10] 12/-1/-1->10->11 [11] 11/-1/-1->10->12 [12] -1/-1/-1->10->11 [13] 11/2/-1->10->-1 [14] 12/-1/-1->10->11 [15] 11/-1/-1->10->12 comm 0x55aab634aaf0 nRanks 16 busId c9000
nid005005:93047:93047 [2] NCCL INFO P2P Chunksize set to 131072
nid005005:93045:93045 [1] NCCL INFO comm 0x5633a9c121c0 rank 9 nRanks 16 nNodes 2 localRanks 8 localRank 1 MNNVL 0
nid005005:93045:93045 [1] NCCL INFO Tree 0 : 8 -> 9 -> 13/-1/-1
nid005005:93045:93045 [1] NCCL INFO Tree 8 : 8 -> 9 -> 13/-1/-1
nid005005:93045:93045 [1] NCCL INFO Tree 4 : 8 -> 9 -> 13/-1/-1
nid005005:93045:93045 [1] NCCL INFO Tree 12 : 8 -> 9 -> 13/-1/-1
nid005005:93045:93045 [1] NCCL INFO Ring 0 : 13 -> 9 -> 8 comm 0x5633a9c121c0 nRanks 16 busId c6000
nid005005:93045:93045 [1] NCCL INFO Ring 1 : 8 -> 9 -> 13 comm 0x5633a9c121c0 nRanks 16 busId c6000
nid005005:93045:93045 [1] NCCL INFO Ring 2 : 11 -> 9 -> 8 comm 0x5633a9c121c0 nRanks 16 busId c6000
nid005005:93045:93045 [1] NCCL INFO Ring 3 : 8 -> 9 -> 11 comm 0x5633a9c121c0 nRanks 16 busId c6000
nid005005:93045:93045 [1] NCCL INFO Ring 4 : 13 -> 9 -> 8 comm 0x5633a9c121c0 nRanks 16 busId c6000
nid005005:93045:93045 [1] NCCL INFO Ring 5 : 8 -> 9 -> 13 comm 0x5633a9c121c0 nRanks 16 busId c6000
nid005005:93045:93045 [1] NCCL INFO Ring 6 : 11 -> 9 -> 8 comm 0x5633a9c121c0 nRanks 16 busId c6000
nid005005:93045:93045 [1] NCCL INFO Ring 7 : 8 -> 9 -> 11 comm 0x5633a9c121c0 nRanks 16 busId c6000
nid005005:93045:93045 [1] NCCL INFO Ring 8 : 13 -> 9 -> 8 comm 0x5633a9c121c0 nRanks 16 busId c6000
nid005005:93045:93045 [1] NCCL INFO Ring 9 : 8 -> 9 -> 13 comm 0x5633a9c121c0 nRanks 16 busId c6000
nid005005:93045:93045 [1] NCCL INFO Ring 10 : 11 -> 9 -> 8 comm 0x5633a9c121c0 nRanks 16 busId c6000
nid005005:93045:93045 [1] NCCL INFO Ring 11 : 8 -> 9 -> 11 comm 0x5633a9c121c0 nRanks 16 busId c6000
nid005005:93045:93045 [1] NCCL INFO Ring 12 : 13 -> 9 -> 8 comm 0x5633a9c121c0 nRanks 16 busId c6000
nid005005:93045:93045 [1] NCCL INFO Ring 13 : 8 -> 9 -> 13 comm 0x5633a9c121c0 nRanks 16 busId c6000
nid005005:93045:93045 [1] NCCL INFO Ring 14 : 11 -> 9 -> 8 comm 0x5633a9c121c0 nRanks 16 busId c6000
nid005005:93045:93045 [1] NCCL INFO Ring 15 : 8 -> 9 -> 11 comm 0x5633a9c121c0 nRanks 16 busId c6000
nid005005:93045:93045 [1] NCCL INFO Trees [0] 13/-1/-1->9->8 [1] 8/-1/-1->9->13 [2] 11/-1/-1->9->8 [3] 8/-1/-1->9->11 [4] 13/-1/-1->9->8 [5] 8/-1/-1->9->13 [6] 11/-1/-1->9->8 [7] 8/-1/-1->9->11 [8] 13/-1/-1->9->8 [9] 8/-1/-1->9->13 [10] 11/-1/-1->9->8 [11] 8/-1/-1->9->11 [12] 13/-1/-1->9->8 [13] 8/-1/-1->9->13 [14] 11/-1/-1->9->8 [15] 8/-1/-1->9->11 comm 0x5633a9c121c0 nRanks 16 busId c6000
nid005005:93045:93045 [1] NCCL INFO P2P Chunksize set to 131072
nid005005:93051:93051 [7] NCCL INFO Ring 7 : 7 -> 15 -> 14 comm 0x556dd7d0a120 nRanks 16 busId de000
nid005005:93051:93051 [7] NCCL INFO Ring 8 : 11 -> 15 -> 14 comm 0x556dd7d0a120 nRanks 16 busId de000
nid005005:93051:93051 [7] NCCL INFO Ring 9 : 14 -> 15 -> 11 comm 0x556dd7d0a120 nRanks 16 busId de000
nid005005:93051:93051 [7] NCCL INFO Ring 10 : 14 -> 15 -> 7 comm 0x556dd7d0a120 nRanks 16 busId de000
nid005005:93051:93051 [7] NCCL INFO Ring 11 : 7 -> 15 -> 14 comm 0x556dd7d0a120 nRanks 16 busId de000
nid005005:93051:93051 [7] NCCL INFO Ring 12 : 11 -> 15 -> 14 comm 0x556dd7d0a120 nRanks 16 busId de000
nid005005:93051:93051 [7] NCCL INFO Ring 13 : 14 -> 15 -> 11 comm 0x556dd7d0a120 nRanks 16 busId de000
nid005005:93051:93051 [7] NCCL INFO Ring 14 : 14 -> 15 -> 7 comm 0x556dd7d0a120 nRanks 16 busId de000
nid005005:93051:93051 [7] NCCL INFO Ring 15 : 7 -> 15 -> 14 comm 0x556dd7d0a120 nRanks 16 busId de000
nid005005:93051:93051 [7] NCCL INFO Trees [0] 11/-1/-1->15->14 [1] 14/-1/-1->15->11 [2] 14/-1/-1->15->7 [3] -1/-1/-1->15->14 [4] 11/-1/-1->15->14 [5] 14/-1/-1->15->11 [6] 14/-1/-1->15->7 [7] -1/-1/-1->15->14 [8] 11/-1/-1->15->14 [9] 14/-1/-1->15->11 [10] 14/7/-1->15->-1 [11] -1/-1/-1->15->14 [12] 11/-1/-1->15->14 [13] 14/-1/-1->15->11 [14] 14/7/-1->15->-1 [15] -1/-1/-1->15->14 comm 0x556dd7d0a120 nRanks 16 busId de000
nid005005:93051:93051 [7] NCCL INFO P2P Chunksize set to 131072
nid005005:93050:93132 [3] NCCL INFO New proxy recv connection 0 from local rank 3, transport 0
nid005005:93050:93050 [3] NCCL INFO Connected to proxy localRank 3 -> connection 0x1528b8001420
nid005005:93046:93046 [4] NCCL INFO Channel 00/0 : 12[d1000] -> 13[d6000] via P2P/IPC comm 0x5633435cdf70 nRanks 16
nid005005:93051:93134 [7] NCCL INFO New proxy recv connection 0 from local rank 7, transport 0
nid005005:93051:93051 [7] NCCL INFO Connected to proxy localRank 7 -> connection 0x150328001420
nid005005:93045:93137 [1] NCCL INFO New proxy recv connection 0 from local rank 1, transport 0
nid005005:93045:93045 [1] NCCL INFO Connected to proxy localRank 1 -> connection 0x14e628001420
nid005005:93049:93049 [6] NCCL INFO Channel 01/0 : 14[d9000] -> 15[de000] via P2P/IPC comm 0x55eadb0915e0 nRanks 16
nid005005:93044:93044 [0] NCCL INFO Channel 01/0 : 8[c1000] -> 9[c6000] via P2P/IPC comm 0x561b39d69c40 nRanks 16
nid005005:93047:93047 [2] NCCL INFO Channel 00/0 : 10[c9000] -> 11[ce000] via P2P/IPC comm 0x55aab634aaf0 nRanks 16
nid005005:93048:93131 [5] NCCL INFO New proxy recv connection 0 from local rank 5, transport 0
nid005005:93048:93048 [5] NCCL INFO Connected to proxy localRank 5 -> connection 0x14c2f8001420
nid005005:93046:93136 [4] NCCL INFO New proxy send connection 0 from local rank 4, transport 0
nid005005:93044:93135 [0] NCCL INFO New proxy send connection 0 from local rank 0, transport 0
nid005005:93049:93133 [6] NCCL INFO New proxy send connection 0 from local rank 6, transport 0
nid005005:93049:93049 [6] NCCL INFO Connected to proxy localRank 6 -> connection 0x152658001420
nid005005:93046:93046 [4] NCCL INFO Connected to proxy localRank 4 -> connection 0x147d20001420
nid005005:93044:93044 [0] NCCL INFO Connected to proxy localRank 0 -> connection 0x14ac38001420
nid005005:93047:93130 [2] NCCL INFO New proxy send connection 0 from local rank 2, transport 0
nid005005:93047:93047 [2] NCCL INFO Connected to proxy localRank 2 -> connection 0x14e97c001420
nid005005:93050:93132 [3] NCCL INFO New proxy recv connection 1 from local rank 3, transport 0
nid005005:93050:93050 [3] NCCL INFO Connected to proxy localRank 3 -> connection 0x1528b8001498
nid005005:93049:93049 [6] NCCL INFO Channel 02/0 : 14[d9000] -> 15[de000] via P2P/IPC comm 0x55eadb0915e0 nRanks 16
nid005005:93049:93133 [6] NCCL INFO New proxy send connection 1 from local rank 6, transport 0
nid005005:93049:93049 [6] NCCL INFO Connected to proxy localRank 6 -> connection 0x152658001498
nid005005:93047:93047 [2] NCCL INFO Channel 02/0 : 10[c9000] -> 11[ce000] via P2P/IPC comm 0x55aab634aaf0 nRanks 16
nid005005:93047:93130 [2] NCCL INFO New proxy send connection 1 from local rank 2, transport 0
nid005005:93047:93047 [2] NCCL INFO Connected to proxy localRank 2 -> connection 0x14e97c001498
nid005005:93045:93137 [1] NCCL INFO New proxy recv connection 1 from local rank 1, transport 0
nid005005:93046:93046 [4] NCCL INFO Channel 03/0 : 12[d1000] -> 13[d6000] via P2P/IPC comm 0x5633435cdf70 nRanks 16
nid005005:93045:93045 [1] NCCL INFO Connected to proxy localRank 1 -> connection 0x14e628001498
nid005005:93046:93136 [4] NCCL INFO New proxy send connection 1 from local rank 4, transport 0
nid005005:93046:93046 [4] NCCL INFO Connected to proxy localRank 4 -> connection 0x147d20001498
nid005005:93044:93044 [0] NCCL INFO Channel 03/0 : 8[c1000] -> 9[c6000] via P2P/IPC comm 0x561b39d69c40 nRanks 16
nid005005:93051:93134 [7] NCCL INFO New proxy recv connection 1 from local rank 7, transport 0
nid005005:93051:93051 [7] NCCL INFO Connected to proxy localRank 7 -> connection 0x150328001498
nid005005:93044:93135 [0] NCCL INFO New proxy send connection 1 from local rank 0, transport 0
nid005005:93044:93044 [0] NCCL INFO Connected to proxy localRank 0 -> connection 0x14ac38001498
nid005005:93048:93131 [5] NCCL INFO New proxy recv connection 1 from local rank 5, transport 0
nid005005:93048:93048 [5] NCCL INFO Connected to proxy localRank 5 -> connection 0x14c2f8001498
nid005005:93050:93132 [3] NCCL INFO New proxy recv connection 2 from local rank 3, transport 0
nid005005:93050:93050 [3] NCCL INFO Connected to proxy localRank 3 -> connection 0x1528b8001510
nid005005:93049:93049 [6] NCCL INFO Channel 05/0 : 14[d9000] -> 15[de000] via P2P/IPC comm 0x55eadb0915e0 nRanks 16
nid005005:93049:93133 [6] NCCL INFO New proxy send connection 2 from local rank 6, transport 0
nid005005:93049:93049 [6] NCCL INFO Connected to proxy localRank 6 -> connection 0x152658001510
nid005005:93047:93047 [2] NCCL INFO Channel 04/0 : 10[c9000] -> 11[ce000] via P2P/IPC comm 0x55aab634aaf0 nRanks 16
nid005005:93046:93046 [4] NCCL INFO Channel 04/0 : 12[d1000] -> 13[d6000] via P2P/IPC comm 0x5633435cdf70 nRanks 16
nid005005:93047:93130 [2] NCCL INFO New proxy send connection 2 from local rank 2, transport 0
nid005005:93047:93047 [2] NCCL INFO Connected to proxy localRank 2 -> connection 0x14e97c001510
nid005005:93045:93137 [1] NCCL INFO New proxy recv connection 2 from local rank 1, transport 0
nid005005:93046:93136 [4] NCCL INFO New proxy send connection 2 from local rank 4, transport 0
nid005005:93046:93046 [4] NCCL INFO Connected to proxy localRank 4 -> connection 0x147d20001510
nid005005:93045:93045 [1] NCCL INFO Connected to proxy localRank 1 -> connection 0x14e628001510
nid005005:93044:93044 [0] NCCL INFO Channel 05/0 : 8[c1000] -> 9[c6000] via P2P/IPC comm 0x561b39d69c40 nRanks 16
nid005005:93044:93135 [0] NCCL INFO New proxy send connection 2 from local rank 0, transport 0
nid005005:93044:93044 [0] NCCL INFO Connected to proxy localRank 0 -> connection 0x14ac38001510
nid005005:93051:93134 [7] NCCL INFO New proxy recv connection 2 from local rank 7, transport 0
nid005005:93051:93051 [7] NCCL INFO Connected to proxy localRank 7 -> connection 0x150328001510
nid005005:93048:93131 [5] NCCL INFO New proxy recv connection 2 from local rank 5, transport 0
nid005005:93048:93048 [5] NCCL INFO Connected to proxy localRank 5 -> connection 0x14c2f8001510
nid005005:93050:93132 [3] NCCL INFO New proxy recv connection 3 from local rank 3, transport 0
nid005005:93050:93050 [3] NCCL INFO Connected to proxy localRank 3 -> connection 0x1528b8001588
nid005005:93049:93049 [6] NCCL INFO Channel 06/0 : 14[d9000] -> 15[de000] via P2P/IPC comm 0x55eadb0915e0 nRanks 16
nid005005:93049:93133 [6] NCCL INFO New proxy send connection 3 from local rank 6, transport 0
nid005005:93049:93049 [6] NCCL INFO Connected to proxy localRank 6 -> connection 0x152658001588
nid005005:93047:93047 [2] NCCL INFO Channel 06/0 : 10[c9000] -> 11[ce000] via P2P/IPC comm 0x55aab634aaf0 nRanks 16
nid005005:93047:93130 [2] NCCL INFO New proxy send connection 3 from local rank 2, transport 0
nid005005:93047:93047 [2] NCCL INFO Connected to proxy localRank 2 -> connection 0x14e97c001588
nid005005:93046:93046 [4] NCCL INFO Channel 07/0 : 12[d1000] -> 13[d6000] via P2P/IPC comm 0x5633435cdf70 nRanks 16
nid005005:93046:93136 [4] NCCL INFO New proxy send connection 3 from local rank 4, transport 0
nid005005:93046:93046 [4] NCCL INFO Connected to proxy localRank 4 -> connection 0x147d20001588
nid005005:93045:93137 [1] NCCL INFO New proxy recv connection 3 from local rank 1, transport 0
nid005005:93045:93045 [1] NCCL INFO Connected to proxy localRank 1 -> connection 0x14e628001588
nid005005:93044:93044 [0] NCCL INFO Channel 07/0 : 8[c1000] -> 9[c6000] via P2P/IPC comm 0x561b39d69c40 nRanks 16
nid005005:93051:93134 [7] NCCL INFO New proxy recv connection 3 from local rank 7, transport 0
nid005005:93051:93051 [7] NCCL INFO Connected to proxy localRank 7 -> connection 0x150328001588
nid005005:93044:93135 [0] NCCL INFO New proxy send connection 3 from local rank 0, transport 0
nid005005:93044:93044 [0] NCCL INFO Connected to proxy localRank 0 -> connection 0x14ac38001588
nid005005:93050:93132 [3] NCCL INFO New proxy recv connection 4 from local rank 3, transport 0
nid005005:93050:93050 [3] NCCL INFO Connected to proxy localRank 3 -> connection 0x1528b8001600
nid005005:93047:93047 [2] NCCL INFO Channel 08/0 : 10[c9000] -> 11[ce000] via P2P/IPC comm 0x55aab634aaf0 nRanks 16
nid005005:93047:93130 [2] NCCL INFO New proxy send connection 4 from local rank 2, transport 0
nid005005:93047:93047 [2] NCCL INFO Connected to proxy localRank 2 -> connection 0x14e97c001600
nid005005:93049:93049 [6] NCCL INFO Channel 09/0 : 14[d9000] -> 15[de000] via P2P/IPC comm 0x55eadb0915e0 nRanks 16
nid005005:93049:93133 [6] NCCL INFO New proxy send connection 4 from local rank 6, transport 0
nid005005:93049:93049 [6] NCCL INFO Connected to proxy localRank 6 -> connection 0x152658001600
nid005005:93045:93137 [1] NCCL INFO New proxy recv connection 4 from local rank 1, transport 0
nid005005:93045:93045 [1] NCCL INFO Connected to proxy localRank 1 -> connection 0x14e628001600
nid005005:93046:93046 [4] NCCL INFO Channel 08/0 : 12[d1000] -> 13[d6000] via P2P/IPC comm 0x5633435cdf70 nRanks 16
nid005005:93046:93136 [4] NCCL INFO New proxy send connection 4 from local rank 4, transport 0
nid005005:93046:93046 [4] NCCL INFO Connected to proxy localRank 4 -> connection 0x147d20001600
nid005005:93048:93131 [5] NCCL INFO New proxy recv connection 3 from local rank 5, transport 0
nid005005:93048:93048 [5] NCCL INFO Connected to proxy localRank 5 -> connection 0x14c2f8001588
nid005005:93044:93044 [0] NCCL INFO Channel 09/0 : 8[c1000] -> 9[c6000] via P2P/IPC comm 0x561b39d69c40 nRanks 16
nid005005:93050:93132 [3] NCCL INFO New proxy recv connection 5 from local rank 3, transport 0
nid005005:93050:93050 [3] NCCL INFO Connected to proxy localRank 3 -> connection 0x1528b8001678
nid005005:93044:93135 [0] NCCL INFO New proxy send connection 4 from local rank 0, transport 0
nid005005:93044:93044 [0] NCCL INFO Connected to proxy localRank 0 -> connection 0x14ac38001600
nid005005:93047:93047 [2] NCCL INFO Channel 10/0 : 10[c9000] -> 11[ce000] via P2P/IPC comm 0x55aab634aaf0 nRanks 16
nid005005:93047:93130 [2] NCCL INFO New proxy send connection 5 from local rank 2, transport 0
nid005005:93051:93134 [7] NCCL INFO New proxy recv connection 4 from local rank 7, transport 0
nid005005:93051:93051 [7] NCCL INFO Connected to proxy localRank 7 -> connection 0x150328001600
nid005005:93047:93047 [2] NCCL INFO Connected to proxy localRank 2 -> connection 0x14e97c001678
nid005005:93049:93049 [6] NCCL INFO Channel 10/0 : 14[d9000] -> 15[de000] via P2P/IPC comm 0x55eadb0915e0 nRanks 16
nid005005:93049:93133 [6] NCCL INFO New proxy send connection 5 from local rank 6, transport 0
nid005005:93049:93049 [6] NCCL INFO Connected to proxy localRank 6 -> connection 0x152658001678
nid005005:93045:93137 [1] NCCL INFO New proxy recv connection 5 from local rank 1, transport 0
nid005005:93045:93045 [1] NCCL INFO Connected to proxy localRank 1 -> connection 0x14e628001678
nid005005:93046:93046 [4] NCCL INFO Channel 11/0 : 12[d1000] -> 13[d6000] via P2P/IPC comm 0x5633435cdf70 nRanks 16
nid005005:93046:93136 [4] NCCL INFO New proxy send connection 5 from local rank 4, transport 0
nid005005:93046:93046 [4] NCCL INFO Connected to proxy localRank 4 -> connection 0x147d20001678
nid005005:93048:93131 [5] NCCL INFO New proxy recv connection 4 from local rank 5, transport 0
nid005005:93048:93048 [5] NCCL INFO Connected to proxy localRank 5 -> connection 0x14c2f8001600
nid005005:93050:93132 [3] NCCL INFO New proxy recv connection 6 from local rank 3, transport 0
nid005005:93050:93050 [3] NCCL INFO Connected to proxy localRank 3 -> connection 0x1528b80016f0
nid005005:93047:93047 [2] NCCL INFO Channel 12/0 : 10[c9000] -> 11[ce000] via P2P/IPC comm 0x55aab634aaf0 nRanks 16
nid005005:93047:93130 [2] NCCL INFO New proxy send connection 6 from local rank 2, transport 0
nid005005:93047:93047 [2] NCCL INFO Connected to proxy localRank 2 -> connection 0x14e97c0016f0
nid005005:93049:93049 [6] NCCL INFO Channel 13/0 : 14[d9000] -> 15[de000] via P2P/IPC comm 0x55eadb0915e0 nRanks 16
nid005005:93049:93133 [6] NCCL INFO New proxy send connection 6 from local rank 6, transport 0
nid005005:93049:93049 [6] NCCL INFO Connected to proxy localRank 6 -> connection 0x1526580016f0
nid005005:93045:93137 [1] NCCL INFO New proxy recv connection 6 from local rank 1, transport 0
nid005005:93045:93045 [1] NCCL INFO Connected to proxy localRank 1 -> connection 0x14e6280016f0
nid005005:93044:93044 [0] NCCL INFO Channel 11/0 : 8[c1000] -> 9[c6000] via P2P/IPC comm 0x561b39d69c40 nRanks 16
nid005005:93044:93135 [0] NCCL INFO New proxy send connection 5 from local rank 0, transport 0
nid005005:93044:93044 [0] NCCL INFO Connected to proxy localRank 0 -> connection 0x14ac38001678
nid005005:93046:93046 [4] NCCL INFO Channel 12/0 : 12[d1000] -> 13[d6000] via P2P/IPC comm 0x5633435cdf70 nRanks 16
nid005005:93046:93136 [4] NCCL INFO New proxy send connection 6 from local rank 4, transport 0
nid005005:93046:93046 [4] NCCL INFO Connected to proxy localRank 4 -> connection 0x147d200016f0
nid005005:93051:93134 [7] NCCL INFO New proxy recv connection 5 from local rank 7, transport 0
nid005005:93051:93051 [7] NCCL INFO Connected to proxy localRank 7 -> connection 0x150328001678
nid005005:93048:93131 [5] NCCL INFO New proxy recv connection 5 from local rank 5, transport 0
nid005005:93048:93048 [5] NCCL INFO Connected to proxy localRank 5 -> connection 0x14c2f8001678
nid005005:93047:93047 [2] NCCL INFO Channel 14/0 : 10[c9000] -> 11[ce000] via P2P/IPC comm 0x55aab634aaf0 nRanks 16
nid005005:93047:93130 [2] NCCL INFO New proxy send connection 7 from local rank 2, transport 0
nid005005:93047:93047 [2] NCCL INFO Connected to proxy localRank 2 -> connection 0x14e97c001768
nid005005:93050:93132 [3] NCCL INFO New proxy recv connection 7 from local rank 3, transport 0
nid005005:93050:93050 [3] NCCL INFO Connected to proxy localRank 3 -> connection 0x1528b8001768
nid005005:93049:93049 [6] NCCL INFO Channel 14/0 : 14[d9000] -> 15[de000] via P2P/IPC comm 0x55eadb0915e0 nRanks 16
nid005005:93045:93137 [1] NCCL INFO New proxy recv connection 7 from local rank 1, transport 0
nid005005:93045:93045 [1] NCCL INFO Connected to proxy localRank 1 -> connection 0x14e628001768
nid005005:93049:93133 [6] NCCL INFO New proxy send connection 7 from local rank 6, transport 0
nid005005:93049:93049 [6] NCCL INFO Connected to proxy localRank 6 -> connection 0x152658001768
nid005001:57739:57739 [2] NCCL INFO Channel 01/0 : 2[c9000] -> 3[ce000] via P2P/IPC comm 0x556bab7ca8d0 nRanks 16
nid005001:57740:57829 [3] NCCL INFO New proxy recv connection 0 from local rank 3, transport 0
nid005005:93046:93046 [4] NCCL INFO Channel 15/0 : 12[d1000] -> 13[d6000] via P2P/IPC comm 0x5633435cdf70 nRanks 16
nid005005:93046:93136 [4] NCCL INFO New proxy send connection 7 from local rank 4, transport 0
nid005001:57740:57740 [3] NCCL INFO Connected to proxy localRank 3 -> connection 0x148ee0001420
nid005001:57739:57830 [2] NCCL INFO New proxy send connection 0 from local rank 2, transport 0
nid005001:57744:57744 [6] NCCL INFO Channel 00/0 : 6[d9000] -> 7[de000] via P2P/IPC comm 0x557546059a30 nRanks 16
nid005005:93046:93046 [4] NCCL INFO Connected to proxy localRank 4 -> connection 0x147d20001768
nid005001:57745:57831 [5] NCCL INFO New proxy recv connection 0 from local rank 5, transport 0
nid005001:57739:57739 [2] NCCL INFO Connected to proxy localRank 2 -> connection 0x149b0c001420
nid005001:57745:57745 [5] NCCL INFO Connected to proxy localRank 5 -> connection 0x14b1e0001420
nid005001:57744:57828 [6] NCCL INFO New proxy send connection 0 from local rank 6, transport 0
nid005001:57744:57744 [6] NCCL INFO Connected to proxy localRank 6 -> connection 0x14aaa8001420
nid005001:57741:57833 [1] NCCL INFO New proxy recv connection 0 from local rank 1, transport 0
nid005001:57742:57742 [4] NCCL INFO Channel 01/0 : 4[d1000] -> 5[d6000] via P2P/IPC comm 0x55649a5d5310 nRanks 16
nid005001:57741:57741 [1] NCCL INFO Connected to proxy localRank 1 -> connection 0x14ab1c001420
nid005001:57743:57826 [7] NCCL INFO New proxy recv connection 0 from local rank 7, transport 0
nid005001:57743:57743 [7] NCCL INFO Connected to proxy localRank 7 -> connection 0x14c1b0001420
nid005001:57742:57827 [4] NCCL INFO New proxy send connection 0 from local rank 4, transport 0
nid005001:57742:57742 [4] NCCL INFO Connected to proxy localRank 4 -> connection 0x14560c001420
nid005001:57738:57738 [0] NCCL INFO Channel 00/0 : 0[c1000] -> 1[c6000] via P2P/IPC comm 0x5653fa136be0 nRanks 16
nid005005:93044:93044 [0] NCCL INFO Channel 13/0 : 8[c1000] -> 9[c6000] via P2P/IPC comm 0x561b39d69c40 nRanks 16
nid005005:93044:93135 [0] NCCL INFO New proxy send connection 6 from local rank 0, transport 0
nid005005:93044:93044 [0] NCCL INFO Connected to proxy localRank 0 -> connection 0x14ac380016f0
nid005005:93051:93134 [7] NCCL INFO New proxy recv connection 6 from local rank 7, transport 0
nid005005:93051:93051 [7] NCCL INFO Connected to proxy localRank 7 -> connection 0x1503280016f0
nid005005:93047:93047 [2] NCCL INFO Channel 03/0 : 10[c9000] -> 12[d1000] via P2P/IPC comm 0x55aab634aaf0 nRanks 16
nid005005:93047:93130 [2] NCCL INFO New proxy send connection 8 from local rank 2, transport 0
nid005005:93047:93047 [2] NCCL INFO Connected to proxy localRank 2 -> connection 0x14e97c0017e0
nid005005:93050:93132 [3] NCCL INFO New proxy recv connection 8 from local rank 3, transport 0
nid005005:93050:93050 [3] NCCL INFO Connected to proxy localRank 3 -> connection 0x1528b80017e0
nid005001:57738:57834 [0] NCCL INFO New proxy send connection 0 from local rank 0, transport 0
nid005001:57738:57738 [0] NCCL INFO Connected to proxy localRank 0 -> connection 0x148ce8001420
nid005005:93048:93131 [5] NCCL INFO New proxy recv connection 6 from local rank 5, transport 0
nid005005:93048:93048 [5] NCCL INFO Connected to proxy localRank 5 -> connection 0x14c2f80016f0
nid005001:57743:57826 [7] NCCL INFO New proxy recv connection 1 from local rank 7, transport 0
nid005001:57743:57743 [7] NCCL INFO Connected to proxy localRank 7 -> connection 0x14c1b0001498
nid005001:57741:57833 [1] NCCL INFO New proxy recv connection 1 from local rank 1, transport 0
nid005001:57741:57741 [1] NCCL INFO Connected to proxy localRank 1 -> connection 0x14ab1c001498
nid005001:57739:57739 [2] NCCL INFO Channel 03/0 : 2[c9000] -> 3[ce000] via P2P/IPC comm 0x556bab7ca8d0 nRanks 16
nid005001:57740:57829 [3] NCCL INFO New proxy recv connection 1 from local rank 3, transport 0
nid005001:57740:57740 [3] NCCL INFO Connected to proxy localRank 3 -> connection 0x148ee0001498
nid005001:57739:57830 [2] NCCL INFO New proxy send connection 1 from local rank 2, transport 0
nid005001:57739:57739 [2] NCCL INFO Connected to proxy localRank 2 -> connection 0x149b0c001498
nid005001:57744:57744 [6] NCCL INFO Channel 03/0 : 6[d9000] -> 7[de000] via P2P/IPC comm 0x557546059a30 nRanks 16
nid005001:57744:57828 [6] NCCL INFO New proxy send connection 1 from local rank 6, transport 0
nid005001:57744:57744 [6] NCCL INFO Connected to proxy localRank 6 -> connection 0x14aaa8001498
nid005005:93044:93044 [0] NCCL INFO Channel 15/0 : 8[c1000] -> 9[c6000] via P2P/IPC comm 0x561b39d69c40 nRanks 16
nid005005:93044:93135 [0] NCCL INFO New proxy send connection 7 from local rank 0, transport 0
nid005005:93044:93044 [0] NCCL INFO Connected to proxy localRank 0 -> connection 0x14ac38001768
nid005001:57745:57831 [5] NCCL INFO New proxy recv connection 1 from local rank 5, transport 0
nid005001:57745:57745 [5] NCCL INFO Connected to proxy localRank 5 -> connection 0x14b1e0001498
nid005001:57742:57742 [4] NCCL INFO Channel 02/0 : 4[d1000] -> 5[d6000] via P2P/IPC comm 0x55649a5d5310 nRanks 16
nid005001:57742:57827 [4] NCCL INFO New proxy send connection 1 from local rank 4, transport 0
nid005001:57742:57742 [4] NCCL INFO Connected to proxy localRank 4 -> connection 0x14560c001498
nid005005:93051:93134 [7] NCCL INFO New proxy recv connection 7 from local rank 7, transport 0
nid005005:93051:93051 [7] NCCL INFO Connected to proxy localRank 7 -> connection 0x150328001768
nid005005:93047:93047 [2] NCCL INFO Channel 07/0 : 10[c9000] -> 12[d1000] via P2P/IPC comm 0x55aab634aaf0 nRanks 16
nid005005:93047:93130 [2] NCCL INFO New proxy send connection 9 from local rank 2, transport 0
nid005005:93047:93047 [2] NCCL INFO Connected to proxy localRank 2 -> connection 0x14e97c001858
nid005005:93050:93132 [3] NCCL INFO New proxy recv connection 9 from local rank 3, transport 0
nid005005:93050:93050 [3] NCCL INFO Connected to proxy localRank 3 -> connection 0x1528b8001858
nid005001:57743:57826 [7] NCCL INFO New proxy recv connection 2 from local rank 7, transport 0
nid005001:57743:57743 [7] NCCL INFO Connected to proxy localRank 7 -> connection 0x14c1b0001510
nid005001:57741:57833 [1] NCCL INFO New proxy recv connection 2 from local rank 1, transport 0
nid005001:57741:57741 [1] NCCL INFO Connected to proxy localRank 1 -> connection 0x14ab1c001510
nid005001:57739:57739 [2] NCCL INFO Channel 05/0 : 2[c9000] -> 3[ce000] via P2P/IPC comm 0x556bab7ca8d0 nRanks 16
nid005001:57739:57830 [2] NCCL INFO New proxy send connection 2 from local rank 2, transport 0
nid005001:57739:57739 [2] NCCL INFO Connected to proxy localRank 2 -> connection 0x149b0c001510
nid005001:57740:57829 [3] NCCL INFO New proxy recv connection 2 from local rank 3, transport 0
nid005001:57740:57740 [3] NCCL INFO Connected to proxy localRank 3 -> connection 0x148ee0001510
nid005005:93048:93131 [5] NCCL INFO New proxy recv connection 7 from local rank 5, transport 0
nid005005:93048:93048 [5] NCCL INFO Connected to proxy localRank 5 -> connection 0x14c2f8001768
nid005001:57744:57744 [6] NCCL INFO Channel 04/0 : 6[d9000] -> 7[de000] via P2P/IPC comm 0x557546059a30 nRanks 16
nid005001:57744:57828 [6] NCCL INFO New proxy send connection 2 from local rank 6, transport 0
nid005001:57744:57744 [6] NCCL INFO Connected to proxy localRank 6 -> connection 0x14aaa8001510
nid005005:93047:93047 [2] NCCL INFO Channel 11/0 : 10[c9000] -> 12[d1000] via P2P/IPC comm 0x55aab634aaf0 nRanks 16
nid005001:57743:57826 [7] NCCL INFO New proxy recv connection 3 from local rank 7, transport 0
nid005001:57743:57743 [7] NCCL INFO Connected to proxy localRank 7 -> connection 0x14c1b0001588
nid005005:93047:93130 [2] NCCL INFO New proxy send connection 10 from local rank 2, transport 0
nid005005:93047:93047 [2] NCCL INFO Connected to proxy localRank 2 -> connection 0x14e97c0018d0
nid005005:93050:93132 [3] NCCL INFO New proxy recv connection 10 from local rank 3, transport 0
nid005005:93050:93050 [3] NCCL INFO Connected to proxy localRank 3 -> connection 0x1528b80018d0
nid005005:93045:93045 [1] NCCL INFO Channel 03/0 : 9[c6000] -> 11[ce000] via P2P/IPC comm 0x5633a9c121c0 nRanks 16
nid005005:93045:93137 [1] NCCL INFO New proxy send connection 8 from local rank 1, transport 0
nid005005:93044:93044 [0] NCCL INFO Channel 02/0 : 8[c1000] -> 14[d9000] via P2P/IPC comm 0x561b39d69c40 nRanks 16
nid005005:93044:93135 [0] NCCL INFO New proxy send connection 8 from local rank 0, transport 0
nid005005:93045:93045 [1] NCCL INFO Connected to proxy localRank 1 -> connection 0x14e6280017e0
nid005005:93044:93044 [0] NCCL INFO Connected to proxy localRank 0 -> connection 0x14ac380017e0
nid005001:57745:57831 [5] NCCL INFO New proxy recv connection 2 from local rank 5, transport 0
nid005001:57745:57745 [5] NCCL INFO Connected to proxy localRank 5 -> connection 0x14b1e0001510
nid005005:93049:93133 [6] NCCL INFO New proxy recv connection 8 from local rank 6, transport 0
nid005005:93049:93049 [6] NCCL INFO Connected to proxy localRank 6 -> connection 0x1526580017e0
nid005005:93051:93134 [7] NCCL INFO New proxy recv connection 8 from local rank 7, transport 0
nid005005:93051:93051 [7] NCCL INFO Connected to proxy localRank 7 -> connection 0x1503280017e0
nid005001:57742:57742 [4] NCCL INFO Channel 05/0 : 4[d1000] -> 5[d6000] via P2P/IPC comm 0x55649a5d5310 nRanks 16
nid005001:57742:57827 [4] NCCL INFO New proxy send connection 2 from local rank 4, transport 0
nid005001:57742:57742 [4] NCCL INFO Connected to proxy localRank 4 -> connection 0x14560c001510
nid005001:57741:57833 [1] NCCL INFO New proxy recv connection 3 from local rank 1, transport 0
nid005001:57741:57741 [1] NCCL INFO Connected to proxy localRank 1 -> connection 0x14ab1c001588
nid005001:57739:57739 [2] NCCL INFO Channel 07/0 : 2[c9000] -> 3[ce000] via P2P/IPC comm 0x556bab7ca8d0 nRanks 16
nid005001:57739:57830 [2] NCCL INFO New proxy send connection 3 from local rank 2, transport 0
nid005001:57740:57829 [3] NCCL INFO New proxy recv connection 3 from local rank 3, transport 0
nid005001:57740:57740 [3] NCCL INFO Connected to proxy localRank 3 -> connection 0x148ee0001588
nid005001:57739:57739 [2] NCCL INFO Connected to proxy localRank 2 -> connection 0x149b0c001588
nid005001:57744:57744 [6] NCCL INFO Channel 07/0 : 6[d9000] -> 7[de000] via P2P/IPC comm 0x557546059a30 nRanks 16
nid005001:57744:57828 [6] NCCL INFO New proxy send connection 3 from local rank 6, transport 0
nid005001:57744:57744 [6] NCCL INFO Connected to proxy localRank 6 -> connection 0x14aaa8001588
nid005001:57743:57826 [7] NCCL INFO New proxy recv connection 4 from local rank 7, transport 0
nid005001:57743:57743 [7] NCCL INFO Connected to proxy localRank 7 -> connection 0x14c1b0001600
nid005005:93046:93136 [4] NCCL INFO New proxy recv connection 8 from local rank 4, transport 0
nid005005:93046:93046 [4] NCCL INFO Connected to proxy localRank 4 -> connection 0x147d200017e0
nid005005:93048:93131 [5] NCCL INFO New proxy recv connection 8 from local rank 5, transport 0
nid005005:93048:93048 [5] NCCL INFO Connected to proxy localRank 5 -> connection 0x14c2f80017e0
nid005005:93047:93047 [2] NCCL INFO Channel 15/0 : 10[c9000] -> 12[d1000] via P2P/IPC comm 0x55aab634aaf0 nRanks 16
nid005005:93047:93130 [2] NCCL INFO New proxy send connection 11 from local rank 2, transport 0
nid005005:93047:93047 [2] NCCL INFO Connected to proxy localRank 2 -> connection 0x14e97c001948
nid005005:93050:93132 [3] NCCL INFO New proxy recv connection 11 from local rank 3, transport 0
nid005005:93050:93050 [3] NCCL INFO Connected to proxy localRank 3 -> connection 0x1528b8001948
nid005005:93045:93045 [1] NCCL INFO Channel 07/0 : 9[c6000] -> 11[ce000] via P2P/IPC comm 0x5633a9c121c0 nRanks 16
nid005005:93045:93137 [1] NCCL INFO New proxy send connection 9 from local rank 1, transport 0
nid005005:93045:93045 [1] NCCL INFO Connected to proxy localRank 1 -> connection 0x14e628001858
nid005005:93049:93133 [6] NCCL INFO New proxy recv connection 9 from local rank 6, transport 0
nid005005:93049:93049 [6] NCCL INFO Connected to proxy localRank 6 -> connection 0x152658001858
nid005001:57741:57833 [1] NCCL INFO New proxy recv connection 4 from local rank 1, transport 0
nid005001:57741:57741 [1] NCCL INFO Connected to proxy localRank 1 -> connection 0x14ab1c001600
nid005005:93044:93044 [0] NCCL INFO Channel 06/0 : 8[c1000] -> 14[d9000] via P2P/IPC comm 0x561b39d69c40 nRanks 16
nid005001:57739:57739 [2] NCCL INFO Channel 09/0 : 2[c9000] -> 3[ce000] via P2P/IPC comm 0x556bab7ca8d0 nRanks 16
nid005005:93044:93135 [0] NCCL INFO New proxy send connection 9 from local rank 0, transport 0
nid005005:93044:93044 [0] NCCL INFO Connected to proxy localRank 0 -> connection 0x14ac38001858
nid005001:57740:57829 [3] NCCL INFO New proxy recv connection 4 from local rank 3, transport 0
nid005001:57740:57740 [3] NCCL INFO Connected to proxy localRank 3 -> connection 0x148ee0001600
nid005001:57739:57830 [2] NCCL INFO New proxy send connection 4 from local rank 2, transport 0
nid005001:57739:57739 [2] NCCL INFO Connected to proxy localRank 2 -> connection 0x149b0c001600
nid005005:93051:93134 [7] NCCL INFO New proxy recv connection 9 from local rank 7, transport 0
nid005005:93051:93051 [7] NCCL INFO Connected to proxy localRank 7 -> connection 0x150328001858
nid005001:57745:57831 [5] NCCL INFO New proxy recv connection 3 from local rank 5, transport 0
nid005001:57745:57745 [5] NCCL INFO Connected to proxy localRank 5 -> connection 0x14b1e0001588
nid005001:57744:57744 [6] NCCL INFO Channel 08/0 : 6[d9000] -> 7[de000] via P2P/IPC comm 0x557546059a30 nRanks 16
nid005001:57743:57826 [7] NCCL INFO New proxy recv connection 5 from local rank 7, transport 0
nid005001:57743:57743 [7] NCCL INFO Connected to proxy localRank 7 -> connection 0x14c1b0001678
nid005001:57744:57828 [6] NCCL INFO New proxy send connection 4 from local rank 6, transport 0
nid005001:57744:57744 [6] NCCL INFO Connected to proxy localRank 6 -> connection 0x14aaa8001600
nid005001:57742:57742 [4] NCCL INFO Channel 06/0 : 4[d1000] -> 5[d6000] via P2P/IPC comm 0x55649a5d5310 nRanks 16
nid005001:57742:57827 [4] NCCL INFO New proxy send connection 3 from local rank 4, transport 0
nid005001:57742:57742 [4] NCCL INFO Connected to proxy localRank 4 -> connection 0x14560c001588
nid005001:57738:57738 [0] NCCL INFO Channel 02/0 : 0[c1000] -> 1[c6000] via P2P/IPC comm 0x5653fa136be0 nRanks 16
nid005005:93046:93136 [4] NCCL INFO New proxy recv connection 9 from local rank 4, transport 0
nid005005:93046:93046 [4] NCCL INFO Connected to proxy localRank 4 -> connection 0x147d20001858
nid005005:93048:93131 [5] NCCL INFO New proxy recv connection 9 from local rank 5, transport 0
nid005005:93048:93048 [5] NCCL INFO Connected to proxy localRank 5 -> connection 0x14c2f8001858
nid005005:93049:93133 [6] NCCL INFO New proxy recv connection 10 from local rank 6, transport 0
nid005005:93049:93049 [6] NCCL INFO Connected to proxy localRank 6 -> connection 0x1526580018d0
nid005005:93045:93045 [1] NCCL INFO Channel 11/0 : 9[c6000] -> 11[ce000] via P2P/IPC comm 0x5633a9c121c0 nRanks 16
nid005005:93045:93137 [1] NCCL INFO New proxy send connection 10 from local rank 1, transport 0
nid005005:93045:93045 [1] NCCL INFO Connected to proxy localRank 1 -> connection 0x14e6280018d0
nid005001:57741:57833 [1] NCCL INFO New proxy recv connection 5 from local rank 1, transport 0
nid005001:57741:57741 [1] NCCL INFO Connected to proxy localRank 1 -> connection 0x14ab1c001678
nid005001:57739:57739 [2] NCCL INFO Channel 11/0 : 2[c9000] -> 3[ce000] via P2P/IPC comm 0x556bab7ca8d0 nRanks 16
nid005001:57740:57829 [3] NCCL INFO New proxy recv connection 5 from local rank 3, transport 0
nid005001:57740:57740 [3] NCCL INFO Connected to proxy localRank 3 -> connection 0x148ee0001678
nid005001:57739:57830 [2] NCCL INFO New proxy send connection 5 from local rank 2, transport 0
nid005001:57739:57739 [2] NCCL INFO Connected to proxy localRank 2 -> connection 0x149b0c001678
nid005001:57743:57826 [7] NCCL INFO New proxy recv connection 6 from local rank 7, transport 0
nid005001:57743:57743 [7] NCCL INFO Connected to proxy localRank 7 -> connection 0x14c1b00016f0
nid005005:93044:93044 [0] NCCL INFO Channel 10/0 : 8[c1000] -> 14[d9000] via P2P/IPC comm 0x561b39d69c40 nRanks 16
nid005005:93044:93135 [0] NCCL INFO New proxy send connection 10 from local rank 0, transport 0
nid005005:93044:93044 [0] NCCL INFO Connected to proxy localRank 0 -> connection 0x14ac380018d0
nid005005:93051:93134 [7] NCCL INFO New proxy recv connection 10 from local rank 7, transport 0
nid005005:93051:93051 [7] NCCL INFO Connected to proxy localRank 7 -> connection 0x1503280018d0
nid005001:57744:57744 [6] NCCL INFO Channel 11/0 : 6[d9000] -> 7[de000] via P2P/IPC comm 0x557546059a30 nRanks 16
nid005001:57744:57828 [6] NCCL INFO New proxy send connection 5 from local rank 6, transport 0
nid005001:57744:57744 [6] NCCL INFO Connected to proxy localRank 6 -> connection 0x14aaa8001678
nid005005:93046:93136 [4] NCCL INFO New proxy recv connection 10 from local rank 4, transport 0
nid005005:93046:93046 [4] NCCL INFO Connected to proxy localRank 4 -> connection 0x147d200018d0
nid005001:57745:57831 [5] NCCL INFO New proxy recv connection 4 from local rank 5, transport 0
nid005001:57745:57745 [5] NCCL INFO Connected to proxy localRank 5 -> connection 0x14b1e0001600
nid005001:57742:57742 [4] NCCL INFO Channel 09/0 : 4[d1000] -> 5[d6000] via P2P/IPC comm 0x55649a5d5310 nRanks 16
nid005001:57742:57827 [4] NCCL INFO New proxy send connection 4 from local rank 4, transport 0
nid005001:57742:57742 [4] NCCL INFO Connected to proxy localRank 4 -> connection 0x14560c001600
nid005005:93049:93133 [6] NCCL INFO New proxy recv connection 11 from local rank 6, transport 0
nid005005:93049:93049 [6] NCCL INFO Connected to proxy localRank 6 -> connection 0x152658001948
nid005005:93045:93045 [1] NCCL INFO Channel 15/0 : 9[c6000] -> 11[ce000] via P2P/IPC comm 0x5633a9c121c0 nRanks 16
nid005005:93045:93137 [1] NCCL INFO New proxy send connection 11 from local rank 1, transport 0
nid005005:93045:93045 [1] NCCL INFO Connected to proxy localRank 1 -> connection 0x14e628001948
nid005001:57743:57826 [7] NCCL INFO New proxy recv connection 7 from local rank 7, transport 0
nid005001:57743:57743 [7] NCCL INFO Connected to proxy localRank 7 -> connection 0x14c1b0001768
nid005001:57741:57833 [1] NCCL INFO New proxy recv connection 6 from local rank 1, transport 0
nid005001:57741:57741 [1] NCCL INFO Connected to proxy localRank 1 -> connection 0x14ab1c0016f0
nid005001:57739:57739 [2] NCCL INFO Channel 13/0 : 2[c9000] -> 3[ce000] via P2P/IPC comm 0x556bab7ca8d0 nRanks 16
nid005005:93048:93131 [5] NCCL INFO New proxy recv connection 10 from local rank 5, transport 0
nid005005:93048:93048 [5] NCCL INFO Connected to proxy localRank 5 -> connection 0x14c2f80018d0
nid005001:57739:57830 [2] NCCL INFO New proxy send connection 6 from local rank 2, transport 0
nid005001:57739:57739 [2] NCCL INFO Connected to proxy localRank 2 -> connection 0x149b0c0016f0
nid005001:57740:57829 [3] NCCL INFO New proxy recv connection 6 from local rank 3, transport 0
nid005001:57740:57740 [3] NCCL INFO Connected to proxy localRank 3 -> connection 0x148ee00016f0
nid005005:93046:93136 [4] NCCL INFO New proxy recv connection 11 from local rank 4, transport 0
nid005005:93046:93046 [4] NCCL INFO Connected to proxy localRank 4 -> connection 0x147d20001948
nid005001:57744:57744 [6] NCCL INFO Channel 12/0 : 6[d9000] -> 7[de000] via P2P/IPC comm 0x557546059a30 nRanks 16
nid005001:57744:57828 [6] NCCL INFO New proxy send connection 6 from local rank 6, transport 0
nid005001:57744:57744 [6] NCCL INFO Connected to proxy localRank 6 -> connection 0x14aaa80016f0
nid005005:93044:93044 [0] NCCL INFO Channel 14/0 : 8[c1000] -> 14[d9000] via P2P/IPC comm 0x561b39d69c40 nRanks 16
nid005005:93044:93135 [0] NCCL INFO New proxy send connection 11 from local rank 0, transport 0
nid005005:93044:93044 [0] NCCL INFO Connected to proxy localRank 0 -> connection 0x14ac38001948
nid005005:93051:93134 [7] NCCL INFO New proxy recv connection 11 from local rank 7, transport 0
nid005005:93051:93051 [7] NCCL INFO Connected to proxy localRank 7 -> connection 0x150328001948
nid005005:93050:93050 [3] NCCL INFO Channel 00/0 : 11[ce000] -> 15[de000] via P2P/IPC comm 0x55ee6d4ff060 nRanks 16
nid005005:93050:93132 [3] NCCL INFO New proxy send connection 12 from local rank 3, transport 0
nid005005:93045:93045 [1] NCCL INFO Channel 01/0 : 9[c6000] -> 13[d6000] via P2P/IPC comm 0x5633a9c121c0 nRanks 16
nid005005:93045:93137 [1] NCCL INFO New proxy send connection 12 from local rank 1, transport 0
nid005005:93050:93050 [3] NCCL INFO Connected to proxy localRank 3 -> connection 0x1528b80019c0
nid005005:93045:93045 [1] NCCL INFO Connected to proxy localRank 1 -> connection 0x14e6280019c0
nid005001:57738:57834 [0] NCCL INFO New proxy send connection 1 from local rank 0, transport 0
nid005001:57738:57738 [0] NCCL INFO Connected to proxy localRank 0 -> connection 0x148ce8001498
nid005001:57745:57831 [5] NCCL INFO New proxy recv connection 5 from local rank 5, transport 0
nid005001:57742:57742 [4] NCCL INFO Channel 10/0 : 4[d1000] -> 5[d6000] via P2P/IPC comm 0x55649a5d5310 nRanks 16
nid005001:57745:57745 [5] NCCL INFO Connected to proxy localRank 5 -> connection 0x14b1e0001678
nid005001:57742:57827 [4] NCCL INFO New proxy send connection 5 from local rank 4, transport 0
nid005001:57742:57742 [4] NCCL INFO Connected to proxy localRank 4 -> connection 0x14560c001678
nid005001:57741:57833 [1] NCCL INFO New proxy recv connection 7 from local rank 1, transport 0
nid005001:57741:57741 [1] NCCL INFO Connected to proxy localRank 1 -> connection 0x14ab1c001768
nid005001:57739:57739 [2] NCCL INFO Channel 15/0 : 2[c9000] -> 3[ce000] via P2P/IPC comm 0x556bab7ca8d0 nRanks 16
nid005001:57739:57830 [2] NCCL INFO New proxy send connection 7 from local rank 2, transport 0
nid005001:57739:57739 [2] NCCL INFO Connected to proxy localRank 2 -> connection 0x149b0c001768
nid005001:57740:57829 [3] NCCL INFO New proxy recv connection 7 from local rank 3, transport 0
nid005001:57740:57740 [3] NCCL INFO Connected to proxy localRank 3 -> connection 0x148ee0001768
nid005005:93046:93046 [4] NCCL INFO Channel 01/0 : 12[d1000] -> 14[d9000] via P2P/IPC comm 0x5633435cdf70 nRanks 16
nid005005:93046:93136 [4] NCCL INFO New proxy send connection 12 from local rank 4, transport 0
nid005005:93046:93046 [4] NCCL INFO Connected to proxy localRank 4 -> connection 0x147d200019c0
nid005005:93048:93131 [5] NCCL INFO New proxy recv connection 11 from local rank 5, transport 0
nid005005:93048:93048 [5] NCCL INFO Connected to proxy localRank 5 -> connection 0x14c2f8001948
nid005001:57744:57744 [6] NCCL INFO Channel 15/0 : 6[d9000] -> 7[de000] via P2P/IPC comm 0x557546059a30 nRanks 16
nid005001:57744:57828 [6] NCCL INFO New proxy send connection 7 from local rank 6, transport 0
nid005001:57744:57744 [6] NCCL INFO Connected to proxy localRank 6 -> connection 0x14aaa8001768
nid005005:93045:93045 [1] NCCL INFO Channel 05/0 : 9[c6000] -> 13[d6000] via P2P/IPC comm 0x5633a9c121c0 nRanks 16
nid005005:93045:93137 [1] NCCL INFO New proxy send connection 13 from local rank 1, transport 0
nid005005:93045:93045 [1] NCCL INFO Connected to proxy localRank 1 -> connection 0x14e628001a38
nid005005:93050:93050 [3] NCCL INFO Channel 04/0 : 11[ce000] -> 15[de000] via P2P/IPC comm 0x55ee6d4ff060 nRanks 16
nid005005:93050:93132 [3] NCCL INFO New proxy send connection 13 from local rank 3, transport 0
nid005005:93050:93050 [3] NCCL INFO Connected to proxy localRank 3 -> connection 0x1528b8001a38
nid005001:57738:57738 [0] NCCL INFO Channel 04/0 : 0[c1000] -> 1[c6000] via P2P/IPC comm 0x5653fa136be0 nRanks 16
nid005001:57738:57834 [0] NCCL INFO New proxy send connection 2 from local rank 0, transport 0
nid005001:57738:57738 [0] NCCL INFO Connected to proxy localRank 0 -> connection 0x148ce8001510
nid005001:57739:57739 [2] NCCL INFO Channel 02/0 : 2[c9000] -> 4[d1000] via P2P/IPC comm 0x556bab7ca8d0 nRanks 16
nid005001:57739:57830 [2] NCCL INFO New proxy send connection 8 from local rank 2, transport 0
nid005001:57739:57739 [2] NCCL INFO Connected to proxy localRank 2 -> connection 0x149b0c0017e0
nid005001:57740:57829 [3] NCCL INFO New proxy recv connection 8 from local rank 3, transport 0
nid005001:57740:57740 [3] NCCL INFO Connected to proxy localRank 3 -> connection 0x148ee00017e0
nid005005:93046:93046 [4] NCCL INFO Channel 05/0 : 12[d1000] -> 14[d9000] via P2P/IPC comm 0x5633435cdf70 nRanks 16
nid005005:93046:93136 [4] NCCL INFO New proxy send connection 13 from local rank 4, transport 0
nid005001:57745:57831 [5] NCCL INFO New proxy recv connection 6 from local rank 5, transport 0
nid005001:57745:57745 [5] NCCL INFO Connected to proxy localRank 5 -> connection 0x14b1e00016f0
nid005005:93046:93046 [4] NCCL INFO Connected to proxy localRank 4 -> connection 0x147d20001a38
nid005005:93045:93045 [1] NCCL INFO Channel 09/0 : 9[c6000] -> 13[d6000] via P2P/IPC comm 0x5633a9c121c0 nRanks 16
nid005005:93045:93137 [1] NCCL INFO New proxy send connection 14 from local rank 1, transport 0
nid005005:93045:93045 [1] NCCL INFO Connected to proxy localRank 1 -> connection 0x14e628001ab0
nid005005:93050:93050 [3] NCCL INFO Channel 08/0 : 11[ce000] -> 15[de000] via P2P/IPC comm 0x55ee6d4ff060 nRanks 16
nid005005:93050:93132 [3] NCCL INFO New proxy send connection 14 from local rank 3, transport 0
nid005005:93050:93050 [3] NCCL INFO Connected to proxy localRank 3 -> connection 0x1528b8001ab0
nid005001:57738:57738 [0] NCCL INFO Channel 06/0 : 0[c1000] -> 1[c6000] via P2P/IPC comm 0x5653fa136be0 nRanks 16
nid005001:57738:57834 [0] NCCL INFO New proxy send connection 3 from local rank 0, transport 0
nid005001:57738:57738 [0] NCCL INFO Connected to proxy localRank 0 -> connection 0x148ce8001588
nid005005:93046:93046 [4] NCCL INFO Channel 09/0 : 12[d1000] -> 14[d9000] via P2P/IPC comm 0x5633435cdf70 nRanks 16
nid005005:93046:93136 [4] NCCL INFO New proxy send connection 14 from local rank 4, transport 0
nid005001:57739:57739 [2] NCCL INFO Channel 06/0 : 2[c9000] -> 4[d1000] via P2P/IPC comm 0x556bab7ca8d0 nRanks 16
nid005001:57739:57830 [2] NCCL INFO New proxy send connection 9 from local rank 2, transport 0
nid005001:57740:57829 [3] NCCL INFO New proxy recv connection 9 from local rank 3, transport 0
nid005001:57740:57740 [3] NCCL INFO Connected to proxy localRank 3 -> connection 0x148ee0001858
nid005001:57739:57739 [2] NCCL INFO Connected to proxy localRank 2 -> connection 0x149b0c001858
nid005005:93046:93046 [4] NCCL INFO Connected to proxy localRank 4 -> connection 0x147d20001ab0
nid005001:57742:57742 [4] NCCL INFO Channel 13/0 : 4[d1000] -> 5[d6000] via P2P/IPC comm 0x55649a5d5310 nRanks 16
nid005001:57742:57827 [4] NCCL INFO New proxy send connection 6 from local rank 4, transport 0
nid005001:57742:57742 [4] NCCL INFO Connected to proxy localRank 4 -> connection 0x14560c0016f0
nid005005:93045:93045 [1] NCCL INFO Channel 13/0 : 9[c6000] -> 13[d6000] via P2P/IPC comm 0x5633a9c121c0 nRanks 16
nid005005:93045:93137 [1] NCCL INFO New proxy send connection 15 from local rank 1, transport 0
nid005001:57743:57826 [7] NCCL INFO New proxy recv connection 8 from local rank 7, transport 0
nid005001:57743:57743 [7] NCCL INFO Connected to proxy localRank 7 -> connection 0x14c1b00017e0
nid005005:93045:93045 [1] NCCL INFO Connected to proxy localRank 1 -> connection 0x14e628001b28
nid005001:57744:57828 [6] NCCL INFO New proxy recv connection 8 from local rank 6, transport 0
nid005001:57744:57744 [6] NCCL INFO Connected to proxy localRank 6 -> connection 0x14aaa80017e0
nid005005:93050:93050 [3] NCCL INFO Channel 12/0 : 11[ce000] -> 15[de000] via P2P/IPC comm 0x55ee6d4ff060 nRanks 16
nid005001:57745:57831 [5] NCCL INFO New proxy recv connection 7 from local rank 5, transport 0
nid005001:57745:57745 [5] NCCL INFO Connected to proxy localRank 5 -> connection 0x14b1e0001768
nid005005:93050:93132 [3] NCCL INFO New proxy send connection 15 from local rank 3, transport 0
nid005005:93050:93050 [3] NCCL INFO Connected to proxy localRank 3 -> connection 0x1528b8001b28
nid005001:57738:57738 [0] NCCL INFO Channel 08/0 : 0[c1000] -> 1[c6000] via P2P/IPC comm 0x5653fa136be0 nRanks 16
nid005001:57738:57834 [0] NCCL INFO New proxy send connection 4 from local rank 0, transport 0
nid005001:57738:57738 [0] NCCL INFO Connected to proxy localRank 0 -> connection 0x148ce8001600
nid005005:93046:93046 [4] NCCL INFO Channel 13/0 : 12[d1000] -> 14[d9000] via P2P/IPC comm 0x5633435cdf70 nRanks 16
nid005005:93046:93136 [4] NCCL INFO New proxy send connection 15 from local rank 4, transport 0
nid005005:93046:93046 [4] NCCL INFO Connected to proxy localRank 4 -> connection 0x147d20001b28
nid005001:57740:57829 [3] NCCL INFO New proxy recv connection 10 from local rank 3, transport 0
nid005001:57740:57740 [3] NCCL INFO Connected to proxy localRank 3 -> connection 0x148ee00018d0
nid005001:57739:57739 [2] NCCL INFO Channel 10/0 : 2[c9000] -> 4[d1000] via P2P/IPC comm 0x556bab7ca8d0 nRanks 16
nid005001:57739:57830 [2] NCCL INFO New proxy send connection 10 from local rank 2, transport 0
nid005001:57739:57739 [2] NCCL INFO Connected to proxy localRank 2 -> connection 0x149b0c0018d0
nid005001:57743:57826 [7] NCCL INFO New proxy recv connection 9 from local rank 7, transport 0
nid005001:57743:57743 [7] NCCL INFO Connected to proxy localRank 7 -> connection 0x14c1b0001858
nid005005:93048:93048 [5] NCCL INFO GPU Direct RDMA Enabled for GPU d6000 / HCA 2 (distance 6 <= 6), read 0
nid005005:93045:93137 [1] NCCL INFO New proxy recv connection 16 from local rank 1, transport 0
nid005005:93045:93045 [1] NCCL INFO Connected to proxy localRank 1 -> connection 0x14e628001ba0
nid005005:93051:93051 [7] NCCL INFO GPU Direct RDMA Enabled for GPU de000 / HCA 3 (distance 6 <= 6), read 0
nid005005:93050:93132 [3] NCCL INFO New proxy recv connection 16 from local rank 3, transport 0
nid005005:93050:93050 [3] NCCL INFO Connected to proxy localRank 3 -> connection 0x1528b8001ba0
nid005001:57742:57742 [4] NCCL INFO Channel 14/0 : 4[d1000] -> 5[d6000] via P2P/IPC comm 0x55649a5d5310 nRanks 16
nid005001:57742:57827 [4] NCCL INFO New proxy send connection 7 from local rank 4, transport 0
nid005001:57742:57742 [4] NCCL INFO Connected to proxy localRank 4 -> connection 0x14560c001768
nid005001:57744:57828 [6] NCCL INFO New proxy recv connection 9 from local rank 6, transport 0
nid005001:57744:57744 [6] NCCL INFO Connected to proxy localRank 6 -> connection 0x14aaa8001858
nid005001:57738:57738 [0] NCCL INFO Channel 10/0 : 0[c1000] -> 1[c6000] via P2P/IPC comm 0x5653fa136be0 nRanks 16
nid005001:57738:57834 [0] NCCL INFO New proxy send connection 5 from local rank 0, transport 0
nid005001:57738:57738 [0] NCCL INFO Connected to proxy localRank 0 -> connection 0x148ce8001678
nid005005:93047:93047 [2] NCCL INFO GPU Direct RDMA Enabled for GPU c9000 / HCA 1 (distance 6 <= 6), read 0
nid005005:93049:93133 [6] NCCL INFO New proxy recv connection 12 from local rank 6, transport 0
nid005005:93049:93049 [6] NCCL INFO Connected to proxy localRank 6 -> connection 0x1526580019c0
nid005005:93046:93136 [4] NCCL INFO New proxy recv connection 16 from local rank 4, transport 0
nid005005:93046:93046 [4] NCCL INFO Connected to proxy localRank 4 -> connection 0x147d20001ba0
nid005001:57740:57829 [3] NCCL INFO New proxy recv connection 11 from local rank 3, transport 0
nid005001:57740:57740 [3] NCCL INFO Connected to proxy localRank 3 -> connection 0x148ee0001948
nid005001:57743:57826 [7] NCCL INFO New proxy recv connection 10 from local rank 7, transport 0
nid005001:57743:57743 [7] NCCL INFO Connected to proxy localRank 7 -> connection 0x14c1b00018d0
nid005001:57739:57739 [2] NCCL INFO Channel 14/0 : 2[c9000] -> 4[d1000] via P2P/IPC comm 0x556bab7ca8d0 nRanks 16
nid005001:57739:57830 [2] NCCL INFO New proxy send connection 11 from local rank 2, transport 0
nid005001:57739:57739 [2] NCCL INFO Connected to proxy localRank 2 -> connection 0x149b0c001948
nid005005:93051:93134 [7] NCCL INFO New proxy recv connection 12 from local rank 7, transport 2
nid005005:93051:93051 [7] NCCL INFO Connected to proxy localRank 7 -> connection 0x1503280019c0
nid005005:93048:93131 [5] NCCL INFO New proxy recv connection 12 from local rank 5, transport 2
nid005005:93048:93048 [5] NCCL INFO Connected to proxy localRank 5 -> connection 0x14c2f80019c0
nid005005:93045:93137 [1] NCCL INFO New proxy recv connection 17 from local rank 1, transport 0
nid005005:93045:93045 [1] NCCL INFO Connected to proxy localRank 1 -> connection 0x14e628001c18
nid005005:93050:93132 [3] NCCL INFO New proxy recv connection 17 from local rank 3, transport 0
nid005005:93050:93050 [3] NCCL INFO Connected to proxy localRank 3 -> connection 0x1528b8001c18
nid005001:57744:57828 [6] NCCL INFO New proxy recv connection 10 from local rank 6, transport 0
nid005001:57744:57744 [6] NCCL INFO Connected to proxy localRank 6 -> connection 0x14aaa80018d0
nid005001:57738:57738 [0] NCCL INFO Channel 12/0 : 0[c1000] -> 1[c6000] via P2P/IPC comm 0x5653fa136be0 nRanks 16
nid005001:57738:57834 [0] NCCL INFO New proxy send connection 6 from local rank 0, transport 0
nid005001:57738:57738 [0] NCCL INFO Connected to proxy localRank 0 -> connection 0x148ce80016f0
nid005005:93047:93130 [2] NCCL INFO New proxy recv connection 12 from local rank 2, transport 2
nid005005:93047:93047 [2] NCCL INFO Connected to proxy localRank 2 -> connection 0x14e97c0019c0
nid005001:57745:57831 [5] NCCL INFO New proxy recv connection 8 from local rank 5, transport 0
nid005001:57745:57745 [5] NCCL INFO Connected to proxy localRank 5 -> connection 0x14b1e00017e0
nid005001:57742:57827 [4] NCCL INFO New proxy recv connection 8 from local rank 4, transport 0
nid005001:57742:57742 [4] NCCL INFO Connected to proxy localRank 4 -> connection 0x14560c0017e0
nid005001:57743:57826 [7] NCCL INFO New proxy recv connection 11 from local rank 7, transport 0
nid005001:57743:57743 [7] NCCL INFO Connected to proxy localRank 7 -> connection 0x14c1b0001948
nid005005:93046:93136 [4] NCCL INFO New proxy recv connection 17 from local rank 4, transport 0
nid005005:93046:93046 [4] NCCL INFO Connected to proxy localRank 4 -> connection 0x147d20001c18
nid005005:93049:93133 [6] NCCL INFO New proxy recv connection 13 from local rank 6, transport 0
nid005005:93049:93049 [6] NCCL INFO Connected to proxy localRank 6 -> connection 0x152658001a38
nid005005:93045:93137 [1] NCCL INFO New proxy recv connection 18 from local rank 1, transport 0
nid005005:93045:93045 [1] NCCL INFO Connected to proxy localRank 1 -> connection 0x14e628001c90
nid005005:93050:93132 [3] NCCL INFO New proxy recv connection 18 from local rank 3, transport 0
nid005005:93050:93050 [3] NCCL INFO Connected to proxy localRank 3 -> connection 0x1528b8001c90
nid005001:57738:57738 [0] NCCL INFO Channel 14/0 : 0[c1000] -> 1[c6000] via P2P/IPC comm 0x5653fa136be0 nRanks 16
nid005001:57738:57834 [0] NCCL INFO New proxy send connection 7 from local rank 0, transport 0
nid005001:57738:57738 [0] NCCL INFO Connected to proxy localRank 0 -> connection 0x148ce8001768
nid005001:57744:57828 [6] NCCL INFO New proxy recv connection 11 from local rank 6, transport 0
nid005001:57744:57744 [6] NCCL INFO Connected to proxy localRank 6 -> connection 0x14aaa8001948
nid005005:93046:93136 [4] NCCL INFO New proxy recv connection 18 from local rank 4, transport 0
nid005005:93046:93046 [4] NCCL INFO Connected to proxy localRank 4 -> connection 0x147d20001c90
nid005005:93049:93133 [6] NCCL INFO New proxy recv connection 14 from local rank 6, transport 0
nid005005:93049:93049 [6] NCCL INFO Connected to proxy localRank 6 -> connection 0x152658001ab0
nid005001:57745:57831 [5] NCCL INFO New proxy recv connection 9 from local rank 5, transport 0
nid005001:57745:57745 [5] NCCL INFO Connected to proxy localRank 5 -> connection 0x14b1e0001858
nid005001:57742:57827 [4] NCCL INFO New proxy recv connection 9 from local rank 4, transport 0
nid005001:57742:57742 [4] NCCL INFO Connected to proxy localRank 4 -> connection 0x14560c001858
nid005005:93045:93137 [1] NCCL INFO New proxy recv connection 19 from local rank 1, transport 0
nid005005:93045:93045 [1] NCCL INFO Connected to proxy localRank 1 -> connection 0x14e628001d08
nid005005:93050:93132 [3] NCCL INFO New proxy recv connection 19 from local rank 3, transport 0
nid005005:93050:93050 [3] NCCL INFO Connected to proxy localRank 3 -> connection 0x1528b8001d08
nid005001:57741:57741 [1] NCCL INFO Channel 02/0 : 1[c6000] -> 3[ce000] via P2P/IPC comm 0x564286dbbca0 nRanks 16
nid005001:57738:57738 [0] NCCL INFO Channel 03/0 : 0[c1000] -> 6[d9000] via P2P/IPC comm 0x5653fa136be0 nRanks 16
nid005001:57741:57833 [1] NCCL INFO New proxy send connection 8 from local rank 1, transport 0
nid005001:57741:57741 [1] NCCL INFO Connected to proxy localRank 1 -> connection 0x14ab1c0017e0
nid005001:57738:57834 [0] NCCL INFO New proxy send connection 8 from local rank 0, transport 0
nid005001:57738:57738 [0] NCCL INFO Connected to proxy localRank 0 -> connection 0x148ce80017e0
nid005005:93046:93136 [4] NCCL INFO New proxy recv connection 19 from local rank 4, transport 0
nid005005:93046:93046 [4] NCCL INFO Connected to proxy localRank 4 -> connection 0x147d20001d08
nid005005:93049:93133 [6] NCCL INFO New proxy recv connection 15 from local rank 6, transport 0
nid005005:93049:93049 [6] NCCL INFO Connected to proxy localRank 6 -> connection 0x152658001b28
nid005001:57745:57831 [5] NCCL INFO New proxy recv connection 10 from local rank 5, transport 0
nid005001:57745:57745 [5] NCCL INFO Connected to proxy localRank 5 -> connection 0x14b1e00018d0
nid005001:57742:57827 [4] NCCL INFO New proxy recv connection 10 from local rank 4, transport 0
nid005001:57742:57742 [4] NCCL INFO Connected to proxy localRank 4 -> connection 0x14560c0018d0
nid005005:93046:93046 [4] NCCL INFO Channel 02/0 : 12[d1000] -> 10[c9000] via P2P/IPC comm 0x5633435cdf70 nRanks 16
nid005005:93046:93136 [4] NCCL INFO New proxy send connection 20 from local rank 4, transport 0
nid005005:93046:93046 [4] NCCL INFO Connected to proxy localRank 4 -> connection 0x147d20001d80
nid005001:57738:57738 [0] NCCL INFO Channel 07/0 : 0[c1000] -> 6[d9000] via P2P/IPC comm 0x5653fa136be0 nRanks 16
nid005001:57738:57834 [0] NCCL INFO New proxy send connection 9 from local rank 0, transport 0
nid005001:57738:57738 [0] NCCL INFO Connected to proxy localRank 0 -> connection 0x148ce8001858
nid005001:57741:57741 [1] NCCL INFO Channel 06/0 : 1[c6000] -> 3[ce000] via P2P/IPC comm 0x564286dbbca0 nRanks 16
nid005001:57741:57833 [1] NCCL INFO New proxy send connection 9 from local rank 1, transport 0
nid005001:57741:57741 [1] NCCL INFO Connected to proxy localRank 1 -> connection 0x14ab1c001858
nid005005:93049:93049 [6] NCCL INFO Channel 03/0 : 14[d9000] -> 8[c1000] via P2P/IPC comm 0x55eadb0915e0 nRanks 16
nid005005:93049:93133 [6] NCCL INFO New proxy send connection 16 from local rank 6, transport 0
nid005005:93049:93049 [6] NCCL INFO Connected to proxy localRank 6 -> connection 0x152658001ba0
nid005005:93044:93044 [0] NCCL INFO GPU Direct RDMA Enabled for GPU c1000 / HCA 0 (distance 6 <= 6), read 0
nid005005:93046:93046 [4] NCCL INFO Channel 06/0 : 12[d1000] -> 10[c9000] via P2P/IPC comm 0x5633435cdf70 nRanks 16
nid005005:93046:93136 [4] NCCL INFO New proxy send connection 21 from local rank 4, transport 0
nid005005:93046:93046 [4] NCCL INFO Connected to proxy localRank 4 -> connection 0x147d20001df8
nid005001:57745:57831 [5] NCCL INFO New proxy recv connection 11 from local rank 5, transport 0
nid005001:57745:57745 [5] NCCL INFO Connected to proxy localRank 5 -> connection 0x14b1e0001948
nid005001:57738:57738 [0] NCCL INFO Channel 11/0 : 0[c1000] -> 6[d9000] via P2P/IPC comm 0x5653fa136be0 nRanks 16
nid005001:57738:57834 [0] NCCL INFO New proxy send connection 10 from local rank 0, transport 0
nid005001:57738:57738 [0] NCCL INFO Connected to proxy localRank 0 -> connection 0x148ce80018d0
nid005001:57741:57741 [1] NCCL INFO Channel 10/0 : 1[c6000] -> 3[ce000] via P2P/IPC comm 0x564286dbbca0 nRanks 16
nid005001:57741:57833 [1] NCCL INFO New proxy send connection 10 from local rank 1, transport 0
nid005001:57741:57741 [1] NCCL INFO Connected to proxy localRank 1 -> connection 0x14ab1c0018d0
nid005001:57742:57827 [4] NCCL INFO New proxy recv connection 11 from local rank 4, transport 0
nid005001:57742:57742 [4] NCCL INFO Connected to proxy localRank 4 -> connection 0x14560c001948
nid005005:93049:93049 [6] NCCL INFO Channel 07/0 : 14[d9000] -> 8[c1000] via P2P/IPC comm 0x55eadb0915e0 nRanks 16
nid005005:93049:93133 [6] NCCL INFO New proxy send connection 17 from local rank 6, transport 0
nid005005:93044:93135 [0] NCCL INFO New proxy recv connection 12 from local rank 0, transport 2
nid005005:93049:93049 [6] NCCL INFO Connected to proxy localRank 6 -> connection 0x152658001c18
nid005005:93044:93044 [0] NCCL INFO Connected to proxy localRank 0 -> connection 0x14ac380019c0
nid005005:93046:93046 [4] NCCL INFO Channel 10/0 : 12[d1000] -> 10[c9000] via P2P/IPC comm 0x5633435cdf70 nRanks 16
nid005005:93046:93136 [4] NCCL INFO New proxy send connection 22 from local rank 4, transport 0
nid005005:93046:93046 [4] NCCL INFO Connected to proxy localRank 4 -> connection 0x147d20001e70
nid005005:93047:93047 [2] NCCL INFO Channel 00/0 : 2[c9000] -> 10[c9000] [receive] via NET/Libfabric/1/GDRDMA comm 0x55aab634aaf0 nRanks 16
nid005005:93047:93047 [2] NCCL INFO GPU Direct RDMA Enabled for GPU c9000 / HCA 1 (distance 6 <= 6), read 0
nid005005:93051:93051 [7] NCCL INFO Channel 03/0 : 7[de000] -> 15[de000] [receive] via NET/Libfabric/3/GDRDMA comm 0x556dd7d0a120 nRanks 16
nid005005:93051:93051 [7] NCCL INFO GPU Direct RDMA Enabled for GPU de000 / HCA 3 (distance 6 <= 6), read 0
nid005005:93047:93130 [2] NCCL INFO New proxy recv connection 13 from local rank 2, transport 2
nid005005:93047:93047 [2] NCCL INFO Connected to proxy localRank 2 -> connection 0x14e97c001a38
nid005005:93051:93134 [7] NCCL INFO New proxy recv connection 13 from local rank 7, transport 2
nid005005:93051:93051 [7] NCCL INFO Connected to proxy localRank 7 -> connection 0x150328001a38
nid005005:93047:93047 [2] NCCL INFO Channel 04/0 : 2[c9000] -> 10[c9000] [receive] via NET/Libfabric/1/GDRDMA comm 0x55aab634aaf0 nRanks 16
nid005005:93047:93047 [2] NCCL INFO GPU Direct RDMA Enabled for GPU c9000 / HCA 1 (distance 6 <= 6), read 0
nid005005:93047:93130 [2] NCCL INFO New proxy recv connection 14 from local rank 2, transport 2
nid005005:93047:93047 [2] NCCL INFO Connected to proxy localRank 2 -> connection 0x14e97c001ab0
nid005005:93051:93051 [7] NCCL INFO Channel 07/0 : 7[de000] -> 15[de000] [receive] via NET/Libfabric/3/GDRDMA comm 0x556dd7d0a120 nRanks 16
nid005005:93051:93051 [7] NCCL INFO GPU Direct RDMA Enabled for GPU de000 / HCA 3 (distance 6 <= 6), read 0
nid005005:93047:93047 [2] NCCL INFO Channel 08/0 : 2[c9000] -> 10[c9000] [receive] via NET/Libfabric/1/GDRDMA comm 0x55aab634aaf0 nRanks 16
nid005005:93047:93047 [2] NCCL INFO GPU Direct RDMA Enabled for GPU c9000 / HCA 1 (distance 6 <= 6), read 0
nid005005:93047:93130 [2] NCCL INFO New proxy recv connection 15 from local rank 2, transport 2
nid005005:93047:93047 [2] NCCL INFO Connected to proxy localRank 2 -> connection 0x14e97c001b28
nid005005:93051:93134 [7] NCCL INFO New proxy recv connection 14 from local rank 7, transport 2
nid005005:93051:93051 [7] NCCL INFO Connected to proxy localRank 7 -> connection 0x150328001ab0
nid005005:93047:93047 [2] NCCL INFO Channel 12/0 : 2[c9000] -> 10[c9000] [receive] via NET/Libfabric/1/GDRDMA comm 0x55aab634aaf0 nRanks 16
nid005005:93047:93047 [2] NCCL INFO GPU Direct RDMA Enabled for GPU c9000 / HCA 1 (distance 6 <= 6), read 1
nid005005:93047:93130 [2] NCCL INFO New proxy send connection 16 from local rank 2, transport 2
nid005005:93051:93051 [7] NCCL INFO Channel 11/0 : 7[de000] -> 15[de000] [receive] via NET/Libfabric/3/GDRDMA comm 0x556dd7d0a120 nRanks 16
nid005005:93051:93051 [7] NCCL INFO GPU Direct RDMA Enabled for GPU de000 / HCA 3 (distance 6 <= 6), read 0
nid005005:93047:93047 [2] NCCL INFO Connected to proxy localRank 2 -> connection 0x14e97c001ba0
nid005005:93051:93134 [7] NCCL INFO New proxy recv connection 15 from local rank 7, transport 2
nid005005:93051:93051 [7] NCCL INFO Connected to proxy localRank 7 -> connection 0x150328001b28
nid005005:93047:93047 [2] NCCL INFO Channel 01/0 : 10[c9000] -> 2[c9000] [send] via NET/Libfabric/1/GDRDMA comm 0x55aab634aaf0 nRanks 16
nid005005:93047:93047 [2] NCCL INFO GPU Direct RDMA Enabled for GPU c9000 / HCA 1 (distance 6 <= 6), read 1
nid005005:93047:93130 [2] NCCL INFO New proxy send connection 17 from local rank 2, transport 2
nid005005:93047:93047 [2] NCCL INFO Connected to proxy localRank 2 -> connection 0x14e97c001c18
nid005005:93051:93051 [7] NCCL INFO Channel 15/0 : 7[de000] -> 15[de000] [receive] via NET/Libfabric/3/GDRDMA comm 0x556dd7d0a120 nRanks 16
nid005005:93051:93051 [7] NCCL INFO GPU Direct RDMA Enabled for GPU de000 / HCA 3 (distance 6 <= 6), read 1
nid005005:93051:93134 [7] NCCL INFO New proxy send connection 16 from local rank 7, transport 2
nid005005:93047:93047 [2] NCCL INFO Channel 05/0 : 10[c9000] -> 2[c9000] [send] via NET/Libfabric/1/GDRDMA comm 0x55aab634aaf0 nRanks 16
nid005005:93047:93047 [2] NCCL INFO GPU Direct RDMA Enabled for GPU c9000 / HCA 1 (distance 6 <= 6), read 1
nid005005:93051:93051 [7] NCCL INFO Connected to proxy localRank 7 -> connection 0x150328001ba0
nid005005:93047:93130 [2] NCCL INFO New proxy send connection 18 from local rank 2, transport 2
nid005005:93047:93047 [2] NCCL INFO Connected to proxy localRank 2 -> connection 0x14e97c001c90
nid005005:93051:93051 [7] NCCL INFO Channel 02/0 : 15[de000] -> 7[de000] [send] via NET/Libfabric/3/GDRDMA comm 0x556dd7d0a120 nRanks 16
nid005005:93051:93051 [7] NCCL INFO GPU Direct RDMA Enabled for GPU de000 / HCA 3 (distance 6 <= 6), read 1
nid005005:93047:93047 [2] NCCL INFO Channel 09/0 : 10[c9000] -> 2[c9000] [send] via NET/Libfabric/1/GDRDMA comm 0x55aab634aaf0 nRanks 16
nid005005:93047:93047 [2] NCCL INFO GPU Direct RDMA Enabled for GPU c9000 / HCA 1 (distance 6 <= 6), read 1
nid005005:93047:93130 [2] NCCL INFO New proxy send connection 19 from local rank 2, transport 2
nid005005:93051:93134 [7] NCCL INFO New proxy send connection 17 from local rank 7, transport 2
nid005005:93047:93047 [2] NCCL INFO Connected to proxy localRank 2 -> connection 0x14e97c001d08
nid005005:93051:93051 [7] NCCL INFO Connected to proxy localRank 7 -> connection 0x150328001c18
nid005001:57741:57741 [1] NCCL INFO Channel 14/0 : 1[c6000] -> 3[ce000] via P2P/IPC comm 0x564286dbbca0 nRanks 16
nid005001:57741:57833 [1] NCCL INFO New proxy send connection 11 from local rank 1, transport 0
nid005001:57738:57738 [0] NCCL INFO Channel 15/0 : 0[c1000] -> 6[d9000] via P2P/IPC comm 0x5653fa136be0 nRanks 16
nid005001:57741:57741 [1] NCCL INFO Connected to proxy localRank 1 -> connection 0x14ab1c001948
nid005005:93047:93047 [2] NCCL INFO Channel 13/0 : 10[c9000] -> 2[c9000] [send] via NET/Libfabric/1/GDRDMA comm 0x55aab634aaf0 nRanks 16
nid005001:57738:57834 [0] NCCL INFO New proxy send connection 11 from local rank 0, transport 0
nid005001:57738:57738 [0] NCCL INFO Connected to proxy localRank 0 -> connection 0x148ce8001948
nid005005:93051:93051 [7] NCCL INFO Channel 06/0 : 15[de000] -> 7[de000] [send] via NET/Libfabric/3/GDRDMA comm 0x556dd7d0a120 nRanks 16
nid005005:93051:93051 [7] NCCL INFO GPU Direct RDMA Enabled for GPU de000 / HCA 3 (distance 6 <= 6), read 1
nid005005:93051:93134 [7] NCCL INFO New proxy send connection 18 from local rank 7, transport 2
nid005005:93051:93051 [7] NCCL INFO Connected to proxy localRank 7 -> connection 0x150328001c90
nid005005:93051:93051 [7] NCCL INFO Channel 10/0 : 15[de000] -> 7[de000] [send] via NET/Libfabric/3/GDRDMA comm 0x556dd7d0a120 nRanks 16
nid005005:93051:93051 [7] NCCL INFO GPU Direct RDMA Enabled for GPU de000 / HCA 3 (distance 6 <= 6), read 1
nid005005:93051:93134 [7] NCCL INFO New proxy send connection 19 from local rank 7, transport 2
nid005005:93051:93051 [7] NCCL INFO Connected to proxy localRank 7 -> connection 0x150328001d08
nid005005:93051:93051 [7] NCCL INFO Channel 14/0 : 15[de000] -> 7[de000] [send] via NET/Libfabric/3/GDRDMA comm 0x556dd7d0a120 nRanks 16
nid005005:93049:93049 [6] NCCL INFO Channel 11/0 : 14[d9000] -> 8[c1000] via P2P/IPC comm 0x55eadb0915e0 nRanks 16
nid005005:93049:93133 [6] NCCL INFO New proxy send connection 18 from local rank 6, transport 0
nid005005:93049:93049 [6] NCCL INFO Connected to proxy localRank 6 -> connection 0x152658001c90
nid005005:93046:93046 [4] NCCL INFO Channel 14/0 : 12[d1000] -> 10[c9000] via P2P/IPC comm 0x5633435cdf70 nRanks 16
nid005005:93046:93136 [4] NCCL INFO New proxy send connection 23 from local rank 4, transport 0
nid005005:93046:93046 [4] NCCL INFO Connected to proxy localRank 4 -> connection 0x147d20001ee8
nid005001:57742:57742 [4] NCCL INFO Channel 00/0 : 4[d1000] -> 6[d9000] via P2P/IPC comm 0x55649a5d5310 nRanks 16
nid005001:57742:57827 [4] NCCL INFO New proxy send connection 12 from local rank 4, transport 0
nid005001:57742:57742 [4] NCCL INFO Connected to proxy localRank 4 -> connection 0x14560c0019c0
nid005005:93048:93048 [5] NCCL INFO Channel 02/0 : 5[d6000] -> 13[d6000] [receive] via NET/Libfabric/2/GDRDMA comm 0x56205b7ca300 nRanks 16
nid005005:93048:93048 [5] NCCL INFO GPU Direct RDMA Enabled for GPU d6000 / HCA 2 (distance 6 <= 6), read 0
nid005005:93048:93131 [5] NCCL INFO New proxy recv connection 13 from local rank 5, transport 2
nid005005:93048:93048 [5] NCCL INFO Connected to proxy localRank 5 -> connection 0x14c2f8001a38
nid005005:93048:93048 [5] NCCL INFO Channel 06/0 : 5[d6000] -> 13[d6000] [receive] via NET/Libfabric/2/GDRDMA comm 0x56205b7ca300 nRanks 16
nid005005:93048:93048 [5] NCCL INFO GPU Direct RDMA Enabled for GPU d6000 / HCA 2 (distance 6 <= 6), read 0
nid005005:93048:93131 [5] NCCL INFO New proxy recv connection 14 from local rank 5, transport 2
nid005005:93048:93048 [5] NCCL INFO Connected to proxy localRank 5 -> connection 0x14c2f8001ab0
nid005005:93048:93048 [5] NCCL INFO Channel 10/0 : 5[d6000] -> 13[d6000] [receive] via NET/Libfabric/2/GDRDMA comm 0x56205b7ca300 nRanks 16
nid005005:93048:93048 [5] NCCL INFO GPU Direct RDMA Enabled for GPU d6000 / HCA 2 (distance 6 <= 6), read 0
nid005005:93048:93131 [5] NCCL INFO New proxy recv connection 15 from local rank 5, transport 2
nid005005:93048:93048 [5] NCCL INFO Connected to proxy localRank 5 -> connection 0x14c2f8001b28
nid005005:93048:93048 [5] NCCL INFO Channel 14/0 : 5[d6000] -> 13[d6000] [receive] via NET/Libfabric/2/GDRDMA comm 0x56205b7ca300 nRanks 16
nid005005:93048:93048 [5] NCCL INFO GPU Direct RDMA Enabled for GPU d6000 / HCA 2 (distance 6 <= 6), read 1
nid005005:93048:93131 [5] NCCL INFO New proxy send connection 16 from local rank 5, transport 2
nid005005:93048:93048 [5] NCCL INFO Connected to proxy localRank 5 -> connection 0x14c2f8001ba0
nid005005:93048:93048 [5] NCCL INFO Channel 03/0 : 13[d6000] -> 5[d6000] [send] via NET/Libfabric/2/GDRDMA comm 0x56205b7ca300 nRanks 16
nid005005:93048:93048 [5] NCCL INFO GPU Direct RDMA Enabled for GPU d6000 / HCA 2 (distance 6 <= 6), read 1
nid005005:93048:93131 [5] NCCL INFO New proxy send connection 17 from local rank 5, transport 2
nid005005:93048:93048 [5] NCCL INFO Connected to proxy localRank 5 -> connection 0x14c2f8001c18
nid005005:93048:93048 [5] NCCL INFO Channel 07/0 : 13[d6000] -> 5[d6000] [send] via NET/Libfabric/2/GDRDMA comm 0x56205b7ca300 nRanks 16
nid005005:93048:93048 [5] NCCL INFO GPU Direct RDMA Enabled for GPU d6000 / HCA 2 (distance 6 <= 6), read 1
nid005005:93048:93131 [5] NCCL INFO New proxy send connection 18 from local rank 5, transport 2
nid005005:93048:93048 [5] NCCL INFO Connected to proxy localRank 5 -> connection 0x14c2f8001c90
nid005005:93048:93048 [5] NCCL INFO Channel 11/0 : 13[d6000] -> 5[d6000] [send] via NET/Libfabric/2/GDRDMA comm 0x56205b7ca300 nRanks 16
nid005005:93048:93048 [5] NCCL INFO GPU Direct RDMA Enabled for GPU d6000 / HCA 2 (distance 6 <= 6), read 1
nid005005:93048:93131 [5] NCCL INFO New proxy send connection 19 from local rank 5, transport 2
nid005005:93048:93048 [5] NCCL INFO Connected to proxy localRank 5 -> connection 0x14c2f8001d08
nid005005:93048:93048 [5] NCCL INFO Channel 15/0 : 13[d6000] -> 5[d6000] [send] via NET/Libfabric/2/GDRDMA comm 0x56205b7ca300 nRanks 16
nid005001:57741:57741 [1] NCCL INFO Channel 00/0 : 1[c6000] -> 5[d6000] via P2P/IPC comm 0x564286dbbca0 nRanks 16
nid005001:57740:57740 [3] NCCL INFO Channel 01/0 : 3[ce000] -> 7[de000] via P2P/IPC comm 0x55be917ada50 nRanks 16
nid005001:57740:57829 [3] NCCL INFO New proxy send connection 12 from local rank 3, transport 0
nid005001:57741:57833 [1] NCCL INFO New proxy send connection 12 from local rank 1, transport 0
nid005001:57741:57741 [1] NCCL INFO Connected to proxy localRank 1 -> connection 0x14ab1c0019c0
nid005001:57740:57740 [3] NCCL INFO Connected to proxy localRank 3 -> connection 0x148ee00019c0
nid005005:93049:93049 [6] NCCL INFO Channel 15/0 : 14[d9000] -> 8[c1000] via P2P/IPC comm 0x55eadb0915e0 nRanks 16
nid005005:93049:93133 [6] NCCL INFO New proxy send connection 19 from local rank 6, transport 0
nid005005:93049:93049 [6] NCCL INFO Connected to proxy localRank 6 -> connection 0x152658001d08
nid005001:57742:57742 [4] NCCL INFO Channel 04/0 : 4[d1000] -> 6[d9000] via P2P/IPC comm 0x55649a5d5310 nRanks 16
nid005001:57742:57827 [4] NCCL INFO New proxy send connection 13 from local rank 4, transport 0
nid005001:57742:57742 [4] NCCL INFO Connected to proxy localRank 4 -> connection 0x14560c001a38
nid005001:57741:57741 [1] NCCL INFO Channel 04/0 : 1[c6000] -> 5[d6000] via P2P/IPC comm 0x564286dbbca0 nRanks 16
nid005001:57741:57833 [1] NCCL INFO New proxy send connection 13 from local rank 1, transport 0
nid005001:57741:57741 [1] NCCL INFO Connected to proxy localRank 1 -> connection 0x14ab1c001a38
nid005001:57740:57740 [3] NCCL INFO Channel 05/0 : 3[ce000] -> 7[de000] via P2P/IPC comm 0x55be917ada50 nRanks 16
nid005001:57740:57829 [3] NCCL INFO New proxy send connection 13 from local rank 3, transport 0
nid005001:57740:57740 [3] NCCL INFO Connected to proxy localRank 3 -> connection 0x148ee0001a38
nid005001:57742:57742 [4] NCCL INFO Channel 08/0 : 4[d1000] -> 6[d9000] via P2P/IPC comm 0x55649a5d5310 nRanks 16
nid005001:57742:57827 [4] NCCL INFO New proxy send connection 14 from local rank 4, transport 0
nid005001:57742:57742 [4] NCCL INFO Connected to proxy localRank 4 -> connection 0x14560c001ab0
nid005001:57741:57741 [1] NCCL INFO Channel 08/0 : 1[c6000] -> 5[d6000] via P2P/IPC comm 0x564286dbbca0 nRanks 16
nid005001:57741:57833 [1] NCCL INFO New proxy send connection 14 from local rank 1, transport 0
nid005001:57741:57741 [1] NCCL INFO Connected to proxy localRank 1 -> connection 0x14ab1c001ab0
nid005001:57740:57740 [3] NCCL INFO Channel 09/0 : 3[ce000] -> 7[de000] via P2P/IPC comm 0x55be917ada50 nRanks 16
nid005001:57740:57829 [3] NCCL INFO New proxy send connection 14 from local rank 3, transport 0
nid005001:57740:57740 [3] NCCL INFO Connected to proxy localRank 3 -> connection 0x148ee0001ab0
nid005005:93044:93044 [0] NCCL INFO Channel 01/0 : 0[c1000] -> 8[c1000] [receive] via NET/Libfabric/0/GDRDMA comm 0x561b39d69c40 nRanks 16
nid005005:93044:93044 [0] NCCL INFO GPU Direct RDMA Enabled for GPU c1000 / HCA 0 (distance 6 <= 6), read 0
nid005005:93044:93135 [0] NCCL INFO New proxy recv connection 13 from local rank 0, transport 2
nid005005:93044:93044 [0] NCCL INFO Connected to proxy localRank 0 -> connection 0x14ac38001a38
nid005005:93044:93044 [0] NCCL INFO Channel 05/0 : 0[c1000] -> 8[c1000] [receive] via NET/Libfabric/0/GDRDMA comm 0x561b39d69c40 nRanks 16
nid005005:93044:93044 [0] NCCL INFO GPU Direct RDMA Enabled for GPU c1000 / HCA 0 (distance 6 <= 6), read 0
nid005005:93044:93135 [0] NCCL INFO New proxy recv connection 14 from local rank 0, transport 2
nid005005:93044:93044 [0] NCCL INFO Connected to proxy localRank 0 -> connection 0x14ac38001ab0
nid005005:93044:93044 [0] NCCL INFO Channel 09/0 : 0[c1000] -> 8[c1000] [receive] via NET/Libfabric/0/GDRDMA comm 0x561b39d69c40 nRanks 16
nid005005:93044:93044 [0] NCCL INFO GPU Direct RDMA Enabled for GPU c1000 / HCA 0 (distance 6 <= 6), read 0
nid005005:93044:93135 [0] NCCL INFO New proxy recv connection 15 from local rank 0, transport 2
nid005005:93044:93044 [0] NCCL INFO Connected to proxy localRank 0 -> connection 0x14ac38001b28
nid005005:93044:93044 [0] NCCL INFO Channel 13/0 : 0[c1000] -> 8[c1000] [receive] via NET/Libfabric/0/GDRDMA comm 0x561b39d69c40 nRanks 16
nid005005:93044:93044 [0] NCCL INFO GPU Direct RDMA Enabled for GPU c1000 / HCA 0 (distance 6 <= 6), read 1
nid005005:93044:93135 [0] NCCL INFO New proxy send connection 16 from local rank 0, transport 2
nid005005:93044:93044 [0] NCCL INFO Connected to proxy localRank 0 -> connection 0x14ac38001ba0
nid005005:93044:93044 [0] NCCL INFO Channel 00/0 : 8[c1000] -> 0[c1000] [send] via NET/Libfabric/0/GDRDMA comm 0x561b39d69c40 nRanks 16
nid005005:93044:93044 [0] NCCL INFO GPU Direct RDMA Enabled for GPU c1000 / HCA 0 (distance 6 <= 6), read 1
nid005005:93044:93135 [0] NCCL INFO New proxy send connection 17 from local rank 0, transport 2
nid005005:93044:93044 [0] NCCL INFO Connected to proxy localRank 0 -> connection 0x14ac38001c18
nid005005:93044:93044 [0] NCCL INFO Channel 04/0 : 8[c1000] -> 0[c1000] [send] via NET/Libfabric/0/GDRDMA comm 0x561b39d69c40 nRanks 16
nid005005:93044:93044 [0] NCCL INFO GPU Direct RDMA Enabled for GPU c1000 / HCA 0 (distance 6 <= 6), read 1
nid005005:93044:93135 [0] NCCL INFO New proxy send connection 18 from local rank 0, transport 2
nid005005:93044:93044 [0] NCCL INFO Connected to proxy localRank 0 -> connection 0x14ac38001c90
nid005001:57741:57741 [1] NCCL INFO Channel 12/0 : 1[c6000] -> 5[d6000] via P2P/IPC comm 0x564286dbbca0 nRanks 16
nid005001:57741:57833 [1] NCCL INFO New proxy send connection 15 from local rank 1, transport 0
nid005001:57741:57741 [1] NCCL INFO Connected to proxy localRank 1 -> connection 0x14ab1c001b28
nid005005:93044:93044 [0] NCCL INFO Channel 08/0 : 8[c1000] -> 0[c1000] [send] via NET/Libfabric/0/GDRDMA comm 0x561b39d69c40 nRanks 16
nid005005:93044:93044 [0] NCCL INFO GPU Direct RDMA Enabled for GPU c1000 / HCA 0 (distance 6 <= 6), read 1
nid005005:93044:93135 [0] NCCL INFO New proxy send connection 19 from local rank 0, transport 2
nid005005:93044:93044 [0] NCCL INFO Connected to proxy localRank 0 -> connection 0x14ac38001d08
nid005005:93044:93044 [0] NCCL INFO Channel 12/0 : 8[c1000] -> 0[c1000] [send] via NET/Libfabric/0/GDRDMA comm 0x561b39d69c40 nRanks 16
nid005001:57740:57740 [3] NCCL INFO Channel 13/0 : 3[ce000] -> 7[de000] via P2P/IPC comm 0x55be917ada50 nRanks 16
nid005001:57740:57829 [3] NCCL INFO New proxy send connection 15 from local rank 3, transport 0
nid005001:57740:57740 [3] NCCL INFO Connected to proxy localRank 3 -> connection 0x148ee0001b28
nid005001:57742:57742 [4] NCCL INFO Channel 12/0 : 4[d1000] -> 6[d9000] via P2P/IPC comm 0x55649a5d5310 nRanks 16
nid005001:57742:57827 [4] NCCL INFO New proxy send connection 15 from local rank 4, transport 0
nid005001:57742:57742 [4] NCCL INFO Connected to proxy localRank 4 -> connection 0x14560c001b28
nid005001:57745:57745 [5] NCCL INFO GPU Direct RDMA Enabled for GPU d6000 / HCA 2 (distance 6 <= 6), read 0
nid005001:57741:57833 [1] NCCL INFO New proxy recv connection 16 from local rank 1, transport 0
nid005001:57741:57741 [1] NCCL INFO Connected to proxy localRank 1 -> connection 0x14ab1c001ba0
nid005001:57743:57743 [7] NCCL INFO GPU Direct RDMA Enabled for GPU de000 / HCA 3 (distance 6 <= 6), read 0
nid005001:57740:57829 [3] NCCL INFO New proxy recv connection 16 from local rank 3, transport 0
nid005001:57740:57740 [3] NCCL INFO Connected to proxy localRank 3 -> connection 0x148ee0001ba0
nid005001:57739:57739 [2] NCCL INFO GPU Direct RDMA Enabled for GPU c9000 / HCA 1 (distance 6 <= 6), read 0
nid005001:57744:57828 [6] NCCL INFO New proxy recv connection 12 from local rank 6, transport 0
nid005001:57744:57744 [6] NCCL INFO Connected to proxy localRank 6 -> connection 0x14aaa80019c0
nid005001:57742:57827 [4] NCCL INFO New proxy recv connection 16 from local rank 4, transport 0
nid005001:57742:57742 [4] NCCL INFO Connected to proxy localRank 4 -> connection 0x14560c001ba0
nid005001:57745:57831 [5] NCCL INFO New proxy recv connection 12 from local rank 5, transport 2
nid005001:57745:57745 [5] NCCL INFO Connected to proxy localRank 5 -> connection 0x14b1e00019c0
nid005001:57741:57833 [1] NCCL INFO New proxy recv connection 17 from local rank 1, transport 0
nid005001:57741:57741 [1] NCCL INFO Connected to proxy localRank 1 -> connection 0x14ab1c001c18
nid005001:57743:57826 [7] NCCL INFO New proxy recv connection 12 from local rank 7, transport 2
nid005001:57743:57743 [7] NCCL INFO Connected to proxy localRank 7 -> connection 0x14c1b00019c0
nid005001:57740:57829 [3] NCCL INFO New proxy recv connection 17 from local rank 3, transport 0
nid005001:57739:57830 [2] NCCL INFO New proxy recv connection 12 from local rank 2, transport 2
nid005001:57740:57740 [3] NCCL INFO Connected to proxy localRank 3 -> connection 0x148ee0001c18
nid005001:57739:57739 [2] NCCL INFO Connected to proxy localRank 2 -> connection 0x149b0c0019c0
nid005001:57744:57828 [6] NCCL INFO New proxy recv connection 13 from local rank 6, transport 0
nid005001:57744:57744 [6] NCCL INFO Connected to proxy localRank 6 -> connection 0x14aaa8001a38
nid005001:57742:57827 [4] NCCL INFO New proxy recv connection 17 from local rank 4, transport 0
nid005001:57742:57742 [4] NCCL INFO Connected to proxy localRank 4 -> connection 0x14560c001c18
nid005001:57741:57833 [1] NCCL INFO New proxy recv connection 18 from local rank 1, transport 0
nid005001:57741:57741 [1] NCCL INFO Connected to proxy localRank 1 -> connection 0x14ab1c001c90
nid005001:57740:57829 [3] NCCL INFO New proxy recv connection 18 from local rank 3, transport 0
nid005001:57740:57740 [3] NCCL INFO Connected to proxy localRank 3 -> connection 0x148ee0001c90
nid005001:57744:57828 [6] NCCL INFO New proxy recv connection 14 from local rank 6, transport 0
nid005001:57744:57744 [6] NCCL INFO Connected to proxy localRank 6 -> connection 0x14aaa8001ab0
nid005001:57742:57827 [4] NCCL INFO New proxy recv connection 18 from local rank 4, transport 0
nid005001:57742:57742 [4] NCCL INFO Connected to proxy localRank 4 -> connection 0x14560c001c90
nid005001:57741:57833 [1] NCCL INFO New proxy recv connection 19 from local rank 1, transport 0
nid005001:57741:57741 [1] NCCL INFO Connected to proxy localRank 1 -> connection 0x14ab1c001d08
nid005001:57740:57829 [3] NCCL INFO New proxy recv connection 19 from local rank 3, transport 0
nid005001:57740:57740 [3] NCCL INFO Connected to proxy localRank 3 -> connection 0x148ee0001d08
nid005001:57742:57827 [4] NCCL INFO New proxy recv connection 19 from local rank 4, transport 0
nid005001:57742:57742 [4] NCCL INFO Connected to proxy localRank 4 -> connection 0x14560c001d08
nid005001:57744:57828 [6] NCCL INFO New proxy recv connection 15 from local rank 6, transport 0
nid005001:57744:57744 [6] NCCL INFO Connected to proxy localRank 6 -> connection 0x14aaa8001b28
nid005001:57742:57742 [4] NCCL INFO Channel 03/0 : 4[d1000] -> 2[c9000] via P2P/IPC comm 0x55649a5d5310 nRanks 16
nid005001:57742:57827 [4] NCCL INFO New proxy send connection 20 from local rank 4, transport 0
nid005001:57742:57742 [4] NCCL INFO Connected to proxy localRank 4 -> connection 0x14560c001d80
nid005001:57743:57743 [7] NCCL INFO Channel 02/0 : 15[de000] -> 7[de000] [receive] via NET/Libfabric/3/GDRDMA comm 0x55fa1ad54810 nRanks 16
nid005001:57743:57743 [7] NCCL INFO GPU Direct RDMA Enabled for GPU de000 / HCA 3 (distance 6 <= 6), read 0
nid005001:57744:57744 [6] NCCL INFO Channel 02/0 : 6[d9000] -> 0[c1000] via P2P/IPC comm 0x557546059a30 nRanks 16
nid005001:57744:57828 [6] NCCL INFO New proxy send connection 16 from local rank 6, transport 0
nid005001:57744:57744 [6] NCCL INFO Connected to proxy localRank 6 -> connection 0x14aaa8001ba0
nid005001:57738:57738 [0] NCCL INFO GPU Direct RDMA Enabled for GPU c1000 / HCA 0 (distance 6 <= 6), read 0
nid005001:57743:57826 [7] NCCL INFO New proxy recv connection 13 from local rank 7, transport 2
nid005001:57743:57743 [7] NCCL INFO Connected to proxy localRank 7 -> connection 0x14c1b0001a38
nid005001:57743:57743 [7] NCCL INFO Channel 06/0 : 15[de000] -> 7[de000] [receive] via NET/Libfabric/3/GDRDMA comm 0x55fa1ad54810 nRanks 16
nid005001:57743:57743 [7] NCCL INFO GPU Direct RDMA Enabled for GPU de000 / HCA 3 (distance 6 <= 6), read 0
nid005001:57743:57826 [7] NCCL INFO New proxy recv connection 14 from local rank 7, transport 2
nid005001:57743:57743 [7] NCCL INFO Connected to proxy localRank 7 -> connection 0x14c1b0001ab0
nid005001:57743:57743 [7] NCCL INFO Channel 10/0 : 15[de000] -> 7[de000] [receive] via NET/Libfabric/3/GDRDMA comm 0x55fa1ad54810 nRanks 16
nid005001:57743:57743 [7] NCCL INFO GPU Direct RDMA Enabled for GPU de000 / HCA 3 (distance 6 <= 6), read 0
nid005001:57743:57826 [7] NCCL INFO New proxy recv connection 15 from local rank 7, transport 2
nid005001:57743:57743 [7] NCCL INFO Connected to proxy localRank 7 -> connection 0x14c1b0001b28
nid005001:57743:57743 [7] NCCL INFO Channel 14/0 : 15[de000] -> 7[de000] [receive] via NET/Libfabric/3/GDRDMA comm 0x55fa1ad54810 nRanks 16
nid005001:57743:57743 [7] NCCL INFO GPU Direct RDMA Enabled for GPU de000 / HCA 3 (distance 6 <= 6), read 1
nid005001:57743:57826 [7] NCCL INFO New proxy send connection 16 from local rank 7, transport 2
nid005001:57743:57743 [7] NCCL INFO Connected to proxy localRank 7 -> connection 0x14c1b0001ba0
nid005001:57743:57743 [7] NCCL INFO Channel 03/0 : 7[de000] -> 15[de000] [send] via NET/Libfabric/3/GDRDMA comm 0x55fa1ad54810 nRanks 16
nid005001:57743:57743 [7] NCCL INFO GPU Direct RDMA Enabled for GPU de000 / HCA 3 (distance 6 <= 6), read 1
nid005001:57743:57826 [7] NCCL INFO New proxy send connection 17 from local rank 7, transport 2
nid005001:57743:57743 [7] NCCL INFO Connected to proxy localRank 7 -> connection 0x14c1b0001c18
nid005001:57743:57743 [7] NCCL INFO Channel 07/0 : 7[de000] -> 15[de000] [send] via NET/Libfabric/3/GDRDMA comm 0x55fa1ad54810 nRanks 16
nid005001:57743:57743 [7] NCCL INFO GPU Direct RDMA Enabled for GPU de000 / HCA 3 (distance 6 <= 6), read 1
nid005001:57743:57826 [7] NCCL INFO New proxy send connection 18 from local rank 7, transport 2
nid005001:57743:57743 [7] NCCL INFO Connected to proxy localRank 7 -> connection 0x14c1b0001c90
nid005001:57743:57743 [7] NCCL INFO Channel 11/0 : 7[de000] -> 15[de000] [send] via NET/Libfabric/3/GDRDMA comm 0x55fa1ad54810 nRanks 16
nid005001:57743:57743 [7] NCCL INFO GPU Direct RDMA Enabled for GPU de000 / HCA 3 (distance 6 <= 6), read 1
nid005001:57743:57826 [7] NCCL INFO New proxy send connection 19 from local rank 7, transport 2
nid005001:57743:57743 [7] NCCL INFO Connected to proxy localRank 7 -> connection 0x14c1b0001d08
nid005001:57743:57743 [7] NCCL INFO Channel 15/0 : 7[de000] -> 15[de000] [send] via NET/Libfabric/3/GDRDMA comm 0x55fa1ad54810 nRanks 16
nid005001:57742:57742 [4] NCCL INFO Channel 07/0 : 4[d1000] -> 2[c9000] via P2P/IPC comm 0x55649a5d5310 nRanks 16
nid005001:57742:57827 [4] NCCL INFO New proxy send connection 21 from local rank 4, transport 0
nid005001:57742:57742 [4] NCCL INFO Connected to proxy localRank 4 -> connection 0x14560c001df8
nid005001:57743:57743 [7] NCCL INFO Channel 00/0 : 7[de000] -> 3[ce000] via P2P/IPC comm 0x55fa1ad54810 nRanks 16
nid005001:57743:57826 [7] NCCL INFO New proxy send connection 20 from local rank 7, transport 0
nid005001:57743:57743 [7] NCCL INFO Connected to proxy localRank 7 -> connection 0x14c1b0001d80
nid005005:93051:93051 [7] NCCL INFO Channel 01/0 : 15[de000] -> 11[ce000] via P2P/IPC comm 0x556dd7d0a120 nRanks 16
nid005005:93051:93134 [7] NCCL INFO New proxy send connection 20 from local rank 7, transport 0
nid005005:93051:93051 [7] NCCL INFO Connected to proxy localRank 7 -> connection 0x150328001d80
nid005001:57739:57739 [2] NCCL INFO Channel 01/0 : 10[c9000] -> 2[c9000] [receive] via NET/Libfabric/1/GDRDMA comm 0x556bab7ca8d0 nRanks 16
nid005001:57739:57739 [2] NCCL INFO GPU Direct RDMA Enabled for GPU c9000 / HCA 1 (distance 6 <= 6), read 0
nid005001:57739:57830 [2] NCCL INFO New proxy recv connection 13 from local rank 2, transport 2
nid005001:57739:57739 [2] NCCL INFO Connected to proxy localRank 2 -> connection 0x149b0c001a38
nid005001:57739:57739 [2] NCCL INFO Channel 05/0 : 10[c9000] -> 2[c9000] [receive] via NET/Libfabric/1/GDRDMA comm 0x556bab7ca8d0 nRanks 16
nid005001:57739:57739 [2] NCCL INFO GPU Direct RDMA Enabled for GPU c9000 / HCA 1 (distance 6 <= 6), read 0
nid005001:57739:57830 [2] NCCL INFO New proxy recv connection 14 from local rank 2, transport 2
nid005001:57739:57739 [2] NCCL INFO Connected to proxy localRank 2 -> connection 0x149b0c001ab0
nid005001:57739:57739 [2] NCCL INFO Channel 09/0 : 10[c9000] -> 2[c9000] [receive] via NET/Libfabric/1/GDRDMA comm 0x556bab7ca8d0 nRanks 16
nid005001:57739:57739 [2] NCCL INFO GPU Direct RDMA Enabled for GPU c9000 / HCA 1 (distance 6 <= 6), read 0
nid005001:57739:57830 [2] NCCL INFO New proxy recv connection 15 from local rank 2, transport 2
nid005001:57739:57739 [2] NCCL INFO Connected to proxy localRank 2 -> connection 0x149b0c001b28
nid005001:57739:57739 [2] NCCL INFO Channel 13/0 : 10[c9000] -> 2[c9000] [receive] via NET/Libfabric/1/GDRDMA comm 0x556bab7ca8d0 nRanks 16
nid005001:57739:57739 [2] NCCL INFO GPU Direct RDMA Enabled for GPU c9000 / HCA 1 (distance 6 <= 6), read 1
nid005001:57739:57830 [2] NCCL INFO New proxy send connection 16 from local rank 2, transport 2
nid005001:57739:57739 [2] NCCL INFO Connected to proxy localRank 2 -> connection 0x149b0c001ba0
nid005001:57739:57739 [2] NCCL INFO Channel 00/0 : 2[c9000] -> 10[c9000] [send] via NET/Libfabric/1/GDRDMA comm 0x556bab7ca8d0 nRanks 16
nid005001:57739:57739 [2] NCCL INFO GPU Direct RDMA Enabled for GPU c9000 / HCA 1 (distance 6 <= 6), read 1
nid005001:57739:57830 [2] NCCL INFO New proxy send connection 17 from local rank 2, transport 2
nid005001:57739:57739 [2] NCCL INFO Connected to proxy localRank 2 -> connection 0x149b0c001c18
nid005001:57739:57739 [2] NCCL INFO Channel 04/0 : 2[c9000] -> 10[c9000] [send] via NET/Libfabric/1/GDRDMA comm 0x556bab7ca8d0 nRanks 16
nid005001:57739:57739 [2] NCCL INFO GPU Direct RDMA Enabled for GPU c9000 / HCA 1 (distance 6 <= 6), read 1
nid005001:57739:57830 [2] NCCL INFO New proxy send connection 18 from local rank 2, transport 2
nid005001:57739:57739 [2] NCCL INFO Connected to proxy localRank 2 -> connection 0x149b0c001c90
nid005001:57739:57739 [2] NCCL INFO Channel 08/0 : 2[c9000] -> 10[c9000] [send] via NET/Libfabric/1/GDRDMA comm 0x556bab7ca8d0 nRanks 16
nid005001:57739:57739 [2] NCCL INFO GPU Direct RDMA Enabled for GPU c9000 / HCA 1 (distance 6 <= 6), read 1
nid005001:57739:57830 [2] NCCL INFO New proxy send connection 19 from local rank 2, transport 2
nid005001:57739:57739 [2] NCCL INFO Connected to proxy localRank 2 -> connection 0x149b0c001d08
nid005001:57739:57739 [2] NCCL INFO Channel 12/0 : 2[c9000] -> 10[c9000] [send] via NET/Libfabric/1/GDRDMA comm 0x556bab7ca8d0 nRanks 16
nid005001:57739:57830 [2] NCCL INFO New proxy recv connection 20 from local rank 2, transport 0
nid005001:57739:57739 [2] NCCL INFO Connected to proxy localRank 2 -> connection 0x149b0c001d80
nid005001:57738:57834 [0] NCCL INFO New proxy recv connection 12 from local rank 0, transport 2
nid005001:57738:57738 [0] NCCL INFO Connected to proxy localRank 0 -> connection 0x148ce80019c0
nid005005:93047:93130 [2] NCCL INFO New proxy recv connection 20 from local rank 2, transport 0
nid005005:93047:93047 [2] NCCL INFO Connected to proxy localRank 2 -> connection 0x14e97c001d80
nid005001:57745:57745 [5] NCCL INFO Channel 03/0 : 13[d6000] -> 5[d6000] [receive] via NET/Libfabric/2/GDRDMA comm 0x55c7e6773620 nRanks 16
nid005001:57745:57745 [5] NCCL INFO GPU Direct RDMA Enabled for GPU d6000 / HCA 2 (distance 6 <= 6), read 0
nid005001:57745:57831 [5] NCCL INFO New proxy recv connection 13 from local rank 5, transport 2
nid005001:57745:57745 [5] NCCL INFO Connected to proxy localRank 5 -> connection 0x14b1e0001a38
nid005001:57745:57745 [5] NCCL INFO Channel 07/0 : 13[d6000] -> 5[d6000] [receive] via NET/Libfabric/2/GDRDMA comm 0x55c7e6773620 nRanks 16
nid005001:57745:57745 [5] NCCL INFO GPU Direct RDMA Enabled for GPU d6000 / HCA 2 (distance 6 <= 6), read 0
nid005001:57745:57831 [5] NCCL INFO New proxy recv connection 14 from local rank 5, transport 2
nid005001:57745:57745 [5] NCCL INFO Connected to proxy localRank 5 -> connection 0x14b1e0001ab0
nid005001:57744:57744 [6] NCCL INFO Channel 06/0 : 6[d9000] -> 0[c1000] via P2P/IPC comm 0x557546059a30 nRanks 16
nid005001:57744:57828 [6] NCCL INFO New proxy send connection 17 from local rank 6, transport 0
nid005001:57745:57745 [5] NCCL INFO Channel 11/0 : 13[d6000] -> 5[d6000] [receive] via NET/Libfabric/2/GDRDMA comm 0x55c7e6773620 nRanks 16
nid005001:57745:57745 [5] NCCL INFO GPU Direct RDMA Enabled for GPU d6000 / HCA 2 (distance 6 <= 6), read 0
nid005001:57744:57744 [6] NCCL INFO Connected to proxy localRank 6 -> connection 0x14aaa8001c18
nid005001:57745:57831 [5] NCCL INFO New proxy recv connection 15 from local rank 5, transport 2
nid005001:57745:57745 [5] NCCL INFO Connected to proxy localRank 5 -> connection 0x14b1e0001b28
nid005001:57745:57745 [5] NCCL INFO Channel 15/0 : 13[d6000] -> 5[d6000] [receive] via NET/Libfabric/2/GDRDMA comm 0x55c7e6773620 nRanks 16
nid005001:57745:57745 [5] NCCL INFO GPU Direct RDMA Enabled for GPU d6000 / HCA 2 (distance 6 <= 6), read 1
nid005001:57745:57831 [5] NCCL INFO New proxy send connection 16 from local rank 5, transport 2
nid005001:57745:57745 [5] NCCL INFO Connected to proxy localRank 5 -> connection 0x14b1e0001ba0
nid005001:57743:57743 [7] NCCL INFO Channel 04/0 : 7[de000] -> 3[ce000] via P2P/IPC comm 0x55fa1ad54810 nRanks 16
nid005001:57743:57826 [7] NCCL INFO New proxy send connection 21 from local rank 7, transport 0
nid005001:57743:57743 [7] NCCL INFO Connected to proxy localRank 7 -> connection 0x14c1b0001df8
nid005001:57745:57745 [5] NCCL INFO Channel 02/0 : 5[d6000] -> 13[d6000] [send] via NET/Libfabric/2/GDRDMA comm 0x55c7e6773620 nRanks 16
nid005001:57745:57745 [5] NCCL INFO GPU Direct RDMA Enabled for GPU d6000 / HCA 2 (distance 6 <= 6), read 1
nid005001:57745:57831 [5] NCCL INFO New proxy send connection 17 from local rank 5, transport 2
nid005001:57745:57745 [5] NCCL INFO Connected to proxy localRank 5 -> connection 0x14b1e0001c18
nid005001:57745:57745 [5] NCCL INFO Channel 06/0 : 5[d6000] -> 13[d6000] [send] via NET/Libfabric/2/GDRDMA comm 0x55c7e6773620 nRanks 16
nid005001:57745:57745 [5] NCCL INFO GPU Direct RDMA Enabled for GPU d6000 / HCA 2 (distance 6 <= 6), read 1
nid005001:57745:57831 [5] NCCL INFO New proxy send connection 18 from local rank 5, transport 2
nid005001:57742:57742 [4] NCCL INFO Channel 11/0 : 4[d1000] -> 2[c9000] via P2P/IPC comm 0x55649a5d5310 nRanks 16
nid005001:57745:57745 [5] NCCL INFO Connected to proxy localRank 5 -> connection 0x14b1e0001c90
nid005001:57742:57827 [4] NCCL INFO New proxy send connection 22 from local rank 4, transport 0
nid005001:57742:57742 [4] NCCL INFO Connected to proxy localRank 4 -> connection 0x14560c001e70
nid005001:57745:57745 [5] NCCL INFO Channel 10/0 : 5[d6000] -> 13[d6000] [send] via NET/Libfabric/2/GDRDMA comm 0x55c7e6773620 nRanks 16
nid005001:57745:57745 [5] NCCL INFO GPU Direct RDMA Enabled for GPU d6000 / HCA 2 (distance 6 <= 6), read 1
nid005001:57745:57831 [5] NCCL INFO New proxy send connection 19 from local rank 5, transport 2
nid005001:57745:57745 [5] NCCL INFO Connected to proxy localRank 5 -> connection 0x14b1e0001d08
nid005001:57745:57745 [5] NCCL INFO Channel 14/0 : 5[d6000] -> 13[d6000] [send] via NET/Libfabric/2/GDRDMA comm 0x55c7e6773620 nRanks 16
nid005005:93051:93051 [7] NCCL INFO Channel 05/0 : 15[de000] -> 11[ce000] via P2P/IPC comm 0x556dd7d0a120 nRanks 16
nid005005:93051:93134 [7] NCCL INFO New proxy send connection 21 from local rank 7, transport 0
nid005005:93051:93051 [7] NCCL INFO Connected to proxy localRank 7 -> connection 0x150328001df8
nid005001:57745:57745 [5] NCCL INFO Channel 01/0 : 5[d6000] -> 1[c6000] via P2P/IPC comm 0x55c7e6773620 nRanks 16
nid005001:57745:57831 [5] NCCL INFO New proxy send connection 20 from local rank 5, transport 0
nid005001:57745:57745 [5] NCCL INFO Connected to proxy localRank 5 -> connection 0x14b1e0001d80
nid005005:93048:93048 [5] NCCL INFO Channel 00/0 : 13[d6000] -> 9[c6000] via P2P/IPC comm 0x56205b7ca300 nRanks 16
nid005005:93048:93131 [5] NCCL INFO New proxy send connection 20 from local rank 5, transport 0
nid005005:93048:93048 [5] NCCL INFO Connected to proxy localRank 5 -> connection 0x14c2f8001d80
nid005001:57739:57830 [2] NCCL INFO New proxy recv connection 21 from local rank 2, transport 0
nid005001:57739:57739 [2] NCCL INFO Connected to proxy localRank 2 -> connection 0x149b0c001df8
nid005005:93047:93130 [2] NCCL INFO New proxy recv connection 21 from local rank 2, transport 0
nid005005:93047:93047 [2] NCCL INFO Connected to proxy localRank 2 -> connection 0x14e97c001df8
nid005001:57743:57743 [7] NCCL INFO Channel 08/0 : 7[de000] -> 3[ce000] via P2P/IPC comm 0x55fa1ad54810 nRanks 16
nid005001:57743:57826 [7] NCCL INFO New proxy send connection 22 from local rank 7, transport 0
nid005001:57743:57743 [7] NCCL INFO Connected to proxy localRank 7 -> connection 0x14c1b0001e70
nid005005:93051:93051 [7] NCCL INFO Channel 09/0 : 15[de000] -> 11[ce000] via P2P/IPC comm 0x556dd7d0a120 nRanks 16
nid005005:93051:93134 [7] NCCL INFO New proxy send connection 22 from local rank 7, transport 0
nid005005:93051:93051 [7] NCCL INFO Connected to proxy localRank 7 -> connection 0x150328001e70
nid005001:57742:57742 [4] NCCL INFO Channel 15/0 : 4[d1000] -> 2[c9000] via P2P/IPC comm 0x55649a5d5310 nRanks 16
nid005001:57742:57827 [4] NCCL INFO New proxy send connection 23 from local rank 4, transport 0
nid005001:57742:57742 [4] NCCL INFO Connected to proxy localRank 4 -> connection 0x14560c001ee8
nid005001:57744:57744 [6] NCCL INFO Channel 10/0 : 6[d9000] -> 0[c1000] via P2P/IPC comm 0x557546059a30 nRanks 16
nid005001:57744:57828 [6] NCCL INFO New proxy send connection 18 from local rank 6, transport 0
nid005001:57744:57744 [6] NCCL INFO Connected to proxy localRank 6 -> connection 0x14aaa8001c90
nid005001:57745:57745 [5] NCCL INFO Channel 05/0 : 5[d6000] -> 1[c6000] via P2P/IPC comm 0x55c7e6773620 nRanks 16
nid005001:57745:57831 [5] NCCL INFO New proxy send connection 21 from local rank 5, transport 0
nid005001:57745:57745 [5] NCCL INFO Connected to proxy localRank 5 -> connection 0x14b1e0001df8
nid005005:93048:93048 [5] NCCL INFO Channel 04/0 : 13[d6000] -> 9[c6000] via P2P/IPC comm 0x56205b7ca300 nRanks 16
nid005005:93048:93131 [5] NCCL INFO New proxy send connection 21 from local rank 5, transport 0
nid005005:93048:93048 [5] NCCL INFO Connected to proxy localRank 5 -> connection 0x14c2f8001df8
nid005005:93047:93130 [2] NCCL INFO New proxy recv connection 22 from local rank 2, transport 0
nid005005:93047:93047 [2] NCCL INFO Connected to proxy localRank 2 -> connection 0x14e97c001e70
nid005001:57743:57743 [7] NCCL INFO Channel 12/0 : 7[de000] -> 3[ce000] via P2P/IPC comm 0x55fa1ad54810 nRanks 16
nid005001:57743:57826 [7] NCCL INFO New proxy send connection 23 from local rank 7, transport 0
nid005001:57743:57743 [7] NCCL INFO Connected to proxy localRank 7 -> connection 0x14c1b0001ee8
nid005001:57739:57830 [2] NCCL INFO New proxy recv connection 22 from local rank 2, transport 0
nid005001:57739:57739 [2] NCCL INFO Connected to proxy localRank 2 -> connection 0x149b0c001e70
nid005005:93051:93051 [7] NCCL INFO Channel 13/0 : 15[de000] -> 11[ce000] via P2P/IPC comm 0x556dd7d0a120 nRanks 16
nid005005:93051:93134 [7] NCCL INFO New proxy send connection 23 from local rank 7, transport 0
nid005005:93051:93051 [7] NCCL INFO Connected to proxy localRank 7 -> connection 0x150328001ee8
nid005001:57745:57745 [5] NCCL INFO Channel 09/0 : 5[d6000] -> 1[c6000] via P2P/IPC comm 0x55c7e6773620 nRanks 16
nid005001:57745:57831 [5] NCCL INFO New proxy send connection 22 from local rank 5, transport 0
nid005001:57745:57745 [5] NCCL INFO Connected to proxy localRank 5 -> connection 0x14b1e0001e70
nid005005:93048:93048 [5] NCCL INFO Channel 08/0 : 13[d6000] -> 9[c6000] via P2P/IPC comm 0x56205b7ca300 nRanks 16
nid005005:93048:93131 [5] NCCL INFO New proxy send connection 22 from local rank 5, transport 0
nid005005:93048:93048 [5] NCCL INFO Connected to proxy localRank 5 -> connection 0x14c2f8001e70
nid005001:57744:57744 [6] NCCL INFO Channel 14/0 : 6[d9000] -> 0[c1000] via P2P/IPC comm 0x557546059a30 nRanks 16
nid005001:57744:57828 [6] NCCL INFO New proxy send connection 19 from local rank 6, transport 0
nid005001:57744:57744 [6] NCCL INFO Connected to proxy localRank 6 -> connection 0x14aaa8001d08
nid005005:93047:93130 [2] NCCL INFO New proxy recv connection 23 from local rank 2, transport 0
nid005005:93047:93047 [2] NCCL INFO Connected to proxy localRank 2 -> connection 0x14e97c001ee8
nid005001:57743:57743 [7] NCCL INFO Channel 01/0 : 7[de000] -> 6[d9000] via P2P/IPC comm 0x55fa1ad54810 nRanks 16
nid005001:57743:57826 [7] NCCL INFO New proxy send connection 24 from local rank 7, transport 0
nid005001:57740:57740 [3] NCCL INFO Channel 03/0 : 3[ce000] -> 1[c6000] via P2P/IPC comm 0x55be917ada50 nRanks 16
nid005001:57740:57829 [3] NCCL INFO New proxy send connection 20 from local rank 3, transport 0
nid005001:57743:57743 [7] NCCL INFO Connected to proxy localRank 7 -> connection 0x14c1b0001f60
nid005001:57740:57740 [3] NCCL INFO Connected to proxy localRank 3 -> connection 0x148ee0001d80
nid005001:57739:57830 [2] NCCL INFO New proxy recv connection 23 from local rank 2, transport 0
nid005001:57739:57739 [2] NCCL INFO Connected to proxy localRank 2 -> connection 0x149b0c001ee8
nid005005:93051:93051 [7] NCCL INFO Channel 00/0 : 15[de000] -> 14[d9000] via P2P/IPC comm 0x556dd7d0a120 nRanks 16
nid005005:93051:93134 [7] NCCL INFO New proxy send connection 24 from local rank 7, transport 0
nid005005:93050:93050 [3] NCCL INFO Channel 02/0 : 11[ce000] -> 9[c6000] via P2P/IPC comm 0x55ee6d4ff060 nRanks 16
nid005005:93050:93132 [3] NCCL INFO New proxy send connection 20 from local rank 3, transport 0
nid005005:93051:93051 [7] NCCL INFO Connected to proxy localRank 7 -> connection 0x150328001f60
nid005005:93050:93050 [3] NCCL INFO Connected to proxy localRank 3 -> connection 0x1528b8001d80
nid005001:57745:57745 [5] NCCL INFO Channel 13/0 : 5[d6000] -> 1[c6000] via P2P/IPC comm 0x55c7e6773620 nRanks 16
nid005001:57745:57831 [5] NCCL INFO New proxy send connection 23 from local rank 5, transport 0
nid005001:57745:57745 [5] NCCL INFO Connected to proxy localRank 5 -> connection 0x14b1e0001ee8
nid005005:93048:93048 [5] NCCL INFO Channel 12/0 : 13[d6000] -> 9[c6000] via P2P/IPC comm 0x56205b7ca300 nRanks 16
nid005005:93048:93131 [5] NCCL INFO New proxy send connection 23 from local rank 5, transport 0
nid005005:93048:93048 [5] NCCL INFO Connected to proxy localRank 5 -> connection 0x14c2f8001ee8
nid005001:57743:57743 [7] NCCL INFO Channel 02/0 : 7[de000] -> 6[d9000] via P2P/IPC comm 0x55fa1ad54810 nRanks 16
nid005001:57743:57826 [7] NCCL INFO New proxy send connection 25 from local rank 7, transport 0
nid005001:57743:57743 [7] NCCL INFO Connected to proxy localRank 7 -> connection 0x14c1b0001fd8
nid005005:93047:93130 [2] NCCL INFO New proxy recv connection 24 from local rank 2, transport 0
nid005005:93047:93047 [2] NCCL INFO Connected to proxy localRank 2 -> connection 0x14e97c001f60
nid005001:57740:57740 [3] NCCL INFO Channel 07/0 : 3[ce000] -> 1[c6000] via P2P/IPC comm 0x55be917ada50 nRanks 16
nid005001:57740:57829 [3] NCCL INFO New proxy send connection 21 from local rank 3, transport 0
nid005001:57740:57740 [3] NCCL INFO Connected to proxy localRank 3 -> connection 0x148ee0001df8
nid005005:93051:93051 [7] NCCL INFO Channel 03/0 : 15[de000] -> 14[d9000] via P2P/IPC comm 0x556dd7d0a120 nRanks 16
nid005005:93051:93134 [7] NCCL INFO New proxy send connection 25 from local rank 7, transport 0
nid005005:93051:93051 [7] NCCL INFO Connected to proxy localRank 7 -> connection 0x150328001fd8
nid005001:57739:57830 [2] NCCL INFO New proxy recv connection 24 from local rank 2, transport 0
nid005001:57739:57739 [2] NCCL INFO Connected to proxy localRank 2 -> connection 0x149b0c001f60
nid005005:93050:93050 [3] NCCL INFO Channel 06/0 : 11[ce000] -> 9[c6000] via P2P/IPC comm 0x55ee6d4ff060 nRanks 16
nid005005:93050:93132 [3] NCCL INFO New proxy send connection 21 from local rank 3, transport 0
nid005005:93050:93050 [3] NCCL INFO Connected to proxy localRank 3 -> connection 0x1528b8001df8
nid005001:57743:57743 [7] NCCL INFO Channel 05/0 : 7[de000] -> 6[d9000] via P2P/IPC comm 0x55fa1ad54810 nRanks 16
nid005001:57743:57826 [7] NCCL INFO New proxy send connection 26 from local rank 7, transport 0
nid005001:57743:57743 [7] NCCL INFO Connected to proxy localRank 7 -> connection 0x14c1b0002050
nid005001:57745:57745 [5] NCCL INFO Channel 00/0 : 5[d6000] -> 4[d1000] via P2P/IPC comm 0x55c7e6773620 nRanks 16
nid005001:57741:57833 [1] NCCL INFO New proxy recv connection 20 from local rank 1, transport 0
nid005001:57741:57741 [1] NCCL INFO Connected to proxy localRank 1 -> connection 0x14ab1c001d80
nid005001:57745:57831 [5] NCCL INFO New proxy send connection 24 from local rank 5, transport 0
nid005001:57745:57745 [5] NCCL INFO Connected to proxy localRank 5 -> connection 0x14b1e0001f60
nid005005:93047:93130 [2] NCCL INFO New proxy recv connection 25 from local rank 2, transport 0
nid005005:93047:93047 [2] NCCL INFO Connected to proxy localRank 2 -> connection 0x14e97c001fd8
nid005005:93048:93048 [5] NCCL INFO Channel 01/0 : 13[d6000] -> 12[d1000] via P2P/IPC comm 0x56205b7ca300 nRanks 16
nid005005:93045:93137 [1] NCCL INFO New proxy recv connection 20 from local rank 1, transport 0
nid005005:93048:93131 [5] NCCL INFO New proxy send connection 24 from local rank 5, transport 0
nid005005:93048:93048 [5] NCCL INFO Connected to proxy localRank 5 -> connection 0x14c2f8001f60
nid005005:93045:93045 [1] NCCL INFO Connected to proxy localRank 1 -> connection 0x14e628001d80
nid005005:93051:93051 [7] NCCL INFO Channel 04/0 : 15[de000] -> 14[d9000] via P2P/IPC comm 0x556dd7d0a120 nRanks 16
nid005005:93051:93134 [7] NCCL INFO New proxy send connection 26 from local rank 7, transport 0
nid005005:93051:93051 [7] NCCL INFO Connected to proxy localRank 7 -> connection 0x150328002050
nid005005:93050:93050 [3] NCCL INFO Channel 10/0 : 11[ce000] -> 9[c6000] via P2P/IPC comm 0x55ee6d4ff060 nRanks 16
nid005005:93050:93132 [3] NCCL INFO New proxy send connection 22 from local rank 3, transport 0
nid005005:93050:93050 [3] NCCL INFO Connected to proxy localRank 3 -> connection 0x1528b8001e70
nid005001:57739:57830 [2] NCCL INFO New proxy recv connection 25 from local rank 2, transport 0
nid005001:57739:57739 [2] NCCL INFO Connected to proxy localRank 2 -> connection 0x149b0c001fd8
nid005001:57743:57743 [7] NCCL INFO Channel 06/0 : 7[de000] -> 6[d9000] via P2P/IPC comm 0x55fa1ad54810 nRanks 16
nid005001:57743:57826 [7] NCCL INFO New proxy send connection 27 from local rank 7, transport 0
nid005001:57743:57743 [7] NCCL INFO Connected to proxy localRank 7 -> connection 0x14c1b00020c8
nid005001:57740:57740 [3] NCCL INFO Channel 11/0 : 3[ce000] -> 1[c6000] via P2P/IPC comm 0x55be917ada50 nRanks 16
nid005001:57740:57829 [3] NCCL INFO New proxy send connection 22 from local rank 3, transport 0
nid005001:57740:57740 [3] NCCL INFO Connected to proxy localRank 3 -> connection 0x148ee0001e70
nid005001:57738:57738 [0] NCCL INFO Channel 00/0 : 8[c1000] -> 0[c1000] [receive] via NET/Libfabric/0/GDRDMA comm 0x5653fa136be0 nRanks 16
nid005001:57738:57738 [0] NCCL INFO GPU Direct RDMA Enabled for GPU c1000 / HCA 0 (distance 6 <= 6), read 0
nid005001:57738:57834 [0] NCCL INFO New proxy recv connection 13 from local rank 0, transport 2
nid005001:57738:57738 [0] NCCL INFO Connected to proxy localRank 0 -> connection 0x148ce8001a38
nid005001:57745:57745 [5] NCCL INFO Channel 03/0 : 5[d6000] -> 4[d1000] via P2P/IPC comm 0x55c7e6773620 nRanks 16
nid005001:57745:57831 [5] NCCL INFO New proxy send connection 25 from local rank 5, transport 0
nid005001:57738:57738 [0] NCCL INFO Channel 04/0 : 8[c1000] -> 0[c1000] [receive] via NET/Libfabric/0/GDRDMA comm 0x5653fa136be0 nRanks 16
nid005001:57738:57738 [0] NCCL INFO GPU Direct RDMA Enabled for GPU c1000 / HCA 0 (distance 6 <= 6), read 0
nid005001:57745:57745 [5] NCCL INFO Connected to proxy localRank 5 -> connection 0x14b1e0001fd8
nid005001:57738:57834 [0] NCCL INFO New proxy recv connection 14 from local rank 0, transport 2
nid005001:57738:57738 [0] NCCL INFO Connected to proxy localRank 0 -> connection 0x148ce8001ab0
nid005001:57738:57738 [0] NCCL INFO Channel 08/0 : 8[c1000] -> 0[c1000] [receive] via NET/Libfabric/0/GDRDMA comm 0x5653fa136be0 nRanks 16
nid005001:57738:57738 [0] NCCL INFO GPU Direct RDMA Enabled for GPU c1000 / HCA 0 (distance 6 <= 6), read 0
nid005001:57738:57834 [0] NCCL INFO New proxy recv connection 15 from local rank 0, transport 2
nid005001:57738:57738 [0] NCCL INFO Connected to proxy localRank 0 -> connection 0x148ce8001b28
nid005001:57738:57738 [0] NCCL INFO Channel 12/0 : 8[c1000] -> 0[c1000] [receive] via NET/Libfabric/0/GDRDMA comm 0x5653fa136be0 nRanks 16
nid005001:57738:57738 [0] NCCL INFO GPU Direct RDMA Enabled for GPU c1000 / HCA 0 (distance 6 <= 6), read 1
nid005001:57741:57833 [1] NCCL INFO New proxy recv connection 21 from local rank 1, transport 0
nid005001:57741:57741 [1] NCCL INFO Connected to proxy localRank 1 -> connection 0x14ab1c001df8
nid005001:57738:57834 [0] NCCL INFO New proxy send connection 16 from local rank 0, transport 2
nid005001:57738:57738 [0] NCCL INFO Connected to proxy localRank 0 -> connection 0x148ce8001ba0
nid005001:57738:57738 [0] NCCL INFO Channel 01/0 : 0[c1000] -> 8[c1000] [send] via NET/Libfabric/0/GDRDMA comm 0x5653fa136be0 nRanks 16
nid005001:57738:57738 [0] NCCL INFO GPU Direct RDMA Enabled for GPU c1000 / HCA 0 (distance 6 <= 6), read 1
nid005001:57738:57834 [0] NCCL INFO New proxy send connection 17 from local rank 0, transport 2
nid005001:57738:57738 [0] NCCL INFO Connected to proxy localRank 0 -> connection 0x148ce8001c18
nid005005:93048:93048 [5] NCCL INFO Channel 02/0 : 13[d6000] -> 12[d1000] via P2P/IPC comm 0x56205b7ca300 nRanks 16
nid005005:93048:93131 [5] NCCL INFO New proxy send connection 25 from local rank 5, transport 0
nid005005:93045:93137 [1] NCCL INFO New proxy recv connection 21 from local rank 1, transport 0
nid005005:93045:93045 [1] NCCL INFO Connected to proxy localRank 1 -> connection 0x14e628001df8
nid005005:93048:93048 [5] NCCL INFO Connected to proxy localRank 5 -> connection 0x14c2f8001fd8
nid005001:57738:57738 [0] NCCL INFO Channel 05/0 : 0[c1000] -> 8[c1000] [send] via NET/Libfabric/0/GDRDMA comm 0x5653fa136be0 nRanks 16
nid005001:57738:57738 [0] NCCL INFO GPU Direct RDMA Enabled for GPU c1000 / HCA 0 (distance 6 <= 6), read 1
nid005001:57738:57834 [0] NCCL INFO New proxy send connection 18 from local rank 0, transport 2
nid005001:57738:57738 [0] NCCL INFO Connected to proxy localRank 0 -> connection 0x148ce8001c90
nid005001:57738:57738 [0] NCCL INFO Channel 09/0 : 0[c1000] -> 8[c1000] [send] via NET/Libfabric/0/GDRDMA comm 0x5653fa136be0 nRanks 16
nid005001:57738:57738 [0] NCCL INFO GPU Direct RDMA Enabled for GPU c1000 / HCA 0 (distance 6 <= 6), read 1
nid005001:57738:57834 [0] NCCL INFO New proxy send connection 19 from local rank 0, transport 2
nid005001:57738:57738 [0] NCCL INFO Connected to proxy localRank 0 -> connection 0x148ce8001d08
nid005001:57738:57738 [0] NCCL INFO Channel 13/0 : 0[c1000] -> 8[c1000] [send] via NET/Libfabric/0/GDRDMA comm 0x5653fa136be0 nRanks 16
nid005001:57738:57834 [0] NCCL INFO New proxy recv connection 20 from local rank 0, transport 0
nid005001:57738:57738 [0] NCCL INFO Connected to proxy localRank 0 -> connection 0x148ce8001d80
nid005005:93044:93135 [0] NCCL INFO New proxy recv connection 20 from local rank 0, transport 0
nid005005:93044:93044 [0] NCCL INFO Connected to proxy localRank 0 -> connection 0x14ac38001d80
nid005005:93051:93051 [7] NCCL INFO Channel 07/0 : 15[de000] -> 14[d9000] via P2P/IPC comm 0x556dd7d0a120 nRanks 16
nid005005:93051:93134 [7] NCCL INFO New proxy send connection 27 from local rank 7, transport 0
nid005005:93051:93051 [7] NCCL INFO Connected to proxy localRank 7 -> connection 0x1503280020c8
nid005005:93050:93050 [3] NCCL INFO Channel 14/0 : 11[ce000] -> 9[c6000] via P2P/IPC comm 0x55ee6d4ff060 nRanks 16
nid005005:93050:93132 [3] NCCL INFO New proxy send connection 23 from local rank 3, transport 0
nid005005:93050:93050 [3] NCCL INFO Connected to proxy localRank 3 -> connection 0x1528b8001ee8
nid005001:57743:57743 [7] NCCL INFO Channel 09/0 : 7[de000] -> 6[d9000] via P2P/IPC comm 0x55fa1ad54810 nRanks 16
nid005001:57743:57826 [7] NCCL INFO New proxy send connection 28 from local rank 7, transport 0
nid005001:57743:57743 [7] NCCL INFO Connected to proxy localRank 7 -> connection 0x14c1b0002140
nid005001:57739:57830 [2] NCCL INFO New proxy recv connection 26 from local rank 2, transport 0
nid005001:57739:57739 [2] NCCL INFO Connected to proxy localRank 2 -> connection 0x149b0c002050
nid005005:93047:93130 [2] NCCL INFO New proxy recv connection 26 from local rank 2, transport 0
nid005005:93047:93047 [2] NCCL INFO Connected to proxy localRank 2 -> connection 0x14e97c002050
nid005001:57745:57745 [5] NCCL INFO Channel 04/0 : 5[d6000] -> 4[d1000] via P2P/IPC comm 0x55c7e6773620 nRanks 16
nid005001:57745:57831 [5] NCCL INFO New proxy send connection 26 from local rank 5, transport 0
nid005001:57745:57745 [5] NCCL INFO Connected to proxy localRank 5 -> connection 0x14b1e0002050
nid005001:57740:57740 [3] NCCL INFO Channel 15/0 : 3[ce000] -> 1[c6000] via P2P/IPC comm 0x55be917ada50 nRanks 16
nid005001:57740:57829 [3] NCCL INFO New proxy send connection 23 from local rank 3, transport 0
nid005001:57740:57740 [3] NCCL INFO Connected to proxy localRank 3 -> connection 0x148ee0001ee8
nid005005:93045:93137 [1] NCCL INFO New proxy recv connection 22 from local rank 1, transport 0
nid005005:93045:93045 [1] NCCL INFO Connected to proxy localRank 1 -> connection 0x14e628001e70
nid005001:57741:57833 [1] NCCL INFO New proxy recv connection 22 from local rank 1, transport 0
nid005001:57741:57741 [1] NCCL INFO Connected to proxy localRank 1 -> connection 0x14ab1c001e70
nid005005:93048:93048 [5] NCCL INFO Channel 05/0 : 13[d6000] -> 12[d1000] via P2P/IPC comm 0x56205b7ca300 nRanks 16
nid005005:93048:93131 [5] NCCL INFO New proxy send connection 26 from local rank 5, transport 0
nid005005:93048:93048 [5] NCCL INFO Connected to proxy localRank 5 -> connection 0x14c2f8002050
nid005001:57738:57834 [0] NCCL INFO New proxy recv connection 21 from local rank 0, transport 0
nid005001:57738:57738 [0] NCCL INFO Connected to proxy localRank 0 -> connection 0x148ce8001df8
nid005001:57743:57743 [7] NCCL INFO Channel 10/0 : 7[de000] -> 6[d9000] via P2P/IPC comm 0x55fa1ad54810 nRanks 16
nid005001:57743:57826 [7] NCCL INFO New proxy send connection 29 from local rank 7, transport 0
nid005001:57743:57743 [7] NCCL INFO Connected to proxy localRank 7 -> connection 0x14c1b00021b8
nid005005:93044:93135 [0] NCCL INFO New proxy recv connection 21 from local rank 0, transport 0
nid005005:93044:93044 [0] NCCL INFO Connected to proxy localRank 0 -> connection 0x14ac38001df8
nid005005:93047:93130 [2] NCCL INFO New proxy recv connection 27 from local rank 2, transport 0
nid005005:93051:93051 [7] NCCL INFO Channel 08/0 : 15[de000] -> 14[d9000] via P2P/IPC comm 0x556dd7d0a120 nRanks 16
nid005005:93047:93047 [2] NCCL INFO Connected to proxy localRank 2 -> connection 0x14e97c0020c8
nid005005:93051:93134 [7] NCCL INFO New proxy send connection 28 from local rank 7, transport 0
nid005005:93051:93051 [7] NCCL INFO Connected to proxy localRank 7 -> connection 0x150328002140
nid005001:57739:57830 [2] NCCL INFO New proxy recv connection 27 from local rank 2, transport 0
nid005001:57739:57739 [2] NCCL INFO Connected to proxy localRank 2 -> connection 0x149b0c0020c8
nid005001:57745:57745 [5] NCCL INFO Channel 07/0 : 5[d6000] -> 4[d1000] via P2P/IPC comm 0x55c7e6773620 nRanks 16
nid005001:57745:57831 [5] NCCL INFO New proxy send connection 27 from local rank 5, transport 0
nid005001:57745:57745 [5] NCCL INFO Connected to proxy localRank 5 -> connection 0x14b1e00020c8
nid005005:93045:93137 [1] NCCL INFO New proxy recv connection 23 from local rank 1, transport 0
nid005005:93045:93045 [1] NCCL INFO Connected to proxy localRank 1 -> connection 0x14e628001ee8
nid005001:57741:57833 [1] NCCL INFO New proxy recv connection 23 from local rank 1, transport 0
nid005001:57741:57741 [1] NCCL INFO Connected to proxy localRank 1 -> connection 0x14ab1c001ee8
nid005005:93048:93048 [5] NCCL INFO Channel 06/0 : 13[d6000] -> 12[d1000] via P2P/IPC comm 0x56205b7ca300 nRanks 16
nid005005:93048:93131 [5] NCCL INFO New proxy send connection 27 from local rank 5, transport 0
nid005005:93048:93048 [5] NCCL INFO Connected to proxy localRank 5 -> connection 0x14c2f80020c8
nid005001:57738:57834 [0] NCCL INFO New proxy recv connection 22 from local rank 0, transport 0
nid005001:57738:57738 [0] NCCL INFO Connected to proxy localRank 0 -> connection 0x148ce8001e70
nid005001:57743:57743 [7] NCCL INFO Channel 13/0 : 7[de000] -> 6[d9000] via P2P/IPC comm 0x55fa1ad54810 nRanks 16
nid005001:57743:57826 [7] NCCL INFO New proxy send connection 30 from local rank 7, transport 0
nid005001:57743:57743 [7] NCCL INFO Connected to proxy localRank 7 -> connection 0x14c1b0002230
nid005005:93047:93130 [2] NCCL INFO New proxy recv connection 28 from local rank 2, transport 0
nid005005:93047:93047 [2] NCCL INFO Connected to proxy localRank 2 -> connection 0x14e97c002140
nid005005:93044:93135 [0] NCCL INFO New proxy recv connection 22 from local rank 0, transport 0
nid005005:93044:93044 [0] NCCL INFO Connected to proxy localRank 0 -> connection 0x14ac38001e70
nid005005:93051:93051 [7] NCCL INFO Channel 11/0 : 15[de000] -> 14[d9000] via P2P/IPC comm 0x556dd7d0a120 nRanks 16
nid005005:93051:93134 [7] NCCL INFO New proxy send connection 29 from local rank 7, transport 0
nid005001:57739:57830 [2] NCCL INFO New proxy recv connection 28 from local rank 2, transport 0
nid005001:57739:57739 [2] NCCL INFO Connected to proxy localRank 2 -> connection 0x149b0c002140
nid005005:93051:93051 [7] NCCL INFO Connected to proxy localRank 7 -> connection 0x1503280021b8
nid005005:93050:93050 [3] NCCL INFO Channel 01/0 : 11[ce000] -> 10[c9000] via P2P/IPC comm 0x55ee6d4ff060 nRanks 16
nid005005:93045:93045 [1] NCCL INFO Channel 00/0 : 9[c6000] -> 8[c1000] via P2P/IPC comm 0x5633a9c121c0 nRanks 16
nid005005:93045:93137 [1] NCCL INFO New proxy send connection 24 from local rank 1, transport 0
nid005005:93050:93132 [3] NCCL INFO New proxy send connection 24 from local rank 3, transport 0
nid005005:93050:93050 [3] NCCL INFO Connected to proxy localRank 3 -> connection 0x1528b8001f60
nid005001:57745:57745 [5] NCCL INFO Channel 08/0 : 5[d6000] -> 4[d1000] via P2P/IPC comm 0x55c7e6773620 nRanks 16
nid005001:57745:57831 [5] NCCL INFO New proxy send connection 28 from local rank 5, transport 0
nid005001:57745:57745 [5] NCCL INFO Connected to proxy localRank 5 -> connection 0x14b1e0002140
nid005005:93045:93045 [1] NCCL INFO Connected to proxy localRank 1 -> connection 0x14e628001f60
nid005001:57743:57743 [7] NCCL INFO Channel 14/0 : 7[de000] -> 6[d9000] via P2P/IPC comm 0x55fa1ad54810 nRanks 16
nid005001:57743:57826 [7] NCCL INFO New proxy send connection 31 from local rank 7, transport 0
nid005001:57743:57743 [7] NCCL INFO Connected to proxy localRank 7 -> connection 0x14c1b00022a8
nid005001:57738:57834 [0] NCCL INFO New proxy recv connection 23 from local rank 0, transport 0
nid005001:57738:57738 [0] NCCL INFO Connected to proxy localRank 0 -> connection 0x148ce8001ee8
nid005005:93048:93048 [5] NCCL INFO Channel 09/0 : 13[d6000] -> 12[d1000] via P2P/IPC comm 0x56205b7ca300 nRanks 16
nid005005:93048:93131 [5] NCCL INFO New proxy send connection 28 from local rank 5, transport 0
nid005005:93048:93048 [5] NCCL INFO Connected to proxy localRank 5 -> connection 0x14c2f8002140
nid005001:57740:57740 [3] NCCL INFO Channel 00/0 : 3[ce000] -> 2[c9000] via P2P/IPC comm 0x55be917ada50 nRanks 16
nid005001:57741:57741 [1] NCCL INFO Channel 01/0 : 1[c6000] -> 0[c1000] via P2P/IPC comm 0x564286dbbca0 nRanks 16
nid005001:57741:57833 [1] NCCL INFO New proxy send connection 24 from local rank 1, transport 0
nid005001:57741:57741 [1] NCCL INFO Connected to proxy localRank 1 -> connection 0x14ab1c001f60
nid005001:57740:57829 [3] NCCL INFO New proxy send connection 24 from local rank 3, transport 0
nid005001:57740:57740 [3] NCCL INFO Connected to proxy localRank 3 -> connection 0x148ee0001f60
nid005005:93047:93130 [2] NCCL INFO New proxy recv connection 29 from local rank 2, transport 0
nid005005:93047:93047 [2] NCCL INFO Connected to proxy localRank 2 -> connection 0x14e97c0021b8
nid005005:93045:93045 [1] NCCL INFO Channel 02/0 : 9[c6000] -> 8[c1000] via P2P/IPC comm 0x5633a9c121c0 nRanks 16
nid005005:93045:93137 [1] NCCL INFO New proxy send connection 25 from local rank 1, transport 0
nid005005:93045:93045 [1] NCCL INFO Connected to proxy localRank 1 -> connection 0x14e628001fd8
nid005005:93050:93050 [3] NCCL INFO Channel 03/0 : 11[ce000] -> 10[c9000] via P2P/IPC comm 0x55ee6d4ff060 nRanks 16
nid005005:93050:93132 [3] NCCL INFO New proxy send connection 25 from local rank 3, transport 0
nid005005:93050:93050 [3] NCCL INFO Connected to proxy localRank 3 -> connection 0x1528b8001fd8
nid005001:57745:57745 [5] NCCL INFO Channel 11/0 : 5[d6000] -> 4[d1000] via P2P/IPC comm 0x55c7e6773620 nRanks 16
nid005001:57745:57831 [5] NCCL INFO New proxy send connection 29 from local rank 5, transport 0
nid005001:57739:57830 [2] NCCL INFO New proxy recv connection 29 from local rank 2, transport 0
nid005001:57739:57739 [2] NCCL INFO Connected to proxy localRank 2 -> connection 0x149b0c0021b8
nid005001:57745:57745 [5] NCCL INFO Connected to proxy localRank 5 -> connection 0x14b1e00021b8
nid005005:93044:93135 [0] NCCL INFO New proxy recv connection 23 from local rank 0, transport 0
nid005005:93044:93044 [0] NCCL INFO Connected to proxy localRank 0 -> connection 0x14ac38001ee8
nid005005:93051:93051 [7] NCCL INFO Channel 12/0 : 15[de000] -> 14[d9000] via P2P/IPC comm 0x556dd7d0a120 nRanks 16
nid005005:93051:93134 [7] NCCL INFO New proxy send connection 30 from local rank 7, transport 0
nid005005:93051:93051 [7] NCCL INFO Connected to proxy localRank 7 -> connection 0x150328002230
nid005001:57744:57744 [6] NCCL INFO Channel 01/0 : 6[d9000] -> 4[d1000] via P2P/IPC comm 0x557546059a30 nRanks 16
nid005001:57744:57828 [6] NCCL INFO New proxy send connection 20 from local rank 6, transport 0
nid005001:57744:57744 [6] NCCL INFO Connected to proxy localRank 6 -> connection 0x14aaa8001d80
nid005001:57738:57834 [0] NCCL INFO New proxy recv connection 24 from local rank 0, transport 0
nid005001:57738:57738 [0] NCCL INFO Connected to proxy localRank 0 -> connection 0x148ce8001f60
nid005005:93048:93048 [5] NCCL INFO Channel 10/0 : 13[d6000] -> 12[d1000] via P2P/IPC comm 0x56205b7ca300 nRanks 16
nid005005:93048:93131 [5] NCCL INFO New proxy send connection 29 from local rank 5, transport 0
nid005005:93048:93048 [5] NCCL INFO Connected to proxy localRank 5 -> connection 0x14c2f80021b8
nid005001:57741:57741 [1] NCCL INFO Channel 03/0 : 1[c6000] -> 0[c1000] via P2P/IPC comm 0x564286dbbca0 nRanks 16
nid005001:57741:57833 [1] NCCL INFO New proxy send connection 25 from local rank 1, transport 0
nid005001:57741:57741 [1] NCCL INFO Connected to proxy localRank 1 -> connection 0x14ab1c001fd8
nid005005:93047:93130 [2] NCCL INFO New proxy recv connection 30 from local rank 2, transport 0
nid005005:93047:93047 [2] NCCL INFO Connected to proxy localRank 2 -> connection 0x14e97c002230
nid005001:57740:57740 [3] NCCL INFO Channel 02/0 : 3[ce000] -> 2[c9000] via P2P/IPC comm 0x55be917ada50 nRanks 16
nid005001:57740:57829 [3] NCCL INFO New proxy send connection 25 from local rank 3, transport 0
nid005001:57740:57740 [3] NCCL INFO Connected to proxy localRank 3 -> connection 0x148ee0001fd8
nid005005:93045:93045 [1] NCCL INFO Channel 04/0 : 9[c6000] -> 8[c1000] via P2P/IPC comm 0x5633a9c121c0 nRanks 16
nid005005:93045:93137 [1] NCCL INFO New proxy send connection 26 from local rank 1, transport 0
nid005005:93045:93045 [1] NCCL INFO Connected to proxy localRank 1 -> connection 0x14e628002050
nid005005:93050:93050 [3] NCCL INFO Channel 05/0 : 11[ce000] -> 10[c9000] via P2P/IPC comm 0x55ee6d4ff060 nRanks 16
nid005005:93050:93132 [3] NCCL INFO New proxy send connection 26 from local rank 3, transport 0
nid005005:93050:93050 [3] NCCL INFO Connected to proxy localRank 3 -> connection 0x1528b8002050
nid005001:57745:57745 [5] NCCL INFO Channel 12/0 : 5[d6000] -> 4[d1000] via P2P/IPC comm 0x55c7e6773620 nRanks 16
nid005001:57745:57831 [5] NCCL INFO New proxy send connection 30 from local rank 5, transport 0
nid005001:57745:57745 [5] NCCL INFO Connected to proxy localRank 5 -> connection 0x14b1e0002230
nid005001:57739:57830 [2] NCCL INFO New proxy recv connection 30 from local rank 2, transport 0
nid005001:57739:57739 [2] NCCL INFO Connected to proxy localRank 2 -> connection 0x149b0c002230
nid005001:57738:57834 [0] NCCL INFO New proxy recv connection 25 from local rank 0, transport 0
nid005001:57738:57738 [0] NCCL INFO Connected to proxy localRank 0 -> connection 0x148ce8001fd8
nid005005:93049:93049 [6] NCCL INFO Channel 00/0 : 14[d9000] -> 12[d1000] via P2P/IPC comm 0x55eadb0915e0 nRanks 16
nid005001:57741:57741 [1] NCCL INFO Channel 05/0 : 1[c6000] -> 0[c1000] via P2P/IPC comm 0x564286dbbca0 nRanks 16
nid005001:57741:57833 [1] NCCL INFO New proxy send connection 26 from local rank 1, transport 0
nid005001:57741:57741 [1] NCCL INFO Connected to proxy localRank 1 -> connection 0x14ab1c002050
nid005005:93044:93135 [0] NCCL INFO New proxy recv connection 24 from local rank 0, transport 0
nid005005:93049:93133 [6] NCCL INFO New proxy send connection 20 from local rank 6, transport 0
nid005005:93049:93049 [6] NCCL INFO Connected to proxy localRank 6 -> connection 0x152658001d80
nid005005:93044:93044 [0] NCCL INFO Connected to proxy localRank 0 -> connection 0x14ac38001f60
nid005005:93048:93048 [5] NCCL INFO Channel 13/0 : 13[d6000] -> 12[d1000] via P2P/IPC comm 0x56205b7ca300 nRanks 16
nid005005:93048:93131 [5] NCCL INFO New proxy send connection 30 from local rank 5, transport 0
nid005005:93048:93048 [5] NCCL INFO Connected to proxy localRank 5 -> connection 0x14c2f8002230
nid005005:93047:93130 [2] NCCL INFO New proxy recv connection 31 from local rank 2, transport 0
nid005005:93047:93047 [2] NCCL INFO Connected to proxy localRank 2 -> connection 0x14e97c0022a8
nid005001:57744:57744 [6] NCCL INFO Channel 05/0 : 6[d9000] -> 4[d1000] via P2P/IPC comm 0x557546059a30 nRanks 16
nid005001:57744:57828 [6] NCCL INFO New proxy send connection 21 from local rank 6, transport 0
nid005001:57744:57744 [6] NCCL INFO Connected to proxy localRank 6 -> connection 0x14aaa8001df8
nid005005:93051:93051 [7] NCCL INFO Channel 15/0 : 15[de000] -> 14[d9000] via P2P/IPC comm 0x556dd7d0a120 nRanks 16
nid005005:93051:93134 [7] NCCL INFO New proxy send connection 31 from local rank 7, transport 0
nid005005:93051:93051 [7] NCCL INFO Connected to proxy localRank 7 -> connection 0x1503280022a8
nid005001:57740:57740 [3] NCCL INFO Channel 04/0 : 3[ce000] -> 2[c9000] via P2P/IPC comm 0x55be917ada50 nRanks 16
nid005001:57740:57829 [3] NCCL INFO New proxy send connection 26 from local rank 3, transport 0
nid005001:57740:57740 [3] NCCL INFO Connected to proxy localRank 3 -> connection 0x148ee0002050
nid005005:93045:93045 [1] NCCL INFO Channel 06/0 : 9[c6000] -> 8[c1000] via P2P/IPC comm 0x5633a9c121c0 nRanks 16
nid005005:93045:93137 [1] NCCL INFO New proxy send connection 27 from local rank 1, transport 0
nid005005:93045:93045 [1] NCCL INFO Connected to proxy localRank 1 -> connection 0x14e6280020c8
nid005005:93050:93050 [3] NCCL INFO Channel 07/0 : 11[ce000] -> 10[c9000] via P2P/IPC comm 0x55ee6d4ff060 nRanks 16
nid005005:93050:93132 [3] NCCL INFO New proxy send connection 27 from local rank 3, transport 0
nid005005:93050:93050 [3] NCCL INFO Connected to proxy localRank 3 -> connection 0x1528b80020c8
nid005001:57745:57745 [5] NCCL INFO Channel 15/0 : 5[d6000] -> 4[d1000] via P2P/IPC comm 0x55c7e6773620 nRanks 16
nid005001:57745:57831 [5] NCCL INFO New proxy send connection 31 from local rank 5, transport 0
nid005001:57745:57745 [5] NCCL INFO Connected to proxy localRank 5 -> connection 0x14b1e00022a8
nid005001:57738:57834 [0] NCCL INFO New proxy recv connection 26 from local rank 0, transport 0
nid005001:57738:57738 [0] NCCL INFO Connected to proxy localRank 0 -> connection 0x148ce8002050
nid005001:57741:57741 [1] NCCL INFO Channel 07/0 : 1[c6000] -> 0[c1000] via P2P/IPC comm 0x564286dbbca0 nRanks 16
nid005001:57741:57833 [1] NCCL INFO New proxy send connection 27 from local rank 1, transport 0
nid005001:57741:57741 [1] NCCL INFO Connected to proxy localRank 1 -> connection 0x14ab1c0020c8
nid005001:57739:57830 [2] NCCL INFO New proxy recv connection 31 from local rank 2, transport 0
nid005001:57739:57739 [2] NCCL INFO Connected to proxy localRank 2 -> connection 0x149b0c0022a8
nid005005:93048:93048 [5] NCCL INFO Channel 14/0 : 13[d6000] -> 12[d1000] via P2P/IPC comm 0x56205b7ca300 nRanks 16
nid005005:93048:93131 [5] NCCL INFO New proxy send connection 31 from local rank 5, transport 0
nid005005:93048:93048 [5] NCCL INFO Connected to proxy localRank 5 -> connection 0x14c2f80022a8
nid005005:93049:93049 [6] NCCL INFO Channel 04/0 : 14[d9000] -> 12[d1000] via P2P/IPC comm 0x55eadb0915e0 nRanks 16
nid005005:93049:93133 [6] NCCL INFO New proxy send connection 21 from local rank 6, transport 0
nid005005:93049:93049 [6] NCCL INFO Connected to proxy localRank 6 -> connection 0x152658001df8
nid005005:93044:93135 [0] NCCL INFO New proxy recv connection 25 from local rank 0, transport 0
nid005005:93044:93044 [0] NCCL INFO Connected to proxy localRank 0 -> connection 0x14ac38001fd8
nid005001:57744:57744 [6] NCCL INFO Channel 09/0 : 6[d9000] -> 4[d1000] via P2P/IPC comm 0x557546059a30 nRanks 16
nid005001:57744:57828 [6] NCCL INFO New proxy send connection 22 from local rank 6, transport 0
nid005001:57744:57744 [6] NCCL INFO Connected to proxy localRank 6 -> connection 0x14aaa8001e70
nid005005:93045:93045 [1] NCCL INFO Channel 08/0 : 9[c6000] -> 8[c1000] via P2P/IPC comm 0x5633a9c121c0 nRanks 16
nid005001:57740:57740 [3] NCCL INFO Channel 06/0 : 3[ce000] -> 2[c9000] via P2P/IPC comm 0x55be917ada50 nRanks 16
nid005001:57740:57829 [3] NCCL INFO New proxy send connection 27 from local rank 3, transport 0
nid005001:57740:57740 [3] NCCL INFO Connected to proxy localRank 3 -> connection 0x148ee00020c8
nid005005:93045:93137 [1] NCCL INFO New proxy send connection 28 from local rank 1, transport 0
nid005005:93045:93045 [1] NCCL INFO Connected to proxy localRank 1 -> connection 0x14e628002140
nid005005:93050:93050 [3] NCCL INFO Channel 09/0 : 11[ce000] -> 10[c9000] via P2P/IPC comm 0x55ee6d4ff060 nRanks 16
nid005005:93050:93132 [3] NCCL INFO New proxy send connection 28 from local rank 3, transport 0
nid005005:93050:93050 [3] NCCL INFO Connected to proxy localRank 3 -> connection 0x1528b8002140
nid005001:57738:57834 [0] NCCL INFO New proxy recv connection 27 from local rank 0, transport 0
nid005001:57738:57738 [0] NCCL INFO Connected to proxy localRank 0 -> connection 0x148ce80020c8
nid005001:57741:57741 [1] NCCL INFO Channel 09/0 : 1[c6000] -> 0[c1000] via P2P/IPC comm 0x564286dbbca0 nRanks 16
nid005001:57741:57833 [1] NCCL INFO New proxy send connection 28 from local rank 1, transport 0
nid005001:57741:57741 [1] NCCL INFO Connected to proxy localRank 1 -> connection 0x14ab1c002140
nid005005:93049:93049 [6] NCCL INFO Channel 08/0 : 14[d9000] -> 12[d1000] via P2P/IPC comm 0x55eadb0915e0 nRanks 16
nid005005:93049:93133 [6] NCCL INFO New proxy send connection 22 from local rank 6, transport 0
nid005005:93049:93049 [6] NCCL INFO Connected to proxy localRank 6 -> connection 0x152658001e70
nid005005:93044:93135 [0] NCCL INFO New proxy recv connection 26 from local rank 0, transport 0
nid005005:93044:93044 [0] NCCL INFO Connected to proxy localRank 0 -> connection 0x14ac38002050
nid005005:93045:93045 [1] NCCL INFO Channel 10/0 : 9[c6000] -> 8[c1000] via P2P/IPC comm 0x5633a9c121c0 nRanks 16
nid005005:93045:93137 [1] NCCL INFO New proxy send connection 29 from local rank 1, transport 0
nid005005:93045:93045 [1] NCCL INFO Connected to proxy localRank 1 -> connection 0x14e6280021b8
nid005001:57744:57744 [6] NCCL INFO Channel 13/0 : 6[d9000] -> 4[d1000] via P2P/IPC comm 0x557546059a30 nRanks 16
nid005001:57744:57828 [6] NCCL INFO New proxy send connection 23 from local rank 6, transport 0
nid005001:57744:57744 [6] NCCL INFO Connected to proxy localRank 6 -> connection 0x14aaa8001ee8
nid005001:57740:57740 [3] NCCL INFO Channel 08/0 : 3[ce000] -> 2[c9000] via P2P/IPC comm 0x55be917ada50 nRanks 16
nid005005:93050:93050 [3] NCCL INFO Channel 11/0 : 11[ce000] -> 10[c9000] via P2P/IPC comm 0x55ee6d4ff060 nRanks 16
nid005001:57740:57829 [3] NCCL INFO New proxy send connection 28 from local rank 3, transport 0
nid005001:57740:57740 [3] NCCL INFO Connected to proxy localRank 3 -> connection 0x148ee0002140
nid005005:93050:93132 [3] NCCL INFO New proxy send connection 29 from local rank 3, transport 0
nid005005:93050:93050 [3] NCCL INFO Connected to proxy localRank 3 -> connection 0x1528b80021b8
nid005001:57738:57834 [0] NCCL INFO New proxy recv connection 28 from local rank 0, transport 0
nid005001:57738:57738 [0] NCCL INFO Connected to proxy localRank 0 -> connection 0x148ce8002140
nid005001:57741:57741 [1] NCCL INFO Channel 11/0 : 1[c6000] -> 0[c1000] via P2P/IPC comm 0x564286dbbca0 nRanks 16
nid005001:57741:57833 [1] NCCL INFO New proxy send connection 29 from local rank 1, transport 0
nid005001:57741:57741 [1] NCCL INFO Connected to proxy localRank 1 -> connection 0x14ab1c0021b8
nid005005:93049:93049 [6] NCCL INFO Channel 12/0 : 14[d9000] -> 12[d1000] via P2P/IPC comm 0x55eadb0915e0 nRanks 16
nid005005:93049:93133 [6] NCCL INFO New proxy send connection 23 from local rank 6, transport 0
nid005005:93049:93049 [6] NCCL INFO Connected to proxy localRank 6 -> connection 0x152658001ee8
nid005005:93044:93135 [0] NCCL INFO New proxy recv connection 27 from local rank 0, transport 0
nid005005:93044:93044 [0] NCCL INFO Connected to proxy localRank 0 -> connection 0x14ac380020c8
nid005005:93045:93045 [1] NCCL INFO Channel 12/0 : 9[c6000] -> 8[c1000] via P2P/IPC comm 0x5633a9c121c0 nRanks 16
nid005005:93045:93137 [1] NCCL INFO New proxy send connection 30 from local rank 1, transport 0
nid005005:93045:93045 [1] NCCL INFO Connected to proxy localRank 1 -> connection 0x14e628002230
nid005005:93050:93050 [3] NCCL INFO Channel 13/0 : 11[ce000] -> 10[c9000] via P2P/IPC comm 0x55ee6d4ff060 nRanks 16
nid005005:93050:93132 [3] NCCL INFO New proxy send connection 30 from local rank 3, transport 0
nid005005:93050:93050 [3] NCCL INFO Connected to proxy localRank 3 -> connection 0x1528b8002230
nid005001:57738:57834 [0] NCCL INFO New proxy recv connection 29 from local rank 0, transport 0
nid005001:57738:57738 [0] NCCL INFO Connected to proxy localRank 0 -> connection 0x148ce80021b8
nid005001:57740:57740 [3] NCCL INFO Channel 10/0 : 3[ce000] -> 2[c9000] via P2P/IPC comm 0x55be917ada50 nRanks 16
nid005001:57740:57829 [3] NCCL INFO New proxy send connection 29 from local rank 3, transport 0
nid005001:57740:57740 [3] NCCL INFO Connected to proxy localRank 3 -> connection 0x148ee00021b8
nid005001:57742:57827 [4] NCCL INFO New proxy recv connection 24 from local rank 4, transport 0
nid005001:57742:57742 [4] NCCL INFO Connected to proxy localRank 4 -> connection 0x14560c001f60
nid005001:57744:57828 [6] NCCL INFO New proxy recv connection 24 from local rank 6, transport 0
nid005001:57744:57744 [6] NCCL INFO Connected to proxy localRank 6 -> connection 0x14aaa8001f60
nid005001:57741:57741 [1] NCCL INFO Channel 13/0 : 1[c6000] -> 0[c1000] via P2P/IPC comm 0x564286dbbca0 nRanks 16
nid005001:57741:57833 [1] NCCL INFO New proxy send connection 30 from local rank 1, transport 0
nid005001:57741:57741 [1] NCCL INFO Connected to proxy localRank 1 -> connection 0x14ab1c002230
nid005005:93044:93135 [0] NCCL INFO New proxy recv connection 28 from local rank 0, transport 0
nid005005:93044:93044 [0] NCCL INFO Connected to proxy localRank 0 -> connection 0x14ac38002140
nid005005:93049:93133 [6] NCCL INFO New proxy recv connection 24 from local rank 6, transport 0
nid005005:93049:93049 [6] NCCL INFO Connected to proxy localRank 6 -> connection 0x152658001f60
nid005005:93046:93136 [4] NCCL INFO New proxy recv connection 24 from local rank 4, transport 0
nid005005:93046:93046 [4] NCCL INFO Connected to proxy localRank 4 -> connection 0x147d20001f60
nid005005:93045:93045 [1] NCCL INFO Channel 14/0 : 9[c6000] -> 8[c1000] via P2P/IPC comm 0x5633a9c121c0 nRanks 16
nid005005:93045:93137 [1] NCCL INFO New proxy send connection 31 from local rank 1, transport 0
nid005005:93045:93045 [1] NCCL INFO Connected to proxy localRank 1 -> connection 0x14e6280022a8
nid005001:57738:57834 [0] NCCL INFO New proxy recv connection 30 from local rank 0, transport 0
nid005001:57738:57738 [0] NCCL INFO Connected to proxy localRank 0 -> connection 0x148ce8002230
nid005005:93050:93050 [3] NCCL INFO Channel 15/0 : 11[ce000] -> 10[c9000] via P2P/IPC comm 0x55ee6d4ff060 nRanks 16
nid005005:93050:93132 [3] NCCL INFO New proxy send connection 31 from local rank 3, transport 0
nid005005:93050:93050 [3] NCCL INFO Connected to proxy localRank 3 -> connection 0x1528b80022a8
nid005001:57741:57741 [1] NCCL INFO Channel 15/0 : 1[c6000] -> 0[c1000] via P2P/IPC comm 0x564286dbbca0 nRanks 16
nid005001:57741:57833 [1] NCCL INFO New proxy send connection 31 from local rank 1, transport 0
nid005001:57741:57741 [1] NCCL INFO Connected to proxy localRank 1 -> connection 0x14ab1c0022a8
nid005001:57742:57827 [4] NCCL INFO New proxy recv connection 25 from local rank 4, transport 0
nid005001:57742:57742 [4] NCCL INFO Connected to proxy localRank 4 -> connection 0x14560c001fd8
nid005001:57740:57740 [3] NCCL INFO Channel 12/0 : 3[ce000] -> 2[c9000] via P2P/IPC comm 0x55be917ada50 nRanks 16
nid005001:57740:57829 [3] NCCL INFO New proxy send connection 30 from local rank 3, transport 0
nid005001:57740:57740 [3] NCCL INFO Connected to proxy localRank 3 -> connection 0x148ee0002230
nid005005:93044:93135 [0] NCCL INFO New proxy recv connection 29 from local rank 0, transport 0
nid005005:93044:93044 [0] NCCL INFO Connected to proxy localRank 0 -> connection 0x14ac380021b8
nid005005:93046:93136 [4] NCCL INFO New proxy recv connection 25 from local rank 4, transport 0
nid005005:93046:93046 [4] NCCL INFO Connected to proxy localRank 4 -> connection 0x147d20001fd8
nid005005:93049:93133 [6] NCCL INFO New proxy recv connection 25 from local rank 6, transport 0
nid005005:93049:93049 [6] NCCL INFO Connected to proxy localRank 6 -> connection 0x152658001fd8
nid005001:57738:57834 [0] NCCL INFO New proxy recv connection 31 from local rank 0, transport 0
nid005001:57738:57738 [0] NCCL INFO Connected to proxy localRank 0 -> connection 0x148ce80022a8
nid005001:57742:57827 [4] NCCL INFO New proxy recv connection 26 from local rank 4, transport 0
nid005001:57742:57742 [4] NCCL INFO Connected to proxy localRank 4 -> connection 0x14560c002050
nid005005:93046:93136 [4] NCCL INFO New proxy recv connection 26 from local rank 4, transport 0
nid005005:93046:93046 [4] NCCL INFO Connected to proxy localRank 4 -> connection 0x147d20002050
nid005005:93044:93135 [0] NCCL INFO New proxy recv connection 30 from local rank 0, transport 0
nid005005:93044:93044 [0] NCCL INFO Connected to proxy localRank 0 -> connection 0x14ac38002230
nid005001:57740:57740 [3] NCCL INFO Channel 14/0 : 3[ce000] -> 2[c9000] via P2P/IPC comm 0x55be917ada50 nRanks 16
nid005001:57740:57829 [3] NCCL INFO New proxy send connection 31 from local rank 3, transport 0
nid005001:57740:57740 [3] NCCL INFO Connected to proxy localRank 3 -> connection 0x148ee00022a8
nid005005:93049:93133 [6] NCCL INFO New proxy recv connection 26 from local rank 6, transport 0
nid005005:93049:93049 [6] NCCL INFO Connected to proxy localRank 6 -> connection 0x152658002050
nid005005:93046:93136 [4] NCCL INFO New proxy recv connection 27 from local rank 4, transport 0
nid005005:93046:93046 [4] NCCL INFO Connected to proxy localRank 4 -> connection 0x147d200020c8
nid005001:57742:57827 [4] NCCL INFO New proxy recv connection 27 from local rank 4, transport 0
nid005001:57742:57742 [4] NCCL INFO Connected to proxy localRank 4 -> connection 0x14560c0020c8
nid005005:93044:93135 [0] NCCL INFO New proxy recv connection 31 from local rank 0, transport 0
nid005005:93044:93044 [0] NCCL INFO Connected to proxy localRank 0 -> connection 0x14ac380022a8
nid005005:93049:93133 [6] NCCL INFO New proxy recv connection 27 from local rank 6, transport 0
nid005005:93049:93049 [6] NCCL INFO Connected to proxy localRank 6 -> connection 0x1526580020c8
nid005005:93046:93136 [4] NCCL INFO New proxy recv connection 28 from local rank 4, transport 0
nid005005:93046:93046 [4] NCCL INFO Connected to proxy localRank 4 -> connection 0x147d20002140
nid005001:57742:57827 [4] NCCL INFO New proxy recv connection 28 from local rank 4, transport 0
nid005001:57742:57742 [4] NCCL INFO Connected to proxy localRank 4 -> connection 0x14560c002140
nid005005:93049:93133 [6] NCCL INFO New proxy recv connection 28 from local rank 6, transport 0
nid005005:93049:93049 [6] NCCL INFO Connected to proxy localRank 6 -> connection 0x152658002140
nid005005:93046:93136 [4] NCCL INFO New proxy recv connection 29 from local rank 4, transport 0
nid005005:93046:93046 [4] NCCL INFO Connected to proxy localRank 4 -> connection 0x147d200021b8
nid005001:57742:57827 [4] NCCL INFO New proxy recv connection 29 from local rank 4, transport 0
nid005001:57742:57742 [4] NCCL INFO Connected to proxy localRank 4 -> connection 0x14560c0021b8
nid005005:93049:93133 [6] NCCL INFO New proxy recv connection 29 from local rank 6, transport 0
nid005005:93049:93049 [6] NCCL INFO Connected to proxy localRank 6 -> connection 0x1526580021b8
nid005005:93046:93136 [4] NCCL INFO New proxy recv connection 30 from local rank 4, transport 0
nid005005:93046:93046 [4] NCCL INFO Connected to proxy localRank 4 -> connection 0x147d20002230
nid005001:57744:57828 [6] NCCL INFO New proxy recv connection 25 from local rank 6, transport 0
nid005001:57744:57744 [6] NCCL INFO Connected to proxy localRank 6 -> connection 0x14aaa8001fd8
nid005001:57742:57827 [4] NCCL INFO New proxy recv connection 30 from local rank 4, transport 0
nid005001:57742:57742 [4] NCCL INFO Connected to proxy localRank 4 -> connection 0x14560c002230
nid005005:93046:93136 [4] NCCL INFO New proxy recv connection 31 from local rank 4, transport 0
nid005005:93046:93046 [4] NCCL INFO Connected to proxy localRank 4 -> connection 0x147d200022a8
nid005005:93049:93133 [6] NCCL INFO New proxy recv connection 30 from local rank 6, transport 0
nid005005:93049:93049 [6] NCCL INFO Connected to proxy localRank 6 -> connection 0x152658002230
nid005001:57744:57828 [6] NCCL INFO New proxy recv connection 26 from local rank 6, transport 0
nid005001:57744:57744 [6] NCCL INFO Connected to proxy localRank 6 -> connection 0x14aaa8002050
nid005001:57742:57827 [4] NCCL INFO New proxy recv connection 31 from local rank 4, transport 0
nid005001:57742:57742 [4] NCCL INFO Connected to proxy localRank 4 -> connection 0x14560c0022a8
nid005005:93049:93133 [6] NCCL INFO New proxy recv connection 31 from local rank 6, transport 0
nid005005:93049:93049 [6] NCCL INFO Connected to proxy localRank 6 -> connection 0x1526580022a8
nid005001:57744:57828 [6] NCCL INFO New proxy recv connection 27 from local rank 6, transport 0
nid005001:57744:57744 [6] NCCL INFO Connected to proxy localRank 6 -> connection 0x14aaa80020c8
nid005001:57744:57828 [6] NCCL INFO New proxy recv connection 28 from local rank 6, transport 0
nid005001:57744:57744 [6] NCCL INFO Connected to proxy localRank 6 -> connection 0x14aaa8002140
nid005001:57744:57828 [6] NCCL INFO New proxy recv connection 29 from local rank 6, transport 0
nid005001:57744:57744 [6] NCCL INFO Connected to proxy localRank 6 -> connection 0x14aaa80021b8
nid005001:57744:57828 [6] NCCL INFO New proxy recv connection 30 from local rank 6, transport 0
nid005001:57744:57744 [6] NCCL INFO Connected to proxy localRank 6 -> connection 0x14aaa8002230
nid005001:57744:57828 [6] NCCL INFO New proxy recv connection 31 from local rank 6, transport 0
nid005001:57744:57744 [6] NCCL INFO Connected to proxy localRank 6 -> connection 0x14aaa80022a8
nid005005:93044:93044 [0] NCCL INFO Connected all rings
nid005005:93044:93044 [0] NCCL INFO Channel 01/2 : 8[c1000] -> 9[c6000] via P2P/IPC comm 0x561b39d69c40 nRanks 16
nid005005:93047:93047 [2] NCCL INFO Connected all rings
nid005005:93047:93047 [2] NCCL INFO Channel 00/2 : 10[c9000] -> 11[ce000] via P2P/IPC comm 0x55aab634aaf0 nRanks 16
nid005001:57743:57743 [7] NCCL INFO Connected all rings
nid005001:57743:57826 [7] NCCL INFO New proxy recv connection 32 from local rank 7, transport 0
nid005001:57745:57745 [5] NCCL INFO Connected all rings
nid005005:93048:93048 [5] NCCL INFO Connected all rings
nid005005:93051:93051 [7] NCCL INFO Connected all rings
nid005005:93051:93134 [7] NCCL INFO New proxy recv connection 32 from local rank 7, transport 0
nid005001:57739:57739 [2] NCCL INFO Connected all rings
nid005001:57739:57739 [2] NCCL INFO Channel 01/2 : 2[c9000] -> 3[ce000] via P2P/IPC comm 0x556bab7ca8d0 nRanks 16
nid005005:93046:93046 [4] NCCL INFO Connected all rings
nid005005:93046:93046 [4] NCCL INFO Channel 00/2 : 12[d1000] -> 13[d6000] via P2P/IPC comm 0x5633435cdf70 nRanks 16
nid005001:57742:57742 [4] NCCL INFO Connected all rings
nid005001:57742:57742 [4] NCCL INFO Channel 01/2 : 4[d1000] -> 5[d6000] via P2P/IPC comm 0x55649a5d5310 nRanks 16
nid005005:93045:93045 [1] NCCL INFO Connected all rings
nid005005:93045:93137 [1] NCCL INFO New proxy recv connection 32 from local rank 1, transport 0
nid005001:57738:57738 [0] NCCL INFO Connected all rings
nid005001:57738:57738 [0] NCCL INFO Channel 00/2 : 0[c1000] -> 1[c6000] via P2P/IPC comm 0x5653fa136be0 nRanks 16
nid005001:57738:57834 [0] NCCL INFO New proxy send connection 32 from local rank 0, transport 0
nid005005:93049:93049 [6] NCCL INFO Connected all rings
nid005005:93049:93049 [6] NCCL INFO Channel 01/2 : 14[d9000] -> 15[de000] via P2P/IPC comm 0x55eadb0915e0 nRanks 16
nid005005:93049:93133 [6] NCCL INFO New proxy send connection 32 from local rank 6, transport 0
nid005001:57744:57744 [6] NCCL INFO Connected all rings
nid005001:57744:57744 [6] NCCL INFO Channel 00/2 : 6[d9000] -> 7[de000] via P2P/IPC comm 0x557546059a30 nRanks 16
nid005001:57744:57828 [6] NCCL INFO New proxy send connection 32 from local rank 6, transport 0
nid005005:93050:93050 [3] NCCL INFO Connected all rings
nid005005:93050:93132 [3] NCCL INFO New proxy recv connection 32 from local rank 3, transport 0
nid005001:57740:57740 [3] NCCL INFO Connected all rings
nid005001:57740:57829 [3] NCCL INFO New proxy recv connection 32 from local rank 3, transport 0
nid005005:93048:93131 [5] NCCL INFO New proxy recv connection 32 from local rank 5, transport 0
nid005005:93048:93048 [5] NCCL INFO Connected to proxy localRank 5 -> connection 0x14c2f8002320
nid005001:57743:57743 [7] NCCL INFO Connected to proxy localRank 7 -> connection 0x14c1b0002320
nid005005:93044:93135 [0] NCCL INFO New proxy send connection 32 from local rank 0, transport 0
nid005005:93044:93044 [0] NCCL INFO Connected to proxy localRank 0 -> connection 0x14ac38002320
nid005001:57741:57741 [1] NCCL INFO Connected all rings
nid005001:57741:57833 [1] NCCL INFO New proxy recv connection 32 from local rank 1, transport 0
nid005001:57741:57741 [1] NCCL INFO Connected to proxy localRank 1 -> connection 0x14ab1c002320
nid005005:93047:93130 [2] NCCL INFO New proxy send connection 32 from local rank 2, transport 0
nid005005:93047:93047 [2] NCCL INFO Connected to proxy localRank 2 -> connection 0x14e97c002320
nid005001:57745:57831 [5] NCCL INFO New proxy recv connection 32 from local rank 5, transport 0
nid005001:57745:57745 [5] NCCL INFO Connected to proxy localRank 5 -> connection 0x14b1e0002320
nid005005:93051:93051 [7] NCCL INFO Connected to proxy localRank 7 -> connection 0x150328002320
nid005001:57742:57827 [4] NCCL INFO New proxy send connection 32 from local rank 4, transport 0
nid005001:57742:57742 [4] NCCL INFO Connected to proxy localRank 4 -> connection 0x14560c002320
nid005005:93045:93045 [1] NCCL INFO Connected to proxy localRank 1 -> connection 0x14e628002320
nid005001:57739:57830 [2] NCCL INFO New proxy send connection 32 from local rank 2, transport 0
nid005001:57739:57739 [2] NCCL INFO Connected to proxy localRank 2 -> connection 0x149b0c002320
nid005005:93046:93136 [4] NCCL INFO New proxy send connection 32 from local rank 4, transport 0
nid005005:93046:93046 [4] NCCL INFO Connected to proxy localRank 4 -> connection 0x147d20002320
nid005001:57738:57738 [0] NCCL INFO Connected to proxy localRank 0 -> connection 0x148ce8002320
nid005005:93050:93050 [3] NCCL INFO Connected to proxy localRank 3 -> connection 0x1528b8002320
nid005001:57744:57744 [6] NCCL INFO Connected to proxy localRank 6 -> connection 0x14aaa8002320
nid005005:93049:93049 [6] NCCL INFO Connected to proxy localRank 6 -> connection 0x152658002320
nid005001:57740:57740 [3] NCCL INFO Connected to proxy localRank 3 -> connection 0x148ee0002320
nid005001:57743:57826 [7] NCCL INFO New proxy recv connection 33 from local rank 7, transport 0
nid005001:57743:57743 [7] NCCL INFO Connected to proxy localRank 7 -> connection 0x14c1b0002398
nid005005:93046:93046 [4] NCCL INFO Channel 03/2 : 12[d1000] -> 13[d6000] via P2P/IPC comm 0x5633435cdf70 nRanks 16
nid005005:93046:93136 [4] NCCL INFO New proxy send connection 33 from local rank 4, transport 0
nid005005:93046:93046 [4] NCCL INFO Connected to proxy localRank 4 -> connection 0x147d20002398
nid005005:93048:93131 [5] NCCL INFO New proxy recv connection 33 from local rank 5, transport 0
nid005005:93048:93048 [5] NCCL INFO Connected to proxy localRank 5 -> connection 0x14c2f8002398
nid005005:93045:93137 [1] NCCL INFO New proxy recv connection 33 from local rank 1, transport 0
nid005005:93045:93045 [1] NCCL INFO Connected to proxy localRank 1 -> connection 0x14e628002398
nid005005:93050:93132 [3] NCCL INFO New proxy recv connection 33 from local rank 3, transport 0
nid005005:93050:93050 [3] NCCL INFO Connected to proxy localRank 3 -> connection 0x1528b8002398
nid005001:57745:57831 [5] NCCL INFO New proxy recv connection 33 from local rank 5, transport 0
nid005001:57745:57745 [5] NCCL INFO Connected to proxy localRank 5 -> connection 0x14b1e0002398
nid005001:57741:57833 [1] NCCL INFO New proxy recv connection 33 from local rank 1, transport 0
nid005001:57741:57741 [1] NCCL INFO Connected to proxy localRank 1 -> connection 0x14ab1c002398
nid005001:57742:57742 [4] NCCL INFO Channel 02/2 : 4[d1000] -> 5[d6000] via P2P/IPC comm 0x55649a5d5310 nRanks 16
nid005001:57742:57827 [4] NCCL INFO New proxy send connection 33 from local rank 4, transport 0
nid005001:57742:57742 [4] NCCL INFO Connected to proxy localRank 4 -> connection 0x14560c002398
nid005005:93049:93049 [6] NCCL INFO Channel 02/2 : 14[d9000] -> 15[de000] via P2P/IPC comm 0x55eadb0915e0 nRanks 16
nid005005:93049:93133 [6] NCCL INFO New proxy send connection 33 from local rank 6, transport 0
nid005005:93049:93049 [6] NCCL INFO Connected to proxy localRank 6 -> connection 0x152658002398
nid005005:93047:93047 [2] NCCL INFO Channel 02/2 : 10[c9000] -> 11[ce000] via P2P/IPC comm 0x55aab634aaf0 nRanks 16
nid005005:93047:93130 [2] NCCL INFO New proxy send connection 33 from local rank 2, transport 0
nid005005:93047:93047 [2] NCCL INFO Connected to proxy localRank 2 -> connection 0x14e97c002398
nid005005:93044:93044 [0] NCCL INFO Channel 03/2 : 8[c1000] -> 9[c6000] via P2P/IPC comm 0x561b39d69c40 nRanks 16
nid005005:93044:93135 [0] NCCL INFO New proxy send connection 33 from local rank 0, transport 0
nid005005:93044:93044 [0] NCCL INFO Connected to proxy localRank 0 -> connection 0x14ac38002398
nid005001:57739:57739 [2] NCCL INFO Channel 03/2 : 2[c9000] -> 3[ce000] via P2P/IPC comm 0x556bab7ca8d0 nRanks 16
nid005001:57739:57830 [2] NCCL INFO New proxy send connection 33 from local rank 2, transport 0
nid005001:57739:57739 [2] NCCL INFO Connected to proxy localRank 2 -> connection 0x149b0c002398
nid005001:57738:57738 [0] NCCL INFO Channel 02/2 : 0[c1000] -> 1[c6000] via P2P/IPC comm 0x5653fa136be0 nRanks 16
nid005001:57738:57834 [0] NCCL INFO New proxy send connection 33 from local rank 0, transport 0
nid005001:57738:57738 [0] NCCL INFO Connected to proxy localRank 0 -> connection 0x148ce8002398
nid005005:93051:93134 [7] NCCL INFO New proxy recv connection 33 from local rank 7, transport 0
nid005005:93051:93051 [7] NCCL INFO Connected to proxy localRank 7 -> connection 0x150328002398
nid005001:57740:57829 [3] NCCL INFO New proxy recv connection 33 from local rank 3, transport 0
nid005001:57740:57740 [3] NCCL INFO Connected to proxy localRank 3 -> connection 0x148ee0002398
nid005001:57744:57744 [6] NCCL INFO Channel 03/2 : 6[d9000] -> 7[de000] via P2P/IPC comm 0x557546059a30 nRanks 16
nid005001:57744:57828 [6] NCCL INFO New proxy send connection 33 from local rank 6, transport 0
nid005001:57744:57744 [6] NCCL INFO Connected to proxy localRank 6 -> connection 0x14aaa8002398
nid005005:93046:93046 [4] NCCL INFO Channel 04/2 : 12[d1000] -> 13[d6000] via P2P/IPC comm 0x5633435cdf70 nRanks 16
nid005005:93046:93136 [4] NCCL INFO New proxy send connection 34 from local rank 4, transport 0
nid005005:93046:93046 [4] NCCL INFO Connected to proxy localRank 4 -> connection 0x147d20002410
nid005001:57743:57826 [7] NCCL INFO New proxy recv connection 34 from local rank 7, transport 0
nid005001:57743:57743 [7] NCCL INFO Connected to proxy localRank 7 -> connection 0x14c1b0002410
nid005005:93045:93137 [1] NCCL INFO New proxy recv connection 34 from local rank 1, transport 0
nid005005:93045:93045 [1] NCCL INFO Connected to proxy localRank 1 -> connection 0x14e628002410
nid005005:93048:93131 [5] NCCL INFO New proxy recv connection 34 from local rank 5, transport 0
nid005005:93048:93048 [5] NCCL INFO Connected to proxy localRank 5 -> connection 0x14c2f8002410
nid005005:93050:93132 [3] NCCL INFO New proxy recv connection 34 from local rank 3, transport 0
nid005005:93050:93050 [3] NCCL INFO Connected to proxy localRank 3 -> connection 0x1528b8002410
nid005005:93047:93047 [2] NCCL INFO Channel 04/2 : 10[c9000] -> 11[ce000] via P2P/IPC comm 0x55aab634aaf0 nRanks 16
nid005005:93047:93130 [2] NCCL INFO New proxy send connection 34 from local rank 2, transport 0
nid005005:93049:93049 [6] NCCL INFO Channel 05/2 : 14[d9000] -> 15[de000] via P2P/IPC comm 0x55eadb0915e0 nRanks 16
nid005001:57741:57833 [1] NCCL INFO New proxy recv connection 34 from local rank 1, transport 0
nid005001:57741:57741 [1] NCCL INFO Connected to proxy localRank 1 -> connection 0x14ab1c002410
nid005001:57745:57831 [5] NCCL INFO New proxy recv connection 34 from local rank 5, transport 0
nid005001:57745:57745 [5] NCCL INFO Connected to proxy localRank 5 -> connection 0x14b1e0002410
nid005005:93047:93047 [2] NCCL INFO Connected to proxy localRank 2 -> connection 0x14e97c002410
nid005005:93049:93133 [6] NCCL INFO New proxy send connection 34 from local rank 6, transport 0
nid005005:93049:93049 [6] NCCL INFO Connected to proxy localRank 6 -> connection 0x152658002410
nid005001:57742:57742 [4] NCCL INFO Channel 05/2 : 4[d1000] -> 5[d6000] via P2P/IPC comm 0x55649a5d5310 nRanks 16
nid005001:57742:57827 [4] NCCL INFO New proxy send connection 34 from local rank 4, transport 0
nid005001:57742:57742 [4] NCCL INFO Connected to proxy localRank 4 -> connection 0x14560c002410
nid005005:93044:93044 [0] NCCL INFO Channel 05/2 : 8[c1000] -> 9[c6000] via P2P/IPC comm 0x561b39d69c40 nRanks 16
nid005005:93044:93135 [0] NCCL INFO New proxy send connection 34 from local rank 0, transport 0
nid005005:93044:93044 [0] NCCL INFO Connected to proxy localRank 0 -> connection 0x14ac38002410
nid005001:57739:57739 [2] NCCL INFO Channel 05/2 : 2[c9000] -> 3[ce000] via P2P/IPC comm 0x556bab7ca8d0 nRanks 16
nid005001:57739:57830 [2] NCCL INFO New proxy send connection 34 from local rank 2, transport 0
nid005001:57738:57738 [0] NCCL INFO Channel 04/2 : 0[c1000] -> 1[c6000] via P2P/IPC comm 0x5653fa136be0 nRanks 16
nid005001:57738:57834 [0] NCCL INFO New proxy send connection 34 from local rank 0, transport 0
nid005001:57739:57739 [2] NCCL INFO Connected to proxy localRank 2 -> connection 0x149b0c002410
nid005001:57738:57738 [0] NCCL INFO Connected to proxy localRank 0 -> connection 0x148ce8002410
nid005005:93051:93134 [7] NCCL INFO New proxy recv connection 34 from local rank 7, transport 0
nid005001:57740:57829 [3] NCCL INFO New proxy recv connection 34 from local rank 3, transport 0
nid005001:57740:57740 [3] NCCL INFO Connected to proxy localRank 3 -> connection 0x148ee0002410
nid005005:93051:93051 [7] NCCL INFO Connected to proxy localRank 7 -> connection 0x150328002410
nid005005:93046:93046 [4] NCCL INFO Channel 07/2 : 12[d1000] -> 13[d6000] via P2P/IPC comm 0x5633435cdf70 nRanks 16
nid005005:93046:93136 [4] NCCL INFO New proxy send connection 35 from local rank 4, transport 0
nid005005:93046:93046 [4] NCCL INFO Connected to proxy localRank 4 -> connection 0x147d20002488
nid005001:57744:57744 [6] NCCL INFO Channel 04/2 : 6[d9000] -> 7[de000] via P2P/IPC comm 0x557546059a30 nRanks 16
nid005001:57744:57828 [6] NCCL INFO New proxy send connection 34 from local rank 6, transport 0
nid005001:57744:57744 [6] NCCL INFO Connected to proxy localRank 6 -> connection 0x14aaa8002410
nid005001:57743:57826 [7] NCCL INFO New proxy recv connection 35 from local rank 7, transport 0
nid005001:57743:57743 [7] NCCL INFO Connected to proxy localRank 7 -> connection 0x14c1b0002488
nid005005:93045:93137 [1] NCCL INFO New proxy recv connection 35 from local rank 1, transport 0
nid005005:93045:93045 [1] NCCL INFO Connected to proxy localRank 1 -> connection 0x14e628002488
nid005005:93050:93132 [3] NCCL INFO New proxy recv connection 35 from local rank 3, transport 0
nid005005:93050:93050 [3] NCCL INFO Connected to proxy localRank 3 -> connection 0x1528b8002488
nid005005:93048:93131 [5] NCCL INFO New proxy recv connection 35 from local rank 5, transport 0
nid005005:93048:93048 [5] NCCL INFO Connected to proxy localRank 5 -> connection 0x14c2f8002488
nid005005:93049:93049 [6] NCCL INFO Channel 06/2 : 14[d9000] -> 15[de000] via P2P/IPC comm 0x55eadb0915e0 nRanks 16
nid005005:93049:93133 [6] NCCL INFO New proxy send connection 35 from local rank 6, transport 0
nid005005:93049:93049 [6] NCCL INFO Connected to proxy localRank 6 -> connection 0x152658002488
nid005001:57745:57831 [5] NCCL INFO New proxy recv connection 35 from local rank 5, transport 0
nid005001:57745:57745 [5] NCCL INFO Connected to proxy localRank 5 -> connection 0x14b1e0002488
nid005001:57741:57833 [1] NCCL INFO New proxy recv connection 35 from local rank 1, transport 0
nid005001:57741:57741 [1] NCCL INFO Connected to proxy localRank 1 -> connection 0x14ab1c002488
nid005001:57742:57742 [4] NCCL INFO Channel 06/2 : 4[d1000] -> 5[d6000] via P2P/IPC comm 0x55649a5d5310 nRanks 16
nid005005:93047:93047 [2] NCCL INFO Channel 06/2 : 10[c9000] -> 11[ce000] via P2P/IPC comm 0x55aab634aaf0 nRanks 16
nid005001:57742:57827 [4] NCCL INFO New proxy send connection 35 from local rank 4, transport 0
nid005001:57742:57742 [4] NCCL INFO Connected to proxy localRank 4 -> connection 0x14560c002488
nid005005:93047:93130 [2] NCCL INFO New proxy send connection 35 from local rank 2, transport 0
nid005005:93047:93047 [2] NCCL INFO Connected to proxy localRank 2 -> connection 0x14e97c002488
nid005005:93046:93046 [4] NCCL INFO Channel 08/2 : 12[d1000] -> 13[d6000] via P2P/IPC comm 0x5633435cdf70 nRanks 16
nid005005:93046:93136 [4] NCCL INFO New proxy send connection 36 from local rank 4, transport 0
nid005005:93046:93046 [4] NCCL INFO Connected to proxy localRank 4 -> connection 0x147d20002500
nid005005:93044:93044 [0] NCCL INFO Channel 07/2 : 8[c1000] -> 9[c6000] via P2P/IPC comm 0x561b39d69c40 nRanks 16
nid005005:93044:93135 [0] NCCL INFO New proxy send connection 35 from local rank 0, transport 0
nid005001:57738:57738 [0] NCCL INFO Channel 06/2 : 0[c1000] -> 1[c6000] via P2P/IPC comm 0x5653fa136be0 nRanks 16
nid005001:57738:57834 [0] NCCL INFO New proxy send connection 35 from local rank 0, transport 0
nid005001:57740:57829 [3] NCCL INFO New proxy recv connection 35 from local rank 3, transport 0
nid005001:57740:57740 [3] NCCL INFO Connected to proxy localRank 3 -> connection 0x148ee0002488
nid005001:57738:57738 [0] NCCL INFO Connected to proxy localRank 0 -> connection 0x148ce8002488
nid005001:57743:57826 [7] NCCL INFO New proxy recv connection 36 from local rank 7, transport 0
nid005001:57743:57743 [7] NCCL INFO Connected to proxy localRank 7 -> connection 0x14c1b0002500
nid005005:93044:93044 [0] NCCL INFO Connected to proxy localRank 0 -> connection 0x14ac38002488
nid005001:57739:57739 [2] NCCL INFO Channel 07/2 : 2[c9000] -> 3[ce000] via P2P/IPC comm 0x556bab7ca8d0 nRanks 16
nid005001:57739:57830 [2] NCCL INFO New proxy send connection 35 from local rank 2, transport 0
nid005001:57739:57739 [2] NCCL INFO Connected to proxy localRank 2 -> connection 0x149b0c002488
nid005005:93051:93134 [7] NCCL INFO New proxy recv connection 35 from local rank 7, transport 0
nid005005:93051:93051 [7] NCCL INFO Connected to proxy localRank 7 -> connection 0x150328002488
nid005005:93045:93137 [1] NCCL INFO New proxy recv connection 36 from local rank 1, transport 0
nid005005:93045:93045 [1] NCCL INFO Connected to proxy localRank 1 -> connection 0x14e628002500
nid005001:57744:57744 [6] NCCL INFO Channel 07/2 : 6[d9000] -> 7[de000] via P2P/IPC comm 0x557546059a30 nRanks 16
nid005005:93050:93132 [3] NCCL INFO New proxy recv connection 36 from local rank 3, transport 0
nid005005:93050:93050 [3] NCCL INFO Connected to proxy localRank 3 -> connection 0x1528b8002500
nid005001:57744:57828 [6] NCCL INFO New proxy send connection 35 from local rank 6, transport 0
nid005001:57744:57744 [6] NCCL INFO Connected to proxy localRank 6 -> connection 0x14aaa8002488
nid005005:93049:93049 [6] NCCL INFO Channel 09/2 : 14[d9000] -> 15[de000] via P2P/IPC comm 0x55eadb0915e0 nRanks 16
nid005005:93049:93133 [6] NCCL INFO New proxy send connection 36 from local rank 6, transport 0
nid005005:93049:93049 [6] NCCL INFO Connected to proxy localRank 6 -> connection 0x152658002500
nid005005:93046:93046 [4] NCCL INFO Channel 11/2 : 12[d1000] -> 13[d6000] via P2P/IPC comm 0x5633435cdf70 nRanks 16
nid005005:93046:93136 [4] NCCL INFO New proxy send connection 37 from local rank 4, transport 0
nid005005:93046:93046 [4] NCCL INFO Connected to proxy localRank 4 -> connection 0x147d20002578
nid005005:93048:93131 [5] NCCL INFO New proxy recv connection 36 from local rank 5, transport 0
nid005005:93048:93048 [5] NCCL INFO Connected to proxy localRank 5 -> connection 0x14c2f8002500
nid005001:57745:57831 [5] NCCL INFO New proxy recv connection 36 from local rank 5, transport 0
nid005001:57745:57745 [5] NCCL INFO Connected to proxy localRank 5 -> connection 0x14b1e0002500
nid005005:93047:93047 [2] NCCL INFO Channel 08/2 : 10[c9000] -> 11[ce000] via P2P/IPC comm 0x55aab634aaf0 nRanks 16
nid005005:93047:93130 [2] NCCL INFO New proxy send connection 36 from local rank 2, transport 0
nid005005:93047:93047 [2] NCCL INFO Connected to proxy localRank 2 -> connection 0x14e97c002500
nid005001:57741:57833 [1] NCCL INFO New proxy recv connection 36 from local rank 1, transport 0
nid005001:57741:57741 [1] NCCL INFO Connected to proxy localRank 1 -> connection 0x14ab1c002500
nid005001:57742:57742 [4] NCCL INFO Channel 09/2 : 4[d1000] -> 5[d6000] via P2P/IPC comm 0x55649a5d5310 nRanks 16
nid005001:57742:57827 [4] NCCL INFO New proxy send connection 36 from local rank 4, transport 0
nid005001:57742:57742 [4] NCCL INFO Connected to proxy localRank 4 -> connection 0x14560c002500
nid005001:57743:57826 [7] NCCL INFO New proxy recv connection 37 from local rank 7, transport 0
nid005001:57743:57743 [7] NCCL INFO Connected to proxy localRank 7 -> connection 0x14c1b0002578
nid005001:57740:57829 [3] NCCL INFO New proxy recv connection 36 from local rank 3, transport 0
nid005001:57740:57740 [3] NCCL INFO Connected to proxy localRank 3 -> connection 0x148ee0002500
nid005001:57738:57738 [0] NCCL INFO Channel 08/2 : 0[c1000] -> 1[c6000] via P2P/IPC comm 0x5653fa136be0 nRanks 16
nid005001:57738:57834 [0] NCCL INFO New proxy send connection 36 from local rank 0, transport 0
nid005001:57738:57738 [0] NCCL INFO Connected to proxy localRank 0 -> connection 0x148ce8002500
nid005005:93045:93137 [1] NCCL INFO New proxy recv connection 37 from local rank 1, transport 0
nid005005:93045:93045 [1] NCCL INFO Connected to proxy localRank 1 -> connection 0x14e628002578
nid005005:93044:93044 [0] NCCL INFO Channel 09/2 : 8[c1000] -> 9[c6000] via P2P/IPC comm 0x561b39d69c40 nRanks 16
nid005005:93044:93135 [0] NCCL INFO New proxy send connection 36 from local rank 0, transport 0
nid005005:93044:93044 [0] NCCL INFO Connected to proxy localRank 0 -> connection 0x14ac38002500
nid005005:93046:93046 [4] NCCL INFO Channel 12/2 : 12[d1000] -> 13[d6000] via P2P/IPC comm 0x5633435cdf70 nRanks 16
nid005005:93051:93134 [7] NCCL INFO New proxy recv connection 36 from local rank 7, transport 0
nid005005:93046:93136 [4] NCCL INFO New proxy send connection 38 from local rank 4, transport 0
nid005005:93046:93046 [4] NCCL INFO Connected to proxy localRank 4 -> connection 0x147d200025f0
nid005005:93051:93051 [7] NCCL INFO Connected to proxy localRank 7 -> connection 0x150328002500
nid005005:93050:93132 [3] NCCL INFO New proxy recv connection 37 from local rank 3, transport 0
nid005005:93050:93050 [3] NCCL INFO Connected to proxy localRank 3 -> connection 0x1528b8002578
nid005005:93049:93049 [6] NCCL INFO Channel 10/2 : 14[d9000] -> 15[de000] via P2P/IPC comm 0x55eadb0915e0 nRanks 16
nid005005:93049:93133 [6] NCCL INFO New proxy send connection 37 from local rank 6, transport 0
nid005005:93049:93049 [6] NCCL INFO Connected to proxy localRank 6 -> connection 0x152658002578
nid005005:93047:93047 [2] NCCL INFO Channel 10/2 : 10[c9000] -> 11[ce000] via P2P/IPC comm 0x55aab634aaf0 nRanks 16
nid005005:93047:93130 [2] NCCL INFO New proxy send connection 37 from local rank 2, transport 0
nid005005:93047:93047 [2] NCCL INFO Connected to proxy localRank 2 -> connection 0x14e97c002578
nid005001:57739:57739 [2] NCCL INFO Channel 09/2 : 2[c9000] -> 3[ce000] via P2P/IPC comm 0x556bab7ca8d0 nRanks 16
nid005001:57739:57830 [2] NCCL INFO New proxy send connection 36 from local rank 2, transport 0
nid005001:57739:57739 [2] NCCL INFO Connected to proxy localRank 2 -> connection 0x149b0c002500
nid005005:93048:93131 [5] NCCL INFO New proxy recv connection 37 from local rank 5, transport 0
nid005005:93048:93048 [5] NCCL INFO Connected to proxy localRank 5 -> connection 0x14c2f8002578
nid005001:57745:57831 [5] NCCL INFO New proxy recv connection 37 from local rank 5, transport 0
nid005001:57745:57745 [5] NCCL INFO Connected to proxy localRank 5 -> connection 0x14b1e0002578
nid005001:57744:57744 [6] NCCL INFO Channel 08/2 : 6[d9000] -> 7[de000] via P2P/IPC comm 0x557546059a30 nRanks 16
nid005001:57744:57828 [6] NCCL INFO New proxy send connection 36 from local rank 6, transport 0
nid005001:57744:57744 [6] NCCL INFO Connected to proxy localRank 6 -> connection 0x14aaa8002500
nid005001:57743:57826 [7] NCCL INFO New proxy recv connection 38 from local rank 7, transport 0
nid005001:57743:57743 [7] NCCL INFO Connected to proxy localRank 7 -> connection 0x14c1b00025f0
nid005001:57741:57833 [1] NCCL INFO New proxy recv connection 37 from local rank 1, transport 0
nid005001:57741:57741 [1] NCCL INFO Connected to proxy localRank 1 -> connection 0x14ab1c002578
nid005001:57742:57742 [4] NCCL INFO Channel 10/2 : 4[d1000] -> 5[d6000] via P2P/IPC comm 0x55649a5d5310 nRanks 16
nid005001:57742:57827 [4] NCCL INFO New proxy send connection 37 from local rank 4, transport 0
nid005001:57742:57742 [4] NCCL INFO Connected to proxy localRank 4 -> connection 0x14560c002578
nid005005:93045:93137 [1] NCCL INFO New proxy recv connection 38 from local rank 1, transport 0
nid005005:93045:93045 [1] NCCL INFO Connected to proxy localRank 1 -> connection 0x14e6280025f0
nid005005:93046:93046 [4] NCCL INFO Channel 15/2 : 12[d1000] -> 13[d6000] via P2P/IPC comm 0x5633435cdf70 nRanks 16
nid005001:57740:57829 [3] NCCL INFO New proxy recv connection 37 from local rank 3, transport 0
nid005001:57740:57740 [3] NCCL INFO Connected to proxy localRank 3 -> connection 0x148ee0002578
nid005005:93046:93136 [4] NCCL INFO New proxy send connection 39 from local rank 4, transport 0
nid005005:93046:93046 [4] NCCL INFO Connected to proxy localRank 4 -> connection 0x147d20002668
nid005001:57738:57738 [0] NCCL INFO Channel 10/2 : 0[c1000] -> 1[c6000] via P2P/IPC comm 0x5653fa136be0 nRanks 16
nid005001:57738:57834 [0] NCCL INFO New proxy send connection 37 from local rank 0, transport 0
nid005001:57738:57738 [0] NCCL INFO Connected to proxy localRank 0 -> connection 0x148ce8002578
nid005005:93050:93132 [3] NCCL INFO New proxy recv connection 38 from local rank 3, transport 0
nid005005:93050:93050 [3] NCCL INFO Connected to proxy localRank 3 -> connection 0x1528b80025f0
nid005005:93049:93049 [6] NCCL INFO Channel 13/2 : 14[d9000] -> 15[de000] via P2P/IPC comm 0x55eadb0915e0 nRanks 16
nid005005:93049:93133 [6] NCCL INFO New proxy send connection 38 from local rank 6, transport 0
nid005005:93049:93049 [6] NCCL INFO Connected to proxy localRank 6 -> connection 0x1526580025f0
nid005005:93044:93044 [0] NCCL INFO Channel 11/2 : 8[c1000] -> 9[c6000] via P2P/IPC comm 0x561b39d69c40 nRanks 16
nid005005:93047:93047 [2] NCCL INFO Channel 12/2 : 10[c9000] -> 11[ce000] via P2P/IPC comm 0x55aab634aaf0 nRanks 16
nid005005:93044:93135 [0] NCCL INFO New proxy send connection 37 from local rank 0, transport 0
nid005005:93044:93044 [0] NCCL INFO Connected to proxy localRank 0 -> connection 0x14ac38002578
nid005005:93047:93130 [2] NCCL INFO New proxy send connection 38 from local rank 2, transport 0
nid005005:93047:93047 [2] NCCL INFO Connected to proxy localRank 2 -> connection 0x14e97c0025f0
nid005005:93051:93134 [7] NCCL INFO New proxy recv connection 37 from local rank 7, transport 0
nid005005:93051:93051 [7] NCCL INFO Connected to proxy localRank 7 -> connection 0x150328002578
nid005001:57743:57826 [7] NCCL INFO New proxy recv connection 39 from local rank 7, transport 0
nid005001:57743:57743 [7] NCCL INFO Connected to proxy localRank 7 -> connection 0x14c1b0002668
nid005005:93048:93131 [5] NCCL INFO New proxy recv connection 38 from local rank 5, transport 0
nid005005:93048:93048 [5] NCCL INFO Connected to proxy localRank 5 -> connection 0x14c2f80025f0
nid005001:57742:57742 [4] NCCL INFO Channel 13/2 : 4[d1000] -> 5[d6000] via P2P/IPC comm 0x55649a5d5310 nRanks 16
nid005001:57742:57827 [4] NCCL INFO New proxy send connection 38 from local rank 4, transport 0
nid005001:57742:57742 [4] NCCL INFO Connected to proxy localRank 4 -> connection 0x14560c0025f0
nid005001:57741:57833 [1] NCCL INFO New proxy recv connection 38 from local rank 1, transport 0
nid005001:57741:57741 [1] NCCL INFO Connected to proxy localRank 1 -> connection 0x14ab1c0025f0
nid005001:57739:57739 [2] NCCL INFO Channel 11/2 : 2[c9000] -> 3[ce000] via P2P/IPC comm 0x556bab7ca8d0 nRanks 16
nid005001:57744:57744 [6] NCCL INFO Channel 11/2 : 6[d9000] -> 7[de000] via P2P/IPC comm 0x557546059a30 nRanks 16
nid005005:93045:93137 [1] NCCL INFO New proxy recv connection 39 from local rank 1, transport 0
nid005005:93045:93045 [1] NCCL INFO Connected to proxy localRank 1 -> connection 0x14e628002668
nid005001:57744:57828 [6] NCCL INFO New proxy send connection 37 from local rank 6, transport 0
nid005001:57739:57830 [2] NCCL INFO New proxy send connection 37 from local rank 2, transport 0
nid005001:57739:57739 [2] NCCL INFO Connected to proxy localRank 2 -> connection 0x149b0c002578
nid005001:57744:57744 [6] NCCL INFO Connected to proxy localRank 6 -> connection 0x14aaa8002578
nid005001:57745:57831 [5] NCCL INFO New proxy recv connection 38 from local rank 5, transport 0
nid005001:57745:57745 [5] NCCL INFO Connected to proxy localRank 5 -> connection 0x14b1e00025f0
nid005001:57738:57738 [0] NCCL INFO Channel 12/2 : 0[c1000] -> 1[c6000] via P2P/IPC comm 0x5653fa136be0 nRanks 16
nid005001:57738:57834 [0] NCCL INFO New proxy send connection 38 from local rank 0, transport 0
nid005001:57740:57829 [3] NCCL INFO New proxy recv connection 38 from local rank 3, transport 0
nid005001:57740:57740 [3] NCCL INFO Connected to proxy localRank 3 -> connection 0x148ee00025f0
nid005001:57738:57738 [0] NCCL INFO Connected to proxy localRank 0 -> connection 0x148ce80025f0
nid005005:93047:93047 [2] NCCL INFO Channel 14/2 : 10[c9000] -> 11[ce000] via P2P/IPC comm 0x55aab634aaf0 nRanks 16
nid005005:93047:93130 [2] NCCL INFO New proxy send connection 39 from local rank 2, transport 0
nid005005:93049:93049 [6] NCCL INFO Channel 14/2 : 14[d9000] -> 15[de000] via P2P/IPC comm 0x55eadb0915e0 nRanks 16
nid005005:93049:93133 [6] NCCL INFO New proxy send connection 39 from local rank 6, transport 0
nid005005:93050:93132 [3] NCCL INFO New proxy recv connection 39 from local rank 3, transport 0
nid005005:93050:93050 [3] NCCL INFO Connected to proxy localRank 3 -> connection 0x1528b8002668
nid005005:93047:93047 [2] NCCL INFO Connected to proxy localRank 2 -> connection 0x14e97c002668
nid005005:93049:93049 [6] NCCL INFO Connected to proxy localRank 6 -> connection 0x152658002668
nid005005:93044:93044 [0] NCCL INFO Channel 13/2 : 8[c1000] -> 9[c6000] via P2P/IPC comm 0x561b39d69c40 nRanks 16
nid005005:93044:93135 [0] NCCL INFO New proxy send connection 38 from local rank 0, transport 0
nid005005:93044:93044 [0] NCCL INFO Connected to proxy localRank 0 -> connection 0x14ac380025f0
nid005005:93048:93131 [5] NCCL INFO New proxy recv connection 39 from local rank 5, transport 0
nid005005:93048:93048 [5] NCCL INFO Connected to proxy localRank 5 -> connection 0x14c2f8002668
nid005005:93051:93134 [7] NCCL INFO New proxy recv connection 38 from local rank 7, transport 0
nid005005:93051:93051 [7] NCCL INFO Connected to proxy localRank 7 -> connection 0x1503280025f0
nid005001:57742:57742 [4] NCCL INFO Channel 14/2 : 4[d1000] -> 5[d6000] via P2P/IPC comm 0x55649a5d5310 nRanks 16
nid005001:57742:57827 [4] NCCL INFO New proxy send connection 39 from local rank 4, transport 0
nid005001:57742:57742 [4] NCCL INFO Connected to proxy localRank 4 -> connection 0x14560c002668
nid005001:57741:57833 [1] NCCL INFO New proxy recv connection 39 from local rank 1, transport 0
nid005001:57741:57741 [1] NCCL INFO Connected to proxy localRank 1 -> connection 0x14ab1c002668
nid005001:57745:57831 [5] NCCL INFO New proxy recv connection 39 from local rank 5, transport 0
nid005001:57745:57745 [5] NCCL INFO Connected to proxy localRank 5 -> connection 0x14b1e0002668
nid005001:57744:57744 [6] NCCL INFO Channel 12/2 : 6[d9000] -> 7[de000] via P2P/IPC comm 0x557546059a30 nRanks 16
nid005001:57744:57828 [6] NCCL INFO New proxy send connection 38 from local rank 6, transport 0
nid005001:57744:57744 [6] NCCL INFO Connected to proxy localRank 6 -> connection 0x14aaa80025f0
nid005005:93047:93047 [2] NCCL INFO Channel 03/2 : 10[c9000] -> 12[d1000] via P2P/IPC comm 0x55aab634aaf0 nRanks 16
nid005005:93047:93130 [2] NCCL INFO New proxy send connection 40 from local rank 2, transport 0
nid005001:57740:57829 [3] NCCL INFO New proxy recv connection 39 from local rank 3, transport 0
nid005001:57738:57738 [0] NCCL INFO Channel 14/2 : 0[c1000] -> 1[c6000] via P2P/IPC comm 0x5653fa136be0 nRanks 16
nid005001:57740:57740 [3] NCCL INFO Connected to proxy localRank 3 -> connection 0x148ee0002668
nid005001:57738:57834 [0] NCCL INFO New proxy send connection 39 from local rank 0, transport 0
nid005001:57738:57738 [0] NCCL INFO Connected to proxy localRank 0 -> connection 0x148ce8002668
nid005005:93047:93047 [2] NCCL INFO Connected to proxy localRank 2 -> connection 0x14e97c0026e0
nid005005:93050:93132 [3] NCCL INFO New proxy recv connection 40 from local rank 3, transport 0
nid005005:93050:93050 [3] NCCL INFO Connected to proxy localRank 3 -> connection 0x1528b80026e0
nid005005:93044:93044 [0] NCCL INFO Channel 15/2 : 8[c1000] -> 9[c6000] via P2P/IPC comm 0x561b39d69c40 nRanks 16
nid005005:93044:93135 [0] NCCL INFO New proxy send connection 39 from local rank 0, transport 0
nid005005:93044:93044 [0] NCCL INFO Connected to proxy localRank 0 -> connection 0x14ac38002668
nid005005:93046:93136 [4] NCCL INFO New proxy recv connection 40 from local rank 4, transport 0
nid005005:93048:93131 [5] NCCL INFO New proxy recv connection 40 from local rank 5, transport 0
nid005005:93046:93046 [4] NCCL INFO Connected to proxy localRank 4 -> connection 0x147d200026e0
nid005005:93048:93048 [5] NCCL INFO Connected to proxy localRank 5 -> connection 0x14c2f80026e0
nid005005:93051:93134 [7] NCCL INFO New proxy recv connection 39 from local rank 7, transport 0
nid005005:93051:93051 [7] NCCL INFO Connected to proxy localRank 7 -> connection 0x150328002668
nid005001:57742:57827 [4] NCCL INFO New proxy recv connection 40 from local rank 4, transport 0
nid005001:57742:57742 [4] NCCL INFO Connected to proxy localRank 4 -> connection 0x14560c0026e0
nid005001:57745:57831 [5] NCCL INFO New proxy recv connection 40 from local rank 5, transport 0
nid005001:57745:57745 [5] NCCL INFO Connected to proxy localRank 5 -> connection 0x14b1e00026e0
nid005005:93047:93047 [2] NCCL INFO Channel 07/2 : 10[c9000] -> 12[d1000] via P2P/IPC comm 0x55aab634aaf0 nRanks 16
nid005005:93047:93130 [2] NCCL INFO New proxy send connection 41 from local rank 2, transport 0
nid005005:93047:93047 [2] NCCL INFO Connected to proxy localRank 2 -> connection 0x14e97c002758
nid005005:93050:93132 [3] NCCL INFO New proxy recv connection 41 from local rank 3, transport 0
nid005005:93050:93050 [3] NCCL INFO Connected to proxy localRank 3 -> connection 0x1528b8002758
nid005001:57741:57741 [1] NCCL INFO Channel 02/2 : 1[c6000] -> 3[ce000] via P2P/IPC comm 0x564286dbbca0 nRanks 16
nid005001:57738:57738 [0] NCCL INFO Channel 03/2 : 0[c1000] -> 6[d9000] via P2P/IPC comm 0x5653fa136be0 nRanks 16
nid005001:57741:57833 [1] NCCL INFO New proxy send connection 40 from local rank 1, transport 0
nid005001:57738:57834 [0] NCCL INFO New proxy send connection 40 from local rank 0, transport 0
nid005001:57738:57738 [0] NCCL INFO Connected to proxy localRank 0 -> connection 0x148ce80026e0
nid005001:57741:57741 [1] NCCL INFO Connected to proxy localRank 1 -> connection 0x14ab1c0026e0
nid005001:57744:57744 [6] NCCL INFO Channel 15/2 : 6[d9000] -> 7[de000] via P2P/IPC comm 0x557546059a30 nRanks 16
nid005001:57744:57828 [6] NCCL INFO New proxy send connection 39 from local rank 6, transport 0
nid005001:57744:57744 [6] NCCL INFO Connected to proxy localRank 6 -> connection 0x14aaa8002668
nid005005:93046:93136 [4] NCCL INFO New proxy recv connection 41 from local rank 4, transport 0
nid005005:93046:93046 [4] NCCL INFO Connected to proxy localRank 4 -> connection 0x147d20002758
nid005005:93048:93131 [5] NCCL INFO New proxy recv connection 41 from local rank 5, transport 0
nid005005:93048:93048 [5] NCCL INFO Connected to proxy localRank 5 -> connection 0x14c2f8002758
nid005005:93045:93045 [1] NCCL INFO Channel 03/2 : 9[c6000] -> 11[ce000] via P2P/IPC comm 0x5633a9c121c0 nRanks 16
nid005005:93045:93137 [1] NCCL INFO New proxy send connection 40 from local rank 1, transport 0
nid005005:93044:93044 [0] NCCL INFO Channel 02/2 : 8[c1000] -> 14[d9000] via P2P/IPC comm 0x561b39d69c40 nRanks 16
nid005005:93045:93045 [1] NCCL INFO Connected to proxy localRank 1 -> connection 0x14e6280026e0
nid005005:93044:93135 [0] NCCL INFO New proxy send connection 40 from local rank 0, transport 0
nid005005:93044:93044 [0] NCCL INFO Connected to proxy localRank 0 -> connection 0x14ac380026e0
nid005001:57745:57831 [5] NCCL INFO New proxy recv connection 41 from local rank 5, transport 0
nid005001:57745:57745 [5] NCCL INFO Connected to proxy localRank 5 -> connection 0x14b1e0002758
nid005005:93047:93047 [2] NCCL INFO Channel 11/2 : 10[c9000] -> 12[d1000] via P2P/IPC comm 0x55aab634aaf0 nRanks 16
nid005005:93047:93130 [2] NCCL INFO New proxy send connection 42 from local rank 2, transport 0
nid005005:93047:93047 [2] NCCL INFO Connected to proxy localRank 2 -> connection 0x14e97c0027d0
nid005005:93050:93132 [3] NCCL INFO New proxy recv connection 42 from local rank 3, transport 0
nid005005:93050:93050 [3] NCCL INFO Connected to proxy localRank 3 -> connection 0x1528b80027d0
nid005005:93049:93133 [6] NCCL INFO New proxy recv connection 40 from local rank 6, transport 0
nid005005:93049:93049 [6] NCCL INFO Connected to proxy localRank 6 -> connection 0x1526580026e0
nid005001:57742:57827 [4] NCCL INFO New proxy recv connection 41 from local rank 4, transport 0
nid005001:57742:57742 [4] NCCL INFO Connected to proxy localRank 4 -> connection 0x14560c002758
nid005005:93051:93134 [7] NCCL INFO New proxy recv connection 40 from local rank 7, transport 0
nid005005:93051:93051 [7] NCCL INFO Connected to proxy localRank 7 -> connection 0x1503280026e0
nid005001:57738:57738 [0] NCCL INFO Channel 07/2 : 0[c1000] -> 6[d9000] via P2P/IPC comm 0x5653fa136be0 nRanks 16
nid005005:93046:93136 [4] NCCL INFO New proxy recv connection 42 from local rank 4, transport 0
nid005001:57738:57834 [0] NCCL INFO New proxy send connection 41 from local rank 0, transport 0
nid005001:57738:57738 [0] NCCL INFO Connected to proxy localRank 0 -> connection 0x148ce8002758
nid005005:93046:93046 [4] NCCL INFO Connected to proxy localRank 4 -> connection 0x147d200027d0
nid005001:57741:57741 [1] NCCL INFO Channel 06/2 : 1[c6000] -> 3[ce000] via P2P/IPC comm 0x564286dbbca0 nRanks 16
nid005001:57741:57833 [1] NCCL INFO New proxy send connection 41 from local rank 1, transport 0
nid005001:57741:57741 [1] NCCL INFO Connected to proxy localRank 1 -> connection 0x14ab1c002758
nid005001:57743:57826 [7] NCCL INFO New proxy recv connection 40 from local rank 7, transport 0
nid005001:57743:57743 [7] NCCL INFO Connected to proxy localRank 7 -> connection 0x14c1b00026e0
nid005001:57744:57828 [6] NCCL INFO New proxy recv connection 40 from local rank 6, transport 0
nid005001:57744:57744 [6] NCCL INFO Connected to proxy localRank 6 -> connection 0x14aaa80026e0
nid005005:93045:93045 [1] NCCL INFO Channel 07/2 : 9[c6000] -> 11[ce000] via P2P/IPC comm 0x5633a9c121c0 nRanks 16
nid005005:93045:93137 [1] NCCL INFO New proxy send connection 41 from local rank 1, transport 0
nid005005:93045:93045 [1] NCCL INFO Connected to proxy localRank 1 -> connection 0x14e628002758
nid005005:93048:93131 [5] NCCL INFO New proxy recv connection 42 from local rank 5, transport 0
nid005005:93048:93048 [5] NCCL INFO Connected to proxy localRank 5 -> connection 0x14c2f80027d0
nid005005:93047:93047 [2] NCCL INFO Channel 15/2 : 10[c9000] -> 12[d1000] via P2P/IPC comm 0x55aab634aaf0 nRanks 16
nid005005:93047:93130 [2] NCCL INFO New proxy send connection 43 from local rank 2, transport 0
nid005005:93047:93047 [2] NCCL INFO Connected to proxy localRank 2 -> connection 0x14e97c002848
nid005001:57745:57831 [5] NCCL INFO New proxy recv connection 42 from local rank 5, transport 0
nid005001:57745:57745 [5] NCCL INFO Connected to proxy localRank 5 -> connection 0x14b1e00027d0
nid005005:93050:93132 [3] NCCL INFO New proxy recv connection 43 from local rank 3, transport 0
nid005005:93050:93050 [3] NCCL INFO Connected to proxy localRank 3 -> connection 0x1528b8002848
nid005005:93044:93044 [0] NCCL INFO Channel 06/2 : 8[c1000] -> 14[d9000] via P2P/IPC comm 0x561b39d69c40 nRanks 16
nid005005:93044:93135 [0] NCCL INFO New proxy send connection 41 from local rank 0, transport 0
nid005005:93049:93133 [6] NCCL INFO New proxy recv connection 41 from local rank 6, transport 0
nid005005:93049:93049 [6] NCCL INFO Connected to proxy localRank 6 -> connection 0x152658002758
nid005005:93044:93044 [0] NCCL INFO Connected to proxy localRank 0 -> connection 0x14ac38002758
nid005001:57742:57827 [4] NCCL INFO New proxy recv connection 42 from local rank 4, transport 0
nid005001:57742:57742 [4] NCCL INFO Connected to proxy localRank 4 -> connection 0x14560c0027d0
nid005005:93046:93136 [4] NCCL INFO New proxy recv connection 43 from local rank 4, transport 0
nid005005:93051:93134 [7] NCCL INFO New proxy recv connection 41 from local rank 7, transport 0
nid005005:93051:93051 [7] NCCL INFO Connected to proxy localRank 7 -> connection 0x150328002758
nid005005:93046:93046 [4] NCCL INFO Connected to proxy localRank 4 -> connection 0x147d20002848
nid005001:57738:57738 [0] NCCL INFO Channel 11/2 : 0[c1000] -> 6[d9000] via P2P/IPC comm 0x5653fa136be0 nRanks 16
nid005001:57738:57834 [0] NCCL INFO New proxy send connection 42 from local rank 0, transport 0
nid005001:57738:57738 [0] NCCL INFO Connected to proxy localRank 0 -> connection 0x148ce80027d0
nid005001:57743:57826 [7] NCCL INFO New proxy recv connection 41 from local rank 7, transport 0
nid005001:57743:57743 [7] NCCL INFO Connected to proxy localRank 7 -> connection 0x14c1b0002758
nid005001:57739:57739 [2] NCCL INFO Channel 13/2 : 2[c9000] -> 3[ce000] via P2P/IPC comm 0x556bab7ca8d0 nRanks 16
nid005001:57741:57741 [1] NCCL INFO Channel 10/2 : 1[c6000] -> 3[ce000] via P2P/IPC comm 0x564286dbbca0 nRanks 16
nid005001:57741:57833 [1] NCCL INFO New proxy send connection 42 from local rank 1, transport 0
nid005001:57739:57830 [2] NCCL INFO New proxy send connection 38 from local rank 2, transport 0
nid005001:57739:57739 [2] NCCL INFO Connected to proxy localRank 2 -> connection 0x149b0c0025f0
nid005001:57741:57741 [1] NCCL INFO Connected to proxy localRank 1 -> connection 0x14ab1c0027d0
nid005005:93045:93045 [1] NCCL INFO Channel 11/2 : 9[c6000] -> 11[ce000] via P2P/IPC comm 0x5633a9c121c0 nRanks 16
nid005005:93045:93137 [1] NCCL INFO New proxy send connection 42 from local rank 1, transport 0
nid005005:93045:93045 [1] NCCL INFO Connected to proxy localRank 1 -> connection 0x14e6280027d0
nid005005:93048:93131 [5] NCCL INFO New proxy recv connection 43 from local rank 5, transport 0
nid005001:57744:57828 [6] NCCL INFO New proxy recv connection 41 from local rank 6, transport 0
nid005005:93048:93048 [5] NCCL INFO Connected to proxy localRank 5 -> connection 0x14c2f8002848
nid005001:57744:57744 [6] NCCL INFO Connected to proxy localRank 6 -> connection 0x14aaa8002758
nid005005:93049:93133 [6] NCCL INFO New proxy recv connection 42 from local rank 6, transport 0
nid005005:93049:93049 [6] NCCL INFO Connected to proxy localRank 6 -> connection 0x1526580027d0
nid005001:57745:57831 [5] NCCL INFO New proxy recv connection 43 from local rank 5, transport 0
nid005001:57745:57745 [5] NCCL INFO Connected to proxy localRank 5 -> connection 0x14b1e0002848
nid005005:93046:93046 [4] NCCL INFO Channel 01/2 : 12[d1000] -> 14[d9000] via P2P/IPC comm 0x5633435cdf70 nRanks 16
nid005005:93046:93136 [4] NCCL INFO New proxy send connection 44 from local rank 4, transport 0
nid005005:93046:93046 [4] NCCL INFO Connected to proxy localRank 4 -> connection 0x147d200028c0
nid005001:57742:57827 [4] NCCL INFO New proxy recv connection 43 from local rank 4, transport 0
nid005001:57742:57742 [4] NCCL INFO Connected to proxy localRank 4 -> connection 0x14560c002848
nid005005:93044:93044 [0] NCCL INFO Channel 10/2 : 8[c1000] -> 14[d9000] via P2P/IPC comm 0x561b39d69c40 nRanks 16
nid005005:93044:93135 [0] NCCL INFO New proxy send connection 42 from local rank 0, transport 0
nid005005:93044:93044 [0] NCCL INFO Connected to proxy localRank 0 -> connection 0x14ac380027d0
nid005001:57743:57826 [7] NCCL INFO New proxy recv connection 42 from local rank 7, transport 0
nid005001:57743:57743 [7] NCCL INFO Connected to proxy localRank 7 -> connection 0x14c1b00027d0
nid005005:93051:93134 [7] NCCL INFO New proxy recv connection 42 from local rank 7, transport 0
nid005005:93051:93051 [7] NCCL INFO Connected to proxy localRank 7 -> connection 0x1503280027d0
nid005001:57739:57739 [2] NCCL INFO Channel 15/2 : 2[c9000] -> 3[ce000] via P2P/IPC comm 0x556bab7ca8d0 nRanks 16
nid005005:93045:93045 [1] NCCL INFO Channel 15/2 : 9[c6000] -> 11[ce000] via P2P/IPC comm 0x5633a9c121c0 nRanks 16
nid005001:57739:57830 [2] NCCL INFO New proxy send connection 39 from local rank 2, transport 0
nid005001:57739:57739 [2] NCCL INFO Connected to proxy localRank 2 -> connection 0x149b0c002668
nid005005:93045:93137 [1] NCCL INFO New proxy send connection 43 from local rank 1, transport 0
nid005005:93045:93045 [1] NCCL INFO Connected to proxy localRank 1 -> connection 0x14e628002848
nid005001:57738:57738 [0] NCCL INFO Channel 15/2 : 0[c1000] -> 6[d9000] via P2P/IPC comm 0x5653fa136be0 nRanks 16
nid005001:57738:57834 [0] NCCL INFO New proxy send connection 43 from local rank 0, transport 0
nid005001:57738:57738 [0] NCCL INFO Connected to proxy localRank 0 -> connection 0x148ce8002848
nid005001:57741:57741 [1] NCCL INFO Channel 14/2 : 1[c6000] -> 3[ce000] via P2P/IPC comm 0x564286dbbca0 nRanks 16
nid005001:57741:57833 [1] NCCL INFO New proxy send connection 43 from local rank 1, transport 0
nid005001:57741:57741 [1] NCCL INFO Connected to proxy localRank 1 -> connection 0x14ab1c002848
nid005005:93049:93133 [6] NCCL INFO New proxy recv connection 43 from local rank 6, transport 0
nid005005:93049:93049 [6] NCCL INFO Connected to proxy localRank 6 -> connection 0x152658002848
nid005005:93046:93046 [4] NCCL INFO Channel 05/2 : 12[d1000] -> 14[d9000] via P2P/IPC comm 0x5633435cdf70 nRanks 16
nid005005:93046:93136 [4] NCCL INFO New proxy send connection 45 from local rank 4, transport 0
nid005005:93046:93046 [4] NCCL INFO Connected to proxy localRank 4 -> connection 0x147d20002938
nid005001:57742:57742 [4] NCCL INFO Channel 00/2 : 4[d1000] -> 6[d9000] via P2P/IPC comm 0x55649a5d5310 nRanks 16
nid005001:57742:57827 [4] NCCL INFO New proxy send connection 44 from local rank 4, transport 0
nid005001:57744:57828 [6] NCCL INFO New proxy recv connection 42 from local rank 6, transport 0
nid005001:57742:57742 [4] NCCL INFO Connected to proxy localRank 4 -> connection 0x14560c0028c0
nid005001:57744:57744 [6] NCCL INFO Connected to proxy localRank 6 -> connection 0x14aaa80027d0
nid005001:57743:57826 [7] NCCL INFO New proxy recv connection 43 from local rank 7, transport 0
nid005001:57743:57743 [7] NCCL INFO Connected to proxy localRank 7 -> connection 0x14c1b0002848
nid005005:93044:93044 [0] NCCL INFO Channel 14/2 : 8[c1000] -> 14[d9000] via P2P/IPC comm 0x561b39d69c40 nRanks 16
nid005005:93044:93135 [0] NCCL INFO New proxy send connection 43 from local rank 0, transport 0
nid005005:93044:93044 [0] NCCL INFO Connected to proxy localRank 0 -> connection 0x14ac38002848
nid005005:93050:93050 [3] NCCL INFO Channel 00/2 : 11[ce000] -> 15[de000] via P2P/IPC comm 0x55ee6d4ff060 nRanks 16
nid005005:93045:93045 [1] NCCL INFO Channel 01/2 : 9[c6000] -> 13[d6000] via P2P/IPC comm 0x5633a9c121c0 nRanks 16
nid005005:93045:93137 [1] NCCL INFO New proxy send connection 44 from local rank 1, transport 0
nid005005:93050:93132 [3] NCCL INFO New proxy send connection 44 from local rank 3, transport 0
nid005005:93050:93050 [3] NCCL INFO Connected to proxy localRank 3 -> connection 0x1528b80028c0
nid005005:93045:93045 [1] NCCL INFO Connected to proxy localRank 1 -> connection 0x14e6280028c0
nid005001:57739:57739 [2] NCCL INFO Channel 02/2 : 2[c9000] -> 4[d1000] via P2P/IPC comm 0x556bab7ca8d0 nRanks 16
nid005001:57740:57829 [3] NCCL INFO New proxy recv connection 40 from local rank 3, transport 0
nid005001:57740:57740 [3] NCCL INFO Connected to proxy localRank 3 -> connection 0x148ee00026e0
nid005001:57739:57830 [2] NCCL INFO New proxy send connection 40 from local rank 2, transport 0
nid005001:57739:57739 [2] NCCL INFO Connected to proxy localRank 2 -> connection 0x149b0c0026e0
nid005005:93051:93134 [7] NCCL INFO New proxy recv connection 43 from local rank 7, transport 0
nid005005:93051:93051 [7] NCCL INFO Connected to proxy localRank 7 -> connection 0x150328002848
nid005005:93046:93046 [4] NCCL INFO Channel 09/2 : 12[d1000] -> 14[d9000] via P2P/IPC comm 0x5633435cdf70 nRanks 16
nid005005:93046:93136 [4] NCCL INFO New proxy send connection 46 from local rank 4, transport 0
nid005005:93046:93046 [4] NCCL INFO Connected to proxy localRank 4 -> connection 0x147d200029b0
nid005001:57742:57742 [4] NCCL INFO Channel 04/2 : 4[d1000] -> 6[d9000] via P2P/IPC comm 0x55649a5d5310 nRanks 16
nid005001:57742:57827 [4] NCCL INFO New proxy send connection 45 from local rank 4, transport 0
nid005001:57742:57742 [4] NCCL INFO Connected to proxy localRank 4 -> connection 0x14560c002938
nid005005:93045:93045 [1] NCCL INFO Channel 05/2 : 9[c6000] -> 13[d6000] via P2P/IPC comm 0x5633a9c121c0 nRanks 16
nid005005:93045:93137 [1] NCCL INFO New proxy send connection 45 from local rank 1, transport 0
nid005005:93045:93045 [1] NCCL INFO Connected to proxy localRank 1 -> connection 0x14e628002938
nid005001:57744:57828 [6] NCCL INFO New proxy recv connection 43 from local rank 6, transport 0
nid005001:57744:57744 [6] NCCL INFO Connected to proxy localRank 6 -> connection 0x14aaa8002848
nid005001:57739:57739 [2] NCCL INFO Channel 06/2 : 2[c9000] -> 4[d1000] via P2P/IPC comm 0x556bab7ca8d0 nRanks 16
nid005001:57739:57830 [2] NCCL INFO New proxy send connection 41 from local rank 2, transport 0
nid005001:57739:57739 [2] NCCL INFO Connected to proxy localRank 2 -> connection 0x149b0c002758
nid005005:93050:93050 [3] NCCL INFO Channel 04/2 : 11[ce000] -> 15[de000] via P2P/IPC comm 0x55ee6d4ff060 nRanks 16
nid005005:93050:93132 [3] NCCL INFO New proxy send connection 45 from local rank 3, transport 0
nid005005:93050:93050 [3] NCCL INFO Connected to proxy localRank 3 -> connection 0x1528b8002938
nid005005:93046:93046 [4] NCCL INFO Channel 13/2 : 12[d1000] -> 14[d9000] via P2P/IPC comm 0x5633435cdf70 nRanks 16
nid005005:93046:93136 [4] NCCL INFO New proxy send connection 47 from local rank 4, transport 0
nid005005:93046:93046 [4] NCCL INFO Connected to proxy localRank 4 -> connection 0x147d20002a28
nid005001:57740:57829 [3] NCCL INFO New proxy recv connection 41 from local rank 3, transport 0
nid005001:57740:57740 [3] NCCL INFO Connected to proxy localRank 3 -> connection 0x148ee0002758
nid005001:57739:57739 [2] NCCL INFO Channel 10/2 : 2[c9000] -> 4[d1000] via P2P/IPC comm 0x556bab7ca8d0 nRanks 16
nid005001:57739:57830 [2] NCCL INFO New proxy send connection 42 from local rank 2, transport 0
nid005001:57739:57739 [2] NCCL INFO Connected to proxy localRank 2 -> connection 0x149b0c0027d0
nid005001:57742:57742 [4] NCCL INFO Channel 08/2 : 4[d1000] -> 6[d9000] via P2P/IPC comm 0x55649a5d5310 nRanks 16
nid005001:57742:57827 [4] NCCL INFO New proxy send connection 46 from local rank 4, transport 0
nid005001:57742:57742 [4] NCCL INFO Connected to proxy localRank 4 -> connection 0x14560c0029b0
nid005005:93045:93045 [1] NCCL INFO Channel 09/2 : 9[c6000] -> 13[d6000] via P2P/IPC comm 0x5633a9c121c0 nRanks 16
nid005005:93045:93137 [1] NCCL INFO New proxy send connection 46 from local rank 1, transport 0
nid005005:93045:93045 [1] NCCL INFO Connected to proxy localRank 1 -> connection 0x14e6280029b0
nid005005:93050:93050 [3] NCCL INFO Channel 08/2 : 11[ce000] -> 15[de000] via P2P/IPC comm 0x55ee6d4ff060 nRanks 16
nid005005:93050:93132 [3] NCCL INFO New proxy send connection 46 from local rank 3, transport 0
nid005005:93050:93050 [3] NCCL INFO Connected to proxy localRank 3 -> connection 0x1528b80029b0
nid005005:93047:93047 [2] NCCL INFO GPU Direct RDMA Enabled for GPU c9000 / HCA 1 (distance 6 <= 6), read 0
nid005005:93047:93130 [2] NCCL INFO New proxy recv connection 44 from local rank 2, transport 2
nid005005:93047:93047 [2] NCCL INFO Connected to proxy localRank 2 -> connection 0x14e97c0028c0
nid005005:93047:93047 [2] NCCL INFO Channel 00/2 : 2[c9000] -> 10[c9000] [receive] via NET/Libfabric/1/GDRDMA comm 0x55aab634aaf0 nRanks 16
nid005005:93047:93047 [2] NCCL INFO GPU Direct RDMA Enabled for GPU c9000 / HCA 1 (distance 6 <= 6), read 0
nid005005:93049:93133 [6] NCCL INFO New proxy recv connection 44 from local rank 6, transport 0
nid005005:93049:93049 [6] NCCL INFO Connected to proxy localRank 6 -> connection 0x1526580028c0
nid005005:93047:93130 [2] NCCL INFO New proxy recv connection 45 from local rank 2, transport 2
nid005005:93047:93047 [2] NCCL INFO Connected to proxy localRank 2 -> connection 0x14e97c002938
nid005005:93046:93136 [4] NCCL INFO New proxy recv connection 48 from local rank 4, transport 0
nid005005:93046:93046 [4] NCCL INFO Connected to proxy localRank 4 -> connection 0x147d20002aa0
nid005005:93047:93047 [2] NCCL INFO Channel 04/2 : 2[c9000] -> 10[c9000] [receive] via NET/Libfabric/1/GDRDMA comm 0x55aab634aaf0 nRanks 16
nid005005:93047:93047 [2] NCCL INFO GPU Direct RDMA Enabled for GPU c9000 / HCA 1 (distance 6 <= 6), read 0
nid005005:93047:93130 [2] NCCL INFO New proxy recv connection 46 from local rank 2, transport 2
nid005005:93047:93047 [2] NCCL INFO Connected to proxy localRank 2 -> connection 0x14e97c0029b0
nid005005:93047:93047 [2] NCCL INFO Channel 08/2 : 2[c9000] -> 10[c9000] [receive] via NET/Libfabric/1/GDRDMA comm 0x55aab634aaf0 nRanks 16
nid005005:93047:93047 [2] NCCL INFO GPU Direct RDMA Enabled for GPU c9000 / HCA 1 (distance 6 <= 6), read 0
nid005005:93047:93130 [2] NCCL INFO New proxy recv connection 47 from local rank 2, transport 2
nid005005:93047:93047 [2] NCCL INFO Connected to proxy localRank 2 -> connection 0x14e97c002a28
nid005005:93047:93047 [2] NCCL INFO Channel 12/2 : 2[c9000] -> 10[c9000] [receive] via NET/Libfabric/1/GDRDMA comm 0x55aab634aaf0 nRanks 16
nid005005:93047:93047 [2] NCCL INFO GPU Direct RDMA Enabled for GPU c9000 / HCA 1 (distance 6 <= 6), read 1
nid005005:93047:93130 [2] NCCL INFO New proxy send connection 48 from local rank 2, transport 2
nid005005:93047:93047 [2] NCCL INFO Connected to proxy localRank 2 -> connection 0x14e97c002aa0
nid005005:93047:93047 [2] NCCL INFO Channel 01/2 : 10[c9000] -> 2[c9000] [send] via NET/Libfabric/1/GDRDMA comm 0x55aab634aaf0 nRanks 16
nid005005:93047:93047 [2] NCCL INFO GPU Direct RDMA Enabled for GPU c9000 / HCA 1 (distance 6 <= 6), read 1
nid005005:93047:93130 [2] NCCL INFO New proxy send connection 49 from local rank 2, transport 2
nid005005:93047:93047 [2] NCCL INFO Connected to proxy localRank 2 -> connection 0x14e97c002b18
nid005005:93047:93047 [2] NCCL INFO Channel 05/2 : 10[c9000] -> 2[c9000] [send] via NET/Libfabric/1/GDRDMA comm 0x55aab634aaf0 nRanks 16
nid005005:93047:93047 [2] NCCL INFO GPU Direct RDMA Enabled for GPU c9000 / HCA 1 (distance 6 <= 6), read 1
nid005005:93047:93130 [2] NCCL INFO New proxy send connection 50 from local rank 2, transport 2
nid005005:93047:93047 [2] NCCL INFO Connected to proxy localRank 2 -> connection 0x14e97c002b90
nid005005:93047:93047 [2] NCCL INFO Channel 09/2 : 10[c9000] -> 2[c9000] [send] via NET/Libfabric/1/GDRDMA comm 0x55aab634aaf0 nRanks 16
nid005005:93047:93047 [2] NCCL INFO GPU Direct RDMA Enabled for GPU c9000 / HCA 1 (distance 6 <= 6), read 1
nid005005:93047:93130 [2] NCCL INFO New proxy send connection 51 from local rank 2, transport 2
nid005005:93047:93047 [2] NCCL INFO Connected to proxy localRank 2 -> connection 0x14e97c002c08
nid005005:93047:93047 [2] NCCL INFO Channel 13/2 : 10[c9000] -> 2[c9000] [send] via NET/Libfabric/1/GDRDMA comm 0x55aab634aaf0 nRanks 16
nid005001:57740:57829 [3] NCCL INFO New proxy recv connection 42 from local rank 3, transport 0
nid005001:57740:57740 [3] NCCL INFO Connected to proxy localRank 3 -> connection 0x148ee00027d0
nid005001:57739:57739 [2] NCCL INFO Channel 14/2 : 2[c9000] -> 4[d1000] via P2P/IPC comm 0x556bab7ca8d0 nRanks 16
nid005001:57739:57830 [2] NCCL INFO New proxy send connection 43 from local rank 2, transport 0
nid005001:57739:57739 [2] NCCL INFO Connected to proxy localRank 2 -> connection 0x149b0c002848
nid005005:93045:93045 [1] NCCL INFO Channel 13/2 : 9[c6000] -> 13[d6000] via P2P/IPC comm 0x5633a9c121c0 nRanks 16
nid005005:93045:93137 [1] NCCL INFO New proxy send connection 47 from local rank 1, transport 0
nid005005:93045:93045 [1] NCCL INFO Connected to proxy localRank 1 -> connection 0x14e628002a28
nid005005:93046:93136 [4] NCCL INFO New proxy recv connection 49 from local rank 4, transport 0
nid005005:93050:93050 [3] NCCL INFO Channel 12/2 : 11[ce000] -> 15[de000] via P2P/IPC comm 0x55ee6d4ff060 nRanks 16
nid005005:93046:93046 [4] NCCL INFO Connected to proxy localRank 4 -> connection 0x147d20002b18
nid005005:93050:93132 [3] NCCL INFO New proxy send connection 47 from local rank 3, transport 0
nid005005:93050:93050 [3] NCCL INFO Connected to proxy localRank 3 -> connection 0x1528b8002a28
nid005001:57742:57742 [4] NCCL INFO Channel 12/2 : 4[d1000] -> 6[d9000] via P2P/IPC comm 0x55649a5d5310 nRanks 16
nid005001:57742:57827 [4] NCCL INFO New proxy send connection 47 from local rank 4, transport 0
nid005001:57742:57742 [4] NCCL INFO Connected to proxy localRank 4 -> connection 0x14560c002a28
nid005005:93049:93133 [6] NCCL INFO New proxy recv connection 45 from local rank 6, transport 0
nid005005:93049:93049 [6] NCCL INFO Connected to proxy localRank 6 -> connection 0x152658002938
nid005001:57740:57829 [3] NCCL INFO New proxy recv connection 43 from local rank 3, transport 0
nid005001:57740:57740 [3] NCCL INFO Connected to proxy localRank 3 -> connection 0x148ee0002848
nid005005:93046:93136 [4] NCCL INFO New proxy recv connection 50 from local rank 4, transport 0
nid005005:93046:93046 [4] NCCL INFO Connected to proxy localRank 4 -> connection 0x147d20002b90
nid005005:93048:93048 [5] NCCL INFO GPU Direct RDMA Enabled for GPU d6000 / HCA 2 (distance 6 <= 6), read 0
nid005005:93048:93131 [5] NCCL INFO New proxy recv connection 44 from local rank 5, transport 2
nid005005:93045:93137 [1] NCCL INFO New proxy recv connection 48 from local rank 1, transport 0
nid005005:93045:93045 [1] NCCL INFO Connected to proxy localRank 1 -> connection 0x14e628002aa0
nid005005:93048:93048 [5] NCCL INFO Connected to proxy localRank 5 -> connection 0x14c2f80028c0
nid005005:93048:93048 [5] NCCL INFO Channel 02/2 : 5[d6000] -> 13[d6000] [receive] via NET/Libfabric/2/GDRDMA comm 0x56205b7ca300 nRanks 16
nid005005:93048:93048 [5] NCCL INFO GPU Direct RDMA Enabled for GPU d6000 / HCA 2 (distance 6 <= 6), read 0
nid005005:93048:93131 [5] NCCL INFO New proxy recv connection 45 from local rank 5, transport 2
nid005005:93048:93048 [5] NCCL INFO Connected to proxy localRank 5 -> connection 0x14c2f8002938
nid005005:93048:93048 [5] NCCL INFO Channel 06/2 : 5[d6000] -> 13[d6000] [receive] via NET/Libfabric/2/GDRDMA comm 0x56205b7ca300 nRanks 16
nid005005:93048:93048 [5] NCCL INFO GPU Direct RDMA Enabled for GPU d6000 / HCA 2 (distance 6 <= 6), read 0
nid005005:93051:93051 [7] NCCL INFO GPU Direct RDMA Enabled for GPU de000 / HCA 3 (distance 6 <= 6), read 0
nid005005:93051:93134 [7] NCCL INFO New proxy recv connection 44 from local rank 7, transport 2
nid005005:93048:93131 [5] NCCL INFO New proxy recv connection 46 from local rank 5, transport 2
nid005005:93051:93051 [7] NCCL INFO Connected to proxy localRank 7 -> connection 0x1503280028c0
nid005005:93050:93132 [3] NCCL INFO New proxy recv connection 48 from local rank 3, transport 0
nid005005:93050:93050 [3] NCCL INFO Connected to proxy localRank 3 -> connection 0x1528b8002aa0
nid005005:93048:93048 [5] NCCL INFO Connected to proxy localRank 5 -> connection 0x14c2f80029b0
nid005005:93048:93048 [5] NCCL INFO Channel 10/2 : 5[d6000] -> 13[d6000] [receive] via NET/Libfabric/2/GDRDMA comm 0x56205b7ca300 nRanks 16
nid005005:93048:93048 [5] NCCL INFO GPU Direct RDMA Enabled for GPU d6000 / HCA 2 (distance 6 <= 6), read 0
nid005005:93051:93051 [7] NCCL INFO Channel 03/2 : 7[de000] -> 15[de000] [receive] via NET/Libfabric/3/GDRDMA comm 0x556dd7d0a120 nRanks 16
nid005005:93051:93051 [7] NCCL INFO GPU Direct RDMA Enabled for GPU de000 / HCA 3 (distance 6 <= 6), read 0
nid005005:93048:93131 [5] NCCL INFO New proxy recv connection 47 from local rank 5, transport 2
nid005005:93051:93134 [7] NCCL INFO New proxy recv connection 45 from local rank 7, transport 2
nid005005:93048:93048 [5] NCCL INFO Connected to proxy localRank 5 -> connection 0x14c2f8002a28
nid005005:93051:93051 [7] NCCL INFO Connected to proxy localRank 7 -> connection 0x150328002938
nid005005:93048:93048 [5] NCCL INFO Channel 14/2 : 5[d6000] -> 13[d6000] [receive] via NET/Libfabric/2/GDRDMA comm 0x56205b7ca300 nRanks 16
nid005005:93048:93048 [5] NCCL INFO GPU Direct RDMA Enabled for GPU d6000 / HCA 2 (distance 6 <= 6), read 1
nid005005:93048:93131 [5] NCCL INFO New proxy send connection 48 from local rank 5, transport 2
nid005005:93051:93051 [7] NCCL INFO Channel 07/2 : 7[de000] -> 15[de000] [receive] via NET/Libfabric/3/GDRDMA comm 0x556dd7d0a120 nRanks 16
nid005005:93051:93051 [7] NCCL INFO GPU Direct RDMA Enabled for GPU de000 / HCA 3 (distance 6 <= 6), read 0
nid005005:93051:93134 [7] NCCL INFO New proxy recv connection 46 from local rank 7, transport 2
nid005005:93051:93051 [7] NCCL INFO Connected to proxy localRank 7 -> connection 0x1503280029b0
nid005005:93048:93048 [5] NCCL INFO Connected to proxy localRank 5 -> connection 0x14c2f8002aa0
nid005005:93049:93133 [6] NCCL INFO New proxy recv connection 46 from local rank 6, transport 0
nid005005:93049:93049 [6] NCCL INFO Connected to proxy localRank 6 -> connection 0x1526580029b0
nid005005:93048:93048 [5] NCCL INFO Channel 03/2 : 13[d6000] -> 5[d6000] [send] via NET/Libfabric/2/GDRDMA comm 0x56205b7ca300 nRanks 16
nid005005:93048:93048 [5] NCCL INFO GPU Direct RDMA Enabled for GPU d6000 / HCA 2 (distance 6 <= 6), read 1
nid005005:93051:93051 [7] NCCL INFO Channel 11/2 : 7[de000] -> 15[de000] [receive] via NET/Libfabric/3/GDRDMA comm 0x556dd7d0a120 nRanks 16
nid005005:93051:93051 [7] NCCL INFO GPU Direct RDMA Enabled for GPU de000 / HCA 3 (distance 6 <= 6), read 0
nid005005:93051:93134 [7] NCCL INFO New proxy recv connection 47 from local rank 7, transport 2
nid005005:93051:93051 [7] NCCL INFO Connected to proxy localRank 7 -> connection 0x150328002a28
nid005005:93048:93131 [5] NCCL INFO New proxy send connection 49 from local rank 5, transport 2
nid005005:93048:93048 [5] NCCL INFO Connected to proxy localRank 5 -> connection 0x14c2f8002b18
nid005005:93051:93051 [7] NCCL INFO Channel 15/2 : 7[de000] -> 15[de000] [receive] via NET/Libfabric/3/GDRDMA comm 0x556dd7d0a120 nRanks 16
nid005005:93051:93051 [7] NCCL INFO GPU Direct RDMA Enabled for GPU de000 / HCA 3 (distance 6 <= 6), read 1
nid005005:93048:93048 [5] NCCL INFO Channel 07/2 : 13[d6000] -> 5[d6000] [send] via NET/Libfabric/2/GDRDMA comm 0x56205b7ca300 nRanks 16
nid005005:93048:93048 [5] NCCL INFO GPU Direct RDMA Enabled for GPU d6000 / HCA 2 (distance 6 <= 6), read 1
nid005005:93051:93134 [7] NCCL INFO New proxy send connection 48 from local rank 7, transport 2
nid005005:93048:93131 [5] NCCL INFO New proxy send connection 50 from local rank 5, transport 2
nid005005:93051:93051 [7] NCCL INFO Connected to proxy localRank 7 -> connection 0x150328002aa0
nid005005:93048:93048 [5] NCCL INFO Connected to proxy localRank 5 -> connection 0x14c2f8002b90
nid005005:93051:93051 [7] NCCL INFO Channel 02/2 : 15[de000] -> 7[de000] [send] via NET/Libfabric/3/GDRDMA comm 0x556dd7d0a120 nRanks 16
nid005005:93051:93051 [7] NCCL INFO GPU Direct RDMA Enabled for GPU de000 / HCA 3 (distance 6 <= 6), read 1
nid005005:93048:93048 [5] NCCL INFO Channel 11/2 : 13[d6000] -> 5[d6000] [send] via NET/Libfabric/2/GDRDMA comm 0x56205b7ca300 nRanks 16
nid005005:93048:93048 [5] NCCL INFO GPU Direct RDMA Enabled for GPU d6000 / HCA 2 (distance 6 <= 6), read 1
nid005005:93051:93134 [7] NCCL INFO New proxy send connection 49 from local rank 7, transport 2
nid005005:93051:93051 [7] NCCL INFO Connected to proxy localRank 7 -> connection 0x150328002b18
nid005005:93048:93131 [5] NCCL INFO New proxy send connection 51 from local rank 5, transport 2
nid005001:57739:57739 [2] NCCL INFO GPU Direct RDMA Enabled for GPU c9000 / HCA 1 (distance 6 <= 6), read 0
nid005001:57739:57830 [2] NCCL INFO New proxy recv connection 44 from local rank 2, transport 2
nid005001:57739:57739 [2] NCCL INFO Connected to proxy localRank 2 -> connection 0x149b0c0028c0
nid005005:93048:93048 [5] NCCL INFO Connected to proxy localRank 5 -> connection 0x14c2f8002c08
nid005005:93051:93051 [7] NCCL INFO Channel 06/2 : 15[de000] -> 7[de000] [send] via NET/Libfabric/3/GDRDMA comm 0x556dd7d0a120 nRanks 16
nid005005:93051:93051 [7] NCCL INFO GPU Direct RDMA Enabled for GPU de000 / HCA 3 (distance 6 <= 6), read 1
nid005005:93051:93134 [7] NCCL INFO New proxy send connection 50 from local rank 7, transport 2
nid005001:57744:57828 [6] NCCL INFO New proxy recv connection 44 from local rank 6, transport 0
nid005005:93048:93048 [5] NCCL INFO Channel 15/2 : 13[d6000] -> 5[d6000] [send] via NET/Libfabric/2/GDRDMA comm 0x56205b7ca300 nRanks 16
nid005005:93051:93051 [7] NCCL INFO Connected to proxy localRank 7 -> connection 0x150328002b90
nid005001:57739:57739 [2] NCCL INFO Channel 01/2 : 10[c9000] -> 2[c9000] [receive] via NET/Libfabric/1/GDRDMA comm 0x556bab7ca8d0 nRanks 16
nid005001:57739:57739 [2] NCCL INFO GPU Direct RDMA Enabled for GPU c9000 / HCA 1 (distance 6 <= 6), read 0
nid005005:93051:93051 [7] NCCL INFO Channel 10/2 : 15[de000] -> 7[de000] [send] via NET/Libfabric/3/GDRDMA comm 0x556dd7d0a120 nRanks 16
nid005005:93051:93051 [7] NCCL INFO GPU Direct RDMA Enabled for GPU de000 / HCA 3 (distance 6 <= 6), read 1
nid005005:93051:93134 [7] NCCL INFO New proxy send connection 51 from local rank 7, transport 2
nid005005:93051:93051 [7] NCCL INFO Connected to proxy localRank 7 -> connection 0x150328002c08
nid005005:93051:93051 [7] NCCL INFO Channel 14/2 : 15[de000] -> 7[de000] [send] via NET/Libfabric/3/GDRDMA comm 0x556dd7d0a120 nRanks 16
nid005001:57744:57744 [6] NCCL INFO Connected to proxy localRank 6 -> connection 0x14aaa80028c0
nid005001:57742:57827 [4] NCCL INFO New proxy recv connection 48 from local rank 4, transport 0
nid005001:57739:57830 [2] NCCL INFO New proxy recv connection 45 from local rank 2, transport 2
nid005001:57739:57739 [2] NCCL INFO Connected to proxy localRank 2 -> connection 0x149b0c002938
nid005001:57742:57742 [4] NCCL INFO Connected to proxy localRank 4 -> connection 0x14560c002aa0
nid005001:57739:57739 [2] NCCL INFO Channel 05/2 : 10[c9000] -> 2[c9000] [receive] via NET/Libfabric/1/GDRDMA comm 0x556bab7ca8d0 nRanks 16
nid005001:57739:57739 [2] NCCL INFO GPU Direct RDMA Enabled for GPU c9000 / HCA 1 (distance 6 <= 6), read 0
nid005001:57739:57830 [2] NCCL INFO New proxy recv connection 46 from local rank 2, transport 2
nid005001:57739:57739 [2] NCCL INFO Connected to proxy localRank 2 -> connection 0x149b0c0029b0
nid005001:57739:57739 [2] NCCL INFO Channel 09/2 : 10[c9000] -> 2[c9000] [receive] via NET/Libfabric/1/GDRDMA comm 0x556bab7ca8d0 nRanks 16
nid005001:57739:57739 [2] NCCL INFO GPU Direct RDMA Enabled for GPU c9000 / HCA 1 (distance 6 <= 6), read 0
nid005001:57739:57830 [2] NCCL INFO New proxy recv connection 47 from local rank 2, transport 2
nid005001:57739:57739 [2] NCCL INFO Connected to proxy localRank 2 -> connection 0x149b0c002a28
nid005001:57739:57739 [2] NCCL INFO Channel 13/2 : 10[c9000] -> 2[c9000] [receive] via NET/Libfabric/1/GDRDMA comm 0x556bab7ca8d0 nRanks 16
nid005001:57739:57739 [2] NCCL INFO GPU Direct RDMA Enabled for GPU c9000 / HCA 1 (distance 6 <= 6), read 1
nid005001:57739:57830 [2] NCCL INFO New proxy send connection 48 from local rank 2, transport 2
nid005001:57739:57739 [2] NCCL INFO Connected to proxy localRank 2 -> connection 0x149b0c002aa0
nid005001:57739:57739 [2] NCCL INFO Channel 00/2 : 2[c9000] -> 10[c9000] [send] via NET/Libfabric/1/GDRDMA comm 0x556bab7ca8d0 nRanks 16
nid005001:57739:57739 [2] NCCL INFO GPU Direct RDMA Enabled for GPU c9000 / HCA 1 (distance 6 <= 6), read 1
nid005001:57739:57830 [2] NCCL INFO New proxy send connection 49 from local rank 2, transport 2
nid005001:57739:57739 [2] NCCL INFO Connected to proxy localRank 2 -> connection 0x149b0c002b18
nid005001:57739:57739 [2] NCCL INFO Channel 04/2 : 2[c9000] -> 10[c9000] [send] via NET/Libfabric/1/GDRDMA comm 0x556bab7ca8d0 nRanks 16
nid005001:57739:57739 [2] NCCL INFO GPU Direct RDMA Enabled for GPU c9000 / HCA 1 (distance 6 <= 6), read 1
nid005001:57739:57830 [2] NCCL INFO New proxy send connection 50 from local rank 2, transport 2
nid005001:57739:57739 [2] NCCL INFO Connected to proxy localRank 2 -> connection 0x149b0c002b90
nid005001:57739:57739 [2] NCCL INFO Channel 08/2 : 2[c9000] -> 10[c9000] [send] via NET/Libfabric/1/GDRDMA comm 0x556bab7ca8d0 nRanks 16
nid005001:57739:57739 [2] NCCL INFO GPU Direct RDMA Enabled for GPU c9000 / HCA 1 (distance 6 <= 6), read 1
nid005001:57739:57830 [2] NCCL INFO New proxy send connection 51 from local rank 2, transport 2
nid005001:57739:57739 [2] NCCL INFO Connected to proxy localRank 2 -> connection 0x149b0c002c08
nid005001:57739:57739 [2] NCCL INFO Channel 12/2 : 2[c9000] -> 10[c9000] [send] via NET/Libfabric/1/GDRDMA comm 0x556bab7ca8d0 nRanks 16
nid005001:57741:57741 [1] NCCL INFO Channel 00/2 : 1[c6000] -> 5[d6000] via P2P/IPC comm 0x564286dbbca0 nRanks 16
nid005001:57741:57833 [1] NCCL INFO New proxy send connection 44 from local rank 1, transport 0
nid005001:57740:57740 [3] NCCL INFO Channel 01/2 : 3[ce000] -> 7[de000] via P2P/IPC comm 0x55be917ada50 nRanks 16
nid005001:57741:57741 [1] NCCL INFO Connected to proxy localRank 1 -> connection 0x14ab1c0028c0
nid005001:57740:57829 [3] NCCL INFO New proxy send connection 44 from local rank 3, transport 0
nid005001:57739:57830 [2] NCCL INFO New proxy recv connection 52 from local rank 2, transport 0
nid005001:57740:57740 [3] NCCL INFO Connected to proxy localRank 3 -> connection 0x148ee00028c0
nid005005:93046:93136 [4] NCCL INFO New proxy recv connection 51 from local rank 4, transport 0
nid005005:93046:93046 [4] NCCL INFO Connected to proxy localRank 4 -> connection 0x147d20002c08
nid005001:57739:57739 [2] NCCL INFO Connected to proxy localRank 2 -> connection 0x149b0c002c80
nid005005:93047:93130 [2] NCCL INFO New proxy recv connection 52 from local rank 2, transport 0
nid005005:93047:93047 [2] NCCL INFO Connected to proxy localRank 2 -> connection 0x14e97c002c80
nid005005:93045:93137 [1] NCCL INFO New proxy recv connection 49 from local rank 1, transport 0
nid005005:93045:93045 [1] NCCL INFO Connected to proxy localRank 1 -> connection 0x14e628002b18
nid005005:93050:93132 [3] NCCL INFO New proxy recv connection 49 from local rank 3, transport 0
nid005005:93050:93050 [3] NCCL INFO Connected to proxy localRank 3 -> connection 0x1528b8002b18
nid005005:93049:93133 [6] NCCL INFO New proxy recv connection 47 from local rank 6, transport 0
nid005005:93049:93049 [6] NCCL INFO Connected to proxy localRank 6 -> connection 0x152658002a28
nid005001:57742:57827 [4] NCCL INFO New proxy recv connection 49 from local rank 4, transport 0
nid005001:57742:57742 [4] NCCL INFO Connected to proxy localRank 4 -> connection 0x14560c002b18
nid005001:57739:57830 [2] NCCL INFO New proxy recv connection 53 from local rank 2, transport 0
nid005001:57739:57739 [2] NCCL INFO Connected to proxy localRank 2 -> connection 0x149b0c002cf8
nid005005:93046:93046 [4] NCCL INFO Channel 02/2 : 12[d1000] -> 10[c9000] via P2P/IPC comm 0x5633435cdf70 nRanks 16
nid005005:93046:93136 [4] NCCL INFO New proxy send connection 52 from local rank 4, transport 0
nid005001:57744:57828 [6] NCCL INFO New proxy recv connection 45 from local rank 6, transport 0
nid005001:57744:57744 [6] NCCL INFO Connected to proxy localRank 6 -> connection 0x14aaa8002938
nid005005:93046:93046 [4] NCCL INFO Connected to proxy localRank 4 -> connection 0x147d20002c80
nid005005:93047:93130 [2] NCCL INFO New proxy recv connection 53 from local rank 2, transport 0
nid005005:93047:93047 [2] NCCL INFO Connected to proxy localRank 2 -> connection 0x14e97c002cf8
nid005005:93045:93137 [1] NCCL INFO New proxy recv connection 50 from local rank 1, transport 0
nid005005:93045:93045 [1] NCCL INFO Connected to proxy localRank 1 -> connection 0x14e628002b90
nid005001:57740:57740 [3] NCCL INFO Channel 05/2 : 3[ce000] -> 7[de000] via P2P/IPC comm 0x55be917ada50 nRanks 16
nid005001:57740:57829 [3] NCCL INFO New proxy send connection 45 from local rank 3, transport 0
nid005001:57740:57740 [3] NCCL INFO Connected to proxy localRank 3 -> connection 0x148ee0002938
nid005001:57741:57741 [1] NCCL INFO Channel 04/2 : 1[c6000] -> 5[d6000] via P2P/IPC comm 0x564286dbbca0 nRanks 16
nid005001:57741:57833 [1] NCCL INFO New proxy send connection 45 from local rank 1, transport 0
nid005001:57741:57741 [1] NCCL INFO Connected to proxy localRank 1 -> connection 0x14ab1c002938
nid005005:93050:93132 [3] NCCL INFO New proxy recv connection 50 from local rank 3, transport 0
nid005005:93050:93050 [3] NCCL INFO Connected to proxy localRank 3 -> connection 0x1528b8002b90
nid005005:93044:93044 [0] NCCL INFO GPU Direct RDMA Enabled for GPU c1000 / HCA 0 (distance 6 <= 6), read 0
nid005005:93044:93135 [0] NCCL INFO New proxy recv connection 44 from local rank 0, transport 2
nid005005:93049:93049 [6] NCCL INFO Channel 03/2 : 14[d9000] -> 8[c1000] via P2P/IPC comm 0x55eadb0915e0 nRanks 16
nid005005:93044:93044 [0] NCCL INFO Connected to proxy localRank 0 -> connection 0x14ac380028c0
nid005005:93049:93133 [6] NCCL INFO New proxy send connection 48 from local rank 6, transport 0
nid005005:93049:93049 [6] NCCL INFO Connected to proxy localRank 6 -> connection 0x152658002aa0
nid005005:93044:93044 [0] NCCL INFO Channel 01/2 : 0[c1000] -> 8[c1000] [receive] via NET/Libfabric/0/GDRDMA comm 0x561b39d69c40 nRanks 16
nid005005:93044:93044 [0] NCCL INFO GPU Direct RDMA Enabled for GPU c1000 / HCA 0 (distance 6 <= 6), read 0
nid005005:93044:93135 [0] NCCL INFO New proxy recv connection 45 from local rank 0, transport 2
nid005005:93044:93044 [0] NCCL INFO Connected to proxy localRank 0 -> connection 0x14ac38002938
nid005005:93044:93044 [0] NCCL INFO Channel 05/2 : 0[c1000] -> 8[c1000] [receive] via NET/Libfabric/0/GDRDMA comm 0x561b39d69c40 nRanks 16
nid005005:93044:93044 [0] NCCL INFO GPU Direct RDMA Enabled for GPU c1000 / HCA 0 (distance 6 <= 6), read 0
nid005005:93044:93135 [0] NCCL INFO New proxy recv connection 46 from local rank 0, transport 2
nid005005:93044:93044 [0] NCCL INFO Connected to proxy localRank 0 -> connection 0x14ac380029b0
nid005005:93044:93044 [0] NCCL INFO Channel 09/2 : 0[c1000] -> 8[c1000] [receive] via NET/Libfabric/0/GDRDMA comm 0x561b39d69c40 nRanks 16
nid005005:93044:93044 [0] NCCL INFO GPU Direct RDMA Enabled for GPU c1000 / HCA 0 (distance 6 <= 6), read 0
nid005005:93044:93135 [0] NCCL INFO New proxy recv connection 47 from local rank 0, transport 2
nid005005:93044:93044 [0] NCCL INFO Connected to proxy localRank 0 -> connection 0x14ac38002a28
nid005005:93044:93044 [0] NCCL INFO Channel 13/2 : 0[c1000] -> 8[c1000] [receive] via NET/Libfabric/0/GDRDMA comm 0x561b39d69c40 nRanks 16
nid005005:93044:93044 [0] NCCL INFO GPU Direct RDMA Enabled for GPU c1000 / HCA 0 (distance 6 <= 6), read 1
nid005005:93044:93135 [0] NCCL INFO New proxy send connection 48 from local rank 0, transport 2
nid005005:93044:93044 [0] NCCL INFO Connected to proxy localRank 0 -> connection 0x14ac38002aa0
nid005005:93044:93044 [0] NCCL INFO Channel 00/2 : 8[c1000] -> 0[c1000] [send] via NET/Libfabric/0/GDRDMA comm 0x561b39d69c40 nRanks 16
nid005005:93044:93044 [0] NCCL INFO GPU Direct RDMA Enabled for GPU c1000 / HCA 0 (distance 6 <= 6), read 1
nid005005:93044:93135 [0] NCCL INFO New proxy send connection 49 from local rank 0, transport 2
nid005005:93044:93044 [0] NCCL INFO Connected to proxy localRank 0 -> connection 0x14ac38002b18
nid005005:93044:93044 [0] NCCL INFO Channel 04/2 : 8[c1000] -> 0[c1000] [send] via NET/Libfabric/0/GDRDMA comm 0x561b39d69c40 nRanks 16
nid005005:93044:93044 [0] NCCL INFO GPU Direct RDMA Enabled for GPU c1000 / HCA 0 (distance 6 <= 6), read 1
nid005005:93044:93135 [0] NCCL INFO New proxy send connection 50 from local rank 0, transport 2
nid005005:93044:93044 [0] NCCL INFO Connected to proxy localRank 0 -> connection 0x14ac38002b90
nid005005:93044:93044 [0] NCCL INFO Channel 08/2 : 8[c1000] -> 0[c1000] [send] via NET/Libfabric/0/GDRDMA comm 0x561b39d69c40 nRanks 16
nid005005:93044:93044 [0] NCCL INFO GPU Direct RDMA Enabled for GPU c1000 / HCA 0 (distance 6 <= 6), read 1
nid005005:93044:93135 [0] NCCL INFO New proxy send connection 51 from local rank 0, transport 2
nid005005:93044:93044 [0] NCCL INFO Connected to proxy localRank 0 -> connection 0x14ac38002c08
nid005005:93044:93044 [0] NCCL INFO Channel 12/2 : 8[c1000] -> 0[c1000] [send] via NET/Libfabric/0/GDRDMA comm 0x561b39d69c40 nRanks 16
nid005001:57739:57830 [2] NCCL INFO New proxy recv connection 54 from local rank 2, transport 0
nid005001:57739:57739 [2] NCCL INFO Connected to proxy localRank 2 -> connection 0x149b0c002d70
nid005005:93046:93046 [4] NCCL INFO Channel 06/2 : 12[d1000] -> 10[c9000] via P2P/IPC comm 0x5633435cdf70 nRanks 16
nid005005:93046:93136 [4] NCCL INFO New proxy send connection 53 from local rank 4, transport 0
nid005005:93046:93046 [4] NCCL INFO Connected to proxy localRank 4 -> connection 0x147d20002cf8
nid005001:57742:57827 [4] NCCL INFO New proxy recv connection 50 from local rank 4, transport 0
nid005001:57742:57742 [4] NCCL INFO Connected to proxy localRank 4 -> connection 0x14560c002b90
nid005005:93045:93137 [1] NCCL INFO New proxy recv connection 51 from local rank 1, transport 0
nid005005:93045:93045 [1] NCCL INFO Connected to proxy localRank 1 -> connection 0x14e628002c08
nid005005:93047:93130 [2] NCCL INFO New proxy recv connection 54 from local rank 2, transport 0
nid005005:93047:93047 [2] NCCL INFO Connected to proxy localRank 2 -> connection 0x14e97c002d70
nid005005:93050:93132 [3] NCCL INFO New proxy recv connection 51 from local rank 3, transport 0
nid005005:93050:93050 [3] NCCL INFO Connected to proxy localRank 3 -> connection 0x1528b8002c08
nid005001:57744:57828 [6] NCCL INFO New proxy recv connection 46 from local rank 6, transport 0
nid005001:57744:57744 [6] NCCL INFO Connected to proxy localRank 6 -> connection 0x14aaa80029b0
nid005001:57740:57740 [3] NCCL INFO Channel 09/2 : 3[ce000] -> 7[de000] via P2P/IPC comm 0x55be917ada50 nRanks 16
nid005001:57740:57829 [3] NCCL INFO New proxy send connection 46 from local rank 3, transport 0
nid005001:57740:57740 [3] NCCL INFO Connected to proxy localRank 3 -> connection 0x148ee00029b0
nid005005:93049:93049 [6] NCCL INFO Channel 07/2 : 14[d9000] -> 8[c1000] via P2P/IPC comm 0x55eadb0915e0 nRanks 16
nid005005:93049:93133 [6] NCCL INFO New proxy send connection 49 from local rank 6, transport 0
nid005005:93049:93049 [6] NCCL INFO Connected to proxy localRank 6 -> connection 0x152658002b18
nid005001:57741:57741 [1] NCCL INFO Channel 08/2 : 1[c6000] -> 5[d6000] via P2P/IPC comm 0x564286dbbca0 nRanks 16
nid005001:57741:57833 [1] NCCL INFO New proxy send connection 46 from local rank 1, transport 0
nid005001:57741:57741 [1] NCCL INFO Connected to proxy localRank 1 -> connection 0x14ab1c0029b0
nid005001:57739:57830 [2] NCCL INFO New proxy recv connection 55 from local rank 2, transport 0
nid005001:57739:57739 [2] NCCL INFO Connected to proxy localRank 2 -> connection 0x149b0c002de8
nid005005:93046:93046 [4] NCCL INFO Channel 10/2 : 12[d1000] -> 10[c9000] via P2P/IPC comm 0x5633435cdf70 nRanks 16
nid005005:93046:93136 [4] NCCL INFO New proxy send connection 54 from local rank 4, transport 0
nid005005:93046:93046 [4] NCCL INFO Connected to proxy localRank 4 -> connection 0x147d20002d70
nid005001:57742:57827 [4] NCCL INFO New proxy recv connection 51 from local rank 4, transport 0
nid005001:57742:57742 [4] NCCL INFO Connected to proxy localRank 4 -> connection 0x14560c002c08
nid005005:93047:93130 [2] NCCL INFO New proxy recv connection 55 from local rank 2, transport 0
nid005005:93047:93047 [2] NCCL INFO Connected to proxy localRank 2 -> connection 0x14e97c002de8
nid005005:93049:93049 [6] NCCL INFO Channel 11/2 : 14[d9000] -> 8[c1000] via P2P/IPC comm 0x55eadb0915e0 nRanks 16
nid005005:93049:93133 [6] NCCL INFO New proxy send connection 50 from local rank 6, transport 0
nid005005:93049:93049 [6] NCCL INFO Connected to proxy localRank 6 -> connection 0x152658002b90
nid005001:57740:57740 [3] NCCL INFO Channel 13/2 : 3[ce000] -> 7[de000] via P2P/IPC comm 0x55be917ada50 nRanks 16
nid005001:57740:57829 [3] NCCL INFO New proxy send connection 47 from local rank 3, transport 0
nid005001:57740:57740 [3] NCCL INFO Connected to proxy localRank 3 -> connection 0x148ee0002a28
nid005001:57744:57828 [6] NCCL INFO New proxy recv connection 47 from local rank 6, transport 0
nid005001:57744:57744 [6] NCCL INFO Connected to proxy localRank 6 -> connection 0x14aaa8002a28
nid005001:57741:57741 [1] NCCL INFO Channel 12/2 : 1[c6000] -> 5[d6000] via P2P/IPC comm 0x564286dbbca0 nRanks 16
nid005001:57741:57833 [1] NCCL INFO New proxy send connection 47 from local rank 1, transport 0
nid005001:57741:57741 [1] NCCL INFO Connected to proxy localRank 1 -> connection 0x14ab1c002a28
nid005005:93046:93046 [4] NCCL INFO Channel 14/2 : 12[d1000] -> 10[c9000] via P2P/IPC comm 0x5633435cdf70 nRanks 16
nid005005:93046:93136 [4] NCCL INFO New proxy send connection 55 from local rank 4, transport 0
nid005005:93046:93046 [4] NCCL INFO Connected to proxy localRank 4 -> connection 0x147d20002de8
nid005001:57742:57742 [4] NCCL INFO Channel 03/2 : 4[d1000] -> 2[c9000] via P2P/IPC comm 0x55649a5d5310 nRanks 16
nid005001:57742:57827 [4] NCCL INFO New proxy send connection 52 from local rank 4, transport 0
nid005001:57742:57742 [4] NCCL INFO Connected to proxy localRank 4 -> connection 0x14560c002c80
nid005005:93049:93049 [6] NCCL INFO Channel 15/2 : 14[d9000] -> 8[c1000] via P2P/IPC comm 0x55eadb0915e0 nRanks 16
nid005005:93049:93133 [6] NCCL INFO New proxy send connection 51 from local rank 6, transport 0
nid005005:93049:93049 [6] NCCL INFO Connected to proxy localRank 6 -> connection 0x152658002c08
nid005005:93047:93130 [2] NCCL INFO New proxy recv connection 56 from local rank 2, transport 0
nid005005:93047:93047 [2] NCCL INFO Connected to proxy localRank 2 -> connection 0x14e97c002e60
nid005001:57743:57743 [7] NCCL INFO GPU Direct RDMA Enabled for GPU de000 / HCA 3 (distance 6 <= 6), read 0
nid005001:57743:57826 [7] NCCL INFO New proxy recv connection 44 from local rank 7, transport 2
nid005001:57743:57743 [7] NCCL INFO Connected to proxy localRank 7 -> connection 0x14c1b00028c0
nid005001:57740:57829 [3] NCCL INFO New proxy recv connection 48 from local rank 3, transport 0
nid005001:57740:57740 [3] NCCL INFO Connected to proxy localRank 3 -> connection 0x148ee0002aa0
nid005001:57743:57743 [7] NCCL INFO Channel 02/2 : 15[de000] -> 7[de000] [receive] via NET/Libfabric/3/GDRDMA comm 0x55fa1ad54810 nRanks 16
nid005001:57743:57743 [7] NCCL INFO GPU Direct RDMA Enabled for GPU de000 / HCA 3 (distance 6 <= 6), read 0
nid005001:57743:57826 [7] NCCL INFO New proxy recv connection 45 from local rank 7, transport 2
nid005001:57743:57743 [7] NCCL INFO Connected to proxy localRank 7 -> connection 0x14c1b0002938
nid005001:57743:57743 [7] NCCL INFO Channel 06/2 : 15[de000] -> 7[de000] [receive] via NET/Libfabric/3/GDRDMA comm 0x55fa1ad54810 nRanks 16
nid005001:57743:57743 [7] NCCL INFO GPU Direct RDMA Enabled for GPU de000 / HCA 3 (distance 6 <= 6), read 0
nid005001:57743:57826 [7] NCCL INFO New proxy recv connection 46 from local rank 7, transport 2
nid005001:57743:57743 [7] NCCL INFO Connected to proxy localRank 7 -> connection 0x14c1b00029b0
nid005001:57743:57743 [7] NCCL INFO Channel 10/2 : 15[de000] -> 7[de000] [receive] via NET/Libfabric/3/GDRDMA comm 0x55fa1ad54810 nRanks 16
nid005001:57743:57743 [7] NCCL INFO GPU Direct RDMA Enabled for GPU de000 / HCA 3 (distance 6 <= 6), read 0
nid005001:57743:57826 [7] NCCL INFO New proxy recv connection 47 from local rank 7, transport 2
nid005001:57743:57743 [7] NCCL INFO Connected to proxy localRank 7 -> connection 0x14c1b0002a28
nid005001:57743:57743 [7] NCCL INFO Channel 14/2 : 15[de000] -> 7[de000] [receive] via NET/Libfabric/3/GDRDMA comm 0x55fa1ad54810 nRanks 16
nid005001:57743:57743 [7] NCCL INFO GPU Direct RDMA Enabled for GPU de000 / HCA 3 (distance 6 <= 6), read 1
nid005001:57745:57745 [5] NCCL INFO GPU Direct RDMA Enabled for GPU d6000 / HCA 2 (distance 6 <= 6), read 0
nid005001:57743:57826 [7] NCCL INFO New proxy send connection 48 from local rank 7, transport 2
nid005001:57743:57743 [7] NCCL INFO Connected to proxy localRank 7 -> connection 0x14c1b0002aa0
nid005001:57741:57833 [1] NCCL INFO New proxy recv connection 48 from local rank 1, transport 0
nid005001:57745:57831 [5] NCCL INFO New proxy recv connection 44 from local rank 5, transport 2
nid005001:57741:57741 [1] NCCL INFO Connected to proxy localRank 1 -> connection 0x14ab1c002aa0
nid005001:57745:57745 [5] NCCL INFO Connected to proxy localRank 5 -> connection 0x14b1e00028c0
nid005001:57738:57738 [0] NCCL INFO GPU Direct RDMA Enabled for GPU c1000 / HCA 0 (distance 6 <= 6), read 0
nid005001:57743:57743 [7] NCCL INFO Channel 03/2 : 7[de000] -> 15[de000] [send] via NET/Libfabric/3/GDRDMA comm 0x55fa1ad54810 nRanks 16
nid005001:57743:57743 [7] NCCL INFO GPU Direct RDMA Enabled for GPU de000 / HCA 3 (distance 6 <= 6), read 1
nid005001:57744:57744 [6] NCCL INFO Channel 02/2 : 6[d9000] -> 0[c1000] via P2P/IPC comm 0x557546059a30 nRanks 16
nid005001:57738:57834 [0] NCCL INFO New proxy recv connection 44 from local rank 0, transport 2
nid005001:57738:57738 [0] NCCL INFO Connected to proxy localRank 0 -> connection 0x148ce80028c0
nid005001:57743:57826 [7] NCCL INFO New proxy send connection 49 from local rank 7, transport 2
nid005001:57743:57743 [7] NCCL INFO Connected to proxy localRank 7 -> connection 0x14c1b0002b18
nid005001:57744:57828 [6] NCCL INFO New proxy send connection 48 from local rank 6, transport 0
nid005001:57744:57744 [6] NCCL INFO Connected to proxy localRank 6 -> connection 0x14aaa8002aa0
nid005001:57743:57743 [7] NCCL INFO Channel 07/2 : 7[de000] -> 15[de000] [send] via NET/Libfabric/3/GDRDMA comm 0x55fa1ad54810 nRanks 16
nid005001:57743:57743 [7] NCCL INFO GPU Direct RDMA Enabled for GPU de000 / HCA 3 (distance 6 <= 6), read 1
nid005001:57745:57745 [5] NCCL INFO Channel 03/2 : 13[d6000] -> 5[d6000] [receive] via NET/Libfabric/2/GDRDMA comm 0x55c7e6773620 nRanks 16
nid005001:57745:57745 [5] NCCL INFO GPU Direct RDMA Enabled for GPU d6000 / HCA 2 (distance 6 <= 6), read 0
nid005001:57743:57826 [7] NCCL INFO New proxy send connection 50 from local rank 7, transport 2
nid005001:57743:57743 [7] NCCL INFO Connected to proxy localRank 7 -> connection 0x14c1b0002b90
nid005001:57745:57831 [5] NCCL INFO New proxy recv connection 45 from local rank 5, transport 2
nid005001:57745:57745 [5] NCCL INFO Connected to proxy localRank 5 -> connection 0x14b1e0002938
nid005001:57738:57738 [0] NCCL INFO Channel 00/2 : 8[c1000] -> 0[c1000] [receive] via NET/Libfabric/0/GDRDMA comm 0x5653fa136be0 nRanks 16
nid005001:57738:57738 [0] NCCL INFO GPU Direct RDMA Enabled for GPU c1000 / HCA 0 (distance 6 <= 6), read 0
nid005001:57743:57743 [7] NCCL INFO Channel 11/2 : 7[de000] -> 15[de000] [send] via NET/Libfabric/3/GDRDMA comm 0x55fa1ad54810 nRanks 16
nid005001:57743:57743 [7] NCCL INFO GPU Direct RDMA Enabled for GPU de000 / HCA 3 (distance 6 <= 6), read 1
nid005001:57738:57834 [0] NCCL INFO New proxy recv connection 45 from local rank 0, transport 2
nid005001:57738:57738 [0] NCCL INFO Connected to proxy localRank 0 -> connection 0x148ce8002938
nid005001:57745:57745 [5] NCCL INFO Channel 07/2 : 13[d6000] -> 5[d6000] [receive] via NET/Libfabric/2/GDRDMA comm 0x55c7e6773620 nRanks 16
nid005001:57745:57745 [5] NCCL INFO GPU Direct RDMA Enabled for GPU d6000 / HCA 2 (distance 6 <= 6), read 0
nid005001:57743:57826 [7] NCCL INFO New proxy send connection 51 from local rank 7, transport 2
nid005001:57743:57743 [7] NCCL INFO Connected to proxy localRank 7 -> connection 0x14c1b0002c08
nid005001:57745:57831 [5] NCCL INFO New proxy recv connection 46 from local rank 5, transport 2
nid005001:57745:57745 [5] NCCL INFO Connected to proxy localRank 5 -> connection 0x14b1e00029b0
nid005001:57738:57738 [0] NCCL INFO Channel 04/2 : 8[c1000] -> 0[c1000] [receive] via NET/Libfabric/0/GDRDMA comm 0x5653fa136be0 nRanks 16
nid005001:57738:57738 [0] NCCL INFO GPU Direct RDMA Enabled for GPU c1000 / HCA 0 (distance 6 <= 6), read 0
nid005001:57743:57743 [7] NCCL INFO Channel 15/2 : 7[de000] -> 15[de000] [send] via NET/Libfabric/3/GDRDMA comm 0x55fa1ad54810 nRanks 16
nid005001:57738:57834 [0] NCCL INFO New proxy recv connection 46 from local rank 0, transport 2
nid005001:57745:57745 [5] NCCL INFO Channel 11/2 : 13[d6000] -> 5[d6000] [receive] via NET/Libfabric/2/GDRDMA comm 0x55c7e6773620 nRanks 16
nid005001:57745:57745 [5] NCCL INFO GPU Direct RDMA Enabled for GPU d6000 / HCA 2 (distance 6 <= 6), read 0
nid005001:57738:57738 [0] NCCL INFO Connected to proxy localRank 0 -> connection 0x148ce80029b0
nid005001:57745:57831 [5] NCCL INFO New proxy recv connection 47 from local rank 5, transport 2
nid005001:57745:57745 [5] NCCL INFO Connected to proxy localRank 5 -> connection 0x14b1e0002a28
nid005001:57743:57743 [7] NCCL INFO Channel 00/2 : 7[de000] -> 3[ce000] via P2P/IPC comm 0x55fa1ad54810 nRanks 16
nid005001:57738:57738 [0] NCCL INFO Channel 08/2 : 8[c1000] -> 0[c1000] [receive] via NET/Libfabric/0/GDRDMA comm 0x5653fa136be0 nRanks 16
nid005001:57738:57738 [0] NCCL INFO GPU Direct RDMA Enabled for GPU c1000 / HCA 0 (distance 6 <= 6), read 0
nid005001:57743:57826 [7] NCCL INFO New proxy send connection 52 from local rank 7, transport 0
nid005001:57743:57743 [7] NCCL INFO Connected to proxy localRank 7 -> connection 0x14c1b0002c80
nid005001:57738:57834 [0] NCCL INFO New proxy recv connection 47 from local rank 0, transport 2
nid005005:93051:93051 [7] NCCL INFO Channel 01/2 : 15[de000] -> 11[ce000] via P2P/IPC comm 0x556dd7d0a120 nRanks 16
nid005001:57745:57745 [5] NCCL INFO Channel 15/2 : 13[d6000] -> 5[d6000] [receive] via NET/Libfabric/2/GDRDMA comm 0x55c7e6773620 nRanks 16
nid005001:57745:57745 [5] NCCL INFO GPU Direct RDMA Enabled for GPU d6000 / HCA 2 (distance 6 <= 6), read 1
nid005001:57738:57738 [0] NCCL INFO Connected to proxy localRank 0 -> connection 0x148ce8002a28
nid005001:57745:57831 [5] NCCL INFO New proxy send connection 48 from local rank 5, transport 2
nid005001:57745:57745 [5] NCCL INFO Connected to proxy localRank 5 -> connection 0x14b1e0002aa0
nid005001:57738:57738 [0] NCCL INFO Channel 12/2 : 8[c1000] -> 0[c1000] [receive] via NET/Libfabric/0/GDRDMA comm 0x5653fa136be0 nRanks 16
nid005001:57738:57738 [0] NCCL INFO GPU Direct RDMA Enabled for GPU c1000 / HCA 0 (distance 6 <= 6), read 1
nid005005:93051:93134 [7] NCCL INFO New proxy send connection 52 from local rank 7, transport 0
nid005005:93051:93051 [7] NCCL INFO Connected to proxy localRank 7 -> connection 0x150328002c80
nid005001:57738:57834 [0] NCCL INFO New proxy send connection 48 from local rank 0, transport 2
nid005001:57745:57745 [5] NCCL INFO Channel 02/2 : 5[d6000] -> 13[d6000] [send] via NET/Libfabric/2/GDRDMA comm 0x55c7e6773620 nRanks 16
nid005001:57745:57745 [5] NCCL INFO GPU Direct RDMA Enabled for GPU d6000 / HCA 2 (distance 6 <= 6), read 1
nid005001:57738:57738 [0] NCCL INFO Connected to proxy localRank 0 -> connection 0x148ce8002aa0
nid005001:57745:57831 [5] NCCL INFO New proxy send connection 49 from local rank 5, transport 2
nid005001:57745:57745 [5] NCCL INFO Connected to proxy localRank 5 -> connection 0x14b1e0002b18
nid005001:57738:57738 [0] NCCL INFO Channel 01/2 : 0[c1000] -> 8[c1000] [send] via NET/Libfabric/0/GDRDMA comm 0x5653fa136be0 nRanks 16
nid005001:57738:57738 [0] NCCL INFO GPU Direct RDMA Enabled for GPU c1000 / HCA 0 (distance 6 <= 6), read 1
nid005001:57738:57834 [0] NCCL INFO New proxy send connection 49 from local rank 0, transport 2
nid005001:57745:57745 [5] NCCL INFO Channel 06/2 : 5[d6000] -> 13[d6000] [send] via NET/Libfabric/2/GDRDMA comm 0x55c7e6773620 nRanks 16
nid005001:57745:57745 [5] NCCL INFO GPU Direct RDMA Enabled for GPU d6000 / HCA 2 (distance 6 <= 6), read 1
nid005001:57738:57738 [0] NCCL INFO Connected to proxy localRank 0 -> connection 0x148ce8002b18
nid005001:57745:57831 [5] NCCL INFO New proxy send connection 50 from local rank 5, transport 2
nid005001:57745:57745 [5] NCCL INFO Connected to proxy localRank 5 -> connection 0x14b1e0002b90
nid005001:57738:57738 [0] NCCL INFO Channel 05/2 : 0[c1000] -> 8[c1000] [send] via NET/Libfabric/0/GDRDMA comm 0x5653fa136be0 nRanks 16
nid005001:57738:57738 [0] NCCL INFO GPU Direct RDMA Enabled for GPU c1000 / HCA 0 (distance 6 <= 6), read 1
nid005001:57738:57834 [0] NCCL INFO New proxy send connection 50 from local rank 0, transport 2
nid005001:57745:57745 [5] NCCL INFO Channel 10/2 : 5[d6000] -> 13[d6000] [send] via NET/Libfabric/2/GDRDMA comm 0x55c7e6773620 nRanks 16
nid005001:57745:57745 [5] NCCL INFO GPU Direct RDMA Enabled for GPU d6000 / HCA 2 (distance 6 <= 6), read 1
nid005001:57738:57738 [0] NCCL INFO Connected to proxy localRank 0 -> connection 0x148ce8002b90
nid005001:57745:57831 [5] NCCL INFO New proxy send connection 51 from local rank 5, transport 2
nid005001:57745:57745 [5] NCCL INFO Connected to proxy localRank 5 -> connection 0x14b1e0002c08
nid005001:57738:57738 [0] NCCL INFO Channel 09/2 : 0[c1000] -> 8[c1000] [send] via NET/Libfabric/0/GDRDMA comm 0x5653fa136be0 nRanks 16
nid005001:57738:57738 [0] NCCL INFO GPU Direct RDMA Enabled for GPU c1000 / HCA 0 (distance 6 <= 6), read 1
nid005001:57738:57834 [0] NCCL INFO New proxy send connection 51 from local rank 0, transport 2
nid005001:57745:57745 [5] NCCL INFO Channel 14/2 : 5[d6000] -> 13[d6000] [send] via NET/Libfabric/2/GDRDMA comm 0x55c7e6773620 nRanks 16
nid005001:57738:57738 [0] NCCL INFO Connected to proxy localRank 0 -> connection 0x148ce8002c08
nid005001:57738:57738 [0] NCCL INFO Channel 13/2 : 0[c1000] -> 8[c1000] [send] via NET/Libfabric/0/GDRDMA comm 0x5653fa136be0 nRanks 16
nid005001:57745:57745 [5] NCCL INFO Channel 01/2 : 5[d6000] -> 1[c6000] via P2P/IPC comm 0x55c7e6773620 nRanks 16
nid005001:57745:57831 [5] NCCL INFO New proxy send connection 52 from local rank 5, transport 0
nid005001:57745:57745 [5] NCCL INFO Connected to proxy localRank 5 -> connection 0x14b1e0002c80
nid005001:57738:57834 [0] NCCL INFO New proxy recv connection 52 from local rank 0, transport 0
nid005005:93048:93048 [5] NCCL INFO Channel 00/2 : 13[d6000] -> 9[c6000] via P2P/IPC comm 0x56205b7ca300 nRanks 16
nid005005:93048:93131 [5] NCCL INFO New proxy send connection 52 from local rank 5, transport 0
nid005001:57738:57738 [0] NCCL INFO Connected to proxy localRank 0 -> connection 0x148ce8002c80
nid005001:57742:57742 [4] NCCL INFO Channel 07/2 : 4[d1000] -> 2[c9000] via P2P/IPC comm 0x55649a5d5310 nRanks 16
nid005005:93048:93048 [5] NCCL INFO Connected to proxy localRank 5 -> connection 0x14c2f8002c80
nid005005:93044:93135 [0] NCCL INFO New proxy recv connection 52 from local rank 0, transport 0
nid005001:57742:57827 [4] NCCL INFO New proxy send connection 53 from local rank 4, transport 0
nid005001:57742:57742 [4] NCCL INFO Connected to proxy localRank 4 -> connection 0x14560c002cf8
nid005005:93044:93044 [0] NCCL INFO Connected to proxy localRank 0 -> connection 0x14ac38002c80
nid005005:93047:93130 [2] NCCL INFO New proxy recv connection 57 from local rank 2, transport 0
nid005005:93047:93047 [2] NCCL INFO Connected to proxy localRank 2 -> connection 0x14e97c002ed8
nid005001:57740:57829 [3] NCCL INFO New proxy recv connection 49 from local rank 3, transport 0
nid005001:57740:57740 [3] NCCL INFO Connected to proxy localRank 3 -> connection 0x148ee0002b18
nid005001:57743:57743 [7] NCCL INFO Channel 04/2 : 7[de000] -> 3[ce000] via P2P/IPC comm 0x55fa1ad54810 nRanks 16
nid005001:57743:57826 [7] NCCL INFO New proxy send connection 53 from local rank 7, transport 0
nid005001:57743:57743 [7] NCCL INFO Connected to proxy localRank 7 -> connection 0x14c1b0002cf8
nid005001:57741:57833 [1] NCCL INFO New proxy recv connection 49 from local rank 1, transport 0
nid005001:57741:57741 [1] NCCL INFO Connected to proxy localRank 1 -> connection 0x14ab1c002b18
nid005001:57744:57744 [6] NCCL INFO Channel 06/2 : 6[d9000] -> 0[c1000] via P2P/IPC comm 0x557546059a30 nRanks 16
nid005001:57744:57828 [6] NCCL INFO New proxy send connection 49 from local rank 6, transport 0
nid005001:57744:57744 [6] NCCL INFO Connected to proxy localRank 6 -> connection 0x14aaa8002b18
nid005001:57738:57834 [0] NCCL INFO New proxy recv connection 53 from local rank 0, transport 0
nid005001:57738:57738 [0] NCCL INFO Connected to proxy localRank 0 -> connection 0x148ce8002cf8
nid005005:93051:93051 [7] NCCL INFO Channel 05/2 : 15[de000] -> 11[ce000] via P2P/IPC comm 0x556dd7d0a120 nRanks 16
nid005005:93051:93134 [7] NCCL INFO New proxy send connection 53 from local rank 7, transport 0
nid005005:93051:93051 [7] NCCL INFO Connected to proxy localRank 7 -> connection 0x150328002cf8
nid005001:57745:57745 [5] NCCL INFO Channel 05/2 : 5[d6000] -> 1[c6000] via P2P/IPC comm 0x55c7e6773620 nRanks 16
nid005001:57745:57831 [5] NCCL INFO New proxy send connection 53 from local rank 5, transport 0
nid005001:57745:57745 [5] NCCL INFO Connected to proxy localRank 5 -> connection 0x14b1e0002cf8
nid005001:57742:57742 [4] NCCL INFO Channel 11/2 : 4[d1000] -> 2[c9000] via P2P/IPC comm 0x55649a5d5310 nRanks 16
nid005001:57742:57827 [4] NCCL INFO New proxy send connection 54 from local rank 4, transport 0
nid005001:57742:57742 [4] NCCL INFO Connected to proxy localRank 4 -> connection 0x14560c002d70
nid005005:93048:93048 [5] NCCL INFO Channel 04/2 : 13[d6000] -> 9[c6000] via P2P/IPC comm 0x56205b7ca300 nRanks 16
nid005005:93048:93131 [5] NCCL INFO New proxy send connection 53 from local rank 5, transport 0
nid005005:93048:93048 [5] NCCL INFO Connected to proxy localRank 5 -> connection 0x14c2f8002cf8
nid005005:93044:93135 [0] NCCL INFO New proxy recv connection 53 from local rank 0, transport 0
nid005005:93044:93044 [0] NCCL INFO Connected to proxy localRank 0 -> connection 0x14ac38002cf8
nid005005:93047:93130 [2] NCCL INFO New proxy recv connection 58 from local rank 2, transport 0
nid005005:93047:93047 [2] NCCL INFO Connected to proxy localRank 2 -> connection 0x14e97c002f50
nid005001:57743:57743 [7] NCCL INFO Channel 08/2 : 7[de000] -> 3[ce000] via P2P/IPC comm 0x55fa1ad54810 nRanks 16
nid005001:57743:57826 [7] NCCL INFO New proxy send connection 54 from local rank 7, transport 0
nid005001:57743:57743 [7] NCCL INFO Connected to proxy localRank 7 -> connection 0x14c1b0002d70
nid005001:57740:57829 [3] NCCL INFO New proxy recv connection 50 from local rank 3, transport 0
nid005001:57740:57740 [3] NCCL INFO Connected to proxy localRank 3 -> connection 0x148ee0002b90
nid005001:57741:57833 [1] NCCL INFO New proxy recv connection 50 from local rank 1, transport 0
nid005001:57741:57741 [1] NCCL INFO Connected to proxy localRank 1 -> connection 0x14ab1c002b90
nid005001:57738:57834 [0] NCCL INFO New proxy recv connection 54 from local rank 0, transport 0
nid005001:57738:57738 [0] NCCL INFO Connected to proxy localRank 0 -> connection 0x148ce8002d70
nid005001:57745:57745 [5] NCCL INFO Channel 09/2 : 5[d6000] -> 1[c6000] via P2P/IPC comm 0x55c7e6773620 nRanks 16
nid005001:57745:57831 [5] NCCL INFO New proxy send connection 54 from local rank 5, transport 0
nid005001:57744:57744 [6] NCCL INFO Channel 10/2 : 6[d9000] -> 0[c1000] via P2P/IPC comm 0x557546059a30 nRanks 16
nid005001:57745:57745 [5] NCCL INFO Connected to proxy localRank 5 -> connection 0x14b1e0002d70
nid005001:57744:57828 [6] NCCL INFO New proxy send connection 50 from local rank 6, transport 0
nid005001:57744:57744 [6] NCCL INFO Connected to proxy localRank 6 -> connection 0x14aaa8002b90
nid005001:57742:57742 [4] NCCL INFO Channel 15/2 : 4[d1000] -> 2[c9000] via P2P/IPC comm 0x55649a5d5310 nRanks 16
nid005001:57742:57827 [4] NCCL INFO New proxy send connection 55 from local rank 4, transport 0
nid005001:57742:57742 [4] NCCL INFO Connected to proxy localRank 4 -> connection 0x14560c002de8
nid005005:93051:93051 [7] NCCL INFO Channel 09/2 : 15[de000] -> 11[ce000] via P2P/IPC comm 0x556dd7d0a120 nRanks 16
nid005005:93051:93134 [7] NCCL INFO New proxy send connection 54 from local rank 7, transport 0
nid005005:93047:93130 [2] NCCL INFO New proxy recv connection 59 from local rank 2, transport 0
nid005005:93047:93047 [2] NCCL INFO Connected to proxy localRank 2 -> connection 0x14e97c002fc8
nid005005:93048:93048 [5] NCCL INFO Channel 08/2 : 13[d6000] -> 9[c6000] via P2P/IPC comm 0x56205b7ca300 nRanks 16
nid005005:93051:93051 [7] NCCL INFO Connected to proxy localRank 7 -> connection 0x150328002d70
nid005005:93048:93131 [5] NCCL INFO New proxy send connection 54 from local rank 5, transport 0
nid005005:93048:93048 [5] NCCL INFO Connected to proxy localRank 5 -> connection 0x14c2f8002d70
nid005001:57743:57743 [7] NCCL INFO Channel 12/2 : 7[de000] -> 3[ce000] via P2P/IPC comm 0x55fa1ad54810 nRanks 16
nid005001:57743:57826 [7] NCCL INFO New proxy send connection 55 from local rank 7, transport 0
nid005001:57743:57743 [7] NCCL INFO Connected to proxy localRank 7 -> connection 0x14c1b0002de8
nid005005:93044:93135 [0] NCCL INFO New proxy recv connection 54 from local rank 0, transport 0
nid005005:93044:93044 [0] NCCL INFO Connected to proxy localRank 0 -> connection 0x14ac38002d70
nid005001:57738:57834 [0] NCCL INFO New proxy recv connection 55 from local rank 0, transport 0
nid005001:57740:57829 [3] NCCL INFO New proxy recv connection 51 from local rank 3, transport 0
nid005001:57740:57740 [3] NCCL INFO Connected to proxy localRank 3 -> connection 0x148ee0002c08
nid005001:57738:57738 [0] NCCL INFO Connected to proxy localRank 0 -> connection 0x148ce8002de8
nid005001:57741:57833 [1] NCCL INFO New proxy recv connection 51 from local rank 1, transport 0
nid005001:57741:57741 [1] NCCL INFO Connected to proxy localRank 1 -> connection 0x14ab1c002c08
nid005001:57745:57745 [5] NCCL INFO Channel 13/2 : 5[d6000] -> 1[c6000] via P2P/IPC comm 0x55c7e6773620 nRanks 16
nid005005:93047:93130 [2] NCCL INFO New proxy recv connection 60 from local rank 2, transport 0
nid005005:93047:93047 [2] NCCL INFO Connected to proxy localRank 2 -> connection 0x14e97c003040
nid005001:57745:57831 [5] NCCL INFO New proxy send connection 55 from local rank 5, transport 0
nid005001:57745:57745 [5] NCCL INFO Connected to proxy localRank 5 -> connection 0x14b1e0002de8
nid005001:57739:57830 [2] NCCL INFO New proxy recv connection 56 from local rank 2, transport 0
nid005001:57739:57739 [2] NCCL INFO Connected to proxy localRank 2 -> connection 0x149b0c002e60
nid005005:93048:93048 [5] NCCL INFO Channel 12/2 : 13[d6000] -> 9[c6000] via P2P/IPC comm 0x56205b7ca300 nRanks 16
nid005005:93048:93131 [5] NCCL INFO New proxy send connection 55 from local rank 5, transport 0
nid005001:57744:57744 [6] NCCL INFO Channel 14/2 : 6[d9000] -> 0[c1000] via P2P/IPC comm 0x557546059a30 nRanks 16
nid005005:93048:93048 [5] NCCL INFO Connected to proxy localRank 5 -> connection 0x14c2f8002de8
nid005001:57744:57828 [6] NCCL INFO New proxy send connection 51 from local rank 6, transport 0
nid005001:57744:57744 [6] NCCL INFO Connected to proxy localRank 6 -> connection 0x14aaa8002c08
nid005005:93051:93051 [7] NCCL INFO Channel 13/2 : 15[de000] -> 11[ce000] via P2P/IPC comm 0x556dd7d0a120 nRanks 16
nid005005:93051:93134 [7] NCCL INFO New proxy send connection 55 from local rank 7, transport 0
nid005005:93051:93051 [7] NCCL INFO Connected to proxy localRank 7 -> connection 0x150328002de8
nid005005:93044:93135 [0] NCCL INFO New proxy recv connection 55 from local rank 0, transport 0
nid005005:93044:93044 [0] NCCL INFO Connected to proxy localRank 0 -> connection 0x14ac38002de8
nid005001:57743:57743 [7] NCCL INFO Channel 01/2 : 7[de000] -> 6[d9000] via P2P/IPC comm 0x55fa1ad54810 nRanks 16
nid005001:57743:57826 [7] NCCL INFO New proxy send connection 56 from local rank 7, transport 0
nid005001:57743:57743 [7] NCCL INFO Connected to proxy localRank 7 -> connection 0x14c1b0002e60
nid005001:57740:57740 [3] NCCL INFO Channel 03/2 : 3[ce000] -> 1[c6000] via P2P/IPC comm 0x55be917ada50 nRanks 16
nid005001:57740:57829 [3] NCCL INFO New proxy send connection 52 from local rank 3, transport 0
nid005001:57740:57740 [3] NCCL INFO Connected to proxy localRank 3 -> connection 0x148ee0002c80
nid005005:93047:93130 [2] NCCL INFO New proxy recv connection 61 from local rank 2, transport 0
nid005005:93047:93047 [2] NCCL INFO Connected to proxy localRank 2 -> connection 0x14e97c0030b8
nid005001:57739:57830 [2] NCCL INFO New proxy recv connection 57 from local rank 2, transport 0
nid005001:57739:57739 [2] NCCL INFO Connected to proxy localRank 2 -> connection 0x149b0c002ed8
nid005001:57741:57833 [1] NCCL INFO New proxy recv connection 52 from local rank 1, transport 0
nid005001:57745:57745 [5] NCCL INFO Channel 00/2 : 5[d6000] -> 4[d1000] via P2P/IPC comm 0x55c7e6773620 nRanks 16
nid005001:57741:57741 [1] NCCL INFO Connected to proxy localRank 1 -> connection 0x14ab1c002c80
nid005001:57745:57831 [5] NCCL INFO New proxy send connection 56 from local rank 5, transport 0
nid005001:57745:57745 [5] NCCL INFO Connected to proxy localRank 5 -> connection 0x14b1e0002e60
nid005005:93045:93137 [1] NCCL INFO New proxy recv connection 52 from local rank 1, transport 0
nid005005:93045:93045 [1] NCCL INFO Connected to proxy localRank 1 -> connection 0x14e628002c80
nid005005:93048:93048 [5] NCCL INFO Channel 01/2 : 13[d6000] -> 12[d1000] via P2P/IPC comm 0x56205b7ca300 nRanks 16
nid005005:93048:93131 [5] NCCL INFO New proxy send connection 56 from local rank 5, transport 0
nid005005:93048:93048 [5] NCCL INFO Connected to proxy localRank 5 -> connection 0x14c2f8002e60
nid005005:93050:93050 [3] NCCL INFO Channel 02/2 : 11[ce000] -> 9[c6000] via P2P/IPC comm 0x55ee6d4ff060 nRanks 16
nid005001:57738:57834 [0] NCCL INFO New proxy recv connection 56 from local rank 0, transport 0
nid005001:57738:57738 [0] NCCL INFO Connected to proxy localRank 0 -> connection 0x148ce8002e60
nid005001:57744:57744 [6] NCCL INFO Channel 01/2 : 6[d9000] -> 4[d1000] via P2P/IPC comm 0x557546059a30 nRanks 16
nid005001:57744:57828 [6] NCCL INFO New proxy send connection 52 from local rank 6, transport 0
nid005001:57744:57744 [6] NCCL INFO Connected to proxy localRank 6 -> connection 0x14aaa8002c80
nid005005:93051:93051 [7] NCCL INFO Channel 00/2 : 15[de000] -> 14[d9000] via P2P/IPC comm 0x556dd7d0a120 nRanks 16
nid005005:93051:93134 [7] NCCL INFO New proxy send connection 56 from local rank 7, transport 0
nid005005:93051:93051 [7] NCCL INFO Connected to proxy localRank 7 -> connection 0x150328002e60
nid005005:93050:93132 [3] NCCL INFO New proxy send connection 52 from local rank 3, transport 0
nid005005:93050:93050 [3] NCCL INFO Connected to proxy localRank 3 -> connection 0x1528b8002c80
nid005005:93049:93049 [6] NCCL INFO Channel 00/2 : 14[d9000] -> 12[d1000] via P2P/IPC comm 0x55eadb0915e0 nRanks 16
nid005005:93044:93135 [0] NCCL INFO New proxy recv connection 56 from local rank 0, transport 0
nid005005:93049:93133 [6] NCCL INFO New proxy send connection 52 from local rank 6, transport 0
nid005005:93049:93049 [6] NCCL INFO Connected to proxy localRank 6 -> connection 0x152658002c80
nid005005:93044:93044 [0] NCCL INFO Connected to proxy localRank 0 -> connection 0x14ac38002e60
nid005001:57743:57743 [7] NCCL INFO Channel 02/2 : 7[de000] -> 6[d9000] via P2P/IPC comm 0x55fa1ad54810 nRanks 16
nid005001:57743:57826 [7] NCCL INFO New proxy send connection 57 from local rank 7, transport 0
nid005001:57743:57743 [7] NCCL INFO Connected to proxy localRank 7 -> connection 0x14c1b0002ed8
nid005001:57740:57740 [3] NCCL INFO Channel 07/2 : 3[ce000] -> 1[c6000] via P2P/IPC comm 0x55be917ada50 nRanks 16
nid005005:93047:93130 [2] NCCL INFO New proxy recv connection 62 from local rank 2, transport 0
nid005005:93047:93047 [2] NCCL INFO Connected to proxy localRank 2 -> connection 0x14e97c003130
nid005001:57740:57829 [3] NCCL INFO New proxy send connection 53 from local rank 3, transport 0
nid005001:57740:57740 [3] NCCL INFO Connected to proxy localRank 3 -> connection 0x148ee0002cf8
nid005001:57739:57830 [2] NCCL INFO New proxy recv connection 58 from local rank 2, transport 0
nid005001:57739:57739 [2] NCCL INFO Connected to proxy localRank 2 -> connection 0x149b0c002f50
nid005001:57745:57745 [5] NCCL INFO Channel 03/2 : 5[d6000] -> 4[d1000] via P2P/IPC comm 0x55c7e6773620 nRanks 16
nid005001:57745:57831 [5] NCCL INFO New proxy send connection 57 from local rank 5, transport 0
nid005001:57745:57745 [5] NCCL INFO Connected to proxy localRank 5 -> connection 0x14b1e0002ed8
nid005005:93045:93137 [1] NCCL INFO New proxy recv connection 53 from local rank 1, transport 0
nid005001:57741:57833 [1] NCCL INFO New proxy recv connection 53 from local rank 1, transport 0
nid005001:57741:57741 [1] NCCL INFO Connected to proxy localRank 1 -> connection 0x14ab1c002cf8
nid005005:93045:93045 [1] NCCL INFO Connected to proxy localRank 1 -> connection 0x14e628002cf8
nid005005:93048:93048 [5] NCCL INFO Channel 02/2 : 13[d6000] -> 12[d1000] via P2P/IPC comm 0x56205b7ca300 nRanks 16
nid005005:93048:93131 [5] NCCL INFO New proxy send connection 57 from local rank 5, transport 0
nid005005:93048:93048 [5] NCCL INFO Connected to proxy localRank 5 -> connection 0x14c2f8002ed8
nid005005:93050:93050 [3] NCCL INFO Channel 06/2 : 11[ce000] -> 9[c6000] via P2P/IPC comm 0x55ee6d4ff060 nRanks 16
nid005001:57743:57743 [7] NCCL INFO Channel 05/2 : 7[de000] -> 6[d9000] via P2P/IPC comm 0x55fa1ad54810 nRanks 16
nid005005:93050:93132 [3] NCCL INFO New proxy send connection 53 from local rank 3, transport 0
nid005005:93050:93050 [3] NCCL INFO Connected to proxy localRank 3 -> connection 0x1528b8002cf8
nid005001:57743:57826 [7] NCCL INFO New proxy send connection 58 from local rank 7, transport 0
nid005001:57743:57743 [7] NCCL INFO Connected to proxy localRank 7 -> connection 0x14c1b0002f50
nid005005:93049:93049 [6] NCCL INFO Channel 04/2 : 14[d9000] -> 12[d1000] via P2P/IPC comm 0x55eadb0915e0 nRanks 16
nid005005:93049:93133 [6] NCCL INFO New proxy send connection 53 from local rank 6, transport 0
nid005005:93049:93049 [6] NCCL INFO Connected to proxy localRank 6 -> connection 0x152658002cf8
nid005001:57738:57834 [0] NCCL INFO New proxy recv connection 57 from local rank 0, transport 0
nid005001:57738:57738 [0] NCCL INFO Connected to proxy localRank 0 -> connection 0x148ce8002ed8
nid005005:93051:93051 [7] NCCL INFO Channel 03/2 : 15[de000] -> 14[d9000] via P2P/IPC comm 0x556dd7d0a120 nRanks 16
nid005005:93044:93135 [0] NCCL INFO New proxy recv connection 57 from local rank 0, transport 0
nid005005:93044:93044 [0] NCCL INFO Connected to proxy localRank 0 -> connection 0x14ac38002ed8
nid005005:93051:93134 [7] NCCL INFO New proxy send connection 57 from local rank 7, transport 0
nid005005:93051:93051 [7] NCCL INFO Connected to proxy localRank 7 -> connection 0x150328002ed8
nid005001:57744:57744 [6] NCCL INFO Channel 05/2 : 6[d9000] -> 4[d1000] via P2P/IPC comm 0x557546059a30 nRanks 16
nid005001:57744:57828 [6] NCCL INFO New proxy send connection 53 from local rank 6, transport 0
nid005001:57744:57744 [6] NCCL INFO Connected to proxy localRank 6 -> connection 0x14aaa8002cf8
nid005001:57740:57740 [3] NCCL INFO Channel 11/2 : 3[ce000] -> 1[c6000] via P2P/IPC comm 0x55be917ada50 nRanks 16
nid005001:57740:57829 [3] NCCL INFO New proxy send connection 54 from local rank 3, transport 0
nid005001:57740:57740 [3] NCCL INFO Connected to proxy localRank 3 -> connection 0x148ee0002d70
nid005001:57739:57830 [2] NCCL INFO New proxy recv connection 59 from local rank 2, transport 0
nid005001:57739:57739 [2] NCCL INFO Connected to proxy localRank 2 -> connection 0x149b0c002fc8
nid005005:93045:93137 [1] NCCL INFO New proxy recv connection 54 from local rank 1, transport 0
nid005005:93045:93045 [1] NCCL INFO Connected to proxy localRank 1 -> connection 0x14e628002d70
nid005005:93047:93130 [2] NCCL INFO New proxy recv connection 63 from local rank 2, transport 0
nid005005:93047:93047 [2] NCCL INFO Connected to proxy localRank 2 -> connection 0x14e97c0031a8
nid005001:57741:57833 [1] NCCL INFO New proxy recv connection 54 from local rank 1, transport 0
nid005001:57741:57741 [1] NCCL INFO Connected to proxy localRank 1 -> connection 0x14ab1c002d70
nid005005:93050:93050 [3] NCCL INFO Channel 10/2 : 11[ce000] -> 9[c6000] via P2P/IPC comm 0x55ee6d4ff060 nRanks 16
nid005001:57743:57743 [7] NCCL INFO Channel 06/2 : 7[de000] -> 6[d9000] via P2P/IPC comm 0x55fa1ad54810 nRanks 16
nid005005:93050:93132 [3] NCCL INFO New proxy send connection 54 from local rank 3, transport 0
nid005005:93050:93050 [3] NCCL INFO Connected to proxy localRank 3 -> connection 0x1528b8002d70
nid005001:57743:57826 [7] NCCL INFO New proxy send connection 59 from local rank 7, transport 0
nid005001:57743:57743 [7] NCCL INFO Connected to proxy localRank 7 -> connection 0x14c1b0002fc8
nid005005:93048:93048 [5] NCCL INFO Channel 05/2 : 13[d6000] -> 12[d1000] via P2P/IPC comm 0x56205b7ca300 nRanks 16
nid005005:93048:93131 [5] NCCL INFO New proxy send connection 58 from local rank 5, transport 0
nid005005:93049:93049 [6] NCCL INFO Channel 08/2 : 14[d9000] -> 12[d1000] via P2P/IPC comm 0x55eadb0915e0 nRanks 16
nid005005:93048:93048 [5] NCCL INFO Connected to proxy localRank 5 -> connection 0x14c2f8002f50
nid005005:93049:93133 [6] NCCL INFO New proxy send connection 54 from local rank 6, transport 0
nid005005:93049:93049 [6] NCCL INFO Connected to proxy localRank 6 -> connection 0x152658002d70
nid005001:57738:57834 [0] NCCL INFO New proxy recv connection 58 from local rank 0, transport 0
nid005001:57738:57738 [0] NCCL INFO Connected to proxy localRank 0 -> connection 0x148ce8002f50
nid005005:93044:93135 [0] NCCL INFO New proxy recv connection 58 from local rank 0, transport 0
nid005005:93044:93044 [0] NCCL INFO Connected to proxy localRank 0 -> connection 0x14ac38002f50
nid005005:93051:93051 [7] NCCL INFO Channel 04/2 : 15[de000] -> 14[d9000] via P2P/IPC comm 0x556dd7d0a120 nRanks 16
nid005005:93051:93134 [7] NCCL INFO New proxy send connection 58 from local rank 7, transport 0
nid005005:93051:93051 [7] NCCL INFO Connected to proxy localRank 7 -> connection 0x150328002f50
nid005001:57739:57830 [2] NCCL INFO New proxy recv connection 60 from local rank 2, transport 0
nid005001:57739:57739 [2] NCCL INFO Connected to proxy localRank 2 -> connection 0x149b0c003040
nid005001:57740:57740 [3] NCCL INFO Channel 15/2 : 3[ce000] -> 1[c6000] via P2P/IPC comm 0x55be917ada50 nRanks 16
nid005005:93045:93137 [1] NCCL INFO New proxy recv connection 55 from local rank 1, transport 0
nid005005:93045:93045 [1] NCCL INFO Connected to proxy localRank 1 -> connection 0x14e628002de8
nid005001:57740:57829 [3] NCCL INFO New proxy send connection 55 from local rank 3, transport 0
nid005001:57745:57745 [5] NCCL INFO Channel 04/2 : 5[d6000] -> 4[d1000] via P2P/IPC comm 0x55c7e6773620 nRanks 16
nid005001:57740:57740 [3] NCCL INFO Connected to proxy localRank 3 -> connection 0x148ee0002de8
nid005001:57745:57831 [5] NCCL INFO New proxy send connection 58 from local rank 5, transport 0
nid005001:57745:57745 [5] NCCL INFO Connected to proxy localRank 5 -> connection 0x14b1e0002f50
nid005001:57744:57744 [6] NCCL INFO Channel 09/2 : 6[d9000] -> 4[d1000] via P2P/IPC comm 0x557546059a30 nRanks 16
nid005001:57744:57828 [6] NCCL INFO New proxy send connection 54 from local rank 6, transport 0
nid005001:57744:57744 [6] NCCL INFO Connected to proxy localRank 6 -> connection 0x14aaa8002d70
nid005005:93050:93050 [3] NCCL INFO Channel 14/2 : 11[ce000] -> 9[c6000] via P2P/IPC comm 0x55ee6d4ff060 nRanks 16
nid005001:57743:57743 [7] NCCL INFO Channel 09/2 : 7[de000] -> 6[d9000] via P2P/IPC comm 0x55fa1ad54810 nRanks 16
nid005005:93050:93132 [3] NCCL INFO New proxy send connection 55 from local rank 3, transport 0
nid005005:93050:93050 [3] NCCL INFO Connected to proxy localRank 3 -> connection 0x1528b8002de8
nid005001:57743:57826 [7] NCCL INFO New proxy send connection 60 from local rank 7, transport 0
nid005001:57743:57743 [7] NCCL INFO Connected to proxy localRank 7 -> connection 0x14c1b0003040
nid005005:93049:93049 [6] NCCL INFO Channel 12/2 : 14[d9000] -> 12[d1000] via P2P/IPC comm 0x55eadb0915e0 nRanks 16
nid005005:93049:93133 [6] NCCL INFO New proxy send connection 55 from local rank 6, transport 0
nid005005:93049:93049 [6] NCCL INFO Connected to proxy localRank 6 -> connection 0x152658002de8
nid005001:57741:57833 [1] NCCL INFO New proxy recv connection 55 from local rank 1, transport 0
nid005001:57741:57741 [1] NCCL INFO Connected to proxy localRank 1 -> connection 0x14ab1c002de8
nid005005:93048:93048 [5] NCCL INFO Channel 06/2 : 13[d6000] -> 12[d1000] via P2P/IPC comm 0x56205b7ca300 nRanks 16
nid005005:93048:93131 [5] NCCL INFO New proxy send connection 59 from local rank 5, transport 0
nid005005:93048:93048 [5] NCCL INFO Connected to proxy localRank 5 -> connection 0x14c2f8002fc8
nid005001:57738:57834 [0] NCCL INFO New proxy recv connection 59 from local rank 0, transport 0
nid005001:57738:57738 [0] NCCL INFO Connected to proxy localRank 0 -> connection 0x148ce8002fc8
nid005005:93044:93135 [0] NCCL INFO New proxy recv connection 59 from local rank 0, transport 0
nid005005:93044:93044 [0] NCCL INFO Connected to proxy localRank 0 -> connection 0x14ac38002fc8
nid005001:57739:57830 [2] NCCL INFO New proxy recv connection 61 from local rank 2, transport 0
nid005001:57739:57739 [2] NCCL INFO Connected to proxy localRank 2 -> connection 0x149b0c0030b8
nid005005:93051:93051 [7] NCCL INFO Channel 07/2 : 15[de000] -> 14[d9000] via P2P/IPC comm 0x556dd7d0a120 nRanks 16
nid005005:93051:93134 [7] NCCL INFO New proxy send connection 59 from local rank 7, transport 0
nid005005:93051:93051 [7] NCCL INFO Connected to proxy localRank 7 -> connection 0x150328002fc8
nid005001:57745:57745 [5] NCCL INFO Channel 07/2 : 5[d6000] -> 4[d1000] via P2P/IPC comm 0x55c7e6773620 nRanks 16
nid005001:57743:57743 [7] NCCL INFO Channel 10/2 : 7[de000] -> 6[d9000] via P2P/IPC comm 0x55fa1ad54810 nRanks 16
nid005001:57745:57831 [5] NCCL INFO New proxy send connection 59 from local rank 5, transport 0
nid005001:57745:57745 [5] NCCL INFO Connected to proxy localRank 5 -> connection 0x14b1e0002fc8
nid005001:57743:57826 [7] NCCL INFO New proxy send connection 61 from local rank 7, transport 0
nid005001:57743:57743 [7] NCCL INFO Connected to proxy localRank 7 -> connection 0x14c1b00030b8
nid005005:93045:93045 [1] NCCL INFO Channel 00/2 : 9[c6000] -> 8[c1000] via P2P/IPC comm 0x5633a9c121c0 nRanks 16
nid005005:93045:93137 [1] NCCL INFO New proxy send connection 56 from local rank 1, transport 0
nid005005:93045:93045 [1] NCCL INFO Connected to proxy localRank 1 -> connection 0x14e628002e60
nid005005:93050:93050 [3] NCCL INFO Channel 01/2 : 11[ce000] -> 10[c9000] via P2P/IPC comm 0x55ee6d4ff060 nRanks 16
nid005005:93050:93132 [3] NCCL INFO New proxy send connection 56 from local rank 3, transport 0
nid005005:93050:93050 [3] NCCL INFO Connected to proxy localRank 3 -> connection 0x1528b8002e60
nid005005:93046:93136 [4] NCCL INFO New proxy recv connection 56 from local rank 4, transport 0
nid005005:93046:93046 [4] NCCL INFO Connected to proxy localRank 4 -> connection 0x147d20002e60
nid005005:93049:93133 [6] NCCL INFO New proxy recv connection 56 from local rank 6, transport 0
nid005005:93049:93049 [6] NCCL INFO Connected to proxy localRank 6 -> connection 0x152658002e60
nid005001:57744:57744 [6] NCCL INFO Channel 13/2 : 6[d9000] -> 4[d1000] via P2P/IPC comm 0x557546059a30 nRanks 16
nid005001:57744:57828 [6] NCCL INFO New proxy send connection 55 from local rank 6, transport 0
nid005001:57744:57744 [6] NCCL INFO Connected to proxy localRank 6 -> connection 0x14aaa8002de8
nid005001:57740:57740 [3] NCCL INFO Channel 00/2 : 3[ce000] -> 2[c9000] via P2P/IPC comm 0x55be917ada50 nRanks 16
nid005005:93048:93048 [5] NCCL INFO Channel 09/2 : 13[d6000] -> 12[d1000] via P2P/IPC comm 0x56205b7ca300 nRanks 16
nid005001:57740:57829 [3] NCCL INFO New proxy send connection 56 from local rank 3, transport 0
nid005001:57741:57741 [1] NCCL INFO Channel 01/2 : 1[c6000] -> 0[c1000] via P2P/IPC comm 0x564286dbbca0 nRanks 16
nid005005:93048:93131 [5] NCCL INFO New proxy send connection 60 from local rank 5, transport 0
nid005001:57740:57740 [3] NCCL INFO Connected to proxy localRank 3 -> connection 0x148ee0002e60
nid005005:93048:93048 [5] NCCL INFO Connected to proxy localRank 5 -> connection 0x14c2f8003040
nid005001:57741:57833 [1] NCCL INFO New proxy send connection 56 from local rank 1, transport 0
nid005001:57741:57741 [1] NCCL INFO Connected to proxy localRank 1 -> connection 0x14ab1c002e60
nid005001:57738:57834 [0] NCCL INFO New proxy recv connection 60 from local rank 0, transport 0
nid005001:57738:57738 [0] NCCL INFO Connected to proxy localRank 0 -> connection 0x148ce8003040
nid005001:57739:57830 [2] NCCL INFO New proxy recv connection 62 from local rank 2, transport 0
nid005001:57739:57739 [2] NCCL INFO Connected to proxy localRank 2 -> connection 0x149b0c003130
nid005001:57743:57743 [7] NCCL INFO Channel 13/2 : 7[de000] -> 6[d9000] via P2P/IPC comm 0x55fa1ad54810 nRanks 16
nid005001:57743:57826 [7] NCCL INFO New proxy send connection 62 from local rank 7, transport 0
nid005001:57743:57743 [7] NCCL INFO Connected to proxy localRank 7 -> connection 0x14c1b0003130
nid005005:93045:93045 [1] NCCL INFO Channel 02/2 : 9[c6000] -> 8[c1000] via P2P/IPC comm 0x5633a9c121c0 nRanks 16
nid005005:93045:93137 [1] NCCL INFO New proxy send connection 57 from local rank 1, transport 0
nid005005:93045:93045 [1] NCCL INFO Connected to proxy localRank 1 -> connection 0x14e628002ed8
nid005005:93044:93135 [0] NCCL INFO New proxy recv connection 60 from local rank 0, transport 0
nid005005:93044:93044 [0] NCCL INFO Connected to proxy localRank 0 -> connection 0x14ac38003040
nid005005:93050:93050 [3] NCCL INFO Channel 03/2 : 11[ce000] -> 10[c9000] via P2P/IPC comm 0x55ee6d4ff060 nRanks 16
nid005005:93050:93132 [3] NCCL INFO New proxy send connection 57 from local rank 3, transport 0
nid005005:93050:93050 [3] NCCL INFO Connected to proxy localRank 3 -> connection 0x1528b8002ed8
nid005005:93049:93133 [6] NCCL INFO New proxy recv connection 57 from local rank 6, transport 0
nid005005:93049:93049 [6] NCCL INFO Connected to proxy localRank 6 -> connection 0x152658002ed8
nid005005:93046:93136 [4] NCCL INFO New proxy recv connection 57 from local rank 4, transport 0
nid005005:93046:93046 [4] NCCL INFO Connected to proxy localRank 4 -> connection 0x147d20002ed8
nid005005:93051:93051 [7] NCCL INFO Channel 08/2 : 15[de000] -> 14[d9000] via P2P/IPC comm 0x556dd7d0a120 nRanks 16
nid005005:93051:93134 [7] NCCL INFO New proxy send connection 60 from local rank 7, transport 0
nid005005:93051:93051 [7] NCCL INFO Connected to proxy localRank 7 -> connection 0x150328003040
nid005001:57745:57745 [5] NCCL INFO Channel 08/2 : 5[d6000] -> 4[d1000] via P2P/IPC comm 0x55c7e6773620 nRanks 16
nid005001:57745:57831 [5] NCCL INFO New proxy send connection 60 from local rank 5, transport 0
nid005001:57745:57745 [5] NCCL INFO Connected to proxy localRank 5 -> connection 0x14b1e0003040
nid005001:57742:57827 [4] NCCL INFO New proxy recv connection 56 from local rank 4, transport 0
nid005001:57742:57742 [4] NCCL INFO Connected to proxy localRank 4 -> connection 0x14560c002e60
nid005001:57744:57828 [6] NCCL INFO New proxy recv connection 56 from local rank 6, transport 0
nid005005:93048:93048 [5] NCCL INFO Channel 10/2 : 13[d6000] -> 12[d1000] via P2P/IPC comm 0x56205b7ca300 nRanks 16
nid005005:93048:93131 [5] NCCL INFO New proxy send connection 61 from local rank 5, transport 0
nid005005:93048:93048 [5] NCCL INFO Connected to proxy localRank 5 -> connection 0x14c2f80030b8
nid005001:57744:57744 [6] NCCL INFO Connected to proxy localRank 6 -> connection 0x14aaa8002e60
nid005001:57740:57740 [3] NCCL INFO Channel 02/2 : 3[ce000] -> 2[c9000] via P2P/IPC comm 0x55be917ada50 nRanks 16
nid005001:57740:57829 [3] NCCL INFO New proxy send connection 57 from local rank 3, transport 0
nid005001:57740:57740 [3] NCCL INFO Connected to proxy localRank 3 -> connection 0x148ee0002ed8
nid005001:57741:57741 [1] NCCL INFO Channel 03/2 : 1[c6000] -> 0[c1000] via P2P/IPC comm 0x564286dbbca0 nRanks 16
nid005001:57741:57833 [1] NCCL INFO New proxy send connection 57 from local rank 1, transport 0
nid005001:57741:57741 [1] NCCL INFO Connected to proxy localRank 1 -> connection 0x14ab1c002ed8
nid005001:57743:57743 [7] NCCL INFO Channel 14/2 : 7[de000] -> 6[d9000] via P2P/IPC comm 0x55fa1ad54810 nRanks 16
nid005001:57738:57834 [0] NCCL INFO New proxy recv connection 61 from local rank 0, transport 0
nid005001:57743:57826 [7] NCCL INFO New proxy send connection 63 from local rank 7, transport 0
nid005001:57743:57743 [7] NCCL INFO Connected to proxy localRank 7 -> connection 0x14c1b00031a8
nid005001:57738:57738 [0] NCCL INFO Connected to proxy localRank 0 -> connection 0x148ce80030b8
nid005005:93045:93045 [1] NCCL INFO Channel 04/2 : 9[c6000] -> 8[c1000] via P2P/IPC comm 0x5633a9c121c0 nRanks 16
nid005005:93045:93137 [1] NCCL INFO New proxy send connection 58 from local rank 1, transport 0
nid005005:93045:93045 [1] NCCL INFO Connected to proxy localRank 1 -> connection 0x14e628002f50
nid005005:93050:93050 [3] NCCL INFO Channel 05/2 : 11[ce000] -> 10[c9000] via P2P/IPC comm 0x55ee6d4ff060 nRanks 16
nid005005:93050:93132 [3] NCCL INFO New proxy send connection 58 from local rank 3, transport 0
nid005005:93050:93050 [3] NCCL INFO Connected to proxy localRank 3 -> connection 0x1528b8002f50
nid005005:93046:93136 [4] NCCL INFO New proxy recv connection 58 from local rank 4, transport 0
nid005005:93046:93046 [4] NCCL INFO Connected to proxy localRank 4 -> connection 0x147d20002f50
nid005005:93049:93133 [6] NCCL INFO New proxy recv connection 58 from local rank 6, transport 0
nid005005:93049:93049 [6] NCCL INFO Connected to proxy localRank 6 -> connection 0x152658002f50
nid005001:57739:57830 [2] NCCL INFO New proxy recv connection 63 from local rank 2, transport 0
nid005001:57739:57739 [2] NCCL INFO Connected to proxy localRank 2 -> connection 0x149b0c0031a8
nid005005:93044:93135 [0] NCCL INFO New proxy recv connection 61 from local rank 0, transport 0
nid005005:93044:93044 [0] NCCL INFO Connected to proxy localRank 0 -> connection 0x14ac380030b8
nid005005:93051:93051 [7] NCCL INFO Channel 11/2 : 15[de000] -> 14[d9000] via P2P/IPC comm 0x556dd7d0a120 nRanks 16
nid005005:93051:93134 [7] NCCL INFO New proxy send connection 61 from local rank 7, transport 0
nid005005:93051:93051 [7] NCCL INFO Connected to proxy localRank 7 -> connection 0x1503280030b8
nid005001:57745:57745 [5] NCCL INFO Channel 11/2 : 5[d6000] -> 4[d1000] via P2P/IPC comm 0x55c7e6773620 nRanks 16
nid005001:57745:57831 [5] NCCL INFO New proxy send connection 61 from local rank 5, transport 0
nid005001:57745:57745 [5] NCCL INFO Connected to proxy localRank 5 -> connection 0x14b1e00030b8
nid005005:93048:93048 [5] NCCL INFO Channel 13/2 : 13[d6000] -> 12[d1000] via P2P/IPC comm 0x56205b7ca300 nRanks 16
nid005001:57742:57827 [4] NCCL INFO New proxy recv connection 57 from local rank 4, transport 0
nid005005:93048:93131 [5] NCCL INFO New proxy send connection 62 from local rank 5, transport 0
nid005001:57742:57742 [4] NCCL INFO Connected to proxy localRank 4 -> connection 0x14560c002ed8
nid005005:93048:93048 [5] NCCL INFO Connected to proxy localRank 5 -> connection 0x14c2f8003130
nid005001:57740:57740 [3] NCCL INFO Channel 04/2 : 3[ce000] -> 2[c9000] via P2P/IPC comm 0x55be917ada50 nRanks 16
nid005001:57740:57829 [3] NCCL INFO New proxy send connection 58 from local rank 3, transport 0
nid005001:57740:57740 [3] NCCL INFO Connected to proxy localRank 3 -> connection 0x148ee0002f50
nid005005:93045:93045 [1] NCCL INFO Channel 06/2 : 9[c6000] -> 8[c1000] via P2P/IPC comm 0x5633a9c121c0 nRanks 16
nid005005:93045:93137 [1] NCCL INFO New proxy send connection 59 from local rank 1, transport 0
nid005005:93045:93045 [1] NCCL INFO Connected to proxy localRank 1 -> connection 0x14e628002fc8
nid005005:93046:93136 [4] NCCL INFO New proxy recv connection 59 from local rank 4, transport 0
nid005001:57738:57834 [0] NCCL INFO New proxy recv connection 62 from local rank 0, transport 0
nid005001:57738:57738 [0] NCCL INFO Connected to proxy localRank 0 -> connection 0x148ce8003130
nid005001:57741:57741 [1] NCCL INFO Channel 05/2 : 1[c6000] -> 0[c1000] via P2P/IPC comm 0x564286dbbca0 nRanks 16
nid005005:93046:93046 [4] NCCL INFO Connected to proxy localRank 4 -> connection 0x147d20002fc8
nid005001:57741:57833 [1] NCCL INFO New proxy send connection 58 from local rank 1, transport 0
nid005001:57741:57741 [1] NCCL INFO Connected to proxy localRank 1 -> connection 0x14ab1c002f50
nid005005:93050:93050 [3] NCCL INFO Channel 07/2 : 11[ce000] -> 10[c9000] via P2P/IPC comm 0x55ee6d4ff060 nRanks 16
nid005005:93050:93132 [3] NCCL INFO New proxy send connection 59 from local rank 3, transport 0
nid005005:93050:93050 [3] NCCL INFO Connected to proxy localRank 3 -> connection 0x1528b8002fc8
nid005001:57744:57828 [6] NCCL INFO New proxy recv connection 57 from local rank 6, transport 0
nid005001:57744:57744 [6] NCCL INFO Connected to proxy localRank 6 -> connection 0x14aaa8002ed8
nid005005:93049:93133 [6] NCCL INFO New proxy recv connection 59 from local rank 6, transport 0
nid005005:93049:93049 [6] NCCL INFO Connected to proxy localRank 6 -> connection 0x152658002fc8
nid005005:93044:93135 [0] NCCL INFO New proxy recv connection 62 from local rank 0, transport 0
nid005005:93044:93044 [0] NCCL INFO Connected to proxy localRank 0 -> connection 0x14ac38003130
nid005001:57745:57745 [5] NCCL INFO Channel 12/2 : 5[d6000] -> 4[d1000] via P2P/IPC comm 0x55c7e6773620 nRanks 16
nid005001:57745:57831 [5] NCCL INFO New proxy send connection 62 from local rank 5, transport 0
nid005001:57745:57745 [5] NCCL INFO Connected to proxy localRank 5 -> connection 0x14b1e0003130
nid005005:93051:93051 [7] NCCL INFO Channel 12/2 : 15[de000] -> 14[d9000] via P2P/IPC comm 0x556dd7d0a120 nRanks 16
nid005005:93051:93134 [7] NCCL INFO New proxy send connection 62 from local rank 7, transport 0
nid005005:93051:93051 [7] NCCL INFO Connected to proxy localRank 7 -> connection 0x150328003130
nid005005:93046:93136 [4] NCCL INFO New proxy recv connection 60 from local rank 4, transport 0
nid005005:93045:93045 [1] NCCL INFO Channel 08/2 : 9[c6000] -> 8[c1000] via P2P/IPC comm 0x5633a9c121c0 nRanks 16
nid005005:93045:93137 [1] NCCL INFO New proxy send connection 60 from local rank 1, transport 0
nid005005:93046:93046 [4] NCCL INFO Connected to proxy localRank 4 -> connection 0x147d20003040
nid005005:93045:93045 [1] NCCL INFO Connected to proxy localRank 1 -> connection 0x14e628003040
nid005001:57742:57827 [4] NCCL INFO New proxy recv connection 58 from local rank 4, transport 0
nid005001:57742:57742 [4] NCCL INFO Connected to proxy localRank 4 -> connection 0x14560c002f50
nid005001:57738:57834 [0] NCCL INFO New proxy recv connection 63 from local rank 0, transport 0
nid005001:57738:57738 [0] NCCL INFO Connected to proxy localRank 0 -> connection 0x148ce80031a8
nid005005:93048:93048 [5] NCCL INFO Channel 14/2 : 13[d6000] -> 12[d1000] via P2P/IPC comm 0x56205b7ca300 nRanks 16
nid005005:93050:93050 [3] NCCL INFO Channel 09/2 : 11[ce000] -> 10[c9000] via P2P/IPC comm 0x55ee6d4ff060 nRanks 16
nid005005:93048:93131 [5] NCCL INFO New proxy send connection 63 from local rank 5, transport 0
nid005005:93050:93132 [3] NCCL INFO New proxy send connection 60 from local rank 3, transport 0
nid005005:93050:93050 [3] NCCL INFO Connected to proxy localRank 3 -> connection 0x1528b8003040
nid005005:93048:93048 [5] NCCL INFO Connected to proxy localRank 5 -> connection 0x14c2f80031a8
nid005005:93049:93133 [6] NCCL INFO New proxy recv connection 60 from local rank 6, transport 0
nid005005:93049:93049 [6] NCCL INFO Connected to proxy localRank 6 -> connection 0x152658003040
nid005001:57740:57740 [3] NCCL INFO Channel 06/2 : 3[ce000] -> 2[c9000] via P2P/IPC comm 0x55be917ada50 nRanks 16
nid005001:57740:57829 [3] NCCL INFO New proxy send connection 59 from local rank 3, transport 0
nid005001:57740:57740 [3] NCCL INFO Connected to proxy localRank 3 -> connection 0x148ee0002fc8
nid005001:57741:57741 [1] NCCL INFO Channel 07/2 : 1[c6000] -> 0[c1000] via P2P/IPC comm 0x564286dbbca0 nRanks 16
nid005001:57741:57833 [1] NCCL INFO New proxy send connection 59 from local rank 1, transport 0
nid005001:57741:57741 [1] NCCL INFO Connected to proxy localRank 1 -> connection 0x14ab1c002fc8
nid005001:57744:57828 [6] NCCL INFO New proxy recv connection 58 from local rank 6, transport 0
nid005001:57744:57744 [6] NCCL INFO Connected to proxy localRank 6 -> connection 0x14aaa8002f50
nid005005:93044:93135 [0] NCCL INFO New proxy recv connection 63 from local rank 0, transport 0
nid005005:93044:93044 [0] NCCL INFO Connected to proxy localRank 0 -> connection 0x14ac380031a8
nid005005:93046:93136 [4] NCCL INFO New proxy recv connection 61 from local rank 4, transport 0
nid005005:93046:93046 [4] NCCL INFO Connected to proxy localRank 4 -> connection 0x147d200030b8
nid005001:57745:57745 [5] NCCL INFO Channel 15/2 : 5[d6000] -> 4[d1000] via P2P/IPC comm 0x55c7e6773620 nRanks 16
nid005001:57745:57831 [5] NCCL INFO New proxy send connection 63 from local rank 5, transport 0
nid005001:57745:57745 [5] NCCL INFO Connected to proxy localRank 5 -> connection 0x14b1e00031a8
nid005005:93045:93045 [1] NCCL INFO Channel 10/2 : 9[c6000] -> 8[c1000] via P2P/IPC comm 0x5633a9c121c0 nRanks 16
nid005005:93045:93137 [1] NCCL INFO New proxy send connection 61 from local rank 1, transport 0
nid005005:93045:93045 [1] NCCL INFO Connected to proxy localRank 1 -> connection 0x14e6280030b8
nid005005:93051:93051 [7] NCCL INFO Channel 15/2 : 15[de000] -> 14[d9000] via P2P/IPC comm 0x556dd7d0a120 nRanks 16
nid005005:93051:93134 [7] NCCL INFO New proxy send connection 63 from local rank 7, transport 0
nid005005:93051:93051 [7] NCCL INFO Connected to proxy localRank 7 -> connection 0x1503280031a8
nid005005:93049:93133 [6] NCCL INFO New proxy recv connection 61 from local rank 6, transport 0
nid005005:93049:93049 [6] NCCL INFO Connected to proxy localRank 6 -> connection 0x1526580030b8
nid005005:93050:93050 [3] NCCL INFO Channel 11/2 : 11[ce000] -> 10[c9000] via P2P/IPC comm 0x55ee6d4ff060 nRanks 16
nid005005:93050:93132 [3] NCCL INFO New proxy send connection 61 from local rank 3, transport 0
nid005005:93050:93050 [3] NCCL INFO Connected to proxy localRank 3 -> connection 0x1528b80030b8
nid005001:57742:57827 [4] NCCL INFO New proxy recv connection 59 from local rank 4, transport 0
nid005001:57742:57742 [4] NCCL INFO Connected to proxy localRank 4 -> connection 0x14560c002fc8
nid005001:57740:57740 [3] NCCL INFO Channel 08/2 : 3[ce000] -> 2[c9000] via P2P/IPC comm 0x55be917ada50 nRanks 16
nid005001:57740:57829 [3] NCCL INFO New proxy send connection 60 from local rank 3, transport 0
nid005001:57740:57740 [3] NCCL INFO Connected to proxy localRank 3 -> connection 0x148ee0003040
nid005001:57741:57741 [1] NCCL INFO Channel 09/2 : 1[c6000] -> 0[c1000] via P2P/IPC comm 0x564286dbbca0 nRanks 16
nid005001:57741:57833 [1] NCCL INFO New proxy send connection 60 from local rank 1, transport 0
nid005001:57741:57741 [1] NCCL INFO Connected to proxy localRank 1 -> connection 0x14ab1c003040
nid005005:93046:93136 [4] NCCL INFO New proxy recv connection 62 from local rank 4, transport 0
nid005005:93046:93046 [4] NCCL INFO Connected to proxy localRank 4 -> connection 0x147d20003130
nid005001:57744:57828 [6] NCCL INFO New proxy recv connection 59 from local rank 6, transport 0
nid005001:57744:57744 [6] NCCL INFO Connected to proxy localRank 6 -> connection 0x14aaa8002fc8
nid005005:93045:93045 [1] NCCL INFO Channel 12/2 : 9[c6000] -> 8[c1000] via P2P/IPC comm 0x5633a9c121c0 nRanks 16
nid005005:93045:93137 [1] NCCL INFO New proxy send connection 62 from local rank 1, transport 0
nid005005:93045:93045 [1] NCCL INFO Connected to proxy localRank 1 -> connection 0x14e628003130
nid005005:93049:93133 [6] NCCL INFO New proxy recv connection 62 from local rank 6, transport 0
nid005005:93049:93049 [6] NCCL INFO Connected to proxy localRank 6 -> connection 0x152658003130
nid005005:93050:93050 [3] NCCL INFO Channel 13/2 : 11[ce000] -> 10[c9000] via P2P/IPC comm 0x55ee6d4ff060 nRanks 16
nid005005:93050:93132 [3] NCCL INFO New proxy send connection 62 from local rank 3, transport 0
nid005005:93050:93050 [3] NCCL INFO Connected to proxy localRank 3 -> connection 0x1528b8003130
nid005001:57742:57827 [4] NCCL INFO New proxy recv connection 60 from local rank 4, transport 0
nid005001:57742:57742 [4] NCCL INFO Connected to proxy localRank 4 -> connection 0x14560c003040
nid005001:57740:57740 [3] NCCL INFO Channel 10/2 : 3[ce000] -> 2[c9000] via P2P/IPC comm 0x55be917ada50 nRanks 16
nid005001:57740:57829 [3] NCCL INFO New proxy send connection 61 from local rank 3, transport 0
nid005001:57740:57740 [3] NCCL INFO Connected to proxy localRank 3 -> connection 0x148ee00030b8
nid005005:93046:93136 [4] NCCL INFO New proxy recv connection 63 from local rank 4, transport 0
nid005005:93046:93046 [4] NCCL INFO Connected to proxy localRank 4 -> connection 0x147d200031a8
nid005001:57741:57741 [1] NCCL INFO Channel 11/2 : 1[c6000] -> 0[c1000] via P2P/IPC comm 0x564286dbbca0 nRanks 16
nid005001:57741:57833 [1] NCCL INFO New proxy send connection 61 from local rank 1, transport 0
nid005001:57741:57741 [1] NCCL INFO Connected to proxy localRank 1 -> connection 0x14ab1c0030b8
nid005005:93045:93045 [1] NCCL INFO Channel 14/2 : 9[c6000] -> 8[c1000] via P2P/IPC comm 0x5633a9c121c0 nRanks 16
nid005005:93045:93137 [1] NCCL INFO New proxy send connection 63 from local rank 1, transport 0
nid005005:93045:93045 [1] NCCL INFO Connected to proxy localRank 1 -> connection 0x14e6280031a8
nid005001:57744:57828 [6] NCCL INFO New proxy recv connection 60 from local rank 6, transport 0
nid005001:57744:57744 [6] NCCL INFO Connected to proxy localRank 6 -> connection 0x14aaa8003040
nid005005:93049:93133 [6] NCCL INFO New proxy recv connection 63 from local rank 6, transport 0
nid005005:93049:93049 [6] NCCL INFO Connected to proxy localRank 6 -> connection 0x1526580031a8
nid005005:93050:93050 [3] NCCL INFO Channel 15/2 : 11[ce000] -> 10[c9000] via P2P/IPC comm 0x55ee6d4ff060 nRanks 16
nid005005:93050:93132 [3] NCCL INFO New proxy send connection 63 from local rank 3, transport 0
nid005005:93050:93050 [3] NCCL INFO Connected to proxy localRank 3 -> connection 0x1528b80031a8
nid005001:57742:57827 [4] NCCL INFO New proxy recv connection 61 from local rank 4, transport 0
nid005001:57742:57742 [4] NCCL INFO Connected to proxy localRank 4 -> connection 0x14560c0030b8
nid005001:57740:57740 [3] NCCL INFO Channel 12/2 : 3[ce000] -> 2[c9000] via P2P/IPC comm 0x55be917ada50 nRanks 16
nid005001:57740:57829 [3] NCCL INFO New proxy send connection 62 from local rank 3, transport 0
nid005001:57740:57740 [3] NCCL INFO Connected to proxy localRank 3 -> connection 0x148ee0003130
nid005001:57741:57741 [1] NCCL INFO Channel 13/2 : 1[c6000] -> 0[c1000] via P2P/IPC comm 0x564286dbbca0 nRanks 16
nid005001:57741:57833 [1] NCCL INFO New proxy send connection 62 from local rank 1, transport 0
nid005001:57741:57741 [1] NCCL INFO Connected to proxy localRank 1 -> connection 0x14ab1c003130
nid005005:93046:93046 [4] NCCL INFO Channel 01/0 : 12[d1000] -> 13[d6000] via P2P/IPC comm 0x5633435cdf70 nRanks 16
nid005005:93046:93136 [4] NCCL INFO New proxy send connection 64 from local rank 4, transport 0
nid005005:93046:93046 [4] NCCL INFO Connected to proxy localRank 4 -> connection 0x147d20003220
nid005001:57744:57828 [6] NCCL INFO New proxy recv connection 61 from local rank 6, transport 0
nid005001:57744:57744 [6] NCCL INFO Connected to proxy localRank 6 -> connection 0x14aaa80030b8
nid005005:93045:93137 [1] NCCL INFO New proxy recv connection 64 from local rank 1, transport 0
nid005005:93045:93045 [1] NCCL INFO Connected to proxy localRank 1 -> connection 0x14e628003220
nid005001:57742:57827 [4] NCCL INFO New proxy recv connection 62 from local rank 4, transport 0
nid005001:57742:57742 [4] NCCL INFO Connected to proxy localRank 4 -> connection 0x14560c003130
nid005005:93049:93049 [6] NCCL INFO Channel 00/0 : 14[d9000] -> 15[de000] via P2P/IPC comm 0x55eadb0915e0 nRanks 16
nid005005:93049:93133 [6] NCCL INFO New proxy send connection 64 from local rank 6, transport 0
nid005005:93049:93049 [6] NCCL INFO Connected to proxy localRank 6 -> connection 0x152658003220
nid005005:93050:93132 [3] NCCL INFO New proxy recv connection 64 from local rank 3, transport 0
nid005005:93050:93050 [3] NCCL INFO Connected to proxy localRank 3 -> connection 0x1528b8003220
nid005001:57740:57740 [3] NCCL INFO Channel 14/2 : 3[ce000] -> 2[c9000] via P2P/IPC comm 0x55be917ada50 nRanks 16
nid005001:57740:57829 [3] NCCL INFO New proxy send connection 63 from local rank 3, transport 0
nid005001:57740:57740 [3] NCCL INFO Connected to proxy localRank 3 -> connection 0x148ee00031a8
nid005005:93046:93046 [4] NCCL INFO Channel 02/0 : 12[d1000] -> 13[d6000] via P2P/IPC comm 0x5633435cdf70 nRanks 16
nid005005:93046:93136 [4] NCCL INFO New proxy send connection 65 from local rank 4, transport 0
nid005005:93046:93046 [4] NCCL INFO Connected to proxy localRank 4 -> connection 0x147d20003298
nid005001:57741:57741 [1] NCCL INFO Channel 15/2 : 1[c6000] -> 0[c1000] via P2P/IPC comm 0x564286dbbca0 nRanks 16
nid005001:57741:57833 [1] NCCL INFO New proxy send connection 63 from local rank 1, transport 0
nid005001:57741:57741 [1] NCCL INFO Connected to proxy localRank 1 -> connection 0x14ab1c0031a8
nid005005:93045:93137 [1] NCCL INFO New proxy recv connection 65 from local rank 1, transport 0
nid005005:93045:93045 [1] NCCL INFO Connected to proxy localRank 1 -> connection 0x14e628003298
nid005005:93049:93049 [6] NCCL INFO Channel 03/0 : 14[d9000] -> 15[de000] via P2P/IPC comm 0x55eadb0915e0 nRanks 16
nid005005:93049:93133 [6] NCCL INFO New proxy send connection 65 from local rank 6, transport 0
nid005005:93049:93049 [6] NCCL INFO Connected to proxy localRank 6 -> connection 0x152658003298
nid005001:57744:57828 [6] NCCL INFO New proxy recv connection 62 from local rank 6, transport 0
nid005001:57744:57744 [6] NCCL INFO Connected to proxy localRank 6 -> connection 0x14aaa8003130
nid005005:93050:93132 [3] NCCL INFO New proxy recv connection 65 from local rank 3, transport 0
nid005005:93050:93050 [3] NCCL INFO Connected to proxy localRank 3 -> connection 0x1528b8003298
nid005001:57742:57827 [4] NCCL INFO New proxy recv connection 63 from local rank 4, transport 0
nid005001:57742:57742 [4] NCCL INFO Connected to proxy localRank 4 -> connection 0x14560c0031a8
nid005005:93046:93046 [4] NCCL INFO Channel 05/0 : 12[d1000] -> 13[d6000] via P2P/IPC comm 0x5633435cdf70 nRanks 16
nid005005:93046:93136 [4] NCCL INFO New proxy send connection 66 from local rank 4, transport 0
nid005005:93046:93046 [4] NCCL INFO Connected to proxy localRank 4 -> connection 0x147d20003310
nid005005:93045:93137 [1] NCCL INFO New proxy recv connection 66 from local rank 1, transport 0
nid005005:93045:93045 [1] NCCL INFO Connected to proxy localRank 1 -> connection 0x14e628003310
nid005005:93049:93049 [6] NCCL INFO Channel 04/0 : 14[d9000] -> 15[de000] via P2P/IPC comm 0x55eadb0915e0 nRanks 16
nid005005:93049:93133 [6] NCCL INFO New proxy send connection 66 from local rank 6, transport 0
nid005005:93049:93049 [6] NCCL INFO Connected to proxy localRank 6 -> connection 0x152658003310
nid005005:93050:93132 [3] NCCL INFO New proxy recv connection 66 from local rank 3, transport 0
nid005005:93050:93050 [3] NCCL INFO Connected to proxy localRank 3 -> connection 0x1528b8003310
nid005005:93046:93046 [4] NCCL INFO Channel 06/0 : 12[d1000] -> 13[d6000] via P2P/IPC comm 0x5633435cdf70 nRanks 16
nid005001:57744:57828 [6] NCCL INFO New proxy recv connection 63 from local rank 6, transport 0
nid005001:57744:57744 [6] NCCL INFO Connected to proxy localRank 6 -> connection 0x14aaa80031a8
nid005005:93046:93136 [4] NCCL INFO New proxy send connection 67 from local rank 4, transport 0
nid005005:93046:93046 [4] NCCL INFO Connected to proxy localRank 4 -> connection 0x147d20003388
nid005001:57740:57829 [3] NCCL INFO New proxy recv connection 64 from local rank 3, transport 0
nid005001:57740:57740 [3] NCCL INFO Connected to proxy localRank 3 -> connection 0x148ee0003220
nid005001:57741:57833 [1] NCCL INFO New proxy recv connection 64 from local rank 1, transport 0
nid005001:57741:57741 [1] NCCL INFO Connected to proxy localRank 1 -> connection 0x14ab1c003220
nid005005:93045:93137 [1] NCCL INFO New proxy recv connection 67 from local rank 1, transport 0
nid005005:93045:93045 [1] NCCL INFO Connected to proxy localRank 1 -> connection 0x14e628003388
nid005001:57742:57742 [4] NCCL INFO Channel 00/0 : 4[d1000] -> 5[d6000] via P2P/IPC comm 0x55649a5d5310 nRanks 16
nid005001:57742:57827 [4] NCCL INFO New proxy send connection 64 from local rank 4, transport 0
nid005001:57742:57742 [4] NCCL INFO Connected to proxy localRank 4 -> connection 0x14560c003220
nid005005:93049:93049 [6] NCCL INFO Channel 07/0 : 14[d9000] -> 15[de000] via P2P/IPC comm 0x55eadb0915e0 nRanks 16
nid005005:93049:93133 [6] NCCL INFO New proxy send connection 67 from local rank 6, transport 0
nid005005:93049:93049 [6] NCCL INFO Connected to proxy localRank 6 -> connection 0x152658003388
nid005005:93050:93132 [3] NCCL INFO New proxy recv connection 67 from local rank 3, transport 0
nid005005:93050:93050 [3] NCCL INFO Connected to proxy localRank 3 -> connection 0x1528b8003388
nid005005:93046:93046 [4] NCCL INFO Channel 09/0 : 12[d1000] -> 13[d6000] via P2P/IPC comm 0x5633435cdf70 nRanks 16
nid005005:93046:93136 [4] NCCL INFO New proxy send connection 68 from local rank 4, transport 0
nid005005:93046:93046 [4] NCCL INFO Connected to proxy localRank 4 -> connection 0x147d20003400
nid005001:57740:57829 [3] NCCL INFO New proxy recv connection 65 from local rank 3, transport 0
nid005001:57740:57740 [3] NCCL INFO Connected to proxy localRank 3 -> connection 0x148ee0003298
nid005005:93045:93137 [1] NCCL INFO New proxy recv connection 68 from local rank 1, transport 0
nid005005:93045:93045 [1] NCCL INFO Connected to proxy localRank 1 -> connection 0x14e628003400
nid005005:93049:93049 [6] NCCL INFO Channel 08/0 : 14[d9000] -> 15[de000] via P2P/IPC comm 0x55eadb0915e0 nRanks 16
nid005005:93049:93133 [6] NCCL INFO New proxy send connection 68 from local rank 6, transport 0
nid005005:93049:93049 [6] NCCL INFO Connected to proxy localRank 6 -> connection 0x152658003400
nid005001:57742:57742 [4] NCCL INFO Channel 03/0 : 4[d1000] -> 5[d6000] via P2P/IPC comm 0x55649a5d5310 nRanks 16
nid005001:57742:57827 [4] NCCL INFO New proxy send connection 65 from local rank 4, transport 0
nid005001:57741:57833 [1] NCCL INFO New proxy recv connection 65 from local rank 1, transport 0
nid005001:57741:57741 [1] NCCL INFO Connected to proxy localRank 1 -> connection 0x14ab1c003298
nid005001:57742:57742 [4] NCCL INFO Connected to proxy localRank 4 -> connection 0x14560c003298
nid005005:93050:93132 [3] NCCL INFO New proxy recv connection 68 from local rank 3, transport 0
nid005005:93050:93050 [3] NCCL INFO Connected to proxy localRank 3 -> connection 0x1528b8003400
nid005001:57744:57744 [6] NCCL INFO Channel 01/0 : 6[d9000] -> 7[de000] via P2P/IPC comm 0x557546059a30 nRanks 16
nid005001:57744:57828 [6] NCCL INFO New proxy send connection 64 from local rank 6, transport 0
nid005001:57744:57744 [6] NCCL INFO Connected to proxy localRank 6 -> connection 0x14aaa8003220
nid005005:93046:93046 [4] NCCL INFO Channel 10/0 : 12[d1000] -> 13[d6000] via P2P/IPC comm 0x5633435cdf70 nRanks 16
nid005005:93046:93136 [4] NCCL INFO New proxy send connection 69 from local rank 4, transport 0
nid005005:93046:93046 [4] NCCL INFO Connected to proxy localRank 4 -> connection 0x147d20003478
nid005001:57740:57829 [3] NCCL INFO New proxy recv connection 66 from local rank 3, transport 0
nid005001:57740:57740 [3] NCCL INFO Connected to proxy localRank 3 -> connection 0x148ee0003310
nid005005:93045:93137 [1] NCCL INFO New proxy recv connection 69 from local rank 1, transport 0
nid005005:93045:93045 [1] NCCL INFO Connected to proxy localRank 1 -> connection 0x14e628003478
nid005005:93049:93049 [6] NCCL INFO Channel 11/0 : 14[d9000] -> 15[de000] via P2P/IPC comm 0x55eadb0915e0 nRanks 16
nid005005:93049:93133 [6] NCCL INFO New proxy send connection 69 from local rank 6, transport 0
nid005005:93049:93049 [6] NCCL INFO Connected to proxy localRank 6 -> connection 0x152658003478
nid005005:93050:93132 [3] NCCL INFO New proxy recv connection 69 from local rank 3, transport 0
nid005005:93050:93050 [3] NCCL INFO Connected to proxy localRank 3 -> connection 0x1528b8003478
nid005005:93046:93046 [4] NCCL INFO Channel 13/0 : 12[d1000] -> 13[d6000] via P2P/IPC comm 0x5633435cdf70 nRanks 16
nid005005:93046:93136 [4] NCCL INFO New proxy send connection 70 from local rank 4, transport 0
nid005005:93046:93046 [4] NCCL INFO Connected to proxy localRank 4 -> connection 0x147d200034f0
nid005001:57742:57742 [4] NCCL INFO Channel 04/0 : 4[d1000] -> 5[d6000] via P2P/IPC comm 0x55649a5d5310 nRanks 16
nid005001:57742:57827 [4] NCCL INFO New proxy send connection 66 from local rank 4, transport 0
nid005001:57742:57742 [4] NCCL INFO Connected to proxy localRank 4 -> connection 0x14560c003310
nid005001:57741:57833 [1] NCCL INFO New proxy recv connection 66 from local rank 1, transport 0
nid005001:57741:57741 [1] NCCL INFO Connected to proxy localRank 1 -> connection 0x14ab1c003310
nid005001:57744:57744 [6] NCCL INFO Channel 02/0 : 6[d9000] -> 7[de000] via P2P/IPC comm 0x557546059a30 nRanks 16
nid005001:57744:57828 [6] NCCL INFO New proxy send connection 65 from local rank 6, transport 0
nid005001:57744:57744 [6] NCCL INFO Connected to proxy localRank 6 -> connection 0x14aaa8003298
nid005005:93045:93137 [1] NCCL INFO New proxy recv connection 70 from local rank 1, transport 0
nid005005:93045:93045 [1] NCCL INFO Connected to proxy localRank 1 -> connection 0x14e6280034f0
nid005001:57740:57829 [3] NCCL INFO New proxy recv connection 67 from local rank 3, transport 0
nid005005:93049:93049 [6] NCCL INFO Channel 12/0 : 14[d9000] -> 15[de000] via P2P/IPC comm 0x55eadb0915e0 nRanks 16
nid005005:93049:93133 [6] NCCL INFO New proxy send connection 70 from local rank 6, transport 0
nid005005:93049:93049 [6] NCCL INFO Connected to proxy localRank 6 -> connection 0x1526580034f0
nid005001:57740:57740 [3] NCCL INFO Connected to proxy localRank 3 -> connection 0x148ee0003388
nid005005:93046:93046 [4] NCCL INFO Channel 14/0 : 12[d1000] -> 13[d6000] via P2P/IPC comm 0x5633435cdf70 nRanks 16
nid005005:93046:93136 [4] NCCL INFO New proxy send connection 71 from local rank 4, transport 0
nid005005:93046:93046 [4] NCCL INFO Connected to proxy localRank 4 -> connection 0x147d20003568
nid005005:93050:93132 [3] NCCL INFO New proxy recv connection 70 from local rank 3, transport 0
nid005005:93050:93050 [3] NCCL INFO Connected to proxy localRank 3 -> connection 0x1528b80034f0
nid005001:57742:57742 [4] NCCL INFO Channel 07/0 : 4[d1000] -> 5[d6000] via P2P/IPC comm 0x55649a5d5310 nRanks 16
nid005001:57742:57827 [4] NCCL INFO New proxy send connection 67 from local rank 4, transport 0
nid005001:57742:57742 [4] NCCL INFO Connected to proxy localRank 4 -> connection 0x14560c003388
nid005001:57741:57833 [1] NCCL INFO New proxy recv connection 67 from local rank 1, transport 0
nid005001:57741:57741 [1] NCCL INFO Connected to proxy localRank 1 -> connection 0x14ab1c003388
nid005005:93045:93137 [1] NCCL INFO New proxy recv connection 71 from local rank 1, transport 0
nid005005:93045:93045 [1] NCCL INFO Connected to proxy localRank 1 -> connection 0x14e628003568
nid005005:93049:93049 [6] NCCL INFO Channel 15/0 : 14[d9000] -> 15[de000] via P2P/IPC comm 0x55eadb0915e0 nRanks 16
nid005005:93049:93133 [6] NCCL INFO New proxy send connection 71 from local rank 6, transport 0
nid005005:93049:93049 [6] NCCL INFO Connected to proxy localRank 6 -> connection 0x152658003568
nid005001:57744:57744 [6] NCCL INFO Channel 05/0 : 6[d9000] -> 7[de000] via P2P/IPC comm 0x557546059a30 nRanks 16
nid005001:57744:57828 [6] NCCL INFO New proxy send connection 66 from local rank 6, transport 0
nid005001:57744:57744 [6] NCCL INFO Connected to proxy localRank 6 -> connection 0x14aaa8003310
nid005005:93050:93132 [3] NCCL INFO New proxy recv connection 71 from local rank 3, transport 0
nid005005:93050:93050 [3] NCCL INFO Connected to proxy localRank 3 -> connection 0x1528b8003568
nid005001:57740:57829 [3] NCCL INFO New proxy recv connection 68 from local rank 3, transport 0
nid005001:57740:57740 [3] NCCL INFO Connected to proxy localRank 3 -> connection 0x148ee0003400
nid005001:57742:57742 [4] NCCL INFO Channel 08/0 : 4[d1000] -> 5[d6000] via P2P/IPC comm 0x55649a5d5310 nRanks 16
nid005001:57742:57827 [4] NCCL INFO New proxy send connection 68 from local rank 4, transport 0
nid005001:57742:57742 [4] NCCL INFO Connected to proxy localRank 4 -> connection 0x14560c003400
nid005001:57741:57833 [1] NCCL INFO New proxy recv connection 68 from local rank 1, transport 0
nid005001:57741:57741 [1] NCCL INFO Connected to proxy localRank 1 -> connection 0x14ab1c003400
nid005001:57744:57744 [6] NCCL INFO Channel 06/0 : 6[d9000] -> 7[de000] via P2P/IPC comm 0x557546059a30 nRanks 16
nid005001:57744:57828 [6] NCCL INFO New proxy send connection 67 from local rank 6, transport 0
nid005001:57744:57744 [6] NCCL INFO Connected to proxy localRank 6 -> connection 0x14aaa8003388
nid005001:57740:57829 [3] NCCL INFO New proxy recv connection 69 from local rank 3, transport 0
nid005001:57740:57740 [3] NCCL INFO Connected to proxy localRank 3 -> connection 0x148ee0003478
nid005001:57742:57742 [4] NCCL INFO Channel 11/0 : 4[d1000] -> 5[d6000] via P2P/IPC comm 0x55649a5d5310 nRanks 16
nid005001:57742:57827 [4] NCCL INFO New proxy send connection 69 from local rank 4, transport 0
nid005001:57742:57742 [4] NCCL INFO Connected to proxy localRank 4 -> connection 0x14560c003478
nid005001:57741:57833 [1] NCCL INFO New proxy recv connection 69 from local rank 1, transport 0
nid005001:57741:57741 [1] NCCL INFO Connected to proxy localRank 1 -> connection 0x14ab1c003478
nid005001:57740:57829 [3] NCCL INFO New proxy recv connection 70 from local rank 3, transport 0
nid005001:57740:57740 [3] NCCL INFO Connected to proxy localRank 3 -> connection 0x148ee00034f0
nid005001:57744:57744 [6] NCCL INFO Channel 09/0 : 6[d9000] -> 7[de000] via P2P/IPC comm 0x557546059a30 nRanks 16
nid005001:57744:57828 [6] NCCL INFO New proxy send connection 68 from local rank 6, transport 0
nid005001:57744:57744 [6] NCCL INFO Connected to proxy localRank 6 -> connection 0x14aaa8003400
nid005001:57742:57742 [4] NCCL INFO Channel 12/0 : 4[d1000] -> 5[d6000] via P2P/IPC comm 0x55649a5d5310 nRanks 16
nid005001:57742:57827 [4] NCCL INFO New proxy send connection 70 from local rank 4, transport 0
nid005001:57742:57742 [4] NCCL INFO Connected to proxy localRank 4 -> connection 0x14560c0034f0
nid005001:57741:57833 [1] NCCL INFO New proxy recv connection 70 from local rank 1, transport 0
nid005001:57741:57741 [1] NCCL INFO Connected to proxy localRank 1 -> connection 0x14ab1c0034f0
nid005001:57740:57829 [3] NCCL INFO New proxy recv connection 71 from local rank 3, transport 0
nid005001:57740:57740 [3] NCCL INFO Connected to proxy localRank 3 -> connection 0x148ee0003568
nid005001:57742:57742 [4] NCCL INFO Channel 15/0 : 4[d1000] -> 5[d6000] via P2P/IPC comm 0x55649a5d5310 nRanks 16
nid005001:57742:57827 [4] NCCL INFO New proxy send connection 71 from local rank 4, transport 0
nid005001:57742:57742 [4] NCCL INFO Connected to proxy localRank 4 -> connection 0x14560c003568
nid005001:57744:57744 [6] NCCL INFO Channel 10/0 : 6[d9000] -> 7[de000] via P2P/IPC comm 0x557546059a30 nRanks 16
nid005001:57744:57828 [6] NCCL INFO New proxy send connection 69 from local rank 6, transport 0
nid005001:57744:57744 [6] NCCL INFO Connected to proxy localRank 6 -> connection 0x14aaa8003478
nid005001:57741:57833 [1] NCCL INFO New proxy recv connection 71 from local rank 1, transport 0
nid005001:57741:57741 [1] NCCL INFO Connected to proxy localRank 1 -> connection 0x14ab1c003568
nid005001:57745:57831 [5] NCCL INFO New proxy recv connection 64 from local rank 5, transport 0
nid005001:57745:57745 [5] NCCL INFO Connected to proxy localRank 5 -> connection 0x14b1e0003220
nid005001:57744:57744 [6] NCCL INFO Channel 13/0 : 6[d9000] -> 7[de000] via P2P/IPC comm 0x557546059a30 nRanks 16
nid005001:57744:57828 [6] NCCL INFO New proxy send connection 70 from local rank 6, transport 0
nid005001:57744:57744 [6] NCCL INFO Connected to proxy localRank 6 -> connection 0x14aaa80034f0
nid005001:57738:57738 [0] NCCL INFO Channel 01/0 : 0[c1000] -> 1[c6000] via P2P/IPC comm 0x5653fa136be0 nRanks 16
nid005001:57738:57834 [0] NCCL INFO New proxy send connection 64 from local rank 0, transport 0
nid005001:57738:57738 [0] NCCL INFO Connected to proxy localRank 0 -> connection 0x148ce8003220
nid005005:93048:93131 [5] NCCL INFO New proxy recv connection 64 from local rank 5, transport 0
nid005005:93048:93048 [5] NCCL INFO Connected to proxy localRank 5 -> connection 0x14c2f8003220
nid005005:93044:93044 [0] NCCL INFO Channel 00/0 : 8[c1000] -> 9[c6000] via P2P/IPC comm 0x561b39d69c40 nRanks 16
nid005005:93044:93135 [0] NCCL INFO New proxy send connection 64 from local rank 0, transport 0
nid005005:93044:93044 [0] NCCL INFO Connected to proxy localRank 0 -> connection 0x14ac38003220
nid005001:57743:57826 [7] NCCL INFO New proxy recv connection 64 from local rank 7, transport 0
nid005001:57743:57743 [7] NCCL INFO Connected to proxy localRank 7 -> connection 0x14c1b0003220
nid005001:57745:57831 [5] NCCL INFO New proxy recv connection 65 from local rank 5, transport 0
nid005001:57745:57745 [5] NCCL INFO Connected to proxy localRank 5 -> connection 0x14b1e0003298
nid005005:93048:93131 [5] NCCL INFO New proxy recv connection 65 from local rank 5, transport 0
nid005005:93048:93048 [5] NCCL INFO Connected to proxy localRank 5 -> connection 0x14c2f8003298
nid005001:57738:57738 [0] NCCL INFO Channel 03/0 : 0[c1000] -> 1[c6000] via P2P/IPC comm 0x5653fa136be0 nRanks 16
nid005001:57738:57834 [0] NCCL INFO New proxy send connection 65 from local rank 0, transport 0
nid005001:57738:57738 [0] NCCL INFO Connected to proxy localRank 0 -> connection 0x148ce8003298
nid005001:57744:57744 [6] NCCL INFO Channel 14/0 : 6[d9000] -> 7[de000] via P2P/IPC comm 0x557546059a30 nRanks 16
nid005001:57744:57828 [6] NCCL INFO New proxy send connection 71 from local rank 6, transport 0
nid005001:57744:57744 [6] NCCL INFO Connected to proxy localRank 6 -> connection 0x14aaa8003568
nid005001:57743:57826 [7] NCCL INFO New proxy recv connection 65 from local rank 7, transport 0
nid005001:57743:57743 [7] NCCL INFO Connected to proxy localRank 7 -> connection 0x14c1b0003298
nid005005:93044:93044 [0] NCCL INFO Channel 02/0 : 8[c1000] -> 9[c6000] via P2P/IPC comm 0x561b39d69c40 nRanks 16
nid005005:93044:93135 [0] NCCL INFO New proxy send connection 65 from local rank 0, transport 0
nid005005:93044:93044 [0] NCCL INFO Connected to proxy localRank 0 -> connection 0x14ac38003298
nid005005:93051:93134 [7] NCCL INFO New proxy recv connection 64 from local rank 7, transport 0
nid005005:93051:93051 [7] NCCL INFO Connected to proxy localRank 7 -> connection 0x150328003220
nid005001:57745:57831 [5] NCCL INFO New proxy recv connection 66 from local rank 5, transport 0
nid005001:57745:57745 [5] NCCL INFO Connected to proxy localRank 5 -> connection 0x14b1e0003310
nid005005:93048:93131 [5] NCCL INFO New proxy recv connection 66 from local rank 5, transport 0
nid005005:93048:93048 [5] NCCL INFO Connected to proxy localRank 5 -> connection 0x14c2f8003310
nid005001:57738:57738 [0] NCCL INFO Channel 05/0 : 0[c1000] -> 1[c6000] via P2P/IPC comm 0x5653fa136be0 nRanks 16
nid005001:57738:57834 [0] NCCL INFO New proxy send connection 66 from local rank 0, transport 0
nid005001:57738:57738 [0] NCCL INFO Connected to proxy localRank 0 -> connection 0x148ce8003310
nid005001:57743:57826 [7] NCCL INFO New proxy recv connection 66 from local rank 7, transport 0
nid005001:57743:57743 [7] NCCL INFO Connected to proxy localRank 7 -> connection 0x14c1b0003310
nid005005:93044:93044 [0] NCCL INFO Channel 04/0 : 8[c1000] -> 9[c6000] via P2P/IPC comm 0x561b39d69c40 nRanks 16
nid005005:93051:93134 [7] NCCL INFO New proxy recv connection 65 from local rank 7, transport 0
nid005005:93051:93051 [7] NCCL INFO Connected to proxy localRank 7 -> connection 0x150328003298
nid005005:93044:93135 [0] NCCL INFO New proxy send connection 66 from local rank 0, transport 0
nid005005:93044:93044 [0] NCCL INFO Connected to proxy localRank 0 -> connection 0x14ac38003310
nid005001:57745:57831 [5] NCCL INFO New proxy recv connection 67 from local rank 5, transport 0
nid005001:57745:57745 [5] NCCL INFO Connected to proxy localRank 5 -> connection 0x14b1e0003388
nid005001:57743:57826 [7] NCCL INFO New proxy recv connection 67 from local rank 7, transport 0
nid005001:57743:57743 [7] NCCL INFO Connected to proxy localRank 7 -> connection 0x14c1b0003388
nid005005:93048:93131 [5] NCCL INFO New proxy recv connection 67 from local rank 5, transport 0
nid005005:93048:93048 [5] NCCL INFO Connected to proxy localRank 5 -> connection 0x14c2f8003388
nid005001:57738:57738 [0] NCCL INFO Channel 07/0 : 0[c1000] -> 1[c6000] via P2P/IPC comm 0x5653fa136be0 nRanks 16
nid005001:57738:57834 [0] NCCL INFO New proxy send connection 67 from local rank 0, transport 0
nid005001:57738:57738 [0] NCCL INFO Connected to proxy localRank 0 -> connection 0x148ce8003388
nid005005:93047:93047 [2] NCCL INFO Channel 01/0 : 10[c9000] -> 11[ce000] via P2P/IPC comm 0x55aab634aaf0 nRanks 16
nid005005:93047:93130 [2] NCCL INFO New proxy send connection 64 from local rank 2, transport 0
nid005005:93047:93047 [2] NCCL INFO Connected to proxy localRank 2 -> connection 0x14e97c003220
nid005005:93044:93044 [0] NCCL INFO Channel 06/0 : 8[c1000] -> 9[c6000] via P2P/IPC comm 0x561b39d69c40 nRanks 16
nid005005:93044:93135 [0] NCCL INFO New proxy send connection 67 from local rank 0, transport 0
nid005005:93044:93044 [0] NCCL INFO Connected to proxy localRank 0 -> connection 0x14ac38003388
nid005005:93051:93134 [7] NCCL INFO New proxy recv connection 66 from local rank 7, transport 0
nid005005:93051:93051 [7] NCCL INFO Connected to proxy localRank 7 -> connection 0x150328003310
nid005001:57743:57826 [7] NCCL INFO New proxy recv connection 68 from local rank 7, transport 0
nid005001:57743:57743 [7] NCCL INFO Connected to proxy localRank 7 -> connection 0x14c1b0003400
nid005001:57745:57831 [5] NCCL INFO New proxy recv connection 68 from local rank 5, transport 0
nid005001:57745:57745 [5] NCCL INFO Connected to proxy localRank 5 -> connection 0x14b1e0003400
nid005001:57739:57739 [2] NCCL INFO Channel 00/0 : 2[c9000] -> 3[ce000] via P2P/IPC comm 0x556bab7ca8d0 nRanks 16
nid005001:57739:57830 [2] NCCL INFO New proxy send connection 64 from local rank 2, transport 0
nid005001:57739:57739 [2] NCCL INFO Connected to proxy localRank 2 -> connection 0x149b0c003220
nid005005:93048:93131 [5] NCCL INFO New proxy recv connection 68 from local rank 5, transport 0
nid005005:93048:93048 [5] NCCL INFO Connected to proxy localRank 5 -> connection 0x14c2f8003400
nid005001:57738:57738 [0] NCCL INFO Channel 09/0 : 0[c1000] -> 1[c6000] via P2P/IPC comm 0x5653fa136be0 nRanks 16
nid005001:57738:57834 [0] NCCL INFO New proxy send connection 68 from local rank 0, transport 0
nid005001:57738:57738 [0] NCCL INFO Connected to proxy localRank 0 -> connection 0x148ce8003400
nid005005:93047:93047 [2] NCCL INFO Channel 03/0 : 10[c9000] -> 11[ce000] via P2P/IPC comm 0x55aab634aaf0 nRanks 16
nid005005:93047:93130 [2] NCCL INFO New proxy send connection 65 from local rank 2, transport 0
nid005005:93047:93047 [2] NCCL INFO Connected to proxy localRank 2 -> connection 0x14e97c003298
nid005001:57743:57826 [7] NCCL INFO New proxy recv connection 69 from local rank 7, transport 0
nid005001:57743:57743 [7] NCCL INFO Connected to proxy localRank 7 -> connection 0x14c1b0003478
nid005005:93044:93044 [0] NCCL INFO Channel 08/0 : 8[c1000] -> 9[c6000] via P2P/IPC comm 0x561b39d69c40 nRanks 16
nid005005:93051:93134 [7] NCCL INFO New proxy recv connection 67 from local rank 7, transport 0
nid005005:93051:93051 [7] NCCL INFO Connected to proxy localRank 7 -> connection 0x150328003388
nid005005:93044:93135 [0] NCCL INFO New proxy send connection 68 from local rank 0, transport 0
nid005005:93044:93044 [0] NCCL INFO Connected to proxy localRank 0 -> connection 0x14ac38003400
nid005001:57745:57831 [5] NCCL INFO New proxy recv connection 69 from local rank 5, transport 0
nid005001:57745:57745 [5] NCCL INFO Connected to proxy localRank 5 -> connection 0x14b1e0003478
nid005001:57739:57739 [2] NCCL INFO Channel 02/0 : 2[c9000] -> 3[ce000] via P2P/IPC comm 0x556bab7ca8d0 nRanks 16
nid005001:57739:57830 [2] NCCL INFO New proxy send connection 65 from local rank 2, transport 0
nid005001:57739:57739 [2] NCCL INFO Connected to proxy localRank 2 -> connection 0x149b0c003298
nid005005:93047:93047 [2] NCCL INFO Channel 05/0 : 10[c9000] -> 11[ce000] via P2P/IPC comm 0x55aab634aaf0 nRanks 16
nid005001:57738:57738 [0] NCCL INFO Channel 11/0 : 0[c1000] -> 1[c6000] via P2P/IPC comm 0x5653fa136be0 nRanks 16
nid005001:57738:57834 [0] NCCL INFO New proxy send connection 69 from local rank 0, transport 0
nid005001:57738:57738 [0] NCCL INFO Connected to proxy localRank 0 -> connection 0x148ce8003478
nid005005:93047:93130 [2] NCCL INFO New proxy send connection 66 from local rank 2, transport 0
nid005005:93047:93047 [2] NCCL INFO Connected to proxy localRank 2 -> connection 0x14e97c003310
nid005005:93048:93131 [5] NCCL INFO New proxy recv connection 69 from local rank 5, transport 0
nid005005:93048:93048 [5] NCCL INFO Connected to proxy localRank 5 -> connection 0x14c2f8003478
nid005001:57743:57826 [7] NCCL INFO New proxy recv connection 70 from local rank 7, transport 0
nid005001:57743:57743 [7] NCCL INFO Connected to proxy localRank 7 -> connection 0x14c1b00034f0
nid005001:57745:57831 [5] NCCL INFO New proxy recv connection 70 from local rank 5, transport 0
nid005001:57745:57745 [5] NCCL INFO Connected to proxy localRank 5 -> connection 0x14b1e00034f0
nid005005:93044:93044 [0] NCCL INFO Channel 10/0 : 8[c1000] -> 9[c6000] via P2P/IPC comm 0x561b39d69c40 nRanks 16
nid005005:93044:93135 [0] NCCL INFO New proxy send connection 69 from local rank 0, transport 0
nid005005:93044:93044 [0] NCCL INFO Connected to proxy localRank 0 -> connection 0x14ac38003478
nid005005:93051:93134 [7] NCCL INFO New proxy recv connection 68 from local rank 7, transport 0
nid005005:93051:93051 [7] NCCL INFO Connected to proxy localRank 7 -> connection 0x150328003400
nid005005:93047:93047 [2] NCCL INFO Channel 07/0 : 10[c9000] -> 11[ce000] via P2P/IPC comm 0x55aab634aaf0 nRanks 16
nid005005:93047:93130 [2] NCCL INFO New proxy send connection 67 from local rank 2, transport 0
nid005005:93047:93047 [2] NCCL INFO Connected to proxy localRank 2 -> connection 0x14e97c003388
nid005001:57743:57826 [7] NCCL INFO New proxy recv connection 71 from local rank 7, transport 0
nid005001:57743:57743 [7] NCCL INFO Connected to proxy localRank 7 -> connection 0x14c1b0003568
nid005001:57739:57739 [2] NCCL INFO Channel 04/0 : 2[c9000] -> 3[ce000] via P2P/IPC comm 0x556bab7ca8d0 nRanks 16
nid005001:57739:57830 [2] NCCL INFO New proxy send connection 66 from local rank 2, transport 0
nid005001:57739:57739 [2] NCCL INFO Connected to proxy localRank 2 -> connection 0x149b0c003310
nid005001:57738:57738 [0] NCCL INFO Channel 13/0 : 0[c1000] -> 1[c6000] via P2P/IPC comm 0x5653fa136be0 nRanks 16
nid005001:57738:57834 [0] NCCL INFO New proxy send connection 70 from local rank 0, transport 0
nid005001:57738:57738 [0] NCCL INFO Connected to proxy localRank 0 -> connection 0x148ce80034f0
nid005005:93048:93131 [5] NCCL INFO New proxy recv connection 70 from local rank 5, transport 0
nid005005:93048:93048 [5] NCCL INFO Connected to proxy localRank 5 -> connection 0x14c2f80034f0
nid005001:57745:57831 [5] NCCL INFO New proxy recv connection 71 from local rank 5, transport 0
nid005001:57745:57745 [5] NCCL INFO Connected to proxy localRank 5 -> connection 0x14b1e0003568
nid005005:93047:93047 [2] NCCL INFO Channel 09/0 : 10[c9000] -> 11[ce000] via P2P/IPC comm 0x55aab634aaf0 nRanks 16
nid005005:93047:93130 [2] NCCL INFO New proxy send connection 68 from local rank 2, transport 0
nid005005:93047:93047 [2] NCCL INFO Connected to proxy localRank 2 -> connection 0x14e97c003400
nid005001:57743:57826 [7] NCCL INFO New proxy recv connection 72 from local rank 7, transport 0
nid005001:57743:57743 [7] NCCL INFO Connected to proxy localRank 7 -> connection 0x14c1b00035e0
nid005001:57744:57828 [6] NCCL INFO New proxy recv connection 72 from local rank 6, transport 0
nid005001:57744:57744 [6] NCCL INFO Connected to proxy localRank 6 -> connection 0x14aaa80035e0
nid005005:93044:93044 [0] NCCL INFO Channel 12/0 : 8[c1000] -> 9[c6000] via P2P/IPC comm 0x561b39d69c40 nRanks 16
nid005005:93044:93135 [0] NCCL INFO New proxy send connection 70 from local rank 0, transport 0
nid005005:93044:93044 [0] NCCL INFO Connected to proxy localRank 0 -> connection 0x14ac380034f0
nid005005:93051:93134 [7] NCCL INFO New proxy recv connection 69 from local rank 7, transport 0
nid005005:93051:93051 [7] NCCL INFO Connected to proxy localRank 7 -> connection 0x150328003478
nid005001:57738:57738 [0] NCCL INFO Channel 15/0 : 0[c1000] -> 1[c6000] via P2P/IPC comm 0x5653fa136be0 nRanks 16
nid005001:57738:57834 [0] NCCL INFO New proxy send connection 71 from local rank 0, transport 0
nid005001:57738:57738 [0] NCCL INFO Connected to proxy localRank 0 -> connection 0x148ce8003568
nid005001:57739:57739 [2] NCCL INFO Channel 06/0 : 2[c9000] -> 3[ce000] via P2P/IPC comm 0x556bab7ca8d0 nRanks 16
nid005001:57739:57830 [2] NCCL INFO New proxy send connection 67 from local rank 2, transport 0
nid005001:57739:57739 [2] NCCL INFO Connected to proxy localRank 2 -> connection 0x149b0c003388
nid005005:93048:93131 [5] NCCL INFO New proxy recv connection 71 from local rank 5, transport 0
nid005005:93048:93048 [5] NCCL INFO Connected to proxy localRank 5 -> connection 0x14c2f8003568
nid005005:93047:93047 [2] NCCL INFO Channel 11/0 : 10[c9000] -> 11[ce000] via P2P/IPC comm 0x55aab634aaf0 nRanks 16
nid005005:93047:93130 [2] NCCL INFO New proxy send connection 69 from local rank 2, transport 0
nid005005:93047:93047 [2] NCCL INFO Connected to proxy localRank 2 -> connection 0x14e97c003478
nid005001:57742:57827 [4] NCCL INFO New proxy recv connection 72 from local rank 4, transport 0
nid005001:57742:57742 [4] NCCL INFO Connected to proxy localRank 4 -> connection 0x14560c0035e0
nid005001:57745:57831 [5] NCCL INFO New proxy recv connection 72 from local rank 5, transport 0
nid005001:57745:57745 [5] NCCL INFO Connected to proxy localRank 5 -> connection 0x14b1e00035e0
nid005001:57743:57826 [7] NCCL INFO New proxy recv connection 73 from local rank 7, transport 0
nid005001:57743:57743 [7] NCCL INFO Connected to proxy localRank 7 -> connection 0x14c1b0003658
nid005005:93044:93044 [0] NCCL INFO Channel 14/0 : 8[c1000] -> 9[c6000] via P2P/IPC comm 0x561b39d69c40 nRanks 16
nid005005:93051:93134 [7] NCCL INFO New proxy recv connection 70 from local rank 7, transport 0
nid005005:93051:93051 [7] NCCL INFO Connected to proxy localRank 7 -> connection 0x1503280034f0
nid005005:93044:93135 [0] NCCL INFO New proxy send connection 71 from local rank 0, transport 0
nid005005:93044:93044 [0] NCCL INFO Connected to proxy localRank 0 -> connection 0x14ac38003568
nid005005:93046:93136 [4] NCCL INFO New proxy recv connection 72 from local rank 4, transport 0
nid005001:57744:57828 [6] NCCL INFO New proxy recv connection 73 from local rank 6, transport 0
nid005001:57744:57744 [6] NCCL INFO Connected to proxy localRank 6 -> connection 0x14aaa8003658
nid005005:93048:93131 [5] NCCL INFO New proxy recv connection 72 from local rank 5, transport 0
nid005005:93048:93048 [5] NCCL INFO Connected to proxy localRank 5 -> connection 0x14c2f80035e0
nid005005:93046:93046 [4] NCCL INFO Connected to proxy localRank 4 -> connection 0x147d200035e0
nid005001:57738:57738 [0] NCCL INFO Channel 02/0 : 0[c1000] -> 6[d9000] via P2P/IPC comm 0x5653fa136be0 nRanks 16
nid005001:57741:57741 [1] NCCL INFO Channel 03/0 : 1[c6000] -> 3[ce000] via P2P/IPC comm 0x564286dbbca0 nRanks 16
nid005001:57738:57834 [0] NCCL INFO New proxy send connection 72 from local rank 0, transport 0
nid005001:57741:57833 [1] NCCL INFO New proxy send connection 72 from local rank 1, transport 0
nid005001:57741:57741 [1] NCCL INFO Connected to proxy localRank 1 -> connection 0x14ab1c0035e0
nid005001:57738:57738 [0] NCCL INFO Connected to proxy localRank 0 -> connection 0x148ce80035e0
nid005001:57739:57739 [2] NCCL INFO Channel 08/0 : 2[c9000] -> 3[ce000] via P2P/IPC comm 0x556bab7ca8d0 nRanks 16
nid005001:57739:57830 [2] NCCL INFO New proxy send connection 68 from local rank 2, transport 0
nid005001:57739:57739 [2] NCCL INFO Connected to proxy localRank 2 -> connection 0x149b0c003400
nid005005:93047:93047 [2] NCCL INFO Channel 13/0 : 10[c9000] -> 11[ce000] via P2P/IPC comm 0x55aab634aaf0 nRanks 16
nid005005:93047:93130 [2] NCCL INFO New proxy send connection 70 from local rank 2, transport 0
nid005005:93047:93047 [2] NCCL INFO Connected to proxy localRank 2 -> connection 0x14e97c0034f0
nid005001:57743:57826 [7] NCCL INFO New proxy recv connection 74 from local rank 7, transport 0
nid005001:57743:57743 [7] NCCL INFO Connected to proxy localRank 7 -> connection 0x14c1b00036d0
nid005001:57745:57831 [5] NCCL INFO New proxy recv connection 73 from local rank 5, transport 0
nid005001:57745:57745 [5] NCCL INFO Connected to proxy localRank 5 -> connection 0x14b1e0003658
nid005001:57742:57827 [4] NCCL INFO New proxy recv connection 73 from local rank 4, transport 0
nid005001:57742:57742 [4] NCCL INFO Connected to proxy localRank 4 -> connection 0x14560c003658
nid005005:93048:93131 [5] NCCL INFO New proxy recv connection 73 from local rank 5, transport 0
nid005005:93048:93048 [5] NCCL INFO Connected to proxy localRank 5 -> connection 0x14c2f8003658
nid005005:93051:93134 [7] NCCL INFO New proxy recv connection 71 from local rank 7, transport 0
nid005005:93051:93051 [7] NCCL INFO Connected to proxy localRank 7 -> connection 0x150328003568
nid005005:93045:93045 [1] NCCL INFO Channel 02/0 : 9[c6000] -> 11[ce000] via P2P/IPC comm 0x5633a9c121c0 nRanks 16
nid005005:93044:93044 [0] NCCL INFO Channel 03/0 : 8[c1000] -> 14[d9000] via P2P/IPC comm 0x561b39d69c40 nRanks 16
nid005001:57738:57738 [0] NCCL INFO Channel 06/0 : 0[c1000] -> 6[d9000] via P2P/IPC comm 0x5653fa136be0 nRanks 16
nid005001:57738:57834 [0] NCCL INFO New proxy send connection 73 from local rank 0, transport 0
nid005001:57738:57738 [0] NCCL INFO Connected to proxy localRank 0 -> connection 0x148ce8003658
nid005005:93045:93137 [1] NCCL INFO New proxy send connection 72 from local rank 1, transport 0
nid005005:93045:93045 [1] NCCL INFO Connected to proxy localRank 1 -> connection 0x14e6280035e0
nid005001:57741:57741 [1] NCCL INFO Channel 07/0 : 1[c6000] -> 3[ce000] via P2P/IPC comm 0x564286dbbca0 nRanks 16
nid005001:57741:57833 [1] NCCL INFO New proxy send connection 73 from local rank 1, transport 0
nid005001:57741:57741 [1] NCCL INFO Connected to proxy localRank 1 -> connection 0x14ab1c003658
nid005005:93046:93136 [4] NCCL INFO New proxy recv connection 73 from local rank 4, transport 0
nid005005:93044:93135 [0] NCCL INFO New proxy send connection 72 from local rank 0, transport 0
nid005005:93044:93044 [0] NCCL INFO Connected to proxy localRank 0 -> connection 0x14ac380035e0
nid005005:93046:93046 [4] NCCL INFO Connected to proxy localRank 4 -> connection 0x147d20003658
nid005001:57744:57828 [6] NCCL INFO New proxy recv connection 74 from local rank 6, transport 0
nid005001:57744:57744 [6] NCCL INFO Connected to proxy localRank 6 -> connection 0x14aaa80036d0
nid005001:57739:57739 [2] NCCL INFO Channel 10/0 : 2[c9000] -> 3[ce000] via P2P/IPC comm 0x556bab7ca8d0 nRanks 16
nid005005:93047:93047 [2] NCCL INFO Channel 15/0 : 10[c9000] -> 11[ce000] via P2P/IPC comm 0x55aab634aaf0 nRanks 16
nid005001:57739:57830 [2] NCCL INFO New proxy send connection 69 from local rank 2, transport 0
nid005001:57739:57739 [2] NCCL INFO Connected to proxy localRank 2 -> connection 0x149b0c003478
nid005005:93047:93130 [2] NCCL INFO New proxy send connection 71 from local rank 2, transport 0
nid005005:93047:93047 [2] NCCL INFO Connected to proxy localRank 2 -> connection 0x14e97c003568
nid005001:57743:57826 [7] NCCL INFO New proxy recv connection 75 from local rank 7, transport 0
nid005001:57743:57743 [7] NCCL INFO Connected to proxy localRank 7 -> connection 0x14c1b0003748
nid005001:57745:57831 [5] NCCL INFO New proxy recv connection 74 from local rank 5, transport 0
nid005001:57745:57745 [5] NCCL INFO Connected to proxy localRank 5 -> connection 0x14b1e00036d0
nid005005:93048:93131 [5] NCCL INFO New proxy recv connection 74 from local rank 5, transport 0
nid005005:93048:93048 [5] NCCL INFO Connected to proxy localRank 5 -> connection 0x14c2f80036d0
nid005001:57742:57827 [4] NCCL INFO New proxy recv connection 74 from local rank 4, transport 0
nid005001:57742:57742 [4] NCCL INFO Connected to proxy localRank 4 -> connection 0x14560c0036d0
nid005005:93045:93045 [1] NCCL INFO Channel 06/0 : 9[c6000] -> 11[ce000] via P2P/IPC comm 0x5633a9c121c0 nRanks 16
nid005005:93045:93137 [1] NCCL INFO New proxy send connection 73 from local rank 1, transport 0
nid005005:93045:93045 [1] NCCL INFO Connected to proxy localRank 1 -> connection 0x14e628003658
nid005001:57738:57738 [0] NCCL INFO Channel 10/0 : 0[c1000] -> 6[d9000] via P2P/IPC comm 0x5653fa136be0 nRanks 16
nid005001:57738:57834 [0] NCCL INFO New proxy send connection 74 from local rank 0, transport 0
nid005001:57738:57738 [0] NCCL INFO Connected to proxy localRank 0 -> connection 0x148ce80036d0
nid005005:93046:93136 [4] NCCL INFO New proxy recv connection 74 from local rank 4, transport 0
nid005005:93046:93046 [4] NCCL INFO Connected to proxy localRank 4 -> connection 0x147d200036d0
nid005005:93047:93047 [2] NCCL INFO Channel 02/0 : 10[c9000] -> 12[d1000] via P2P/IPC comm 0x55aab634aaf0 nRanks 16
nid005005:93050:93132 [3] NCCL INFO New proxy recv connection 72 from local rank 3, transport 0
nid005005:93047:93130 [2] NCCL INFO New proxy send connection 72 from local rank 2, transport 0
nid005005:93047:93047 [2] NCCL INFO Connected to proxy localRank 2 -> connection 0x14e97c0035e0
nid005005:93050:93050 [3] NCCL INFO Connected to proxy localRank 3 -> connection 0x1528b80035e0
nid005001:57741:57741 [1] NCCL INFO Channel 11/0 : 1[c6000] -> 3[ce000] via P2P/IPC comm 0x564286dbbca0 nRanks 16
nid005001:57741:57833 [1] NCCL INFO New proxy send connection 74 from local rank 1, transport 0
nid005001:57741:57741 [1] NCCL INFO Connected to proxy localRank 1 -> connection 0x14ab1c0036d0
nid005005:93044:93044 [0] NCCL INFO Channel 07/0 : 8[c1000] -> 14[d9000] via P2P/IPC comm 0x561b39d69c40 nRanks 16
nid005005:93044:93135 [0] NCCL INFO New proxy send connection 73 from local rank 0, transport 0
nid005005:93044:93044 [0] NCCL INFO Connected to proxy localRank 0 -> connection 0x14ac38003658
nid005005:93051:93134 [7] NCCL INFO New proxy recv connection 72 from local rank 7, transport 0
nid005005:93049:93133 [6] NCCL INFO New proxy recv connection 72 from local rank 6, transport 0
nid005005:93049:93049 [6] NCCL INFO Connected to proxy localRank 6 -> connection 0x1526580035e0
nid005005:93051:93051 [7] NCCL INFO Connected to proxy localRank 7 -> connection 0x1503280035e0
nid005001:57739:57739 [2] NCCL INFO Channel 12/0 : 2[c9000] -> 3[ce000] via P2P/IPC comm 0x556bab7ca8d0 nRanks 16
nid005001:57739:57830 [2] NCCL INFO New proxy send connection 70 from local rank 2, transport 0
nid005001:57739:57739 [2] NCCL INFO Connected to proxy localRank 2 -> connection 0x149b0c0034f0
nid005001:57744:57828 [6] NCCL INFO New proxy recv connection 75 from local rank 6, transport 0
nid005001:57744:57744 [6] NCCL INFO Connected to proxy localRank 6 -> connection 0x14aaa8003748
nid005005:93048:93131 [5] NCCL INFO New proxy recv connection 75 from local rank 5, transport 0
nid005005:93048:93048 [5] NCCL INFO Connected to proxy localRank 5 -> connection 0x14c2f8003748
nid005001:57745:57831 [5] NCCL INFO New proxy recv connection 75 from local rank 5, transport 0
nid005001:57745:57745 [5] NCCL INFO Connected to proxy localRank 5 -> connection 0x14b1e0003748
nid005001:57742:57827 [4] NCCL INFO New proxy recv connection 75 from local rank 4, transport 0
nid005001:57742:57742 [4] NCCL INFO Connected to proxy localRank 4 -> connection 0x14560c003748
nid005005:93045:93045 [1] NCCL INFO Channel 10/0 : 9[c6000] -> 11[ce000] via P2P/IPC comm 0x5633a9c121c0 nRanks 16
nid005005:93045:93137 [1] NCCL INFO New proxy send connection 74 from local rank 1, transport 0
nid005005:93045:93045 [1] NCCL INFO Connected to proxy localRank 1 -> connection 0x14e6280036d0
nid005005:93047:93047 [2] NCCL INFO Channel 06/0 : 10[c9000] -> 12[d1000] via P2P/IPC comm 0x55aab634aaf0 nRanks 16
nid005005:93047:93130 [2] NCCL INFO New proxy send connection 73 from local rank 2, transport 0
nid005005:93047:93047 [2] NCCL INFO Connected to proxy localRank 2 -> connection 0x14e97c003658
nid005005:93050:93132 [3] NCCL INFO New proxy recv connection 73 from local rank 3, transport 0
nid005005:93050:93050 [3] NCCL INFO Connected to proxy localRank 3 -> connection 0x1528b8003658
nid005005:93046:93136 [4] NCCL INFO New proxy recv connection 75 from local rank 4, transport 0
nid005001:57738:57738 [0] NCCL INFO Channel 14/0 : 0[c1000] -> 6[d9000] via P2P/IPC comm 0x5653fa136be0 nRanks 16
nid005001:57738:57834 [0] NCCL INFO New proxy send connection 75 from local rank 0, transport 0
nid005001:57738:57738 [0] NCCL INFO Connected to proxy localRank 0 -> connection 0x148ce8003748
nid005005:93046:93046 [4] NCCL INFO Connected to proxy localRank 4 -> connection 0x147d20003748
nid005005:93049:93133 [6] NCCL INFO New proxy recv connection 73 from local rank 6, transport 0
nid005005:93049:93049 [6] NCCL INFO Connected to proxy localRank 6 -> connection 0x152658003658
nid005001:57741:57741 [1] NCCL INFO Channel 15/0 : 1[c6000] -> 3[ce000] via P2P/IPC comm 0x564286dbbca0 nRanks 16
nid005001:57741:57833 [1] NCCL INFO New proxy send connection 75 from local rank 1, transport 0
nid005001:57741:57741 [1] NCCL INFO Connected to proxy localRank 1 -> connection 0x14ab1c003748
nid005005:93044:93044 [0] NCCL INFO Channel 11/0 : 8[c1000] -> 14[d9000] via P2P/IPC comm 0x561b39d69c40 nRanks 16
nid005005:93044:93135 [0] NCCL INFO New proxy send connection 74 from local rank 0, transport 0
nid005005:93044:93044 [0] NCCL INFO Connected to proxy localRank 0 -> connection 0x14ac380036d0
nid005005:93051:93134 [7] NCCL INFO New proxy recv connection 73 from local rank 7, transport 0
nid005005:93051:93051 [7] NCCL INFO Connected to proxy localRank 7 -> connection 0x150328003658
nid005001:57739:57739 [2] NCCL INFO Channel 14/0 : 2[c9000] -> 3[ce000] via P2P/IPC comm 0x556bab7ca8d0 nRanks 16
nid005001:57739:57830 [2] NCCL INFO New proxy send connection 71 from local rank 2, transport 0
nid005001:57739:57739 [2] NCCL INFO Connected to proxy localRank 2 -> connection 0x149b0c003568
nid005005:93045:93045 [1] NCCL INFO Channel 14/0 : 9[c6000] -> 11[ce000] via P2P/IPC comm 0x5633a9c121c0 nRanks 16
nid005001:57742:57742 [4] NCCL INFO Channel 01/0 : 4[d1000] -> 6[d9000] via P2P/IPC comm 0x55649a5d5310 nRanks 16
nid005005:93045:93137 [1] NCCL INFO New proxy send connection 75 from local rank 1, transport 0
nid005005:93045:93045 [1] NCCL INFO Connected to proxy localRank 1 -> connection 0x14e628003748
nid005001:57742:57827 [4] NCCL INFO New proxy send connection 76 from local rank 4, transport 0
nid005001:57742:57742 [4] NCCL INFO Connected to proxy localRank 4 -> connection 0x14560c0037c0
nid005005:93047:93047 [2] NCCL INFO Channel 10/0 : 10[c9000] -> 12[d1000] via P2P/IPC comm 0x55aab634aaf0 nRanks 16
nid005005:93047:93130 [2] NCCL INFO New proxy send connection 74 from local rank 2, transport 0
nid005005:93047:93047 [2] NCCL INFO Connected to proxy localRank 2 -> connection 0x14e97c0036d0
nid005005:93050:93132 [3] NCCL INFO New proxy recv connection 74 from local rank 3, transport 0
nid005005:93050:93050 [3] NCCL INFO Connected to proxy localRank 3 -> connection 0x1528b80036d0
nid005005:93049:93133 [6] NCCL INFO New proxy recv connection 74 from local rank 6, transport 0
nid005005:93049:93049 [6] NCCL INFO Connected to proxy localRank 6 -> connection 0x1526580036d0
nid005005:93046:93046 [4] NCCL INFO Channel 00/0 : 12[d1000] -> 14[d9000] via P2P/IPC comm 0x5633435cdf70 nRanks 16
nid005005:93046:93136 [4] NCCL INFO New proxy send connection 76 from local rank 4, transport 0
nid005005:93046:93046 [4] NCCL INFO Connected to proxy localRank 4 -> connection 0x147d200037c0
nid005005:93044:93044 [0] NCCL INFO Channel 15/0 : 8[c1000] -> 14[d9000] via P2P/IPC comm 0x561b39d69c40 nRanks 16
nid005005:93044:93135 [0] NCCL INFO New proxy send connection 75 from local rank 0, transport 0
nid005005:93044:93044 [0] NCCL INFO Connected to proxy localRank 0 -> connection 0x14ac38003748
nid005001:57739:57739 [2] NCCL INFO Channel 03/0 : 2[c9000] -> 4[d1000] via P2P/IPC comm 0x556bab7ca8d0 nRanks 16
nid005001:57739:57830 [2] NCCL INFO New proxy send connection 72 from local rank 2, transport 0
nid005001:57739:57739 [2] NCCL INFO Connected to proxy localRank 2 -> connection 0x149b0c0035e0
nid005001:57740:57829 [3] NCCL INFO New proxy recv connection 72 from local rank 3, transport 0
nid005001:57740:57740 [3] NCCL INFO Connected to proxy localRank 3 -> connection 0x148ee00035e0
nid005005:93051:93134 [7] NCCL INFO New proxy recv connection 74 from local rank 7, transport 0
nid005005:93051:93051 [7] NCCL INFO Connected to proxy localRank 7 -> connection 0x1503280036d0
nid005001:57742:57742 [4] NCCL INFO Channel 05/0 : 4[d1000] -> 6[d9000] via P2P/IPC comm 0x55649a5d5310 nRanks 16
nid005001:57742:57827 [4] NCCL INFO New proxy send connection 77 from local rank 4, transport 0
nid005001:57742:57742 [4] NCCL INFO Connected to proxy localRank 4 -> connection 0x14560c003838
nid005005:93050:93132 [3] NCCL INFO New proxy recv connection 75 from local rank 3, transport 0
nid005005:93050:93050 [3] NCCL INFO Connected to proxy localRank 3 -> connection 0x1528b8003748
nid005005:93047:93047 [2] NCCL INFO Channel 14/0 : 10[c9000] -> 12[d1000] via P2P/IPC comm 0x55aab634aaf0 nRanks 16
nid005005:93047:93130 [2] NCCL INFO New proxy send connection 75 from local rank 2, transport 0
nid005005:93047:93047 [2] NCCL INFO Connected to proxy localRank 2 -> connection 0x14e97c003748
nid005005:93049:93133 [6] NCCL INFO New proxy recv connection 75 from local rank 6, transport 0
nid005005:93049:93049 [6] NCCL INFO Connected to proxy localRank 6 -> connection 0x152658003748
nid005005:93046:93046 [4] NCCL INFO Channel 04/0 : 12[d1000] -> 14[d9000] via P2P/IPC comm 0x5633435cdf70 nRanks 16
nid005005:93046:93136 [4] NCCL INFO New proxy send connection 77 from local rank 4, transport 0
nid005005:93046:93046 [4] NCCL INFO Connected to proxy localRank 4 -> connection 0x147d20003838
nid005001:57739:57739 [2] NCCL INFO Channel 07/0 : 2[c9000] -> 4[d1000] via P2P/IPC comm 0x556bab7ca8d0 nRanks 16
nid005001:57739:57830 [2] NCCL INFO New proxy send connection 73 from local rank 2, transport 0
nid005001:57739:57739 [2] NCCL INFO Connected to proxy localRank 2 -> connection 0x149b0c003658
nid005005:93045:93045 [1] NCCL INFO Channel 00/0 : 9[c6000] -> 13[d6000] via P2P/IPC comm 0x5633a9c121c0 nRanks 16
nid005005:93050:93050 [3] NCCL INFO Channel 01/0 : 11[ce000] -> 15[de000] via P2P/IPC comm 0x55ee6d4ff060 nRanks 16
nid005005:93050:93132 [3] NCCL INFO New proxy send connection 76 from local rank 3, transport 0
nid005005:93050:93050 [3] NCCL INFO Connected to proxy localRank 3 -> connection 0x1528b80037c0
nid005005:93045:93137 [1] NCCL INFO New proxy send connection 76 from local rank 1, transport 0
nid005005:93045:93045 [1] NCCL INFO Connected to proxy localRank 1 -> connection 0x14e6280037c0
nid005001:57740:57829 [3] NCCL INFO New proxy recv connection 73 from local rank 3, transport 0
nid005001:57740:57740 [3] NCCL INFO Connected to proxy localRank 3 -> connection 0x148ee0003658
nid005005:93051:93134 [7] NCCL INFO New proxy recv connection 75 from local rank 7, transport 0
nid005005:93051:93051 [7] NCCL INFO Connected to proxy localRank 7 -> connection 0x150328003748
nid005001:57742:57742 [4] NCCL INFO Channel 09/0 : 4[d1000] -> 6[d9000] via P2P/IPC comm 0x55649a5d5310 nRanks 16
nid005001:57742:57827 [4] NCCL INFO New proxy send connection 78 from local rank 4, transport 0
nid005001:57742:57742 [4] NCCL INFO Connected to proxy localRank 4 -> connection 0x14560c0038b0
nid005001:57739:57739 [2] NCCL INFO Channel 11/0 : 2[c9000] -> 4[d1000] via P2P/IPC comm 0x556bab7ca8d0 nRanks 16
nid005001:57739:57830 [2] NCCL INFO New proxy send connection 74 from local rank 2, transport 0
nid005001:57739:57739 [2] NCCL INFO Connected to proxy localRank 2 -> connection 0x149b0c0036d0
nid005005:93046:93046 [4] NCCL INFO Channel 08/0 : 12[d1000] -> 14[d9000] via P2P/IPC comm 0x5633435cdf70 nRanks 16
nid005005:93046:93136 [4] NCCL INFO New proxy send connection 78 from local rank 4, transport 0
nid005005:93046:93046 [4] NCCL INFO Connected to proxy localRank 4 -> connection 0x147d200038b0
nid005005:93050:93050 [3] NCCL INFO Channel 05/0 : 11[ce000] -> 15[de000] via P2P/IPC comm 0x55ee6d4ff060 nRanks 16
nid005005:93050:93132 [3] NCCL INFO New proxy send connection 77 from local rank 3, transport 0
nid005005:93050:93050 [3] NCCL INFO Connected to proxy localRank 3 -> connection 0x1528b8003838
nid005005:93045:93045 [1] NCCL INFO Channel 04/0 : 9[c6000] -> 13[d6000] via P2P/IPC comm 0x5633a9c121c0 nRanks 16
nid005005:93045:93137 [1] NCCL INFO New proxy send connection 77 from local rank 1, transport 0
nid005005:93045:93045 [1] NCCL INFO Connected to proxy localRank 1 -> connection 0x14e628003838
nid005001:57740:57829 [3] NCCL INFO New proxy recv connection 74 from local rank 3, transport 0
nid005001:57740:57740 [3] NCCL INFO Connected to proxy localRank 3 -> connection 0x148ee00036d0
nid005001:57742:57742 [4] NCCL INFO Channel 13/0 : 4[d1000] -> 6[d9000] via P2P/IPC comm 0x55649a5d5310 nRanks 16
nid005001:57742:57827 [4] NCCL INFO New proxy send connection 79 from local rank 4, transport 0
nid005001:57742:57742 [4] NCCL INFO Connected to proxy localRank 4 -> connection 0x14560c003928
nid005001:57739:57739 [2] NCCL INFO Channel 15/0 : 2[c9000] -> 4[d1000] via P2P/IPC comm 0x556bab7ca8d0 nRanks 16
nid005001:57739:57830 [2] NCCL INFO New proxy send connection 75 from local rank 2, transport 0
nid005001:57739:57739 [2] NCCL INFO Connected to proxy localRank 2 -> connection 0x149b0c003748
nid005005:93050:93050 [3] NCCL INFO Channel 09/0 : 11[ce000] -> 15[de000] via P2P/IPC comm 0x55ee6d4ff060 nRanks 16
nid005005:93050:93132 [3] NCCL INFO New proxy send connection 78 from local rank 3, transport 0
nid005005:93050:93050 [3] NCCL INFO Connected to proxy localRank 3 -> connection 0x1528b80038b0
nid005005:93045:93045 [1] NCCL INFO Channel 08/0 : 9[c6000] -> 13[d6000] via P2P/IPC comm 0x5633a9c121c0 nRanks 16
nid005005:93046:93046 [4] NCCL INFO Channel 12/0 : 12[d1000] -> 14[d9000] via P2P/IPC comm 0x5633435cdf70 nRanks 16
nid005005:93046:93136 [4] NCCL INFO New proxy send connection 79 from local rank 4, transport 0
nid005005:93046:93046 [4] NCCL INFO Connected to proxy localRank 4 -> connection 0x147d20003928
nid005005:93045:93137 [1] NCCL INFO New proxy send connection 78 from local rank 1, transport 0
nid005005:93045:93045 [1] NCCL INFO Connected to proxy localRank 1 -> connection 0x14e6280038b0
nid005001:57744:57828 [6] NCCL INFO New proxy recv connection 76 from local rank 6, transport 0
nid005001:57744:57744 [6] NCCL INFO Connected to proxy localRank 6 -> connection 0x14aaa80037c0
nid005001:57740:57829 [3] NCCL INFO New proxy recv connection 75 from local rank 3, transport 0
nid005001:57740:57740 [3] NCCL INFO Connected to proxy localRank 3 -> connection 0x148ee0003748
nid005001:57742:57827 [4] NCCL INFO New proxy recv connection 80 from local rank 4, transport 0
nid005001:57742:57742 [4] NCCL INFO Connected to proxy localRank 4 -> connection 0x14560c0039a0
nid005001:57739:57739 [2] NCCL INFO GPU Direct RDMA Enabled for GPU c9000 / HCA 1 (distance 6 <= 6), read 1
nid005001:57739:57830 [2] NCCL INFO New proxy send connection 76 from local rank 2, transport 2
nid005001:57739:57739 [2] NCCL INFO Connected to proxy localRank 2 -> connection 0x149b0c0037c0
nid005001:57739:57739 [2] NCCL INFO Channel 01/0 : 2[c9000] -> 10[c9000] [send] via NET/Libfabric/1/GDRDMA comm 0x556bab7ca8d0 nRanks 16
nid005001:57739:57739 [2] NCCL INFO GPU Direct RDMA Enabled for GPU c9000 / HCA 1 (distance 6 <= 6), read 1
nid005001:57739:57830 [2] NCCL INFO New proxy send connection 77 from local rank 2, transport 2
nid005001:57739:57739 [2] NCCL INFO Connected to proxy localRank 2 -> connection 0x149b0c003838
nid005005:93050:93050 [3] NCCL INFO Channel 13/0 : 11[ce000] -> 15[de000] via P2P/IPC comm 0x55ee6d4ff060 nRanks 16
nid005001:57739:57739 [2] NCCL INFO Channel 05/0 : 2[c9000] -> 10[c9000] [send] via NET/Libfabric/1/GDRDMA comm 0x556bab7ca8d0 nRanks 16
nid005001:57739:57739 [2] NCCL INFO GPU Direct RDMA Enabled for GPU c9000 / HCA 1 (distance 6 <= 6), read 1
nid005001:57739:57830 [2] NCCL INFO New proxy send connection 78 from local rank 2, transport 2
nid005001:57739:57739 [2] NCCL INFO Connected to proxy localRank 2 -> connection 0x149b0c0038b0
nid005005:93050:93132 [3] NCCL INFO New proxy send connection 79 from local rank 3, transport 0
nid005005:93050:93050 [3] NCCL INFO Connected to proxy localRank 3 -> connection 0x1528b8003928
nid005001:57739:57739 [2] NCCL INFO Channel 09/0 : 2[c9000] -> 10[c9000] [send] via NET/Libfabric/1/GDRDMA comm 0x556bab7ca8d0 nRanks 16
nid005001:57739:57739 [2] NCCL INFO GPU Direct RDMA Enabled for GPU c9000 / HCA 1 (distance 6 <= 6), read 1
nid005001:57739:57830 [2] NCCL INFO New proxy send connection 79 from local rank 2, transport 2
nid005001:57739:57739 [2] NCCL INFO Connected to proxy localRank 2 -> connection 0x149b0c003928
nid005001:57739:57739 [2] NCCL INFO Channel 13/0 : 2[c9000] -> 10[c9000] [send] via NET/Libfabric/1/GDRDMA comm 0x556bab7ca8d0 nRanks 16
nid005005:93045:93045 [1] NCCL INFO Channel 12/0 : 9[c6000] -> 13[d6000] via P2P/IPC comm 0x5633a9c121c0 nRanks 16
nid005005:93045:93137 [1] NCCL INFO New proxy send connection 79 from local rank 1, transport 0
nid005005:93045:93045 [1] NCCL INFO Connected to proxy localRank 1 -> connection 0x14e628003928
nid005005:93047:93047 [2] NCCL INFO GPU Direct RDMA Enabled for GPU c9000 / HCA 1 (distance 6 <= 6), read 0
nid005005:93047:93130 [2] NCCL INFO New proxy recv connection 76 from local rank 2, transport 2
nid005005:93047:93047 [2] NCCL INFO Connected to proxy localRank 2 -> connection 0x14e97c0037c0
nid005005:93049:93133 [6] NCCL INFO New proxy recv connection 76 from local rank 6, transport 0
nid005005:93047:93047 [2] NCCL INFO Channel 01/0 : 2[c9000] -> 10[c9000] [receive] via NET/Libfabric/1/GDRDMA comm 0x55aab634aaf0 nRanks 16
nid005005:93047:93047 [2] NCCL INFO GPU Direct RDMA Enabled for GPU c9000 / HCA 1 (distance 6 <= 6), read 0
nid005005:93049:93049 [6] NCCL INFO Connected to proxy localRank 6 -> connection 0x1526580037c0
nid005005:93046:93136 [4] NCCL INFO New proxy recv connection 80 from local rank 4, transport 0
nid005005:93046:93046 [4] NCCL INFO Connected to proxy localRank 4 -> connection 0x147d200039a0
nid005005:93047:93130 [2] NCCL INFO New proxy recv connection 77 from local rank 2, transport 2
nid005005:93047:93047 [2] NCCL INFO Connected to proxy localRank 2 -> connection 0x14e97c003838
nid005005:93047:93047 [2] NCCL INFO Channel 05/0 : 2[c9000] -> 10[c9000] [receive] via NET/Libfabric/1/GDRDMA comm 0x55aab634aaf0 nRanks 16
nid005005:93047:93047 [2] NCCL INFO GPU Direct RDMA Enabled for GPU c9000 / HCA 1 (distance 6 <= 6), read 0
nid005005:93047:93130 [2] NCCL INFO New proxy recv connection 78 from local rank 2, transport 2
nid005005:93047:93047 [2] NCCL INFO Connected to proxy localRank 2 -> connection 0x14e97c0038b0
nid005005:93047:93047 [2] NCCL INFO Channel 09/0 : 2[c9000] -> 10[c9000] [receive] via NET/Libfabric/1/GDRDMA comm 0x55aab634aaf0 nRanks 16
nid005005:93047:93047 [2] NCCL INFO GPU Direct RDMA Enabled for GPU c9000 / HCA 1 (distance 6 <= 6), read 0
nid005005:93047:93130 [2] NCCL INFO New proxy recv connection 79 from local rank 2, transport 2
nid005005:93047:93047 [2] NCCL INFO Connected to proxy localRank 2 -> connection 0x14e97c003928
nid005005:93047:93047 [2] NCCL INFO Channel 13/0 : 2[c9000] -> 10[c9000] [receive] via NET/Libfabric/1/GDRDMA comm 0x55aab634aaf0 nRanks 16
nid005005:93047:93130 [2] NCCL INFO New proxy recv connection 80 from local rank 2, transport 0
nid005001:57739:57830 [2] NCCL INFO New proxy recv connection 80 from local rank 2, transport 0
nid005001:57739:57739 [2] NCCL INFO Connected to proxy localRank 2 -> connection 0x149b0c0039a0
nid005005:93047:93047 [2] NCCL INFO Connected to proxy localRank 2 -> connection 0x14e97c0039a0
nid005005:93051:93051 [7] NCCL INFO GPU Direct RDMA Enabled for GPU de000 / HCA 3 (distance 6 <= 6), read 0
nid005005:93051:93134 [7] NCCL INFO New proxy recv connection 76 from local rank 7, transport 2
nid005005:93051:93051 [7] NCCL INFO Connected to proxy localRank 7 -> connection 0x1503280037c0
nid005005:93050:93132 [3] NCCL INFO New proxy recv connection 80 from local rank 3, transport 0
nid005005:93050:93050 [3] NCCL INFO Connected to proxy localRank 3 -> connection 0x1528b80039a0
nid005005:93051:93051 [7] NCCL INFO Channel 02/0 : 7[de000] -> 15[de000] [receive] via NET/Libfabric/3/GDRDMA comm 0x556dd7d0a120 nRanks 16
nid005005:93051:93051 [7] NCCL INFO GPU Direct RDMA Enabled for GPU de000 / HCA 3 (distance 6 <= 6), read 0
nid005005:93051:93134 [7] NCCL INFO New proxy recv connection 77 from local rank 7, transport 2
nid005001:57741:57741 [1] NCCL INFO Channel 01/0 : 1[c6000] -> 5[d6000] via P2P/IPC comm 0x564286dbbca0 nRanks 16
nid005001:57740:57740 [3] NCCL INFO Channel 00/0 : 3[ce000] -> 7[de000] via P2P/IPC comm 0x55be917ada50 nRanks 16
nid005001:57741:57833 [1] NCCL INFO New proxy send connection 76 from local rank 1, transport 0
nid005001:57741:57741 [1] NCCL INFO Connected to proxy localRank 1 -> connection 0x14ab1c0037c0
nid005005:93051:93051 [7] NCCL INFO Connected to proxy localRank 7 -> connection 0x150328003838
nid005001:57740:57829 [3] NCCL INFO New proxy send connection 76 from local rank 3, transport 0
nid005001:57742:57827 [4] NCCL INFO New proxy recv connection 81 from local rank 4, transport 0
nid005001:57740:57740 [3] NCCL INFO Connected to proxy localRank 3 -> connection 0x148ee00037c0
nid005005:93051:93051 [7] NCCL INFO Channel 06/0 : 7[de000] -> 15[de000] [receive] via NET/Libfabric/3/GDRDMA comm 0x556dd7d0a120 nRanks 16
nid005005:93051:93051 [7] NCCL INFO GPU Direct RDMA Enabled for GPU de000 / HCA 3 (distance 6 <= 6), read 0
nid005001:57742:57742 [4] NCCL INFO Connected to proxy localRank 4 -> connection 0x14560c003a18
nid005005:93051:93134 [7] NCCL INFO New proxy recv connection 78 from local rank 7, transport 2
nid005001:57744:57828 [6] NCCL INFO New proxy recv connection 77 from local rank 6, transport 0
nid005001:57744:57744 [6] NCCL INFO Connected to proxy localRank 6 -> connection 0x14aaa8003838
nid005005:93051:93051 [7] NCCL INFO Connected to proxy localRank 7 -> connection 0x1503280038b0
nid005005:93051:93051 [7] NCCL INFO Channel 10/0 : 7[de000] -> 15[de000] [receive] via NET/Libfabric/3/GDRDMA comm 0x556dd7d0a120 nRanks 16
nid005005:93051:93051 [7] NCCL INFO GPU Direct RDMA Enabled for GPU de000 / HCA 3 (distance 6 <= 6), read 0
nid005005:93051:93134 [7] NCCL INFO New proxy recv connection 79 from local rank 7, transport 2
nid005005:93051:93051 [7] NCCL INFO Connected to proxy localRank 7 -> connection 0x150328003928
nid005005:93051:93051 [7] NCCL INFO Channel 14/0 : 7[de000] -> 15[de000] [receive] via NET/Libfabric/3/GDRDMA comm 0x556dd7d0a120 nRanks 16
nid005005:93048:93048 [5] NCCL INFO GPU Direct RDMA Enabled for GPU d6000 / HCA 2 (distance 6 <= 6), read 0
nid005005:93045:93137 [1] NCCL INFO New proxy recv connection 80 from local rank 1, transport 0
nid005005:93045:93045 [1] NCCL INFO Connected to proxy localRank 1 -> connection 0x14e6280039a0
nid005005:93048:93131 [5] NCCL INFO New proxy recv connection 76 from local rank 5, transport 2
nid005005:93048:93048 [5] NCCL INFO Connected to proxy localRank 5 -> connection 0x14c2f80037c0
nid005005:93048:93048 [5] NCCL INFO Channel 03/0 : 5[d6000] -> 13[d6000] [receive] via NET/Libfabric/2/GDRDMA comm 0x56205b7ca300 nRanks 16
nid005005:93048:93048 [5] NCCL INFO GPU Direct RDMA Enabled for GPU d6000 / HCA 2 (distance 6 <= 6), read 0
nid005005:93048:93131 [5] NCCL INFO New proxy recv connection 77 from local rank 5, transport 2
nid005005:93048:93048 [5] NCCL INFO Connected to proxy localRank 5 -> connection 0x14c2f8003838
nid005005:93048:93048 [5] NCCL INFO Channel 07/0 : 5[d6000] -> 13[d6000] [receive] via NET/Libfabric/2/GDRDMA comm 0x56205b7ca300 nRanks 16
nid005005:93048:93048 [5] NCCL INFO GPU Direct RDMA Enabled for GPU d6000 / HCA 2 (distance 6 <= 6), read 0
nid005005:93048:93131 [5] NCCL INFO New proxy recv connection 78 from local rank 5, transport 2
nid005005:93048:93048 [5] NCCL INFO Connected to proxy localRank 5 -> connection 0x14c2f80038b0
nid005005:93048:93048 [5] NCCL INFO Channel 11/0 : 5[d6000] -> 13[d6000] [receive] via NET/Libfabric/2/GDRDMA comm 0x56205b7ca300 nRanks 16
nid005005:93048:93048 [5] NCCL INFO GPU Direct RDMA Enabled for GPU d6000 / HCA 2 (distance 6 <= 6), read 0
nid005005:93048:93131 [5] NCCL INFO New proxy recv connection 79 from local rank 5, transport 2
nid005005:93048:93048 [5] NCCL INFO Connected to proxy localRank 5 -> connection 0x14c2f8003928
nid005005:93048:93048 [5] NCCL INFO Channel 15/0 : 5[d6000] -> 13[d6000] [receive] via NET/Libfabric/2/GDRDMA comm 0x56205b7ca300 nRanks 16
nid005005:93049:93133 [6] NCCL INFO New proxy recv connection 77 from local rank 6, transport 0
nid005005:93049:93049 [6] NCCL INFO Connected to proxy localRank 6 -> connection 0x152658003838
nid005005:93047:93130 [2] NCCL INFO New proxy recv connection 81 from local rank 2, transport 0
nid005005:93047:93047 [2] NCCL INFO Connected to proxy localRank 2 -> connection 0x14e97c003a18
nid005005:93046:93136 [4] NCCL INFO New proxy recv connection 81 from local rank 4, transport 0
nid005005:93046:93046 [4] NCCL INFO Connected to proxy localRank 4 -> connection 0x147d20003a18
nid005001:57739:57830 [2] NCCL INFO New proxy recv connection 81 from local rank 2, transport 0
nid005001:57739:57739 [2] NCCL INFO Connected to proxy localRank 2 -> connection 0x149b0c003a18
nid005005:93050:93132 [3] NCCL INFO New proxy recv connection 81 from local rank 3, transport 0
nid005005:93050:93050 [3] NCCL INFO Connected to proxy localRank 3 -> connection 0x1528b8003a18
nid005001:57740:57740 [3] NCCL INFO Channel 04/0 : 3[ce000] -> 7[de000] via P2P/IPC comm 0x55be917ada50 nRanks 16
nid005001:57740:57829 [3] NCCL INFO New proxy send connection 77 from local rank 3, transport 0
nid005001:57740:57740 [3] NCCL INFO Connected to proxy localRank 3 -> connection 0x148ee0003838
nid005001:57741:57741 [1] NCCL INFO Channel 05/0 : 1[c6000] -> 5[d6000] via P2P/IPC comm 0x564286dbbca0 nRanks 16
nid005001:57741:57833 [1] NCCL INFO New proxy send connection 77 from local rank 1, transport 0
nid005001:57741:57741 [1] NCCL INFO Connected to proxy localRank 1 -> connection 0x14ab1c003838
nid005005:93045:93137 [1] NCCL INFO New proxy recv connection 81 from local rank 1, transport 0
nid005005:93045:93045 [1] NCCL INFO Connected to proxy localRank 1 -> connection 0x14e628003a18
nid005001:57742:57827 [4] NCCL INFO New proxy recv connection 82 from local rank 4, transport 0
nid005001:57742:57742 [4] NCCL INFO Connected to proxy localRank 4 -> connection 0x14560c003a90
nid005005:93049:93133 [6] NCCL INFO New proxy recv connection 78 from local rank 6, transport 0
nid005005:93049:93049 [6] NCCL INFO Connected to proxy localRank 6 -> connection 0x1526580038b0
nid005001:57744:57828 [6] NCCL INFO New proxy recv connection 78 from local rank 6, transport 0
nid005001:57744:57744 [6] NCCL INFO Connected to proxy localRank 6 -> connection 0x14aaa80038b0
nid005005:93047:93130 [2] NCCL INFO New proxy recv connection 82 from local rank 2, transport 0
nid005005:93047:93047 [2] NCCL INFO Connected to proxy localRank 2 -> connection 0x14e97c003a90
nid005005:93050:93132 [3] NCCL INFO New proxy recv connection 82 from local rank 3, transport 0
nid005005:93050:93050 [3] NCCL INFO Connected to proxy localRank 3 -> connection 0x1528b8003a90
nid005005:93046:93136 [4] NCCL INFO New proxy recv connection 82 from local rank 4, transport 0
nid005005:93046:93046 [4] NCCL INFO Connected to proxy localRank 4 -> connection 0x147d20003a90
nid005001:57739:57830 [2] NCCL INFO New proxy recv connection 82 from local rank 2, transport 0
nid005001:57739:57739 [2] NCCL INFO Connected to proxy localRank 2 -> connection 0x149b0c003a90
nid005001:57740:57740 [3] NCCL INFO Channel 08/0 : 3[ce000] -> 7[de000] via P2P/IPC comm 0x55be917ada50 nRanks 16
nid005001:57740:57829 [3] NCCL INFO New proxy send connection 78 from local rank 3, transport 0
nid005001:57740:57740 [3] NCCL INFO Connected to proxy localRank 3 -> connection 0x148ee00038b0
nid005005:93045:93137 [1] NCCL INFO New proxy recv connection 82 from local rank 1, transport 0
nid005005:93045:93045 [1] NCCL INFO Connected to proxy localRank 1 -> connection 0x14e628003a90
nid005001:57741:57741 [1] NCCL INFO Channel 09/0 : 1[c6000] -> 5[d6000] via P2P/IPC comm 0x564286dbbca0 nRanks 16
nid005001:57741:57833 [1] NCCL INFO New proxy send connection 78 from local rank 1, transport 0
nid005001:57741:57741 [1] NCCL INFO Connected to proxy localRank 1 -> connection 0x14ab1c0038b0
nid005005:93049:93133 [6] NCCL INFO New proxy recv connection 79 from local rank 6, transport 0
nid005005:93049:93049 [6] NCCL INFO Connected to proxy localRank 6 -> connection 0x152658003928
nid005001:57742:57827 [4] NCCL INFO New proxy recv connection 83 from local rank 4, transport 0
nid005001:57742:57742 [4] NCCL INFO Connected to proxy localRank 4 -> connection 0x14560c003b08
nid005001:57744:57828 [6] NCCL INFO New proxy recv connection 79 from local rank 6, transport 0
nid005001:57744:57744 [6] NCCL INFO Connected to proxy localRank 6 -> connection 0x14aaa8003928
nid005005:93047:93130 [2] NCCL INFO New proxy recv connection 83 from local rank 2, transport 0
nid005005:93047:93047 [2] NCCL INFO Connected to proxy localRank 2 -> connection 0x14e97c003b08
nid005005:93050:93132 [3] NCCL INFO New proxy recv connection 83 from local rank 3, transport 0
nid005005:93050:93050 [3] NCCL INFO Connected to proxy localRank 3 -> connection 0x1528b8003b08
nid005001:57740:57740 [3] NCCL INFO Channel 12/0 : 3[ce000] -> 7[de000] via P2P/IPC comm 0x55be917ada50 nRanks 16
nid005001:57740:57829 [3] NCCL INFO New proxy send connection 79 from local rank 3, transport 0
nid005001:57740:57740 [3] NCCL INFO Connected to proxy localRank 3 -> connection 0x148ee0003928
nid005005:93046:93136 [4] NCCL INFO New proxy recv connection 83 from local rank 4, transport 0
nid005005:93046:93046 [4] NCCL INFO Connected to proxy localRank 4 -> connection 0x147d20003b08
nid005001:57739:57830 [2] NCCL INFO New proxy recv connection 83 from local rank 2, transport 0
nid005001:57739:57739 [2] NCCL INFO Connected to proxy localRank 2 -> connection 0x149b0c003b08
nid005005:93045:93137 [1] NCCL INFO New proxy recv connection 83 from local rank 1, transport 0
nid005005:93045:93045 [1] NCCL INFO Connected to proxy localRank 1 -> connection 0x14e628003b08
nid005005:93044:93044 [0] NCCL INFO GPU Direct RDMA Enabled for GPU c1000 / HCA 0 (distance 6 <= 6), read 0
nid005005:93049:93049 [6] NCCL INFO Channel 02/0 : 14[d9000] -> 8[c1000] via P2P/IPC comm 0x55eadb0915e0 nRanks 16
nid005005:93049:93133 [6] NCCL INFO New proxy send connection 80 from local rank 6, transport 0
nid005005:93044:93135 [0] NCCL INFO New proxy recv connection 76 from local rank 0, transport 2
nid005005:93044:93044 [0] NCCL INFO Connected to proxy localRank 0 -> connection 0x14ac380037c0
nid005005:93049:93049 [6] NCCL INFO Connected to proxy localRank 6 -> connection 0x1526580039a0
nid005005:93044:93044 [0] NCCL INFO Channel 00/0 : 0[c1000] -> 8[c1000] [receive] via NET/Libfabric/0/GDRDMA comm 0x561b39d69c40 nRanks 16
nid005005:93044:93044 [0] NCCL INFO GPU Direct RDMA Enabled for GPU c1000 / HCA 0 (distance 6 <= 6), read 0
nid005005:93044:93135 [0] NCCL INFO New proxy recv connection 77 from local rank 0, transport 2
nid005005:93044:93044 [0] NCCL INFO Connected to proxy localRank 0 -> connection 0x14ac38003838
nid005001:57741:57741 [1] NCCL INFO Channel 13/0 : 1[c6000] -> 5[d6000] via P2P/IPC comm 0x564286dbbca0 nRanks 16
nid005001:57741:57833 [1] NCCL INFO New proxy send connection 79 from local rank 1, transport 0
nid005001:57741:57741 [1] NCCL INFO Connected to proxy localRank 1 -> connection 0x14ab1c003928
nid005005:93044:93044 [0] NCCL INFO Channel 04/0 : 0[c1000] -> 8[c1000] [receive] via NET/Libfabric/0/GDRDMA comm 0x561b39d69c40 nRanks 16
nid005005:93044:93044 [0] NCCL INFO GPU Direct RDMA Enabled for GPU c1000 / HCA 0 (distance 6 <= 6), read 0
nid005005:93044:93135 [0] NCCL INFO New proxy recv connection 78 from local rank 0, transport 2
nid005005:93044:93044 [0] NCCL INFO Connected to proxy localRank 0 -> connection 0x14ac380038b0
nid005005:93044:93044 [0] NCCL INFO Channel 08/0 : 0[c1000] -> 8[c1000] [receive] via NET/Libfabric/0/GDRDMA comm 0x561b39d69c40 nRanks 16
nid005005:93044:93044 [0] NCCL INFO GPU Direct RDMA Enabled for GPU c1000 / HCA 0 (distance 6 <= 6), read 0
nid005005:93044:93135 [0] NCCL INFO New proxy recv connection 79 from local rank 0, transport 2
nid005005:93044:93044 [0] NCCL INFO Connected to proxy localRank 0 -> connection 0x14ac38003928
nid005005:93044:93044 [0] NCCL INFO Channel 12/0 : 0[c1000] -> 8[c1000] [receive] via NET/Libfabric/0/GDRDMA comm 0x561b39d69c40 nRanks 16
nid005001:57742:57742 [4] NCCL INFO Channel 02/0 : 4[d1000] -> 2[c9000] via P2P/IPC comm 0x55649a5d5310 nRanks 16
nid005001:57742:57827 [4] NCCL INFO New proxy send connection 84 from local rank 4, transport 0
nid005001:57742:57742 [4] NCCL INFO Connected to proxy localRank 4 -> connection 0x14560c003b80
nid005001:57744:57744 [6] NCCL INFO Channel 03/0 : 6[d9000] -> 0[c1000] via P2P/IPC comm 0x557546059a30 nRanks 16
nid005001:57744:57828 [6] NCCL INFO New proxy send connection 80 from local rank 6, transport 0
nid005001:57738:57738 [0] NCCL INFO GPU Direct RDMA Enabled for GPU c1000 / HCA 0 (distance 6 <= 6), read 1
nid005001:57744:57744 [6] NCCL INFO Connected to proxy localRank 6 -> connection 0x14aaa80039a0
nid005001:57738:57834 [0] NCCL INFO New proxy send connection 76 from local rank 0, transport 2
nid005001:57738:57738 [0] NCCL INFO Connected to proxy localRank 0 -> connection 0x148ce80037c0
nid005001:57738:57738 [0] NCCL INFO Channel 00/0 : 0[c1000] -> 8[c1000] [send] via NET/Libfabric/0/GDRDMA comm 0x5653fa136be0 nRanks 16
nid005001:57738:57738 [0] NCCL INFO GPU Direct RDMA Enabled for GPU c1000 / HCA 0 (distance 6 <= 6), read 1
nid005001:57738:57834 [0] NCCL INFO New proxy send connection 77 from local rank 0, transport 2
nid005001:57738:57738 [0] NCCL INFO Connected to proxy localRank 0 -> connection 0x148ce8003838
nid005001:57738:57738 [0] NCCL INFO Channel 04/0 : 0[c1000] -> 8[c1000] [send] via NET/Libfabric/0/GDRDMA comm 0x5653fa136be0 nRanks 16
nid005001:57738:57738 [0] NCCL INFO GPU Direct RDMA Enabled for GPU c1000 / HCA 0 (distance 6 <= 6), read 1
nid005001:57738:57834 [0] NCCL INFO New proxy send connection 78 from local rank 0, transport 2
nid005001:57738:57738 [0] NCCL INFO Connected to proxy localRank 0 -> connection 0x148ce80038b0
nid005001:57738:57738 [0] NCCL INFO Channel 08/0 : 0[c1000] -> 8[c1000] [send] via NET/Libfabric/0/GDRDMA comm 0x5653fa136be0 nRanks 16
nid005001:57738:57738 [0] NCCL INFO GPU Direct RDMA Enabled for GPU c1000 / HCA 0 (distance 6 <= 6), read 1
nid005001:57738:57834 [0] NCCL INFO New proxy send connection 79 from local rank 0, transport 2
nid005001:57738:57738 [0] NCCL INFO Connected to proxy localRank 0 -> connection 0x148ce8003928
nid005001:57743:57743 [7] NCCL INFO GPU Direct RDMA Enabled for GPU de000 / HCA 3 (distance 6 <= 6), read 1
nid005001:57738:57738 [0] NCCL INFO Channel 12/0 : 0[c1000] -> 8[c1000] [send] via NET/Libfabric/0/GDRDMA comm 0x5653fa136be0 nRanks 16
nid005001:57743:57826 [7] NCCL INFO New proxy send connection 76 from local rank 7, transport 2
nid005001:57743:57743 [7] NCCL INFO Connected to proxy localRank 7 -> connection 0x14c1b00037c0
nid005001:57740:57829 [3] NCCL INFO New proxy recv connection 80 from local rank 3, transport 0
nid005001:57740:57740 [3] NCCL INFO Connected to proxy localRank 3 -> connection 0x148ee00039a0
nid005005:93049:93049 [6] NCCL INFO Channel 06/0 : 14[d9000] -> 8[c1000] via P2P/IPC comm 0x55eadb0915e0 nRanks 16
nid005005:93049:93133 [6] NCCL INFO New proxy send connection 81 from local rank 6, transport 0
nid005005:93049:93049 [6] NCCL INFO Connected to proxy localRank 6 -> connection 0x152658003a18
nid005001:57743:57743 [7] NCCL INFO Channel 02/0 : 7[de000] -> 15[de000] [send] via NET/Libfabric/3/GDRDMA comm 0x55fa1ad54810 nRanks 16
nid005001:57743:57743 [7] NCCL INFO GPU Direct RDMA Enabled for GPU de000 / HCA 3 (distance 6 <= 6), read 1
nid005001:57743:57826 [7] NCCL INFO New proxy send connection 77 from local rank 7, transport 2
nid005001:57743:57743 [7] NCCL INFO Connected to proxy localRank 7 -> connection 0x14c1b0003838
nid005001:57738:57834 [0] NCCL INFO New proxy recv connection 80 from local rank 0, transport 0
nid005001:57738:57738 [0] NCCL INFO Connected to proxy localRank 0 -> connection 0x148ce80039a0
nid005001:57743:57743 [7] NCCL INFO Channel 06/0 : 7[de000] -> 15[de000] [send] via NET/Libfabric/3/GDRDMA comm 0x55fa1ad54810 nRanks 16
nid005001:57743:57743 [7] NCCL INFO GPU Direct RDMA Enabled for GPU de000 / HCA 3 (distance 6 <= 6), read 1
nid005005:93044:93135 [0] NCCL INFO New proxy recv connection 80 from local rank 0, transport 0
nid005005:93044:93044 [0] NCCL INFO Connected to proxy localRank 0 -> connection 0x14ac380039a0
nid005001:57743:57826 [7] NCCL INFO New proxy send connection 78 from local rank 7, transport 2
nid005001:57743:57743 [7] NCCL INFO Connected to proxy localRank 7 -> connection 0x14c1b00038b0
nid005001:57743:57743 [7] NCCL INFO Channel 10/0 : 7[de000] -> 15[de000] [send] via NET/Libfabric/3/GDRDMA comm 0x55fa1ad54810 nRanks 16
nid005001:57743:57743 [7] NCCL INFO GPU Direct RDMA Enabled for GPU de000 / HCA 3 (distance 6 <= 6), read 1
nid005001:57743:57826 [7] NCCL INFO New proxy send connection 79 from local rank 7, transport 2
nid005001:57743:57743 [7] NCCL INFO Connected to proxy localRank 7 -> connection 0x14c1b0003928
nid005005:93046:93046 [4] NCCL INFO Channel 03/0 : 12[d1000] -> 10[c9000] via P2P/IPC comm 0x5633435cdf70 nRanks 16
nid005001:57743:57743 [7] NCCL INFO Channel 14/0 : 7[de000] -> 15[de000] [send] via NET/Libfabric/3/GDRDMA comm 0x55fa1ad54810 nRanks 16
nid005005:93046:93136 [4] NCCL INFO New proxy send connection 84 from local rank 4, transport 0
nid005005:93046:93046 [4] NCCL INFO Connected to proxy localRank 4 -> connection 0x147d20003b80
nid005001:57743:57743 [7] NCCL INFO Channel 01/0 : 7[de000] -> 3[ce000] via P2P/IPC comm 0x55fa1ad54810 nRanks 16
nid005001:57743:57826 [7] NCCL INFO New proxy send connection 80 from local rank 7, transport 0
nid005001:57743:57743 [7] NCCL INFO Connected to proxy localRank 7 -> connection 0x14c1b00039a0
nid005005:93051:93051 [7] NCCL INFO Channel 00/0 : 15[de000] -> 11[ce000] via P2P/IPC comm 0x556dd7d0a120 nRanks 16
nid005005:93051:93134 [7] NCCL INFO New proxy send connection 80 from local rank 7, transport 0
nid005005:93051:93051 [7] NCCL INFO Connected to proxy localRank 7 -> connection 0x1503280039a0
nid005001:57745:57745 [5] NCCL INFO GPU Direct RDMA Enabled for GPU d6000 / HCA 2 (distance 6 <= 6), read 1
nid005001:57741:57833 [1] NCCL INFO New proxy recv connection 80 from local rank 1, transport 0
nid005001:57745:57831 [5] NCCL INFO New proxy send connection 76 from local rank 5, transport 2
nid005001:57745:57745 [5] NCCL INFO Connected to proxy localRank 5 -> connection 0x14b1e00037c0
nid005001:57741:57741 [1] NCCL INFO Connected to proxy localRank 1 -> connection 0x14ab1c0039a0
nid005001:57745:57745 [5] NCCL INFO Channel 03/0 : 5[d6000] -> 13[d6000] [send] via NET/Libfabric/2/GDRDMA comm 0x55c7e6773620 nRanks 16
nid005001:57745:57745 [5] NCCL INFO GPU Direct RDMA Enabled for GPU d6000 / HCA 2 (distance 6 <= 6), read 1
nid005001:57745:57831 [5] NCCL INFO New proxy send connection 77 from local rank 5, transport 2
nid005001:57745:57745 [5] NCCL INFO Connected to proxy localRank 5 -> connection 0x14b1e0003838
nid005001:57745:57745 [5] NCCL INFO Channel 07/0 : 5[d6000] -> 13[d6000] [send] via NET/Libfabric/2/GDRDMA comm 0x55c7e6773620 nRanks 16
nid005001:57745:57745 [5] NCCL INFO GPU Direct RDMA Enabled for GPU d6000 / HCA 2 (distance 6 <= 6), read 1
nid005001:57745:57831 [5] NCCL INFO New proxy send connection 78 from local rank 5, transport 2
nid005001:57745:57745 [5] NCCL INFO Connected to proxy localRank 5 -> connection 0x14b1e00038b0
nid005001:57745:57745 [5] NCCL INFO Channel 11/0 : 5[d6000] -> 13[d6000] [send] via NET/Libfabric/2/GDRDMA comm 0x55c7e6773620 nRanks 16
nid005001:57745:57745 [5] NCCL INFO GPU Direct RDMA Enabled for GPU d6000 / HCA 2 (distance 6 <= 6), read 1
nid005001:57745:57831 [5] NCCL INFO New proxy send connection 79 from local rank 5, transport 2
nid005001:57745:57745 [5] NCCL INFO Connected to proxy localRank 5 -> connection 0x14b1e0003928
nid005001:57745:57745 [5] NCCL INFO Channel 15/0 : 5[d6000] -> 13[d6000] [send] via NET/Libfabric/2/GDRDMA comm 0x55c7e6773620 nRanks 16
nid005001:57745:57745 [5] NCCL INFO Channel 00/0 : 5[d6000] -> 1[c6000] via P2P/IPC comm 0x55c7e6773620 nRanks 16
nid005001:57745:57831 [5] NCCL INFO New proxy send connection 80 from local rank 5, transport 0
nid005001:57745:57745 [5] NCCL INFO Connected to proxy localRank 5 -> connection 0x14b1e00039a0
nid005005:93048:93048 [5] NCCL INFO Channel 01/0 : 13[d6000] -> 9[c6000] via P2P/IPC comm 0x56205b7ca300 nRanks 16
nid005005:93048:93131 [5] NCCL INFO New proxy send connection 80 from local rank 5, transport 0
nid005005:93048:93048 [5] NCCL INFO Connected to proxy localRank 5 -> connection 0x14c2f80039a0
nid005001:57742:57742 [4] NCCL INFO Channel 06/0 : 4[d1000] -> 2[c9000] via P2P/IPC comm 0x55649a5d5310 nRanks 16
nid005001:57742:57827 [4] NCCL INFO New proxy send connection 85 from local rank 4, transport 0
nid005001:57742:57742 [4] NCCL INFO Connected to proxy localRank 4 -> connection 0x14560c003bf8
nid005005:93049:93049 [6] NCCL INFO Channel 10/0 : 14[d9000] -> 8[c1000] via P2P/IPC comm 0x55eadb0915e0 nRanks 16
nid005005:93049:93133 [6] NCCL INFO New proxy send connection 82 from local rank 6, transport 0
nid005001:57740:57829 [3] NCCL INFO New proxy recv connection 81 from local rank 3, transport 0
nid005001:57740:57740 [3] NCCL INFO Connected to proxy localRank 3 -> connection 0x148ee0003a18
nid005005:93049:93049 [6] NCCL INFO Connected to proxy localRank 6 -> connection 0x152658003a90
nid005001:57744:57744 [6] NCCL INFO Channel 07/0 : 6[d9000] -> 0[c1000] via P2P/IPC comm 0x557546059a30 nRanks 16
nid005001:57744:57828 [6] NCCL INFO New proxy send connection 81 from local rank 6, transport 0
nid005001:57744:57744 [6] NCCL INFO Connected to proxy localRank 6 -> connection 0x14aaa8003a18
nid005001:57743:57743 [7] NCCL INFO Channel 05/0 : 7[de000] -> 3[ce000] via P2P/IPC comm 0x55fa1ad54810 nRanks 16
nid005001:57738:57834 [0] NCCL INFO New proxy recv connection 81 from local rank 0, transport 0
nid005001:57743:57826 [7] NCCL INFO New proxy send connection 81 from local rank 7, transport 0
nid005001:57743:57743 [7] NCCL INFO Connected to proxy localRank 7 -> connection 0x14c1b0003a18
nid005001:57738:57738 [0] NCCL INFO Connected to proxy localRank 0 -> connection 0x148ce8003a18
nid005001:57741:57833 [1] NCCL INFO New proxy recv connection 81 from local rank 1, transport 0
nid005001:57741:57741 [1] NCCL INFO Connected to proxy localRank 1 -> connection 0x14ab1c003a18
nid005005:93046:93046 [4] NCCL INFO Channel 07/0 : 12[d1000] -> 10[c9000] via P2P/IPC comm 0x5633435cdf70 nRanks 16
nid005005:93046:93136 [4] NCCL INFO New proxy send connection 85 from local rank 4, transport 0
nid005005:93046:93046 [4] NCCL INFO Connected to proxy localRank 4 -> connection 0x147d20003bf8
nid005005:93044:93135 [0] NCCL INFO New proxy recv connection 81 from local rank 0, transport 0
nid005005:93044:93044 [0] NCCL INFO Connected to proxy localRank 0 -> connection 0x14ac38003a18
nid005005:93048:93048 [5] NCCL INFO Channel 05/0 : 13[d6000] -> 9[c6000] via P2P/IPC comm 0x56205b7ca300 nRanks 16
nid005005:93048:93131 [5] NCCL INFO New proxy send connection 81 from local rank 5, transport 0
nid005005:93048:93048 [5] NCCL INFO Connected to proxy localRank 5 -> connection 0x14c2f8003a18
nid005005:93051:93051 [7] NCCL INFO Channel 04/0 : 15[de000] -> 11[ce000] via P2P/IPC comm 0x556dd7d0a120 nRanks 16
nid005005:93051:93134 [7] NCCL INFO New proxy send connection 81 from local rank 7, transport 0
nid005005:93051:93051 [7] NCCL INFO Connected to proxy localRank 7 -> connection 0x150328003a18
nid005001:57745:57745 [5] NCCL INFO Channel 04/0 : 5[d6000] -> 1[c6000] via P2P/IPC comm 0x55c7e6773620 nRanks 16
nid005001:57742:57742 [4] NCCL INFO Channel 10/0 : 4[d1000] -> 2[c9000] via P2P/IPC comm 0x55649a5d5310 nRanks 16
nid005001:57742:57827 [4] NCCL INFO New proxy send connection 86 from local rank 4, transport 0
nid005001:57742:57742 [4] NCCL INFO Connected to proxy localRank 4 -> connection 0x14560c003c70
nid005005:93049:93049 [6] NCCL INFO Channel 14/0 : 14[d9000] -> 8[c1000] via P2P/IPC comm 0x55eadb0915e0 nRanks 16
nid005005:93049:93133 [6] NCCL INFO New proxy send connection 83 from local rank 6, transport 0
nid005001:57740:57829 [3] NCCL INFO New proxy recv connection 82 from local rank 3, transport 0
nid005001:57740:57740 [3] NCCL INFO Connected to proxy localRank 3 -> connection 0x148ee0003a90
nid005005:93049:93049 [6] NCCL INFO Connected to proxy localRank 6 -> connection 0x152658003b08
nid005001:57745:57831 [5] NCCL INFO New proxy send connection 81 from local rank 5, transport 0
nid005001:57745:57745 [5] NCCL INFO Connected to proxy localRank 5 -> connection 0x14b1e0003a18
nid005001:57743:57743 [7] NCCL INFO Channel 09/0 : 7[de000] -> 3[ce000] via P2P/IPC comm 0x55fa1ad54810 nRanks 16
nid005001:57743:57826 [7] NCCL INFO New proxy send connection 82 from local rank 7, transport 0
nid005001:57743:57743 [7] NCCL INFO Connected to proxy localRank 7 -> connection 0x14c1b0003a90
nid005005:93048:93048 [5] NCCL INFO Channel 09/0 : 13[d6000] -> 9[c6000] via P2P/IPC comm 0x56205b7ca300 nRanks 16
nid005005:93048:93131 [5] NCCL INFO New proxy send connection 82 from local rank 5, transport 0
nid005005:93048:93048 [5] NCCL INFO Connected to proxy localRank 5 -> connection 0x14c2f8003a90
nid005001:57741:57833 [1] NCCL INFO New proxy recv connection 82 from local rank 1, transport 0
nid005001:57741:57741 [1] NCCL INFO Connected to proxy localRank 1 -> connection 0x14ab1c003a90
nid005001:57738:57834 [0] NCCL INFO New proxy recv connection 82 from local rank 0, transport 0
nid005001:57738:57738 [0] NCCL INFO Connected to proxy localRank 0 -> connection 0x148ce8003a90
nid005001:57744:57744 [6] NCCL INFO Channel 11/0 : 6[d9000] -> 0[c1000] via P2P/IPC comm 0x557546059a30 nRanks 16
nid005005:93046:93046 [4] NCCL INFO Channel 11/0 : 12[d1000] -> 10[c9000] via P2P/IPC comm 0x5633435cdf70 nRanks 16
nid005001:57744:57828 [6] NCCL INFO New proxy send connection 82 from local rank 6, transport 0
nid005001:57744:57744 [6] NCCL INFO Connected to proxy localRank 6 -> connection 0x14aaa8003a90
nid005005:93046:93136 [4] NCCL INFO New proxy send connection 86 from local rank 4, transport 0
nid005005:93046:93046 [4] NCCL INFO Connected to proxy localRank 4 -> connection 0x147d20003c70
nid005001:57740:57829 [3] NCCL INFO New proxy recv connection 83 from local rank 3, transport 0
nid005001:57740:57740 [3] NCCL INFO Connected to proxy localRank 3 -> connection 0x148ee0003b08
nid005005:93044:93135 [0] NCCL INFO New proxy recv connection 82 from local rank 0, transport 0
nid005005:93044:93044 [0] NCCL INFO Connected to proxy localRank 0 -> connection 0x14ac38003a90
nid005005:93051:93051 [7] NCCL INFO Channel 08/0 : 15[de000] -> 11[ce000] via P2P/IPC comm 0x556dd7d0a120 nRanks 16
nid005005:93051:93134 [7] NCCL INFO New proxy send connection 82 from local rank 7, transport 0
nid005005:93051:93051 [7] NCCL INFO Connected to proxy localRank 7 -> connection 0x150328003a90
nid005001:57742:57742 [4] NCCL INFO Channel 14/0 : 4[d1000] -> 2[c9000] via P2P/IPC comm 0x55649a5d5310 nRanks 16
nid005001:57742:57827 [4] NCCL INFO New proxy send connection 87 from local rank 4, transport 0
nid005001:57745:57745 [5] NCCL INFO Channel 08/0 : 5[d6000] -> 1[c6000] via P2P/IPC comm 0x55c7e6773620 nRanks 16
nid005001:57742:57742 [4] NCCL INFO Connected to proxy localRank 4 -> connection 0x14560c003ce8
nid005001:57745:57831 [5] NCCL INFO New proxy send connection 82 from local rank 5, transport 0
nid005001:57745:57745 [5] NCCL INFO Connected to proxy localRank 5 -> connection 0x14b1e0003a90
nid005001:57743:57743 [7] NCCL INFO Channel 13/0 : 7[de000] -> 3[ce000] via P2P/IPC comm 0x55fa1ad54810 nRanks 16
nid005001:57743:57826 [7] NCCL INFO New proxy send connection 83 from local rank 7, transport 0
nid005001:57743:57743 [7] NCCL INFO Connected to proxy localRank 7 -> connection 0x14c1b0003b08
nid005005:93048:93048 [5] NCCL INFO Channel 13/0 : 13[d6000] -> 9[c6000] via P2P/IPC comm 0x56205b7ca300 nRanks 16
nid005005:93048:93131 [5] NCCL INFO New proxy send connection 83 from local rank 5, transport 0
nid005005:93048:93048 [5] NCCL INFO Connected to proxy localRank 5 -> connection 0x14c2f8003b08
nid005001:57741:57833 [1] NCCL INFO New proxy recv connection 83 from local rank 1, transport 0
nid005001:57741:57741 [1] NCCL INFO Connected to proxy localRank 1 -> connection 0x14ab1c003b08
nid005001:57738:57834 [0] NCCL INFO New proxy recv connection 83 from local rank 0, transport 0
nid005001:57738:57738 [0] NCCL INFO Connected to proxy localRank 0 -> connection 0x148ce8003b08
nid005005:93046:93046 [4] NCCL INFO Channel 15/0 : 12[d1000] -> 10[c9000] via P2P/IPC comm 0x5633435cdf70 nRanks 16
nid005005:93046:93136 [4] NCCL INFO New proxy send connection 87 from local rank 4, transport 0
nid005005:93046:93046 [4] NCCL INFO Connected to proxy localRank 4 -> connection 0x147d20003ce8
nid005001:57744:57744 [6] NCCL INFO Channel 15/0 : 6[d9000] -> 0[c1000] via P2P/IPC comm 0x557546059a30 nRanks 16
nid005001:57744:57828 [6] NCCL INFO New proxy send connection 83 from local rank 6, transport 0
nid005001:57744:57744 [6] NCCL INFO Connected to proxy localRank 6 -> connection 0x14aaa8003b08
nid005005:93044:93135 [0] NCCL INFO New proxy recv connection 83 from local rank 0, transport 0
nid005005:93044:93044 [0] NCCL INFO Connected to proxy localRank 0 -> connection 0x14ac38003b08
nid005001:57743:57743 [7] NCCL INFO Channel 00/0 : 7[de000] -> 6[d9000] via P2P/IPC comm 0x55fa1ad54810 nRanks 16
nid005001:57740:57740 [3] NCCL INFO Channel 02/0 : 3[ce000] -> 1[c6000] via P2P/IPC comm 0x55be917ada50 nRanks 16
nid005001:57740:57829 [3] NCCL INFO New proxy send connection 84 from local rank 3, transport 0
nid005001:57740:57740 [3] NCCL INFO Connected to proxy localRank 3 -> connection 0x148ee0003b80
nid005001:57743:57826 [7] NCCL INFO New proxy send connection 84 from local rank 7, transport 0
nid005001:57743:57743 [7] NCCL INFO Connected to proxy localRank 7 -> connection 0x14c1b0003b80
nid005005:93045:93137 [1] NCCL INFO New proxy recv connection 84 from local rank 1, transport 0
nid005005:93045:93045 [1] NCCL INFO Connected to proxy localRank 1 -> connection 0x14e628003b80
nid005005:93048:93048 [5] NCCL INFO Channel 00/0 : 13[d6000] -> 12[d1000] via P2P/IPC comm 0x56205b7ca300 nRanks 16
nid005005:93051:93051 [7] NCCL INFO Channel 12/0 : 15[de000] -> 11[ce000] via P2P/IPC comm 0x556dd7d0a120 nRanks 16
nid005005:93048:93131 [5] NCCL INFO New proxy send connection 84 from local rank 5, transport 0
nid005005:93048:93048 [5] NCCL INFO Connected to proxy localRank 5 -> connection 0x14c2f8003b80
nid005005:93051:93134 [7] NCCL INFO New proxy send connection 83 from local rank 7, transport 0
nid005005:93051:93051 [7] NCCL INFO Connected to proxy localRank 7 -> connection 0x150328003b08
nid005001:57739:57830 [2] NCCL INFO New proxy recv connection 84 from local rank 2, transport 0
nid005001:57739:57739 [2] NCCL INFO Connected to proxy localRank 2 -> connection 0x149b0c003b80
nid005001:57745:57745 [5] NCCL INFO Channel 12/0 : 5[d6000] -> 1[c6000] via P2P/IPC comm 0x55c7e6773620 nRanks 16
nid005001:57745:57831 [5] NCCL INFO New proxy send connection 83 from local rank 5, transport 0
nid005001:57745:57745 [5] NCCL INFO Connected to proxy localRank 5 -> connection 0x14b1e0003b08
nid005005:93047:93130 [2] NCCL INFO New proxy recv connection 84 from local rank 2, transport 0
nid005005:93047:93047 [2] NCCL INFO Connected to proxy localRank 2 -> connection 0x14e97c003b80
nid005001:57743:57743 [7] NCCL INFO Channel 03/0 : 7[de000] -> 6[d9000] via P2P/IPC comm 0x55fa1ad54810 nRanks 16
nid005001:57743:57826 [7] NCCL INFO New proxy send connection 85 from local rank 7, transport 0
nid005001:57743:57743 [7] NCCL INFO Connected to proxy localRank 7 -> connection 0x14c1b0003bf8
nid005005:93048:93048 [5] NCCL INFO Channel 03/0 : 13[d6000] -> 12[d1000] via P2P/IPC comm 0x56205b7ca300 nRanks 16
nid005005:93048:93131 [5] NCCL INFO New proxy send connection 85 from local rank 5, transport 0
nid005005:93048:93048 [5] NCCL INFO Connected to proxy localRank 5 -> connection 0x14c2f8003bf8
nid005005:93045:93137 [1] NCCL INFO New proxy recv connection 85 from local rank 1, transport 0
nid005005:93045:93045 [1] NCCL INFO Connected to proxy localRank 1 -> connection 0x14e628003bf8
nid005001:57738:57834 [0] NCCL INFO New proxy recv connection 84 from local rank 0, transport 0
nid005001:57738:57738 [0] NCCL INFO Connected to proxy localRank 0 -> connection 0x148ce8003b80
nid005001:57744:57744 [6] NCCL INFO Channel 00/0 : 6[d9000] -> 4[d1000] via P2P/IPC comm 0x557546059a30 nRanks 16
nid005001:57744:57828 [6] NCCL INFO New proxy send connection 84 from local rank 6, transport 0
nid005001:57744:57744 [6] NCCL INFO Connected to proxy localRank 6 -> connection 0x14aaa8003b80
nid005001:57740:57740 [3] NCCL INFO Channel 06/0 : 3[ce000] -> 1[c6000] via P2P/IPC comm 0x55be917ada50 nRanks 16
nid005001:57740:57829 [3] NCCL INFO New proxy send connection 85 from local rank 3, transport 0
nid005001:57740:57740 [3] NCCL INFO Connected to proxy localRank 3 -> connection 0x148ee0003bf8
nid005005:93049:93049 [6] NCCL INFO Channel 01/0 : 14[d9000] -> 12[d1000] via P2P/IPC comm 0x55eadb0915e0 nRanks 16
nid005005:93049:93133 [6] NCCL INFO New proxy send connection 84 from local rank 6, transport 0
nid005005:93049:93049 [6] NCCL INFO Connected to proxy localRank 6 -> connection 0x152658003b80
nid005005:93044:93135 [0] NCCL INFO New proxy recv connection 84 from local rank 0, transport 0
nid005005:93044:93044 [0] NCCL INFO Connected to proxy localRank 0 -> connection 0x14ac38003b80
nid005001:57739:57830 [2] NCCL INFO New proxy recv connection 85 from local rank 2, transport 0
nid005001:57739:57739 [2] NCCL INFO Connected to proxy localRank 2 -> connection 0x149b0c003bf8
nid005005:93051:93051 [7] NCCL INFO Channel 01/0 : 15[de000] -> 14[d9000] via P2P/IPC comm 0x556dd7d0a120 nRanks 16
nid005005:93050:93050 [3] NCCL INFO Channel 03/0 : 11[ce000] -> 9[c6000] via P2P/IPC comm 0x55ee6d4ff060 nRanks 16
nid005005:93050:93132 [3] NCCL INFO New proxy send connection 84 from local rank 3, transport 0
nid005001:57741:57833 [1] NCCL INFO New proxy recv connection 84 from local rank 1, transport 0
nid005001:57741:57741 [1] NCCL INFO Connected to proxy localRank 1 -> connection 0x14ab1c003b80
nid005001:57745:57745 [5] NCCL INFO Channel 01/0 : 5[d6000] -> 4[d1000] via P2P/IPC comm 0x55c7e6773620 nRanks 16
nid005001:57745:57831 [5] NCCL INFO New proxy send connection 84 from local rank 5, transport 0
nid005001:57745:57745 [5] NCCL INFO Connected to proxy localRank 5 -> connection 0x14b1e0003b80
nid005005:93051:93134 [7] NCCL INFO New proxy send connection 84 from local rank 7, transport 0
nid005005:93051:93051 [7] NCCL INFO Connected to proxy localRank 7 -> connection 0x150328003b80
nid005005:93050:93050 [3] NCCL INFO Connected to proxy localRank 3 -> connection 0x1528b8003b80
nid005005:93047:93130 [2] NCCL INFO New proxy recv connection 85 from local rank 2, transport 0
nid005005:93047:93047 [2] NCCL INFO Connected to proxy localRank 2 -> connection 0x14e97c003bf8
nid005001:57743:57743 [7] NCCL INFO Channel 04/0 : 7[de000] -> 6[d9000] via P2P/IPC comm 0x55fa1ad54810 nRanks 16
nid005001:57743:57826 [7] NCCL INFO New proxy send connection 86 from local rank 7, transport 0
nid005001:57743:57743 [7] NCCL INFO Connected to proxy localRank 7 -> connection 0x14c1b0003c70
nid005005:93048:93048 [5] NCCL INFO Channel 04/0 : 13[d6000] -> 12[d1000] via P2P/IPC comm 0x56205b7ca300 nRanks 16
nid005005:93048:93131 [5] NCCL INFO New proxy send connection 86 from local rank 5, transport 0
nid005005:93048:93048 [5] NCCL INFO Connected to proxy localRank 5 -> connection 0x14c2f8003c70
nid005005:93045:93137 [1] NCCL INFO New proxy recv connection 86 from local rank 1, transport 0
nid005005:93045:93045 [1] NCCL INFO Connected to proxy localRank 1 -> connection 0x14e628003c70
nid005005:93049:93049 [6] NCCL INFO Channel 05/0 : 14[d9000] -> 12[d1000] via P2P/IPC comm 0x55eadb0915e0 nRanks 16
nid005005:93049:93133 [6] NCCL INFO New proxy send connection 85 from local rank 6, transport 0
nid005005:93049:93049 [6] NCCL INFO Connected to proxy localRank 6 -> connection 0x152658003bf8
nid005001:57738:57834 [0] NCCL INFO New proxy recv connection 85 from local rank 0, transport 0
nid005001:57738:57738 [0] NCCL INFO Connected to proxy localRank 0 -> connection 0x148ce8003bf8
nid005001:57740:57740 [3] NCCL INFO Channel 10/0 : 3[ce000] -> 1[c6000] via P2P/IPC comm 0x55be917ada50 nRanks 16
nid005001:57740:57829 [3] NCCL INFO New proxy send connection 86 from local rank 3, transport 0
nid005005:93050:93050 [3] NCCL INFO Channel 07/0 : 11[ce000] -> 9[c6000] via P2P/IPC comm 0x55ee6d4ff060 nRanks 16
nid005005:93050:93132 [3] NCCL INFO New proxy send connection 85 from local rank 3, transport 0
nid005005:93050:93050 [3] NCCL INFO Connected to proxy localRank 3 -> connection 0x1528b8003bf8
nid005001:57740:57740 [3] NCCL INFO Connected to proxy localRank 3 -> connection 0x148ee0003c70
nid005005:93044:93135 [0] NCCL INFO New proxy recv connection 85 from local rank 0, transport 0
nid005005:93044:93044 [0] NCCL INFO Connected to proxy localRank 0 -> connection 0x14ac38003bf8
nid005001:57739:57830 [2] NCCL INFO New proxy recv connection 86 from local rank 2, transport 0
nid005001:57744:57744 [6] NCCL INFO Channel 04/0 : 6[d9000] -> 4[d1000] via P2P/IPC comm 0x557546059a30 nRanks 16
nid005001:57739:57739 [2] NCCL INFO Connected to proxy localRank 2 -> connection 0x149b0c003c70
nid005001:57744:57828 [6] NCCL INFO New proxy send connection 85 from local rank 6, transport 0
nid005001:57744:57744 [6] NCCL INFO Connected to proxy localRank 6 -> connection 0x14aaa8003bf8
nid005001:57741:57833 [1] NCCL INFO New proxy recv connection 85 from local rank 1, transport 0
nid005001:57741:57741 [1] NCCL INFO Connected to proxy localRank 1 -> connection 0x14ab1c003bf8
nid005001:57745:57745 [5] NCCL INFO Channel 02/0 : 5[d6000] -> 4[d1000] via P2P/IPC comm 0x55c7e6773620 nRanks 16
nid005001:57745:57831 [5] NCCL INFO New proxy send connection 85 from local rank 5, transport 0
nid005001:57745:57745 [5] NCCL INFO Connected to proxy localRank 5 -> connection 0x14b1e0003bf8
nid005005:93051:93051 [7] NCCL INFO Channel 02/0 : 15[de000] -> 14[d9000] via P2P/IPC comm 0x556dd7d0a120 nRanks 16
nid005005:93051:93134 [7] NCCL INFO New proxy send connection 85 from local rank 7, transport 0
nid005005:93051:93051 [7] NCCL INFO Connected to proxy localRank 7 -> connection 0x150328003bf8
nid005005:93047:93130 [2] NCCL INFO New proxy recv connection 86 from local rank 2, transport 0
nid005005:93047:93047 [2] NCCL INFO Connected to proxy localRank 2 -> connection 0x14e97c003c70
nid005001:57743:57743 [7] NCCL INFO Channel 07/0 : 7[de000] -> 6[d9000] via P2P/IPC comm 0x55fa1ad54810 nRanks 16
nid005001:57743:57826 [7] NCCL INFO New proxy send connection 87 from local rank 7, transport 0
nid005001:57743:57743 [7] NCCL INFO Connected to proxy localRank 7 -> connection 0x14c1b0003ce8
nid005005:93048:93048 [5] NCCL INFO Channel 07/0 : 13[d6000] -> 12[d1000] via P2P/IPC comm 0x56205b7ca300 nRanks 16
nid005005:93048:93131 [5] NCCL INFO New proxy send connection 87 from local rank 5, transport 0
nid005005:93048:93048 [5] NCCL INFO Connected to proxy localRank 5 -> connection 0x14c2f8003ce8
nid005005:93049:93049 [6] NCCL INFO Channel 09/0 : 14[d9000] -> 12[d1000] via P2P/IPC comm 0x55eadb0915e0 nRanks 16
nid005005:93045:93137 [1] NCCL INFO New proxy recv connection 87 from local rank 1, transport 0
nid005005:93045:93045 [1] NCCL INFO Connected to proxy localRank 1 -> connection 0x14e628003ce8
nid005005:93049:93133 [6] NCCL INFO New proxy send connection 86 from local rank 6, transport 0
nid005005:93049:93049 [6] NCCL INFO Connected to proxy localRank 6 -> connection 0x152658003c70
nid005005:93050:93050 [3] NCCL INFO Channel 11/0 : 11[ce000] -> 9[c6000] via P2P/IPC comm 0x55ee6d4ff060 nRanks 16
nid005005:93050:93132 [3] NCCL INFO New proxy send connection 86 from local rank 3, transport 0
nid005005:93050:93050 [3] NCCL INFO Connected to proxy localRank 3 -> connection 0x1528b8003c70
nid005001:57738:57834 [0] NCCL INFO New proxy recv connection 86 from local rank 0, transport 0
nid005001:57738:57738 [0] NCCL INFO Connected to proxy localRank 0 -> connection 0x148ce8003c70
nid005001:57739:57830 [2] NCCL INFO New proxy recv connection 87 from local rank 2, transport 0
nid005001:57739:57739 [2] NCCL INFO Connected to proxy localRank 2 -> connection 0x149b0c003ce8
nid005001:57740:57740 [3] NCCL INFO Channel 14/0 : 3[ce000] -> 1[c6000] via P2P/IPC comm 0x55be917ada50 nRanks 16
nid005001:57740:57829 [3] NCCL INFO New proxy send connection 87 from local rank 3, transport 0
nid005001:57741:57833 [1] NCCL INFO New proxy recv connection 86 from local rank 1, transport 0
nid005001:57740:57740 [3] NCCL INFO Connected to proxy localRank 3 -> connection 0x148ee0003ce8
nid005001:57741:57741 [1] NCCL INFO Connected to proxy localRank 1 -> connection 0x14ab1c003c70
nid005005:93044:93135 [0] NCCL INFO New proxy recv connection 86 from local rank 0, transport 0
nid005005:93044:93044 [0] NCCL INFO Connected to proxy localRank 0 -> connection 0x14ac38003c70
nid005001:57744:57744 [6] NCCL INFO Channel 08/0 : 6[d9000] -> 4[d1000] via P2P/IPC comm 0x557546059a30 nRanks 16
nid005001:57744:57828 [6] NCCL INFO New proxy send connection 86 from local rank 6, transport 0
nid005001:57744:57744 [6] NCCL INFO Connected to proxy localRank 6 -> connection 0x14aaa8003c70
nid005005:93051:93051 [7] NCCL INFO Channel 05/0 : 15[de000] -> 14[d9000] via P2P/IPC comm 0x556dd7d0a120 nRanks 16
nid005005:93051:93134 [7] NCCL INFO New proxy send connection 86 from local rank 7, transport 0
nid005005:93051:93051 [7] NCCL INFO Connected to proxy localRank 7 -> connection 0x150328003c70
nid005005:93047:93130 [2] NCCL INFO New proxy recv connection 87 from local rank 2, transport 0
nid005005:93047:93047 [2] NCCL INFO Connected to proxy localRank 2 -> connection 0x14e97c003ce8
nid005005:93049:93049 [6] NCCL INFO Channel 13/0 : 14[d9000] -> 12[d1000] via P2P/IPC comm 0x55eadb0915e0 nRanks 16
nid005005:93049:93133 [6] NCCL INFO New proxy send connection 87 from local rank 6, transport 0
nid005001:57743:57743 [7] NCCL INFO Channel 08/0 : 7[de000] -> 6[d9000] via P2P/IPC comm 0x55fa1ad54810 nRanks 16
nid005001:57743:57826 [7] NCCL INFO New proxy send connection 88 from local rank 7, transport 0
nid005001:57743:57743 [7] NCCL INFO Connected to proxy localRank 7 -> connection 0x14c1b0003d60
nid005005:93049:93049 [6] NCCL INFO Connected to proxy localRank 6 -> connection 0x152658003ce8
nid005005:93048:93048 [5] NCCL INFO Channel 08/0 : 13[d6000] -> 12[d1000] via P2P/IPC comm 0x56205b7ca300 nRanks 16
nid005005:93048:93131 [5] NCCL INFO New proxy send connection 88 from local rank 5, transport 0
nid005005:93048:93048 [5] NCCL INFO Connected to proxy localRank 5 -> connection 0x14c2f8003d60
nid005005:93050:93050 [3] NCCL INFO Channel 15/0 : 11[ce000] -> 9[c6000] via P2P/IPC comm 0x55ee6d4ff060 nRanks 16
nid005005:93050:93132 [3] NCCL INFO New proxy send connection 87 from local rank 3, transport 0
nid005005:93050:93050 [3] NCCL INFO Connected to proxy localRank 3 -> connection 0x1528b8003ce8
nid005001:57745:57745 [5] NCCL INFO Channel 05/0 : 5[d6000] -> 4[d1000] via P2P/IPC comm 0x55c7e6773620 nRanks 16
nid005001:57745:57831 [5] NCCL INFO New proxy send connection 86 from local rank 5, transport 0
nid005001:57745:57745 [5] NCCL INFO Connected to proxy localRank 5 -> connection 0x14b1e0003c70
nid005001:57739:57830 [2] NCCL INFO New proxy recv connection 88 from local rank 2, transport 0
nid005001:57739:57739 [2] NCCL INFO Connected to proxy localRank 2 -> connection 0x149b0c003d60
nid005001:57741:57833 [1] NCCL INFO New proxy recv connection 87 from local rank 1, transport 0
nid005001:57741:57741 [1] NCCL INFO Connected to proxy localRank 1 -> connection 0x14ab1c003ce8
nid005001:57738:57834 [0] NCCL INFO New proxy recv connection 87 from local rank 0, transport 0
nid005001:57738:57738 [0] NCCL INFO Connected to proxy localRank 0 -> connection 0x148ce8003ce8
nid005005:93049:93133 [6] NCCL INFO New proxy recv connection 88 from local rank 6, transport 0
nid005005:93049:93049 [6] NCCL INFO Connected to proxy localRank 6 -> connection 0x152658003d60
nid005001:57743:57743 [7] NCCL INFO Channel 11/0 : 7[de000] -> 6[d9000] via P2P/IPC comm 0x55fa1ad54810 nRanks 16
nid005001:57743:57826 [7] NCCL INFO New proxy send connection 89 from local rank 7, transport 0
nid005001:57743:57743 [7] NCCL INFO Connected to proxy localRank 7 -> connection 0x14c1b0003dd8
nid005005:93046:93136 [4] NCCL INFO New proxy recv connection 88 from local rank 4, transport 0
nid005005:93046:93046 [4] NCCL INFO Connected to proxy localRank 4 -> connection 0x147d20003d60
nid005005:93047:93130 [2] NCCL INFO New proxy recv connection 88 from local rank 2, transport 0
nid005005:93047:93047 [2] NCCL INFO Connected to proxy localRank 2 -> connection 0x14e97c003d60
nid005005:93048:93048 [5] NCCL INFO Channel 11/0 : 13[d6000] -> 12[d1000] via P2P/IPC comm 0x56205b7ca300 nRanks 16
nid005005:93048:93131 [5] NCCL INFO New proxy send connection 89 from local rank 5, transport 0
nid005005:93048:93048 [5] NCCL INFO Connected to proxy localRank 5 -> connection 0x14c2f8003dd8
nid005005:93044:93135 [0] NCCL INFO New proxy recv connection 87 from local rank 0, transport 0
nid005005:93044:93044 [0] NCCL INFO Connected to proxy localRank 0 -> connection 0x14ac38003ce8
nid005005:93045:93045 [1] NCCL INFO Channel 01/0 : 9[c6000] -> 8[c1000] via P2P/IPC comm 0x5633a9c121c0 nRanks 16
nid005005:93045:93137 [1] NCCL INFO New proxy send connection 88 from local rank 1, transport 0
nid005005:93050:93050 [3] NCCL INFO Channel 00/0 : 11[ce000] -> 10[c9000] via P2P/IPC comm 0x55ee6d4ff060 nRanks 16
nid005005:93050:93132 [3] NCCL INFO New proxy send connection 88 from local rank 3, transport 0
nid005005:93045:93045 [1] NCCL INFO Connected to proxy localRank 1 -> connection 0x14e628003d60
nid005005:93050:93050 [3] NCCL INFO Connected to proxy localRank 3 -> connection 0x1528b8003d60
nid005001:57744:57744 [6] NCCL INFO Channel 12/0 : 6[d9000] -> 4[d1000] via P2P/IPC comm 0x557546059a30 nRanks 16
nid005005:93051:93051 [7] NCCL INFO Channel 06/0 : 15[de000] -> 14[d9000] via P2P/IPC comm 0x556dd7d0a120 nRanks 16
nid005005:93051:93134 [7] NCCL INFO New proxy send connection 87 from local rank 7, transport 0
nid005001:57744:57828 [6] NCCL INFO New proxy send connection 87 from local rank 6, transport 0
nid005001:57744:57744 [6] NCCL INFO Connected to proxy localRank 6 -> connection 0x14aaa8003ce8
nid005005:93051:93051 [7] NCCL INFO Connected to proxy localRank 7 -> connection 0x150328003ce8
nid005001:57745:57745 [5] NCCL INFO Channel 06/0 : 5[d6000] -> 4[d1000] via P2P/IPC comm 0x55c7e6773620 nRanks 16
nid005001:57745:57831 [5] NCCL INFO New proxy send connection 87 from local rank 5, transport 0
nid005001:57745:57745 [5] NCCL INFO Connected to proxy localRank 5 -> connection 0x14b1e0003ce8
nid005001:57739:57830 [2] NCCL INFO New proxy recv connection 89 from local rank 2, transport 0
nid005001:57739:57739 [2] NCCL INFO Connected to proxy localRank 2 -> connection 0x149b0c003dd8
nid005005:93049:93133 [6] NCCL INFO New proxy recv connection 89 from local rank 6, transport 0
nid005005:93049:93049 [6] NCCL INFO Connected to proxy localRank 6 -> connection 0x152658003dd8
nid005001:57740:57740 [3] NCCL INFO Channel 01/0 : 3[ce000] -> 2[c9000] via P2P/IPC comm 0x55be917ada50 nRanks 16
nid005001:57740:57829 [3] NCCL INFO New proxy send connection 88 from local rank 3, transport 0
nid005001:57741:57741 [1] NCCL INFO Channel 00/0 : 1[c6000] -> 0[c1000] via P2P/IPC comm 0x564286dbbca0 nRanks 16
nid005001:57740:57740 [3] NCCL INFO Connected to proxy localRank 3 -> connection 0x148ee0003d60
nid005001:57741:57833 [1] NCCL INFO New proxy send connection 88 from local rank 1, transport 0
nid005001:57741:57741 [1] NCCL INFO Connected to proxy localRank 1 -> connection 0x14ab1c003d60
nid005001:57738:57834 [0] NCCL INFO New proxy recv connection 88 from local rank 0, transport 0
nid005001:57738:57738 [0] NCCL INFO Connected to proxy localRank 0 -> connection 0x148ce8003d60
nid005005:93047:93130 [2] NCCL INFO New proxy recv connection 89 from local rank 2, transport 0
nid005005:93047:93047 [2] NCCL INFO Connected to proxy localRank 2 -> connection 0x14e97c003dd8
nid005001:57743:57743 [7] NCCL INFO Channel 12/0 : 7[de000] -> 6[d9000] via P2P/IPC comm 0x55fa1ad54810 nRanks 16
nid005001:57743:57826 [7] NCCL INFO New proxy send connection 90 from local rank 7, transport 0
nid005001:57743:57743 [7] NCCL INFO Connected to proxy localRank 7 -> connection 0x14c1b0003e50
nid005005:93048:93048 [5] NCCL INFO Channel 12/0 : 13[d6000] -> 12[d1000] via P2P/IPC comm 0x56205b7ca300 nRanks 16
nid005005:93048:93131 [5] NCCL INFO New proxy send connection 90 from local rank 5, transport 0
nid005005:93048:93048 [5] NCCL INFO Connected to proxy localRank 5 -> connection 0x14c2f8003e50
nid005005:93050:93050 [3] NCCL INFO Channel 02/0 : 11[ce000] -> 10[c9000] via P2P/IPC comm 0x55ee6d4ff060 nRanks 16
nid005005:93050:93132 [3] NCCL INFO New proxy send connection 89 from local rank 3, transport 0
nid005005:93050:93050 [3] NCCL INFO Connected to proxy localRank 3 -> connection 0x1528b8003dd8
nid005005:93046:93136 [4] NCCL INFO New proxy recv connection 89 from local rank 4, transport 0
nid005005:93046:93046 [4] NCCL INFO Connected to proxy localRank 4 -> connection 0x147d20003dd8
nid005005:93045:93045 [1] NCCL INFO Channel 03/0 : 9[c6000] -> 8[c1000] via P2P/IPC comm 0x5633a9c121c0 nRanks 16
nid005005:93045:93137 [1] NCCL INFO New proxy send connection 89 from local rank 1, transport 0
nid005005:93045:93045 [1] NCCL INFO Connected to proxy localRank 1 -> connection 0x14e628003dd8
nid005005:93044:93135 [0] NCCL INFO New proxy recv connection 88 from local rank 0, transport 0
nid005005:93044:93044 [0] NCCL INFO Connected to proxy localRank 0 -> connection 0x14ac38003d60
nid005005:93051:93051 [7] NCCL INFO Channel 09/0 : 15[de000] -> 14[d9000] via P2P/IPC comm 0x556dd7d0a120 nRanks 16
nid005005:93051:93134 [7] NCCL INFO New proxy send connection 88 from local rank 7, transport 0
nid005005:93051:93051 [7] NCCL INFO Connected to proxy localRank 7 -> connection 0x150328003d60
nid005001:57742:57827 [4] NCCL INFO New proxy recv connection 88 from local rank 4, transport 0
nid005001:57742:57742 [4] NCCL INFO Connected to proxy localRank 4 -> connection 0x14560c003d60
nid005001:57744:57828 [6] NCCL INFO New proxy recv connection 88 from local rank 6, transport 0
nid005001:57744:57744 [6] NCCL INFO Connected to proxy localRank 6 -> connection 0x14aaa8003d60
nid005001:57739:57830 [2] NCCL INFO New proxy recv connection 90 from local rank 2, transport 0
nid005001:57739:57739 [2] NCCL INFO Connected to proxy localRank 2 -> connection 0x149b0c003e50
nid005005:93049:93133 [6] NCCL INFO New proxy recv connection 90 from local rank 6, transport 0
nid005005:93049:93049 [6] NCCL INFO Connected to proxy localRank 6 -> connection 0x152658003e50
nid005001:57745:57745 [5] NCCL INFO Channel 09/0 : 5[d6000] -> 4[d1000] via P2P/IPC comm 0x55c7e6773620 nRanks 16
nid005001:57745:57831 [5] NCCL INFO New proxy send connection 88 from local rank 5, transport 0
nid005001:57745:57745 [5] NCCL INFO Connected to proxy localRank 5 -> connection 0x14b1e0003d60
nid005005:93050:93050 [3] NCCL INFO Channel 04/0 : 11[ce000] -> 10[c9000] via P2P/IPC comm 0x55ee6d4ff060 nRanks 16
nid005005:93050:93132 [3] NCCL INFO New proxy send connection 90 from local rank 3, transport 0
nid005005:93047:93130 [2] NCCL INFO New proxy recv connection 90 from local rank 2, transport 0
nid005005:93047:93047 [2] NCCL INFO Connected to proxy localRank 2 -> connection 0x14e97c003e50
nid005005:93048:93048 [5] NCCL INFO Channel 15/0 : 13[d6000] -> 12[d1000] via P2P/IPC comm 0x56205b7ca300 nRanks 16
nid005005:93048:93131 [5] NCCL INFO New proxy send connection 91 from local rank 5, transport 0
nid005005:93050:93050 [3] NCCL INFO Connected to proxy localRank 3 -> connection 0x1528b8003e50
nid005005:93048:93048 [5] NCCL INFO Connected to proxy localRank 5 -> connection 0x14c2f8003ec8
nid005001:57743:57743 [7] NCCL INFO Channel 15/0 : 7[de000] -> 6[d9000] via P2P/IPC comm 0x55fa1ad54810 nRanks 16
nid005001:57743:57826 [7] NCCL INFO New proxy send connection 91 from local rank 7, transport 0
nid005001:57743:57743 [7] NCCL INFO Connected to proxy localRank 7 -> connection 0x14c1b0003ec8
nid005001:57741:57741 [1] NCCL INFO Channel 02/0 : 1[c6000] -> 0[c1000] via P2P/IPC comm 0x564286dbbca0 nRanks 16
nid005001:57741:57833 [1] NCCL INFO New proxy send connection 89 from local rank 1, transport 0
nid005001:57741:57741 [1] NCCL INFO Connected to proxy localRank 1 -> connection 0x14ab1c003dd8
nid005001:57740:57740 [3] NCCL INFO Channel 03/0 : 3[ce000] -> 2[c9000] via P2P/IPC comm 0x55be917ada50 nRanks 16
nid005001:57740:57829 [3] NCCL INFO New proxy send connection 89 from local rank 3, transport 0
nid005001:57740:57740 [3] NCCL INFO Connected to proxy localRank 3 -> connection 0x148ee0003dd8
nid005001:57738:57834 [0] NCCL INFO New proxy recv connection 89 from local rank 0, transport 0
nid005001:57738:57738 [0] NCCL INFO Connected to proxy localRank 0 -> connection 0x148ce8003dd8
nid005005:93045:93045 [1] NCCL INFO Channel 05/0 : 9[c6000] -> 8[c1000] via P2P/IPC comm 0x5633a9c121c0 nRanks 16
nid005005:93045:93137 [1] NCCL INFO New proxy send connection 90 from local rank 1, transport 0
nid005005:93045:93045 [1] NCCL INFO Connected to proxy localRank 1 -> connection 0x14e628003e50
nid005005:93046:93136 [4] NCCL INFO New proxy recv connection 90 from local rank 4, transport 0
nid005005:93046:93046 [4] NCCL INFO Connected to proxy localRank 4 -> connection 0x147d20003e50
nid005005:93044:93135 [0] NCCL INFO New proxy recv connection 89 from local rank 0, transport 0
nid005005:93044:93044 [0] NCCL INFO Connected to proxy localRank 0 -> connection 0x14ac38003dd8
nid005005:93049:93133 [6] NCCL INFO New proxy recv connection 91 from local rank 6, transport 0
nid005005:93049:93049 [6] NCCL INFO Connected to proxy localRank 6 -> connection 0x152658003ec8
nid005005:93051:93051 [7] NCCL INFO Channel 10/0 : 15[de000] -> 14[d9000] via P2P/IPC comm 0x556dd7d0a120 nRanks 16
nid005005:93051:93134 [7] NCCL INFO New proxy send connection 89 from local rank 7, transport 0
nid005005:93051:93051 [7] NCCL INFO Connected to proxy localRank 7 -> connection 0x150328003dd8
nid005005:93050:93050 [3] NCCL INFO Channel 06/0 : 11[ce000] -> 10[c9000] via P2P/IPC comm 0x55ee6d4ff060 nRanks 16
nid005005:93050:93132 [3] NCCL INFO New proxy send connection 91 from local rank 3, transport 0
nid005005:93050:93050 [3] NCCL INFO Connected to proxy localRank 3 -> connection 0x1528b8003ec8
nid005001:57742:57827 [4] NCCL INFO New proxy recv connection 89 from local rank 4, transport 0
nid005001:57742:57742 [4] NCCL INFO Connected to proxy localRank 4 -> connection 0x14560c003dd8
nid005005:93047:93130 [2] NCCL INFO New proxy recv connection 91 from local rank 2, transport 0
nid005005:93047:93047 [2] NCCL INFO Connected to proxy localRank 2 -> connection 0x14e97c003ec8
nid005001:57739:57830 [2] NCCL INFO New proxy recv connection 91 from local rank 2, transport 0
nid005001:57745:57745 [5] NCCL INFO Channel 10/0 : 5[d6000] -> 4[d1000] via P2P/IPC comm 0x55c7e6773620 nRanks 16
nid005001:57739:57739 [2] NCCL INFO Connected to proxy localRank 2 -> connection 0x149b0c003ec8
nid005001:57745:57831 [5] NCCL INFO New proxy send connection 89 from local rank 5, transport 0
nid005001:57745:57745 [5] NCCL INFO Connected to proxy localRank 5 -> connection 0x14b1e0003dd8
nid005001:57744:57828 [6] NCCL INFO New proxy recv connection 89 from local rank 6, transport 0
nid005001:57744:57744 [6] NCCL INFO Connected to proxy localRank 6 -> connection 0x14aaa8003dd8
nid005005:93045:93045 [1] NCCL INFO Channel 07/0 : 9[c6000] -> 8[c1000] via P2P/IPC comm 0x5633a9c121c0 nRanks 16
nid005005:93045:93137 [1] NCCL INFO New proxy send connection 91 from local rank 1, transport 0
nid005005:93045:93045 [1] NCCL INFO Connected to proxy localRank 1 -> connection 0x14e628003ec8
nid005001:57740:57740 [3] NCCL INFO Channel 05/0 : 3[ce000] -> 2[c9000] via P2P/IPC comm 0x55be917ada50 nRanks 16
nid005001:57741:57741 [1] NCCL INFO Channel 04/0 : 1[c6000] -> 0[c1000] via P2P/IPC comm 0x564286dbbca0 nRanks 16
nid005001:57740:57829 [3] NCCL INFO New proxy send connection 90 from local rank 3, transport 0
nid005001:57740:57740 [3] NCCL INFO Connected to proxy localRank 3 -> connection 0x148ee0003e50
nid005001:57741:57833 [1] NCCL INFO New proxy send connection 90 from local rank 1, transport 0
nid005001:57741:57741 [1] NCCL INFO Connected to proxy localRank 1 -> connection 0x14ab1c003e50
nid005005:93046:93136 [4] NCCL INFO New proxy recv connection 91 from local rank 4, transport 0
nid005005:93046:93046 [4] NCCL INFO Connected to proxy localRank 4 -> connection 0x147d20003ec8
nid005001:57738:57834 [0] NCCL INFO New proxy recv connection 90 from local rank 0, transport 0
nid005001:57738:57738 [0] NCCL INFO Connected to proxy localRank 0 -> connection 0x148ce8003e50
nid005005:93049:93133 [6] NCCL INFO New proxy recv connection 92 from local rank 6, transport 0
nid005005:93049:93049 [6] NCCL INFO Connected to proxy localRank 6 -> connection 0x152658003f40
nid005005:93050:93050 [3] NCCL INFO Channel 08/0 : 11[ce000] -> 10[c9000] via P2P/IPC comm 0x55ee6d4ff060 nRanks 16
nid005005:93050:93132 [3] NCCL INFO New proxy send connection 92 from local rank 3, transport 0
nid005005:93050:93050 [3] NCCL INFO Connected to proxy localRank 3 -> connection 0x1528b8003f40
nid005005:93044:93135 [0] NCCL INFO New proxy recv connection 90 from local rank 0, transport 0
nid005005:93044:93044 [0] NCCL INFO Connected to proxy localRank 0 -> connection 0x14ac38003e50
nid005005:93051:93051 [7] NCCL INFO Channel 13/0 : 15[de000] -> 14[d9000] via P2P/IPC comm 0x556dd7d0a120 nRanks 16
nid005005:93051:93134 [7] NCCL INFO New proxy send connection 90 from local rank 7, transport 0
nid005005:93051:93051 [7] NCCL INFO Connected to proxy localRank 7 -> connection 0x150328003e50
nid005005:93045:93045 [1] NCCL INFO Channel 09/0 : 9[c6000] -> 8[c1000] via P2P/IPC comm 0x5633a9c121c0 nRanks 16
nid005001:57745:57745 [5] NCCL INFO Channel 13/0 : 5[d6000] -> 4[d1000] via P2P/IPC comm 0x55c7e6773620 nRanks 16
nid005001:57745:57831 [5] NCCL INFO New proxy send connection 90 from local rank 5, transport 0
nid005001:57745:57745 [5] NCCL INFO Connected to proxy localRank 5 -> connection 0x14b1e0003e50
nid005005:93045:93137 [1] NCCL INFO New proxy send connection 92 from local rank 1, transport 0
nid005005:93045:93045 [1] NCCL INFO Connected to proxy localRank 1 -> connection 0x14e628003f40
nid005001:57742:57827 [4] NCCL INFO New proxy recv connection 90 from local rank 4, transport 0
nid005001:57742:57742 [4] NCCL INFO Connected to proxy localRank 4 -> connection 0x14560c003e50
nid005001:57740:57740 [3] NCCL INFO Channel 07/0 : 3[ce000] -> 2[c9000] via P2P/IPC comm 0x55be917ada50 nRanks 16
nid005001:57740:57829 [3] NCCL INFO New proxy send connection 91 from local rank 3, transport 0
nid005001:57744:57828 [6] NCCL INFO New proxy recv connection 90 from local rank 6, transport 0
nid005001:57744:57744 [6] NCCL INFO Connected to proxy localRank 6 -> connection 0x14aaa8003e50
nid005001:57740:57740 [3] NCCL INFO Connected to proxy localRank 3 -> connection 0x148ee0003ec8
nid005001:57738:57834 [0] NCCL INFO New proxy recv connection 91 from local rank 0, transport 0
nid005001:57738:57738 [0] NCCL INFO Connected to proxy localRank 0 -> connection 0x148ce8003ec8
nid005001:57741:57741 [1] NCCL INFO Channel 06/0 : 1[c6000] -> 0[c1000] via P2P/IPC comm 0x564286dbbca0 nRanks 16
nid005005:93046:93136 [4] NCCL INFO New proxy recv connection 92 from local rank 4, transport 0
nid005001:57741:57833 [1] NCCL INFO New proxy send connection 91 from local rank 1, transport 0
nid005001:57741:57741 [1] NCCL INFO Connected to proxy localRank 1 -> connection 0x14ab1c003ec8
nid005005:93046:93046 [4] NCCL INFO Connected to proxy localRank 4 -> connection 0x147d20003f40
nid005005:93049:93133 [6] NCCL INFO New proxy recv connection 93 from local rank 6, transport 0
nid005005:93049:93049 [6] NCCL INFO Connected to proxy localRank 6 -> connection 0x152658003fb8
nid005005:93050:93050 [3] NCCL INFO Channel 10/0 : 11[ce000] -> 10[c9000] via P2P/IPC comm 0x55ee6d4ff060 nRanks 16
nid005005:93050:93132 [3] NCCL INFO New proxy send connection 93 from local rank 3, transport 0
nid005005:93050:93050 [3] NCCL INFO Connected to proxy localRank 3 -> connection 0x1528b8003fb8
nid005005:93045:93045 [1] NCCL INFO Channel 11/0 : 9[c6000] -> 8[c1000] via P2P/IPC comm 0x5633a9c121c0 nRanks 16
nid005005:93045:93137 [1] NCCL INFO New proxy send connection 93 from local rank 1, transport 0
nid005005:93045:93045 [1] NCCL INFO Connected to proxy localRank 1 -> connection 0x14e628003fb8
nid005005:93044:93135 [0] NCCL INFO New proxy recv connection 91 from local rank 0, transport 0
nid005005:93044:93044 [0] NCCL INFO Connected to proxy localRank 0 -> connection 0x14ac38003ec8
nid005001:57745:57745 [5] NCCL INFO Channel 14/0 : 5[d6000] -> 4[d1000] via P2P/IPC comm 0x55c7e6773620 nRanks 16
nid005001:57745:57831 [5] NCCL INFO New proxy send connection 91 from local rank 5, transport 0
nid005001:57745:57745 [5] NCCL INFO Connected to proxy localRank 5 -> connection 0x14b1e0003ec8
nid005005:93051:93051 [7] NCCL INFO Channel 14/0 : 15[de000] -> 14[d9000] via P2P/IPC comm 0x556dd7d0a120 nRanks 16
nid005005:93051:93134 [7] NCCL INFO New proxy send connection 91 from local rank 7, transport 0
nid005001:57740:57740 [3] NCCL INFO Channel 09/0 : 3[ce000] -> 2[c9000] via P2P/IPC comm 0x55be917ada50 nRanks 16
nid005005:93051:93051 [7] NCCL INFO Connected to proxy localRank 7 -> connection 0x150328003ec8
nid005001:57740:57829 [3] NCCL INFO New proxy send connection 92 from local rank 3, transport 0
nid005001:57740:57740 [3] NCCL INFO Connected to proxy localRank 3 -> connection 0x148ee0003f40
nid005001:57742:57827 [4] NCCL INFO New proxy recv connection 91 from local rank 4, transport 0
nid005001:57742:57742 [4] NCCL INFO Connected to proxy localRank 4 -> connection 0x14560c003ec8
nid005005:93049:93133 [6] NCCL INFO New proxy recv connection 94 from local rank 6, transport 0
nid005005:93049:93049 [6] NCCL INFO Connected to proxy localRank 6 -> connection 0x152658004030
nid005001:57744:57828 [6] NCCL INFO New proxy recv connection 91 from local rank 6, transport 0
nid005001:57744:57744 [6] NCCL INFO Connected to proxy localRank 6 -> connection 0x14aaa8003ec8
nid005005:93050:93050 [3] NCCL INFO Channel 12/0 : 11[ce000] -> 10[c9000] via P2P/IPC comm 0x55ee6d4ff060 nRanks 16
nid005005:93050:93132 [3] NCCL INFO New proxy send connection 94 from local rank 3, transport 0
nid005005:93050:93050 [3] NCCL INFO Connected to proxy localRank 3 -> connection 0x1528b8004030
nid005001:57741:57741 [1] NCCL INFO Channel 08/0 : 1[c6000] -> 0[c1000] via P2P/IPC comm 0x564286dbbca0 nRanks 16
nid005001:57741:57833 [1] NCCL INFO New proxy send connection 92 from local rank 1, transport 0
nid005001:57741:57741 [1] NCCL INFO Connected to proxy localRank 1 -> connection 0x14ab1c003f40
nid005005:93046:93136 [4] NCCL INFO New proxy recv connection 93 from local rank 4, transport 0
nid005005:93046:93046 [4] NCCL INFO Connected to proxy localRank 4 -> connection 0x147d20003fb8
nid005005:93045:93045 [1] NCCL INFO Channel 13/0 : 9[c6000] -> 8[c1000] via P2P/IPC comm 0x5633a9c121c0 nRanks 16
nid005005:93045:93137 [1] NCCL INFO New proxy send connection 94 from local rank 1, transport 0
nid005005:93045:93045 [1] NCCL INFO Connected to proxy localRank 1 -> connection 0x14e628004030
nid005001:57740:57740 [3] NCCL INFO Channel 11/0 : 3[ce000] -> 2[c9000] via P2P/IPC comm 0x55be917ada50 nRanks 16
nid005001:57740:57829 [3] NCCL INFO New proxy send connection 93 from local rank 3, transport 0
nid005001:57740:57740 [3] NCCL INFO Connected to proxy localRank 3 -> connection 0x148ee0003fb8
nid005005:93049:93133 [6] NCCL INFO New proxy recv connection 95 from local rank 6, transport 0
nid005005:93049:93049 [6] NCCL INFO Connected to proxy localRank 6 -> connection 0x1526580040a8
nid005001:57742:57827 [4] NCCL INFO New proxy recv connection 92 from local rank 4, transport 0
nid005001:57742:57742 [4] NCCL INFO Connected to proxy localRank 4 -> connection 0x14560c003f40
nid005005:93050:93050 [3] NCCL INFO Channel 14/0 : 11[ce000] -> 10[c9000] via P2P/IPC comm 0x55ee6d4ff060 nRanks 16
nid005005:93050:93132 [3] NCCL INFO New proxy send connection 95 from local rank 3, transport 0
nid005005:93050:93050 [3] NCCL INFO Connected to proxy localRank 3 -> connection 0x1528b80040a8
nid005001:57744:57828 [6] NCCL INFO New proxy recv connection 92 from local rank 6, transport 0
nid005001:57744:57744 [6] NCCL INFO Connected to proxy localRank 6 -> connection 0x14aaa8003f40
nid005005:93045:93045 [1] NCCL INFO Channel 15/0 : 9[c6000] -> 8[c1000] via P2P/IPC comm 0x5633a9c121c0 nRanks 16
nid005005:93046:93136 [4] NCCL INFO New proxy recv connection 94 from local rank 4, transport 0
nid005005:93045:93137 [1] NCCL INFO New proxy send connection 95 from local rank 1, transport 0
nid005005:93045:93045 [1] NCCL INFO Connected to proxy localRank 1 -> connection 0x14e6280040a8
nid005001:57741:57741 [1] NCCL INFO Channel 10/0 : 1[c6000] -> 0[c1000] via P2P/IPC comm 0x564286dbbca0 nRanks 16
nid005001:57741:57833 [1] NCCL INFO New proxy send connection 93 from local rank 1, transport 0
nid005001:57741:57741 [1] NCCL INFO Connected to proxy localRank 1 -> connection 0x14ab1c003fb8
nid005005:93046:93046 [4] NCCL INFO Connected to proxy localRank 4 -> connection 0x147d20004030
nid005001:57740:57740 [3] NCCL INFO Channel 13/0 : 3[ce000] -> 2[c9000] via P2P/IPC comm 0x55be917ada50 nRanks 16
nid005001:57740:57829 [3] NCCL INFO New proxy send connection 94 from local rank 3, transport 0
nid005001:57740:57740 [3] NCCL INFO Connected to proxy localRank 3 -> connection 0x148ee0004030
nid005001:57742:57827 [4] NCCL INFO New proxy recv connection 93 from local rank 4, transport 0
nid005001:57742:57742 [4] NCCL INFO Connected to proxy localRank 4 -> connection 0x14560c003fb8
nid005001:57740:57740 [3] NCCL INFO Channel 15/0 : 3[ce000] -> 2[c9000] via P2P/IPC comm 0x55be917ada50 nRanks 16
nid005005:93046:93136 [4] NCCL INFO New proxy recv connection 95 from local rank 4, transport 0
nid005001:57740:57829 [3] NCCL INFO New proxy send connection 95 from local rank 3, transport 0
nid005001:57740:57740 [3] NCCL INFO Connected to proxy localRank 3 -> connection 0x148ee00040a8
nid005005:93046:93046 [4] NCCL INFO Connected to proxy localRank 4 -> connection 0x147d200040a8
nid005001:57744:57828 [6] NCCL INFO New proxy recv connection 93 from local rank 6, transport 0
nid005001:57744:57744 [6] NCCL INFO Connected to proxy localRank 6 -> connection 0x14aaa8003fb8
nid005001:57741:57741 [1] NCCL INFO Channel 12/0 : 1[c6000] -> 0[c1000] via P2P/IPC comm 0x564286dbbca0 nRanks 16
nid005001:57741:57833 [1] NCCL INFO New proxy send connection 94 from local rank 1, transport 0
nid005001:57741:57741 [1] NCCL INFO Connected to proxy localRank 1 -> connection 0x14ab1c004030
nid005001:57742:57827 [4] NCCL INFO New proxy recv connection 94 from local rank 4, transport 0
nid005001:57742:57742 [4] NCCL INFO Connected to proxy localRank 4 -> connection 0x14560c004030
nid005001:57744:57828 [6] NCCL INFO New proxy recv connection 94 from local rank 6, transport 0
nid005001:57744:57744 [6] NCCL INFO Connected to proxy localRank 6 -> connection 0x14aaa8004030
nid005001:57741:57741 [1] NCCL INFO Channel 14/0 : 1[c6000] -> 0[c1000] via P2P/IPC comm 0x564286dbbca0 nRanks 16
nid005001:57741:57833 [1] NCCL INFO New proxy send connection 95 from local rank 1, transport 0
nid005001:57741:57741 [1] NCCL INFO Connected to proxy localRank 1 -> connection 0x14ab1c0040a8
nid005001:57742:57827 [4] NCCL INFO New proxy recv connection 95 from local rank 4, transport 0
nid005001:57742:57742 [4] NCCL INFO Connected to proxy localRank 4 -> connection 0x14560c0040a8
nid005001:57744:57828 [6] NCCL INFO New proxy recv connection 95 from local rank 6, transport 0
nid005001:57744:57744 [6] NCCL INFO Connected to proxy localRank 6 -> connection 0x14aaa80040a8
exit_code=124 (124=timeout/hang)
