GDR_LEVEL=3  NODES=nid005016 nid005017
=== osu_xccl_allreduce -m 1:8192, 90s timeout ===
#Using RCCL
#Using RCCL
#Using RCCL
#Using RCCL
#Using RCCL
#Using RCCL
#Using RCCL
#Using RCCL
#Using RCCL
#Using RCCL
#Using RCCL
#Using RCCL
#Using RCCL
#Using RCCL
#Using RCCL
#Using RCCL
nid005016:45861:45861 [0] NCCL INFO Kernel version: 6.4.0-150600.23.73_15.0.14-cray_shasta_c
nid005016:45861:45861 [0] NCCL INFO Disabled GDRCopy equivalent memory allocation on gfx90a due to GPU architecture
nid005016:45861:45861 [0] NCCL INFO NCCL_SOCKET_IFNAME set to hsn0,hsn1,hsn2,hsn3
nid005016:45861:45861 [0] NCCL INFO Bootstrap : Using hsn0:10.253.38.63<0>
nid005016:45861:45861 [0] NCCL INFO ROCr version 1.1
nid005016:45860:45860 [2] NCCL INFO ROCr version 1.1
nid005016:45866:45866 [5] NCCL INFO ROCr version 1.1
nid005016:45865:45865 [7] NCCL INFO ROCr version 1.1
nid005016:45864:45864 [3] NCCL INFO ROCr version 1.1
nid005016:45862:45862 [4] NCCL INFO ROCr version 1.1
nid005016:45863:45863 [6] NCCL INFO ROCr version 1.1
nid005016:45859:45859 [1] NCCL INFO ROCr version 1.1
nid005016:45865:45865 [7] NCCL INFO CONFIG_PCI_P2PDMA=y in /boot/config-6.4.0-150600.23.73_15.0.14-cray_shasta_c
nid005016:45866:45866 [5] NCCL INFO CONFIG_PCI_P2PDMA=y in /boot/config-6.4.0-150600.23.73_15.0.14-cray_shasta_c
nid005016:45862:45862 [4] NCCL INFO CONFIG_PCI_P2PDMA=y in /boot/config-6.4.0-150600.23.73_15.0.14-cray_shasta_c
nid005016:45860:45860 [2] NCCL INFO CONFIG_PCI_P2PDMA=y in /boot/config-6.4.0-150600.23.73_15.0.14-cray_shasta_c
nid005016:45863:45863 [6] NCCL INFO CONFIG_PCI_P2PDMA=y in /boot/config-6.4.0-150600.23.73_15.0.14-cray_shasta_c
nid005016:45859:45859 [1] NCCL INFO CONFIG_PCI_P2PDMA=y in /boot/config-6.4.0-150600.23.73_15.0.14-cray_shasta_c
nid005016:45864:45864 [3] NCCL INFO CONFIG_PCI_P2PDMA=y in /boot/config-6.4.0-150600.23.73_15.0.14-cray_shasta_c
nid005016:45865:45865 [7] NCCL INFO CONFIG_DMABUF_MOVE_NOTIFY=y in /boot/config-6.4.0-150600.23.73_15.0.14-cray_shasta_c
nid005016:45866:45866 [5] NCCL INFO CONFIG_DMABUF_MOVE_NOTIFY=y in /boot/config-6.4.0-150600.23.73_15.0.14-cray_shasta_c
nid005016:45859:45859 [1] NCCL INFO CONFIG_DMABUF_MOVE_NOTIFY=y in /boot/config-6.4.0-150600.23.73_15.0.14-cray_shasta_c
nid005016:45864:45864 [3] NCCL INFO CONFIG_DMABUF_MOVE_NOTIFY=y in /boot/config-6.4.0-150600.23.73_15.0.14-cray_shasta_c
nid005016:45862:45862 [4] NCCL INFO CONFIG_DMABUF_MOVE_NOTIFY=y in /boot/config-6.4.0-150600.23.73_15.0.14-cray_shasta_c
nid005016:45863:45863 [6] NCCL INFO CONFIG_DMABUF_MOVE_NOTIFY=y in /boot/config-6.4.0-150600.23.73_15.0.14-cray_shasta_c
nid005016:45860:45860 [2] NCCL INFO CONFIG_DMABUF_MOVE_NOTIFY=y in /boot/config-6.4.0-150600.23.73_15.0.14-cray_shasta_c
nid005016:45861:45861 [0] NCCL INFO CONFIG_PCI_P2PDMA=y in /boot/config-6.4.0-150600.23.73_15.0.14-cray_shasta_c
nid005016:45865:45865 [7] NCCL INFO DMA_BUF Support Enabled
nid005016:45866:45866 [5] NCCL INFO DMA_BUF Support Enabled
nid005016:45860:45860 [2] NCCL INFO DMA_BUF Support Enabled
nid005016:45860:45860 [2] NCCL INFO Kernel version: 6.4.0-150600.23.73_15.0.14-cray_shasta_c
nid005016:45863:45863 [6] NCCL INFO DMA_BUF Support Enabled
nid005016:45863:45863 [6] NCCL INFO Kernel version: 6.4.0-150600.23.73_15.0.14-cray_shasta_c
nid005016:45862:45862 [4] NCCL INFO DMA_BUF Support Enabled
nid005016:45862:45862 [4] NCCL INFO Kernel version: 6.4.0-150600.23.73_15.0.14-cray_shasta_c
nid005016:45859:45859 [1] NCCL INFO DMA_BUF Support Enabled
nid005016:45859:45859 [1] NCCL INFO Kernel version: 6.4.0-150600.23.73_15.0.14-cray_shasta_c
nid005016:45859:45859 [1] NCCL INFO Disabled GDRCopy equivalent memory allocation on gfx90a due to GPU architecture
nid005016:45859:45859 [1] NCCL INFO NCCL_SOCKET_IFNAME set to hsn0,hsn1,hsn2,hsn3
nid005016:45864:45864 [3] NCCL INFO DMA_BUF Support Enabled
nid005016:45864:45864 [3] NCCL INFO Kernel version: 6.4.0-150600.23.73_15.0.14-cray_shasta_c
nid005016:45865:45865 [7] NCCL INFO Kernel version: 6.4.0-150600.23.73_15.0.14-cray_shasta_c
nid005016:45865:45865 [7] NCCL INFO Disabled GDRCopy equivalent memory allocation on gfx90a due to GPU architecture
nid005016:45865:45865 [7] NCCL INFO NCCL_SOCKET_IFNAME set to hsn0,hsn1,hsn2,hsn3
nid005016:45866:45866 [5] NCCL INFO Kernel version: 6.4.0-150600.23.73_15.0.14-cray_shasta_c
nid005016:45866:45866 [5] NCCL INFO Disabled GDRCopy equivalent memory allocation on gfx90a due to GPU architecture
nid005016:45866:45866 [5] NCCL INFO NCCL_SOCKET_IFNAME set to hsn0,hsn1,hsn2,hsn3
nid005016:45862:45862 [4] NCCL INFO Disabled GDRCopy equivalent memory allocation on gfx90a due to GPU architecture
nid005016:45862:45862 [4] NCCL INFO NCCL_SOCKET_IFNAME set to hsn0,hsn1,hsn2,hsn3
nid005016:45860:45860 [2] NCCL INFO Disabled GDRCopy equivalent memory allocation on gfx90a due to GPU architecture
nid005016:45860:45860 [2] NCCL INFO NCCL_SOCKET_IFNAME set to hsn0,hsn1,hsn2,hsn3
nid005016:45864:45864 [3] NCCL INFO Disabled GDRCopy equivalent memory allocation on gfx90a due to GPU architecture
nid005016:45864:45864 [3] NCCL INFO NCCL_SOCKET_IFNAME set to hsn0,hsn1,hsn2,hsn3
nid005016:45863:45863 [6] NCCL INFO Disabled GDRCopy equivalent memory allocation on gfx90a due to GPU architecture
nid005016:45863:45863 [6] NCCL INFO NCCL_SOCKET_IFNAME set to hsn0,hsn1,hsn2,hsn3
nid005016:45861:45861 [0] NCCL INFO CONFIG_DMABUF_MOVE_NOTIFY=y in /boot/config-6.4.0-150600.23.73_15.0.14-cray_shasta_c
nid005016:45861:45861 [0] NCCL INFO DMA_BUF Support Enabled
nid005016:45861:45861 [0] NCCL INFO Kernel version: 6.4.0-150600.23.73_15.0.14-cray_shasta_c
nid005016:45861:45861 [0] NCCL INFO RCCL version : 2.22.3-Unknown 
HIP version  : 6.4.43483-
ROCm version : 6.4.1.0-9999-unknown
Hostname     : nid005016
Librccl path : /users/joglekar/eessi/versions/2025.06/software/linux/x86_64/amd/zen3/software/RCCL/2.22.3-rocm-compilers-19.0.0-ROCm-6.4.1/lib/librccl.so.1
nid005016:45865:45865 [7] NCCL INFO Bootstrap : Using hsn0:10.253.38.63<0>
nid005016:45865:45865 [7] NCCL INFO RCCL version : 2.22.3-Unknown 
HIP version  : 6.4.43483-
ROCm version : 6.4.1.0-9999-unknown
Hostname     : nid005016
Librccl path : /users/joglekar/eessi/versions/2025.06/software/linux/x86_64/amd/zen3/software/RCCL/2.22.3-rocm-compilers-19.0.0-ROCm-6.4.1/lib/librccl.so.1
nid005016:45859:45859 [1] NCCL INFO Bootstrap : Using hsn0:10.253.38.63<0>
nid005016:45859:45859 [1] NCCL INFO RCCL version : 2.22.3-Unknown 
HIP version  : 6.4.43483-
ROCm version : 6.4.1.0-9999-unknown
Hostname     : nid005016
Librccl path : /users/joglekar/eessi/versions/2025.06/software/linux/x86_64/amd/zen3/software/RCCL/2.22.3-rocm-compilers-19.0.0-ROCm-6.4.1/lib/librccl.so.1
nid005016:45864:45864 [3] NCCL INFO Bootstrap : Using hsn0:10.253.38.63<0>
nid005016:45864:45864 [3] NCCL INFO RCCL version : 2.22.3-Unknown 
HIP version  : 6.4.43483-
ROCm version : 6.4.1.0-9999-unknown
Hostname     : nid005016
Librccl path : /users/joglekar/eessi/versions/2025.06/software/linux/x86_64/amd/zen3/software/RCCL/2.22.3-rocm-compilers-19.0.0-ROCm-6.4.1/lib/librccl.so.1
nid005016:45866:45866 [5] NCCL INFO Bootstrap : Using hsn0:10.253.38.63<0>
nid005016:45866:45866 [5] NCCL INFO RCCL version : 2.22.3-Unknown 
HIP version  : 6.4.43483-
ROCm version : 6.4.1.0-9999-unknown
Hostname     : nid005016
Librccl path : /users/joglekar/eessi/versions/2025.06/software/linux/x86_64/amd/zen3/software/RCCL/2.22.3-rocm-compilers-19.0.0-ROCm-6.4.1/lib/librccl.so.1
nid005016:45862:45862 [4] NCCL INFO Bootstrap : Using hsn0:10.253.38.63<0>
nid005016:45862:45862 [4] NCCL INFO RCCL version : 2.22.3-Unknown 
HIP version  : 6.4.43483-
ROCm version : 6.4.1.0-9999-unknown
Hostname     : nid005016
Librccl path : /users/joglekar/eessi/versions/2025.06/software/linux/x86_64/amd/zen3/software/RCCL/2.22.3-rocm-compilers-19.0.0-ROCm-6.4.1/lib/librccl.so.1
nid005016:45863:45863 [6] NCCL INFO Bootstrap : Using hsn0:10.253.38.63<0>
nid005016:45863:45863 [6] NCCL INFO RCCL version : 2.22.3-Unknown 
HIP version  : 6.4.43483-
ROCm version : 6.4.1.0-9999-unknown
Hostname     : nid005016
Librccl path : /users/joglekar/eessi/versions/2025.06/software/linux/x86_64/amd/zen3/software/RCCL/2.22.3-rocm-compilers-19.0.0-ROCm-6.4.1/lib/librccl.so.1
nid005016:45860:45860 [2] NCCL INFO Bootstrap : Using hsn0:10.253.38.63<0>
nid005016:45860:45860 [2] NCCL INFO RCCL version : 2.22.3-Unknown 
HIP version  : 6.4.43483-
ROCm version : 6.4.1.0-9999-unknown
Hostname     : nid005016
Librccl path : /users/joglekar/eessi/versions/2025.06/software/linux/x86_64/amd/zen3/software/RCCL/2.22.3-rocm-compilers-19.0.0-ROCm-6.4.1/lib/librccl.so.1
nid005017:56648:56648 [6] NCCL INFO ROCr version 1.1
nid005017:56644:56644 [4] NCCL INFO ROCr version 1.1
nid005017:56641:56641 [0] NCCL INFO ROCr version 1.1
nid005017:56645:56645 [5] NCCL INFO ROCr version 1.1
nid005017:56646:56646 [1] NCCL INFO ROCr version 1.1
nid005017:56643:56643 [3] NCCL INFO ROCr version 1.1
nid005017:56642:56642 [2] NCCL INFO ROCr version 1.1
nid005017:56647:56647 [7] NCCL INFO ROCr version 1.1
nid005017:56646:56646 [1] NCCL INFO CONFIG_PCI_P2PDMA=y in /boot/config-6.4.0-150600.23.73_15.0.14-cray_shasta_c
nid005017:56645:56645 [5] NCCL INFO CONFIG_PCI_P2PDMA=y in /boot/config-6.4.0-150600.23.73_15.0.14-cray_shasta_c
nid005017:56648:56648 [6] NCCL INFO CONFIG_PCI_P2PDMA=y in /boot/config-6.4.0-150600.23.73_15.0.14-cray_shasta_c
nid005017:56642:56642 [2] NCCL INFO CONFIG_PCI_P2PDMA=y in /boot/config-6.4.0-150600.23.73_15.0.14-cray_shasta_c
nid005017:56643:56643 [3] NCCL INFO CONFIG_PCI_P2PDMA=y in /boot/config-6.4.0-150600.23.73_15.0.14-cray_shasta_c
nid005017:56647:56647 [7] NCCL INFO CONFIG_PCI_P2PDMA=y in /boot/config-6.4.0-150600.23.73_15.0.14-cray_shasta_c
nid005017:56644:56644 [4] NCCL INFO CONFIG_PCI_P2PDMA=y in /boot/config-6.4.0-150600.23.73_15.0.14-cray_shasta_c
nid005017:56648:56648 [6] NCCL INFO CONFIG_DMABUF_MOVE_NOTIFY=y in /boot/config-6.4.0-150600.23.73_15.0.14-cray_shasta_c
nid005017:56644:56644 [4] NCCL INFO CONFIG_DMABUF_MOVE_NOTIFY=y in /boot/config-6.4.0-150600.23.73_15.0.14-cray_shasta_c
nid005017:56645:56645 [5] NCCL INFO CONFIG_DMABUF_MOVE_NOTIFY=y in /boot/config-6.4.0-150600.23.73_15.0.14-cray_shasta_c
nid005017:56647:56647 [7] NCCL INFO CONFIG_DMABUF_MOVE_NOTIFY=y in /boot/config-6.4.0-150600.23.73_15.0.14-cray_shasta_c
nid005017:56643:56643 [3] NCCL INFO CONFIG_DMABUF_MOVE_NOTIFY=y in /boot/config-6.4.0-150600.23.73_15.0.14-cray_shasta_c
nid005017:56642:56642 [2] NCCL INFO CONFIG_DMABUF_MOVE_NOTIFY=y in /boot/config-6.4.0-150600.23.73_15.0.14-cray_shasta_c
nid005017:56646:56646 [1] NCCL INFO CONFIG_DMABUF_MOVE_NOTIFY=y in /boot/config-6.4.0-150600.23.73_15.0.14-cray_shasta_c
nid005017:56641:56641 [0] NCCL INFO CONFIG_PCI_P2PDMA=y in /boot/config-6.4.0-150600.23.73_15.0.14-cray_shasta_c
nid005017:56648:56648 [6] NCCL INFO DMA_BUF Support Enabled
nid005017:56645:56645 [5] NCCL INFO DMA_BUF Support Enabled
nid005017:56647:56647 [7] NCCL INFO DMA_BUF Support Enabled
nid005017:56646:56646 [1] NCCL INFO DMA_BUF Support Enabled
nid005017:56643:56643 [3] NCCL INFO DMA_BUF Support Enabled
nid005017:56643:56643 [3] NCCL INFO Kernel version: 6.4.0-150600.23.73_15.0.14-cray_shasta_c
nid005017:56642:56642 [2] NCCL INFO DMA_BUF Support Enabled
nid005017:56642:56642 [2] NCCL INFO Kernel version: 6.4.0-150600.23.73_15.0.14-cray_shasta_c
nid005017:56644:56644 [4] NCCL INFO DMA_BUF Support Enabled
nid005017:56644:56644 [4] NCCL INFO Kernel version: 6.4.0-150600.23.73_15.0.14-cray_shasta_c
nid005017:56648:56648 [6] NCCL INFO Kernel version: 6.4.0-150600.23.73_15.0.14-cray_shasta_c
nid005017:56648:56648 [6] NCCL INFO Disabled GDRCopy equivalent memory allocation on gfx90a due to GPU architecture
nid005017:56648:56648 [6] NCCL INFO NCCL_SOCKET_IFNAME set to hsn0,hsn1,hsn2,hsn3
nid005017:56645:56645 [5] NCCL INFO Kernel version: 6.4.0-150600.23.73_15.0.14-cray_shasta_c
nid005017:56645:56645 [5] NCCL INFO Disabled GDRCopy equivalent memory allocation on gfx90a due to GPU architecture
nid005017:56645:56645 [5] NCCL INFO NCCL_SOCKET_IFNAME set to hsn0,hsn1,hsn2,hsn3
nid005017:56646:56646 [1] NCCL INFO Kernel version: 6.4.0-150600.23.73_15.0.14-cray_shasta_c
nid005017:56646:56646 [1] NCCL INFO Disabled GDRCopy equivalent memory allocation on gfx90a due to GPU architecture
nid005017:56646:56646 [1] NCCL INFO NCCL_SOCKET_IFNAME set to hsn0,hsn1,hsn2,hsn3
nid005017:56647:56647 [7] NCCL INFO Kernel version: 6.4.0-150600.23.73_15.0.14-cray_shasta_c
nid005017:56647:56647 [7] NCCL INFO Disabled GDRCopy equivalent memory allocation on gfx90a due to GPU architecture
nid005017:56647:56647 [7] NCCL INFO NCCL_SOCKET_IFNAME set to hsn0,hsn1,hsn2,hsn3
nid005017:56643:56643 [3] NCCL INFO Disabled GDRCopy equivalent memory allocation on gfx90a due to GPU architecture
nid005017:56643:56643 [3] NCCL INFO NCCL_SOCKET_IFNAME set to hsn0,hsn1,hsn2,hsn3
nid005017:56642:56642 [2] NCCL INFO Disabled GDRCopy equivalent memory allocation on gfx90a due to GPU architecture
nid005017:56642:56642 [2] NCCL INFO NCCL_SOCKET_IFNAME set to hsn0,hsn1,hsn2,hsn3
nid005017:56644:56644 [4] NCCL INFO Disabled GDRCopy equivalent memory allocation on gfx90a due to GPU architecture
nid005017:56644:56644 [4] NCCL INFO NCCL_SOCKET_IFNAME set to hsn0,hsn1,hsn2,hsn3
nid005017:56641:56641 [0] NCCL INFO CONFIG_DMABUF_MOVE_NOTIFY=y in /boot/config-6.4.0-150600.23.73_15.0.14-cray_shasta_c
nid005017:56641:56641 [0] NCCL INFO DMA_BUF Support Enabled
nid005017:56641:56641 [0] NCCL INFO Kernel version: 6.4.0-150600.23.73_15.0.14-cray_shasta_c
nid005017:56641:56641 [0] NCCL INFO Disabled GDRCopy equivalent memory allocation on gfx90a due to GPU architecture
nid005017:56641:56641 [0] NCCL INFO NCCL_SOCKET_IFNAME set to hsn0,hsn1,hsn2,hsn3
nid005017:56642:56642 [2] NCCL INFO Bootstrap : Using hsn0:10.253.36.95<0>
nid005017:56642:56642 [2] NCCL INFO RCCL version : 2.22.3-Unknown 
HIP version  : 6.4.43483-
ROCm version : 6.4.1.0-9999-unknown
Hostname     : nid005017
Librccl path : /users/joglekar/eessi/versions/2025.06/software/linux/x86_64/amd/zen3/software/RCCL/2.22.3-rocm-compilers-19.0.0-ROCm-6.4.1/lib/librccl.so.1
nid005017:56647:56647 [7] NCCL INFO Bootstrap : Using hsn0:10.253.36.95<0>
nid005017:56647:56647 [7] NCCL INFO RCCL version : 2.22.3-Unknown 
HIP version  : 6.4.43483-
ROCm version : 6.4.1.0-9999-unknown
Hostname     : nid005017
Librccl path : /users/joglekar/eessi/versions/2025.06/software/linux/x86_64/amd/zen3/software/RCCL/2.22.3-rocm-compilers-19.0.0-ROCm-6.4.1/lib/librccl.so.1
nid005017:56641:56641 [0] NCCL INFO Bootstrap : Using hsn0:10.253.36.95<0>
nid005017:56641:56641 [0] NCCL INFO RCCL version : 2.22.3-Unknown 
HIP version  : 6.4.43483-
ROCm version : 6.4.1.0-9999-unknown
Hostname     : nid005017
Librccl path : /users/joglekar/eessi/versions/2025.06/software/linux/x86_64/amd/zen3/software/RCCL/2.22.3-rocm-compilers-19.0.0-ROCm-6.4.1/lib/librccl.so.1
nid005017:56648:56648 [6] NCCL INFO Bootstrap : Using hsn0:10.253.36.95<0>
nid005017:56648:56648 [6] NCCL INFO RCCL version : 2.22.3-Unknown 
HIP version  : 6.4.43483-
ROCm version : 6.4.1.0-9999-unknown
Hostname     : nid005017
Librccl path : /users/joglekar/eessi/versions/2025.06/software/linux/x86_64/amd/zen3/software/RCCL/2.22.3-rocm-compilers-19.0.0-ROCm-6.4.1/lib/librccl.so.1
nid005017:56643:56643 [3] NCCL INFO Bootstrap : Using hsn0:10.253.36.95<0>
nid005017:56643:56643 [3] NCCL INFO RCCL version : 2.22.3-Unknown 
HIP version  : 6.4.43483-
ROCm version : 6.4.1.0-9999-unknown
Hostname     : nid005017
Librccl path : /users/joglekar/eessi/versions/2025.06/software/linux/x86_64/amd/zen3/software/RCCL/2.22.3-rocm-compilers-19.0.0-ROCm-6.4.1/lib/librccl.so.1
nid005017:56644:56644 [4] NCCL INFO Bootstrap : Using hsn0:10.253.36.95<0>
nid005017:56644:56644 [4] NCCL INFO RCCL version : 2.22.3-Unknown 
HIP version  : 6.4.43483-
ROCm version : 6.4.1.0-9999-unknown
Hostname     : nid005017
Librccl path : /users/joglekar/eessi/versions/2025.06/software/linux/x86_64/amd/zen3/software/RCCL/2.22.3-rocm-compilers-19.0.0-ROCm-6.4.1/lib/librccl.so.1
nid005017:56645:56645 [5] NCCL INFO Bootstrap : Using hsn0:10.253.36.95<0>
nid005017:56645:56645 [5] NCCL INFO RCCL version : 2.22.3-Unknown 
HIP version  : 6.4.43483-
ROCm version : 6.4.1.0-9999-unknown
Hostname     : nid005017
Librccl path : /users/joglekar/eessi/versions/2025.06/software/linux/x86_64/amd/zen3/software/RCCL/2.22.3-rocm-compilers-19.0.0-ROCm-6.4.1/lib/librccl.so.1
nid005017:56646:56646 [1] NCCL INFO Bootstrap : Using hsn0:10.253.36.95<0>
nid005017:56646:56646 [1] NCCL INFO RCCL version : 2.22.3-Unknown 
HIP version  : 6.4.43483-
ROCm version : 6.4.1.0-9999-unknown
Hostname     : nid005017
Librccl path : /users/joglekar/eessi/versions/2025.06/software/linux/x86_64/amd/zen3/software/RCCL/2.22.3-rocm-compilers-19.0.0-ROCm-6.4.1/lib/librccl.so.1
nid005016:45866:45866 [5] NCCL INFO NET/Plugin: Plugin name set by env to /users/joglekar/eessi/aws-ofi-nccl-scratch/lib/librccl-net.so
nid005016:45866:45866 [5] NCCL INFO NET/Plugin: Failed to find ncclCollNetPlugin_v8 symbol.
nid005016:45866:45866 [5] NCCL INFO NET/Plugin: Failed to find ncclCollNetPlugin symbol (>= v5). ncclCollNetPlugin symbols v4 and lower are not supported.
nid005016:45865:45865 [7] NCCL INFO NET/Plugin: Plugin name set by env to /users/joglekar/eessi/aws-ofi-nccl-scratch/lib/librccl-net.so
nid005016:45865:45865 [7] NCCL INFO NET/Plugin: Failed to find ncclCollNetPlugin_v8 symbol.
nid005016:45865:45865 [7] NCCL INFO NET/Plugin: Failed to find ncclCollNetPlugin symbol (>= v5). ncclCollNetPlugin symbols v4 and lower are not supported.
nid005016:45864:45864 [3] NCCL INFO NET/Plugin: Plugin name set by env to /users/joglekar/eessi/aws-ofi-nccl-scratch/lib/librccl-net.so
nid005016:45864:45864 [3] NCCL INFO NET/Plugin: Failed to find ncclCollNetPlugin_v8 symbol.
nid005016:45864:45864 [3] NCCL INFO NET/Plugin: Failed to find ncclCollNetPlugin symbol (>= v5). ncclCollNetPlugin symbols v4 and lower are not supported.
nid005017:56648:56648 [6] NCCL INFO NET/Plugin: Plugin name set by env to /users/joglekar/eessi/aws-ofi-nccl-scratch/lib/librccl-net.so
nid005017:56648:56648 [6] NCCL INFO NET/Plugin: Failed to find ncclCollNetPlugin_v8 symbol.
nid005017:56648:56648 [6] NCCL INFO NET/Plugin: Failed to find ncclCollNetPlugin symbol (>= v5). ncclCollNetPlugin symbols v4 and lower are not supported.
nid005017:56643:56643 [3] NCCL INFO NET/Plugin: Plugin name set by env to /users/joglekar/eessi/aws-ofi-nccl-scratch/lib/librccl-net.so
nid005017:56643:56643 [3] NCCL INFO NET/Plugin: Failed to find ncclCollNetPlugin_v8 symbol.
nid005017:56643:56643 [3] NCCL INFO NET/Plugin: Failed to find ncclCollNetPlugin symbol (>= v5). ncclCollNetPlugin symbols v4 and lower are not supported.
nid005016:45864:45864 [3] NCCL INFO NET/OFI Initializing aws-ofi-nccl 1.19.2
nid005016:45864:45864 [3] NCCL INFO NET/OFI Using Libfabric version 1.22
nid005016:45864:45864 [3] NCCL INFO NET/OFI Using HIP driver version 60443483 with runtime 60443483
nid005016:45866:45866 [5] NCCL INFO NET/OFI Initializing aws-ofi-nccl 1.19.2
nid005016:45866:45866 [5] NCCL INFO NET/OFI Using Libfabric version 1.22
nid005016:45866:45866 [5] NCCL INFO NET/OFI Using HIP driver version 60443483 with runtime 60443483
nid005016:45865:45865 [7] NCCL INFO NET/OFI Initializing aws-ofi-nccl 1.19.2
nid005016:45865:45865 [7] NCCL INFO NET/OFI Using Libfabric version 1.22
nid005016:45865:45865 [7] NCCL INFO NET/OFI Using HIP driver version 60443483 with runtime 60443483
nid005017:56648:56648 [6] NCCL INFO NET/OFI Initializing aws-ofi-nccl 1.19.2
nid005017:56648:56648 [6] NCCL INFO NET/OFI Using Libfabric version 1.22
nid005017:56648:56648 [6] NCCL INFO NET/OFI Using HIP driver version 60443483 with runtime 60443483
nid005017:56643:56643 [3] NCCL INFO NET/OFI Initializing aws-ofi-nccl 1.19.2
nid005017:56643:56643 [3] NCCL INFO NET/OFI Using Libfabric version 1.22
nid005017:56643:56643 [3] NCCL INFO NET/OFI Using HIP driver version 60443483 with runtime 60443483
nid005017:56646:56646 [1] NCCL INFO NET/Plugin: Plugin name set by env to /users/joglekar/eessi/aws-ofi-nccl-scratch/lib/librccl-net.so
nid005017:56646:56646 [1] NCCL INFO NET/Plugin: Failed to find ncclCollNetPlugin_v8 symbol.
nid005017:56646:56646 [1] NCCL INFO NET/Plugin: Failed to find ncclCollNetPlugin symbol (>= v5). ncclCollNetPlugin symbols v4 and lower are not supported.
nid005017:56646:56646 [1] NCCL INFO NET/OFI Initializing aws-ofi-nccl 1.19.2
nid005017:56646:56646 [1] NCCL INFO NET/OFI Using Libfabric version 1.22
nid005017:56646:56646 [1] NCCL INFO NET/OFI Using HIP driver version 60443483 with runtime 60443483
nid005017:56644:56644 [4] NCCL INFO NET/Plugin: Plugin name set by env to /users/joglekar/eessi/aws-ofi-nccl-scratch/lib/librccl-net.so
nid005017:56644:56644 [4] NCCL INFO NET/Plugin: Failed to find ncclCollNetPlugin_v8 symbol.
nid005017:56644:56644 [4] NCCL INFO NET/Plugin: Failed to find ncclCollNetPlugin symbol (>= v5). ncclCollNetPlugin symbols v4 and lower are not supported.
nid005017:56644:56644 [4] NCCL INFO NET/OFI Initializing aws-ofi-nccl 1.19.2
nid005017:56644:56644 [4] NCCL INFO NET/OFI Using Libfabric version 1.22
nid005017:56644:56644 [4] NCCL INFO NET/OFI Using HIP driver version 60443483 with runtime 60443483
nid005017:56642:56642 [2] NCCL INFO NET/Plugin: Plugin name set by env to /users/joglekar/eessi/aws-ofi-nccl-scratch/lib/librccl-net.so
nid005017:56642:56642 [2] NCCL INFO NET/Plugin: Failed to find ncclCollNetPlugin_v8 symbol.
nid005017:56642:56642 [2] NCCL INFO NET/Plugin: Failed to find ncclCollNetPlugin symbol (>= v5). ncclCollNetPlugin symbols v4 and lower are not supported.
nid005017:56642:56642 [2] NCCL INFO NET/OFI Initializing aws-ofi-nccl 1.19.2
nid005017:56642:56642 [2] NCCL INFO NET/OFI Using Libfabric version 1.22
nid005017:56642:56642 [2] NCCL INFO NET/OFI Using HIP driver version 60443483 with runtime 60443483
nid005017:56645:56645 [5] NCCL INFO NET/Plugin: Plugin name set by env to /users/joglekar/eessi/aws-ofi-nccl-scratch/lib/librccl-net.so
nid005017:56645:56645 [5] NCCL INFO NET/Plugin: Failed to find ncclCollNetPlugin_v8 symbol.
nid005017:56645:56645 [5] NCCL INFO NET/Plugin: Failed to find ncclCollNetPlugin symbol (>= v5). ncclCollNetPlugin symbols v4 and lower are not supported.
nid005017:56645:56645 [5] NCCL INFO NET/OFI Initializing aws-ofi-nccl 1.19.2
nid005017:56645:56645 [5] NCCL INFO NET/OFI Using Libfabric version 1.22
nid005017:56645:56645 [5] NCCL INFO NET/OFI Using HIP driver version 60443483 with runtime 60443483
nid005017:56647:56647 [7] NCCL INFO NET/Plugin: Plugin name set by env to /users/joglekar/eessi/aws-ofi-nccl-scratch/lib/librccl-net.so
nid005017:56647:56647 [7] NCCL INFO NET/Plugin: Failed to find ncclCollNetPlugin_v8 symbol.
nid005017:56647:56647 [7] NCCL INFO NET/Plugin: Failed to find ncclCollNetPlugin symbol (>= v5). ncclCollNetPlugin symbols v4 and lower are not supported.
nid005017:56647:56647 [7] NCCL INFO NET/OFI Initializing aws-ofi-nccl 1.19.2
nid005017:56647:56647 [7] NCCL INFO NET/OFI Using Libfabric version 1.22
nid005017:56647:56647 [7] NCCL INFO NET/OFI Using HIP driver version 60443483 with runtime 60443483
nid005017:56641:56641 [0] NCCL INFO NET/Plugin: Plugin name set by env to /users/joglekar/eessi/aws-ofi-nccl-scratch/lib/librccl-net.so
nid005017:56641:56641 [0] NCCL INFO NET/Plugin: Failed to find ncclCollNetPlugin_v8 symbol.
nid005017:56641:56641 [0] NCCL INFO NET/Plugin: Failed to find ncclCollNetPlugin symbol (>= v5). ncclCollNetPlugin symbols v4 and lower are not supported.
nid005017:56641:56641 [0] NCCL INFO NET/OFI Initializing aws-ofi-nccl 1.19.2
nid005017:56641:56641 [0] NCCL INFO NET/OFI Using Libfabric version 1.22
nid005017:56641:56641 [0] NCCL INFO NET/OFI Using HIP driver version 60443483 with runtime 60443483
nid005016:45862:45862 [4] NCCL INFO NET/Plugin: Plugin name set by env to /users/joglekar/eessi/aws-ofi-nccl-scratch/lib/librccl-net.so
nid005016:45862:45862 [4] NCCL INFO NET/Plugin: Failed to find ncclCollNetPlugin_v8 symbol.
nid005016:45862:45862 [4] NCCL INFO NET/Plugin: Failed to find ncclCollNetPlugin symbol (>= v5). ncclCollNetPlugin symbols v4 and lower are not supported.
nid005016:45862:45862 [4] NCCL INFO NET/OFI Initializing aws-ofi-nccl 1.19.2
nid005016:45862:45862 [4] NCCL INFO NET/OFI Using Libfabric version 1.22
nid005016:45862:45862 [4] NCCL INFO NET/OFI Using HIP driver version 60443483 with runtime 60443483
nid005016:45863:45863 [6] NCCL INFO NET/Plugin: Plugin name set by env to /users/joglekar/eessi/aws-ofi-nccl-scratch/lib/librccl-net.so
nid005016:45863:45863 [6] NCCL INFO NET/Plugin: Failed to find ncclCollNetPlugin_v8 symbol.
nid005016:45863:45863 [6] NCCL INFO NET/Plugin: Failed to find ncclCollNetPlugin symbol (>= v5). ncclCollNetPlugin symbols v4 and lower are not supported.
nid005016:45863:45863 [6] NCCL INFO NET/OFI Initializing aws-ofi-nccl 1.19.2
nid005016:45863:45863 [6] NCCL INFO NET/OFI Using Libfabric version 1.22
nid005016:45863:45863 [6] NCCL INFO NET/OFI Using HIP driver version 60443483 with runtime 60443483
nid005016:45859:45859 [1] NCCL INFO NET/Plugin: Plugin name set by env to /users/joglekar/eessi/aws-ofi-nccl-scratch/lib/librccl-net.so
nid005016:45859:45859 [1] NCCL INFO NET/Plugin: Failed to find ncclCollNetPlugin_v8 symbol.
nid005016:45859:45859 [1] NCCL INFO NET/Plugin: Failed to find ncclCollNetPlugin symbol (>= v5). ncclCollNetPlugin symbols v4 and lower are not supported.
nid005016:45859:45859 [1] NCCL INFO NET/OFI Initializing aws-ofi-nccl 1.19.2
nid005016:45859:45859 [1] NCCL INFO NET/OFI Using Libfabric version 1.22
nid005016:45859:45859 [1] NCCL INFO NET/OFI Using HIP driver version 60443483 with runtime 60443483
nid005016:45860:45860 [2] NCCL INFO NET/Plugin: Plugin name set by env to /users/joglekar/eessi/aws-ofi-nccl-scratch/lib/librccl-net.so
nid005016:45860:45860 [2] NCCL INFO NET/Plugin: Failed to find ncclCollNetPlugin_v8 symbol.
nid005016:45860:45860 [2] NCCL INFO NET/Plugin: Failed to find ncclCollNetPlugin symbol (>= v5). ncclCollNetPlugin symbols v4 and lower are not supported.
nid005016:45860:45860 [2] NCCL INFO NET/OFI Initializing aws-ofi-nccl 1.19.2
nid005016:45860:45860 [2] NCCL INFO NET/OFI Using Libfabric version 1.22
nid005016:45860:45860 [2] NCCL INFO NET/OFI Using HIP driver version 60443483 with runtime 60443483
nid005016:45861:45861 [0] NCCL INFO NET/Plugin: Plugin name set by env to /users/joglekar/eessi/aws-ofi-nccl-scratch/lib/librccl-net.so
nid005016:45861:45861 [0] NCCL INFO NET/Plugin: Failed to find ncclCollNetPlugin_v8 symbol.
nid005016:45861:45861 [0] NCCL INFO NET/Plugin: Failed to find ncclCollNetPlugin symbol (>= v5). ncclCollNetPlugin symbols v4 and lower are not supported.
nid005016:45861:45861 [0] NCCL INFO NET/OFI Initializing aws-ofi-nccl 1.19.2
nid005016:45861:45861 [0] NCCL INFO NET/OFI Using Libfabric version 1.22
nid005016:45861:45861 [0] NCCL INFO NET/OFI Using HIP driver version 60443483 with runtime 60443483
nid005017:56646:56646 [1] NCCL INFO NET/OFI Plugin selected platform: Default
nid005017:56646:56646 [1] NCCL INFO NET/OFI No eligible providers were found
nid005017:56646:56646 [1] NCCL INFO NET/OFI Selected provider is cxi, fabric is cxi (found 4 nics)
nid005017:56646:56646 [1] NCCL INFO NET/OFI Using transport protocol SENDRECV
nid005017:56646:56646 [1] NCCL INFO NET/OFI Support for global registrations: false
nid005017:56646:56646 [1] NCCL INFO NET/OFI Support for DMA-BUF registrations: true
nid005017:56646:56646 [1] NCCL INFO NET/OFI MR cache 0 hits 0 misses
nid005017:56646:56646 [1] NCCL INFO Using network Libfabric
nid005017:56643:56643 [3] NCCL INFO NET/OFI Plugin selected platform: Default
nid005017:56643:56643 [3] NCCL INFO NET/OFI No eligible providers were found
nid005017:56643:56643 [3] NCCL INFO NET/OFI Selected provider is cxi, fabric is cxi (found 4 nics)
nid005017:56643:56643 [3] NCCL INFO NET/OFI Using transport protocol SENDRECV
nid005017:56643:56643 [3] NCCL INFO NET/OFI Support for global registrations: false
nid005017:56643:56643 [3] NCCL INFO NET/OFI Support for DMA-BUF registrations: true
nid005017:56643:56643 [3] NCCL INFO NET/OFI MR cache 0 hits 0 misses
nid005017:56643:56643 [3] NCCL INFO Using network Libfabric
nid005017:56646:56646 [1] NCCL INFO [node_id = 9; gpu_id = 1553; unique_id = 114958755808378759; location_id = 54784; bdf = 54784; domain = 0; partition = 0], 
nid005017:56646:56646 [1] NCCL INFO [node_id = 10; gpu_id = 62036; unique_id = 1574000557211499534; location_id = 55552; bdf = 55552; domain = 0; partition = 0], 
nid005017:56646:56646 [1] NCCL INFO [node_id = 7; gpu_id = 3099; unique_id = 7294703760207330936; location_id = 52736; bdf = 52736; domain = 0; partition = 0], 
nid005017:56646:56646 [1] NCCL INFO [node_id = 8; gpu_id = 13395; unique_id = 7354300627877673030; location_id = 53504; bdf = 53504; domain = 0; partition = 0], 
nid005017:56646:56646 [1] NCCL INFO [node_id = 6; gpu_id = 15961; unique_id = 11344947772938386311; location_id = 51456; bdf = 51456; domain = 0; partition = 0], 
nid005017:56646:56646 [1] NCCL INFO [node_id = 4; gpu_id = 63582; unique_id = 11577128999711035251; location_id = 49408; bdf = 49408; domain = 0; partition = 0], 
nid005017:56646:56646 [1] NCCL INFO [node_id = 5; gpu_id = 51740; unique_id = 11996018416670124256; location_id = 50688; bdf = 50688; domain = 0; partition = 0], 
nid005017:56646:56646 [1] NCCL INFO [node_id = 11; gpu_id = 49174; unique_id = 12490171881676382310; location_id = 56832; bdf = 56832; domain = 0; partition = 0], 
nid005017:56643:56643 [3] NCCL INFO [node_id = 9; gpu_id = 1553; unique_id = 114958755808378759; location_id = 54784; bdf = 54784; domain = 0; partition = 0], 
nid005017:56643:56643 [3] NCCL INFO [node_id = 10; gpu_id = 62036; unique_id = 1574000557211499534; location_id = 55552; bdf = 55552; domain = 0; partition = 0], 
nid005017:56643:56643 [3] NCCL INFO [node_id = 7; gpu_id = 3099; unique_id = 7294703760207330936; location_id = 52736; bdf = 52736; domain = 0; partition = 0], 
nid005017:56643:56643 [3] NCCL INFO [node_id = 8; gpu_id = 13395; unique_id = 7354300627877673030; location_id = 53504; bdf = 53504; domain = 0; partition = 0], 
nid005017:56643:56643 [3] NCCL INFO [node_id = 6; gpu_id = 15961; unique_id = 11344947772938386311; location_id = 51456; bdf = 51456; domain = 0; partition = 0], 
nid005017:56643:56643 [3] NCCL INFO [node_id = 4; gpu_id = 63582; unique_id = 11577128999711035251; location_id = 49408; bdf = 49408; domain = 0; partition = 0], 
nid005017:56643:56643 [3] NCCL INFO [node_id = 5; gpu_id = 51740; unique_id = 11996018416670124256; location_id = 50688; bdf = 50688; domain = 0; partition = 0], 
nid005017:56643:56643 [3] NCCL INFO [node_id = 11; gpu_id = 49174; unique_id = 12490171881676382310; location_id = 56832; bdf = 56832; domain = 0; partition = 0], 
nid005017:56646:56646 [1] NCCL INFO initialized internal alternative rsmi functionality
nid005017:56643:56643 [3] NCCL INFO initialized internal alternative rsmi functionality
nid005017:56648:56648 [6] NCCL INFO NET/OFI Plugin selected platform: Default
nid005017:56648:56648 [6] NCCL INFO NET/OFI No eligible providers were found
nid005017:56648:56648 [6] NCCL INFO NET/OFI Selected provider is cxi, fabric is cxi (found 4 nics)
nid005017:56648:56648 [6] NCCL INFO NET/OFI Using transport protocol SENDRECV
nid005017:56648:56648 [6] NCCL INFO NET/OFI Support for global registrations: false
nid005017:56648:56648 [6] NCCL INFO NET/OFI Support for DMA-BUF registrations: true
nid005017:56648:56648 [6] NCCL INFO NET/OFI MR cache 0 hits 0 misses
nid005017:56648:56648 [6] NCCL INFO Using network Libfabric
nid005017:56648:56648 [6] NCCL INFO [node_id = 9; gpu_id = 1553; unique_id = 114958755808378759; location_id = 54784; bdf = 54784; domain = 0; partition = 0], 
nid005017:56648:56648 [6] NCCL INFO [node_id = 10; gpu_id = 62036; unique_id = 1574000557211499534; location_id = 55552; bdf = 55552; domain = 0; partition = 0], 
nid005017:56648:56648 [6] NCCL INFO [node_id = 7; gpu_id = 3099; unique_id = 7294703760207330936; location_id = 52736; bdf = 52736; domain = 0; partition = 0], 
nid005017:56648:56648 [6] NCCL INFO [node_id = 8; gpu_id = 13395; unique_id = 7354300627877673030; location_id = 53504; bdf = 53504; domain = 0; partition = 0], 
nid005017:56648:56648 [6] NCCL INFO [node_id = 6; gpu_id = 15961; unique_id = 11344947772938386311; location_id = 51456; bdf = 51456; domain = 0; partition = 0], 
nid005017:56648:56648 [6] NCCL INFO [node_id = 4; gpu_id = 63582; unique_id = 11577128999711035251; location_id = 49408; bdf = 49408; domain = 0; partition = 0], 
nid005017:56648:56648 [6] NCCL INFO [node_id = 5; gpu_id = 51740; unique_id = 11996018416670124256; location_id = 50688; bdf = 50688; domain = 0; partition = 0], 
nid005017:56648:56648 [6] NCCL INFO [node_id = 11; gpu_id = 49174; unique_id = 12490171881676382310; location_id = 56832; bdf = 56832; domain = 0; partition = 0], 
nid005017:56644:56644 [4] NCCL INFO NET/OFI Plugin selected platform: Default
nid005017:56644:56644 [4] NCCL INFO NET/OFI No eligible providers were found
nid005017:56648:56648 [6] NCCL INFO initialized internal alternative rsmi functionality
nid005017:56644:56644 [4] NCCL INFO NET/OFI Selected provider is cxi, fabric is cxi (found 4 nics)
nid005017:56644:56644 [4] NCCL INFO NET/OFI Using transport protocol SENDRECV
nid005017:56647:56647 [7] NCCL INFO NET/OFI Plugin selected platform: Default
nid005017:56647:56647 [7] NCCL INFO NET/OFI No eligible providers were found
nid005017:56647:56647 [7] NCCL INFO NET/OFI Selected provider is cxi, fabric is cxi (found 4 nics)
nid005017:56647:56647 [7] NCCL INFO NET/OFI Using transport protocol SENDRECV
nid005017:56645:56645 [5] NCCL INFO NET/OFI Plugin selected platform: Default
nid005017:56645:56645 [5] NCCL INFO NET/OFI No eligible providers were found
nid005017:56642:56642 [2] NCCL INFO NET/OFI Plugin selected platform: Default
nid005017:56642:56642 [2] NCCL INFO NET/OFI No eligible providers were found
nid005017:56645:56645 [5] NCCL INFO NET/OFI Selected provider is cxi, fabric is cxi (found 4 nics)
nid005017:56645:56645 [5] NCCL INFO NET/OFI Using transport protocol SENDRECV
nid005017:56642:56642 [2] NCCL INFO NET/OFI Selected provider is cxi, fabric is cxi (found 4 nics)
nid005017:56642:56642 [2] NCCL INFO NET/OFI Using transport protocol SENDRECV
nid005017:56641:56641 [0] NCCL INFO NET/OFI Plugin selected platform: Default
nid005017:56641:56641 [0] NCCL INFO NET/OFI No eligible providers were found
nid005017:56641:56641 [0] NCCL INFO NET/OFI Selected provider is cxi, fabric is cxi (found 4 nics)
nid005017:56641:56641 [0] NCCL INFO NET/OFI Using transport protocol SENDRECV
nid005017:56644:56644 [4] NCCL INFO NET/OFI Support for global registrations: false
nid005017:56644:56644 [4] NCCL INFO NET/OFI Support for DMA-BUF registrations: true
nid005017:56647:56647 [7] NCCL INFO NET/OFI Support for global registrations: false
nid005017:56647:56647 [7] NCCL INFO NET/OFI Support for DMA-BUF registrations: true
nid005017:56644:56644 [4] NCCL INFO NET/OFI MR cache 0 hits 0 misses
nid005017:56644:56644 [4] NCCL INFO Using network Libfabric
nid005017:56644:56644 [4] NCCL INFO [node_id = 9; gpu_id = 1553; unique_id = 114958755808378759; location_id = 54784; bdf = 54784; domain = 0; partition = 0], 
nid005017:56644:56644 [4] NCCL INFO [node_id = 10; gpu_id = 62036; unique_id = 1574000557211499534; location_id = 55552; bdf = 55552; domain = 0; partition = 0], 
nid005017:56644:56644 [4] NCCL INFO [node_id = 7; gpu_id = 3099; unique_id = 7294703760207330936; location_id = 52736; bdf = 52736; domain = 0; partition = 0], 
nid005017:56644:56644 [4] NCCL INFO [node_id = 8; gpu_id = 13395; unique_id = 7354300627877673030; location_id = 53504; bdf = 53504; domain = 0; partition = 0], 
nid005017:56644:56644 [4] NCCL INFO [node_id = 6; gpu_id = 15961; unique_id = 11344947772938386311; location_id = 51456; bdf = 51456; domain = 0; partition = 0], 
nid005017:56644:56644 [4] NCCL INFO [node_id = 4; gpu_id = 63582; unique_id = 11577128999711035251; location_id = 49408; bdf = 49408; domain = 0; partition = 0], 
nid005017:56644:56644 [4] NCCL INFO [node_id = 5; gpu_id = 51740; unique_id = 11996018416670124256; location_id = 50688; bdf = 50688; domain = 0; partition = 0], 
nid005017:56644:56644 [4] NCCL INFO [node_id = 11; gpu_id = 49174; unique_id = 12490171881676382310; location_id = 56832; bdf = 56832; domain = 0; partition = 0], 
nid005017:56647:56647 [7] NCCL INFO NET/OFI MR cache 0 hits 0 misses
nid005017:56647:56647 [7] NCCL INFO Using network Libfabric
nid005017:56647:56647 [7] NCCL INFO [node_id = 9; gpu_id = 1553; unique_id = 114958755808378759; location_id = 54784; bdf = 54784; domain = 0; partition = 0], 
nid005017:56647:56647 [7] NCCL INFO [node_id = 10; gpu_id = 62036; unique_id = 1574000557211499534; location_id = 55552; bdf = 55552; domain = 0; partition = 0], 
nid005017:56647:56647 [7] NCCL INFO [node_id = 7; gpu_id = 3099; unique_id = 7294703760207330936; location_id = 52736; bdf = 52736; domain = 0; partition = 0], 
nid005017:56647:56647 [7] NCCL INFO [node_id = 8; gpu_id = 13395; unique_id = 7354300627877673030; location_id = 53504; bdf = 53504; domain = 0; partition = 0], 
nid005017:56647:56647 [7] NCCL INFO [node_id = 6; gpu_id = 15961; unique_id = 11344947772938386311; location_id = 51456; bdf = 51456; domain = 0; partition = 0], 
nid005017:56647:56647 [7] NCCL INFO [node_id = 4; gpu_id = 63582; unique_id = 11577128999711035251; location_id = 49408; bdf = 49408; domain = 0; partition = 0], 
nid005017:56647:56647 [7] NCCL INFO [node_id = 5; gpu_id = 51740; unique_id = 11996018416670124256; location_id = 50688; bdf = 50688; domain = 0; partition = 0], 
nid005017:56647:56647 [7] NCCL INFO [node_id = 11; gpu_id = 49174; unique_id = 12490171881676382310; location_id = 56832; bdf = 56832; domain = 0; partition = 0], 
nid005017:56642:56642 [2] NCCL INFO NET/OFI Support for global registrations: false
nid005017:56642:56642 [2] NCCL INFO NET/OFI Support for DMA-BUF registrations: true
nid005017:56645:56645 [5] NCCL INFO NET/OFI Support for global registrations: false
nid005017:56645:56645 [5] NCCL INFO NET/OFI Support for DMA-BUF registrations: true
nid005017:56641:56641 [0] NCCL INFO NET/OFI Support for global registrations: false
nid005017:56641:56641 [0] NCCL INFO NET/OFI Support for DMA-BUF registrations: true
nid005017:56644:56644 [4] NCCL INFO initialized internal alternative rsmi functionality
nid005017:56642:56642 [2] NCCL INFO NET/OFI MR cache 0 hits 0 misses
nid005017:56642:56642 [2] NCCL INFO Using network Libfabric
nid005017:56645:56645 [5] NCCL INFO NET/OFI MR cache 0 hits 0 misses
nid005017:56645:56645 [5] NCCL INFO Using network Libfabric
nid005017:56647:56647 [7] NCCL INFO initialized internal alternative rsmi functionality
nid005017:56642:56642 [2] NCCL INFO [node_id = 9; gpu_id = 1553; unique_id = 114958755808378759; location_id = 54784; bdf = 54784; domain = 0; partition = 0], 
nid005017:56642:56642 [2] NCCL INFO [node_id = 10; gpu_id = 62036; unique_id = 1574000557211499534; location_id = 55552; bdf = 55552; domain = 0; partition = 0], 
nid005017:56642:56642 [2] NCCL INFO [node_id = 7; gpu_id = 3099; unique_id = 7294703760207330936; location_id = 52736; bdf = 52736; domain = 0; partition = 0], 
nid005017:56642:56642 [2] NCCL INFO [node_id = 8; gpu_id = 13395; unique_id = 7354300627877673030; location_id = 53504; bdf = 53504; domain = 0; partition = 0], 
nid005017:56642:56642 [2] NCCL INFO [node_id = 6; gpu_id = 15961; unique_id = 11344947772938386311; location_id = 51456; bdf = 51456; domain = 0; partition = 0], 
nid005017:56642:56642 [2] NCCL INFO [node_id = 4; gpu_id = 63582; unique_id = 11577128999711035251; location_id = 49408; bdf = 49408; domain = 0; partition = 0], 
nid005017:56642:56642 [2] NCCL INFO [node_id = 5; gpu_id = 51740; unique_id = 11996018416670124256; location_id = 50688; bdf = 50688; domain = 0; partition = 0], 
nid005017:56642:56642 [2] NCCL INFO [node_id = 11; gpu_id = 49174; unique_id = 12490171881676382310; location_id = 56832; bdf = 56832; domain = 0; partition = 0], 
nid005017:56645:56645 [5] NCCL INFO [node_id = 9; gpu_id = 1553; unique_id = 114958755808378759; location_id = 54784; bdf = 54784; domain = 0; partition = 0], 
nid005017:56645:56645 [5] NCCL INFO [node_id = 10; gpu_id = 62036; unique_id = 1574000557211499534; location_id = 55552; bdf = 55552; domain = 0; partition = 0], 
nid005017:56645:56645 [5] NCCL INFO [node_id = 7; gpu_id = 3099; unique_id = 7294703760207330936; location_id = 52736; bdf = 52736; domain = 0; partition = 0], 
nid005017:56645:56645 [5] NCCL INFO [node_id = 8; gpu_id = 13395; unique_id = 7354300627877673030; location_id = 53504; bdf = 53504; domain = 0; partition = 0], 
nid005017:56645:56645 [5] NCCL INFO [node_id = 6; gpu_id = 15961; unique_id = 11344947772938386311; location_id = 51456; bdf = 51456; domain = 0; partition = 0], 
nid005017:56645:56645 [5] NCCL INFO [node_id = 4; gpu_id = 63582; unique_id = 11577128999711035251; location_id = 49408; bdf = 49408; domain = 0; partition = 0], 
nid005017:56645:56645 [5] NCCL INFO [node_id = 5; gpu_id = 51740; unique_id = 11996018416670124256; location_id = 50688; bdf = 50688; domain = 0; partition = 0], 
nid005017:56645:56645 [5] NCCL INFO [node_id = 11; gpu_id = 49174; unique_id = 12490171881676382310; location_id = 56832; bdf = 56832; domain = 0; partition = 0], 
nid005017:56641:56641 [0] NCCL INFO NET/OFI MR cache 0 hits 0 misses
nid005017:56641:56641 [0] NCCL INFO Using network Libfabric
nid005017:56641:56641 [0] NCCL INFO [node_id = 9; gpu_id = 1553; unique_id = 114958755808378759; location_id = 54784; bdf = 54784; domain = 0; partition = 0], 
nid005017:56641:56641 [0] NCCL INFO [node_id = 10; gpu_id = 62036; unique_id = 1574000557211499534; location_id = 55552; bdf = 55552; domain = 0; partition = 0], 
nid005017:56641:56641 [0] NCCL INFO [node_id = 7; gpu_id = 3099; unique_id = 7294703760207330936; location_id = 52736; bdf = 52736; domain = 0; partition = 0], 
nid005017:56641:56641 [0] NCCL INFO [node_id = 8; gpu_id = 13395; unique_id = 7354300627877673030; location_id = 53504; bdf = 53504; domain = 0; partition = 0], 
nid005017:56641:56641 [0] NCCL INFO [node_id = 6; gpu_id = 15961; unique_id = 11344947772938386311; location_id = 51456; bdf = 51456; domain = 0; partition = 0], 
nid005017:56641:56641 [0] NCCL INFO [node_id = 4; gpu_id = 63582; unique_id = 11577128999711035251; location_id = 49408; bdf = 49408; domain = 0; partition = 0], 
nid005017:56641:56641 [0] NCCL INFO [node_id = 5; gpu_id = 51740; unique_id = 11996018416670124256; location_id = 50688; bdf = 50688; domain = 0; partition = 0], 
nid005017:56641:56641 [0] NCCL INFO [node_id = 11; gpu_id = 49174; unique_id = 12490171881676382310; location_id = 56832; bdf = 56832; domain = 0; partition = 0], 
nid005017:56642:56642 [2] NCCL INFO initialized internal alternative rsmi functionality
nid005017:56645:56645 [5] NCCL INFO initialized internal alternative rsmi functionality
nid005017:56641:56641 [0] NCCL INFO initialized internal alternative rsmi functionality
nid005016:45866:45866 [5] NCCL INFO NET/OFI Plugin selected platform: Default
nid005016:45866:45866 [5] NCCL INFO NET/OFI No eligible providers were found
nid005016:45866:45866 [5] NCCL INFO NET/OFI Selected provider is cxi, fabric is cxi (found 4 nics)
nid005016:45866:45866 [5] NCCL INFO NET/OFI Using transport protocol SENDRECV
nid005016:45866:45866 [5] NCCL INFO NET/OFI Support for global registrations: false
nid005016:45866:45866 [5] NCCL INFO NET/OFI Support for DMA-BUF registrations: true
nid005016:45864:45864 [3] NCCL INFO NET/OFI Plugin selected platform: Default
nid005016:45864:45864 [3] NCCL INFO NET/OFI No eligible providers were found
nid005016:45864:45864 [3] NCCL INFO NET/OFI Selected provider is cxi, fabric is cxi (found 4 nics)
nid005016:45864:45864 [3] NCCL INFO NET/OFI Using transport protocol SENDRECV
nid005016:45866:45866 [5] NCCL INFO NET/OFI MR cache 0 hits 0 misses
nid005016:45866:45866 [5] NCCL INFO Using network Libfabric
nid005016:45865:45865 [7] NCCL INFO NET/OFI Plugin selected platform: Default
nid005016:45865:45865 [7] NCCL INFO NET/OFI No eligible providers were found
nid005016:45866:45866 [5] NCCL INFO [node_id = 8; gpu_id = 13395; unique_id = 8941100799198426; location_id = 53504; bdf = 53504; domain = 0; partition = 0], 
nid005016:45866:45866 [5] NCCL INFO [node_id = 11; gpu_id = 49174; unique_id = 9641048607279681479; location_id = 56832; bdf = 56832; domain = 0; partition = 0], 
nid005016:45866:45866 [5] NCCL INFO [node_id = 5; gpu_id = 51740; unique_id = 9918753207434673262; location_id = 50688; bdf = 50688; domain = 0; partition = 0], 
nid005016:45866:45866 [5] NCCL INFO [node_id = 6; gpu_id = 15961; unique_id = 11710903913926154369; location_id = 51456; bdf = 51456; domain = 0; partition = 0], 
nid005016:45866:45866 [5] NCCL INFO [node_id = 10; gpu_id = 62036; unique_id = 14511207702583018242; location_id = 55552; bdf = 55552; domain = 0; partition = 0], 
nid005016:45866:45866 [5] NCCL INFO [node_id = 7; gpu_id = 3099; unique_id = 16278015608192545490; location_id = 52736; bdf = 52736; domain = 0; partition = 0], 
nid005016:45866:45866 [5] NCCL INFO [node_id = 4; gpu_id = 63582; unique_id = 17847167417756031783; location_id = 49408; bdf = 49408; domain = 0; partition = 0], 
nid005016:45866:45866 [5] NCCL INFO [node_id = 9; gpu_id = 1553; unique_id = 18210502340169372044; location_id = 54784; bdf = 54784; domain = 0; partition = 0], 
nid005016:45865:45865 [7] NCCL INFO NET/OFI Selected provider is cxi, fabric is cxi (found 4 nics)
nid005016:45865:45865 [7] NCCL INFO NET/OFI Using transport protocol SENDRECV
nid005016:45866:45866 [5] NCCL INFO initialized internal alternative rsmi functionality
nid005016:45864:45864 [3] NCCL INFO NET/OFI Support for global registrations: false
nid005016:45864:45864 [3] NCCL INFO NET/OFI Support for DMA-BUF registrations: true
nid005016:45862:45862 [4] NCCL INFO NET/OFI Plugin selected platform: Default
nid005016:45862:45862 [4] NCCL INFO NET/OFI No eligible providers were found
nid005016:45865:45865 [7] NCCL INFO NET/OFI Support for global registrations: false
nid005016:45865:45865 [7] NCCL INFO NET/OFI Support for DMA-BUF registrations: true
nid005016:45862:45862 [4] NCCL INFO NET/OFI Selected provider is cxi, fabric is cxi (found 4 nics)
nid005016:45862:45862 [4] NCCL INFO NET/OFI Using transport protocol SENDRECV
nid005016:45864:45864 [3] NCCL INFO NET/OFI MR cache 0 hits 0 misses
nid005016:45864:45864 [3] NCCL INFO Using network Libfabric
nid005016:45864:45864 [3] NCCL INFO [node_id = 8; gpu_id = 13395; unique_id = 8941100799198426; location_id = 53504; bdf = 53504; domain = 0; partition = 0], 
nid005016:45864:45864 [3] NCCL INFO [node_id = 11; gpu_id = 49174; unique_id = 9641048607279681479; location_id = 56832; bdf = 56832; domain = 0; partition = 0], 
nid005016:45864:45864 [3] NCCL INFO [node_id = 5; gpu_id = 51740; unique_id = 9918753207434673262; location_id = 50688; bdf = 50688; domain = 0; partition = 0], 
nid005016:45864:45864 [3] NCCL INFO [node_id = 6; gpu_id = 15961; unique_id = 11710903913926154369; location_id = 51456; bdf = 51456; domain = 0; partition = 0], 
nid005016:45864:45864 [3] NCCL INFO [node_id = 10; gpu_id = 62036; unique_id = 14511207702583018242; location_id = 55552; bdf = 55552; domain = 0; partition = 0], 
nid005016:45864:45864 [3] NCCL INFO [node_id = 7; gpu_id = 3099; unique_id = 16278015608192545490; location_id = 52736; bdf = 52736; domain = 0; partition = 0], 
nid005016:45864:45864 [3] NCCL INFO [node_id = 4; gpu_id = 63582; unique_id = 17847167417756031783; location_id = 49408; bdf = 49408; domain = 0; partition = 0], 
nid005016:45864:45864 [3] NCCL INFO [node_id = 9; gpu_id = 1553; unique_id = 18210502340169372044; location_id = 54784; bdf = 54784; domain = 0; partition = 0], 
nid005016:45865:45865 [7] NCCL INFO NET/OFI MR cache 0 hits 0 misses
nid005016:45865:45865 [7] NCCL INFO Using network Libfabric
nid005016:45865:45865 [7] NCCL INFO [node_id = 8; gpu_id = 13395; unique_id = 8941100799198426; location_id = 53504; bdf = 53504; domain = 0; partition = 0], 
nid005016:45865:45865 [7] NCCL INFO [node_id = 11; gpu_id = 49174; unique_id = 9641048607279681479; location_id = 56832; bdf = 56832; domain = 0; partition = 0], 
nid005016:45865:45865 [7] NCCL INFO [node_id = 5; gpu_id = 51740; unique_id = 9918753207434673262; location_id = 50688; bdf = 50688; domain = 0; partition = 0], 
nid005016:45865:45865 [7] NCCL INFO [node_id = 6; gpu_id = 15961; unique_id = 11710903913926154369; location_id = 51456; bdf = 51456; domain = 0; partition = 0], 
nid005016:45865:45865 [7] NCCL INFO [node_id = 10; gpu_id = 62036; unique_id = 14511207702583018242; location_id = 55552; bdf = 55552; domain = 0; partition = 0], 
nid005016:45865:45865 [7] NCCL INFO [node_id = 7; gpu_id = 3099; unique_id = 16278015608192545490; location_id = 52736; bdf = 52736; domain = 0; partition = 0], 
nid005016:45865:45865 [7] NCCL INFO [node_id = 4; gpu_id = 63582; unique_id = 17847167417756031783; location_id = 49408; bdf = 49408; domain = 0; partition = 0], 
nid005016:45865:45865 [7] NCCL INFO [node_id = 9; gpu_id = 1553; unique_id = 18210502340169372044; location_id = 54784; bdf = 54784; domain = 0; partition = 0], 
nid005016:45860:45860 [2] NCCL INFO NET/OFI Plugin selected platform: Default
nid005016:45860:45860 [2] NCCL INFO NET/OFI No eligible providers were found
nid005016:45863:45863 [6] NCCL INFO NET/OFI Plugin selected platform: Default
nid005016:45863:45863 [6] NCCL INFO NET/OFI No eligible providers were found
nid005016:45859:45859 [1] NCCL INFO NET/OFI Plugin selected platform: Default
nid005016:45859:45859 [1] NCCL INFO NET/OFI No eligible providers were found
nid005016:45860:45860 [2] NCCL INFO NET/OFI Selected provider is cxi, fabric is cxi (found 4 nics)
nid005016:45860:45860 [2] NCCL INFO NET/OFI Using transport protocol SENDRECV
nid005016:45859:45859 [1] NCCL INFO NET/OFI Selected provider is cxi, fabric is cxi (found 4 nics)
nid005016:45859:45859 [1] NCCL INFO NET/OFI Using transport protocol SENDRECV
nid005016:45863:45863 [6] NCCL INFO NET/OFI Selected provider is cxi, fabric is cxi (found 4 nics)
nid005016:45863:45863 [6] NCCL INFO NET/OFI Using transport protocol SENDRECV
nid005016:45864:45864 [3] NCCL INFO initialized internal alternative rsmi functionality
nid005016:45865:45865 [7] NCCL INFO initialized internal alternative rsmi functionality
nid005016:45862:45862 [4] NCCL INFO NET/OFI Support for global registrations: false
nid005016:45862:45862 [4] NCCL INFO NET/OFI Support for DMA-BUF registrations: true
nid005016:45861:45861 [0] NCCL INFO NET/OFI Plugin selected platform: Default
nid005016:45861:45861 [0] NCCL INFO NET/OFI No eligible providers were found
nid005016:45861:45861 [0] NCCL INFO NET/OFI Selected provider is cxi, fabric is cxi (found 4 nics)
nid005016:45861:45861 [0] NCCL INFO NET/OFI Using transport protocol SENDRECV
nid005016:45862:45862 [4] NCCL INFO NET/OFI MR cache 0 hits 0 misses
nid005016:45862:45862 [4] NCCL INFO Using network Libfabric
nid005016:45862:45862 [4] NCCL INFO [node_id = 8; gpu_id = 13395; unique_id = 8941100799198426; location_id = 53504; bdf = 53504; domain = 0; partition = 0], 
nid005016:45862:45862 [4] NCCL INFO [node_id = 11; gpu_id = 49174; unique_id = 9641048607279681479; location_id = 56832; bdf = 56832; domain = 0; partition = 0], 
nid005016:45862:45862 [4] NCCL INFO [node_id = 5; gpu_id = 51740; unique_id = 9918753207434673262; location_id = 50688; bdf = 50688; domain = 0; partition = 0], 
nid005016:45862:45862 [4] NCCL INFO [node_id = 6; gpu_id = 15961; unique_id = 11710903913926154369; location_id = 51456; bdf = 51456; domain = 0; partition = 0], 
nid005016:45862:45862 [4] NCCL INFO [node_id = 10; gpu_id = 62036; unique_id = 14511207702583018242; location_id = 55552; bdf = 55552; domain = 0; partition = 0], 
nid005016:45862:45862 [4] NCCL INFO [node_id = 7; gpu_id = 3099; unique_id = 16278015608192545490; location_id = 52736; bdf = 52736; domain = 0; partition = 0], 
nid005016:45862:45862 [4] NCCL INFO [node_id = 4; gpu_id = 63582; unique_id = 17847167417756031783; location_id = 49408; bdf = 49408; domain = 0; partition = 0], 
nid005016:45862:45862 [4] NCCL INFO [node_id = 9; gpu_id = 1553; unique_id = 18210502340169372044; location_id = 54784; bdf = 54784; domain = 0; partition = 0], 
nid005016:45860:45860 [2] NCCL INFO NET/OFI Support for global registrations: false
nid005016:45860:45860 [2] NCCL INFO NET/OFI Support for DMA-BUF registrations: true
nid005016:45863:45863 [6] NCCL INFO NET/OFI Support for global registrations: false
nid005016:45863:45863 [6] NCCL INFO NET/OFI Support for DMA-BUF registrations: true
nid005016:45859:45859 [1] NCCL INFO NET/OFI Support for global registrations: false
nid005016:45859:45859 [1] NCCL INFO NET/OFI Support for DMA-BUF registrations: true
nid005016:45862:45862 [4] NCCL INFO initialized internal alternative rsmi functionality
nid005016:45860:45860 [2] NCCL INFO NET/OFI MR cache 0 hits 0 misses
nid005016:45860:45860 [2] NCCL INFO Using network Libfabric
nid005016:45863:45863 [6] NCCL INFO NET/OFI MR cache 0 hits 0 misses
nid005016:45863:45863 [6] NCCL INFO Using network Libfabric
nid005016:45859:45859 [1] NCCL INFO NET/OFI MR cache 0 hits 0 misses
nid005016:45859:45859 [1] NCCL INFO Using network Libfabric
nid005016:45860:45860 [2] NCCL INFO [node_id = 8; gpu_id = 13395; unique_id = 8941100799198426; location_id = 53504; bdf = 53504; domain = 0; partition = 0], 
nid005016:45860:45860 [2] NCCL INFO [node_id = 11; gpu_id = 49174; unique_id = 9641048607279681479; location_id = 56832; bdf = 56832; domain = 0; partition = 0], 
nid005016:45860:45860 [2] NCCL INFO [node_id = 5; gpu_id = 51740; unique_id = 9918753207434673262; location_id = 50688; bdf = 50688; domain = 0; partition = 0], 
nid005016:45860:45860 [2] NCCL INFO [node_id = 6; gpu_id = 15961; unique_id = 11710903913926154369; location_id = 51456; bdf = 51456; domain = 0; partition = 0], 
nid005016:45860:45860 [2] NCCL INFO [node_id = 10; gpu_id = 62036; unique_id = 14511207702583018242; location_id = 55552; bdf = 55552; domain = 0; partition = 0], 
nid005016:45860:45860 [2] NCCL INFO [node_id = 7; gpu_id = 3099; unique_id = 16278015608192545490; location_id = 52736; bdf = 52736; domain = 0; partition = 0], 
nid005016:45860:45860 [2] NCCL INFO [node_id = 4; gpu_id = 63582; unique_id = 17847167417756031783; location_id = 49408; bdf = 49408; domain = 0; partition = 0], 
nid005016:45860:45860 [2] NCCL INFO [node_id = 9; gpu_id = 1553; unique_id = 18210502340169372044; location_id = 54784; bdf = 54784; domain = 0; partition = 0], 
nid005016:45859:45859 [1] NCCL INFO [node_id = 8; gpu_id = 13395; unique_id = 8941100799198426; location_id = 53504; bdf = 53504; domain = 0; partition = 0], 
nid005016:45859:45859 [1] NCCL INFO [node_id = 11; gpu_id = 49174; unique_id = 9641048607279681479; location_id = 56832; bdf = 56832; domain = 0; partition = 0], 
nid005016:45859:45859 [1] NCCL INFO [node_id = 5; gpu_id = 51740; unique_id = 9918753207434673262; location_id = 50688; bdf = 50688; domain = 0; partition = 0], 
nid005016:45859:45859 [1] NCCL INFO [node_id = 6; gpu_id = 15961; unique_id = 11710903913926154369; location_id = 51456; bdf = 51456; domain = 0; partition = 0], 
nid005016:45859:45859 [1] NCCL INFO [node_id = 10; gpu_id = 62036; unique_id = 14511207702583018242; location_id = 55552; bdf = 55552; domain = 0; partition = 0], 
nid005016:45859:45859 [1] NCCL INFO [node_id = 7; gpu_id = 3099; unique_id = 16278015608192545490; location_id = 52736; bdf = 52736; domain = 0; partition = 0], 
nid005016:45859:45859 [1] NCCL INFO [node_id = 4; gpu_id = 63582; unique_id = 17847167417756031783; location_id = 49408; bdf = 49408; domain = 0; partition = 0], 
nid005016:45859:45859 [1] NCCL INFO [node_id = 9; gpu_id = 1553; unique_id = 18210502340169372044; location_id = 54784; bdf = 54784; domain = 0; partition = 0], 
nid005016:45863:45863 [6] NCCL INFO [node_id = 8; gpu_id = 13395; unique_id = 8941100799198426; location_id = 53504; bdf = 53504; domain = 0; partition = 0], 
nid005016:45863:45863 [6] NCCL INFO [node_id = 11; gpu_id = 49174; unique_id = 9641048607279681479; location_id = 56832; bdf = 56832; domain = 0; partition = 0], 
nid005016:45863:45863 [6] NCCL INFO [node_id = 5; gpu_id = 51740; unique_id = 9918753207434673262; location_id = 50688; bdf = 50688; domain = 0; partition = 0], 
nid005016:45863:45863 [6] NCCL INFO [node_id = 6; gpu_id = 15961; unique_id = 11710903913926154369; location_id = 51456; bdf = 51456; domain = 0; partition = 0], 
nid005016:45863:45863 [6] NCCL INFO [node_id = 10; gpu_id = 62036; unique_id = 14511207702583018242; location_id = 55552; bdf = 55552; domain = 0; partition = 0], 
nid005016:45863:45863 [6] NCCL INFO [node_id = 7; gpu_id = 3099; unique_id = 16278015608192545490; location_id = 52736; bdf = 52736; domain = 0; partition = 0], 
nid005016:45863:45863 [6] NCCL INFO [node_id = 4; gpu_id = 63582; unique_id = 17847167417756031783; location_id = 49408; bdf = 49408; domain = 0; partition = 0], 
nid005016:45863:45863 [6] NCCL INFO [node_id = 9; gpu_id = 1553; unique_id = 18210502340169372044; location_id = 54784; bdf = 54784; domain = 0; partition = 0], 
nid005016:45861:45861 [0] NCCL INFO NET/OFI Support for global registrations: false
nid005016:45861:45861 [0] NCCL INFO NET/OFI Support for DMA-BUF registrations: true
nid005016:45861:45861 [0] NCCL INFO NET/OFI MR cache 0 hits 0 misses
nid005016:45861:45861 [0] NCCL INFO Using network Libfabric
nid005016:45860:45860 [2] NCCL INFO initialized internal alternative rsmi functionality
nid005016:45859:45859 [1] NCCL INFO initialized internal alternative rsmi functionality
nid005016:45863:45863 [6] NCCL INFO initialized internal alternative rsmi functionality
nid005016:45861:45861 [0] NCCL INFO [node_id = 8; gpu_id = 13395; unique_id = 8941100799198426; location_id = 53504; bdf = 53504; domain = 0; partition = 0], 
nid005016:45861:45861 [0] NCCL INFO [node_id = 11; gpu_id = 49174; unique_id = 9641048607279681479; location_id = 56832; bdf = 56832; domain = 0; partition = 0], 
nid005016:45861:45861 [0] NCCL INFO [node_id = 5; gpu_id = 51740; unique_id = 9918753207434673262; location_id = 50688; bdf = 50688; domain = 0; partition = 0], 
nid005016:45861:45861 [0] NCCL INFO [node_id = 6; gpu_id = 15961; unique_id = 11710903913926154369; location_id = 51456; bdf = 51456; domain = 0; partition = 0], 
nid005016:45861:45861 [0] NCCL INFO [node_id = 10; gpu_id = 62036; unique_id = 14511207702583018242; location_id = 55552; bdf = 55552; domain = 0; partition = 0], 
nid005016:45861:45861 [0] NCCL INFO [node_id = 7; gpu_id = 3099; unique_id = 16278015608192545490; location_id = 52736; bdf = 52736; domain = 0; partition = 0], 
nid005016:45861:45861 [0] NCCL INFO [node_id = 4; gpu_id = 63582; unique_id = 17847167417756031783; location_id = 49408; bdf = 49408; domain = 0; partition = 0], 
nid005016:45861:45861 [0] NCCL INFO [node_id = 9; gpu_id = 1553; unique_id = 18210502340169372044; location_id = 54784; bdf = 54784; domain = 0; partition = 0], 
nid005016:45861:45861 [0] NCCL INFO initialized internal alternative rsmi functionality
nid005016:45860:45860 [2] NCCL INFO ncclCommInitRank comm 0x559815b61c00 rank 2 nranks 16 cudaDev 2 nvmlDev 2 busId c9000 commId 0xffdada5ef7cf6982 - Init START
nid005016:45865:45865 [7] NCCL INFO ncclCommInitRank comm 0x55f8b42c2a00 rank 7 nranks 16 cudaDev 7 nvmlDev 7 busId de000 commId 0xffdada5ef7cf6982 - Init START
nid005016:45863:45863 [6] NCCL INFO ncclCommInitRank comm 0x56148dd13070 rank 6 nranks 16 cudaDev 6 nvmlDev 6 busId d9000 commId 0xffdada5ef7cf6982 - Init START
nid005016:45864:45864 [3] NCCL INFO ncclCommInitRank comm 0x56087b8059e0 rank 3 nranks 16 cudaDev 3 nvmlDev 3 busId ce000 commId 0xffdada5ef7cf6982 - Init START
nid005016:45861:45861 [0] NCCL INFO ncclCommInitRank comm 0x55a3706221e0 rank 0 nranks 16 cudaDev 0 nvmlDev 0 busId c1000 commId 0xffdada5ef7cf6982 - Init START
nid005016:45866:45866 [5] NCCL INFO ncclCommInitRank comm 0x5616e1cbb7b0 rank 5 nranks 16 cudaDev 5 nvmlDev 5 busId d6000 commId 0xffdada5ef7cf6982 - Init START
nid005016:45862:45862 [4] NCCL INFO ncclCommInitRank comm 0x55dfe0af4e70 rank 4 nranks 16 cudaDev 4 nvmlDev 4 busId d1000 commId 0xffdada5ef7cf6982 - Init START
nid005016:45859:45859 [1] NCCL INFO ncclCommInitRank comm 0x5653e6f18cf0 rank 1 nranks 16 cudaDev 1 nvmlDev 1 busId c6000 commId 0xffdada5ef7cf6982 - Init START
nid005017:56647:56647 [7] NCCL INFO ncclCommInitRank comm 0x55e697632f50 rank 15 nranks 16 cudaDev 7 nvmlDev 7 busId de000 commId 0xffdada5ef7cf6982 - Init START
nid005017:56643:56643 [3] NCCL INFO ncclCommInitRank comm 0x559c301c17b0 rank 11 nranks 16 cudaDev 3 nvmlDev 3 busId ce000 commId 0xffdada5ef7cf6982 - Init START
nid005017:56642:56642 [2] NCCL INFO ncclCommInitRank comm 0x55d871be9160 rank 10 nranks 16 cudaDev 2 nvmlDev 2 busId c9000 commId 0xffdada5ef7cf6982 - Init START
nid005017:56641:56641 [0] NCCL INFO ncclCommInitRank comm 0x562676d902d0 rank 8 nranks 16 cudaDev 0 nvmlDev 0 busId c1000 commId 0xffdada5ef7cf6982 - Init START
nid005017:56645:56645 [5] NCCL INFO ncclCommInitRank comm 0x56455930efc0 rank 13 nranks 16 cudaDev 5 nvmlDev 5 busId d6000 commId 0xffdada5ef7cf6982 - Init START
nid005017:56644:56644 [4] NCCL INFO ncclCommInitRank comm 0x5563276d8f60 rank 12 nranks 16 cudaDev 4 nvmlDev 4 busId d1000 commId 0xffdada5ef7cf6982 - Init START
nid005017:56648:56648 [6] NCCL INFO ncclCommInitRank comm 0x55e24e770940 rank 14 nranks 16 cudaDev 6 nvmlDev 6 busId d9000 commId 0xffdada5ef7cf6982 - Init START
nid005017:56646:56646 [1] NCCL INFO ncclCommInitRank comm 0x564603f1a130 rank 9 nranks 16 cudaDev 1 nvmlDev 1 busId c6000 commId 0xffdada5ef7cf6982 - Init START
nid005016:45862:45862 [4] NCCL INFO initialized internal alternative rsmi functionality
nid005016:45859:45859 [1] NCCL INFO initialized internal alternative rsmi functionality
nid005016:45864:45864 [3] NCCL INFO initialized internal alternative rsmi functionality
nid005016:45863:45863 [6] NCCL INFO initialized internal alternative rsmi functionality
nid005016:45865:45865 [7] NCCL INFO initialized internal alternative rsmi functionality
nid005016:45861:45861 [0] NCCL INFO initialized internal alternative rsmi functionality
nid005016:45860:45860 [2] NCCL INFO initialized internal alternative rsmi functionality
nid005016:45866:45866 [5] NCCL INFO initialized internal alternative rsmi functionality
nid005017:56647:56647 [7] NCCL INFO initialized internal alternative rsmi functionality
nid005017:56644:56644 [4] NCCL INFO initialized internal alternative rsmi functionality
nid005017:56645:56645 [5] NCCL INFO initialized internal alternative rsmi functionality
nid005017:56646:56646 [1] NCCL INFO initialized internal alternative rsmi functionality
nid005017:56643:56643 [3] NCCL INFO initialized internal alternative rsmi functionality
nid005017:56648:56648 [6] NCCL INFO initialized internal alternative rsmi functionality
nid005017:56642:56642 [2] NCCL INFO initialized internal alternative rsmi functionality
nid005017:56641:56641 [0] NCCL INFO initialized internal alternative rsmi functionality
nid005016:45862:45862 [4] NCCL INFO NET/Libfabric : GPU Direct RDMA Enabled for HCA 0 'cxi0'
nid005016:45859:45859 [1] NCCL INFO NET/Libfabric : GPU Direct RDMA Enabled for HCA 0 'cxi0'
nid005016:45863:45863 [6] NCCL INFO NET/Libfabric : GPU Direct RDMA Enabled for HCA 0 'cxi0'
nid005016:45860:45860 [2] NCCL INFO NET/Libfabric : GPU Direct RDMA Enabled for HCA 0 'cxi0'
nid005016:45864:45864 [3] NCCL INFO NET/Libfabric : GPU Direct RDMA Enabled for HCA 0 'cxi0'
nid005016:45865:45865 [7] NCCL INFO NET/Libfabric : GPU Direct RDMA Enabled for HCA 0 'cxi0'
nid005016:45861:45861 [0] NCCL INFO NET/Libfabric : GPU Direct RDMA Enabled for HCA 0 'cxi0'
nid005016:45866:45866 [5] NCCL INFO NET/Libfabric : GPU Direct RDMA Enabled for HCA 0 'cxi0'
nid005016:45862:45862 [4] NCCL INFO NET/Libfabric : GPU Direct RDMA Enabled for HCA 1 'cxi1'
nid005016:45859:45859 [1] NCCL INFO NET/Libfabric : GPU Direct RDMA Enabled for HCA 1 'cxi1'
nid005017:56646:56646 [1] NCCL INFO NET/Libfabric : GPU Direct RDMA Enabled for HCA 0 'cxi0'
nid005016:45860:45860 [2] NCCL INFO NET/Libfabric : GPU Direct RDMA Enabled for HCA 1 'cxi1'
nid005016:45863:45863 [6] NCCL INFO NET/Libfabric : GPU Direct RDMA Enabled for HCA 1 'cxi1'
nid005016:45864:45864 [3] NCCL INFO NET/Libfabric : GPU Direct RDMA Enabled for HCA 1 'cxi1'
nid005016:45861:45861 [0] NCCL INFO NET/Libfabric : GPU Direct RDMA Enabled for HCA 1 'cxi1'
nid005016:45865:45865 [7] NCCL INFO NET/Libfabric : GPU Direct RDMA Enabled for HCA 1 'cxi1'
nid005016:45866:45866 [5] NCCL INFO NET/Libfabric : GPU Direct RDMA Enabled for HCA 1 'cxi1'
nid005016:45862:45862 [4] NCCL INFO NET/Libfabric : GPU Direct RDMA Enabled for HCA 2 'cxi2'
nid005017:56645:56645 [5] NCCL INFO NET/Libfabric : GPU Direct RDMA Enabled for HCA 0 'cxi0'
nid005017:56641:56641 [0] NCCL INFO NET/Libfabric : GPU Direct RDMA Enabled for HCA 0 'cxi0'
nid005016:45859:45859 [1] NCCL INFO NET/Libfabric : GPU Direct RDMA Enabled for HCA 2 'cxi2'
nid005017:56643:56643 [3] NCCL INFO NET/Libfabric : GPU Direct RDMA Enabled for HCA 0 'cxi0'
nid005017:56647:56647 [7] NCCL INFO NET/Libfabric : GPU Direct RDMA Enabled for HCA 0 'cxi0'
nid005017:56644:56644 [4] NCCL INFO NET/Libfabric : GPU Direct RDMA Enabled for HCA 0 'cxi0'
nid005017:56648:56648 [6] NCCL INFO NET/Libfabric : GPU Direct RDMA Enabled for HCA 0 'cxi0'
nid005017:56642:56642 [2] NCCL INFO NET/Libfabric : GPU Direct RDMA Enabled for HCA 0 'cxi0'
nid005016:45863:45863 [6] NCCL INFO NET/Libfabric : GPU Direct RDMA Enabled for HCA 2 'cxi2'
nid005016:45860:45860 [2] NCCL INFO NET/Libfabric : GPU Direct RDMA Enabled for HCA 2 'cxi2'
nid005016:45864:45864 [3] NCCL INFO NET/Libfabric : GPU Direct RDMA Enabled for HCA 2 'cxi2'
nid005016:45866:45866 [5] NCCL INFO NET/Libfabric : GPU Direct RDMA Enabled for HCA 2 'cxi2'
nid005016:45861:45861 [0] NCCL INFO NET/Libfabric : GPU Direct RDMA Enabled for HCA 2 'cxi2'
nid005016:45862:45862 [4] NCCL INFO NET/Libfabric : GPU Direct RDMA Enabled for HCA 3 'cxi3'
nid005016:45865:45865 [7] NCCL INFO NET/Libfabric : GPU Direct RDMA Enabled for HCA 2 'cxi2'
nid005017:56643:56643 [3] NCCL INFO NET/Libfabric : GPU Direct RDMA Enabled for HCA 1 'cxi1'
nid005016:45859:45859 [1] NCCL INFO NET/Libfabric : GPU Direct RDMA Enabled for HCA 3 'cxi3'
nid005017:56641:56641 [0] NCCL INFO NET/Libfabric : GPU Direct RDMA Enabled for HCA 1 'cxi1'
nid005017:56642:56642 [2] NCCL INFO NET/Libfabric : GPU Direct RDMA Enabled for HCA 1 'cxi1'
nid005017:56646:56646 [1] NCCL INFO NET/Libfabric : GPU Direct RDMA Enabled for HCA 1 'cxi1'
nid005016:45863:45863 [6] NCCL INFO NET/Libfabric : GPU Direct RDMA Enabled for HCA 3 'cxi3'
nid005017:56645:56645 [5] NCCL INFO NET/Libfabric : GPU Direct RDMA Enabled for HCA 1 'cxi1'
nid005016:45860:45860 [2] NCCL INFO NET/Libfabric : GPU Direct RDMA Enabled for HCA 3 'cxi3'
nid005017:56648:56648 [6] NCCL INFO NET/Libfabric : GPU Direct RDMA Enabled for HCA 1 'cxi1'
nid005017:56644:56644 [4] NCCL INFO NET/Libfabric : GPU Direct RDMA Enabled for HCA 1 'cxi1'
nid005017:56647:56647 [7] NCCL INFO NET/Libfabric : GPU Direct RDMA Enabled for HCA 1 'cxi1'
nid005016:45864:45864 [3] NCCL INFO NET/Libfabric : GPU Direct RDMA Enabled for HCA 3 'cxi3'
nid005016:45865:45865 [7] NCCL INFO NET/Libfabric : GPU Direct RDMA Enabled for HCA 3 'cxi3'
nid005017:56645:56645 [5] NCCL INFO NET/Libfabric : GPU Direct RDMA Enabled for HCA 2 'cxi2'
nid005016:45866:45866 [5] NCCL INFO NET/Libfabric : GPU Direct RDMA Enabled for HCA 3 'cxi3'
nid005017:56644:56644 [4] NCCL INFO NET/Libfabric : GPU Direct RDMA Enabled for HCA 2 'cxi2'
nid005017:56643:56643 [3] NCCL INFO NET/Libfabric : GPU Direct RDMA Enabled for HCA 2 'cxi2'
nid005017:56641:56641 [0] NCCL INFO NET/Libfabric : GPU Direct RDMA Enabled for HCA 2 'cxi2'
nid005016:45861:45861 [0] NCCL INFO NET/Libfabric : GPU Direct RDMA Enabled for HCA 3 'cxi3'
nid005017:56642:56642 [2] NCCL INFO NET/Libfabric : GPU Direct RDMA Enabled for HCA 2 'cxi2'
nid005017:56646:56646 [1] NCCL INFO NET/Libfabric : GPU Direct RDMA Enabled for HCA 2 'cxi2'
nid005017:56648:56648 [6] NCCL INFO NET/Libfabric : GPU Direct RDMA Enabled for HCA 2 'cxi2'
nid005017:56647:56647 [7] NCCL INFO NET/Libfabric : GPU Direct RDMA Enabled for HCA 2 'cxi2'
nid005017:56645:56645 [5] NCCL INFO NET/Libfabric : GPU Direct RDMA Enabled for HCA 3 'cxi3'
nid005017:56644:56644 [4] NCCL INFO NET/Libfabric : GPU Direct RDMA Enabled for HCA 3 'cxi3'
nid005017:56647:56647 [7] NCCL INFO NET/Libfabric : GPU Direct RDMA Enabled for HCA 3 'cxi3'
nid005017:56643:56643 [3] NCCL INFO NET/Libfabric : GPU Direct RDMA Enabled for HCA 3 'cxi3'
nid005017:56648:56648 [6] NCCL INFO NET/Libfabric : GPU Direct RDMA Enabled for HCA 3 'cxi3'
nid005017:56641:56641 [0] NCCL INFO NET/Libfabric : GPU Direct RDMA Enabled for HCA 3 'cxi3'
nid005017:56646:56646 [1] NCCL INFO NET/Libfabric : GPU Direct RDMA Enabled for HCA 3 'cxi3'
nid005017:56642:56642 [2] NCCL INFO NET/Libfabric : GPU Direct RDMA Enabled for HCA 3 'cxi3'
nid005017:56642:56642 [2] NCCL INFO NCCL_NET_GDR_LEVEL set by environment to PHB
nid005017:56642:56642 [2] NCCL INFO GPU Direct RDMA Enabled for GPU c1000 / HCA 0 (distance 6 <= 6), read 1
nid005017:56642:56642 [2] NCCL INFO GPU Direct RDMA Enabled for GPU c6000 / HCA 0 (distance 6 <= 6), read 1
nid005017:56642:56642 [2] NCCL INFO GPU Direct RDMA Enabled for GPU c9000 / HCA 1 (distance 6 <= 6), read 1
nid005017:56642:56642 [2] NCCL INFO GPU Direct RDMA Enabled for GPU ce000 / HCA 1 (distance 6 <= 6), read 1
nid005017:56642:56642 [2] NCCL INFO GPU Direct RDMA Enabled for GPU d1000 / HCA 2 (distance 6 <= 6), read 1
nid005017:56642:56642 [2] NCCL INFO GPU Direct RDMA Enabled for GPU d6000 / HCA 2 (distance 6 <= 6), read 1
nid005017:56642:56642 [2] NCCL INFO GPU Direct RDMA Enabled for GPU d9000 / HCA 3 (distance 6 <= 6), read 1
nid005017:56642:56642 [2] NCCL INFO GPU Direct RDMA Enabled for GPU de000 / HCA 3 (distance 6 <= 6), read 1
nid005017:56642:56642 [2] NCCL INFO === System : maxBw 24.0 totalBw 252.0 ===
nid005017:56642:56642 [2] NCCL INFO CPU/0-3 (1/2/4)
nid005017:56642:56642 [2] NCCL INFO + PCI[24.0] - GPU/0-c1000 (8)
nid005017:56642:56642 [2] NCCL INFO               + XGMI[144.0] - GPU/C6000
nid005017:56642:56642 [2] NCCL INFO               + XGMI[72.0] - GPU/D9000
nid005017:56642:56642 [2] NCCL INFO               + XGMI[36.0] - GPU/C9000
nid005017:56642:56642 [2] NCCL INFO + PCI[24.0] - NIC/0-c5000
nid005017:56642:56642 [2] NCCL INFO               + NET[25.0] - NET/0 (a78181400/1/25.000000)
nid005017:56642:56642 [2] NCCL INFO + PCI[24.0] - GPU/0-c6000 (9)
nid005017:56642:56642 [2] NCCL INFO               + XGMI[144.0] - GPU/C1000
nid005017:56642:56642 [2] NCCL INFO               + XGMI[36.0] - GPU/CE000
nid005017:56642:56642 [2] NCCL INFO               + XGMI[36.0] - GPU/D6000
nid005017:56642:56642 [2] NCCL INFO + SYS[16.0] - CPU/1
nid005017:56642:56642 [2] NCCL INFO + SYS[16.0] - CPU/0
nid005017:56642:56642 [2] NCCL INFO + SYS[16.0] - CPU/2
nid005017:56642:56642 [2] NCCL INFO CPU/0-1 (1/2/4)
nid005017:56642:56642 [2] NCCL INFO + PCI[24.0] - NIC/0-cd000
nid005017:56642:56642 [2] NCCL INFO               + NET[25.0] - NET/1 (a78181401/1/25.000000)
nid005017:56642:56642 [2] NCCL INFO + PCI[24.0] - GPU/0-c9000 (10)
nid005017:56642:56642 [2] NCCL INFO               + XGMI[144.0] - GPU/CE000
nid005017:56642:56642 [2] NCCL INFO               + XGMI[72.0] - GPU/D1000
nid005017:56642:56642 [2] NCCL INFO               + XGMI[36.0] - GPU/C1000
nid005017:56642:56642 [2] NCCL INFO + PCI[24.0] - GPU/0-ce000 (11)
nid005017:56642:56642 [2] NCCL INFO               + XGMI[144.0] - GPU/C9000
nid005017:56642:56642 [2] NCCL INFO               + XGMI[36.0] - GPU/C6000
nid005017:56642:56642 [2] NCCL INFO               + XGMI[36.0] - GPU/DE000
nid005017:56642:56642 [2] NCCL INFO + SYS[16.0] - CPU/3
nid005017:56642:56642 [2] NCCL INFO + SYS[16.0] - CPU/0
nid005017:56642:56642 [2] NCCL INFO + SYS[16.0] - CPU/2
nid005017:56642:56642 [2] NCCL INFO CPU/0-0 (1/2/4)
nid005017:56642:56642 [2] NCCL INFO + PCI[24.0] - NIC/0-d5000
nid005017:56642:56642 [2] NCCL INFO               + NET[25.0] - NET/2 (a78181402/1/25.000000)
nid005017:56642:56642 [2] NCCL INFO + PCI[24.0] - GPU/0-d1000 (12)
nid005017:56642:56642 [2] NCCL INFO               + XGMI[144.0] - GPU/D6000
nid005017:56642:56642 [2] NCCL INFO               + XGMI[72.0] - GPU/C9000
nid005017:56642:56642 [2] NCCL INFO               + XGMI[36.0] - GPU/D9000
nid005017:56642:56642 [2] NCCL INFO + PCI[24.0] - GPU/0-d6000 (13)
nid005017:56642:56642 [2] NCCL INFO               + XGMI[144.0] - GPU/D1000
nid005017:56642:56642 [2] NCCL INFO               + XGMI[36.0] - GPU/C6000
nid005017:56642:56642 [2] NCCL INFO               + XGMI[36.0] - GPU/DE000
nid005017:56642:56642 [2] NCCL INFO + SYS[16.0] - CPU/3
nid005017:56642:56642 [2] NCCL INFO + SYS[16.0] - CPU/1
nid005017:56642:56642 [2] NCCL INFO + SYS[16.0] - CPU/2
nid005017:56642:56642 [2] NCCL INFO CPU/0-2 (1/2/4)
nid005017:56642:56642 [2] NCCL INFO + PCI[24.0] - NIC/0-dd000
nid005017:56642:56642 [2] NCCL INFO               + NET[25.0] - NET/3 (a78181403/1/25.000000)
nid005017:56642:56642 [2] NCCL INFO + PCI[24.0] - GPU/0-d9000 (14)
nid005017:56642:56642 [2] NCCL INFO               + XGMI[144.0] - GPU/DE000
nid005017:56642:56642 [2] NCCL INFO               + XGMI[72.0] - GPU/C1000
nid005017:56642:56642 [2] NCCL INFO               + XGMI[36.0] - GPU/D1000
nid005017:56642:56642 [2] NCCL INFO + PCI[24.0] - GPU/0-de000 (15)
nid005017:56642:56642 [2] NCCL INFO               + XGMI[144.0] - GPU/D9000
nid005017:56642:56642 [2] NCCL INFO               + XGMI[36.0] - GPU/CE000
nid005017:56642:56642 [2] NCCL INFO               + XGMI[36.0] - GPU/D6000
nid005017:56642:56642 [2] NCCL INFO + SYS[16.0] - CPU/3
nid005017:56642:56642 [2] NCCL INFO + SYS[16.0] - CPU/1
nid005017:56642:56642 [2] NCCL INFO + SYS[16.0] - CPU/0
nid005017:56642:56642 [2] NCCL INFO ==========================================
nid005017:56642:56642 [2] NCCL INFO GPU/C1000 :GPU/0-c1000 (0/5000.0/LOC) GPU/0-c6000 (1/144.0/XGMI) GPU/0-c9000 (1/36.0/XGMI) GPU/0-ce000 (3/16.0/SYS) GPU/0-d1000 (3/16.0/SYS) GPU/0-d6000 (3/16.0/SYS) GPU/0-d9000 (1/72.0/XGMI) GPU/0-de000 (3/16.0/SYS) CPU/0-3 (1/24.0/PHB) CPU/0-1 (2/16.0/SYS) CPU/0-0 (2/16.0/SYS) CPU/0-2 (2/16.0/SYS) NET/0-0 (3/24.0/PHB) NET/0-1 (4/16.0/SYS) NET/0-2 (4/16.0/SYS) NET/0-3 (4/16.0/SYS) 
nid005017:56642:56642 [2] NCCL INFO GPU/C6000 :GPU/0-c1000 (1/144.0/XGMI) GPU/0-c6000 (0/5000.0/LOC) GPU/0-c9000 (3/16.0/SYS) GPU/0-ce000 (1/36.0/XGMI) GPU/0-d1000 (3/16.0/SYS) GPU/0-d6000 (1/36.0/XGMI) GPU/0-d9000 (3/16.0/SYS) GPU/0-de000 (3/16.0/SYS) CPU/0-3 (1/24.0/PHB) CPU/0-1 (2/16.0/SYS) CPU/0-0 (2/16.0/SYS) CPU/0-2 (2/16.0/SYS) NET/0-0 (3/24.0/PHB) NET/0-1 (4/16.0/SYS) NET/0-2 (4/16.0/SYS) NET/0-3 (4/16.0/SYS) 
nid005017:56642:56642 [2] NCCL INFO GPU/C9000 :GPU/0-c1000 (1/36.0/XGMI) GPU/0-c6000 (3/16.0/SYS) GPU/0-c9000 (0/5000.0/LOC) GPU/0-ce000 (1/144.0/XGMI) GPU/0-d1000 (1/72.0/XGMI) GPU/0-d6000 (3/16.0/SYS) GPU/0-d9000 (3/16.0/SYS) GPU/0-de000 (3/16.0/SYS) CPU/0-3 (2/16.0/SYS) CPU/0-1 (1/24.0/PHB) CPU/0-0 (2/16.0/SYS) CPU/0-2 (2/16.0/SYS) NET/0-0 (4/16.0/SYS) NET/0-1 (3/24.0/PHB) NET/0-2 (4/16.0/SYS) NET/0-3 (4/16.0/SYS) 
nid005017:56642:56642 [2] NCCL INFO GPU/CE000 :GPU/0-c1000 (3/16.0/SYS) GPU/0-c6000 (1/36.0/XGMI) GPU/0-c9000 (1/144.0/XGMI) GPU/0-ce000 (0/5000.0/LOC) GPU/0-d1000 (3/16.0/SYS) GPU/0-d6000 (3/16.0/SYS) GPU/0-d9000 (3/16.0/SYS) GPU/0-de000 (1/36.0/XGMI) CPU/0-3 (2/16.0/SYS) CPU/0-1 (1/24.0/PHB) CPU/0-0 (2/16.0/SYS) CPU/0-2 (2/16.0/SYS) NET/0-0 (4/16.0/SYS) NET/0-1 (3/24.0/PHB) NET/0-2 (4/16.0/SYS) NET/0-3 (4/16.0/SYS) 
nid005017:56642:56642 [2] NCCL INFO GPU/D1000 :GPU/0-c1000 (3/16.0/SYS) GPU/0-c6000 (3/16.0/SYS) GPU/0-c9000 (1/72.0/XGMI) GPU/0-ce000 (3/16.0/SYS) GPU/0-d1000 (0/5000.0/LOC) GPU/0-d6000 (1/144.0/XGMI) GPU/0-d9000 (1/36.0/XGMI) GPU/0-de000 (3/16.0/SYS) CPU/0-3 (2/16.0/SYS) CPU/0-1 (2/16.0/SYS) CPU/0-0 (1/24.0/PHB) CPU/0-2 (2/16.0/SYS) NET/0-0 (4/16.0/SYS) NET/0-1 (4/16.0/SYS) NET/0-2 (3/24.0/PHB) NET/0-3 (4/16.0/SYS) 
nid005017:56642:56642 [2] NCCL INFO GPU/D6000 :GPU/0-c1000 (3/16.0/SYS) GPU/0-c6000 (1/36.0/XGMI) GPU/0-c9000 (3/16.0/SYS) GPU/0-ce000 (3/16.0/SYS) GPU/0-d1000 (1/144.0/XGMI) GPU/0-d6000 (0/5000.0/LOC) GPU/0-d9000 (3/16.0/SYS) GPU/0-de000 (1/36.0/XGMI) CPU/0-3 (2/16.0/SYS) CPU/0-1 (2/16.0/SYS) CPU/0-0 (1/24.0/PHB) CPU/0-2 (2/16.0/SYS) NET/0-0 (4/16.0/SYS) NET/0-1 (4/16.0/SYS) NET/0-2 (3/24.0/PHB) NET/0-3 (4/16.0/SYS) 
nid005017:56642:56642 [2] NCCL INFO GPU/D9000 :GPU/0-c1000 (1/72.0/XGMI) GPU/0-c6000 (3/16.0/SYS) GPU/0-c9000 (3/16.0/SYS) GPU/0-ce000 (3/16.0/SYS) GPU/0-d1000 (1/36.0/XGMI) GPU/0-d6000 (3/16.0/SYS) GPU/0-d9000 (0/5000.0/LOC) GPU/0-de000 (1/144.0/XGMI) CPU/0-3 (2/16.0/SYS) CPU/0-1 (2/16.0/SYS) CPU/0-0 (2/16.0/SYS) CPU/0-2 (1/24.0/PHB) NET/0-0 (4/16.0/SYS) NET/0-1 (4/16.0/SYS) NET/0-2 (4/16.0/SYS) NET/0-3 (3/24.0/PHB) 
nid005017:56642:56642 [2] NCCL INFO GPU/DE000 :GPU/0-c1000 (3/16.0/SYS) GPU/0-c6000 (3/16.0/SYS) GPU/0-c9000 (3/16.0/SYS) GPU/0-ce000 (1/36.0/XGMI) GPU/0-d1000 (3/16.0/SYS) GPU/0-d6000 (1/36.0/XGMI) GPU/0-d9000 (1/144.0/XGMI) GPU/0-de000 (0/5000.0/LOC) CPU/0-3 (2/16.0/SYS) CPU/0-1 (2/16.0/SYS) CPU/0-0 (2/16.0/SYS) CPU/0-2 (1/24.0/PHB) NET/0-0 (4/16.0/SYS) NET/0-1 (4/16.0/SYS) NET/0-2 (4/16.0/SYS) NET/0-3 (3/24.0/PHB) 
nid005017:56642:56642 [2] NCCL INFO NET/0 :GPU/0-c1000 (3/24.0/PHB) GPU/0-c6000 (3/24.0/PHB) GPU/0-c9000 (4/16.0/SYS) GPU/0-ce000 (4/16.0/SYS) GPU/0-d1000 (4/16.0/SYS) GPU/0-d6000 (4/16.0/SYS) GPU/0-d9000 (4/16.0/SYS) GPU/0-de000 (4/16.0/SYS) CPU/0-3 (2/24.0/PHB) CPU/0-1 (3/16.0/SYS) CPU/0-0 (3/16.0/SYS) CPU/0-2 (3/16.0/SYS) NET/0-0 (0/5000.0/LOC) NET/0-1 (5/16.0/SYS) NET/0-2 (5/16.0/SYS) NET/0-3 (5/16.0/SYS) 
nid005017:56642:56642 [2] NCCL INFO NET/1 :GPU/0-c1000 (4/16.0/SYS) GPU/0-c6000 (4/16.0/SYS) GPU/0-c9000 (3/24.0/PHB) GPU/0-ce000 (3/24.0/PHB) GPU/0-d1000 (4/16.0/SYS) GPU/0-d6000 (4/16.0/SYS) GPU/0-d9000 (4/16.0/SYS) GPU/0-de000 (4/16.0/SYS) CPU/0-3 (3/16.0/SYS) CPU/0-1 (2/24.0/PHB) CPU/0-0 (3/16.0/SYS) CPU/0-2 (3/16.0/SYS) NET/0-0 (5/16.0/SYS) NET/0-1 (0/5000.0/LOC) NET/0-2 (5/16.0/SYS) NET/0-3 (5/16.0/SYS) 
nid005017:56642:56642 [2] NCCL INFO NET/2 :GPU/0-c1000 (4/16.0/SYS) GPU/0-c6000 (4/16.0/SYS) GPU/0-c9000 (4/16.0/SYS) GPU/0-ce000 (4/16.0/SYS) GPU/0-d1000 (3/24.0/PHB) GPU/0-d6000 (3/24.0/PHB) GPU/0-d9000 (4/16.0/SYS) GPU/0-de000 (4/16.0/SYS) CPU/0-3 (3/16.0/SYS) CPU/0-1 (3/16.0/SYS) CPU/0-0 (2/24.0/PHB) CPU/0-2 (3/16.0/SYS) NET/0-0 (5/16.0/SYS) NET/0-1 (5/16.0/SYS) NET/0-2 (0/5000.0/LOC) NET/0-3 (5/16.0/SYS) 
nid005017:56642:56642 [2] NCCL INFO NET/3 :GPU/0-c1000 (4/16.0/SYS) GPU/0-c6000 (4/16.0/SYS) GPU/0-c9000 (4/16.0/SYS) GPU/0-ce000 (4/16.0/SYS) GPU/0-d1000 (4/16.0/SYS) GPU/0-d6000 (4/16.0/SYS) GPU/0-d9000 (3/24.0/PHB) GPU/0-de000 (3/24.0/PHB) CPU/0-3 (3/16.0/SYS) CPU/0-1 (3/16.0/SYS) CPU/0-0 (3/16.0/SYS) CPU/0-2 (2/24.0/PHB) NET/0-0 (5/16.0/SYS) NET/0-1 (5/16.0/SYS) NET/0-2 (5/16.0/SYS) NET/0-3 (0/5000.0/LOC) 
nid005017:56642:56642 [2] NCCL INFO Found matching Rome model index 36 with GPU mapping: 0 1 2 3 4 5 6 7 NET mapping: 0 1 2 3 
nid005017:56642:56642 [2] NCCL INFO Pattern 4, crossNic 0, nChannels 8, bw 31.500000/31.500000, type XGMI/PIX, sameChannels 1
nid005017:56642:56642 [2] NCCL INFO  0 : NET/1 GPU/10 GPU/11 GPU/15 GPU/14 GPU/12 GPU/13 GPU/9 GPU/8 NET/0
nid005017:56642:56642 [2] NCCL INFO  1 : NET/0 GPU/8 GPU/9 GPU/13 GPU/12 GPU/14 GPU/15 GPU/11 GPU/10 NET/1
nid005017:56642:56642 [2] NCCL INFO  2 : NET/2 GPU/13 GPU/12 GPU/10 GPU/11 GPU/9 GPU/8 GPU/14 GPU/15 NET/3
nid005017:56642:56642 [2] NCCL INFO  3 : NET/3 GPU/15 GPU/14 GPU/8 GPU/9 GPU/11 GPU/10 GPU/12 GPU/13 NET/2
nid005017:56642:56642 [2] NCCL INFO  4 : NET/1 GPU/10 GPU/11 GPU/15 GPU/14 GPU/12 GPU/13 GPU/9 GPU/8 NET/0
nid005017:56642:56642 [2] NCCL INFO  5 : NET/0 GPU/8 GPU/9 GPU/13 GPU/12 GPU/14 GPU/15 GPU/11 GPU/10 NET/1
nid005017:56642:56642 [2] NCCL INFO  6 : NET/2 GPU/13 GPU/12 GPU/10 GPU/11 GPU/9 GPU/8 GPU/14 GPU/15 NET/3
nid005017:56642:56642 [2] NCCL INFO  7 : NET/3 GPU/15 GPU/14 GPU/8 GPU/9 GPU/11 GPU/10 GPU/12 GPU/13 NET/2
nid005017:56642:56642 [2] NCCL INFO Found matching Rome model index 36 with GPU mapping: 0 1 2 3 4 5 6 7 NET mapping: 0 1 2 3 
nid005017:56642:56642 [2] NCCL INFO Pattern 1, crossNic 0, nChannels 8, bw 31.500000/31.500000, type XGMI/PIX, sameChannels 1
nid005017:56642:56642 [2] NCCL INFO  0 : NET/0 GPU/8 GPU/9 GPU/13 GPU/12 GPU/14 GPU/15 GPU/11 GPU/10 NET/1
nid005017:56642:56642 [2] NCCL INFO  1 : NET/1 GPU/10 GPU/11 GPU/15 GPU/14 GPU/12 GPU/13 GPU/9 GPU/8 NET/0
nid005017:56642:56642 [2] NCCL INFO  2 : NET/3 GPU/15 GPU/14 GPU/8 GPU/9 GPU/11 GPU/10 GPU/12 GPU/13 NET/2
nid005017:56642:56642 [2] NCCL INFO  3 : NET/2 GPU/13 GPU/12 GPU/10 GPU/11 GPU/9 GPU/8 GPU/14 GPU/15 NET/3
nid005017:56642:56642 [2] NCCL INFO  4 : NET/0 GPU/8 GPU/9 GPU/13 GPU/12 GPU/14 GPU/15 GPU/11 GPU/10 NET/1
nid005017:56642:56642 [2] NCCL INFO  5 : NET/1 GPU/10 GPU/11 GPU/15 GPU/14 GPU/12 GPU/13 GPU/9 GPU/8 NET/0
nid005017:56642:56642 [2] NCCL INFO  6 : NET/3 GPU/15 GPU/14 GPU/8 GPU/9 GPU/11 GPU/10 GPU/12 GPU/13 NET/2
nid005017:56642:56642 [2] NCCL INFO  7 : NET/2 GPU/13 GPU/12 GPU/10 GPU/11 GPU/9 GPU/8 GPU/14 GPU/15 NET/3
nid005017:56643:56643 [3] NCCL INFO NCCL_NET_GDR_LEVEL set by environment to PHB
nid005017:56643:56643 [3] NCCL INFO GPU Direct RDMA Enabled for GPU c1000 / HCA 0 (distance 6 <= 6), read 1
nid005017:56643:56643 [3] NCCL INFO GPU Direct RDMA Enabled for GPU c6000 / HCA 0 (distance 6 <= 6), read 1
nid005017:56643:56643 [3] NCCL INFO GPU Direct RDMA Enabled for GPU c9000 / HCA 1 (distance 6 <= 6), read 1
nid005017:56643:56643 [3] NCCL INFO GPU Direct RDMA Enabled for GPU ce000 / HCA 1 (distance 6 <= 6), read 1
nid005017:56643:56643 [3] NCCL INFO GPU Direct RDMA Enabled for GPU d1000 / HCA 2 (distance 6 <= 6), read 1
nid005017:56643:56643 [3] NCCL INFO GPU Direct RDMA Enabled for GPU d6000 / HCA 2 (distance 6 <= 6), read 1
nid005017:56643:56643 [3] NCCL INFO GPU Direct RDMA Enabled for GPU d9000 / HCA 3 (distance 6 <= 6), read 1
nid005017:56643:56643 [3] NCCL INFO GPU Direct RDMA Enabled for GPU de000 / HCA 3 (distance 6 <= 6), read 1
nid005017:56643:56643 [3] NCCL INFO === System : maxBw 24.0 totalBw 252.0 ===
nid005017:56643:56643 [3] NCCL INFO CPU/0-3 (1/2/4)
nid005017:56643:56643 [3] NCCL INFO + PCI[24.0] - GPU/0-c1000 (8)
nid005017:56643:56643 [3] NCCL INFO               + XGMI[144.0] - GPU/C6000
nid005017:56643:56643 [3] NCCL INFO               + XGMI[72.0] - GPU/D9000
nid005017:56643:56643 [3] NCCL INFO               + XGMI[36.0] - GPU/C9000
nid005017:56643:56643 [3] NCCL INFO + PCI[24.0] - NIC/0-c5000
nid005017:56643:56643 [3] NCCL INFO               + NET[25.0] - NET/0 (a78181400/1/25.000000)
nid005017:56643:56643 [3] NCCL INFO + PCI[24.0] - GPU/0-c6000 (9)
nid005017:56643:56643 [3] NCCL INFO               + XGMI[144.0] - GPU/C1000
nid005017:56643:56643 [3] NCCL INFO               + XGMI[36.0] - GPU/CE000
nid005017:56643:56643 [3] NCCL INFO               + XGMI[36.0] - GPU/D6000
nid005017:56643:56643 [3] NCCL INFO + SYS[16.0] - CPU/1
nid005017:56643:56643 [3] NCCL INFO + SYS[16.0] - CPU/0
nid005017:56643:56643 [3] NCCL INFO + SYS[16.0] - CPU/2
nid005017:56643:56643 [3] NCCL INFO CPU/0-1 (1/2/4)
nid005017:56643:56643 [3] NCCL INFO + PCI[24.0] - NIC/0-cd000
nid005017:56643:56643 [3] NCCL INFO               + NET[25.0] - NET/1 (a78181401/1/25.000000)
nid005017:56643:56643 [3] NCCL INFO + PCI[24.0] - GPU/0-c9000 (10)
nid005017:56643:56643 [3] NCCL INFO               + XGMI[144.0] - GPU/CE000
nid005017:56643:56643 [3] NCCL INFO               + XGMI[72.0] - GPU/D1000
nid005017:56643:56643 [3] NCCL INFO               + XGMI[36.0] - GPU/C1000
nid005017:56643:56643 [3] NCCL INFO + PCI[24.0] - GPU/0-ce000 (11)
nid005017:56643:56643 [3] NCCL INFO               + XGMI[144.0] - GPU/C9000
nid005017:56643:56643 [3] NCCL INFO               + XGMI[36.0] - GPU/C6000
nid005017:56643:56643 [3] NCCL INFO               + XGMI[36.0] - GPU/DE000
nid005017:56643:56643 [3] NCCL INFO + SYS[16.0] - CPU/3
nid005017:56643:56643 [3] NCCL INFO + SYS[16.0] - CPU/0
nid005017:56643:56643 [3] NCCL INFO + SYS[16.0] - CPU/2
nid005017:56643:56643 [3] NCCL INFO CPU/0-0 (1/2/4)
nid005017:56643:56643 [3] NCCL INFO + PCI[24.0] - NIC/0-d5000
nid005017:56643:56643 [3] NCCL INFO               + NET[25.0] - NET/2 (a78181402/1/25.000000)
nid005017:56643:56643 [3] NCCL INFO + PCI[24.0] - GPU/0-d1000 (12)
nid005017:56643:56643 [3] NCCL INFO               + XGMI[144.0] - GPU/D6000
nid005017:56643:56643 [3] NCCL INFO               + XGMI[72.0] - GPU/C9000
nid005017:56643:56643 [3] NCCL INFO               + XGMI[36.0] - GPU/D9000
nid005017:56643:56643 [3] NCCL INFO + PCI[24.0] - GPU/0-d6000 (13)
nid005017:56643:56643 [3] NCCL INFO               + XGMI[144.0] - GPU/D1000
nid005017:56643:56643 [3] NCCL INFO               + XGMI[36.0] - GPU/C6000
nid005017:56643:56643 [3] NCCL INFO               + XGMI[36.0] - GPU/DE000
nid005017:56643:56643 [3] NCCL INFO + SYS[16.0] - CPU/3
nid005017:56643:56643 [3] NCCL INFO + SYS[16.0] - CPU/1
nid005017:56643:56643 [3] NCCL INFO + SYS[16.0] - CPU/2
nid005017:56643:56643 [3] NCCL INFO CPU/0-2 (1/2/4)
nid005017:56643:56643 [3] NCCL INFO + PCI[24.0] - NIC/0-dd000
nid005017:56643:56643 [3] NCCL INFO               + NET[25.0] - NET/3 (a78181403/1/25.000000)
nid005017:56643:56643 [3] NCCL INFO + PCI[24.0] - GPU/0-d9000 (14)
nid005017:56643:56643 [3] NCCL INFO               + XGMI[144.0] - GPU/DE000
nid005017:56643:56643 [3] NCCL INFO               + XGMI[72.0] - GPU/C1000
nid005017:56643:56643 [3] NCCL INFO               + XGMI[36.0] - GPU/D1000
nid005017:56643:56643 [3] NCCL INFO + PCI[24.0] - GPU/0-de000 (15)
nid005017:56643:56643 [3] NCCL INFO               + XGMI[144.0] - GPU/D9000
nid005017:56643:56643 [3] NCCL INFO               + XGMI[36.0] - GPU/CE000
nid005017:56643:56643 [3] NCCL INFO               + XGMI[36.0] - GPU/D6000
nid005017:56643:56643 [3] NCCL INFO + SYS[16.0] - CPU/3
nid005017:56643:56643 [3] NCCL INFO + SYS[16.0] - CPU/1
nid005017:56643:56643 [3] NCCL INFO + SYS[16.0] - CPU/0
nid005017:56643:56643 [3] NCCL INFO ==========================================
nid005017:56643:56643 [3] NCCL INFO GPU/C1000 :GPU/0-c1000 (0/5000.0/LOC) GPU/0-c6000 (1/144.0/XGMI) GPU/0-c9000 (1/36.0/XGMI) GPU/0-ce000 (3/16.0/SYS) GPU/0-d1000 (3/16.0/SYS) GPU/0-d6000 (3/16.0/SYS) GPU/0-d9000 (1/72.0/XGMI) GPU/0-de000 (3/16.0/SYS) CPU/0-3 (1/24.0/PHB) CPU/0-1 (2/16.0/SYS) CPU/0-0 (2/16.0/SYS) CPU/0-2 (2/16.0/SYS) NET/0-0 (3/24.0/PHB) NET/0-1 (4/16.0/SYS) NET/0-2 (4/16.0/SYS) NET/0-3 (4/16.0/SYS) 
nid005017:56643:56643 [3] NCCL INFO GPU/C6000 :GPU/0-c1000 (1/144.0/XGMI) GPU/0-c6000 (0/5000.0/LOC) GPU/0-c9000 (3/16.0/SYS) GPU/0-ce000 (1/36.0/XGMI) GPU/0-d1000 (3/16.0/SYS) GPU/0-d6000 (1/36.0/XGMI) GPU/0-d9000 (3/16.0/SYS) GPU/0-de000 (3/16.0/SYS) CPU/0-3 (1/24.0/PHB) CPU/0-1 (2/16.0/SYS) CPU/0-0 (2/16.0/SYS) CPU/0-2 (2/16.0/SYS) NET/0-0 (3/24.0/PHB) NET/0-1 (4/16.0/SYS) NET/0-2 (4/16.0/SYS) NET/0-3 (4/16.0/SYS) 
nid005017:56643:56643 [3] NCCL INFO GPU/C9000 :GPU/0-c1000 (1/36.0/XGMI) GPU/0-c6000 (3/16.0/SYS) GPU/0-c9000 (0/5000.0/LOC) GPU/0-ce000 (1/144.0/XGMI) GPU/0-d1000 (1/72.0/XGMI) GPU/0-d6000 (3/16.0/SYS) GPU/0-d9000 (3/16.0/SYS) GPU/0-de000 (3/16.0/SYS) CPU/0-3 (2/16.0/SYS) CPU/0-1 (1/24.0/PHB) CPU/0-0 (2/16.0/SYS) CPU/0-2 (2/16.0/SYS) NET/0-0 (4/16.0/SYS) NET/0-1 (3/24.0/PHB) NET/0-2 (4/16.0/SYS) NET/0-3 (4/16.0/SYS) 
nid005017:56643:56643 [3] NCCL INFO GPU/CE000 :GPU/0-c1000 (3/16.0/SYS) GPU/0-c6000 (1/36.0/XGMI) GPU/0-c9000 (1/144.0/XGMI) GPU/0-ce000 (0/5000.0/LOC) GPU/0-d1000 (3/16.0/SYS) GPU/0-d6000 (3/16.0/SYS) GPU/0-d9000 (3/16.0/SYS) GPU/0-de000 (1/36.0/XGMI) CPU/0-3 (2/16.0/SYS) CPU/0-1 (1/24.0/PHB) CPU/0-0 (2/16.0/SYS) CPU/0-2 (2/16.0/SYS) NET/0-0 (4/16.0/SYS) NET/0-1 (3/24.0/PHB) NET/0-2 (4/16.0/SYS) NET/0-3 (4/16.0/SYS) 
nid005017:56643:56643 [3] NCCL INFO GPU/D1000 :GPU/0-c1000 (3/16.0/SYS) GPU/0-c6000 (3/16.0/SYS) GPU/0-c9000 (1/72.0/XGMI) GPU/0-ce000 (3/16.0/SYS) GPU/0-d1000 (0/5000.0/LOC) GPU/0-d6000 (1/144.0/XGMI) GPU/0-d9000 (1/36.0/XGMI) GPU/0-de000 (3/16.0/SYS) CPU/0-3 (2/16.0/SYS) CPU/0-1 (2/16.0/SYS) CPU/0-0 (1/24.0/PHB) CPU/0-2 (2/16.0/SYS) NET/0-0 (4/16.0/SYS) NET/0-1 (4/16.0/SYS) NET/0-2 (3/24.0/PHB) NET/0-3 (4/16.0/SYS) 
nid005017:56643:56643 [3] NCCL INFO GPU/D6000 :GPU/0-c1000 (3/16.0/SYS) GPU/0-c6000 (1/36.0/XGMI) GPU/0-c9000 (3/16.0/SYS) GPU/0-ce000 (3/16.0/SYS) GPU/0-d1000 (1/144.0/XGMI) GPU/0-d6000 (0/5000.0/LOC) GPU/0-d9000 (3/16.0/SYS) GPU/0-de000 (1/36.0/XGMI) CPU/0-3 (2/16.0/SYS) CPU/0-1 (2/16.0/SYS) CPU/0-0 (1/24.0/PHB) CPU/0-2 (2/16.0/SYS) NET/0-0 (4/16.0/SYS) NET/0-1 (4/16.0/SYS) NET/0-2 (3/24.0/PHB) NET/0-3 (4/16.0/SYS) 
nid005017:56643:56643 [3] NCCL INFO GPU/D9000 :GPU/0-c1000 (1/72.0/XGMI) GPU/0-c6000 (3/16.0/SYS) GPU/0-c9000 (3/16.0/SYS) GPU/0-ce000 (3/16.0/SYS) GPU/0-d1000 (1/36.0/XGMI) GPU/0-d6000 (3/16.0/SYS) GPU/0-d9000 (0/5000.0/LOC) GPU/0-de000 (1/144.0/XGMI) CPU/0-3 (2/16.0/SYS) CPU/0-1 (2/16.0/SYS) CPU/0-0 (2/16.0/SYS) CPU/0-2 (1/24.0/PHB) NET/0-0 (4/16.0/SYS) NET/0-1 (4/16.0/SYS) NET/0-2 (4/16.0/SYS) NET/0-3 (3/24.0/PHB) 
nid005017:56643:56643 [3] NCCL INFO GPU/DE000 :GPU/0-c1000 (3/16.0/SYS) GPU/0-c6000 (3/16.0/SYS) GPU/0-c9000 (3/16.0/SYS) GPU/0-ce000 (1/36.0/XGMI) GPU/0-d1000 (3/16.0/SYS) GPU/0-d6000 (1/36.0/XGMI) GPU/0-d9000 (1/144.0/XGMI) GPU/0-de000 (0/5000.0/LOC) CPU/0-3 (2/16.0/SYS) CPU/0-1 (2/16.0/SYS) CPU/0-0 (2/16.0/SYS) CPU/0-2 (1/24.0/PHB) NET/0-0 (4/16.0/SYS) NET/0-1 (4/16.0/SYS) NET/0-2 (4/16.0/SYS) NET/0-3 (3/24.0/PHB) 
nid005017:56643:56643 [3] NCCL INFO NET/0 :GPU/0-c1000 (3/24.0/PHB) GPU/0-c6000 (3/24.0/PHB) GPU/0-c9000 (4/16.0/SYS) GPU/0-ce000 (4/16.0/SYS) GPU/0-d1000 (4/16.0/SYS) GPU/0-d6000 (4/16.0/SYS) GPU/0-d9000 (4/16.0/SYS) GPU/0-de000 (4/16.0/SYS) CPU/0-3 (2/24.0/PHB) CPU/0-1 (3/16.0/SYS) CPU/0-0 (3/16.0/SYS) CPU/0-2 (3/16.0/SYS) NET/0-0 (0/5000.0/LOC) NET/0-1 (5/16.0/SYS) NET/0-2 (5/16.0/SYS) NET/0-3 (5/16.0/SYS) 
nid005017:56643:56643 [3] NCCL INFO NET/1 :GPU/0-c1000 (4/16.0/SYS) GPU/0-c6000 (4/16.0/SYS) GPU/0-c9000 (3/24.0/PHB) GPU/0-ce000 (3/24.0/PHB) GPU/0-d1000 (4/16.0/SYS) GPU/0-d6000 (4/16.0/SYS) GPU/0-d9000 (4/16.0/SYS) GPU/0-de000 (4/16.0/SYS) CPU/0-3 (3/16.0/SYS) CPU/0-1 (2/24.0/PHB) CPU/0-0 (3/16.0/SYS) CPU/0-2 (3/16.0/SYS) NET/0-0 (5/16.0/SYS) NET/0-1 (0/5000.0/LOC) NET/0-2 (5/16.0/SYS) NET/0-3 (5/16.0/SYS) 
nid005017:56643:56643 [3] NCCL INFO NET/2 :GPU/0-c1000 (4/16.0/SYS) GPU/0-c6000 (4/16.0/SYS) GPU/0-c9000 (4/16.0/SYS) GPU/0-ce000 (4/16.0/SYS) GPU/0-d1000 (3/24.0/PHB) GPU/0-d6000 (3/24.0/PHB) GPU/0-d9000 (4/16.0/SYS) GPU/0-de000 (4/16.0/SYS) CPU/0-3 (3/16.0/SYS) CPU/0-1 (3/16.0/SYS) CPU/0-0 (2/24.0/PHB) CPU/0-2 (3/16.0/SYS) NET/0-0 (5/16.0/SYS) NET/0-1 (5/16.0/SYS) NET/0-2 (0/5000.0/LOC) NET/0-3 (5/16.0/SYS) 
nid005017:56643:56643 [3] NCCL INFO NET/3 :GPU/0-c1000 (4/16.0/SYS) GPU/0-c6000 (4/16.0/SYS) GPU/0-c9000 (4/16.0/SYS) GPU/0-ce000 (4/16.0/SYS) GPU/0-d1000 (4/16.0/SYS) GPU/0-d6000 (4/16.0/SYS) GPU/0-d9000 (3/24.0/PHB) GPU/0-de000 (3/24.0/PHB) CPU/0-3 (3/16.0/SYS) CPU/0-1 (3/16.0/SYS) CPU/0-0 (3/16.0/SYS) CPU/0-2 (2/24.0/PHB) NET/0-0 (5/16.0/SYS) NET/0-1 (5/16.0/SYS) NET/0-2 (5/16.0/SYS) NET/0-3 (0/5000.0/LOC) 
nid005017:56643:56643 [3] NCCL INFO Found matching Rome model index 36 with GPU mapping: 0 1 2 3 4 5 6 7 NET mapping: 0 1 2 3 
nid005017:56643:56643 [3] NCCL INFO Pattern 4, crossNic 0, nChannels 8, bw 31.500000/31.500000, type XGMI/PIX, sameChannels 1
nid005017:56643:56643 [3] NCCL INFO  0 : NET/1 GPU/10 GPU/11 GPU/15 GPU/14 GPU/12 GPU/13 GPU/9 GPU/8 NET/0
nid005017:56643:56643 [3] NCCL INFO  1 : NET/0 GPU/8 GPU/9 GPU/13 GPU/12 GPU/14 GPU/15 GPU/11 GPU/10 NET/1
nid005017:56643:56643 [3] NCCL INFO  2 : NET/2 GPU/13 GPU/12 GPU/10 GPU/11 GPU/9 GPU/8 GPU/14 GPU/15 NET/3
nid005017:56643:56643 [3] NCCL INFO  3 : NET/3 GPU/15 GPU/14 GPU/8 GPU/9 GPU/11 GPU/10 GPU/12 GPU/13 NET/2
nid005017:56643:56643 [3] NCCL INFO  4 : NET/1 GPU/10 GPU/11 GPU/15 GPU/14 GPU/12 GPU/13 GPU/9 GPU/8 NET/0
nid005017:56643:56643 [3] NCCL INFO  5 : NET/0 GPU/8 GPU/9 GPU/13 GPU/12 GPU/14 GPU/15 GPU/11 GPU/10 NET/1
nid005017:56643:56643 [3] NCCL INFO  6 : NET/2 GPU/13 GPU/12 GPU/10 GPU/11 GPU/9 GPU/8 GPU/14 GPU/15 NET/3
nid005017:56643:56643 [3] NCCL INFO  7 : NET/3 GPU/15 GPU/14 GPU/8 GPU/9 GPU/11 GPU/10 GPU/12 GPU/13 NET/2
nid005017:56643:56643 [3] NCCL INFO Found matching Rome model index 36 with GPU mapping: 0 1 2 3 4 5 6 7 NET mapping: 0 1 2 3 
nid005017:56643:56643 [3] NCCL INFO Pattern 1, crossNic 0, nChannels 8, bw 31.500000/31.500000, type XGMI/PIX, sameChannels 1
nid005017:56643:56643 [3] NCCL INFO  0 : NET/0 GPU/8 GPU/9 GPU/13 GPU/12 GPU/14 GPU/15 GPU/11 GPU/10 NET/1
nid005017:56643:56643 [3] NCCL INFO  1 : NET/1 GPU/10 GPU/11 GPU/15 GPU/14 GPU/12 GPU/13 GPU/9 GPU/8 NET/0
nid005017:56643:56643 [3] NCCL INFO  2 : NET/3 GPU/15 GPU/14 GPU/8 GPU/9 GPU/11 GPU/10 GPU/12 GPU/13 NET/2
nid005017:56643:56643 [3] NCCL INFO  3 : NET/2 GPU/13 GPU/12 GPU/10 GPU/11 GPU/9 GPU/8 GPU/14 GPU/15 NET/3
nid005017:56643:56643 [3] NCCL INFO  4 : NET/0 GPU/8 GPU/9 GPU/13 GPU/12 GPU/14 GPU/15 GPU/11 GPU/10 NET/1
nid005017:56643:56643 [3] NCCL INFO  5 : NET/1 GPU/10 GPU/11 GPU/15 GPU/14 GPU/12 GPU/13 GPU/9 GPU/8 NET/0
nid005017:56643:56643 [3] NCCL INFO  6 : NET/3 GPU/15 GPU/14 GPU/8 GPU/9 GPU/11 GPU/10 GPU/12 GPU/13 NET/2
nid005017:56643:56643 [3] NCCL INFO  7 : NET/2 GPU/13 GPU/12 GPU/10 GPU/11 GPU/9 GPU/8 GPU/14 GPU/15 NET/3
nid005017:56644:56644 [4] NCCL INFO NCCL_NET_GDR_LEVEL set by environment to PHB
nid005017:56644:56644 [4] NCCL INFO GPU Direct RDMA Enabled for GPU c1000 / HCA 0 (distance 6 <= 6), read 1
nid005017:56644:56644 [4] NCCL INFO GPU Direct RDMA Enabled for GPU c6000 / HCA 0 (distance 6 <= 6), read 1
nid005017:56644:56644 [4] NCCL INFO GPU Direct RDMA Enabled for GPU c9000 / HCA 1 (distance 6 <= 6), read 1
nid005017:56644:56644 [4] NCCL INFO GPU Direct RDMA Enabled for GPU ce000 / HCA 1 (distance 6 <= 6), read 1
nid005017:56644:56644 [4] NCCL INFO GPU Direct RDMA Enabled for GPU d1000 / HCA 2 (distance 6 <= 6), read 1
nid005017:56644:56644 [4] NCCL INFO GPU Direct RDMA Enabled for GPU d6000 / HCA 2 (distance 6 <= 6), read 1
nid005017:56644:56644 [4] NCCL INFO GPU Direct RDMA Enabled for GPU d9000 / HCA 3 (distance 6 <= 6), read 1
nid005017:56644:56644 [4] NCCL INFO GPU Direct RDMA Enabled for GPU de000 / HCA 3 (distance 6 <= 6), read 1
nid005017:56644:56644 [4] NCCL INFO === System : maxBw 24.0 totalBw 252.0 ===
nid005017:56644:56644 [4] NCCL INFO CPU/0-3 (1/2/4)
nid005017:56644:56644 [4] NCCL INFO + PCI[24.0] - GPU/0-c1000 (8)
nid005017:56644:56644 [4] NCCL INFO               + XGMI[144.0] - GPU/C6000
nid005017:56644:56644 [4] NCCL INFO               + XGMI[72.0] - GPU/D9000
nid005017:56644:56644 [4] NCCL INFO               + XGMI[36.0] - GPU/C9000
nid005017:56644:56644 [4] NCCL INFO + PCI[24.0] - NIC/0-c5000
nid005017:56644:56644 [4] NCCL INFO               + NET[25.0] - NET/0 (a78181400/1/25.000000)
nid005017:56644:56644 [4] NCCL INFO + PCI[24.0] - GPU/0-c6000 (9)
nid005017:56644:56644 [4] NCCL INFO               + XGMI[144.0] - GPU/C1000
nid005017:56644:56644 [4] NCCL INFO               + XGMI[36.0] - GPU/CE000
nid005017:56644:56644 [4] NCCL INFO               + XGMI[36.0] - GPU/D6000
nid005017:56644:56644 [4] NCCL INFO + SYS[16.0] - CPU/1
nid005017:56644:56644 [4] NCCL INFO + SYS[16.0] - CPU/0
nid005017:56644:56644 [4] NCCL INFO + SYS[16.0] - CPU/2
nid005017:56644:56644 [4] NCCL INFO CPU/0-1 (1/2/4)
nid005017:56644:56644 [4] NCCL INFO + PCI[24.0] - NIC/0-cd000
nid005017:56644:56644 [4] NCCL INFO               + NET[25.0] - NET/1 (a78181401/1/25.000000)
nid005017:56644:56644 [4] NCCL INFO + PCI[24.0] - GPU/0-c9000 (10)
nid005017:56644:56644 [4] NCCL INFO               + XGMI[144.0] - GPU/CE000
nid005017:56644:56644 [4] NCCL INFO               + XGMI[72.0] - GPU/D1000
nid005017:56644:56644 [4] NCCL INFO               + XGMI[36.0] - GPU/C1000
nid005017:56644:56644 [4] NCCL INFO + PCI[24.0] - GPU/0-ce000 (11)
nid005017:56644:56644 [4] NCCL INFO               + XGMI[144.0] - GPU/C9000
nid005017:56644:56644 [4] NCCL INFO               + XGMI[36.0] - GPU/C6000
nid005017:56644:56644 [4] NCCL INFO               + XGMI[36.0] - GPU/DE000
nid005017:56644:56644 [4] NCCL INFO + SYS[16.0] - CPU/3
nid005017:56644:56644 [4] NCCL INFO + SYS[16.0] - CPU/0
nid005017:56644:56644 [4] NCCL INFO + SYS[16.0] - CPU/2
nid005017:56644:56644 [4] NCCL INFO CPU/0-0 (1/2/4)
nid005017:56644:56644 [4] NCCL INFO + PCI[24.0] - NIC/0-d5000
nid005017:56644:56644 [4] NCCL INFO               + NET[25.0] - NET/2 (a78181402/1/25.000000)
nid005017:56644:56644 [4] NCCL INFO + PCI[24.0] - GPU/0-d1000 (12)
nid005017:56644:56644 [4] NCCL INFO               + XGMI[144.0] - GPU/D6000
nid005017:56644:56644 [4] NCCL INFO               + XGMI[72.0] - GPU/C9000
nid005017:56644:56644 [4] NCCL INFO               + XGMI[36.0] - GPU/D9000
nid005017:56644:56644 [4] NCCL INFO + PCI[24.0] - GPU/0-d6000 (13)
nid005017:56644:56644 [4] NCCL INFO               + XGMI[144.0] - GPU/D1000
nid005017:56644:56644 [4] NCCL INFO               + XGMI[36.0] - GPU/C6000
nid005017:56644:56644 [4] NCCL INFO               + XGMI[36.0] - GPU/DE000
nid005017:56644:56644 [4] NCCL INFO + SYS[16.0] - CPU/3
nid005017:56644:56644 [4] NCCL INFO + SYS[16.0] - CPU/1
nid005017:56644:56644 [4] NCCL INFO + SYS[16.0] - CPU/2
nid005017:56644:56644 [4] NCCL INFO CPU/0-2 (1/2/4)
nid005017:56644:56644 [4] NCCL INFO + PCI[24.0] - NIC/0-dd000
nid005017:56644:56644 [4] NCCL INFO               + NET[25.0] - NET/3 (a78181403/1/25.000000)
nid005017:56644:56644 [4] NCCL INFO + PCI[24.0] - GPU/0-d9000 (14)
nid005017:56644:56644 [4] NCCL INFO               + XGMI[144.0] - GPU/DE000
nid005017:56644:56644 [4] NCCL INFO               + XGMI[72.0] - GPU/C1000
nid005017:56644:56644 [4] NCCL INFO               + XGMI[36.0] - GPU/D1000
nid005017:56644:56644 [4] NCCL INFO + PCI[24.0] - GPU/0-de000 (15)
nid005017:56644:56644 [4] NCCL INFO               + XGMI[144.0] - GPU/D9000
nid005017:56644:56644 [4] NCCL INFO               + XGMI[36.0] - GPU/CE000
nid005017:56644:56644 [4] NCCL INFO               + XGMI[36.0] - GPU/D6000
nid005017:56644:56644 [4] NCCL INFO + SYS[16.0] - CPU/3
nid005017:56644:56644 [4] NCCL INFO + SYS[16.0] - CPU/1
nid005017:56644:56644 [4] NCCL INFO + SYS[16.0] - CPU/0
nid005017:56644:56644 [4] NCCL INFO ==========================================
nid005017:56644:56644 [4] NCCL INFO GPU/C1000 :GPU/0-c1000 (0/5000.0/LOC) GPU/0-c6000 (1/144.0/XGMI) GPU/0-c9000 (1/36.0/XGMI) GPU/0-ce000 (3/16.0/SYS) GPU/0-d1000 (3/16.0/SYS) GPU/0-d6000 (3/16.0/SYS) GPU/0-d9000 (1/72.0/XGMI) GPU/0-de000 (3/16.0/SYS) CPU/0-3 (1/24.0/PHB) CPU/0-1 (2/16.0/SYS) CPU/0-0 (2/16.0/SYS) CPU/0-2 (2/16.0/SYS) NET/0-0 (3/24.0/PHB) NET/0-1 (4/16.0/SYS) NET/0-2 (4/16.0/SYS) NET/0-3 (4/16.0/SYS) 
nid005017:56644:56644 [4] NCCL INFO GPU/C6000 :GPU/0-c1000 (1/144.0/XGMI) GPU/0-c6000 (0/5000.0/LOC) GPU/0-c9000 (3/16.0/SYS) GPU/0-ce000 (1/36.0/XGMI) GPU/0-d1000 (3/16.0/SYS) GPU/0-d6000 (1/36.0/XGMI) GPU/0-d9000 (3/16.0/SYS) GPU/0-de000 (3/16.0/SYS) CPU/0-3 (1/24.0/PHB) CPU/0-1 (2/16.0/SYS) CPU/0-0 (2/16.0/SYS) CPU/0-2 (2/16.0/SYS) NET/0-0 (3/24.0/PHB) NET/0-1 (4/16.0/SYS) NET/0-2 (4/16.0/SYS) NET/0-3 (4/16.0/SYS) 
nid005017:56644:56644 [4] NCCL INFO GPU/C9000 :GPU/0-c1000 (1/36.0/XGMI) GPU/0-c6000 (3/16.0/SYS) GPU/0-c9000 (0/5000.0/LOC) GPU/0-ce000 (1/144.0/XGMI) GPU/0-d1000 (1/72.0/XGMI) GPU/0-d6000 (3/16.0/SYS) GPU/0-d9000 (3/16.0/SYS) GPU/0-de000 (3/16.0/SYS) CPU/0-3 (2/16.0/SYS) CPU/0-1 (1/24.0/PHB) CPU/0-0 (2/16.0/SYS) CPU/0-2 (2/16.0/SYS) NET/0-0 (4/16.0/SYS) NET/0-1 (3/24.0/PHB) NET/0-2 (4/16.0/SYS) NET/0-3 (4/16.0/SYS) 
nid005017:56644:56644 [4] NCCL INFO GPU/CE000 :GPU/0-c1000 (3/16.0/SYS) GPU/0-c6000 (1/36.0/XGMI) GPU/0-c9000 (1/144.0/XGMI) GPU/0-ce000 (0/5000.0/LOC) GPU/0-d1000 (3/16.0/SYS) GPU/0-d6000 (3/16.0/SYS) GPU/0-d9000 (3/16.0/SYS) GPU/0-de000 (1/36.0/XGMI) CPU/0-3 (2/16.0/SYS) CPU/0-1 (1/24.0/PHB) CPU/0-0 (2/16.0/SYS) CPU/0-2 (2/16.0/SYS) NET/0-0 (4/16.0/SYS) NET/0-1 (3/24.0/PHB) NET/0-2 (4/16.0/SYS) NET/0-3 (4/16.0/SYS) 
nid005017:56644:56644 [4] NCCL INFO GPU/D1000 :GPU/0-c1000 (3/16.0/SYS) GPU/0-c6000 (3/16.0/SYS) GPU/0-c9000 (1/72.0/XGMI) GPU/0-ce000 (3/16.0/SYS) GPU/0-d1000 (0/5000.0/LOC) GPU/0-d6000 (1/144.0/XGMI) GPU/0-d9000 (1/36.0/XGMI) GPU/0-de000 (3/16.0/SYS) CPU/0-3 (2/16.0/SYS) CPU/0-1 (2/16.0/SYS) CPU/0-0 (1/24.0/PHB) CPU/0-2 (2/16.0/SYS) NET/0-0 (4/16.0/SYS) NET/0-1 (4/16.0/SYS) NET/0-2 (3/24.0/PHB) NET/0-3 (4/16.0/SYS) 
nid005017:56644:56644 [4] NCCL INFO GPU/D6000 :GPU/0-c1000 (3/16.0/SYS) GPU/0-c6000 (1/36.0/XGMI) GPU/0-c9000 (3/16.0/SYS) GPU/0-ce000 (3/16.0/SYS) GPU/0-d1000 (1/144.0/XGMI) GPU/0-d6000 (0/5000.0/LOC) GPU/0-d9000 (3/16.0/SYS) GPU/0-de000 (1/36.0/XGMI) CPU/0-3 (2/16.0/SYS) CPU/0-1 (2/16.0/SYS) CPU/0-0 (1/24.0/PHB) CPU/0-2 (2/16.0/SYS) NET/0-0 (4/16.0/SYS) NET/0-1 (4/16.0/SYS) NET/0-2 (3/24.0/PHB) NET/0-3 (4/16.0/SYS) 
nid005017:56644:56644 [4] NCCL INFO GPU/D9000 :GPU/0-c1000 (1/72.0/XGMI) GPU/0-c6000 (3/16.0/SYS) GPU/0-c9000 (3/16.0/SYS) GPU/0-ce000 (3/16.0/SYS) GPU/0-d1000 (1/36.0/XGMI) GPU/0-d6000 (3/16.0/SYS) GPU/0-d9000 (0/5000.0/LOC) GPU/0-de000 (1/144.0/XGMI) CPU/0-3 (2/16.0/SYS) CPU/0-1 (2/16.0/SYS) CPU/0-0 (2/16.0/SYS) CPU/0-2 (1/24.0/PHB) NET/0-0 (4/16.0/SYS) NET/0-1 (4/16.0/SYS) NET/0-2 (4/16.0/SYS) NET/0-3 (3/24.0/PHB) 
nid005017:56644:56644 [4] NCCL INFO GPU/DE000 :GPU/0-c1000 (3/16.0/SYS) GPU/0-c6000 (3/16.0/SYS) GPU/0-c9000 (3/16.0/SYS) GPU/0-ce000 (1/36.0/XGMI) GPU/0-d1000 (3/16.0/SYS) GPU/0-d6000 (1/36.0/XGMI) GPU/0-d9000 (1/144.0/XGMI) GPU/0-de000 (0/5000.0/LOC) CPU/0-3 (2/16.0/SYS) CPU/0-1 (2/16.0/SYS) CPU/0-0 (2/16.0/SYS) CPU/0-2 (1/24.0/PHB) NET/0-0 (4/16.0/SYS) NET/0-1 (4/16.0/SYS) NET/0-2 (4/16.0/SYS) NET/0-3 (3/24.0/PHB) 
nid005017:56644:56644 [4] NCCL INFO NET/0 :GPU/0-c1000 (3/24.0/PHB) GPU/0-c6000 (3/24.0/PHB) GPU/0-c9000 (4/16.0/SYS) GPU/0-ce000 (4/16.0/SYS) GPU/0-d1000 (4/16.0/SYS) GPU/0-d6000 (4/16.0/SYS) GPU/0-d9000 (4/16.0/SYS) GPU/0-de000 (4/16.0/SYS) CPU/0-3 (2/24.0/PHB) CPU/0-1 (3/16.0/SYS) CPU/0-0 (3/16.0/SYS) CPU/0-2 (3/16.0/SYS) NET/0-0 (0/5000.0/LOC) NET/0-1 (5/16.0/SYS) NET/0-2 (5/16.0/SYS) NET/0-3 (5/16.0/SYS) 
nid005017:56644:56644 [4] NCCL INFO NET/1 :GPU/0-c1000 (4/16.0/SYS) GPU/0-c6000 (4/16.0/SYS) GPU/0-c9000 (3/24.0/PHB) GPU/0-ce000 (3/24.0/PHB) GPU/0-d1000 (4/16.0/SYS) GPU/0-d6000 (4/16.0/SYS) GPU/0-d9000 (4/16.0/SYS) GPU/0-de000 (4/16.0/SYS) CPU/0-3 (3/16.0/SYS) CPU/0-1 (2/24.0/PHB) CPU/0-0 (3/16.0/SYS) CPU/0-2 (3/16.0/SYS) NET/0-0 (5/16.0/SYS) NET/0-1 (0/5000.0/LOC) NET/0-2 (5/16.0/SYS) NET/0-3 (5/16.0/SYS) 
nid005017:56644:56644 [4] NCCL INFO NET/2 :GPU/0-c1000 (4/16.0/SYS) GPU/0-c6000 (4/16.0/SYS) GPU/0-c9000 (4/16.0/SYS) GPU/0-ce000 (4/16.0/SYS) GPU/0-d1000 (3/24.0/PHB) GPU/0-d6000 (3/24.0/PHB) GPU/0-d9000 (4/16.0/SYS) GPU/0-de000 (4/16.0/SYS) CPU/0-3 (3/16.0/SYS) CPU/0-1 (3/16.0/SYS) CPU/0-0 (2/24.0/PHB) CPU/0-2 (3/16.0/SYS) NET/0-0 (5/16.0/SYS) NET/0-1 (5/16.0/SYS) NET/0-2 (0/5000.0/LOC) NET/0-3 (5/16.0/SYS) 
nid005017:56644:56644 [4] NCCL INFO NET/3 :GPU/0-c1000 (4/16.0/SYS) GPU/0-c6000 (4/16.0/SYS) GPU/0-c9000 (4/16.0/SYS) GPU/0-ce000 (4/16.0/SYS) GPU/0-d1000 (4/16.0/SYS) GPU/0-d6000 (4/16.0/SYS) GPU/0-d9000 (3/24.0/PHB) GPU/0-de000 (3/24.0/PHB) CPU/0-3 (3/16.0/SYS) CPU/0-1 (3/16.0/SYS) CPU/0-0 (3/16.0/SYS) CPU/0-2 (2/24.0/PHB) NET/0-0 (5/16.0/SYS) NET/0-1 (5/16.0/SYS) NET/0-2 (5/16.0/SYS) NET/0-3 (0/5000.0/LOC) 
nid005017:56644:56644 [4] NCCL INFO Setting affinity for GPU 4 to fefe,00000000,0000fefe
nid005017:56645:56645 [5] NCCL INFO NCCL_NET_GDR_LEVEL set by environment to PHB
nid005017:56645:56645 [5] NCCL INFO GPU Direct RDMA Enabled for GPU c1000 / HCA 0 (distance 6 <= 6), read 1
nid005017:56645:56645 [5] NCCL INFO GPU Direct RDMA Enabled for GPU c6000 / HCA 0 (distance 6 <= 6), read 1
nid005017:56645:56645 [5] NCCL INFO GPU Direct RDMA Enabled for GPU c9000 / HCA 1 (distance 6 <= 6), read 1
nid005017:56645:56645 [5] NCCL INFO GPU Direct RDMA Enabled for GPU ce000 / HCA 1 (distance 6 <= 6), read 1
nid005017:56645:56645 [5] NCCL INFO GPU Direct RDMA Enabled for GPU d1000 / HCA 2 (distance 6 <= 6), read 1
nid005017:56645:56645 [5] NCCL INFO GPU Direct RDMA Enabled for GPU d6000 / HCA 2 (distance 6 <= 6), read 1
nid005017:56645:56645 [5] NCCL INFO GPU Direct RDMA Enabled for GPU d9000 / HCA 3 (distance 6 <= 6), read 1
nid005017:56645:56645 [5] NCCL INFO GPU Direct RDMA Enabled for GPU de000 / HCA 3 (distance 6 <= 6), read 1
nid005017:56645:56645 [5] NCCL INFO === System : maxBw 24.0 totalBw 252.0 ===
nid005017:56645:56645 [5] NCCL INFO CPU/0-3 (1/2/4)
nid005017:56645:56645 [5] NCCL INFO + PCI[24.0] - GPU/0-c1000 (8)
nid005017:56645:56645 [5] NCCL INFO               + XGMI[144.0] - GPU/C6000
nid005017:56645:56645 [5] NCCL INFO               + XGMI[72.0] - GPU/D9000
nid005017:56645:56645 [5] NCCL INFO               + XGMI[36.0] - GPU/C9000
nid005017:56645:56645 [5] NCCL INFO + PCI[24.0] - NIC/0-c5000
nid005017:56645:56645 [5] NCCL INFO               + NET[25.0] - NET/0 (a78181400/1/25.000000)
nid005017:56645:56645 [5] NCCL INFO + PCI[24.0] - GPU/0-c6000 (9)
nid005017:56645:56645 [5] NCCL INFO               + XGMI[144.0] - GPU/C1000
nid005017:56645:56645 [5] NCCL INFO               + XGMI[36.0] - GPU/CE000
nid005017:56645:56645 [5] NCCL INFO               + XGMI[36.0] - GPU/D6000
nid005017:56645:56645 [5] NCCL INFO + SYS[16.0] - CPU/1
nid005017:56645:56645 [5] NCCL INFO + SYS[16.0] - CPU/0
nid005017:56645:56645 [5] NCCL INFO + SYS[16.0] - CPU/2
nid005017:56645:56645 [5] NCCL INFO CPU/0-1 (1/2/4)
nid005017:56645:56645 [5] NCCL INFO + PCI[24.0] - NIC/0-cd000
nid005017:56645:56645 [5] NCCL INFO               + NET[25.0] - NET/1 (a78181401/1/25.000000)
nid005017:56645:56645 [5] NCCL INFO + PCI[24.0] - GPU/0-c9000 (10)
nid005017:56645:56645 [5] NCCL INFO               + XGMI[144.0] - GPU/CE000
nid005017:56645:56645 [5] NCCL INFO               + XGMI[72.0] - GPU/D1000
nid005017:56645:56645 [5] NCCL INFO               + XGMI[36.0] - GPU/C1000
nid005017:56645:56645 [5] NCCL INFO + PCI[24.0] - GPU/0-ce000 (11)
nid005017:56645:56645 [5] NCCL INFO               + XGMI[144.0] - GPU/C9000
nid005017:56645:56645 [5] NCCL INFO               + XGMI[36.0] - GPU/C6000
nid005017:56645:56645 [5] NCCL INFO               + XGMI[36.0] - GPU/DE000
nid005017:56645:56645 [5] NCCL INFO + SYS[16.0] - CPU/3
nid005017:56645:56645 [5] NCCL INFO + SYS[16.0] - CPU/0
nid005017:56645:56645 [5] NCCL INFO + SYS[16.0] - CPU/2
nid005017:56645:56645 [5] NCCL INFO CPU/0-0 (1/2/4)
nid005017:56645:56645 [5] NCCL INFO + PCI[24.0] - NIC/0-d5000
nid005017:56645:56645 [5] NCCL INFO               + NET[25.0] - NET/2 (a78181402/1/25.000000)
nid005017:56645:56645 [5] NCCL INFO + PCI[24.0] - GPU/0-d1000 (12)
nid005017:56645:56645 [5] NCCL INFO               + XGMI[144.0] - GPU/D6000
nid005017:56645:56645 [5] NCCL INFO               + XGMI[72.0] - GPU/C9000
nid005017:56645:56645 [5] NCCL INFO               + XGMI[36.0] - GPU/D9000
nid005017:56645:56645 [5] NCCL INFO + PCI[24.0] - GPU/0-d6000 (13)
nid005017:56645:56645 [5] NCCL INFO               + XGMI[144.0] - GPU/D1000
nid005017:56645:56645 [5] NCCL INFO               + XGMI[36.0] - GPU/C6000
nid005017:56645:56645 [5] NCCL INFO               + XGMI[36.0] - GPU/DE000
nid005017:56645:56645 [5] NCCL INFO + SYS[16.0] - CPU/3
nid005017:56645:56645 [5] NCCL INFO + SYS[16.0] - CPU/1
nid005017:56645:56645 [5] NCCL INFO + SYS[16.0] - CPU/2
nid005017:56645:56645 [5] NCCL INFO CPU/0-2 (1/2/4)
nid005017:56645:56645 [5] NCCL INFO + PCI[24.0] - NIC/0-dd000
nid005017:56645:56645 [5] NCCL INFO               + NET[25.0] - NET/3 (a78181403/1/25.000000)
nid005017:56645:56645 [5] NCCL INFO + PCI[24.0] - GPU/0-d9000 (14)
nid005017:56645:56645 [5] NCCL INFO               + XGMI[144.0] - GPU/DE000
nid005017:56645:56645 [5] NCCL INFO               + XGMI[72.0] - GPU/C1000
nid005017:56645:56645 [5] NCCL INFO               + XGMI[36.0] - GPU/D1000
nid005017:56645:56645 [5] NCCL INFO + PCI[24.0] - GPU/0-de000 (15)
nid005017:56645:56645 [5] NCCL INFO               + XGMI[144.0] - GPU/D9000
nid005017:56645:56645 [5] NCCL INFO               + XGMI[36.0] - GPU/CE000
nid005017:56645:56645 [5] NCCL INFO               + XGMI[36.0] - GPU/D6000
nid005017:56645:56645 [5] NCCL INFO + SYS[16.0] - CPU/3
nid005017:56645:56645 [5] NCCL INFO + SYS[16.0] - CPU/1
nid005017:56645:56645 [5] NCCL INFO + SYS[16.0] - CPU/0
nid005017:56645:56645 [5] NCCL INFO ==========================================
nid005017:56645:56645 [5] NCCL INFO GPU/C1000 :GPU/0-c1000 (0/5000.0/LOC) GPU/0-c6000 (1/144.0/XGMI) GPU/0-c9000 (1/36.0/XGMI) GPU/0-ce000 (3/16.0/SYS) GPU/0-d1000 (3/16.0/SYS) GPU/0-d6000 (3/16.0/SYS) GPU/0-d9000 (1/72.0/XGMI) GPU/0-de000 (3/16.0/SYS) CPU/0-3 (1/24.0/PHB) CPU/0-1 (2/16.0/SYS) CPU/0-0 (2/16.0/SYS) CPU/0-2 (2/16.0/SYS) NET/0-0 (3/24.0/PHB) NET/0-1 (4/16.0/SYS) NET/0-2 (4/16.0/SYS) NET/0-3 (4/16.0/SYS) 
nid005017:56645:56645 [5] NCCL INFO GPU/C6000 :GPU/0-c1000 (1/144.0/XGMI) GPU/0-c6000 (0/5000.0/LOC) GPU/0-c9000 (3/16.0/SYS) GPU/0-ce000 (1/36.0/XGMI) GPU/0-d1000 (3/16.0/SYS) GPU/0-d6000 (1/36.0/XGMI) GPU/0-d9000 (3/16.0/SYS) GPU/0-de000 (3/16.0/SYS) CPU/0-3 (1/24.0/PHB) CPU/0-1 (2/16.0/SYS) CPU/0-0 (2/16.0/SYS) CPU/0-2 (2/16.0/SYS) NET/0-0 (3/24.0/PHB) NET/0-1 (4/16.0/SYS) NET/0-2 (4/16.0/SYS) NET/0-3 (4/16.0/SYS) 
nid005017:56645:56645 [5] NCCL INFO GPU/C9000 :GPU/0-c1000 (1/36.0/XGMI) GPU/0-c6000 (3/16.0/SYS) GPU/0-c9000 (0/5000.0/LOC) GPU/0-ce000 (1/144.0/XGMI) GPU/0-d1000 (1/72.0/XGMI) GPU/0-d6000 (3/16.0/SYS) GPU/0-d9000 (3/16.0/SYS) GPU/0-de000 (3/16.0/SYS) CPU/0-3 (2/16.0/SYS) CPU/0-1 (1/24.0/PHB) CPU/0-0 (2/16.0/SYS) CPU/0-2 (2/16.0/SYS) NET/0-0 (4/16.0/SYS) NET/0-1 (3/24.0/PHB) NET/0-2 (4/16.0/SYS) NET/0-3 (4/16.0/SYS) 
nid005017:56645:56645 [5] NCCL INFO GPU/CE000 :GPU/0-c1000 (3/16.0/SYS) GPU/0-c6000 (1/36.0/XGMI) GPU/0-c9000 (1/144.0/XGMI) GPU/0-ce000 (0/5000.0/LOC) GPU/0-d1000 (3/16.0/SYS) GPU/0-d6000 (3/16.0/SYS) GPU/0-d9000 (3/16.0/SYS) GPU/0-de000 (1/36.0/XGMI) CPU/0-3 (2/16.0/SYS) CPU/0-1 (1/24.0/PHB) CPU/0-0 (2/16.0/SYS) CPU/0-2 (2/16.0/SYS) NET/0-0 (4/16.0/SYS) NET/0-1 (3/24.0/PHB) NET/0-2 (4/16.0/SYS) NET/0-3 (4/16.0/SYS) 
nid005017:56645:56645 [5] NCCL INFO GPU/D1000 :GPU/0-c1000 (3/16.0/SYS) GPU/0-c6000 (3/16.0/SYS) GPU/0-c9000 (1/72.0/XGMI) GPU/0-ce000 (3/16.0/SYS) GPU/0-d1000 (0/5000.0/LOC) GPU/0-d6000 (1/144.0/XGMI) GPU/0-d9000 (1/36.0/XGMI) GPU/0-de000 (3/16.0/SYS) CPU/0-3 (2/16.0/SYS) CPU/0-1 (2/16.0/SYS) CPU/0-0 (1/24.0/PHB) CPU/0-2 (2/16.0/SYS) NET/0-0 (4/16.0/SYS) NET/0-1 (4/16.0/SYS) NET/0-2 (3/24.0/PHB) NET/0-3 (4/16.0/SYS) 
nid005017:56645:56645 [5] NCCL INFO GPU/D6000 :GPU/0-c1000 (3/16.0/SYS) GPU/0-c6000 (1/36.0/XGMI) GPU/0-c9000 (3/16.0/SYS) GPU/0-ce000 (3/16.0/SYS) GPU/0-d1000 (1/144.0/XGMI) GPU/0-d6000 (0/5000.0/LOC) GPU/0-d9000 (3/16.0/SYS) GPU/0-de000 (1/36.0/XGMI) CPU/0-3 (2/16.0/SYS) CPU/0-1 (2/16.0/SYS) CPU/0-0 (1/24.0/PHB) CPU/0-2 (2/16.0/SYS) NET/0-0 (4/16.0/SYS) NET/0-1 (4/16.0/SYS) NET/0-2 (3/24.0/PHB) NET/0-3 (4/16.0/SYS) 
nid005017:56645:56645 [5] NCCL INFO GPU/D9000 :GPU/0-c1000 (1/72.0/XGMI) GPU/0-c6000 (3/16.0/SYS) GPU/0-c9000 (3/16.0/SYS) GPU/0-ce000 (3/16.0/SYS) GPU/0-d1000 (1/36.0/XGMI) GPU/0-d6000 (3/16.0/SYS) GPU/0-d9000 (0/5000.0/LOC) GPU/0-de000 (1/144.0/XGMI) CPU/0-3 (2/16.0/SYS) CPU/0-1 (2/16.0/SYS) CPU/0-0 (2/16.0/SYS) CPU/0-2 (1/24.0/PHB) NET/0-0 (4/16.0/SYS) NET/0-1 (4/16.0/SYS) NET/0-2 (4/16.0/SYS) NET/0-3 (3/24.0/PHB) 
nid005017:56645:56645 [5] NCCL INFO GPU/DE000 :GPU/0-c1000 (3/16.0/SYS) GPU/0-c6000 (3/16.0/SYS) GPU/0-c9000 (3/16.0/SYS) GPU/0-ce000 (1/36.0/XGMI) GPU/0-d1000 (3/16.0/SYS) GPU/0-d6000 (1/36.0/XGMI) GPU/0-d9000 (1/144.0/XGMI) GPU/0-de000 (0/5000.0/LOC) CPU/0-3 (2/16.0/SYS) CPU/0-1 (2/16.0/SYS) CPU/0-0 (2/16.0/SYS) CPU/0-2 (1/24.0/PHB) NET/0-0 (4/16.0/SYS) NET/0-1 (4/16.0/SYS) NET/0-2 (4/16.0/SYS) NET/0-3 (3/24.0/PHB) 
nid005017:56645:56645 [5] NCCL INFO NET/0 :GPU/0-c1000 (3/24.0/PHB) GPU/0-c6000 (3/24.0/PHB) GPU/0-c9000 (4/16.0/SYS) GPU/0-ce000 (4/16.0/SYS) GPU/0-d1000 (4/16.0/SYS) GPU/0-d6000 (4/16.0/SYS) GPU/0-d9000 (4/16.0/SYS) GPU/0-de000 (4/16.0/SYS) CPU/0-3 (2/24.0/PHB) CPU/0-1 (3/16.0/SYS) CPU/0-0 (3/16.0/SYS) CPU/0-2 (3/16.0/SYS) NET/0-0 (0/5000.0/LOC) NET/0-1 (5/16.0/SYS) NET/0-2 (5/16.0/SYS) NET/0-3 (5/16.0/SYS) 
nid005017:56645:56645 [5] NCCL INFO NET/1 :GPU/0-c1000 (4/16.0/SYS) GPU/0-c6000 (4/16.0/SYS) GPU/0-c9000 (3/24.0/PHB) GPU/0-ce000 (3/24.0/PHB) GPU/0-d1000 (4/16.0/SYS) GPU/0-d6000 (4/16.0/SYS) GPU/0-d9000 (4/16.0/SYS) GPU/0-de000 (4/16.0/SYS) CPU/0-3 (3/16.0/SYS) CPU/0-1 (2/24.0/PHB) CPU/0-0 (3/16.0/SYS) CPU/0-2 (3/16.0/SYS) NET/0-0 (5/16.0/SYS) NET/0-1 (0/5000.0/LOC) NET/0-2 (5/16.0/SYS) NET/0-3 (5/16.0/SYS) 
nid005017:56645:56645 [5] NCCL INFO NET/2 :GPU/0-c1000 (4/16.0/SYS) GPU/0-c6000 (4/16.0/SYS) GPU/0-c9000 (4/16.0/SYS) GPU/0-ce000 (4/16.0/SYS) GPU/0-d1000 (3/24.0/PHB) GPU/0-d6000 (3/24.0/PHB) GPU/0-d9000 (4/16.0/SYS) GPU/0-de000 (4/16.0/SYS) CPU/0-3 (3/16.0/SYS) CPU/0-1 (3/16.0/SYS) CPU/0-0 (2/24.0/PHB) CPU/0-2 (3/16.0/SYS) NET/0-0 (5/16.0/SYS) NET/0-1 (5/16.0/SYS) NET/0-2 (0/5000.0/LOC) NET/0-3 (5/16.0/SYS) 
nid005017:56645:56645 [5] NCCL INFO NET/3 :GPU/0-c1000 (4/16.0/SYS) GPU/0-c6000 (4/16.0/SYS) GPU/0-c9000 (4/16.0/SYS) GPU/0-ce000 (4/16.0/SYS) GPU/0-d1000 (4/16.0/SYS) GPU/0-d6000 (4/16.0/SYS) GPU/0-d9000 (3/24.0/PHB) GPU/0-de000 (3/24.0/PHB) CPU/0-3 (3/16.0/SYS) CPU/0-1 (3/16.0/SYS) CPU/0-0 (3/16.0/SYS) CPU/0-2 (2/24.0/PHB) NET/0-0 (5/16.0/SYS) NET/0-1 (5/16.0/SYS) NET/0-2 (5/16.0/SYS) NET/0-3 (0/5000.0/LOC) 
nid005017:56645:56645 [5] NCCL INFO Setting affinity for GPU 5 to fefe,00000000,0000fefe
nid005017:56644:56644 [4] NCCL INFO Found matching Rome model index 36 with GPU mapping: 0 1 2 3 4 5 6 7 NET mapping: 0 1 2 3 
nid005017:56644:56644 [4] NCCL INFO Pattern 4, crossNic 0, nChannels 8, bw 31.500000/31.500000, type XGMI/PIX, sameChannels 1
nid005017:56644:56644 [4] NCCL INFO  0 : NET/1 GPU/10 GPU/11 GPU/15 GPU/14 GPU/12 GPU/13 GPU/9 GPU/8 NET/0
nid005017:56644:56644 [4] NCCL INFO  1 : NET/0 GPU/8 GPU/9 GPU/13 GPU/12 GPU/14 GPU/15 GPU/11 GPU/10 NET/1
nid005017:56644:56644 [4] NCCL INFO  2 : NET/2 GPU/13 GPU/12 GPU/10 GPU/11 GPU/9 GPU/8 GPU/14 GPU/15 NET/3
nid005017:56644:56644 [4] NCCL INFO  3 : NET/3 GPU/15 GPU/14 GPU/8 GPU/9 GPU/11 GPU/10 GPU/12 GPU/13 NET/2
nid005017:56644:56644 [4] NCCL INFO  4 : NET/1 GPU/10 GPU/11 GPU/15 GPU/14 GPU/12 GPU/13 GPU/9 GPU/8 NET/0
nid005017:56644:56644 [4] NCCL INFO  5 : NET/0 GPU/8 GPU/9 GPU/13 GPU/12 GPU/14 GPU/15 GPU/11 GPU/10 NET/1
nid005017:56644:56644 [4] NCCL INFO  6 : NET/2 GPU/13 GPU/12 GPU/10 GPU/11 GPU/9 GPU/8 GPU/14 GPU/15 NET/3
nid005017:56644:56644 [4] NCCL INFO  7 : NET/3 GPU/15 GPU/14 GPU/8 GPU/9 GPU/11 GPU/10 GPU/12 GPU/13 NET/2
nid005017:56645:56645 [5] NCCL INFO Found matching Rome model index 36 with GPU mapping: 0 1 2 3 4 5 6 7 NET mapping: 0 1 2 3 
nid005017:56645:56645 [5] NCCL INFO Pattern 4, crossNic 0, nChannels 8, bw 31.500000/31.500000, type XGMI/PIX, sameChannels 1
nid005017:56645:56645 [5] NCCL INFO  0 : NET/1 GPU/10 GPU/11 GPU/15 GPU/14 GPU/12 GPU/13 GPU/9 GPU/8 NET/0
nid005017:56645:56645 [5] NCCL INFO  1 : NET/0 GPU/8 GPU/9 GPU/13 GPU/12 GPU/14 GPU/15 GPU/11 GPU/10 NET/1
nid005017:56645:56645 [5] NCCL INFO  2 : NET/2 GPU/13 GPU/12 GPU/10 GPU/11 GPU/9 GPU/8 GPU/14 GPU/15 NET/3
nid005017:56645:56645 [5] NCCL INFO  3 : NET/3 GPU/15 GPU/14 GPU/8 GPU/9 GPU/11 GPU/10 GPU/12 GPU/13 NET/2
nid005017:56645:56645 [5] NCCL INFO  4 : NET/1 GPU/10 GPU/11 GPU/15 GPU/14 GPU/12 GPU/13 GPU/9 GPU/8 NET/0
nid005017:56645:56645 [5] NCCL INFO  5 : NET/0 GPU/8 GPU/9 GPU/13 GPU/12 GPU/14 GPU/15 GPU/11 GPU/10 NET/1
nid005017:56645:56645 [5] NCCL INFO  6 : NET/2 GPU/13 GPU/12 GPU/10 GPU/11 GPU/9 GPU/8 GPU/14 GPU/15 NET/3
nid005017:56645:56645 [5] NCCL INFO  7 : NET/3 GPU/15 GPU/14 GPU/8 GPU/9 GPU/11 GPU/10 GPU/12 GPU/13 NET/2
nid005017:56644:56644 [4] NCCL INFO Found matching Rome model index 36 with GPU mapping: 0 1 2 3 4 5 6 7 NET mapping: 0 1 2 3 
nid005017:56644:56644 [4] NCCL INFO Pattern 1, crossNic 0, nChannels 8, bw 31.500000/31.500000, type XGMI/PIX, sameChannels 1
nid005017:56644:56644 [4] NCCL INFO  0 : NET/0 GPU/8 GPU/9 GPU/13 GPU/12 GPU/14 GPU/15 GPU/11 GPU/10 NET/1
nid005017:56644:56644 [4] NCCL INFO  1 : NET/1 GPU/10 GPU/11 GPU/15 GPU/14 GPU/12 GPU/13 GPU/9 GPU/8 NET/0
nid005017:56644:56644 [4] NCCL INFO  2 : NET/3 GPU/15 GPU/14 GPU/8 GPU/9 GPU/11 GPU/10 GPU/12 GPU/13 NET/2
nid005017:56644:56644 [4] NCCL INFO  3 : NET/2 GPU/13 GPU/12 GPU/10 GPU/11 GPU/9 GPU/8 GPU/14 GPU/15 NET/3
nid005017:56644:56644 [4] NCCL INFO  4 : NET/0 GPU/8 GPU/9 GPU/13 GPU/12 GPU/14 GPU/15 GPU/11 GPU/10 NET/1
nid005017:56644:56644 [4] NCCL INFO  5 : NET/1 GPU/10 GPU/11 GPU/15 GPU/14 GPU/12 GPU/13 GPU/9 GPU/8 NET/0
nid005017:56644:56644 [4] NCCL INFO  6 : NET/3 GPU/15 GPU/14 GPU/8 GPU/9 GPU/11 GPU/10 GPU/12 GPU/13 NET/2
nid005017:56644:56644 [4] NCCL INFO  7 : NET/2 GPU/13 GPU/12 GPU/10 GPU/11 GPU/9 GPU/8 GPU/14 GPU/15 NET/3
nid005017:56645:56645 [5] NCCL INFO Found matching Rome model index 36 with GPU mapping: 0 1 2 3 4 5 6 7 NET mapping: 0 1 2 3 
nid005017:56645:56645 [5] NCCL INFO Pattern 1, crossNic 0, nChannels 8, bw 31.500000/31.500000, type XGMI/PIX, sameChannels 1
nid005017:56645:56645 [5] NCCL INFO  0 : NET/0 GPU/8 GPU/9 GPU/13 GPU/12 GPU/14 GPU/15 GPU/11 GPU/10 NET/1
nid005017:56645:56645 [5] NCCL INFO  1 : NET/1 GPU/10 GPU/11 GPU/15 GPU/14 GPU/12 GPU/13 GPU/9 GPU/8 NET/0
nid005017:56645:56645 [5] NCCL INFO  2 : NET/3 GPU/15 GPU/14 GPU/8 GPU/9 GPU/11 GPU/10 GPU/12 GPU/13 NET/2
nid005017:56645:56645 [5] NCCL INFO  3 : NET/2 GPU/13 GPU/12 GPU/10 GPU/11 GPU/9 GPU/8 GPU/14 GPU/15 NET/3
nid005017:56645:56645 [5] NCCL INFO  4 : NET/0 GPU/8 GPU/9 GPU/13 GPU/12 GPU/14 GPU/15 GPU/11 GPU/10 NET/1
nid005017:56645:56645 [5] NCCL INFO  5 : NET/1 GPU/10 GPU/11 GPU/15 GPU/14 GPU/12 GPU/13 GPU/9 GPU/8 NET/0
nid005017:56645:56645 [5] NCCL INFO  6 : NET/3 GPU/15 GPU/14 GPU/8 GPU/9 GPU/11 GPU/10 GPU/12 GPU/13 NET/2
nid005017:56645:56645 [5] NCCL INFO  7 : NET/2 GPU/13 GPU/12 GPU/10 GPU/11 GPU/9 GPU/8 GPU/14 GPU/15 NET/3
nid005017:56646:56646 [1] NCCL INFO NCCL_NET_GDR_LEVEL set by environment to PHB
nid005017:56646:56646 [1] NCCL INFO GPU Direct RDMA Enabled for GPU c1000 / HCA 0 (distance 6 <= 6), read 1
nid005017:56646:56646 [1] NCCL INFO GPU Direct RDMA Enabled for GPU c6000 / HCA 0 (distance 6 <= 6), read 1
nid005017:56646:56646 [1] NCCL INFO GPU Direct RDMA Enabled for GPU c9000 / HCA 1 (distance 6 <= 6), read 1
nid005017:56646:56646 [1] NCCL INFO GPU Direct RDMA Enabled for GPU ce000 / HCA 1 (distance 6 <= 6), read 1
nid005017:56646:56646 [1] NCCL INFO GPU Direct RDMA Enabled for GPU d1000 / HCA 2 (distance 6 <= 6), read 1
nid005017:56646:56646 [1] NCCL INFO GPU Direct RDMA Enabled for GPU d6000 / HCA 2 (distance 6 <= 6), read 1
nid005017:56646:56646 [1] NCCL INFO GPU Direct RDMA Enabled for GPU d9000 / HCA 3 (distance 6 <= 6), read 1
nid005017:56646:56646 [1] NCCL INFO GPU Direct RDMA Enabled for GPU de000 / HCA 3 (distance 6 <= 6), read 1
nid005017:56646:56646 [1] NCCL INFO === System : maxBw 24.0 totalBw 252.0 ===
nid005017:56646:56646 [1] NCCL INFO CPU/0-3 (1/2/4)
nid005017:56646:56646 [1] NCCL INFO + PCI[24.0] - GPU/0-c1000 (8)
nid005017:56646:56646 [1] NCCL INFO               + XGMI[144.0] - GPU/C6000
nid005017:56646:56646 [1] NCCL INFO               + XGMI[72.0] - GPU/D9000
nid005017:56646:56646 [1] NCCL INFO               + XGMI[36.0] - GPU/C9000
nid005017:56646:56646 [1] NCCL INFO + PCI[24.0] - NIC/0-c5000
nid005017:56646:56646 [1] NCCL INFO               + NET[25.0] - NET/0 (a78181400/1/25.000000)
nid005017:56646:56646 [1] NCCL INFO + PCI[24.0] - GPU/0-c6000 (9)
nid005017:56646:56646 [1] NCCL INFO               + XGMI[144.0] - GPU/C1000
nid005017:56646:56646 [1] NCCL INFO               + XGMI[36.0] - GPU/CE000
nid005017:56646:56646 [1] NCCL INFO               + XGMI[36.0] - GPU/D6000
nid005017:56646:56646 [1] NCCL INFO + SYS[16.0] - CPU/1
nid005017:56646:56646 [1] NCCL INFO + SYS[16.0] - CPU/0
nid005017:56646:56646 [1] NCCL INFO + SYS[16.0] - CPU/2
nid005017:56646:56646 [1] NCCL INFO CPU/0-1 (1/2/4)
nid005017:56646:56646 [1] NCCL INFO + PCI[24.0] - NIC/0-cd000
nid005017:56646:56646 [1] NCCL INFO               + NET[25.0] - NET/1 (a78181401/1/25.000000)
nid005017:56646:56646 [1] NCCL INFO + PCI[24.0] - GPU/0-c9000 (10)
nid005017:56646:56646 [1] NCCL INFO               + XGMI[144.0] - GPU/CE000
nid005017:56646:56646 [1] NCCL INFO               + XGMI[72.0] - GPU/D1000
nid005017:56646:56646 [1] NCCL INFO               + XGMI[36.0] - GPU/C1000
nid005017:56646:56646 [1] NCCL INFO + PCI[24.0] - GPU/0-ce000 (11)
nid005017:56646:56646 [1] NCCL INFO               + XGMI[144.0] - GPU/C9000
nid005017:56646:56646 [1] NCCL INFO               + XGMI[36.0] - GPU/C6000
nid005017:56646:56646 [1] NCCL INFO               + XGMI[36.0] - GPU/DE000
nid005017:56646:56646 [1] NCCL INFO + SYS[16.0] - CPU/3
nid005017:56646:56646 [1] NCCL INFO + SYS[16.0] - CPU/0
nid005017:56646:56646 [1] NCCL INFO + SYS[16.0] - CPU/2
nid005017:56646:56646 [1] NCCL INFO CPU/0-0 (1/2/4)
nid005017:56646:56646 [1] NCCL INFO + PCI[24.0] - NIC/0-d5000
nid005017:56646:56646 [1] NCCL INFO               + NET[25.0] - NET/2 (a78181402/1/25.000000)
nid005017:56646:56646 [1] NCCL INFO + PCI[24.0] - GPU/0-d1000 (12)
nid005017:56646:56646 [1] NCCL INFO               + XGMI[144.0] - GPU/D6000
nid005017:56646:56646 [1] NCCL INFO               + XGMI[72.0] - GPU/C9000
nid005017:56646:56646 [1] NCCL INFO               + XGMI[36.0] - GPU/D9000
nid005017:56646:56646 [1] NCCL INFO + PCI[24.0] - GPU/0-d6000 (13)
nid005017:56646:56646 [1] NCCL INFO               + XGMI[144.0] - GPU/D1000
nid005017:56646:56646 [1] NCCL INFO               + XGMI[36.0] - GPU/C6000
nid005017:56646:56646 [1] NCCL INFO               + XGMI[36.0] - GPU/DE000
nid005017:56646:56646 [1] NCCL INFO + SYS[16.0] - CPU/3
nid005017:56646:56646 [1] NCCL INFO + SYS[16.0] - CPU/1
nid005017:56646:56646 [1] NCCL INFO + SYS[16.0] - CPU/2
nid005017:56646:56646 [1] NCCL INFO CPU/0-2 (1/2/4)
nid005017:56646:56646 [1] NCCL INFO + PCI[24.0] - NIC/0-dd000
nid005017:56646:56646 [1] NCCL INFO               + NET[25.0] - NET/3 (a78181403/1/25.000000)
nid005017:56646:56646 [1] NCCL INFO + PCI[24.0] - GPU/0-d9000 (14)
nid005017:56646:56646 [1] NCCL INFO               + XGMI[144.0] - GPU/DE000
nid005017:56646:56646 [1] NCCL INFO               + XGMI[72.0] - GPU/C1000
nid005017:56646:56646 [1] NCCL INFO               + XGMI[36.0] - GPU/D1000
nid005017:56646:56646 [1] NCCL INFO + PCI[24.0] - GPU/0-de000 (15)
nid005017:56646:56646 [1] NCCL INFO               + XGMI[144.0] - GPU/D9000
nid005017:56646:56646 [1] NCCL INFO               + XGMI[36.0] - GPU/CE000
nid005017:56646:56646 [1] NCCL INFO               + XGMI[36.0] - GPU/D6000
nid005017:56646:56646 [1] NCCL INFO + SYS[16.0] - CPU/3
nid005017:56646:56646 [1] NCCL INFO + SYS[16.0] - CPU/1
nid005017:56646:56646 [1] NCCL INFO + SYS[16.0] - CPU/0
nid005017:56646:56646 [1] NCCL INFO ==========================================
nid005017:56646:56646 [1] NCCL INFO GPU/C1000 :GPU/0-c1000 (0/5000.0/LOC) GPU/0-c6000 (1/144.0/XGMI) GPU/0-c9000 (1/36.0/XGMI) GPU/0-ce000 (3/16.0/SYS) GPU/0-d1000 (3/16.0/SYS) GPU/0-d6000 (3/16.0/SYS) GPU/0-d9000 (1/72.0/XGMI) GPU/0-de000 (3/16.0/SYS) CPU/0-3 (1/24.0/PHB) CPU/0-1 (2/16.0/SYS) CPU/0-0 (2/16.0/SYS) CPU/0-2 (2/16.0/SYS) NET/0-0 (3/24.0/PHB) NET/0-1 (4/16.0/SYS) NET/0-2 (4/16.0/SYS) NET/0-3 (4/16.0/SYS) 
nid005017:56646:56646 [1] NCCL INFO GPU/C6000 :GPU/0-c1000 (1/144.0/XGMI) GPU/0-c6000 (0/5000.0/LOC) GPU/0-c9000 (3/16.0/SYS) GPU/0-ce000 (1/36.0/XGMI) GPU/0-d1000 (3/16.0/SYS) GPU/0-d6000 (1/36.0/XGMI) GPU/0-d9000 (3/16.0/SYS) GPU/0-de000 (3/16.0/SYS) CPU/0-3 (1/24.0/PHB) CPU/0-1 (2/16.0/SYS) CPU/0-0 (2/16.0/SYS) CPU/0-2 (2/16.0/SYS) NET/0-0 (3/24.0/PHB) NET/0-1 (4/16.0/SYS) NET/0-2 (4/16.0/SYS) NET/0-3 (4/16.0/SYS) 
nid005017:56646:56646 [1] NCCL INFO GPU/C9000 :GPU/0-c1000 (1/36.0/XGMI) GPU/0-c6000 (3/16.0/SYS) GPU/0-c9000 (0/5000.0/LOC) GPU/0-ce000 (1/144.0/XGMI) GPU/0-d1000 (1/72.0/XGMI) GPU/0-d6000 (3/16.0/SYS) GPU/0-d9000 (3/16.0/SYS) GPU/0-de000 (3/16.0/SYS) CPU/0-3 (2/16.0/SYS) CPU/0-1 (1/24.0/PHB) CPU/0-0 (2/16.0/SYS) CPU/0-2 (2/16.0/SYS) NET/0-0 (4/16.0/SYS) NET/0-1 (3/24.0/PHB) NET/0-2 (4/16.0/SYS) NET/0-3 (4/16.0/SYS) 
nid005017:56646:56646 [1] NCCL INFO GPU/CE000 :GPU/0-c1000 (3/16.0/SYS) GPU/0-c6000 (1/36.0/XGMI) GPU/0-c9000 (1/144.0/XGMI) GPU/0-ce000 (0/5000.0/LOC) GPU/0-d1000 (3/16.0/SYS) GPU/0-d6000 (3/16.0/SYS) GPU/0-d9000 (3/16.0/SYS) GPU/0-de000 (1/36.0/XGMI) CPU/0-3 (2/16.0/SYS) CPU/0-1 (1/24.0/PHB) CPU/0-0 (2/16.0/SYS) CPU/0-2 (2/16.0/SYS) NET/0-0 (4/16.0/SYS) NET/0-1 (3/24.0/PHB) NET/0-2 (4/16.0/SYS) NET/0-3 (4/16.0/SYS) 
nid005017:56646:56646 [1] NCCL INFO GPU/D1000 :GPU/0-c1000 (3/16.0/SYS) GPU/0-c6000 (3/16.0/SYS) GPU/0-c9000 (1/72.0/XGMI) GPU/0-ce000 (3/16.0/SYS) GPU/0-d1000 (0/5000.0/LOC) GPU/0-d6000 (1/144.0/XGMI) GPU/0-d9000 (1/36.0/XGMI) GPU/0-de000 (3/16.0/SYS) CPU/0-3 (2/16.0/SYS) CPU/0-1 (2/16.0/SYS) CPU/0-0 (1/24.0/PHB) CPU/0-2 (2/16.0/SYS) NET/0-0 (4/16.0/SYS) NET/0-1 (4/16.0/SYS) NET/0-2 (3/24.0/PHB) NET/0-3 (4/16.0/SYS) 
nid005017:56646:56646 [1] NCCL INFO GPU/D6000 :GPU/0-c1000 (3/16.0/SYS) GPU/0-c6000 (1/36.0/XGMI) GPU/0-c9000 (3/16.0/SYS) GPU/0-ce000 (3/16.0/SYS) GPU/0-d1000 (1/144.0/XGMI) GPU/0-d6000 (0/5000.0/LOC) GPU/0-d9000 (3/16.0/SYS) GPU/0-de000 (1/36.0/XGMI) CPU/0-3 (2/16.0/SYS) CPU/0-1 (2/16.0/SYS) CPU/0-0 (1/24.0/PHB) CPU/0-2 (2/16.0/SYS) NET/0-0 (4/16.0/SYS) NET/0-1 (4/16.0/SYS) NET/0-2 (3/24.0/PHB) NET/0-3 (4/16.0/SYS) 
nid005017:56646:56646 [1] NCCL INFO GPU/D9000 :GPU/0-c1000 (1/72.0/XGMI) GPU/0-c6000 (3/16.0/SYS) GPU/0-c9000 (3/16.0/SYS) GPU/0-ce000 (3/16.0/SYS) GPU/0-d1000 (1/36.0/XGMI) GPU/0-d6000 (3/16.0/SYS) GPU/0-d9000 (0/5000.0/LOC) GPU/0-de000 (1/144.0/XGMI) CPU/0-3 (2/16.0/SYS) CPU/0-1 (2/16.0/SYS) CPU/0-0 (2/16.0/SYS) CPU/0-2 (1/24.0/PHB) NET/0-0 (4/16.0/SYS) NET/0-1 (4/16.0/SYS) NET/0-2 (4/16.0/SYS) NET/0-3 (3/24.0/PHB) 
nid005017:56646:56646 [1] NCCL INFO GPU/DE000 :GPU/0-c1000 (3/16.0/SYS) GPU/0-c6000 (3/16.0/SYS) GPU/0-c9000 (3/16.0/SYS) GPU/0-ce000 (1/36.0/XGMI) GPU/0-d1000 (3/16.0/SYS) GPU/0-d6000 (1/36.0/XGMI) GPU/0-d9000 (1/144.0/XGMI) GPU/0-de000 (0/5000.0/LOC) CPU/0-3 (2/16.0/SYS) CPU/0-1 (2/16.0/SYS) CPU/0-0 (2/16.0/SYS) CPU/0-2 (1/24.0/PHB) NET/0-0 (4/16.0/SYS) NET/0-1 (4/16.0/SYS) NET/0-2 (4/16.0/SYS) NET/0-3 (3/24.0/PHB) 
nid005017:56646:56646 [1] NCCL INFO NET/0 :GPU/0-c1000 (3/24.0/PHB) GPU/0-c6000 (3/24.0/PHB) GPU/0-c9000 (4/16.0/SYS) GPU/0-ce000 (4/16.0/SYS) GPU/0-d1000 (4/16.0/SYS) GPU/0-d6000 (4/16.0/SYS) GPU/0-d9000 (4/16.0/SYS) GPU/0-de000 (4/16.0/SYS) CPU/0-3 (2/24.0/PHB) CPU/0-1 (3/16.0/SYS) CPU/0-0 (3/16.0/SYS) CPU/0-2 (3/16.0/SYS) NET/0-0 (0/5000.0/LOC) NET/0-1 (5/16.0/SYS) NET/0-2 (5/16.0/SYS) NET/0-3 (5/16.0/SYS) 
nid005017:56646:56646 [1] NCCL INFO NET/1 :GPU/0-c1000 (4/16.0/SYS) GPU/0-c6000 (4/16.0/SYS) GPU/0-c9000 (3/24.0/PHB) GPU/0-ce000 (3/24.0/PHB) GPU/0-d1000 (4/16.0/SYS) GPU/0-d6000 (4/16.0/SYS) GPU/0-d9000 (4/16.0/SYS) GPU/0-de000 (4/16.0/SYS) CPU/0-3 (3/16.0/SYS) CPU/0-1 (2/24.0/PHB) CPU/0-0 (3/16.0/SYS) CPU/0-2 (3/16.0/SYS) NET/0-0 (5/16.0/SYS) NET/0-1 (0/5000.0/LOC) NET/0-2 (5/16.0/SYS) NET/0-3 (5/16.0/SYS) 
nid005017:56646:56646 [1] NCCL INFO NET/2 :GPU/0-c1000 (4/16.0/SYS) GPU/0-c6000 (4/16.0/SYS) GPU/0-c9000 (4/16.0/SYS) GPU/0-ce000 (4/16.0/SYS) GPU/0-d1000 (3/24.0/PHB) GPU/0-d6000 (3/24.0/PHB) GPU/0-d9000 (4/16.0/SYS) GPU/0-de000 (4/16.0/SYS) CPU/0-3 (3/16.0/SYS) CPU/0-1 (3/16.0/SYS) CPU/0-0 (2/24.0/PHB) CPU/0-2 (3/16.0/SYS) NET/0-0 (5/16.0/SYS) NET/0-1 (5/16.0/SYS) NET/0-2 (0/5000.0/LOC) NET/0-3 (5/16.0/SYS) 
nid005017:56646:56646 [1] NCCL INFO NET/3 :GPU/0-c1000 (4/16.0/SYS) GPU/0-c6000 (4/16.0/SYS) GPU/0-c9000 (4/16.0/SYS) GPU/0-ce000 (4/16.0/SYS) GPU/0-d1000 (4/16.0/SYS) GPU/0-d6000 (4/16.0/SYS) GPU/0-d9000 (3/24.0/PHB) GPU/0-de000 (3/24.0/PHB) CPU/0-3 (3/16.0/SYS) CPU/0-1 (3/16.0/SYS) CPU/0-0 (3/16.0/SYS) CPU/0-2 (2/24.0/PHB) NET/0-0 (5/16.0/SYS) NET/0-1 (5/16.0/SYS) NET/0-2 (5/16.0/SYS) NET/0-3 (0/5000.0/LOC) 
nid005017:56646:56646 [1] NCCL INFO Found matching Rome model index 36 with GPU mapping: 0 1 2 3 4 5 6 7 NET mapping: 0 1 2 3 
nid005017:56646:56646 [1] NCCL INFO Pattern 4, crossNic 0, nChannels 8, bw 31.500000/31.500000, type XGMI/PIX, sameChannels 1
nid005017:56646:56646 [1] NCCL INFO  0 : NET/1 GPU/10 GPU/11 GPU/15 GPU/14 GPU/12 GPU/13 GPU/9 GPU/8 NET/0
nid005017:56646:56646 [1] NCCL INFO  1 : NET/0 GPU/8 GPU/9 GPU/13 GPU/12 GPU/14 GPU/15 GPU/11 GPU/10 NET/1
nid005017:56646:56646 [1] NCCL INFO  2 : NET/2 GPU/13 GPU/12 GPU/10 GPU/11 GPU/9 GPU/8 GPU/14 GPU/15 NET/3
nid005017:56646:56646 [1] NCCL INFO  3 : NET/3 GPU/15 GPU/14 GPU/8 GPU/9 GPU/11 GPU/10 GPU/12 GPU/13 NET/2
nid005017:56646:56646 [1] NCCL INFO  4 : NET/1 GPU/10 GPU/11 GPU/15 GPU/14 GPU/12 GPU/13 GPU/9 GPU/8 NET/0
nid005017:56646:56646 [1] NCCL INFO  5 : NET/0 GPU/8 GPU/9 GPU/13 GPU/12 GPU/14 GPU/15 GPU/11 GPU/10 NET/1
nid005017:56646:56646 [1] NCCL INFO  6 : NET/2 GPU/13 GPU/12 GPU/10 GPU/11 GPU/9 GPU/8 GPU/14 GPU/15 NET/3
nid005017:56646:56646 [1] NCCL INFO  7 : NET/3 GPU/15 GPU/14 GPU/8 GPU/9 GPU/11 GPU/10 GPU/12 GPU/13 NET/2
nid005017:56646:56646 [1] NCCL INFO Found matching Rome model index 36 with GPU mapping: 0 1 2 3 4 5 6 7 NET mapping: 0 1 2 3 
nid005017:56646:56646 [1] NCCL INFO Pattern 1, crossNic 0, nChannels 8, bw 31.500000/31.500000, type XGMI/PIX, sameChannels 1
nid005017:56646:56646 [1] NCCL INFO  0 : NET/0 GPU/8 GPU/9 GPU/13 GPU/12 GPU/14 GPU/15 GPU/11 GPU/10 NET/1
nid005017:56646:56646 [1] NCCL INFO  1 : NET/1 GPU/10 GPU/11 GPU/15 GPU/14 GPU/12 GPU/13 GPU/9 GPU/8 NET/0
nid005017:56646:56646 [1] NCCL INFO  2 : NET/3 GPU/15 GPU/14 GPU/8 GPU/9 GPU/11 GPU/10 GPU/12 GPU/13 NET/2
nid005017:56646:56646 [1] NCCL INFO  3 : NET/2 GPU/13 GPU/12 GPU/10 GPU/11 GPU/9 GPU/8 GPU/14 GPU/15 NET/3
nid005017:56646:56646 [1] NCCL INFO  4 : NET/0 GPU/8 GPU/9 GPU/13 GPU/12 GPU/14 GPU/15 GPU/11 GPU/10 NET/1
nid005017:56646:56646 [1] NCCL INFO  5 : NET/1 GPU/10 GPU/11 GPU/15 GPU/14 GPU/12 GPU/13 GPU/9 GPU/8 NET/0
nid005017:56646:56646 [1] NCCL INFO  6 : NET/3 GPU/15 GPU/14 GPU/8 GPU/9 GPU/11 GPU/10 GPU/12 GPU/13 NET/2
nid005017:56646:56646 [1] NCCL INFO  7 : NET/2 GPU/13 GPU/12 GPU/10 GPU/11 GPU/9 GPU/8 GPU/14 GPU/15 NET/3
nid005017:56648:56648 [6] NCCL INFO NCCL_NET_GDR_LEVEL set by environment to PHB
nid005017:56648:56648 [6] NCCL INFO GPU Direct RDMA Enabled for GPU c1000 / HCA 0 (distance 6 <= 6), read 1
nid005017:56648:56648 [6] NCCL INFO GPU Direct RDMA Enabled for GPU c6000 / HCA 0 (distance 6 <= 6), read 1
nid005017:56648:56648 [6] NCCL INFO GPU Direct RDMA Enabled for GPU c9000 / HCA 1 (distance 6 <= 6), read 1
nid005017:56648:56648 [6] NCCL INFO GPU Direct RDMA Enabled for GPU ce000 / HCA 1 (distance 6 <= 6), read 1
nid005017:56648:56648 [6] NCCL INFO GPU Direct RDMA Enabled for GPU d1000 / HCA 2 (distance 6 <= 6), read 1
nid005017:56648:56648 [6] NCCL INFO GPU Direct RDMA Enabled for GPU d6000 / HCA 2 (distance 6 <= 6), read 1
nid005017:56648:56648 [6] NCCL INFO GPU Direct RDMA Enabled for GPU d9000 / HCA 3 (distance 6 <= 6), read 1
nid005017:56648:56648 [6] NCCL INFO GPU Direct RDMA Enabled for GPU de000 / HCA 3 (distance 6 <= 6), read 1
nid005017:56648:56648 [6] NCCL INFO === System : maxBw 24.0 totalBw 252.0 ===
nid005017:56648:56648 [6] NCCL INFO CPU/0-3 (1/2/4)
nid005017:56648:56648 [6] NCCL INFO + PCI[24.0] - GPU/0-c1000 (8)
nid005017:56648:56648 [6] NCCL INFO               + XGMI[144.0] - GPU/C6000
nid005017:56648:56648 [6] NCCL INFO               + XGMI[72.0] - GPU/D9000
nid005017:56648:56648 [6] NCCL INFO               + XGMI[36.0] - GPU/C9000
nid005017:56648:56648 [6] NCCL INFO + PCI[24.0] - NIC/0-c5000
nid005017:56648:56648 [6] NCCL INFO               + NET[25.0] - NET/0 (a78181400/1/25.000000)
nid005017:56648:56648 [6] NCCL INFO + PCI[24.0] - GPU/0-c6000 (9)
nid005017:56648:56648 [6] NCCL INFO               + XGMI[144.0] - GPU/C1000
nid005017:56648:56648 [6] NCCL INFO               + XGMI[36.0] - GPU/CE000
nid005017:56648:56648 [6] NCCL INFO               + XGMI[36.0] - GPU/D6000
nid005017:56648:56648 [6] NCCL INFO + SYS[16.0] - CPU/1
nid005017:56648:56648 [6] NCCL INFO + SYS[16.0] - CPU/0
nid005017:56648:56648 [6] NCCL INFO + SYS[16.0] - CPU/2
nid005017:56648:56648 [6] NCCL INFO CPU/0-1 (1/2/4)
nid005017:56648:56648 [6] NCCL INFO + PCI[24.0] - NIC/0-cd000
nid005017:56648:56648 [6] NCCL INFO               + NET[25.0] - NET/1 (a78181401/1/25.000000)
nid005017:56648:56648 [6] NCCL INFO + PCI[24.0] - GPU/0-c9000 (10)
nid005017:56648:56648 [6] NCCL INFO               + XGMI[144.0] - GPU/CE000
nid005017:56648:56648 [6] NCCL INFO               + XGMI[72.0] - GPU/D1000
nid005017:56648:56648 [6] NCCL INFO               + XGMI[36.0] - GPU/C1000
nid005017:56648:56648 [6] NCCL INFO + PCI[24.0] - GPU/0-ce000 (11)
nid005017:56648:56648 [6] NCCL INFO               + XGMI[144.0] - GPU/C9000
nid005017:56648:56648 [6] NCCL INFO               + XGMI[36.0] - GPU/C6000
nid005017:56648:56648 [6] NCCL INFO               + XGMI[36.0] - GPU/DE000
nid005017:56648:56648 [6] NCCL INFO + SYS[16.0] - CPU/3
nid005017:56648:56648 [6] NCCL INFO + SYS[16.0] - CPU/0
nid005017:56648:56648 [6] NCCL INFO + SYS[16.0] - CPU/2
nid005017:56648:56648 [6] NCCL INFO CPU/0-0 (1/2/4)
nid005017:56648:56648 [6] NCCL INFO + PCI[24.0] - NIC/0-d5000
nid005017:56648:56648 [6] NCCL INFO               + NET[25.0] - NET/2 (a78181402/1/25.000000)
nid005017:56648:56648 [6] NCCL INFO + PCI[24.0] - GPU/0-d1000 (12)
nid005017:56648:56648 [6] NCCL INFO               + XGMI[144.0] - GPU/D6000
nid005017:56648:56648 [6] NCCL INFO               + XGMI[72.0] - GPU/C9000
nid005017:56648:56648 [6] NCCL INFO               + XGMI[36.0] - GPU/D9000
nid005017:56648:56648 [6] NCCL INFO + PCI[24.0] - GPU/0-d6000 (13)
nid005017:56648:56648 [6] NCCL INFO               + XGMI[144.0] - GPU/D1000
nid005017:56648:56648 [6] NCCL INFO               + XGMI[36.0] - GPU/C6000
nid005017:56648:56648 [6] NCCL INFO               + XGMI[36.0] - GPU/DE000
nid005017:56648:56648 [6] NCCL INFO + SYS[16.0] - CPU/3
nid005017:56648:56648 [6] NCCL INFO + SYS[16.0] - CPU/1
nid005017:56648:56648 [6] NCCL INFO + SYS[16.0] - CPU/2
nid005017:56648:56648 [6] NCCL INFO CPU/0-2 (1/2/4)
nid005017:56648:56648 [6] NCCL INFO + PCI[24.0] - NIC/0-dd000
nid005017:56648:56648 [6] NCCL INFO               + NET[25.0] - NET/3 (a78181403/1/25.000000)
nid005017:56648:56648 [6] NCCL INFO + PCI[24.0] - GPU/0-d9000 (14)
nid005017:56648:56648 [6] NCCL INFO               + XGMI[144.0] - GPU/DE000
nid005017:56648:56648 [6] NCCL INFO               + XGMI[72.0] - GPU/C1000
nid005017:56648:56648 [6] NCCL INFO               + XGMI[36.0] - GPU/D1000
nid005017:56648:56648 [6] NCCL INFO + PCI[24.0] - GPU/0-de000 (15)
nid005017:56648:56648 [6] NCCL INFO               + XGMI[144.0] - GPU/D9000
nid005017:56648:56648 [6] NCCL INFO               + XGMI[36.0] - GPU/CE000
nid005017:56648:56648 [6] NCCL INFO               + XGMI[36.0] - GPU/D6000
nid005017:56648:56648 [6] NCCL INFO + SYS[16.0] - CPU/3
nid005017:56648:56648 [6] NCCL INFO + SYS[16.0] - CPU/1
nid005017:56648:56648 [6] NCCL INFO + SYS[16.0] - CPU/0
nid005017:56648:56648 [6] NCCL INFO ==========================================
nid005017:56648:56648 [6] NCCL INFO GPU/C1000 :GPU/0-c1000 (0/5000.0/LOC) GPU/0-c6000 (1/144.0/XGMI) GPU/0-c9000 (1/36.0/XGMI) GPU/0-ce000 (3/16.0/SYS) GPU/0-d1000 (3/16.0/SYS) GPU/0-d6000 (3/16.0/SYS) GPU/0-d9000 (1/72.0/XGMI) GPU/0-de000 (3/16.0/SYS) CPU/0-3 (1/24.0/PHB) CPU/0-1 (2/16.0/SYS) CPU/0-0 (2/16.0/SYS) CPU/0-2 (2/16.0/SYS) NET/0-0 (3/24.0/PHB) NET/0-1 (4/16.0/SYS) NET/0-2 (4/16.0/SYS) NET/0-3 (4/16.0/SYS) 
nid005017:56648:56648 [6] NCCL INFO GPU/C6000 :GPU/0-c1000 (1/144.0/XGMI) GPU/0-c6000 (0/5000.0/LOC) GPU/0-c9000 (3/16.0/SYS) GPU/0-ce000 (1/36.0/XGMI) GPU/0-d1000 (3/16.0/SYS) GPU/0-d6000 (1/36.0/XGMI) GPU/0-d9000 (3/16.0/SYS) GPU/0-de000 (3/16.0/SYS) CPU/0-3 (1/24.0/PHB) CPU/0-1 (2/16.0/SYS) CPU/0-0 (2/16.0/SYS) CPU/0-2 (2/16.0/SYS) NET/0-0 (3/24.0/PHB) NET/0-1 (4/16.0/SYS) NET/0-2 (4/16.0/SYS) NET/0-3 (4/16.0/SYS) 
nid005017:56648:56648 [6] NCCL INFO GPU/C9000 :GPU/0-c1000 (1/36.0/XGMI) GPU/0-c6000 (3/16.0/SYS) GPU/0-c9000 (0/5000.0/LOC) GPU/0-ce000 (1/144.0/XGMI) GPU/0-d1000 (1/72.0/XGMI) GPU/0-d6000 (3/16.0/SYS) GPU/0-d9000 (3/16.0/SYS) GPU/0-de000 (3/16.0/SYS) CPU/0-3 (2/16.0/SYS) CPU/0-1 (1/24.0/PHB) CPU/0-0 (2/16.0/SYS) CPU/0-2 (2/16.0/SYS) NET/0-0 (4/16.0/SYS) NET/0-1 (3/24.0/PHB) NET/0-2 (4/16.0/SYS) NET/0-3 (4/16.0/SYS) 
nid005017:56648:56648 [6] NCCL INFO GPU/CE000 :GPU/0-c1000 (3/16.0/SYS) GPU/0-c6000 (1/36.0/XGMI) GPU/0-c9000 (1/144.0/XGMI) GPU/0-ce000 (0/5000.0/LOC) GPU/0-d1000 (3/16.0/SYS) GPU/0-d6000 (3/16.0/SYS) GPU/0-d9000 (3/16.0/SYS) GPU/0-de000 (1/36.0/XGMI) CPU/0-3 (2/16.0/SYS) CPU/0-1 (1/24.0/PHB) CPU/0-0 (2/16.0/SYS) CPU/0-2 (2/16.0/SYS) NET/0-0 (4/16.0/SYS) NET/0-1 (3/24.0/PHB) NET/0-2 (4/16.0/SYS) NET/0-3 (4/16.0/SYS) 
nid005017:56648:56648 [6] NCCL INFO GPU/D1000 :GPU/0-c1000 (3/16.0/SYS) GPU/0-c6000 (3/16.0/SYS) GPU/0-c9000 (1/72.0/XGMI) GPU/0-ce000 (3/16.0/SYS) GPU/0-d1000 (0/5000.0/LOC) GPU/0-d6000 (1/144.0/XGMI) GPU/0-d9000 (1/36.0/XGMI) GPU/0-de000 (3/16.0/SYS) CPU/0-3 (2/16.0/SYS) CPU/0-1 (2/16.0/SYS) CPU/0-0 (1/24.0/PHB) CPU/0-2 (2/16.0/SYS) NET/0-0 (4/16.0/SYS) NET/0-1 (4/16.0/SYS) NET/0-2 (3/24.0/PHB) NET/0-3 (4/16.0/SYS) 
nid005017:56648:56648 [6] NCCL INFO GPU/D6000 :GPU/0-c1000 (3/16.0/SYS) GPU/0-c6000 (1/36.0/XGMI) GPU/0-c9000 (3/16.0/SYS) GPU/0-ce000 (3/16.0/SYS) GPU/0-d1000 (1/144.0/XGMI) GPU/0-d6000 (0/5000.0/LOC) GPU/0-d9000 (3/16.0/SYS) GPU/0-de000 (1/36.0/XGMI) CPU/0-3 (2/16.0/SYS) CPU/0-1 (2/16.0/SYS) CPU/0-0 (1/24.0/PHB) CPU/0-2 (2/16.0/SYS) NET/0-0 (4/16.0/SYS) NET/0-1 (4/16.0/SYS) NET/0-2 (3/24.0/PHB) NET/0-3 (4/16.0/SYS) 
nid005017:56648:56648 [6] NCCL INFO GPU/D9000 :GPU/0-c1000 (1/72.0/XGMI) GPU/0-c6000 (3/16.0/SYS) GPU/0-c9000 (3/16.0/SYS) GPU/0-ce000 (3/16.0/SYS) GPU/0-d1000 (1/36.0/XGMI) GPU/0-d6000 (3/16.0/SYS) GPU/0-d9000 (0/5000.0/LOC) GPU/0-de000 (1/144.0/XGMI) CPU/0-3 (2/16.0/SYS) CPU/0-1 (2/16.0/SYS) CPU/0-0 (2/16.0/SYS) CPU/0-2 (1/24.0/PHB) NET/0-0 (4/16.0/SYS) NET/0-1 (4/16.0/SYS) NET/0-2 (4/16.0/SYS) NET/0-3 (3/24.0/PHB) 
nid005017:56648:56648 [6] NCCL INFO GPU/DE000 :GPU/0-c1000 (3/16.0/SYS) GPU/0-c6000 (3/16.0/SYS) GPU/0-c9000 (3/16.0/SYS) GPU/0-ce000 (1/36.0/XGMI) GPU/0-d1000 (3/16.0/SYS) GPU/0-d6000 (1/36.0/XGMI) GPU/0-d9000 (1/144.0/XGMI) GPU/0-de000 (0/5000.0/LOC) CPU/0-3 (2/16.0/SYS) CPU/0-1 (2/16.0/SYS) CPU/0-0 (2/16.0/SYS) CPU/0-2 (1/24.0/PHB) NET/0-0 (4/16.0/SYS) NET/0-1 (4/16.0/SYS) NET/0-2 (4/16.0/SYS) NET/0-3 (3/24.0/PHB) 
nid005017:56648:56648 [6] NCCL INFO NET/0 :GPU/0-c1000 (3/24.0/PHB) GPU/0-c6000 (3/24.0/PHB) GPU/0-c9000 (4/16.0/SYS) GPU/0-ce000 (4/16.0/SYS) GPU/0-d1000 (4/16.0/SYS) GPU/0-d6000 (4/16.0/SYS) GPU/0-d9000 (4/16.0/SYS) GPU/0-de000 (4/16.0/SYS) CPU/0-3 (2/24.0/PHB) CPU/0-1 (3/16.0/SYS) CPU/0-0 (3/16.0/SYS) CPU/0-2 (3/16.0/SYS) NET/0-0 (0/5000.0/LOC) NET/0-1 (5/16.0/SYS) NET/0-2 (5/16.0/SYS) NET/0-3 (5/16.0/SYS) 
nid005017:56648:56648 [6] NCCL INFO NET/1 :GPU/0-c1000 (4/16.0/SYS) GPU/0-c6000 (4/16.0/SYS) GPU/0-c9000 (3/24.0/PHB) GPU/0-ce000 (3/24.0/PHB) GPU/0-d1000 (4/16.0/SYS) GPU/0-d6000 (4/16.0/SYS) GPU/0-d9000 (4/16.0/SYS) GPU/0-de000 (4/16.0/SYS) CPU/0-3 (3/16.0/SYS) CPU/0-1 (2/24.0/PHB) CPU/0-0 (3/16.0/SYS) CPU/0-2 (3/16.0/SYS) NET/0-0 (5/16.0/SYS) NET/0-1 (0/5000.0/LOC) NET/0-2 (5/16.0/SYS) NET/0-3 (5/16.0/SYS) 
nid005017:56648:56648 [6] NCCL INFO NET/2 :GPU/0-c1000 (4/16.0/SYS) GPU/0-c6000 (4/16.0/SYS) GPU/0-c9000 (4/16.0/SYS) GPU/0-ce000 (4/16.0/SYS) GPU/0-d1000 (3/24.0/PHB) GPU/0-d6000 (3/24.0/PHB) GPU/0-d9000 (4/16.0/SYS) GPU/0-de000 (4/16.0/SYS) CPU/0-3 (3/16.0/SYS) CPU/0-1 (3/16.0/SYS) CPU/0-0 (2/24.0/PHB) CPU/0-2 (3/16.0/SYS) NET/0-0 (5/16.0/SYS) NET/0-1 (5/16.0/SYS) NET/0-2 (0/5000.0/LOC) NET/0-3 (5/16.0/SYS) 
nid005017:56648:56648 [6] NCCL INFO NET/3 :GPU/0-c1000 (4/16.0/SYS) GPU/0-c6000 (4/16.0/SYS) GPU/0-c9000 (4/16.0/SYS) GPU/0-ce000 (4/16.0/SYS) GPU/0-d1000 (4/16.0/SYS) GPU/0-d6000 (4/16.0/SYS) GPU/0-d9000 (3/24.0/PHB) GPU/0-de000 (3/24.0/PHB) CPU/0-3 (3/16.0/SYS) CPU/0-1 (3/16.0/SYS) CPU/0-0 (3/16.0/SYS) CPU/0-2 (2/24.0/PHB) NET/0-0 (5/16.0/SYS) NET/0-1 (5/16.0/SYS) NET/0-2 (5/16.0/SYS) NET/0-3 (0/5000.0/LOC) 
nid005017:56648:56648 [6] NCCL INFO Found matching Rome model index 36 with GPU mapping: 0 1 2 3 4 5 6 7 NET mapping: 0 1 2 3 
nid005017:56648:56648 [6] NCCL INFO Pattern 4, crossNic 0, nChannels 8, bw 31.500000/31.500000, type XGMI/PIX, sameChannels 1
nid005017:56648:56648 [6] NCCL INFO  0 : NET/1 GPU/10 GPU/11 GPU/15 GPU/14 GPU/12 GPU/13 GPU/9 GPU/8 NET/0
nid005017:56648:56648 [6] NCCL INFO  1 : NET/0 GPU/8 GPU/9 GPU/13 GPU/12 GPU/14 GPU/15 GPU/11 GPU/10 NET/1
nid005017:56648:56648 [6] NCCL INFO  2 : NET/2 GPU/13 GPU/12 GPU/10 GPU/11 GPU/9 GPU/8 GPU/14 GPU/15 NET/3
nid005017:56648:56648 [6] NCCL INFO  3 : NET/3 GPU/15 GPU/14 GPU/8 GPU/9 GPU/11 GPU/10 GPU/12 GPU/13 NET/2
nid005017:56648:56648 [6] NCCL INFO  4 : NET/1 GPU/10 GPU/11 GPU/15 GPU/14 GPU/12 GPU/13 GPU/9 GPU/8 NET/0
nid005017:56648:56648 [6] NCCL INFO  5 : NET/0 GPU/8 GPU/9 GPU/13 GPU/12 GPU/14 GPU/15 GPU/11 GPU/10 NET/1
nid005017:56648:56648 [6] NCCL INFO  6 : NET/2 GPU/13 GPU/12 GPU/10 GPU/11 GPU/9 GPU/8 GPU/14 GPU/15 NET/3
nid005017:56648:56648 [6] NCCL INFO  7 : NET/3 GPU/15 GPU/14 GPU/8 GPU/9 GPU/11 GPU/10 GPU/12 GPU/13 NET/2
nid005017:56648:56648 [6] NCCL INFO Found matching Rome model index 36 with GPU mapping: 0 1 2 3 4 5 6 7 NET mapping: 0 1 2 3 
nid005017:56648:56648 [6] NCCL INFO Pattern 1, crossNic 0, nChannels 8, bw 31.500000/31.500000, type XGMI/PIX, sameChannels 1
nid005017:56648:56648 [6] NCCL INFO  0 : NET/0 GPU/8 GPU/9 GPU/13 GPU/12 GPU/14 GPU/15 GPU/11 GPU/10 NET/1
nid005017:56648:56648 [6] NCCL INFO  1 : NET/1 GPU/10 GPU/11 GPU/15 GPU/14 GPU/12 GPU/13 GPU/9 GPU/8 NET/0
nid005017:56648:56648 [6] NCCL INFO  2 : NET/3 GPU/15 GPU/14 GPU/8 GPU/9 GPU/11 GPU/10 GPU/12 GPU/13 NET/2
nid005017:56648:56648 [6] NCCL INFO  3 : NET/2 GPU/13 GPU/12 GPU/10 GPU/11 GPU/9 GPU/8 GPU/14 GPU/15 NET/3
nid005017:56648:56648 [6] NCCL INFO  4 : NET/0 GPU/8 GPU/9 GPU/13 GPU/12 GPU/14 GPU/15 GPU/11 GPU/10 NET/1
nid005017:56648:56648 [6] NCCL INFO  5 : NET/1 GPU/10 GPU/11 GPU/15 GPU/14 GPU/12 GPU/13 GPU/9 GPU/8 NET/0
nid005017:56648:56648 [6] NCCL INFO  6 : NET/3 GPU/15 GPU/14 GPU/8 GPU/9 GPU/11 GPU/10 GPU/12 GPU/13 NET/2
nid005017:56648:56648 [6] NCCL INFO  7 : NET/2 GPU/13 GPU/12 GPU/10 GPU/11 GPU/9 GPU/8 GPU/14 GPU/15 NET/3
nid005017:56647:56647 [7] NCCL INFO NCCL_NET_GDR_LEVEL set by environment to PHB
nid005017:56647:56647 [7] NCCL INFO GPU Direct RDMA Enabled for GPU c1000 / HCA 0 (distance 6 <= 6), read 1
nid005017:56647:56647 [7] NCCL INFO GPU Direct RDMA Enabled for GPU c6000 / HCA 0 (distance 6 <= 6), read 1
nid005017:56647:56647 [7] NCCL INFO GPU Direct RDMA Enabled for GPU c9000 / HCA 1 (distance 6 <= 6), read 1
nid005017:56647:56647 [7] NCCL INFO GPU Direct RDMA Enabled for GPU ce000 / HCA 1 (distance 6 <= 6), read 1
nid005017:56647:56647 [7] NCCL INFO GPU Direct RDMA Enabled for GPU d1000 / HCA 2 (distance 6 <= 6), read 1
nid005017:56647:56647 [7] NCCL INFO GPU Direct RDMA Enabled for GPU d6000 / HCA 2 (distance 6 <= 6), read 1
nid005017:56647:56647 [7] NCCL INFO GPU Direct RDMA Enabled for GPU d9000 / HCA 3 (distance 6 <= 6), read 1
nid005017:56647:56647 [7] NCCL INFO GPU Direct RDMA Enabled for GPU de000 / HCA 3 (distance 6 <= 6), read 1
nid005017:56647:56647 [7] NCCL INFO === System : maxBw 24.0 totalBw 252.0 ===
nid005017:56647:56647 [7] NCCL INFO CPU/0-3 (1/2/4)
nid005017:56647:56647 [7] NCCL INFO + PCI[24.0] - GPU/0-c1000 (8)
nid005017:56647:56647 [7] NCCL INFO               + XGMI[144.0] - GPU/C6000
nid005017:56647:56647 [7] NCCL INFO               + XGMI[72.0] - GPU/D9000
nid005017:56647:56647 [7] NCCL INFO               + XGMI[36.0] - GPU/C9000
nid005017:56647:56647 [7] NCCL INFO + PCI[24.0] - NIC/0-c5000
nid005017:56647:56647 [7] NCCL INFO               + NET[25.0] - NET/0 (a78181400/1/25.000000)
nid005017:56647:56647 [7] NCCL INFO + PCI[24.0] - GPU/0-c6000 (9)
nid005017:56647:56647 [7] NCCL INFO               + XGMI[144.0] - GPU/C1000
nid005017:56647:56647 [7] NCCL INFO               + XGMI[36.0] - GPU/CE000
nid005017:56647:56647 [7] NCCL INFO               + XGMI[36.0] - GPU/D6000
nid005017:56647:56647 [7] NCCL INFO + SYS[16.0] - CPU/1
nid005017:56647:56647 [7] NCCL INFO + SYS[16.0] - CPU/0
nid005017:56647:56647 [7] NCCL INFO + SYS[16.0] - CPU/2
nid005017:56647:56647 [7] NCCL INFO CPU/0-1 (1/2/4)
nid005017:56647:56647 [7] NCCL INFO + PCI[24.0] - NIC/0-cd000
nid005017:56647:56647 [7] NCCL INFO               + NET[25.0] - NET/1 (a78181401/1/25.000000)
nid005017:56647:56647 [7] NCCL INFO + PCI[24.0] - GPU/0-c9000 (10)
nid005017:56647:56647 [7] NCCL INFO               + XGMI[144.0] - GPU/CE000
nid005017:56647:56647 [7] NCCL INFO               + XGMI[72.0] - GPU/D1000
nid005017:56647:56647 [7] NCCL INFO               + XGMI[36.0] - GPU/C1000
nid005017:56647:56647 [7] NCCL INFO + PCI[24.0] - GPU/0-ce000 (11)
nid005017:56647:56647 [7] NCCL INFO               + XGMI[144.0] - GPU/C9000
nid005017:56647:56647 [7] NCCL INFO               + XGMI[36.0] - GPU/C6000
nid005017:56647:56647 [7] NCCL INFO               + XGMI[36.0] - GPU/DE000
nid005017:56647:56647 [7] NCCL INFO + SYS[16.0] - CPU/3
nid005017:56647:56647 [7] NCCL INFO + SYS[16.0] - CPU/0
nid005017:56647:56647 [7] NCCL INFO + SYS[16.0] - CPU/2
nid005017:56647:56647 [7] NCCL INFO CPU/0-0 (1/2/4)
nid005017:56647:56647 [7] NCCL INFO + PCI[24.0] - NIC/0-d5000
nid005017:56647:56647 [7] NCCL INFO               + NET[25.0] - NET/2 (a78181402/1/25.000000)
nid005017:56647:56647 [7] NCCL INFO + PCI[24.0] - GPU/0-d1000 (12)
nid005017:56647:56647 [7] NCCL INFO               + XGMI[144.0] - GPU/D6000
nid005017:56647:56647 [7] NCCL INFO               + XGMI[72.0] - GPU/C9000
nid005017:56647:56647 [7] NCCL INFO               + XGMI[36.0] - GPU/D9000
nid005017:56647:56647 [7] NCCL INFO + PCI[24.0] - GPU/0-d6000 (13)
nid005017:56647:56647 [7] NCCL INFO               + XGMI[144.0] - GPU/D1000
nid005017:56647:56647 [7] NCCL INFO               + XGMI[36.0] - GPU/C6000
nid005017:56647:56647 [7] NCCL INFO               + XGMI[36.0] - GPU/DE000
nid005017:56647:56647 [7] NCCL INFO + SYS[16.0] - CPU/3
nid005017:56647:56647 [7] NCCL INFO + SYS[16.0] - CPU/1
nid005017:56647:56647 [7] NCCL INFO + SYS[16.0] - CPU/2
nid005017:56647:56647 [7] NCCL INFO CPU/0-2 (1/2/4)
nid005017:56647:56647 [7] NCCL INFO + PCI[24.0] - NIC/0-dd000
nid005017:56647:56647 [7] NCCL INFO               + NET[25.0] - NET/3 (a78181403/1/25.000000)
nid005017:56647:56647 [7] NCCL INFO + PCI[24.0] - GPU/0-d9000 (14)
nid005017:56647:56647 [7] NCCL INFO               + XGMI[144.0] - GPU/DE000
nid005017:56647:56647 [7] NCCL INFO               + XGMI[72.0] - GPU/C1000
nid005017:56647:56647 [7] NCCL INFO               + XGMI[36.0] - GPU/D1000
nid005017:56647:56647 [7] NCCL INFO + PCI[24.0] - GPU/0-de000 (15)
nid005017:56647:56647 [7] NCCL INFO               + XGMI[144.0] - GPU/D9000
nid005017:56647:56647 [7] NCCL INFO               + XGMI[36.0] - GPU/CE000
nid005017:56647:56647 [7] NCCL INFO               + XGMI[36.0] - GPU/D6000
nid005017:56647:56647 [7] NCCL INFO + SYS[16.0] - CPU/3
nid005017:56647:56647 [7] NCCL INFO + SYS[16.0] - CPU/1
nid005017:56647:56647 [7] NCCL INFO + SYS[16.0] - CPU/0
nid005017:56647:56647 [7] NCCL INFO ==========================================
nid005017:56647:56647 [7] NCCL INFO GPU/C1000 :GPU/0-c1000 (0/5000.0/LOC) GPU/0-c6000 (1/144.0/XGMI) GPU/0-c9000 (1/36.0/XGMI) GPU/0-ce000 (3/16.0/SYS) GPU/0-d1000 (3/16.0/SYS) GPU/0-d6000 (3/16.0/SYS) GPU/0-d9000 (1/72.0/XGMI) GPU/0-de000 (3/16.0/SYS) CPU/0-3 (1/24.0/PHB) CPU/0-1 (2/16.0/SYS) CPU/0-0 (2/16.0/SYS) CPU/0-2 (2/16.0/SYS) NET/0-0 (3/24.0/PHB) NET/0-1 (4/16.0/SYS) NET/0-2 (4/16.0/SYS) NET/0-3 (4/16.0/SYS) 
nid005017:56647:56647 [7] NCCL INFO GPU/C6000 :GPU/0-c1000 (1/144.0/XGMI) GPU/0-c6000 (0/5000.0/LOC) GPU/0-c9000 (3/16.0/SYS) GPU/0-ce000 (1/36.0/XGMI) GPU/0-d1000 (3/16.0/SYS) GPU/0-d6000 (1/36.0/XGMI) GPU/0-d9000 (3/16.0/SYS) GPU/0-de000 (3/16.0/SYS) CPU/0-3 (1/24.0/PHB) CPU/0-1 (2/16.0/SYS) CPU/0-0 (2/16.0/SYS) CPU/0-2 (2/16.0/SYS) NET/0-0 (3/24.0/PHB) NET/0-1 (4/16.0/SYS) NET/0-2 (4/16.0/SYS) NET/0-3 (4/16.0/SYS) 
nid005017:56647:56647 [7] NCCL INFO GPU/C9000 :GPU/0-c1000 (1/36.0/XGMI) GPU/0-c6000 (3/16.0/SYS) GPU/0-c9000 (0/5000.0/LOC) GPU/0-ce000 (1/144.0/XGMI) GPU/0-d1000 (1/72.0/XGMI) GPU/0-d6000 (3/16.0/SYS) GPU/0-d9000 (3/16.0/SYS) GPU/0-de000 (3/16.0/SYS) CPU/0-3 (2/16.0/SYS) CPU/0-1 (1/24.0/PHB) CPU/0-0 (2/16.0/SYS) CPU/0-2 (2/16.0/SYS) NET/0-0 (4/16.0/SYS) NET/0-1 (3/24.0/PHB) NET/0-2 (4/16.0/SYS) NET/0-3 (4/16.0/SYS) 
nid005017:56647:56647 [7] NCCL INFO GPU/CE000 :GPU/0-c1000 (3/16.0/SYS) GPU/0-c6000 (1/36.0/XGMI) GPU/0-c9000 (1/144.0/XGMI) GPU/0-ce000 (0/5000.0/LOC) GPU/0-d1000 (3/16.0/SYS) GPU/0-d6000 (3/16.0/SYS) GPU/0-d9000 (3/16.0/SYS) GPU/0-de000 (1/36.0/XGMI) CPU/0-3 (2/16.0/SYS) CPU/0-1 (1/24.0/PHB) CPU/0-0 (2/16.0/SYS) CPU/0-2 (2/16.0/SYS) NET/0-0 (4/16.0/SYS) NET/0-1 (3/24.0/PHB) NET/0-2 (4/16.0/SYS) NET/0-3 (4/16.0/SYS) 
nid005017:56647:56647 [7] NCCL INFO GPU/D1000 :GPU/0-c1000 (3/16.0/SYS) GPU/0-c6000 (3/16.0/SYS) GPU/0-c9000 (1/72.0/XGMI) GPU/0-ce000 (3/16.0/SYS) GPU/0-d1000 (0/5000.0/LOC) GPU/0-d6000 (1/144.0/XGMI) GPU/0-d9000 (1/36.0/XGMI) GPU/0-de000 (3/16.0/SYS) CPU/0-3 (2/16.0/SYS) CPU/0-1 (2/16.0/SYS) CPU/0-0 (1/24.0/PHB) CPU/0-2 (2/16.0/SYS) NET/0-0 (4/16.0/SYS) NET/0-1 (4/16.0/SYS) NET/0-2 (3/24.0/PHB) NET/0-3 (4/16.0/SYS) 
nid005017:56647:56647 [7] NCCL INFO GPU/D6000 :GPU/0-c1000 (3/16.0/SYS) GPU/0-c6000 (1/36.0/XGMI) GPU/0-c9000 (3/16.0/SYS) GPU/0-ce000 (3/16.0/SYS) GPU/0-d1000 (1/144.0/XGMI) GPU/0-d6000 (0/5000.0/LOC) GPU/0-d9000 (3/16.0/SYS) GPU/0-de000 (1/36.0/XGMI) CPU/0-3 (2/16.0/SYS) CPU/0-1 (2/16.0/SYS) CPU/0-0 (1/24.0/PHB) CPU/0-2 (2/16.0/SYS) NET/0-0 (4/16.0/SYS) NET/0-1 (4/16.0/SYS) NET/0-2 (3/24.0/PHB) NET/0-3 (4/16.0/SYS) 
nid005017:56647:56647 [7] NCCL INFO GPU/D9000 :GPU/0-c1000 (1/72.0/XGMI) GPU/0-c6000 (3/16.0/SYS) GPU/0-c9000 (3/16.0/SYS) GPU/0-ce000 (3/16.0/SYS) GPU/0-d1000 (1/36.0/XGMI) GPU/0-d6000 (3/16.0/SYS) GPU/0-d9000 (0/5000.0/LOC) GPU/0-de000 (1/144.0/XGMI) CPU/0-3 (2/16.0/SYS) CPU/0-1 (2/16.0/SYS) CPU/0-0 (2/16.0/SYS) CPU/0-2 (1/24.0/PHB) NET/0-0 (4/16.0/SYS) NET/0-1 (4/16.0/SYS) NET/0-2 (4/16.0/SYS) NET/0-3 (3/24.0/PHB) 
nid005017:56647:56647 [7] NCCL INFO GPU/DE000 :GPU/0-c1000 (3/16.0/SYS) GPU/0-c6000 (3/16.0/SYS) GPU/0-c9000 (3/16.0/SYS) GPU/0-ce000 (1/36.0/XGMI) GPU/0-d1000 (3/16.0/SYS) GPU/0-d6000 (1/36.0/XGMI) GPU/0-d9000 (1/144.0/XGMI) GPU/0-de000 (0/5000.0/LOC) CPU/0-3 (2/16.0/SYS) CPU/0-1 (2/16.0/SYS) CPU/0-0 (2/16.0/SYS) CPU/0-2 (1/24.0/PHB) NET/0-0 (4/16.0/SYS) NET/0-1 (4/16.0/SYS) NET/0-2 (4/16.0/SYS) NET/0-3 (3/24.0/PHB) 
nid005017:56647:56647 [7] NCCL INFO NET/0 :GPU/0-c1000 (3/24.0/PHB) GPU/0-c6000 (3/24.0/PHB) GPU/0-c9000 (4/16.0/SYS) GPU/0-ce000 (4/16.0/SYS) GPU/0-d1000 (4/16.0/SYS) GPU/0-d6000 (4/16.0/SYS) GPU/0-d9000 (4/16.0/SYS) GPU/0-de000 (4/16.0/SYS) CPU/0-3 (2/24.0/PHB) CPU/0-1 (3/16.0/SYS) CPU/0-0 (3/16.0/SYS) CPU/0-2 (3/16.0/SYS) NET/0-0 (0/5000.0/LOC) NET/0-1 (5/16.0/SYS) NET/0-2 (5/16.0/SYS) NET/0-3 (5/16.0/SYS) 
nid005017:56647:56647 [7] NCCL INFO NET/1 :GPU/0-c1000 (4/16.0/SYS) GPU/0-c6000 (4/16.0/SYS) GPU/0-c9000 (3/24.0/PHB) GPU/0-ce000 (3/24.0/PHB) GPU/0-d1000 (4/16.0/SYS) GPU/0-d6000 (4/16.0/SYS) GPU/0-d9000 (4/16.0/SYS) GPU/0-de000 (4/16.0/SYS) CPU/0-3 (3/16.0/SYS) CPU/0-1 (2/24.0/PHB) CPU/0-0 (3/16.0/SYS) CPU/0-2 (3/16.0/SYS) NET/0-0 (5/16.0/SYS) NET/0-1 (0/5000.0/LOC) NET/0-2 (5/16.0/SYS) NET/0-3 (5/16.0/SYS) 
nid005017:56647:56647 [7] NCCL INFO NET/2 :GPU/0-c1000 (4/16.0/SYS) GPU/0-c6000 (4/16.0/SYS) GPU/0-c9000 (4/16.0/SYS) GPU/0-ce000 (4/16.0/SYS) GPU/0-d1000 (3/24.0/PHB) GPU/0-d6000 (3/24.0/PHB) GPU/0-d9000 (4/16.0/SYS) GPU/0-de000 (4/16.0/SYS) CPU/0-3 (3/16.0/SYS) CPU/0-1 (3/16.0/SYS) CPU/0-0 (2/24.0/PHB) CPU/0-2 (3/16.0/SYS) NET/0-0 (5/16.0/SYS) NET/0-1 (5/16.0/SYS) NET/0-2 (0/5000.0/LOC) NET/0-3 (5/16.0/SYS) 
nid005017:56647:56647 [7] NCCL INFO NET/3 :GPU/0-c1000 (4/16.0/SYS) GPU/0-c6000 (4/16.0/SYS) GPU/0-c9000 (4/16.0/SYS) GPU/0-ce000 (4/16.0/SYS) GPU/0-d1000 (4/16.0/SYS) GPU/0-d6000 (4/16.0/SYS) GPU/0-d9000 (3/24.0/PHB) GPU/0-de000 (3/24.0/PHB) CPU/0-3 (3/16.0/SYS) CPU/0-1 (3/16.0/SYS) CPU/0-0 (3/16.0/SYS) CPU/0-2 (2/24.0/PHB) NET/0-0 (5/16.0/SYS) NET/0-1 (5/16.0/SYS) NET/0-2 (5/16.0/SYS) NET/0-3 (0/5000.0/LOC) 
nid005017:56647:56647 [7] NCCL INFO Found matching Rome model index 36 with GPU mapping: 0 1 2 3 4 5 6 7 NET mapping: 0 1 2 3 
nid005017:56647:56647 [7] NCCL INFO Pattern 4, crossNic 0, nChannels 8, bw 31.500000/31.500000, type XGMI/PIX, sameChannels 1
nid005017:56647:56647 [7] NCCL INFO  0 : NET/1 GPU/10 GPU/11 GPU/15 GPU/14 GPU/12 GPU/13 GPU/9 GPU/8 NET/0
nid005017:56647:56647 [7] NCCL INFO  1 : NET/0 GPU/8 GPU/9 GPU/13 GPU/12 GPU/14 GPU/15 GPU/11 GPU/10 NET/1
nid005017:56647:56647 [7] NCCL INFO  2 : NET/2 GPU/13 GPU/12 GPU/10 GPU/11 GPU/9 GPU/8 GPU/14 GPU/15 NET/3
nid005017:56647:56647 [7] NCCL INFO  3 : NET/3 GPU/15 GPU/14 GPU/8 GPU/9 GPU/11 GPU/10 GPU/12 GPU/13 NET/2
nid005017:56647:56647 [7] NCCL INFO  4 : NET/1 GPU/10 GPU/11 GPU/15 GPU/14 GPU/12 GPU/13 GPU/9 GPU/8 NET/0
nid005017:56647:56647 [7] NCCL INFO  5 : NET/0 GPU/8 GPU/9 GPU/13 GPU/12 GPU/14 GPU/15 GPU/11 GPU/10 NET/1
nid005017:56647:56647 [7] NCCL INFO  6 : NET/2 GPU/13 GPU/12 GPU/10 GPU/11 GPU/9 GPU/8 GPU/14 GPU/15 NET/3
nid005017:56647:56647 [7] NCCL INFO  7 : NET/3 GPU/15 GPU/14 GPU/8 GPU/9 GPU/11 GPU/10 GPU/12 GPU/13 NET/2
nid005017:56647:56647 [7] NCCL INFO Found matching Rome model index 36 with GPU mapping: 0 1 2 3 4 5 6 7 NET mapping: 0 1 2 3 
nid005017:56647:56647 [7] NCCL INFO Pattern 1, crossNic 0, nChannels 8, bw 31.500000/31.500000, type XGMI/PIX, sameChannels 1
nid005017:56647:56647 [7] NCCL INFO  0 : NET/0 GPU/8 GPU/9 GPU/13 GPU/12 GPU/14 GPU/15 GPU/11 GPU/10 NET/1
nid005017:56647:56647 [7] NCCL INFO  1 : NET/1 GPU/10 GPU/11 GPU/15 GPU/14 GPU/12 GPU/13 GPU/9 GPU/8 NET/0
nid005017:56647:56647 [7] NCCL INFO  2 : NET/3 GPU/15 GPU/14 GPU/8 GPU/9 GPU/11 GPU/10 GPU/12 GPU/13 NET/2
nid005017:56647:56647 [7] NCCL INFO  3 : NET/2 GPU/13 GPU/12 GPU/10 GPU/11 GPU/9 GPU/8 GPU/14 GPU/15 NET/3
nid005017:56647:56647 [7] NCCL INFO  4 : NET/0 GPU/8 GPU/9 GPU/13 GPU/12 GPU/14 GPU/15 GPU/11 GPU/10 NET/1
nid005017:56647:56647 [7] NCCL INFO  5 : NET/1 GPU/10 GPU/11 GPU/15 GPU/14 GPU/12 GPU/13 GPU/9 GPU/8 NET/0
nid005017:56647:56647 [7] NCCL INFO  6 : NET/3 GPU/15 GPU/14 GPU/8 GPU/9 GPU/11 GPU/10 GPU/12 GPU/13 NET/2
nid005017:56647:56647 [7] NCCL INFO  7 : NET/2 GPU/13 GPU/12 GPU/10 GPU/11 GPU/9 GPU/8 GPU/14 GPU/15 NET/3
nid005017:56641:56641 [0] NCCL INFO NCCL_NET_GDR_LEVEL set by environment to PHB
nid005017:56641:56641 [0] NCCL INFO GPU Direct RDMA Enabled for GPU c1000 / HCA 0 (distance 6 <= 6), read 1
nid005017:56641:56641 [0] NCCL INFO GPU Direct RDMA Enabled for GPU c6000 / HCA 0 (distance 6 <= 6), read 1
nid005017:56641:56641 [0] NCCL INFO GPU Direct RDMA Enabled for GPU c9000 / HCA 1 (distance 6 <= 6), read 1
nid005017:56641:56641 [0] NCCL INFO GPU Direct RDMA Enabled for GPU ce000 / HCA 1 (distance 6 <= 6), read 1
nid005017:56641:56641 [0] NCCL INFO GPU Direct RDMA Enabled for GPU d1000 / HCA 2 (distance 6 <= 6), read 1
nid005017:56641:56641 [0] NCCL INFO GPU Direct RDMA Enabled for GPU d6000 / HCA 2 (distance 6 <= 6), read 1
nid005017:56641:56641 [0] NCCL INFO GPU Direct RDMA Enabled for GPU d9000 / HCA 3 (distance 6 <= 6), read 1
nid005017:56641:56641 [0] NCCL INFO GPU Direct RDMA Enabled for GPU de000 / HCA 3 (distance 6 <= 6), read 1
nid005017:56641:56641 [0] NCCL INFO === System : maxBw 24.0 totalBw 252.0 ===
nid005017:56641:56641 [0] NCCL INFO CPU/0-3 (1/2/4)
nid005017:56641:56641 [0] NCCL INFO + PCI[24.0] - GPU/0-c1000 (8)
nid005017:56641:56641 [0] NCCL INFO               + XGMI[144.0] - GPU/C6000
nid005017:56641:56641 [0] NCCL INFO               + XGMI[72.0] - GPU/D9000
nid005017:56641:56641 [0] NCCL INFO               + XGMI[36.0] - GPU/C9000
nid005017:56641:56641 [0] NCCL INFO + PCI[24.0] - NIC/0-c5000
nid005017:56641:56641 [0] NCCL INFO               + NET[25.0] - NET/0 (a78181400/1/25.000000)
nid005017:56641:56641 [0] NCCL INFO + PCI[24.0] - GPU/0-c6000 (9)
nid005017:56641:56641 [0] NCCL INFO               + XGMI[144.0] - GPU/C1000
nid005017:56641:56641 [0] NCCL INFO               + XGMI[36.0] - GPU/CE000
nid005017:56641:56641 [0] NCCL INFO               + XGMI[36.0] - GPU/D6000
nid005017:56641:56641 [0] NCCL INFO + SYS[16.0] - CPU/1
nid005017:56641:56641 [0] NCCL INFO + SYS[16.0] - CPU/0
nid005017:56641:56641 [0] NCCL INFO + SYS[16.0] - CPU/2
nid005017:56641:56641 [0] NCCL INFO CPU/0-1 (1/2/4)
nid005017:56641:56641 [0] NCCL INFO + PCI[24.0] - NIC/0-cd000
nid005017:56641:56641 [0] NCCL INFO               + NET[25.0] - NET/1 (a78181401/1/25.000000)
nid005017:56641:56641 [0] NCCL INFO + PCI[24.0] - GPU/0-c9000 (10)
nid005017:56641:56641 [0] NCCL INFO               + XGMI[144.0] - GPU/CE000
nid005017:56641:56641 [0] NCCL INFO               + XGMI[72.0] - GPU/D1000
nid005017:56641:56641 [0] NCCL INFO               + XGMI[36.0] - GPU/C1000
nid005017:56641:56641 [0] NCCL INFO + PCI[24.0] - GPU/0-ce000 (11)
nid005017:56641:56641 [0] NCCL INFO               + XGMI[144.0] - GPU/C9000
nid005017:56641:56641 [0] NCCL INFO               + XGMI[36.0] - GPU/C6000
nid005017:56641:56641 [0] NCCL INFO               + XGMI[36.0] - GPU/DE000
nid005017:56641:56641 [0] NCCL INFO + SYS[16.0] - CPU/3
nid005017:56641:56641 [0] NCCL INFO + SYS[16.0] - CPU/0
nid005017:56641:56641 [0] NCCL INFO + SYS[16.0] - CPU/2
nid005017:56641:56641 [0] NCCL INFO CPU/0-0 (1/2/4)
nid005017:56641:56641 [0] NCCL INFO + PCI[24.0] - NIC/0-d5000
nid005017:56641:56641 [0] NCCL INFO               + NET[25.0] - NET/2 (a78181402/1/25.000000)
nid005017:56641:56641 [0] NCCL INFO + PCI[24.0] - GPU/0-d1000 (12)
nid005017:56641:56641 [0] NCCL INFO               + XGMI[144.0] - GPU/D6000
nid005017:56641:56641 [0] NCCL INFO               + XGMI[72.0] - GPU/C9000
nid005017:56641:56641 [0] NCCL INFO               + XGMI[36.0] - GPU/D9000
nid005017:56641:56641 [0] NCCL INFO + PCI[24.0] - GPU/0-d6000 (13)
nid005017:56641:56641 [0] NCCL INFO               + XGMI[144.0] - GPU/D1000
nid005017:56641:56641 [0] NCCL INFO               + XGMI[36.0] - GPU/C6000
nid005017:56641:56641 [0] NCCL INFO               + XGMI[36.0] - GPU/DE000
nid005017:56641:56641 [0] NCCL INFO + SYS[16.0] - CPU/3
nid005017:56641:56641 [0] NCCL INFO + SYS[16.0] - CPU/1
nid005017:56641:56641 [0] NCCL INFO + SYS[16.0] - CPU/2
nid005017:56641:56641 [0] NCCL INFO CPU/0-2 (1/2/4)
nid005017:56641:56641 [0] NCCL INFO + PCI[24.0] - NIC/0-dd000
nid005017:56641:56641 [0] NCCL INFO               + NET[25.0] - NET/3 (a78181403/1/25.000000)
nid005017:56641:56641 [0] NCCL INFO + PCI[24.0] - GPU/0-d9000 (14)
nid005017:56641:56641 [0] NCCL INFO               + XGMI[144.0] - GPU/DE000
nid005017:56641:56641 [0] NCCL INFO               + XGMI[72.0] - GPU/C1000
nid005017:56641:56641 [0] NCCL INFO               + XGMI[36.0] - GPU/D1000
nid005017:56641:56641 [0] NCCL INFO + PCI[24.0] - GPU/0-de000 (15)
nid005017:56641:56641 [0] NCCL INFO               + XGMI[144.0] - GPU/D9000
nid005017:56641:56641 [0] NCCL INFO               + XGMI[36.0] - GPU/CE000
nid005017:56641:56641 [0] NCCL INFO               + XGMI[36.0] - GPU/D6000
nid005017:56641:56641 [0] NCCL INFO + SYS[16.0] - CPU/3
nid005017:56641:56641 [0] NCCL INFO + SYS[16.0] - CPU/1
nid005017:56641:56641 [0] NCCL INFO + SYS[16.0] - CPU/0
nid005017:56641:56641 [0] NCCL INFO ==========================================
nid005017:56641:56641 [0] NCCL INFO GPU/C1000 :GPU/0-c1000 (0/5000.0/LOC) GPU/0-c6000 (1/144.0/XGMI) GPU/0-c9000 (1/36.0/XGMI) GPU/0-ce000 (3/16.0/SYS) GPU/0-d1000 (3/16.0/SYS) GPU/0-d6000 (3/16.0/SYS) GPU/0-d9000 (1/72.0/XGMI) GPU/0-de000 (3/16.0/SYS) CPU/0-3 (1/24.0/PHB) CPU/0-1 (2/16.0/SYS) CPU/0-0 (2/16.0/SYS) CPU/0-2 (2/16.0/SYS) NET/0-0 (3/24.0/PHB) NET/0-1 (4/16.0/SYS) NET/0-2 (4/16.0/SYS) NET/0-3 (4/16.0/SYS) 
nid005017:56641:56641 [0] NCCL INFO GPU/C6000 :GPU/0-c1000 (1/144.0/XGMI) GPU/0-c6000 (0/5000.0/LOC) GPU/0-c9000 (3/16.0/SYS) GPU/0-ce000 (1/36.0/XGMI) GPU/0-d1000 (3/16.0/SYS) GPU/0-d6000 (1/36.0/XGMI) GPU/0-d9000 (3/16.0/SYS) GPU/0-de000 (3/16.0/SYS) CPU/0-3 (1/24.0/PHB) CPU/0-1 (2/16.0/SYS) CPU/0-0 (2/16.0/SYS) CPU/0-2 (2/16.0/SYS) NET/0-0 (3/24.0/PHB) NET/0-1 (4/16.0/SYS) NET/0-2 (4/16.0/SYS) NET/0-3 (4/16.0/SYS) 
nid005017:56641:56641 [0] NCCL INFO GPU/C9000 :GPU/0-c1000 (1/36.0/XGMI) GPU/0-c6000 (3/16.0/SYS) GPU/0-c9000 (0/5000.0/LOC) GPU/0-ce000 (1/144.0/XGMI) GPU/0-d1000 (1/72.0/XGMI) GPU/0-d6000 (3/16.0/SYS) GPU/0-d9000 (3/16.0/SYS) GPU/0-de000 (3/16.0/SYS) CPU/0-3 (2/16.0/SYS) CPU/0-1 (1/24.0/PHB) CPU/0-0 (2/16.0/SYS) CPU/0-2 (2/16.0/SYS) NET/0-0 (4/16.0/SYS) NET/0-1 (3/24.0/PHB) NET/0-2 (4/16.0/SYS) NET/0-3 (4/16.0/SYS) 
nid005017:56641:56641 [0] NCCL INFO GPU/CE000 :GPU/0-c1000 (3/16.0/SYS) GPU/0-c6000 (1/36.0/XGMI) GPU/0-c9000 (1/144.0/XGMI) GPU/0-ce000 (0/5000.0/LOC) GPU/0-d1000 (3/16.0/SYS) GPU/0-d6000 (3/16.0/SYS) GPU/0-d9000 (3/16.0/SYS) GPU/0-de000 (1/36.0/XGMI) CPU/0-3 (2/16.0/SYS) CPU/0-1 (1/24.0/PHB) CPU/0-0 (2/16.0/SYS) CPU/0-2 (2/16.0/SYS) NET/0-0 (4/16.0/SYS) NET/0-1 (3/24.0/PHB) NET/0-2 (4/16.0/SYS) NET/0-3 (4/16.0/SYS) 
nid005017:56641:56641 [0] NCCL INFO GPU/D1000 :GPU/0-c1000 (3/16.0/SYS) GPU/0-c6000 (3/16.0/SYS) GPU/0-c9000 (1/72.0/XGMI) GPU/0-ce000 (3/16.0/SYS) GPU/0-d1000 (0/5000.0/LOC) GPU/0-d6000 (1/144.0/XGMI) GPU/0-d9000 (1/36.0/XGMI) GPU/0-de000 (3/16.0/SYS) CPU/0-3 (2/16.0/SYS) CPU/0-1 (2/16.0/SYS) CPU/0-0 (1/24.0/PHB) CPU/0-2 (2/16.0/SYS) NET/0-0 (4/16.0/SYS) NET/0-1 (4/16.0/SYS) NET/0-2 (3/24.0/PHB) NET/0-3 (4/16.0/SYS) 
nid005017:56641:56641 [0] NCCL INFO GPU/D6000 :GPU/0-c1000 (3/16.0/SYS) GPU/0-c6000 (1/36.0/XGMI) GPU/0-c9000 (3/16.0/SYS) GPU/0-ce000 (3/16.0/SYS) GPU/0-d1000 (1/144.0/XGMI) GPU/0-d6000 (0/5000.0/LOC) GPU/0-d9000 (3/16.0/SYS) GPU/0-de000 (1/36.0/XGMI) CPU/0-3 (2/16.0/SYS) CPU/0-1 (2/16.0/SYS) CPU/0-0 (1/24.0/PHB) CPU/0-2 (2/16.0/SYS) NET/0-0 (4/16.0/SYS) NET/0-1 (4/16.0/SYS) NET/0-2 (3/24.0/PHB) NET/0-3 (4/16.0/SYS) 
nid005017:56641:56641 [0] NCCL INFO GPU/D9000 :GPU/0-c1000 (1/72.0/XGMI) GPU/0-c6000 (3/16.0/SYS) GPU/0-c9000 (3/16.0/SYS) GPU/0-ce000 (3/16.0/SYS) GPU/0-d1000 (1/36.0/XGMI) GPU/0-d6000 (3/16.0/SYS) GPU/0-d9000 (0/5000.0/LOC) GPU/0-de000 (1/144.0/XGMI) CPU/0-3 (2/16.0/SYS) CPU/0-1 (2/16.0/SYS) CPU/0-0 (2/16.0/SYS) CPU/0-2 (1/24.0/PHB) NET/0-0 (4/16.0/SYS) NET/0-1 (4/16.0/SYS) NET/0-2 (4/16.0/SYS) NET/0-3 (3/24.0/PHB) 
nid005017:56641:56641 [0] NCCL INFO GPU/DE000 :GPU/0-c1000 (3/16.0/SYS) GPU/0-c6000 (3/16.0/SYS) GPU/0-c9000 (3/16.0/SYS) GPU/0-ce000 (1/36.0/XGMI) GPU/0-d1000 (3/16.0/SYS) GPU/0-d6000 (1/36.0/XGMI) GPU/0-d9000 (1/144.0/XGMI) GPU/0-de000 (0/5000.0/LOC) CPU/0-3 (2/16.0/SYS) CPU/0-1 (2/16.0/SYS) CPU/0-0 (2/16.0/SYS) CPU/0-2 (1/24.0/PHB) NET/0-0 (4/16.0/SYS) NET/0-1 (4/16.0/SYS) NET/0-2 (4/16.0/SYS) NET/0-3 (3/24.0/PHB) 
nid005017:56641:56641 [0] NCCL INFO NET/0 :GPU/0-c1000 (3/24.0/PHB) GPU/0-c6000 (3/24.0/PHB) GPU/0-c9000 (4/16.0/SYS) GPU/0-ce000 (4/16.0/SYS) GPU/0-d1000 (4/16.0/SYS) GPU/0-d6000 (4/16.0/SYS) GPU/0-d9000 (4/16.0/SYS) GPU/0-de000 (4/16.0/SYS) CPU/0-3 (2/24.0/PHB) CPU/0-1 (3/16.0/SYS) CPU/0-0 (3/16.0/SYS) CPU/0-2 (3/16.0/SYS) NET/0-0 (0/5000.0/LOC) NET/0-1 (5/16.0/SYS) NET/0-2 (5/16.0/SYS) NET/0-3 (5/16.0/SYS) 
nid005017:56641:56641 [0] NCCL INFO NET/1 :GPU/0-c1000 (4/16.0/SYS) GPU/0-c6000 (4/16.0/SYS) GPU/0-c9000 (3/24.0/PHB) GPU/0-ce000 (3/24.0/PHB) GPU/0-d1000 (4/16.0/SYS) GPU/0-d6000 (4/16.0/SYS) GPU/0-d9000 (4/16.0/SYS) GPU/0-de000 (4/16.0/SYS) CPU/0-3 (3/16.0/SYS) CPU/0-1 (2/24.0/PHB) CPU/0-0 (3/16.0/SYS) CPU/0-2 (3/16.0/SYS) NET/0-0 (5/16.0/SYS) NET/0-1 (0/5000.0/LOC) NET/0-2 (5/16.0/SYS) NET/0-3 (5/16.0/SYS) 
nid005017:56641:56641 [0] NCCL INFO NET/2 :GPU/0-c1000 (4/16.0/SYS) GPU/0-c6000 (4/16.0/SYS) GPU/0-c9000 (4/16.0/SYS) GPU/0-ce000 (4/16.0/SYS) GPU/0-d1000 (3/24.0/PHB) GPU/0-d6000 (3/24.0/PHB) GPU/0-d9000 (4/16.0/SYS) GPU/0-de000 (4/16.0/SYS) CPU/0-3 (3/16.0/SYS) CPU/0-1 (3/16.0/SYS) CPU/0-0 (2/24.0/PHB) CPU/0-2 (3/16.0/SYS) NET/0-0 (5/16.0/SYS) NET/0-1 (5/16.0/SYS) NET/0-2 (0/5000.0/LOC) NET/0-3 (5/16.0/SYS) 
nid005017:56641:56641 [0] NCCL INFO NET/3 :GPU/0-c1000 (4/16.0/SYS) GPU/0-c6000 (4/16.0/SYS) GPU/0-c9000 (4/16.0/SYS) GPU/0-ce000 (4/16.0/SYS) GPU/0-d1000 (4/16.0/SYS) GPU/0-d6000 (4/16.0/SYS) GPU/0-d9000 (3/24.0/PHB) GPU/0-de000 (3/24.0/PHB) CPU/0-3 (3/16.0/SYS) CPU/0-1 (3/16.0/SYS) CPU/0-0 (3/16.0/SYS) CPU/0-2 (2/24.0/PHB) NET/0-0 (5/16.0/SYS) NET/0-1 (5/16.0/SYS) NET/0-2 (5/16.0/SYS) NET/0-3 (0/5000.0/LOC) 
nid005017:56641:56641 [0] NCCL INFO Found matching Rome model index 36 with GPU mapping: 0 1 2 3 4 5 6 7 NET mapping: 0 1 2 3 
nid005017:56641:56641 [0] NCCL INFO Pattern 4, crossNic 0, nChannels 8, bw 31.500000/31.500000, type XGMI/PIX, sameChannels 1
nid005017:56641:56641 [0] NCCL INFO  0 : NET/1 GPU/10 GPU/11 GPU/15 GPU/14 GPU/12 GPU/13 GPU/9 GPU/8 NET/0
nid005017:56641:56641 [0] NCCL INFO  1 : NET/0 GPU/8 GPU/9 GPU/13 GPU/12 GPU/14 GPU/15 GPU/11 GPU/10 NET/1
nid005017:56641:56641 [0] NCCL INFO  2 : NET/2 GPU/13 GPU/12 GPU/10 GPU/11 GPU/9 GPU/8 GPU/14 GPU/15 NET/3
nid005017:56641:56641 [0] NCCL INFO  3 : NET/3 GPU/15 GPU/14 GPU/8 GPU/9 GPU/11 GPU/10 GPU/12 GPU/13 NET/2
nid005017:56641:56641 [0] NCCL INFO  4 : NET/1 GPU/10 GPU/11 GPU/15 GPU/14 GPU/12 GPU/13 GPU/9 GPU/8 NET/0
nid005017:56641:56641 [0] NCCL INFO  5 : NET/0 GPU/8 GPU/9 GPU/13 GPU/12 GPU/14 GPU/15 GPU/11 GPU/10 NET/1
nid005017:56641:56641 [0] NCCL INFO  6 : NET/2 GPU/13 GPU/12 GPU/10 GPU/11 GPU/9 GPU/8 GPU/14 GPU/15 NET/3
nid005017:56641:56641 [0] NCCL INFO  7 : NET/3 GPU/15 GPU/14 GPU/8 GPU/9 GPU/11 GPU/10 GPU/12 GPU/13 NET/2
nid005017:56641:56641 [0] NCCL INFO Found matching Rome model index 36 with GPU mapping: 0 1 2 3 4 5 6 7 NET mapping: 0 1 2 3 
nid005017:56641:56641 [0] NCCL INFO Pattern 1, crossNic 0, nChannels 8, bw 31.500000/31.500000, type XGMI/PIX, sameChannels 1
nid005017:56641:56641 [0] NCCL INFO  0 : NET/0 GPU/8 GPU/9 GPU/13 GPU/12 GPU/14 GPU/15 GPU/11 GPU/10 NET/1
nid005017:56641:56641 [0] NCCL INFO  1 : NET/1 GPU/10 GPU/11 GPU/15 GPU/14 GPU/12 GPU/13 GPU/9 GPU/8 NET/0
nid005017:56641:56641 [0] NCCL INFO  2 : NET/3 GPU/15 GPU/14 GPU/8 GPU/9 GPU/11 GPU/10 GPU/12 GPU/13 NET/2
nid005017:56641:56641 [0] NCCL INFO  3 : NET/2 GPU/13 GPU/12 GPU/10 GPU/11 GPU/9 GPU/8 GPU/14 GPU/15 NET/3
nid005017:56641:56641 [0] NCCL INFO  4 : NET/0 GPU/8 GPU/9 GPU/13 GPU/12 GPU/14 GPU/15 GPU/11 GPU/10 NET/1
nid005017:56641:56641 [0] NCCL INFO  5 : NET/1 GPU/10 GPU/11 GPU/15 GPU/14 GPU/12 GPU/13 GPU/9 GPU/8 NET/0
nid005017:56641:56641 [0] NCCL INFO  6 : NET/3 GPU/15 GPU/14 GPU/8 GPU/9 GPU/11 GPU/10 GPU/12 GPU/13 NET/2
nid005017:56641:56641 [0] NCCL INFO  7 : NET/2 GPU/13 GPU/12 GPU/10 GPU/11 GPU/9 GPU/8 GPU/14 GPU/15 NET/3
nid005016:45866:45866 [5] NCCL INFO NCCL_NET_GDR_LEVEL set by environment to PHB
nid005016:45866:45866 [5] NCCL INFO GPU Direct RDMA Enabled for GPU c1000 / HCA 0 (distance 6 <= 6), read 1
nid005016:45866:45866 [5] NCCL INFO GPU Direct RDMA Enabled for GPU c6000 / HCA 0 (distance 6 <= 6), read 1
nid005016:45866:45866 [5] NCCL INFO GPU Direct RDMA Enabled for GPU c9000 / HCA 1 (distance 6 <= 6), read 1
nid005016:45866:45866 [5] NCCL INFO GPU Direct RDMA Enabled for GPU ce000 / HCA 1 (distance 6 <= 6), read 1
nid005016:45866:45866 [5] NCCL INFO GPU Direct RDMA Enabled for GPU d1000 / HCA 2 (distance 6 <= 6), read 1
nid005016:45866:45866 [5] NCCL INFO GPU Direct RDMA Enabled for GPU d6000 / HCA 2 (distance 6 <= 6), read 1
nid005016:45866:45866 [5] NCCL INFO GPU Direct RDMA Enabled for GPU d9000 / HCA 3 (distance 6 <= 6), read 1
nid005016:45866:45866 [5] NCCL INFO GPU Direct RDMA Enabled for GPU de000 / HCA 3 (distance 6 <= 6), read 1
nid005016:45865:45865 [7] NCCL INFO NCCL_NET_GDR_LEVEL set by environment to PHB
nid005016:45865:45865 [7] NCCL INFO GPU Direct RDMA Enabled for GPU c1000 / HCA 0 (distance 6 <= 6), read 1
nid005016:45865:45865 [7] NCCL INFO GPU Direct RDMA Enabled for GPU c6000 / HCA 0 (distance 6 <= 6), read 1
nid005016:45865:45865 [7] NCCL INFO GPU Direct RDMA Enabled for GPU c9000 / HCA 1 (distance 6 <= 6), read 1
nid005016:45865:45865 [7] NCCL INFO GPU Direct RDMA Enabled for GPU ce000 / HCA 1 (distance 6 <= 6), read 1
nid005016:45865:45865 [7] NCCL INFO GPU Direct RDMA Enabled for GPU d1000 / HCA 2 (distance 6 <= 6), read 1
nid005016:45865:45865 [7] NCCL INFO GPU Direct RDMA Enabled for GPU d6000 / HCA 2 (distance 6 <= 6), read 1
nid005016:45865:45865 [7] NCCL INFO GPU Direct RDMA Enabled for GPU d9000 / HCA 3 (distance 6 <= 6), read 1
nid005016:45865:45865 [7] NCCL INFO GPU Direct RDMA Enabled for GPU de000 / HCA 3 (distance 6 <= 6), read 1
nid005016:45864:45864 [3] NCCL INFO NCCL_NET_GDR_LEVEL set by environment to PHB
nid005016:45864:45864 [3] NCCL INFO GPU Direct RDMA Enabled for GPU c1000 / HCA 0 (distance 6 <= 6), read 1
nid005016:45864:45864 [3] NCCL INFO GPU Direct RDMA Enabled for GPU c6000 / HCA 0 (distance 6 <= 6), read 1
nid005016:45864:45864 [3] NCCL INFO GPU Direct RDMA Enabled for GPU c9000 / HCA 1 (distance 6 <= 6), read 1
nid005016:45864:45864 [3] NCCL INFO GPU Direct RDMA Enabled for GPU ce000 / HCA 1 (distance 6 <= 6), read 1
nid005016:45864:45864 [3] NCCL INFO GPU Direct RDMA Enabled for GPU d1000 / HCA 2 (distance 6 <= 6), read 1
nid005016:45864:45864 [3] NCCL INFO GPU Direct RDMA Enabled for GPU d6000 / HCA 2 (distance 6 <= 6), read 1
nid005016:45864:45864 [3] NCCL INFO GPU Direct RDMA Enabled for GPU d9000 / HCA 3 (distance 6 <= 6), read 1
nid005016:45864:45864 [3] NCCL INFO GPU Direct RDMA Enabled for GPU de000 / HCA 3 (distance 6 <= 6), read 1
nid005016:45859:45859 [1] NCCL INFO NCCL_NET_GDR_LEVEL set by environment to PHB
nid005016:45859:45859 [1] NCCL INFO GPU Direct RDMA Enabled for GPU c1000 / HCA 0 (distance 6 <= 6), read 1
nid005016:45859:45859 [1] NCCL INFO GPU Direct RDMA Enabled for GPU c6000 / HCA 0 (distance 6 <= 6), read 1
nid005016:45859:45859 [1] NCCL INFO GPU Direct RDMA Enabled for GPU c9000 / HCA 1 (distance 6 <= 6), read 1
nid005016:45859:45859 [1] NCCL INFO GPU Direct RDMA Enabled for GPU ce000 / HCA 1 (distance 6 <= 6), read 1
nid005016:45859:45859 [1] NCCL INFO GPU Direct RDMA Enabled for GPU d1000 / HCA 2 (distance 6 <= 6), read 1
nid005016:45859:45859 [1] NCCL INFO GPU Direct RDMA Enabled for GPU d6000 / HCA 2 (distance 6 <= 6), read 1
nid005016:45859:45859 [1] NCCL INFO GPU Direct RDMA Enabled for GPU d9000 / HCA 3 (distance 6 <= 6), read 1
nid005016:45859:45859 [1] NCCL INFO GPU Direct RDMA Enabled for GPU de000 / HCA 3 (distance 6 <= 6), read 1
nid005016:45862:45862 [4] NCCL INFO NCCL_NET_GDR_LEVEL set by environment to PHB
nid005016:45862:45862 [4] NCCL INFO GPU Direct RDMA Enabled for GPU c1000 / HCA 0 (distance 6 <= 6), read 1
nid005016:45862:45862 [4] NCCL INFO GPU Direct RDMA Enabled for GPU c6000 / HCA 0 (distance 6 <= 6), read 1
nid005016:45862:45862 [4] NCCL INFO GPU Direct RDMA Enabled for GPU c9000 / HCA 1 (distance 6 <= 6), read 1
nid005016:45862:45862 [4] NCCL INFO GPU Direct RDMA Enabled for GPU ce000 / HCA 1 (distance 6 <= 6), read 1
nid005016:45862:45862 [4] NCCL INFO GPU Direct RDMA Enabled for GPU d1000 / HCA 2 (distance 6 <= 6), read 1
nid005016:45862:45862 [4] NCCL INFO GPU Direct RDMA Enabled for GPU d6000 / HCA 2 (distance 6 <= 6), read 1
nid005016:45862:45862 [4] NCCL INFO GPU Direct RDMA Enabled for GPU d9000 / HCA 3 (distance 6 <= 6), read 1
nid005016:45862:45862 [4] NCCL INFO GPU Direct RDMA Enabled for GPU de000 / HCA 3 (distance 6 <= 6), read 1
nid005016:45861:45861 [0] NCCL INFO NCCL_NET_GDR_LEVEL set by environment to PHB
nid005016:45861:45861 [0] NCCL INFO GPU Direct RDMA Enabled for GPU c1000 / HCA 0 (distance 6 <= 6), read 1
nid005016:45861:45861 [0] NCCL INFO GPU Direct RDMA Enabled for GPU c6000 / HCA 0 (distance 6 <= 6), read 1
nid005016:45861:45861 [0] NCCL INFO GPU Direct RDMA Enabled for GPU c9000 / HCA 1 (distance 6 <= 6), read 1
nid005016:45861:45861 [0] NCCL INFO GPU Direct RDMA Enabled for GPU ce000 / HCA 1 (distance 6 <= 6), read 1
nid005016:45861:45861 [0] NCCL INFO GPU Direct RDMA Enabled for GPU d1000 / HCA 2 (distance 6 <= 6), read 1
nid005016:45861:45861 [0] NCCL INFO GPU Direct RDMA Enabled for GPU d6000 / HCA 2 (distance 6 <= 6), read 1
nid005016:45861:45861 [0] NCCL INFO GPU Direct RDMA Enabled for GPU d9000 / HCA 3 (distance 6 <= 6), read 1
nid005016:45861:45861 [0] NCCL INFO GPU Direct RDMA Enabled for GPU de000 / HCA 3 (distance 6 <= 6), read 1
nid005016:45863:45863 [6] NCCL INFO NCCL_NET_GDR_LEVEL set by environment to PHB
nid005016:45863:45863 [6] NCCL INFO GPU Direct RDMA Enabled for GPU c1000 / HCA 0 (distance 6 <= 6), read 1
nid005016:45863:45863 [6] NCCL INFO GPU Direct RDMA Enabled for GPU c6000 / HCA 0 (distance 6 <= 6), read 1
nid005016:45863:45863 [6] NCCL INFO GPU Direct RDMA Enabled for GPU c9000 / HCA 1 (distance 6 <= 6), read 1
nid005016:45863:45863 [6] NCCL INFO GPU Direct RDMA Enabled for GPU ce000 / HCA 1 (distance 6 <= 6), read 1
nid005016:45863:45863 [6] NCCL INFO GPU Direct RDMA Enabled for GPU d1000 / HCA 2 (distance 6 <= 6), read 1
nid005016:45863:45863 [6] NCCL INFO GPU Direct RDMA Enabled for GPU d6000 / HCA 2 (distance 6 <= 6), read 1
nid005016:45863:45863 [6] NCCL INFO GPU Direct RDMA Enabled for GPU d9000 / HCA 3 (distance 6 <= 6), read 1
nid005016:45863:45863 [6] NCCL INFO GPU Direct RDMA Enabled for GPU de000 / HCA 3 (distance 6 <= 6), read 1
nid005016:45860:45860 [2] NCCL INFO NCCL_NET_GDR_LEVEL set by environment to PHB
nid005016:45860:45860 [2] NCCL INFO GPU Direct RDMA Enabled for GPU c1000 / HCA 0 (distance 6 <= 6), read 1
nid005016:45860:45860 [2] NCCL INFO GPU Direct RDMA Enabled for GPU c6000 / HCA 0 (distance 6 <= 6), read 1
nid005016:45860:45860 [2] NCCL INFO GPU Direct RDMA Enabled for GPU c9000 / HCA 1 (distance 6 <= 6), read 1
nid005016:45860:45860 [2] NCCL INFO GPU Direct RDMA Enabled for GPU ce000 / HCA 1 (distance 6 <= 6), read 1
nid005016:45860:45860 [2] NCCL INFO GPU Direct RDMA Enabled for GPU d1000 / HCA 2 (distance 6 <= 6), read 1
nid005016:45860:45860 [2] NCCL INFO GPU Direct RDMA Enabled for GPU d6000 / HCA 2 (distance 6 <= 6), read 1
nid005016:45860:45860 [2] NCCL INFO GPU Direct RDMA Enabled for GPU d9000 / HCA 3 (distance 6 <= 6), read 1
nid005016:45860:45860 [2] NCCL INFO GPU Direct RDMA Enabled for GPU de000 / HCA 3 (distance 6 <= 6), read 1
nid005016:45866:45866 [5] NCCL INFO === System : maxBw 24.0 totalBw 252.0 ===
nid005016:45866:45866 [5] NCCL INFO CPU/0-3 (1/2/4)
nid005016:45866:45866 [5] NCCL INFO + PCI[24.0] - GPU/0-c1000 (0)
nid005016:45866:45866 [5] NCCL INFO               + XGMI[144.0] - GPU/C6000
nid005016:45866:45866 [5] NCCL INFO               + XGMI[72.0] - GPU/D9000
nid005016:45866:45866 [5] NCCL INFO               + XGMI[36.0] - GPU/C9000
nid005016:45866:45866 [5] NCCL INFO + PCI[24.0] - NIC/0-c5000
nid005016:45866:45866 [5] NCCL INFO               + NET[25.0] - NET/0 (a78186900/1/25.000000)
nid005016:45866:45866 [5] NCCL INFO + PCI[24.0] - GPU/0-c6000 (1)
nid005016:45866:45866 [5] NCCL INFO               + XGMI[144.0] - GPU/C1000
nid005016:45866:45866 [5] NCCL INFO               + XGMI[36.0] - GPU/CE000
nid005016:45866:45866 [5] NCCL INFO               + XGMI[36.0] - GPU/D6000
nid005016:45866:45866 [5] NCCL INFO + SYS[16.0] - CPU/1
nid005016:45866:45866 [5] NCCL INFO + SYS[16.0] - CPU/0
nid005016:45866:45866 [5] NCCL INFO + SYS[16.0] - CPU/2
nid005016:45866:45866 [5] NCCL INFO CPU/0-1 (1/2/4)
nid005016:45866:45866 [5] NCCL INFO + PCI[24.0] - NIC/0-cd000
nid005016:45866:45866 [5] NCCL INFO               + NET[25.0] - NET/1 (a78186901/1/25.000000)
nid005016:45866:45866 [5] NCCL INFO + PCI[24.0] - GPU/0-c9000 (2)
nid005016:45865:45865 [7] NCCL INFO === System : maxBw 24.0 totalBw 252.0 ===
nid005016:45865:45865 [7] NCCL INFO CPU/0-3 (1/2/4)
nid005016:45865:45865 [7] NCCL INFO + PCI[24.0] - GPU/0-c1000 (0)
nid005016:45865:45865 [7] NCCL INFO               + XGMI[144.0] - GPU/C6000
nid005016:45865:45865 [7] NCCL INFO               + XGMI[72.0] - GPU/D9000
nid005016:45865:45865 [7] NCCL INFO               + XGMI[36.0] - GPU/C9000
nid005016:45865:45865 [7] NCCL INFO + PCI[24.0] - NIC/0-c5000
nid005016:45865:45865 [7] NCCL INFO               + NET[25.0] - NET/0 (a78186900/1/25.000000)
nid005016:45865:45865 [7] NCCL INFO + PCI[24.0] - GPU/0-c6000 (1)
nid005016:45865:45865 [7] NCCL INFO               + XGMI[144.0] - GPU/C1000
nid005016:45865:45865 [7] NCCL INFO               + XGMI[36.0] - GPU/CE000
nid005016:45865:45865 [7] NCCL INFO               + XGMI[36.0] - GPU/D6000
nid005016:45865:45865 [7] NCCL INFO + SYS[16.0] - CPU/1
nid005016:45865:45865 [7] NCCL INFO + SYS[16.0] - CPU/0
nid005016:45865:45865 [7] NCCL INFO + SYS[16.0] - CPU/2
nid005016:45865:45865 [7] NCCL INFO CPU/0-1 (1/2/4)
nid005016:45865:45865 [7] NCCL INFO + PCI[24.0] - NIC/0-cd000
nid005016:45865:45865 [7] NCCL INFO               + NET[25.0] - NET/1 (a78186901/1/25.000000)
nid005016:45865:45865 [7] NCCL INFO + PCI[24.0] - GPU/0-c9000 (2)
nid005016:45865:45865 [7] NCCL INFO               + XGMI[144.0] - GPU/CE000
nid005016:45865:45865 [7] NCCL INFO               + XGMI[72.0] - GPU/D1000
nid005016:45865:45865 [7] NCCL INFO               + XGMI[36.0] - GPU/C1000
nid005016:45865:45865 [7] NCCL INFO + PCI[24.0] - GPU/0-ce000 (3)
nid005016:45865:45865 [7] NCCL INFO               + XGMI[144.0] - GPU/C9000
nid005016:45866:45866 [5] NCCL INFO               + XGMI[144.0] - GPU/CE000
nid005016:45866:45866 [5] NCCL INFO               + XGMI[72.0] - GPU/D1000
nid005016:45866:45866 [5] NCCL INFO               + XGMI[36.0] - GPU/C1000
nid005016:45866:45866 [5] NCCL INFO + PCI[24.0] - GPU/0-ce000 (3)
nid005016:45866:45866 [5] NCCL INFO               + XGMI[144.0] - GPU/C9000
nid005016:45866:45866 [5] NCCL INFO               + XGMI[36.0] - GPU/C6000
nid005016:45866:45866 [5] NCCL INFO               + XGMI[36.0] - GPU/DE000
nid005016:45866:45866 [5] NCCL INFO + SYS[16.0] - CPU/3
nid005016:45866:45866 [5] NCCL INFO + SYS[16.0] - CPU/0
nid005016:45866:45866 [5] NCCL INFO + SYS[16.0] - CPU/2
nid005016:45866:45866 [5] NCCL INFO CPU/0-0 (1/2/4)
nid005016:45866:45866 [5] NCCL INFO + PCI[24.0] - NIC/0-d5000
nid005016:45866:45866 [5] NCCL INFO               + NET[25.0] - NET/2 (a78186902/1/25.000000)
nid005016:45866:45866 [5] NCCL INFO + PCI[24.0] - GPU/0-d1000 (4)
nid005016:45866:45866 [5] NCCL INFO               + XGMI[144.0] - GPU/D6000
nid005016:45866:45866 [5] NCCL INFO               + XGMI[72.0] - GPU/C9000
nid005016:45866:45866 [5] NCCL INFO               + XGMI[36.0] - GPU/D9000
nid005016:45866:45866 [5] NCCL INFO + PCI[24.0] - GPU/0-d6000 (5)
nid005016:45866:45866 [5] NCCL INFO               + XGMI[144.0] - GPU/D1000
nid005016:45864:45864 [3] NCCL INFO === System : maxBw 24.0 totalBw 252.0 ===
nid005016:45864:45864 [3] NCCL INFO CPU/0-3 (1/2/4)
nid005016:45864:45864 [3] NCCL INFO + PCI[24.0] - GPU/0-c1000 (0)
nid005016:45864:45864 [3] NCCL INFO               + XGMI[144.0] - GPU/C6000
nid005016:45864:45864 [3] NCCL INFO               + XGMI[72.0] - GPU/D9000
nid005016:45864:45864 [3] NCCL INFO               + XGMI[36.0] - GPU/C9000
nid005016:45864:45864 [3] NCCL INFO + PCI[24.0] - NIC/0-c5000
nid005016:45864:45864 [3] NCCL INFO               + NET[25.0] - NET/0 (a78186900/1/25.000000)
nid005016:45864:45864 [3] NCCL INFO + PCI[24.0] - GPU/0-c6000 (1)
nid005016:45864:45864 [3] NCCL INFO               + XGMI[144.0] - GPU/C1000
nid005016:45864:45864 [3] NCCL INFO               + XGMI[36.0] - GPU/CE000
nid005016:45864:45864 [3] NCCL INFO               + XGMI[36.0] - GPU/D6000
nid005016:45864:45864 [3] NCCL INFO + SYS[16.0] - CPU/1
nid005016:45864:45864 [3] NCCL INFO + SYS[16.0] - CPU/0
nid005016:45864:45864 [3] NCCL INFO + SYS[16.0] - CPU/2
nid005016:45864:45864 [3] NCCL INFO CPU/0-1 (1/2/4)
nid005016:45864:45864 [3] NCCL INFO + PCI[24.0] - NIC/0-cd000
nid005016:45864:45864 [3] NCCL INFO               + NET[25.0] - NET/1 (a78186901/1/25.000000)
nid005016:45864:45864 [3] NCCL INFO + PCI[24.0] - GPU/0-c9000 (2)
nid005016:45864:45864 [3] NCCL INFO               + XGMI[144.0] - GPU/CE000
nid005016:45864:45864 [3] NCCL INFO               + XGMI[72.0] - GPU/D1000
nid005016:45864:45864 [3] NCCL INFO               + XGMI[36.0] - GPU/C1000
nid005016:45865:45865 [7] NCCL INFO               + XGMI[36.0] - GPU/C6000
nid005016:45865:45865 [7] NCCL INFO               + XGMI[36.0] - GPU/DE000
nid005016:45865:45865 [7] NCCL INFO + SYS[16.0] - CPU/3
nid005016:45865:45865 [7] NCCL INFO + SYS[16.0] - CPU/0
nid005016:45865:45865 [7] NCCL INFO + SYS[16.0] - CPU/2
nid005016:45865:45865 [7] NCCL INFO CPU/0-0 (1/2/4)
nid005016:45865:45865 [7] NCCL INFO + PCI[24.0] - NIC/0-d5000
nid005016:45865:45865 [7] NCCL INFO               + NET[25.0] - NET/2 (a78186902/1/25.000000)
nid005016:45865:45865 [7] NCCL INFO + PCI[24.0] - GPU/0-d1000 (4)
nid005016:45865:45865 [7] NCCL INFO               + XGMI[144.0] - GPU/D6000
nid005016:45865:45865 [7] NCCL INFO               + XGMI[72.0] - GPU/C9000
nid005016:45865:45865 [7] NCCL INFO               + XGMI[36.0] - GPU/D9000
nid005016:45865:45865 [7] NCCL INFO + PCI[24.0] - GPU/0-d6000 (5)
nid005016:45865:45865 [7] NCCL INFO               + XGMI[144.0] - GPU/D1000
nid005016:45865:45865 [7] NCCL INFO               + XGMI[36.0] - GPU/C6000
nid005016:45859:45859 [1] NCCL INFO === System : maxBw 24.0 totalBw 252.0 ===
nid005016:45859:45859 [1] NCCL INFO CPU/0-3 (1/2/4)
nid005016:45859:45859 [1] NCCL INFO + PCI[24.0] - GPU/0-c1000 (0)
nid005016:45859:45859 [1] NCCL INFO               + XGMI[144.0] - GPU/C6000
nid005016:45859:45859 [1] NCCL INFO               + XGMI[72.0] - GPU/D9000
nid005016:45859:45859 [1] NCCL INFO               + XGMI[36.0] - GPU/C9000
nid005016:45859:45859 [1] NCCL INFO + PCI[24.0] - NIC/0-c5000
nid005016:45859:45859 [1] NCCL INFO               + NET[25.0] - NET/0 (a78186900/1/25.000000)
nid005016:45859:45859 [1] NCCL INFO + PCI[24.0] - GPU/0-c6000 (1)
nid005016:45859:45859 [1] NCCL INFO               + XGMI[144.0] - GPU/C1000
nid005016:45859:45859 [1] NCCL INFO               + XGMI[36.0] - GPU/CE000
nid005016:45859:45859 [1] NCCL INFO               + XGMI[36.0] - GPU/D6000
nid005016:45859:45859 [1] NCCL INFO + SYS[16.0] - CPU/1
nid005016:45859:45859 [1] NCCL INFO + SYS[16.0] - CPU/0
nid005016:45859:45859 [1] NCCL INFO + SYS[16.0] - CPU/2
nid005016:45859:45859 [1] NCCL INFO CPU/0-1 (1/2/4)
nid005016:45859:45859 [1] NCCL INFO + PCI[24.0] - NIC/0-cd000
nid005016:45859:45859 [1] NCCL INFO               + NET[25.0] - NET/1 (a78186901/1/25.000000)
nid005016:45859:45859 [1] NCCL INFO + PCI[24.0] - GPU/0-c9000 (2)
nid005016:45859:45859 [1] NCCL INFO               + XGMI[144.0] - GPU/CE000
nid005016:45859:45859 [1] NCCL INFO               + XGMI[72.0] - GPU/D1000
nid005016:45859:45859 [1] NCCL INFO               + XGMI[36.0] - GPU/C1000
nid005016:45859:45859 [1] NCCL INFO + PCI[24.0] - GPU/0-ce000 (3)
nid005016:45859:45859 [1] NCCL INFO               + XGMI[144.0] - GPU/C9000
nid005016:45859:45859 [1] NCCL INFO               + XGMI[36.0] - GPU/C6000
nid005016:45866:45866 [5] NCCL INFO               + XGMI[36.0] - GPU/C6000
nid005016:45866:45866 [5] NCCL INFO               + XGMI[36.0] - GPU/DE000
nid005016:45866:45866 [5] NCCL INFO + SYS[16.0] - CPU/3
nid005016:45866:45866 [5] NCCL INFO + SYS[16.0] - CPU/1
nid005016:45866:45866 [5] NCCL INFO + SYS[16.0] - CPU/2
nid005016:45866:45866 [5] NCCL INFO CPU/0-2 (1/2/4)
nid005016:45866:45866 [5] NCCL INFO + PCI[24.0] - NIC/0-dd000
nid005016:45866:45866 [5] NCCL INFO               + NET[25.0] - NET/3 (a78186903/1/25.000000)
nid005016:45866:45866 [5] NCCL INFO + PCI[24.0] - GPU/0-d9000 (6)
nid005016:45866:45866 [5] NCCL INFO               + XGMI[144.0] - GPU/DE000
nid005016:45866:45866 [5] NCCL INFO               + XGMI[72.0] - GPU/C1000
nid005016:45866:45866 [5] NCCL INFO               + XGMI[36.0] - GPU/D1000
nid005016:45866:45866 [5] NCCL INFO + PCI[24.0] - GPU/0-de000 (7)
nid005016:45866:45866 [5] NCCL INFO               + XGMI[144.0] - GPU/D9000
nid005016:45866:45866 [5] NCCL INFO               + XGMI[36.0] - GPU/CE000
nid005016:45866:45866 [5] NCCL INFO               + XGMI[36.0] - GPU/D6000
nid005016:45866:45866 [5] NCCL INFO + SYS[16.0] - CPU/3
nid005016:45866:45866 [5] NCCL INFO + SYS[16.0] - CPU/1
nid005016:45866:45866 [5] NCCL INFO + SYS[16.0] - CPU/0
nid005016:45866:45866 [5] NCCL INFO ==========================================
nid005016:45864:45864 [3] NCCL INFO + PCI[24.0] - GPU/0-ce000 (3)
nid005016:45864:45864 [3] NCCL INFO               + XGMI[144.0] - GPU/C9000
nid005016:45864:45864 [3] NCCL INFO               + XGMI[36.0] - GPU/C6000
nid005016:45864:45864 [3] NCCL INFO               + XGMI[36.0] - GPU/DE000
nid005016:45864:45864 [3] NCCL INFO + SYS[16.0] - CPU/3
nid005016:45864:45864 [3] NCCL INFO + SYS[16.0] - CPU/0
nid005016:45864:45864 [3] NCCL INFO + SYS[16.0] - CPU/2
nid005016:45864:45864 [3] NCCL INFO CPU/0-0 (1/2/4)
nid005016:45864:45864 [3] NCCL INFO + PCI[24.0] - NIC/0-d5000
nid005016:45864:45864 [3] NCCL INFO               + NET[25.0] - NET/2 (a78186902/1/25.000000)
nid005016:45864:45864 [3] NCCL INFO + PCI[24.0] - GPU/0-d1000 (4)
nid005016:45864:45864 [3] NCCL INFO               + XGMI[144.0] - GPU/D6000
nid005016:45864:45864 [3] NCCL INFO               + XGMI[72.0] - GPU/C9000
nid005016:45864:45864 [3] NCCL INFO               + XGMI[36.0] - GPU/D9000
nid005016:45864:45864 [3] NCCL INFO + PCI[24.0] - GPU/0-d6000 (5)
nid005016:45864:45864 [3] NCCL INFO               + XGMI[144.0] - GPU/D1000
nid005016:45864:45864 [3] NCCL INFO               + XGMI[36.0] - GPU/C6000
nid005016:45864:45864 [3] NCCL INFO               + XGMI[36.0] - GPU/DE000
nid005016:45864:45864 [3] NCCL INFO + SYS[16.0] - CPU/3
nid005016:45864:45864 [3] NCCL INFO + SYS[16.0] - CPU/1
nid005016:45864:45864 [3] NCCL INFO + SYS[16.0] - CPU/2
nid005016:45864:45864 [3] NCCL INFO CPU/0-2 (1/2/4)
nid005016:45864:45864 [3] NCCL INFO + PCI[24.0] - NIC/0-dd000
nid005016:45864:45864 [3] NCCL INFO               + NET[25.0] - NET/3 (a78186903/1/25.000000)
nid005016:45864:45864 [3] NCCL INFO + PCI[24.0] - GPU/0-d9000 (6)
nid005016:45864:45864 [3] NCCL INFO               + XGMI[144.0] - GPU/DE000
nid005016:45865:45865 [7] NCCL INFO               + XGMI[36.0] - GPU/DE000
nid005016:45865:45865 [7] NCCL INFO + SYS[16.0] - CPU/3
nid005016:45865:45865 [7] NCCL INFO + SYS[16.0] - CPU/1
nid005016:45865:45865 [7] NCCL INFO + SYS[16.0] - CPU/2
nid005016:45865:45865 [7] NCCL INFO CPU/0-2 (1/2/4)
nid005016:45865:45865 [7] NCCL INFO + PCI[24.0] - NIC/0-dd000
nid005016:45865:45865 [7] NCCL INFO               + NET[25.0] - NET/3 (a78186903/1/25.000000)
nid005016:45865:45865 [7] NCCL INFO + PCI[24.0] - GPU/0-d9000 (6)
nid005016:45865:45865 [7] NCCL INFO               + XGMI[144.0] - GPU/DE000
nid005016:45865:45865 [7] NCCL INFO               + XGMI[72.0] - GPU/C1000
nid005016:45865:45865 [7] NCCL INFO               + XGMI[36.0] - GPU/D1000
nid005016:45865:45865 [7] NCCL INFO + PCI[24.0] - GPU/0-de000 (7)
nid005016:45865:45865 [7] NCCL INFO               + XGMI[144.0] - GPU/D9000
nid005016:45865:45865 [7] NCCL INFO               + XGMI[36.0] - GPU/CE000
nid005016:45865:45865 [7] NCCL INFO               + XGMI[36.0] - GPU/D6000
nid005016:45865:45865 [7] NCCL INFO + SYS[16.0] - CPU/3
nid005016:45865:45865 [7] NCCL INFO + SYS[16.0] - CPU/1
nid005016:45865:45865 [7] NCCL INFO + SYS[16.0] - CPU/0
nid005016:45865:45865 [7] NCCL INFO ==========================================
nid005016:45865:45865 [7] NCCL INFO GPU/C1000 :GPU/0-c1000 (0/5000.0/LOC) GPU/0-c6000 (1/144.0/XGMI) GPU/0-c9000 (1/36.0/XGMI) GPU/0-ce000 (3/16.0/SYS) GPU/0-d1000 (3/16.0/SYS) GPU/0-d6000 (3/16.0/SYS) GPU/0-d9000 (1/72.0/XGMI) GPU/0-de000 (3/16.0/SYS) CPU/0-3 (1/24.0/PHB) CPU/0-1 (2/16.0/SYS) CPU/0-0 (2/16.0/SYS) CPU/0-2 (2/16.0/SYS) NET/0-0 (3/24.0/PHB) NET/0-1 (4/16.0/SYS) NET/0-2 (4/16.0/SYS) NET/0-3 (4/16.0/SYS) 
nid005016:45862:45862 [4] NCCL INFO === System : maxBw 24.0 totalBw 252.0 ===
nid005016:45862:45862 [4] NCCL INFO CPU/0-3 (1/2/4)
nid005016:45862:45862 [4] NCCL INFO + PCI[24.0] - GPU/0-c1000 (0)
nid005016:45862:45862 [4] NCCL INFO               + XGMI[144.0] - GPU/C6000
nid005016:45862:45862 [4] NCCL INFO               + XGMI[72.0] - GPU/D9000
nid005016:45862:45862 [4] NCCL INFO               + XGMI[36.0] - GPU/C9000
nid005016:45862:45862 [4] NCCL INFO + PCI[24.0] - NIC/0-c5000
nid005016:45862:45862 [4] NCCL INFO               + NET[25.0] - NET/0 (a78186900/1/25.000000)
nid005016:45862:45862 [4] NCCL INFO + PCI[24.0] - GPU/0-c6000 (1)
nid005016:45862:45862 [4] NCCL INFO               + XGMI[144.0] - GPU/C1000
nid005016:45862:45862 [4] NCCL INFO               + XGMI[36.0] - GPU/CE000
nid005016:45862:45862 [4] NCCL INFO               + XGMI[36.0] - GPU/D6000
nid005016:45862:45862 [4] NCCL INFO + SYS[16.0] - CPU/1
nid005016:45862:45862 [4] NCCL INFO + SYS[16.0] - CPU/0
nid005016:45862:45862 [4] NCCL INFO + SYS[16.0] - CPU/2
nid005016:45862:45862 [4] NCCL INFO CPU/0-1 (1/2/4)
nid005016:45862:45862 [4] NCCL INFO + PCI[24.0] - NIC/0-cd000
nid005016:45862:45862 [4] NCCL INFO               + NET[25.0] - NET/1 (a78186901/1/25.000000)
nid005016:45862:45862 [4] NCCL INFO + PCI[24.0] - GPU/0-c9000 (2)
nid005016:45862:45862 [4] NCCL INFO               + XGMI[144.0] - GPU/CE000
nid005016:45862:45862 [4] NCCL INFO               + XGMI[72.0] - GPU/D1000
nid005016:45862:45862 [4] NCCL INFO               + XGMI[36.0] - GPU/C1000
nid005016:45862:45862 [4] NCCL INFO + PCI[24.0] - GPU/0-ce000 (3)
nid005016:45859:45859 [1] NCCL INFO               + XGMI[36.0] - GPU/DE000
nid005016:45859:45859 [1] NCCL INFO + SYS[16.0] - CPU/3
nid005016:45859:45859 [1] NCCL INFO + SYS[16.0] - CPU/0
nid005016:45859:45859 [1] NCCL INFO + SYS[16.0] - CPU/2
nid005016:45859:45859 [1] NCCL INFO CPU/0-0 (1/2/4)
nid005016:45859:45859 [1] NCCL INFO + PCI[24.0] - NIC/0-d5000
nid005016:45859:45859 [1] NCCL INFO               + NET[25.0] - NET/2 (a78186902/1/25.000000)
nid005016:45859:45859 [1] NCCL INFO + PCI[24.0] - GPU/0-d1000 (4)
nid005016:45859:45859 [1] NCCL INFO               + XGMI[144.0] - GPU/D6000
nid005016:45859:45859 [1] NCCL INFO               + XGMI[72.0] - GPU/C9000
nid005016:45859:45859 [1] NCCL INFO               + XGMI[36.0] - GPU/D9000
nid005016:45859:45859 [1] NCCL INFO + PCI[24.0] - GPU/0-d6000 (5)
nid005016:45859:45859 [1] NCCL INFO               + XGMI[144.0] - GPU/D1000
nid005016:45859:45859 [1] NCCL INFO               + XGMI[36.0] - GPU/C6000
nid005016:45859:45859 [1] NCCL INFO               + XGMI[36.0] - GPU/DE000
nid005016:45859:45859 [1] NCCL INFO + SYS[16.0] - CPU/3
nid005016:45859:45859 [1] NCCL INFO + SYS[16.0] - CPU/1
nid005016:45859:45859 [1] NCCL INFO + SYS[16.0] - CPU/2
nid005016:45859:45859 [1] NCCL INFO CPU/0-2 (1/2/4)
nid005016:45859:45859 [1] NCCL INFO + PCI[24.0] - NIC/0-dd000
nid005016:45859:45859 [1] NCCL INFO               + NET[25.0] - NET/3 (a78186903/1/25.000000)
nid005016:45859:45859 [1] NCCL INFO + PCI[24.0] - GPU/0-d9000 (6)
nid005016:45859:45859 [1] NCCL INFO               + XGMI[144.0] - GPU/DE000
nid005016:45859:45859 [1] NCCL INFO               + XGMI[72.0] - GPU/C1000
nid005016:45859:45859 [1] NCCL INFO               + XGMI[36.0] - GPU/D1000
nid005016:45859:45859 [1] NCCL INFO + PCI[24.0] - GPU/0-de000 (7)
nid005016:45859:45859 [1] NCCL INFO               + XGMI[144.0] - GPU/D9000
nid005016:45859:45859 [1] NCCL INFO               + XGMI[36.0] - GPU/CE000
nid005016:45859:45859 [1] NCCL INFO               + XGMI[36.0] - GPU/D6000
nid005016:45861:45861 [0] NCCL INFO === System : maxBw 24.0 totalBw 252.0 ===
nid005016:45861:45861 [0] NCCL INFO CPU/0-3 (1/2/4)
nid005016:45861:45861 [0] NCCL INFO + PCI[24.0] - GPU/0-c1000 (0)
nid005016:45861:45861 [0] NCCL INFO               + XGMI[144.0] - GPU/C6000
nid005016:45861:45861 [0] NCCL INFO               + XGMI[72.0] - GPU/D9000
nid005016:45861:45861 [0] NCCL INFO               + XGMI[36.0] - GPU/C9000
nid005016:45861:45861 [0] NCCL INFO + PCI[24.0] - NIC/0-c5000
nid005016:45861:45861 [0] NCCL INFO               + NET[25.0] - NET/0 (a78186900/1/25.000000)
nid005016:45861:45861 [0] NCCL INFO + PCI[24.0] - GPU/0-c6000 (1)
nid005016:45861:45861 [0] NCCL INFO               + XGMI[144.0] - GPU/C1000
nid005016:45861:45861 [0] NCCL INFO               + XGMI[36.0] - GPU/CE000
nid005016:45861:45861 [0] NCCL INFO               + XGMI[36.0] - GPU/D6000
nid005016:45861:45861 [0] NCCL INFO + SYS[16.0] - CPU/1
nid005016:45861:45861 [0] NCCL INFO + SYS[16.0] - CPU/0
nid005016:45861:45861 [0] NCCL INFO + SYS[16.0] - CPU/2
nid005016:45861:45861 [0] NCCL INFO CPU/0-1 (1/2/4)
nid005016:45861:45861 [0] NCCL INFO + PCI[24.0] - NIC/0-cd000
nid005016:45861:45861 [0] NCCL INFO               + NET[25.0] - NET/1 (a78186901/1/25.000000)
nid005016:45861:45861 [0] NCCL INFO + PCI[24.0] - GPU/0-c9000 (2)
nid005016:45861:45861 [0] NCCL INFO               + XGMI[144.0] - GPU/CE000
nid005016:45861:45861 [0] NCCL INFO               + XGMI[72.0] - GPU/D1000
nid005016:45861:45861 [0] NCCL INFO               + XGMI[36.0] - GPU/C1000
nid005016:45861:45861 [0] NCCL INFO + PCI[24.0] - GPU/0-ce000 (3)
nid005016:45861:45861 [0] NCCL INFO               + XGMI[144.0] - GPU/C9000
nid005016:45866:45866 [5] NCCL INFO GPU/C1000 :GPU/0-c1000 (0/5000.0/LOC) GPU/0-c6000 (1/144.0/XGMI) GPU/0-c9000 (1/36.0/XGMI) GPU/0-ce000 (3/16.0/SYS) GPU/0-d1000 (3/16.0/SYS) GPU/0-d6000 (3/16.0/SYS) GPU/0-d9000 (1/72.0/XGMI) GPU/0-de000 (3/16.0/SYS) CPU/0-3 (1/24.0/PHB) CPU/0-1 (2/16.0/SYS) CPU/0-0 (2/16.0/SYS) CPU/0-2 (2/16.0/SYS) NET/0-0 (3/24.0/PHB) NET/0-1 (4/16.0/SYS) NET/0-2 (4/16.0/SYS) NET/0-3 (4/16.0/SYS) 
nid005016:45866:45866 [5] NCCL INFO GPU/C6000 :GPU/0-c1000 (1/144.0/XGMI) GPU/0-c6000 (0/5000.0/LOC) GPU/0-c9000 (3/16.0/SYS) GPU/0-ce000 (1/36.0/XGMI) GPU/0-d1000 (3/16.0/SYS) GPU/0-d6000 (1/36.0/XGMI) GPU/0-d9000 (3/16.0/SYS) GPU/0-de000 (3/16.0/SYS) CPU/0-3 (1/24.0/PHB) CPU/0-1 (2/16.0/SYS) CPU/0-0 (2/16.0/SYS) CPU/0-2 (2/16.0/SYS) NET/0-0 (3/24.0/PHB) NET/0-1 (4/16.0/SYS) NET/0-2 (4/16.0/SYS) NET/0-3 (4/16.0/SYS) 
nid005016:45866:45866 [5] NCCL INFO GPU/C9000 :GPU/0-c1000 (1/36.0/XGMI) GPU/0-c6000 (3/16.0/SYS) GPU/0-c9000 (0/5000.0/LOC) GPU/0-ce000 (1/144.0/XGMI) GPU/0-d1000 (1/72.0/XGMI) GPU/0-d6000 (3/16.0/SYS) GPU/0-d9000 (3/16.0/SYS) GPU/0-de000 (3/16.0/SYS) CPU/0-3 (2/16.0/SYS) CPU/0-1 (1/24.0/PHB) CPU/0-0 (2/16.0/SYS) CPU/0-2 (2/16.0/SYS) NET/0-0 (4/16.0/SYS) NET/0-1 (3/24.0/PHB) NET/0-2 (4/16.0/SYS) NET/0-3 (4/16.0/SYS) 
nid005016:45866:45866 [5] NCCL INFO GPU/CE000 :GPU/0-c1000 (3/16.0/SYS) GPU/0-c6000 (1/36.0/XGMI) GPU/0-c9000 (1/144.0/XGMI) GPU/0-ce000 (0/5000.0/LOC) GPU/0-d1000 (3/16.0/SYS) GPU/0-d6000 (3/16.0/SYS) GPU/0-d9000 (3/16.0/SYS) GPU/0-de000 (1/36.0/XGMI) CPU/0-3 (2/16.0/SYS) CPU/0-1 (1/24.0/PHB) CPU/0-0 (2/16.0/SYS) CPU/0-2 (2/16.0/SYS) NET/0-0 (4/16.0/SYS) NET/0-1 (3/24.0/PHB) NET/0-2 (4/16.0/SYS) NET/0-3 (4/16.0/SYS) 
nid005016:45866:45866 [5] NCCL INFO GPU/D1000 :GPU/0-c1000 (3/16.0/SYS) GPU/0-c6000 (3/16.0/SYS) GPU/0-c9000 (1/72.0/XGMI) GPU/0-ce000 (3/16.0/SYS) GPU/0-d1000 (0/5000.0/LOC) GPU/0-d6000 (1/144.0/XGMI) GPU/0-d9000 (1/36.0/XGMI) GPU/0-de000 (3/16.0/SYS) CPU/0-3 (2/16.0/SYS) CPU/0-1 (2/16.0/SYS) CPU/0-0 (1/24.0/PHB) CPU/0-2 (2/16.0/SYS) NET/0-0 (4/16.0/SYS) NET/0-1 (4/16.0/SYS) NET/0-2 (3/24.0/PHB) NET/0-3 (4/16.0/SYS) 
nid005016:45866:45866 [5] NCCL INFO GPU/D6000 :GPU/0-c1000 (3/16.0/SYS) GPU/0-c6000 (1/36.0/XGMI) GPU/0-c9000 (3/16.0/SYS) GPU/0-ce000 (3/16.0/SYS) GPU/0-d1000 (1/144.0/XGMI) GPU/0-d6000 (0/5000.0/LOC) GPU/0-d9000 (3/16.0/SYS) GPU/0-de000 (1/36.0/XGMI) CPU/0-3 (2/16.0/SYS) CPU/0-1 (2/16.0/SYS) CPU/0-0 (1/24.0/PHB) CPU/0-2 (2/16.0/SYS) NET/0-0 (4/16.0/SYS) NET/0-1 (4/16.0/SYS) NET/0-2 (3/24.0/PHB) NET/0-3 (4/16.0/SYS) 
nid005016:45866:45866 [5] NCCL INFO GPU/D9000 :GPU/0-c1000 (1/72.0/XGMI) GPU/0-c6000 (3/16.0/SYS) GPU/0-c9000 (3/16.0/SYS) GPU/0-ce000 (3/16.0/SYS) GPU/0-d1000 (1/36.0/XGMI) GPU/0-d6000 (3/16.0/SYS) GPU/0-d9000 (0/5000.0/LOC) GPU/0-de000 (1/144.0/XGMI) CPU/0-3 (2/16.0/SYS) CPU/0-1 (2/16.0/SYS) CPU/0-0 (2/16.0/SYS) CPU/0-2 (1/24.0/PHB) NET/0-0 (4/16.0/SYS) NET/0-1 (4/16.0/SYS) NET/0-2 (4/16.0/SYS) NET/0-3 (3/24.0/PHB) 
nid005016:45863:45863 [6] NCCL INFO === System : maxBw 24.0 totalBw 252.0 ===
nid005016:45863:45863 [6] NCCL INFO CPU/0-3 (1/2/4)
nid005016:45863:45863 [6] NCCL INFO + PCI[24.0] - GPU/0-c1000 (0)
nid005016:45863:45863 [6] NCCL INFO               + XGMI[144.0] - GPU/C6000
nid005016:45863:45863 [6] NCCL INFO               + XGMI[72.0] - GPU/D9000
nid005016:45863:45863 [6] NCCL INFO               + XGMI[36.0] - GPU/C9000
nid005016:45863:45863 [6] NCCL INFO + PCI[24.0] - NIC/0-c5000
nid005016:45863:45863 [6] NCCL INFO               + NET[25.0] - NET/0 (a78186900/1/25.000000)
nid005016:45863:45863 [6] NCCL INFO + PCI[24.0] - GPU/0-c6000 (1)
nid005016:45863:45863 [6] NCCL INFO               + XGMI[144.0] - GPU/C1000
nid005016:45863:45863 [6] NCCL INFO               + XGMI[36.0] - GPU/CE000
nid005016:45863:45863 [6] NCCL INFO               + XGMI[36.0] - GPU/D6000
nid005016:45863:45863 [6] NCCL INFO + SYS[16.0] - CPU/1
nid005016:45863:45863 [6] NCCL INFO + SYS[16.0] - CPU/0
nid005016:45863:45863 [6] NCCL INFO + SYS[16.0] - CPU/2
nid005016:45863:45863 [6] NCCL INFO CPU/0-1 (1/2/4)
nid005016:45863:45863 [6] NCCL INFO + PCI[24.0] - NIC/0-cd000
nid005016:45863:45863 [6] NCCL INFO               + NET[25.0] - NET/1 (a78186901/1/25.000000)
nid005016:45863:45863 [6] NCCL INFO + PCI[24.0] - GPU/0-c9000 (2)
nid005016:45863:45863 [6] NCCL INFO               + XGMI[144.0] - GPU/CE000
nid005016:45863:45863 [6] NCCL INFO               + XGMI[72.0] - GPU/D1000
nid005016:45863:45863 [6] NCCL INFO               + XGMI[36.0] - GPU/C1000
nid005016:45863:45863 [6] NCCL INFO + PCI[24.0] - GPU/0-ce000 (3)
nid005016:45863:45863 [6] NCCL INFO               + XGMI[144.0] - GPU/C9000
nid005016:45863:45863 [6] NCCL INFO               + XGMI[36.0] - GPU/C6000
nid005016:45863:45863 [6] NCCL INFO               + XGMI[36.0] - GPU/DE000
nid005016:45863:45863 [6] NCCL INFO + SYS[16.0] - CPU/3
nid005016:45863:45863 [6] NCCL INFO + SYS[16.0] - CPU/0
nid005016:45863:45863 [6] NCCL INFO + SYS[16.0] - CPU/2
nid005016:45863:45863 [6] NCCL INFO CPU/0-0 (1/2/4)
nid005016:45863:45863 [6] NCCL INFO + PCI[24.0] - NIC/0-d5000
nid005016:45863:45863 [6] NCCL INFO               + NET[25.0] - NET/2 (a78186902/1/25.000000)
nid005016:45860:45860 [2] NCCL INFO === System : maxBw 24.0 totalBw 252.0 ===
nid005016:45860:45860 [2] NCCL INFO CPU/0-3 (1/2/4)
nid005016:45860:45860 [2] NCCL INFO + PCI[24.0] - GPU/0-c1000 (0)
nid005016:45860:45860 [2] NCCL INFO               + XGMI[144.0] - GPU/C6000
nid005016:45860:45860 [2] NCCL INFO               + XGMI[72.0] - GPU/D9000
nid005016:45860:45860 [2] NCCL INFO               + XGMI[36.0] - GPU/C9000
nid005016:45860:45860 [2] NCCL INFO + PCI[24.0] - NIC/0-c5000
nid005016:45860:45860 [2] NCCL INFO               + NET[25.0] - NET/0 (a78186900/1/25.000000)
nid005016:45860:45860 [2] NCCL INFO + PCI[24.0] - GPU/0-c6000 (1)
nid005016:45860:45860 [2] NCCL INFO               + XGMI[144.0] - GPU/C1000
nid005016:45860:45860 [2] NCCL INFO               + XGMI[36.0] - GPU/CE000
nid005016:45860:45860 [2] NCCL INFO               + XGMI[36.0] - GPU/D6000
nid005016:45860:45860 [2] NCCL INFO + SYS[16.0] - CPU/1
nid005016:45860:45860 [2] NCCL INFO + SYS[16.0] - CPU/0
nid005016:45860:45860 [2] NCCL INFO + SYS[16.0] - CPU/2
nid005016:45860:45860 [2] NCCL INFO CPU/0-1 (1/2/4)
nid005016:45860:45860 [2] NCCL INFO + PCI[24.0] - NIC/0-cd000
nid005016:45860:45860 [2] NCCL INFO               + NET[25.0] - NET/1 (a78186901/1/25.000000)
nid005016:45860:45860 [2] NCCL INFO + PCI[24.0] - GPU/0-c9000 (2)
nid005016:45860:45860 [2] NCCL INFO               + XGMI[144.0] - GPU/CE000
nid005016:45860:45860 [2] NCCL INFO               + XGMI[72.0] - GPU/D1000
nid005016:45860:45860 [2] NCCL INFO               + XGMI[36.0] - GPU/C1000
nid005016:45860:45860 [2] NCCL INFO + PCI[24.0] - GPU/0-ce000 (3)
nid005016:45860:45860 [2] NCCL INFO               + XGMI[144.0] - GPU/C9000
nid005016:45860:45860 [2] NCCL INFO               + XGMI[36.0] - GPU/C6000
nid005016:45860:45860 [2] NCCL INFO               + XGMI[36.0] - GPU/DE000
nid005016:45860:45860 [2] NCCL INFO + SYS[16.0] - CPU/3
nid005016:45860:45860 [2] NCCL INFO + SYS[16.0] - CPU/0
nid005016:45860:45860 [2] NCCL INFO + SYS[16.0] - CPU/2
nid005016:45860:45860 [2] NCCL INFO CPU/0-0 (1/2/4)
nid005016:45860:45860 [2] NCCL INFO + PCI[24.0] - NIC/0-d5000
nid005016:45860:45860 [2] NCCL INFO               + NET[25.0] - NET/2 (a78186902/1/25.000000)
nid005016:45860:45860 [2] NCCL INFO + PCI[24.0] - GPU/0-d1000 (4)
nid005016:45860:45860 [2] NCCL INFO               + XGMI[144.0] - GPU/D6000
nid005016:45860:45860 [2] NCCL INFO               + XGMI[72.0] - GPU/C9000
nid005016:45860:45860 [2] NCCL INFO               + XGMI[36.0] - GPU/D9000
nid005016:45864:45864 [3] NCCL INFO               + XGMI[72.0] - GPU/C1000
nid005016:45864:45864 [3] NCCL INFO               + XGMI[36.0] - GPU/D1000
nid005016:45864:45864 [3] NCCL INFO + PCI[24.0] - GPU/0-de000 (7)
nid005016:45864:45864 [3] NCCL INFO               + XGMI[144.0] - GPU/D9000
nid005016:45864:45864 [3] NCCL INFO               + XGMI[36.0] - GPU/CE000
nid005016:45864:45864 [3] NCCL INFO               + XGMI[36.0] - GPU/D6000
nid005016:45864:45864 [3] NCCL INFO + SYS[16.0] - CPU/3
nid005016:45864:45864 [3] NCCL INFO + SYS[16.0] - CPU/1
nid005016:45864:45864 [3] NCCL INFO + SYS[16.0] - CPU/0
nid005016:45864:45864 [3] NCCL INFO ==========================================
nid005016:45864:45864 [3] NCCL INFO GPU/C1000 :GPU/0-c1000 (0/5000.0/LOC) GPU/0-c6000 (1/144.0/XGMI) GPU/0-c9000 (1/36.0/XGMI) GPU/0-ce000 (3/16.0/SYS) GPU/0-d1000 (3/16.0/SYS) GPU/0-d6000 (3/16.0/SYS) GPU/0-d9000 (1/72.0/XGMI) GPU/0-de000 (3/16.0/SYS) CPU/0-3 (1/24.0/PHB) CPU/0-1 (2/16.0/SYS) CPU/0-0 (2/16.0/SYS) CPU/0-2 (2/16.0/SYS) NET/0-0 (3/24.0/PHB) NET/0-1 (4/16.0/SYS) NET/0-2 (4/16.0/SYS) NET/0-3 (4/16.0/SYS) 
nid005016:45864:45864 [3] NCCL INFO GPU/C6000 :GPU/0-c1000 (1/144.0/XGMI) GPU/0-c6000 (0/5000.0/LOC) GPU/0-c9000 (3/16.0/SYS) GPU/0-ce000 (1/36.0/XGMI) GPU/0-d1000 (3/16.0/SYS) GPU/0-d6000 (1/36.0/XGMI) GPU/0-d9000 (3/16.0/SYS) GPU/0-de000 (3/16.0/SYS) CPU/0-3 (1/24.0/PHB) CPU/0-1 (2/16.0/SYS) CPU/0-0 (2/16.0/SYS) CPU/0-2 (2/16.0/SYS) NET/0-0 (3/24.0/PHB) NET/0-1 (4/16.0/SYS) NET/0-2 (4/16.0/SYS) NET/0-3 (4/16.0/SYS) 
nid005016:45864:45864 [3] NCCL INFO GPU/C9000 :GPU/0-c1000 (1/36.0/XGMI) GPU/0-c6000 (3/16.0/SYS) GPU/0-c9000 (0/5000.0/LOC) GPU/0-ce000 (1/144.0/XGMI) GPU/0-d1000 (1/72.0/XGMI) GPU/0-d6000 (3/16.0/SYS) GPU/0-d9000 (3/16.0/SYS) GPU/0-de000 (3/16.0/SYS) CPU/0-3 (2/16.0/SYS) CPU/0-1 (1/24.0/PHB) CPU/0-0 (2/16.0/SYS) CPU/0-2 (2/16.0/SYS) NET/0-0 (4/16.0/SYS) NET/0-1 (3/24.0/PHB) NET/0-2 (4/16.0/SYS) NET/0-3 (4/16.0/SYS) 
nid005016:45864:45864 [3] NCCL INFO GPU/CE000 :GPU/0-c1000 (3/16.0/SYS) GPU/0-c6000 (1/36.0/XGMI) GPU/0-c9000 (1/144.0/XGMI) GPU/0-ce000 (0/5000.0/LOC) GPU/0-d1000 (3/16.0/SYS) GPU/0-d6000 (3/16.0/SYS) GPU/0-d9000 (3/16.0/SYS) GPU/0-de000 (1/36.0/XGMI) CPU/0-3 (2/16.0/SYS) CPU/0-1 (1/24.0/PHB) CPU/0-0 (2/16.0/SYS) CPU/0-2 (2/16.0/SYS) NET/0-0 (4/16.0/SYS) NET/0-1 (3/24.0/PHB) NET/0-2 (4/16.0/SYS) NET/0-3 (4/16.0/SYS) 
nid005016:45864:45864 [3] NCCL INFO GPU/D1000 :GPU/0-c1000 (3/16.0/SYS) GPU/0-c6000 (3/16.0/SYS) GPU/0-c9000 (1/72.0/XGMI) GPU/0-ce000 (3/16.0/SYS) GPU/0-d1000 (0/5000.0/LOC) GPU/0-d6000 (1/144.0/XGMI) GPU/0-d9000 (1/36.0/XGMI) GPU/0-de000 (3/16.0/SYS) CPU/0-3 (2/16.0/SYS) CPU/0-1 (2/16.0/SYS) CPU/0-0 (1/24.0/PHB) CPU/0-2 (2/16.0/SYS) NET/0-0 (4/16.0/SYS) NET/0-1 (4/16.0/SYS) NET/0-2 (3/24.0/PHB) NET/0-3 (4/16.0/SYS) 
nid005016:45864:45864 [3] NCCL INFO GPU/D6000 :GPU/0-c1000 (3/16.0/SYS) GPU/0-c6000 (1/36.0/XGMI) GPU/0-c9000 (3/16.0/SYS) GPU/0-ce000 (3/16.0/SYS) GPU/0-d1000 (1/144.0/XGMI) GPU/0-d6000 (0/5000.0/LOC) GPU/0-d9000 (3/16.0/SYS) GPU/0-de000 (1/36.0/XGMI) CPU/0-3 (2/16.0/SYS) CPU/0-1 (2/16.0/SYS) CPU/0-0 (1/24.0/PHB) CPU/0-2 (2/16.0/SYS) NET/0-0 (4/16.0/SYS) NET/0-1 (4/16.0/SYS) NET/0-2 (3/24.0/PHB) NET/0-3 (4/16.0/SYS) 
nid005016:45864:45864 [3] NCCL INFO GPU/D9000 :GPU/0-c1000 (1/72.0/XGMI) GPU/0-c6000 (3/16.0/SYS) GPU/0-c9000 (3/16.0/SYS) GPU/0-ce000 (3/16.0/SYS) GPU/0-d1000 (1/36.0/XGMI) GPU/0-d6000 (3/16.0/SYS) GPU/0-d9000 (0/5000.0/LOC) GPU/0-de000 (1/144.0/XGMI) CPU/0-3 (2/16.0/SYS) CPU/0-1 (2/16.0/SYS) CPU/0-0 (2/16.0/SYS) CPU/0-2 (1/24.0/PHB) NET/0-0 (4/16.0/SYS) NET/0-1 (4/16.0/SYS) NET/0-2 (4/16.0/SYS) NET/0-3 (3/24.0/PHB) 
nid005016:45864:45864 [3] NCCL INFO GPU/DE000 :GPU/0-c1000 (3/16.0/SYS) GPU/0-c6000 (3/16.0/SYS) GPU/0-c9000 (3/16.0/SYS) GPU/0-ce000 (1/36.0/XGMI) GPU/0-d1000 (3/16.0/SYS) GPU/0-d6000 (1/36.0/XGMI) GPU/0-d9000 (1/144.0/XGMI) GPU/0-de000 (0/5000.0/LOC) CPU/0-3 (2/16.0/SYS) CPU/0-1 (2/16.0/SYS) CPU/0-0 (2/16.0/SYS) CPU/0-2 (1/24.0/PHB) NET/0-0 (4/16.0/SYS) NET/0-1 (4/16.0/SYS) NET/0-2 (4/16.0/SYS) NET/0-3 (3/24.0/PHB) 
nid005016:45864:45864 [3] NCCL nid005016:45865:45865 [7] NCCL INFO GPU/C6000 :GPU/0-c1000 (1/144.0/XGMI) GPU/0-c6000 (0/5000.0/LOC) GPU/0-c9000 (3/16.0/SYS) GPU/0-ce000 (1/36.0/XGMI) GPU/0-d1000 (3/16.0/SYS) GPU/0-d6000 (1/36.0/XGMI) GPU/0-d9000 (3/16.0/SYS) GPU/0-de000 (3/16.0/SYS) CPU/0-3 (1/24.0/PHB) CPU/0-1 (2/16.0/SYS) CPU/0-0 (2/16.0/SYS) CPU/0-2 (2/16.0/SYS) NET/0-0 (3/24.0/PHB) NET/0-1 (4/16.0/SYS) NET/0-2 (4/16.0/SYS) NET/0-3 (4/16.0/SYS) 
nid005016:45865:45865 [7] NCCL INFO GPU/C9000 :GPU/0-c1000 (1/36.0/XGMI) GPU/0-c6000 (3/16.0/SYS) GPU/0-c9000 (0/5000.0/LOC) GPU/0-ce000 (1/144.0/XGMI) GPU/0-d1000 (1/72.0/XGMI) GPU/0-d6000 (3/16.0/SYS) GPU/0-d9000 (3/16.0/SYS) GPU/0-de000 (3/16.0/SYS) CPU/0-3 (2/16.0/SYS) CPU/0-1 (1/24.0/PHB) CPU/0-0 (2/16.0/SYS) CPU/0-2 (2/16.0/SYS) NET/0-0 (4/16.0/SYS) NET/0-1 (3/24.0/PHB) NET/0-2 (4/16.0/SYS) NET/0-3 (4/16.0/SYS) 
nid005016:45865:45865 [7] NCCL INFO GPU/CE000 :GPU/0-c1000 (3/16.0/SYS) GPU/0-c6000 (1/36.0/XGMI) GPU/0-c9000 (1/144.0/XGMI) GPU/0-ce000 (0/5000.0/LOC) GPU/0-d1000 (3/16.0/SYS) GPU/0-d6000 (3/16.0/SYS) GPU/0-d9000 (3/16.0/SYS) GPU/0-de000 (1/36.0/XGMI) CPU/0-3 (2/16.0/SYS) CPU/0-1 (1/24.0/PHB) CPU/0-0 (2/16.0/SYS) CPU/0-2 (2/16.0/SYS) NET/0-0 (4/16.0/SYS) NET/0-1 (3/24.0/PHB) NET/0-2 (4/16.0/SYS) NET/0-3 (4/16.0/SYS) 
nid005016:45865:45865 [7] NCCL INFO GPU/D1000 :GPU/0-c1000 (3/16.0/SYS) GPU/0-c6000 (3/16.0/SYS) GPU/0-c9000 (1/72.0/XGMI) GPU/0-ce000 (3/16.0/SYS) GPU/0-d1000 (0/5000.0/LOC) GPU/0-d6000 (1/144.0/XGMI) GPU/0-d9000 (1/36.0/XGMI) GPU/0-de000 (3/16.0/SYS) CPU/0-3 (2/16.0/SYS) CPU/0-1 (2/16.0/SYS) CPU/0-0 (1/24.0/PHB) CPU/0-2 (2/16.0/SYS) NET/0-0 (4/16.0/SYS) NET/0-1 (4/16.0/SYS) NET/0-2 (3/24.0/PHB) NET/0-3 (4/16.0/SYS) 
nid005016:45865:45865 [7] NCCL INFO GPU/D6000 :GPU/0-c1000 (3/16.0/SYS) GPU/0-c6000 (1/36.0/XGMI) GPU/0-c9000 (3/16.0/SYS) GPU/0-ce000 (3/16.0/SYS) GPU/0-d1000 (1/144.0/XGMI) GPU/0-d6000 (0/5000.0/LOC) GPU/0-d9000 (3/16.0/SYS) GPU/0-de000 (1/36.0/XGMI) CPU/0-3 (2/16.0/SYS) CPU/0-1 (2/16.0/SYS) CPU/0-0 (1/24.0/PHB) CPU/0-2 (2/16.0/SYS) NET/0-0 (4/16.0/SYS) NET/0-1 (4/16.0/SYS) NET/0-2 (3/24.0/PHB) NET/0-3 (4/16.0/SYS) 
nid005016:45865:45865 [7] NCCL INFO GPU/D9000 :GPU/0-c1000 (1/72.0/XGMI) GPU/0-c6000 (3/16.0/SYS) GPU/0-c9000 (3/16.0/SYS) GPU/0-ce000 (3/16.0/SYS) GPU/0-d1000 (1/36.0/XGMI) GPU/0-d6000 (3/16.0/SYS) GPU/0-d9000 (0/5000.0/LOC) GPU/0-de000 (1/144.0/XGMI) CPU/0-3 (2/16.0/SYS) CPU/0-1 (2/16.0/SYS) CPU/0-0 (2/16.0/SYS) CPU/0-2 (1/24.0/PHB) NET/0-0 (4/16.0/SYS) NET/0-1 (4/16.0/SYS) NET/0-2 (4/16.0/SYS) NET/0-3 (3/24.0/PHB) 
nid005016:45865:45865 [7] NCCL INFO GPU/DE000 :GPU/0-c1000 (3/16.0/SYS) GPU/0-c6000 (3/16.0/SYS) GPU/0-c9000 (3/16.0/SYS) GPU/0-ce000 (1/36.0/XGMI) GPU/0-d1000 (3/16.0/SYS) GPU/0-d6000 (1/36.0/XGMI) GPU/0-d9000 (1/144.0/XGMI) GPU/0-de000 (0/5000.0/LOC) CPU/0-3 (2/16.0/SYS) CPU/0-1 (2/16.0/SYS) CPU/0-0 (2/16.0/SYS) CPU/0-2 (1/24.0/PHB) NET/0-0 (4/16.0/SYS) NET/0-1 (4/16.0/SYS) NET/0-2 (4/16.0/SYS) NET/0-3 (3/24.0/PHB) 
nid005016:45865:45865 [7] NCCL INFO NET/0 :GPU/0-c1000 (3/24.0/PHB) GPU/0-c6000 (3/24.0/PHB) GPU/0-c9000 (4/16.0/SYS) GPU/0-ce000 (4/16.0/SYS) GPU/0-d1000 (4/16.0/SYS) GPU/0-d6000 (4/16.0/SYS) GPU/0-d9000 (4/16.0/SYS) GPU/0-de000 (4/16.0/SYS) CPU/0-3 (2/24.0/PHB) CPU/0-1 (3/16.0/SYS) CPU/0-0 (3/16.0/SYS) CPU/0-2 (3/16.0/SYS) NET/0-0 (0/5000.0/LOC) NET/0-1 (5/16.0/SYS) NET/0-2 (5/16.0/SYS) NET/0-3 (5/16.0/SYS) 
nid005016:45865:45865 [7] NCCL INFO NET/1 :GPU/0-c1000 (4/16.0/SYS) GPU/0-c6000 (4/16.0/SYS) GPU/0-c9000 (3/24.0/PHB) GPU/0-ce000 (3/24.0/PHB) GPU/0-d1000 (4/16.0/SYS) GPU/0-d6000 (4/16.0/SYS) GPU/0-d9000 (4/16.0/SYS) GPU/0-de000 (4/16.0/SYS) CPU/0-3 (3/16.0/SYS) CPU/0-1 (2/24.0/PHB) CPU/0-0 (3/16.0/SYS) CPU/0-2 (3/16.0/SYS) NET/0-0 (5/16.0/SYS) NET/0-1 (0/5000.0/LOC) NET/0-2 (5/16.0/SYS) NET/0-3 (5/16.0/SYS) 
nid005016:45865:45865 [7] NCCL INFO NET/2 :GPU/0-c1000 (4/16.0/SYS) GPU/0-c6000 (4/16.0/SYS) GPU/0-c9000 (4/16.0/SYS) GPU/0-ce000 (4/16.0/SYS) GPU/0-d1000 (3/24.0/PHB) GPU/0-d6000 (3/24.0/PHB) GPU/0-d9000 (4/16.0/SYS) GPU/0-de000 (4/16.0/SYS) CPU/0-3 (3/16.0/SYS) CPU/0-1 (3/16.0/SYS) CPU/0-0 (2/24.0/PHB) CPU/0-2nid005016:45862:45862 [4] NCCL INFO               + XGMI[144.0] - GPU/C9000
nid005016:45862:45862 [4] NCCL INFO               + XGMI[36.0] - GPU/C6000
nid005016:45862:45862 [4] NCCL INFO               + XGMI[36.0] - GPU/DE000
nid005016:45862:45862 [4] NCCL INFO + SYS[16.0] - CPU/3
nid005016:45862:45862 [4] NCCL INFO + SYS[16.0] - CPU/0
nid005016:45862:45862 [4] NCCL INFO + SYS[16.0] - CPU/2
nid005016:45862:45862 [4] NCCL INFO CPU/0-0 (1/2/4)
nid005016:45862:45862 [4] NCCL INFO + PCI[24.0] - NIC/0-d5000
nid005016:45862:45862 [4] NCCL INFO               + NET[25.0] - NET/2 (a78186902/1/25.000000)
nid005016:45862:45862 [4] NCCL INFO + PCI[24.0] - GPU/0-d1000 (4)
nid005016:45862:45862 [4] NCCL INFO               + XGMI[144.0] - GPU/D6000
nid005016:45862:45862 [4] NCCL INFO               + XGMI[72.0] - GPU/C9000
nid005016:45862:45862 [4] NCCL INFO               + XGMI[36.0] - GPU/D9000
nid005016:45862:45862 [4] NCCL INFO + PCI[24.0] - GPU/0-d6000 (5)
nid005016:45862:45862 [4] NCCL INFO               + XGMI[144.0] - GPU/D1000
nid005016:45862:45862 [4] NCCL INFO               + XGMI[36.0] - GPU/C6000
nid005016:45862:45862 [4] NCCL INFO               + XGMI[36.0] - GPU/DE000
nid005016:45862:45862 [4] NCCL INFO + SYS[16.0] - CPU/3
nid005016:45862:45862 [4] NCCL INFO + SYS[16.0] - CPU/1
nid005016:45862:45862 [4] NCCL INFO + SYS[16.0] - CPU/2
nid005016:45862:45862 [4] NCCL INFO CPU/0-2 (1/2/4)
nid005016:45862:45862 [4] NCCL INFO + PCI[24.0] - NIC/0-dd000
nid005016:45862:45862 [4] NCCL INFO               + NET[25.0] - NET/3 (a78186903/1/25.000000)
nid005016:45862:45862 [4] NCCL INFO + PCI[24.0] - GPU/0-d9000 (6)
nid005016:45862:45862 [4] NCCL INFO               + XGMI[144.0] - GPU/DE000
nid005016:45862:45862 [4] NCCL INFO               + XGMI[72.0] - GPU/C1000
nid005016:45862:45862 [4] NCCL INFO               + XGMI[36.0] - GPU/D1000
nid005016:45862:45862 [4] NCCL INFO + PCI[24.0] - GPU/0-de000 (7)
nid005016:45862:45862 [4] NCCL INFO               + XGMI[144.0] - GPU/D9000
nid005016:45862:45862 [4] NCCL INFO               + XGMI[36.0] - GPU/CE000
nid005016:45862:45862 [4] NCCL INFO               + XGMI[36.0] - GPU/D6000
nid005016:45862:45862 [4] NCCL INFO + SYS[16.0] - CPU/3
nid005016:45862:45862 [4] NCCL INFO + SYS[16.0] - CPU/1
nid005016:45862:45862 [4] NCCL INFO + SYS[16.0] - CPU/0
nid005016:45862:45862 [4] NCCL INFO ==========================================
nid005016:45862:45862 [4] NCCL INFO GPU/C1000 :GPU/0-c1000 (0/5000.0/LOC) GPU/0-c6000 (1/144.0/XGMI) GPU/0-c9000 (1/36.0/XGMI) GPU/0-ce000 (3/16.0/SYS) GPU/0-d1000 (3/16.0/SYS) GPU/0-d6000 (3/16.0/SYS) GPU/0-d9000 (1/72.0/XGMI) GPU/0-de000 (3/16.0/SYS) CPU/0-3 (1/24.0/PHB) CPU/0-1 (2/16.0/SYS) CPU/0-0 (2/16.0/SYS) CPU/0-2 (2/16.0/SYS) NET/0-0 (3/24.0/PHB) NET/0-1 (4/16.0/SYS) NET/0-2 (4/16.0/SYS) NET/0-3 (4/16.0/SYS) 
nid005016:45862:45862 [4] NCCL INFO GPU/C6000 :GPU/0-c1000 (1/144.0/XGMI) GPU/0-c6000 (0/5000.0/LOC) GPU/0-c9000 (3/16.0/SYS) GPU/0-ce000 (1/36.0/XGMI) GPU/0-d1000 (3/16.0/SYS) GPU/0-d6000 (1/36.0/XGMI) GPU/0-d9000 (3/16.0/SYS) GPU/0-de000 (3/16.0/SYS) CPU/0-3 (1/24.0/PHB) CPU/0-1 (2/16.0/SYS) CPU/0-0 (2/16.0/SYS) CPU/0-2 (2/16.0/SYS) NET/0-0 (3/24.0/PHB) NET/0-1 (4/16.0/SYS) NET/0-2 (4/16.0/SYS) NET/0-3 (4/16.0/SYS) 
nid005016:45862:45862 [4] NCCL INFO GPU/C9000 :GPU/0-c1000 (1/36.0/XGMI) GPU/0-c6000 (3/16.0/SYS) GPU/0-c9000 (0/5000.0/LOC) GPU/0-ce000 (1/144.0/XGMI) GPU/0-d1000 (1/72.0/XGMI) GPU/0-d6000 (3/16.0/SYS) GPU/0-d9000 (3/16.0/SYS) GPU/0-de000 (3/16.0/SYS) CPU/0-3 (2/16.0/SYS) CPU/0-1 (1/24.0/PHB) CPU/0-0 (2/16.0/SYS) CPU/0-2 (2/16.0/SYS) NET/0-0 (4/16.0/SYS) NET/0-1 (3/24.0/PHB) NET/0-2 (4/16.0/SYS) NET/0-3 (4/16.0/SYS) 
nid005016:45862:45862 [4] NCCL INFO GPU/CE000 :GPU/0-c1000 (3/16.0/SYS) GPU/0-c6000 (1/36.0/XGMI) GPU/0-c9000 (1/144.0/XGMI) GPU/0-ce000 (0/5000.0/LOC) GPU/0-d1000 (3/16.0/SYS) GPU/0-d6000 (3/16.0/SYS) GPU/0-d9000 (3/16.0/SYS) GPU/0-de000 (1/36.0/XGMI) CPU/0-3 (2/16.0/SYS) CPU/0-1 (1/24.0/PHB) CPU/0-0 (2/16.0/SYS) CPU/0-2 (2/16.0/SYS) NET/0-0 (4/16.0/SYS) NET/0-1 (3/24.0/PHB) NET/0-2 (4/16.0/SYS) NET/0-3 (4/16.0/SYS) 
nid005016:45859:45859 [1] NCCL INFO + SYS[16.0] - CPU/3
nid005016:45859:45859 [1] NCCL INFO + SYS[16.0] - CPU/1
nid005016:45859:45859 [1] NCCL INFO + SYS[16.0] - CPU/0
nid005016:45859:45859 [1] NCCL INFO ==========================================
nid005016:45859:45859 [1] NCCL INFO GPU/C1000 :GPU/0-c1000 (0/5000.0/LOC) GPU/0-c6000 (1/144.0/XGMI) GPU/0-c9000 (1/36.0/XGMI) GPU/0-ce000 (3/16.0/SYS) GPU/0-d1000 (3/16.0/SYS) GPU/0-d6000 (3/16.0/SYS) GPU/0-d9000 (1/72.0/XGMI) GPU/0-de000 (3/16.0/SYS) CPU/0-3 (1/24.0/PHB) CPU/0-1 (2/16.0/SYS) CPU/0-0 (2/16.0/SYS) CPU/0-2 (2/16.0/SYS) NET/0-0 (3/24.0/PHB) NET/0-1 (4/16.0/SYS) NET/0-2 (4/16.0/SYS) NET/0-3 (4/16.0/SYS) 
nid005016:45859:45859 [1] NCCL INFO GPU/C6000 :GPU/0-c1000 (1/144.0/XGMI) GPU/0-c6000 (0/5000.0/LOC) GPU/0-c9000 (3/16.0/SYS) GPU/0-ce000 (1/36.0/XGMI) GPU/0-d1000 (3/16.0/SYS) GPU/0-d6000 (1/36.0/XGMI) GPU/0-d9000 (3/16.0/SYS) GPU/0-de000 (3/16.0/SYS) CPU/0-3 (1/24.0/PHB) CPU/0-1 (2/16.0/SYS) CPU/0-0 (2/16.0/SYS) CPU/0-2 (2/16.0/SYS) NET/0-0 (3/24.0/PHB) NET/0-1 (4/16.0/SYS) NET/0-2 (4/16.0/SYS) NET/0-3 (4/16.0/SYS) 
nid005016:45859:45859 [1] NCCL INFO GPU/C9000 :GPU/0-c1000 (1/36.0/XGMI) GPU/0-c6000 (3/16.0/SYS) GPU/0-c9000 (0/5000.0/LOC) GPU/0-ce000 (1/144.0/XGMI) GPU/0-d1000 (1/72.0/XGMI) GPU/0-d6000 (3/16.0/SYS) GPU/0-d9000 (3/16.0/SYS) GPU/0-de000 (3/16.0/SYS) CPU/0-3 (2/16.0/SYS) CPU/0-1 (1/24.0/PHB) CPU/0-0 (2/16.0/SYS) CPU/0-2 (2/16.0/SYS) NET/0-0 (4/16.0/SYS) NET/0-1 (3/24.0/PHB) NET/0-2 (4/16.0/SYS) NET/0-3 (4/16.0/SYS) 
nid005016:45859:45859 [1] NCCL INFO GPU/CE000 :GPU/0-c1000 (3/16.0/SYS) GPU/0-c6000 (1/36.0/XGMI) GPU/0-c9000 (1/144.0/XGMI) GPU/0-ce000 (0/5000.0/LOC) GPU/0-d1000 (3/16.0/SYS) GPU/0-d6000 (3/16.0/SYS) GPU/0-d9000 (3/16.0/SYS) GPU/0-de000 (1/36.0/XGMI) CPU/0-3 (2/16.0/SYS) CPU/0-1 (1/24.0/PHB) CPU/0-0 (2/16.0/SYS) CPU/0-2 (2/16.0/SYS) NET/0-0 (4/16.0/SYS) NET/0-1 (3/24.0/PHB) NET/0-2 (4/16.0/SYS) NET/0-3 (4/16.0/SYS) 
nid005016:45859:45859 [1] NCCL INFO GPU/D1000 :GPU/0-c1000 (3/16.0/SYS) GPU/0-c6000 (3/16.0/SYS) GPU/0-c9000 (1/72.0/XGMI) GPU/0-ce000 (3/16.0/SYS) GPU/0-d1000 (0/5000.0/LOC) GPU/0-d6000 (1/144.0/XGMI) GPU/0-d9000 (1/36.0/XGMI) GPU/0-de000 (3/16.0/SYS) CPU/0-3 (2/16.0/SYS) CPU/0-1 (2/16.0/SYS) CPU/0-0 (1/24.0/PHB) CPU/0-2 (2/16.0/SYS) NET/0-0 (4/16.0/SYS) NET/0-1 (4/16.0/SYS) NET/0-2 (3/24.0/PHB) NET/0-3 (4/16.0/SYS) 
nid005016:45859:45859 [1] NCCL INFO GPU/D6000 :GPU/0-c1000 (3/16.0/SYS) GPU/0-c6000 (1/36.0/XGMI) GPU/0-c9000 (3/16.0/SYS) GPU/0-ce000 (3/16.0/SYS) GPU/0-d1000 (1/144.0/XGMI) GPU/0-d6000 (0/5000.0/LOC) GPU/0-d9000 (3/16.0/SYS) GPU/0-de000 (1/36.0/XGMI) CPU/0-3 (2/16.0/SYS) CPU/0-1 (2/16.0/SYS) CPU/0-0 (1/24.0/PHB) CPU/0-2 (2/16.0/SYS) NET/0-0 (4/16.0/SYS) NET/0-1 (4/16.0/SYS) NET/0-2 (3/24.0/PHB) NET/0-3 (4/16.0/SYS) 
nid005016:45859:45859 [1] NCCL INFO GPU/D9000 :GPU/0-c1000 (1/72.0/XGMI) GPU/0-c6000 (3/16.0/SYS) GPU/0-c9000 (3/16.0/SYS) GPU/0-ce000 (3/16.0/SYS) GPU/0-d1000 (1/36.0/XGMI) GPU/0-d6000 (3/16.0/SYS) GPU/0-d9000 (0/5000.0/LOC) GPU/0-de000 (1/144.0/XGMI) CPU/0-3 (2/16.0/SYS) CPU/0-1 (2/16.0/SYS) CPU/0-0 (2/16.0/SYS) CPU/0-2 (1/24.0/PHB) NET/0-0 (4/16.0/SYS) NET/0-1 (4/16.0/SYS) NET/0-2 (4/16.0/SYS) NET/0-3 (3/24.0/PHB) 
nid005016:45859:45859 [1] NCCL INFO GPU/DE000 :GPU/0-c1000 (3/16.0/SYS) GPU/0-c6000 (3/16.0/SYS) GPU/0-c9000 (3/16.0/SYS) GPU/0-ce000 (1/36.0/XGMI) GPU/0-d1000 (3/16.0/SYS) GPU/0-d6000 (1/36.0/XGMI) GPU/0-d9000 (1/144.0/XGMI) GPU/0-de000 (0/5000.0/LOC) CPU/0-3 (2/16.0/SYS) CPU/0-1 (2/16.0/SYS) CPU/0-0 (2/16.0/SYS) CPU/0-2 (1/24.0/PHB) NET/0-0 (4/16.0/SYS) NET/0-1 (4/16.0/SYS) NET/0-2 (4/16.0/SYS) NET/0-3 (3/24.0/PHB) 
nid005016:45859:45859 [1] NCCL INFO NET/0 :GPU/0-c1000 (3/24.0/PHB) GPU/0-c6000 (3/24.0/PHB) GPU/0-c9000 (4/16.0/SYS) GPU/0-ce000 (4/16.0/SYS) GPU/0-d1000 (4/16.0/SYS) GPU/0-d6000 (4/16.0/SYS) GPU/0-d9000 (4/16.0/SYS) GPU/0-de000 (4/16.0/SYS) CPU/0-3 (2/24.0/PHB) CPU/0-1 (3/16.0/SYS) CPU/0-0 (3/16.0/SYS) CPU/0-2 (3/16.0/SYS) NET/0-0 (0/5000.0/LOC) NET/0-1 (5/16.0/SYS) NET/0-2 (5/16.0/SYS) NET/0-3 (5/16.0/SYS) 
nid005016:45859:45859 [1] NCCL INFO NET/1 :GPU/0-c1000 (4/nid005016:45861:45861 [0] NCCL INFO               + XGMI[36.0] - GPU/C6000
nid005016:45861:45861 [0] NCCL INFO               + XGMI[36.0] - GPU/DE000
nid005016:45861:45861 [0] NCCL INFO + SYS[16.0] - CPU/3
nid005016:45861:45861 [0] NCCL INFO + SYS[16.0] - CPU/0
nid005016:45861:45861 [0] NCCL INFO + SYS[16.0] - CPU/2
nid005016:45861:45861 [0] NCCL INFO CPU/0-0 (1/2/4)
nid005016:45861:45861 [0] NCCL INFO + PCI[24.0] - NIC/0-d5000
nid005016:45861:45861 [0] NCCL INFO               + NET[25.0] - NET/2 (a78186902/1/25.000000)
nid005016:45861:45861 [0] NCCL INFO + PCI[24.0] - GPU/0-d1000 (4)
nid005016:45861:45861 [0] NCCL INFO               + XGMI[144.0] - GPU/D6000
nid005016:45861:45861 [0] NCCL INFO               + XGMI[72.0] - GPU/C9000
nid005016:45861:45861 [0] NCCL INFO               + XGMI[36.0] - GPU/D9000
nid005016:45861:45861 [0] NCCL INFO + PCI[24.0] - GPU/0-d6000 (5)
nid005016:45861:45861 [0] NCCL INFO               + XGMI[144.0] - GPU/D1000
nid005016:45861:45861 [0] NCCL INFO               + XGMI[36.0] - GPU/C6000
nid005016:45861:45861 [0] NCCL INFO               + XGMI[36.0] - GPU/DE000
nid005016:45861:45861 [0] NCCL INFO + SYS[16.0] - CPU/3
nid005016:45861:45861 [0] NCCL INFO + SYS[16.0] - CPU/1
nid005016:45861:45861 [0] NCCL INFO + SYS[16.0] - CPU/2
nid005016:45861:45861 [0] NCCL INFO CPU/0-2 (1/2/4)
nid005016:45861:45861 [0] NCCL INFO + PCI[24.0] - NIC/0-dd000
nid005016:45861:45861 [0] NCCL INFO               + NET[25.0] - NET/3 (a78186903/1/25.000000)
nid005016:45861:45861 [0] NCCL INFO + PCI[24.0] - GPU/0-d9000 (6)
nid005016:45861:45861 [0] NCCL INFO               + XGMI[144.0] - GPU/DE000
nid005016:45861:45861 [0] NCCL INFO               + XGMI[72.0] - GPU/C1000
nid005016:45861:45861 [0] NCCL INFO               + XGMI[36.0] - GPU/D1000
nid005016:45861:45861 [0] NCCL INFO + PCI[24.0] - GPU/0-de000 (7)
nid005016:45861:45861 [0] NCCL INFO               + XGMI[144.0] - GPU/D9000
nid005016:45861:45861 [0] NCCL INFO               + XGMI[36.0] - GPU/CE000
nid005016:45861:45861 [0] NCCL INFO               + XGMI[36.0] - GPU/D6000
nid005016:45861:45861 [0] NCCL INFO + SYS[16.0] - CPU/3
nid005016:45861:45861 [0] NCCL INFO + SYS[16.0] - CPU/1
nid005016:45861:45861 [0] NCCL INFO + SYS[16.0] - CPU/0
nid005016:45861:45861 [0] NCCL INFO ==========================================
nid005016:45861:45861 [0] NCCL INFO GPU/C1000 :GPU/0-c1000 (0/5000.0/LOC) GPU/0-c6000 (1/144.0/XGMI) GPU/0-c9000 (1/36.0/XGMI) GPU/0-ce000 (3/16.0/SYS) GPU/0-d1000 (3/16.0/SYS) GPU/0-d6000 (3/16.0/SYS) GPU/0-d9000 (1/72.0/XGMI) GPU/0-de000 (3/16.0/SYS) CPU/0-3 (1/24.0/PHB) CPU/0-1 (2/16.0/SYS) CPU/0-0 (2/16.0/SYS) CPU/0-2 (2/16.0/SYS) NET/0-0 (3/24.0/PHB) NET/0-1 (4/16.0/SYS) NET/0-2 (4/16.0/SYS) NET/0-3 (4/16.0/SYS) 
nid005016:45861:45861 [0] NCCL INFO GPU/C6000 :GPU/0-c1000 (1/144.0/XGMI) GPU/0-c6000 (0/5000.0/LOC) GPU/0-c9000 (3/16.0/SYS) GPU/0-ce000 (1/36.0/XGMI) GPU/0-d1000 (3/16.0/SYS) GPU/0-d6000 (1/36.0/XGMI) GPU/0-d9000 (3/16.0/SYS) GPU/0-de000 (3/16.0/SYS) CPU/0-3 (1/24.0/PHB) CPU/0-1 (2/16.0/SYS) CPU/0-0 (2/16.0/SYS) CPU/0-2 (2/16.0/SYS) NET/0-0 (3/24.0/PHB) NET/0-1 (4/16.0/SYS) NET/0-2 (4/16.0/SYS) NET/0-3 (4/16.0/SYS) 
nid005016:45861:45861 [0] NCCL INFO GPU/C9000 :GPU/0-c1000 (1/36.0/XGMI) GPU/0-c6000 (3/16.0/SYS) GPU/0-c9000 (0/5000.0/LOC) GPU/0-ce000 (1/144.0/XGMI) GPU/0-d1000 (1/72.0/XGMI) GPU/0-d6000 (3/16.0/SYS) GPU/0-d9000 (3/16.0/SYS) GPU/0-de000 (3/16.0/SYS) CPU/0-3 (2/16.0/SYS) CPU/0-1 (1/24.0/PHB) CPU/0-0 (2/16.0/SYS) CPU/0-2 (2/16.0/SYS) NET/0-0 (4/16.0/SYS) NET/0-1 (3/24.0/PHB) NET/0-2 (4/16.0/SYS) NET/0-3 (4/16.0/SYS) 
nid005016:45861:45861 [0] NCCL INFO GPU/CE000 :GPU/0-c1000 (3/16.0/SYS) GPU/0-c6000 (1/36.0/XGMI) GPU/0-c9000 (1/144.0/XGMI) GPU/0-ce000 (0/5000.0/LOC) GPU/0-d1000 (3/16.0/SYS) GPU/0-d6000 (3/16.0/SYS) GPU/0-d9000 (3/16.0/SYS) GPU/0-de000 (1/36.0/XGMI) CPU/0-3 (2/16.0/SYS) CPU/0-1 (1/24.0/PHB) CPU/0-0 (2/16.0/SYS) CPU/0-2 (2/16.0/SYS) NET/0-0 (4/16.0/SYS) NET/0-1 (3/24.0/PHB) NET/0-2 (4/16.0/SYS) NET/0-3 (4/16.0/SYS) 
nid005016:45861:45861 [0] NCCL INFO GPU/D1000 :GPU/0-c1000 (3/16.0/SYS) GPU/0-c6000 (3/16.nid005016:45866:45866 [5] NCCL INFO GPU/DE000 :GPU/0-c1000 (3/16.0/SYS) GPU/0-c6000 (3/16.0/SYS) GPU/0-c9000 (3/16.0/SYS) GPU/0-ce000 (1/36.0/XGMI) GPU/0-d1000 (3/16.0/SYS) GPU/0-d6000 (1/36.0/XGMI) GPU/0-d9000 (1/144.0/XGMI) GPU/0-de000 (0/5000.0/LOC) CPU/0-3 (2/16.0/SYS) CPU/0-1 (2/16.0/SYS) CPU/0-0 (2/16.0/SYS) CPU/0-2 (1/24.0/PHB) NET/0-0 (4/16.0/SYS) NET/0-1 (4/16.0/SYS) NET/0-2 (4/16.0/SYS) NET/0-3 (3/24.0/PHB) 
nid005016:45866:45866 [5] NCCL INFO NET/0 :GPU/0-c1000 (3/24.0/PHB) GPU/0-c6000 (3/24.0/PHB) GPU/0-c9000 (4/16.0/SYS) GPU/0-ce000 (4/16.0/SYS) GPU/0-d1000 (4/16.0/SYS) GPU/0-d6000 (4/16.0/SYS) GPU/0-d9000 (4/16.0/SYS) GPU/0-de000 (4/16.0/SYS) CPU/0-3 (2/24.0/PHB) CPU/0-1 (3/16.0/SYS) CPU/0-0 (3/16.0/SYS) CPU/0-2 (3/16.0/SYS) NET/0-0 (0/5000.0/LOC) NET/0-1 (5/16.0/SYS) NET/0-2 (5/16.0/SYS) NET/0-3 (5/16.0/SYS) 
nid005016:45866:45866 [5] NCCL INFO NET/1 :GPU/0-c1000 (4/16.0/SYS) GPU/0-c6000 (4/16.0/SYS) GPU/0-c9000 (3/24.0/PHB) GPU/0-ce000 (3/24.0/PHB) GPU/0-d1000 (4/16.0/SYS) GPU/0-d6000 (4/16.0/SYS) GPU/0-d9000 (4/16.0/SYS) GPU/0-de000 (4/16.0/SYS) CPU/0-3 (3/16.0/SYS) CPU/0-1 (2/24.0/PHB) CPU/0-0 (3/16.0/SYS) CPU/0-2 (3/16.0/SYS) NET/0-0 (5/16.0/SYS) NET/0-1 (0/5000.0/LOC) NET/0-2 (5/16.0/SYS) NET/0-3 (5/16.0/SYS) 
nid005016:45866:45866 [5] NCCL INFO NET/2 :GPU/0-c1000 (4/16.0/SYS) GPU/0-c6000 (4/16.0/SYS) GPU/0-c9000 (4/16.0/SYS) GPU/0-ce000 (4/16.0/SYS) GPU/0-d1000 (3/24.0/PHB) GPU/0-d6000 (3/24.0/PHB) GPU/0-d9000 (4/16.0/SYS) GPU/0-de000 (4/16.0/SYS) CPU/0-3 (3/16.0/SYS) CPU/0-1 (3/16.0/SYS) CPU/0-0 (2/24.0/PHB) CPU/0-2 (3/16.0/SYS) NET/0-0 (5/16.0/SYS) NET/0-1 (5/16.0/SYS) NET/0-2 (0/5000.0/LOC) NET/0-3 (5/16.0/SYS) 
nid005016:45866:45866 [5] NCCL INFO NET/3 :GPU/0-c1000 (4/16.0/SYS) GPU/0-c6000 (4/16.0/SYS) GPU/0-c9000 (4/16.0/SYS) GPU/0-ce000 (4/16.0/SYS) GPU/0-d1000 (4/16.0/SYS) GPU/0-d6000 (4/16.0/SYS) GPU/0-d9000 (3/24.0/PHB) GPU/0-de000 (3/24.0/PHB) CPU/0-3 (3/16.0/SYS) CPU/0-1 (3/16.0/SYS) CPU/0-0 (3/16.0/SYS) CPU/0-2 (2/24.0/PHB) NET/0-0 (5/16.0/SYS) NET/0-1 (5/16.0/SYS) NET/0-2 (5/16.0/SYS) NET/0-3 (0/5000.0/LOC) 
nid005016:45866:45866 [5] NCCL INFO Setting affinity for GPU 5 to fefe,00000000,0000fefe
nid005016:45863:45863 [6] NCCL INFO + PCI[24.0] - GPU/0-d1000 (4)
nid005016:45863:45863 [6] NCCL INFO               + XGMI[144.0] - GPU/D6000
nid005016:45863:45863 [6] NCCL INFO               + XGMI[72.0] - GPU/C9000
nid005016:45863:45863 [6] NCCL INFO               + XGMI[36.0] - GPU/D9000
nid005016:45863:45863 [6] NCCL INFO + PCI[24.0] - GPU/0-d6000 (5)
nid005016:45863:45863 [6] NCCL INFO               + XGMI[144.0] - GPU/D1000
nid005016:45863:45863 [6] NCCL INFO               + XGMI[36.0] - GPU/C6000
nid005016:45863:45863 [6] NCCL INFO               + XGMI[36.0] - GPU/DE000
nid005016:45863:45863 [6] NCCL INFO + SYS[16.0] - CPU/3
nid005016:45863:45863 [6] NCCL INFO + SYS[16.0] - CPU/1
nid005016:45863:45863 [6] NCCL INFO + SYS[16.0] - CPU/2
nid005016:45863:45863 [6] NCCL INFO CPU/0-2 (1/2/4)
nid005016:45863:45863 [6] NCCL INFO + PCI[24.0] - NIC/0-dd000
nid005016:45863:45863 [6] NCCL INFO               + NET[25.0] - NET/3 (a78186903/1/25.000000)
nid005016:45863:45863 [6] NCCL INFO + PCI[24.0] - GPU/0-d9000 (6)
nid005016:45863:45863 [6] NCCL INFO               + XGMI[144.0] - GPU/DE000
nid005016:45863:45863 [6] NCCL INFO               + XGMI[72.0] - GPU/C1000
nid005016:45863:45863 [6] NCCL INFO               + XGMI[36.0] - GPU/D1000
nid005016:45863:45863 [6] NCCL INFO + PCI[24.0] - GPU/0-de000 (7)
nid005016:45863:45863 [6] NCCL INFO               + XGMI[144.0] - GPU/D9000
nid005016:45863:45863 [6] NCCL INFO               + XGMI[36.0] - GPU/CE000
nid005016:45863:45863 [6] NCCL INFO               + XGMI[36.0] - GPU/D6000
nid005016:45863:45863 [6] NCCL INFO + SYS[16.0] - CPU/3
nid005016:45863:45863 [6] NCCL INFO + SYS[16.0] - CPU/1
nid005016:45863:45863 [6] NCCL INFO + SYS[16.0] - CPU/0
nid005016:45863:45863 [6] NCCL INFO ==========================================
nid005016:45863:45863 [6] NCCL INFO GPU/C1000 :GPU/0-c1000 (0/5000.0/LOC) GPU/0-c6000 (1/144.0/XGMI) GPU/0-c9000 (1/36.0/XGMI) GPU/0-ce000 (3/16.0/SYS) GPU/0-d1000 (3/16.0/SYS) GPU/0-d6000 (3/16.0/SYS) GPU/0-d9000 (1/72.0/XGMI) GPU/0-de000 (3/16.0/SYS) CPU/0-3 (1/24.0/PHB) CPU/0-1 (2/16.0/SYS) CPU/0-0 (2/16.0/SYS) CPU/0-2 (2/16.0/SYS) NET/0-0 (3/24.0/PHB) NET/0-1 (4/16.0/SYS) NET/0-2 (4/16.0/SYS) NET/0-3 (4/16.0/SYS) 
nid005016:45863:45863 [6] NCCL INFO GPU/C6000 :GPU/0-c1000 (1/144.0/XGMI) GPU/0-c6000 (0/5000.0/LOC) GPU/0-c9000 (3/16.0/SYS) GPU/0-ce000 (1/36.0/XGMI) GPU/0-d1000 (3/16.0/SYS) GPU/0-d6000 (1/36.0/XGMI) GPU/0-d9000 (3/16.0/SYS) GPU/0-de000 (3/16.0/SYS) CPU/0-3 (1/24.0/PHB) CPU/0-1 (2/16.0/SYS) CPU/0-0 (2/16.0/SYS) CPU/0-2 (2/16.0/SYS) NET/0-0 (3/24.0/PHB) NET/0-1 (4/16.0/SYS) NET/0-2 (4/16.0/SYS) NET/0-3 (4/16.0/SYS) 
nid005016:45863:45863 [6] NCCL INFO GPU/C9000 :GPU/0-c1000 (1/36.0/XGMI) GPU/0-c6000 (3/16.0/SYS) GPU/0-c9000 (0/5000.0/LOC) GPU/0-ce000 (1/144.0/XGMI) GPU/0-d1000 (1/72.0/XGMI) GPU/0-d6000 (3/16.0/SYS) GPU/0-d9000 (3/16.0/SYS) GPU/0-de000 (3/16.0/SYS) CPU/0-3 (2/16.0/SYS) CPU/0-1 (1/24.0/PHB) CPU/0-0 (2/16.0/SYS) CPU/0-2 (2/16.0/SYS) NET/0-0 (4/16.0/SYS) NET/0-1 (3/24.0/PHB) NET/0-2 (4/16.0/SYS) NET/0-3 (4/16.0/SYS) 
nid005016:45863:45863 [6] NCCL INFO GPU/CE000 :GPU/0-c1000 (3/16.0/SYS) GPU/0-c6000 (1/36.0/XGMI) GPU/0-c9000 (1/144.0/XGMI) GPU/0-ce000 (0/5000.0/LOC) GPU/0-d1000 (3/16.0/SYS) GPU/0-d6000 (3/16.0/SYS) GPU/0-d9000 (3/16.0/SYS) GPU/0-de000 (1/36.0/XGMI) CPU/0-3 (2/16.0/SYS) CPU/0-1 (1/24.0/PHB) CPU/0-0 (2/16.0/SYS) CPU/0-2 (2/16.0/SYS) NET/0-0 (4/16.0/SYS) NET/0-1 (3/24.0/PHB) NET/0-2 (4/16.0/SYS) NET/0-3 (4/16.0/SYS) 
nid005016:45863:45863 [6] NCCL INFO GPU/D1000 :GPU/0-c1000 (3/16.0/SYS) GPU/0-c6000 (3/16.0/SYS) GPU/0-c9000 (1/72.0/XGMI) GPU/0-ce000 (3/16.0/SYS) GPU/0-d1000 (0/5000.0/LOC) GPU/0-d6000 (1/144.0/XGMI) GPU/0-d9000 (1/36.0/XGMI) GPU/0-de000 (3/16.0/SYS) CPU/0-3 (2/16.0/SYS) CPU/0-1 (2/16.0/SYS) CPU/0-0 (1/24.0/PHB) CPU/0-2 (2/16.0/SYS) NET/0-0 (4/16.0/SYS) NET/0-1 (4/16.0/SYS) NET/0-2 (3/24.0/PHB) NET/0-3 (4/16.0/SYS) 
nid005016:45863:45863 [6] NCCL INFO GPU/D6000 :GPU/0-c1000 (3/16.0/SYS) GPU/0-c6000 (1/36.0/XGMI) GPU/0-c9000 (3/16.0/SYS) GPU/0-ce000 (3/16.0/SYS) GPU/0-d1000 (1/144.0/XGMI) GPU/0-d6000 (0/5000nid005016:45860:45860 [2] NCCL INFO + PCI[24.0] - GPU/0-d6000 (5)
nid005016:45860:45860 [2] NCCL INFO               + XGMI[144.0] - GPU/D1000
nid005016:45860:45860 [2] NCCL INFO               + XGMI[36.0] - GPU/C6000
nid005016:45860:45860 [2] NCCL INFO               + XGMI[36.0] - GPU/DE000
nid005016:45860:45860 [2] NCCL INFO + SYS[16.0] - CPU/3
nid005016:45860:45860 [2] NCCL INFO + SYS[16.0] - CPU/1
nid005016:45860:45860 [2] NCCL INFO + SYS[16.0] - CPU/2
nid005016:45860:45860 [2] NCCL INFO CPU/0-2 (1/2/4)
nid005016:45860:45860 [2] NCCL INFO + PCI[24.0] - NIC/0-dd000
nid005016:45860:45860 [2] NCCL INFO               + NET[25.0] - NET/3 (a78186903/1/25.000000)
nid005016:45860:45860 [2] NCCL INFO + PCI[24.0] - GPU/0-d9000 (6)
nid005016:45860:45860 [2] NCCL INFO               + XGMI[144.0] - GPU/DE000
nid005016:45860:45860 [2] NCCL INFO               + XGMI[72.0] - GPU/C1000
nid005016:45860:45860 [2] NCCL INFO               + XGMI[36.0] - GPU/D1000
nid005016:45860:45860 [2] NCCL INFO + PCI[24.0] - GPU/0-de000 (7)
nid005016:45860:45860 [2] NCCL INFO               + XGMI[144.0] - GPU/D9000
nid005016:45860:45860 [2] NCCL INFO               + XGMI[36.0] - GPU/CE000
nid005016:45860:45860 [2] NCCL INFO               + XGMI[36.0] - GPU/D6000
nid005016:45860:45860 [2] NCCL INFO + SYS[16.0] - CPU/3
nid005016:45860:45860 [2] NCCL INFO + SYS[16.0] - CPU/1
nid005016:45860:45860 [2] NCCL INFO + SYS[16.0] - CPU/0
nid005016:45860:45860 [2] NCCL INFO ==========================================
nid005016:45860:45860 [2] NCCL INFO GPU/C1000 :GPU/0-c1000 (0/5000.0/LOC) GPU/0-c6000 (1/144.0/XGMI) GPU/0-c9000 (1/36.0/XGMI) GPU/0-ce000 (3/16.0/SYS) GPU/0-d1000 (3/16.0/SYS) GPU/0-d6000 (3/16.0/SYS) GPU/0-d9000 (1/72.0/XGMI) GPU/0-de000 (3/16.0/SYS) CPU/0-3 (1/24.0/PHB) CPU/0-1 (2/16.0/SYS) CPU/0-0 (2/16.0/SYS) CPU/0-2 (2/16.0/SYS) NET/0-0 (3/24.0/PHB) NET/0-1 (4/16.0/SYS) NET/0-2 (4/16.0/SYS) NET/0-3 (4/16.0/SYS) 
nid005016:45860:45860 [2] NCCL INFO GPU/C6000 :GPU/0-c1000 (1/144.0/XGMI) GPU/0-c6000 (0/5000.0/LOC) GPU/0-c9000 (3/16.0/SYS) GPU/0-ce000 (1/36.0/XGMI) GPU/0-d1000 (3/16.0/SYS) GPU/0-d6000 (1/36.0/XGMI) GPU/0-d9000 (3/16.0/SYS) GPU/0-de000 (3/16.0/SYS) CPU/0-3 (1/24.0/PHB) CPU/0-1 (2/16.0/SYS) CPU/0-0 (2/16.0/SYS) CPU/0-2 (2/16.0/SYS) NET/0-0 (3/24.0/PHB) NET/0-1 (4/16.0/SYS) NET/0-2 (4/16.0/SYS) NET/0-3 (4/16.0/SYS) 
nid005016:45860:45860 [2] NCCL INFO GPU/C9000 :GPU/0-c1000 (1/36.0/XGMI) GPU/0-c6000 (3/16.0/SYS) GPU/0-c9000 (0/5000.0/LOC) GPU/0-ce000 (1/144.0/XGMI) GPU/0-d1000 (1/72.0/XGMI) GPU/0-d6000 (3/16.0/SYS) GPU/0-d9000 (3/16.0/SYS) GPU/0-de000 (3/16.0/SYS) CPU/0-3 (2/16.0/SYS) CPU/0-1 (1/24.0/PHB) CPU/0-0 (2/16.0/SYS) CPU/0-2 (2/16.0/SYS) NET/0-0 (4/16.0/SYS) NET/0-1 (3/24.0/PHB) NET/0-2 (4/16.0/SYS) NET/0-3 (4/16.0/SYS) 
nid005016:45860:45860 [2] NCCL INFO GPU/CE000 :GPU/0-c1000 (3/16.0/SYS) GPU/0-c6000 (1/36.0/XGMI) GPU/0-c9000 (1/144.0/XGMI) GPU/0-ce000 (0/5000.0/LOC) GPU/0-d1000 (3/16.0/SYS) GPU/0-d6000 (3/16.0/SYS) GPU/0-d9000 (3/16.0/SYS) GPU/0-de000 (1/36.0/XGMI) CPU/0-3 (2/16.0/SYS) CPU/0-1 (1/24.0/PHB) CPU/0-0 (2/16.0/SYS) CPU/0-2 (2/16.0/SYS) NET/0-0 (4/16.0/SYS) NET/0-1 (3/24.0/PHB) NET/0-2 (4/16.0/SYS) NET/0-3 (4/16.0/SYS) 
nid005016:45860:45860 [2] NCCL INFO GPU/D1000 :GPU/0-c1000 (3/16.0/SYS) GPU/0-c6000 (3/16.0/SYS) GPU/0-c9000 (1/72.0/XGMI) GPU/0-ce000 (3/16.0/SYS) GPU/0-d1000 (0/5000.0/LOC) GPU/0-d6000 (1/144.0/XGMI) GPU/0-d9000 (1/36.0/XGMI) GPU/0-de000 (3/16.0/SYS) CPU/0-3 (2/16.0/SYS) CPU/0-1 (2/16.0/SYS) CPU/0-0 (1/24.0/PHB) CPU/0-2 (2/16.0/SYS) NET/0-0 (4/16.0/SYS) NET/0-1 (4/16.0/SYS) NET/0-2 (3/24.0/PHB) NET/0-3 (4/16.0/SYS) 
nid005016:45860:45860 [2] NCCL INFO GPU/D6000 :GPU/0-c1000 (3/16.0/SYS) GPU/0-c6000 (1/36.0/XGMI) GPU/0-c9000 (3/16.0/SYS) GPU/0-ce000 (3/16.0/SYS) GPU/0-d1000 (1/144.0/XGMI) GPU/0-d6000 (0/5000.0/LOC) GPU/0-d9000 (3/16.0/SYS) GPU/0-de000 (1/36.0/XGMI) CPU/0-3 (2/16.0/SYS) CPU/0-1 (2/16.0/SYS) CPU/0-0 (1/24.0/PHB) CPU/0-2 (2/16.0/SYS) NET/0-0 (4/16.0/SYS) NET/0-1 (4/16.0/SYS) NET/0-2 (3/24.0/PHB) NET/0-3 (4/16.0/SYS) 
nid005016:45860:45860 [2] NCCL INFO GPU/D9000 :GPU/0-c1000 (1/72INFO NET/0 :GPU/0-c1000 (3/24.0/PHB) GPU/0-c6000 (3/24.0/PHB) GPU/0-c9000 (4/16.0/SYS) GPU/0-ce000 (4/16.0/SYS) GPU/0-d1000 (4/16.0/SYS) GPU/0-d6000 (4/16.0/SYS) GPU/0-d9000 (4/16.0/SYS) GPU/0-de000 (4/16.0/SYS) CPU/0-3 (2/24.0/PHB) CPU/0-1 (3/16.0/SYS) CPU/0-0 (3/16.0/SYS) CPU/0-2 (3/16.0/SYS) NET/0-0 (0/5000.0/LOC) NET/0-1 (5/16.0/SYS) NET/0-2 (5/16.0/SYS) NET/0-3 (5/16.0/SYS) 
nid005016:45864:45864 [3] NCCL INFO NET/1 :GPU/0-c1000 (4/16.0/SYS) GPU/0-c6000 (4/16.0/SYS) GPU/0-c9000 (3/24.0/PHB) GPU/0-ce000 (3/24.0/PHB) GPU/0-d1000 (4/16.0/SYS) GPU/0-d6000 (4/16.0/SYS) GPU/0-d9000 (4/16.0/SYS) GPU/0-de000 (4/16.0/SYS) CPU/0-3 (3/16.0/SYS) CPU/0-1 (2/24.0/PHB) CPU/0-0 (3/16.0/SYS) CPU/0-2 (3/16.0/SYS) NET/0-0 (5/16.0/SYS) NET/0-1 (0/5000.0/LOC) NET/0-2 (5/16.0/SYS) NET/0-3 (5/16.0/SYS) 
nid005016:45864:45864 [3] NCCL INFO NET/2 :GPU/0-c1000 (4/16.0/SYS) GPU/0-c6000 (4/16.0/SYS) GPU/0-c9000 (4/16.0/SYS) GPU/0-ce000 (4/16.0/SYS) GPU/0-d1000 (3/24.0/PHB) GPU/0-d6000 (3/24.0/PHB) GPU/0-d9000 (4/16.0/SYS) GPU/0-de000 (4/16.0/SYS) CPU/0-3 (3/16.0/SYS) CPU/0-1 (3/16.0/SYS) CPU/0-0 (2/24.0/PHB) CPU/0-2 (3/16.0/SYS) NET/0-0 (5/16.0/SYS) NET/0-1 (5/16.0/SYS) NET/0-2 (0/5000.0/LOC) NET/0-3 (5/16.0/SYS) 
nid005016:45864:45864 [3] NCCL INFO NET/3 :GPU/0-c1000 (4/16.0/SYS) GPU/0-c6000 (4/16.0/SYS) GPU/0-c9000 (4/16.0/SYS) GPU/0-ce000 (4/16.0/SYS) GPU/0-d1000 (4/16.0/SYS) GPU/0-d6000 (4/16.0/SYS) GPU/0-d9000 (3/24.0/PHB) GPU/0-de000 (3/24.0/PHB) CPU/0-3 (3/16.0/SYS) CPU/0-1 (3/16.0/SYS) CPU/0-0 (3/16.0/SYS) CPU/0-2 (2/24.0/PHB) NET/0-0 (5/16.0/SYS) NET/0-1 (5/16.0/SYS) NET/0-2 (5/16.0/SYS) NET/0-3 (0/5000.0/LOC) 
 (3/16.0/SYS) NET/0-0 (5/16.0/SYS) NET/0-1 (5/16.0/SYS) NET/0-2 (0/5000.0/LOC) NET/0-3 (5/16.0/SYS) 
nid005016:45865:45865 [7] NCCL INFO NET/3 :GPU/0-c1000 (4/16.0/SYS) GPU/0-c6000 (4/16.0/SYS) GPU/0-c9000 (4/16.0/SYS) GPU/0-ce000 (4/16.0/SYS) GPU/0-d1000 (4/16.0/SYS) GPU/0-d6000 (4/16.0/SYS) GPU/0-d9000 (3/24.0/PHB) GPU/0-de000 (3/24.0/PHB) CPU/0-3 (3/16.0/SYS) CPU/0-1 (3/16.0/SYS) CPU/0-0 (3/16.0/SYS) CPU/0-2 (2/24.0/PHB) NET/0-0 (5/16.0/SYS) NET/0-1 (5/16.0/SYS) NET/0-2 (5/16.0/SYS) NET/0-3 (0/5000.0/LOC) 
nid005016:45862:45862 [4] NCCL INFO GPU/D1000 :GPU/0-c1000 (3/16.0/SYS) GPU/0-c6000 (3/16.0/SYS) GPU/0-c9000 (1/72.0/XGMI) GPU/0-ce000 (3/16.0/SYS) GPU/0-d1000 (0/5000.0/LOC) GPU/0-d6000 (1/144.0/XGMI) GPU/0-d9000 (1/36.0/XGMI) GPU/0-de000 (3/16.0/SYS) CPU/0-3 (2/16.0/SYS) CPU/0-1 (2/16.0/SYS) CPU/0-0 (1/24.0/PHB) CPU/0-2 (2/16.0/SYS) NET/0-0 (4/16.0/SYS) NET/0-1 (4/16.0/SYS) NET/0-2 (3/24.0/PHB) NET/0-3 (4/16.0/SYS) 
nid005016:45862:45862 [4] NCCL INFO GPU/D6000 :GPU/0-c1000 (3/16.0/SYS) GPU/0-c6000 (1/36.0/XGMI) GPU/0-c9000 (3/16.0/SYS) GPU/0-ce000 (3/16.0/SYS) GPU/0-d1000 (1/144.0/XGMI) GPU/0-d6000 (0/5000.0/LOC) GPU/0-d9000 (3/16.0/SYS) GPU/0-de000 (1/36.0/XGMI) CPU/0-3 (2/16.0/SYS) CPU/0-1 (2/16.0/SYS) CPU/0-0 (1/24.0/PHB) CPU/0-2 (2/16.0/SYS) NET/0-0 (4/16.0/SYS) NET/0-1 (4/16.0/SYS) NET/0-2 (3/24.0/PHB) NET/0-3 (4/16.0/SYS) 
nid005016:45862:45862 [4] NCCL INFO GPU/D9000 :GPU/0-c1000 (1/72.0/XGMI) GPU/0-c6000 (3/16.0/SYS) GPU/0-c9000 (3/16.0/SYS) GPU/0-ce000 (3/16.0/SYS) GPU/0-d1000 (1/36.0/XGMI) GPU/0-d6000 (3/16.0/SYS) GPU/0-d9000 (0/5000.0/LOC) GPU/0-de000 (1/144.0/XGMI) CPU/0-3 (2/16.0/SYS) CPU/0-1 (2/16.0/SYS) CPU/0-0 (2/16.0/SYS) CPU/0-2 (1/24.0/PHB) NET/0-0 (4/16.0/SYS) NET/0-1 (4/16.0/SYS) NET/0-2 (4/16.0/SYS) NET/0-3 (3/24.0/PHB) 
nid005016:45862:45862 [4] NCCL INFO GPU/DE000 :GPU/0-c1000 (3/16.0/SYS) GPU/0-c6000 (3/16.0/SYS) GPU/0-c9000 (3/16.0/SYS) GPU/0-ce000 (1/36.0/XGMI) GPU/0-d1000 (3/16.0/SYS) GPU/0-d6000 (1/36.0/XGMI) GPU/0-d9000 (1/144.0/XGMI) GPU/0-de000 (0/5000.0/LOC) CPU/0-3 (2/16.0/SYS) CPU/0-1 (2/16.0/SYS) CPU/0-0 (2/16.0/SYS) CPU/0-2 (1/24.0/PHB) NET/0-0 (4/16.0/SYS) NET/0-1 (4/16.0/SYS) NET/0-2 (4/16.0/SYS) NET/0-3 (3/24.0/PHB) 
nid005016:45862:45862 [4] NCCL INFO NET/0 :GPU/0-c1000 (3/24.0/PHB) GPU/0-c6000 (3/24.0/PHB) GPU/0-c9000 (4/16.0/SYS) GPU/0-ce000 (4/16.0/SYS) GPU/0-d1000 (4/16.0/SYS) GPU/0-d6000 (4/16.0/SYS) GPU/0-d9000 (4/16.0/SYS) GPU/0-de000 (4/16.0/SYS) CPU/0-3 (2/24.0/PHB) CPU/0-1 (3/16.0/SYS) CPU/0-0 (3/16.0/SYS) CPU/0-2 (3/16.0/SYS) NET/0-0 (0/5000.0/LOC) NET/0-1 (5/16.0/SYS) NET/0-2 (5/16.0/SYS) NET/0-3 (5/16.0/SYS) 
nid005016:45862:45862 [4] NCCL INFO NET/1 :GPU/0-c1000 (4/16.0/SYS) GPU/0-c6000 (4/16.0/SYS) GPU/0-c9000 (3/24.0/PHB) GPU/0-ce000 (3/24.0/PHB) GPU/0-d1000 (4/16.0/SYS) GPU/0-d6000 (4/16.0/SYS) GPU/0-d9000 (4/16.0/SYS) GPU/0-de000 (4/16.0/SYS) CPU/0-3 (3/16.0/SYS) CPU/0-1 (2/24.0/PHB) CPU/0-0 (3/16.0/SYS) CPU/0-2 (3/16.0/SYS) NET/0-0 (5/16.0/SYS) NET/0-1 (0/5000.0/LOC) NET/0-2 (5/16.0/SYS) NET/0-3 (5/16.0/SYS) 
nid005016:45862:45862 [4] NCCL INFO NET/2 :GPU/0-c1000 (4/16.0/SYS) GPU/0-c6000 (4/16.0/SYS) GPU/0-c9000 (4/16.0/SYS) GPU/0-ce000 (4/16.0/SYS) GPU/0-d1000 (3/24.0/PHB) GPU/0-d6000 (3/24.0/PHB) GPU/0-d9000 (4/16.0/SYS) GPU/0-de000 (4/16.0/SYS) CPU/0-3 (3/16.0/SYS) CPU/0-1 (3/16.0/SYS) CPU/0-0 (2/24.0/PHB) CPU/0-2 (3/16.0/SYS) NET/0-0 (5/16.0/SYS) NET/0-1 (5/16.0/SYS) NET/0-2 (0/5000.0/LOC) NET/0-3 (5/16.0/SYS) 
nid005016:45862:45862 [4] NCCL INFO NET/3 :GPU/0-c1000 (4/16.0/SYS) GPU/0-c6000 (4/16.0/SYS) GPU/0-c9000 (4/16.0/SYS) GPU/0-ce000 (4/16.0/SYS) GPU/0-d1000 (4/16.0/SYS) GPU/0-d6000 (4/16.0/SYS) GPU/0-d9000 (3/24.0/PHB) GPU/0-de000 (3/24.0/PHB) CPU/0-3 (3/16.0/SYS) CPU/0-1 (3/16.0/SYS) CPU/0-0 (3/16.0/SYS) CPU/0-2 (2/24.0/PHB) NET/0-0 (5/16.0/SYS) NET/0-1 (5/16.0/SYS) NET/0-2 (5/16.0/SYS) NET/0-3 (0/5000.0/LOC) 
nid005016:45862:45862 [4] NCCL INFO Setting affinity for GPU 4 to fefe,00000000,0000fefe
16.0/SYS) GPU/0-c6000 (4/16.0/SYS) GPU/0-c9000 (3/24.0/PHB) GPU/0-ce000 (3/24.0/PHB) GPU/0-d1000 (4/16.0/SYS) GPU/0-d6000 (4/16.0/SYS) GPU/0-d9000 (4/16.0/SYS) GPU/0-de000 (4/16.0/SYS) CPU/0-3 (3/16.0/SYS) CPU/0-1 (2/24.0/PHB) CPU/0-0 (3/16.0/SYS) CPU/0-2 (3/16.0/SYS) NET/0-0 (5/16.0/SYS) NET/0-1 (0/5000.0/LOC) NET/0-2 (5/16.0/SYS) NET/0-3 (5/16.0/SYS) 
nid005016:45859:45859 [1] NCCL INFO NET/2 :GPU/0-c1000 (4/16.0/SYS) GPU/0-c6000 (4/16.0/SYS) GPU/0-c9000 (4/16.0/SYS) GPU/0-ce000 (4/16.0/SYS) GPU/0-d1000 (3/24.0/PHB) GPU/0-d6000 (3/24.0/PHB) GPU/0-d9000 (4/16.0/SYS) GPU/0-de000 (4/16.0/SYS) CPU/0-3 (3/16.0/SYS) CPU/0-1 (3/16.0/SYS) CPU/0-0 (2/24.0/PHB) CPU/0-2 (3/16.0/SYS) NET/0-0 (5/16.0/SYS) NET/0-1 (5/16.0/SYS) NET/0-2 (0/5000.0/LOC) NET/0-3 (5/16.0/SYS) 
nid005016:45859:45859 [1] NCCL INFO NET/3 :GPU/0-c1000 (4/16.0/SYS) GPU/0-c6000 (4/16.0/SYS) GPU/0-c9000 (4/16.0/SYS) GPU/0-ce000 (4/16.0/SYS) GPU/0-d1000 (4/16.0/SYS) GPU/0-d6000 (4/16.0/SYS) GPU/0-d9000 (3/24.0/PHB) GPU/0-de000 (3/24.0/PHB) CPU/0-3 (3/16.0/SYS) CPU/0-1 (3/16.0/SYS) CPU/0-0 (3/16.0/SYS) CPU/0-2 (2/24.0/PHB) NET/0-0 (5/16.0/SYS) NET/0-1 (5/16.0/SYS) NET/0-2 (5/16.0/SYS) NET/0-3 (0/5000.0/LOC) 
0/SYS) GPU/0-c9000 (1/72.0/XGMI) GPU/0-ce000 (3/16.0/SYS) GPU/0-d1000 (0/5000.0/LOC) GPU/0-d6000 (1/144.0/XGMI) GPU/0-d9000 (1/36.0/XGMI) GPU/0-de000 (3/16.0/SYS) CPU/0-3 (2/16.0/SYS) CPU/0-1 (2/16.0/SYS) CPU/0-0 (1/24.0/PHB) CPU/0-2 (2/16.0/SYS) NET/0-0 (4/16.0/SYS) NET/0-1 (4/16.0/SYS) NET/0-2 (3/24.0/PHB) NET/0-3 (4/16.0/SYS) 
nid005016:45861:45861 [0] NCCL INFO GPU/D6000 :GPU/0-c1000 (3/16.0/SYS) GPU/0-c6000 (1/36.0/XGMI) GPU/0-c9000 (3/16.0/SYS) GPU/0-ce000 (3/16.0/SYS) GPU/0-d1000 (1/144.0/XGMI) GPU/0-d6000 (0/5000.0/LOC) GPU/0-d9000 (3/16.0/SYS) GPU/0-de000 (1/36.0/XGMI) CPU/0-3 (2/16.0/SYS) CPU/0-1 (2/16.0/SYS) CPU/0-0 (1/24.0/PHB) CPU/0-2 (2/16.0/SYS) NET/0-0 (4/16.0/SYS) NET/0-1 (4/16.0/SYS) NET/0-2 (3/24.0/PHB) NET/0-3 (4/16.0/SYS) 
nid005016:45861:45861 [0] NCCL INFO GPU/D9000 :GPU/0-c1000 (1/72.0/XGMI) GPU/0-c6000 (3/16.0/SYS) GPU/0-c9000 (3/16.0/SYS) GPU/0-ce000 (3/16.0/SYS) GPU/0-d1000 (1/36.0/XGMI) GPU/0-d6000 (3/16.0/SYS) GPU/0-d9000 (0/5000.0/LOC) GPU/0-de000 (1/144.0/XGMI) CPU/0-3 (2/16.0/SYS) CPU/0-1 (2/16.0/SYS) CPU/0-0 (2/16.0/SYS) CPU/0-2 (1/24.0/PHB) NET/0-0 (4/16.0/SYS) NET/0-1 (4/16.0/SYS) NET/0-2 (4/16.0/SYS) NET/0-3 (3/24.0/PHB) 
nid005016:45861:45861 [0] NCCL INFO GPU/DE000 :GPU/0-c1000 (3/16.0/SYS) GPU/0-c6000 (3/16.0/SYS) GPU/0-c9000 (3/16.0/SYS) GPU/0-ce000 (1/36.0/XGMI) GPU/0-d1000 (3/16.0/SYS) GPU/0-d6000 (1/36.0/XGMI) GPU/0-d9000 (1/144.0/XGMI) GPU/0-de000 (0/5000.0/LOC) CPU/0-3 (2/16.0/SYS) CPU/0-1 (2/16.0/SYS) CPU/0-0 (2/16.0/SYS) CPU/0-2 (1/24.0/PHB) NET/0-0 (4/16.0/SYS) NET/0-1 (4/16.0/SYS) NET/0-2 (4/16.0/SYS) NET/0-3 (3/24.0/PHB) 
nid005016:45861:45861 [0] NCCL INFO NET/0 :GPU/0-c1000 (3/24.0/PHB) GPU/0-c6000 (3/24.0/PHB) GPU/0-c9000 (4/16.0/SYS) GPU/0-ce000 (4/16.0/SYS) GPU/0-d1000 (4/16.0/SYS) GPU/0-d6000 (4/16.0/SYS) GPU/0-d9000 (4/16.0/SYS) GPU/0-de000 (4/16.0/SYS) CPU/0-3 (2/24.0/PHB) CPU/0-1 (3/16.0/SYS) CPU/0-0 (3/16.0/SYS) CPU/0-2 (3/16.0/SYS) NET/0-0 (0/5000.0/LOC) NET/0-1 (5/16.0/SYS) NET/0-2 (5/16.0/SYS) NET/0-3 (5/16.0/SYS) 
nid005016:45861:45861 [0] NCCL INFO NET/1 :GPU/0-c1000 (4/16.0/SYS) GPU/0-c6000 (4/16.0/SYS) GPU/0-c9000 (3/24.0/PHB) GPU/0-ce000 (3/24.0/PHB) GPU/0-d1000 (4/16.0/SYS) GPU/0-d6000 (4/16.0/SYS) GPU/0-d9000 (4/16.0/SYS) GPU/0-de000 (4/16.0/SYS) CPU/0-3 (3/16.0/SYS) CPU/0-1 (2/24.0/PHB) CPU/0-0 (3/16.0/SYS) CPU/0-2 (3/16.0/SYS) NET/0-0 (5/16.0/SYS) NET/0-1 (0/5000.0/LOC) NET/0-2 (5/16.0/SYS) NET/0-3 (5/16.0/SYS) 
nid005016:45861:45861 [0] NCCL INFO NET/2 :GPU/0-c1000 (4/16.0/SYS) GPU/0-c6000 (4/16.0/SYS) GPU/0-c9000 (4/16.0/SYS) GPU/0-ce000 (4/16.0/SYS) GPU/0-d1000 (3/24.0/PHB) GPU/0-d6000 (3/24.0/PHB) GPU/0-d9000 (4/16.0/SYS) GPU/0-de000 (4/16.0/SYS) CPU/0-3 (3/16.0/SYS) CPU/0-1 (3/16.0/SYS) CPU/0-0 (2/24.0/PHB) CPU/0-2 (3/16.0/SYS) NET/0-0 (5/16.0/SYS) NET/0-1 (5/16.0/SYS) NET/0-2 (0/5000.0/LOC) NET/0-3 (5/16.0/SYS) 
nid005016:45861:45861 [0] NCCL INFO NET/3 :GPU/0-c1000 (4/16.0/SYS) GPU/0-c6000 (4/16.0/SYS) GPU/0-c9000 (4/16.0/SYS) GPU/0-ce000 (4/16.0/SYS) GPU/0-d1000 (4/16.0/SYS) GPU/0-d6000 (4/16.0/SYS) GPU/0-d9000 (3/24.0/PHB) GPU/0-de000 (3/24.0/PHB) CPU/0-3 (3/16.0/SYS) CPU/0-1 (3/16.0/SYS) CPU/0-0 (3/16.0/SYS) CPU/0-2 (2/24.0/PHB) NET/0-0 (5/16.0/SYS) NET/0-1 (5/16.0/SYS) NET/0-2 (5/16.0/SYS) NET/0-3 (0/5000.0/LOC) 
.0/LOC) GPU/0-d9000 (3/16.0/SYS) GPU/0-de000 (1/36.0/XGMI) CPU/0-3 (2/16.0/SYS) CPU/0-1 (2/16.0/SYS) CPU/0-0 (1/24.0/PHB) CPU/0-2 (2/16.0/SYS) NET/0-0 (4/16.0/SYS) NET/0-1 (4/16.0/SYS) NET/0-2 (3/24.0/PHB) NET/0-3 (4/16.0/SYS) 
nid005016:45863:45863 [6] NCCL INFO GPU/D9000 :GPU/0-c1000 (1/72.0/XGMI) GPU/0-c6000 (3/16.0/SYS) GPU/0-c9000 (3/16.0/SYS) GPU/0-ce000 (3/16.0/SYS) GPU/0-d1000 (1/36.0/XGMI) GPU/0-d6000 (3/16.0/SYS) GPU/0-d9000 (0/5000.0/LOC) GPU/0-de000 (1/144.0/XGMI) CPU/0-3 (2/16.0/SYS) CPU/0-1 (2/16.0/SYS) CPU/0-0 (2/16.0/SYS) CPU/0-2 (1/24.0/PHB) NET/0-0 (4/16.0/SYS) NET/0-1 (4/16.0/SYS) NET/0-2 (4/16.0/SYS) NET/0-3 (3/24.0/PHB) 
nid005016:45863:45863 [6] NCCL INFO GPU/DE000 :GPU/0-c1000 (3/16.0/SYS) GPU/0-c6000 (3/16.0/SYS) GPU/0-c9000 (3/16.0/SYS) GPU/0-ce000 (1/36.0/XGMI) GPU/0-d1000 (3/16.0/SYS) GPU/0-d6000 (1/36.0/XGMI) GPU/0-d9000 (1/144.0/XGMI) GPU/0-de000 (0/5000.0/LOC) CPU/0-3 (2/16.0/SYS) CPU/0-1 (2/16.0/SYS) CPU/0-0 (2/16.0/SYS) CPU/0-2 (1/24.0/PHB) NET/0-0 (4/16.0/SYS) NET/0-1 (4/16.0/SYS) NET/0-2 (4/16.0/SYS) NET/0-3 (3/24.0/PHB) 
nid005016:45863:45863 [6] NCCL INFO NET/0 :GPU/0-c1000 (3/24.0/PHB) GPU/0-c6000 (3/24.0/PHB) GPU/0-c9000 (4/16.0/SYS) GPU/0-ce000 (4/16.0/SYS) GPU/0-d1000 (4/16.0/SYS) GPU/0-d6000 (4/16.0/SYS) GPU/0-d9000 (4/16.0/SYS) GPU/0-de000 (4/16.0/SYS) CPU/0-3 (2/24.0/PHB) CPU/0-1 (3/16.0/SYS) CPU/0-0 (3/16.0/SYS) CPU/0-2 (3/16.0/SYS) NET/0-0 (0/5000.0/LOC) NET/0-1 (5/16.0/SYS) NET/0-2 (5/16.0/SYS) NET/0-3 (5/16.0/SYS) 
nid005016:45863:45863 [6] NCCL INFO NET/1 :GPU/0-c1000 (4/16.0/SYS) GPU/0-c6000 (4/16.0/SYS) GPU/0-c9000 (3/24.0/PHB) GPU/0-ce000 (3/24.0/PHB) GPU/0-d1000 (4/16.0/SYS) GPU/0-d6000 (4/16.0/SYS) GPU/0-d9000 (4/16.0/SYS) GPU/0-de000 (4/16.0/SYS) CPU/0-3 (3/16.0/SYS) CPU/0-1 (2/24.0/PHB) CPU/0-0 (3/16.0/SYS) CPU/0-2 (3/16.0/SYS) NET/0-0 (5/16.0/SYS) NET/0-1 (0/5000.0/LOC) NET/0-2 (5/16.0/SYS) NET/0-3 (5/16.0/SYS) 
nid005016:45863:45863 [6] NCCL INFO NET/2 :GPU/0-c1000 (4/16.0/SYS) GPU/0-c6000 (4/16.0/SYS) GPU/0-c9000 (4/16.0/SYS) GPU/0-ce000 (4/16.0/SYS) GPU/0-d1000 (3/24.0/PHB) GPU/0-d6000 (3/24.0/PHB) GPU/0-d9000 (4/16.0/SYS) GPU/0-de000 (4/16.0/SYS) CPU/0-3 (3/16.0/SYS) CPU/0-1 (3/16.0/SYS) CPU/0-0 (2/24.0/PHB) CPU/0-2 (3/16.0/SYS) NET/0-0 (5/16.0/SYS) NET/0-1 (5/16.0/SYS) NET/0-2 (0/5000.0/LOC) NET/0-3 (5/16.0/SYS) 
nid005016:45863:45863 [6] NCCL INFO NET/3 :GPU/0-c1000 (4/16.0/SYS) GPU/0-c6000 (4/16.0/SYS) GPU/0-c9000 (4/16.0/SYS) GPU/0-ce000 (4/16.0/SYS) GPU/0-d1000 (4/16.0/SYS) GPU/0-d6000 (4/16.0/SYS) GPU/0-d9000 (3/24.0/PHB) GPU/0-de000 (3/24.0/PHB) CPU/0-3 (3/16.0/SYS) CPU/0-1 (3/16.0/SYS) CPU/0-0 (3/16.0/SYS) CPU/0-2 (2/24.0/PHB) NET/0-0 (5/16.0/SYS) NET/0-1 (5/16.0/SYS) NET/0-2 (5/16.0/SYS) NET/0-3 (0/5000.0/LOC) 
.0/XGMI) GPU/0-c6000 (3/16.0/SYS) GPU/0-c9000 (3/16.0/SYS) GPU/0-ce000 (3/16.0/SYS) GPU/0-d1000 (1/36.0/XGMI) GPU/0-d6000 (3/16.0/SYS) GPU/0-d9000 (0/5000.0/LOC) GPU/0-de000 (1/144.0/XGMI) CPU/0-3 (2/16.0/SYS) CPU/0-1 (2/16.0/SYS) CPU/0-0 (2/16.0/SYS) CPU/0-2 (1/24.0/PHB) NET/0-0 (4/16.0/SYS) NET/0-1 (4/16.0/SYS) NET/0-2 (4/16.0/SYS) NET/0-3 (3/24.0/PHB) 
nid005016:45860:45860 [2] NCCL INFO GPU/DE000 :GPU/0-c1000 (3/16.0/SYS) GPU/0-c6000 (3/16.0/SYS) GPU/0-c9000 (3/16.0/SYS) GPU/0-ce000 (1/36.0/XGMI) GPU/0-d1000 (3/16.0/SYS) GPU/0-d6000 (1/36.0/XGMI) GPU/0-d9000 (1/144.0/XGMI) GPU/0-de000 (0/5000.0/LOC) CPU/0-3 (2/16.0/SYS) CPU/0-1 (2/16.0/SYS) CPU/0-0 (2/16.0/SYS) CPU/0-2 (1/24.0/PHB) NET/0-0 (4/16.0/SYS) NET/0-1 (4/16.0/SYS) NET/0-2 (4/16.0/SYS) NET/0-3 (3/24.0/PHB) 
nid005016:45860:45860 [2] NCCL INFO NET/0 :GPU/0-c1000 (3/24.0/PHB) GPU/0-c6000 (3/24.0/PHB) GPU/0-c9000 (4/16.0/SYS) GPU/0-ce000 (4/16.0/SYS) GPU/0-d1000 (4/16.0/SYS) GPU/0-d6000 (4/16.0/SYS) GPU/0-d9000 (4/16.0/SYS) GPU/0-de000 (4/16.0/SYS) CPU/0-3 (2/24.0/PHB) CPU/0-1 (3/16.0/SYS) CPU/0-0 (3/16.0/SYS) CPU/0-2 (3/16.0/SYS) NET/0-0 (0/5000.0/LOC) NET/0-1 (5/16.0/SYS) NET/0-2 (5/16.0/SYS) NET/0-3 (5/16.0/SYS) 
nid005016:45860:45860 [2] NCCL INFO NET/1 :GPU/0-c1000 (4/16.0/SYS) GPU/0-c6000 (4/16.0/SYS) GPU/0-c9000 (3/24.0/PHB) GPU/0-ce000 (3/24.0/PHB) GPU/0-d1000 (4/16.0/SYS) GPU/0-d6000 (4/16.0/SYS) GPU/0-d9000 (4/16.0/SYS) GPU/0-de000 (4/16.0/SYS) CPU/0-3 (3/16.0/SYS) CPU/0-1 (2/24.0/PHB) CPU/0-0 (3/16.0/SYS) CPU/0-2 (3/16.0/SYS) NET/0-0 (5/16.0/SYS) NET/0-1 (0/5000.0/LOC) NET/0-2 (5/16.0/SYS) NET/0-3 (5/16.0/SYS) 
nid005016:45860:45860 [2] NCCL INFO NET/2 :GPU/0-c1000 (4/16.0/SYS) GPU/0-c6000 (4/16.0/SYS) GPU/0-c9000 (4/16.0/SYS) GPU/0-ce000 (4/16.0/SYS) GPU/0-d1000 (3/24.0/PHB) GPU/0-d6000 (3/24.0/PHB) GPU/0-d9000 (4/16.0/SYS) GPU/0-de000 (4/16.0/SYS) CPU/0-3 (3/16.0/SYS) CPU/0-1 (3/16.0/SYS) CPU/0-0 (2/24.0/PHB) CPU/0-2 (3/16.0/SYS) NET/0-0 (5/16.0/SYS) NET/0-1 (5/16.0/SYS) NET/0-2 (0/5000.0/LOC) NET/0-3 (5/16.0/SYS) 
nid005016:45860:45860 [2] NCCL INFO NET/3 :GPU/0-c1000 (4/16.0/SYS) GPU/0-c6000 (4/16.0/SYS) GPU/0-c9000 (4/16.0/SYS) GPU/0-ce000 (4/16.0/SYS) GPU/0-d1000 (4/16.0/SYS) GPU/0-d6000 (4/16.0/SYS) GPU/0-d9000 (3/24.0/PHB) GPU/0-de000 (3/24.0/PHB) CPU/0-3 (3/16.0/SYS) CPU/0-1 (3/16.0/SYS) CPU/0-0 (3/16.0/SYS) CPU/0-2 (2/24.0/PHB) NET/0-0 (5/16.0/SYS) NET/0-1 (5/16.0/SYS) NET/0-2 (5/16.0/SYS) NET/0-3 (0/5000.0/LOC) 
nid005016:45865:45865 [7] NCCL INFO Found matching Rome model index 36 with GPU mapping: 0 1 2 3 4 5 6 7 NET mapping: 0 1 2 3 
nid005016:45865:45865 [7] NCCL INFO Pattern 4, crossNic 0, nChannels 8, bw 31.500000/31.500000, type XGMI/PIX, sameChannels 1
nid005016:45865:45865 [7] NCCL INFO  0 : NET/0 GPU/0 GPU/1 GPU/5 GPU/4 GPU/6 GPU/7 GPU/3 GPU/2 NET/1
nid005016:45865:45865 [7] NCCL INFO  1 : NET/1 GPU/2 GPU/3 GPU/7 GPU/6 GPU/4 GPU/5 GPU/1 GPU/0 NET/0
nid005016:45865:45865 [7] NCCL INFO  2 : NET/3 GPU/7 GPU/6 GPU/0 GPU/1 GPU/3 GPU/2 GPU/4 GPU/5 NET/2
nid005016:45865:45865 [7] NCCL INFO  3 : NET/2 GPU/5 GPU/4 GPU/2 GPU/3 GPU/1 GPU/0 GPU/6 GPU/7 NET/3
nid005016:45865:45865 [7] NCCL INFO  4 : NET/0 GPU/0 GPU/1 GPU/5 GPU/4 GPU/6 GPU/7 GPU/3 GPU/2 NET/1
nid005016:45865:45865 [7] NCCL INFO  5 : NET/1 GPU/2 GPU/3 GPU/7 GPU/6 GPU/4 GPU/5 GPU/1 GPU/0 NET/0
nid005016:45865:45865 [7] NCCL INFO  6 : NET/3 GPU/7 GPU/6 GPU/0 GPU/1 GPU/3 GPU/2 GPU/4 GPU/5 NET/2
nid005016:45865:45865 [7] NCCL INFO  7 : NET/2 GPU/5 GPU/4 GPU/2 GPU/3 GPU/1 GPU/0 GPU/6 GPU/7 NET/3
nid005016:45859:45859 [1] NCCL INFO Found matching Rome model index 36 with GPU mapping: 0 1 2 3 4 5 6 7 NET mapping: 0 1 2 3 
nid005016:45859:45859 [1] NCCL INFO Pattern 4, crossNic 0, nChannels 8, bw 31.500000/31.500000, type XGMI/PIX, sameChannels 1
nid005016:45859:45859 [1] NCCL INFO  0 : NET/0 GPU/0 GPU/1 GPU/5 GPU/4 GPU/6 GPU/7 GPU/3 GPU/2 NET/1
nid005016:45859:45859 [1] NCCL INFO  1 : NET/1 GPU/2 GPU/3 GPU/7 GPU/6 GPU/4 GPU/5 GPU/1 GPU/0 NET/0
nid005016:45859:45859 [1] NCCL INFO  2 : NET/3 GPU/7 GPU/6 GPU/0 GPU/1 GPU/3 GPU/2 GPU/4 GPU/5 NET/2
nid005016:45859:45859 [1] NCCL INFO  3 : NET/2 GPU/5 GPU/4 GPU/2 GPU/3 GPU/1 GPU/0 GPU/6 GPU/7 NET/3
nid005016:45859:45859 [1] NCCL INFO  4 : NET/0 GPU/0 GPU/1 GPU/5 GPU/4 GPU/6 GPU/7 GPU/3 GPU/2 NET/1
nid005016:45859:45859 [1] NCCL INFO  5 : NET/1 GPU/2 GPU/3 GPU/7 GPU/6 GPU/4 GPU/5 GPU/1 GPU/0 NET/0
nid005016:45859:45859 [1] NCCL INFO  6 : NET/3 GPU/7 GPU/6 GPU/0 GPU/1 GPU/3 GPU/2 GPU/4 GPU/5 NET/2
nid005016:45859:45859 [1] NCCL INFO  7 : NET/2 GPU/5 GPU/4 GPU/2 GPU/3 GPU/1 GPU/0 GPU/6 GPU/7 NET/3
nid005016:45864:45864 [3] NCCL INFO Found matching Rome model index 36 with GPU mapping: 0 1 2 3 4 5 6 7 NET mapping: 0 1 2 3 
nid005016:45864:45864 [3] NCCL INFO Pattern 4, crossNic 0, nChannels 8, bw 31.500000/31.500000, type XGMI/PIX, sameChannels 1
nid005016:45864:45864 [3] NCCL INFO  0 : NET/0 GPU/0 GPU/1 GPU/5 GPU/4 GPU/6 GPU/7 GPU/3 GPU/2 NET/1
nid005016:45864:45864 [3] NCCL INFO  1 : NET/1 GPU/2 GPU/3 GPU/7 GPU/6 GPU/4 GPU/5 GPU/1 GPU/0 NET/0
nid005016:45864:45864 [3] NCCL INFO  2 : NET/3 GPU/7 GPU/6 GPU/0 GPU/1 GPU/3 GPU/2 GPU/4 GPU/5 NET/2
nid005016:45864:45864 [3] NCCL INFO  3 : NET/2 GPU/5 GPU/4 GPU/2 GPU/3 GPU/1 GPU/0 GPU/6 GPU/7 NET/3
nid005016:45864:45864 [3] NCCL INFO  4 : NET/0 GPU/0 GPU/1 GPU/5 GPU/4 GPU/6 GPU/7 GPU/3 GPU/2 NET/1
nid005016:45864:45864 [3] NCCL INFO  5 : NET/1 GPU/2 GPU/3 GPU/7 GPU/6 GPU/4 GPU/5 GPU/1 GPU/0 NET/0
nid005016:45864:45864 [3] NCCL INFO  6 : NET/3 GPU/7 GPU/6 GPU/0 GPU/1 GPU/3 GPU/2 GPU/4 GPU/5 NET/2
nid005016:45864:45864 [3] NCCL INFO  7 : NET/2 GPU/5 GPU/4 GPU/2 GPU/3 GPU/1 GPU/0 GPU/6 GPU/7 NET/3
nid005016:45866:45866 [5] NCCL INFO Found matching Rome model index 36 with GPU mapping: 0 1 2 3 4 5 6 7 NET mapping: 0 1 2 3 
nid005016:45866:45866 [5] NCCL INFO Pattern 4, crossNic 0, nChannels 8, bw 31.500000/31.500000, type XGMI/PIX, sameChannels 1
nid005016:45866:45866 [5] NCCL INFO  0 : NET/0 GPU/0 GPU/1 GPU/5 GPU/4 GPU/6 GPU/7 GPU/3 GPU/2 NET/1
nid005016:45866:45866 [5] NCCL INFO  1 : NET/1 GPU/2 GPU/3 GPU/7 GPU/6 GPU/4 GPU/5 GPU/1 GPU/0 NET/0
nid005016:45866:45866 [5] NCCL INFO  2 : NET/3 GPU/7 GPU/6 GPU/0 GPU/1 GPU/3 GPU/2 GPU/4 GPU/5 NET/2
nid005016:45866:45866 [5] NCCL INFO  3 : NET/2 GPU/5 GPU/4 GPU/2 GPU/3 GPU/1 GPU/0 GPU/6 GPU/7 NET/3
nid005016:45866:45866 [5] NCCL INFO  4 : NET/0 GPU/0 GPU/1 GPU/5 GPU/4 GPU/6 GPU/7 GPU/3 GPU/2 NET/1
nid005016:45866:45866 [5] NCCL INFO  5 : NET/1 GPU/2 GPU/3 GPU/7 GPU/6 GPU/4 GPU/5 GPU/1 GPU/0 NET/0
nid005016:45866:45866 [5] NCCL INFO  6 : NET/3 GPU/7 GPU/6 GPU/0 GPU/1 GPU/3 GPU/2 GPU/4 GPU/5 NET/2
nid005016:45866:45866 [5] NCCL INFO  7 : NET/2 GPU/5 GPU/4 GPU/2 GPU/3 GPU/1 GPU/0 GPU/6 GPU/7 NET/3
nid005016:45863:45863 [6] NCCL INFO Found matching Rome model index 36 with GPU mapping: 0 1 2 3 4 5 6 7 NET mapping: 0 1 2 3 
nid005016:45863:45863 [6] NCCL INFO Pattern 4, crossNic 0, nChannels 8, bw 31.500000/31.500000, type XGMI/PIX, sameChannels 1
nid005016:45863:45863 [6] NCCL INFO  0 : NET/0 GPU/0 GPU/1 GPU/5 GPU/4 GPU/6 GPU/7 GPU/3 GPU/2 NET/1
nid005016:45863:45863 [6] NCCL INFO  1 : NET/1 GPU/2 GPU/3 GPU/7 GPU/6 GPU/4 GPU/5 GPU/1 GPU/0 NET/0
nid005016:45863:45863 [6] NCCL INFO  2 : NET/3 GPU/7 GPU/6 GPU/0 GPU/1 GPU/3 GPU/2 GPU/4 GPU/5 NET/2
nid005016:45863:45863 [6] NCCL INFO  3 : NET/2 GPU/5 GPU/4 GPU/2 GPU/3 GPU/1 GPU/0 GPU/6 GPU/7 NET/3
nid005016:45863:45863 [6] NCCL INFO  4 : NET/0 GPU/0 GPU/1 GPU/5 GPU/4 GPU/6 GPU/7 GPU/3 GPU/2 NET/1
nid005016:45863:45863 [6] NCCL INFO  5 : NET/1 GPU/2 GPU/3 GPU/7 GPU/6 GPU/4 GPU/5 GPU/1 GPU/0 NET/0
nid005016:45863:45863 [6] NCCL INFO  6 : NET/3 GPU/7 GPU/6 GPU/0 GPU/1 GPU/3 GPU/2 GPU/4 GPU/5 NET/2
nid005016:45863:45863 [6] NCCL INFO  7 : NET/2 GPU/5 GPU/4 GPU/2 GPU/3 GPU/1 GPU/0 GPU/6 GPU/7 NET/3
nid005016:45861:45861 [0] NCCL INFO Found matching Rome model index 36 with GPU mapping: 0 1 2 3 4 5 6 7 NET mapping: 0 1 2 3 
nid005016:45861:45861 [0] NCCL INFO Pattern 4, crossNic 0, nChannels 8, bw 31.500000/31.500000, type XGMI/PIX, sameChannels 1
nid005016:45861:45861 [0] NCCL INFO  0 : NET/0 GPU/0 GPU/1 GPU/5 GPU/4 GPU/6 GPU/7 GPU/3 GPU/2 NET/1
nid005016:45861:45861 [0] NCCL INFO  1 : NET/1 GPU/2 GPU/3 GPU/7 GPU/6 GPU/4 GPU/5 GPU/1 GPU/0 NET/0
nid005016:45861:45861 [0] NCCL INFO  2 : NET/3 GPU/7 GPU/6 GPU/0 GPU/1 GPU/3 GPU/2 GPU/4 GPU/5 NET/2
nid005016:45861:45861 [0] NCCL INFO  3 : NET/2 GPU/5 GPU/4 GPU/2 GPU/3 GPU/1 GPU/0 GPU/6 GPU/7 NET/3
nid005016:45861:45861 [0] NCCL INFO  4 : NET/0 GPU/0 GPU/1 GPU/5 GPU/4 GPU/6 GPU/7 GPU/3 GPU/2 NET/1
nid005016:45861:45861 [0] NCCL INFO  5 : NET/1 GPU/2 GPU/3 GPU/7 GPU/6 GPU/4 GPU/5 GPU/1 GPU/0 NET/0
nid005016:45861:45861 [0] NCCL INFO  6 : NET/3 GPU/7 GPU/6 GPU/0 GPU/1 GPU/3 GPU/2 GPU/4 GPU/5 NET/2
nid005016:45861:45861 [0] NCCL INFO  7 : NET/2 GPU/5 GPU/4 GPU/2 GPU/3 GPU/1 GPU/0 GPU/6 GPU/7 NET/3
nid005016:45860:45860 [2] NCCL INFO Found matching Rome model index 36 with GPU mapping: 0 1 2 3 4 5 6 7 NET mapping: 0 1 2 3 
nid005016:45860:45860 [2] NCCL INFO Pattern 4, crossNic 0, nChannels 8, bw 31.500000/31.500000, type XGMI/PIX, sameChannels 1
nid005016:45860:45860 [2] NCCL INFO  0 : NET/0 GPU/0 GPU/1 GPU/5 GPU/4 GPU/6 GPU/7 GPU/3 GPU/2 NET/1
nid005016:45860:45860 [2] NCCL INFO  1 : NET/1 GPU/2 GPU/3 GPU/7 GPU/6 GPU/4 GPU/5 GPU/1 GPU/0 NET/0
nid005016:45860:45860 [2] NCCL INFO  2 : NET/3 GPU/7 GPU/6 GPU/0 GPU/1 GPU/3 GPU/2 GPU/4 GPU/5 NET/2
nid005016:45860:45860 [2] NCCL INFO  3 : NET/2 GPU/5 GPU/4 GPU/2 GPU/3 GPU/1 GPU/0 GPU/6 GPU/7 NET/3
nid005016:45860:45860 [2] NCCL INFO  4 : NET/0 GPU/0 GPU/1 GPU/5 GPU/4 GPU/6 GPU/7 GPU/3 GPU/2 NET/1
nid005016:45860:45860 [2] NCCL INFO  5 : NET/1 GPU/2 GPU/3 GPU/7 GPU/6 GPU/4 GPU/5 GPU/1 GPU/0 NET/0
nid005016:45860:45860 [2] NCCL INFO  6 : NET/3 GPU/7 GPU/6 GPU/0 GPU/1 GPU/3 GPU/2 GPU/4 GPU/5 NET/2
nid005016:45860:45860 [2] NCCL INFO  7 : NET/2 GPU/5 GPU/4 GPU/2 GPU/3 GPU/1 GPU/0 GPU/6 GPU/7 NET/3
nid005016:45862:45862 [4] NCCL INFO Found matching Rome model index 36 with GPU mapping: 0 1 2 3 4 5 6 7 NET mapping: 0 1 2 3 
nid005016:45862:45862 [4] NCCL INFO Pattern 4, crossNic 0, nChannels 8, bw 31.500000/31.500000, type XGMI/PIX, sameChannels 1
nid005016:45862:45862 [4] NCCL INFO  0 : NET/0 GPU/0 GPU/1 GPU/5 GPU/4 GPU/6 GPU/7 GPU/3 GPU/2 NET/1
nid005016:45862:45862 [4] NCCL INFO  1 : NET/1 GPU/2 GPU/3 GPU/7 GPU/6 GPU/4 GPU/5 GPU/1 GPU/0 NET/0
nid005016:45862:45862 [4] NCCL INFO  2 : NET/3 GPU/7 GPU/6 GPU/0 GPU/1 GPU/3 GPU/2 GPU/4 GPU/5 NET/2
nid005016:45862:45862 [4] NCCL INFO  3 : NET/2 GPU/5 GPU/4 GPU/2 GPU/3 GPU/1 GPU/0 GPU/6 GPU/7 NET/3
nid005016:45862:45862 [4] NCCL INFO  4 : NET/0 GPU/0 GPU/1 GPU/5 GPU/4 GPU/6 GPU/7 GPU/3 GPU/2 NET/1
nid005016:45862:45862 [4] NCCL INFO  5 : NET/1 GPU/2 GPU/3 GPU/7 GPU/6 GPU/4 GPU/5 GPU/1 GPU/0 NET/0
nid005016:45862:45862 [4] NCCL INFO  6 : NET/3 GPU/7 GPU/6 GPU/0 GPU/1 GPU/3 GPU/2 GPU/4 GPU/5 NET/2
nid005016:45862:45862 [4] NCCL INFO  7 : NET/2 GPU/5 GPU/4 GPU/2 GPU/3 GPU/1 GPU/0 GPU/6 GPU/7 NET/3
nid005016:45864:45864 [3] NCCL INFO Found matching Rome model index 36 with GPU mapping: 0 1 2 3 4 5 6 7 NET mapping: 0 1 2 3 
nid005016:45864:45864 [3] NCCL INFO Pattern 1, crossNic 0, nChannels 8, bw 31.500000/31.500000, type XGMI/PIX, sameChannels 1
nid005016:45864:45864 [3] NCCL INFO  0 : NET/0 GPU/0 GPU/1 GPU/5 GPU/4 GPU/6 GPU/7 GPU/3 GPU/2 NET/1
nid005016:45864:45864 [3] NCCL INFO  1 : NET/1 GPU/2 GPU/3 GPU/7 GPU/6 GPU/4 GPU/5 GPU/1 GPU/0 NET/0
nid005016:45864:45864 [3] NCCL INFO  2 : NET/3 GPU/7 GPU/6 GPU/0 GPU/1 GPU/3 GPU/2 GPU/4 GPU/5 NET/2
nid005016:45864:45864 [3] NCCL INFO  3 : NET/2 GPU/5 GPU/4 GPU/2 GPU/3 GPU/1 GPU/0 GPU/6 GPU/7 NET/3
nid005016:45864:45864 [3] NCCL INFO  4 : NET/0 GPU/0 GPU/1 GPU/5 GPU/4 GPU/6 GPU/7 GPU/3 GPU/2 NET/1
nid005016:45864:45864 [3] NCCL INFO  5 : NET/1 GPU/2 GPU/3 GPU/7 GPU/6 GPU/4 GPU/5 GPU/1 GPU/0 NET/0
nid005016:45864:45864 [3] NCCL INFO  6 : NET/3 GPU/7 GPU/6 GPU/0 GPU/1 GPU/3 GPU/2 GPU/4 GPU/5 NET/2
nid005016:45864:45864 [3] NCCL INFO  7 : NET/2 GPU/5 GPU/4 GPU/2 GPU/3 GPU/1 GPU/0 GPU/6 GPU/7 NET/3
nid005016:45859:45859 [1] NCCL INFO Found matching Rome model index 36 with GPU mapping: 0 1 2 3 4 5 6 7 NET mapping: 0 1 2 3 
nid005016:45859:45859 [1] NCCL INFO Pattern 1, crossNic 0, nChannels 8, bw 31.500000/31.500000, type XGMI/PIX, sameChannels 1
nid005016:45859:45859 [1] NCCL INFO  0 : NET/0 GPU/0 GPU/1 GPU/5 GPU/4 GPU/6 GPU/7 GPU/3 GPU/2 NET/1
nid005016:45859:45859 [1] NCCL INFO  1 : NET/1 GPU/2 GPU/3 GPU/7 GPU/6 GPU/4 GPU/5 GPU/1 GPU/0 NET/0
nid005016:45859:45859 [1] NCCL INFO  2 : NET/3 GPU/7 GPU/6 GPU/0 GPU/1 GPU/3 GPU/2 GPU/4 GPU/5 NET/2
nid005016:45859:45859 [1] NCCL INFO  3 : NET/2 GPU/5 GPU/4 GPU/2 GPU/3 GPU/1 GPU/0 GPU/6 GPU/7 NET/3
nid005016:45859:45859 [1] NCCL INFO  4 : NET/0 GPU/0 GPU/1 GPU/5 GPU/4 GPU/6 GPU/7 GPU/3 GPU/2 NET/1
nid005016:45859:45859 [1] NCCL INFO  5 : NET/1 GPU/2 GPU/3 GPU/7 GPU/6 GPU/4 GPU/5 GPU/1 GPU/0 NET/0
nid005016:45859:45859 [1] NCCL INFO  6 : NET/3 GPU/7 GPU/6 GPU/0 GPU/1 GPU/3 GPU/2 GPU/4 GPU/5 NET/2
nid005016:45859:45859 [1] NCCL INFO  7 : NET/2 GPU/5 GPU/4 GPU/2 GPU/3 GPU/1 GPU/0 GPU/6 GPU/7 NET/3
nid005016:45865:45865 [7] NCCL INFO Found matching Rome model index 36 with GPU mapping: 0 1 2 3 4 5 6 7 NET mapping: 0 1 2 3 
nid005016:45865:45865 [7] NCCL INFO Pattern 1, crossNic 0, nChannels 8, bw 31.500000/31.500000, type XGMI/PIX, sameChannels 1
nid005016:45865:45865 [7] NCCL INFO  0 : NET/0 GPU/0 GPU/1 GPU/5 GPU/4 GPU/6 GPU/7 GPU/3 GPU/2 NET/1
nid005016:45865:45865 [7] NCCL INFO  1 : NET/1 GPU/2 GPU/3 GPU/7 GPU/6 GPU/4 GPU/5 GPU/1 GPU/0 NET/0
nid005016:45865:45865 [7] NCCL INFO  2 : NET/3 GPU/7 GPU/6 GPU/0 GPU/1 GPU/3 GPU/2 GPU/4 GPU/5 NET/2
nid005016:45865:45865 [7] NCCL INFO  3 : NET/2 GPU/5 GPU/4 GPU/2 GPU/3 GPU/1 GPU/0 GPU/6 GPU/7 NET/3
nid005016:45865:45865 [7] NCCL INFO  4 : NET/0 GPU/0 GPU/1 GPU/5 GPU/4 GPU/6 GPU/7 GPU/3 GPU/2 NET/1
nid005016:45865:45865 [7] NCCL INFO  5 : NET/1 GPU/2 GPU/3 GPU/7 GPU/6 GPU/4 GPU/5 GPU/1 GPU/0 NET/0
nid005016:45865:45865 [7] NCCL INFO  6 : NET/3 GPU/7 GPU/6 GPU/0 GPU/1 GPU/3 GPU/2 GPU/4 GPU/5 NET/2
nid005016:45865:45865 [7] NCCL INFO  7 : NET/2 GPU/5 GPU/4 GPU/2 GPU/3 GPU/1 GPU/0 GPU/6 GPU/7 NET/3
nid005016:45866:45866 [5] NCCL INFO Found matching Rome model index 36 with GPU mapping: 0 1 2 3 4 5 6 7 NET mapping: 0 1 2 3 
nid005016:45866:45866 [5] NCCL INFO Pattern 1, crossNic 0, nChannels 8, bw 31.500000/31.500000, type XGMI/PIX, sameChannels 1
nid005016:45866:45866 [5] NCCL INFO  0 : NET/0 GPU/0 GPU/1 GPU/5 GPU/4 GPU/6 GPU/7 GPU/3 GPU/2 NET/1
nid005016:45866:45866 [5] NCCL INFO  1 : NET/1 GPU/2 GPU/3 GPU/7 GPU/6 GPU/4 GPU/5 GPU/1 GPU/0 NET/0
nid005016:45866:45866 [5] NCCL INFO  2 : NET/3 GPU/7 GPU/6 GPU/0 GPU/1 GPU/3 GPU/2 GPU/4 GPU/5 NET/2
nid005016:45866:45866 [5] NCCL INFO  3 : NET/2 GPU/5 GPU/4 GPU/2 GPU/3 GPU/1 GPU/0 GPU/6 GPU/7 NET/3
nid005016:45861:45861 [0] NCCL INFO Found matching Rome model index 36 with GPU mapping: 0 1 2 3 4 5 6 7 NET mapping: 0 1 2 3 
nid005016:45861:45861 [0] NCCL INFO Pattern 1, crossNic 0, nChannels 8, bw 31.500000/31.500000, type XGMI/PIX, sameChannels 1
nid005016:45861:45861 [0] NCCL INFO  0 : NET/0 GPU/0 GPU/1 GPU/5 GPU/4 GPU/6 GPU/7 GPU/3 GPU/2 NET/1
nid005016:45861:45861 [0] NCCL INFO  1 : NET/1 GPU/2 GPU/3 GPU/7 GPU/6 GPU/4 GPU/5 GPU/1 GPU/0 NET/0
nid005016:45861:45861 [0] NCCL INFO  2 : NET/3 GPU/7 GPU/6 GPU/0 GPU/1 GPU/3 GPU/2 GPU/4 GPU/5 NET/2
nid005016:45861:45861 [0] NCCL INFO  3 : NET/2 GPU/5 GPU/4 GPU/2 GPU/3 GPU/1 GPU/0 GPU/6 GPU/7 NET/3
nid005016:45861:45861 [0] NCCL INFO  4 : NET/0 GPU/0 GPU/1 GPU/5 GPU/4 GPU/6 GPU/7 GPU/3 GPU/2 NET/1
nid005016:45861:45861 [0] NCCL INFO  5 : NET/1 GPU/2 GPU/3 GPU/7 GPU/6 GPU/4 GPU/5 GPU/1 GPU/0 NET/0
nid005016:45866:45866 [5] NCCL INFO  4 : NET/0 GPU/0 GPU/1 GPU/5 GPU/4 GPU/6 GPU/7 GPU/3 GPU/2 NET/1
nid005016:45866:45866 [5] NCCL INFO  5 : NET/1 GPU/2 GPU/3 GPU/7 GPU/6 GPU/4 GPU/5 GPU/1 GPU/0 NET/0
nid005016:45866:45866 [5] NCCL INFO  6 : NET/3 GPU/7 GPU/6 GPU/0 GPU/1 GPU/3 GPU/2 GPU/4 GPU/5 NET/2
nid005016:45866:45866 [5] NCCL INFO  7 : NET/2 GPU/5 GPU/4 GPU/2 GPU/3 GPU/1 GPU/0 GPU/6 GPU/7 NET/3
nid005016:45863:45863 [6] NCCL INFO Found matching Rome model index 36 with GPU mapping: 0 1 2 3 4 5 6 7 NET mapping: 0 1 2 3 
nid005016:45863:45863 [6] NCCL INFO Pattern 1, crossNic 0, nChannels 8, bw 31.500000/31.500000, type XGMI/PIX, sameChannels 1
nid005016:45863:45863 [6] NCCL INFO  0 : NET/0 GPU/0 GPU/1 GPU/5 GPU/4 GPU/6 GPU/7 GPU/3 GPU/2 NET/1
nid005016:45863:45863 [6] NCCL INFO  1 : NET/1 GPU/2 GPU/3 GPU/7 GPU/6 GPU/4 GPU/5 GPU/1 GPU/0 NET/0
nid005016:45863:45863 [6] NCCL INFO  2 : NET/3 GPU/7 GPU/6 GPU/0 GPU/1 GPU/3 GPU/2 GPU/4 GPU/5 NET/2
nid005016:45863:45863 [6] NCCL INFO  3 : NET/2 GPU/5 GPU/4 GPU/2 GPU/3 GPU/1 GPU/0 GPU/6 GPU/7 NET/3
nid005016:45863:45863 [6] NCCL INFO  4 : NET/0 GPU/0 GPU/1 GPU/5 GPU/4 GPU/6 GPU/7 GPU/3 GPU/2 NET/1
nid005016:45863:45863 [6] NCCL INFO  5 : NET/1 GPU/2 GPU/3 GPU/7 GPU/6 GPU/4 GPU/5 GPU/1 GPU/0 NET/0
nid005016:45863:45863 [6] NCCL INFO  6 : NET/3 GPU/7 GPU/6 GPU/0 GPU/1 GPU/3 GPU/2 GPU/4 GPU/5 NET/2
nid005016:45863:45863 [6] NCCL INFO  7 : NET/2 GPU/5 GPU/4 GPU/2 GPU/3 GPU/1 GPU/0 GPU/6 GPU/7 NET/3
nid005016:45860:45860 [2] NCCL INFO Found matching Rome model index 36 with GPU mapping: 0 1 2 3 4 5 6 7 NET mapping: 0 1 2 3 
nid005016:45860:45860 [2] NCCL INFO Pattern 1, crossNic 0, nChannels 8, bw 31.500000/31.500000, type XGMI/PIX, sameChannels 1
nid005016:45860:45860 [2] NCCL INFO  0 : NET/0 GPU/0 GPU/1 GPU/5 GPU/4 GPU/6 GPU/7 GPU/3 GPU/2 NET/1
nid005016:45860:45860 [2] NCCL INFO  1 : NET/1 GPU/2 GPU/3 GPU/7 GPU/6 GPU/4 GPU/5 GPU/1 GPU/0 NET/0
nid005016:45860:45860 [2] NCCL INFO  2 : NET/3 GPU/7 GPU/6 GPU/0 GPU/1 GPU/3 GPU/2 GPU/4 GPU/5 NET/2
nid005016:45860:45860 [2] NCCL INFO  3 : NET/2 GPU/5 GPU/4 GPU/2 GPU/3 GPU/1 GPU/0 GPU/6 GPU/7 NET/3
nid005016:45860:45860 [2] NCCL INFO  4 : NET/0 GPU/0 GPU/1 GPU/5 GPU/4 GPU/6 GPU/7 GPU/3 GPU/2 NET/1
nid005016:45860:45860 [2] NCCL INFO  5 : NET/1 GPU/2 GPU/3 GPU/7 GPU/6 GPU/4 GPU/5 GPU/1 GPU/0 NET/0
nid005016:45860:45860 [2] NCCL INFO  6 : NET/3 GPU/7 GPU/6 GPU/0 GPU/1 GPU/3 GPU/2 GPU/4 GPU/5 NET/2
nid005016:45860:45860 [2] NCCL INFO  7 : NET/2 GPU/5 GPU/4 GPU/2 GPU/3 GPU/1 GPU/0 GPU/6 GPU/7 NET/3
nid005016:45861:45861 [0] NCCL INFO  6 : NET/3 GPU/7 GPU/6 GPU/0 GPU/1 GPU/3 GPU/2 GPU/4 GPU/5 NET/2
nid005016:45861:45861 [0] NCCL INFO  7 : NET/2 GPU/5 GPU/4 GPU/2 GPU/3 GPU/1 GPU/0 GPU/6 GPU/7 NET/3
nid005016:45862:45862 [4] NCCL INFO Found matching Rome model index 36 with GPU mapping: 0 1 2 3 4 5 6 7 NET mapping: 0 1 2 3 
nid005016:45862:45862 [4] NCCL INFO Pattern 1, crossNic 0, nChannels 8, bw 31.500000/31.500000, type XGMI/PIX, sameChannels 1
nid005016:45862:45862 [4] NCCL INFO  0 : NET/0 GPU/0 GPU/1 GPU/5 GPU/4 GPU/6 GPU/7 GPU/3 GPU/2 NET/1
nid005016:45862:45862 [4] NCCL INFO  1 : NET/1 GPU/2 GPU/3 GPU/7 GPU/6 GPU/4 GPU/5 GPU/1 GPU/0 NET/0
nid005016:45862:45862 [4] NCCL INFO  2 : NET/3 GPU/7 GPU/6 GPU/0 GPU/1 GPU/3 GPU/2 GPU/4 GPU/5 NET/2
nid005016:45862:45862 [4] NCCL INFO  3 : NET/2 GPU/5 GPU/4 GPU/2 GPU/3 GPU/1 GPU/0 GPU/6 GPU/7 NET/3
nid005016:45862:45862 [4] NCCL INFO  4 : NET/0 GPU/0 GPU/1 GPU/5 GPU/4 GPU/6 GPU/7 GPU/3 GPU/2 NET/1
nid005016:45862:45862 [4] NCCL INFO  5 : NET/1 GPU/2 GPU/3 GPU/7 GPU/6 GPU/4 GPU/5 GPU/1 GPU/0 NET/0
nid005016:45862:45862 [4] NCCL INFO  6 : NET/3 GPU/7 GPU/6 GPU/0 GPU/1 GPU/3 GPU/2 GPU/4 GPU/5 NET/2
nid005016:45862:45862 [4] NCCL INFO  7 : NET/2 GPU/5 GPU/4 GPU/2 GPU/3 GPU/1 GPU/0 GPU/6 GPU/7 NET/3
nid005016:45862:45862 [4] NCCL INFO comm 0x55dfe0af4e70 rank 4 nRanks 16 nNodes 2 localRanks 8 localRank 4 MNNVL 0
nid005016:45862:45862 [4] NCCL INFO Tree 3 : 5 -> 4 -> 2/-1/-1
nid005016:45862:45862 [4] NCCL INFO Tree 11 : 5 -> 4 -> 2/-1/-1
nid005016:45862:45862 [4] NCCL INFO Tree 7 : 5 -> 4 -> 2/-1/-1
nid005016:45862:45862 [4] NCCL INFO Tree 15 : 5 -> 4 -> 2/-1/-1
nid005016:45864:45864 [3] NCCL INFO comm 0x56087b8059e0 rank 3 nRanks 16 nNodes 2 localRanks 8 localRank 3 MNNVL 0
nid005016:45864:45864 [3] NCCL INFO Tree 1 : 2 -> 3 -> 7/-1/-1
nid005016:45864:45864 [3] NCCL INFO Tree 9 : 2 -> 3 -> 7/-1/-1
nid005016:45864:45864 [3] NCCL INFO Tree 5 : 2 -> 3 -> 7/-1/-1
nid005016:45864:45864 [3] NCCL INFO Tree 13 : 2 -> 3 -> 7/-1/-1
nid005016:45864:45864 [3] NCCL INFO Ring 0 : 7 -> 3 -> 2 comm 0x56087b8059e0 nRanks 16 busId ce000
nid005016:45864:45864 [3] NCCL INFO Ring 1 : 2 -> 3 -> 7 comm 0x56087b8059e0 nRanks 16 busId ce000
nid005016:45864:45864 [3] NCCL INFO Ring 2 : 1 -> 3 -> 2 comm 0x56087b8059e0 nRanks 16 busId ce000
nid005016:45864:45864 [3] NCCL INFO Ring 3 : 2 -> 3 -> 1 comm 0x56087b8059e0 nRanks 16 busId ce000
nid005016:45864:45864 [3] NCCL INFO Ring 4 : 7 -> 3 -> 2 comm 0x56087b8059e0 nRanks 16 busId ce000
nid005016:45864:45864 [3] NCCL INFO Ring 5 : 2 -> 3 -> 7 comm 0x56087b8059e0 nRanks 16 busId ce000
nid005016:45864:45864 [3] NCCL INFO Ring 6 : 1 -> 3 -> 2 comm 0x56087b8059e0 nRanks 16 busId ce000
nid005016:45864:45864 [3] NCCL INFO Ring 7 : 2 -> 3 -> 1 comm 0x56087b8059e0 nRanks 16 busId ce000
nid005016:45859:45859 [1] NCCL INFO comm 0x5653e6f18cf0 rank 1 nRanks 16 nNodes 2 localRanks 8 localRank 1 MNNVL 0
nid005016:45859:45859 [1] NCCL INFO Tree 0 : 0 -> 1 -> 5/-1/-1
nid005016:45859:45859 [1] NCCL INFO Tree 8 : 0 -> 1 -> 5/-1/-1
nid005016:45859:45859 [1] NCCL INFO Tree 4 : 0 -> 1 -> 5/-1/-1
nid005016:45859:45859 [1] NCCL INFO Tree 12 : 0 -> 1 -> 5/-1/-1
nid005016:45859:45859 [1] NCCL INFO Ring 0 : 0 -> 1 -> 5 comm 0x5653e6f18cf0 nRanks 16 busId c6000
nid005016:45859:45859 [1] NCCL INFO Ring 1 : 5 -> 1 -> 0 comm 0x5653e6f18cf0 nRanks 16 busId c6000
nid005016:45859:45859 [1] NCCL INFO Ring 2 : 0 -> 1 -> 3 comm 0x5653e6f18cf0 nRanks 16 busId c6000
nid005016:45859:45859 [1] NCCL INFO Ring 3 : 3 -> 1 -> 0 comm 0x5653e6f18cf0 nRanks 16 busId c6000
nid005016:45859:45859 [1] NCCL INFO Ring 4 : 0 -> 1 -> 5 comm 0x5653e6f18cf0 nRanks 16 busId c6000
nid005016:45859:45859 [1] NCCL INFO Ring 5 : 5 -> 1 -> 0 comm 0x5653e6f18cf0 nRanks 16 busId c6000
nid005016:45859:45859 [1] NCCL INFO Ring 6 : 0 -> 1 -> 3 comm 0x5653e6f18cf0 nRanks 16 busId c6000
nid005016:45859:45859 [1] NCCL INFO Ring 7 : 3 -> 1 -> 0 comm 0x5653e6f18cf0 nRanks 16 busId c6000
nid005016:45859:45859 [1] NCCL INFO Ring 8 : 0 -> 1 -> 5 comm 0x5653e6f18cf0 nRanks 16 busId c6000
nid005016:45859:45859 [1] NCCL INFO Ring 9 : 5 -> 1 -> 0 comm 0x5653e6f18cf0 nRanks 16 busId c6000
nid005016:45859:45859 [1] NCCL INFO Ring 10 : 0 -> 1 -> 3 comm 0x5653e6f18cf0 nRanks 16 busId c6000
nid005016:45859:45859 [1] NCCL INFO Ring 11 : 3 -> 1 -> 0 comm 0x5653e6f18cf0 nRanks 16 busId c6000
nid005016:45859:45859 [1] NCCL INFO Ring 12 : 0 -> 1 -> 5 comm 0x5653e6f18cf0 nRanks 16 busId c6000
nid005016:45861:45861 [0] NCCL INFO comm 0x55a3706221e0 rank 0 nRanks 16 nNodes 2 localRanks 8 localRank 0 MNNVL 0
nid005016:45861:45861 [0] NCCL INFO [RINGS]      00     01     02     03     04     05     06     07
nid005016:45861:45861 [0] NCCL INFO [RINGS]  00->02 02->00 07->05 05->07 00->02 02->00 07->05 05->07
nid005016:45861:45861 [0] NCCL INFO [RINGS]  02->00 00->02 05->07 07->05 02->00 00->02 05->07 07->05
nid005016:45861:45861 [0] NCCL INFO Tree 0 : -1 -> 0 -> 1/8/-1
nid005016:45861:45861 [0] NCCL INFO Tree 8 : 8 -> 0 -> 1/-1/-1
nid005016:45861:45861 [0] NCCL INFO Tree 4 : -1 -> 0 -> 1/8/-1
nid005016:45861:45861 [0] NCCL INFO Tree 12 : 8 -> 0 -> 1/-1/-1
nid005016:45861:45861 [0] NCCL INFO Channel 00/16 :    0   1   5   4   6   7   3   2  10  11  15  14  12  13   9   8
nid005016:45861:45861 [0] NCCL INFO Channel 01/16 :    0   8   9  13  12  14  15  11  10   2   3   7   6   4   5   1
nid005016:45861:45861 [0] NCCL INFO Channel 02/16 :    0   1   3   2   4   5  13  12  10  11   9   8  14  15   7   6
nid005016:45861:45861 [0] NCCL INFO Channel 03/16 :    0   6   7  15  14   8   9  11  10  12  13   5   4   2   3   1
nid005016:45861:45861 [0] NCCL INFO Channel 04/16 :    0   1   5   4   6   7   3   2  10  11  15  14  12  13   9   8
nid005016:45861:45861 [0] NCCL INFO Channel 05/16 :    0   8   9  13  12  14  15  11  10   2   3   7   6   4   5   1
nid005016:45861:45861 [0] NCCL INFO Channel 06/16 :    0   1   3   2   4   5  13  12  10  11   9   8  14  15   7   6
nid005016:45861:45861 [0] NCCL INFO Channel 07/16 :    0   6   7  15  14   8   9  11  10  12  13   5   4   2   3   1
nid005016:45861:45861 [0] NCCL INFO Channel 08/16 :    0   1   5   4   6   7   3   2  10  11  15  14  12  13   9   8
nid005016:45861:45861 [0] NCCL INFO Channel 09/16 :    0   8   9  13  12  14  15  11  10   2   3   7   6   4   5   1
nid005016:45866:45866 [5] NCCL INFO comm 0x5616e1cbb7b0 rank 5 nRanks 16 nNodes 2 localRanks 8 localRank 5 MNNVL 0
nid005016:45866:45866 [5] NCCL INFO Tree 3 : -1 -> 5 -> 4/13/-1
nid005016:45866:45866 [5] NCCL INFO Tree 11 : 13 -> 5 -> 4/-1/-1
nid005016:45866:45866 [5] NCCL INFO Tree 7 : -1 -> 5 -> 4/13/-1
nid005016:45866:45866 [5] NCCL INFO Tree 15 : 13 -> 5 -> 4/-1/-1
nid005016:45866:45866 [5] NCCL INFO Ring 0 : 1 -> 5 -> 4 comm 0x5616e1cbb7b0 nRanks 16 busId d6000
nid005016:45866:45866 [5] NCCL INFO Ring 1 : 4 -> 5 -> 1 comm 0x5616e1cbb7b0 nRanks 16 busId d6000
nid005016:45866:45866 [5] NCCL INFO Ring 2 : 4 -> 5 -> 13 comm 0x5616e1cbb7b0 nRanks 16 busId d6000
nid005016:45866:45866 [5] NCCL INFO Ring 3 : 13 -> 5 -> 4 comm 0x5616e1cbb7b0 nRanks 16 busId d6000
nid005016:45866:45866 [5] NCCL INFO Ring 4 : 1 -> 5 -> 4 comm 0x5616e1cbb7b0 nRanks 16 busId d6000
nid005016:45866:45866 [5] NCCL INFO Ring 5 : 4 -> 5 -> 1 comm 0x5616e1cbb7b0 nRanks 16 busId d6000
nid005016:45866:45866 [5] NCCL INFO Ring 6 : 4 -> 5 -> 13 comm 0x5616e1cbb7b0 nRanks 16 busId d6000
nid005016:45866:45866 [5] NCCL INFO Ring 7 : 13 -> 5 -> 4 comm 0x5616e1cbb7b0 nRanks 16 busId d6000
nid005016:45866:45866 [5] NCCL INFO Ring 8 : 1 -> 5 -> 4 comm 0x5616e1cbb7b0 nRanks 16 busId d6000
nid005016:45866:45866 [5] NCCL INFO Ring 9 : 4 -> 5 -> 1 comm 0x5616e1cbb7b0 nRanks 16 busId d6000
nid005016:45866:45866 [5] NCCL INFO Ring 10 : 4 -> 5 -> 13 comm 0x5616e1cbb7b0 nRanks 16 busId d6000
nid005016:45866:45866 [5] NCCL INFO Ring 11 : 13 -> 5 -> 4 comm 0x5616e1cbb7b0 nRanks 16 busId d6000
nid005016:45866:45866 [5] NCCL INFO Ring 12 : 1 -> 5 -> 4 comm 0x5616e1cbb7b0 nRanks 16 busId d6000
nid005016:45866:45866 [5] NCCL INFO Ring 13 : 4 -> 5 -> 1 comm 0x5616e1cbb7b0 nRanks 16 busId d6000
nid005016:45866:45866 [5] NCCL INFO Ring 14 : 4 -> 5 -> 13 comm 0x5616e1cbb7b0 nRanks 16 busId d6000
nid005016:45866:45866 [5] NCCL INFO Ring 15 : 13 -> 5 -> 4 comm 0x5616e1cbb7b0 nRanks 16 busId d6000
nid005016:45866:45866 [5] NCCL INFO Trees [0] 4/-1/-1->5->1 [1] 1/-1/-1->5->4 [2] -1/-1/-1->5->4 [3] 4/13/-1->5->-1 [4] 4/-1/-1->5->1 [5] 1/-1/-1->5->4 [6] -1/-1/-1->5->4 [7] 4/13/-1->5->-1 [8] 4/-1/-1->5->1 [9] 1/-1/-1->5->4 [10] -1/-1/-1->5->4 [11] 4/-1/-1->5->13 [12] 4/-1/-1->5->1 [13] 1/-1/-1->5->4 [14] -1/-1/-1->5->4 [15] 4/-1/-1->5->13 comm 0x5616e1cbb7b0 nRanks 16 busId d6000
nid005016:45863:45863 [6] NCCL INFO comm 0x56148dd13070 rank 6 nRanks 16 nNodes 2 localRanks 8 localRank 6 MNNVL 0
nid005016:45863:45863 [6] NCCL INFO Tree 2 : 7 -> 6 -> 0/-1/-1
nid005016:45863:45863 [6] NCCL INFO Tree 10 : 7 -> 6 -> 0/-1/-1
nid005016:45863:45863 [6] NCCL INFO Tree 6 : 7 -> 6 -> 0/-1/-1
nid005016:45863:45863 [6] NCCL INFO Tree 14 : 7 -> 6 -> 0/-1/-1
nid005016:45863:45863 [6] NCCL INFO Ring 0 : 4 -> 6 -> 7 comm 0x56148dd13070 nRanks 16 busId d9000
nid005016:45863:45863 [6] NCCL INFO Ring 1 : 7 -> 6 -> 4 comm 0x56148dd13070 nRanks 16 busId d9000
nid005016:45863:45863 [6] NCCL INFO Ring 2 : 7 -> 6 -> 0 comm 0x56148dd13070 nRanks 16 busId d9000
nid005016:45863:45863 [6] NCCL INFO Ring 3 : 0 -> 6 -> 7 comm 0x56148dd13070 nRanks 16 busId d9000
nid005016:45863:45863 [6] NCCL INFO Ring 4 : 4 -> 6 -> 7 comm 0x56148dd13070 nRanks 16 busId d9000
nid005016:45863:45863 [6] NCCL INFO Ring 5 : 7 -> 6 -> 4 comm 0x56148dd13070 nRanks 16 busId d9000
nid005016:45863:45863 [6] NCCL INFO Ring 6 : 7 -> 6 -> 0 comm 0x56148dd13070 nRanks 16 busId d9000
nid005016:45863:45863 [6] NCCL INFO Ring 7 : 0 -> 6 -> 7 comm 0x56148dd13070 nRanks 16 busId d9000
nid005016:45863:45863 [6] NCCL INFO Ring 8 : 4 -> 6 -> 7 comm 0x56148dd13070 nRanks 16 busId d9000
nid005016:45863:45863 [6] NCCL INFO Ring 9 : 7 -> 6 -> 4 comm 0x56148dd13070 nRanks 16 busId d9000
nid005016:45863:45863 [6] NCCL INFO Ring 10 : 7 -> 6 -> 0 comm 0x56148dd13070 nRanks 16 busId d9000
nid005016:45863:45863 [6] NCCL INFO Ring 11 : 0 -> 6 -> 7 comm 0x56148dd13070 nRanks 16 busId d9000
nid005016:45863:45863 [6] NCCL INFO Ring 12 : 4 -> 6 -> 7 comm 0x56148dd13070 nRanks 16 busId d9000
nid005016:45863:45863 [6] NCCL INFO Ring 13 : 7 -> 6 -> 4 comm 0x56148dd13070 nRanks 16 busId d9000
nid005016:45863:45863 [6] NCCL INFO Ring 14 : 7 -> 6 -> 0 comm 0x56148dd13070 nRanks 16 busId d9000
nid005016:45863:45863 [6] NCCL INFO Ring 15 : 0 -> 6 -> 7 comm 0x56148dd13070 nRanks 16 busId d9000
nid005016:45863:45863 [6] NCCL INFO Trees [0] 7/-1/-1->6->4 [1] 4/-1/-1->6->7 [2] 0/-1/-1->6->7 [3] 7/-1/-1->6->0 [4] 7/-1/-1->6->4 [5] 4/-1/-1->6->7 [6] 0/-1/-1->6->7 [7] 7/-1/-1->6->0 [8] 7/-1/-1->6->4 [9] 4/-1/-1->6->7 [10] 0/-1/-1->6->7 [11] 7/-1/-1->6->0 [12] 7/-1/-1->6->4 [13] 4/-1/-1->6->7 [14] 0/-1/-1->6->7 [15] 7/-1/-1->6->0 comm 0x56148dd13070 nRanks 16 busId d9000
nid005016:45863:45863 [6] NCCL INFO P2P Chunksize set to 131072
nid005016:45865:45865 [7] NCCL INFO comm 0x55f8b42c2a00 rank 7 nRanks 16 nNodes 2 localRanks 8 localRank 7 MNNVL 0
nid005016:45865:45865 [7] NCCL INFO Tree 2 : -1 -> 7 -> 6/15/-1
nid005016:45865:45865 [7] NCCL INFO Tree 10 : 15 -> 7 -> 6/-1/-1
nid005016:45865:45865 [7] NCCL INFO Tree 6 : -1 -> 7 -> 6/15/-1
nid005016:45865:45865 [7] NCCL INFO Tree 14 : 15 -> 7 -> 6/-1/-1
nid005016:45865:45865 [7] NCCL INFO Ring 0 : 6 -> 7 -> 3 comm 0x55f8b42c2a00 nRanks 16 busId de000
nid005016:45865:45865 [7] NCCL INFO Ring 1 : 3 -> 7 -> 6 comm 0x55f8b42c2a00 nRanks 16 busId de000
nid005016:45865:45865 [7] NCCL INFO Ring 2 : 15 -> 7 -> 6 comm 0x55f8b42c2a00 nRanks 16 busId de000
nid005016:45865:45865 [7] NCCL INFO Ring 3 : 6 -> 7 -> 15 comm 0x55f8b42c2a00 nRanks 16 busId de000
nid005016:45865:45865 [7] NCCL INFO Ring 4 : 6 -> 7 -> 3 comm 0x55f8b42c2a00 nRanks 16 busId de000
nid005016:45865:45865 [7] NCCL INFO Ring 5 : 3 -> 7 -> 6 comm 0x55f8b42c2a00 nRanks 16 busId de000
nid005016:45865:45865 [7] NCCL INFO Ring 6 : 15 -> 7 -> 6 comm 0x55f8b42c2a00 nRanks 16 busId de000
nid005016:45865:45865 [7] NCCL INFO Ring 7 : 6 -> 7 -> 15 comm 0x55f8b42c2a00 nRanks 16 busId de000
nid005016:45865:45865 [7] NCCL INFO Ring 8 : 6 -> 7 -> 3 comm 0x55f8b42c2a00 nRanks 16 busId de000
nid005016:45865:45865 [7] NCCL INFO Ring 9 : 3 -> 7 -> 6 comm 0x55f8b42c2a00 nRanks 16 busId de000
nid005016:45865:45865 [7] NCCL INFO Ring 10 : 15 -> 7 -> 6 comm 0x55f8b42c2a00 nRanks 16 busId de000
nid005016:45865:45865 [7] NCCL INFO Ring 11 : 6 -> 7 -> 15 comm 0x55f8b42c2a00 nRanks 16 busId de000
nid005016:45865:45865 [7] NCCL INFO Ring 12 : 6 -> 7 -> 3 comm 0x55f8b42c2a00 nRanks 16 busId de000
nid005016:45865:45865 [7] NCCL INFO Ring 13 : 3 -> 7 -> 6 comm 0x55f8b42c2a00 nRanks 16 busId de000
nid005016:45865:45865 [7] NCCL INFO Ring 14 : 15 -> 7 -> 6 comm 0x55f8b42c2a00 nRanks 16 busId de000
nid005016:45865:45865 [7] NCCL INFO Ring 15 : 6 -> 7 -> 15 comm 0x55f8b42c2a00 nRanks 16 busId de000
nid005016:45865:45865 [7] NCCL INFO Trees [0] 3/-1/-1->7->6 [1] 6/-1/-1->7->3 [2] 6/15/-1->7->-1 [3] -1/-1/-1->7->6 [4] 3/-1/-1->7->6 [5] 6/-1/-1->7->3 [6] 6/15/-1->7->-1 [7] -1/-1/-1->7->6 [8] 3/-1/-1->7->6 [9] 6/-1/-1->7->3 [10] 6/-1/-1->7->15 [11] -1/-1/-1->7->6 [12] 3/-1/-1->7->6 [13] 6/-1/-1->7->3 [14] 6/-1/-1->7->15 [15] -1/-1/-1->7->6 comm 0x55f8b42c2a00 nRanks 16 busId de000
nid005016:45865:45865 [7] NCCL INFO P2P Chunksize set to 131072
nid005016:45860:45860 [2] NCCL INFO comm 0x559815b61c00 rank 2 nRanks 16 nNodes 2 localRanks 8 localRank 2 MNNVL 0
nid005016:45860:45860 [2] NCCL INFO Tree 1 : -1 -> 2 -> 3/10/-1
nid005016:45860:45860 [2] NCCL INFO Tree 9 : 10 -> 2 -> 3/-1/-1
nid005016:45860:45860 [2] NCCL INFO Tree 5 : -1 -> 2 -> 3/10/-1
nid005016:45860:45860 [2] NCCL INFO Tree 13 : 10 -> 2 -> 3/-1/-1
nid005016:45860:45860 [2] NCCL INFO Ring 0 : 3 -> 2 -> 10 comm 0x559815b61c00 nRanks 16 busId c9000
nid005016:45860:45860 [2] NCCL INFO Ring 1 : 10 -> 2 -> 3 comm 0x559815b61c00 nRanks 16 busId c9000
nid005016:45860:45860 [2] NCCL INFO Ring 2 : 3 -> 2 -> 4 comm 0x559815b61c00 nRanks 16 busId c9000
nid005016:45860:45860 [2] NCCL INFO Ring 3 : 4 -> 2 -> 3 comm 0x559815b61c00 nRanks 16 busId c9000
nid005016:45860:45860 [2] NCCL INFO Ring 4 : 3 -> 2 -> 10 comm 0x559815b61c00 nRanks 16 busId c9000
nid005016:45860:45860 [2] NCCL INFO Ring 5 : 10 -> 2 -> 3 comm 0x559815b61c00 nRanks 16 busId c9000
nid005016:45860:45860 [2] NCCL INFO Ring 6 : 3 -> 2 -> 4 comm 0x559815b61c00 nRanks 16 busId c9000
nid005016:45860:45860 [2] NCCL INFO Ring 7 : 4 -> 2 -> 3 comm 0x559815b61c00 nRanks 16 busId c9000
nid005016:45860:45860 [2] NCCL INFO Ring 8 : 3 -> 2 -> 10 comm 0x559815b61c00 nRanks 16 busId c9000
nid005016:45860:45860 [2] NCCL INFO Ring 9 : 10 -> 2 -> 3 comm 0x559815b61c00 nRanks 16 busId c9000
nid005016:45860:45860 [2] NCCL INFO Ring 10 : 3 -> 2 -> 4 comm 0x559815b61c00 nRanks 16 busId c9000
nid005016:45860:45860 [2] NCCL INFO Ring 11 : 4 -> 2 -> 3 comm 0x559815b61c00 nRanks 16 busId c9000
nid005016:45860:45860 [2] NCCL INFO Ring 12 : 3 -> 2 -> 10 comm 0x559815b61c00 nRanks 16 busId c9000
nid005016:45860:45860 [2] NCCL INFO Ring 13 : 10 -> 2 -> 3 comm 0x559815b61c00 nRanks 16 busId c9000
nid005016:45860:45860 [2] NCCL INFO Ring 14 : 3 -> 2 -> 4 comm 0x559815b61c00 nRanks 16 busId c9000
nid005016:45860:45860 [2] NCCL INFO Ring 15 : 4 -> 2 -> 3 comm 0x559815b61c00 nRanks 16 busId c9000
nid005016:45860:45860 [2] NCCL INFO Trees [0] -1/-1/-1->2->3 [1] 3/10/-1->2->-1 [2] 4/-1/-1->2->3 [3] 3/-1/-1->2->4 [4] -1/-1/-1->2->3 [5] 3/10/-1->2->-1 [6] 4/-1/-1->2->3 [7] 3/-1/-1->2->4 [8] -1/-1/-1->2->3 [9] 3/-1/-1->2->10 [10] 4/-1/-1->2->3 [11] 3/-1/-1->2->4 [12] -1/-1/-1->2->3 [13] 3/-1/-1->2->10 [14] 4/-1/-1->2->3 [15] 3/-1/-1->2->4 comm 0x559815b61c00 nRanks 16 busId c9000
nid005016:45860:45860 [2] NCCL INFO P2P Chunksize set to 131072
nid005016:45862:45862 [4] NCCL INFO Ring 0 : 5 -> 4 -> 6 comm 0x55dfe0af4e70 nRanks 16 busId d1000
nid005016:45862:45862 [4] NCCL INFO Ring 1 : 6 -> 4 -> 5 comm 0x55dfe0af4e70 nRanks 16 busId d1000
nid005016:45862:45862 [4] NCCL INFO Ring 2 : 2 -> 4 -> 5 comm 0x55dfe0af4e70 nRanks 16 busId d1000
nid005016:45862:45862 [4] NCCL INFO Ring 3 : 5 -> 4 -> 2 comm 0x55dfe0af4e70 nRanks 16 busId d1000
nid005016:45862:45862 [4] NCCL INFO Ring 4 : 5 -> 4 -> 6 comm 0x55dfe0af4e70 nRanks 16 busId d1000
nid005016:45862:45862 [4] NCCL INFO Ring 5 : 6 -> 4 -> 5 comm 0x55dfe0af4e70 nRanks 16 busId d1000
nid005016:45862:45862 [4] NCCL INFO Ring 6 : 2 -> 4 -> 5 comm 0x55dfe0af4e70 nRanks 16 busId d1000
nid005016:45862:45862 [4] NCCL INFO Ring 7 : 5 -> 4 -> 2 comm 0x55dfe0af4e70 nRanks 16 busId d1000
nid005016:45862:45862 [4] NCCL INFO Ring 8 : 5 -> 4 -> 6 comm 0x55dfe0af4e70 nRanks 16 busId d1000
nid005016:45862:45862 [4] NCCL INFO Ring 9 : 6 -> 4 -> 5 comm 0x55dfe0af4e70 nRanks 16 busId d1000
nid005016:45862:45862 [4] NCCL INFO Ring 10 : 2 -> 4 -> 5 comm 0x55dfe0af4e70 nRanks 16 busId d1000
nid005016:45862:45862 [4] NCCL INFO Ring 11 : 5 -> 4 -> 2 comm 0x55dfe0af4e70 nRanks 16 busId d1000
nid005016:45862:45862 [4] NCCL INFO Ring 12 : 5 -> 4 -> 6 comm 0x55dfe0af4e70 nRanks 16 busId d1000
nid005016:45862:45862 [4] NCCL INFO Ring 13 : 6 -> 4 -> 5 comm 0x55dfe0af4e70 nRanks 16 busId d1000
nid005016:45862:45862 [4] NCCL INFO Ring 14 : 2 -> 4 -> 5 comm 0x55dfe0af4e70 nRanks 16 busId d1000
nid005016:45862:45862 [4] NCCL INFO Ring 15 : 5 -> 4 -> 2 comm 0x55dfe0af4e70 nRanks 16 busId d1000
nid005016:45862:45862 [4] NCCL INFO Trees [0] 6/-1/-1->4->5 [1] 5/-1/-1->4->6 [2] 5/-1/-1->4->2 [3] 2/-1/-1->4->5 [4] 6/-1/-1->4->5 [5] 5/-1/-1->4->6 [6] 5/-1/-1->4->2 [7] 2/-1/-1->4->5 [8] 6/-1/-1->4->5 [9] 5/-1/-1->4->6 [10] 5/-1/-1->4->2 [11] 2/-1/-1->4->5 [12] 6/-1/-1->4->5 [13] 5/-1/-1->4->6 [14] 5/-1/-1->4->2 [15] 2/-1/-1->4->5 comm 0x55dfe0af4e70 nRanks 16 busId d1000
nid005016:45862:45862 [4] NCCL INFO P2P Chunksize set to 131072
nid005016:45864:45864 [3] NCCL INFO Ring 8 : 7 -> 3 -> 2 comm 0x56087b8059e0 nRanks 16 busId ce000
nid005016:45864:45864 [3] NCCL INFO Ring 9 : 2 -> 3 -> 7 comm 0x56087b8059e0 nRanks 16 busId ce000
nid005016:45864:45864 [3] NCCL INFO Ring 10 : 1 -> 3 -> 2 comm 0x56087b8059e0 nRanks 16 busId ce000
nid005016:45864:45864 [3] NCCL INFO Ring 11 : 2 -> 3 -> 1 comm 0x56087b8059e0 nRanks 16 busId ce000
nid005016:45864:45864 [3] NCCL INFO Ring 12 : 7 -> 3 -> 2 comm 0x56087b8059e0 nRanks 16 busId ce000
nid005016:45864:45864 [3] NCCL INFO Ring 13 : 2 -> 3 -> 7 comm 0x56087b8059e0 nRanks 16 busId ce000
nid005016:45864:45864 [3] NCCL INFO Ring 14 : 1 -> 3 -> 2 comm 0x56087b8059e0 nRanks 16 busId ce000
nid005016:45864:45864 [3] NCCL INFO Ring 15 : 2 -> 3 -> 1 comm 0x56087b8059e0 nRanks 16 busId ce000
nid005016:45864:45864 [3] NCCL INFO Trees [0] 2/-1/-1->3->7 [1] 7/-1/-1->3->2 [2] 2/-1/-1->3->1 [3] 1/-1/-1->3->2 [4] 2/-1/-1->3->7 [5] 7/-1/-1->3->2 [6] 2/-1/-1->3->1 [7] 1/-1/-1->3->2 [8] 2/-1/-1->3->7 [9] 7/-1/-1->3->2 [10] 2/-1/-1->3->1 [11] 1/-1/-1->3->2 [12] 2/-1/-1->3->7 [13] 7/-1/-1->3->2 [14] 2/-1/-1->3->1 [15] 1/-1/-1->3->2 comm 0x56087b8059e0 nRanks 16 busId ce000
nid005016:45864:45864 [3] NCCL INFO P2P Chunksize set to 131072
nid005016:45859:45859 [1] NCCL INFO Ring 13 : 5 -> 1 -> 0 comm 0x5653e6f18cf0 nRanks 16 busId c6000
nid005016:45859:45859 [1] NCCL INFO Ring 14 : 0 -> 1 -> 3 comm 0x5653e6f18cf0 nRanks 16 busId c6000
nid005016:45859:45859 [1] NCCL INFO Ring 15 : 3 -> 1 -> 0 comm 0x5653e6f18cf0 nRanks 16 busId c6000
nid005016:45859:45859 [1] NCCL INFO Trees [0] 5/-1/-1->1->0 [1] 0/-1/-1->1->5 [2] 3/-1/-1->1->0 [3] 0/-1/-1->1->3 [4] 5/-1/-1->1->0 [5] 0/-1/-1->1->5 [6] 3/-1/-1->1->0 [7] 0/-1/-1->1->3 [8] 5/-1/-1->1->0 [9] 0/-1/-1->1->5 [10] 3/-1/-1->1->0 [11] 0/-1/-1->1->3 [12] 5/-1/-1->1->0 [13] 0/-1/-1->1->5 [14] 3/-1/-1->1->0 [15] 0/-1/-1->1->3 comm 0x5653e6f18cf0 nRanks 16 busId c6000
nid005016:45859:45859 [1] NCCL INFO P2P Chunksize set to 131072
nid005016:45861:45861 [0] NCCL INFO Channel 10/16 :    0   1   3   2   4   5  13  12  10  11   9   8  14  15   7   6
nid005016:45861:45861 [0] NCCL INFO Channel 11/16 :    0   6   7  15  14   8   9  11  10  12  13   5   4   2   3   1
nid005016:45861:45861 [0] NCCL INFO Channel 12/16 :    0   1   5   4   6   7   3   2  10  11  15  14  12  13   9   8
nid005016:45861:45861 [0] NCCL INFO Channel 13/16 :    0   8   9  13  12  14  15  11  10   2   3   7   6   4   5   1
nid005016:45861:45861 [0] NCCL INFO Channel 14/16 :    0   1   3   2   4   5  13  12  10  11   9   8  14  15   7   6
nid005016:45861:45861 [0] NCCL INFO Channel 15/16 :    0   6   7  15  14   8   9  11  10  12  13   5   4   2   3   1
nid005016:45861:45861 [0] NCCL INFO Ring 0 : 8 -> 0 -> 1 comm 0x55a3706221e0 nRanks 16 busId c1000
nid005016:45861:45861 [0] NCCL INFO Ring 1 : 1 -> 0 -> 8 comm 0x55a3706221e0 nRanks 16 busId c1000
nid005016:45861:45861 [0] NCCL INFO Ring 2 : 6 -> 0 -> 1 comm 0x55a3706221e0 nRanks 16 busId c1000
nid005016:45861:45861 [0] NCCL INFO Ring 3 : 1 -> 0 -> 6 comm 0x55a3706221e0 nRanks 16 busId c1000
nid005016:45861:45861 [0] NCCL INFO Ring 4 : 8 -> 0 -> 1 comm 0x55a3706221e0 nRanks 16 busId c1000
nid005016:45861:45861 [0] NCCL INFO Ring 5 : 1 -> 0 -> 8 comm 0x55a3706221e0 nRanks 16 busId c1000
nid005016:45861:45861 [0] NCCL INFO Ring 6 : 6 -> 0 -> 1 comm 0x55a3706221e0 nRanks 16 busId c1000
nid005016:45861:45861 [0] NCCL INFO Ring 7 : 1 -> 0 -> 6 comm 0x55a3706221e0 nRanks 16 busId c1000
nid005016:45861:45861 [0] NCCL INFO Ring 8 : 8 -> 0 -> 1 comm 0x55a3706221e0 nRanks 16 busId c1000
nid005016:45861:45861 [0] NCCL INFO Ring 9 : 1 -> 0 -> 8 comm 0x55a3706221e0 nRanks 16 busId c1000
nid005016:45861:45861 [0] NCCL INFO Ring 10 : 6 -> 0 -> 1 comm 0x55a3706221e0 nRanks 16 busId c1000
nid005016:45861:45861 [0] NCCL INFO Ring 11 : 1 -> 0 -> 6 comm 0x55a3706221e0 nRanks 16 busId c1000
nid005016:45861:45861 [0] NCCL INFO Ring 12 : 8 -> 0 -> 1 comm 0x55a3706221e0 nRanks 16 busId c1000
nid005016:45861:45861 [0] NCCL INFO Ring 13 : 1 -> 0 -> 8 comm 0x55a3706221e0 nRanks 16 busId c1000
nid005016:45861:45861 [0] NCCL INFO Ring 14 : 6 -> 0 -> 1 comm 0x55a3706221e0 nRanks 16 busId c1000
nid005016:45861:45861 [0] NCCL INFO Ring 15 : 1 -> 0 -> 6 comm 0x55a3706221e0 nRanks 16 busId c1000
nid005016:45861:45861 [0] NCCL INFO Trees [0] 1/8/-1->0->-1 [1] -1/-1/-1->0->1 [2] 1/-1/-1->0->6 [3] 6/-1/-1->0->1 [4] 1/8/-1->0->-1 [5] -1/-1/-1->0->1 [6] 1/-1/-1->0->6 [7] 6/-1/-1->0->1 [8] 1/-1/-1->0->8 [9] -1/-1/-1->0->1 [10] 1/-1/-1->0->6 [11] 6/-1/-1->0->1 [12] 1/-1/-1->0->8 [13] -1/-1/-1->0->1 [14] 1/-1/-1->0->6 [15] 6/-1/-1->0->1 comm 0x55a3706221e0 nRanks 16 busId c1000
nid005016:45861:45861 [0] NCCL INFO P2P Chunksize set to 131072
nid005016:45866:45866 [5] NCCL INFO P2P Chunksize set to 131072
nid005017:56647:56647 [7] NCCL INFO comm 0x55e697632f50 rank 15 nRanks 16 nNodes 2 localRanks 8 localRank 7 MNNVL 0
nid005017:56647:56647 [7] NCCL INFO Tree 2 : 7 -> 15 -> 14/-1/-1
nid005017:56647:56647 [7] NCCL INFO Tree 10 : -1 -> 15 -> 14/7/-1
nid005017:56647:56647 [7] NCCL INFO Tree 6 : 7 -> 15 -> 14/-1/-1
nid005017:56647:56647 [7] NCCL INFO Tree 14 : -1 -> 15 -> 14/7/-1
nid005017:56648:56648 [6] NCCL INFO comm 0x55e24e770940 rank 14 nRanks 16 nNodes 2 localRanks 8 localRank 6 MNNVL 0
nid005017:56641:56641 [0] NCCL INFO comm 0x562676d902d0 rank 8 nRanks 16 nNodes 2 localRanks 8 localRank 0 MNNVL 0
nid005017:56641:56641 [0] NCCL INFO Tree 0 : 0 -> 8 -> 9/-1/-1
nid005017:56641:56641 [0] NCCL INFO Tree 8 : -1 -> 8 -> 9/0/-1
nid005017:56641:56641 [0] NCCL INFO Tree 4 : 0 -> 8 -> 9/-1/-1
nid005017:56641:56641 [0] NCCL INFO Tree 12 : -1 -> 8 -> 9/0/-1
nid005017:56641:56641 [0] NCCL INFO Ring 0 : 9 -> 8 -> 0 comm 0x562676d902d0 nRanks 16 busId c1000
nid005017:56641:56641 [0] NCCL INFO Ring 1 : 0 -> 8 -> 9 comm 0x562676d902d0 nRanks 16 busId c1000
nid005017:56641:56641 [0] NCCL INFO Ring 2 : 9 -> 8 -> 14 comm 0x562676d902d0 nRanks 16 busId c1000
nid005017:56641:56641 [0] NCCL INFO Ring 3 : 14 -> 8 -> 9 comm 0x562676d902d0 nRanks 16 busId c1000
nid005017:56641:56641 [0] NCCL INFO Ring 4 : 9 -> 8 -> 0 comm 0x562676d902d0 nRanks 16 busId c1000
nid005017:56644:56644 [4] NCCL INFO comm 0x5563276d8f60 rank 12 nRanks 16 nNodes 2 localRanks 8 localRank 4 MNNVL 0
nid005017:56644:56644 [4] NCCL INFO Tree 3 : 13 -> 12 -> 10/-1/-1
nid005017:56644:56644 [4] NCCL INFO Tree 11 : 13 -> 12 -> 10/-1/-1
nid005017:56644:56644 [4] NCCL INFO Tree 7 : 13 -> 12 -> 10/-1/-1
nid005017:56644:56644 [4] NCCL INFO Tree 15 : 13 -> 12 -> 10/-1/-1
nid005017:56644:56644 [4] NCCL INFO Ring 0 : 14 -> 12 -> 13 comm 0x5563276d8f60 nRanks 16 busId d1000
nid005017:56644:56644 [4] NCCL INFO Ring 1 : 13 -> 12 -> 14 comm 0x5563276d8f60 nRanks 16 busId d1000
nid005017:56644:56644 [4] NCCL INFO Ring 2 : 13 -> 12 -> 10 comm 0x5563276d8f60 nRanks 16 busId d1000
nid005017:56644:56644 [4] NCCL INFO Ring 3 : 10 -> 12 -> 13 comm 0x5563276d8f60 nRanks 16 busId d1000
nid005017:56644:56644 [4] NCCL INFO Ring 4 : 14 -> 12 -> 13 comm 0x5563276d8f60 nRanks 16 busId d1000
nid005017:56644:56644 [4] NCCL INFO Ring 5 : 13 -> 12 -> 14 comm 0x5563276d8f60 nRanks 16 busId d1000
nid005017:56644:56644 [4] NCCL INFO Ring 6 : 13 -> 12 -> 10 comm 0x5563276d8f60 nRanks 16 busId d1000
nid005017:56644:56644 [4] NCCL INFO Ring 7 : 10 -> 12 -> 13 comm 0x5563276d8f60 nRanks 16 busId d1000
nid005017:56644:56644 [4] NCCL INFO Ring 8 : 14 -> 12 -> 13 comm 0x5563276d8f60 nRanks 16 busId d1000
nid005017:56644:56644 [4] NCCL INFO Ring 9 : 13 -> 12 -> 14 comm 0x5563276d8f60 nRanks 16 busId d1000
nid005017:56644:56644 [4] NCCL INFO Ring 10 : 13 -> 12 -> 10 comm 0x5563276d8f60 nRanks 16 busId d1000
nid005017:56644:56644 [4] NCCL INFO Ring 11 : 10 -> 12 -> 13 comm 0x5563276d8f60 nRanks 16 busId d1000
nid005017:56644:56644 [4] NCCL INFO Ring 12 : 14 -> 12 -> 13 comm 0x5563276d8f60 nRanks 16 busId d1000
nid005017:56644:56644 [4] NCCL INFO Ring 13 : 13 -> 12 -> 14 comm 0x5563276d8f60 nRanks 16 busId d1000
nid005017:56644:56644 [4] NCCL INFO Ring 14 : 13 -> 12 -> 10 comm 0x5563276d8f60 nRanks 16 busId d1000
nid005017:56644:56644 [4] NCCL INFO Ring 15 : 10 -> 12 -> 13 comm 0x5563276d8f60 nRanks 16 busId d1000
nid005017:56644:56644 [4] NCCL INFO Trees [0] 14/-1/-1->12->13 [1] 13/-1/-1->12->14 [2] 13/-1/-1->12->10 [3] 10/-1/-1->12->13 [4] 14/-1/-1->12->13 [5] 13/-1/-1->12->14 [6] 13/-1/-1->12->10 [7] 10/-1/-1->12->13 [8] 14/-1/-1->12->13 [9] 13/-1/-1->12->14 [10] 13/-1/-1->12->10 [11] 10/-1/-1->12->13 [12] 14/-1/-1->12->13 [13] 13/-1/-1->12->14 [14] 13/-1/-1->12->10 [15] 10/-1/-1->12->13 comm 0x5563276d8f60 nRanks 16 busId d1000
nid005017:56644:56644 [4] NCCL INFO P2P Chunksize set to 131072
nid005017:56645:56645 [5] NCCL INFO comm 0x56455930efc0 rank 13 nRanks 16 nNodes 2 localRanks 8 localRank 5 MNNVL 0
nid005017:56645:56645 [5] NCCL INFO Tree 3 : 5 -> 13 -> 12/-1/-1
nid005017:56645:56645 [5] NCCL INFO Tree 11 : -1 -> 13 -> 12/5/-1
nid005017:56645:56645 [5] NCCL INFO Tree 7 : 5 -> 13 -> 12/-1/-1
nid005017:56645:56645 [5] NCCL INFO Tree 15 : -1 -> 13 -> 12/5/-1
nid005017:56645:56645 [5] NCCL INFO Ring 0 : 12 -> 13 -> 9 comm 0x56455930efc0 nRanks 16 busId d6000
nid005017:56645:56645 [5] NCCL INFO Ring 1 : 9 -> 13 -> 12 comm 0x56455930efc0 nRanks 16 busId d6000
nid005017:56645:56645 [5] NCCL INFO Ring 2 : 5 -> 13 -> 12 comm 0x56455930efc0 nRanks 16 busId d6000
nid005017:56645:56645 [5] NCCL INFO Ring 3 : 12 -> 13 -> 5 comm 0x56455930efc0 nRanks 16 busId d6000
nid005017:56645:56645 [5] NCCL INFO Ring 4 : 12 -> 13 -> 9 comm 0x56455930efc0 nRanks 16 busId d6000
nid005017:56645:56645 [5] NCCL INFO Ring 5 : 9 -> 13 -> 12 comm 0x56455930efc0 nRanks 16 busId d6000
nid005017:56645:56645 [5] NCCL INFO Ring 6 : 5 -> 13 -> 12 comm 0x56455930efc0 nRanks 16 busId d6000
nid005017:56645:56645 [5] NCCL INFO Ring 7 : 12 -> 13 -> 5 comm 0x56455930efc0 nRanks 16 busId d6000
nid005017:56645:56645 [5] NCCL INFO Ring 8 : 12 -> 13 -> 9 comm 0x56455930efc0 nRanks 16 busId d6000
nid005017:56645:56645 [5] NCCL INFO Ring 9 : 9 -> 13 -> 12 comm 0x56455930efc0 nRanks 16 busId d6000
nid005017:56645:56645 [5] NCCL INFO Ring 10 : 5 -> 13 -> 12 comm 0x56455930efc0 nRanks 16 busId d6000
nid005017:56645:56645 [5] NCCL INFO Ring 11 : 12 -> 13 -> 5 comm 0x56455930efc0 nRanks 16 busId d6000
nid005017:56645:56645 [5] NCCL INFO Ring 12 : 12 -> 13 -> 9 comm 0x56455930efc0 nRanks 16 busId d6000
nid005017:56645:56645 [5] NCCL INFO Ring 13 : 9 -> 13 -> 12 comm 0x56455930efc0 nRanks 16 busId d6000
nid005017:56645:56645 [5] NCCL INFO Ring 14 : 5 -> 13 -> 12 comm 0x56455930efc0 nRanks 16 busId d6000
nid005017:56645:56645 [5] NCCL INFO Ring 15 : 12 -> 13 -> 5 comm 0x56455930efc0 nRanks 16 busId d6000
nid005017:56646:56646 [1] NCCL INFO comm 0x564603f1a130 rank 9 nRanks 16 nNodes 2 localRanks 8 localRank 1 MNNVL 0
nid005017:56646:56646 [1] NCCL INFO Tree 0 : 8 -> 9 -> 13/-1/-1
nid005017:56646:56646 [1] NCCL INFO Tree 8 : 8 -> 9 -> 13/-1/-1
nid005017:56646:56646 [1] NCCL INFO Tree 4 : 8 -> 9 -> 13/-1/-1
nid005017:56646:56646 [1] NCCL INFO Tree 12 : 8 -> 9 -> 13/-1/-1
nid005017:56646:56646 [1] NCCL INFO Ring 0 : 13 -> 9 -> 8 comm 0x564603f1a130 nRanks 16 busId c6000
nid005017:56646:56646 [1] NCCL INFO Ring 1 : 8 -> 9 -> 13 comm 0x564603f1a130 nRanks 16 busId c6000
nid005017:56646:56646 [1] NCCL INFO Ring 2 : 11 -> 9 -> 8 comm 0x564603f1a130 nRanks 16 busId c6000
nid005017:56646:56646 [1] NCCL INFO Ring 3 : 8 -> 9 -> 11 comm 0x564603f1a130 nRanks 16 busId c6000
nid005017:56646:56646 [1] NCCL INFO Ring 4 : 13 -> 9 -> 8 comm 0x564603f1a130 nRanks 16 busId c6000
nid005017:56646:56646 [1] NCCL INFO Ring 5 : 8 -> 9 -> 13 comm 0x564603f1a130 nRanks 16 busId c6000
nid005017:56646:56646 [1] NCCL INFO Ring 6 : 11 -> 9 -> 8 comm 0x564603f1a130 nRanks 16 busId c6000
nid005017:56646:56646 [1] NCCL INFO Ring 7 : 8 -> 9 -> 11 comm 0x564603f1a130 nRanks 16 busId c6000
nid005017:56646:56646 [1] NCCL INFO Ring 8 : 13 -> 9 -> 8 comm 0x564603f1a130 nRanks 16 busId c6000
nid005017:56646:56646 [1] NCCL INFO Ring 9 : 8 -> 9 -> 13 comm 0x564603f1a130 nRanks 16 busId c6000
nid005017:56646:56646 [1] NCCL INFO Ring 10 : 11 -> 9 -> 8 comm 0x564603f1a130 nRanks 16 busId c6000
nid005017:56646:56646 [1] NCCL INFO Ring 11 : 8 -> 9 -> 11 comm 0x564603f1a130 nRanks 16 busId c6000
nid005017:56646:56646 [1] NCCL INFO Ring 12 : 13 -> 9 -> 8 comm 0x564603f1a130 nRanks 16 busId c6000
nid005017:56646:56646 [1] NCCL INFO Ring 13 : 8 -> 9 -> 13 comm 0x564603f1a130 nRanks 16 busId c6000
nid005017:56646:56646 [1] NCCL INFO Ring 14 : 11 -> 9 -> 8 comm 0x564603f1a130 nRanks 16 busId c6000
nid005017:56646:56646 [1] NCCL INFO Ring 15 : 8 -> 9 -> 11 comm 0x564603f1a130 nRanks 16 busId c6000
nid005017:56646:56646 [1] NCCL INFO Trees [0] 13/-1/-1->9->8 [1] 8/-1/-1->9->13 [2] 11/-1/-1->9->8 [3] 8/-1/-1->9->11 [4] 13/-1/-1->9->8 [5] 8/-1/-1->9->13 [6] 11/-1/-1->9->8 [7] 8/-1/-1->9->11 [8] 13/-1/-1->9->8 [9] 8/-1/-1->9->13 [10] 11/-1/-1->9->8 [11] 8/-1/-1->9->11 [12] 13/-1/-1->9->8 [13] 8/-1/-1->9->13 [14] 11/-1/-1->9->8 [15] 8/-1/-1->9->11 comm 0x564603f1a130 nRanks 16 busId c6000
nid005017:56646:56646 [1] NCCL INFO P2P Chunksize set to 131072
nid005017:56642:56642 [2] NCCL INFO comm 0x55d871be9160 rank 10 nRanks 16 nNodes 2 localRanks 8 localRank 2 MNNVL 0
nid005017:56642:56642 [2] NCCL INFO Tree 1 : 2 -> 10 -> 11/-1/-1
nid005017:56642:56642 [2] NCCL INFO Tree 9 : -1 -> 10 -> 11/2/-1
nid005017:56642:56642 [2] NCCL INFO Tree 5 : 2 -> 10 -> 11/-1/-1
nid005017:56642:56642 [2] NCCL INFO Tree 13 : -1 -> 10 -> 11/2/-1
nid005017:56642:56642 [2] NCCL INFO Ring 0 : 2 -> 10 -> 11 comm 0x55d871be9160 nRanks 16 busId c9000
nid005017:56642:56642 [2] NCCL INFO Ring 1 : 11 -> 10 -> 2 comm 0x55d871be9160 nRanks 16 busId c9000
nid005017:56642:56642 [2] NCCL INFO Ring 2 : 12 -> 10 -> 11 comm 0x55d871be9160 nRanks 16 busId c9000
nid005017:56642:56642 [2] NCCL INFO Ring 3 : 11 -> 10 -> 12 comm 0x55d871be9160 nRanks 16 busId c9000
nid005017:56642:56642 [2] NCCL INFO Ring 4 : 2 -> 10 -> 11 comm 0x55d871be9160 nRanks 16 busId c9000
nid005017:56642:56642 [2] NCCL INFO Ring 5 : 11 -> 10 -> 2 comm 0x55d871be9160 nRanks 16 busId c9000
nid005017:56642:56642 [2] NCCL INFO Ring 6 : 12 -> 10 -> 11 comm 0x55d871be9160 nRanks 16 busId c9000
nid005017:56642:56642 [2] NCCL INFO Ring 7 : 11 -> 10 -> 12 comm 0x55d871be9160 nRanks 16 busId c9000
nid005017:56642:56642 [2] NCCL INFO Ring 8 : 2 -> 10 -> 11 comm 0x55d871be9160 nRanks 16 busId c9000
nid005017:56642:56642 [2] NCCL INFO Ring 9 : 11 -> 10 -> 2 comm 0x55d871be9160 nRanks 16 busId c9000
nid005017:56642:56642 [2] NCCL INFO Ring 10 : 12 -> 10 -> 11 comm 0x55d871be9160 nRanks 16 busId c9000
nid005017:56642:56642 [2] NCCL INFO Ring 11 : 11 -> 10 -> 12 comm 0x55d871be9160 nRanks 16 busId c9000
nid005017:56642:56642 [2] NCCL INFO Ring 12 : 2 -> 10 -> 11 comm 0x55d871be9160 nRanks 16 busId c9000
nid005017:56642:56642 [2] NCCL INFO Ring 13 : 11 -> 10 -> 2 comm 0x55d871be9160 nRanks 16 busId c9000
nid005017:56642:56642 [2] NCCL INFO Ring 14 : 12 -> 10 -> 11 comm 0x55d871be9160 nRanks 16 busId c9000
nid005017:56642:56642 [2] NCCL INFO Ring 15 : 11 -> 10 -> 12 comm 0x55d871be9160 nRanks 16 busId c9000
nid005017:56642:56642 [2] NCCL INFO Trees [0] -1/-1/-1->10->11 [1] 11/-1/-1->10->2 [2] 12/-1/-1->10->11 [3] 11/-1/-1->10->12 [4] -1/-1/-1->10->11 [5] 11/-1/-1->10->2 [6] 12/-1/-1->10->11 [7] 11/-1/-1->10->12 [8] -1/-1/-1->10->11 [9] 11/2/-1->10->-1 [10] 12/-1/-1->10->11 [11] 11/-1/-1->10->12 [12] -1/-1/-1->10->11 [13] 11/2/-1->10->-1 [14] 12/-1/-1->10->11 [15] 11/-1/-1->10->12 comm 0x55d871be9160 nRanks 16 busId c9000
nid005017:56642:56642 [2] NCCL INFO P2P Chunksize set to 131072
nid005017:56643:56643 [3] NCCL INFO comm 0x559c301c17b0 rank 11 nRanks 16 nNodes 2 localRanks 8 localRank 3 MNNVL 0
nid005017:56643:56643 [3] NCCL INFO Tree 1 : 10 -> 11 -> 15/-1/-1
nid005017:56643:56643 [3] NCCL INFO Tree 9 : 10 -> 11 -> 15/-1/-1
nid005017:56643:56643 [3] NCCL INFO Tree 5 : 10 -> 11 -> 15/-1/-1
nid005017:56643:56643 [3] NCCL INFO Tree 13 : 10 -> 11 -> 15/-1/-1
nid005017:56643:56643 [3] NCCL INFO Ring 0 : 10 -> 11 -> 15 comm 0x559c301c17b0 nRanks 16 busId ce000
nid005017:56643:56643 [3] NCCL INFO Ring 1 : 15 -> 11 -> 10 comm 0x559c301c17b0 nRanks 16 busId ce000
nid005017:56643:56643 [3] NCCL INFO Ring 2 : 10 -> 11 -> 9 comm 0x559c301c17b0 nRanks 16 busId ce000
nid005017:56643:56643 [3] NCCL INFO Ring 3 : 9 -> 11 -> 10 comm 0x559c301c17b0 nRanks 16 busId ce000
nid005017:56643:56643 [3] NCCL INFO Ring 4 : 10 -> 11 -> 15 comm 0x559c301c17b0 nRanks 16 busId ce000
nid005017:56643:56643 [3] NCCL INFO Ring 5 : 15 -> 11 -> 10 comm 0x559c301c17b0 nRanks 16 busId ce000
nid005017:56643:56643 [3] NCCL INFO Ring 6 : 10 -> 11 -> 9 comm 0x559c301c17b0 nRanks 16 busId ce000
nid005017:56643:56643 [3] NCCL INFO Ring 7 : 9 -> 11 -> 10 comm 0x559c301c17b0 nRanks 16 busId ce000
nid005017:56643:56643 [3] NCCL INFO Ring 8 : 10 -> 11 -> 15 comm 0x559c301c17b0 nRanks 16 busId ce000
nid005017:56643:56643 [3] NCCL INFO Ring 9 : 15 -> 11 -> 10 comm 0x559c301c17b0 nRanks 16 busId ce000
nid005017:56643:56643 [3] NCCL INFO Ring 10 : 10 -> 11 -> 9 comm 0x559c301c17b0 nRanks 16 busId ce000
nid005017:56643:56643 [3] NCCL INFO Ring 11 : 9 -> 11 -> 10 comm 0x559c301c17b0 nRanks 16 busId ce000
nid005017:56643:56643 [3] NCCL INFO Ring 12 : 10 -> 11 -> 15 comm 0x559c301c17b0 nRanks 16 busId ce000
nid005017:56643:56643 [3] NCCL INFO Ring 13 : 15 -> 11 -> 10 comm 0x559c301c17b0 nRanks 16 busId ce000
nid005017:56643:56643 [3] NCCL INFO Ring 14 : 10 -> 11 -> 9 comm 0x559c301c17b0 nRanks 16 busId ce000
nid005017:56643:56643 [3] NCCL INFO Ring 15 : 9 -> 11 -> 10 comm 0x559c301c17b0 nRanks 16 busId ce000
nid005017:56643:56643 [3] NCCL INFO Trees [0] 10/-1/-1->11->15 [1] 15/-1/-1->11->10 [2] 10/-1/-1->11->9 [3] 9/-1/-1->11->10 [4] 10/-1/-1->11->15 [5] 15/-1/-1->11->10 [6] 10/-1/-1->11->9 [7] 9/-1/-1->11->10 [8] 10/-1/-1->11->15 [9] 15/-1/-1->11->10 [10] 10/-1/-1->11->9 [11] 9/-1/-1->11->10 [12] 10/-1/-1->11->15 [13] 15/-1/-1->11->10 [14] 10/-1/-1->11->9 [15] 9/-1/-1->11->10 comm 0x559c301c17b0 nRanks 16 busId ce000
nid005017:56643:56643 [3] NCCL INFO P2P Chunksize set to 131072
nid005017:56648:56648 [6] NCCL INFO Tree 2 : 15 -> 14 -> 8/-1/-1
nid005017:56648:56648 [6] NCCL INFO Tree 10 : 15 -> 14 -> 8/-1/-1
nid005017:56648:56648 [6] NCCL INFO Tree 6 : 15 -> 14 -> 8/-1/-1
nid005017:56648:56648 [6] NCCL INFO Tree 14 : 15 -> 14 -> 8/-1/-1
nid005017:56648:56648 [6] NCCL INFO Ring 0 : 15 -> 14 -> 12 comm 0x55e24e770940 nRanks 16 busId d9000
nid005017:56648:56648 [6] NCCL INFO Ring 1 : 12 -> 14 -> 15 comm 0x55e24e770940 nRanks 16 busId d9000
nid005017:56648:56648 [6] NCCL INFO Ring 2 : 8 -> 14 -> 15 comm 0x55e24e770940 nRanks 16 busId d9000
nid005017:56648:56648 [6] NCCL INFO Ring 3 : 15 -> 14 -> 8 comm 0x55e24e770940 nRanks 16 busId d9000
nid005017:56648:56648 [6] NCCL INFO Ring 4 : 15 -> 14 -> 12 comm 0x55e24e770940 nRanks 16 busId d9000
nid005017:56648:56648 [6] NCCL INFO Ring 5 : 12 -> 14 -> 15 comm 0x55e24e770940 nRanks 16 busId d9000
nid005017:56648:56648 [6] NCCL INFO Ring 6 : 8 -> 14 -> 15 comm 0x55e24e770940 nRanks 16 busId d9000
nid005017:56648:56648 [6] NCCL INFO Ring 7 : 15 -> 14 -> 8 comm 0x55e24e770940 nRanks 16 busId d9000
nid005017:56648:56648 [6] NCCL INFO Ring 8 : 15 -> 14 -> 12 comm 0x55e24e770940 nRanks 16 busId d9000
nid005017:56648:56648 [6] NCCL INFO Ring 9 : 12 -> 14 -> 15 comm 0x55e24e770940 nRanks 16 busId d9000
nid005017:56648:56648 [6] NCCL INFO Ring 10 : 8 -> 14 -> 15 comm 0x55e24e770940 nRanks 16 busId d9000
nid005017:56648:56648 [6] NCCL INFO Ring 11 : 15 -> 14 -> 8 comm 0x55e24e770940 nRanks 16 busId d9000
nid005017:56648:56648 [6] NCCL INFO Ring 12 : 15 -> 14 -> 12 comm 0x55e24e770940 nRanks 16 busId d9000
nid005017:56648:56648 [6] NCCL INFO Ring 13 : 12 -> 14 -> 15 comm 0x55e24e770940 nRanks 16 busId d9000
nid005017:56648:56648 [6] NCCL INFO Ring 14 : 8 -> 14 -> 15 comm 0x55e24e770940 nRanks 16 busId d9000
nid005017:56648:56648 [6] NCCL INFO Ring 15 : 15 -> 14 -> 8 comm 0x55e24e770940 nRanks 16 busId d9000
nid005017:56648:56648 [6] NCCL INFO Trees [0] 15/-1/-1->14->12 [1] 12/-1/-1->14->15 [2] 8/-1/-1->14->15 [3] 15/-1/-1->14->8 [4] 15/-1/-1->14->12 [5] 12/-1/-1->14->15 [6] 8/-1/-1->14->15 [7] 15/-1/-1->14->8 [8] 15/-1/-1->14->12 [9] 12/-1/-1->14->15 [10] 8/-1/-1->14->15 [11] 15/-1/-1->14->8 [12] 15/-1/-1->14->12 [13] 12/-1/-1->14->15 [14] 8/-1/-1->14->15 [15] 15/-1/-1->14->8 comm 0x55e24e770940 nRanks 16 busId d9000
nid005017:56648:56648 [6] NCCL INFO P2P Chunksize set to 131072
nid005017:56647:56647 [7] NCCL INFO Ring 0 : 11 -> 15 -> 14 comm 0x55e697632f50 nRanks 16 busId de000
nid005017:56647:56647 [7] NCCL INFO Ring 1 : 14 -> 15 -> 11 comm 0x55e697632f50 nRanks 16 busId de000
nid005017:56647:56647 [7] NCCL INFO Ring 2 : 14 -> 15 -> 7 comm 0x55e697632f50 nRanks 16 busId de000
nid005017:56647:56647 [7] NCCL INFO Ring 3 : 7 -> 15 -> 14 comm 0x55e697632f50 nRanks 16 busId de000
nid005017:56647:56647 [7] NCCL INFO Ring 4 : 11 -> 15 -> 14 comm 0x55e697632f50 nRanks 16 busId de000
nid005017:56647:56647 [7] NCCL INFO Ring 5 : 14 -> 15 -> 11 comm 0x55e697632f50 nRanks 16 busId de000
nid005017:56647:56647 [7] NCCL INFO Ring 6 : 14 -> 15 -> 7 comm 0x55e697632f50 nRanks 16 busId de000
nid005017:56647:56647 [7] NCCL INFO Ring 7 : 7 -> 15 -> 14 comm 0x55e697632f50 nRanks 16 busId de000
nid005017:56647:56647 [7] NCCL INFO Ring 8 : 11 -> 15 -> 14 comm 0x55e697632f50 nRanks 16 busId de000
nid005017:56647:56647 [7] NCCL INFO Ring 9 : 14 -> 15 -> 11 comm 0x55e697632f50 nRanks 16 busId de000
nid005017:56647:56647 [7] NCCL INFO Ring 10 : 14 -> 15 -> 7 comm 0x55e697632f50 nRanks 16 busId de000
nid005017:56647:56647 [7] NCCL INFO Ring 11 : 7 -> 15 -> 14 comm 0x55e697632f50 nRanks 16 busId de000
nid005017:56647:56647 [7] NCCL INFO Ring 12 : 11 -> 15 -> 14 comm 0x55e697632f50 nRanks 16 busId de000
nid005017:56647:56647 [7] NCCL INFO Ring 13 : 14 -> 15 -> 11 comm 0x55e697632f50 nRanks 16 busId de000
nid005017:56647:56647 [7] NCCL INFO Ring 14 : 14 -> 15 -> 7 comm 0x55e697632f50 nRanks 16 busId de000
nid005017:56647:56647 [7] NCCL INFO Ring 15 : 7 -> 15 -> 14 comm 0x55e697632f50 nRanks 16 busId de000
nid005017:56647:56647 [7] NCCL INFO Trees [0] 11/-1/-1->15->14 [1] 14/-1/-1->15->11 [2] 14/-1/-1->15->7 [3] -1/-1/-1->15->14 [4] 11/-1/-1->15->14 [5] 14/-1/-1->15->11 [6] 14/-1/-1->15->7 [7] -1/-1/-1->15->14 [8] 11/-1/-1->15->14 [9] 14/-1/-1->15->11 [10] 14/7/-1->15->-1 [11] -1/-1/-1->15->14 [12] 11/-1/-1->15->14 [13] 14/-1/-1->15->11 [14] 14/7/-1->15->-1 [15] -1/-1/-1->15->14 comm 0x55e697632f50 nRanks 16 busId de000
nid005017:56647:56647 [7] NCCL INFO P2P Chunksize set to 131072
nid005017:56641:56641 [0] NCCL INFO Ring 5 : 0 -> 8 -> 9 comm 0x562676d902d0 nRanks 16 busId c1000
nid005017:56641:56641 [0] NCCL INFO Ring 6 : 9 -> 8 -> 14 comm 0x562676d902d0 nRanks 16 busId c1000
nid005017:56641:56641 [0] NCCL INFO Ring 7 : 14 -> 8 -> 9 comm 0x562676d902d0 nRanks 16 busId c1000
nid005017:56641:56641 [0] NCCL INFO Ring 8 : 9 -> 8 -> 0 comm 0x562676d902d0 nRanks 16 busId c1000
nid005017:56641:56641 [0] NCCL INFO Ring 9 : 0 -> 8 -> 9 comm 0x562676d902d0 nRanks 16 busId c1000
nid005017:56641:56641 [0] NCCL INFO Ring 10 : 9 -> 8 -> 14 comm 0x562676d902d0 nRanks 16 busId c1000
nid005017:56641:56641 [0] NCCL INFO Ring 11 : 14 -> 8 -> 9 comm 0x562676d902d0 nRanks 16 busId c1000
nid005017:56641:56641 [0] NCCL INFO Ring 12 : 9 -> 8 -> 0 comm 0x562676d902d0 nRanks 16 busId c1000
nid005017:56641:56641 [0] NCCL INFO Ring 13 : 0 -> 8 -> 9 comm 0x562676d902d0 nRanks 16 busId c1000
nid005017:56641:56641 [0] NCCL INFO Ring 14 : 9 -> 8 -> 14 comm 0x562676d902d0 nRanks 16 busId c1000
nid005017:56641:56641 [0] NCCL INFO Ring 15 : 14 -> 8 -> 9 comm 0x562676d902d0 nRanks 16 busId c1000
nid005017:56641:56641 [0] NCCL INFO Trees [0] 9/-1/-1->8->0 [1] -1/-1/-1->8->9 [2] 9/-1/-1->8->14 [3] 14/-1/-1->8->9 [4] 9/-1/-1->8->0 [5] -1/-1/-1->8->9 [6] 9/-1/-1->8->14 [7] 14/-1/-1->8->9 [8] 9/0/-1->8->-1 [9] -1/-1/-1->8->9 [10] 9/-1/-1->8->14 [11] 14/-1/-1->8->9 [12] 9/0/-1->8->-1 [13] -1/-1/-1->8->9 [14] 9/-1/-1->8->14 [15] 14/-1/-1->8->9 comm 0x562676d902d0 nRanks 16 busId c1000
nid005017:56641:56641 [0] NCCL INFO P2P Chunksize set to 131072
nid005017:56645:56645 [5] NCCL INFO Trees [0] 12/-1/-1->13->9 [1] 9/-1/-1->13->12 [2] -1/-1/-1->13->12 [3] 12/-1/-1->13->5 [4] 12/-1/-1->13->9 [5] 9/-1/-1->13->12 [6] -1/-1/-1->13->12 [7] 12/-1/-1->13->5 [8] 12/-1/-1->13->9 [9] 9/-1/-1->13->12 [10] -1/-1/-1->13->12 [11] 12/5/-1->13->-1 [12] 12/-1/-1->13->9 [13] 9/-1/-1->13->12 [14] -1/-1/-1->13->12 [15] 12/5/-1->13->-1 comm 0x56455930efc0 nRanks 16 busId d6000
nid005017:56645:56645 [5] NCCL INFO P2P Chunksize set to 131072
nid005017:56642:56642 [2] NCCL INFO Channel 00/0 : 10[c9000] -> 11[ce000] via P2P/IPC comm 0x55d871be9160 nRanks 16
nid005017:56642:56748 [2] NCCL INFO New proxy send connection 0 from local rank 2, transport 0
nid005017:56645:56747 [5] NCCL INFO New proxy recv connection 0 from local rank 5, transport 0
nid005017:56645:56645 [5] NCCL INFO Connected to proxy localRank 5 -> connection 0x153828001420
nid005017:56641:56641 [0] NCCL INFO Channel 01/0 : 8[c1000] -> 9[c6000] via P2P/IPC comm 0x562676d902d0 nRanks 16
nid005017:56644:56644 [4] NCCL INFO Channel 00/0 : 12[d1000] -> 13[d6000] via P2P/IPC comm 0x5563276d8f60 nRanks 16
nid005017:56642:56642 [2] NCCL INFO Connected to proxy localRank 2 -> connection 0x14584c001420
nid005017:56648:56648 [6] NCCL INFO Channel 01/0 : 14[d9000] -> 15[de000] via P2P/IPC comm 0x55e24e770940 nRanks 16
nid005017:56643:56743 [3] NCCL INFO New proxy recv connection 0 from local rank 3, transport 0
nid005017:56643:56643 [3] NCCL INFO Connected to proxy localRank 3 -> connection 0x15100c001420
nid005017:56646:56744 [1] NCCL INFO New proxy recv connection 0 from local rank 1, transport 0
nid005017:56646:56646 [1] NCCL INFO Connected to proxy localRank 1 -> connection 0x14eb98001420
nid005017:56647:56745 [7] NCCL INFO New proxy recv connection 0 from local rank 7, transport 0
nid005017:56647:56647 [7] NCCL INFO Connected to proxy localRank 7 -> connection 0x147e90001420
nid005017:56641:56746 [0] NCCL INFO New proxy send connection 0 from local rank 0, transport 0
nid005017:56641:56641 [0] NCCL INFO Connected to proxy localRank 0 -> connection 0x14bc34001420
nid005017:56644:56741 [4] NCCL INFO New proxy send connection 0 from local rank 4, transport 0
nid005017:56648:56749 [6] NCCL INFO New proxy send connection 0 from local rank 6, transport 0
nid005017:56644:56644 [4] NCCL INFO Connected to proxy localRank 4 -> connection 0x14b3b4001420
nid005017:56648:56648 [6] NCCL INFO Connected to proxy localRank 6 -> connection 0x1451b4001420
nid005016:45862:45862 [4] NCCL INFO Channel 01/0 : 4[d1000] -> 5[d6000] via P2P/IPC comm 0x55dfe0af4e70 nRanks 16
nid005016:45859:45947 [1] NCCL INFO New proxy recv connection 0 from local rank 1, transport 0
nid005016:45859:45859 [1] NCCL INFO Connected to proxy localRank 1 -> connection 0x145b18001420
nid005016:45863:45863 [6] NCCL INFO Channel 00/0 : 6[d9000] -> 7[de000] via P2P/IPC comm 0x56148dd13070 nRanks 16
nid005016:45862:45948 [4] NCCL INFO New proxy send connection 0 from local rank 4, transport 0
nid005016:45866:45953 [5] NCCL INFO New proxy recv connection 0 from local rank 5, transport 0
nid005016:45862:45862 [4] NCCL INFO Connected to proxy localRank 4 -> connection 0x145c40001420
nid005016:45864:45951 [3] NCCL INFO New proxy recv connection 0 from local rank 3, transport 0
nid005016:45865:45950 [7] NCCL INFO New proxy recv connection 0 from local rank 7, transport 0
nid005016:45865:45865 [7] NCCL INFO Connected to proxy localRank 7 -> connection 0x14e6b8001420
nid005016:45866:45866 [5] NCCL INFO Connected to proxy localRank 5 -> connection 0x14d414001420
nid005016:45864:45864 [3] NCCL INFO Connected to proxy localRank 3 -> connection 0x15174c001420
nid005016:45863:45952 [6] NCCL INFO New proxy send connection 0 from local rank 6, transport 0
nid005016:45863:45863 [6] NCCL INFO Connected to proxy localRank 6 -> connection 0x150204001420
nid005016:45861:45861 [0] NCCL INFO Channel 00/0 : 0[c1000] -> 1[c6000] via P2P/IPC comm 0x55a3706221e0 nRanks 16
nid005016:45860:45860 [2] NCCL INFO Channel 01/0 : 2[c9000] -> 3[ce000] via P2P/IPC comm 0x559815b61c00 nRanks 16
nid005016:45861:45954 [0] NCCL INFO New proxy send connection 0 from local rank 0, transport 0
nid005016:45861:45861 [0] NCCL INFO Connected to proxy localRank 0 -> connection 0x14dd64001420
nid005016:45860:45949 [2] NCCL INFO New proxy send connection 0 from local rank 2, transport 0
nid005016:45860:45860 [2] NCCL INFO Connected to proxy localRank 2 -> connection 0x149548001420
nid005017:56647:56745 [7] NCCL INFO New proxy recv connection 1 from local rank 7, transport 0
nid005017:56647:56647 [7] NCCL INFO Connected to proxy localRank 7 -> connection 0x147e90001498
nid005017:56646:56744 [1] NCCL INFO New proxy recv connection 1 from local rank 1, transport 0
nid005017:56646:56646 [1] NCCL INFO Connected to proxy localRank 1 -> connection 0x14eb98001498
nid005017:56643:56743 [3] NCCL INFO New proxy recv connection 1 from local rank 3, transport 0
nid005017:56643:56643 [3] NCCL INFO Connected to proxy localRank 3 -> connection 0x15100c001498
nid005017:56642:56642 [2] NCCL INFO Channel 02/0 : 10[c9000] -> 11[ce000] via P2P/IPC comm 0x55d871be9160 nRanks 16
nid005017:56642:56748 [2] NCCL INFO New proxy send connection 1 from local rank 2, transport 0
nid005017:56642:56642 [2] NCCL INFO Connected to proxy localRank 2 -> connection 0x14584c001498
nid005017:56641:56641 [0] NCCL INFO Channel 03/0 : 8[c1000] -> 9[c6000] via P2P/IPC comm 0x562676d902d0 nRanks 16
nid005017:56641:56746 [0] NCCL INFO New proxy send connection 1 from local rank 0, transport 0
nid005017:56641:56641 [0] NCCL INFO Connected to proxy localRank 0 -> connection 0x14bc34001498
nid005017:56645:56747 [5] NCCL INFO New proxy recv connection 1 from local rank 5, transport 0
nid005017:56645:56645 [5] NCCL INFO Connected to proxy localRank 5 -> connection 0x153828001498
nid005017:56648:56648 [6] NCCL INFO Channel 02/0 : 14[d9000] -> 15[de000] via P2P/IPC comm 0x55e24e770940 nRanks 16
nid005017:56648:56749 [6] NCCL INFO New proxy send connection 1 from local rank 6, transport 0
nid005017:56648:56648 [6] NCCL INFO Connected to proxy localRank 6 -> connection 0x1451b4001498
nid005017:56644:56644 [4] NCCL INFO Channel 03/0 : 12[d1000] -> 13[d6000] via P2P/IPC comm 0x5563276d8f60 nRanks 16
nid005017:56644:56741 [4] NCCL INFO New proxy send connection 1 from local rank 4, transport 0
nid005017:56644:56644 [4] NCCL INFO Connected to proxy localRank 4 -> connection 0x14b3b4001498
nid005017:56647:56745 [7] NCCL INFO New proxy recv connection 2 from local rank 7, transport 0
nid005017:56647:56647 [7] NCCL INFO Connected to proxy localRank 7 -> connection 0x147e90001510
nid005016:45864:45951 [3] NCCL INFO New proxy recv connection 1 from local rank 3, transport 0
nid005016:45864:45864 [3] NCCL INFO Connected to proxy localRank 3 -> connection 0x15174c001498
nid005016:45861:45861 [0] NCCL INFO Channel 02/0 : 0[c1000] -> 1[c6000] via P2P/IPC comm 0x55a3706221e0 nRanks 16
nid005016:45861:45954 [0] NCCL INFO New proxy send connection 1 from local rank 0, transport 0
nid005016:45859:45947 [1] NCCL INFO New proxy recv connection 1 from local rank 1, transport 0
nid005016:45859:45859 [1] NCCL INFO Connected to proxy localRank 1 -> connection 0x145b18001498
nid005016:45860:45860 [2] NCCL INFO Channel 03/0 : 2[c9000] -> 3[ce000] via P2P/IPC comm 0x559815b61c00 nRanks 16
nid005016:45860:45949 [2] NCCL INFO New proxy send connection 1 from local rank 2, transport 0
nid005016:45862:45862 [4] NCCL INFO Channel 02/0 : 4[d1000] -> 5[d6000] via P2P/IPC comm 0x55dfe0af4e70 nRanks 16
nid005016:45862:45948 [4] NCCL INFO New proxy send connection 1 from local rank 4, transport 0
nid005016:45863:45863 [6] NCCL INFO Channel 03/0 : 6[d9000] -> 7[de000] via P2P/IPC comm 0x56148dd13070 nRanks 16
nid005016:45863:45952 [6] NCCL INFO New proxy send connection 1 from local rank 6, transport 0
nid005016:45863:45863 [6] NCCL INFO Connected to proxy localRank 6 -> connection 0x150204001498
nid005016:45861:45861 [0] NCCL INFO Connected to proxy localRank 0 -> connection 0x14dd64001498
nid005016:45865:45950 [7] NCCL INFO New proxy recv connection 1 from local rank 7, transport 0
nid005016:45865:45865 [7] NCCL INFO Connected to proxy localRank 7 -> connection 0x14e6b8001498
nid005016:45866:45953 [5] NCCL INFO New proxy recv connection 1 from local rank 5, transport 0
nid005016:45866:45866 [5] NCCL INFO Connected to proxy localRank 5 -> connection 0x14d414001498
nid005016:45860:45860 [2] NCCL INFO Connected to proxy localRank 2 -> connection 0x149548001498
nid005016:45862:45862 [4] NCCL INFO Connected to proxy localRank 4 -> connection 0x145c40001498
nid005017:56646:56744 [1] NCCL INFO New proxy recv connection 2 from local rank 1, transport 0
nid005017:56646:56646 [1] NCCL INFO Connected to proxy localRank 1 -> connection 0x14eb98001510
nid005017:56643:56743 [3] NCCL INFO New proxy recv connection 2 from local rank 3, transport 0
nid005017:56643:56643 [3] NCCL INFO Connected to proxy localRank 3 -> connection 0x15100c001510
nid005017:56642:56642 [2] NCCL INFO Channel 04/0 : 10[c9000] -> 11[ce000] via P2P/IPC comm 0x55d871be9160 nRanks 16
nid005017:56641:56641 [0] NCCL INFO Channel 05/0 : 8[c1000] -> 9[c6000] via P2P/IPC comm 0x562676d902d0 nRanks 16
nid005017:56641:56746 [0] NCCL INFO New proxy send connection 2 from local rank 0, transport 0
nid005017:56642:56748 [2] NCCL INFO New proxy send connection 2 from local rank 2, transport 0
nid005017:56642:56642 [2] NCCL INFO Connected to proxy localRank 2 -> connection 0x14584c001510
nid005017:56641:56641 [0] NCCL INFO Connected to proxy localRank 0 -> connection 0x14bc34001510
nid005017:56645:56747 [5] NCCL INFO New proxy recv connection 2 from local rank 5, transport 0
nid005017:56645:56645 [5] NCCL INFO Connected to proxy localRank 5 -> connection 0x153828001510
nid005017:56648:56648 [6] NCCL INFO Channel 05/0 : 14[d9000] -> 15[de000] via P2P/IPC comm 0x55e24e770940 nRanks 16
nid005017:56648:56749 [6] NCCL INFO New proxy send connection 2 from local rank 6, transport 0
nid005017:56648:56648 [6] NCCL INFO Connected to proxy localRank 6 -> connection 0x1451b4001510
nid005017:56644:56644 [4] NCCL INFO Channel 04/0 : 12[d1000] -> 13[d6000] via P2P/IPC comm 0x5563276d8f60 nRanks 16
nid005017:56644:56741 [4] NCCL INFO New proxy send connection 2 from local rank 4, transport 0
nid005017:56644:56644 [4] NCCL INFO Connected to proxy localRank 4 -> connection 0x14b3b4001510
nid005016:45864:45951 [3] NCCL INFO New proxy recv connection 2 from local rank 3, transport 0
nid005016:45864:45864 [3] NCCL INFO Connected to proxy localRank 3 -> connection 0x15174c001510
nid005017:56647:56745 [7] NCCL INFO New proxy recv connection 3 from local rank 7, transport 0
nid005017:56647:56647 [7] NCCL INFO Connected to proxy localRank 7 -> connection 0x147e90001588
nid005016:45865:45950 [7] NCCL INFO New proxy recv connection 2 from local rank 7, transport 0
nid005016:45865:45865 [7] NCCL INFO Connected to proxy localRank 7 -> connection 0x14e6b8001510
nid005016:45861:45861 [0] NCCL INFO Channel 04/0 : 0[c1000] -> 1[c6000] via P2P/IPC comm 0x55a3706221e0 nRanks 16
nid005016:45861:45954 [0] NCCL INFO New proxy send connection 2 from local rank 0, transport 0
nid005016:45859:45947 [1] NCCL INFO New proxy recv connection 2 from local rank 1, transport 0
nid005016:45859:45859 [1] NCCL INFO Connected to proxy localRank 1 -> connection 0x145b18001510
nid005016:45861:45861 [0] NCCL INFO Connected to proxy localRank 0 -> connection 0x14dd64001510
nid005016:45860:45860 [2] NCCL INFO Channel 05/0 : 2[c9000] -> 3[ce000] via P2P/IPC comm 0x559815b61c00 nRanks 16
nid005016:45860:45949 [2] NCCL INFO New proxy send connection 2 from local rank 2, transport 0
nid005016:45860:45860 [2] NCCL INFO Connected to proxy localRank 2 -> connection 0x149548001510
nid005016:45866:45953 [5] NCCL INFO New proxy recv connection 2 from local rank 5, transport 0
nid005016:45866:45866 [5] NCCL INFO Connected to proxy localRank 5 -> connection 0x14d414001510
nid005016:45863:45863 [6] NCCL INFO Channel 04/0 : 6[d9000] -> 7[de000] via P2P/IPC comm 0x56148dd13070 nRanks 16
nid005016:45863:45952 [6] NCCL INFO New proxy send connection 2 from local rank 6, transport 0
nid005016:45863:45863 [6] NCCL INFO Connected to proxy localRank 6 -> connection 0x150204001510
nid005017:56646:56744 [1] NCCL INFO New proxy recv connection 3 from local rank 1, transport 0
nid005017:56646:56646 [1] NCCL INFO Connected to proxy localRank 1 -> connection 0x14eb98001588
nid005017:56643:56743 [3] NCCL INFO New proxy recv connection 3 from local rank 3, transport 0
nid005017:56643:56643 [3] NCCL INFO Connected to proxy localRank 3 -> connection 0x15100c001588
nid005017:56642:56642 [2] NCCL INFO Channel 06/0 : 10[c9000] -> 11[ce000] via P2P/IPC comm 0x55d871be9160 nRanks 16
nid005017:56641:56641 [0] NCCL INFO Channel 07/0 : 8[c1000] -> 9[c6000] via P2P/IPC comm 0x562676d902d0 nRanks 16
nid005017:56641:56746 [0] NCCL INFO New proxy send connection 3 from local rank 0, transport 0
nid005017:56641:56641 [0] NCCL INFO Connected to proxy localRank 0 -> connection 0x14bc34001588
nid005017:56642:56748 [2] NCCL INFO New proxy send connection 3 from local rank 2, transport 0
nid005017:56642:56642 [2] NCCL INFO Connected to proxy localRank 2 -> connection 0x14584c001588
nid005016:45862:45862 [4] NCCL INFO Channel 05/0 : 4[d1000] -> 5[d6000] via P2P/IPC comm 0x55dfe0af4e70 nRanks 16
nid005016:45862:45948 [4] NCCL INFO New proxy send connection 2 from local rank 4, transport 0
nid005016:45862:45862 [4] NCCL INFO Connected to proxy localRank 4 -> connection 0x145c40001510
nid005017:56648:56648 [6] NCCL INFO Channel 06/0 : 14[d9000] -> 15[de000] via P2P/IPC comm 0x55e24e770940 nRanks 16
nid005017:56648:56749 [6] NCCL INFO New proxy send connection 3 from local rank 6, transport 0
nid005017:56648:56648 [6] NCCL INFO Connected to proxy localRank 6 -> connection 0x1451b4001588
nid005016:45864:45951 [3] NCCL INFO New proxy recv connection 3 from local rank 3, transport 0
nid005016:45864:45864 [3] NCCL INFO Connected to proxy localRank 3 -> connection 0x15174c001588
nid005016:45865:45950 [7] NCCL INFO New proxy recv connection 3 from local rank 7, transport 0
nid005016:45865:45865 [7] NCCL INFO Connected to proxy localRank 7 -> connection 0x14e6b8001588
nid005017:56647:56745 [7] NCCL INFO New proxy recv connection 4 from local rank 7, transport 0
nid005017:56647:56647 [7] NCCL INFO Connected to proxy localRank 7 -> connection 0x147e90001600
nid005017:56644:56644 [4] NCCL INFO Channel 07/0 : 12[d1000] -> 13[d6000] via P2P/IPC comm 0x5563276d8f60 nRanks 16
nid005017:56644:56741 [4] NCCL INFO New proxy send connection 3 from local rank 4, transport 0
nid005017:56644:56644 [4] NCCL INFO Connected to proxy localRank 4 -> connection 0x14b3b4001588
nid005016:45861:45861 [0] NCCL INFO Channel 06/0 : 0[c1000] -> 1[c6000] via P2P/IPC comm 0x55a3706221e0 nRanks 16
nid005016:45861:45954 [0] NCCL INFO New proxy send connection 3 from local rank 0, transport 0
nid005016:45861:45861 [0] NCCL INFO Connected to proxy localRank 0 -> connection 0x14dd64001588
nid005016:45859:45947 [1] NCCL INFO New proxy recv connection 3 from local rank 1, transport 0
nid005016:45859:45859 [1] NCCL INFO Connected to proxy localRank 1 -> connection 0x145b18001588
nid005017:56645:56747 [5] NCCL INFO New proxy recv connection 3 from local rank 5, transport 0
nid005017:56645:56645 [5] NCCL INFO Connected to proxy localRank 5 -> connection 0x153828001588
nid005016:45860:45860 [2] NCCL INFO Channel 07/0 : 2[c9000] -> 3[ce000] via P2P/IPC comm 0x559815b61c00 nRanks 16
nid005016:45860:45949 [2] NCCL INFO New proxy send connection 3 from local rank 2, transport 0
nid005016:45860:45860 [2] NCCL INFO Connected to proxy localRank 2 -> connection 0x149548001588
nid005017:56646:56744 [1] NCCL INFO New proxy recv connection 4 from local rank 1, transport 0
nid005017:56646:56646 [1] NCCL INFO Connected to proxy localRank 1 -> connection 0x14eb98001600
nid005017:56643:56743 [3] NCCL INFO New proxy recv connection 4 from local rank 3, transport 0
nid005016:45866:45953 [5] NCCL INFO New proxy recv connection 3 from local rank 5, transport 0
nid005016:45866:45866 [5] NCCL INFO Connected to proxy localRank 5 -> connection 0x14d414001588
nid005017:56643:56643 [3] NCCL INFO Connected to proxy localRank 3 -> connection 0x15100c001600
nid005016:45863:45863 [6] NCCL INFO Channel 07/0 : 6[d9000] -> 7[de000] via P2P/IPC comm 0x56148dd13070 nRanks 16
nid005016:45863:45952 [6] NCCL INFO New proxy send connection 3 from local rank 6, transport 0
nid005016:45863:45863 [6] NCCL INFO Connected to proxy localRank 6 -> connection 0x150204001588
nid005017:56642:56642 [2] NCCL INFO Channel 08/0 : 10[c9000] -> 11[ce000] via P2P/IPC comm 0x55d871be9160 nRanks 16
nid005017:56642:56748 [2] NCCL INFO New proxy send connection 4 from local rank 2, transport 0
nid005017:56642:56642 [2] NCCL INFO Connected to proxy localRank 2 -> connection 0x14584c001600
nid005016:45864:45951 [3] NCCL INFO New proxy recv connection 4 from local rank 3, transport 0
nid005016:45864:45864 [3] NCCL INFO Connected to proxy localRank 3 -> connection 0x15174c001600
nid005017:56641:56641 [0] NCCL INFO Channel 09/0 : 8[c1000] -> 9[c6000] via P2P/IPC comm 0x562676d902d0 nRanks 16
nid005017:56641:56746 [0] NCCL INFO New proxy send connection 4 from local rank 0, transport 0
nid005017:56641:56641 [0] NCCL INFO Connected to proxy localRank 0 -> connection 0x14bc34001600
nid005016:45865:45950 [7] NCCL INFO New proxy recv connection 4 from local rank 7, transport 0
nid005016:45865:45865 [7] NCCL INFO Connected to proxy localRank 7 -> connection 0x14e6b8001600
nid005017:56647:56745 [7] NCCL INFO New proxy recv connection 5 from local rank 7, transport 0
nid005017:56647:56647 [7] NCCL INFO Connected to proxy localRank 7 -> connection 0x147e90001678
nid005016:45862:45862 [4] NCCL INFO Channel 06/0 : 4[d1000] -> 5[d6000] via P2P/IPC comm 0x55dfe0af4e70 nRanks 16
nid005016:45862:45948 [4] NCCL INFO New proxy send connection 3 from local rank 4, transport 0
nid005016:45862:45862 [4] NCCL INFO Connected to proxy localRank 4 -> connection 0x145c40001588
nid005016:45861:45861 [0] NCCL INFO Channel 08/0 : 0[c1000] -> 1[c6000] via P2P/IPC comm 0x55a3706221e0 nRanks 16
nid005016:45861:45954 [0] NCCL INFO New proxy send connection 4 from local rank 0, transport 0
nid005017:56648:56648 [6] NCCL INFO Channel 09/0 : 14[d9000] -> 15[de000] via P2P/IPC comm 0x55e24e770940 nRanks 16
nid005017:56648:56749 [6] NCCL INFO New proxy send connection 4 from local rank 6, transport 0
nid005016:45859:45947 [1] NCCL INFO New proxy recv connection 4 from local rank 1, transport 0
nid005016:45859:45859 [1] NCCL INFO Connected to proxy localRank 1 -> connection 0x145b18001600
nid005016:45861:45861 [0] NCCL INFO Connected to proxy localRank 0 -> connection 0x14dd64001600
nid005017:56648:56648 [6] NCCL INFO Connected to proxy localRank 6 -> connection 0x1451b4001600
nid005017:56644:56644 [4] NCCL INFO Channel 08/0 : 12[d1000] -> 13[d6000] via P2P/IPC comm 0x5563276d8f60 nRanks 16
nid005017:56644:56741 [4] NCCL INFO New proxy send connection 4 from local rank 4, transport 0
nid005017:56644:56644 [4] NCCL INFO Connected to proxy localRank 4 -> connection 0x14b3b4001600
nid005016:45860:45860 [2] NCCL INFO Channel 09/0 : 2[c9000] -> 3[ce000] via P2P/IPC comm 0x559815b61c00 nRanks 16
nid005016:45864:45951 [3] NCCL INFO New proxy recv connection 5 from local rank 3, transport 0
nid005016:45864:45864 [3] NCCL INFO Connected to proxy localRank 3 -> connection 0x15174c001678
nid005016:45860:45949 [2] NCCL INFO New proxy send connection 4 from local rank 2, transport 0
nid005016:45860:45860 [2] NCCL INFO Connected to proxy localRank 2 -> connection 0x149548001600
nid005017:56646:56744 [1] NCCL INFO New proxy recv connection 5 from local rank 1, transport 0
nid005017:56646:56646 [1] NCCL INFO Connected to proxy localRank 1 -> connection 0x14eb98001678
nid005016:45865:45950 [7] NCCL INFO New proxy recv connection 5 from local rank 7, transport 0
nid005016:45865:45865 [7] NCCL INFO Connected to proxy localRank 7 -> connection 0x14e6b8001678
nid005017:56645:56747 [5] NCCL INFO New proxy recv connection 4 from local rank 5, transport 0
nid005017:56645:56645 [5] NCCL INFO Connected to proxy localRank 5 -> connection 0x153828001600
nid005016:45866:45953 [5] NCCL INFO New proxy recv connection 4 from local rank 5, transport 0
nid005016:45866:45866 [5] NCCL INFO Connected to proxy localRank 5 -> connection 0x14d414001600
nid005017:56643:56743 [3] NCCL INFO New proxy recv connection 5 from local rank 3, transport 0
nid005017:56643:56643 [3] NCCL INFO Connected to proxy localRank 3 -> connection 0x15100c001678
nid005017:56642:56642 [2] NCCL INFO Channel 10/0 : 10[c9000] -> 11[ce000] via P2P/IPC comm 0x55d871be9160 nRanks 16
nid005017:56642:56748 [2] NCCL INFO New proxy send connection 5 from local rank 2, transport 0
nid005017:56642:56642 [2] NCCL INFO Connected to proxy localRank 2 -> connection 0x14584c001678
nid005016:45863:45863 [6] NCCL INFO Channel 08/0 : 6[d9000] -> 7[de000] via P2P/IPC comm 0x56148dd13070 nRanks 16
nid005016:45863:45952 [6] NCCL INFO New proxy send connection 4 from local rank 6, transport 0
nid005016:45863:45863 [6] NCCL INFO Connected to proxy localRank 6 -> connection 0x150204001600
nid005017:56641:56641 [0] NCCL INFO Channel 11/0 : 8[c1000] -> 9[c6000] via P2P/IPC comm 0x562676d902d0 nRanks 16
nid005017:56641:56746 [0] NCCL INFO New proxy send connection 5 from local rank 0, transport 0
nid005017:56641:56641 [0] NCCL INFO Connected to proxy localRank 0 -> connection 0x14bc34001678
nid005016:45861:45861 [0] NCCL INFO Channel 10/0 : 0[c1000] -> 1[c6000] via P2P/IPC comm 0x55a3706221e0 nRanks 16
nid005016:45861:45954 [0] NCCL INFO New proxy send connection 5 from local rank 0, transport 0
nid005016:45861:45861 [0] NCCL INFO Connected to proxy localRank 0 -> connection 0x14dd64001678
nid005017:56647:56745 [7] NCCL INFO New proxy recv connection 6 from local rank 7, transport 0
nid005017:56647:56647 [7] NCCL INFO Connected to proxy localRank 7 -> connection 0x147e900016f0
nid005016:45859:45947 [1] NCCL INFO New proxy recv connection 5 from local rank 1, transport 0
nid005016:45859:45859 [1] NCCL INFO Connected to proxy localRank 1 -> connection 0x145b18001678
nid005017:56648:56648 [6] NCCL INFO Channel 10/0 : 14[d9000] -> 15[de000] via P2P/IPC comm 0x55e24e770940 nRanks 16
nid005017:56648:56749 [6] NCCL INFO New proxy send connection 5 from local rank 6, transport 0
nid005017:56648:56648 [6] NCCL INFO Connected to proxy localRank 6 -> connection 0x1451b4001678
nid005016:45862:45862 [4] NCCL INFO Channel 09/0 : 4[d1000] -> 5[d6000] via P2P/IPC comm 0x55dfe0af4e70 nRanks 16
nid005016:45864:45951 [3] NCCL INFO New proxy recv connection 6 from local rank 3, transport 0
nid005016:45864:45864 [3] NCCL INFO Connected to proxy localRank 3 -> connection 0x15174c0016f0
nid005016:45862:45948 [4] NCCL INFO New proxy send connection 4 from local rank 4, transport 0
nid005016:45862:45862 [4] NCCL INFO Connected to proxy localRank 4 -> connection 0x145c40001600
nid005016:45865:45950 [7] NCCL INFO New proxy recv connection 6 from local rank 7, transport 0
nid005016:45865:45865 [7] NCCL INFO Connected to proxy localRank 7 -> connection 0x14e6b80016f0
nid005017:56644:56644 [4] NCCL INFO Channel 11/0 : 12[d1000] -> 13[d6000] via P2P/IPC comm 0x5563276d8f60 nRanks 16
nid005017:56644:56741 [4] NCCL INFO New proxy send connection 5 from local rank 4, transport 0
nid005017:56644:56644 [4] NCCL INFO Connected to proxy localRank 4 -> connection 0x14b3b4001678
nid005017:56646:56744 [1] NCCL INFO New proxy recv connection 6 from local rank 1, transport 0
nid005017:56646:56646 [1] NCCL INFO Connected to proxy localRank 1 -> connection 0x14eb980016f0
nid005016:45860:45860 [2] NCCL INFO Channel 11/0 : 2[c9000] -> 3[ce000] via P2P/IPC comm 0x559815b61c00 nRanks 16
nid005016:45860:45949 [2] NCCL INFO New proxy send connection 5 from local rank 2, transport 0
nid005016:45860:45860 [2] NCCL INFO Connected to proxy localRank 2 -> connection 0x149548001678
nid005017:56643:56743 [3] NCCL INFO New proxy recv connection 6 from local rank 3, transport 0
nid005017:56643:56643 [3] NCCL INFO Connected to proxy localRank 3 -> connection 0x15100c0016f0
nid005016:45866:45953 [5] NCCL INFO New proxy recv connection 5 from local rank 5, transport 0
nid005016:45866:45866 [5] NCCL INFO Connected to proxy localRank 5 -> connection 0x14d414001678
nid005017:56645:56747 [5] NCCL INFO New proxy recv connection 5 from local rank 5, transport 0
nid005017:56645:56645 [5] NCCL INFO Connected to proxy localRank 5 -> connection 0x153828001678
nid005016:45861:45861 [0] NCCL INFO Channel 12/0 : 0[c1000] -> 1[c6000] via P2P/IPC comm 0x55a3706221e0 nRanks 16
nid005016:45861:45954 [0] NCCL INFO New proxy send connection 6 from local rank 0, transport 0
nid005016:45861:45861 [0] NCCL INFO Connected to proxy localRank 0 -> connection 0x14dd640016f0
nid005017:56642:56642 [2] NCCL INFO Channel 12/0 : 10[c9000] -> 11[ce000] via P2P/IPC comm 0x55d871be9160 nRanks 16
nid005017:56647:56745 [7] NCCL INFO New proxy recv connection 7 from local rank 7, transport 0
nid005017:56647:56647 [7] NCCL INFO Connected to proxy localRank 7 -> connection 0x147e90001768
nid005017:56642:56748 [2] NCCL INFO New proxy send connection 6 from local rank 2, transport 0
nid005017:56642:56642 [2] NCCL INFO Connected to proxy localRank 2 -> connection 0x14584c0016f0
nid005016:45859:45947 [1] NCCL INFO New proxy recv connection 6 from local rank 1, transport 0
nid005016:45859:45859 [1] NCCL INFO Connected to proxy localRank 1 -> connection 0x145b180016f0
nid005016:45863:45863 [6] NCCL INFO Channel 11/0 : 6[d9000] -> 7[de000] via P2P/IPC comm 0x56148dd13070 nRanks 16
nid005016:45863:45952 [6] NCCL INFO New proxy send connection 5 from local rank 6, transport 0
nid005016:45863:45863 [6] NCCL INFO Connected to proxy localRank 6 -> connection 0x150204001678
nid005017:56641:56641 [0] NCCL INFO Channel 13/0 : 8[c1000] -> 9[c6000] via P2P/IPC comm 0x562676d902d0 nRanks 16
nid005017:56641:56746 [0] NCCL INFO New proxy send connection 6 from local rank 0, transport 0
nid005017:56641:56641 [0] NCCL INFO Connected to proxy localRank 0 -> connection 0x14bc340016f0
nid005016:45864:45951 [3] NCCL INFO New proxy recv connection 7 from local rank 3, transport 0
nid005016:45864:45864 [3] NCCL INFO Connected to proxy localRank 3 -> connection 0x15174c001768
nid005016:45865:45950 [7] NCCL INFO New proxy recv connection 7 from local rank 7, transport 0
nid005016:45865:45865 [7] NCCL INFO Connected to proxy localRank 7 -> connection 0x14e6b8001768
nid005017:56648:56648 [6] NCCL INFO Channel 13/0 : 14[d9000] -> 15[de000] via P2P/IPC comm 0x55e24e770940 nRanks 16
nid005017:56648:56749 [6] NCCL INFO New proxy send connection 6 from local rank 6, transport 0
nid005017:56648:56648 [6] NCCL INFO Connected to proxy localRank 6 -> connection 0x1451b40016f0
nid005017:56646:56744 [1] NCCL INFO New proxy recv connection 7 from local rank 1, transport 0
nid005017:56646:56646 [1] NCCL INFO Connected to proxy localRank 1 -> connection 0x14eb98001768
nid005016:45861:45861 [0] NCCL INFO Channel 14/0 : 0[c1000] -> 1[c6000] via P2P/IPC comm 0x55a3706221e0 nRanks 16
nid005016:45861:45954 [0] NCCL INFO New proxy send connection 7 from local rank 0, transport 0
nid005016:45861:45861 [0] NCCL INFO Connected to proxy localRank 0 -> connection 0x14dd64001768
nid005016:45859:45947 [1] NCCL INFO New proxy recv connection 7 from local rank 1, transport 0
nid005016:45859:45859 [1] NCCL INFO Connected to proxy localRank 1 -> connection 0x145b18001768
nid005017:56643:56743 [3] NCCL INFO New proxy recv connection 7 from local rank 3, transport 0
nid005017:56643:56643 [3] NCCL INFO Connected to proxy localRank 3 -> connection 0x15100c001768
nid005016:45862:45862 [4] NCCL INFO Channel 10/0 : 4[d1000] -> 5[d6000] via P2P/IPC comm 0x55dfe0af4e70 nRanks 16
nid005016:45862:45948 [4] NCCL INFO New proxy send connection 5 from local rank 4, transport 0
nid005016:45860:45860 [2] NCCL INFO Channel 13/0 : 2[c9000] -> 3[ce000] via P2P/IPC comm 0x559815b61c00 nRanks 16
nid005016:45860:45949 [2] NCCL INFO New proxy send connection 6 from local rank 2, transport 0
nid005016:45862:45862 [4] NCCL INFO Connected to proxy localRank 4 -> connection 0x145c40001678
nid005016:45860:45860 [2] NCCL INFO Connected to proxy localRank 2 -> connection 0x1495480016f0
nid005016:45866:45953 [5] NCCL INFO New proxy recv connection 6 from local rank 5, transport 0
nid005016:45866:45866 [5] NCCL INFO Connected to proxy localRank 5 -> connection 0x14d4140016f0
nid005017:56642:56642 [2] NCCL INFO Channel 14/0 : 10[c9000] -> 11[ce000] via P2P/IPC comm 0x55d871be9160 nRanks 16
nid005017:56642:56748 [2] NCCL INFO New proxy send connection 7 from local rank 2, transport 0
nid005017:56642:56642 [2] NCCL INFO Connected to proxy localRank 2 -> connection 0x14584c001768
nid005017:56644:56644 [4] NCCL INFO Channel 12/0 : 12[d1000] -> 13[d6000] via P2P/IPC comm 0x5563276d8f60 nRanks 16
nid005017:56645:56747 [5] NCCL INFO New proxy recv connection 6 from local rank 5, transport 0
nid005017:56645:56645 [5] NCCL INFO Connected to proxy localRank 5 -> connection 0x1538280016f0
nid005017:56644:56741 [4] NCCL INFO New proxy send connection 6 from local rank 4, transport 0
nid005017:56644:56644 [4] NCCL INFO Connected to proxy localRank 4 -> connection 0x14b3b40016f0
nid005017:56641:56641 [0] NCCL INFO Channel 15/0 : 8[c1000] -> 9[c6000] via P2P/IPC comm 0x562676d902d0 nRanks 16
nid005017:56641:56746 [0] NCCL INFO New proxy send connection 7 from local rank 0, transport 0
nid005017:56641:56641 [0] NCCL INFO Connected to proxy localRank 0 -> connection 0x14bc34001768
nid005016:45863:45863 [6] NCCL INFO Channel 12/0 : 6[d9000] -> 7[de000] via P2P/IPC comm 0x56148dd13070 nRanks 16
nid005016:45863:45952 [6] NCCL INFO New proxy send connection 6 from local rank 6, transport 0
nid005016:45863:45863 [6] NCCL INFO Connected to proxy localRank 6 -> connection 0x1502040016f0
nid005017:56648:56648 [6] NCCL INFO Channel 14/0 : 14[d9000] -> 15[de000] via P2P/IPC comm 0x55e24e770940 nRanks 16
nid005017:56648:56749 [6] NCCL INFO New proxy send connection 7 from local rank 6, transport 0
nid005017:56648:56648 [6] NCCL INFO Connected to proxy localRank 6 -> connection 0x1451b4001768
nid005016:45861:45861 [0] NCCL INFO Channel 03/0 : 0[c1000] -> 6[d9000] via P2P/IPC comm 0x55a3706221e0 nRanks 16
nid005016:45859:45859 [1] NCCL INFO Channel 02/0 : 1[c6000] -> 3[ce000] via P2P/IPC comm 0x5653e6f18cf0 nRanks 16
nid005016:45861:45954 [0] NCCL INFO New proxy send connection 8 from local rank 0, transport 0
nid005016:45861:45861 [0] NCCL INFO Connected to proxy localRank 0 -> connection 0x14dd640017e0
nid005016:45859:45947 [1] NCCL INFO New proxy send connection 8 from local rank 1, transport 0
nid005016:45859:45859 [1] NCCL INFO Connected to proxy localRank 1 -> connection 0x145b180017e0
nid005016:45866:45953 [5] NCCL INFO New proxy recv connection 7 from local rank 5, transport 0
nid005016:45866:45866 [5] NCCL INFO Connected to proxy localRank 5 -> connection 0x14d414001768
nid005016:45860:45860 [2] NCCL INFO Channel 15/0 : 2[c9000] -> 3[ce000] via P2P/IPC comm 0x559815b61c00 nRanks 16
nid005016:45860:45949 [2] NCCL INFO New proxy send connection 7 from local rank 2, transport 0
nid005016:45860:45860 [2] NCCL INFO Connected to proxy localRank 2 -> connection 0x149548001768
nid005017:56643:56743 [3] NCCL INFO New proxy recv connection 8 from local rank 3, transport 0
nid005017:56643:56643 [3] NCCL INFO Connected to proxy localRank 3 -> connection 0x15100c0017e0
nid005017:56645:56747 [5] NCCL INFO New proxy recv connection 7 from local rank 5, transport 0
nid005017:56642:56642 [2] NCCL INFO Channel 03/0 : 10[c9000] -> 12[d1000] via P2P/IPC comm 0x55d871be9160 nRanks 16
nid005017:56642:56748 [2] NCCL INFO New proxy send connection 8 from local rank 2, transport 0
nid005017:56645:56645 [5] NCCL INFO Connected to proxy localRank 5 -> connection 0x153828001768
nid005017:56642:56642 [2] NCCL INFO Connected to proxy localRank 2 -> connection 0x14584c0017e0
nid005017:56646:56646 [1] NCCL INFO Channel 03/0 : 9[c6000] -> 11[ce000] via P2P/IPC comm 0x564603f1a130 nRanks 16
nid005017:56641:56641 [0] NCCL INFO Channel 02/0 : 8[c1000] -> 14[d9000] via P2P/IPC comm 0x562676d902d0 nRanks 16
nid005017:56646:56744 [1] NCCL INFO New proxy send connection 8 from local rank 1, transport 0
nid005017:56646:56646 [1] NCCL INFO Connected to proxy localRank 1 -> connection 0x14eb980017e0
nid005017:56641:56746 [0] NCCL INFO New proxy send connection 8 from local rank 0, transport 0
nid005017:56641:56641 [0] NCCL INFO Connected to proxy localRank 0 -> connection 0x14bc340017e0
nid005016:45862:45862 [4] NCCL INFO Channel 13/0 : 4[d1000] -> 5[d6000] via P2P/IPC comm 0x55dfe0af4e70 nRanks 16
nid005016:45862:45948 [4] NCCL INFO New proxy send connection 6 from local rank 4, transport 0
nid005016:45862:45862 [4] NCCL INFO Connected to proxy localRank 4 -> connection 0x145c400016f0
nid005017:56644:56644 [4] NCCL INFO Channel 15/0 : 12[d1000] -> 13[d6000] via P2P/IPC comm 0x5563276d8f60 nRanks 16
nid005017:56644:56741 [4] NCCL INFO New proxy send connection 7 from local rank 4, transport 0
nid005017:56644:56644 [4] NCCL INFO Connected to proxy localRank 4 -> connection 0x14b3b4001768
nid005016:45863:45863 [6] NCCL INFO Channel 15/0 : 6[d9000] -> 7[de000] via P2P/IPC comm 0x56148dd13070 nRanks 16
nid005016:45863:45952 [6] NCCL INFO New proxy send connection 7 from local rank 6, transport 0
nid005016:45863:45863 [6] NCCL INFO Connected to proxy localRank 6 -> connection 0x150204001768
nid005016:45861:45861 [0] NCCL INFO Channel 07/0 : 0[c1000] -> 6[d9000] via P2P/IPC comm 0x55a3706221e0 nRanks 16
nid005016:45861:45954 [0] NCCL INFO New proxy send connection 9 from local rank 0, transport 0
nid005016:45859:45859 [1] NCCL INFO Channel 06/0 : 1[c6000] -> 3[ce000] via P2P/IPC comm 0x5653e6f18cf0 nRanks 16
nid005016:45861:45861 [0] NCCL INFO Connected to proxy localRank 0 -> connection 0x14dd64001858
nid005016:45859:45947 [1] NCCL INFO New proxy send connection 9 from local rank 1, transport 0
nid005016:45859:45859 [1] NCCL INFO Connected to proxy localRank 1 -> connection 0x145b18001858
nid005017:56648:56749 [6] NCCL INFO New proxy recv connection 8 from local rank 6, transport 0
nid005017:56648:56648 [6] NCCL INFO Connected to proxy localRank 6 -> connection 0x1451b40017e0
nid005017:56647:56745 [7] NCCL INFO New proxy recv connection 8 from local rank 7, transport 0
nid005017:56647:56647 [7] NCCL INFO Connected to proxy localRank 7 -> connection 0x147e900017e0
nid005016:45864:45951 [3] NCCL INFO New proxy recv connection 8 from local rank 3, transport 0
nid005016:45864:45864 [3] NCCL INFO Connected to proxy localRank 3 -> connection 0x15174c0017e0
nid005016:45860:45860 [2] NCCL INFO Channel 02/0 : 2[c9000] -> 4[d1000] via P2P/IPC comm 0x559815b61c00 nRanks 16
nid005016:45860:45949 [2] NCCL INFO New proxy send connection 8 from local rank 2, transport 0
nid005016:45860:45860 [2] NCCL INFO Connected to proxy localRank 2 -> connection 0x1495480017e0
nid005017:56643:56743 [3] NCCL INFO New proxy recv connection 9 from local rank 3, transport 0
nid005017:56643:56643 [3] NCCL INFO Connected to proxy localRank 3 -> connection 0x15100c001858
nid005017:56642:56642 [2] NCCL INFO Channel 07/0 : 10[c9000] -> 12[d1000] via P2P/IPC comm 0x55d871be9160 nRanks 16
nid005017:56642:56748 [2] NCCL INFO New proxy send connection 9 from local rank 2, transport 0
nid005017:56642:56642 [2] NCCL INFO Connected to proxy localRank 2 -> connection 0x14584c001858
nid005017:56641:56641 [0] NCCL INFO Channel 06/0 : 8[c1000] -> 14[d9000] via P2P/IPC comm 0x562676d902d0 nRanks 16
nid005017:56641:56746 [0] NCCL INFO New proxy send connection 9 from local rank 0, transport 0
nid005017:56641:56641 [0] NCCL INFO Connected to proxy localRank 0 -> connection 0x14bc34001858
nid005017:56646:56646 [1] NCCL INFO Channel 07/0 : 9[c6000] -> 11[ce000] via P2P/IPC comm 0x564603f1a130 nRanks 16
nid005017:56646:56744 [1] NCCL INFO New proxy send connection 9 from local rank 1, transport 0
nid005017:56646:56646 [1] NCCL INFO Connected to proxy localRank 1 -> connection 0x14eb98001858
nid005016:45862:45862 [4] NCCL INFO Channel 14/0 : 4[d1000] -> 5[d6000] via P2P/IPC comm 0x55dfe0af4e70 nRanks 16
nid005016:45862:45948 [4] NCCL INFO New proxy send connection 7 from local rank 4, transport 0
nid005016:45862:45862 [4] NCCL INFO Connected to proxy localRank 4 -> connection 0x145c40001768
nid005016:45865:45950 [7] NCCL INFO New proxy recv connection 8 from local rank 7, transport 0
nid005016:45865:45865 [7] NCCL INFO Connected to proxy localRank 7 -> connection 0x14e6b80017e0
nid005017:56645:56747 [5] NCCL INFO New proxy recv connection 8 from local rank 5, transport 0
nid005017:56645:56645 [5] NCCL INFO Connected to proxy localRank 5 -> connection 0x1538280017e0
nid005016:45861:45861 [0] NCCL INFO Channel 11/0 : 0[c1000] -> 6[d9000] via P2P/IPC comm 0x55a3706221e0 nRanks 16
nid005016:45859:45859 [1] NCCL INFO Channel 10/0 : 1[c6000] -> 3[ce000] via P2P/IPC comm 0x5653e6f18cf0 nRanks 16
nid005016:45863:45952 [6] NCCL INFO New proxy recv connection 8 from local rank 6, transport 0
nid005016:45863:45863 [6] NCCL INFO Connected to proxy localRank 6 -> connection 0x1502040017e0
nid005017:56644:56741 [4] NCCL INFO New proxy recv connection 8 from local rank 4, transport 0
nid005017:56644:56644 [4] NCCL INFO Connected to proxy localRank 4 -> connection 0x14b3b40017e0
nid005016:45861:45954 [0] NCCL INFO New proxy send connection 10 from local rank 0, transport 0
nid005016:45861:45861 [0] NCCL INFO Connected to proxy localRank 0 -> connection 0x14dd640018d0
nid005016:45859:45947 [1] NCCL INFO New proxy send connection 10 from local rank 1, transport 0
nid005016:45859:45859 [1] NCCL INFO Connected to proxy localRank 1 -> connection 0x145b180018d0
nid005017:56647:56745 [7] NCCL INFO New proxy recv connection 9 from local rank 7, transport 0
nid005017:56647:56647 [7] NCCL INFO Connected to proxy localRank 7 -> connection 0x147e90001858
nid005016:45864:45951 [3] NCCL INFO New proxy recv connection 9 from local rank 3, transport 0
nid005016:45864:45864 [3] NCCL INFO Connected to proxy localRank 3 -> connection 0x15174c001858
nid005017:56648:56749 [6] NCCL INFO New proxy recv connection 9 from local rank 6, transport 0
nid005017:56648:56648 [6] NCCL INFO Connected to proxy localRank 6 -> connection 0x1451b4001858
nid005017:56642:56642 [2] NCCL INFO Channel 11/0 : 10[c9000] -> 12[d1000] via P2P/IPC comm 0x55d871be9160 nRanks 16
nid005017:56642:56748 [2] NCCL INFO New proxy send connection 10 from local rank 2, transport 0
nid005017:56642:56642 [2] NCCL INFO Connected to proxy localRank 2 -> connection 0x14584c0018d0
nid005016:45860:45860 [2] NCCL INFO Channel 06/0 : 2[c9000] -> 4[d1000] via P2P/IPC comm 0x559815b61c00 nRanks 16
nid005017:56643:56743 [3] NCCL INFO New proxy recv connection 10 from local rank 3, transport 0
nid005017:56643:56643 [3] NCCL INFO Connected to proxy localRank 3 -> connection 0x15100c0018d0
nid005016:45860:45949 [2] NCCL INFO New proxy send connection 9 from local rank 2, transport 0
nid005016:45860:45860 [2] NCCL INFO Connected to proxy localRank 2 -> connection 0x149548001858
nid005017:56646:56646 [1] NCCL INFO Channel 11/0 : 9[c6000] -> 11[ce000] via P2P/IPC comm 0x564603f1a130 nRanks 16
nid005017:56646:56744 [1] NCCL INFO New proxy send connection 10 from local rank 1, transport 0
nid005017:56646:56646 [1] NCCL INFO Connected to proxy localRank 1 -> connection 0x14eb980018d0
nid005016:45865:45950 [7] NCCL INFO New proxy recv connection 9 from local rank 7, transport 0
nid005016:45865:45865 [7] NCCL INFO Connected to proxy localRank 7 -> connection 0x14e6b8001858
nid005017:56641:56641 [0] NCCL INFO Channel 10/0 : 8[c1000] -> 14[d9000] via P2P/IPC comm 0x562676d902d0 nRanks 16
nid005017:56641:56746 [0] NCCL INFO New proxy send connection 10 from local rank 0, transport 0
nid005017:56641:56641 [0] NCCL INFO Connected to proxy localRank 0 -> connection 0x14bc340018d0
nid005016:45859:45859 [1] NCCL INFO Channel 14/0 : 1[c6000] -> 3[ce000] via P2P/IPC comm 0x5653e6f18cf0 nRanks 16
nid005016:45861:45861 [0] NCCL INFO Channel 15/0 : 0[c1000] -> 6[d9000] via P2P/IPC comm 0x55a3706221e0 nRanks 16
nid005016:45861:45954 [0] NCCL INFO New proxy send connection 11 from local rank 0, transport 0
nid005016:45859:45947 [1] NCCL INFO New proxy send connection 11 from local rank 1, transport 0
nid005016:45859:45859 [1] NCCL INFO Connected to proxy localRank 1 -> connection 0x145b18001948
nid005016:45861:45861 [0] NCCL INFO Connected to proxy localRank 0 -> connection 0x14dd64001948
nid005016:45863:45952 [6] NCCL INFO New proxy recv connection 9 from local rank 6, transport 0
nid005016:45863:45863 [6] NCCL INFO Connected to proxy localRank 6 -> connection 0x150204001858
nid005017:56647:56745 [7] NCCL INFO New proxy recv connection 10 from local rank 7, transport 0
nid005017:56647:56647 [7] NCCL INFO Connected to proxy localRank 7 -> connection 0x147e900018d0
nid005017:56645:56747 [5] NCCL INFO New proxy recv connection 9 from local rank 5, transport 0
nid005017:56645:56645 [5] NCCL INFO Connected to proxy localRank 5 -> connection 0x153828001858
nid005016:45864:45951 [3] NCCL INFO New proxy recv connection 10 from local rank 3, transport 0
nid005016:45864:45864 [3] NCCL INFO Connected to proxy localRank 3 -> connection 0x15174c0018d0
nid005016:45866:45953 [5] NCCL INFO New proxy recv connection 8 from local rank 5, transport 0
nid005016:45866:45866 [5] NCCL INFO Connected to proxy localRank 5 -> connection 0x14d4140017e0
nid005016:45862:45948 [4] NCCL INFO New proxy recv connection 8 from local rank 4, transport 0
nid005016:45862:45862 [4] NCCL INFO Connected to proxy localRank 4 -> connection 0x145c400017e0
nid005017:56644:56741 [4] NCCL INFO New proxy recv connection 9 from local rank 4, transport 0
nid005017:56644:56644 [4] NCCL INFO Connected to proxy localRank 4 -> connection 0x14b3b4001858
nid005017:56648:56749 [6] NCCL INFO New proxy recv connection 10 from local rank 6, transport 0
nid005017:56648:56648 [6] NCCL INFO Connected to proxy localRank 6 -> connection 0x1451b40018d0
nid005017:56642:56642 [2] NCCL INFO Channel 15/0 : 10[c9000] -> 12[d1000] via P2P/IPC comm 0x55d871be9160 nRanks 16
nid005017:56642:56748 [2] NCCL INFO New proxy send connection 11 from local rank 2, transport 0
nid005017:56642:56642 [2] NCCL INFO Connected to proxy localRank 2 -> connection 0x14584c001948
nid005017:56643:56743 [3] NCCL INFO New proxy recv connection 11 from local rank 3, transport 0
nid005017:56643:56643 [3] NCCL INFO Connected to proxy localRank 3 -> connection 0x15100c001948
nid005017:56641:56641 [0] NCCL INFO Channel 14/0 : 8[c1000] -> 14[d9000] via P2P/IPC comm 0x562676d902d0 nRanks 16
nid005017:56641:56746 [0] NCCL INFO New proxy send connection 11 from local rank 0, transport 0
nid005017:56641:56641 [0] NCCL INFO Connected to proxy localRank 0 -> connection 0x14bc34001948
nid005016:45860:45860 [2] NCCL INFO Channel 10/0 : 2[c9000] -> 4[d1000] via P2P/IPC comm 0x559815b61c00 nRanks 16
nid005016:45865:45950 [7] NCCL INFO New proxy recv connection 10 from local rank 7, transport 0
nid005016:45865:45865 [7] NCCL INFO Connected to proxy localRank 7 -> connection 0x14e6b80018d0
nid005016:45860:45949 [2] NCCL INFO New proxy send connection 10 from local rank 2, transport 0
nid005016:45860:45860 [2] NCCL INFO Connected to proxy localRank 2 -> connection 0x1495480018d0
nid005017:56646:56646 [1] NCCL INFO Channel 15/0 : 9[c6000] -> 11[ce000] via P2P/IPC comm 0x564603f1a130 nRanks 16
nid005017:56646:56744 [1] NCCL INFO New proxy send connection 11 from local rank 1, transport 0
nid005017:56646:56646 [1] NCCL INFO Connected to proxy localRank 1 -> connection 0x14eb98001948
nid005017:56647:56745 [7] NCCL INFO New proxy recv connection 11 from local rank 7, transport 0
nid005017:56647:56647 [7] NCCL INFO Connected to proxy localRank 7 -> connection 0x147e90001948
nid005016:45864:45951 [3] NCCL INFO New proxy recv connection 11 from local rank 3, transport 0
nid005016:45864:45864 [3] NCCL INFO Connected to proxy localRank 3 -> connection 0x15174c001948
nid005016:45863:45952 [6] NCCL INFO New proxy recv connection 10 from local rank 6, transport 0
nid005016:45863:45863 [6] NCCL INFO Connected to proxy localRank 6 -> connection 0x1502040018d0
nid005016:45866:45953 [5] NCCL INFO New proxy recv connection 9 from local rank 5, transport 0
nid005016:45866:45866 [5] NCCL INFO Connected to proxy localRank 5 -> connection 0x14d414001858
nid005017:56645:56747 [5] NCCL INFO New proxy recv connection 10 from local rank 5, transport 0
nid005017:56645:56645 [5] NCCL INFO Connected to proxy localRank 5 -> connection 0x1538280018d0
nid005017:56644:56741 [4] NCCL INFO New proxy recv connection 10 from local rank 4, transport 0
nid005017:56644:56644 [4] NCCL INFO Connected to proxy localRank 4 -> connection 0x14b3b40018d0
nid005016:45862:45948 [4] NCCL INFO New proxy recv connection 9 from local rank 4, transport 0
nid005016:45862:45862 [4] NCCL INFO Connected to proxy localRank 4 -> connection 0x145c40001858
nid005016:45865:45950 [7] NCCL INFO New proxy recv connection 11 from local rank 7, transport 0
nid005016:45865:45865 [7] NCCL INFO Connected to proxy localRank 7 -> connection 0x14e6b8001948
nid005017:56648:56749 [6] NCCL INFO New proxy recv connection 11 from local rank 6, transport 0
nid005017:56648:56648 [6] NCCL INFO Connected to proxy localRank 6 -> connection 0x1451b4001948
nid005016:45864:45864 [3] NCCL INFO Channel 01/0 : 3[ce000] -> 7[de000] via P2P/IPC comm 0x56087b8059e0 nRanks 16
nid005016:45859:45859 [1] NCCL INFO Channel 00/0 : 1[c6000] -> 5[d6000] via P2P/IPC comm 0x5653e6f18cf0 nRanks 16
nid005016:45864:45951 [3] NCCL INFO New proxy send connection 12 from local rank 3, transport 0
nid005016:45864:45864 [3] NCCL INFO Connected to proxy localRank 3 -> connection 0x15174c0019c0
nid005016:45859:45947 [1] NCCL INFO New proxy send connection 12 from local rank 1, transport 0
nid005016:45859:45859 [1] NCCL INFO Connected to proxy localRank 1 -> connection 0x145b180019c0
nid005016:45860:45860 [2] NCCL INFO Channel 14/0 : 2[c9000] -> 4[d1000] via P2P/IPC comm 0x559815b61c00 nRanks 16
nid005016:45860:45949 [2] NCCL INFO New proxy send connection 11 from local rank 2, transport 0
nid005016:45860:45860 [2] NCCL INFO Connected to proxy localRank 2 -> connection 0x149548001948
nid005017:56643:56643 [3] NCCL INFO Channel 00/0 : 11[ce000] -> 15[de000] via P2P/IPC comm 0x559c301c17b0 nRanks 16
nid005017:56646:56646 [1] NCCL INFO Channel 01/0 : 9[c6000] -> 13[d6000] via P2P/IPC comm 0x564603f1a130 nRanks 16
nid005017:56643:56743 [3] NCCL INFO New proxy send connection 12 from local rank 3, transport 0
nid005017:56643:56643 [3] NCCL INFO Connected to proxy localRank 3 -> connection 0x15100c0019c0
nid005017:56646:56744 [1] NCCL INFO New proxy send connection 12 from local rank 1, transport 0
nid005017:56646:56646 [1] NCCL INFO Connected to proxy localRank 1 -> connection 0x14eb980019c0
nid005016:45866:45953 [5] NCCL INFO New proxy recv connection 10 from local rank 5, transport 0
nid005016:45866:45866 [5] NCCL INFO Connected to proxy localRank 5 -> connection 0x14d4140018d0
nid005017:56645:56747 [5] NCCL INFO New proxy recv connection 11 from local rank 5, transport 0
nid005017:56645:56645 [5] NCCL INFO Connected to proxy localRank 5 -> connection 0x153828001948
nid005016:45863:45952 [6] NCCL INFO New proxy recv connection 11 from local rank 6, transport 0
nid005016:45863:45863 [6] NCCL INFO Connected to proxy localRank 6 -> connection 0x150204001948
nid005017:56644:56741 [4] NCCL INFO New proxy recv connection 11 from local rank 4, transport 0
nid005017:56644:56644 [4] NCCL INFO Connected to proxy localRank 4 -> connection 0x14b3b4001948
nid005016:45864:45864 [3] NCCL INFO Channel 05/0 : 3[ce000] -> 7[de000] via P2P/IPC comm 0x56087b8059e0 nRanks 16
nid005016:45864:45951 [3] NCCL INFO New proxy send connection 13 from local rank 3, transport 0
nid005016:45864:45864 [3] NCCL INFO Connected to proxy localRank 3 -> connection 0x15174c001a38
nid005016:45862:45948 [4] NCCL INFO New proxy recv connection 10 from local rank 4, transport 0
nid005016:45862:45862 [4] NCCL INFO Connected to proxy localRank 4 -> connection 0x145c400018d0
nid005016:45859:45859 [1] NCCL INFO Channel 04/0 : 1[c6000] -> 5[d6000] via P2P/IPC comm 0x5653e6f18cf0 nRanks 16
nid005016:45859:45947 [1] NCCL INFO New proxy send connection 13 from local rank 1, transport 0
nid005016:45859:45859 [1] NCCL INFO Connected to proxy localRank 1 -> connection 0x145b18001a38
nid005017:56646:56646 [1] NCCL INFO Channel 05/0 : 9[c6000] -> 13[d6000] via P2P/IPC comm 0x564603f1a130 nRanks 16
nid005017:56643:56643 [3] NCCL INFO Channel 04/0 : 11[ce000] -> 15[de000] via P2P/IPC comm 0x559c301c17b0 nRanks 16
nid005017:56643:56743 [3] NCCL INFO New proxy send connection 13 from local rank 3, transport 0
nid005017:56643:56643 [3] NCCL INFO Connected to proxy localRank 3 -> connection 0x15100c001a38
nid005017:56646:56744 [1] NCCL INFO New proxy send connection 13 from local rank 1, transport 0
nid005017:56646:56646 [1] NCCL INFO Connected to proxy localRank 1 -> connection 0x14eb98001a38
nid005016:45866:45953 [5] NCCL INFO New proxy recv connection 11 from local rank 5, transport 0
nid005016:45866:45866 [5] NCCL INFO Connected to proxy localRank 5 -> connection 0x14d414001948
nid005016:45864:45864 [3] NCCL INFO Channel 09/0 : 3[ce000] -> 7[de000] via P2P/IPC comm 0x56087b8059e0 nRanks 16
nid005016:45864:45951 [3] NCCL INFO New proxy send connection 14 from local rank 3, transport 0
nid005016:45864:45864 [3] NCCL INFO Connected to proxy localRank 3 -> connection 0x15174c001ab0
nid005017:56644:56644 [4] NCCL INFO Channel 01/0 : 12[d1000] -> 14[d9000] via P2P/IPC comm 0x5563276d8f60 nRanks 16
nid005017:56644:56741 [4] NCCL INFO New proxy send connection 12 from local rank 4, transport 0
nid005017:56644:56644 [4] NCCL INFO Connected to proxy localRank 4 -> connection 0x14b3b40019c0
nid005016:45859:45859 [1] NCCL INFO Channel 08/0 : 1[c6000] -> 5[d6000] via P2P/IPC comm 0x5653e6f18cf0 nRanks 16
nid005016:45859:45947 [1] NCCL INFO New proxy send connection 14 from local rank 1, transport 0
nid005016:45859:45859 [1] NCCL INFO Connected to proxy localRank 1 -> connection 0x145b18001ab0
nid005017:56646:56646 [1] NCCL INFO Channel 09/0 : 9[c6000] -> 13[d6000] via P2P/IPC comm 0x564603f1a130 nRanks 16
nid005017:56646:56744 [1] NCCL INFO New proxy send connection 14 from local rank 1, transport 0
nid005017:56646:56646 [1] NCCL INFO Connected to proxy localRank 1 -> connection 0x14eb98001ab0
nid005017:56643:56643 [3] NCCL INFO Channel 08/0 : 11[ce000] -> 15[de000] via P2P/IPC comm 0x559c301c17b0 nRanks 16
nid005017:56643:56743 [3] NCCL INFO New proxy send connection 14 from local rank 3, transport 0
nid005017:56643:56643 [3] NCCL INFO Connected to proxy localRank 3 -> connection 0x15100c001ab0
nid005016:45862:45948 [4] NCCL INFO New proxy recv connection 11 from local rank 4, transport 0
nid005016:45862:45862 [4] NCCL INFO Connected to proxy localRank 4 -> connection 0x145c40001948
nid005016:45864:45864 [3] NCCL INFO Channel 13/0 : 3[ce000] -> 7[de000] via P2P/IPC comm 0x56087b8059e0 nRanks 16
nid005016:45864:45951 [3] NCCL INFO New proxy send connection 15 from local rank 3, transport 0
nid005016:45864:45864 [3] NCCL INFO Connected to proxy localRank 3 -> connection 0x15174c001b28
nid005016:45859:45859 [1] NCCL INFO Channel 12/0 : 1[c6000] -> 5[d6000] via P2P/IPC comm 0x5653e6f18cf0 nRanks 16
nid005016:45859:45947 [1] NCCL INFO New proxy send connection 15 from local rank 1, transport 0
nid005016:45859:45859 [1] NCCL INFO Connected to proxy localRank 1 -> connection 0x145b18001b28
nid005017:56644:56644 [4] NCCL INFO Channel 05/0 : 12[d1000] -> 14[d9000] via P2P/IPC comm 0x5563276d8f60 nRanks 16
nid005017:56644:56741 [4] NCCL INFO New proxy send connection 13 from local rank 4, transport 0
nid005017:56644:56644 [4] NCCL INFO Connected to proxy localRank 4 -> connection 0x14b3b4001a38
nid005017:56646:56646 [1] NCCL INFO Channel 13/0 : 9[c6000] -> 13[d6000] via P2P/IPC comm 0x564603f1a130 nRanks 16
nid005017:56646:56744 [1] NCCL INFO New proxy send connection 15 from local rank 1, transport 0
nid005017:56646:56646 [1] NCCL INFO Connected to proxy localRank 1 -> connection 0x14eb98001b28
nid005017:56643:56643 [3] NCCL INFO Channel 12/0 : 11[ce000] -> 15[de000] via P2P/IPC comm 0x559c301c17b0 nRanks 16
nid005017:56643:56743 [3] NCCL INFO New proxy send connection 15 from local rank 3, transport 0
nid005017:56643:56643 [3] NCCL INFO Connected to proxy localRank 3 -> connection 0x15100c001b28
nid005016:45865:45865 [7] NCCL INFO GPU Direct RDMA Enabled for GPU de000 / HCA 3 (distance 6 <= 6), read 0
nid005016:45864:45951 [3] NCCL INFO New proxy recv connection 16 from local rank 3, transport 0
nid005016:45864:45864 [3] NCCL INFO Connected to proxy localRank 3 -> connection 0x15174c001ba0
nid005016:45862:45862 [4] NCCL INFO Channel 00/0 : 4[d1000] -> 6[d9000] via P2P/IPC comm 0x55dfe0af4e70 nRanks 16
nid005016:45862:45948 [4] NCCL INFO New proxy send connection 12 from local rank 4, transport 0
nid005016:45862:45862 [4] NCCL INFO Connected to proxy localRank 4 -> connection 0x145c400019c0
nid005016:45866:45866 [5] NCCL INFO GPU Direct RDMA Enabled for GPU d6000 / HCA 2 (distance 6 <= 6), read 0
nid005016:45859:45947 [1] NCCL INFO New proxy recv connection 16 from local rank 1, transport 0
nid005016:45859:45859 [1] NCCL INFO Connected to proxy localRank 1 -> connection 0x145b18001ba0
nid005016:45865:45950 [7] NCCL INFO New proxy recv connection 12 from local rank 7, transport 2
nid005016:45865:45865 [7] NCCL INFO Connected to proxy localRank 7 -> connection 0x14e6b80019c0
nid005017:56644:56644 [4] NCCL INFO Channel 09/0 : 12[d1000] -> 14[d9000] via P2P/IPC comm 0x5563276d8f60 nRanks 16
nid005017:56644:56741 [4] NCCL INFO New proxy send connection 14 from local rank 4, transport 0
nid005017:56644:56644 [4] NCCL INFO Connected to proxy localRank 4 -> connection 0x14b3b4001ab0
nid005017:56645:56645 [5] NCCL INFO GPU Direct RDMA Enabled for GPU d6000 / HCA 2 (distance 6 <= 6), read 0
nid005016:45864:45951 [3] NCCL INFO New proxy recv connection 17 from local rank 3, transport 0
nid005016:45864:45864 [3] NCCL INFO Connected to proxy localRank 3 -> connection 0x15174c001c18
nid005017:56646:56744 [1] NCCL INFO New proxy recv connection 16 from local rank 1, transport 0
nid005017:56646:56646 [1] NCCL INFO Connected to proxy localRank 1 -> connection 0x14eb98001ba0
nid005017:56647:56647 [7] NCCL INFO GPU Direct RDMA Enabled for GPU de000 / HCA 3 (distance 6 <= 6), read 0
nid005017:56643:56743 [3] NCCL INFO New proxy recv connection 16 from local rank 3, transport 0
nid005017:56643:56643 [3] NCCL INFO Connected to proxy localRank 3 -> connection 0x15100c001ba0
nid005016:45866:45953 [5] NCCL INFO New proxy recv connection 12 from local rank 5, transport 2
nid005016:45866:45866 [5] NCCL INFO Connected to proxy localRank 5 -> connection 0x14d4140019c0
nid005016:45859:45947 [1] NCCL INFO New proxy recv connection 17 from local rank 1, transport 0
nid005016:45859:45859 [1] NCCL INFO Connected to proxy localRank 1 -> connection 0x145b18001c18
nid005017:56645:56747 [5] NCCL INFO New proxy recv connection 12 from local rank 5, transport 2
nid005017:56645:56645 [5] NCCL INFO Connected to proxy localRank 5 -> connection 0x1538280019c0
nid005017:56647:56745 [7] NCCL INFO New proxy recv connection 12 from local rank 7, transport 2
nid005017:56647:56647 [7] NCCL INFO Connected to proxy localRank 7 -> connection 0x147e900019c0
nid005016:45864:45951 [3] NCCL INFO New proxy recv connection 18 from local rank 3, transport 0
nid005016:45864:45864 [3] NCCL INFO Connected to proxy localRank 3 -> connection 0x15174c001c90
nid005016:45862:45862 [4] NCCL INFO Channel 04/0 : 4[d1000] -> 6[d9000] via P2P/IPC comm 0x55dfe0af4e70 nRanks 16
nid005016:45862:45948 [4] NCCL INFO New proxy send connection 13 from local rank 4, transport 0
nid005016:45862:45862 [4] NCCL INFO Connected to proxy localRank 4 -> connection 0x145c40001a38
nid005017:56646:56744 [1] NCCL INFO New proxy recv connection 17 from local rank 1, transport 0
nid005017:56646:56646 [1] NCCL INFO Connected to proxy localRank 1 -> connection 0x14eb98001c18
nid005017:56644:56644 [4] NCCL INFO Channel 13/0 : 12[d1000] -> 14[d9000] via P2P/IPC comm 0x5563276d8f60 nRanks 16
nid005017:56644:56741 [4] NCCL INFO New proxy send connection 15 from local rank 4, transport 0
nid005017:56644:56644 [4] NCCL INFO Connected to proxy localRank 4 -> connection 0x14b3b4001b28
nid005017:56643:56743 [3] NCCL INFO New proxy recv connection 17 from local rank 3, transport 0
nid005017:56643:56643 [3] NCCL INFO Connected to proxy localRank 3 -> connection 0x15100c001c18
nid005016:45859:45947 [1] NCCL INFO New proxy recv connection 18 from local rank 1, transport 0
nid005016:45859:45859 [1] NCCL INFO Connected to proxy localRank 1 -> connection 0x145b18001c90
nid005016:45864:45951 [3] NCCL INFO New proxy recv connection 19 from local rank 3, transport 0
nid005016:45864:45864 [3] NCCL INFO Connected to proxy localRank 3 -> connection 0x15174c001d08
nid005017:56646:56744 [1] NCCL INFO New proxy recv connection 18 from local rank 1, transport 0
nid005017:56646:56646 [1] NCCL INFO Connected to proxy localRank 1 -> connection 0x14eb98001c90
nid005016:45862:45862 [4] NCCL INFO Channel 08/0 : 4[d1000] -> 6[d9000] via P2P/IPC comm 0x55dfe0af4e70 nRanks 16
nid005016:45862:45948 [4] NCCL INFO New proxy send connection 14 from local rank 4, transport 0
nid005016:45862:45862 [4] NCCL INFO Connected to proxy localRank 4 -> connection 0x145c40001ab0
nid005017:56643:56743 [3] NCCL INFO New proxy recv connection 18 from local rank 3, transport 0
nid005017:56643:56643 [3] NCCL INFO Connected to proxy localRank 3 -> connection 0x15100c001c90
nid005016:45859:45947 [1] NCCL INFO New proxy recv connection 19 from local rank 1, transport 0
nid005016:45859:45859 [1] NCCL INFO Connected to proxy localRank 1 -> connection 0x145b18001d08
nid005017:56642:56642 [2] NCCL INFO GPU Direct RDMA Enabled for GPU c9000 / HCA 1 (distance 6 <= 6), read 0
nid005017:56648:56749 [6] NCCL INFO New proxy recv connection 12 from local rank 6, transport 0
nid005017:56648:56648 [6] NCCL INFO Connected to proxy localRank 6 -> connection 0x1451b40019c0
nid005017:56644:56741 [4] NCCL INFO New proxy recv connection 16 from local rank 4, transport 0
nid005017:56644:56644 [4] NCCL INFO Connected to proxy localRank 4 -> connection 0x14b3b4001ba0
nid005017:56646:56744 [1] NCCL INFO New proxy recv connection 19 from local rank 1, transport 0
nid005017:56646:56646 [1] NCCL INFO Connected to proxy localRank 1 -> connection 0x14eb98001d08
nid005017:56642:56748 [2] NCCL INFO New proxy recv connection 12 from local rank 2, transport 2
nid005017:56642:56642 [2] NCCL INFO Connected to proxy localRank 2 -> connection 0x14584c0019c0
nid005016:45862:45862 [4] NCCL INFO Channel 12/0 : 4[d1000] -> 6[d9000] via P2P/IPC comm 0x55dfe0af4e70 nRanks 16
nid005016:45862:45948 [4] NCCL INFO New proxy send connection 15 from local rank 4, transport 0
nid005016:45862:45862 [4] NCCL INFO Connected to proxy localRank 4 -> connection 0x145c40001b28
nid005017:56643:56743 [3] NCCL INFO New proxy recv connection 19 from local rank 3, transport 0
nid005017:56643:56643 [3] NCCL INFO Connected to proxy localRank 3 -> connection 0x15100c001d08
nid005017:56644:56741 [4] NCCL INFO New proxy recv connection 17 from local rank 4, transport 0
nid005017:56644:56644 [4] NCCL INFO Connected to proxy localRank 4 -> connection 0x14b3b4001c18
nid005017:56648:56749 [6] NCCL INFO New proxy recv connection 13 from local rank 6, transport 0
nid005017:56648:56648 [6] NCCL INFO Connected to proxy localRank 6 -> connection 0x1451b4001a38
nid005016:45860:45860 [2] NCCL INFO GPU Direct RDMA Enabled for GPU c9000 / HCA 1 (distance 6 <= 6), read 0
nid005016:45862:45948 [4] NCCL INFO New proxy recv connection 16 from local rank 4, transport 0
nid005016:45862:45862 [4] NCCL INFO Connected to proxy localRank 4 -> connection 0x145c40001ba0
nid005016:45863:45952 [6] NCCL INFO New proxy recv connection 12 from local rank 6, transport 0
nid005016:45863:45863 [6] NCCL INFO Connected to proxy localRank 6 -> connection 0x1502040019c0
nid005017:56644:56741 [4] NCCL INFO New proxy recv connection 18 from local rank 4, transport 0
nid005017:56644:56644 [4] NCCL INFO Connected to proxy localRank 4 -> connection 0x14b3b4001c90
nid005017:56648:56749 [6] NCCL INFO New proxy recv connection 14 from local rank 6, transport 0
nid005017:56648:56648 [6] NCCL INFO Connected to proxy localRank 6 -> connection 0x1451b4001ab0
nid005016:45865:45865 [7] NCCL INFO Channel 02/0 : 15[de000] -> 7[de000] [receive] via NET/Libfabric/3/GDRDMA comm 0x55f8b42c2a00 nRanks 16
nid005016:45865:45865 [7] NCCL INFO GPU Direct RDMA Enabled for GPU de000 / HCA 3 (distance 6 <= 6), read 0
nid005016:45865:45950 [7] NCCL INFO New proxy recv connection 13 from local rank 7, transport 2
nid005016:45865:45865 [7] NCCL INFO Connected to proxy localRank 7 -> connection 0x14e6b8001a38
nid005016:45865:45865 [7] NCCL INFO Channel 06/0 : 15[de000] -> 7[de000] [receive] via NET/Libfabric/3/GDRDMA comm 0x55f8b42c2a00 nRanks 16
nid005016:45865:45865 [7] NCCL INFO GPU Direct RDMA Enabled for GPU de000 / HCA 3 (distance 6 <= 6), read 0
nid005016:45865:45950 [7] NCCL INFO New proxy recv connection 14 from local rank 7, transport 2
nid005016:45865:45865 [7] NCCL INFO Connected to proxy localRank 7 -> connection 0x14e6b8001ab0
nid005016:45865:45865 [7] NCCL INFO Channel 10/0 : 15[de000] -> 7[de000] [receive] via NET/Libfabric/3/GDRDMA comm 0x55f8b42c2a00 nRanks 16
nid005016:45865:45865 [7] NCCL INFO GPU Direct RDMA Enabled for GPU de000 / HCA 3 (distance 6 <= 6), read 0
nid005016:45865:45950 [7] NCCL INFO New proxy recv connection 15 from local rank 7, transport 2
nid005016:45865:45865 [7] NCCL INFO Connected to proxy localRank 7 -> connection 0x14e6b8001b28
nid005016:45865:45865 [7] NCCL INFO Channel 14/0 : 15[de000] -> 7[de000] [receive] via NET/Libfabric/3/GDRDMA comm 0x55f8b42c2a00 nRanks 16
nid005016:45865:45865 [7] NCCL INFO GPU Direct RDMA Enabled for GPU de000 / HCA 3 (distance 6 <= 6), read 1
nid005016:45865:45950 [7] NCCL INFO New proxy send connection 16 from local rank 7, transport 2
nid005016:45865:45865 [7] NCCL INFO Connected to proxy localRank 7 -> connection 0x14e6b8001ba0
nid005016:45865:45865 [7] NCCL INFO Channel 03/0 : 7[de000] -> 15[de000] [send] via NET/Libfabric/3/GDRDMA comm 0x55f8b42c2a00 nRanks 16
nid005016:45865:45865 [7] NCCL INFO GPU Direct RDMA Enabled for GPU de000 / HCA 3 (distance 6 <= 6), read 1
nid005016:45865:45950 [7] NCCL INFO New proxy send connection 17 from local rank 7, transport 2
nid005016:45865:45865 [7] NCCL INFO Connected to proxy localRank 7 -> connection 0x14e6b8001c18
nid005016:45865:45865 [7] NCCL INFO Channel 07/0 : 7[de000] -> 15[de000] [send] via NET/Libfabric/3/GDRDMA comm 0x55f8b42c2a00 nRanks 16
nid005016:45865:45865 [7] NCCL INFO GPU Direct RDMA Enabled for GPU de000 / HCA 3 (distance 6 <= 6), read 1
nid005016:45865:45950 [7] NCCL INFO New proxy send connection 18 from local rank 7, transport 2
nid005016:45865:45865 [7] NCCL INFO Connected to proxy localRank 7 -> connection 0x14e6b8001c90
nid005016:45865:45865 [7] NCCL INFO Channel 11/0 : 7[de000] -> 15[de000] [send] via NET/Libfabric/3/GDRDMA comm 0x55f8b42c2a00 nRanks 16
nid005016:45865:45865 [7] NCCL INFO GPU Direct RDMA Enabled for GPU de000 / HCA 3 (distance 6 <= 6), read 1
nid005016:45865:45950 [7] NCCL INFO New proxy send connection 19 from local rank 7, transport 2
nid005016:45865:45865 [7] NCCL INFO Connected to proxy localRank 7 -> connection 0x14e6b8001d08
nid005016:45865:45865 [7] NCCL INFO Channel 15/0 : 7[de000] -> 15[de000] [send] via NET/Libfabric/3/GDRDMA comm 0x55f8b42c2a00 nRanks 16
nid005016:45866:45866 [5] NCCL INFO Channel 03/0 : 13[d6000] -> 5[d6000] [receive] via NET/Libfabric/2/GDRDMA comm 0x5616e1cbb7b0 nRanks 16
nid005016:45866:45866 [5] NCCL INFO GPU Direct RDMA Enabled for GPU d6000 / HCA 2 (distance 6 <= 6), read 0
nid005016:45866:45953 [5] NCCL INFO New proxy recv connection 13 from local rank 5, transport 2
nid005016:45866:45866 [5] NCCL INFO Connected to proxy localRank 5 -> connection 0x14d414001a38
nid005016:45866:45866 [5] NCCL INFO Channel 07/0 : 13[d6000] -> 5[d6000] [receive] via NET/Libfabric/2/GDRDMA comm 0x5616e1cbb7b0 nRanks 16
nid005016:45866:45866 [5] NCCL INFO GPU Direct RDMA Enabled for GPU d6000 / HCA 2 (distance 6 <= 6), read 0
nid005016:45866:45953 [5] NCCL INFO New proxy recv connection 14 from local rank 5, transport 2
nid005016:45866:45866 [5] NCCL INFO Connected to proxy localRank 5 -> connection 0x14d414001ab0
nid005016:45866:45866 [5] NCCL INFO Channel 11/0 : 13[d6000] -> 5[d6000] [receive] via NET/Libfabric/2/GDRDMA comm 0x5616e1cbb7b0 nRanks 16
nid005016:45866:45866 [5] NCCL INFO GPU Direct RDMA Enabled for GPU d6000 / HCA 2 (distance 6 <= 6), read 0
nid005016:45866:45953 [5] NCCL INFO New proxy recv connection 15 from local rank 5, transport 2
nid005016:45866:45866 [5] NCCL INFO Connected to proxy localRank 5 -> connection 0x14d414001b28
nid005016:45866:45866 [5] NCCL INFO Channel 15/0 : 13[d6000] -> 5[d6000] [receive] via NET/Libfabric/2/GDRDMA comm 0x5616e1cbb7b0 nRanks 16
nid005016:45866:45866 [5] NCCL INFO GPU Direct RDMA Enabled for GPU d6000 / HCA 2 (distance 6 <= 6), read 1
nid005016:45866:45953 [5] NCCL INFO New proxy send connection 16 from local rank 5, transport 2
nid005016:45866:45866 [5] NCCL INFO Connected to proxy localRank 5 -> connection 0x14d414001ba0
nid005016:45866:45866 [5] NCCL INFO Channel 02/0 : 5[d6000] -> 13[d6000] [send] via NET/Libfabric/2/GDRDMA comm 0x5616e1cbb7b0 nRanks 16
nid005016:45866:45866 [5] NCCL INFO GPU Direct RDMA Enabled for GPU d6000 / HCA 2 (distance 6 <= 6), read 1
nid005016:45866:45953 [5] NCCL INFO New proxy send connection 17 from local rank 5, transport 2
nid005016:45866:45866 [5] NCCL INFO Connected to proxy localRank 5 -> connection 0x14d414001c18
nid005016:45866:45866 [5] NCCL INFO Channel 06/0 : 5[d6000] -> 13[d6000] [send] via NET/Libfabric/2/GDRDMA comm 0x5616e1cbb7b0 nRanks 16
nid005016:45866:45866 [5] NCCL INFO GPU Direct RDMA Enabled for GPU d6000 / HCA 2 (distance 6 <= 6), read 1
nid005016:45866:45953 [5] NCCL INFO New proxy send connection 18 from local rank 5, transport 2
nid005016:45866:45866 [5] NCCL INFO Connected to proxy localRank 5 -> connection 0x14d414001c90
nid005017:56647:56647 [7] NCCL INFO Channel 03/0 : 7[de000] -> 15[de000] [receive] via NET/Libfabric/3/GDRDMA comm 0x55e697632f50 nRanks 16
nid005017:56647:56647 [7] NCCL INFO GPU Direct RDMA Enabled for GPU de000 / HCA 3 (distance 6 <= 6), read 0
nid005017:56647:56745 [7] NCCL INFO New proxy recv connection 13 from local rank 7, transport 2
nid005017:56647:56647 [7] NCCL INFO Connected to proxy localRank 7 -> connection 0x147e90001a38
nid005016:45866:45866 [5] NCCL INFO Channel 10/0 : 5[d6000] -> 13[d6000] [send] via NET/Libfabric/2/GDRDMA comm 0x5616e1cbb7b0 nRanks 16
nid005016:45866:45866 [5] NCCL INFO GPU Direct RDMA Enabled for GPU d6000 / HCA 2 (distance 6 <= 6), read 1
nid005016:45866:45953 [5] NCCL INFO New proxy send connection 19 from local rank 5, transport 2
nid005016:45866:45866 [5] NCCL INFO Connected to proxy localRank 5 -> connection 0x14d414001d08
nid005016:45860:45949 [2] NCCL INFO New proxy recv connection 12 from local rank 2, transport 2
nid005016:45866:45866 [5] NCCL INFO Channel 14/0 : 5[d6000] -> 13[d6000] [send] via NET/Libfabric/2/GDRDMA comm 0x5616e1cbb7b0 nRanks 16
nid005016:45860:45860 [2] NCCL INFO Connected to proxy localRank 2 -> connection 0x1495480019c0
nid005017:56647:56647 [7] NCCL INFO Channel 07/0 : 7[de000] -> 15[de000] [receive] via NET/Libfabric/3/GDRDMA comm 0x55e697632f50 nRanks 16
nid005017:56647:56647 [7] NCCL INFO GPU Direct RDMA Enabled for GPU de000 / HCA 3 (distance 6 <= 6), read 0
nid005017:56647:56745 [7] NCCL INFO New proxy recv connection 14 from local rank 7, transport 2
nid005017:56647:56647 [7] NCCL INFO Connected to proxy localRank 7 -> connection 0x147e90001ab0
nid005017:56647:56647 [7] NCCL INFO Channel 11/0 : 7[de000] -> 15[de000] [receive] via NET/Libfabric/3/GDRDMA comm 0x55e697632f50 nRanks 16
nid005017:56647:56647 [7] NCCL INFO GPU Direct RDMA Enabled for GPU de000 / HCA 3 (distance 6 <= 6), read 0
nid005017:56647:56745 [7] NCCL INFO New proxy recv connection 15 from local rank 7, transport 2
nid005017:56647:56647 [7] NCCL INFO Connected to proxy localRank 7 -> connection 0x147e90001b28
nid005017:56647:56647 [7] NCCL INFO Channel 15/0 : 7[de000] -> 15[de000] [receive] via NET/Libfabric/3/GDRDMA comm 0x55e697632f50 nRanks 16
nid005017:56647:56647 [7] NCCL INFO GPU Direct RDMA Enabled for GPU de000 / HCA 3 (distance 6 <= 6), read 1
nid005017:56647:56745 [7] NCCL INFO New proxy send connection 16 from local rank 7, transport 2
nid005017:56647:56647 [7] NCCL INFO Connected to proxy localRank 7 -> connection 0x147e90001ba0
nid005017:56647:56647 [7] NCCL INFO Channel 02/0 : 15[de000] -> 7[de000] [send] via NET/Libfabric/3/GDRDMA comm 0x55e697632f50 nRanks 16
nid005017:56647:56647 [7] NCCL INFO GPU Direct RDMA Enabled for GPU de000 / HCA 3 (distance 6 <= 6), read 1
nid005017:56647:56745 [7] NCCL INFO New proxy send connection 17 from local rank 7, transport 2
nid005017:56647:56647 [7] NCCL INFO Connected to proxy localRank 7 -> connection 0x147e90001c18
nid005016:45862:45948 [4] NCCL INFO New proxy recv connection 17 from local rank 4, transport 0
nid005016:45862:45862 [4] NCCL INFO Connected to proxy localRank 4 -> connection 0x145c40001c18
nid005017:56644:56741 [4] NCCL INFO New proxy recv connection 19 from local rank 4, transport 0
nid005017:56644:56644 [4] NCCL INFO Connected to proxy localRank 4 -> connection 0x14b3b4001d08
nid005016:45863:45952 [6] NCCL INFO New proxy recv connection 13 from local rank 6, transport 0
nid005016:45863:45863 [6] NCCL INFO Connected to proxy localRank 6 -> connection 0x150204001a38
nid005017:56647:56647 [7] NCCL INFO Channel 06/0 : 15[de000] -> 7[de000] [send] via NET/Libfabric/3/GDRDMA comm 0x55e697632f50 nRanks 16
nid005017:56647:56647 [7] NCCL INFO GPU Direct RDMA Enabled for GPU de000 / HCA 3 (distance 6 <= 6), read 1
nid005017:56648:56749 [6] NCCL INFO New proxy recv connection 15 from local rank 6, transport 0
nid005017:56648:56648 [6] NCCL INFO Connected to proxy localRank 6 -> connection 0x1451b4001b28
nid005017:56647:56745 [7] NCCL INFO New proxy send connection 18 from local rank 7, transport 2
nid005017:56647:56647 [7] NCCL INFO Connected to proxy localRank 7 -> connection 0x147e90001c90
nid005017:56647:56647 [7] NCCL INFO Channel 10/0 : 15[de000] -> 7[de000] [send] via NET/Libfabric/3/GDRDMA comm 0x55e697632f50 nRanks 16
nid005017:56647:56647 [7] NCCL INFO GPU Direct RDMA Enabled for GPU de000 / HCA 3 (distance 6 <= 6), read 1
nid005017:56647:56745 [7] NCCL INFO New proxy send connection 19 from local rank 7, transport 2
nid005017:56647:56647 [7] NCCL INFO Connected to proxy localRank 7 -> connection 0x147e90001d08
nid005017:56647:56647 [7] NCCL INFO Channel 14/0 : 15[de000] -> 7[de000] [send] via NET/Libfabric/3/GDRDMA comm 0x55e697632f50 nRanks 16
nid005016:45865:45865 [7] NCCL INFO Channel 00/0 : 7[de000] -> 3[ce000] via P2P/IPC comm 0x55f8b42c2a00 nRanks 16
nid005017:56647:56647 [7] NCCL INFO Channel 01/0 : 15[de000] -> 11[ce000] via P2P/IPC comm 0x55e697632f50 nRanks 16
nid005016:45865:45950 [7] NCCL INFO New proxy send connection 20 from local rank 7, transport 0
nid005016:45865:45865 [7] NCCL INFO Connected to proxy localRank 7 -> connection 0x14e6b8001d80
nid005017:56647:56745 [7] NCCL INFO New proxy send connection 20 from local rank 7, transport 0
nid005017:56647:56647 [7] NCCL INFO Connected to proxy localRank 7 -> connection 0x147e90001d80
nid005017:56645:56645 [5] NCCL INFO Channel 02/0 : 5[d6000] -> 13[d6000] [receive] via NET/Libfabric/2/GDRDMA comm 0x56455930efc0 nRanks 16
nid005017:56645:56645 [5] NCCL INFO GPU Direct RDMA Enabled for GPU d6000 / HCA 2 (distance 6 <= 6), read 0
nid005017:56645:56747 [5] NCCL INFO New proxy recv connection 13 from local rank 5, transport 2
nid005017:56645:56645 [5] NCCL INFO Connected to proxy localRank 5 -> connection 0x153828001a38
nid005017:56645:56645 [5] NCCL INFO Channel 06/0 : 5[d6000] -> 13[d6000] [receive] via NET/Libfabric/2/GDRDMA comm 0x56455930efc0 nRanks 16
nid005017:56645:56645 [5] NCCL INFO GPU Direct RDMA Enabled for GPU d6000 / HCA 2 (distance 6 <= 6), read 0
nid005017:56645:56747 [5] NCCL INFO New proxy recv connection 14 from local rank 5, transport 2
nid005017:56645:56645 [5] NCCL INFO Connected to proxy localRank 5 -> connection 0x153828001ab0
nid005017:56645:56645 [5] NCCL INFO Channel 10/0 : 5[d6000] -> 13[d6000] [receive] via NET/Libfabric/2/GDRDMA comm 0x56455930efc0 nRanks 16
nid005017:56645:56645 [5] NCCL INFO GPU Direct RDMA Enabled for GPU d6000 / HCA 2 (distance 6 <= 6), read 0
nid005017:56645:56747 [5] NCCL INFO New proxy recv connection 15 from local rank 5, transport 2
nid005017:56645:56645 [5] NCCL INFO Connected to proxy localRank 5 -> connection 0x153828001b28
nid005017:56645:56645 [5] NCCL INFO Channel 14/0 : 5[d6000] -> 13[d6000] [receive] via NET/Libfabric/2/GDRDMA comm 0x56455930efc0 nRanks 16
nid005017:56645:56645 [5] NCCL INFO GPU Direct RDMA Enabled for GPU d6000 / HCA 2 (distance 6 <= 6), read 1
nid005017:56645:56747 [5] NCCL INFO New proxy send connection 16 from local rank 5, transport 2
nid005017:56645:56645 [5] NCCL INFO Connected to proxy localRank 5 -> connection 0x153828001ba0
nid005017:56645:56645 [5] NCCL INFO Channel 03/0 : 13[d6000] -> 5[d6000] [send] via NET/Libfabric/2/GDRDMA comm 0x56455930efc0 nRanks 16
nid005017:56645:56645 [5] NCCL INFO GPU Direct RDMA Enabled for GPU d6000 / HCA 2 (distance 6 <= 6), read 1
nid005017:56645:56747 [5] NCCL INFO New proxy send connection 17 from local rank 5, transport 2
nid005017:56645:56645 [5] NCCL INFO Connected to proxy localRank 5 -> connection 0x153828001c18
nid005017:56645:56645 [5] NCCL INFO Channel 07/0 : 13[d6000] -> 5[d6000] [send] via NET/Libfabric/2/GDRDMA comm 0x56455930efc0 nRanks 16
nid005017:56645:56645 [5] NCCL INFO GPU Direct RDMA Enabled for GPU d6000 / HCA 2 (distance 6 <= 6), read 1
nid005017:56645:56747 [5] NCCL INFO New proxy send connection 18 from local rank 5, transport 2
nid005017:56645:56645 [5] NCCL INFO Connected to proxy localRank 5 -> connection 0x153828001c90
nid005017:56645:56645 [5] NCCL INFO Channel 11/0 : 13[d6000] -> 5[d6000] [send] via NET/Libfabric/2/GDRDMA comm 0x56455930efc0 nRanks 16
nid005017:56645:56645 [5] NCCL INFO GPU Direct RDMA Enabled for GPU d6000 / HCA 2 (distance 6 <= 6), read 1
nid005017:56645:56747 [5] NCCL INFO New proxy send connection 19 from local rank 5, transport 2
nid005017:56645:56645 [5] NCCL INFO Connected to proxy localRank 5 -> connection 0x153828001d08
nid005017:56645:56645 [5] NCCL INFO Channel 15/0 : 13[d6000] -> 5[d6000] [send] via NET/Libfabric/2/GDRDMA comm 0x56455930efc0 nRanks 16
nid005016:45866:45866 [5] NCCL INFO Channel 01/0 : 5[d6000] -> 1[c6000] via P2P/IPC comm 0x5616e1cbb7b0 nRanks 16
nid005016:45866:45953 [5] NCCL INFO New proxy send connection 20 from local rank 5, transport 0
nid005016:45866:45866 [5] NCCL INFO Connected to proxy localRank 5 -> connection 0x14d414001d80
nid005017:56645:56645 [5] NCCL INFO Channel 00/0 : 13[d6000] -> 9[c6000] via P2P/IPC comm 0x56455930efc0 nRanks 16
nid005017:56645:56747 [5] NCCL INFO New proxy send connection 20 from local rank 5, transport 0
nid005017:56645:56645 [5] NCCL INFO Connected to proxy localRank 5 -> connection 0x153828001d80
nid005017:56644:56644 [4] NCCL INFO Channel 02/0 : 12[d1000] -> 10[c9000] via P2P/IPC comm 0x5563276d8f60 nRanks 16
nid005017:56644:56741 [4] NCCL INFO New proxy send connection 20 from local rank 4, transport 0
nid005017:56644:56644 [4] NCCL INFO Connected to proxy localRank 4 -> connection 0x14b3b4001d80
nid005016:45862:45948 [4] NCCL INFO New proxy recv connection 18 from local rank 4, transport 0
nid005016:45862:45862 [4] NCCL INFO Connected to proxy localRank 4 -> connection 0x145c40001c90
nid005016:45863:45952 [6] NCCL INFO New proxy recv connection 14 from local rank 6, transport 0
nid005016:45863:45863 [6] NCCL INFO Connected to proxy localRank 6 -> connection 0x150204001ab0
nid005017:56648:56648 [6] NCCL INFO Channel 03/0 : 14[d9000] -> 8[c1000] via P2P/IPC comm 0x55e24e770940 nRanks 16
nid005017:56647:56647 [7] NCCL INFO Channel 05/0 : 15[de000] -> 11[ce000] via P2P/IPC comm 0x55e697632f50 nRanks 16
nid005017:56641:56641 [0] NCCL INFO GPU Direct RDMA Enabled for GPU c1000 / HCA 0 (distance 6 <= 6), read 0
nid005017:56648:56749 [6] NCCL INFO New proxy send connection 16 from local rank 6, transport 0
nid005017:56648:56648 [6] NCCL INFO Connected to proxy localRank 6 -> connection 0x1451b4001ba0
nid005017:56647:56745 [7] NCCL INFO New proxy send connection 21 from local rank 7, transport 0
nid005017:56647:56647 [7] NCCL INFO Connected to proxy localRank 7 -> connection 0x147e90001df8
nid005016:45865:45865 [7] NCCL INFO Channel 04/0 : 7[de000] -> 3[ce000] via P2P/IPC comm 0x55f8b42c2a00 nRanks 16
nid005016:45865:45950 [7] NCCL INFO New proxy send connection 21 from local rank 7, transport 0
nid005016:45865:45865 [7] NCCL INFO Connected to proxy localRank 7 -> connection 0x14e6b8001df8
nid005016:45866:45866 [5] NCCL INFO Channel 05/0 : 5[d6000] -> 1[c6000] via P2P/IPC comm 0x5616e1cbb7b0 nRanks 16
nid005016:45866:45953 [5] NCCL INFO New proxy send connection 21 from local rank 5, transport 0
nid005016:45866:45866 [5] NCCL INFO Connected to proxy localRank 5 -> connection 0x14d414001df8
nid005017:56645:56645 [5] NCCL INFO Channel 04/0 : 13[d6000] -> 9[c6000] via P2P/IPC comm 0x56455930efc0 nRanks 16
nid005017:56645:56747 [5] NCCL INFO New proxy send connection 21 from local rank 5, transport 0
nid005017:56645:56645 [5] NCCL INFO Connected to proxy localRank 5 -> connection 0x153828001df8
nid005017:56644:56644 [4] NCCL INFO Channel 06/0 : 12[d1000] -> 10[c9000] via P2P/IPC comm 0x5563276d8f60 nRanks 16
nid005017:56644:56741 [4] NCCL INFO New proxy send connection 21 from local rank 4, transport 0
nid005017:56644:56644 [4] NCCL INFO Connected to proxy localRank 4 -> connection 0x14b3b4001df8
nid005016:45862:45948 [4] NCCL INFO New proxy recv connection 19 from local rank 4, transport 0
nid005016:45862:45862 [4] NCCL INFO Connected to proxy localRank 4 -> connection 0x145c40001d08
nid005017:56641:56746 [0] NCCL INFO New proxy recv connection 12 from local rank 0, transport 2
nid005017:56641:56641 [0] NCCL INFO Connected to proxy localRank 0 -> connection 0x14bc340019c0
nid005017:56647:56647 [7] NCCL INFO Channel 09/0 : 15[de000] -> 11[ce000] via P2P/IPC comm 0x55e697632f50 nRanks 16
nid005017:56647:56745 [7] NCCL INFO New proxy send connection 22 from local rank 7, transport 0
nid005017:56647:56647 [7] NCCL INFO Connected to proxy localRank 7 -> connection 0x147e90001e70
nid005016:45865:45865 [7] NCCL INFO Channel 08/0 : 7[de000] -> 3[ce000] via P2P/IPC comm 0x55f8b42c2a00 nRanks 16
nid005016:45865:45950 [7] NCCL INFO New proxy send connection 22 from local rank 7, transport 0
nid005016:45865:45865 [7] NCCL INFO Connected to proxy localRank 7 -> connection 0x14e6b8001e70
nid005016:45863:45952 [6] NCCL INFO New proxy recv connection 15 from local rank 6, transport 0
nid005016:45863:45863 [6] NCCL INFO Connected to proxy localRank 6 -> connection 0x150204001b28
nid005017:56648:56648 [6] NCCL INFO Channel 07/0 : 14[d9000] -> 8[c1000] via P2P/IPC comm 0x55e24e770940 nRanks 16
nid005017:56648:56749 [6] NCCL INFO New proxy send connection 17 from local rank 6, transport 0
nid005017:56648:56648 [6] NCCL INFO Connected to proxy localRank 6 -> connection 0x1451b4001c18
nid005016:45866:45866 [5] NCCL INFO Channel 09/0 : 5[d6000] -> 1[c6000] via P2P/IPC comm 0x5616e1cbb7b0 nRanks 16
nid005016:45866:45953 [5] NCCL INFO New proxy send connection 22 from local rank 5, transport 0
nid005016:45866:45866 [5] NCCL INFO Connected to proxy localRank 5 -> connection 0x14d414001e70
nid005017:56645:56645 [5] NCCL INFO Channel 08/0 : 13[d6000] -> 9[c6000] via P2P/IPC comm 0x56455930efc0 nRanks 16
nid005017:56645:56747 [5] NCCL INFO New proxy send connection 22 from local rank 5, transport 0
nid005017:56645:56645 [5] NCCL INFO Connected to proxy localRank 5 -> connection 0x153828001e70
nid005017:56644:56644 [4] NCCL INFO Channel 10/0 : 12[d1000] -> 10[c9000] via P2P/IPC comm 0x5563276d8f60 nRanks 16
nid005017:56644:56741 [4] NCCL INFO New proxy send connection 22 from local rank 4, transport 0
nid005017:56644:56644 [4] NCCL INFO Connected to proxy localRank 4 -> connection 0x14b3b4001e70
nid005017:56647:56647 [7] NCCL INFO Channel 13/0 : 15[de000] -> 11[ce000] via P2P/IPC comm 0x55e697632f50 nRanks 16
nid005017:56647:56745 [7] NCCL INFO New proxy send connection 23 from local rank 7, transport 0
nid005017:56647:56647 [7] NCCL INFO Connected to proxy localRank 7 -> connection 0x147e90001ee8
nid005016:45862:45862 [4] NCCL INFO Channel 03/0 : 4[d1000] -> 2[c9000] via P2P/IPC comm 0x55dfe0af4e70 nRanks 16
nid005016:45862:45948 [4] NCCL INFO New proxy send connection 20 from local rank 4, transport 0
nid005016:45862:45862 [4] NCCL INFO Connected to proxy localRank 4 -> connection 0x145c40001d80
nid005017:56642:56642 [2] NCCL INFO Channel 00/0 : 2[c9000] -> 10[c9000] [receive] via NET/Libfabric/1/GDRDMA comm 0x55d871be9160 nRanks 16
nid005017:56642:56642 [2] NCCL INFO GPU Direct RDMA Enabled for GPU c9000 / HCA 1 (distance 6 <= 6), read 0
nid005017:56642:56748 [2] NCCL INFO New proxy recv connection 13 from local rank 2, transport 2
nid005016:45865:45865 [7] NCCL INFO Channel 12/0 : 7[de000] -> 3[ce000] via P2P/IPC comm 0x55f8b42c2a00 nRanks 16
nid005016:45865:45950 [7] NCCL INFO New proxy send connection 23 from local rank 7, transport 0
nid005016:45865:45865 [7] NCCL INFO Connected to proxy localRank 7 -> connection 0x14e6b8001ee8
nid005017:56642:56642 [2] NCCL INFO Connected to proxy localRank 2 -> connection 0x14584c001a38
nid005017:56642:56642 [2] NCCL INFO Channel 04/0 : 2[c9000] -> 10[c9000] [receive] via NET/Libfabric/1/GDRDMA comm 0x55d871be9160 nRanks 16
nid005017:56642:56642 [2] NCCL INFO GPU Direct RDMA Enabled for GPU c9000 / HCA 1 (distance 6 <= 6), read 0
nid005017:56642:56748 [2] NCCL INFO New proxy recv connection 14 from local rank 2, transport 2
nid005017:56642:56642 [2] NCCL INFO Connected to proxy localRank 2 -> connection 0x14584c001ab0
nid005017:56642:56642 [2] NCCL INFO Channel 08/0 : 2[c9000] -> 10[c9000] [receive] via NET/Libfabric/1/GDRDMA comm 0x55d871be9160 nRanks 16
nid005017:56642:56642 [2] NCCL INFO GPU Direct RDMA Enabled for GPU c9000 / HCA 1 (distance 6 <= 6), read 0
nid005017:56642:56748 [2] NCCL INFO New proxy recv connection 15 from local rank 2, transport 2
nid005017:56642:56642 [2] NCCL INFO Connected to proxy localRank 2 -> connection 0x14584c001b28
nid005017:56642:56642 [2] NCCL INFO Channel 12/0 : 2[c9000] -> 10[c9000] [receive] via NET/Libfabric/1/GDRDMA comm 0x55d871be9160 nRanks 16
nid005017:56642:56642 [2] NCCL INFO GPU Direct RDMA Enabled for GPU c9000 / HCA 1 (distance 6 <= 6), read 1
nid005017:56642:56748 [2] NCCL INFO New proxy send connection 16 from local rank 2, transport 2
nid005017:56642:56642 [2] NCCL INFO Connected to proxy localRank 2 -> connection 0x14584c001ba0
nid005017:56642:56642 [2] NCCL INFO Channel 01/0 : 10[c9000] -> 2[c9000] [send] via NET/Libfabric/1/GDRDMA comm 0x55d871be9160 nRanks 16
nid005017:56642:56642 [2] NCCL INFO GPU Direct RDMA Enabled for GPU c9000 / HCA 1 (distance 6 <= 6), read 1
nid005017:56642:56748 [2] NCCL INFO New proxy send connection 17 from local rank 2, transport 2
nid005017:56642:56642 [2] NCCL INFO Connected to proxy localRank 2 -> connection 0x14584c001c18
nid005016:45866:45866 [5] NCCL INFO Channel 13/0 : 5[d6000] -> 1[c6000] via P2P/IPC comm 0x5616e1cbb7b0 nRanks 16
nid005016:45866:45953 [5] NCCL INFO New proxy send connection 23 from local rank 5, transport 0
nid005016:45866:45866 [5] NCCL INFO Connected to proxy localRank 5 -> connection 0x14d414001ee8
nid005017:56642:56642 [2] NCCL INFO Channel 05/0 : 10[c9000] -> 2[c9000] [send] via NET/Libfabric/1/GDRDMA comm 0x55d871be9160 nRanks 16
nid005017:56642:56642 [2] NCCL INFO GPU Direct RDMA Enabled for GPU c9000 / HCA 1 (distance 6 <= 6), read 1
nid005017:56642:56748 [2] NCCL INFO New proxy send connection 18 from local rank 2, transport 2
nid005017:56642:56642 [2] NCCL INFO Connected to proxy localRank 2 -> connection 0x14584c001c90
nid005017:56642:56642 [2] NCCL INFO Channel 09/0 : 10[c9000] -> 2[c9000] [send] via NET/Libfabric/1/GDRDMA comm 0x55d871be9160 nRanks 16
nid005017:56642:56642 [2] NCCL INFO GPU Direct RDMA Enabled for GPU c9000 / HCA 1 (distance 6 <= 6), read 1
nid005017:56642:56748 [2] NCCL INFO New proxy send connection 19 from local rank 2, transport 2
nid005017:56642:56642 [2] NCCL INFO Connected to proxy localRank 2 -> connection 0x14584c001d08
nid005017:56642:56642 [2] NCCL INFO Channel 13/0 : 10[c9000] -> 2[c9000] [send] via NET/Libfabric/1/GDRDMA comm 0x55d871be9160 nRanks 16
nid005017:56648:56648 [6] NCCL INFO Channel 11/0 : 14[d9000] -> 8[c1000] via P2P/IPC comm 0x55e24e770940 nRanks 16
nid005017:56648:56749 [6] NCCL INFO New proxy send connection 18 from local rank 6, transport 0
nid005017:56648:56648 [6] NCCL INFO Connected to proxy localRank 6 -> connection 0x1451b4001c90
nid005016:45861:45861 [0] NCCL INFO GPU Direct RDMA Enabled for GPU c1000 / HCA 0 (distance 6 <= 6), read 0
nid005016:45863:45863 [6] NCCL INFO Channel 02/0 : 6[d9000] -> 0[c1000] via P2P/IPC comm 0x56148dd13070 nRanks 16
nid005016:45863:45952 [6] NCCL INFO New proxy send connection 16 from local rank 6, transport 0
nid005016:45863:45863 [6] NCCL INFO Connected to proxy localRank 6 -> connection 0x150204001ba0
nid005017:56645:56645 [5] NCCL INFO Channel 12/0 : 13[d6000] -> 9[c6000] via P2P/IPC comm 0x56455930efc0 nRanks 16
nid005017:56645:56747 [5] NCCL INFO New proxy send connection 23 from local rank 5, transport 0
nid005017:56645:56645 [5] NCCL INFO Connected to proxy localRank 5 -> connection 0x153828001ee8
nid005017:56644:56644 [4] NCCL INFO Channel 14/0 : 12[d1000] -> 10[c9000] via P2P/IPC comm 0x5563276d8f60 nRanks 16
nid005017:56644:56741 [4] NCCL INFO New proxy send connection 23 from local rank 4, transport 0
nid005017:56644:56644 [4] NCCL INFO Connected to proxy localRank 4 -> connection 0x14b3b4001ee8
nid005017:56643:56643 [3] NCCL INFO Channel 02/0 : 11[ce000] -> 9[c6000] via P2P/IPC comm 0x559c301c17b0 nRanks 16
nid005017:56643:56743 [3] NCCL INFO New proxy send connection 20 from local rank 3, transport 0
nid005017:56647:56647 [7] NCCL INFO Channel 00/0 : 15[de000] -> 14[d9000] via P2P/IPC comm 0x55e697632f50 nRanks 16
nid005017:56643:56643 [3] NCCL INFO Connected to proxy localRank 3 -> connection 0x15100c001d80
nid005017:56647:56745 [7] NCCL INFO New proxy send connection 24 from local rank 7, transport 0
nid005017:56647:56647 [7] NCCL INFO Connected to proxy localRank 7 -> connection 0x147e90001f60
nid005016:45865:45865 [7] NCCL INFO Channel 01/0 : 7[de000] -> 6[d9000] via P2P/IPC comm 0x55f8b42c2a00 nRanks 16
nid005016:45864:45864 [3] NCCL INFO Channel 03/0 : 3[ce000] -> 1[c6000] via P2P/IPC comm 0x56087b8059e0 nRanks 16
nid005016:45864:45951 [3] NCCL INFO New proxy send connection 20 from local rank 3, transport 0
nid005016:45864:45864 [3] NCCL INFO Connected to proxy localRank 3 -> connection 0x15174c001d80
nid005016:45865:45950 [7] NCCL INFO New proxy send connection 24 from local rank 7, transport 0
nid005016:45865:45865 [7] NCCL INFO Connected to proxy localRank 7 -> connection 0x14e6b8001f60
nid005016:45866:45866 [5] NCCL INFO Channel 00/0 : 5[d6000] -> 4[d1000] via P2P/IPC comm 0x5616e1cbb7b0 nRanks 16
nid005016:45866:45953 [5] NCCL INFO New proxy send connection 24 from local rank 5, transport 0
nid005016:45859:45947 [1] NCCL INFO New proxy recv connection 20 from local rank 1, transport 0
nid005016:45866:45866 [5] NCCL INFO Connected to proxy localRank 5 -> connection 0x14d414001f60
nid005016:45859:45859 [1] NCCL INFO Connected to proxy localRank 1 -> connection 0x145b18001d80
nid005016:45862:45862 [4] NCCL INFO Channel 07/0 : 4[d1000] -> 2[c9000] via P2P/IPC comm 0x55dfe0af4e70 nRanks 16
nid005016:45861:45954 [0] NCCL INFO New proxy recv connection 12 from local rank 0, transport 2
nid005016:45862:45948 [4] NCCL INFO New proxy send connection 21 from local rank 4, transport 0
nid005016:45862:45862 [4] NCCL INFO Connected to proxy localRank 4 -> connection 0x145c40001df8
nid005016:45861:45861 [0] NCCL INFO Connected to proxy localRank 0 -> connection 0x14dd640019c0
nid005017:56645:56645 [5] NCCL INFO Channel 01/0 : 13[d6000] -> 12[d1000] via P2P/IPC comm 0x56455930efc0 nRanks 16
nid005017:56646:56744 [1] NCCL INFO New proxy recv connection 20 from local rank 1, transport 0
nid005017:56646:56646 [1] NCCL INFO Connected to proxy localRank 1 -> connection 0x14eb98001d80
nid005017:56645:56747 [5] NCCL INFO New proxy send connection 24 from local rank 5, transport 0
nid005017:56645:56645 [5] NCCL INFO Connected to proxy localRank 5 -> connection 0x153828001f60
nid005016:45863:45863 [6] NCCL INFO Channel 06/0 : 6[d9000] -> 0[c1000] via P2P/IPC comm 0x56148dd13070 nRanks 16
nid005016:45863:45952 [6] NCCL INFO New proxy send connection 17 from local rank 6, transport 0
nid005016:45863:45863 [6] NCCL INFO Connected to proxy localRank 6 -> connection 0x150204001c18
nid005017:56647:56647 [7] NCCL INFO Channel 03/0 : 15[de000] -> 14[d9000] via P2P/IPC comm 0x55e697632f50 nRanks 16
nid005017:56647:56745 [7] NCCL INFO New proxy send connection 25 from local rank 7, transport 0
nid005017:56647:56647 [7] NCCL INFO Connected to proxy localRank 7 -> connection 0x147e90001fd8
nid005016:45865:45865 [7] NCCL INFO Channel 02/0 : 7[de000] -> 6[d9000] via P2P/IPC comm 0x55f8b42c2a00 nRanks 16
nid005016:45865:45950 [7] NCCL INFO New proxy send connection 25 from local rank 7, transport 0
nid005016:45865:45865 [7] NCCL INFO Connected to proxy localRank 7 -> connection 0x14e6b8001fd8
nid005017:56648:56648 [6] NCCL INFO Channel 15/0 : 14[d9000] -> 8[c1000] via P2P/IPC comm 0x55e24e770940 nRanks 16
nid005017:56648:56749 [6] NCCL INFO New proxy send connection 19 from local rank 6, transport 0
nid005017:56648:56648 [6] NCCL INFO Connected to proxy localRank 6 -> connection 0x1451b4001d08
nid005017:56643:56643 [3] NCCL INFO Channel 06/0 : 11[ce000] -> 9[c6000] via P2P/IPC comm 0x559c301c17b0 nRanks 16
nid005017:56643:56743 [3] NCCL INFO New proxy send connection 21 from local rank 3, transport 0
nid005017:56643:56643 [3] NCCL INFO Connected to proxy localRank 3 -> connection 0x15100c001df8
nid005016:45864:45864 [3] NCCL INFO Channel 07/0 : 3[ce000] -> 1[c6000] via P2P/IPC comm 0x56087b8059e0 nRanks 16
nid005016:45864:45951 [3] NCCL INFO New proxy send connection 21 from local rank 3, transport 0
nid005016:45864:45864 [3] NCCL INFO Connected to proxy localRank 3 -> connection 0x15174c001df8
nid005016:45866:45866 [5] NCCL INFO Channel 03/0 : 5[d6000] -> 4[d1000] via P2P/IPC comm 0x5616e1cbb7b0 nRanks 16
nid005016:45866:45953 [5] NCCL INFO New proxy send connection 25 from local rank 5, transport 0
nid005016:45866:45866 [5] NCCL INFO Connected to proxy localRank 5 -> connection 0x14d414001fd8
nid005016:45859:45947 [1] NCCL INFO New proxy recv connection 21 from local rank 1, transport 0
nid005016:45859:45859 [1] NCCL INFO Connected to proxy localRank 1 -> connection 0x145b18001df8
nid005017:56645:56645 [5] NCCL INFO Channel 02/0 : 13[d6000] -> 12[d1000] via P2P/IPC comm 0x56455930efc0 nRanks 16
nid005017:56645:56747 [5] NCCL INFO New proxy send connection 25 from local rank 5, transport 0
nid005017:56645:56645 [5] NCCL INFO Connected to proxy localRank 5 -> connection 0x153828001fd8
nid005016:45862:45862 [4] NCCL INFO Channel 11/0 : 4[d1000] -> 2[c9000] via P2P/IPC comm 0x55dfe0af4e70 nRanks 16
nid005016:45862:45948 [4] NCCL INFO New proxy send connection 22 from local rank 4, transport 0
nid005016:45862:45862 [4] NCCL INFO Connected to proxy localRank 4 -> connection 0x145c40001e70
nid005017:56647:56647 [7] NCCL INFO Channel 04/0 : 15[de000] -> 14[d9000] via P2P/IPC comm 0x55e697632f50 nRanks 16
nid005017:56647:56745 [7] NCCL INFO New proxy send connection 26 from local rank 7, transport 0
nid005017:56647:56647 [7] NCCL INFO Connected to proxy localRank 7 -> connection 0x147e90002050
nid005017:56646:56744 [1] NCCL INFO New proxy recv connection 21 from local rank 1, transport 0
nid005017:56646:56646 [1] NCCL INFO Connected to proxy localRank 1 -> connection 0x14eb98001df8
nid005016:45860:45860 [2] NCCL INFO Channel 01/0 : 10[c9000] -> 2[c9000] [receive] via NET/Libfabric/1/GDRDMA comm 0x559815b61c00 nRanks 16
nid005016:45860:45860 [2] NCCL INFO GPU Direct RDMA Enabled for GPU c9000 / HCA 1 (distance 6 <= 6), read 0
nid005016:45865:45865 [7] NCCL INFO Channel 05/0 : 7[de000] -> 6[d9000] via P2P/IPC comm 0x55f8b42c2a00 nRanks 16
nid005016:45860:45949 [2] NCCL INFO New proxy recv connection 13 from local rank 2, transport 2
nid005016:45860:45860 [2] NCCL INFO Connected to proxy localRank 2 -> connection 0x149548001a38
nid005016:45865:45950 [7] NCCL INFO New proxy send connection 26 from local rank 7, transport 0
nid005016:45865:45865 [7] NCCL INFO Connected to proxy localRank 7 -> connection 0x14e6b8002050
nid005016:45866:45866 [5] NCCL INFO Channel 04/0 : 5[d6000] -> 4[d1000] via P2P/IPC comm 0x5616e1cbb7b0 nRanks 16
nid005016:45860:45860 [2] NCCL INFO Channel 05/0 : 10[c9000] -> 2[c9000] [receive] via NET/Libfabric/1/GDRDMA comm 0x559815b61c00 nRanks 16
nid005016:45860:45860 [2] NCCL INFO GPU Direct RDMA Enabled for GPU c9000 / HCA 1 (distance 6 <= 6), read 0
nid005016:45866:45953 [5] NCCL INFO New proxy send connection 26 from local rank 5, transport 0
nid005016:45866:45866 [5] NCCL INFO Connected to proxy localRank 5 -> connection 0x14d414002050
nid005016:45864:45864 [3] NCCL INFO Channel 11/0 : 3[ce000] -> 1[c6000] via P2P/IPC comm 0x56087b8059e0 nRanks 16
nid005016:45864:45951 [3] NCCL INFO New proxy send connection 22 from local rank 3, transport 0
nid005016:45860:45949 [2] NCCL INFO New proxy recv connection 14 from local rank 2, transport 2
nid005016:45860:45860 [2] NCCL INFO Connected to proxy localRank 2 -> connection 0x149548001ab0
nid005016:45864:45864 [3] NCCL INFO Connected to proxy localRank 3 -> connection 0x15174c001e70
nid005016:45860:45860 [2] NCCL INFO Channel 09/0 : 10[c9000] -> 2[c9000] [receive] via NET/Libfabric/1/GDRDMA comm 0x559815b61c00 nRanks 16
nid005016:45860:45860 [2] NCCL INFO GPU Direct RDMA Enabled for GPU c9000 / HCA 1 (distance 6 <= 6), read 0
nid005017:56645:56645 [5] NCCL INFO Channel 05/0 : 13[d6000] -> 12[d1000] via P2P/IPC comm 0x56455930efc0 nRanks 16
nid005017:56645:56747 [5] NCCL INFO New proxy send connection 26 from local rank 5, transport 0
nid005017:56645:56645 [5] NCCL INFO Connected to proxy localRank 5 -> connection 0x153828002050
nid005016:45860:45949 [2] NCCL INFO New proxy recv connection 15 from local rank 2, transport 2
nid005016:45860:45860 [2] NCCL INFO Connected to proxy localRank 2 -> connection 0x149548001b28
nid005016:45863:45863 [6] NCCL INFO Channel 10/0 : 6[d9000] -> 0[c1000] via P2P/IPC comm 0x56148dd13070 nRanks 16
nid005016:45863:45952 [6] NCCL INFO New proxy send connection 18 from local rank 6, transport 0
nid005016:45863:45863 [6] NCCL INFO Connected to proxy localRank 6 -> connection 0x150204001c90
nid005016:45860:45860 [2] NCCL INFO Channel 13/0 : 10[c9000] -> 2[c9000] [receive] via NET/Libfabric/1/GDRDMA comm 0x559815b61c00 nRanks 16
nid005016:45860:45860 [2] NCCL INFO GPU Direct RDMA Enabled for GPU c9000 / HCA 1 (distance 6 <= 6), read 1
nid005016:45860:45949 [2] NCCL INFO New proxy send connection 16 from local rank 2, transport 2
nid005016:45860:45860 [2] NCCL INFO Connected to proxy localRank 2 -> connection 0x149548001ba0
nid005016:45860:45860 [2] NCCL INFO Channel 00/0 : 2[c9000] -> 10[c9000] [send] via NET/Libfabric/1/GDRDMA comm 0x559815b61c00 nRanks 16
nid005016:45860:45860 [2] NCCL INFO GPU Direct RDMA Enabled for GPU c9000 / HCA 1 (distance 6 <= 6), read 1
nid005016:45860:45949 [2] NCCL INFO New proxy send connection 17 from local rank 2, transport 2
nid005016:45860:45860 [2] NCCL INFO Connected to proxy localRank 2 -> connection 0x149548001c18
nid005016:45860:45860 [2] NCCL INFO Channel 04/0 : 2[c9000] -> 10[c9000] [send] via NET/Libfabric/1/GDRDMA comm 0x559815b61c00 nRanks 16
nid005016:45860:45860 [2] NCCL INFO GPU Direct RDMA Enabled for GPU c9000 / HCA 1 (distance 6 <= 6), read 1
nid005016:45860:45949 [2] NCCL INFO New proxy send connection 18 from local rank 2, transport 2
nid005016:45860:45860 [2] NCCL INFO Connected to proxy localRank 2 -> connection 0x149548001c90
nid005016:45860:45860 [2] NCCL INFO Channel 08/0 : 2[c9000] -> 10[c9000] [send] via NET/Libfabric/1/GDRDMA comm 0x559815b61c00 nRanks 16
nid005016:45860:45860 [2] NCCL INFO GPU Direct RDMA Enabled for GPU c9000 / HCA 1 (distance 6 <= 6), read 1
nid005017:56643:56643 [3] NCCL INFO Channel 10/0 : 11[ce000] -> 9[c6000] via P2P/IPC comm 0x559c301c17b0 nRanks 16
nid005016:45859:45947 [1] NCCL INFO New proxy recv connection 22 from local rank 1, transport 0
nid005016:45860:45949 [2] NCCL INFO New proxy send connection 19 from local rank 2, transport 2
nid005016:45859:45859 [1] NCCL INFO Connected to proxy localRank 1 -> connection 0x145b18001e70
nid005016:45860:45860 [2] NCCL INFO Connected to proxy localRank 2 -> connection 0x149548001d08
nid005017:56643:56743 [3] NCCL INFO New proxy send connection 22 from local rank 3, transport 0
nid005017:56643:56643 [3] NCCL INFO Connected to proxy localRank 3 -> connection 0x15100c001e70
nid005016:45860:45860 [2] NCCL INFO Channel 12/0 : 2[c9000] -> 10[c9000] [send] via NET/Libfabric/1/GDRDMA comm 0x559815b61c00 nRanks 16
nid005017:56641:56641 [0] NCCL INFO Channel 01/0 : 0[c1000] -> 8[c1000] [receive] via NET/Libfabric/0/GDRDMA comm 0x562676d902d0 nRanks 16
nid005017:56641:56641 [0] NCCL INFO GPU Direct RDMA Enabled for GPU c1000 / HCA 0 (distance 6 <= 6), read 0
nid005017:56641:56746 [0] NCCL INFO New proxy recv connection 13 from local rank 0, transport 2
nid005017:56641:56641 [0] NCCL INFO Connected to proxy localRank 0 -> connection 0x14bc34001a38
nid005016:45860:45949 [2] NCCL INFO New proxy recv connection 20 from local rank 2, transport 0
nid005016:45860:45860 [2] NCCL INFO Connected to proxy localRank 2 -> connection 0x149548001d80
nid005017:56641:56641 [0] NCCL INFO Channel 05/0 : 0[c1000] -> 8[c1000] [receive] via NET/Libfabric/0/GDRDMA comm 0x562676d902d0 nRanks 16
nid005017:56641:56641 [0] NCCL INFO GPU Direct RDMA Enabled for GPU c1000 / HCA 0 (distance 6 <= 6), read 0
nid005017:56641:56746 [0] NCCL INFO New proxy recv connection 14 from local rank 0, transport 2
nid005017:56641:56641 [0] NCCL INFO Connected to proxy localRank 0 -> connection 0x14bc34001ab0
nid005017:56642:56748 [2] NCCL INFO New proxy recv connection 20 from local rank 2, transport 0
nid005017:56641:56641 [0] NCCL INFO Channel 09/0 : 0[c1000] -> 8[c1000] [receive] via NET/Libfabric/0/GDRDMA comm 0x562676d902d0 nRanks 16
nid005017:56641:56641 [0] NCCL INFO GPU Direct RDMA Enabled for GPU c1000 / HCA 0 (distance 6 <= 6), read 0
nid005017:56642:56642 [2] NCCL INFO Connected to proxy localRank 2 -> connection 0x14584c001d80
nid005017:56641:56746 [0] NCCL INFO New proxy recv connection 15 from local rank 0, transport 2
nid005017:56641:56641 [0] NCCL INFO Connected to proxy localRank 0 -> connection 0x14bc34001b28
nid005017:56641:56641 [0] NCCL INFO Channel 13/0 : 0[c1000] -> 8[c1000] [receive] via NET/Libfabric/0/GDRDMA comm 0x562676d902d0 nRanks 16
nid005017:56641:56641 [0] NCCL INFO GPU Direct RDMA Enabled for GPU c1000 / HCA 0 (distance 6 <= 6), read 1
nid005017:56641:56746 [0] NCCL INFO New proxy send connection 16 from local rank 0, transport 2
nid005017:56641:56641 [0] NCCL INFO Connected to proxy localRank 0 -> connection 0x14bc34001ba0
nid005017:56641:56641 [0] NCCL INFO Channel 00/0 : 8[c1000] -> 0[c1000] [send] via NET/Libfabric/0/GDRDMA comm 0x562676d902d0 nRanks 16
nid005017:56641:56641 [0] NCCL INFO GPU Direct RDMA Enabled for GPU c1000 / HCA 0 (distance 6 <= 6), read 1
nid005017:56641:56746 [0] NCCL INFO New proxy send connection 17 from local rank 0, transport 2
nid005017:56641:56641 [0] NCCL INFO Connected to proxy localRank 0 -> connection 0x14bc34001c18
nid005017:56641:56641 [0] NCCL INFO Channel 04/0 : 8[c1000] -> 0[c1000] [send] via NET/Libfabric/0/GDRDMA comm 0x562676d902d0 nRanks 16
nid005017:56641:56641 [0] NCCL INFO GPU Direct RDMA Enabled for GPU c1000 / HCA 0 (distance 6 <= 6), read 1
nid005017:56641:56746 [0] NCCL INFO New proxy send connection 18 from local rank 0, transport 2
nid005017:56641:56641 [0] NCCL INFO Connected to proxy localRank 0 -> connection 0x14bc34001c90
nid005016:45862:45862 [4] NCCL INFO Channel 15/0 : 4[d1000] -> 2[c9000] via P2P/IPC comm 0x55dfe0af4e70 nRanks 16
nid005017:56641:56641 [0] NCCL INFO Channel 08/0 : 8[c1000] -> 0[c1000] [send] via NET/Libfabric/0/GDRDMA comm 0x562676d902d0 nRanks 16
nid005017:56641:56641 [0] NCCL INFO GPU Direct RDMA Enabled for GPU c1000 / HCA 0 (distance 6 <= 6), read 1
nid005016:45862:45948 [4] NCCL INFO New proxy send connection 23 from local rank 4, transport 0
nid005016:45862:45862 [4] NCCL INFO Connected to proxy localRank 4 -> connection 0x145c40001ee8
nid005017:56641:56746 [0] NCCL INFO New proxy send connection 19 from local rank 0, transport 2
nid005017:56641:56641 [0] NCCL INFO Connected to proxy localRank 0 -> connection 0x14bc34001d08
nid005017:56641:56641 [0] NCCL INFO Channel 12/0 : 8[c1000] -> 0[c1000] [send] via NET/Libfabric/0/GDRDMA comm 0x562676d902d0 nRanks 16
nid005017:56647:56647 [7] NCCL INFO Channel 07/0 : 15[de000] -> 14[d9000] via P2P/IPC comm 0x55e697632f50 nRanks 16
nid005017:56647:56745 [7] NCCL INFO New proxy send connection 27 from local rank 7, transport 0
nid005017:56647:56647 [7] NCCL INFO Connected to proxy localRank 7 -> connection 0x147e900020c8
nid005016:45866:45866 [5] NCCL INFO Channel 07/0 : 5[d6000] -> 4[d1000] via P2P/IPC comm 0x5616e1cbb7b0 nRanks 16
nid005016:45866:45953 [5] NCCL INFO New proxy send connection 27 from local rank 5, transport 0
nid005016:45866:45866 [5] NCCL INFO Connected to proxy localRank 5 -> connection 0x14d4140020c8
nid005017:56646:56744 [1] NCCL INFO New proxy recv connection 22 from local rank 1, transport 0
nid005017:56646:56646 [1] NCCL INFO Connected to proxy localRank 1 -> connection 0x14eb98001e70
nid005016:45865:45865 [7] NCCL INFO Channel 06/0 : 7[de000] -> 6[d9000] via P2P/IPC comm 0x55f8b42c2a00 nRanks 16
nid005016:45865:45950 [7] NCCL INFO New proxy send connection 27 from local rank 7, transport 0
nid005016:45865:45865 [7] NCCL INFO Connected to proxy localRank 7 -> connection 0x14e6b80020c8
nid005016:45864:45864 [3] NCCL INFO Channel 15/0 : 3[ce000] -> 1[c6000] via P2P/IPC comm 0x56087b8059e0 nRanks 16
nid005016:45864:45951 [3] NCCL INFO New proxy send connection 23 from local rank 3, transport 0
nid005016:45864:45864 [3] NCCL INFO Connected to proxy localRank 3 -> connection 0x15174c001ee8
nid005017:56645:56645 [5] NCCL INFO Channel 06/0 : 13[d6000] -> 12[d1000] via P2P/IPC comm 0x56455930efc0 nRanks 16
nid005017:56645:56747 [5] NCCL INFO New proxy send connection 27 from local rank 5, transport 0
nid005017:56645:56645 [5] NCCL INFO Connected to proxy localRank 5 -> connection 0x1538280020c8
nid005016:45859:45947 [1] NCCL INFO New proxy recv connection 23 from local rank 1, transport 0
nid005016:45859:45859 [1] NCCL INFO Connected to proxy localRank 1 -> connection 0x145b18001ee8
nid005016:45863:45863 [6] NCCL INFO Channel 14/0 : 6[d9000] -> 0[c1000] via P2P/IPC comm 0x56148dd13070 nRanks 16
nid005016:45863:45952 [6] NCCL INFO New proxy send connection 19 from local rank 6, transport 0
nid005016:45863:45863 [6] NCCL INFO Connected to proxy localRank 6 -> connection 0x150204001d08
nid005017:56643:56643 [3] NCCL INFO Channel 14/0 : 11[ce000] -> 9[c6000] via P2P/IPC comm 0x559c301c17b0 nRanks 16
nid005017:56643:56743 [3] NCCL INFO New proxy send connection 23 from local rank 3, transport 0
nid005017:56643:56643 [3] NCCL INFO Connected to proxy localRank 3 -> connection 0x15100c001ee8
nid005017:56647:56647 [7] NCCL INFO Channel 08/0 : 15[de000] -> 14[d9000] via P2P/IPC comm 0x55e697632f50 nRanks 16
nid005017:56647:56745 [7] NCCL INFO New proxy send connection 28 from local rank 7, transport 0
nid005017:56647:56647 [7] NCCL INFO Connected to proxy localRank 7 -> connection 0x147e90002140
nid005017:56642:56748 [2] NCCL INFO New proxy recv connection 21 from local rank 2, transport 0
nid005017:56642:56642 [2] NCCL INFO Connected to proxy localRank 2 -> connection 0x14584c001df8
nid005016:45860:45949 [2] NCCL INFO New proxy recv connection 21 from local rank 2, transport 0
nid005016:45860:45860 [2] NCCL INFO Connected to proxy localRank 2 -> connection 0x149548001df8
nid005016:45866:45866 [5] NCCL INFO Channel 08/0 : 5[d6000] -> 4[d1000] via P2P/IPC comm 0x5616e1cbb7b0 nRanks 16
nid005016:45866:45953 [5] NCCL INFO New proxy send connection 28 from local rank 5, transport 0
nid005016:45866:45866 [5] NCCL INFO Connected to proxy localRank 5 -> connection 0x14d414002140
nid005016:45865:45865 [7] NCCL INFO Channel 09/0 : 7[de000] -> 6[d9000] via P2P/IPC comm 0x55f8b42c2a00 nRanks 16
nid005016:45865:45950 [7] NCCL INFO New proxy send connection 28 from local rank 7, transport 0
nid005016:45865:45865 [7] NCCL INFO Connected to proxy localRank 7 -> connection 0x14e6b8002140
nid005017:56645:56645 [5] NCCL INFO Channel 09/0 : 13[d6000] -> 12[d1000] via P2P/IPC comm 0x56455930efc0 nRanks 16
nid005017:56645:56747 [5] NCCL INFO New proxy send connection 28 from local rank 5, transport 0
nid005017:56645:56645 [5] NCCL INFO Connected to proxy localRank 5 -> connection 0x153828002140
nid005017:56646:56744 [1] NCCL INFO New proxy recv connection 23 from local rank 1, transport 0
nid005017:56646:56646 [1] NCCL INFO Connected to proxy localRank 1 -> connection 0x14eb98001ee8
nid005016:45864:45864 [3] NCCL INFO Channel 00/0 : 3[ce000] -> 2[c9000] via P2P/IPC comm 0x56087b8059e0 nRanks 16
nid005016:45864:45951 [3] NCCL INFO New proxy send connection 24 from local rank 3, transport 0
nid005016:45859:45859 [1] NCCL INFO Channel 01/0 : 1[c6000] -> 0[c1000] via P2P/IPC comm 0x5653e6f18cf0 nRanks 16
nid005016:45864:45864 [3] NCCL INFO Connected to proxy localRank 3 -> connection 0x15174c001f60
nid005016:45859:45947 [1] NCCL INFO New proxy send connection 24 from local rank 1, transport 0
nid005016:45859:45859 [1] NCCL INFO Connected to proxy localRank 1 -> connection 0x145b18001f60
nid005017:56647:56647 [7] NCCL INFO Channel 11/0 : 15[de000] -> 14[d9000] via P2P/IPC comm 0x55e697632f50 nRanks 16
nid005017:56647:56745 [7] NCCL INFO New proxy send connection 29 from local rank 7, transport 0
nid005017:56647:56647 [7] NCCL INFO Connected to proxy localRank 7 -> connection 0x147e900021b8
nid005016:45866:45866 [5] NCCL INFO Channel 11/0 : 5[d6000] -> 4[d1000] via P2P/IPC comm 0x5616e1cbb7b0 nRanks 16
nid005016:45866:45953 [5] NCCL INFO New proxy send connection 29 from local rank 5, transport 0
nid005016:45866:45866 [5] NCCL INFO Connected to proxy localRank 5 -> connection 0x14d4140021b8
nid005016:45865:45865 [7] NCCL INFO Channel 10/0 : 7[de000] -> 6[d9000] via P2P/IPC comm 0x55f8b42c2a00 nRanks 16
nid005017:56642:56748 [2] NCCL INFO New proxy recv connection 22 from local rank 2, transport 0
nid005017:56642:56642 [2] NCCL INFO Connected to proxy localRank 2 -> connection 0x14584c001e70
nid005016:45865:45950 [7] NCCL INFO New proxy send connection 29 from local rank 7, transport 0
nid005016:45865:45865 [7] NCCL INFO Connected to proxy localRank 7 -> connection 0x14e6b80021b8
nid005017:56645:56645 [5] NCCL INFO Channel 10/0 : 13[d6000] -> 12[d1000] via P2P/IPC comm 0x56455930efc0 nRanks 16
nid005017:56645:56747 [5] NCCL INFO New proxy send connection 29 from local rank 5, transport 0
nid005017:56645:56645 [5] NCCL INFO Connected to proxy localRank 5 -> connection 0x1538280021b8
nid005016:45860:45949 [2] NCCL INFO New proxy recv connection 22 from local rank 2, transport 0
nid005016:45860:45860 [2] NCCL INFO Connected to proxy localRank 2 -> connection 0x149548001e70
nid005016:45864:45864 [3] NCCL INFO Channel 02/0 : 3[ce000] -> 2[c9000] via P2P/IPC comm 0x56087b8059e0 nRanks 16
nid005016:45864:45951 [3] NCCL INFO New proxy send connection 25 from local rank 3, transport 0
nid005016:45864:45864 [3] NCCL INFO Connected to proxy localRank 3 -> connection 0x15174c001fd8
nid005017:56643:56643 [3] NCCL INFO Channel 01/0 : 11[ce000] -> 10[c9000] via P2P/IPC comm 0x559c301c17b0 nRanks 16
nid005017:56643:56743 [3] NCCL INFO New proxy send connection 24 from local rank 3, transport 0
nid005016:45859:45859 [1] NCCL INFO Channel 03/0 : 1[c6000] -> 0[c1000] via P2P/IPC comm 0x5653e6f18cf0 nRanks 16
nid005016:45859:45947 [1] NCCL INFO New proxy send connection 25 from local rank 1, transport 0
nid005017:56646:56646 [1] NCCL INFO Channel 00/0 : 9[c6000] -> 8[c1000] via P2P/IPC comm 0x564603f1a130 nRanks 16
nid005017:56646:56744 [1] NCCL INFO New proxy send connection 24 from local rank 1, transport 0
nid005016:45859:45859 [1] NCCL INFO Connected to proxy localRank 1 -> connection 0x145b18001fd8
nid005017:56643:56643 [3] NCCL INFO Connected to proxy localRank 3 -> connection 0x15100c001f60
nid005017:56646:56646 [1] NCCL INFO Connected to proxy localRank 1 -> connection 0x14eb98001f60
nid005016:45861:45861 [0] NCCL INFO Channel 00/0 : 8[c1000] -> 0[c1000] [receive] via NET/Libfabric/0/GDRDMA comm 0x55a3706221e0 nRanks 16
nid005016:45861:45861 [0] NCCL INFO GPU Direct RDMA Enabled for GPU c1000 / HCA 0 (distance 6 <= 6), read 0
nid005016:45861:45954 [0] NCCL INFO New proxy recv connection 13 from local rank 0, transport 2
nid005016:45861:45861 [0] NCCL INFO Connected to proxy localRank 0 -> connection 0x14dd64001a38
nid005017:56647:56647 [7] NCCL INFO Channel 12/0 : 15[de000] -> 14[d9000] via P2P/IPC comm 0x55e697632f50 nRanks 16
nid005017:56647:56745 [7] NCCL INFO New proxy send connection 30 from local rank 7, transport 0
nid005017:56647:56647 [7] NCCL INFO Connected to proxy localRank 7 -> connection 0x147e90002230
nid005016:45861:45861 [0] NCCL INFO Channel 04/0 : 8[c1000] -> 0[c1000] [receive] via NET/Libfabric/0/GDRDMA comm 0x55a3706221e0 nRanks 16
nid005016:45861:45861 [0] NCCL INFO GPU Direct RDMA Enabled for GPU c1000 / HCA 0 (distance 6 <= 6), read 0
nid005016:45861:45954 [0] NCCL INFO New proxy recv connection 14 from local rank 0, transport 2
nid005016:45861:45861 [0] NCCL INFO Connected to proxy localRank 0 -> connection 0x14dd64001ab0
nid005016:45861:45861 [0] NCCL INFO Channel 08/0 : 8[c1000] -> 0[c1000] [receive] via NET/Libfabric/0/GDRDMA comm 0x55a3706221e0 nRanks 16
nid005016:45861:45861 [0] NCCL INFO GPU Direct RDMA Enabled for GPU c1000 / HCA 0 (distance 6 <= 6), read 0
nid005016:45861:45954 [0] NCCL INFO New proxy recv connection 15 from local rank 0, transport 2
nid005016:45861:45861 [0] NCCL INFO Connected to proxy localRank 0 -> connection 0x14dd64001b28
nid005016:45861:45861 [0] NCCL INFO Channel 12/0 : 8[c1000] -> 0[c1000] [receive] via NET/Libfabric/0/GDRDMA comm 0x55a3706221e0 nRanks 16
nid005016:45861:45861 [0] NCCL INFO GPU Direct RDMA Enabled for GPU c1000 / HCA 0 (distance 6 <= 6), read 1
nid005016:45861:45954 [0] NCCL INFO New proxy send connection 16 from local rank 0, transport 2
nid005016:45861:45861 [0] NCCL INFO Connected to proxy localRank 0 -> connection 0x14dd64001ba0
nid005016:45861:45861 [0] NCCL INFO Channel 01/0 : 0[c1000] -> 8[c1000] [send] via NET/Libfabric/0/GDRDMA comm 0x55a3706221e0 nRanks 16
nid005016:45861:45861 [0] NCCL INFO GPU Direct RDMA Enabled for GPU c1000 / HCA 0 (distance 6 <= 6), read 1
nid005016:45861:45954 [0] NCCL INFO New proxy send connection 17 from local rank 0, transport 2
nid005016:45861:45861 [0] NCCL INFO Connected to proxy localRank 0 -> connection 0x14dd64001c18
nid005016:45861:45861 [0] NCCL INFO Channel 05/0 : 0[c1000] -> 8[c1000] [send] via NET/Libfabric/0/GDRDMA comm 0x55a3706221e0 nRanks 16
nid005016:45861:45861 [0] NCCL INFO GPU Direct RDMA Enabled for GPU c1000 / HCA 0 (distance 6 <= 6), read 1
nid005016:45861:45954 [0] NCCL INFO New proxy send connection 18 from local rank 0, transport 2
nid005016:45861:45861 [0] NCCL INFO Connected to proxy localRank 0 -> connection 0x14dd64001c90
nid005016:45861:45861 [0] NCCL INFO Channel 09/0 : 0[c1000] -> 8[c1000] [send] via NET/Libfabric/0/GDRDMA comm 0x55a3706221e0 nRanks 16
nid005016:45861:45861 [0] NCCL INFO GPU Direct RDMA Enabled for GPU c1000 / HCA 0 (distance 6 <= 6), read 1
nid005016:45866:45866 [5] NCCL INFO Channel 12/0 : 5[d6000] -> 4[d1000] via P2P/IPC comm 0x5616e1cbb7b0 nRanks 16
nid005016:45861:45954 [0] NCCL INFO New proxy send connection 19 from local rank 0, transport 2
nid005016:45861:45861 [0] NCCL INFO Connected to proxy localRank 0 -> connection 0x14dd64001d08
nid005016:45866:45953 [5] NCCL INFO New proxy send connection 30 from local rank 5, transport 0
nid005016:45866:45866 [5] NCCL INFO Connected to proxy localRank 5 -> connection 0x14d414002230
nid005016:45861:45861 [0] NCCL INFO Channel 13/0 : 0[c1000] -> 8[c1000] [send] via NET/Libfabric/0/GDRDMA comm 0x55a3706221e0 nRanks 16
nid005016:45861:45954 [0] NCCL INFO New proxy recv connection 20 from local rank 0, transport 0
nid005016:45861:45861 [0] NCCL INFO Connected to proxy localRank 0 -> connection 0x14dd64001d80
nid005017:56641:56746 [0] NCCL INFO New proxy recv connection 20 from local rank 0, transport 0
nid005017:56641:56641 [0] NCCL INFO Connected to proxy localRank 0 -> connection 0x14bc34001d80
nid005016:45865:45865 [7] NCCL INFO Channel 13/0 : 7[de000] -> 6[d9000] via P2P/IPC comm 0x55f8b42c2a00 nRanks 16
nid005016:45865:45950 [7] NCCL INFO New proxy send connection 30 from local rank 7, transport 0
nid005016:45865:45865 [7] NCCL INFO Connected to proxy localRank 7 -> connection 0x14e6b8002230
nid005017:56645:56645 [5] NCCL INFO Channel 13/0 : 13[d6000] -> 12[d1000] via P2P/IPC comm 0x56455930efc0 nRanks 16
nid005017:56645:56747 [5] NCCL INFO New proxy send connection 30 from local rank 5, transport 0
nid005017:56645:56645 [5] NCCL INFO Connected to proxy localRank 5 -> connection 0x153828002230
nid005017:56642:56748 [2] NCCL INFO New proxy recv connection 23 from local rank 2, transport 0
nid005017:56642:56642 [2] NCCL INFO Connected to proxy localRank 2 -> connection 0x14584c001ee8
nid005016:45864:45864 [3] NCCL INFO Channel 04/0 : 3[ce000] -> 2[c9000] via P2P/IPC comm 0x56087b8059e0 nRanks 16
nid005016:45864:45951 [3] NCCL INFO New proxy send connection 26 from local rank 3, transport 0
nid005016:45864:45864 [3] NCCL INFO Connected to proxy localRank 3 -> connection 0x15174c002050
nid005016:45859:45859 [1] NCCL INFO Channel 05/0 : 1[c6000] -> 0[c1000] via P2P/IPC comm 0x5653e6f18cf0 nRanks 16
nid005016:45859:45947 [1] NCCL INFO New proxy send connection 26 from local rank 1, transport 0
nid005016:45859:45859 [1] NCCL INFO Connected to proxy localRank 1 -> connection 0x145b18002050
nid005017:56647:56647 [7] NCCL INFO Channel 15/0 : 15[de000] -> 14[d9000] via P2P/IPC comm 0x55e697632f50 nRanks 16
nid005017:56647:56745 [7] NCCL INFO New proxy send connection 31 from local rank 7, transport 0
nid005017:56647:56647 [7] NCCL INFO Connected to proxy localRank 7 -> connection 0x147e900022a8
nid005016:45860:45949 [2] NCCL INFO New proxy recv connection 23 from local rank 2, transport 0
nid005016:45860:45860 [2] NCCL INFO Connected to proxy localRank 2 -> connection 0x149548001ee8
nid005017:56646:56646 [1] NCCL INFO Channel 02/0 : 9[c6000] -> 8[c1000] via P2P/IPC comm 0x564603f1a130 nRanks 16
nid005017:56646:56744 [1] NCCL INFO New proxy send connection 25 from local rank 1, transport 0
nid005017:56646:56646 [1] NCCL INFO Connected to proxy localRank 1 -> connection 0x14eb98001fd8
nid005016:45866:45866 [5] NCCL INFO Channel 15/0 : 5[d6000] -> 4[d1000] via P2P/IPC comm 0x5616e1cbb7b0 nRanks 16
nid005016:45866:45953 [5] NCCL INFO New proxy send connection 31 from local rank 5, transport 0
nid005016:45866:45866 [5] NCCL INFO Connected to proxy localRank 5 -> connection 0x14d4140022a8
nid005017:56643:56643 [3] NCCL INFO Channel 03/0 : 11[ce000] -> 10[c9000] via P2P/IPC comm 0x559c301c17b0 nRanks 16
nid005017:56643:56743 [3] NCCL INFO New proxy send connection 25 from local rank 3, transport 0
nid005017:56643:56643 [3] NCCL INFO Connected to proxy localRank 3 -> connection 0x15100c001fd8
nid005016:45865:45865 [7] NCCL INFO Channel 14/0 : 7[de000] -> 6[d9000] via P2P/IPC comm 0x55f8b42c2a00 nRanks 16
nid005016:45865:45950 [7] NCCL INFO New proxy send connection 31 from local rank 7, transport 0
nid005016:45865:45865 [7] NCCL INFO Connected to proxy localRank 7 -> connection 0x14e6b80022a8
nid005016:45861:45954 [0] NCCL INFO New proxy recv connection 21 from local rank 0, transport 0
nid005016:45861:45861 [0] NCCL INFO Connected to proxy localRank 0 -> connection 0x14dd64001df8
nid005017:56641:56746 [0] NCCL INFO New proxy recv connection 21 from local rank 0, transport 0
nid005017:56641:56641 [0] NCCL INFO Connected to proxy localRank 0 -> connection 0x14bc34001df8
nid005017:56645:56645 [5] NCCL INFO Channel 14/0 : 13[d6000] -> 12[d1000] via P2P/IPC comm 0x56455930efc0 nRanks 16
nid005017:56645:56747 [5] NCCL INFO New proxy send connection 31 from local rank 5, transport 0
nid005017:56645:56645 [5] NCCL INFO Connected to proxy localRank 5 -> connection 0x1538280022a8
nid005016:45864:45864 [3] NCCL INFO Channel 06/0 : 3[ce000] -> 2[c9000] via P2P/IPC comm 0x56087b8059e0 nRanks 16
nid005016:45864:45951 [3] NCCL INFO New proxy send connection 27 from local rank 3, transport 0
nid005016:45864:45864 [3] NCCL INFO Connected to proxy localRank 3 -> connection 0x15174c0020c8
nid005016:45859:45859 [1] NCCL INFO Channel 07/0 : 1[c6000] -> 0[c1000] via P2P/IPC comm 0x5653e6f18cf0 nRanks 16
nid005016:45859:45947 [1] NCCL INFO New proxy send connection 27 from local rank 1, transport 0
nid005016:45859:45859 [1] NCCL INFO Connected to proxy localRank 1 -> connection 0x145b180020c8
nid005017:56642:56748 [2] NCCL INFO New proxy recv connection 24 from local rank 2, transport 0
nid005017:56642:56642 [2] NCCL INFO Connected to proxy localRank 2 -> connection 0x14584c001f60
nid005017:56646:56646 [1] NCCL INFO Channel 04/0 : 9[c6000] -> 8[c1000] via P2P/IPC comm 0x564603f1a130 nRanks 16
nid005017:56646:56744 [1] NCCL INFO New proxy send connection 26 from local rank 1, transport 0
nid005017:56646:56646 [1] NCCL INFO Connected to proxy localRank 1 -> connection 0x14eb98002050
nid005017:56641:56746 [0] NCCL INFO New proxy recv connection 22 from local rank 0, transport 0
nid005017:56641:56641 [0] NCCL INFO Connected to proxy localRank 0 -> connection 0x14bc34001e70
nid005017:56643:56643 [3] NCCL INFO Channel 05/0 : 11[ce000] -> 10[c9000] via P2P/IPC comm 0x559c301c17b0 nRanks 16
nid005017:56643:56743 [3] NCCL INFO New proxy send connection 26 from local rank 3, transport 0
nid005016:45861:45954 [0] NCCL INFO New proxy recv connection 22 from local rank 0, transport 0
nid005016:45861:45861 [0] NCCL INFO Connected to proxy localRank 0 -> connection 0x14dd64001e70
nid005016:45860:45949 [2] NCCL INFO New proxy recv connection 24 from local rank 2, transport 0
nid005016:45860:45860 [2] NCCL INFO Connected to proxy localRank 2 -> connection 0x149548001f60
nid005017:56643:56643 [3] NCCL INFO Connected to proxy localRank 3 -> connection 0x15100c002050
nid005016:45864:45864 [3] NCCL INFO Channel 08/0 : 3[ce000] -> 2[c9000] via P2P/IPC comm 0x56087b8059e0 nRanks 16
nid005016:45864:45951 [3] NCCL INFO New proxy send connection 28 from local rank 3, transport 0
nid005016:45864:45864 [3] NCCL INFO Connected to proxy localRank 3 -> connection 0x15174c002140
nid005016:45859:45859 [1] NCCL INFO Channel 09/0 : 1[c6000] -> 0[c1000] via P2P/IPC comm 0x5653e6f18cf0 nRanks 16
nid005016:45859:45947 [1] NCCL INFO New proxy send connection 28 from local rank 1, transport 0
nid005016:45859:45859 [1] NCCL INFO Connected to proxy localRank 1 -> connection 0x145b18002140
nid005017:56642:56748 [2] NCCL INFO New proxy recv connection 25 from local rank 2, transport 0
nid005017:56642:56642 [2] NCCL INFO Connected to proxy localRank 2 -> connection 0x14584c001fd8
nid005017:56641:56746 [0] NCCL INFO New proxy recv connection 23 from local rank 0, transport 0
nid005017:56641:56641 [0] NCCL INFO Connected to proxy localRank 0 -> connection 0x14bc34001ee8
nid005016:45861:45954 [0] NCCL INFO New proxy recv connection 23 from local rank 0, transport 0
nid005016:45861:45861 [0] NCCL INFO Connected to proxy localRank 0 -> connection 0x14dd64001ee8
nid005017:56646:56646 [1] NCCL INFO Channel 06/0 : 9[c6000] -> 8[c1000] via P2P/IPC comm 0x564603f1a130 nRanks 16
nid005017:56646:56744 [1] NCCL INFO New proxy send connection 27 from local rank 1, transport 0
nid005017:56646:56646 [1] NCCL INFO Connected to proxy localRank 1 -> connection 0x14eb980020c8
nid005017:56643:56643 [3] NCCL INFO Channel 07/0 : 11[ce000] -> 10[c9000] via P2P/IPC comm 0x559c301c17b0 nRanks 16
nid005017:56643:56743 [3] NCCL INFO New proxy send connection 27 from local rank 3, transport 0
nid005017:56643:56643 [3] NCCL INFO Connected to proxy localRank 3 -> connection 0x15100c0020c8
nid005016:45860:45949 [2] NCCL INFO New proxy recv connection 25 from local rank 2, transport 0
nid005016:45860:45860 [2] NCCL INFO Connected to proxy localRank 2 -> connection 0x149548001fd8
nid005016:45859:45859 [1] NCCL INFO Channel 11/0 : 1[c6000] -> 0[c1000] via P2P/IPC comm 0x5653e6f18cf0 nRanks 16
nid005016:45864:45864 [3] NCCL INFO Channel 10/0 : 3[ce000] -> 2[c9000] via P2P/IPC comm 0x56087b8059e0 nRanks 16
nid005016:45864:45951 [3] NCCL INFO New proxy send connection 29 from local rank 3, transport 0
nid005016:45859:45947 [1] NCCL INFO New proxy send connection 29 from local rank 1, transport 0
nid005016:45859:45859 [1] NCCL INFO Connected to proxy localRank 1 -> connection 0x145b180021b8
nid005016:45864:45864 [3] NCCL INFO Connected to proxy localRank 3 -> connection 0x15174c0021b8
nid005017:56642:56748 [2] NCCL INFO New proxy recv connection 26 from local rank 2, transport 0
nid005017:56642:56642 [2] NCCL INFO Connected to proxy localRank 2 -> connection 0x14584c002050
nid005017:56648:56648 [6] NCCL INFO Channel 00/0 : 14[d9000] -> 12[d1000] via P2P/IPC comm 0x55e24e770940 nRanks 16
nid005017:56648:56749 [6] NCCL INFO New proxy send connection 20 from local rank 6, transport 0
nid005017:56641:56746 [0] NCCL INFO New proxy recv connection 24 from local rank 0, transport 0
nid005017:56641:56641 [0] NCCL INFO Connected to proxy localRank 0 -> connection 0x14bc34001f60
nid005017:56648:56648 [6] NCCL INFO Connected to proxy localRank 6 -> connection 0x1451b4001d80
nid005016:45863:45863 [6] NCCL INFO Channel 01/0 : 6[d9000] -> 4[d1000] via P2P/IPC comm 0x56148dd13070 nRanks 16
nid005016:45861:45954 [0] NCCL INFO New proxy recv connection 24 from local rank 0, transport 0
nid005016:45861:45861 [0] NCCL INFO Connected to proxy localRank 0 -> connection 0x14dd64001f60
nid005016:45863:45952 [6] NCCL INFO New proxy send connection 20 from local rank 6, transport 0
nid005016:45863:45863 [6] NCCL INFO Connected to proxy localRank 6 -> connection 0x150204001d80
nid005016:45859:45859 [1] NCCL INFO Channel 13/0 : 1[c6000] -> 0[c1000] via P2P/IPC comm 0x5653e6f18cf0 nRanks 16
nid005016:45859:45947 [1] NCCL INFO New proxy send connection 30 from local rank 1, transport 0
nid005017:56646:56646 [1] NCCL INFO Channel 08/0 : 9[c6000] -> 8[c1000] via P2P/IPC comm 0x564603f1a130 nRanks 16
nid005016:45859:45859 [1] NCCL INFO Connected to proxy localRank 1 -> connection 0x145b18002230
nid005017:56646:56744 [1] NCCL INFO New proxy send connection 28 from local rank 1, transport 0
nid005017:56646:56646 [1] NCCL INFO Connected to proxy localRank 1 -> connection 0x14eb98002140
nid005016:45864:45864 [3] NCCL INFO Channel 12/0 : 3[ce000] -> 2[c9000] via P2P/IPC comm 0x56087b8059e0 nRanks 16
nid005016:45864:45951 [3] NCCL INFO New proxy send connection 30 from local rank 3, transport 0
nid005016:45864:45864 [3] NCCL INFO Connected to proxy localRank 3 -> connection 0x15174c002230
nid005017:56642:56748 [2] NCCL INFO New proxy recv connection 27 from local rank 2, transport 0
nid005017:56642:56642 [2] NCCL INFO Connected to proxy localRank 2 -> connection 0x14584c0020c8
nid005017:56643:56643 [3] NCCL INFO Channel 09/0 : 11[ce000] -> 10[c9000] via P2P/IPC comm 0x559c301c17b0 nRanks 16
nid005017:56643:56743 [3] NCCL INFO New proxy send connection 28 from local rank 3, transport 0
nid005017:56643:56643 [3] NCCL INFO Connected to proxy localRank 3 -> connection 0x15100c002140
nid005016:45860:45949 [2] NCCL INFO New proxy recv connection 26 from local rank 2, transport 0
nid005016:45860:45860 [2] NCCL INFO Connected to proxy localRank 2 -> connection 0x149548002050
nid005017:56641:56746 [0] NCCL INFO New proxy recv connection 25 from local rank 0, transport 0
nid005017:56641:56641 [0] NCCL INFO Connected to proxy localRank 0 -> connection 0x14bc34001fd8
nid005016:45861:45954 [0] NCCL INFO New proxy recv connection 25 from local rank 0, transport 0
nid005016:45861:45861 [0] NCCL INFO Connected to proxy localRank 0 -> connection 0x14dd64001fd8
nid005017:56648:56648 [6] NCCL INFO Channel 04/0 : 14[d9000] -> 12[d1000] via P2P/IPC comm 0x55e24e770940 nRanks 16
nid005017:56648:56749 [6] NCCL INFO New proxy send connection 21 from local rank 6, transport 0
nid005017:56648:56648 [6] NCCL INFO Connected to proxy localRank 6 -> connection 0x1451b4001df8
nid005016:45859:45859 [1] NCCL INFO Channel 15/0 : 1[c6000] -> 0[c1000] via P2P/IPC comm 0x5653e6f18cf0 nRanks 16
nid005016:45859:45947 [1] NCCL INFO New proxy send connection 31 from local rank 1, transport 0
nid005016:45859:45859 [1] NCCL INFO Connected to proxy localRank 1 -> connection 0x145b180022a8
nid005016:45863:45863 [6] NCCL INFO Channel 05/0 : 6[d9000] -> 4[d1000] via P2P/IPC comm 0x56148dd13070 nRanks 16
nid005016:45863:45952 [6] NCCL INFO New proxy send connection 21 from local rank 6, transport 0
nid005016:45863:45863 [6] NCCL INFO Connected to proxy localRank 6 -> connection 0x150204001df8
nid005016:45864:45864 [3] NCCL INFO Channel 14/0 : 3[ce000] -> 2[c9000] via P2P/IPC comm 0x56087b8059e0 nRanks 16
nid005016:45864:45951 [3] NCCL INFO New proxy send connection 31 from local rank 3, transport 0
nid005017:56642:56748 [2] NCCL INFO New proxy recv connection 28 from local rank 2, transport 0
nid005017:56642:56642 [2] NCCL INFO Connected to proxy localRank 2 -> connection 0x14584c002140
nid005016:45864:45864 [3] NCCL INFO Connected to proxy localRank 3 -> connection 0x15174c0022a8
nid005017:56646:56646 [1] NCCL INFO Channel 10/0 : 9[c6000] -> 8[c1000] via P2P/IPC comm 0x564603f1a130 nRanks 16
nid005017:56646:56744 [1] NCCL INFO New proxy send connection 29 from local rank 1, transport 0
nid005017:56646:56646 [1] NCCL INFO Connected to proxy localRank 1 -> connection 0x14eb980021b8
nid005017:56641:56746 [0] NCCL INFO New proxy recv connection 26 from local rank 0, transport 0
nid005017:56641:56641 [0] NCCL INFO Connected to proxy localRank 0 -> connection 0x14bc34002050
nid005017:56643:56643 [3] NCCL INFO Channel 11/0 : 11[ce000] -> 10[c9000] via P2P/IPC comm 0x559c301c17b0 nRanks 16
nid005017:56643:56743 [3] NCCL INFO New proxy send connection 29 from local rank 3, transport 0
nid005017:56643:56643 [3] NCCL INFO Connected to proxy localRank 3 -> connection 0x15100c0021b8
nid005016:45861:45954 [0] NCCL INFO New proxy recv connection 26 from local rank 0, transport 0
nid005016:45861:45861 [0] NCCL INFO Connected to proxy localRank 0 -> connection 0x14dd64002050
nid005016:45860:45949 [2] NCCL INFO New proxy recv connection 27 from local rank 2, transport 0
nid005016:45860:45860 [2] NCCL INFO Connected to proxy localRank 2 -> connection 0x1495480020c8
nid005017:56642:56748 [2] NCCL INFO New proxy recv connection 29 from local rank 2, transport 0
nid005017:56642:56642 [2] NCCL INFO Connected to proxy localRank 2 -> connection 0x14584c0021b8
nid005017:56648:56648 [6] NCCL INFO Channel 08/0 : 14[d9000] -> 12[d1000] via P2P/IPC comm 0x55e24e770940 nRanks 16
nid005017:56648:56749 [6] NCCL INFO New proxy send connection 22 from local rank 6, transport 0
nid005017:56648:56648 [6] NCCL INFO Connected to proxy localRank 6 -> connection 0x1451b4001e70
nid005017:56641:56746 [0] NCCL INFO New proxy recv connection 27 from local rank 0, transport 0
nid005017:56641:56641 [0] NCCL INFO Connected to proxy localRank 0 -> connection 0x14bc340020c8
nid005016:45863:45863 [6] NCCL INFO Channel 09/0 : 6[d9000] -> 4[d1000] via P2P/IPC comm 0x56148dd13070 nRanks 16
nid005016:45863:45952 [6] NCCL INFO New proxy send connection 22 from local rank 6, transport 0
nid005016:45863:45863 [6] NCCL INFO Connected to proxy localRank 6 -> connection 0x150204001e70
nid005017:56646:56646 [1] NCCL INFO Channel 12/0 : 9[c6000] -> 8[c1000] via P2P/IPC comm 0x564603f1a130 nRanks 16
nid005017:56646:56744 [1] NCCL INFO New proxy send connection 30 from local rank 1, transport 0
nid005017:56646:56646 [1] NCCL INFO Connected to proxy localRank 1 -> connection 0x14eb98002230
nid005016:45861:45954 [0] NCCL INFO New proxy recv connection 27 from local rank 0, transport 0
nid005016:45861:45861 [0] NCCL INFO Connected to proxy localRank 0 -> connection 0x14dd640020c8
nid005017:56643:56643 [3] NCCL INFO Channel 13/0 : 11[ce000] -> 10[c9000] via P2P/IPC comm 0x559c301c17b0 nRanks 16
nid005017:56643:56743 [3] NCCL INFO New proxy send connection 30 from local rank 3, transport 0
nid005017:56643:56643 [3] NCCL INFO Connected to proxy localRank 3 -> connection 0x15100c002230
nid005016:45860:45949 [2] NCCL INFO New proxy recv connection 28 from local rank 2, transport 0
nid005016:45860:45860 [2] NCCL INFO Connected to proxy localRank 2 -> connection 0x149548002140
nid005017:56642:56748 [2] NCCL INFO New proxy recv connection 30 from local rank 2, transport 0
nid005017:56642:56642 [2] NCCL INFO Connected to proxy localRank 2 -> connection 0x14584c002230
nid005017:56641:56746 [0] NCCL INFO New proxy recv connection 28 from local rank 0, transport 0
nid005017:56641:56641 [0] NCCL INFO Connected to proxy localRank 0 -> connection 0x14bc34002140
nid005017:56648:56648 [6] NCCL INFO Channel 12/0 : 14[d9000] -> 12[d1000] via P2P/IPC comm 0x55e24e770940 nRanks 16
nid005017:56648:56749 [6] NCCL INFO New proxy send connection 23 from local rank 6, transport 0
nid005017:56648:56648 [6] NCCL INFO Connected to proxy localRank 6 -> connection 0x1451b4001ee8
nid005016:45863:45863 [6] NCCL INFO Channel 13/0 : 6[d9000] -> 4[d1000] via P2P/IPC comm 0x56148dd13070 nRanks 16
nid005016:45863:45952 [6] NCCL INFO New proxy send connection 23 from local rank 6, transport 0
nid005016:45863:45863 [6] NCCL INFO Connected to proxy localRank 6 -> connection 0x150204001ee8
nid005016:45861:45954 [0] NCCL INFO New proxy recv connection 28 from local rank 0, transport 0
nid005016:45861:45861 [0] NCCL INFO Connected to proxy localRank 0 -> connection 0x14dd64002140
nid005017:56646:56646 [1] NCCL INFO Channel 14/0 : 9[c6000] -> 8[c1000] via P2P/IPC comm 0x564603f1a130 nRanks 16
nid005017:56646:56744 [1] NCCL INFO New proxy send connection 31 from local rank 1, transport 0
nid005017:56646:56646 [1] NCCL INFO Connected to proxy localRank 1 -> connection 0x14eb980022a8
nid005017:56642:56748 [2] NCCL INFO New proxy recv connection 31 from local rank 2, transport 0
nid005017:56642:56642 [2] NCCL INFO Connected to proxy localRank 2 -> connection 0x14584c0022a8
nid005017:56643:56643 [3] NCCL INFO Channel 15/0 : 11[ce000] -> 10[c9000] via P2P/IPC comm 0x559c301c17b0 nRanks 16
nid005017:56643:56743 [3] NCCL INFO New proxy send connection 31 from local rank 3, transport 0
nid005017:56643:56643 [3] NCCL INFO Connected to proxy localRank 3 -> connection 0x15100c0022a8
nid005016:45860:45949 [2] NCCL INFO New proxy recv connection 29 from local rank 2, transport 0
nid005016:45860:45860 [2] NCCL INFO Connected to proxy localRank 2 -> connection 0x1495480021b8
nid005017:56641:56746 [0] NCCL INFO New proxy recv connection 29 from local rank 0, transport 0
nid005017:56641:56641 [0] NCCL INFO Connected to proxy localRank 0 -> connection 0x14bc340021b8
nid005016:45861:45954 [0] NCCL INFO New proxy recv connection 29 from local rank 0, transport 0
nid005016:45861:45861 [0] NCCL INFO Connected to proxy localRank 0 -> connection 0x14dd640021b8
nid005017:56648:56749 [6] NCCL INFO New proxy recv connection 24 from local rank 6, transport 0
nid005017:56648:56648 [6] NCCL INFO Connected to proxy localRank 6 -> connection 0x1451b4001f60
nid005017:56644:56741 [4] NCCL INFO New proxy recv connection 24 from local rank 4, transport 0
nid005017:56644:56644 [4] NCCL INFO Connected to proxy localRank 4 -> connection 0x14b3b4001f60
nid005016:45862:45948 [4] NCCL INFO New proxy recv connection 24 from local rank 4, transport 0
nid005016:45862:45862 [4] NCCL INFO Connected to proxy localRank 4 -> connection 0x145c40001f60
nid005016:45863:45952 [6] NCCL INFO New proxy recv connection 24 from local rank 6, transport 0
nid005016:45863:45863 [6] NCCL INFO Connected to proxy localRank 6 -> connection 0x150204001f60
nid005017:56641:56746 [0] NCCL INFO New proxy recv connection 30 from local rank 0, transport 0
nid005017:56641:56641 [0] NCCL INFO Connected to proxy localRank 0 -> connection 0x14bc34002230
nid005016:45860:45949 [2] NCCL INFO New proxy recv connection 30 from local rank 2, transport 0
nid005016:45860:45860 [2] NCCL INFO Connected to proxy localRank 2 -> connection 0x149548002230
nid005016:45861:45954 [0] NCCL INFO New proxy recv connection 30 from local rank 0, transport 0
nid005016:45861:45861 [0] NCCL INFO Connected to proxy localRank 0 -> connection 0x14dd64002230
nid005017:56644:56741 [4] NCCL INFO New proxy recv connection 25 from local rank 4, transport 0
nid005017:56644:56644 [4] NCCL INFO Connected to proxy localRank 4 -> connection 0x14b3b4001fd8
nid005016:45862:45948 [4] NCCL INFO New proxy recv connection 25 from local rank 4, transport 0
nid005016:45862:45862 [4] NCCL INFO Connected to proxy localRank 4 -> connection 0x145c40001fd8
nid005017:56648:56749 [6] NCCL INFO New proxy recv connection 25 from local rank 6, transport 0
nid005017:56648:56648 [6] NCCL INFO Connected to proxy localRank 6 -> connection 0x1451b4001fd8
nid005016:45863:45952 [6] NCCL INFO New proxy recv connection 25 from local rank 6, transport 0
nid005016:45863:45863 [6] NCCL INFO Connected to proxy localRank 6 -> connection 0x150204001fd8
nid005017:56641:56746 [0] NCCL INFO New proxy recv connection 31 from local rank 0, transport 0
nid005017:56641:56641 [0] NCCL INFO Connected to proxy localRank 0 -> connection 0x14bc340022a8
nid005016:45861:45954 [0] NCCL INFO New proxy recv connection 31 from local rank 0, transport 0
nid005016:45861:45861 [0] NCCL INFO Connected to proxy localRank 0 -> connection 0x14dd640022a8
nid005017:56644:56741 [4] NCCL INFO New proxy recv connection 26 from local rank 4, transport 0
nid005017:56644:56644 [4] NCCL INFO Connected to proxy localRank 4 -> connection 0x14b3b4002050
nid005016:45862:45948 [4] NCCL INFO New proxy recv connection 26 from local rank 4, transport 0
nid005016:45862:45862 [4] NCCL INFO Connected to proxy localRank 4 -> connection 0x145c40002050
nid005016:45860:45949 [2] NCCL INFO New proxy recv connection 31 from local rank 2, transport 0
nid005016:45860:45860 [2] NCCL INFO Connected to proxy localRank 2 -> connection 0x1495480022a8
nid005016:45863:45952 [6] NCCL INFO New proxy recv connection 26 from local rank 6, transport 0
nid005016:45863:45863 [6] NCCL INFO Connected to proxy localRank 6 -> connection 0x150204002050
nid005017:56644:56741 [4] NCCL INFO New proxy recv connection 27 from local rank 4, transport 0
nid005017:56648:56749 [6] NCCL INFO New proxy recv connection 26 from local rank 6, transport 0
nid005017:56648:56648 [6] NCCL INFO Connected to proxy localRank 6 -> connection 0x1451b4002050
nid005017:56644:56644 [4] NCCL INFO Connected to proxy localRank 4 -> connection 0x14b3b40020c8
nid005016:45862:45948 [4] NCCL INFO New proxy recv connection 27 from local rank 4, transport 0
nid005016:45862:45862 [4] NCCL INFO Connected to proxy localRank 4 -> connection 0x145c400020c8
nid005017:56644:56741 [4] NCCL INFO New proxy recv connection 28 from local rank 4, transport 0
nid005017:56644:56644 [4] NCCL INFO Connected to proxy localRank 4 -> connection 0x14b3b4002140
nid005016:45863:45952 [6] NCCL INFO New proxy recv connection 27 from local rank 6, transport 0
nid005016:45863:45863 [6] NCCL INFO Connected to proxy localRank 6 -> connection 0x1502040020c8
nid005016:45862:45948 [4] NCCL INFO New proxy recv connection 28 from local rank 4, transport 0
nid005016:45862:45862 [4] NCCL INFO Connected to proxy localRank 4 -> connection 0x145c40002140
nid005017:56648:56749 [6] NCCL INFO New proxy recv connection 27 from local rank 6, transport 0
nid005017:56648:56648 [6] NCCL INFO Connected to proxy localRank 6 -> connection 0x1451b40020c8
nid005017:56644:56741 [4] NCCL INFO New proxy recv connection 29 from local rank 4, transport 0
nid005016:45862:45948 [4] NCCL INFO New proxy recv connection 29 from local rank 4, transport 0
nid005016:45862:45862 [4] NCCL INFO Connected to proxy localRank 4 -> connection 0x145c400021b8
nid005017:56644:56644 [4] NCCL INFO Connected to proxy localRank 4 -> connection 0x14b3b40021b8
nid005016:45863:45952 [6] NCCL INFO New proxy recv connection 28 from local rank 6, transport 0
nid005016:45863:45863 [6] NCCL INFO Connected to proxy localRank 6 -> connection 0x150204002140
nid005017:56648:56749 [6] NCCL INFO New proxy recv connection 28 from local rank 6, transport 0
nid005017:56648:56648 [6] NCCL INFO Connected to proxy localRank 6 -> connection 0x1451b4002140
cxil_map: write error
cxil_map: write error
nid005017:56644:56741 [4] NCCL INFO New proxy recv connection 30 from local rank 4, transport 0
nid005017:56644:56644 [4] NCCL INFO Connected to proxy localRank 4 -> connection 0x14b3b4002230
nid005016:45862:45948 [4] NCCL INFO New proxy recv connection 30 from local rank 4, transport 0
nid005016:45862:45862 [4] NCCL INFO Connected to proxy localRank 4 -> connection 0x145c40002230
nid005016:45863:45952 [6] NCCL INFO New proxy recv connection 29 from local rank 6, transport 0
nid005016:45863:45863 [6] NCCL INFO Connected to proxy localRank 6 -> connection 0x1502040021b8
nid005017:56644:56741 [4] NCCL INFO New proxy recv connection 31 from local rank 4, transport 0
nid005017:56644:56644 [4] NCCL INFO Connected to proxy localRank 4 -> connection 0x14b3b40022a8
nid005016:45862:45948 [4] NCCL INFO New proxy recv connection 31 from local rank 4, transport 0
nid005016:45862:45862 [4] NCCL INFO Connected to proxy localRank 4 -> connection 0x145c400022a8
nid005017:56648:56749 [6] NCCL INFO New proxy recv connection 29 from local rank 6, transport 0
nid005017:56648:56648 [6] NCCL INFO Connected to proxy localRank 6 -> connection 0x1451b40021b8
cxil_map: write error
cxil_map: write error
nid005016:45863:45952 [6] NCCL INFO New proxy recv connection 30 from local rank 6, transport 0
nid005016:45863:45863 [6] NCCL INFO Connected to proxy localRank 6 -> connection 0x150204002230
nid005017:56648:56749 [6] NCCL INFO New proxy recv connection 30 from local rank 6, transport 0
nid005017:56648:56648 [6] NCCL INFO Connected to proxy localRank 6 -> connection 0x1451b4002230
cxil_map: write error
cxil_map: write error

nid005016:45861:45954 [0] ofi_mr_result nccl_ofi_ofiutils_mr_regattr(ofi_domain_ptr&, fi_mr_attr*, uint64_t):468 NCCL WARN NET/OFI Couldn't register memory region with regattr. RC: -22, ERROR: Invalid argument

nid005016:45861:45954 [0] int sendrecv_mr_buffers_register(nccl_net_ofi_sendrecv_domain_t*, fid_ep*, nccl_ofi_idpool_t*, int, nccl_ofi_mr_ckey_ref, int, nccl_net_ofi_sendrecv_mr_handle_t**):587 NCCL WARN NET/OFI Unable to register memory (type = 2) for device 0. RC: -22, Error: Invalid argument
nid005016:45861:45954 [0] NCCL INFO /tmp/joglekar/easybuild/build/RCCL/2.22.3/rocm-compilers-19.0.0-ROCm-6.4.1/easybuild_obj/hipify/src/transport/net_tmp.cc:1027 -> 3

nid005017:56641:56746 [0] ofi_mr_result nccl_ofi_ofiutils_mr_regattr(ofi_domain_ptr&, fi_mr_attr*, uint64_t):468 NCCL WARN NET/OFI Couldn't register memory region with regattr. RC: -22, ERROR: Invalid argument

nid005017:56641:56746 [0] int sendrecv_mr_buffers_register(nccl_net_ofi_sendrecv_domain_t*, fid_ep*, nccl_ofi_idpool_t*, int, nccl_ofi_mr_ckey_ref, int, nccl_net_ofi_sendrecv_mr_handle_t**):587 NCCL WARN NET/OFI Unable to register memory (type = 2) for device 0. RC: -22, Error: Invalid argument
nid005017:56641:56746 [0] NCCL INFO /tmp/joglekar/easybuild/build/RCCL/2.22.3/rocm-compilers-19.0.0-ROCm-6.4.1/easybuild_obj/hipify/src/transport/net_tmp.cc:861 -> 3
nid005017:56641:56641 [0] NCCL INFO /tmp/joglekar/easybuild/build/RCCL/2.22.3/rocm-compilers-19.0.0-ROCm-6.4.1/easybuild_obj/hipify/src/transport.cc:205 -> 3
nid005017:56641:56641 [0] NCCL INFO /tmp/joglekar/easybuild/build/RCCL/2.22.3/rocm-compilers-19.0.0-ROCm-6.4.1/easybuild_obj/hipify/src/transport/generic.cc:11 -> 3
nid005017:56641:56641 [0] NCCL INFO /tmp/joglekar/easybuild/build/RCCL/2.22.3/rocm-compilers-19.0.0-ROCm-6.4.1/easybuild_obj/hipify/src/init.cc:1632 -> 3
nid005017:56641:56641 [0] NCCL INFO /tmp/joglekar/easybuild/build/RCCL/2.22.3/rocm-compilers-19.0.0-ROCm-6.4.1/easybuild_obj/hipify/src/init.cc:1916 -> 3
nid005017:56641:56641 [0] NCCL INFO /tmp/joglekar/easybuild/build/RCCL/2.22.3/rocm-compilers-19.0.0-ROCm-6.4.1/easybuild_obj/hipify/src/init.cc:2228 -> 3
nid005016:45861:45861 [0] NCCL INFO /tmp/joglekar/easybuild/build/RCCL/2.22.3/rocm-compilers-19.0.0-ROCm-6.4.1/easybuild_obj/hipify/src/transport/net_tmp.cc:446 -> 3
nid005016:45861:45861 [0] NCCL INFO /tmp/joglekar/easybuild/build/RCCL/2.22.3/rocm-compilers-19.0.0-ROCm-6.4.1/easybuild_obj/hipify/src/transport.cc:224 -> 3
nid005016:45861:45861 [0] NCCL INFO /tmp/joglekar/easybuild/build/RCCL/2.22.3/rocm-compilers-19.0.0-ROCm-6.4.1/easybuild_obj/hipify/src/transport/generic.cc:11 -> 3
nid005016:45861:45861 [0] NCCL INFO /tmp/joglekar/easybuild/build/RCCL/2.22.3/rocm-compilers-19.0.0-ROCm-6.4.1/easybuild_obj/hipify/src/init.cc:1632 -> 3
nid005016:45861:45861 [0] NCCL INFO /tmp/joglekar/easybuild/build/RCCL/2.22.3/rocm-compilers-19.0.0-ROCm-6.4.1/easybuild_obj/hipify/src/init.cc:1916 -> 3
nid005016:45861:45861 [0] NCCL INFO /tmp/joglekar/easybuild/build/RCCL/2.22.3/rocm-compilers-19.0.0-ROCm-6.4.1/easybuild_obj/hipify/src/init.cc:2228 -> 3
nid005016:45861:45861 [0] NCCL INFO /tmp/joglekar/easybuild/build/RCCL/2.22.3/rocm-compilers-19.0.0-ROCm-6.4.1/easybuild_obj/hipify/src/init.cc:2267 -> 3
nid005017:56641:56641 [0] NCCL INFO /tmp/joglekar/easybuild/build/RCCL/2.22.3/rocm-compilers-19.0.0-ROCm-6.4.1/easybuild_obj/hipify/src/init.cc:2267 -> 3
nid005016:45861:45861 [0] NCCL INFO Kernel version: 6.4.0-150600.23.73_15.0.14-cray_shasta_c
nid005017:56641:56641 [0] NCCL INFO Kernel version: 6.4.0-150600.23.73_15.0.14-cray_shasta_c
nid005017:56641:56641 [0] NCCL INFO Using network Libfabric
nid005017:56641:56641 [0] NCCL INFO initialized internal alternative rsmi functionality
nid005016:45861:45861 [0] NCCL INFO Using network Libfabric
nid005016:45861:45861 [0] NCCL INFO initialized internal alternative rsmi functionality
nid005016:45863:45952 [6] NCCL INFO New proxy recv connection 31 from local rank 6, transport 0
nid005016:45863:45863 [6] NCCL INFO Connected to proxy localRank 6 -> connection 0x1502040022a8
nid005017:56648:56749 [6] NCCL INFO New proxy recv connection 31 from local rank 6, transport 0
nid005017:56648:56648 [6] NCCL INFO Connected to proxy localRank 6 -> connection 0x1451b40022a8
cxil_map: write error
cxil_map: write error

nid005016:45860:45949 [2] ofi_mr_result nccl_ofi_ofiutils_mr_regattr(ofi_domain_ptr&, fi_mr_attr*, uint64_t):468 NCCL WARN NET/OFI Couldn't register memory region with regattr. RC: -22, ERROR: Invalid argument

nid005016:45860:45949 [2] int sendrecv_mr_buffers_register(nccl_net_ofi_sendrecv_domain_t*, fid_ep*, nccl_ofi_idpool_t*, int, nccl_ofi_mr_ckey_ref, int, nccl_net_ofi_sendrecv_mr_handle_t**):587 NCCL WARN NET/OFI Unable to register memory (type = 2) for device 1. RC: -22, Error: Invalid argument
nid005016:45860:45949 [2] NCCL INFO /tmp/joglekar/easybuild/build/RCCL/2.22.3/rocm-compilers-19.0.0-ROCm-6.4.1/easybuild_obj/hipify/src/transport/net_tmp.cc:861 -> 3
nid005016:45860:45860 [2] NCCL INFO /tmp/joglekar/easybuild/build/RCCL/2.22.3/rocm-compilers-19.0.0-ROCm-6.4.1/easybuild_obj/hipify/src/transport.cc:205 -> 3
nid005016:45860:45860 [2] NCCL INFO /tmp/joglekar/easybuild/build/RCCL/2.22.3/rocm-compilers-19.0.0-ROCm-6.4.1/easybuild_obj/hipify/src/transport/generic.cc:11 -> 3
nid005016:45860:45860 [2] NCCL INFO /tmp/joglekar/easybuild/build/RCCL/2.22.3/rocm-compilers-19.0.0-ROCm-6.4.1/easybuild_obj/hipify/src/init.cc:1632 -> 3
nid005016:45860:45860 [2] NCCL INFO /tmp/joglekar/easybuild/build/RCCL/2.22.3/rocm-compilers-19.0.0-ROCm-6.4.1/easybuild_obj/hipify/src/init.cc:1916 -> 3
nid005016:45860:45860 [2] NCCL INFO /tmp/joglekar/easybuild/build/RCCL/2.22.3/rocm-compilers-19.0.0-ROCm-6.4.1/easybuild_obj/hipify/src/init.cc:2228 -> 3

nid005017:56642:56748 [2] ofi_mr_result nccl_ofi_ofiutils_mr_regattr(ofi_domain_ptr&, fi_mr_attr*, uint64_t):468 NCCL WARN NET/OFI Couldn't register memory region with regattr. RC: -22, ERROR: Invalid argument

nid005017:56642:56748 [2] int sendrecv_mr_buffers_register(nccl_net_ofi_sendrecv_domain_t*, fid_ep*, nccl_ofi_idpool_t*, int, nccl_ofi_mr_ckey_ref, int, nccl_net_ofi_sendrecv_mr_handle_t**):587 NCCL WARN NET/OFI Unable to register memory (type = 2) for device 1. RC: -22, Error: Invalid argument
nid005017:56642:56748 [2] NCCL INFO /tmp/joglekar/easybuild/build/RCCL/2.22.3/rocm-compilers-19.0.0-ROCm-6.4.1/easybuild_obj/hipify/src/transport/net_tmp.cc:1027 -> 3
nid005017:56642:56642 [2] NCCL INFO /tmp/joglekar/easybuild/build/RCCL/2.22.3/rocm-compilers-19.0.0-ROCm-6.4.1/easybuild_obj/hipify/src/transport/net_tmp.cc:446 -> 3
nid005017:56642:56642 [2] NCCL INFO /tmp/joglekar/easybuild/build/RCCL/2.22.3/rocm-compilers-19.0.0-ROCm-6.4.1/easybuild_obj/hipify/src/transport.cc:224 -> 3
nid005017:56642:56642 [2] NCCL INFO /tmp/joglekar/easybuild/build/RCCL/2.22.3/rocm-compilers-19.0.0-ROCm-6.4.1/easybuild_obj/hipify/src/transport/generic.cc:11 -> 3
nid005017:56642:56642 [2] NCCL INFO /tmp/joglekar/easybuild/build/RCCL/2.22.3/rocm-compilers-19.0.0-ROCm-6.4.1/easybuild_obj/hipify/src/init.cc:1632 -> 3
nid005017:56642:56642 [2] NCCL INFO /tmp/joglekar/easybuild/build/RCCL/2.22.3/rocm-compilers-19.0.0-ROCm-6.4.1/easybuild_obj/hipify/src/init.cc:1916 -> 3
nid005017:56642:56642 [2] NCCL INFO /tmp/joglekar/easybuild/build/RCCL/2.22.3/rocm-compilers-19.0.0-ROCm-6.4.1/easybuild_obj/hipify/src/init.cc:2228 -> 3
nid005017:56642:56642 [2] NCCL INFO /tmp/joglekar/easybuild/build/RCCL/2.22.3/rocm-compilers-19.0.0-ROCm-6.4.1/easybuild_obj/hipify/src/init.cc:2267 -> 3
nid005017:56642:56642 [2] NCCL INFO Kernel version: 6.4.0-150600.23.73_15.0.14-cray_shasta_c
nid005016:45860:45860 [2] NCCL INFO /tmp/joglekar/easybuild/build/RCCL/2.22.3/rocm-compilers-19.0.0-ROCm-6.4.1/easybuild_obj/hipify/src/init.cc:2267 -> 3
nid005016:45860:45860 [2] NCCL INFO Kernel version: 6.4.0-150600.23.73_15.0.14-cray_shasta_c
nid005017:56642:56642 [2] NCCL INFO Using network Libfabric
nid005017:56642:56642 [2] NCCL INFO initialized internal alternative rsmi functionality
nid005016:45860:45860 [2] NCCL INFO Using network Libfabric
nid005016:45860:45860 [2] NCCL INFO initialized internal alternative rsmi functionality
cxil_map: write error
cxil_map: write error
cxil_map: write error
cxil_map: write error

nid005016:45865:45950 [7] ofi_mr_result nccl_ofi_ofiutils_mr_regattr(ofi_domain_ptr&, fi_mr_attr*, uint64_t):468 NCCL WARN NET/OFI Couldn't register memory region with regattr. RC: -22, ERROR: Invalid argument

nid005016:45865:45950 [7] int sendrecv_mr_buffers_register(nccl_net_ofi_sendrecv_domain_t*, fid_ep*, nccl_ofi_idpool_t*, int, nccl_ofi_mr_ckey_ref, int, nccl_net_ofi_sendrecv_mr_handle_t**):587 NCCL WARN NET/OFI Unable to register memory (type = 2) for device 3. RC: -22, Error: Invalid argument
nid005016:45865:45950 [7] NCCL INFO /tmp/joglekar/easybuild/build/RCCL/2.22.3/rocm-compilers-19.0.0-ROCm-6.4.1/easybuild_obj/hipify/src/transport/net_tmp.cc:1027 -> 3
nid005016:45865:45865 [7] NCCL INFO /tmp/joglekar/easybuild/build/RCCL/2.22.3/rocm-compilers-19.0.0-ROCm-6.4.1/easybuild_obj/hipify/src/transport/net_tmp.cc:446 -> 3
nid005016:45865:45865 [7] NCCL INFO /tmp/joglekar/easybuild/build/RCCL/2.22.3/rocm-compilers-19.0.0-ROCm-6.4.1/easybuild_obj/hipify/src/transport.cc:224 -> 3
nid005016:45865:45865 [7] NCCL INFO /tmp/joglekar/easybuild/build/RCCL/2.22.3/rocm-compilers-19.0.0-ROCm-6.4.1/easybuild_obj/hipify/src/transport/generic.cc:11 -> 3
nid005016:45865:45865 [7] NCCL INFO /tmp/joglekar/easybuild/build/RCCL/2.22.3/rocm-compilers-19.0.0-ROCm-6.4.1/easybuild_obj/hipify/src/init.cc:1632 -> 3
nid005016:45865:45865 [7] NCCL INFO /tmp/joglekar/easybuild/build/RCCL/2.22.3/rocm-compilers-19.0.0-ROCm-6.4.1/easybuild_obj/hipify/src/init.cc:1916 -> 3
nid005016:45865:45865 [7] NCCL INFO /tmp/joglekar/easybuild/build/RCCL/2.22.3/rocm-compilers-19.0.0-ROCm-6.4.1/easybuild_obj/hipify/src/init.cc:2228 -> 3
cxil_map: write error

nid005016:45866:45953 [5] ofi_mr_result nccl_ofi_ofiutils_mr_regattr(ofi_domain_ptr&, fi_mr_attr*, uint64_t):468 NCCL WARN NET/OFI Couldn't register memory region with regattr. RC: -22, ERROR: Invalid argument

nid005016:45866:45953 [5] int sendrecv_mr_buffers_register(nccl_net_ofi_sendrecv_domain_t*, fid_ep*, nccl_ofi_idpool_t*, int, nccl_ofi_mr_ckey_ref, int, nccl_net_ofi_sendrecv_mr_handle_t**):587 NCCL WARN NET/OFI Unable to register memory (type = 2) for device 2. RC: -22, Error: Invalid argument
nid005016:45866:45953 [5] NCCL INFO /tmp/joglekar/easybuild/build/RCCL/2.22.3/rocm-compilers-19.0.0-ROCm-6.4.1/easybuild_obj/hipify/src/transport/net_tmp.cc:861 -> 3
nid005016:45866:45866 [5] NCCL INFO /tmp/joglekar/easybuild/build/RCCL/2.22.3/rocm-compilers-19.0.0-ROCm-6.4.1/easybuild_obj/hipify/src/transport.cc:205 -> 3
nid005016:45866:45866 [5] NCCL INFO /tmp/joglekar/easybuild/build/RCCL/2.22.3/rocm-compilers-19.0.0-ROCm-6.4.1/easybuild_obj/hipify/src/transport/generic.cc:11 -> 3
nid005016:45866:45866 [5] NCCL INFO /tmp/joglekar/easybuild/build/RCCL/2.22.3/rocm-compilers-19.0.0-ROCm-6.4.1/easybuild_obj/hipify/src/init.cc:1632 -> 3
nid005016:45866:45866 [5] NCCL INFO /tmp/joglekar/easybuild/build/RCCL/2.22.3/rocm-compilers-19.0.0-ROCm-6.4.1/easybuild_obj/hipify/src/init.cc:1916 -> 3
nid005016:45866:45866 [5] NCCL INFO /tmp/joglekar/easybuild/build/RCCL/2.22.3/rocm-compilers-19.0.0-ROCm-6.4.1/easybuild_obj/hipify/src/init.cc:2228 -> 3
cxil_map: write error

nid005017:56645:56747 [5] ofi_mr_result nccl_ofi_ofiutils_mr_regattr(ofi_domain_ptr&, fi_mr_attr*, uint64_t):468 NCCL WARN NET/OFI Couldn't register memory region with regattr. RC: -22, ERROR: Invalid argument

nid005017:56645:56747 [5] int sendrecv_mr_buffers_register(nccl_net_ofi_sendrecv_domain_t*, fid_ep*, nccl_ofi_idpool_t*, int, nccl_ofi_mr_ckey_ref, int, nccl_net_ofi_sendrecv_mr_handle_t**):587 NCCL WARN NET/OFI Unable to register memory (type = 2) for device 2. RC: -22, Error: Invalid argument
nid005017:56645:56747 [5] NCCL INFO /tmp/joglekar/easybuild/build/RCCL/2.22.3/rocm-compilers-19.0.0-ROCm-6.4.1/easybuild_obj/hipify/src/transport/net_tmp.cc:1027 -> 3
nid005016:45865:45865 [7] NCCL INFO /tmp/joglekar/easybuild/build/RCCL/2.22.3/rocm-compilers-19.0.0-ROCm-6.4.1/easybuild_obj/hipify/src/init.cc:2267 -> 3
nid005017:56645:56645 [5] NCCL INFO /tmp/joglekar/easybuild/build/RCCL/2.22.3/rocm-compilers-19.0.0-ROCm-6.4.1/easybuild_obj/hipify/src/transport/net_tmp.cc:446 -> 3
nid005017:56645:56645 [5] NCCL INFO /tmp/joglekar/easybuild/build/RCCL/2.22.3/rocm-compilers-19.0.0-ROCm-6.4.1/easybuild_obj/hipify/src/transport.cc:224 -> 3
nid005017:56645:56645 [5] NCCL INFO /tmp/joglekar/easybuild/build/RCCL/2.22.3/rocm-compilers-19.0.0-ROCm-6.4.1/easybuild_obj/hipify/src/transport/generic.cc:11 -> 3
nid005017:56645:56645 [5] NCCL INFO /tmp/joglekar/easybuild/build/RCCL/2.22.3/rocm-compilers-19.0.0-ROCm-6.4.1/easybuild_obj/hipify/src/init.cc:1632 -> 3
nid005016:45865:45865 [7] NCCL INFO Kernel version: 6.4.0-150600.23.73_15.0.14-cray_shasta_c
nid005017:56645:56645 [5] NCCL INFO /tmp/joglekar/easybuild/build/RCCL/2.22.3/rocm-compilers-19.0.0-ROCm-6.4.1/easybuild_obj/hipify/src/init.cc:1916 -> 3
nid005017:56645:56645 [5] NCCL INFO /tmp/joglekar/easybuild/build/RCCL/2.22.3/rocm-compilers-19.0.0-ROCm-6.4.1/easybuild_obj/hipify/src/init.cc:2228 -> 3
nid005016:45865:45865 [7] NCCL INFO Using network Libfabric
nid005016:45865:45865 [7] NCCL INFO initialized internal alternative rsmi functionality
nid005016:45866:45866 [5] NCCL INFO /tmp/joglekar/easybuild/build/RCCL/2.22.3/rocm-compilers-19.0.0-ROCm-6.4.1/easybuild_obj/hipify/src/init.cc:2267 -> 3
nid005016:45866:45866 [5] NCCL INFO Kernel version: 6.4.0-150600.23.73_15.0.14-cray_shasta_c
nid005016:45866:45866 [5] NCCL INFO Using network Libfabric
nid005016:45866:45866 [5] NCCL INFO initialized internal alternative rsmi functionality
nid005017:56645:56645 [5] NCCL INFO /tmp/joglekar/easybuild/build/RCCL/2.22.3/rocm-compilers-19.0.0-ROCm-6.4.1/easybuild_obj/hipify/src/init.cc:2267 -> 3
nid005017:56645:56645 [5] NCCL INFO Kernel version: 6.4.0-150600.23.73_15.0.14-cray_shasta_c
nid005017:56645:56645 [5] NCCL INFO Using network Libfabric
nid005017:56645:56645 [5] NCCL INFO initialized internal alternative rsmi functionality
cxil_map: write error
cxil_map: write error

nid005017:56642:56748 [2] ofi_mr_result nccl_ofi_ofiutils_mr_regattr(ofi_domain_ptr&, fi_mr_attr*, uint64_t):468 NCCL WARN NET/OFI Couldn't register memory region with regattr. RC: -22, ERROR: Invalid argument

nid005017:56642:56748 [2] int sendrecv_mr_buffers_register(nccl_net_ofi_sendrecv_domain_t*, fid_ep*, nccl_ofi_idpool_t*, int, nccl_ofi_mr_ckey_ref, int, nccl_net_ofi_sendrecv_mr_handle_t**):587 NCCL WARN NET/OFI Unable to register memory (type = 2) for device 1. RC: -22, Error: Invalid argument
nid005017:56642:56748 [2] NCCL INFO /tmp/joglekar/easybuild/build/RCCL/2.22.3/rocm-compilers-19.0.0-ROCm-6.4.1/easybuild_obj/hipify/src/transport/net_tmp.cc:861 -> 3
nid005017:56642:56748 [2] NCCL INFO socketProgressOpt: abort called
nid005017:56642:56748 [2] NCCL INFO /tmp/joglekar/easybuild/build/RCCL/2.22.3/rocm-compilers-19.0.0-ROCm-6.4.1/easybuild_obj/hipify/src/misc/socket.cc:53 -> 3
nid005017:56642:56748 [2] NCCL INFO /tmp/joglekar/easybuild/build/RCCL/2.22.3/rocm-compilers-19.0.0-ROCm-6.4.1/easybuild_obj/hipify/src/misc/socket.cc:64 -> 3
nid005017:56642:56748 [2] NCCL INFO /tmp/joglekar/easybuild/build/RCCL/2.22.3/rocm-compilers-19.0.0-ROCm-6.4.1/easybuild_obj/hipify/src/misc/socket.cc:790 -> 3
nid005017:56642:56748 [2] NCCL INFO /tmp/joglekar/easybuild/build/RCCL/2.22.3/rocm-compilers-19.0.0-ROCm-6.4.1/easybuild_obj/hipify/src/proxy.cc:1367 -> 3

nid005017:56642:56748 [2] /tmp/joglekar/easybuild/build/RCCL/2.22.3/rocm-compilers-19.0.0-ROCm-6.4.1/easybuild_obj/hipify/src/proxy.cc:1518 NCCL WARN [Service thread] Error encountered progressing operation=Connect, res=3, closing connection

nid005017:56642:56748 [2] /tmp/joglekar/easybuild/build/RCCL/2.22.3/rocm-compilers-19.0.0-ROCm-6.4.1/easybuild_obj/hipify/src/proxy.cc:1552 NCCL WARN [Proxy Service 10] Failed to execute operation Connect from rank 10, retcode 3
cxil_map: write error
cxil_map: write error
cxil_map: write error
cxil_map: write error
cxil_map: write error
cxil_map: write error
cxil_map: write error

nid005016:45865:45950 [7] ofi_mr_result nccl_ofi_ofiutils_mr_regattr(ofi_domain_ptr&, fi_mr_attr*, uint64_t):468 NCCL WARN NET/OFI Couldn't register memory region with regattr. RC: -22, ERROR: Invalid argument

nid005016:45865:45950 [7] int sendrecv_mr_buffers_register(nccl_net_ofi_sendrecv_domain_t*, fid_ep*, nccl_ofi_idpool_t*, int, nccl_ofi_mr_ckey_ref, int, nccl_net_ofi_sendrecv_mr_handle_t**):587 NCCL WARN NET/OFI Unable to register memory (type = 2) for device 3. RC: -22, Error: Invalid argument
nid005016:45865:45950 [7] NCCL INFO /tmp/joglekar/easybuild/build/RCCL/2.22.3/rocm-compilers-19.0.0-ROCm-6.4.1/easybuild_obj/hipify/src/transport/net_tmp.cc:861 -> 3

nid005017:56645:56747 [5] ofi_mr_result nccl_ofi_ofiutils_mr_regattr(ofi_domain_ptr&, fi_mr_attr*, uint64_t):468 NCCL WARN NET/OFI Couldn't register memory region with regattr. RC: -22, ERROR: Invalid argument

nid005017:56645:56747 [5] int sendrecv_mr_buffers_register(nccl_net_ofi_sendrecv_domain_t*, fid_ep*, nccl_ofi_idpool_t*, int, nccl_ofi_mr_ckey_ref, int, nccl_net_ofi_sendrecv_mr_handle_t**):587 NCCL WARN NET/OFI Unable to register memory (type = 2) for device 2. RC: -22, Error: Invalid argument
nid005017:56645:56747 [5] NCCL INFO /tmp/joglekar/easybuild/build/RCCL/2.22.3/rocm-compilers-19.0.0-ROCm-6.4.1/easybuild_obj/hipify/src/transport/net_tmp.cc:861 -> 3
nid005017:56645:56747 [5] NCCL INFO socketProgressOpt: abort called
nid005017:56645:56747 [5] NCCL INFO /tmp/joglekar/easybuild/build/RCCL/2.22.3/rocm-compilers-19.0.0-ROCm-6.4.1/easybuild_obj/hipify/src/misc/socket.cc:53 -> 3
nid005017:56645:56747 [5] NCCL INFO /tmp/joglekar/easybuild/build/RCCL/2.22.3/rocm-compilers-19.0.0-ROCm-6.4.1/easybuild_obj/hipify/src/misc/socket.cc:64 -> 3
nid005017:56645:56747 [5] NCCL INFO /tmp/joglekar/easybuild/build/RCCL/2.22.3/rocm-compilers-19.0.0-ROCm-6.4.1/easybuild_obj/hipify/src/misc/socket.cc:790 -> 3
nid005017:56645:56747 [5] NCCL INFO /tmp/joglekar/easybuild/build/RCCL/2.22.3/rocm-compilers-19.0.0-ROCm-6.4.1/easybuild_obj/hipify/src/proxy.cc:1367 -> 3

nid005017:56645:56747 [5] /tmp/joglekar/easybuild/build/RCCL/2.22.3/rocm-compilers-19.0.0-ROCm-6.4.1/easybuild_obj/hipify/src/proxy.cc:1518 NCCL WARN [Service thread] Error encountered progressing operation=Connect, res=3, closing connection

nid005017:56645:56747 [5] /tmp/joglekar/easybuild/build/RCCL/2.22.3/rocm-compilers-19.0.0-ROCm-6.4.1/easybuild_obj/hipify/src/proxy.cc:1552 NCCL WARN [Proxy Service 13] Failed to execute operation Connect from rank 13, retcode 3
nid005016:45865:45950 [7] NCCL INFO socketProgressOpt: abort called
nid005016:45865:45950 [7] NCCL INFO /tmp/joglekar/easybuild/build/RCCL/2.22.3/rocm-compilers-19.0.0-ROCm-6.4.1/easybuild_obj/hipify/src/misc/socket.cc:53 -> 3
nid005016:45865:45950 [7] NCCL INFO /tmp/joglekar/easybuild/build/RCCL/2.22.3/rocm-compilers-19.0.0-ROCm-6.4.1/easybuild_obj/hipify/src/misc/socket.cc:64 -> 3
nid005016:45865:45950 [7] NCCL INFO /tmp/joglekar/easybuild/build/RCCL/2.22.3/rocm-compilers-19.0.0-ROCm-6.4.1/easybuild_obj/hipify/src/misc/socket.cc:790 -> 3
nid005016:45865:45950 [7] NCCL INFO /tmp/joglekar/easybuild/build/RCCL/2.22.3/rocm-compilers-19.0.0-ROCm-6.4.1/easybuild_obj/hipify/src/proxy.cc:1367 -> 3

nid005016:45865:45950 [7] /tmp/joglekar/easybuild/build/RCCL/2.22.3/rocm-compilers-19.0.0-ROCm-6.4.1/easybuild_obj/hipify/src/proxy.cc:1518 NCCL WARN [Service thread] Error encountered progressing operation=Connect, res=3, closing connection

nid005016:45865:45950 [7] /tmp/joglekar/easybuild/build/RCCL/2.22.3/rocm-compilers-19.0.0-ROCm-6.4.1/easybuild_obj/hipify/src/proxy.cc:1552 NCCL WARN [Proxy Service 7] Failed to execute operation Connect from rank 7, retcode 3
cxil_map: write error
cxil_map: write error
cxil_map: write error

nid005016:45866:45953 [5] ofi_mr_result nccl_ofi_ofiutils_mr_regattr(ofi_domain_ptr&, fi_mr_attr*, uint64_t):468 NCCL WARN NET/OFI Couldn't register memory region with regattr. RC: -22, ERROR: Invalid argument

nid005016:45866:45953 [5] int sendrecv_mr_buffers_register(nccl_net_ofi_sendrecv_domain_t*, fid_ep*, nccl_ofi_idpool_t*, int, nccl_ofi_mr_ckey_ref, int, nccl_net_ofi_sendrecv_mr_handle_t**):587 NCCL WARN NET/OFI Unable to register memory (type = 2) for device 2. RC: -22, Error: Invalid argument
nid005016:45866:45953 [5] NCCL INFO /tmp/joglekar/easybuild/build/RCCL/2.22.3/rocm-compilers-19.0.0-ROCm-6.4.1/easybuild_obj/hipify/src/transport/net_tmp.cc:1027 -> 3
nid005016:45866:45953 [5] NCCL INFO socketProgressOpt: abort called
nid005016:45866:45953 [5] NCCL INFO /tmp/joglekar/easybuild/build/RCCL/2.22.3/rocm-compilers-19.0.0-ROCm-6.4.1/easybuild_obj/hipify/src/misc/socket.cc:53 -> 3
nid005016:45866:45953 [5] NCCL INFO /tmp/joglekar/easybuild/build/RCCL/2.22.3/rocm-compilers-19.0.0-ROCm-6.4.1/easybuild_obj/hipify/src/misc/socket.cc:64 -> 3
nid005016:45866:45953 [5] NCCL INFO /tmp/joglekar/easybuild/build/RCCL/2.22.3/rocm-compilers-19.0.0-ROCm-6.4.1/easybuild_obj/hipify/src/misc/socket.cc:790 -> 3
nid005016:45866:45953 [5] NCCL INFO /tmp/joglekar/easybuild/build/RCCL/2.22.3/rocm-compilers-19.0.0-ROCm-6.4.1/easybuild_obj/hipify/src/proxy.cc:1367 -> 3

nid005016:45866:45953 [5] /tmp/joglekar/easybuild/build/RCCL/2.22.3/rocm-compilers-19.0.0-ROCm-6.4.1/easybuild_obj/hipify/src/proxy.cc:1518 NCCL WARN [Service thread] Error encountered progressing operation=Connect, res=3, closing connection
nid005016:45866:45953 [5] NCCL INFO socketProgressOpt: abort called
nid005016:45866:45953 [5] NCCL INFO /tmp/joglekar/easybuild/build/RCCL/2.22.3/rocm-compilers-19.0.0-ROCm-6.4.1/easybuild_obj/hipify/src/misc/socket.cc:841 -> 3

nid005016:45866:45953 [5] /tmp/joglekar/easybuild/build/RCCL/2.22.3/rocm-compilers-19.0.0-ROCm-6.4.1/easybuild_obj/hipify/src/proxy.cc:1528 NCCL WARN [Service thread] Could not receive type from localRank 5, res=3, closed=0

nid005016:45866:45953 [5] /tmp/joglekar/easybuild/build/RCCL/2.22.3/rocm-compilers-19.0.0-ROCm-6.4.1/easybuild_obj/hipify/src/proxy.cc:1552 NCCL WARN [Proxy Service 5] Failed to execute operation Connect from rank 5, retcode 3

nid005017:56642:56642 [2] /tmp/joglekar/easybuild/build/RCCL/2.22.3/rocm-compilers-19.0.0-ROCm-6.4.1/easybuild_obj/hipify/src/misc/socket.cc:490 NCCL WARN socketStartConnect: Connect to 10.253.38.63<47205> failed : Software caused connection abort
nid005017:56642:56642 [2] NCCL INFO /tmp/joglekar/easybuild/build/RCCL/2.22.3/rocm-compilers-19.0.0-ROCm-6.4.1/easybuild_obj/hipify/src/misc/socket.cc:573 -> 2
nid005017:56642:56642 [2] NCCL INFO /tmp/joglekar/easybuild/build/RCCL/2.22.3/rocm-compilers-19.0.0-ROCm-6.4.1/easybuild_obj/hipify/src/misc/socket.cc:625 -> 2
nid005017:56642:56642 [2] NCCL INFO /tmp/joglekar/easybuild/build/RCCL/2.22.3/rocm-compilers-19.0.0-ROCm-6.4.1/easybuild_obj/hipify/src/bootstrap.cc:292 -> 2
nid005017:56642:56642 [2] NCCL INFO /tmp/joglekar/easybuild/build/RCCL/2.22.3/rocm-compilers-19.0.0-ROCm-6.4.1/easybuild_obj/hipify/src/init.cc:1901 -> 2
nid005017:56642:56642 [2] NCCL INFO /tmp/joglekar/easybuild/build/RCCL/2.22.3/rocm-compilers-19.0.0-ROCm-6.4.1/easybuild_obj/hipify/src/init.cc:2228 -> 2
nid005017:56642:56642 [2] NCCL INFO /tmp/joglekar/easybuild/build/RCCL/2.22.3/rocm-compilers-19.0.0-ROCm-6.4.1/easybuild_obj/hipify/src/init.cc:2267 -> 2
nid005017:56642:56642 [2] NCCL INFO NET/OFI 1 SENDRECV domains still active at close
nid005017:56642:56642 [2] NCCL INFO NET/OFI 1 SENDRECV endpoints still active at close
nid005017:56642:56642 [2] NCCL INFO NET/OFI Endpoint 0x14584c0061a0 still have ref count 5 when released
Failed: RCCL Error ../../../c/xccl/util/rccl/osu_util_rccl_impl.c: 50 'unhandled system error (run with NCCL_DEBUG=INFO for details)'
nid005017:56642:56642 [2] NCCL INFO NET/OFI MR cache 0 hits 5 misses

nid005016:45861:45954 [0] ofi_mr_result nccl_ofi_ofiutils_mr_regattr(ofi_domain_ptr&, fi_mr_attr*, uint64_t):468 NCCL WARN NET/OFI Couldn't register memory region with regattr. RC: -22, ERROR: Invalid argument

nid005016:45861:45954 [0] int sendrecv_mr_buffers_register(nccl_net_ofi_sendrecv_domain_t*, fid_ep*, nccl_ofi_idpool_t*, int, nccl_ofi_mr_ckey_ref, int, nccl_net_ofi_sendrecv_mr_handle_t**):587 NCCL WARN NET/OFI Unable to register memory (type = 2) for device 0. RC: -22, Error: Invalid argument
nid005016:45861:45954 [0] NCCL INFO /tmp/joglekar/easybuild/build/RCCL/2.22.3/rocm-compilers-19.0.0-ROCm-6.4.1/easybuild_obj/hipify/src/transport/net_tmp.cc:861 -> 3
nid005016:45861:45954 [0] NCCL INFO socketProgressOpt: abort called
nid005016:45861:45954 [0] NCCL INFO /tmp/joglekar/easybuild/build/RCCL/2.22.3/rocm-compilers-19.0.0-ROCm-6.4.1/easybuild_obj/hipify/src/misc/socket.cc:53 -> 3
nid005016:45861:45954 [0] NCCL INFO /tmp/joglekar/easybuild/build/RCCL/2.22.3/rocm-compilers-19.0.0-ROCm-6.4.1/easybuild_obj/hipify/src/misc/socket.cc:64 -> 3
nid005016:45861:45954 [0] NCCL INFO /tmp/joglekar/easybuild/build/RCCL/2.22.3/rocm-compilers-19.0.0-ROCm-6.4.1/easybuild_obj/hipify/src/misc/socket.cc:790 -> 3
nid005016:45861:45954 [0] NCCL INFO /tmp/joglekar/easybuild/build/RCCL/2.22.3/rocm-compilers-19.0.0-ROCm-6.4.1/easybuild_obj/hipify/src/proxy.cc:1367 -> 3

nid005016:45861:45954 [0] /tmp/joglekar/easybuild/build/RCCL/2.22.3/rocm-compilers-19.0.0-ROCm-6.4.1/easybuild_obj/hipify/src/proxy.cc:1518 NCCL WARN [Service thread] Error encountered progressing operation=Connect, res=3, closing connection
nid005016:45861:45954 [0] NCCL INFO socketProgressOpt: abort called
nid005016:45861:45954 [0] NCCL INFO /tmp/joglekar/easybuild/build/RCCL/2.22.3/rocm-compilers-19.0.0-ROCm-6.4.1/easybuild_obj/hipify/src/misc/socket.cc:841 -> 3

nid005016:45861:45954 [0] /tmp/joglekar/easybuild/build/RCCL/2.22.3/rocm-compilers-19.0.0-ROCm-6.4.1/easybuild_obj/hipify/src/proxy.cc:1528 NCCL WARN [Service thread] Could not receive type from localRank 0, res=3, closed=0

nid005016:45861:45954 [0] /tmp/joglekar/easybuild/build/RCCL/2.22.3/rocm-compilers-19.0.0-ROCm-6.4.1/easybuild_obj/hipify/src/proxy.cc:1552 NCCL WARN [Proxy Service 0] Failed to execute operation Connect from rank 0, retcode 3
cxil_map: write error
cxil_map: write error

nid005017:56641:56746 [0] ofi_mr_result nccl_ofi_ofiutils_mr_regattr(ofi_domain_ptr&, fi_mr_attr*, uint64_t):468 NCCL WARN NET/OFI Couldn't register memory region with regattr. RC: -22, ERROR: Invalid argument

nid005017:56641:56746 [0] int sendrecv_mr_buffers_register(nccl_net_ofi_sendrecv_domain_t*, fid_ep*, nccl_ofi_idpool_t*, int, nccl_ofi_mr_ckey_ref, int, nccl_net_ofi_sendrecv_mr_handle_t**):587 NCCL WARN NET/OFI Unable to register memory (type = 2) for device 0. RC: -22, Error: Invalid argument
nid005017:56641:56746 [0] NCCL INFO /tmp/joglekar/easybuild/build/RCCL/2.22.3/rocm-compilers-19.0.0-ROCm-6.4.1/easybuild_obj/hipify/src/transport/net_tmp.cc:1027 -> 3
nid005017:56641:56746 [0] NCCL INFO socketProgressOpt: abort called
nid005017:56641:56746 [0] NCCL INFO /tmp/joglekar/easybuild/build/RCCL/2.22.3/rocm-compilers-19.0.0-ROCm-6.4.1/easybuild_obj/hipify/src/misc/socket.cc:53 -> 3
nid005017:56641:56746 [0] NCCL INFO /tmp/joglekar/easybuild/build/RCCL/2.22.3/rocm-compilers-19.0.0-ROCm-6.4.1/easybuild_obj/hipify/src/misc/socket.cc:64 -> 3
nid005017:56641:56746 [0] NCCL INFO /tmp/joglekar/easybuild/build/RCCL/2.22.3/rocm-compilers-19.0.0-ROCm-6.4.1/easybuild_obj/hipify/src/misc/socket.cc:790 -> 3
nid005017:56641:56746 [0] NCCL INFO /tmp/joglekar/easybuild/build/RCCL/2.22.3/rocm-compilers-19.0.0-ROCm-6.4.1/easybuild_obj/hipify/src/proxy.cc:1367 -> 3

nid005017:56641:56746 [0] /tmp/joglekar/easybuild/build/RCCL/2.22.3/rocm-compilers-19.0.0-ROCm-6.4.1/easybuild_obj/hipify/src/proxy.cc:1518 NCCL WARN [Service thread] Error encountered progressing operation=Connect, res=3, closing connection

nid005017:56641:56746 [0] /tmp/joglekar/easybuild/build/RCCL/2.22.3/rocm-compilers-19.0.0-ROCm-6.4.1/easybuild_obj/hipify/src/proxy.cc:1552 NCCL WARN [Proxy Service 8] Failed to execute operation Connect from rank 8, retcode 3

nid005016:45865:45865 [7] /tmp/joglekar/easybuild/build/RCCL/2.22.3/rocm-compilers-19.0.0-ROCm-6.4.1/easybuild_obj/hipify/src/misc/socket.cc:490 NCCL WARN socketStartConnect: Connect to 10.253.38.63<47205> failed : Software caused connection abort
nid005016:45865:45865 [7] NCCL INFO /tmp/joglekar/easybuild/build/RCCL/2.22.3/rocm-compilers-19.0.0-ROCm-6.4.1/easybuild_obj/hipify/src/misc/socket.cc:573 -> 2
nid005016:45865:45865 [7] NCCL INFO /tmp/joglekar/easybuild/build/RCCL/2.22.3/rocm-compilers-19.0.0-ROCm-6.4.1/easybuild_obj/hipify/src/misc/socket.cc:625 -> 2
nid005016:45865:45865 [7] NCCL INFO /tmp/joglekar/easybuild/build/RCCL/2.22.3/rocm-compilers-19.0.0-ROCm-6.4.1/easybuild_obj/hipify/src/bootstrap.cc:292 -> 2
nid005016:45865:45865 [7] NCCL INFO /tmp/joglekar/easybuild/build/RCCL/2.22.3/rocm-compilers-19.0.0-ROCm-6.4.1/easybuild_obj/hipify/src/init.cc:1901 -> 2
nid005016:45865:45865 [7] NCCL INFO /tmp/joglekar/easybuild/build/RCCL/2.22.3/rocm-compilers-19.0.0-ROCm-6.4.1/easybuild_obj/hipify/src/init.cc:2228 -> 2
nid005016:45865:45865 [7] NCCL INFO /tmp/joglekar/easybuild/build/RCCL/2.22.3/rocm-compilers-19.0.0-ROCm-6.4.1/easybuild_obj/hipify/src/init.cc:2267 -> 2

nid005017:56645:56645 [5] /tmp/joglekar/easybuild/build/RCCL/2.22.3/rocm-compilers-19.0.0-ROCm-6.4.1/easybuild_obj/hipify/src/misc/socket.cc:490 NCCL WARN socketStartConnect: Connect to 10.253.38.63<47205> failed : Software caused connection abort
nid005017:56645:56645 [5] NCCL INFO /tmp/joglekar/easybuild/build/RCCL/2.22.3/rocm-compilers-19.0.0-ROCm-6.4.1/easybuild_obj/hipify/src/misc/socket.cc:573 -> 2
nid005017:56645:56645 [5] NCCL INFO /tmp/joglekar/easybuild/build/RCCL/2.22.3/rocm-compilers-19.0.0-ROCm-6.4.1/easybuild_obj/hipify/src/misc/socket.cc:625 -> 2
nid005017:56645:56645 [5] NCCL INFO /tmp/joglekar/easybuild/build/RCCL/2.22.3/rocm-compilers-19.0.0-ROCm-6.4.1/easybuild_obj/hipify/src/bootstrap.cc:292 -> 2
nid005017:56645:56645 [5] NCCL INFO /tmp/joglekar/easybuild/build/RCCL/2.22.3/rocm-compilers-19.0.0-ROCm-6.4.1/easybuild_obj/hipify/src/init.cc:1901 -> 2
nid005017:56645:56645 [5] NCCL INFO /tmp/joglekar/easybuild/build/RCCL/2.22.3/rocm-compilers-19.0.0-ROCm-6.4.1/easybuild_obj/hipify/src/init.cc:2228 -> 2
nid005016:45865:45865 [7] NCCL INFO NET/OFI 1 SENDRECV domains still active at close
nid005016:45865:45865 [7] NCCL INFO NET/OFI 1 SENDRECV endpoints still active at close
nid005016:45865:45865 [7] NCCL INFO NET/OFI Endpoint 0x14e6b80061a0 still have ref count 5 when released
nid005017:56645:56645 [5] NCCL INFO /tmp/joglekar/easybuild/build/RCCL/2.22.3/rocm-compilers-19.0.0-ROCm-6.4.1/easybuild_obj/hipify/src/init.cc:2267 -> 2
nid005017:56645:56645 [5] NCCL INFO NET/OFI 1 SENDRECV domains still active at close
nid005017:56645:56645 [5] NCCL INFO NET/OFI 1 SENDRECV endpoints still active at close
nid005017:56645:56645 [5] NCCL INFO NET/OFI Endpoint 0x1538280061a0 still have ref count 5 when released
Failed: RCCL Error ../../../c/xccl/util/rccl/osu_util_rccl_impl.c: 50 'unhandled system error (run with NCCL_DEBUG=INFO for details)'
Failed: RCCL Error ../../../c/xccl/util/rccl/osu_util_rccl_impl.c: 50 'unhandled system error (run with NCCL_DEBUG=INFO for details)'
nid005017:56645:56645 [5] NCCL INFO NET/OFI MR cache 0 hits 5 misses
nid005016:45865:45865 [7] NCCL INFO NET/OFI MR cache 0 hits 5 misses

nid005016:45866:45866 [5] /tmp/joglekar/easybuild/build/RCCL/2.22.3/rocm-compilers-19.0.0-ROCm-6.4.1/easybuild_obj/hipify/src/misc/socket.cc:490 NCCL WARN socketStartConnect: Connect to 10.253.38.63<47205> failed : Software caused connection abort
nid005016:45866:45866 [5] NCCL INFO /tmp/joglekar/easybuild/build/RCCL/2.22.3/rocm-compilers-19.0.0-ROCm-6.4.1/easybuild_obj/hipify/src/misc/socket.cc:573 -> 2
nid005016:45866:45866 [5] NCCL INFO /tmp/joglekar/easybuild/build/RCCL/2.22.3/rocm-compilers-19.0.0-ROCm-6.4.1/easybuild_obj/hipify/src/misc/socket.cc:625 -> 2
nid005016:45866:45866 [5] NCCL INFO /tmp/joglekar/easybuild/build/RCCL/2.22.3/rocm-compilers-19.0.0-ROCm-6.4.1/easybuild_obj/hipify/src/bootstrap.cc:292 -> 2
nid005016:45866:45866 [5] NCCL INFO /tmp/joglekar/easybuild/build/RCCL/2.22.3/rocm-compilers-19.0.0-ROCm-6.4.1/easybuild_obj/hipify/src/init.cc:1901 -> 2
nid005016:45866:45866 [5] NCCL INFO /tmp/joglekar/easybuild/build/RCCL/2.22.3/rocm-compilers-19.0.0-ROCm-6.4.1/easybuild_obj/hipify/src/init.cc:2228 -> 2
nid005016:45866:45866 [5] NCCL INFO /tmp/joglekar/easybuild/build/RCCL/2.22.3/rocm-compilers-19.0.0-ROCm-6.4.1/easybuild_obj/hipify/src/init.cc:2267 -> 2
nid005016:45866:45866 [5] NCCL INFO NET/OFI 1 SENDRECV domains still active at close
nid005016:45866:45866 [5] NCCL INFO NET/OFI 1 SENDRECV endpoints still active at close
nid005016:45866:45866 [5] NCCL INFO NET/OFI Endpoint 0x14d4140061a0 still have ref count 4 when released
Failed: RCCL Error ../../../c/xccl/util/rccl/osu_util_rccl_impl.c: 50 'unhandled system error (run with NCCL_DEBUG=INFO for details)'

nid005016:45866:45866 [5] void generic_ofi_deleter<fid_type>::operator()(fid_type*) const [with fid_type = fid_ep]:88 NCCL WARN NET/OFI Failed to close fid_ep: Device or resource busy

nid005016:45866:45866 [5] void generic_ofi_deleter<fid_type>::operator()(fid_type*) const [with fid_type = fid_av]:88 NCCL WARN NET/OFI Failed to close fid_av: Device or resource busy

nid005016:45866:45866 [5] void generic_ofi_deleter<fid_type>::operator()(fid_type*) const [with fid_type = fid_cq]:88 NCCL WARN NET/OFI Failed to close fid_cq: Device or resource busy

nid005016:45866:45866 [5] void generic_ofi_deleter<fid_type>::operator()(fid_type*) const [with fid_type = fid_domain]:88 NCCL WARN NET/OFI Failed to close fid_domain: Device or resource busy
nid005016:45866:45866 [5] NCCL INFO NET/OFI MR cache 0 hits 5 misses

nid005017:56641:56641 [0] /tmp/joglekar/easybuild/build/RCCL/2.22.3/rocm-compilers-19.0.0-ROCm-6.4.1/easybuild_obj/hipify/src/misc/socket.cc:490 NCCL WARN socketStartConnect: Connect to 10.253.38.63<47205> failed : Software caused connection abort
nid005017:56641:56641 [0] NCCL INFO /tmp/joglekar/easybuild/build/RCCL/2.22.3/rocm-compilers-19.0.0-ROCm-6.4.1/easybuild_obj/hipify/src/misc/socket.cc:573 -> 2
nid005017:56641:56641 [0] NCCL INFO /tmp/joglekar/easybuild/build/RCCL/2.22.3/rocm-compilers-19.0.0-ROCm-6.4.1/easybuild_obj/hipify/src/misc/socket.cc:625 -> 2
nid005017:56641:56641 [0] NCCL INFO /tmp/joglekar/easybuild/build/RCCL/2.22.3/rocm-compilers-19.0.0-ROCm-6.4.1/easybuild_obj/hipify/src/bootstrap.cc:292 -> 2
nid005017:56641:56641 [0] NCCL INFO /tmp/joglekar/easybuild/build/RCCL/2.22.3/rocm-compilers-19.0.0-ROCm-6.4.1/easybuild_obj/hipify/src/init.cc:1901 -> 2
nid005017:56641:56641 [0] NCCL INFO /tmp/joglekar/easybuild/build/RCCL/2.22.3/rocm-compilers-19.0.0-ROCm-6.4.1/easybuild_obj/hipify/src/init.cc:2228 -> 2
nid005017:56641:56641 [0] NCCL INFO /tmp/joglekar/easybuild/build/RCCL/2.22.3/rocm-compilers-19.0.0-ROCm-6.4.1/easybuild_obj/hipify/src/init.cc:2267 -> 2
nid005017:56641:56641 [0] NCCL INFO NET/OFI 1 SENDRECV domains still active at close
nid005017:56641:56641 [0] NCCL INFO NET/OFI 1 SENDRECV endpoints still active at close
nid005017:56641:56641 [0] NCCL INFO NET/OFI Endpoint 0x14bc340061a0 still have ref count 5 when released
Failed: RCCL Error ../../../c/xccl/util/rccl/osu_util_rccl_impl.c: 50 'unhandled system error (run with NCCL_DEBUG=INFO for details)'
nid005017:56641:56641 [0] NCCL INFO NET/OFI MR cache 0 hits 5 misses

nid005016:45861:45861 [0] /tmp/joglekar/easybuild/build/RCCL/2.22.3/rocm-compilers-19.0.0-ROCm-6.4.1/easybuild_obj/hipify/src/misc/socket.cc:490 NCCL WARN socketStartConnect: Connect to 10.253.38.63<47205> failed : Software caused connection abort
nid005016:45861:45861 [0] NCCL INFO /tmp/joglekar/easybuild/build/RCCL/2.22.3/rocm-compilers-19.0.0-ROCm-6.4.1/easybuild_obj/hipify/src/misc/socket.cc:573 -> 2
nid005016:45861:45861 [0] NCCL INFO /tmp/joglekar/easybuild/build/RCCL/2.22.3/rocm-compilers-19.0.0-ROCm-6.4.1/easybuild_obj/hipify/src/misc/socket.cc:625 -> 2
nid005016:45861:45861 [0] NCCL INFO /tmp/joglekar/easybuild/build/RCCL/2.22.3/rocm-compilers-19.0.0-ROCm-6.4.1/easybuild_obj/hipify/src/bootstrap.cc:292 -> 2
nid005016:45861:45861 [0] NCCL INFO /tmp/joglekar/easybuild/build/RCCL/2.22.3/rocm-compilers-19.0.0-ROCm-6.4.1/easybuild_obj/hipify/src/init.cc:1901 -> 2
nid005016:45861:45861 [0] NCCL INFO /tmp/joglekar/easybuild/build/RCCL/2.22.3/rocm-compilers-19.0.0-ROCm-6.4.1/easybuild_obj/hipify/src/init.cc:2228 -> 2
nid005016:45861:45861 [0] NCCL INFO /tmp/joglekar/easybuild/build/RCCL/2.22.3/rocm-compilers-19.0.0-ROCm-6.4.1/easybuild_obj/hipify/src/init.cc:2267 -> 2
nid005016:45861:45861 [0] NCCL INFO NET/OFI 1 SENDRECV domains still active at close
nid005016:45861:45861 [0] NCCL INFO NET/OFI 1 SENDRECV endpoints still active at close
nid005016:45861:45861 [0] NCCL INFO NET/OFI Endpoint 0x14dd640061a0 still have ref count 4 when released
Failed: RCCL Error ../../../c/xccl/util/rccl/osu_util_rccl_impl.c: 50 'unhandled system error (run with NCCL_DEBUG=INFO for details)'

nid005016:45861:45861 [0] void generic_ofi_deleter<fid_type>::operator()(fid_type*) const [with fid_type = fid_ep]:88 NCCL WARN NET/OFI Failed to close fid_ep: Device or resource busy

nid005016:45861:45861 [0] void generic_ofi_deleter<fid_type>::operator()(fid_type*) const [with fid_type = fid_av]:88 NCCL WARN NET/OFI Failed to close fid_av: Device or resource busy

nid005016:45861:45861 [0] void generic_ofi_deleter<fid_type>::operator()(fid_type*) const [with fid_type = fid_cq]:88 NCCL WARN NET/OFI Failed to close fid_cq: Device or resource busy

nid005016:45861:45861 [0] void generic_ofi_deleter<fid_type>::operator()(fid_type*) const [with fid_type = fid_domain]:88 NCCL WARN NET/OFI Failed to close fid_domain: Device or resource busy
nid005016:45861:45861 [0] NCCL INFO NET/OFI MR cache 0 hits 5 misses
cxil_map: write error

nid005017:56647:56745 [7] ofi_mr_result nccl_ofi_ofiutils_mr_regattr(ofi_domain_ptr&, fi_mr_attr*, uint64_t):468 NCCL WARN NET/OFI Couldn't register memory region with regattr. RC: -22, ERROR: Invalid argument

nid005017:56647:56745 [7] int sendrecv_mr_buffers_register(nccl_net_ofi_sendrecv_domain_t*, fid_ep*, nccl_ofi_idpool_t*, int, nccl_ofi_mr_ckey_ref, int, nccl_net_ofi_sendrecv_mr_handle_t**):587 NCCL WARN NET/OFI Unable to register memory (type = 2) for device 3. RC: -22, Error: Invalid argument
nid005017:56647:56745 [7] NCCL INFO /tmp/joglekar/easybuild/build/RCCL/2.22.3/rocm-compilers-19.0.0-ROCm-6.4.1/easybuild_obj/hipify/src/transport/net_tmp.cc:861 -> 3
nid005017:56647:56647 [7] NCCL INFO /tmp/joglekar/easybuild/build/RCCL/2.22.3/rocm-compilers-19.0.0-ROCm-6.4.1/easybuild_obj/hipify/src/transport.cc:205 -> 3
nid005017:56647:56647 [7] NCCL INFO /tmp/joglekar/easybuild/build/RCCL/2.22.3/rocm-compilers-19.0.0-ROCm-6.4.1/easybuild_obj/hipify/src/transport/generic.cc:11 -> 3
nid005017:56647:56647 [7] NCCL INFO /tmp/joglekar/easybuild/build/RCCL/2.22.3/rocm-compilers-19.0.0-ROCm-6.4.1/easybuild_obj/hipify/src/init.cc:1632 -> 3
nid005017:56647:56647 [7] NCCL INFO /tmp/joglekar/easybuild/build/RCCL/2.22.3/rocm-compilers-19.0.0-ROCm-6.4.1/easybuild_obj/hipify/src/init.cc:1916 -> 3
nid005017:56647:56647 [7] NCCL INFO /tmp/joglekar/easybuild/build/RCCL/2.22.3/rocm-compilers-19.0.0-ROCm-6.4.1/easybuild_obj/hipify/src/init.cc:2228 -> 3
nid005017:56647:56647 [7] NCCL INFO /tmp/joglekar/easybuild/build/RCCL/2.22.3/rocm-compilers-19.0.0-ROCm-6.4.1/easybuild_obj/hipify/src/init.cc:2267 -> 3
nid005017:56647:56647 [7] NCCL INFO Kernel version: 6.4.0-150600.23.73_15.0.14-cray_shasta_c
nid005017:56647:56647 [7] NCCL INFO Using network Libfabric
nid005017:56647:56647 [7] NCCL INFO initialized internal alternative rsmi functionality
cxil_map: write error

nid005016:45860:45949 [2] ofi_mr_result nccl_ofi_ofiutils_mr_regattr(ofi_domain_ptr&, fi_mr_attr*, uint64_t):468 NCCL WARN NET/OFI Couldn't register memory region with regattr. RC: -22, ERROR: Invalid argument

nid005016:45860:45949 [2] int sendrecv_mr_buffers_register(nccl_net_ofi_sendrecv_domain_t*, fid_ep*, nccl_ofi_idpool_t*, int, nccl_ofi_mr_ckey_ref, int, nccl_net_ofi_sendrecv_mr_handle_t**):587 NCCL WARN NET/OFI Unable to register memory (type = 2) for device 1. RC: -22, Error: Invalid argument
nid005016:45860:45949 [2] NCCL INFO /tmp/joglekar/easybuild/build/RCCL/2.22.3/rocm-compilers-19.0.0-ROCm-6.4.1/easybuild_obj/hipify/src/transport/net_tmp.cc:1027 -> 3
nid005016:45860:45949 [2] NCCL INFO socketProgressOpt: abort called
nid005016:45860:45949 [2] NCCL INFO /tmp/joglekar/easybuild/build/RCCL/2.22.3/rocm-compilers-19.0.0-ROCm-6.4.1/easybuild_obj/hipify/src/misc/socket.cc:53 -> 3
nid005016:45860:45949 [2] NCCL INFO /tmp/joglekar/easybuild/build/RCCL/2.22.3/rocm-compilers-19.0.0-ROCm-6.4.1/easybuild_obj/hipify/src/misc/socket.cc:64 -> 3
nid005016:45860:45949 [2] NCCL INFO /tmp/joglekar/easybuild/build/RCCL/2.22.3/rocm-compilers-19.0.0-ROCm-6.4.1/easybuild_obj/hipify/src/misc/socket.cc:790 -> 3
nid005016:45860:45949 [2] NCCL INFO /tmp/joglekar/easybuild/build/RCCL/2.22.3/rocm-compilers-19.0.0-ROCm-6.4.1/easybuild_obj/hipify/src/proxy.cc:1367 -> 3

nid005016:45860:45949 [2] /tmp/joglekar/easybuild/build/RCCL/2.22.3/rocm-compilers-19.0.0-ROCm-6.4.1/easybuild_obj/hipify/src/proxy.cc:1518 NCCL WARN [Service thread] Error encountered progressing operation=Connect, res=3, closing connection
nid005016:45860:45949 [2] NCCL INFO socketProgressOpt: abort called
nid005016:45860:45949 [2] NCCL INFO /tmp/joglekar/easybuild/build/RCCL/2.22.3/rocm-compilers-19.0.0-ROCm-6.4.1/easybuild_obj/hipify/src/misc/socket.cc:841 -> 3

nid005016:45860:45949 [2] /tmp/joglekar/easybuild/build/RCCL/2.22.3/rocm-compilers-19.0.0-ROCm-6.4.1/easybuild_obj/hipify/src/proxy.cc:1528 NCCL WARN [Service thread] Could not receive type from localRank 2, res=3, closed=0

nid005016:45860:45949 [2] /tmp/joglekar/easybuild/build/RCCL/2.22.3/rocm-compilers-19.0.0-ROCm-6.4.1/easybuild_obj/hipify/src/proxy.cc:1552 NCCL WARN [Proxy Service 2] Failed to execute operation Connect from rank 2, retcode 3
cxil_map: write error

nid005016:45860:45860 [2] /tmp/joglekar/easybuild/build/RCCL/2.22.3/rocm-compilers-19.0.0-ROCm-6.4.1/easybuild_obj/hipify/src/misc/socket.cc:490 NCCL WARN socketStartConnect: Connect to 10.253.38.63<47205> failed : Software caused connection abort
nid005016:45860:45860 [2] NCCL INFO /tmp/joglekar/easybuild/build/RCCL/2.22.3/rocm-compilers-19.0.0-ROCm-6.4.1/easybuild_obj/hipify/src/misc/socket.cc:573 -> 2
nid005016:45860:45860 [2] NCCL INFO /tmp/joglekar/easybuild/build/RCCL/2.22.3/rocm-compilers-19.0.0-ROCm-6.4.1/easybuild_obj/hipify/src/misc/socket.cc:625 -> 2
nid005016:45860:45860 [2] NCCL INFO /tmp/joglekar/easybuild/build/RCCL/2.22.3/rocm-compilers-19.0.0-ROCm-6.4.1/easybuild_obj/hipify/src/bootstrap.cc:292 -> 2
nid005016:45860:45860 [2] NCCL INFO /tmp/joglekar/easybuild/build/RCCL/2.22.3/rocm-compilers-19.0.0-ROCm-6.4.1/easybuild_obj/hipify/src/init.cc:1901 -> 2
nid005016:45860:45860 [2] NCCL INFO /tmp/joglekar/easybuild/build/RCCL/2.22.3/rocm-compilers-19.0.0-ROCm-6.4.1/easybuild_obj/hipify/src/init.cc:2228 -> 2
nid005016:45860:45860 [2] NCCL INFO /tmp/joglekar/easybuild/build/RCCL/2.22.3/rocm-compilers-19.0.0-ROCm-6.4.1/easybuild_obj/hipify/src/init.cc:2267 -> 2
nid005016:45860:45860 [2] NCCL INFO NET/OFI 1 SENDRECV domains still active at close
nid005016:45860:45860 [2] NCCL INFO NET/OFI 1 SENDRECV endpoints still active at close
nid005016:45860:45860 [2] NCCL INFO NET/OFI Endpoint 0x1495480061a0 still have ref count 4 when released
Failed: RCCL Error ../../../c/xccl/util/rccl/osu_util_rccl_impl.c: 50 'unhandled system error (run with NCCL_DEBUG=INFO for details)'

nid005016:45860:45860 [2] void generic_ofi_deleter<fid_type>::operator()(fid_type*) const [with fid_type = fid_ep]:88 NCCL WARN NET/OFI Failed to close fid_ep: Device or resource busy

nid005016:45860:45860 [2] void generic_ofi_deleter<fid_type>::operator()(fid_type*) const [with fid_type = fid_av]:88 NCCL WARN NET/OFI Failed to close fid_av: Device or resource busy

nid005016:45860:45860 [2] void generic_ofi_deleter<fid_type>::operator()(fid_type*) const [with fid_type = fid_cq]:88 NCCL WARN NET/OFI Failed to close fid_cq: Device or resource busy

nid005016:45860:45860 [2] void generic_ofi_deleter<fid_type>::operator()(fid_type*) const [with fid_type = fid_domain]:88 NCCL WARN NET/OFI Failed to close fid_domain: Device or resource busy
nid005016:45860:45860 [2] NCCL INFO NET/OFI MR cache 0 hits 5 misses
cxil_map: write error

nid005017:56647:56745 [7] ofi_mr_result nccl_ofi_ofiutils_mr_regattr(ofi_domain_ptr&, fi_mr_attr*, uint64_t):468 NCCL WARN NET/OFI Couldn't register memory region with regattr. RC: -22, ERROR: Invalid argument

nid005017:56647:56745 [7] int sendrecv_mr_buffers_register(nccl_net_ofi_sendrecv_domain_t*, fid_ep*, nccl_ofi_idpool_t*, int, nccl_ofi_mr_ckey_ref, int, nccl_net_ofi_sendrecv_mr_handle_t**):587 NCCL WARN NET/OFI Unable to register memory (type = 2) for device 3. RC: -22, Error: Invalid argument
nid005017:56647:56745 [7] NCCL INFO /tmp/joglekar/easybuild/build/RCCL/2.22.3/rocm-compilers-19.0.0-ROCm-6.4.1/easybuild_obj/hipify/src/transport/net_tmp.cc:1027 -> 3
nid005017:56647:56745 [7] NCCL INFO socketProgressOpt: abort called
nid005017:56647:56745 [7] NCCL INFO /tmp/joglekar/easybuild/build/RCCL/2.22.3/rocm-compilers-19.0.0-ROCm-6.4.1/easybuild_obj/hipify/src/misc/socket.cc:53 -> 3
nid005017:56647:56745 [7] NCCL INFO /tmp/joglekar/easybuild/build/RCCL/2.22.3/rocm-compilers-19.0.0-ROCm-6.4.1/easybuild_obj/hipify/src/misc/socket.cc:64 -> 3
nid005017:56647:56745 [7] NCCL INFO /tmp/joglekar/easybuild/build/RCCL/2.22.3/rocm-compilers-19.0.0-ROCm-6.4.1/easybuild_obj/hipify/src/misc/socket.cc:790 -> 3
nid005017:56647:56745 [7] NCCL INFO /tmp/joglekar/easybuild/build/RCCL/2.22.3/rocm-compilers-19.0.0-ROCm-6.4.1/easybuild_obj/hipify/src/proxy.cc:1367 -> 3

nid005017:56647:56745 [7] /tmp/joglekar/easybuild/build/RCCL/2.22.3/rocm-compilers-19.0.0-ROCm-6.4.1/easybuild_obj/hipify/src/proxy.cc:1518 NCCL WARN [Service thread] Error encountered progressing operation=Connect, res=3, closing connection
nid005017:56647:56745 [7] NCCL INFO socketProgressOpt: abort called
nid005017:56647:56745 [7] NCCL INFO /tmp/joglekar/easybuild/build/RCCL/2.22.3/rocm-compilers-19.0.0-ROCm-6.4.1/easybuild_obj/hipify/src/misc/socket.cc:841 -> 3

nid005017:56647:56745 [7] /tmp/joglekar/easybuild/build/RCCL/2.22.3/rocm-compilers-19.0.0-ROCm-6.4.1/easybuild_obj/hipify/src/proxy.cc:1528 NCCL WARN [Service thread] Could not receive type from localRank 7, res=3, closed=0

nid005017:56647:56745 [7] /tmp/joglekar/easybuild/build/RCCL/2.22.3/rocm-compilers-19.0.0-ROCm-6.4.1/easybuild_obj/hipify/src/proxy.cc:1552 NCCL WARN [Proxy Service 15] Failed to execute operation Connect from rank 15, retcode 3
Failed: RCCL Error ../../../c/xccl/util/rccl/osu_util_rccl_impl.c: 50 'unhandled system error (run with NCCL_DEBUG=INFO for details)'

nid005017:56647:56647 [7] /tmp/joglekar/easybuild/build/RCCL/2.22.3/rocm-compilers-19.0.0-ROCm-6.4.1/easybuild_obj/hipify/src/misc/socket.cc:490 NCCL WARN socketStartConnect: Connect to 10.253.38.63<47205> failed : Software caused connection abort
nid005017:56647:56647 [7] NCCL INFO /tmp/joglekar/easybuild/build/RCCL/2.22.3/rocm-compilers-19.0.0-ROCm-6.4.1/easybuild_obj/hipify/src/misc/socket.cc:573 -> 2
nid005017:56647:56647 [7] NCCL INFO /tmp/joglekar/easybuild/build/RCCL/2.22.3/rocm-compilers-19.0.0-ROCm-6.4.1/easybuild_obj/hipify/src/misc/socket.cc:625 -> 2
nid005017:56647:56647 [7] NCCL INFO /tmp/joglekar/easybuild/build/RCCL/2.22.3/rocm-compilers-19.0.0-ROCm-6.4.1/easybuild_obj/hipify/src/bootstrap.cc:292 -> 2
nid005017:56647:56647 [7] NCCL INFO /tmp/joglekar/easybuild/build/RCCL/2.22.3/rocm-compilers-19.0.0-ROCm-6.4.1/easybuild_obj/hipify/src/init.cc:1901 -> 2
nid005017:56647:56647 [7] NCCL INFO /tmp/joglekar/easybuild/build/RCCL/2.22.3/rocm-compilers-19.0.0-ROCm-6.4.1/easybuild_obj/hipify/src/init.cc:2228 -> 2
nid005017:56647:56647 [7] NCCL INFO /tmp/joglekar/easybuild/build/RCCL/2.22.3/rocm-compilers-19.0.0-ROCm-6.4.1/easybuild_obj/hipify/src/init.cc:2267 -> 2
nid005017:56647:56647 [7] NCCL INFO NET/OFI 1 SENDRECV domains still active at close
nid005017:56647:56647 [7] NCCL INFO NET/OFI 1 SENDRECV endpoints still active at close
nid005017:56647:56647 [7] NCCL INFO NET/OFI Endpoint 0x147e900061a0 still have ref count 4 when released

nid005017:56647:56647 [7] void generic_ofi_deleter<fid_type>::operator()(fid_type*) const [with fid_type = fid_ep]:88 NCCL WARN NET/OFI Failed to close fid_ep: Device or resource busy

nid005017:56647:56647 [7] void generic_ofi_deleter<fid_type>::operator()(fid_type*) const [with fid_type = fid_av]:88 NCCL WARN NET/OFI Failed to close fid_av: Device or resource busy

nid005017:56647:56647 [7] void generic_ofi_deleter<fid_type>::operator()(fid_type*) const [with fid_type = fid_cq]:88 NCCL WARN NET/OFI Failed to close fid_cq: Device or resource busy

nid005017:56647:56647 [7] void generic_ofi_deleter<fid_type>::operator()(fid_type*) const [with fid_type = fid_domain]:88 NCCL WARN NET/OFI Failed to close fid_domain: Device or resource busy
nid005017:56647:56647 [7] NCCL INFO NET/OFI MR cache 0 hits 5 misses
--------------------------------------------------------------------------
prterun detected that one or more processes exited with non-zero status,
thus causing the job to be terminated. The first process to do so was:

   Process name: [prterun-nid005016-45811@1,10]
   Exit code:    1
--------------------------------------------------------------------------
exit_code=1 (124=timeout/hang)
