GDR_LEVEL=3  NODES=nid007973 nid007974
=== osu_xccl_allreduce -m 1:8192, 90s timeout ===
#Using RCCL
#Using RCCL
#Using RCCL
#Using RCCL
#Using RCCL
#Using RCCL
#Using RCCL
#Using RCCL
#Using RCCL
#Using RCCL
#Using RCCL
#Using RCCL
#Using RCCL
#Using RCCL
#Using RCCL
#Using RCCL
nid007973:80835:80835 [0] NCCL INFO Kernel version: 6.4.0-150600.23.73_15.0.14-cray_shasta_c
nid007973:80835:80835 [0] NCCL INFO Disabled GDRCopy equivalent memory allocation on gfx90a due to GPU architecture
nid007973:80835:80835 [0] NCCL INFO NCCL_SOCKET_IFNAME set to hsn0,hsn1,hsn2,hsn3
nid007973:80835:80835 [0] NCCL INFO Bootstrap : Using hsn0:10.253.1.201<0>
nid007973:80835:80835 [0] NCCL INFO ROCr version 1.1
nid007973:80835:80835 [0] NCCL INFO Dmabuf feature disabled without NCCL_DMABUF_ENABLE=1
nid007973:80835:80835 [0] NCCL INFO Kernel version: 6.4.0-150600.23.73_15.0.14-cray_shasta_c
nid007973:80835:80835 [0] NCCL INFO RCCL version : 2.22.3-Unknown 
HIP version  : 6.4.43483-
ROCm version : 6.4.1.0-9999-unknown
Hostname     : nid007973
Librccl path : /users/joglekar/eessi/versions/2025.06/software/linux/x86_64/amd/zen3/software/RCCL/2.22.3-rocm-compilers-19.0.0-ROCm-6.4.1/lib/librccl.so.1
nid007973:80836:80836 [1] NCCL INFO ROCr version 1.1
nid007973:80836:80836 [1] NCCL INFO Dmabuf feature disabled without NCCL_DMABUF_ENABLE=1
nid007973:80836:80836 [1] NCCL INFO Kernel version: 6.4.0-150600.23.73_15.0.14-cray_shasta_c
nid007973:80840:80840 [4] NCCL INFO ROCr version 1.1
nid007973:80840:80840 [4] NCCL INFO Dmabuf feature disabled without NCCL_DMABUF_ENABLE=1
nid007973:80840:80840 [4] NCCL INFO Kernel version: 6.4.0-150600.23.73_15.0.14-cray_shasta_c
nid007973:80840:80840 [4] NCCL INFO Disabled GDRCopy equivalent memory allocation on gfx90a due to GPU architecture
nid007973:80840:80840 [4] NCCL INFO NCCL_SOCKET_IFNAME set to hsn0,hsn1,hsn2,hsn3
nid007973:80839:80839 [7] NCCL INFO ROCr version 1.1
nid007973:80839:80839 [7] NCCL INFO Dmabuf feature disabled without NCCL_DMABUF_ENABLE=1
nid007973:80839:80839 [7] NCCL INFO Kernel version: 6.4.0-150600.23.73_15.0.14-cray_shasta_c
nid007973:80836:80836 [1] NCCL INFO Disabled GDRCopy equivalent memory allocation on gfx90a due to GPU architecture
nid007973:80836:80836 [1] NCCL INFO NCCL_SOCKET_IFNAME set to hsn0,hsn1,hsn2,hsn3
nid007973:80838:80838 [5] NCCL INFO ROCr version 1.1
nid007973:80838:80838 [5] NCCL INFO Dmabuf feature disabled without NCCL_DMABUF_ENABLE=1
nid007973:80838:80838 [5] NCCL INFO Kernel version: 6.4.0-150600.23.73_15.0.14-cray_shasta_c
nid007973:80839:80839 [7] NCCL INFO Disabled GDRCopy equivalent memory allocation on gfx90a due to GPU architecture
nid007973:80839:80839 [7] NCCL INFO NCCL_SOCKET_IFNAME set to hsn0,hsn1,hsn2,hsn3
nid007973:80842:80842 [6] NCCL INFO ROCr version 1.1
nid007973:80842:80842 [6] NCCL INFO Dmabuf feature disabled without NCCL_DMABUF_ENABLE=1
nid007973:80842:80842 [6] NCCL INFO Kernel version: 6.4.0-150600.23.73_15.0.14-cray_shasta_c
nid007973:80842:80842 [6] NCCL INFO Disabled GDRCopy equivalent memory allocation on gfx90a due to GPU architecture
nid007973:80842:80842 [6] NCCL INFO NCCL_SOCKET_IFNAME set to hsn0,hsn1,hsn2,hsn3
nid007973:80837:80837 [2] NCCL INFO ROCr version 1.1
nid007973:80837:80837 [2] NCCL INFO Dmabuf feature disabled without NCCL_DMABUF_ENABLE=1
nid007973:80837:80837 [2] NCCL INFO Kernel version: 6.4.0-150600.23.73_15.0.14-cray_shasta_c
nid007973:80837:80837 [2] NCCL INFO Disabled GDRCopy equivalent memory allocation on gfx90a due to GPU architecture
nid007973:80837:80837 [2] NCCL INFO NCCL_SOCKET_IFNAME set to hsn0,hsn1,hsn2,hsn3
nid007973:80841:80841 [3] NCCL INFO ROCr version 1.1
nid007973:80841:80841 [3] NCCL INFO Dmabuf feature disabled without NCCL_DMABUF_ENABLE=1
nid007973:80841:80841 [3] NCCL INFO Kernel version: 6.4.0-150600.23.73_15.0.14-cray_shasta_c
nid007973:80841:80841 [3] NCCL INFO Disabled GDRCopy equivalent memory allocation on gfx90a due to GPU architecture
nid007973:80841:80841 [3] NCCL INFO NCCL_SOCKET_IFNAME set to hsn0,hsn1,hsn2,hsn3
nid007973:80838:80838 [5] NCCL INFO Disabled GDRCopy equivalent memory allocation on gfx90a due to GPU architecture
nid007973:80838:80838 [5] NCCL INFO NCCL_SOCKET_IFNAME set to hsn0,hsn1,hsn2,hsn3
nid007973:80840:80840 [4] NCCL INFO Bootstrap : Using hsn0:10.253.1.201<0>
nid007973:80840:80840 [4] NCCL INFO RCCL version : 2.22.3-Unknown 
HIP version  : 6.4.43483-
ROCm version : 6.4.1.0-9999-unknown
Hostname     : nid007973
Librccl path : /users/joglekar/eessi/versions/2025.06/software/linux/x86_64/amd/zen3/software/RCCL/2.22.3-rocm-compilers-19.0.0-ROCm-6.4.1/lib/librccl.so.1
nid007973:80839:80839 [7] NCCL INFO Bootstrap : Using hsn0:10.253.1.201<0>
nid007973:80839:80839 [7] NCCL INFO RCCL version : 2.22.3-Unknown 
HIP version  : 6.4.43483-
ROCm version : 6.4.1.0-9999-unknown
Hostname     : nid007973
Librccl path : /users/joglekar/eessi/versions/2025.06/software/linux/x86_64/amd/zen3/software/RCCL/2.22.3-rocm-compilers-19.0.0-ROCm-6.4.1/lib/librccl.so.1
nid007973:80836:80836 [1] NCCL INFO Bootstrap : Using hsn0:10.253.1.201<0>
nid007973:80836:80836 [1] NCCL INFO RCCL version : 2.22.3-Unknown 
HIP version  : 6.4.43483-
ROCm version : 6.4.1.0-9999-unknown
Hostname     : nid007973
Librccl path : /users/joglekar/eessi/versions/2025.06/software/linux/x86_64/amd/zen3/software/RCCL/2.22.3-rocm-compilers-19.0.0-ROCm-6.4.1/lib/librccl.so.1
nid007973:80837:80837 [2] NCCL INFO Bootstrap : Using hsn0:10.253.1.201<0>
nid007973:80837:80837 [2] NCCL INFO RCCL version : 2.22.3-Unknown 
HIP version  : 6.4.43483-
ROCm version : 6.4.1.0-9999-unknown
Hostname     : nid007973
Librccl path : /users/joglekar/eessi/versions/2025.06/software/linux/x86_64/amd/zen3/software/RCCL/2.22.3-rocm-compilers-19.0.0-ROCm-6.4.1/lib/librccl.so.1
nid007973:80838:80838 [5] NCCL INFO Bootstrap : Using hsn0:10.253.1.201<0>
nid007973:80838:80838 [5] NCCL INFO RCCL version : 2.22.3-Unknown 
HIP version  : 6.4.43483-
ROCm version : 6.4.1.0-9999-unknown
Hostname     : nid007973
Librccl path : /users/joglekar/eessi/versions/2025.06/software/linux/x86_64/amd/zen3/software/RCCL/2.22.3-rocm-compilers-19.0.0-ROCm-6.4.1/lib/librccl.so.1
nid007973:80842:80842 [6] NCCL INFO Bootstrap : Using hsn0:10.253.1.201<0>
nid007973:80842:80842 [6] NCCL INFO RCCL version : 2.22.3-Unknown 
HIP version  : 6.4.43483-
ROCm version : 6.4.1.0-9999-unknown
Hostname     : nid007973
Librccl path : /users/joglekar/eessi/versions/2025.06/software/linux/x86_64/amd/zen3/software/RCCL/2.22.3-rocm-compilers-19.0.0-ROCm-6.4.1/lib/librccl.so.1
nid007973:80841:80841 [3] NCCL INFO Bootstrap : Using hsn0:10.253.1.201<0>
nid007973:80841:80841 [3] NCCL INFO RCCL version : 2.22.3-Unknown 
HIP version  : 6.4.43483-
ROCm version : 6.4.1.0-9999-unknown
Hostname     : nid007973
Librccl path : /users/joglekar/eessi/versions/2025.06/software/linux/x86_64/amd/zen3/software/RCCL/2.22.3-rocm-compilers-19.0.0-ROCm-6.4.1/lib/librccl.so.1
nid007974:70013:70013 [7] NCCL INFO ROCr version 1.1
nid007974:70013:70013 [7] NCCL INFO Dmabuf feature disabled without NCCL_DMABUF_ENABLE=1
nid007974:70009:70009 [3] NCCL INFO ROCr version 1.1
nid007974:70009:70009 [3] NCCL INFO Dmabuf feature disabled without NCCL_DMABUF_ENABLE=1
nid007974:70006:70006 [0] NCCL INFO ROCr version 1.1
nid007974:70006:70006 [0] NCCL INFO Dmabuf feature disabled without NCCL_DMABUF_ENABLE=1
nid007974:70006:70006 [0] NCCL INFO Kernel version: 6.4.0-150600.23.73_15.0.14-cray_shasta_c
nid007974:70010:70010 [2] NCCL INFO ROCr version 1.1
nid007974:70010:70010 [2] NCCL INFO Dmabuf feature disabled without NCCL_DMABUF_ENABLE=1
nid007974:70010:70010 [2] NCCL INFO Kernel version: 6.4.0-150600.23.73_15.0.14-cray_shasta_c
nid007974:70012:70012 [1] NCCL INFO ROCr version 1.1
nid007974:70012:70012 [1] NCCL INFO Dmabuf feature disabled without NCCL_DMABUF_ENABLE=1
nid007974:70012:70012 [1] NCCL INFO Kernel version: 6.4.0-150600.23.73_15.0.14-cray_shasta_c
nid007974:70012:70012 [1] NCCL INFO Disabled GDRCopy equivalent memory allocation on gfx90a due to GPU architecture
nid007974:70012:70012 [1] NCCL INFO NCCL_SOCKET_IFNAME set to hsn0,hsn1,hsn2,hsn3
nid007974:70007:70007 [6] NCCL INFO ROCr version 1.1
nid007974:70007:70007 [6] NCCL INFO Dmabuf feature disabled without NCCL_DMABUF_ENABLE=1
nid007974:70007:70007 [6] NCCL INFO Kernel version: 6.4.0-150600.23.73_15.0.14-cray_shasta_c
nid007974:70007:70007 [6] NCCL INFO Disabled GDRCopy equivalent memory allocation on gfx90a due to GPU architecture
nid007974:70007:70007 [6] NCCL INFO NCCL_SOCKET_IFNAME set to hsn0,hsn1,hsn2,hsn3
nid007974:70008:70008 [4] NCCL INFO ROCr version 1.1
nid007974:70008:70008 [4] NCCL INFO Dmabuf feature disabled without NCCL_DMABUF_ENABLE=1
nid007974:70008:70008 [4] NCCL INFO Kernel version: 6.4.0-150600.23.73_15.0.14-cray_shasta_c
nid007974:70008:70008 [4] NCCL INFO Disabled GDRCopy equivalent memory allocation on gfx90a due to GPU architecture
nid007974:70008:70008 [4] NCCL INFO NCCL_SOCKET_IFNAME set to hsn0,hsn1,hsn2,hsn3
nid007974:70011:70011 [5] NCCL INFO ROCr version 1.1
nid007974:70011:70011 [5] NCCL INFO Dmabuf feature disabled without NCCL_DMABUF_ENABLE=1
nid007974:70011:70011 [5] NCCL INFO Kernel version: 6.4.0-150600.23.73_15.0.14-cray_shasta_c
nid007974:70011:70011 [5] NCCL INFO Disabled GDRCopy equivalent memory allocation on gfx90a due to GPU architecture
nid007974:70011:70011 [5] NCCL INFO NCCL_SOCKET_IFNAME set to hsn0,hsn1,hsn2,hsn3
nid007974:70013:70013 [7] NCCL INFO Kernel version: 6.4.0-150600.23.73_15.0.14-cray_shasta_c
nid007974:70013:70013 [7] NCCL INFO Disabled GDRCopy equivalent memory allocation on gfx90a due to GPU architecture
nid007974:70013:70013 [7] NCCL INFO NCCL_SOCKET_IFNAME set to hsn0,hsn1,hsn2,hsn3
nid007974:70009:70009 [3] NCCL INFO Kernel version: 6.4.0-150600.23.73_15.0.14-cray_shasta_c
nid007974:70009:70009 [3] NCCL INFO Disabled GDRCopy equivalent memory allocation on gfx90a due to GPU architecture
nid007974:70009:70009 [3] NCCL INFO NCCL_SOCKET_IFNAME set to hsn0,hsn1,hsn2,hsn3
nid007974:70010:70010 [2] NCCL INFO Disabled GDRCopy equivalent memory allocation on gfx90a due to GPU architecture
nid007974:70010:70010 [2] NCCL INFO NCCL_SOCKET_IFNAME set to hsn0,hsn1,hsn2,hsn3
nid007974:70006:70006 [0] NCCL INFO Disabled GDRCopy equivalent memory allocation on gfx90a due to GPU architecture
nid007974:70006:70006 [0] NCCL INFO NCCL_SOCKET_IFNAME set to hsn0,hsn1,hsn2,hsn3
nid007974:70013:70013 [7] NCCL INFO Bootstrap : Using hsn0:10.253.26.197<0>
nid007974:70013:70013 [7] NCCL INFO RCCL version : 2.22.3-Unknown 
HIP version  : 6.4.43483-
ROCm version : 6.4.1.0-9999-unknown
Hostname     : nid007974
Librccl path : /users/joglekar/eessi/versions/2025.06/software/linux/x86_64/amd/zen3/software/RCCL/2.22.3-rocm-compilers-19.0.0-ROCm-6.4.1/lib/librccl.so.1
nid007974:70008:70008 [4] NCCL INFO Bootstrap : Using hsn0:10.253.26.197<0>
nid007974:70008:70008 [4] NCCL INFO RCCL version : 2.22.3-Unknown 
HIP version  : 6.4.43483-
ROCm version : 6.4.1.0-9999-unknown
Hostname     : nid007974
Librccl path : /users/joglekar/eessi/versions/2025.06/software/linux/x86_64/amd/zen3/software/RCCL/2.22.3-rocm-compilers-19.0.0-ROCm-6.4.1/lib/librccl.so.1
nid007974:70006:70006 [0] NCCL INFO Bootstrap : Using hsn0:10.253.26.197<0>
nid007974:70006:70006 [0] NCCL INFO RCCL version : 2.22.3-Unknown 
HIP version  : 6.4.43483-
ROCm version : 6.4.1.0-9999-unknown
Hostname     : nid007974
Librccl path : /users/joglekar/eessi/versions/2025.06/software/linux/x86_64/amd/zen3/software/RCCL/2.22.3-rocm-compilers-19.0.0-ROCm-6.4.1/lib/librccl.so.1
nid007974:70011:70011 [5] NCCL INFO Bootstrap : Using hsn0:10.253.26.197<0>
nid007974:70011:70011 [5] NCCL INFO RCCL version : 2.22.3-Unknown 
HIP version  : 6.4.43483-
ROCm version : 6.4.1.0-9999-unknown
Hostname     : nid007974
Librccl path : /users/joglekar/eessi/versions/2025.06/software/linux/x86_64/amd/zen3/software/RCCL/2.22.3-rocm-compilers-19.0.0-ROCm-6.4.1/lib/librccl.so.1
nid007974:70007:70007 [6] NCCL INFO Bootstrap : Using hsn0:10.253.26.197<0>
nid007974:70007:70007 [6] NCCL INFO RCCL version : 2.22.3-Unknown 
HIP version  : 6.4.43483-
ROCm version : 6.4.1.0-9999-unknown
Hostname     : nid007974
Librccl path : /users/joglekar/eessi/versions/2025.06/software/linux/x86_64/amd/zen3/software/RCCL/2.22.3-rocm-compilers-19.0.0-ROCm-6.4.1/lib/librccl.so.1
nid007974:70009:70009 [3] NCCL INFO Bootstrap : Using hsn0:10.253.26.197<0>
nid007974:70009:70009 [3] NCCL INFO RCCL version : 2.22.3-Unknown 
HIP version  : 6.4.43483-
ROCm version : 6.4.1.0-9999-unknown
Hostname     : nid007974
Librccl path : /users/joglekar/eessi/versions/2025.06/software/linux/x86_64/amd/zen3/software/RCCL/2.22.3-rocm-compilers-19.0.0-ROCm-6.4.1/lib/librccl.so.1
nid007974:70010:70010 [2] NCCL INFO Bootstrap : Using hsn0:10.253.26.197<0>
nid007974:70010:70010 [2] NCCL INFO RCCL version : 2.22.3-Unknown 
HIP version  : 6.4.43483-
ROCm version : 6.4.1.0-9999-unknown
Hostname     : nid007974
Librccl path : /users/joglekar/eessi/versions/2025.06/software/linux/x86_64/amd/zen3/software/RCCL/2.22.3-rocm-compilers-19.0.0-ROCm-6.4.1/lib/librccl.so.1
nid007974:70012:70012 [1] NCCL INFO Bootstrap : Using hsn0:10.253.26.197<0>
nid007974:70012:70012 [1] NCCL INFO RCCL version : 2.22.3-Unknown 
HIP version  : 6.4.43483-
ROCm version : 6.4.1.0-9999-unknown
Hostname     : nid007974
Librccl path : /users/joglekar/eessi/versions/2025.06/software/linux/x86_64/amd/zen3/software/RCCL/2.22.3-rocm-compilers-19.0.0-ROCm-6.4.1/lib/librccl.so.1
nid007973:80836:80836 [1] NCCL INFO NET/Plugin: Plugin name set by env to /users/joglekar/eessi/aws-ofi-nccl-scratch/lib/librccl-net.so
nid007973:80836:80836 [1] NCCL INFO NET/Plugin: Failed to find ncclCollNetPlugin_v8 symbol.
nid007973:80836:80836 [1] NCCL INFO NET/Plugin: Failed to find ncclCollNetPlugin symbol (>= v5). ncclCollNetPlugin symbols v4 and lower are not supported.
nid007973:80839:80839 [7] NCCL INFO NET/Plugin: Plugin name set by env to /users/joglekar/eessi/aws-ofi-nccl-scratch/lib/librccl-net.so
nid007973:80839:80839 [7] NCCL INFO NET/Plugin: Failed to find ncclCollNetPlugin_v8 symbol.
nid007973:80839:80839 [7] NCCL INFO NET/Plugin: Failed to find ncclCollNetPlugin symbol (>= v5). ncclCollNetPlugin symbols v4 and lower are not supported.
nid007973:80838:80838 [5] NCCL INFO NET/Plugin: Plugin name set by env to /users/joglekar/eessi/aws-ofi-nccl-scratch/lib/librccl-net.so
nid007973:80838:80838 [5] NCCL INFO NET/Plugin: Failed to find ncclCollNetPlugin_v8 symbol.
nid007973:80838:80838 [5] NCCL INFO NET/Plugin: Failed to find ncclCollNetPlugin symbol (>= v5). ncclCollNetPlugin symbols v4 and lower are not supported.
nid007973:80842:80842 [6] NCCL INFO NET/Plugin: Plugin name set by env to /users/joglekar/eessi/aws-ofi-nccl-scratch/lib/librccl-net.so
nid007973:80842:80842 [6] NCCL INFO NET/Plugin: Failed to find ncclCollNetPlugin_v8 symbol.
nid007973:80842:80842 [6] NCCL INFO NET/Plugin: Failed to find ncclCollNetPlugin symbol (>= v5). ncclCollNetPlugin symbols v4 and lower are not supported.
nid007973:80837:80837 [2] NCCL INFO NET/Plugin: Plugin name set by env to /users/joglekar/eessi/aws-ofi-nccl-scratch/lib/librccl-net.so
nid007973:80837:80837 [2] NCCL INFO NET/Plugin: Failed to find ncclCollNetPlugin_v8 symbol.
nid007973:80837:80837 [2] NCCL INFO NET/Plugin: Failed to find ncclCollNetPlugin symbol (>= v5). ncclCollNetPlugin symbols v4 and lower are not supported.
nid007973:80840:80840 [4] NCCL INFO NET/Plugin: Plugin name set by env to /users/joglekar/eessi/aws-ofi-nccl-scratch/lib/librccl-net.so
nid007973:80840:80840 [4] NCCL INFO NET/Plugin: Failed to find ncclCollNetPlugin_v8 symbol.
nid007973:80840:80840 [4] NCCL INFO NET/Plugin: Failed to find ncclCollNetPlugin symbol (>= v5). ncclCollNetPlugin symbols v4 and lower are not supported.
nid007973:80835:80835 [0] NCCL INFO NET/Plugin: Plugin name set by env to /users/joglekar/eessi/aws-ofi-nccl-scratch/lib/librccl-net.so
nid007973:80835:80835 [0] NCCL INFO NET/Plugin: Failed to find ncclCollNetPlugin_v8 symbol.
nid007973:80835:80835 [0] NCCL INFO NET/Plugin: Failed to find ncclCollNetPlugin symbol (>= v5). ncclCollNetPlugin symbols v4 and lower are not supported.
nid007973:80841:80841 [3] NCCL INFO NET/Plugin: Plugin name set by env to /users/joglekar/eessi/aws-ofi-nccl-scratch/lib/librccl-net.so
nid007973:80841:80841 [3] NCCL INFO NET/Plugin: Failed to find ncclCollNetPlugin_v8 symbol.
nid007973:80841:80841 [3] NCCL INFO NET/Plugin: Failed to find ncclCollNetPlugin symbol (>= v5). ncclCollNetPlugin symbols v4 and lower are not supported.
nid007974:70009:70009 [3] NCCL INFO NET/Plugin: Plugin name set by env to /users/joglekar/eessi/aws-ofi-nccl-scratch/lib/librccl-net.so
nid007974:70009:70009 [3] NCCL INFO NET/Plugin: Failed to find ncclCollNetPlugin_v8 symbol.
nid007974:70009:70009 [3] NCCL INFO NET/Plugin: Failed to find ncclCollNetPlugin symbol (>= v5). ncclCollNetPlugin symbols v4 and lower are not supported.
nid007974:70013:70013 [7] NCCL INFO NET/Plugin: Plugin name set by env to /users/joglekar/eessi/aws-ofi-nccl-scratch/lib/librccl-net.so
nid007974:70013:70013 [7] NCCL INFO NET/Plugin: Failed to find ncclCollNetPlugin_v8 symbol.
nid007974:70013:70013 [7] NCCL INFO NET/Plugin: Failed to find ncclCollNetPlugin symbol (>= v5). ncclCollNetPlugin symbols v4 and lower are not supported.
nid007974:70006:70006 [0] NCCL INFO NET/Plugin: Plugin name set by env to /users/joglekar/eessi/aws-ofi-nccl-scratch/lib/librccl-net.so
nid007974:70006:70006 [0] NCCL INFO NET/Plugin: Failed to find ncclCollNetPlugin_v8 symbol.
nid007974:70006:70006 [0] NCCL INFO NET/Plugin: Failed to find ncclCollNetPlugin symbol (>= v5). ncclCollNetPlugin symbols v4 and lower are not supported.
nid007974:70007:70007 [6] NCCL INFO NET/Plugin: Plugin name set by env to /users/joglekar/eessi/aws-ofi-nccl-scratch/lib/librccl-net.so
nid007974:70007:70007 [6] NCCL INFO NET/Plugin: Failed to find ncclCollNetPlugin_v8 symbol.
nid007974:70007:70007 [6] NCCL INFO NET/Plugin: Failed to find ncclCollNetPlugin symbol (>= v5). ncclCollNetPlugin symbols v4 and lower are not supported.
nid007974:70008:70008 [4] NCCL INFO NET/Plugin: Plugin name set by env to /users/joglekar/eessi/aws-ofi-nccl-scratch/lib/librccl-net.so
nid007974:70008:70008 [4] NCCL INFO NET/Plugin: Failed to find ncclCollNetPlugin_v8 symbol.
nid007974:70008:70008 [4] NCCL INFO NET/Plugin: Failed to find ncclCollNetPlugin symbol (>= v5). ncclCollNetPlugin symbols v4 and lower are not supported.
nid007974:70010:70010 [2] NCCL INFO NET/Plugin: Plugin name set by env to /users/joglekar/eessi/aws-ofi-nccl-scratch/lib/librccl-net.so
nid007974:70010:70010 [2] NCCL INFO NET/Plugin: Failed to find ncclCollNetPlugin_v8 symbol.
nid007974:70010:70010 [2] NCCL INFO NET/Plugin: Failed to find ncclCollNetPlugin symbol (>= v5). ncclCollNetPlugin symbols v4 and lower are not supported.
nid007974:70012:70012 [1] NCCL INFO NET/Plugin: Plugin name set by env to /users/joglekar/eessi/aws-ofi-nccl-scratch/lib/librccl-net.so
nid007974:70012:70012 [1] NCCL INFO NET/Plugin: Failed to find ncclCollNetPlugin_v8 symbol.
nid007974:70012:70012 [1] NCCL INFO NET/Plugin: Failed to find ncclCollNetPlugin symbol (>= v5). ncclCollNetPlugin symbols v4 and lower are not supported.
nid007974:70011:70011 [5] NCCL INFO NET/Plugin: Plugin name set by env to /users/joglekar/eessi/aws-ofi-nccl-scratch/lib/librccl-net.so
nid007974:70011:70011 [5] NCCL INFO NET/Plugin: Failed to find ncclCollNetPlugin_v8 symbol.
nid007974:70011:70011 [5] NCCL INFO NET/Plugin: Failed to find ncclCollNetPlugin symbol (>= v5). ncclCollNetPlugin symbols v4 and lower are not supported.
nid007973:80835:80835 [0] NCCL INFO NET/OFI Initializing aws-ofi-nccl 1.19.2
nid007973:80841:80841 [3] NCCL INFO NET/OFI Initializing aws-ofi-nccl 1.19.2
nid007973:80839:80839 [7] NCCL INFO NET/OFI Initializing aws-ofi-nccl 1.19.2
nid007973:80837:80837 [2] NCCL INFO NET/OFI Initializing aws-ofi-nccl 1.19.2
nid007973:80842:80842 [6] NCCL INFO NET/OFI Initializing aws-ofi-nccl 1.19.2
nid007973:80838:80838 [5] NCCL INFO NET/OFI Initializing aws-ofi-nccl 1.19.2
nid007973:80836:80836 [1] NCCL INFO NET/OFI Initializing aws-ofi-nccl 1.19.2
nid007973:80840:80840 [4] NCCL INFO NET/OFI Initializing aws-ofi-nccl 1.19.2
nid007974:70009:70009 [3] NCCL INFO NET/OFI Initializing aws-ofi-nccl 1.19.2
nid007974:70009:70009 [3] NCCL INFO NET/OFI Using Libfabric version 1.22
nid007974:70009:70009 [3] NCCL INFO NET/OFI Using HIP driver version 60443483 with runtime 60443483
nid007974:70006:70006 [0] NCCL INFO NET/OFI Initializing aws-ofi-nccl 1.19.2
nid007974:70006:70006 [0] NCCL INFO NET/OFI Using Libfabric version 1.22
nid007974:70006:70006 [0] NCCL INFO NET/OFI Using HIP driver version 60443483 with runtime 60443483
nid007974:70007:70007 [6] NCCL INFO NET/OFI Initializing aws-ofi-nccl 1.19.2
nid007974:70007:70007 [6] NCCL INFO NET/OFI Using Libfabric version 1.22
nid007974:70007:70007 [6] NCCL INFO NET/OFI Using HIP driver version 60443483 with runtime 60443483
nid007974:70013:70013 [7] NCCL INFO NET/OFI Initializing aws-ofi-nccl 1.19.2
nid007974:70013:70013 [7] NCCL INFO NET/OFI Using Libfabric version 1.22
nid007974:70013:70013 [7] NCCL INFO NET/OFI Using HIP driver version 60443483 with runtime 60443483
nid007974:70008:70008 [4] NCCL INFO NET/OFI Initializing aws-ofi-nccl 1.19.2
nid007974:70008:70008 [4] NCCL INFO NET/OFI Using Libfabric version 1.22
nid007974:70008:70008 [4] NCCL INFO NET/OFI Using HIP driver version 60443483 with runtime 60443483
nid007974:70011:70011 [5] NCCL INFO NET/OFI Initializing aws-ofi-nccl 1.19.2
nid007974:70011:70011 [5] NCCL INFO NET/OFI Using Libfabric version 1.22
nid007974:70011:70011 [5] NCCL INFO NET/OFI Using HIP driver version 60443483 with runtime 60443483
nid007974:70012:70012 [1] NCCL INFO NET/OFI Initializing aws-ofi-nccl 1.19.2
nid007974:70012:70012 [1] NCCL INFO NET/OFI Using Libfabric version 1.22
nid007974:70012:70012 [1] NCCL INFO NET/OFI Using HIP driver version 60443483 with runtime 60443483
nid007974:70010:70010 [2] NCCL INFO NET/OFI Initializing aws-ofi-nccl 1.19.2
nid007974:70010:70010 [2] NCCL INFO NET/OFI Using Libfabric version 1.22
nid007974:70010:70010 [2] NCCL INFO NET/OFI Using HIP driver version 60443483 with runtime 60443483
nid007973:80837:80837 [2] NCCL INFO NET/OFI Using Libfabric version 1.22
nid007973:80837:80837 [2] NCCL INFO NET/OFI Using HIP driver version 60443483 with runtime 60443483
nid007973:80838:80838 [5] NCCL INFO NET/OFI Using Libfabric version 1.22
nid007973:80838:80838 [5] NCCL INFO NET/OFI Using HIP driver version 60443483 with runtime 60443483
nid007973:80836:80836 [1] NCCL INFO NET/OFI Using Libfabric version 1.22
nid007973:80836:80836 [1] NCCL INFO NET/OFI Using HIP driver version 60443483 with runtime 60443483
nid007973:80841:80841 [3] NCCL INFO NET/OFI Using Libfabric version 1.22
nid007973:80841:80841 [3] NCCL INFO NET/OFI Using HIP driver version 60443483 with runtime 60443483
nid007973:80840:80840 [4] NCCL INFO NET/OFI Using Libfabric version 1.22
nid007973:80840:80840 [4] NCCL INFO NET/OFI Using HIP driver version 60443483 with runtime 60443483
nid007973:80842:80842 [6] NCCL INFO NET/OFI Using Libfabric version 1.22
nid007973:80842:80842 [6] NCCL INFO NET/OFI Using HIP driver version 60443483 with runtime 60443483
nid007973:80839:80839 [7] NCCL INFO NET/OFI Using Libfabric version 1.22
nid007973:80839:80839 [7] NCCL INFO NET/OFI Using HIP driver version 60443483 with runtime 60443483
nid007973:80835:80835 [0] NCCL INFO NET/OFI Using Libfabric version 1.22
nid007973:80835:80835 [0] NCCL INFO NET/OFI Using HIP driver version 60443483 with runtime 60443483
nid007973:80839:80839 [7] NCCL INFO NET/OFI Plugin selected platform: Default
nid007973:80840:80840 [4] NCCL INFO NET/OFI Plugin selected platform: Default
nid007973:80839:80839 [7] NCCL INFO NET/OFI No eligible providers were found
nid007973:80840:80840 [4] NCCL INFO NET/OFI No eligible providers were found
nid007973:80840:80840 [4] NCCL INFO NET/OFI Selected provider is cxi, fabric is cxi (found 4 nics)
nid007973:80840:80840 [4] NCCL INFO NET/OFI Using transport protocol SENDRECV
nid007973:80839:80839 [7] NCCL INFO NET/OFI Selected provider is cxi, fabric is cxi (found 4 nics)
nid007973:80839:80839 [7] NCCL INFO NET/OFI Using transport protocol SENDRECV
nid007973:80836:80836 [1] NCCL INFO NET/OFI Plugin selected platform: Default
nid007973:80836:80836 [1] NCCL INFO NET/OFI No eligible providers were found
nid007973:80836:80836 [1] NCCL INFO NET/OFI Selected provider is cxi, fabric is cxi (found 4 nics)
nid007973:80836:80836 [1] NCCL INFO NET/OFI Using transport protocol SENDRECV
nid007973:80840:80840 [4] NCCL INFO NET/OFI Support for global registrations: false
nid007973:80840:80840 [4] NCCL INFO NET/OFI Support for DMA-BUF registrations: true
nid007973:80841:80841 [3] NCCL INFO NET/OFI Plugin selected platform: Default
nid007973:80842:80842 [6] NCCL INFO NET/OFI Plugin selected platform: Default
nid007973:80841:80841 [3] NCCL INFO NET/OFI No eligible providers were found
nid007973:80842:80842 [6] NCCL INFO NET/OFI No eligible providers were found
nid007973:80839:80839 [7] NCCL INFO NET/OFI Support for global registrations: false
nid007973:80839:80839 [7] NCCL INFO NET/OFI Support for DMA-BUF registrations: true
nid007973:80835:80835 [0] NCCL INFO NET/OFI Plugin selected platform: Default
nid007973:80835:80835 [0] NCCL INFO NET/OFI No eligible providers were found
nid007973:80836:80836 [1] NCCL INFO NET/OFI Support for global registrations: false
nid007973:80836:80836 [1] NCCL INFO NET/OFI Support for DMA-BUF registrations: true
nid007973:80842:80842 [6] NCCL INFO NET/OFI Selected provider is cxi, fabric is cxi (found 4 nics)
nid007973:80842:80842 [6] NCCL INFO NET/OFI Using transport protocol SENDRECV
nid007973:80841:80841 [3] NCCL INFO NET/OFI Selected provider is cxi, fabric is cxi (found 4 nics)
nid007973:80841:80841 [3] NCCL INFO NET/OFI Using transport protocol SENDRECV
nid007973:80835:80835 [0] NCCL INFO NET/OFI Selected provider is cxi, fabric is cxi (found 4 nics)
nid007973:80835:80835 [0] NCCL INFO NET/OFI Using transport protocol SENDRECV
nid007973:80840:80840 [4] NCCL INFO NET/OFI MR cache 0 hits 0 misses
nid007973:80839:80839 [7] NCCL INFO NET/OFI MR cache 0 hits 0 misses
nid007973:80840:80840 [4] NCCL INFO Using network Libfabric
nid007973:80839:80839 [7] NCCL INFO Using network Libfabric
nid007973:80836:80836 [1] NCCL INFO NET/OFI MR cache 0 hits 0 misses
nid007973:80836:80836 [1] NCCL INFO Using network Libfabric
nid007973:80837:80837 [2] NCCL INFO NET/OFI Plugin selected platform: Default
nid007973:80837:80837 [2] NCCL INFO NET/OFI No eligible providers were found
nid007973:80842:80842 [6] NCCL INFO NET/OFI Support for global registrations: false
nid007973:80842:80842 [6] NCCL INFO NET/OFI Support for DMA-BUF registrations: true
nid007973:80841:80841 [3] NCCL INFO NET/OFI Support for global registrations: false
nid007973:80841:80841 [3] NCCL INFO NET/OFI Support for DMA-BUF registrations: true
nid007973:80835:80835 [0] NCCL INFO NET/OFI Support for global registrations: false
nid007973:80835:80835 [0] NCCL INFO NET/OFI Support for DMA-BUF registrations: true
nid007973:80837:80837 [2] NCCL INFO NET/OFI Selected provider is cxi, fabric is cxi (found 4 nics)
nid007973:80837:80837 [2] NCCL INFO NET/OFI Using transport protocol SENDRECV
nid007973:80842:80842 [6] NCCL INFO NET/OFI MR cache 0 hits 0 misses
nid007973:80842:80842 [6] NCCL INFO Using network Libfabric
nid007973:80841:80841 [3] NCCL INFO NET/OFI MR cache 0 hits 0 misses
nid007973:80835:80835 [0] NCCL INFO NET/OFI MR cache 0 hits 0 misses
nid007973:80841:80841 [3] NCCL INFO Using network Libfabric
nid007973:80835:80835 [0] NCCL INFO Using network Libfabric
nid007973:80838:80838 [5] NCCL INFO NET/OFI Plugin selected platform: Default
nid007973:80838:80838 [5] NCCL INFO NET/OFI No eligible providers were found
nid007973:80838:80838 [5] NCCL INFO NET/OFI Selected provider is cxi, fabric is cxi (found 4 nics)
nid007973:80838:80838 [5] NCCL INFO NET/OFI Using transport protocol SENDRECV
nid007973:80837:80837 [2] NCCL INFO NET/OFI Support for global registrations: false
nid007973:80837:80837 [2] NCCL INFO NET/OFI Support for DMA-BUF registrations: true
nid007973:80837:80837 [2] NCCL INFO NET/OFI MR cache 0 hits 0 misses
nid007973:80837:80837 [2] NCCL INFO Using network Libfabric
nid007973:80838:80838 [5] NCCL INFO NET/OFI Support for global registrations: false
nid007973:80838:80838 [5] NCCL INFO NET/OFI Support for DMA-BUF registrations: true
nid007973:80838:80838 [5] NCCL INFO NET/OFI MR cache 0 hits 0 misses
nid007973:80838:80838 [5] NCCL INFO Using network Libfabric
nid007973:80842:80842 [6] NCCL INFO [node_id = 4; gpu_id = 63582; unique_id = 3757274461453605833; location_id = 49408; bdf = 49408; domain = 0; partition = 0], 
nid007973:80842:80842 [6] NCCL INFO [node_id = 11; gpu_id = 49174; unique_id = 4367453478195552692; location_id = 56832; bdf = 56832; domain = 0; partition = 0], 
nid007973:80842:80842 [6] NCCL INFO [node_id = 9; gpu_id = 1553; unique_id = 7576451504156942420; location_id = 54784; bdf = 54784; domain = 0; partition = 0], 
nid007973:80842:80842 [6] NCCL INFO [node_id = 7; gpu_id = 3099; unique_id = 12098470678104802580; location_id = 52736; bdf = 52736; domain = 0; partition = 0], 
nid007973:80842:80842 [6] NCCL INFO [node_id = 8; gpu_id = 13395; unique_id = 12963709323771956415; location_id = 53504; bdf = 53504; domain = 0; partition = 0], 
nid007973:80842:80842 [6] NCCL INFO [node_id = 6; gpu_id = 15961; unique_id = 13877041859867829095; location_id = 51456; bdf = 51456; domain = 0; partition = 0], 
nid007973:80842:80842 [6] NCCL INFO [node_id = 10; gpu_id = 62036; unique_id = 15874679735388385594; location_id = 55552; bdf = 55552; domain = 0; partition = 0], 
nid007973:80842:80842 [6] NCCL INFO [node_id = 5; gpu_id = 51740; unique_id = 16890439821764794324; location_id = 50688; bdf = 50688; domain = 0; partition = 0], 
nid007973:80839:80839 [7] NCCL INFO [node_id = 4; gpu_id = 63582; unique_id = 3757274461453605833; location_id = 49408; bdf = 49408; domain = 0; partition = 0], 
nid007973:80839:80839 [7] NCCL INFO [node_id = 11; gpu_id = 49174; unique_id = 4367453478195552692; location_id = 56832; bdf = 56832; domain = 0; partition = 0], 
nid007973:80839:80839 [7] NCCL INFO [node_id = 9; gpu_id = 1553; unique_id = 7576451504156942420; location_id = 54784; bdf = 54784; domain = 0; partition = 0], 
nid007973:80839:80839 [7] NCCL INFO [node_id = 7; gpu_id = 3099; unique_id = 12098470678104802580; location_id = 52736; bdf = 52736; domain = 0; partition = 0], 
nid007973:80839:80839 [7] NCCL INFO [node_id = 8; gpu_id = 13395; unique_id = 12963709323771956415; location_id = 53504; bdf = 53504; domain = 0; partition = 0], 
nid007973:80839:80839 [7] NCCL INFO [node_id = 6; gpu_id = 15961; unique_id = 13877041859867829095; location_id = 51456; bdf = 51456; domain = 0; partition = 0], 
nid007973:80839:80839 [7] NCCL INFO [node_id = 10; gpu_id = 62036; unique_id = 15874679735388385594; location_id = 55552; bdf = 55552; domain = 0; partition = 0], 
nid007973:80839:80839 [7] NCCL INFO [node_id = 5; gpu_id = 51740; unique_id = 16890439821764794324; location_id = 50688; bdf = 50688; domain = 0; partition = 0], 
nid007973:80840:80840 [4] NCCL INFO [node_id = 4; gpu_id = 63582; unique_id = 3757274461453605833; location_id = 49408; bdf = 49408; domain = 0; partition = 0], 
nid007973:80840:80840 [4] NCCL INFO [node_id = 11; gpu_id = 49174; unique_id = 4367453478195552692; location_id = 56832; bdf = 56832; domain = 0; partition = 0], 
nid007973:80840:80840 [4] NCCL INFO [node_id = 9; gpu_id = 1553; unique_id = 7576451504156942420; location_id = 54784; bdf = 54784; domain = 0; partition = 0], 
nid007973:80840:80840 [4] NCCL INFO [node_id = 7; gpu_id = 3099; unique_id = 12098470678104802580; location_id = 52736; bdf = 52736; domain = 0; partition = 0], 
nid007973:80840:80840 [4] NCCL INFO [node_id = 8; gpu_id = 13395; unique_id = 12963709323771956415; location_id = 53504; bdf = 53504; domain = 0; partition = 0], 
nid007973:80840:80840 [4] NCCL INFO [node_id = 6; gpu_id = 15961; unique_id = 13877041859867829095; location_id = 51456; bdf = 51456; domain = 0; partition = 0], 
nid007973:80840:80840 [4] NCCL INFO [node_id = 10; gpu_id = 62036; unique_id = 15874679735388385594; location_id = 55552; bdf = 55552; domain = 0; partition = 0], 
nid007973:80840:80840 [4] NCCL INFO [node_id = 5; gpu_id = 51740; unique_id = 16890439821764794324; location_id = 50688; bdf = 50688; domain = 0; partition = 0], 
nid007973:80836:80836 [1] NCCL INFO [node_id = 4; gpu_id = 63582; unique_id = 3757274461453605833; location_id = 49408; bdf = 49408; domain = 0; partition = 0], 
nid007973:80836:80836 [1] NCCL INFO [node_id = 11; gpu_id = 49174; unique_id = 4367453478195552692; location_id = 56832; bdf = 56832; domain = 0; partition = 0], 
nid007973:80836:80836 [1] NCCL INFO [node_id = 9; gpu_id = 1553; unique_id = 7576451504156942420; location_id = 54784; bdf = 54784; domain = 0; partition = 0], 
nid007973:80836:80836 [1] NCCL INFO [node_id = 7; gpu_id = 3099; unique_id = 12098470678104802580; location_id = 52736; bdf = 52736; domain = 0; partition = 0], 
nid007973:80836:80836 [1] NCCL INFO [node_id = 8; gpu_id = 13395; unique_id = 12963709323771956415; location_id = 53504; bdf = 53504; domain = 0; partition = 0], 
nid007973:80836:80836 [1] NCCL INFO [node_id = 6; gpu_id = 15961; unique_id = 13877041859867829095; location_id = 51456; bdf = 51456; domain = 0; partition = 0], 
nid007973:80836:80836 [1] NCCL INFO [node_id = 10; gpu_id = 62036; unique_id = 15874679735388385594; location_id = 55552; bdf = 55552; domain = 0; partition = 0], 
nid007973:80836:80836 [1] NCCL INFO [node_id = 5; gpu_id = 51740; unique_id = 16890439821764794324; location_id = 50688; bdf = 50688; domain = 0; partition = 0], 
nid007973:80841:80841 [3] NCCL INFO [node_id = 4; gpu_id = 63582; unique_id = 3757274461453605833; location_id = 49408; bdf = 49408; domain = 0; partition = 0], 
nid007973:80841:80841 [3] NCCL INFO [node_id = 11; gpu_id = 49174; unique_id = 4367453478195552692; location_id = 56832; bdf = 56832; domain = 0; partition = 0], 
nid007973:80841:80841 [3] NCCL INFO [node_id = 9; gpu_id = 1553; unique_id = 7576451504156942420; location_id = 54784; bdf = 54784; domain = 0; partition = 0], 
nid007973:80841:80841 [3] NCCL INFO [node_id = 7; gpu_id = 3099; unique_id = 12098470678104802580; location_id = 52736; bdf = 52736; domain = 0; partition = 0], 
nid007973:80841:80841 [3] NCCL INFO [node_id = 8; gpu_id = 13395; unique_id = 12963709323771956415; location_id = 53504; bdf = 53504; domain = 0; partition = 0], 
nid007973:80841:80841 [3] NCCL INFO [node_id = 6; gpu_id = 15961; unique_id = 13877041859867829095; location_id = 51456; bdf = 51456; domain = 0; partition = 0], 
nid007973:80841:80841 [3] NCCL INFO [node_id = 10; gpu_id = 62036; unique_id = 15874679735388385594; location_id = 55552; bdf = 55552; domain = 0; partition = 0], 
nid007973:80841:80841 [3] NCCL INFO [node_id = 5; gpu_id = 51740; unique_id = 16890439821764794324; location_id = 50688; bdf = 50688; domain = 0; partition = 0], 
nid007973:80837:80837 [2] NCCL INFO [node_id = 4; gpu_id = 63582; unique_id = 3757274461453605833; location_id = 49408; bdf = 49408; domain = 0; partition = 0], 
nid007973:80837:80837 [2] NCCL INFO [node_id = 11; gpu_id = 49174; unique_id = 4367453478195552692; location_id = 56832; bdf = 56832; domain = 0; partition = 0], 
nid007973:80837:80837 [2] NCCL INFO [node_id = 9; gpu_id = 1553; unique_id = 7576451504156942420; location_id = 54784; bdf = 54784; domain = 0; partition = 0], 
nid007973:80837:80837 [2] NCCL INFO [node_id = 7; gpu_id = 3099; unique_id = 12098470678104802580; location_id = 52736; bdf = 52736; domain = 0; partition = 0], 
nid007973:80837:80837 [2] NCCL INFO [node_id = 8; gpu_id = 13395; unique_id = 12963709323771956415; location_id = 53504; bdf = 53504; domain = 0; partition = 0], 
nid007973:80837:80837 [2] NCCL INFO [node_id = 6; gpu_id = 15961; unique_id = 13877041859867829095; location_id = 51456; bdf = 51456; domain = 0; partition = 0], 
nid007973:80837:80837 [2] NCCL INFO [node_id = 10; gpu_id = 62036; unique_id = 15874679735388385594; location_id = 55552; bdf = 55552; domain = 0; partition = 0], 
nid007973:80837:80837 [2] NCCL INFO [node_id = 5; gpu_id = 51740; unique_id = 16890439821764794324; location_id = 50688; bdf = 50688; domain = 0; partition = 0], 
nid007973:80835:80835 [0] NCCL INFO [node_id = 4; gpu_id = 63582; unique_id = 3757274461453605833; location_id = 49408; bdf = 49408; domain = 0; partition = 0], 
nid007973:80835:80835 [0] NCCL INFO [node_id = 11; gpu_id = 49174; unique_id = 4367453478195552692; location_id = 56832; bdf = 56832; domain = 0; partition = 0], 
nid007973:80835:80835 [0] NCCL INFO [node_id = 9; gpu_id = 1553; unique_id = 7576451504156942420; location_id = 54784; bdf = 54784; domain = 0; partition = 0], 
nid007973:80835:80835 [0] NCCL INFO [node_id = 7; gpu_id = 3099; unique_id = 12098470678104802580; location_id = 52736; bdf = 52736; domain = 0; partition = 0], 
nid007973:80835:80835 [0] NCCL INFO [node_id = 8; gpu_id = 13395; unique_id = 12963709323771956415; location_id = 53504; bdf = 53504; domain = 0; partition = 0], 
nid007973:80835:80835 [0] NCCL INFO [node_id = 6; gpu_id = 15961; unique_id = 13877041859867829095; location_id = 51456; bdf = 51456; domain = 0; partition = 0], 
nid007973:80835:80835 [0] NCCL INFO [node_id = 10; gpu_id = 62036; unique_id = 15874679735388385594; location_id = 55552; bdf = 55552; domain = 0; partition = 0], 
nid007973:80835:80835 [0] NCCL INFO [node_id = 5; gpu_id = 51740; unique_id = 16890439821764794324; location_id = 50688; bdf = 50688; domain = 0; partition = 0], 
nid007973:80838:80838 [5] NCCL INFO [node_id = 4; gpu_id = 63582; unique_id = 3757274461453605833; location_id = 49408; bdf = 49408; domain = 0; partition = 0], 
nid007973:80838:80838 [5] NCCL INFO [node_id = 11; gpu_id = 49174; unique_id = 4367453478195552692; location_id = 56832; bdf = 56832; domain = 0; partition = 0], 
nid007973:80838:80838 [5] NCCL INFO [node_id = 9; gpu_id = 1553; unique_id = 7576451504156942420; location_id = 54784; bdf = 54784; domain = 0; partition = 0], 
nid007973:80838:80838 [5] NCCL INFO [node_id = 7; gpu_id = 3099; unique_id = 12098470678104802580; location_id = 52736; bdf = 52736; domain = 0; partition = 0], 
nid007973:80838:80838 [5] NCCL INFO [node_id = 8; gpu_id = 13395; unique_id = 12963709323771956415; location_id = 53504; bdf = 53504; domain = 0; partition = 0], 
nid007973:80838:80838 [5] NCCL INFO [node_id = 6; gpu_id = 15961; unique_id = 13877041859867829095; location_id = 51456; bdf = 51456; domain = 0; partition = 0], 
nid007973:80838:80838 [5] NCCL INFO [node_id = 10; gpu_id = 62036; unique_id = 15874679735388385594; location_id = 55552; bdf = 55552; domain = 0; partition = 0], 
nid007973:80838:80838 [5] NCCL INFO [node_id = 5; gpu_id = 51740; unique_id = 16890439821764794324; location_id = 50688; bdf = 50688; domain = 0; partition = 0], 
nid007973:80839:80839 [7] NCCL INFO initialized internal alternative rsmi functionality
nid007973:80842:80842 [6] NCCL INFO initialized internal alternative rsmi functionality
nid007973:80840:80840 [4] NCCL INFO initialized internal alternative rsmi functionality
nid007973:80836:80836 [1] NCCL INFO initialized internal alternative rsmi functionality
nid007973:80835:80835 [0] NCCL INFO initialized internal alternative rsmi functionality
nid007973:80837:80837 [2] NCCL INFO initialized internal alternative rsmi functionality
nid007973:80841:80841 [3] NCCL INFO initialized internal alternative rsmi functionality
nid007973:80838:80838 [5] NCCL INFO initialized internal alternative rsmi functionality
nid007974:70013:70013 [7] NCCL INFO NET/OFI Plugin selected platform: Default
nid007974:70013:70013 [7] NCCL INFO NET/OFI No eligible providers were found
nid007974:70013:70013 [7] NCCL INFO NET/OFI Selected provider is cxi, fabric is cxi (found 4 nics)
nid007974:70013:70013 [7] NCCL INFO NET/OFI Using transport protocol SENDRECV
nid007974:70013:70013 [7] NCCL INFO NET/OFI Support for global registrations: false
nid007974:70013:70013 [7] NCCL INFO NET/OFI Support for DMA-BUF registrations: true
nid007974:70013:70013 [7] NCCL INFO NET/OFI MR cache 0 hits 0 misses
nid007974:70013:70013 [7] NCCL INFO Using network Libfabric
nid007974:70013:70013 [7] NCCL INFO [node_id = 9; gpu_id = 1553; unique_id = 593570815109687459; location_id = 54784; bdf = 54784; domain = 0; partition = 0], 
nid007974:70013:70013 [7] NCCL INFO [node_id = 11; gpu_id = 49174; unique_id = 2768821698717039849; location_id = 56832; bdf = 56832; domain = 0; partition = 0], 
nid007974:70013:70013 [7] NCCL INFO [node_id = 4; gpu_id = 63582; unique_id = 3700124941662886260; location_id = 49408; bdf = 49408; domain = 0; partition = 0], 
nid007974:70013:70013 [7] NCCL INFO [node_id = 10; gpu_id = 62036; unique_id = 3759355254231896430; location_id = 55552; bdf = 55552; domain = 0; partition = 0], 
nid007974:70013:70013 [7] NCCL INFO [node_id = 8; gpu_id = 13395; unique_id = 8405338560381751085; location_id = 53504; bdf = 53504; domain = 0; partition = 0], 
nid007974:70013:70013 [7] NCCL INFO [node_id = 5; gpu_id = 51740; unique_id = 9188284108018578930; location_id = 50688; bdf = 50688; domain = 0; partition = 0], 
nid007974:70013:70013 [7] NCCL INFO [node_id = 6; gpu_id = 15961; unique_id = 13707237376041171470; location_id = 51456; bdf = 51456; domain = 0; partition = 0], 
nid007974:70013:70013 [7] NCCL INFO [node_id = 7; gpu_id = 3099; unique_id = 18368160588040100563; location_id = 52736; bdf = 52736; domain = 0; partition = 0], 
nid007974:70013:70013 [7] NCCL INFO initialized internal alternative rsmi functionality
nid007974:70007:70007 [6] NCCL INFO NET/OFI Plugin selected platform: Default
nid007974:70007:70007 [6] NCCL INFO NET/OFI No eligible providers were found
nid007974:70007:70007 [6] NCCL INFO NET/OFI Selected provider is cxi, fabric is cxi (found 4 nics)
nid007974:70007:70007 [6] NCCL INFO NET/OFI Using transport protocol SENDRECV
nid007974:70007:70007 [6] NCCL INFO NET/OFI Support for global registrations: false
nid007974:70007:70007 [6] NCCL INFO NET/OFI Support for DMA-BUF registrations: true
nid007974:70012:70012 [1] NCCL INFO NET/OFI Plugin selected platform: Default
nid007974:70012:70012 [1] NCCL INFO NET/OFI No eligible providers were found
nid007974:70009:70009 [3] NCCL INFO NET/OFI Plugin selected platform: Default
nid007974:70009:70009 [3] NCCL INFO NET/OFI No eligible providers were found
nid007974:70007:70007 [6] NCCL INFO NET/OFI MR cache 0 hits 0 misses
nid007974:70007:70007 [6] NCCL INFO Using network Libfabric
nid007974:70009:70009 [3] NCCL INFO NET/OFI Selected provider is cxi, fabric is cxi (found 4 nics)
nid007974:70009:70009 [3] NCCL INFO NET/OFI Using transport protocol SENDRECV
nid007974:70012:70012 [1] NCCL INFO NET/OFI Selected provider is cxi, fabric is cxi (found 4 nics)
nid007974:70012:70012 [1] NCCL INFO NET/OFI Using transport protocol SENDRECV
nid007974:70007:70007 [6] NCCL INFO [node_id = 9; gpu_id = 1553; unique_id = 593570815109687459; location_id = 54784; bdf = 54784; domain = 0; partition = 0], 
nid007974:70007:70007 [6] NCCL INFO [node_id = 11; gpu_id = 49174; unique_id = 2768821698717039849; location_id = 56832; bdf = 56832; domain = 0; partition = 0], 
nid007974:70007:70007 [6] NCCL INFO [node_id = 4; gpu_id = 63582; unique_id = 3700124941662886260; location_id = 49408; bdf = 49408; domain = 0; partition = 0], 
nid007974:70007:70007 [6] NCCL INFO [node_id = 10; gpu_id = 62036; unique_id = 3759355254231896430; location_id = 55552; bdf = 55552; domain = 0; partition = 0], 
nid007974:70007:70007 [6] NCCL INFO [node_id = 8; gpu_id = 13395; unique_id = 8405338560381751085; location_id = 53504; bdf = 53504; domain = 0; partition = 0], 
nid007974:70007:70007 [6] NCCL INFO [node_id = 5; gpu_id = 51740; unique_id = 9188284108018578930; location_id = 50688; bdf = 50688; domain = 0; partition = 0], 
nid007974:70007:70007 [6] NCCL INFO [node_id = 6; gpu_id = 15961; unique_id = 13707237376041171470; location_id = 51456; bdf = 51456; domain = 0; partition = 0], 
nid007974:70007:70007 [6] NCCL INFO [node_id = 7; gpu_id = 3099; unique_id = 18368160588040100563; location_id = 52736; bdf = 52736; domain = 0; partition = 0], 
nid007974:70007:70007 [6] NCCL INFO initialized internal alternative rsmi functionality
nid007974:70011:70011 [5] NCCL INFO NET/OFI Plugin selected platform: Default
nid007974:70011:70011 [5] NCCL INFO NET/OFI No eligible providers were found
nid007974:70008:70008 [4] NCCL INFO NET/OFI Plugin selected platform: Default
nid007974:70008:70008 [4] NCCL INFO NET/OFI No eligible providers were found
nid007974:70011:70011 [5] NCCL INFO NET/OFI Selected provider is cxi, fabric is cxi (found 4 nics)
nid007974:70011:70011 [5] NCCL INFO NET/OFI Using transport protocol SENDRECV
nid007974:70008:70008 [4] NCCL INFO NET/OFI Selected provider is cxi, fabric is cxi (found 4 nics)
nid007974:70008:70008 [4] NCCL INFO NET/OFI Using transport protocol SENDRECV
nid007974:70012:70012 [1] NCCL INFO NET/OFI Support for global registrations: false
nid007974:70012:70012 [1] NCCL INFO NET/OFI Support for DMA-BUF registrations: true
nid007974:70009:70009 [3] NCCL INFO NET/OFI Support for global registrations: false
nid007974:70009:70009 [3] NCCL INFO NET/OFI Support for DMA-BUF registrations: true
nid007974:70010:70010 [2] NCCL INFO NET/OFI Plugin selected platform: Default
nid007974:70010:70010 [2] NCCL INFO NET/OFI No eligible providers were found
nid007974:70012:70012 [1] NCCL INFO NET/OFI MR cache 0 hits 0 misses
nid007974:70012:70012 [1] NCCL INFO Using network Libfabric
nid007974:70009:70009 [3] NCCL INFO NET/OFI MR cache 0 hits 0 misses
nid007974:70009:70009 [3] NCCL INFO Using network Libfabric
nid007974:70010:70010 [2] NCCL INFO NET/OFI Selected provider is cxi, fabric is cxi (found 4 nics)
nid007974:70010:70010 [2] NCCL INFO NET/OFI Using transport protocol SENDRECV
nid007974:70012:70012 [1] NCCL INFO [node_id = 9; gpu_id = 1553; unique_id = 593570815109687459; location_id = 54784; bdf = 54784; domain = 0; partition = 0], 
nid007974:70012:70012 [1] NCCL INFO [node_id = 11; gpu_id = 49174; unique_id = 2768821698717039849; location_id = 56832; bdf = 56832; domain = 0; partition = 0], 
nid007974:70012:70012 [1] NCCL INFO [node_id = 4; gpu_id = 63582; unique_id = 3700124941662886260; location_id = 49408; bdf = 49408; domain = 0; partition = 0], 
nid007974:70012:70012 [1] NCCL INFO [node_id = 10; gpu_id = 62036; unique_id = 3759355254231896430; location_id = 55552; bdf = 55552; domain = 0; partition = 0], 
nid007974:70012:70012 [1] NCCL INFO [node_id = 8; gpu_id = 13395; unique_id = 8405338560381751085; location_id = 53504; bdf = 53504; domain = 0; partition = 0], 
nid007974:70012:70012 [1] NCCL INFO [node_id = 5; gpu_id = 51740; unique_id = 9188284108018578930; location_id = 50688; bdf = 50688; domain = 0; partition = 0], 
nid007974:70012:70012 [1] NCCL INFO [node_id = 6; gpu_id = 15961; unique_id = 13707237376041171470; location_id = 51456; bdf = 51456; domain = 0; partition = 0], 
nid007974:70012:70012 [1] NCCL INFO [node_id = 7; gpu_id = 3099; unique_id = 18368160588040100563; location_id = 52736; bdf = 52736; domain = 0; partition = 0], 
nid007974:70009:70009 [3] NCCL INFO [node_id = 9; gpu_id = 1553; unique_id = 593570815109687459; location_id = 54784; bdf = 54784; domain = 0; partition = 0], 
nid007974:70009:70009 [3] NCCL INFO [node_id = 11; gpu_id = 49174; unique_id = 2768821698717039849; location_id = 56832; bdf = 56832; domain = 0; partition = 0], 
nid007974:70009:70009 [3] NCCL INFO [node_id = 4; gpu_id = 63582; unique_id = 3700124941662886260; location_id = 49408; bdf = 49408; domain = 0; partition = 0], 
nid007974:70009:70009 [3] NCCL INFO [node_id = 10; gpu_id = 62036; unique_id = 3759355254231896430; location_id = 55552; bdf = 55552; domain = 0; partition = 0], 
nid007974:70009:70009 [3] NCCL INFO [node_id = 8; gpu_id = 13395; unique_id = 8405338560381751085; location_id = 53504; bdf = 53504; domain = 0; partition = 0], 
nid007974:70009:70009 [3] NCCL INFO [node_id = 5; gpu_id = 51740; unique_id = 9188284108018578930; location_id = 50688; bdf = 50688; domain = 0; partition = 0], 
nid007974:70009:70009 [3] NCCL INFO [node_id = 6; gpu_id = 15961; unique_id = 13707237376041171470; location_id = 51456; bdf = 51456; domain = 0; partition = 0], 
nid007974:70009:70009 [3] NCCL INFO [node_id = 7; gpu_id = 3099; unique_id = 18368160588040100563; location_id = 52736; bdf = 52736; domain = 0; partition = 0], 
nid007974:70006:70006 [0] NCCL INFO NET/OFI Plugin selected platform: Default
nid007974:70006:70006 [0] NCCL INFO NET/OFI No eligible providers were found
nid007974:70011:70011 [5] NCCL INFO NET/OFI Support for global registrations: false
nid007974:70011:70011 [5] NCCL INFO NET/OFI Support for DMA-BUF registrations: true
nid007974:70008:70008 [4] NCCL INFO NET/OFI Support for global registrations: false
nid007974:70008:70008 [4] NCCL INFO NET/OFI Support for DMA-BUF registrations: true
nid007974:70012:70012 [1] NCCL INFO initialized internal alternative rsmi functionality
nid007974:70009:70009 [3] NCCL INFO initialized internal alternative rsmi functionality
nid007974:70006:70006 [0] NCCL INFO NET/OFI Selected provider is cxi, fabric is cxi (found 4 nics)
nid007974:70006:70006 [0] NCCL INFO NET/OFI Using transport protocol SENDRECV
nid007974:70008:70008 [4] NCCL INFO NET/OFI MR cache 0 hits 0 misses
nid007974:70011:70011 [5] NCCL INFO NET/OFI MR cache 0 hits 0 misses
nid007974:70008:70008 [4] NCCL INFO Using network Libfabric
nid007974:70011:70011 [5] NCCL INFO Using network Libfabric
nid007974:70008:70008 [4] NCCL INFO [node_id = 9; gpu_id = 1553; unique_id = 593570815109687459; location_id = 54784; bdf = 54784; domain = 0; partition = 0], 
nid007974:70008:70008 [4] NCCL INFO [node_id = 11; gpu_id = 49174; unique_id = 2768821698717039849; location_id = 56832; bdf = 56832; domain = 0; partition = 0], 
nid007974:70008:70008 [4] NCCL INFO [node_id = 4; gpu_id = 63582; unique_id = 3700124941662886260; location_id = 49408; bdf = 49408; domain = 0; partition = 0], 
nid007974:70008:70008 [4] NCCL INFO [node_id = 10; gpu_id = 62036; unique_id = 3759355254231896430; location_id = 55552; bdf = 55552; domain = 0; partition = 0], 
nid007974:70008:70008 [4] NCCL INFO [node_id = 8; gpu_id = 13395; unique_id = 8405338560381751085; location_id = 53504; bdf = 53504; domain = 0; partition = 0], 
nid007974:70008:70008 [4] NCCL INFO [node_id = 5; gpu_id = 51740; unique_id = 9188284108018578930; location_id = 50688; bdf = 50688; domain = 0; partition = 0], 
nid007974:70008:70008 [4] NCCL INFO [node_id = 6; gpu_id = 15961; unique_id = 13707237376041171470; location_id = 51456; bdf = 51456; domain = 0; partition = 0], 
nid007974:70008:70008 [4] NCCL INFO [node_id = 7; gpu_id = 3099; unique_id = 18368160588040100563; location_id = 52736; bdf = 52736; domain = 0; partition = 0], 
nid007974:70011:70011 [5] NCCL INFO [node_id = 9; gpu_id = 1553; unique_id = 593570815109687459; location_id = 54784; bdf = 54784; domain = 0; partition = 0], 
nid007974:70011:70011 [5] NCCL INFO [node_id = 11; gpu_id = 49174; unique_id = 2768821698717039849; location_id = 56832; bdf = 56832; domain = 0; partition = 0], 
nid007974:70011:70011 [5] NCCL INFO [node_id = 4; gpu_id = 63582; unique_id = 3700124941662886260; location_id = 49408; bdf = 49408; domain = 0; partition = 0], 
nid007974:70011:70011 [5] NCCL INFO [node_id = 10; gpu_id = 62036; unique_id = 3759355254231896430; location_id = 55552; bdf = 55552; domain = 0; partition = 0], 
nid007974:70011:70011 [5] NCCL INFO [node_id = 8; gpu_id = 13395; unique_id = 8405338560381751085; location_id = 53504; bdf = 53504; domain = 0; partition = 0], 
nid007974:70011:70011 [5] NCCL INFO [node_id = 5; gpu_id = 51740; unique_id = 9188284108018578930; location_id = 50688; bdf = 50688; domain = 0; partition = 0], 
nid007974:70011:70011 [5] NCCL INFO [node_id = 6; gpu_id = 15961; unique_id = 13707237376041171470; location_id = 51456; bdf = 51456; domain = 0; partition = 0], 
nid007974:70011:70011 [5] NCCL INFO [node_id = 7; gpu_id = 3099; unique_id = 18368160588040100563; location_id = 52736; bdf = 52736; domain = 0; partition = 0], 
nid007974:70010:70010 [2] NCCL INFO NET/OFI Support for global registrations: false
nid007974:70010:70010 [2] NCCL INFO NET/OFI Support for DMA-BUF registrations: true
nid007974:70010:70010 [2] NCCL INFO NET/OFI MR cache 0 hits 0 misses
nid007974:70010:70010 [2] NCCL INFO Using network Libfabric
nid007974:70008:70008 [4] NCCL INFO initialized internal alternative rsmi functionality
nid007974:70011:70011 [5] NCCL INFO initialized internal alternative rsmi functionality
nid007974:70010:70010 [2] NCCL INFO [node_id = 9; gpu_id = 1553; unique_id = 593570815109687459; location_id = 54784; bdf = 54784; domain = 0; partition = 0], 
nid007974:70010:70010 [2] NCCL INFO [node_id = 11; gpu_id = 49174; unique_id = 2768821698717039849; location_id = 56832; bdf = 56832; domain = 0; partition = 0], 
nid007974:70010:70010 [2] NCCL INFO [node_id = 4; gpu_id = 63582; unique_id = 3700124941662886260; location_id = 49408; bdf = 49408; domain = 0; partition = 0], 
nid007974:70010:70010 [2] NCCL INFO [node_id = 10; gpu_id = 62036; unique_id = 3759355254231896430; location_id = 55552; bdf = 55552; domain = 0; partition = 0], 
nid007974:70010:70010 [2] NCCL INFO [node_id = 8; gpu_id = 13395; unique_id = 8405338560381751085; location_id = 53504; bdf = 53504; domain = 0; partition = 0], 
nid007974:70010:70010 [2] NCCL INFO [node_id = 5; gpu_id = 51740; unique_id = 9188284108018578930; location_id = 50688; bdf = 50688; domain = 0; partition = 0], 
nid007974:70010:70010 [2] NCCL INFO [node_id = 6; gpu_id = 15961; unique_id = 13707237376041171470; location_id = 51456; bdf = 51456; domain = 0; partition = 0], 
nid007974:70010:70010 [2] NCCL INFO [node_id = 7; gpu_id = 3099; unique_id = 18368160588040100563; location_id = 52736; bdf = 52736; domain = 0; partition = 0], 
nid007974:70006:70006 [0] NCCL INFO NET/OFI Support for global registrations: false
nid007974:70006:70006 [0] NCCL INFO NET/OFI Support for DMA-BUF registrations: true
nid007974:70006:70006 [0] NCCL INFO NET/OFI MR cache 0 hits 0 misses
nid007974:70006:70006 [0] NCCL INFO Using network Libfabric
nid007974:70010:70010 [2] NCCL INFO initialized internal alternative rsmi functionality
nid007974:70006:70006 [0] NCCL INFO [node_id = 9; gpu_id = 1553; unique_id = 593570815109687459; location_id = 54784; bdf = 54784; domain = 0; partition = 0], 
nid007974:70006:70006 [0] NCCL INFO [node_id = 11; gpu_id = 49174; unique_id = 2768821698717039849; location_id = 56832; bdf = 56832; domain = 0; partition = 0], 
nid007974:70006:70006 [0] NCCL INFO [node_id = 4; gpu_id = 63582; unique_id = 3700124941662886260; location_id = 49408; bdf = 49408; domain = 0; partition = 0], 
nid007974:70006:70006 [0] NCCL INFO [node_id = 10; gpu_id = 62036; unique_id = 3759355254231896430; location_id = 55552; bdf = 55552; domain = 0; partition = 0], 
nid007974:70006:70006 [0] NCCL INFO [node_id = 8; gpu_id = 13395; unique_id = 8405338560381751085; location_id = 53504; bdf = 53504; domain = 0; partition = 0], 
nid007974:70006:70006 [0] NCCL INFO [node_id = 5; gpu_id = 51740; unique_id = 9188284108018578930; location_id = 50688; bdf = 50688; domain = 0; partition = 0], 
nid007974:70006:70006 [0] NCCL INFO [node_id = 6; gpu_id = 15961; unique_id = 13707237376041171470; location_id = 51456; bdf = 51456; domain = 0; partition = 0], 
nid007974:70006:70006 [0] NCCL INFO [node_id = 7; gpu_id = 3099; unique_id = 18368160588040100563; location_id = 52736; bdf = 52736; domain = 0; partition = 0], 
nid007974:70006:70006 [0] NCCL INFO initialized internal alternative rsmi functionality
nid007973:80838:80838 [5] NCCL INFO ncclCommInitRank comm 0x55bce1c66710 rank 5 nranks 16 cudaDev 5 nvmlDev 5 busId d6000 commId 0xf74c7258881f3236 - Init START
nid007973:80839:80839 [7] NCCL INFO ncclCommInitRank comm 0x55989727ef10 rank 7 nranks 16 cudaDev 7 nvmlDev 7 busId de000 commId 0xf74c7258881f3236 - Init START
nid007973:80836:80836 [1] NCCL INFO ncclCommInitRank comm 0x5591df881fc0 rank 1 nranks 16 cudaDev 1 nvmlDev 1 busId c6000 commId 0xf74c7258881f3236 - Init START
nid007973:80840:80840 [4] NCCL INFO ncclCommInitRank comm 0x55a24b51bc60 rank 4 nranks 16 cudaDev 4 nvmlDev 4 busId d1000 commId 0xf74c7258881f3236 - Init START
nid007973:80841:80841 [3] NCCL INFO ncclCommInitRank comm 0x55b76fa8e080 rank 3 nranks 16 cudaDev 3 nvmlDev 3 busId ce000 commId 0xf74c7258881f3236 - Init START
nid007973:80842:80842 [6] NCCL INFO ncclCommInitRank comm 0x55fbb093ae60 rank 6 nranks 16 cudaDev 6 nvmlDev 6 busId d9000 commId 0xf74c7258881f3236 - Init START
nid007973:80837:80837 [2] NCCL INFO ncclCommInitRank comm 0x556a309360f0 rank 2 nranks 16 cudaDev 2 nvmlDev 2 busId c9000 commId 0xf74c7258881f3236 - Init START
nid007973:80835:80835 [0] NCCL INFO ncclCommInitRank comm 0x5571859b9050 rank 0 nranks 16 cudaDev 0 nvmlDev 0 busId c1000 commId 0xf74c7258881f3236 - Init START
nid007974:70006:70006 [0] NCCL INFO ncclCommInitRank comm 0x558defd0bfa0 rank 8 nranks 16 cudaDev 0 nvmlDev 0 busId c1000 commId 0xf74c7258881f3236 - Init START
nid007974:70008:70008 [4] NCCL INFO ncclCommInitRank comm 0x5576d248edc0 rank 12 nranks 16 cudaDev 4 nvmlDev 4 busId d1000 commId 0xf74c7258881f3236 - Init START
nid007974:70009:70009 [3] NCCL INFO ncclCommInitRank comm 0x564743402e90 rank 11 nranks 16 cudaDev 3 nvmlDev 3 busId ce000 commId 0xf74c7258881f3236 - Init START
nid007974:70010:70010 [2] NCCL INFO ncclCommInitRank comm 0x555fb8b1ed80 rank 10 nranks 16 cudaDev 2 nvmlDev 2 busId c9000 commId 0xf74c7258881f3236 - Init START
nid007974:70007:70007 [6] NCCL INFO ncclCommInitRank comm 0x55717d520e50 rank 14 nranks 16 cudaDev 6 nvmlDev 6 busId d9000 commId 0xf74c7258881f3236 - Init START
nid007974:70013:70013 [7] NCCL INFO ncclCommInitRank comm 0x5626b6938e90 rank 15 nranks 16 cudaDev 7 nvmlDev 7 busId de000 commId 0xf74c7258881f3236 - Init START
nid007974:70012:70012 [1] NCCL INFO ncclCommInitRank comm 0x5570ceec4980 rank 9 nranks 16 cudaDev 1 nvmlDev 1 busId c6000 commId 0xf74c7258881f3236 - Init START
nid007974:70011:70011 [5] NCCL INFO ncclCommInitRank comm 0x563437d05580 rank 13 nranks 16 cudaDev 5 nvmlDev 5 busId d6000 commId 0xf74c7258881f3236 - Init START
nid007974:70013:70013 [7] NCCL INFO initialized internal alternative rsmi functionality
nid007974:70011:70011 [5] NCCL INFO initialized internal alternative rsmi functionality
nid007974:70008:70008 [4] NCCL INFO initialized internal alternative rsmi functionality
nid007973:80839:80839 [7] NCCL INFO initialized internal alternative rsmi functionality
nid007974:70006:70006 [0] NCCL INFO initialized internal alternative rsmi functionality
nid007974:70007:70007 [6] NCCL INFO initialized internal alternative rsmi functionality
nid007973:80842:80842 [6] NCCL INFO initialized internal alternative rsmi functionality
nid007974:70012:70012 [1] NCCL INFO initialized internal alternative rsmi functionality
nid007973:80836:80836 [1] NCCL INFO initialized internal alternative rsmi functionality
nid007974:70009:70009 [3] NCCL INFO initialized internal alternative rsmi functionality
nid007973:80838:80838 [5] NCCL INFO initialized internal alternative rsmi functionality
nid007974:70010:70010 [2] NCCL INFO initialized internal alternative rsmi functionality
nid007973:80840:80840 [4] NCCL INFO initialized internal alternative rsmi functionality
nid007973:80837:80837 [2] NCCL INFO initialized internal alternative rsmi functionality
nid007973:80841:80841 [3] NCCL INFO initialized internal alternative rsmi functionality
nid007973:80835:80835 [0] NCCL INFO initialized internal alternative rsmi functionality
nid007974:70008:70008 [4] NCCL INFO NET/Libfabric : GPU Direct RDMA Enabled for HCA 0 'cxi0'
nid007973:80842:80842 [6] NCCL INFO NET/Libfabric : GPU Direct RDMA Enabled for HCA 0 'cxi0'
nid007973:80839:80839 [7] NCCL INFO NET/Libfabric : GPU Direct RDMA Enabled for HCA 0 'cxi0'
nid007973:80836:80836 [1] NCCL INFO NET/Libfabric : GPU Direct RDMA Enabled for HCA 0 'cxi0'
nid007973:80840:80840 [4] NCCL INFO NET/Libfabric : GPU Direct RDMA Enabled for HCA 0 'cxi0'
nid007974:70007:70007 [6] NCCL INFO NET/Libfabric : GPU Direct RDMA Enabled for HCA 0 'cxi0'
nid007974:70006:70006 [0] NCCL INFO NET/Libfabric : GPU Direct RDMA Enabled for HCA 0 'cxi0'
nid007974:70009:70009 [3] NCCL INFO NET/Libfabric : GPU Direct RDMA Enabled for HCA 0 'cxi0'
nid007973:80838:80838 [5] NCCL INFO NET/Libfabric : GPU Direct RDMA Enabled for HCA 0 'cxi0'
nid007973:80837:80837 [2] NCCL INFO NET/Libfabric : GPU Direct RDMA Enabled for HCA 0 'cxi0'
nid007973:80835:80835 [0] NCCL INFO NET/Libfabric : GPU Direct RDMA Enabled for HCA 0 'cxi0'
nid007973:80841:80841 [3] NCCL INFO NET/Libfabric : GPU Direct RDMA Enabled for HCA 0 'cxi0'
nid007973:80839:80839 [7] NCCL INFO NET/Libfabric : GPU Direct RDMA Enabled for HCA 1 'cxi1'
nid007974:70012:70012 [1] NCCL INFO NET/Libfabric : GPU Direct RDMA Enabled for HCA 0 'cxi0'
nid007974:70013:70013 [7] NCCL INFO NET/Libfabric : GPU Direct RDMA Enabled for HCA 0 'cxi0'
nid007973:80836:80836 [1] NCCL INFO NET/Libfabric : GPU Direct RDMA Enabled for HCA 1 'cxi1'
nid007974:70011:70011 [5] NCCL INFO NET/Libfabric : GPU Direct RDMA Enabled for HCA 0 'cxi0'
nid007973:80842:80842 [6] NCCL INFO NET/Libfabric : GPU Direct RDMA Enabled for HCA 1 'cxi1'
nid007974:70010:70010 [2] NCCL INFO NET/Libfabric : GPU Direct RDMA Enabled for HCA 0 'cxi0'
nid007973:80840:80840 [4] NCCL INFO NET/Libfabric : GPU Direct RDMA Enabled for HCA 1 'cxi1'
nid007974:70012:70012 [1] NCCL INFO NET/Libfabric : GPU Direct RDMA Enabled for HCA 1 'cxi1'
nid007973:80837:80837 [2] NCCL INFO NET/Libfabric : GPU Direct RDMA Enabled for HCA 1 'cxi1'
nid007974:70009:70009 [3] NCCL INFO NET/Libfabric : GPU Direct RDMA Enabled for HCA 1 'cxi1'
nid007973:80841:80841 [3] NCCL INFO NET/Libfabric : GPU Direct RDMA Enabled for HCA 1 'cxi1'
nid007974:70008:70008 [4] NCCL INFO NET/Libfabric : GPU Direct RDMA Enabled for HCA 1 'cxi1'
nid007974:70007:70007 [6] NCCL INFO NET/Libfabric : GPU Direct RDMA Enabled for HCA 1 'cxi1'
nid007973:80838:80838 [5] NCCL INFO NET/Libfabric : GPU Direct RDMA Enabled for HCA 1 'cxi1'
nid007974:70006:70006 [0] NCCL INFO NET/Libfabric : GPU Direct RDMA Enabled for HCA 1 'cxi1'
nid007973:80835:80835 [0] NCCL INFO NET/Libfabric : GPU Direct RDMA Enabled for HCA 1 'cxi1'
nid007974:70010:70010 [2] NCCL INFO NET/Libfabric : GPU Direct RDMA Enabled for HCA 1 'cxi1'
nid007973:80840:80840 [4] NCCL INFO NET/Libfabric : GPU Direct RDMA Enabled for HCA 2 'cxi2'
nid007974:70013:70013 [7] NCCL INFO NET/Libfabric : GPU Direct RDMA Enabled for HCA 1 'cxi1'
nid007973:80839:80839 [7] NCCL INFO NET/Libfabric : GPU Direct RDMA Enabled for HCA 2 'cxi2'
nid007974:70011:70011 [5] NCCL INFO NET/Libfabric : GPU Direct RDMA Enabled for HCA 1 'cxi1'
nid007973:80836:80836 [1] NCCL INFO NET/Libfabric : GPU Direct RDMA Enabled for HCA 2 'cxi2'
nid007974:70008:70008 [4] NCCL INFO NET/Libfabric : GPU Direct RDMA Enabled for HCA 2 'cxi2'
nid007973:80842:80842 [6] NCCL INFO NET/Libfabric : GPU Direct RDMA Enabled for HCA 2 'cxi2'
nid007974:70009:70009 [3] NCCL INFO NET/Libfabric : GPU Direct RDMA Enabled for HCA 2 'cxi2'
nid007973:80841:80841 [3] NCCL INFO NET/Libfabric : GPU Direct RDMA Enabled for HCA 2 'cxi2'
nid007974:70012:70012 [1] NCCL INFO NET/Libfabric : GPU Direct RDMA Enabled for HCA 2 'cxi2'
nid007973:80837:80837 [2] NCCL INFO NET/Libfabric : GPU Direct RDMA Enabled for HCA 2 'cxi2'
nid007974:70007:70007 [6] NCCL INFO NET/Libfabric : GPU Direct RDMA Enabled for HCA 2 'cxi2'
nid007973:80838:80838 [5] NCCL INFO NET/Libfabric : GPU Direct RDMA Enabled for HCA 2 'cxi2'
nid007973:80835:80835 [0] NCCL INFO NET/Libfabric : GPU Direct RDMA Enabled for HCA 2 'cxi2'
nid007973:80839:80839 [7] NCCL INFO NET/Libfabric : GPU Direct RDMA Enabled for HCA 3 'cxi3'
nid007974:70011:70011 [5] NCCL INFO NET/Libfabric : GPU Direct RDMA Enabled for HCA 2 'cxi2'
nid007973:80842:80842 [6] NCCL INFO NET/Libfabric : GPU Direct RDMA Enabled for HCA 3 'cxi3'
nid007974:70010:70010 [2] NCCL INFO NET/Libfabric : GPU Direct RDMA Enabled for HCA 2 'cxi2'
nid007973:80840:80840 [4] NCCL INFO NET/Libfabric : GPU Direct RDMA Enabled for HCA 3 'cxi3'
nid007974:70006:70006 [0] NCCL INFO NET/Libfabric : GPU Direct RDMA Enabled for HCA 2 'cxi2'
nid007973:80836:80836 [1] NCCL INFO NET/Libfabric : GPU Direct RDMA Enabled for HCA 3 'cxi3'
nid007974:70013:70013 [7] NCCL INFO NET/Libfabric : GPU Direct RDMA Enabled for HCA 2 'cxi2'
nid007973:80837:80837 [2] NCCL INFO NET/Libfabric : GPU Direct RDMA Enabled for HCA 3 'cxi3'
nid007973:80841:80841 [3] NCCL INFO NET/Libfabric : GPU Direct RDMA Enabled for HCA 3 'cxi3'
nid007974:70008:70008 [4] NCCL INFO NET/Libfabric : GPU Direct RDMA Enabled for HCA 3 'cxi3'
nid007973:80838:80838 [5] NCCL INFO NET/Libfabric : GPU Direct RDMA Enabled for HCA 3 'cxi3'
nid007974:70009:70009 [3] NCCL INFO NET/Libfabric : GPU Direct RDMA Enabled for HCA 3 'cxi3'
nid007974:70012:70012 [1] NCCL INFO NET/Libfabric : GPU Direct RDMA Enabled for HCA 3 'cxi3'
nid007974:70007:70007 [6] NCCL INFO NET/Libfabric : GPU Direct RDMA Enabled for HCA 3 'cxi3'
nid007974:70011:70011 [5] NCCL INFO NET/Libfabric : GPU Direct RDMA Enabled for HCA 3 'cxi3'
nid007974:70013:70013 [7] NCCL INFO NET/Libfabric : GPU Direct RDMA Enabled for HCA 3 'cxi3'
nid007974:70010:70010 [2] NCCL INFO NET/Libfabric : GPU Direct RDMA Enabled for HCA 3 'cxi3'
nid007973:80835:80835 [0] NCCL INFO NET/Libfabric : GPU Direct RDMA Enabled for HCA 3 'cxi3'
nid007974:70006:70006 [0] NCCL INFO NET/Libfabric : GPU Direct RDMA Enabled for HCA 3 'cxi3'
nid007974:70009:70009 [3] NCCL INFO NCCL_NET_GDR_LEVEL set by environment to PHB
nid007974:70009:70009 [3] NCCL INFO GPU Direct RDMA Enabled for GPU c1000 / HCA 0 (distance 6 <= 6), read 1
nid007974:70009:70009 [3] NCCL INFO GPU Direct RDMA Enabled for GPU c6000 / HCA 0 (distance 6 <= 6), read 1
nid007974:70009:70009 [3] NCCL INFO GPU Direct RDMA Enabled for GPU c9000 / HCA 1 (distance 6 <= 6), read 1
nid007974:70009:70009 [3] NCCL INFO GPU Direct RDMA Enabled for GPU ce000 / HCA 1 (distance 6 <= 6), read 1
nid007974:70009:70009 [3] NCCL INFO GPU Direct RDMA Enabled for GPU d1000 / HCA 2 (distance 6 <= 6), read 1
nid007974:70009:70009 [3] NCCL INFO GPU Direct RDMA Enabled for GPU d6000 / HCA 2 (distance 6 <= 6), read 1
nid007974:70009:70009 [3] NCCL INFO GPU Direct RDMA Enabled for GPU d9000 / HCA 3 (distance 6 <= 6), read 1
nid007974:70009:70009 [3] NCCL INFO GPU Direct RDMA Enabled for GPU de000 / HCA 3 (distance 6 <= 6), read 1
nid007974:70009:70009 [3] NCCL INFO === System : maxBw 24.0 totalBw 252.0 ===
nid007974:70009:70009 [3] NCCL INFO CPU/0-3 (1/2/4)
nid007974:70009:70009 [3] NCCL INFO + PCI[24.0] - GPU/0-c1000 (8)
nid007974:70009:70009 [3] NCCL INFO               + XGMI[144.0] - GPU/C6000
nid007974:70009:70009 [3] NCCL INFO               + XGMI[72.0] - GPU/D9000
nid007974:70009:70009 [3] NCCL INFO               + XGMI[36.0] - GPU/C9000
nid007974:70009:70009 [3] NCCL INFO + PCI[24.0] - NIC/0-c5000
nid007974:70009:70009 [3] NCCL INFO               + NET[25.0] - NET/0 (a78746c00/1/25.000000)
nid007974:70009:70009 [3] NCCL INFO + PCI[24.0] - GPU/0-c6000 (9)
nid007974:70009:70009 [3] NCCL INFO               + XGMI[144.0] - GPU/C1000
nid007974:70009:70009 [3] NCCL INFO               + XGMI[36.0] - GPU/CE000
nid007974:70009:70009 [3] NCCL INFO               + XGMI[36.0] - GPU/D6000
nid007974:70009:70009 [3] NCCL INFO + SYS[16.0] - CPU/1
nid007974:70009:70009 [3] NCCL INFO + SYS[16.0] - CPU/0
nid007974:70009:70009 [3] NCCL INFO + SYS[16.0] - CPU/2
nid007974:70009:70009 [3] NCCL INFO CPU/0-1 (1/2/4)
nid007974:70009:70009 [3] NCCL INFO + PCI[24.0] - NIC/0-cd000
nid007974:70009:70009 [3] NCCL INFO               + NET[25.0] - NET/1 (a78746c01/1/25.000000)
nid007974:70009:70009 [3] NCCL INFO + PCI[24.0] - GPU/0-c9000 (10)
nid007974:70009:70009 [3] NCCL INFO               + XGMI[144.0] - GPU/CE000
nid007974:70009:70009 [3] NCCL INFO               + XGMI[72.0] - GPU/D1000
nid007974:70009:70009 [3] NCCL INFO               + XGMI[36.0] - GPU/C1000
nid007974:70009:70009 [3] NCCL INFO + PCI[24.0] - GPU/0-ce000 (11)
nid007974:70009:70009 [3] NCCL INFO               + XGMI[144.0] - GPU/C9000
nid007974:70009:70009 [3] NCCL INFO               + XGMI[36.0] - GPU/C6000
nid007974:70009:70009 [3] NCCL INFO               + XGMI[36.0] - GPU/DE000
nid007974:70009:70009 [3] NCCL INFO + SYS[16.0] - CPU/3
nid007974:70009:70009 [3] NCCL INFO + SYS[16.0] - CPU/0
nid007974:70009:70009 [3] NCCL INFO + SYS[16.0] - CPU/2
nid007974:70009:70009 [3] NCCL INFO CPU/0-0 (1/2/4)
nid007974:70009:70009 [3] NCCL INFO + PCI[24.0] - NIC/0-d5000
nid007974:70009:70009 [3] NCCL INFO               + NET[25.0] - NET/2 (a78746c02/1/25.000000)
nid007974:70009:70009 [3] NCCL INFO + PCI[24.0] - GPU/0-d1000 (12)
nid007974:70009:70009 [3] NCCL INFO               + XGMI[144.0] - GPU/D6000
nid007974:70009:70009 [3] NCCL INFO               + XGMI[72.0] - GPU/C9000
nid007974:70009:70009 [3] NCCL INFO               + XGMI[36.0] - GPU/D9000
nid007974:70009:70009 [3] NCCL INFO + PCI[24.0] - GPU/0-d6000 (13)
nid007974:70009:70009 [3] NCCL INFO               + XGMI[144.0] - GPU/D1000
nid007974:70009:70009 [3] NCCL INFO               + XGMI[36.0] - GPU/C6000
nid007974:70009:70009 [3] NCCL INFO               + XGMI[36.0] - GPU/DE000
nid007974:70009:70009 [3] NCCL INFO + SYS[16.0] - CPU/3
nid007974:70009:70009 [3] NCCL INFO + SYS[16.0] - CPU/1
nid007974:70009:70009 [3] NCCL INFO + SYS[16.0] - CPU/2
nid007974:70009:70009 [3] NCCL INFO CPU/0-2 (1/2/4)
nid007974:70009:70009 [3] NCCL INFO + PCI[24.0] - NIC/0-dd000
nid007974:70009:70009 [3] NCCL INFO               + NET[25.0] - NET/3 (a78746c03/1/25.000000)
nid007974:70009:70009 [3] NCCL INFO + PCI[24.0] - GPU/0-d9000 (14)
nid007974:70009:70009 [3] NCCL INFO               + XGMI[144.0] - GPU/DE000
nid007974:70009:70009 [3] NCCL INFO               + XGMI[72.0] - GPU/C1000
nid007974:70009:70009 [3] NCCL INFO               + XGMI[36.0] - GPU/D1000
nid007974:70009:70009 [3] NCCL INFO + PCI[24.0] - GPU/0-de000 (15)
nid007974:70009:70009 [3] NCCL INFO               + XGMI[144.0] - GPU/D9000
nid007974:70009:70009 [3] NCCL INFO               + XGMI[36.0] - GPU/CE000
nid007974:70009:70009 [3] NCCL INFO               + XGMI[36.0] - GPU/D6000
nid007974:70009:70009 [3] NCCL INFO + SYS[16.0] - CPU/3
nid007974:70009:70009 [3] NCCL INFO + SYS[16.0] - CPU/1
nid007974:70009:70009 [3] NCCL INFO + SYS[16.0] - CPU/0
nid007974:70009:70009 [3] NCCL INFO ==========================================
nid007974:70009:70009 [3] NCCL INFO GPU/C1000 :GPU/0-c1000 (0/5000.0/LOC) GPU/0-c6000 (1/144.0/XGMI) GPU/0-c9000 (1/36.0/XGMI) GPU/0-ce000 (3/16.0/SYS) GPU/0-d1000 (3/16.0/SYS) GPU/0-d6000 (3/16.0/SYS) GPU/0-d9000 (1/72.0/XGMI) GPU/0-de000 (3/16.0/SYS) CPU/0-3 (1/24.0/PHB) CPU/0-1 (2/16.0/SYS) CPU/0-0 (2/16.0/SYS) CPU/0-2 (2/16.0/SYS) NET/0-0 (3/24.0/PHB) NET/0-1 (4/16.0/SYS) NET/0-2 (4/16.0/SYS) NET/0-3 (4/16.0/SYS) 
nid007974:70009:70009 [3] NCCL INFO GPU/C6000 :GPU/0-c1000 (1/144.0/XGMI) GPU/0-c6000 (0/5000.0/LOC) GPU/0-c9000 (3/16.0/SYS) GPU/0-ce000 (1/36.0/XGMI) GPU/0-d1000 (3/16.0/SYS) GPU/0-d6000 (1/36.0/XGMI) GPU/0-d9000 (3/16.0/SYS) GPU/0-de000 (3/16.0/SYS) CPU/0-3 (1/24.0/PHB) CPU/0-1 (2/16.0/SYS) CPU/0-0 (2/16.0/SYS) CPU/0-2 (2/16.0/SYS) NET/0-0 (3/24.0/PHB) NET/0-1 (4/16.0/SYS) NET/0-2 (4/16.0/SYS) NET/0-3 (4/16.0/SYS) 
nid007974:70009:70009 [3] NCCL INFO GPU/C9000 :GPU/0-c1000 (1/36.0/XGMI) GPU/0-c6000 (3/16.0/SYS) GPU/0-c9000 (0/5000.0/LOC) GPU/0-ce000 (1/144.0/XGMI) GPU/0-d1000 (1/72.0/XGMI) GPU/0-d6000 (3/16.0/SYS) GPU/0-d9000 (3/16.0/SYS) GPU/0-de000 (3/16.0/SYS) CPU/0-3 (2/16.0/SYS) CPU/0-1 (1/24.0/PHB) CPU/0-0 (2/16.0/SYS) CPU/0-2 (2/16.0/SYS) NET/0-0 (4/16.0/SYS) NET/0-1 (3/24.0/PHB) NET/0-2 (4/16.0/SYS) NET/0-3 (4/16.0/SYS) 
nid007974:70009:70009 [3] NCCL INFO GPU/CE000 :GPU/0-c1000 (3/16.0/SYS) GPU/0-c6000 (1/36.0/XGMI) GPU/0-c9000 (1/144.0/XGMI) GPU/0-ce000 (0/5000.0/LOC) GPU/0-d1000 (3/16.0/SYS) GPU/0-d6000 (3/16.0/SYS) GPU/0-d9000 (3/16.0/SYS) GPU/0-de000 (1/36.0/XGMI) CPU/0-3 (2/16.0/SYS) CPU/0-1 (1/24.0/PHB) CPU/0-0 (2/16.0/SYS) CPU/0-2 (2/16.0/SYS) NET/0-0 (4/16.0/SYS) NET/0-1 (3/24.0/PHB) NET/0-2 (4/16.0/SYS) NET/0-3 (4/16.0/SYS) 
nid007974:70009:70009 [3] NCCL INFO GPU/D1000 :GPU/0-c1000 (3/16.0/SYS) GPU/0-c6000 (3/16.0/SYS) GPU/0-c9000 (1/72.0/XGMI) GPU/0-ce000 (3/16.0/SYS) GPU/0-d1000 (0/5000.0/LOC) GPU/0-d6000 (1/144.0/XGMI) GPU/0-d9000 (1/36.0/XGMI) GPU/0-de000 (3/16.0/SYS) CPU/0-3 (2/16.0/SYS) CPU/0-1 (2/16.0/SYS) CPU/0-0 (1/24.0/PHB) CPU/0-2 (2/16.0/SYS) NET/0-0 (4/16.0/SYS) NET/0-1 (4/16.0/SYS) NET/0-2 (3/24.0/PHB) NET/0-3 (4/16.0/SYS) 
nid007974:70009:70009 [3] NCCL INFO GPU/D6000 :GPU/0-c1000 (3/16.0/SYS) GPU/0-c6000 (1/36.0/XGMI) GPU/0-c9000 (3/16.0/SYS) GPU/0-ce000 (3/16.0/SYS) GPU/0-d1000 (1/144.0/XGMI) GPU/0-d6000 (0/5000.0/LOC) GPU/0-d9000 (3/16.0/SYS) GPU/0-de000 (1/36.0/XGMI) CPU/0-3 (2/16.0/SYS) CPU/0-1 (2/16.0/SYS) CPU/0-0 (1/24.0/PHB) CPU/0-2 (2/16.0/SYS) NET/0-0 (4/16.0/SYS) NET/0-1 (4/16.0/SYS) NET/0-2 (3/24.0/PHB) NET/0-3 (4/16.0/SYS) 
nid007974:70009:70009 [3] NCCL INFO GPU/D9000 :GPU/0-c1000 (1/72.0/XGMI) GPU/0-c6000 (3/16.0/SYS) GPU/0-c9000 (3/16.0/SYS) GPU/0-ce000 (3/16.0/SYS) GPU/0-d1000 (1/36.0/XGMI) GPU/0-d6000 (3/16.0/SYS) GPU/0-d9000 (0/5000.0/LOC) GPU/0-de000 (1/144.0/XGMI) CPU/0-3 (2/16.0/SYS) CPU/0-1 (2/16.0/SYS) CPU/0-0 (2/16.0/SYS) CPU/0-2 (1/24.0/PHB) NET/0-0 (4/16.0/SYS) NET/0-1 (4/16.0/SYS) NET/0-2 (4/16.0/SYS) NET/0-3 (3/24.0/PHB) 
nid007974:70009:70009 [3] NCCL INFO GPU/DE000 :GPU/0-c1000 (3/16.0/SYS) GPU/0-c6000 (3/16.0/SYS) GPU/0-c9000 (3/16.0/SYS) GPU/0-ce000 (1/36.0/XGMI) GPU/0-d1000 (3/16.0/SYS) GPU/0-d6000 (1/36.0/XGMI) GPU/0-d9000 (1/144.0/XGMI) GPU/0-de000 (0/5000.0/LOC) CPU/0-3 (2/16.0/SYS) CPU/0-1 (2/16.0/SYS) CPU/0-0 (2/16.0/SYS) CPU/0-2 (1/24.0/PHB) NET/0-0 (4/16.0/SYS) NET/0-1 (4/16.0/SYS) NET/0-2 (4/16.0/SYS) NET/0-3 (3/24.0/PHB) 
nid007974:70009:70009 [3] NCCL INFO NET/0 :GPU/0-c1000 (3/24.0/PHB) GPU/0-c6000 (3/24.0/PHB) GPU/0-c9000 (4/16.0/SYS) GPU/0-ce000 (4/16.0/SYS) GPU/0-d1000 (4/16.0/SYS) GPU/0-d6000 (4/16.0/SYS) GPU/0-d9000 (4/16.0/SYS) GPU/0-de000 (4/16.0/SYS) CPU/0-3 (2/24.0/PHB) CPU/0-1 (3/16.0/SYS) CPU/0-0 (3/16.0/SYS) CPU/0-2 (3/16.0/SYS) NET/0-0 (0/5000.0/LOC) NET/0-1 (5/16.0/SYS) NET/0-2 (5/16.0/SYS) NET/0-3 (5/16.0/SYS) 
nid007974:70009:70009 [3] NCCL INFO NET/1 :GPU/0-c1000 (4/16.0/SYS) GPU/0-c6000 (4/16.0/SYS) GPU/0-c9000 (3/24.0/PHB) GPU/0-ce000 (3/24.0/PHB) GPU/0-d1000 (4/16.0/SYS) GPU/0-d6000 (4/16.0/SYS) GPU/0-d9000 (4/16.0/SYS) GPU/0-de000 (4/16.0/SYS) CPU/0-3 (3/16.0/SYS) CPU/0-1 (2/24.0/PHB) CPU/0-0 (3/16.0/SYS) CPU/0-2 (3/16.0/SYS) NET/0-0 (5/16.0/SYS) NET/0-1 (0/5000.0/LOC) NET/0-2 (5/16.0/SYS) NET/0-3 (5/16.0/SYS) 
nid007974:70009:70009 [3] NCCL INFO NET/2 :GPU/0-c1000 (4/16.0/SYS) GPU/0-c6000 (4/16.0/SYS) GPU/0-c9000 (4/16.0/SYS) GPU/0-ce000 (4/16.0/SYS) GPU/0-d1000 (3/24.0/PHB) GPU/0-d6000 (3/24.0/PHB) GPU/0-d9000 (4/16.0/SYS) GPU/0-de000 (4/16.0/SYS) CPU/0-3 (3/16.0/SYS) CPU/0-1 (3/16.0/SYS) CPU/0-0 (2/24.0/PHB) CPU/0-2 (3/16.0/SYS) NET/0-0 (5/16.0/SYS) NET/0-1 (5/16.0/SYS) NET/0-2 (0/5000.0/LOC) NET/0-3 (5/16.0/SYS) 
nid007974:70009:70009 [3] NCCL INFO NET/3 :GPU/0-c1000 (4/16.0/SYS) GPU/0-c6000 (4/16.0/SYS) GPU/0-c9000 (4/16.0/SYS) GPU/0-ce000 (4/16.0/SYS) GPU/0-d1000 (4/16.0/SYS) GPU/0-d6000 (4/16.0/SYS) GPU/0-d9000 (3/24.0/PHB) GPU/0-de000 (3/24.0/PHB) CPU/0-3 (3/16.0/SYS) CPU/0-1 (3/16.0/SYS) CPU/0-0 (3/16.0/SYS) CPU/0-2 (2/24.0/PHB) NET/0-0 (5/16.0/SYS) NET/0-1 (5/16.0/SYS) NET/0-2 (5/16.0/SYS) NET/0-3 (0/5000.0/LOC) 
nid007974:70009:70009 [3] NCCL INFO Found matching Rome model index 36 with GPU mapping: 0 1 2 3 4 5 6 7 NET mapping: 0 1 2 3 
nid007974:70009:70009 [3] NCCL INFO Pattern 4, crossNic 0, nChannels 8, bw 31.500000/31.500000, type XGMI/PIX, sameChannels 1
nid007974:70009:70009 [3] NCCL INFO  0 : NET/1 GPU/10 GPU/11 GPU/15 GPU/14 GPU/12 GPU/13 GPU/9 GPU/8 NET/0
nid007974:70009:70009 [3] NCCL INFO  1 : NET/0 GPU/8 GPU/9 GPU/13 GPU/12 GPU/14 GPU/15 GPU/11 GPU/10 NET/1
nid007974:70009:70009 [3] NCCL INFO  2 : NET/2 GPU/13 GPU/12 GPU/10 GPU/11 GPU/9 GPU/8 GPU/14 GPU/15 NET/3
nid007974:70009:70009 [3] NCCL INFO  3 : NET/3 GPU/15 GPU/14 GPU/8 GPU/9 GPU/11 GPU/10 GPU/12 GPU/13 NET/2
nid007974:70009:70009 [3] NCCL INFO  4 : NET/1 GPU/10 GPU/11 GPU/15 GPU/14 GPU/12 GPU/13 GPU/9 GPU/8 NET/0
nid007974:70009:70009 [3] NCCL INFO  5 : NET/0 GPU/8 GPU/9 GPU/13 GPU/12 GPU/14 GPU/15 GPU/11 GPU/10 NET/1
nid007974:70009:70009 [3] NCCL INFO  6 : NET/2 GPU/13 GPU/12 GPU/10 GPU/11 GPU/9 GPU/8 GPU/14 GPU/15 NET/3
nid007974:70009:70009 [3] NCCL INFO  7 : NET/3 GPU/15 GPU/14 GPU/8 GPU/9 GPU/11 GPU/10 GPU/12 GPU/13 NET/2
nid007974:70009:70009 [3] NCCL INFO Found matching Rome model index 36 with GPU mapping: 0 1 2 3 4 5 6 7 NET mapping: 0 1 2 3 
nid007974:70009:70009 [3] NCCL INFO Pattern 1, crossNic 0, nChannels 8, bw 31.500000/31.500000, type XGMI/PIX, sameChannels 1
nid007974:70009:70009 [3] NCCL INFO  0 : NET/0 GPU/8 GPU/9 GPU/13 GPU/12 GPU/14 GPU/15 GPU/11 GPU/10 NET/1
nid007974:70009:70009 [3] NCCL INFO  1 : NET/1 GPU/10 GPU/11 GPU/15 GPU/14 GPU/12 GPU/13 GPU/9 GPU/8 NET/0
nid007974:70009:70009 [3] NCCL INFO  2 : NET/3 GPU/15 GPU/14 GPU/8 GPU/9 GPU/11 GPU/10 GPU/12 GPU/13 NET/2
nid007974:70009:70009 [3] NCCL INFO  3 : NET/2 GPU/13 GPU/12 GPU/10 GPU/11 GPU/9 GPU/8 GPU/14 GPU/15 NET/3
nid007974:70009:70009 [3] NCCL INFO  4 : NET/0 GPU/8 GPU/9 GPU/13 GPU/12 GPU/14 GPU/15 GPU/11 GPU/10 NET/1
nid007974:70009:70009 [3] NCCL INFO  5 : NET/1 GPU/10 GPU/11 GPU/15 GPU/14 GPU/12 GPU/13 GPU/9 GPU/8 NET/0
nid007974:70009:70009 [3] NCCL INFO  6 : NET/3 GPU/15 GPU/14 GPU/8 GPU/9 GPU/11 GPU/10 GPU/12 GPU/13 NET/2
nid007974:70009:70009 [3] NCCL INFO  7 : NET/2 GPU/13 GPU/12 GPU/10 GPU/11 GPU/9 GPU/8 GPU/14 GPU/15 NET/3
nid007974:70008:70008 [4] NCCL INFO NCCL_NET_GDR_LEVEL set by environment to PHB
nid007974:70008:70008 [4] NCCL INFO GPU Direct RDMA Enabled for GPU c1000 / HCA 0 (distance 6 <= 6), read 1
nid007974:70008:70008 [4] NCCL INFO GPU Direct RDMA Enabled for GPU c6000 / HCA 0 (distance 6 <= 6), read 1
nid007974:70008:70008 [4] NCCL INFO GPU Direct RDMA Enabled for GPU c9000 / HCA 1 (distance 6 <= 6), read 1
nid007974:70008:70008 [4] NCCL INFO GPU Direct RDMA Enabled for GPU ce000 / HCA 1 (distance 6 <= 6), read 1
nid007974:70008:70008 [4] NCCL INFO GPU Direct RDMA Enabled for GPU d1000 / HCA 2 (distance 6 <= 6), read 1
nid007974:70008:70008 [4] NCCL INFO GPU Direct RDMA Enabled for GPU d6000 / HCA 2 (distance 6 <= 6), read 1
nid007974:70008:70008 [4] NCCL INFO GPU Direct RDMA Enabled for GPU d9000 / HCA 3 (distance 6 <= 6), read 1
nid007974:70008:70008 [4] NCCL INFO GPU Direct RDMA Enabled for GPU de000 / HCA 3 (distance 6 <= 6), read 1
nid007974:70008:70008 [4] NCCL INFO === System : maxBw 24.0 totalBw 252.0 ===
nid007974:70008:70008 [4] NCCL INFO CPU/0-3 (1/2/4)
nid007974:70008:70008 [4] NCCL INFO + PCI[24.0] - GPU/0-c1000 (8)
nid007974:70008:70008 [4] NCCL INFO               + XGMI[144.0] - GPU/C6000
nid007974:70008:70008 [4] NCCL INFO               + XGMI[72.0] - GPU/D9000
nid007974:70008:70008 [4] NCCL INFO               + XGMI[36.0] - GPU/C9000
nid007974:70008:70008 [4] NCCL INFO + PCI[24.0] - NIC/0-c5000
nid007974:70008:70008 [4] NCCL INFO               + NET[25.0] - NET/0 (a78746c00/1/25.000000)
nid007974:70008:70008 [4] NCCL INFO + PCI[24.0] - GPU/0-c6000 (9)
nid007974:70008:70008 [4] NCCL INFO               + XGMI[144.0] - GPU/C1000
nid007974:70008:70008 [4] NCCL INFO               + XGMI[36.0] - GPU/CE000
nid007974:70008:70008 [4] NCCL INFO               + XGMI[36.0] - GPU/D6000
nid007974:70008:70008 [4] NCCL INFO + SYS[16.0] - CPU/1
nid007974:70008:70008 [4] NCCL INFO + SYS[16.0] - CPU/0
nid007974:70008:70008 [4] NCCL INFO + SYS[16.0] - CPU/2
nid007974:70008:70008 [4] NCCL INFO CPU/0-1 (1/2/4)
nid007974:70008:70008 [4] NCCL INFO + PCI[24.0] - NIC/0-cd000
nid007974:70008:70008 [4] NCCL INFO               + NET[25.0] - NET/1 (a78746c01/1/25.000000)
nid007974:70008:70008 [4] NCCL INFO + PCI[24.0] - GPU/0-c9000 (10)
nid007974:70008:70008 [4] NCCL INFO               + XGMI[144.0] - GPU/CE000
nid007974:70008:70008 [4] NCCL INFO               + XGMI[72.0] - GPU/D1000
nid007974:70008:70008 [4] NCCL INFO               + XGMI[36.0] - GPU/C1000
nid007974:70008:70008 [4] NCCL INFO + PCI[24.0] - GPU/0-ce000 (11)
nid007974:70008:70008 [4] NCCL INFO               + XGMI[144.0] - GPU/C9000
nid007974:70008:70008 [4] NCCL INFO               + XGMI[36.0] - GPU/C6000
nid007974:70008:70008 [4] NCCL INFO               + XGMI[36.0] - GPU/DE000
nid007974:70008:70008 [4] NCCL INFO + SYS[16.0] - CPU/3
nid007974:70008:70008 [4] NCCL INFO + SYS[16.0] - CPU/0
nid007974:70008:70008 [4] NCCL INFO + SYS[16.0] - CPU/2
nid007974:70008:70008 [4] NCCL INFO CPU/0-0 (1/2/4)
nid007974:70008:70008 [4] NCCL INFO + PCI[24.0] - NIC/0-d5000
nid007974:70008:70008 [4] NCCL INFO               + NET[25.0] - NET/2 (a78746c02/1/25.000000)
nid007974:70008:70008 [4] NCCL INFO + PCI[24.0] - GPU/0-d1000 (12)
nid007974:70008:70008 [4] NCCL INFO               + XGMI[144.0] - GPU/D6000
nid007974:70008:70008 [4] NCCL INFO               + XGMI[72.0] - GPU/C9000
nid007974:70008:70008 [4] NCCL INFO               + XGMI[36.0] - GPU/D9000
nid007974:70008:70008 [4] NCCL INFO + PCI[24.0] - GPU/0-d6000 (13)
nid007974:70008:70008 [4] NCCL INFO               + XGMI[144.0] - GPU/D1000
nid007974:70008:70008 [4] NCCL INFO               + XGMI[36.0] - GPU/C6000
nid007974:70008:70008 [4] NCCL INFO               + XGMI[36.0] - GPU/DE000
nid007974:70008:70008 [4] NCCL INFO + SYS[16.0] - CPU/3
nid007974:70008:70008 [4] NCCL INFO + SYS[16.0] - CPU/1
nid007974:70008:70008 [4] NCCL INFO + SYS[16.0] - CPU/2
nid007974:70008:70008 [4] NCCL INFO CPU/0-2 (1/2/4)
nid007974:70008:70008 [4] NCCL INFO + PCI[24.0] - NIC/0-dd000
nid007974:70008:70008 [4] NCCL INFO               + NET[25.0] - NET/3 (a78746c03/1/25.000000)
nid007974:70008:70008 [4] NCCL INFO + PCI[24.0] - GPU/0-d9000 (14)
nid007974:70008:70008 [4] NCCL INFO               + XGMI[144.0] - GPU/DE000
nid007974:70008:70008 [4] NCCL INFO               + XGMI[72.0] - GPU/C1000
nid007974:70008:70008 [4] NCCL INFO               + XGMI[36.0] - GPU/D1000
nid007974:70008:70008 [4] NCCL INFO + PCI[24.0] - GPU/0-de000 (15)
nid007974:70008:70008 [4] NCCL INFO               + XGMI[144.0] - GPU/D9000
nid007974:70008:70008 [4] NCCL INFO               + XGMI[36.0] - GPU/CE000
nid007974:70008:70008 [4] NCCL INFO               + XGMI[36.0] - GPU/D6000
nid007974:70008:70008 [4] NCCL INFO + SYS[16.0] - CPU/3
nid007974:70008:70008 [4] NCCL INFO + SYS[16.0] - CPU/1
nid007974:70008:70008 [4] NCCL INFO + SYS[16.0] - CPU/0
nid007974:70008:70008 [4] NCCL INFO ==========================================
nid007974:70008:70008 [4] NCCL INFO GPU/C1000 :GPU/0-c1000 (0/5000.0/LOC) GPU/0-c6000 (1/144.0/XGMI) GPU/0-c9000 (1/36.0/XGMI) GPU/0-ce000 (3/16.0/SYS) GPU/0-d1000 (3/16.0/SYS) GPU/0-d6000 (3/16.0/SYS) GPU/0-d9000 (1/72.0/XGMI) GPU/0-de000 (3/16.0/SYS) CPU/0-3 (1/24.0/PHB) CPU/0-1 (2/16.0/SYS) CPU/0-0 (2/16.0/SYS) CPU/0-2 (2/16.0/SYS) NET/0-0 (3/24.0/PHB) NET/0-1 (4/16.0/SYS) NET/0-2 (4/16.0/SYS) NET/0-3 (4/16.0/SYS) 
nid007974:70008:70008 [4] NCCL INFO GPU/C6000 :GPU/0-c1000 (1/144.0/XGMI) GPU/0-c6000 (0/5000.0/LOC) GPU/0-c9000 (3/16.0/SYS) GPU/0-ce000 (1/36.0/XGMI) GPU/0-d1000 (3/16.0/SYS) GPU/0-d6000 (1/36.0/XGMI) GPU/0-d9000 (3/16.0/SYS) GPU/0-de000 (3/16.0/SYS) CPU/0-3 (1/24.0/PHB) CPU/0-1 (2/16.0/SYS) CPU/0-0 (2/16.0/SYS) CPU/0-2 (2/16.0/SYS) NET/0-0 (3/24.0/PHB) NET/0-1 (4/16.0/SYS) NET/0-2 (4/16.0/SYS) NET/0-3 (4/16.0/SYS) 
nid007974:70008:70008 [4] NCCL INFO GPU/C9000 :GPU/0-c1000 (1/36.0/XGMI) GPU/0-c6000 (3/16.0/SYS) GPU/0-c9000 (0/5000.0/LOC) GPU/0-ce000 (1/144.0/XGMI) GPU/0-d1000 (1/72.0/XGMI) GPU/0-d6000 (3/16.0/SYS) GPU/0-d9000 (3/16.0/SYS) GPU/0-de000 (3/16.0/SYS) CPU/0-3 (2/16.0/SYS) CPU/0-1 (1/24.0/PHB) CPU/0-0 (2/16.0/SYS) CPU/0-2 (2/16.0/SYS) NET/0-0 (4/16.0/SYS) NET/0-1 (3/24.0/PHB) NET/0-2 (4/16.0/SYS) NET/0-3 (4/16.0/SYS) 
nid007974:70008:70008 [4] NCCL INFO GPU/CE000 :GPU/0-c1000 (3/16.0/SYS) GPU/0-c6000 (1/36.0/XGMI) GPU/0-c9000 (1/144.0/XGMI) GPU/0-ce000 (0/5000.0/LOC) GPU/0-d1000 (3/16.0/SYS) GPU/0-d6000 (3/16.0/SYS) GPU/0-d9000 (3/16.0/SYS) GPU/0-de000 (1/36.0/XGMI) CPU/0-3 (2/16.0/SYS) CPU/0-1 (1/24.0/PHB) CPU/0-0 (2/16.0/SYS) CPU/0-2 (2/16.0/SYS) NET/0-0 (4/16.0/SYS) NET/0-1 (3/24.0/PHB) NET/0-2 (4/16.0/SYS) NET/0-3 (4/16.0/SYS) 
nid007974:70008:70008 [4] NCCL INFO GPU/D1000 :GPU/0-c1000 (3/16.0/SYS) GPU/0-c6000 (3/16.0/SYS) GPU/0-c9000 (1/72.0/XGMI) GPU/0-ce000 (3/16.0/SYS) GPU/0-d1000 (0/5000.0/LOC) GPU/0-d6000 (1/144.0/XGMI) GPU/0-d9000 (1/36.0/XGMI) GPU/0-de000 (3/16.0/SYS) CPU/0-3 (2/16.0/SYS) CPU/0-1 (2/16.0/SYS) CPU/0-0 (1/24.0/PHB) CPU/0-2 (2/16.0/SYS) NET/0-0 (4/16.0/SYS) NET/0-1 (4/16.0/SYS) NET/0-2 (3/24.0/PHB) NET/0-3 (4/16.0/SYS) 
nid007974:70008:70008 [4] NCCL INFO GPU/D6000 :GPU/0-c1000 (3/16.0/SYS) GPU/0-c6000 (1/36.0/XGMI) GPU/0-c9000 (3/16.0/SYS) GPU/0-ce000 (3/16.0/SYS) GPU/0-d1000 (1/144.0/XGMI) GPU/0-d6000 (0/5000.0/LOC) GPU/0-d9000 (3/16.0/SYS) GPU/0-de000 (1/36.0/XGMI) CPU/0-3 (2/16.0/SYS) CPU/0-1 (2/16.0/SYS) CPU/0-0 (1/24.0/PHB) CPU/0-2 (2/16.0/SYS) NET/0-0 (4/16.0/SYS) NET/0-1 (4/16.0/SYS) NET/0-2 (3/24.0/PHB) NET/0-3 (4/16.0/SYS) 
nid007974:70008:70008 [4] NCCL INFO GPU/D9000 :GPU/0-c1000 (1/72.0/XGMI) GPU/0-c6000 (3/16.0/SYS) GPU/0-c9000 (3/16.0/SYS) GPU/0-ce000 (3/16.0/SYS) GPU/0-d1000 (1/36.0/XGMI) GPU/0-d6000 (3/16.0/SYS) GPU/0-d9000 (0/5000.0/LOC) GPU/0-de000 (1/144.0/XGMI) CPU/0-3 (2/16.0/SYS) CPU/0-1 (2/16.0/SYS) CPU/0-0 (2/16.0/SYS) CPU/0-2 (1/24.0/PHB) NET/0-0 (4/16.0/SYS) NET/0-1 (4/16.0/SYS) NET/0-2 (4/16.0/SYS) NET/0-3 (3/24.0/PHB) 
nid007974:70008:70008 [4] NCCL INFO GPU/DE000 :GPU/0-c1000 (3/16.0/SYS) GPU/0-c6000 (3/16.0/SYS) GPU/0-c9000 (3/16.0/SYS) GPU/0-ce000 (1/36.0/XGMI) GPU/0-d1000 (3/16.0/SYS) GPU/0-d6000 (1/36.0/XGMI) GPU/0-d9000 (1/144.0/XGMI) GPU/0-de000 (0/5000.0/LOC) CPU/0-3 (2/16.0/SYS) CPU/0-1 (2/16.0/SYS) CPU/0-0 (2/16.0/SYS) CPU/0-2 (1/24.0/PHB) NET/0-0 (4/16.0/SYS) NET/0-1 (4/16.0/SYS) NET/0-2 (4/16.0/SYS) NET/0-3 (3/24.0/PHB) 
nid007974:70008:70008 [4] NCCL INFO NET/0 :GPU/0-c1000 (3/24.0/PHB) GPU/0-c6000 (3/24.0/PHB) GPU/0-c9000 (4/16.0/SYS) GPU/0-ce000 (4/16.0/SYS) GPU/0-d1000 (4/16.0/SYS) GPU/0-d6000 (4/16.0/SYS) GPU/0-d9000 (4/16.0/SYS) GPU/0-de000 (4/16.0/SYS) CPU/0-3 (2/24.0/PHB) CPU/0-1 (3/16.0/SYS) CPU/0-0 (3/16.0/SYS) CPU/0-2 (3/16.0/SYS) NET/0-0 (0/5000.0/LOC) NET/0-1 (5/16.0/SYS) NET/0-2 (5/16.0/SYS) NET/0-3 (5/16.0/SYS) 
nid007974:70008:70008 [4] NCCL INFO NET/1 :GPU/0-c1000 (4/16.0/SYS) GPU/0-c6000 (4/16.0/SYS) GPU/0-c9000 (3/24.0/PHB) GPU/0-ce000 (3/24.0/PHB) GPU/0-d1000 (4/16.0/SYS) GPU/0-d6000 (4/16.0/SYS) GPU/0-d9000 (4/16.0/SYS) GPU/0-de000 (4/16.0/SYS) CPU/0-3 (3/16.0/SYS) CPU/0-1 (2/24.0/PHB) CPU/0-0 (3/16.0/SYS) CPU/0-2 (3/16.0/SYS) NET/0-0 (5/16.0/SYS) NET/0-1 (0/5000.0/LOC) NET/0-2 (5/16.0/SYS) NET/0-3 (5/16.0/SYS) 
nid007974:70008:70008 [4] NCCL INFO NET/2 :GPU/0-c1000 (4/16.0/SYS) GPU/0-c6000 (4/16.0/SYS) GPU/0-c9000 (4/16.0/SYS) GPU/0-ce000 (4/16.0/SYS) GPU/0-d1000 (3/24.0/PHB) GPU/0-d6000 (3/24.0/PHB) GPU/0-d9000 (4/16.0/SYS) GPU/0-de000 (4/16.0/SYS) CPU/0-3 (3/16.0/SYS) CPU/0-1 (3/16.0/SYS) CPU/0-0 (2/24.0/PHB) CPU/0-2 (3/16.0/SYS) NET/0-0 (5/16.0/SYS) NET/0-1 (5/16.0/SYS) NET/0-2 (0/5000.0/LOC) NET/0-3 (5/16.0/SYS) 
nid007974:70008:70008 [4] NCCL INFO NET/3 :GPU/0-c1000 (4/16.0/SYS) GPU/0-c6000 (4/16.0/SYS) GPU/0-c9000 (4/16.0/SYS) GPU/0-ce000 (4/16.0/SYS) GPU/0-d1000 (4/16.0/SYS) GPU/0-d6000 (4/16.0/SYS) GPU/0-d9000 (3/24.0/PHB) GPU/0-de000 (3/24.0/PHB) CPU/0-3 (3/16.0/SYS) CPU/0-1 (3/16.0/SYS) CPU/0-0 (3/16.0/SYS) CPU/0-2 (2/24.0/PHB) NET/0-0 (5/16.0/SYS) NET/0-1 (5/16.0/SYS) NET/0-2 (5/16.0/SYS) NET/0-3 (0/5000.0/LOC) 
nid007974:70008:70008 [4] NCCL INFO Setting affinity for GPU 4 to fefe,00000000,0000fefe
nid007974:70008:70008 [4] NCCL INFO Found matching Rome model index 36 with GPU mapping: 0 1 2 3 4 5 6 7 NET mapping: 0 1 2 3 
nid007974:70008:70008 [4] NCCL INFO Pattern 4, crossNic 0, nChannels 8, bw 31.500000/31.500000, type XGMI/PIX, sameChannels 1
nid007974:70008:70008 [4] NCCL INFO  0 : NET/1 GPU/10 GPU/11 GPU/15 GPU/14 GPU/12 GPU/13 GPU/9 GPU/8 NET/0
nid007974:70008:70008 [4] NCCL INFO  1 : NET/0 GPU/8 GPU/9 GPU/13 GPU/12 GPU/14 GPU/15 GPU/11 GPU/10 NET/1
nid007974:70008:70008 [4] NCCL INFO  2 : NET/2 GPU/13 GPU/12 GPU/10 GPU/11 GPU/9 GPU/8 GPU/14 GPU/15 NET/3
nid007974:70008:70008 [4] NCCL INFO  3 : NET/3 GPU/15 GPU/14 GPU/8 GPU/9 GPU/11 GPU/10 GPU/12 GPU/13 NET/2
nid007974:70008:70008 [4] NCCL INFO  4 : NET/1 GPU/10 GPU/11 GPU/15 GPU/14 GPU/12 GPU/13 GPU/9 GPU/8 NET/0
nid007974:70008:70008 [4] NCCL INFO  5 : NET/0 GPU/8 GPU/9 GPU/13 GPU/12 GPU/14 GPU/15 GPU/11 GPU/10 NET/1
nid007974:70008:70008 [4] NCCL INFO  6 : NET/2 GPU/13 GPU/12 GPU/10 GPU/11 GPU/9 GPU/8 GPU/14 GPU/15 NET/3
nid007974:70008:70008 [4] NCCL INFO  7 : NET/3 GPU/15 GPU/14 GPU/8 GPU/9 GPU/11 GPU/10 GPU/12 GPU/13 NET/2
nid007974:70008:70008 [4] NCCL INFO Found matching Rome model index 36 with GPU mapping: 0 1 2 3 4 5 6 7 NET mapping: 0 1 2 3 
nid007974:70008:70008 [4] NCCL INFO Pattern 1, crossNic 0, nChannels 8, bw 31.500000/31.500000, type XGMI/PIX, sameChannels 1
nid007974:70008:70008 [4] NCCL INFO  0 : NET/0 GPU/8 GPU/9 GPU/13 GPU/12 GPU/14 GPU/15 GPU/11 GPU/10 NET/1
nid007974:70008:70008 [4] NCCL INFO  1 : NET/1 GPU/10 GPU/11 GPU/15 GPU/14 GPU/12 GPU/13 GPU/9 GPU/8 NET/0
nid007974:70008:70008 [4] NCCL INFO  2 : NET/3 GPU/15 GPU/14 GPU/8 GPU/9 GPU/11 GPU/10 GPU/12 GPU/13 NET/2
nid007974:70008:70008 [4] NCCL INFO  3 : NET/2 GPU/13 GPU/12 GPU/10 GPU/11 GPU/9 GPU/8 GPU/14 GPU/15 NET/3
nid007974:70008:70008 [4] NCCL INFO  4 : NET/0 GPU/8 GPU/9 GPU/13 GPU/12 GPU/14 GPU/15 GPU/11 GPU/10 NET/1
nid007974:70008:70008 [4] NCCL INFO  5 : NET/1 GPU/10 GPU/11 GPU/15 GPU/14 GPU/12 GPU/13 GPU/9 GPU/8 NET/0
nid007974:70008:70008 [4] NCCL INFO  6 : NET/3 GPU/15 GPU/14 GPU/8 GPU/9 GPU/11 GPU/10 GPU/12 GPU/13 NET/2
nid007974:70008:70008 [4] NCCL INFO  7 : NET/2 GPU/13 GPU/12 GPU/10 GPU/11 GPU/9 GPU/8 GPU/14 GPU/15 NET/3
nid007974:70011:70011 [5] NCCL INFO NCCL_NET_GDR_LEVEL set by environment to PHB
nid007974:70011:70011 [5] NCCL INFO GPU Direct RDMA Enabled for GPU c1000 / HCA 0 (distance 6 <= 6), read 1
nid007974:70011:70011 [5] NCCL INFO GPU Direct RDMA Enabled for GPU c6000 / HCA 0 (distance 6 <= 6), read 1
nid007974:70011:70011 [5] NCCL INFO GPU Direct RDMA Enabled for GPU c9000 / HCA 1 (distance 6 <= 6), read 1
nid007974:70011:70011 [5] NCCL INFO GPU Direct RDMA Enabled for GPU ce000 / HCA 1 (distance 6 <= 6), read 1
nid007974:70011:70011 [5] NCCL INFO GPU Direct RDMA Enabled for GPU d1000 / HCA 2 (distance 6 <= 6), read 1
nid007974:70011:70011 [5] NCCL INFO GPU Direct RDMA Enabled for GPU d6000 / HCA 2 (distance 6 <= 6), read 1
nid007974:70011:70011 [5] NCCL INFO GPU Direct RDMA Enabled for GPU d9000 / HCA 3 (distance 6 <= 6), read 1
nid007974:70011:70011 [5] NCCL INFO GPU Direct RDMA Enabled for GPU de000 / HCA 3 (distance 6 <= 6), read 1
nid007974:70011:70011 [5] NCCL INFO === System : maxBw 24.0 totalBw 252.0 ===
nid007974:70011:70011 [5] NCCL INFO CPU/0-3 (1/2/4)
nid007974:70011:70011 [5] NCCL INFO + PCI[24.0] - GPU/0-c1000 (8)
nid007974:70011:70011 [5] NCCL INFO               + XGMI[144.0] - GPU/C6000
nid007974:70011:70011 [5] NCCL INFO               + XGMI[72.0] - GPU/D9000
nid007974:70011:70011 [5] NCCL INFO               + XGMI[36.0] - GPU/C9000
nid007974:70011:70011 [5] NCCL INFO + PCI[24.0] - NIC/0-c5000
nid007974:70011:70011 [5] NCCL INFO               + NET[25.0] - NET/0 (a78746c00/1/25.000000)
nid007974:70011:70011 [5] NCCL INFO + PCI[24.0] - GPU/0-c6000 (9)
nid007974:70011:70011 [5] NCCL INFO               + XGMI[144.0] - GPU/C1000
nid007974:70011:70011 [5] NCCL INFO               + XGMI[36.0] - GPU/CE000
nid007974:70011:70011 [5] NCCL INFO               + XGMI[36.0] - GPU/D6000
nid007974:70011:70011 [5] NCCL INFO + SYS[16.0] - CPU/1
nid007974:70011:70011 [5] NCCL INFO + SYS[16.0] - CPU/0
nid007974:70011:70011 [5] NCCL INFO + SYS[16.0] - CPU/2
nid007974:70011:70011 [5] NCCL INFO CPU/0-1 (1/2/4)
nid007974:70011:70011 [5] NCCL INFO + PCI[24.0] - NIC/0-cd000
nid007974:70011:70011 [5] NCCL INFO               + NET[25.0] - NET/1 (a78746c01/1/25.000000)
nid007974:70011:70011 [5] NCCL INFO + PCI[24.0] - GPU/0-c9000 (10)
nid007974:70011:70011 [5] NCCL INFO               + XGMI[144.0] - GPU/CE000
nid007974:70011:70011 [5] NCCL INFO               + XGMI[72.0] - GPU/D1000
nid007974:70011:70011 [5] NCCL INFO               + XGMI[36.0] - GPU/C1000
nid007974:70011:70011 [5] NCCL INFO + PCI[24.0] - GPU/0-ce000 (11)
nid007974:70011:70011 [5] NCCL INFO               + XGMI[144.0] - GPU/C9000
nid007974:70011:70011 [5] NCCL INFO               + XGMI[36.0] - GPU/C6000
nid007974:70011:70011 [5] NCCL INFO               + XGMI[36.0] - GPU/DE000
nid007974:70011:70011 [5] NCCL INFO + SYS[16.0] - CPU/3
nid007974:70011:70011 [5] NCCL INFO + SYS[16.0] - CPU/0
nid007974:70011:70011 [5] NCCL INFO + SYS[16.0] - CPU/2
nid007974:70011:70011 [5] NCCL INFO CPU/0-0 (1/2/4)
nid007974:70011:70011 [5] NCCL INFO + PCI[24.0] - NIC/0-d5000
nid007974:70011:70011 [5] NCCL INFO               + NET[25.0] - NET/2 (a78746c02/1/25.000000)
nid007974:70011:70011 [5] NCCL INFO + PCI[24.0] - GPU/0-d1000 (12)
nid007974:70011:70011 [5] NCCL INFO               + XGMI[144.0] - GPU/D6000
nid007974:70011:70011 [5] NCCL INFO               + XGMI[72.0] - GPU/C9000
nid007974:70011:70011 [5] NCCL INFO               + XGMI[36.0] - GPU/D9000
nid007974:70011:70011 [5] NCCL INFO + PCI[24.0] - GPU/0-d6000 (13)
nid007974:70011:70011 [5] NCCL INFO               + XGMI[144.0] - GPU/D1000
nid007974:70011:70011 [5] NCCL INFO               + XGMI[36.0] - GPU/C6000
nid007974:70011:70011 [5] NCCL INFO               + XGMI[36.0] - GPU/DE000
nid007974:70011:70011 [5] NCCL INFO + SYS[16.0] - CPU/3
nid007974:70011:70011 [5] NCCL INFO + SYS[16.0] - CPU/1
nid007974:70011:70011 [5] NCCL INFO + SYS[16.0] - CPU/2
nid007974:70011:70011 [5] NCCL INFO CPU/0-2 (1/2/4)
nid007974:70011:70011 [5] NCCL INFO + PCI[24.0] - NIC/0-dd000
nid007974:70011:70011 [5] NCCL INFO               + NET[25.0] - NET/3 (a78746c03/1/25.000000)
nid007974:70011:70011 [5] NCCL INFO + PCI[24.0] - GPU/0-d9000 (14)
nid007974:70011:70011 [5] NCCL INFO               + XGMI[144.0] - GPU/DE000
nid007974:70011:70011 [5] NCCL INFO               + XGMI[72.0] - GPU/C1000
nid007974:70011:70011 [5] NCCL INFO               + XGMI[36.0] - GPU/D1000
nid007974:70011:70011 [5] NCCL INFO + PCI[24.0] - GPU/0-de000 (15)
nid007974:70011:70011 [5] NCCL INFO               + XGMI[144.0] - GPU/D9000
nid007974:70011:70011 [5] NCCL INFO               + XGMI[36.0] - GPU/CE000
nid007974:70011:70011 [5] NCCL INFO               + XGMI[36.0] - GPU/D6000
nid007974:70011:70011 [5] NCCL INFO + SYS[16.0] - CPU/3
nid007974:70011:70011 [5] NCCL INFO + SYS[16.0] - CPU/1
nid007974:70011:70011 [5] NCCL INFO + SYS[16.0] - CPU/0
nid007974:70011:70011 [5] NCCL INFO ==========================================
nid007974:70011:70011 [5] NCCL INFO GPU/C1000 :GPU/0-c1000 (0/5000.0/LOC) GPU/0-c6000 (1/144.0/XGMI) GPU/0-c9000 (1/36.0/XGMI) GPU/0-ce000 (3/16.0/SYS) GPU/0-d1000 (3/16.0/SYS) GPU/0-d6000 (3/16.0/SYS) GPU/0-d9000 (1/72.0/XGMI) GPU/0-de000 (3/16.0/SYS) CPU/0-3 (1/24.0/PHB) CPU/0-1 (2/16.0/SYS) CPU/0-0 (2/16.0/SYS) CPU/0-2 (2/16.0/SYS) NET/0-0 (3/24.0/PHB) NET/0-1 (4/16.0/SYS) NET/0-2 (4/16.0/SYS) NET/0-3 (4/16.0/SYS) 
nid007974:70011:70011 [5] NCCL INFO GPU/C6000 :GPU/0-c1000 (1/144.0/XGMI) GPU/0-c6000 (0/5000.0/LOC) GPU/0-c9000 (3/16.0/SYS) GPU/0-ce000 (1/36.0/XGMI) GPU/0-d1000 (3/16.0/SYS) GPU/0-d6000 (1/36.0/XGMI) GPU/0-d9000 (3/16.0/SYS) GPU/0-de000 (3/16.0/SYS) CPU/0-3 (1/24.0/PHB) CPU/0-1 (2/16.0/SYS) CPU/0-0 (2/16.0/SYS) CPU/0-2 (2/16.0/SYS) NET/0-0 (3/24.0/PHB) NET/0-1 (4/16.0/SYS) NET/0-2 (4/16.0/SYS) NET/0-3 (4/16.0/SYS) 
nid007974:70011:70011 [5] NCCL INFO GPU/C9000 :GPU/0-c1000 (1/36.0/XGMI) GPU/0-c6000 (3/16.0/SYS) GPU/0-c9000 (0/5000.0/LOC) GPU/0-ce000 (1/144.0/XGMI) GPU/0-d1000 (1/72.0/XGMI) GPU/0-d6000 (3/16.0/SYS) GPU/0-d9000 (3/16.0/SYS) GPU/0-de000 (3/16.0/SYS) CPU/0-3 (2/16.0/SYS) CPU/0-1 (1/24.0/PHB) CPU/0-0 (2/16.0/SYS) CPU/0-2 (2/16.0/SYS) NET/0-0 (4/16.0/SYS) NET/0-1 (3/24.0/PHB) NET/0-2 (4/16.0/SYS) NET/0-3 (4/16.0/SYS) 
nid007974:70011:70011 [5] NCCL INFO GPU/CE000 :GPU/0-c1000 (3/16.0/SYS) GPU/0-c6000 (1/36.0/XGMI) GPU/0-c9000 (1/144.0/XGMI) GPU/0-ce000 (0/5000.0/LOC) GPU/0-d1000 (3/16.0/SYS) GPU/0-d6000 (3/16.0/SYS) GPU/0-d9000 (3/16.0/SYS) GPU/0-de000 (1/36.0/XGMI) CPU/0-3 (2/16.0/SYS) CPU/0-1 (1/24.0/PHB) CPU/0-0 (2/16.0/SYS) CPU/0-2 (2/16.0/SYS) NET/0-0 (4/16.0/SYS) NET/0-1 (3/24.0/PHB) NET/0-2 (4/16.0/SYS) NET/0-3 (4/16.0/SYS) 
nid007974:70011:70011 [5] NCCL INFO GPU/D1000 :GPU/0-c1000 (3/16.0/SYS) GPU/0-c6000 (3/16.0/SYS) GPU/0-c9000 (1/72.0/XGMI) GPU/0-ce000 (3/16.0/SYS) GPU/0-d1000 (0/5000.0/LOC) GPU/0-d6000 (1/144.0/XGMI) GPU/0-d9000 (1/36.0/XGMI) GPU/0-de000 (3/16.0/SYS) CPU/0-3 (2/16.0/SYS) CPU/0-1 (2/16.0/SYS) CPU/0-0 (1/24.0/PHB) CPU/0-2 (2/16.0/SYS) NET/0-0 (4/16.0/SYS) NET/0-1 (4/16.0/SYS) NET/0-2 (3/24.0/PHB) NET/0-3 (4/16.0/SYS) 
nid007974:70011:70011 [5] NCCL INFO GPU/D6000 :GPU/0-c1000 (3/16.0/SYS) GPU/0-c6000 (1/36.0/XGMI) GPU/0-c9000 (3/16.0/SYS) GPU/0-ce000 (3/16.0/SYS) GPU/0-d1000 (1/144.0/XGMI) GPU/0-d6000 (0/5000.0/LOC) GPU/0-d9000 (3/16.0/SYS) GPU/0-de000 (1/36.0/XGMI) CPU/0-3 (2/16.0/SYS) CPU/0-1 (2/16.0/SYS) CPU/0-0 (1/24.0/PHB) CPU/0-2 (2/16.0/SYS) NET/0-0 (4/16.0/SYS) NET/0-1 (4/16.0/SYS) NET/0-2 (3/24.0/PHB) NET/0-3 (4/16.0/SYS) 
nid007974:70011:70011 [5] NCCL INFO GPU/D9000 :GPU/0-c1000 (1/72.0/XGMI) GPU/0-c6000 (3/16.0/SYS) GPU/0-c9000 (3/16.0/SYS) GPU/0-ce000 (3/16.0/SYS) GPU/0-d1000 (1/36.0/XGMI) GPU/0-d6000 (3/16.0/SYS) GPU/0-d9000 (0/5000.0/LOC) GPU/0-de000 (1/144.0/XGMI) CPU/0-3 (2/16.0/SYS) CPU/0-1 (2/16.0/SYS) CPU/0-0 (2/16.0/SYS) CPU/0-2 (1/24.0/PHB) NET/0-0 (4/16.0/SYS) NET/0-1 (4/16.0/SYS) NET/0-2 (4/16.0/SYS) NET/0-3 (3/24.0/PHB) 
nid007974:70011:70011 [5] NCCL INFO GPU/DE000 :GPU/0-c1000 (3/16.0/SYS) GPU/0-c6000 (3/16.0/SYS) GPU/0-c9000 (3/16.0/SYS) GPU/0-ce000 (1/36.0/XGMI) GPU/0-d1000 (3/16.0/SYS) GPU/0-d6000 (1/36.0/XGMI) GPU/0-d9000 (1/144.0/XGMI) GPU/0-de000 (0/5000.0/LOC) CPU/0-3 (2/16.0/SYS) CPU/0-1 (2/16.0/SYS) CPU/0-0 (2/16.0/SYS) CPU/0-2 (1/24.0/PHB) NET/0-0 (4/16.0/SYS) NET/0-1 (4/16.0/SYS) NET/0-2 (4/16.0/SYS) NET/0-3 (3/24.0/PHB) 
nid007974:70011:70011 [5] NCCL INFO NET/0 :GPU/0-c1000 (3/24.0/PHB) GPU/0-c6000 (3/24.0/PHB) GPU/0-c9000 (4/16.0/SYS) GPU/0-ce000 (4/16.0/SYS) GPU/0-d1000 (4/16.0/SYS) GPU/0-d6000 (4/16.0/SYS) GPU/0-d9000 (4/16.0/SYS) GPU/0-de000 (4/16.0/SYS) CPU/0-3 (2/24.0/PHB) CPU/0-1 (3/16.0/SYS) CPU/0-0 (3/16.0/SYS) CPU/0-2 (3/16.0/SYS) NET/0-0 (0/5000.0/LOC) NET/0-1 (5/16.0/SYS) NET/0-2 (5/16.0/SYS) NET/0-3 (5/16.0/SYS) 
nid007974:70011:70011 [5] NCCL INFO NET/1 :GPU/0-c1000 (4/16.0/SYS) GPU/0-c6000 (4/16.0/SYS) GPU/0-c9000 (3/24.0/PHB) GPU/0-ce000 (3/24.0/PHB) GPU/0-d1000 (4/16.0/SYS) GPU/0-d6000 (4/16.0/SYS) GPU/0-d9000 (4/16.0/SYS) GPU/0-de000 (4/16.0/SYS) CPU/0-3 (3/16.0/SYS) CPU/0-1 (2/24.0/PHB) CPU/0-0 (3/16.0/SYS) CPU/0-2 (3/16.0/SYS) NET/0-0 (5/16.0/SYS) NET/0-1 (0/5000.0/LOC) NET/0-2 (5/16.0/SYS) NET/0-3 (5/16.0/SYS) 
nid007974:70011:70011 [5] NCCL INFO NET/2 :GPU/0-c1000 (4/16.0/SYS) GPU/0-c6000 (4/16.0/SYS) GPU/0-c9000 (4/16.0/SYS) GPU/0-ce000 (4/16.0/SYS) GPU/0-d1000 (3/24.0/PHB) GPU/0-d6000 (3/24.0/PHB) GPU/0-d9000 (4/16.0/SYS) GPU/0-de000 (4/16.0/SYS) CPU/0-3 (3/16.0/SYS) CPU/0-1 (3/16.0/SYS) CPU/0-0 (2/24.0/PHB) CPU/0-2 (3/16.0/SYS) NET/0-0 (5/16.0/SYS) NET/0-1 (5/16.0/SYS) NET/0-2 (0/5000.0/LOC) NET/0-3 (5/16.0/SYS) 
nid007974:70011:70011 [5] NCCL INFO NET/3 :GPU/0-c1000 (4/16.0/SYS) GPU/0-c6000 (4/16.0/SYS) GPU/0-c9000 (4/16.0/SYS) GPU/0-ce000 (4/16.0/SYS) GPU/0-d1000 (4/16.0/SYS) GPU/0-d6000 (4/16.0/SYS) GPU/0-d9000 (3/24.0/PHB) GPU/0-de000 (3/24.0/PHB) CPU/0-3 (3/16.0/SYS) CPU/0-1 (3/16.0/SYS) CPU/0-0 (3/16.0/SYS) CPU/0-2 (2/24.0/PHB) NET/0-0 (5/16.0/SYS) NET/0-1 (5/16.0/SYS) NET/0-2 (5/16.0/SYS) NET/0-3 (0/5000.0/LOC) 
nid007974:70011:70011 [5] NCCL INFO Setting affinity for GPU 5 to fefe,00000000,0000fefe
nid007974:70011:70011 [5] NCCL INFO Found matching Rome model index 36 with GPU mapping: 0 1 2 3 4 5 6 7 NET mapping: 0 1 2 3 
nid007974:70011:70011 [5] NCCL INFO Pattern 4, crossNic 0, nChannels 8, bw 31.500000/31.500000, type XGMI/PIX, sameChannels 1
nid007974:70011:70011 [5] NCCL INFO  0 : NET/1 GPU/10 GPU/11 GPU/15 GPU/14 GPU/12 GPU/13 GPU/9 GPU/8 NET/0
nid007974:70011:70011 [5] NCCL INFO  1 : NET/0 GPU/8 GPU/9 GPU/13 GPU/12 GPU/14 GPU/15 GPU/11 GPU/10 NET/1
nid007974:70011:70011 [5] NCCL INFO  2 : NET/2 GPU/13 GPU/12 GPU/10 GPU/11 GPU/9 GPU/8 GPU/14 GPU/15 NET/3
nid007974:70011:70011 [5] NCCL INFO  3 : NET/3 GPU/15 GPU/14 GPU/8 GPU/9 GPU/11 GPU/10 GPU/12 GPU/13 NET/2
nid007974:70011:70011 [5] NCCL INFO  4 : NET/1 GPU/10 GPU/11 GPU/15 GPU/14 GPU/12 GPU/13 GPU/9 GPU/8 NET/0
nid007974:70011:70011 [5] NCCL INFO  5 : NET/0 GPU/8 GPU/9 GPU/13 GPU/12 GPU/14 GPU/15 GPU/11 GPU/10 NET/1
nid007974:70011:70011 [5] NCCL INFO  6 : NET/2 GPU/13 GPU/12 GPU/10 GPU/11 GPU/9 GPU/8 GPU/14 GPU/15 NET/3
nid007974:70011:70011 [5] NCCL INFO  7 : NET/3 GPU/15 GPU/14 GPU/8 GPU/9 GPU/11 GPU/10 GPU/12 GPU/13 NET/2
nid007974:70010:70010 [2] NCCL INFO NCCL_NET_GDR_LEVEL set by environment to PHB
nid007974:70010:70010 [2] NCCL INFO GPU Direct RDMA Enabled for GPU c1000 / HCA 0 (distance 6 <= 6), read 1
nid007974:70010:70010 [2] NCCL INFO GPU Direct RDMA Enabled for GPU c6000 / HCA 0 (distance 6 <= 6), read 1
nid007974:70010:70010 [2] NCCL INFO GPU Direct RDMA Enabled for GPU c9000 / HCA 1 (distance 6 <= 6), read 1
nid007974:70010:70010 [2] NCCL INFO GPU Direct RDMA Enabled for GPU ce000 / HCA 1 (distance 6 <= 6), read 1
nid007974:70010:70010 [2] NCCL INFO GPU Direct RDMA Enabled for GPU d1000 / HCA 2 (distance 6 <= 6), read 1
nid007974:70010:70010 [2] NCCL INFO GPU Direct RDMA Enabled for GPU d6000 / HCA 2 (distance 6 <= 6), read 1
nid007974:70010:70010 [2] NCCL INFO GPU Direct RDMA Enabled for GPU d9000 / HCA 3 (distance 6 <= 6), read 1
nid007974:70010:70010 [2] NCCL INFO GPU Direct RDMA Enabled for GPU de000 / HCA 3 (distance 6 <= 6), read 1
nid007974:70010:70010 [2] NCCL INFO === System : maxBw 24.0 totalBw 252.0 ===
nid007974:70010:70010 [2] NCCL INFO CPU/0-3 (1/2/4)
nid007974:70010:70010 [2] NCCL INFO + PCI[24.0] - GPU/0-c1000 (8)
nid007974:70010:70010 [2] NCCL INFO               + XGMI[144.0] - GPU/C6000
nid007974:70010:70010 [2] NCCL INFO               + XGMI[72.0] - GPU/D9000
nid007974:70010:70010 [2] NCCL INFO               + XGMI[36.0] - GPU/C9000
nid007974:70010:70010 [2] NCCL INFO + PCI[24.0] - NIC/0-c5000
nid007974:70010:70010 [2] NCCL INFO               + NET[25.0] - NET/0 (a78746c00/1/25.000000)
nid007974:70010:70010 [2] NCCL INFO + PCI[24.0] - GPU/0-c6000 (9)
nid007974:70010:70010 [2] NCCL INFO               + XGMI[144.0] - GPU/C1000
nid007974:70010:70010 [2] NCCL INFO               + XGMI[36.0] - GPU/CE000
nid007974:70010:70010 [2] NCCL INFO               + XGMI[36.0] - GPU/D6000
nid007974:70010:70010 [2] NCCL INFO + SYS[16.0] - CPU/1
nid007974:70010:70010 [2] NCCL INFO + SYS[16.0] - CPU/0
nid007974:70010:70010 [2] NCCL INFO + SYS[16.0] - CPU/2
nid007974:70010:70010 [2] NCCL INFO CPU/0-1 (1/2/4)
nid007974:70010:70010 [2] NCCL INFO + PCI[24.0] - NIC/0-cd000
nid007974:70010:70010 [2] NCCL INFO               + NET[25.0] - NET/1 (a78746c01/1/25.000000)
nid007974:70010:70010 [2] NCCL INFO + PCI[24.0] - GPU/0-c9000 (10)
nid007974:70010:70010 [2] NCCL INFO               + XGMI[144.0] - GPU/CE000
nid007974:70010:70010 [2] NCCL INFO               + XGMI[72.0] - GPU/D1000
nid007974:70010:70010 [2] NCCL INFO               + XGMI[36.0] - GPU/C1000
nid007974:70010:70010 [2] NCCL INFO + PCI[24.0] - GPU/0-ce000 (11)
nid007974:70010:70010 [2] NCCL INFO               + XGMI[144.0] - GPU/C9000
nid007974:70010:70010 [2] NCCL INFO               + XGMI[36.0] - GPU/C6000
nid007974:70010:70010 [2] NCCL INFO               + XGMI[36.0] - GPU/DE000
nid007974:70010:70010 [2] NCCL INFO + SYS[16.0] - CPU/3
nid007974:70010:70010 [2] NCCL INFO + SYS[16.0] - CPU/0
nid007974:70010:70010 [2] NCCL INFO + SYS[16.0] - CPU/2
nid007974:70010:70010 [2] NCCL INFO CPU/0-0 (1/2/4)
nid007974:70010:70010 [2] NCCL INFO + PCI[24.0] - NIC/0-d5000
nid007974:70010:70010 [2] NCCL INFO               + NET[25.0] - NET/2 (a78746c02/1/25.000000)
nid007974:70010:70010 [2] NCCL INFO + PCI[24.0] - GPU/0-d1000 (12)
nid007974:70010:70010 [2] NCCL INFO               + XGMI[144.0] - GPU/D6000
nid007974:70010:70010 [2] NCCL INFO               + XGMI[72.0] - GPU/C9000
nid007974:70010:70010 [2] NCCL INFO               + XGMI[36.0] - GPU/D9000
nid007974:70010:70010 [2] NCCL INFO + PCI[24.0] - GPU/0-d6000 (13)
nid007974:70010:70010 [2] NCCL INFO               + XGMI[144.0] - GPU/D1000
nid007974:70010:70010 [2] NCCL INFO               + XGMI[36.0] - GPU/C6000
nid007974:70010:70010 [2] NCCL INFO               + XGMI[36.0] - GPU/DE000
nid007974:70010:70010 [2] NCCL INFO + SYS[16.0] - CPU/3
nid007974:70010:70010 [2] NCCL INFO + SYS[16.0] - CPU/1
nid007974:70010:70010 [2] NCCL INFO + SYS[16.0] - CPU/2
nid007974:70010:70010 [2] NCCL INFO CPU/0-2 (1/2/4)
nid007974:70010:70010 [2] NCCL INFO + PCI[24.0] - NIC/0-dd000
nid007974:70010:70010 [2] NCCL INFO               + NET[25.0] - NET/3 (a78746c03/1/25.000000)
nid007974:70010:70010 [2] NCCL INFO + PCI[24.0] - GPU/0-d9000 (14)
nid007974:70010:70010 [2] NCCL INFO               + XGMI[144.0] - GPU/DE000
nid007974:70010:70010 [2] NCCL INFO               + XGMI[72.0] - GPU/C1000
nid007974:70010:70010 [2] NCCL INFO               + XGMI[36.0] - GPU/D1000
nid007974:70010:70010 [2] NCCL INFO + PCI[24.0] - GPU/0-de000 (15)
nid007974:70010:70010 [2] NCCL INFO               + XGMI[144.0] - GPU/D9000
nid007974:70010:70010 [2] NCCL INFO               + XGMI[36.0] - GPU/CE000
nid007974:70010:70010 [2] NCCL INFO               + XGMI[36.0] - GPU/D6000
nid007974:70010:70010 [2] NCCL INFO + SYS[16.0] - CPU/3
nid007974:70010:70010 [2] NCCL INFO + SYS[16.0] - CPU/1
nid007974:70010:70010 [2] NCCL INFO + SYS[16.0] - CPU/0
nid007974:70010:70010 [2] NCCL INFO ==========================================
nid007974:70010:70010 [2] NCCL INFO GPU/C1000 :GPU/0-c1000 (0/5000.0/LOC) GPU/0-c6000 (1/144.0/XGMI) GPU/0-c9000 (1/36.0/XGMI) GPU/0-ce000 (3/16.0/SYS) GPU/0-d1000 (3/16.0/SYS) GPU/0-d6000 (3/16.0/SYS) GPU/0-d9000 (1/72.0/XGMI) GPU/0-de000 (3/16.0/SYS) CPU/0-3 (1/24.0/PHB) CPU/0-1 (2/16.0/SYS) CPU/0-0 (2/16.0/SYS) CPU/0-2 (2/16.0/SYS) NET/0-0 (3/24.0/PHB) NET/0-1 (4/16.0/SYS) NET/0-2 (4/16.0/SYS) NET/0-3 (4/16.0/SYS) 
nid007974:70010:70010 [2] NCCL INFO GPU/C6000 :GPU/0-c1000 (1/144.0/XGMI) GPU/0-c6000 (0/5000.0/LOC) GPU/0-c9000 (3/16.0/SYS) GPU/0-ce000 (1/36.0/XGMI) GPU/0-d1000 (3/16.0/SYS) GPU/0-d6000 (1/36.0/XGMI) GPU/0-d9000 (3/16.0/SYS) GPU/0-de000 (3/16.0/SYS) CPU/0-3 (1/24.0/PHB) CPU/0-1 (2/16.0/SYS) CPU/0-0 (2/16.0/SYS) CPU/0-2 (2/16.0/SYS) NET/0-0 (3/24.0/PHB) NET/0-1 (4/16.0/SYS) NET/0-2 (4/16.0/SYS) NET/0-3 (4/16.0/SYS) 
nid007974:70010:70010 [2] NCCL INFO GPU/C9000 :GPU/0-c1000 (1/36.0/XGMI) GPU/0-c6000 (3/16.0/SYS) GPU/0-c9000 (0/5000.0/LOC) GPU/0-ce000 (1/144.0/XGMI) GPU/0-d1000 (1/72.0/XGMI) GPU/0-d6000 (3/16.0/SYS) GPU/0-d9000 (3/16.0/SYS) GPU/0-de000 (3/16.0/SYS) CPU/0-3 (2/16.0/SYS) CPU/0-1 (1/24.0/PHB) CPU/0-0 (2/16.0/SYS) CPU/0-2 (2/16.0/SYS) NET/0-0 (4/16.0/SYS) NET/0-1 (3/24.0/PHB) NET/0-2 (4/16.0/SYS) NET/0-3 (4/16.0/SYS) 
nid007974:70010:70010 [2] NCCL INFO GPU/CE000 :GPU/0-c1000 (3/16.0/SYS) GPU/0-c6000 (1/36.0/XGMI) GPU/0-c9000 (1/144.0/XGMI) GPU/0-ce000 (0/5000.0/LOC) GPU/0-d1000 (3/16.0/SYS) GPU/0-d6000 (3/16.0/SYS) GPU/0-d9000 (3/16.0/SYS) GPU/0-de000 (1/36.0/XGMI) CPU/0-3 (2/16.0/SYS) CPU/0-1 (1/24.0/PHB) CPU/0-0 (2/16.0/SYS) CPU/0-2 (2/16.0/SYS) NET/0-0 (4/16.0/SYS) NET/0-1 (3/24.0/PHB) NET/0-2 (4/16.0/SYS) NET/0-3 (4/16.0/SYS) 
nid007974:70010:70010 [2] NCCL INFO GPU/D1000 :GPU/0-c1000 (3/16.0/SYS) GPU/0-c6000 (3/16.0/SYS) GPU/0-c9000 (1/72.0/XGMI) GPU/0-ce000 (3/16.0/SYS) GPU/0-d1000 (0/5000.0/LOC) GPU/0-d6000 (1/144.0/XGMI) GPU/0-d9000 (1/36.0/XGMI) GPU/0-de000 (3/16.0/SYS) CPU/0-3 (2/16.0/SYS) CPU/0-1 (2/16.0/SYS) CPU/0-0 (1/24.0/PHB) CPU/0-2 (2/16.0/SYS) NET/0-0 (4/16.0/SYS) NET/0-1 (4/16.0/SYS) NET/0-2 (3/24.0/PHB) NET/0-3 (4/16.0/SYS) 
nid007974:70010:70010 [2] NCCL INFO GPU/D6000 :GPU/0-c1000 (3/16.0/SYS) GPU/0-c6000 (1/36.0/XGMI) GPU/0-c9000 (3/16.0/SYS) GPU/0-ce000 (3/16.0/SYS) GPU/0-d1000 (1/144.0/XGMI) GPU/0-d6000 (0/5000.0/LOC) GPU/0-d9000 (3/16.0/SYS) GPU/0-de000 (1/36.0/XGMI) CPU/0-3 (2/16.0/SYS) CPU/0-1 (2/16.0/SYS) CPU/0-0 (1/24.0/PHB) CPU/0-2 (2/16.0/SYS) NET/0-0 (4/16.0/SYS) NET/0-1 (4/16.0/SYS) NET/0-2 (3/24.0/PHB) NET/0-3 (4/16.0/SYS) 
nid007974:70010:70010 [2] NCCL INFO GPU/D9000 :GPU/0-c1000 (1/72.0/XGMI) GPU/0-c6000 (3/16.0/SYS) GPU/0-c9000 (3/16.0/SYS) GPU/0-ce000 (3/16.0/SYS) GPU/0-d1000 (1/36.0/XGMI) GPU/0-d6000 (3/16.0/SYS) GPU/0-d9000 (0/5000.0/LOC) GPU/0-de000 (1/144.0/XGMI) CPU/0-3 (2/16.0/SYS) CPU/0-1 (2/16.0/SYS) CPU/0-0 (2/16.0/SYS) CPU/0-2 (1/24.0/PHB) NET/0-0 (4/16.0/SYS) NET/0-1 (4/16.0/SYS) NET/0-2 (4/16.0/SYS) NET/0-3 (3/24.0/PHB) 
nid007974:70010:70010 [2] NCCL INFO GPU/DE000 :GPU/0-c1000 (3/16.0/SYS) GPU/0-c6000 (3/16.0/SYS) GPU/0-c9000 (3/16.0/SYS) GPU/0-ce000 (1/36.0/XGMI) GPU/0-d1000 (3/16.0/SYS) GPU/0-d6000 (1/36.0/XGMI) GPU/0-d9000 (1/144.0/XGMI) GPU/0-de000 (0/5000.0/LOC) CPU/0-3 (2/16.0/SYS) CPU/0-1 (2/16.0/SYS) CPU/0-0 (2/16.0/SYS) CPU/0-2 (1/24.0/PHB) NET/0-0 (4/16.0/SYS) NET/0-1 (4/16.0/SYS) NET/0-2 (4/16.0/SYS) NET/0-3 (3/24.0/PHB) 
nid007974:70010:70010 [2] NCCL INFO NET/0 :GPU/0-c1000 (3/24.0/PHB) GPU/0-c6000 (3/24.0/PHB) GPU/0-c9000 (4/16.0/SYS) GPU/0-ce000 (4/16.0/SYS) GPU/0-d1000 (4/16.0/SYS) GPU/0-d6000 (4/16.0/SYS) GPU/0-d9000 (4/16.0/SYS) GPU/0-de000 (4/16.0/SYS) CPU/0-3 (2/24.0/PHB) CPU/0-1 (3/16.0/SYS) CPU/0-0 (3/16.0/SYS) CPU/0-2 (3/16.0/SYS) NET/0-0 (0/5000.0/LOC) NET/0-1 (5/16.0/SYS) NET/0-2 (5/16.0/SYS) NET/0-3 (5/16.0/SYS) 
nid007974:70010:70010 [2] NCCL INFO NET/1 :GPU/0-c1000 (4/16.0/SYS) GPU/0-c6000 (4/16.0/SYS) GPU/0-c9000 (3/24.0/PHB) GPU/0-ce000 (3/24.0/PHB) GPU/0-d1000 (4/16.0/SYS) GPU/0-d6000 (4/16.0/SYS) GPU/0-d9000 (4/16.0/SYS) GPU/0-de000 (4/16.0/SYS) CPU/0-3 (3/16.0/SYS) CPU/0-1 (2/24.0/PHB) CPU/0-0 (3/16.0/SYS) CPU/0-2 (3/16.0/SYS) NET/0-0 (5/16.0/SYS) NET/0-1 (0/5000.0/LOC) NET/0-2 (5/16.0/SYS) NET/0-3 (5/16.0/SYS) 
nid007974:70010:70010 [2] NCCL INFO NET/2 :GPU/0-c1000 (4/16.0/SYS) GPU/0-c6000 (4/16.0/SYS) GPU/0-c9000 (4/16.0/SYS) GPU/0-ce000 (4/16.0/SYS) GPU/0-d1000 (3/24.0/PHB) GPU/0-d6000 (3/24.0/PHB) GPU/0-d9000 (4/16.0/SYS) GPU/0-de000 (4/16.0/SYS) CPU/0-3 (3/16.0/SYS) CPU/0-1 (3/16.0/SYS) CPU/0-0 (2/24.0/PHB) CPU/0-2 (3/16.0/SYS) NET/0-0 (5/16.0/SYS) NET/0-1 (5/16.0/SYS) NET/0-2 (0/5000.0/LOC) NET/0-3 (5/16.0/SYS) 
nid007974:70010:70010 [2] NCCL INFO NET/3 :GPU/0-c1000 (4/16.0/SYS) GPU/0-c6000 (4/16.0/SYS) GPU/0-c9000 (4/16.0/SYS) GPU/0-ce000 (4/16.0/SYS) GPU/0-d1000 (4/16.0/SYS) GPU/0-d6000 (4/16.0/SYS) GPU/0-d9000 (3/24.0/PHB) GPU/0-de000 (3/24.0/PHB) CPU/0-3 (3/16.0/SYS) CPU/0-1 (3/16.0/SYS) CPU/0-0 (3/16.0/SYS) CPU/0-2 (2/24.0/PHB) NET/0-0 (5/16.0/SYS) NET/0-1 (5/16.0/SYS) NET/0-2 (5/16.0/SYS) NET/0-3 (0/5000.0/LOC) 
nid007974:70011:70011 [5] NCCL INFO Found matching Rome model index 36 with GPU mapping: 0 1 2 3 4 5 6 7 NET mapping: 0 1 2 3 
nid007974:70011:70011 [5] NCCL INFO Pattern 1, crossNic 0, nChannels 8, bw 31.500000/31.500000, type XGMI/PIX, sameChannels 1
nid007974:70011:70011 [5] NCCL INFO  0 : NET/0 GPU/8 GPU/9 GPU/13 GPU/12 GPU/14 GPU/15 GPU/11 GPU/10 NET/1
nid007974:70011:70011 [5] NCCL INFO  1 : NET/1 GPU/10 GPU/11 GPU/15 GPU/14 GPU/12 GPU/13 GPU/9 GPU/8 NET/0
nid007974:70011:70011 [5] NCCL INFO  2 : NET/3 GPU/15 GPU/14 GPU/8 GPU/9 GPU/11 GPU/10 GPU/12 GPU/13 NET/2
nid007974:70011:70011 [5] NCCL INFO  3 : NET/2 GPU/13 GPU/12 GPU/10 GPU/11 GPU/9 GPU/8 GPU/14 GPU/15 NET/3
nid007974:70011:70011 [5] NCCL INFO  4 : NET/0 GPU/8 GPU/9 GPU/13 GPU/12 GPU/14 GPU/15 GPU/11 GPU/10 NET/1
nid007974:70011:70011 [5] NCCL INFO  5 : NET/1 GPU/10 GPU/11 GPU/15 GPU/14 GPU/12 GPU/13 GPU/9 GPU/8 NET/0
nid007974:70011:70011 [5] NCCL INFO  6 : NET/3 GPU/15 GPU/14 GPU/8 GPU/9 GPU/11 GPU/10 GPU/12 GPU/13 NET/2
nid007974:70011:70011 [5] NCCL INFO  7 : NET/2 GPU/13 GPU/12 GPU/10 GPU/11 GPU/9 GPU/8 GPU/14 GPU/15 NET/3
nid007974:70010:70010 [2] NCCL INFO Found matching Rome model index 36 with GPU mapping: 0 1 2 3 4 5 6 7 NET mapping: 0 1 2 3 
nid007974:70010:70010 [2] NCCL INFO Pattern 4, crossNic 0, nChannels 8, bw 31.500000/31.500000, type XGMI/PIX, sameChannels 1
nid007974:70010:70010 [2] NCCL INFO  0 : NET/1 GPU/10 GPU/11 GPU/15 GPU/14 GPU/12 GPU/13 GPU/9 GPU/8 NET/0
nid007974:70010:70010 [2] NCCL INFO  1 : NET/0 GPU/8 GPU/9 GPU/13 GPU/12 GPU/14 GPU/15 GPU/11 GPU/10 NET/1
nid007974:70010:70010 [2] NCCL INFO  2 : NET/2 GPU/13 GPU/12 GPU/10 GPU/11 GPU/9 GPU/8 GPU/14 GPU/15 NET/3
nid007974:70010:70010 [2] NCCL INFO  3 : NET/3 GPU/15 GPU/14 GPU/8 GPU/9 GPU/11 GPU/10 GPU/12 GPU/13 NET/2
nid007974:70010:70010 [2] NCCL INFO  4 : NET/1 GPU/10 GPU/11 GPU/15 GPU/14 GPU/12 GPU/13 GPU/9 GPU/8 NET/0
nid007974:70010:70010 [2] NCCL INFO  5 : NET/0 GPU/8 GPU/9 GPU/13 GPU/12 GPU/14 GPU/15 GPU/11 GPU/10 NET/1
nid007974:70010:70010 [2] NCCL INFO  6 : NET/2 GPU/13 GPU/12 GPU/10 GPU/11 GPU/9 GPU/8 GPU/14 GPU/15 NET/3
nid007974:70010:70010 [2] NCCL INFO  7 : NET/3 GPU/15 GPU/14 GPU/8 GPU/9 GPU/11 GPU/10 GPU/12 GPU/13 NET/2
nid007974:70007:70007 [6] NCCL INFO NCCL_NET_GDR_LEVEL set by environment to PHB
nid007974:70007:70007 [6] NCCL INFO GPU Direct RDMA Enabled for GPU c1000 / HCA 0 (distance 6 <= 6), read 1
nid007974:70007:70007 [6] NCCL INFO GPU Direct RDMA Enabled for GPU c6000 / HCA 0 (distance 6 <= 6), read 1
nid007974:70007:70007 [6] NCCL INFO GPU Direct RDMA Enabled for GPU c9000 / HCA 1 (distance 6 <= 6), read 1
nid007974:70007:70007 [6] NCCL INFO GPU Direct RDMA Enabled for GPU ce000 / HCA 1 (distance 6 <= 6), read 1
nid007974:70007:70007 [6] NCCL INFO GPU Direct RDMA Enabled for GPU d1000 / HCA 2 (distance 6 <= 6), read 1
nid007974:70007:70007 [6] NCCL INFO GPU Direct RDMA Enabled for GPU d6000 / HCA 2 (distance 6 <= 6), read 1
nid007974:70007:70007 [6] NCCL INFO GPU Direct RDMA Enabled for GPU d9000 / HCA 3 (distance 6 <= 6), read 1
nid007974:70007:70007 [6] NCCL INFO GPU Direct RDMA Enabled for GPU de000 / HCA 3 (distance 6 <= 6), read 1
nid007974:70010:70010 [2] NCCL INFO Found matching Rome model index 36 with GPU mapping: 0 1 2 3 4 5 6 7 NET mapping: 0 1 2 3 
nid007974:70010:70010 [2] NCCL INFO Pattern 1, crossNic 0, nChannels 8, bw 31.500000/31.500000, type XGMI/PIX, sameChannels 1
nid007974:70010:70010 [2] NCCL INFO  0 : NET/0 GPU/8 GPU/9 GPU/13 GPU/12 GPU/14 GPU/15 GPU/11 GPU/10 NET/1
nid007974:70010:70010 [2] NCCL INFO  1 : NET/1 GPU/10 GPU/11 GPU/15 GPU/14 GPU/12 GPU/13 GPU/9 GPU/8 NET/0
nid007974:70010:70010 [2] NCCL INFO  2 : NET/3 GPU/15 GPU/14 GPU/8 GPU/9 GPU/11 GPU/10 GPU/12 GPU/13 NET/2
nid007974:70010:70010 [2] NCCL INFO  3 : NET/2 GPU/13 GPU/12 GPU/10 GPU/11 GPU/9 GPU/8 GPU/14 GPU/15 NET/3
nid007974:70010:70010 [2] NCCL INFO  4 : NET/0 GPU/8 GPU/9 GPU/13 GPU/12 GPU/14 GPU/15 GPU/11 GPU/10 NET/1
nid007974:70010:70010 [2] NCCL INFO  5 : NET/1 GPU/10 GPU/11 GPU/15 GPU/14 GPU/12 GPU/13 GPU/9 GPU/8 NET/0
nid007974:70010:70010 [2] NCCL INFO  6 : NET/3 GPU/15 GPU/14 GPU/8 GPU/9 GPU/11 GPU/10 GPU/12 GPU/13 NET/2
nid007974:70010:70010 [2] NCCL INFO  7 : NET/2 GPU/13 GPU/12 GPU/10 GPU/11 GPU/9 GPU/8 GPU/14 GPU/15 NET/3
nid007974:70007:70007 [6] NCCL INFO === System : maxBw 24.0 totalBw 252.0 ===
nid007974:70007:70007 [6] NCCL INFO CPU/0-3 (1/2/4)
nid007974:70007:70007 [6] NCCL INFO + PCI[24.0] - GPU/0-c1000 (8)
nid007974:70007:70007 [6] NCCL INFO               + XGMI[144.0] - GPU/C6000
nid007974:70007:70007 [6] NCCL INFO               + XGMI[72.0] - GPU/D9000
nid007974:70007:70007 [6] NCCL INFO               + XGMI[36.0] - GPU/C9000
nid007974:70007:70007 [6] NCCL INFO + PCI[24.0] - NIC/0-c5000
nid007974:70007:70007 [6] NCCL INFO               + NET[25.0] - NET/0 (a78746c00/1/25.000000)
nid007974:70007:70007 [6] NCCL INFO + PCI[24.0] - GPU/0-c6000 (9)
nid007974:70007:70007 [6] NCCL INFO               + XGMI[144.0] - GPU/C1000
nid007974:70007:70007 [6] NCCL INFO               + XGMI[36.0] - GPU/CE000
nid007974:70007:70007 [6] NCCL INFO               + XGMI[36.0] - GPU/D6000
nid007974:70007:70007 [6] NCCL INFO + SYS[16.0] - CPU/1
nid007974:70007:70007 [6] NCCL INFO + SYS[16.0] - CPU/0
nid007974:70007:70007 [6] NCCL INFO + SYS[16.0] - CPU/2
nid007974:70007:70007 [6] NCCL INFO CPU/0-1 (1/2/4)
nid007974:70007:70007 [6] NCCL INFO + PCI[24.0] - NIC/0-cd000
nid007974:70007:70007 [6] NCCL INFO               + NET[25.0] - NET/1 (a78746c01/1/25.000000)
nid007974:70007:70007 [6] NCCL INFO + PCI[24.0] - GPU/0-c9000 (10)
nid007974:70007:70007 [6] NCCL INFO               + XGMI[144.0] - GPU/CE000
nid007974:70007:70007 [6] NCCL INFO               + XGMI[72.0] - GPU/D1000
nid007974:70007:70007 [6] NCCL INFO               + XGMI[36.0] - GPU/C1000
nid007974:70007:70007 [6] NCCL INFO + PCI[24.0] - GPU/0-ce000 (11)
nid007974:70007:70007 [6] NCCL INFO               + XGMI[144.0] - GPU/C9000
nid007974:70007:70007 [6] NCCL INFO               + XGMI[36.0] - GPU/C6000
nid007974:70007:70007 [6] NCCL INFO               + XGMI[36.0] - GPU/DE000
nid007974:70007:70007 [6] NCCL INFO + SYS[16.0] - CPU/3
nid007974:70007:70007 [6] NCCL INFO + SYS[16.0] - CPU/0
nid007974:70007:70007 [6] NCCL INFO + SYS[16.0] - CPU/2
nid007974:70007:70007 [6] NCCL INFO CPU/0-0 (1/2/4)
nid007974:70007:70007 [6] NCCL INFO + PCI[24.0] - NIC/0-d5000
nid007974:70007:70007 [6] NCCL INFO               + NET[25.0] - NET/2 (a78746c02/1/25.000000)
nid007974:70007:70007 [6] NCCL INFO + PCI[24.0] - GPU/0-d1000 (12)
nid007974:70007:70007 [6] NCCL INFO               + XGMI[144.0] - GPU/D6000
nid007974:70007:70007 [6] NCCL INFO               + XGMI[72.0] - GPU/C9000
nid007974:70007:70007 [6] NCCL INFO               + XGMI[36.0] - GPU/D9000
nid007974:70007:70007 [6] NCCL INFO + PCI[24.0] - GPU/0-d6000 (13)
nid007974:70007:70007 [6] NCCL INFO               + XGMI[144.0] - GPU/D1000
nid007974:70007:70007 [6] NCCL INFO               + XGMI[36.0] - GPU/C6000
nid007974:70007:70007 [6] NCCL INFO               + XGMI[36.0] - GPU/DE000
nid007974:70007:70007 [6] NCCL INFO + SYS[16.0] - CPU/3
nid007974:70007:70007 [6] NCCL INFO + SYS[16.0] - CPU/1
nid007974:70007:70007 [6] NCCL INFO + SYS[16.0] - CPU/2
nid007974:70007:70007 [6] NCCL INFO CPU/0-2 (1/2/4)
nid007974:70007:70007 [6] NCCL INFO + PCI[24.0] - NIC/0-dd000
nid007974:70007:70007 [6] NCCL INFO               + NET[25.0] - NET/3 (a78746c03/1/25.000000)
nid007974:70007:70007 [6] NCCL INFO + PCI[24.0] - GPU/0-d9000 (14)
nid007974:70007:70007 [6] NCCL INFO               + XGMI[144.0] - GPU/DE000
nid007974:70007:70007 [6] NCCL INFO               + XGMI[72.0] - GPU/C1000
nid007974:70007:70007 [6] NCCL INFO               + XGMI[36.0] - GPU/D1000
nid007974:70007:70007 [6] NCCL INFO + PCI[24.0] - GPU/0-de000 (15)
nid007974:70007:70007 [6] NCCL INFO               + XGMI[144.0] - GPU/D9000
nid007974:70007:70007 [6] NCCL INFO               + XGMI[36.0] - GPU/CE000
nid007974:70007:70007 [6] NCCL INFO               + XGMI[36.0] - GPU/D6000
nid007974:70007:70007 [6] NCCL INFO + SYS[16.0] - CPU/3
nid007974:70007:70007 [6] NCCL INFO + SYS[16.0] - CPU/1
nid007974:70007:70007 [6] NCCL INFO + SYS[16.0] - CPU/0
nid007974:70007:70007 [6] NCCL INFO ==========================================
nid007974:70007:70007 [6] NCCL INFO GPU/C1000 :GPU/0-c1000 (0/5000.0/LOC) GPU/0-c6000 (1/144.0/XGMI) GPU/0-c9000 (1/36.0/XGMI) GPU/0-ce000 (3/16.0/SYS) GPU/0-d1000 (3/16.0/SYS) GPU/0-d6000 (3/16.0/SYS) GPU/0-d9000 (1/72.0/XGMI) GPU/0-de000 (3/16.0/SYS) CPU/0-3 (1/24.0/PHB) CPU/0-1 (2/16.0/SYS) CPU/0-0 (2/16.0/SYS) CPU/0-2 (2/16.0/SYS) NET/0-0 (3/24.0/PHB) NET/0-1 (4/16.0/SYS) NET/0-2 (4/16.0/SYS) NET/0-3 (4/16.0/SYS) 
nid007974:70007:70007 [6] NCCL INFO GPU/C6000 :GPU/0-c1000 (1/144.0/XGMI) GPU/0-c6000 (0/5000.0/LOC) GPU/0-c9000 (3/16.0/SYS) GPU/0-ce000 (1/36.0/XGMI) GPU/0-d1000 (3/16.0/SYS) GPU/0-d6000 (1/36.0/XGMI) GPU/0-d9000 (3/16.0/SYS) GPU/0-de000 (3/16.0/SYS) CPU/0-3 (1/24.0/PHB) CPU/0-1 (2/16.0/SYS) CPU/0-0 (2/16.0/SYS) CPU/0-2 (2/16.0/SYS) NET/0-0 (3/24.0/PHB) NET/0-1 (4/16.0/SYS) NET/0-2 (4/16.0/SYS) NET/0-3 (4/16.0/SYS) 
nid007974:70007:70007 [6] NCCL INFO GPU/C9000 :GPU/0-c1000 (1/36.0/XGMI) GPU/0-c6000 (3/16.0/SYS) GPU/0-c9000 (0/5000.0/LOC) GPU/0-ce000 (1/144.0/XGMI) GPU/0-d1000 (1/72.0/XGMI) GPU/0-d6000 (3/16.0/SYS) GPU/0-d9000 (3/16.0/SYS) GPU/0-de000 (3/16.0/SYS) CPU/0-3 (2/16.0/SYS) CPU/0-1 (1/24.0/PHB) CPU/0-0 (2/16.0/SYS) CPU/0-2 (2/16.0/SYS) NET/0-0 (4/16.0/SYS) NET/0-1 (3/24.0/PHB) NET/0-2 (4/16.0/SYS) NET/0-3 (4/16.0/SYS) 
nid007974:70007:70007 [6] NCCL INFO GPU/CE000 :GPU/0-c1000 (3/16.0/SYS) GPU/0-c6000 (1/36.0/XGMI) GPU/0-c9000 (1/144.0/XGMI) GPU/0-ce000 (0/5000.0/LOC) GPU/0-d1000 (3/16.0/SYS) GPU/0-d6000 (3/16.0/SYS) GPU/0-d9000 (3/16.0/SYS) GPU/0-de000 (1/36.0/XGMI) CPU/0-3 (2/16.0/SYS) CPU/0-1 (1/24.0/PHB) CPU/0-0 (2/16.0/SYS) CPU/0-2 (2/16.0/SYS) NET/0-0 (4/16.0/SYS) NET/0-1 (3/24.0/PHB) NET/0-2 (4/16.0/SYS) NET/0-3 (4/16.0/SYS) 
nid007974:70007:70007 [6] NCCL INFO GPU/D1000 :GPU/0-c1000 (3/16.0/SYS) GPU/0-c6000 (3/16.0/SYS) GPU/0-c9000 (1/72.0/XGMI) GPU/0-ce000 (3/16.0/SYS) GPU/0-d1000 (0/5000.0/LOC) GPU/0-d6000 (1/144.0/XGMI) GPU/0-d9000 (1/36.0/XGMI) GPU/0-de000 (3/16.0/SYS) CPU/0-3 (2/16.0/SYS) CPU/0-1 (2/16.0/SYS) CPU/0-0 (1/24.0/PHB) CPU/0-2 (2/16.0/SYS) NET/0-0 (4/16.0/SYS) NET/0-1 (4/16.0/SYS) NET/0-2 (3/24.0/PHB) NET/0-3 (4/16.0/SYS) 
nid007974:70007:70007 [6] NCCL INFO GPU/D6000 :GPU/0-c1000 (3/16.0/SYS) GPU/0-c6000 (1/36.0/XGMI) GPU/0-c9000 (3/16.0/SYS) GPU/0-ce000 (3/16.0/SYS) GPU/0-d1000 (1/144.0/XGMI) GPU/0-d6000 (0/5000.0/LOC) GPU/0-d9000 (3/16.0/SYS) GPU/0-de000 (1/36.0/XGMI) CPU/0-3 (2/16.0/SYS) CPU/0-1 (2/16.0/SYS) CPU/0-0 (1/24.0/PHB) CPU/0-2 (2/16.0/SYS) NET/0-0 (4/16.0/SYS) NET/0-1 (4/16.0/SYS) NET/0-2 (3/24.0/PHB) NET/0-3 (4/16.0/SYS) 
nid007974:70007:70007 [6] NCCL INFO GPU/D9000 :GPU/0-c1000 (1/72.0/XGMI) GPU/0-c6000 (3/16.0/SYS) GPU/0-c9000 (3/16.0/SYS) GPU/0-ce000 (3/16.0/SYS) GPU/0-d1000 (1/36.0/XGMI) GPU/0-d6000 (3/16.0/SYS) GPU/0-d9000 (0/5000.0/LOC) GPU/0-de000 (1/144.0/XGMI) CPU/0-3 (2/16.0/SYS) CPU/0-1 (2/16.0/SYS) CPU/0-0 (2/16.0/SYS) CPU/0-2 (1/24.0/PHB) NET/0-0 (4/16.0/SYS) NET/0-1 (4/16.0/SYS) NET/0-2 (4/16.0/SYS) NET/0-3 (3/24.0/PHB) 
nid007974:70007:70007 [6] NCCL INFO GPU/DE000 :GPU/0-c1000 (3/16.0/SYS) GPU/0-c6000 (3/16.0/SYS) GPU/0-c9000 (3/16.0/SYS) GPU/0-ce000 (1/36.0/XGMI) GPU/0-d1000 (3/16.0/SYS) GPU/0-d6000 (1/36.0/XGMI) GPU/0-d9000 (1/144.0/XGMI) GPU/0-de000 (0/5000.0/LOC) CPU/0-3 (2/16.0/SYS) CPU/0-1 (2/16.0/SYS) CPU/0-0 (2/16.0/SYS) CPU/0-2 (1/24.0/PHB) NET/0-0 (4/16.0/SYS) NET/0-1 (4/16.0/SYS) NET/0-2 (4/16.0/SYS) NET/0-3 (3/24.0/PHB) 
nid007974:70007:70007 [6] NCCL INFO NET/0 :GPU/0-c1000 (3/24.0/PHB) GPU/0-c6000 (3/24.0/PHB) GPU/0-c9000 (4/16.0/SYS) GPU/0-ce000 (4/16.0/SYS) GPU/0-d1000 (4/16.0/SYS) GPU/0-d6000 (4/16.0/SYS) GPU/0-d9000 (4/16.0/SYS) GPU/0-de000 (4/16.0/SYS) CPU/0-3 (2/24.0/PHB) CPU/0-1 (3/16.0/SYS) CPU/0-0 (3/16.0/SYS) CPU/0-2 (3/16.0/SYS) NET/0-0 (0/5000.0/LOC) NET/0-1 (5/16.0/SYS) NET/0-2 (5/16.0/SYS) NET/0-3 (5/16.0/SYS) 
nid007974:70007:70007 [6] NCCL INFO NET/1 :GPU/0-c1000 (4/16.0/SYS) GPU/0-c6000 (4/16.0/SYS) GPU/0-c9000 (3/24.0/PHB) GPU/0-ce000 (3/24.0/PHB) GPU/0-d1000 (4/16.0/SYS) GPU/0-d6000 (4/16.0/SYS) GPU/0-d9000 (4/16.0/SYS) GPU/0-de000 (4/16.0/SYS) CPU/0-3 (3/16.0/SYS) CPU/0-1 (2/24.0/PHB) CPU/0-0 (3/16.0/SYS) CPU/0-2 (3/16.0/SYS) NET/0-0 (5/16.0/SYS) NET/0-1 (0/5000.0/LOC) NET/0-2 (5/16.0/SYS) NET/0-3 (5/16.0/SYS) 
nid007974:70007:70007 [6] NCCL INFO NET/2 :GPU/0-c1000 (4/16.0/SYS) GPU/0-c6000 (4/16.0/SYS) GPU/0-c9000 (4/16.0/SYS) GPU/0-ce000 (4/16.0/SYS) GPU/0-d1000 (3/24.0/PHB) GPU/0-d6000 (3/24.0/PHB) GPU/0-d9000 (4/16.0/SYS) GPU/0-de000 (4/16.0/SYS) CPU/0-3 (3/16.0/SYS) CPU/0-1 (3/16.0/SYS) CPU/0-0 (2/24.0/PHB) CPU/0-2 (3/16.0/SYS) NET/0-0 (5/16.0/SYS) NET/0-1 (5/16.0/SYS) NET/0-2 (0/5000.0/LOC) NET/0-3 (5/16.0/SYS) 
nid007974:70007:70007 [6] NCCL INFO NET/3 :GPU/0-c1000 (4/16.0/SYS) GPU/0-c6000 (4/16.0/SYS) GPU/0-c9000 (4/16.0/SYS) GPU/0-ce000 (4/16.0/SYS) GPU/0-d1000 (4/16.0/SYS) GPU/0-d6000 (4/16.0/SYS) GPU/0-d9000 (3/24.0/PHB) GPU/0-de000 (3/24.0/PHB) CPU/0-3 (3/16.0/SYS) CPU/0-1 (3/16.0/SYS) CPU/0-0 (3/16.0/SYS) CPU/0-2 (2/24.0/PHB) NET/0-0 (5/16.0/SYS) NET/0-1 (5/16.0/SYS) NET/0-2 (5/16.0/SYS) NET/0-3 (0/5000.0/LOC) 
nid007974:70007:70007 [6] NCCL INFO Found matching Rome model index 36 with GPU mapping: 0 1 2 3 4 5 6 7 NET mapping: 0 1 2 3 
nid007974:70007:70007 [6] NCCL INFO Pattern 4, crossNic 0, nChannels 8, bw 31.500000/31.500000, type XGMI/PIX, sameChannels 1
nid007974:70007:70007 [6] NCCL INFO  0 : NET/1 GPU/10 GPU/11 GPU/15 GPU/14 GPU/12 GPU/13 GPU/9 GPU/8 NET/0
nid007974:70007:70007 [6] NCCL INFO  1 : NET/0 GPU/8 GPU/9 GPU/13 GPU/12 GPU/14 GPU/15 GPU/11 GPU/10 NET/1
nid007974:70007:70007 [6] NCCL INFO  2 : NET/2 GPU/13 GPU/12 GPU/10 GPU/11 GPU/9 GPU/8 GPU/14 GPU/15 NET/3
nid007974:70007:70007 [6] NCCL INFO  3 : NET/3 GPU/15 GPU/14 GPU/8 GPU/9 GPU/11 GPU/10 GPU/12 GPU/13 NET/2
nid007974:70007:70007 [6] NCCL INFO  4 : NET/1 GPU/10 GPU/11 GPU/15 GPU/14 GPU/12 GPU/13 GPU/9 GPU/8 NET/0
nid007974:70007:70007 [6] NCCL INFO  5 : NET/0 GPU/8 GPU/9 GPU/13 GPU/12 GPU/14 GPU/15 GPU/11 GPU/10 NET/1
nid007974:70007:70007 [6] NCCL INFO  6 : NET/2 GPU/13 GPU/12 GPU/10 GPU/11 GPU/9 GPU/8 GPU/14 GPU/15 NET/3
nid007974:70007:70007 [6] NCCL INFO  7 : NET/3 GPU/15 GPU/14 GPU/8 GPU/9 GPU/11 GPU/10 GPU/12 GPU/13 NET/2
nid007974:70006:70006 [0] NCCL INFO NCCL_NET_GDR_LEVEL set by environment to PHB
nid007974:70006:70006 [0] NCCL INFO GPU Direct RDMA Enabled for GPU c1000 / HCA 0 (distance 6 <= 6), read 1
nid007974:70006:70006 [0] NCCL INFO GPU Direct RDMA Enabled for GPU c6000 / HCA 0 (distance 6 <= 6), read 1
nid007974:70006:70006 [0] NCCL INFO GPU Direct RDMA Enabled for GPU c9000 / HCA 1 (distance 6 <= 6), read 1
nid007974:70006:70006 [0] NCCL INFO GPU Direct RDMA Enabled for GPU ce000 / HCA 1 (distance 6 <= 6), read 1
nid007974:70006:70006 [0] NCCL INFO GPU Direct RDMA Enabled for GPU d1000 / HCA 2 (distance 6 <= 6), read 1
nid007974:70006:70006 [0] NCCL INFO GPU Direct RDMA Enabled for GPU d6000 / HCA 2 (distance 6 <= 6), read 1
nid007974:70006:70006 [0] NCCL INFO GPU Direct RDMA Enabled for GPU d9000 / HCA 3 (distance 6 <= 6), read 1
nid007974:70006:70006 [0] NCCL INFO GPU Direct RDMA Enabled for GPU de000 / HCA 3 (distance 6 <= 6), read 1
nid007974:70006:70006 [0] NCCL INFO === System : maxBw 24.0 totalBw 252.0 ===
nid007974:70006:70006 [0] NCCL INFO CPU/0-3 (1/2/4)
nid007974:70006:70006 [0] NCCL INFO + PCI[24.0] - GPU/0-c1000 (8)
nid007974:70006:70006 [0] NCCL INFO               + XGMI[144.0] - GPU/C6000
nid007974:70006:70006 [0] NCCL INFO               + XGMI[72.0] - GPU/D9000
nid007974:70006:70006 [0] NCCL INFO               + XGMI[36.0] - GPU/C9000
nid007974:70006:70006 [0] NCCL INFO + PCI[24.0] - NIC/0-c5000
nid007974:70006:70006 [0] NCCL INFO               + NET[25.0] - NET/0 (a78746c00/1/25.000000)
nid007974:70006:70006 [0] NCCL INFO + PCI[24.0] - GPU/0-c6000 (9)
nid007974:70006:70006 [0] NCCL INFO               + XGMI[144.0] - GPU/C1000
nid007974:70006:70006 [0] NCCL INFO               + XGMI[36.0] - GPU/CE000
nid007974:70006:70006 [0] NCCL INFO               + XGMI[36.0] - GPU/D6000
nid007974:70006:70006 [0] NCCL INFO + SYS[16.0] - CPU/1
nid007974:70006:70006 [0] NCCL INFO + SYS[16.0] - CPU/0
nid007974:70006:70006 [0] NCCL INFO + SYS[16.0] - CPU/2
nid007974:70006:70006 [0] NCCL INFO CPU/0-1 (1/2/4)
nid007974:70006:70006 [0] NCCL INFO + PCI[24.0] - NIC/0-cd000
nid007974:70006:70006 [0] NCCL INFO               + NET[25.0] - NET/1 (a78746c01/1/25.000000)
nid007974:70006:70006 [0] NCCL INFO + PCI[24.0] - GPU/0-c9000 (10)
nid007974:70006:70006 [0] NCCL INFO               + XGMI[144.0] - GPU/CE000
nid007974:70006:70006 [0] NCCL INFO               + XGMI[72.0] - GPU/D1000
nid007974:70006:70006 [0] NCCL INFO               + XGMI[36.0] - GPU/C1000
nid007974:70006:70006 [0] NCCL INFO + PCI[24.0] - GPU/0-ce000 (11)
nid007974:70006:70006 [0] NCCL INFO               + XGMI[144.0] - GPU/C9000
nid007974:70006:70006 [0] NCCL INFO               + XGMI[36.0] - GPU/C6000
nid007974:70006:70006 [0] NCCL INFO               + XGMI[36.0] - GPU/DE000
nid007974:70006:70006 [0] NCCL INFO + SYS[16.0] - CPU/3
nid007974:70006:70006 [0] NCCL INFO + SYS[16.0] - CPU/0
nid007974:70006:70006 [0] NCCL INFO + SYS[16.0] - CPU/2
nid007974:70006:70006 [0] NCCL INFO CPU/0-0 (1/2/4)
nid007974:70006:70006 [0] NCCL INFO + PCI[24.0] - NIC/0-d5000
nid007974:70006:70006 [0] NCCL INFO               + NET[25.0] - NET/2 (a78746c02/1/25.000000)
nid007974:70006:70006 [0] NCCL INFO + PCI[24.0] - GPU/0-d1000 (12)
nid007974:70006:70006 [0] NCCL INFO               + XGMI[144.0] - GPU/D6000
nid007974:70006:70006 [0] NCCL INFO               + XGMI[72.0] - GPU/C9000
nid007974:70006:70006 [0] NCCL INFO               + XGMI[36.0] - GPU/D9000
nid007974:70006:70006 [0] NCCL INFO + PCI[24.0] - GPU/0-d6000 (13)
nid007974:70006:70006 [0] NCCL INFO               + XGMI[144.0] - GPU/D1000
nid007974:70006:70006 [0] NCCL INFO               + XGMI[36.0] - GPU/C6000
nid007974:70006:70006 [0] NCCL INFO               + XGMI[36.0] - GPU/DE000
nid007974:70006:70006 [0] NCCL INFO + SYS[16.0] - CPU/3
nid007974:70006:70006 [0] NCCL INFO + SYS[16.0] - CPU/1
nid007974:70006:70006 [0] NCCL INFO + SYS[16.0] - CPU/2
nid007974:70006:70006 [0] NCCL INFO CPU/0-2 (1/2/4)
nid007974:70006:70006 [0] NCCL INFO + PCI[24.0] - NIC/0-dd000
nid007974:70006:70006 [0] NCCL INFO               + NET[25.0] - NET/3 (a78746c03/1/25.000000)
nid007974:70006:70006 [0] NCCL INFO + PCI[24.0] - GPU/0-d9000 (14)
nid007974:70006:70006 [0] NCCL INFO               + XGMI[144.0] - GPU/DE000
nid007974:70006:70006 [0] NCCL INFO               + XGMI[72.0] - GPU/C1000
nid007974:70006:70006 [0] NCCL INFO               + XGMI[36.0] - GPU/D1000
nid007974:70006:70006 [0] NCCL INFO + PCI[24.0] - GPU/0-de000 (15)
nid007974:70006:70006 [0] NCCL INFO               + XGMI[144.0] - GPU/D9000
nid007974:70006:70006 [0] NCCL INFO               + XGMI[36.0] - GPU/CE000
nid007974:70006:70006 [0] NCCL INFO               + XGMI[36.0] - GPU/D6000
nid007974:70006:70006 [0] NCCL INFO + SYS[16.0] - CPU/3
nid007974:70006:70006 [0] NCCL INFO + SYS[16.0] - CPU/1
nid007974:70006:70006 [0] NCCL INFO + SYS[16.0] - CPU/0
nid007974:70006:70006 [0] NCCL INFO ==========================================
nid007974:70006:70006 [0] NCCL INFO GPU/C1000 :GPU/0-c1000 (0/5000.0/LOC) GPU/0-c6000 (1/144.0/XGMI) GPU/0-c9000 (1/36.0/XGMI) GPU/0-ce000 (3/16.0/SYS) GPU/0-d1000 (3/16.0/SYS) GPU/0-d6000 (3/16.0/SYS) GPU/0-d9000 (1/72.0/XGMI) GPU/0-de000 (3/16.0/SYS) CPU/0-3 (1/24.0/PHB) CPU/0-1 (2/16.0/SYS) CPU/0-0 (2/16.0/SYS) CPU/0-2 (2/16.0/SYS) NET/0-0 (3/24.0/PHB) NET/0-1 (4/16.0/SYS) NET/0-2 (4/16.0/SYS) NET/0-3 (4/16.0/SYS) 
nid007974:70006:70006 [0] NCCL INFO GPU/C6000 :GPU/0-c1000 (1/144.0/XGMI) GPU/0-c6000 (0/5000.0/LOC) GPU/0-c9000 (3/16.0/SYS) GPU/0-ce000 (1/36.0/XGMI) GPU/0-d1000 (3/16.0/SYS) GPU/0-d6000 (1/36.0/XGMI) GPU/0-d9000 (3/16.0/SYS) GPU/0-de000 (3/16.0/SYS) CPU/0-3 (1/24.0/PHB) CPU/0-1 (2/16.0/SYS) CPU/0-0 (2/16.0/SYS) CPU/0-2 (2/16.0/SYS) NET/0-0 (3/24.0/PHB) NET/0-1 (4/16.0/SYS) NET/0-2 (4/16.0/SYS) NET/0-3 (4/16.0/SYS) 
nid007974:70006:70006 [0] NCCL INFO GPU/C9000 :GPU/0-c1000 (1/36.0/XGMI) GPU/0-c6000 (3/16.0/SYS) GPU/0-c9000 (0/5000.0/LOC) GPU/0-ce000 (1/144.0/XGMI) GPU/0-d1000 (1/72.0/XGMI) GPU/0-d6000 (3/16.0/SYS) GPU/0-d9000 (3/16.0/SYS) GPU/0-de000 (3/16.0/SYS) CPU/0-3 (2/16.0/SYS) CPU/0-1 (1/24.0/PHB) CPU/0-0 (2/16.0/SYS) CPU/0-2 (2/16.0/SYS) NET/0-0 (4/16.0/SYS) NET/0-1 (3/24.0/PHB) NET/0-2 (4/16.0/SYS) NET/0-3 (4/16.0/SYS) 
nid007974:70006:70006 [0] NCCL INFO GPU/CE000 :GPU/0-c1000 (3/16.0/SYS) GPU/0-c6000 (1/36.0/XGMI) GPU/0-c9000 (1/144.0/XGMI) GPU/0-ce000 (0/5000.0/LOC) GPU/0-d1000 (3/16.0/SYS) GPU/0-d6000 (3/16.0/SYS) GPU/0-d9000 (3/16.0/SYS) GPU/0-de000 (1/36.0/XGMI) CPU/0-3 (2/16.0/SYS) CPU/0-1 (1/24.0/PHB) CPU/0-0 (2/16.0/SYS) CPU/0-2 (2/16.0/SYS) NET/0-0 (4/16.0/SYS) NET/0-1 (3/24.0/PHB) NET/0-2 (4/16.0/SYS) NET/0-3 (4/16.0/SYS) 
nid007974:70006:70006 [0] NCCL INFO GPU/D1000 :GPU/0-c1000 (3/16.0/SYS) GPU/0-c6000 (3/16.0/SYS) GPU/0-c9000 (1/72.0/XGMI) GPU/0-ce000 (3/16.0/SYS) GPU/0-d1000 (0/5000.0/LOC) GPU/0-d6000 (1/144.0/XGMI) GPU/0-d9000 (1/36.0/XGMI) GPU/0-de000 (3/16.0/SYS) CPU/0-3 (2/16.0/SYS) CPU/0-1 (2/16.0/SYS) CPU/0-0 (1/24.0/PHB) CPU/0-2 (2/16.0/SYS) NET/0-0 (4/16.0/SYS) NET/0-1 (4/16.0/SYS) NET/0-2 (3/24.0/PHB) NET/0-3 (4/16.0/SYS) 
nid007974:70006:70006 [0] NCCL INFO GPU/D6000 :GPU/0-c1000 (3/16.0/SYS) GPU/0-c6000 (1/36.0/XGMI) GPU/0-c9000 (3/16.0/SYS) GPU/0-ce000 (3/16.0/SYS) GPU/0-d1000 (1/144.0/XGMI) GPU/0-d6000 (0/5000.0/LOC) GPU/0-d9000 (3/16.0/SYS) GPU/0-de000 (1/36.0/XGMI) CPU/0-3 (2/16.0/SYS) CPU/0-1 (2/16.0/SYS) CPU/0-0 (1/24.0/PHB) CPU/0-2 (2/16.0/SYS) NET/0-0 (4/16.0/SYS) NET/0-1 (4/16.0/SYS) NET/0-2 (3/24.0/PHB) NET/0-3 (4/16.0/SYS) 
nid007974:70006:70006 [0] NCCL INFO GPU/D9000 :GPU/0-c1000 (1/72.0/XGMI) GPU/0-c6000 (3/16.0/SYS) GPU/0-c9000 (3/16.0/SYS) GPU/0-ce000 (3/16.0/SYS) GPU/0-d1000 (1/36.0/XGMI) GPU/0-d6000 (3/16.0/SYS) GPU/0-d9000 (0/5000.0/LOC) GPU/0-de000 (1/144.0/XGMI) CPU/0-3 (2/16.0/SYS) CPU/0-1 (2/16.0/SYS) CPU/0-0 (2/16.0/SYS) CPU/0-2 (1/24.0/PHB) NET/0-0 (4/16.0/SYS) NET/0-1 (4/16.0/SYS) NET/0-2 (4/16.0/SYS) NET/0-3 (3/24.0/PHB) 
nid007974:70006:70006 [0] NCCL INFO GPU/DE000 :GPU/0-c1000 (3/16.0/SYS) GPU/0-c6000 (3/16.0/SYS) GPU/0-c9000 (3/16.0/SYS) GPU/0-ce000 (1/36.0/XGMI) GPU/0-d1000 (3/16.0/SYS) GPU/0-d6000 (1/36.0/XGMI) GPU/0-d9000 (1/144.0/XGMI) GPU/0-de000 (0/5000.0/LOC) CPU/0-3 (2/16.0/SYS) CPU/0-1 (2/16.0/SYS) CPU/0-0 (2/16.0/SYS) CPU/0-2 (1/24.0/PHB) NET/0-0 (4/16.0/SYS) NET/0-1 (4/16.0/SYS) NET/0-2 (4/16.0/SYS) NET/0-3 (3/24.0/PHB) 
nid007974:70006:70006 [0] NCCL INFO NET/0 :GPU/0-c1000 (3/24.0/PHB) GPU/0-c6000 (3/24.0/PHB) GPU/0-c9000 (4/16.0/SYS) GPU/0-ce000 (4/16.0/SYS) GPU/0-d1000 (4/16.0/SYS) GPU/0-d6000 (4/16.0/SYS) GPU/0-d9000 (4/16.0/SYS) GPU/0-de000 (4/16.0/SYS) CPU/0-3 (2/24.0/PHB) CPU/0-1 (3/16.0/SYS) CPU/0-0 (3/16.0/SYS) CPU/0-2 (3/16.0/SYS) NET/0-0 (0/5000.0/LOC) NET/0-1 (5/16.0/SYS) NET/0-2 (5/16.0/SYS) NET/0-3 (5/16.0/SYS) 
nid007974:70006:70006 [0] NCCL INFO NET/1 :GPU/0-c1000 (4/16.0/SYS) GPU/0-c6000 (4/16.0/SYS) GPU/0-c9000 (3/24.0/PHB) GPU/0-ce000 (3/24.0/PHB) GPU/0-d1000 (4/16.0/SYS) GPU/0-d6000 (4/16.0/SYS) GPU/0-d9000 (4/16.0/SYS) GPU/0-de000 (4/16.0/SYS) CPU/0-3 (3/16.0/SYS) CPU/0-1 (2/24.0/PHB) CPU/0-0 (3/16.0/SYS) CPU/0-2 (3/16.0/SYS) NET/0-0 (5/16.0/SYS) NET/0-1 (0/5000.0/LOC) NET/0-2 (5/16.0/SYS) NET/0-3 (5/16.0/SYS) 
nid007974:70006:70006 [0] NCCL INFO NET/2 :GPU/0-c1000 (4/16.0/SYS) GPU/0-c6000 (4/16.0/SYS) GPU/0-c9000 (4/16.0/SYS) GPU/0-ce000 (4/16.0/SYS) GPU/0-d1000 (3/24.0/PHB) GPU/0-d6000 (3/24.0/PHB) GPU/0-d9000 (4/16.0/SYS) GPU/0-de000 (4/16.0/SYS) CPU/0-3 (3/16.0/SYS) CPU/0-1 (3/16.0/SYS) CPU/0-0 (2/24.0/PHB) CPU/0-2 (3/16.0/SYS) NET/0-0 (5/16.0/SYS) NET/0-1 (5/16.0/SYS) NET/0-2 (0/5000.0/LOC) NET/0-3 (5/16.0/SYS) 
nid007974:70006:70006 [0] NCCL INFO NET/3 :GPU/0-c1000 (4/16.0/SYS) GPU/0-c6000 (4/16.0/SYS) GPU/0-c9000 (4/16.0/SYS) GPU/0-ce000 (4/16.0/SYS) GPU/0-d1000 (4/16.0/SYS) GPU/0-d6000 (4/16.0/SYS) GPU/0-d9000 (3/24.0/PHB) GPU/0-de000 (3/24.0/PHB) CPU/0-3 (3/16.0/SYS) CPU/0-1 (3/16.0/SYS) CPU/0-0 (3/16.0/SYS) CPU/0-2 (2/24.0/PHB) NET/0-0 (5/16.0/SYS) NET/0-1 (5/16.0/SYS) NET/0-2 (5/16.0/SYS) NET/0-3 (0/5000.0/LOC) 
nid007974:70013:70013 [7] NCCL INFO NCCL_NET_GDR_LEVEL set by environment to PHB
nid007974:70013:70013 [7] NCCL INFO GPU Direct RDMA Enabled for GPU c1000 / HCA 0 (distance 6 <= 6), read 1
nid007974:70013:70013 [7] NCCL INFO GPU Direct RDMA Enabled for GPU c6000 / HCA 0 (distance 6 <= 6), read 1
nid007974:70013:70013 [7] NCCL INFO GPU Direct RDMA Enabled for GPU c9000 / HCA 1 (distance 6 <= 6), read 1
nid007974:70013:70013 [7] NCCL INFO GPU Direct RDMA Enabled for GPU ce000 / HCA 1 (distance 6 <= 6), read 1
nid007974:70013:70013 [7] NCCL INFO GPU Direct RDMA Enabled for GPU d1000 / HCA 2 (distance 6 <= 6), read 1
nid007974:70013:70013 [7] NCCL INFO GPU Direct RDMA Enabled for GPU d6000 / HCA 2 (distance 6 <= 6), read 1
nid007974:70013:70013 [7] NCCL INFO GPU Direct RDMA Enabled for GPU d9000 / HCA 3 (distance 6 <= 6), read 1
nid007974:70013:70013 [7] NCCL INFO GPU Direct RDMA Enabled for GPU de000 / HCA 3 (distance 6 <= 6), read 1
nid007974:70013:70013 [7] NCCL INFO === System : maxBw 24.0 totalBw 252.0 ===
nid007974:70013:70013 [7] NCCL INFO CPU/0-3 (1/2/4)
nid007974:70013:70013 [7] NCCL INFO + PCI[24.0] - GPU/0-c1000 (8)
nid007974:70013:70013 [7] NCCL INFO               + XGMI[144.0] - GPU/C6000
nid007974:70013:70013 [7] NCCL INFO               + XGMI[72.0] - GPU/D9000
nid007974:70013:70013 [7] NCCL INFO               + XGMI[36.0] - GPU/C9000
nid007974:70013:70013 [7] NCCL INFO + PCI[24.0] - NIC/0-c5000
nid007974:70013:70013 [7] NCCL INFO               + NET[25.0] - NET/0 (a78746c00/1/25.000000)
nid007974:70013:70013 [7] NCCL INFO + PCI[24.0] - GPU/0-c6000 (9)
nid007974:70013:70013 [7] NCCL INFO               + XGMI[144.0] - GPU/C1000
nid007974:70013:70013 [7] NCCL INFO               + XGMI[36.0] - GPU/CE000
nid007974:70013:70013 [7] NCCL INFO               + XGMI[36.0] - GPU/D6000
nid007974:70013:70013 [7] NCCL INFO + SYS[16.0] - CPU/1
nid007974:70013:70013 [7] NCCL INFO + SYS[16.0] - CPU/0
nid007974:70013:70013 [7] NCCL INFO + SYS[16.0] - CPU/2
nid007974:70013:70013 [7] NCCL INFO CPU/0-1 (1/2/4)
nid007974:70013:70013 [7] NCCL INFO + PCI[24.0] - NIC/0-cd000
nid007974:70013:70013 [7] NCCL INFO               + NET[25.0] - NET/1 (a78746c01/1/25.000000)
nid007974:70013:70013 [7] NCCL INFO + PCI[24.0] - GPU/0-c9000 (10)
nid007974:70013:70013 [7] NCCL INFO               + XGMI[144.0] - GPU/CE000
nid007974:70013:70013 [7] NCCL INFO               + XGMI[72.0] - GPU/D1000
nid007974:70013:70013 [7] NCCL INFO               + XGMI[36.0] - GPU/C1000
nid007974:70013:70013 [7] NCCL INFO + PCI[24.0] - GPU/0-ce000 (11)
nid007974:70013:70013 [7] NCCL INFO               + XGMI[144.0] - GPU/C9000
nid007974:70013:70013 [7] NCCL INFO               + XGMI[36.0] - GPU/C6000
nid007974:70013:70013 [7] NCCL INFO               + XGMI[36.0] - GPU/DE000
nid007974:70013:70013 [7] NCCL INFO + SYS[16.0] - CPU/3
nid007974:70013:70013 [7] NCCL INFO + SYS[16.0] - CPU/0
nid007974:70013:70013 [7] NCCL INFO + SYS[16.0] - CPU/2
nid007974:70013:70013 [7] NCCL INFO CPU/0-0 (1/2/4)
nid007974:70013:70013 [7] NCCL INFO + PCI[24.0] - NIC/0-d5000
nid007974:70013:70013 [7] NCCL INFO               + NET[25.0] - NET/2 (a78746c02/1/25.000000)
nid007974:70013:70013 [7] NCCL INFO + PCI[24.0] - GPU/0-d1000 (12)
nid007974:70013:70013 [7] NCCL INFO               + XGMI[144.0] - GPU/D6000
nid007974:70013:70013 [7] NCCL INFO               + XGMI[72.0] - GPU/C9000
nid007974:70013:70013 [7] NCCL INFO               + XGMI[36.0] - GPU/D9000
nid007974:70013:70013 [7] NCCL INFO + PCI[24.0] - GPU/0-d6000 (13)
nid007974:70013:70013 [7] NCCL INFO               + XGMI[144.0] - GPU/D1000
nid007974:70013:70013 [7] NCCL INFO               + XGMI[36.0] - GPU/C6000
nid007974:70013:70013 [7] NCCL INFO               + XGMI[36.0] - GPU/DE000
nid007974:70013:70013 [7] NCCL INFO + SYS[16.0] - CPU/3
nid007974:70013:70013 [7] NCCL INFO + SYS[16.0] - CPU/1
nid007974:70013:70013 [7] NCCL INFO + SYS[16.0] - CPU/2
nid007974:70013:70013 [7] NCCL INFO CPU/0-2 (1/2/4)
nid007974:70013:70013 [7] NCCL INFO + PCI[24.0] - NIC/0-dd000
nid007974:70013:70013 [7] NCCL INFO               + NET[25.0] - NET/3 (a78746c03/1/25.000000)
nid007974:70013:70013 [7] NCCL INFO + PCI[24.0] - GPU/0-d9000 (14)
nid007974:70013:70013 [7] NCCL INFO               + XGMI[144.0] - GPU/DE000
nid007974:70013:70013 [7] NCCL INFO               + XGMI[72.0] - GPU/C1000
nid007974:70013:70013 [7] NCCL INFO               + XGMI[36.0] - GPU/D1000
nid007974:70013:70013 [7] NCCL INFO + PCI[24.0] - GPU/0-de000 (15)
nid007974:70013:70013 [7] NCCL INFO               + XGMI[144.0] - GPU/D9000
nid007974:70013:70013 [7] NCCL INFO               + XGMI[36.0] - GPU/CE000
nid007974:70013:70013 [7] NCCL INFO               + XGMI[36.0] - GPU/D6000
nid007974:70013:70013 [7] NCCL INFO + SYS[16.0] - CPU/3
nid007974:70013:70013 [7] NCCL INFO + SYS[16.0] - CPU/1
nid007974:70013:70013 [7] NCCL INFO + SYS[16.0] - CPU/0
nid007974:70013:70013 [7] NCCL INFO ==========================================
nid007974:70013:70013 [7] NCCL INFO GPU/C1000 :GPU/0-c1000 (0/5000.0/LOC) GPU/0-c6000 (1/144.0/XGMI) GPU/0-c9000 (1/36.0/XGMI) GPU/0-ce000 (3/16.0/SYS) GPU/0-d1000 (3/16.0/SYS) GPU/0-d6000 (3/16.0/SYS) GPU/0-d9000 (1/72.0/XGMI) GPU/0-de000 (3/16.0/SYS) CPU/0-3 (1/24.0/PHB) CPU/0-1 (2/16.0/SYS) CPU/0-0 (2/16.0/SYS) CPU/0-2 (2/16.0/SYS) NET/0-0 (3/24.0/PHB) NET/0-1 (4/16.0/SYS) NET/0-2 (4/16.0/SYS) NET/0-3 (4/16.0/SYS) 
nid007974:70013:70013 [7] NCCL INFO GPU/C6000 :GPU/0-c1000 (1/144.0/XGMI) GPU/0-c6000 (0/5000.0/LOC) GPU/0-c9000 (3/16.0/SYS) GPU/0-ce000 (1/36.0/XGMI) GPU/0-d1000 (3/16.0/SYS) GPU/0-d6000 (1/36.0/XGMI) GPU/0-d9000 (3/16.0/SYS) GPU/0-de000 (3/16.0/SYS) CPU/0-3 (1/24.0/PHB) CPU/0-1 (2/16.0/SYS) CPU/0-0 (2/16.0/SYS) CPU/0-2 (2/16.0/SYS) NET/0-0 (3/24.0/PHB) NET/0-1 (4/16.0/SYS) NET/0-2 (4/16.0/SYS) NET/0-3 (4/16.0/SYS) 
nid007974:70013:70013 [7] NCCL INFO GPU/C9000 :GPU/0-c1000 (1/36.0/XGMI) GPU/0-c6000 (3/16.0/SYS) GPU/0-c9000 (0/5000.0/LOC) GPU/0-ce000 (1/144.0/XGMI) GPU/0-d1000 (1/72.0/XGMI) GPU/0-d6000 (3/16.0/SYS) GPU/0-d9000 (3/16.0/SYS) GPU/0-de000 (3/16.0/SYS) CPU/0-3 (2/16.0/SYS) CPU/0-1 (1/24.0/PHB) CPU/0-0 (2/16.0/SYS) CPU/0-2 (2/16.0/SYS) NET/0-0 (4/16.0/SYS) NET/0-1 (3/24.0/PHB) NET/0-2 (4/16.0/SYS) NET/0-3 (4/16.0/SYS) 
nid007974:70013:70013 [7] NCCL INFO GPU/CE000 :GPU/0-c1000 (3/16.0/SYS) GPU/0-c6000 (1/36.0/XGMI) GPU/0-c9000 (1/144.0/XGMI) GPU/0-ce000 (0/5000.0/LOC) GPU/0-d1000 (3/16.0/SYS) GPU/0-d6000 (3/16.0/SYS) GPU/0-d9000 (3/16.0/SYS) GPU/0-de000 (1/36.0/XGMI) CPU/0-3 (2/16.0/SYS) CPU/0-1 (1/24.0/PHB) CPU/0-0 (2/16.0/SYS) CPU/0-2 (2/16.0/SYS) NET/0-0 (4/16.0/SYS) NET/0-1 (3/24.0/PHB) NET/0-2 (4/16.0/SYS) NET/0-3 (4/16.0/SYS) 
nid007974:70013:70013 [7] NCCL INFO GPU/D1000 :GPU/0-c1000 (3/16.0/SYS) GPU/0-c6000 (3/16.0/SYS) GPU/0-c9000 (1/72.0/XGMI) GPU/0-ce000 (3/16.0/SYS) GPU/0-d1000 (0/5000.0/LOC) GPU/0-d6000 (1/144.0/XGMI) GPU/0-d9000 (1/36.0/XGMI) GPU/0-de000 (3/16.0/SYS) CPU/0-3 (2/16.0/SYS) CPU/0-1 (2/16.0/SYS) CPU/0-0 (1/24.0/PHB) CPU/0-2 (2/16.0/SYS) NET/0-0 (4/16.0/SYS) NET/0-1 (4/16.0/SYS) NET/0-2 (3/24.0/PHB) NET/0-3 (4/16.0/SYS) 
nid007974:70013:70013 [7] NCCL INFO GPU/D6000 :GPU/0-c1000 (3/16.0/SYS) GPU/0-c6000 (1/36.0/XGMI) GPU/0-c9000 (3/16.0/SYS) GPU/0-ce000 (3/16.0/SYS) GPU/0-d1000 (1/144.0/XGMI) GPU/0-d6000 (0/5000.0/LOC) GPU/0-d9000 (3/16.0/SYS) GPU/0-de000 (1/36.0/XGMI) CPU/0-3 (2/16.0/SYS) CPU/0-1 (2/16.0/SYS) CPU/0-0 (1/24.0/PHB) CPU/0-2 (2/16.0/SYS) NET/0-0 (4/16.0/SYS) NET/0-1 (4/16.0/SYS) NET/0-2 (3/24.0/PHB) NET/0-3 (4/16.0/SYS) 
nid007974:70013:70013 [7] NCCL INFO GPU/D9000 :GPU/0-c1000 (1/72.0/XGMI) GPU/0-c6000 (3/16.0/SYS) GPU/0-c9000 (3/16.0/SYS) GPU/0-ce000 (3/16.0/SYS) GPU/0-d1000 (1/36.0/XGMI) GPU/0-d6000 (3/16.0/SYS) GPU/0-d9000 (0/5000.0/LOC) GPU/0-de000 (1/144.0/XGMI) CPU/0-3 (2/16.0/SYS) CPU/0-1 (2/16.0/SYS) CPU/0-0 (2/16.0/SYS) CPU/0-2 (1/24.0/PHB) NET/0-0 (4/16.0/SYS) NET/0-1 (4/16.0/SYS) NET/0-2 (4/16.0/SYS) NET/0-3 (3/24.0/PHB) 
nid007974:70013:70013 [7] NCCL INFO GPU/DE000 :GPU/0-c1000 (3/16.0/SYS) GPU/0-c6000 (3/16.0/SYS) GPU/0-c9000 (3/16.0/SYS) GPU/0-ce000 (1/36.0/XGMI) GPU/0-d1000 (3/16.0/SYS) GPU/0-d6000 (1/36.0/XGMI) GPU/0-d9000 (1/144.0/XGMI) GPU/0-de000 (0/5000.0/LOC) CPU/0-3 (2/16.0/SYS) CPU/0-1 (2/16.0/SYS) CPU/0-0 (2/16.0/SYS) CPU/0-2 (1/24.0/PHB) NET/0-0 (4/16.0/SYS) NET/0-1 (4/16.0/SYS) NET/0-2 (4/16.0/SYS) NET/0-3 (3/24.0/PHB) 
nid007974:70013:70013 [7] NCCL INFO NET/0 :GPU/0-c1000 (3/24.0/PHB) GPU/0-c6000 (3/24.0/PHB) GPU/0-c9000 (4/16.0/SYS) GPU/0-ce000 (4/16.0/SYS) GPU/0-d1000 (4/16.0/SYS) GPU/0-d6000 (4/16.0/SYS) GPU/0-d9000 (4/16.0/SYS) GPU/0-de000 (4/16.0/SYS) CPU/0-3 (2/24.0/PHB) CPU/0-1 (3/16.0/SYS) CPU/0-0 (3/16.0/SYS) CPU/0-2 (3/16.0/SYS) NET/0-0 (0/5000.0/LOC) NET/0-1 (5/16.0/SYS) NET/0-2 (5/16.0/SYS) NET/0-3 (5/16.0/SYS) 
nid007974:70013:70013 [7] NCCL INFO NET/1 :GPU/0-c1000 (4/16.0/SYS) GPU/0-c6000 (4/16.0/SYS) GPU/0-c9000 (3/24.0/PHB) GPU/0-ce000 (3/24.0/PHB) GPU/0-d1000 (4/16.0/SYS) GPU/0-d6000 (4/16.0/SYS) GPU/0-d9000 (4/16.0/SYS) GPU/0-de000 (4/16.0/SYS) CPU/0-3 (3/16.0/SYS) CPU/0-1 (2/24.0/PHB) CPU/0-0 (3/16.0/SYS) CPU/0-2 (3/16.0/SYS) NET/0-0 (5/16.0/SYS) NET/0-1 (0/5000.0/LOC) NET/0-2 (5/16.0/SYS) NET/0-3 (5/16.0/SYS) 
nid007974:70013:70013 [7] NCCL INFO NET/2 :GPU/0-c1000 (4/16.0/SYS) GPU/0-c6000 (4/16.0/SYS) GPU/0-c9000 (4/16.0/SYS) GPU/0-ce000 (4/16.0/SYS) GPU/0-d1000 (3/24.0/PHB) GPU/0-d6000 (3/24.0/PHB) GPU/0-d9000 (4/16.0/SYS) GPU/0-de000 (4/16.0/SYS) CPU/0-3 (3/16.0/SYS) CPU/0-1 (3/16.0/SYS) CPU/0-0 (2/24.0/PHB) CPU/0-2 (3/16.0/SYS) NET/0-0 (5/16.0/SYS) NET/0-1 (5/16.0/SYS) NET/0-2 (0/5000.0/LOC) NET/0-3 (5/16.0/SYS) 
nid007974:70013:70013 [7] NCCL INFO NET/3 :GPU/0-c1000 (4/16.0/SYS) GPU/0-c6000 (4/16.0/SYS) GPU/0-c9000 (4/16.0/SYS) GPU/0-ce000 (4/16.0/SYS) GPU/0-d1000 (4/16.0/SYS) GPU/0-d6000 (4/16.0/SYS) GPU/0-d9000 (3/24.0/PHB) GPU/0-de000 (3/24.0/PHB) CPU/0-3 (3/16.0/SYS) CPU/0-1 (3/16.0/SYS) CPU/0-0 (3/16.0/SYS) CPU/0-2 (2/24.0/PHB) NET/0-0 (5/16.0/SYS) NET/0-1 (5/16.0/SYS) NET/0-2 (5/16.0/SYS) NET/0-3 (0/5000.0/LOC) 
nid007974:70007:70007 [6] NCCL INFO Found matching Rome model index 36 with GPU mapping: 0 1 2 3 4 5 6 7 NET mapping: 0 1 2 3 
nid007974:70007:70007 [6] NCCL INFO Pattern 1, crossNic 0, nChannels 8, bw 31.500000/31.500000, type XGMI/PIX, sameChannels 1
nid007974:70007:70007 [6] NCCL INFO  0 : NET/0 GPU/8 GPU/9 GPU/13 GPU/12 GPU/14 GPU/15 GPU/11 GPU/10 NET/1
nid007974:70007:70007 [6] NCCL INFO  1 : NET/1 GPU/10 GPU/11 GPU/15 GPU/14 GPU/12 GPU/13 GPU/9 GPU/8 NET/0
nid007974:70007:70007 [6] NCCL INFO  2 : NET/3 GPU/15 GPU/14 GPU/8 GPU/9 GPU/11 GPU/10 GPU/12 GPU/13 NET/2
nid007974:70007:70007 [6] NCCL INFO  3 : NET/2 GPU/13 GPU/12 GPU/10 GPU/11 GPU/9 GPU/8 GPU/14 GPU/15 NET/3
nid007974:70007:70007 [6] NCCL INFO  4 : NET/0 GPU/8 GPU/9 GPU/13 GPU/12 GPU/14 GPU/15 GPU/11 GPU/10 NET/1
nid007974:70007:70007 [6] NCCL INFO  5 : NET/1 GPU/10 GPU/11 GPU/15 GPU/14 GPU/12 GPU/13 GPU/9 GPU/8 NET/0
nid007974:70007:70007 [6] NCCL INFO  6 : NET/3 GPU/15 GPU/14 GPU/8 GPU/9 GPU/11 GPU/10 GPU/12 GPU/13 NET/2
nid007974:70007:70007 [6] NCCL INFO  7 : NET/2 GPU/13 GPU/12 GPU/10 GPU/11 GPU/9 GPU/8 GPU/14 GPU/15 NET/3
nid007974:70006:70006 [0] NCCL INFO Found matching Rome model index 36 with GPU mapping: 0 1 2 3 4 5 6 7 NET mapping: 0 1 2 3 
nid007974:70006:70006 [0] NCCL INFO Pattern 4, crossNic 0, nChannels 8, bw 31.500000/31.500000, type XGMI/PIX, sameChannels 1
nid007974:70006:70006 [0] NCCL INFO  0 : NET/1 GPU/10 GPU/11 GPU/15 GPU/14 GPU/12 GPU/13 GPU/9 GPU/8 NET/0
nid007974:70006:70006 [0] NCCL INFO  1 : NET/0 GPU/8 GPU/9 GPU/13 GPU/12 GPU/14 GPU/15 GPU/11 GPU/10 NET/1
nid007974:70006:70006 [0] NCCL INFO  2 : NET/2 GPU/13 GPU/12 GPU/10 GPU/11 GPU/9 GPU/8 GPU/14 GPU/15 NET/3
nid007974:70006:70006 [0] NCCL INFO  3 : NET/3 GPU/15 GPU/14 GPU/8 GPU/9 GPU/11 GPU/10 GPU/12 GPU/13 NET/2
nid007974:70006:70006 [0] NCCL INFO  4 : NET/1 GPU/10 GPU/11 GPU/15 GPU/14 GPU/12 GPU/13 GPU/9 GPU/8 NET/0
nid007974:70006:70006 [0] NCCL INFO  5 : NET/0 GPU/8 GPU/9 GPU/13 GPU/12 GPU/14 GPU/15 GPU/11 GPU/10 NET/1
nid007974:70006:70006 [0] NCCL INFO  6 : NET/2 GPU/13 GPU/12 GPU/10 GPU/11 GPU/9 GPU/8 GPU/14 GPU/15 NET/3
nid007974:70006:70006 [0] NCCL INFO  7 : NET/3 GPU/15 GPU/14 GPU/8 GPU/9 GPU/11 GPU/10 GPU/12 GPU/13 NET/2
nid007974:70013:70013 [7] NCCL INFO Found matching Rome model index 36 with GPU mapping: 0 1 2 3 4 5 6 7 NET mapping: 0 1 2 3 
nid007974:70013:70013 [7] NCCL INFO Pattern 4, crossNic 0, nChannels 8, bw 31.500000/31.500000, type XGMI/PIX, sameChannels 1
nid007974:70013:70013 [7] NCCL INFO  0 : NET/1 GPU/10 GPU/11 GPU/15 GPU/14 GPU/12 GPU/13 GPU/9 GPU/8 NET/0
nid007974:70013:70013 [7] NCCL INFO  1 : NET/0 GPU/8 GPU/9 GPU/13 GPU/12 GPU/14 GPU/15 GPU/11 GPU/10 NET/1
nid007974:70013:70013 [7] NCCL INFO  2 : NET/2 GPU/13 GPU/12 GPU/10 GPU/11 GPU/9 GPU/8 GPU/14 GPU/15 NET/3
nid007974:70013:70013 [7] NCCL INFO  3 : NET/3 GPU/15 GPU/14 GPU/8 GPU/9 GPU/11 GPU/10 GPU/12 GPU/13 NET/2
nid007974:70013:70013 [7] NCCL INFO  4 : NET/1 GPU/10 GPU/11 GPU/15 GPU/14 GPU/12 GPU/13 GPU/9 GPU/8 NET/0
nid007974:70013:70013 [7] NCCL INFO  5 : NET/0 GPU/8 GPU/9 GPU/13 GPU/12 GPU/14 GPU/15 GPU/11 GPU/10 NET/1
nid007974:70013:70013 [7] NCCL INFO  6 : NET/2 GPU/13 GPU/12 GPU/10 GPU/11 GPU/9 GPU/8 GPU/14 GPU/15 NET/3
nid007974:70013:70013 [7] NCCL INFO  7 : NET/3 GPU/15 GPU/14 GPU/8 GPU/9 GPU/11 GPU/10 GPU/12 GPU/13 NET/2
nid007974:70006:70006 [0] NCCL INFO Found matching Rome model index 36 with GPU mapping: 0 1 2 3 4 5 6 7 NET mapping: 0 1 2 3 
nid007974:70006:70006 [0] NCCL INFO Pattern 1, crossNic 0, nChannels 8, bw 31.500000/31.500000, type XGMI/PIX, sameChannels 1
nid007974:70006:70006 [0] NCCL INFO  0 : NET/0 GPU/8 GPU/9 GPU/13 GPU/12 GPU/14 GPU/15 GPU/11 GPU/10 NET/1
nid007974:70006:70006 [0] NCCL INFO  1 : NET/1 GPU/10 GPU/11 GPU/15 GPU/14 GPU/12 GPU/13 GPU/9 GPU/8 NET/0
nid007974:70006:70006 [0] NCCL INFO  2 : NET/3 GPU/15 GPU/14 GPU/8 GPU/9 GPU/11 GPU/10 GPU/12 GPU/13 NET/2
nid007974:70006:70006 [0] NCCL INFO  3 : NET/2 GPU/13 GPU/12 GPU/10 GPU/11 GPU/9 GPU/8 GPU/14 GPU/15 NET/3
nid007974:70006:70006 [0] NCCL INFO  4 : NET/0 GPU/8 GPU/9 GPU/13 GPU/12 GPU/14 GPU/15 GPU/11 GPU/10 NET/1
nid007974:70006:70006 [0] NCCL INFO  5 : NET/1 GPU/10 GPU/11 GPU/15 GPU/14 GPU/12 GPU/13 GPU/9 GPU/8 NET/0
nid007974:70006:70006 [0] NCCL INFO  6 : NET/3 GPU/15 GPU/14 GPU/8 GPU/9 GPU/11 GPU/10 GPU/12 GPU/13 NET/2
nid007974:70006:70006 [0] NCCL INFO  7 : NET/2 GPU/13 GPU/12 GPU/10 GPU/11 GPU/9 GPU/8 GPU/14 GPU/15 NET/3
nid007974:70013:70013 [7] NCCL INFO Found matching Rome model index 36 with GPU mapping: 0 1 2 3 4 5 6 7 NET mapping: 0 1 2 3 
nid007974:70013:70013 [7] NCCL INFO Pattern 1, crossNic 0, nChannels 8, bw 31.500000/31.500000, type XGMI/PIX, sameChannels 1
nid007974:70013:70013 [7] NCCL INFO  0 : NET/0 GPU/8 GPU/9 GPU/13 GPU/12 GPU/14 GPU/15 GPU/11 GPU/10 NET/1
nid007974:70013:70013 [7] NCCL INFO  1 : NET/1 GPU/10 GPU/11 GPU/15 GPU/14 GPU/12 GPU/13 GPU/9 GPU/8 NET/0
nid007974:70013:70013 [7] NCCL INFO  2 : NET/3 GPU/15 GPU/14 GPU/8 GPU/9 GPU/11 GPU/10 GPU/12 GPU/13 NET/2
nid007974:70013:70013 [7] NCCL INFO  3 : NET/2 GPU/13 GPU/12 GPU/10 GPU/11 GPU/9 GPU/8 GPU/14 GPU/15 NET/3
nid007974:70013:70013 [7] NCCL INFO  4 : NET/0 GPU/8 GPU/9 GPU/13 GPU/12 GPU/14 GPU/15 GPU/11 GPU/10 NET/1
nid007974:70013:70013 [7] NCCL INFO  5 : NET/1 GPU/10 GPU/11 GPU/15 GPU/14 GPU/12 GPU/13 GPU/9 GPU/8 NET/0
nid007974:70013:70013 [7] NCCL INFO  6 : NET/3 GPU/15 GPU/14 GPU/8 GPU/9 GPU/11 GPU/10 GPU/12 GPU/13 NET/2
nid007974:70013:70013 [7] NCCL INFO  7 : NET/2 GPU/13 GPU/12 GPU/10 GPU/11 GPU/9 GPU/8 GPU/14 GPU/15 NET/3
nid007974:70012:70012 [1] NCCL INFO NCCL_NET_GDR_LEVEL set by environment to PHB
nid007974:70012:70012 [1] NCCL INFO GPU Direct RDMA Enabled for GPU c1000 / HCA 0 (distance 6 <= 6), read 1
nid007974:70012:70012 [1] NCCL INFO GPU Direct RDMA Enabled for GPU c6000 / HCA 0 (distance 6 <= 6), read 1
nid007974:70012:70012 [1] NCCL INFO GPU Direct RDMA Enabled for GPU c9000 / HCA 1 (distance 6 <= 6), read 1
nid007974:70012:70012 [1] NCCL INFO GPU Direct RDMA Enabled for GPU ce000 / HCA 1 (distance 6 <= 6), read 1
nid007974:70012:70012 [1] NCCL INFO GPU Direct RDMA Enabled for GPU d1000 / HCA 2 (distance 6 <= 6), read 1
nid007974:70012:70012 [1] NCCL INFO GPU Direct RDMA Enabled for GPU d6000 / HCA 2 (distance 6 <= 6), read 1
nid007974:70012:70012 [1] NCCL INFO GPU Direct RDMA Enabled for GPU d9000 / HCA 3 (distance 6 <= 6), read 1
nid007974:70012:70012 [1] NCCL INFO GPU Direct RDMA Enabled for GPU de000 / HCA 3 (distance 6 <= 6), read 1
nid007974:70012:70012 [1] NCCL INFO === System : maxBw 24.0 totalBw 252.0 ===
nid007974:70012:70012 [1] NCCL INFO CPU/0-3 (1/2/4)
nid007974:70012:70012 [1] NCCL INFO + PCI[24.0] - GPU/0-c1000 (8)
nid007974:70012:70012 [1] NCCL INFO               + XGMI[144.0] - GPU/C6000
nid007974:70012:70012 [1] NCCL INFO               + XGMI[72.0] - GPU/D9000
nid007974:70012:70012 [1] NCCL INFO               + XGMI[36.0] - GPU/C9000
nid007974:70012:70012 [1] NCCL INFO + PCI[24.0] - NIC/0-c5000
nid007974:70012:70012 [1] NCCL INFO               + NET[25.0] - NET/0 (a78746c00/1/25.000000)
nid007974:70012:70012 [1] NCCL INFO + PCI[24.0] - GPU/0-c6000 (9)
nid007974:70012:70012 [1] NCCL INFO               + XGMI[144.0] - GPU/C1000
nid007974:70012:70012 [1] NCCL INFO               + XGMI[36.0] - GPU/CE000
nid007974:70012:70012 [1] NCCL INFO               + XGMI[36.0] - GPU/D6000
nid007974:70012:70012 [1] NCCL INFO + SYS[16.0] - CPU/1
nid007974:70012:70012 [1] NCCL INFO + SYS[16.0] - CPU/0
nid007974:70012:70012 [1] NCCL INFO + SYS[16.0] - CPU/2
nid007974:70012:70012 [1] NCCL INFO CPU/0-1 (1/2/4)
nid007974:70012:70012 [1] NCCL INFO + PCI[24.0] - NIC/0-cd000
nid007974:70012:70012 [1] NCCL INFO               + NET[25.0] - NET/1 (a78746c01/1/25.000000)
nid007974:70012:70012 [1] NCCL INFO + PCI[24.0] - GPU/0-c9000 (10)
nid007974:70012:70012 [1] NCCL INFO               + XGMI[144.0] - GPU/CE000
nid007974:70012:70012 [1] NCCL INFO               + XGMI[72.0] - GPU/D1000
nid007974:70012:70012 [1] NCCL INFO               + XGMI[36.0] - GPU/C1000
nid007974:70012:70012 [1] NCCL INFO + PCI[24.0] - GPU/0-ce000 (11)
nid007974:70012:70012 [1] NCCL INFO               + XGMI[144.0] - GPU/C9000
nid007974:70012:70012 [1] NCCL INFO               + XGMI[36.0] - GPU/C6000
nid007974:70012:70012 [1] NCCL INFO               + XGMI[36.0] - GPU/DE000
nid007974:70012:70012 [1] NCCL INFO + SYS[16.0] - CPU/3
nid007974:70012:70012 [1] NCCL INFO + SYS[16.0] - CPU/0
nid007974:70012:70012 [1] NCCL INFO + SYS[16.0] - CPU/2
nid007974:70012:70012 [1] NCCL INFO CPU/0-0 (1/2/4)
nid007974:70012:70012 [1] NCCL INFO + PCI[24.0] - NIC/0-d5000
nid007974:70012:70012 [1] NCCL INFO               + NET[25.0] - NET/2 (a78746c02/1/25.000000)
nid007974:70012:70012 [1] NCCL INFO + PCI[24.0] - GPU/0-d1000 (12)
nid007974:70012:70012 [1] NCCL INFO               + XGMI[144.0] - GPU/D6000
nid007974:70012:70012 [1] NCCL INFO               + XGMI[72.0] - GPU/C9000
nid007974:70012:70012 [1] NCCL INFO               + XGMI[36.0] - GPU/D9000
nid007974:70012:70012 [1] NCCL INFO + PCI[24.0] - GPU/0-d6000 (13)
nid007974:70012:70012 [1] NCCL INFO               + XGMI[144.0] - GPU/D1000
nid007974:70012:70012 [1] NCCL INFO               + XGMI[36.0] - GPU/C6000
nid007974:70012:70012 [1] NCCL INFO               + XGMI[36.0] - GPU/DE000
nid007974:70012:70012 [1] NCCL INFO + SYS[16.0] - CPU/3
nid007974:70012:70012 [1] NCCL INFO + SYS[16.0] - CPU/1
nid007974:70012:70012 [1] NCCL INFO + SYS[16.0] - CPU/2
nid007974:70012:70012 [1] NCCL INFO CPU/0-2 (1/2/4)
nid007974:70012:70012 [1] NCCL INFO + PCI[24.0] - NIC/0-dd000
nid007974:70012:70012 [1] NCCL INFO               + NET[25.0] - NET/3 (a78746c03/1/25.000000)
nid007974:70012:70012 [1] NCCL INFO + PCI[24.0] - GPU/0-d9000 (14)
nid007974:70012:70012 [1] NCCL INFO               + XGMI[144.0] - GPU/DE000
nid007974:70012:70012 [1] NCCL INFO               + XGMI[72.0] - GPU/C1000
nid007974:70012:70012 [1] NCCL INFO               + XGMI[36.0] - GPU/D1000
nid007974:70012:70012 [1] NCCL INFO + PCI[24.0] - GPU/0-de000 (15)
nid007974:70012:70012 [1] NCCL INFO               + XGMI[144.0] - GPU/D9000
nid007974:70012:70012 [1] NCCL INFO               + XGMI[36.0] - GPU/CE000
nid007974:70012:70012 [1] NCCL INFO               + XGMI[36.0] - GPU/D6000
nid007974:70012:70012 [1] NCCL INFO + SYS[16.0] - CPU/3
nid007974:70012:70012 [1] NCCL INFO + SYS[16.0] - CPU/1
nid007974:70012:70012 [1] NCCL INFO + SYS[16.0] - CPU/0
nid007974:70012:70012 [1] NCCL INFO ==========================================
nid007974:70012:70012 [1] NCCL INFO GPU/C1000 :GPU/0-c1000 (0/5000.0/LOC) GPU/0-c6000 (1/144.0/XGMI) GPU/0-c9000 (1/36.0/XGMI) GPU/0-ce000 (3/16.0/SYS) GPU/0-d1000 (3/16.0/SYS) GPU/0-d6000 (3/16.0/SYS) GPU/0-d9000 (1/72.0/XGMI) GPU/0-de000 (3/16.0/SYS) CPU/0-3 (1/24.0/PHB) CPU/0-1 (2/16.0/SYS) CPU/0-0 (2/16.0/SYS) CPU/0-2 (2/16.0/SYS) NET/0-0 (3/24.0/PHB) NET/0-1 (4/16.0/SYS) NET/0-2 (4/16.0/SYS) NET/0-3 (4/16.0/SYS) 
nid007974:70012:70012 [1] NCCL INFO GPU/C6000 :GPU/0-c1000 (1/144.0/XGMI) GPU/0-c6000 (0/5000.0/LOC) GPU/0-c9000 (3/16.0/SYS) GPU/0-ce000 (1/36.0/XGMI) GPU/0-d1000 (3/16.0/SYS) GPU/0-d6000 (1/36.0/XGMI) GPU/0-d9000 (3/16.0/SYS) GPU/0-de000 (3/16.0/SYS) CPU/0-3 (1/24.0/PHB) CPU/0-1 (2/16.0/SYS) CPU/0-0 (2/16.0/SYS) CPU/0-2 (2/16.0/SYS) NET/0-0 (3/24.0/PHB) NET/0-1 (4/16.0/SYS) NET/0-2 (4/16.0/SYS) NET/0-3 (4/16.0/SYS) 
nid007974:70012:70012 [1] NCCL INFO GPU/C9000 :GPU/0-c1000 (1/36.0/XGMI) GPU/0-c6000 (3/16.0/SYS) GPU/0-c9000 (0/5000.0/LOC) GPU/0-ce000 (1/144.0/XGMI) GPU/0-d1000 (1/72.0/XGMI) GPU/0-d6000 (3/16.0/SYS) GPU/0-d9000 (3/16.0/SYS) GPU/0-de000 (3/16.0/SYS) CPU/0-3 (2/16.0/SYS) CPU/0-1 (1/24.0/PHB) CPU/0-0 (2/16.0/SYS) CPU/0-2 (2/16.0/SYS) NET/0-0 (4/16.0/SYS) NET/0-1 (3/24.0/PHB) NET/0-2 (4/16.0/SYS) NET/0-3 (4/16.0/SYS) 
nid007974:70012:70012 [1] NCCL INFO GPU/CE000 :GPU/0-c1000 (3/16.0/SYS) GPU/0-c6000 (1/36.0/XGMI) GPU/0-c9000 (1/144.0/XGMI) GPU/0-ce000 (0/5000.0/LOC) GPU/0-d1000 (3/16.0/SYS) GPU/0-d6000 (3/16.0/SYS) GPU/0-d9000 (3/16.0/SYS) GPU/0-de000 (1/36.0/XGMI) CPU/0-3 (2/16.0/SYS) CPU/0-1 (1/24.0/PHB) CPU/0-0 (2/16.0/SYS) CPU/0-2 (2/16.0/SYS) NET/0-0 (4/16.0/SYS) NET/0-1 (3/24.0/PHB) NET/0-2 (4/16.0/SYS) NET/0-3 (4/16.0/SYS) 
nid007974:70012:70012 [1] NCCL INFO GPU/D1000 :GPU/0-c1000 (3/16.0/SYS) GPU/0-c6000 (3/16.0/SYS) GPU/0-c9000 (1/72.0/XGMI) GPU/0-ce000 (3/16.0/SYS) GPU/0-d1000 (0/5000.0/LOC) GPU/0-d6000 (1/144.0/XGMI) GPU/0-d9000 (1/36.0/XGMI) GPU/0-de000 (3/16.0/SYS) CPU/0-3 (2/16.0/SYS) CPU/0-1 (2/16.0/SYS) CPU/0-0 (1/24.0/PHB) CPU/0-2 (2/16.0/SYS) NET/0-0 (4/16.0/SYS) NET/0-1 (4/16.0/SYS) NET/0-2 (3/24.0/PHB) NET/0-3 (4/16.0/SYS) 
nid007974:70012:70012 [1] NCCL INFO GPU/D6000 :GPU/0-c1000 (3/16.0/SYS) GPU/0-c6000 (1/36.0/XGMI) GPU/0-c9000 (3/16.0/SYS) GPU/0-ce000 (3/16.0/SYS) GPU/0-d1000 (1/144.0/XGMI) GPU/0-d6000 (0/5000.0/LOC) GPU/0-d9000 (3/16.0/SYS) GPU/0-de000 (1/36.0/XGMI) CPU/0-3 (2/16.0/SYS) CPU/0-1 (2/16.0/SYS) CPU/0-0 (1/24.0/PHB) CPU/0-2 (2/16.0/SYS) NET/0-0 (4/16.0/SYS) NET/0-1 (4/16.0/SYS) NET/0-2 (3/24.0/PHB) NET/0-3 (4/16.0/SYS) 
nid007974:70012:70012 [1] NCCL INFO GPU/D9000 :GPU/0-c1000 (1/72.0/XGMI) GPU/0-c6000 (3/16.0/SYS) GPU/0-c9000 (3/16.0/SYS) GPU/0-ce000 (3/16.0/SYS) GPU/0-d1000 (1/36.0/XGMI) GPU/0-d6000 (3/16.0/SYS) GPU/0-d9000 (0/5000.0/LOC) GPU/0-de000 (1/144.0/XGMI) CPU/0-3 (2/16.0/SYS) CPU/0-1 (2/16.0/SYS) CPU/0-0 (2/16.0/SYS) CPU/0-2 (1/24.0/PHB) NET/0-0 (4/16.0/SYS) NET/0-1 (4/16.0/SYS) NET/0-2 (4/16.0/SYS) NET/0-3 (3/24.0/PHB) 
nid007974:70012:70012 [1] NCCL INFO GPU/DE000 :GPU/0-c1000 (3/16.0/SYS) GPU/0-c6000 (3/16.0/SYS) GPU/0-c9000 (3/16.0/SYS) GPU/0-ce000 (1/36.0/XGMI) GPU/0-d1000 (3/16.0/SYS) GPU/0-d6000 (1/36.0/XGMI) GPU/0-d9000 (1/144.0/XGMI) GPU/0-de000 (0/5000.0/LOC) CPU/0-3 (2/16.0/SYS) CPU/0-1 (2/16.0/SYS) CPU/0-0 (2/16.0/SYS) CPU/0-2 (1/24.0/PHB) NET/0-0 (4/16.0/SYS) NET/0-1 (4/16.0/SYS) NET/0-2 (4/16.0/SYS) NET/0-3 (3/24.0/PHB) 
nid007974:70012:70012 [1] NCCL INFO NET/0 :GPU/0-c1000 (3/24.0/PHB) GPU/0-c6000 (3/24.0/PHB) GPU/0-c9000 (4/16.0/SYS) GPU/0-ce000 (4/16.0/SYS) GPU/0-d1000 (4/16.0/SYS) GPU/0-d6000 (4/16.0/SYS) GPU/0-d9000 (4/16.0/SYS) GPU/0-de000 (4/16.0/SYS) CPU/0-3 (2/24.0/PHB) CPU/0-1 (3/16.0/SYS) CPU/0-0 (3/16.0/SYS) CPU/0-2 (3/16.0/SYS) NET/0-0 (0/5000.0/LOC) NET/0-1 (5/16.0/SYS) NET/0-2 (5/16.0/SYS) NET/0-3 (5/16.0/SYS) 
nid007974:70012:70012 [1] NCCL INFO NET/1 :GPU/0-c1000 (4/16.0/SYS) GPU/0-c6000 (4/16.0/SYS) GPU/0-c9000 (3/24.0/PHB) GPU/0-ce000 (3/24.0/PHB) GPU/0-d1000 (4/16.0/SYS) GPU/0-d6000 (4/16.0/SYS) GPU/0-d9000 (4/16.0/SYS) GPU/0-de000 (4/16.0/SYS) CPU/0-3 (3/16.0/SYS) CPU/0-1 (2/24.0/PHB) CPU/0-0 (3/16.0/SYS) CPU/0-2 (3/16.0/SYS) NET/0-0 (5/16.0/SYS) NET/0-1 (0/5000.0/LOC) NET/0-2 (5/16.0/SYS) NET/0-3 (5/16.0/SYS) 
nid007974:70012:70012 [1] NCCL INFO NET/2 :GPU/0-c1000 (4/16.0/SYS) GPU/0-c6000 (4/16.0/SYS) GPU/0-c9000 (4/16.0/SYS) GPU/0-ce000 (4/16.0/SYS) GPU/0-d1000 (3/24.0/PHB) GPU/0-d6000 (3/24.0/PHB) GPU/0-d9000 (4/16.0/SYS) GPU/0-de000 (4/16.0/SYS) CPU/0-3 (3/16.0/SYS) CPU/0-1 (3/16.0/SYS) CPU/0-0 (2/24.0/PHB) CPU/0-2 (3/16.0/SYS) NET/0-0 (5/16.0/SYS) NET/0-1 (5/16.0/SYS) NET/0-2 (0/5000.0/LOC) NET/0-3 (5/16.0/SYS) 
nid007974:70012:70012 [1] NCCL INFO NET/3 :GPU/0-c1000 (4/16.0/SYS) GPU/0-c6000 (4/16.0/SYS) GPU/0-c9000 (4/16.0/SYS) GPU/0-ce000 (4/16.0/SYS) GPU/0-d1000 (4/16.0/SYS) GPU/0-d6000 (4/16.0/SYS) GPU/0-d9000 (3/24.0/PHB) GPU/0-de000 (3/24.0/PHB) CPU/0-3 (3/16.0/SYS) CPU/0-1 (3/16.0/SYS) CPU/0-0 (3/16.0/SYS) CPU/0-2 (2/24.0/PHB) NET/0-0 (5/16.0/SYS) NET/0-1 (5/16.0/SYS) NET/0-2 (5/16.0/SYS) NET/0-3 (0/5000.0/LOC) 
nid007974:70012:70012 [1] NCCL INFO Found matching Rome model index 36 with GPU mapping: 0 1 2 3 4 5 6 7 NET mapping: 0 1 2 3 
nid007974:70012:70012 [1] NCCL INFO Pattern 4, crossNic 0, nChannels 8, bw 31.500000/31.500000, type XGMI/PIX, sameChannels 1
nid007974:70012:70012 [1] NCCL INFO  0 : NET/1 GPU/10 GPU/11 GPU/15 GPU/14 GPU/12 GPU/13 GPU/9 GPU/8 NET/0
nid007974:70012:70012 [1] NCCL INFO  1 : NET/0 GPU/8 GPU/9 GPU/13 GPU/12 GPU/14 GPU/15 GPU/11 GPU/10 NET/1
nid007974:70012:70012 [1] NCCL INFO  2 : NET/2 GPU/13 GPU/12 GPU/10 GPU/11 GPU/9 GPU/8 GPU/14 GPU/15 NET/3
nid007974:70012:70012 [1] NCCL INFO  3 : NET/3 GPU/15 GPU/14 GPU/8 GPU/9 GPU/11 GPU/10 GPU/12 GPU/13 NET/2
nid007974:70012:70012 [1] NCCL INFO  4 : NET/1 GPU/10 GPU/11 GPU/15 GPU/14 GPU/12 GPU/13 GPU/9 GPU/8 NET/0
nid007974:70012:70012 [1] NCCL INFO  5 : NET/0 GPU/8 GPU/9 GPU/13 GPU/12 GPU/14 GPU/15 GPU/11 GPU/10 NET/1
nid007974:70012:70012 [1] NCCL INFO  6 : NET/2 GPU/13 GPU/12 GPU/10 GPU/11 GPU/9 GPU/8 GPU/14 GPU/15 NET/3
nid007974:70012:70012 [1] NCCL INFO  7 : NET/3 GPU/15 GPU/14 GPU/8 GPU/9 GPU/11 GPU/10 GPU/12 GPU/13 NET/2
nid007974:70012:70012 [1] NCCL INFO Found matching Rome model index 36 with GPU mapping: 0 1 2 3 4 5 6 7 NET mapping: 0 1 2 3 
nid007974:70012:70012 [1] NCCL INFO Pattern 1, crossNic 0, nChannels 8, bw 31.500000/31.500000, type XGMI/PIX, sameChannels 1
nid007974:70012:70012 [1] NCCL INFO  0 : NET/0 GPU/8 GPU/9 GPU/13 GPU/12 GPU/14 GPU/15 GPU/11 GPU/10 NET/1
nid007974:70012:70012 [1] NCCL INFO  1 : NET/1 GPU/10 GPU/11 GPU/15 GPU/14 GPU/12 GPU/13 GPU/9 GPU/8 NET/0
nid007974:70012:70012 [1] NCCL INFO  2 : NET/3 GPU/15 GPU/14 GPU/8 GPU/9 GPU/11 GPU/10 GPU/12 GPU/13 NET/2
nid007974:70012:70012 [1] NCCL INFO  3 : NET/2 GPU/13 GPU/12 GPU/10 GPU/11 GPU/9 GPU/8 GPU/14 GPU/15 NET/3
nid007974:70012:70012 [1] NCCL INFO  4 : NET/0 GPU/8 GPU/9 GPU/13 GPU/12 GPU/14 GPU/15 GPU/11 GPU/10 NET/1
nid007974:70012:70012 [1] NCCL INFO  5 : NET/1 GPU/10 GPU/11 GPU/15 GPU/14 GPU/12 GPU/13 GPU/9 GPU/8 NET/0
nid007974:70012:70012 [1] NCCL INFO  6 : NET/3 GPU/15 GPU/14 GPU/8 GPU/9 GPU/11 GPU/10 GPU/12 GPU/13 NET/2
nid007974:70012:70012 [1] NCCL INFO  7 : NET/2 GPU/13 GPU/12 GPU/10 GPU/11 GPU/9 GPU/8 GPU/14 GPU/15 NET/3
nid007973:80839:80839 [7] NCCL INFO NCCL_NET_GDR_LEVEL set by environment to PHB
nid007973:80839:80839 [7] NCCL INFO GPU Direct RDMA Enabled for GPU c1000 / HCA 0 (distance 6 <= 6), read 1
nid007973:80839:80839 [7] NCCL INFO GPU Direct RDMA Enabled for GPU c6000 / HCA 0 (distance 6 <= 6), read 1
nid007973:80839:80839 [7] NCCL INFO GPU Direct RDMA Enabled for GPU c9000 / HCA 1 (distance 6 <= 6), read 1
nid007973:80839:80839 [7] NCCL INFO GPU Direct RDMA Enabled for GPU ce000 / HCA 1 (distance 6 <= 6), read 1
nid007973:80839:80839 [7] NCCL INFO GPU Direct RDMA Enabled for GPU d1000 / HCA 2 (distance 6 <= 6), read 1
nid007973:80839:80839 [7] NCCL INFO GPU Direct RDMA Enabled for GPU d6000 / HCA 2 (distance 6 <= 6), read 1
nid007973:80839:80839 [7] NCCL INFO GPU Direct RDMA Enabled for GPU d9000 / HCA 3 (distance 6 <= 6), read 1
nid007973:80839:80839 [7] NCCL INFO GPU Direct RDMA Enabled for GPU de000 / HCA 3 (distance 6 <= 6), read 1
nid007973:80842:80842 [6] NCCL INFO NCCL_NET_GDR_LEVEL set by environment to PHB
nid007973:80842:80842 [6] NCCL INFO GPU Direct RDMA Enabled for GPU c1000 / HCA 0 (distance 6 <= 6), read 1
nid007973:80842:80842 [6] NCCL INFO GPU Direct RDMA Enabled for GPU c6000 / HCA 0 (distance 6 <= 6), read 1
nid007973:80842:80842 [6] NCCL INFO GPU Direct RDMA Enabled for GPU c9000 / HCA 1 (distance 6 <= 6), read 1
nid007973:80842:80842 [6] NCCL INFO GPU Direct RDMA Enabled for GPU ce000 / HCA 1 (distance 6 <= 6), read 1
nid007973:80842:80842 [6] NCCL INFO GPU Direct RDMA Enabled for GPU d1000 / HCA 2 (distance 6 <= 6), read 1
nid007973:80842:80842 [6] NCCL INFO GPU Direct RDMA Enabled for GPU d6000 / HCA 2 (distance 6 <= 6), read 1
nid007973:80842:80842 [6] NCCL INFO GPU Direct RDMA Enabled for GPU d9000 / HCA 3 (distance 6 <= 6), read 1
nid007973:80842:80842 [6] NCCL INFO GPU Direct RDMA Enabled for GPU de000 / HCA 3 (distance 6 <= 6), read 1
nid007973:80836:80836 [1] NCCL INFO NCCL_NET_GDR_LEVEL set by environment to PHB
nid007973:80836:80836 [1] NCCL INFO GPU Direct RDMA Enabled for GPU c1000 / HCA 0 (distance 6 <= 6), read 1
nid007973:80836:80836 [1] NCCL INFO GPU Direct RDMA Enabled for GPU c6000 / HCA 0 (distance 6 <= 6), read 1
nid007973:80836:80836 [1] NCCL INFO GPU Direct RDMA Enabled for GPU c9000 / HCA 1 (distance 6 <= 6), read 1
nid007973:80836:80836 [1] NCCL INFO GPU Direct RDMA Enabled for GPU ce000 / HCA 1 (distance 6 <= 6), read 1
nid007973:80836:80836 [1] NCCL INFO GPU Direct RDMA Enabled for GPU d1000 / HCA 2 (distance 6 <= 6), read 1
nid007973:80836:80836 [1] NCCL INFO GPU Direct RDMA Enabled for GPU d6000 / HCA 2 (distance 6 <= 6), read 1
nid007973:80836:80836 [1] NCCL INFO GPU Direct RDMA Enabled for GPU d9000 / HCA 3 (distance 6 <= 6), read 1
nid007973:80836:80836 [1] NCCL INFO GPU Direct RDMA Enabled for GPU de000 / HCA 3 (distance 6 <= 6), read 1
nid007973:80840:80840 [4] NCCL INFO NCCL_NET_GDR_LEVEL set by environment to PHB
nid007973:80840:80840 [4] NCCL INFO GPU Direct RDMA Enabled for GPU c1000 / HCA 0 (distance 6 <= 6), read 1
nid007973:80840:80840 [4] NCCL INFO GPU Direct RDMA Enabled for GPU c6000 / HCA 0 (distance 6 <= 6), read 1
nid007973:80840:80840 [4] NCCL INFO GPU Direct RDMA Enabled for GPU c9000 / HCA 1 (distance 6 <= 6), read 1
nid007973:80840:80840 [4] NCCL INFO GPU Direct RDMA Enabled for GPU ce000 / HCA 1 (distance 6 <= 6), read 1
nid007973:80840:80840 [4] NCCL INFO GPU Direct RDMA Enabled for GPU d1000 / HCA 2 (distance 6 <= 6), read 1
nid007973:80840:80840 [4] NCCL INFO GPU Direct RDMA Enabled for GPU d6000 / HCA 2 (distance 6 <= 6), read 1
nid007973:80840:80840 [4] NCCL INFO GPU Direct RDMA Enabled for GPU d9000 / HCA 3 (distance 6 <= 6), read 1
nid007973:80840:80840 [4] NCCL INFO GPU Direct RDMA Enabled for GPU de000 / HCA 3 (distance 6 <= 6), read 1
nid007973:80838:80838 [5] NCCL INFO NCCL_NET_GDR_LEVEL set by environment to PHB
nid007973:80838:80838 [5] NCCL INFO GPU Direct RDMA Enabled for GPU c1000 / HCA 0 (distance 6 <= 6), read 1
nid007973:80838:80838 [5] NCCL INFO GPU Direct RDMA Enabled for GPU c6000 / HCA 0 (distance 6 <= 6), read 1
nid007973:80838:80838 [5] NCCL INFO GPU Direct RDMA Enabled for GPU c9000 / HCA 1 (distance 6 <= 6), read 1
nid007973:80838:80838 [5] NCCL INFO GPU Direct RDMA Enabled for GPU ce000 / HCA 1 (distance 6 <= 6), read 1
nid007973:80838:80838 [5] NCCL INFO GPU Direct RDMA Enabled for GPU d1000 / HCA 2 (distance 6 <= 6), read 1
nid007973:80838:80838 [5] NCCL INFO GPU Direct RDMA Enabled for GPU d6000 / HCA 2 (distance 6 <= 6), read 1
nid007973:80838:80838 [5] NCCL INFO GPU Direct RDMA Enabled for GPU d9000 / HCA 3 (distance 6 <= 6), read 1
nid007973:80838:80838 [5] NCCL INFO GPU Direct RDMA Enabled for GPU de000 / HCA 3 (distance 6 <= 6), read 1
nid007973:80835:80835 [0] NCCL INFO NCCL_NET_GDR_LEVEL set by environment to PHB
nid007973:80835:80835 [0] NCCL INFO GPU Direct RDMA Enabled for GPU c1000 / HCA 0 (distance 6 <= 6), read 1
nid007973:80835:80835 [0] NCCL INFO GPU Direct RDMA Enabled for GPU c6000 / HCA 0 (distance 6 <= 6), read 1
nid007973:80835:80835 [0] NCCL INFO GPU Direct RDMA Enabled for GPU c9000 / HCA 1 (distance 6 <= 6), read 1
nid007973:80835:80835 [0] NCCL INFO GPU Direct RDMA Enabled for GPU ce000 / HCA 1 (distance 6 <= 6), read 1
nid007973:80835:80835 [0] NCCL INFO GPU Direct RDMA Enabled for GPU d1000 / HCA 2 (distance 6 <= 6), read 1
nid007973:80835:80835 [0] NCCL INFO GPU Direct RDMA Enabled for GPU d6000 / HCA 2 (distance 6 <= 6), read 1
nid007973:80835:80835 [0] NCCL INFO GPU Direct RDMA Enabled for GPU d9000 / HCA 3 (distance 6 <= 6), read 1
nid007973:80835:80835 [0] NCCL INFO GPU Direct RDMA Enabled for GPU de000 / HCA 3 (distance 6 <= 6), read 1
nid007973:80841:80841 [3] NCCL INFO NCCL_NET_GDR_LEVEL set by environment to PHB
nid007973:80841:80841 [3] NCCL INFO GPU Direct RDMA Enabled for GPU c1000 / HCA 0 (distance 6 <= 6), read 1
nid007973:80841:80841 [3] NCCL INFO GPU Direct RDMA Enabled for GPU c6000 / HCA 0 (distance 6 <= 6), read 1
nid007973:80841:80841 [3] NCCL INFO GPU Direct RDMA Enabled for GPU c9000 / HCA 1 (distance 6 <= 6), read 1
nid007973:80841:80841 [3] NCCL INFO GPU Direct RDMA Enabled for GPU ce000 / HCA 1 (distance 6 <= 6), read 1
nid007973:80841:80841 [3] NCCL INFO GPU Direct RDMA Enabled for GPU d1000 / HCA 2 (distance 6 <= 6), read 1
nid007973:80841:80841 [3] NCCL INFO GPU Direct RDMA Enabled for GPU d6000 / HCA 2 (distance 6 <= 6), read 1
nid007973:80841:80841 [3] NCCL INFO GPU Direct RDMA Enabled for GPU d9000 / HCA 3 (distance 6 <= 6), read 1
nid007973:80841:80841 [3] NCCL INFO GPU Direct RDMA Enabled for GPU de000 / HCA 3 (distance 6 <= 6), read 1
nid007973:80837:80837 [2] NCCL INFO NCCL_NET_GDR_LEVEL set by environment to PHB
nid007973:80837:80837 [2] NCCL INFO GPU Direct RDMA Enabled for GPU c1000 / HCA 0 (distance 6 <= 6), read 1
nid007973:80837:80837 [2] NCCL INFO GPU Direct RDMA Enabled for GPU c6000 / HCA 0 (distance 6 <= 6), read 1
nid007973:80837:80837 [2] NCCL INFO GPU Direct RDMA Enabled for GPU c9000 / HCA 1 (distance 6 <= 6), read 1
nid007973:80837:80837 [2] NCCL INFO GPU Direct RDMA Enabled for GPU ce000 / HCA 1 (distance 6 <= 6), read 1
nid007973:80837:80837 [2] NCCL INFO GPU Direct RDMA Enabled for GPU d1000 / HCA 2 (distance 6 <= 6), read 1
nid007973:80837:80837 [2] NCCL INFO GPU Direct RDMA Enabled for GPU d6000 / HCA 2 (distance 6 <= 6), read 1
nid007973:80837:80837 [2] NCCL INFO GPU Direct RDMA Enabled for GPU d9000 / HCA 3 (distance 6 <= 6), read 1
nid007973:80837:80837 [2] NCCL INFO GPU Direct RDMA Enabled for GPU de000 / HCA 3 (distance 6 <= 6), read 1
nid007973:80839:80839 [7] NCCL INFO === System : maxBw 24.0 totalBw 252.0 ===
nid007973:80839:80839 [7] NCCL INFO CPU/0-3 (1/2/4)
nid007973:80839:80839 [7] NCCL INFO + PCI[24.0] - GPU/0-c1000 (0)
nid007973:80839:80839 [7] NCCL INFO               + XGMI[144.0] - GPU/C6000
nid007973:80839:80839 [7] NCCL INFO               + XGMI[72.0] - GPU/D9000
nid007973:80839:80839 [7] NCCL INFO               + XGMI[36.0] - GPU/C9000
nid007973:80839:80839 [7] NCCL INFO + PCI[24.0] - NIC/0-c5000
nid007973:80839:80839 [7] NCCL INFO               + NET[25.0] - NET/0 (a78741f00/1/25.000000)
nid007973:80839:80839 [7] NCCL INFO + PCI[24.0] - GPU/0-c6000 (1)
nid007973:80839:80839 [7] NCCL INFO               + XGMI[144.0] - GPU/C1000
nid007973:80839:80839 [7] NCCL INFO               + XGMI[36.0] - GPU/CE000
nid007973:80839:80839 [7] NCCL INFO               + XGMI[36.0] - GPU/D6000
nid007973:80839:80839 [7] NCCL INFO + SYS[16.0] - CPU/1
nid007973:80839:80839 [7] NCCL INFO + SYS[16.0] - CPU/0
nid007973:80839:80839 [7] NCCL INFO + SYS[16.0] - CPU/2
nid007973:80839:80839 [7] NCCL INFO CPU/0-1 (1/2/4)
nid007973:80839:80839 [7] NCCL INFO + PCI[24.0] - NIC/0-cd000
nid007973:80839:80839 [7] NCCL INFO               + NET[25.0] - NET/1 (a78741f01/1/25.000000)
nid007973:80839:80839 [7] NCCL INFO + PCI[24.0] - GPU/0-c9000 (2)
nid007973:80839:80839 [7] NCCL INFO               + XGMI[144.0] - GPU/CE000
nid007973:80839:80839 [7] NCCL INFO               + XGMI[72.0] - GPU/D1000
nid007973:80839:80839 [7] NCCL INFO               + XGMI[36.0] - GPU/C1000
nid007973:80839:80839 [7] NCCL INFO + PCI[24.0] - GPU/0-ce000 (3)
nid007973:80839:80839 [7] NCCL INFO               + XGMI[144.0] - GPU/C9000
nid007973:80839:80839 [7] NCCL INFO               + XGMI[36.0] - GPU/C6000
nid007973:80839:80839 [7] NCCL INFO               + XGMI[36.0] - GPU/DE000
nid007973:80838:80838 [5] NCCL INFO === System : maxBw 24.0 totalBw 252.0 ===
nid007973:80838:80838 [5] NCCL INFO CPU/0-3 (1/2/4)
nid007973:80838:80838 [5] NCCL INFO + PCI[24.0] - GPU/0-c1000 (0)
nid007973:80838:80838 [5] NCCL INFO               + XGMI[144.0] - GPU/C6000
nid007973:80838:80838 [5] NCCL INFO               + XGMI[72.0] - GPU/D9000
nid007973:80838:80838 [5] NCCL INFO               + XGMI[36.0] - GPU/C9000
nid007973:80838:80838 [5] NCCL INFO + PCI[24.0] - NIC/0-c5000
nid007973:80838:80838 [5] NCCL INFO               + NET[25.0] - NET/0 (a78741f00/1/25.000000)
nid007973:80838:80838 [5] NCCL INFO + PCI[24.0] - GPU/0-c6000 (1)
nid007973:80838:80838 [5] NCCL INFO               + XGMI[144.0] - GPU/C1000
nid007973:80838:80838 [5] NCCL INFO               + XGMI[36.0] - GPU/CE000
nid007973:80838:80838 [5] NCCL INFO               + XGMI[36.0] - GPU/D6000
nid007973:80838:80838 [5] NCCL INFO + SYS[16.0] - CPU/1
nid007973:80838:80838 [5] NCCL INFO + SYS[16.0] - CPU/0
nid007973:80838:80838 [5] NCCL INFO + SYS[16.0] - CPU/2
nid007973:80838:80838 [5] NCCL INFO CPU/0-1 (1/2/4)
nid007973:80838:80838 [5] NCCL INFO + PCI[24.0] - NIC/0-cd000
nid007973:80838:80838 [5] NCCL INFO               + NET[25.0] - NET/1 (a78741f01/1/25.000000)
nid007973:80838:80838 [5] NCCL INFO + PCI[24.0] - GPU/0-c9000 (2)
nid007973:80838:80838 [5] NCCL INFO               + XGMI[144.0] - GPU/CE000
nid007973:80838:80838 [5] NCCL INFO               + XGMI[72.0] - GPU/D1000
nid007973:80838:80838 [5] NCCL INFO               + XGMI[36.0] - GPU/C1000
nid007973:80838:80838 [5] NCCL INFO + PCI[24.0] - GPU/0-ce000 (3)
nid007973:80838:80838 [5] NCCL INFO               + XGMI[144.0] - GPU/C9000
nid007973:80838:80838 [5] NCCL INFO               + XGMI[36.0] - GPU/C6000
nid007973:80838:80838 [5] NCCL INFO               + XGMI[36.0] - GPU/DE000
nid007973:80838:80838 [5] NCCL INFO + SYS[16.0] - CPU/3
nid007973:80839:80839 [7] NCCL INFO + SYS[16.0] - CPU/3
nid007973:80839:80839 [7] NCCL INFO + SYS[16.0] - CPU/0
nid007973:80839:80839 [7] NCCL INFO + SYS[16.0] - CPU/2
nid007973:80839:80839 [7] NCCL INFO CPU/0-0 (1/2/4)
nid007973:80839:80839 [7] NCCL INFO + PCI[24.0] - NIC/0-d5000
nid007973:80839:80839 [7] NCCL INFO               + NET[25.0] - NET/2 (a78741f02/1/25.000000)
nid007973:80839:80839 [7] NCCL INFO + PCI[24.0] - GPU/0-d1000 (4)
nid007973:80839:80839 [7] NCCL INFO               + XGMI[144.0] - GPU/D6000
nid007973:80839:80839 [7] NCCL INFO               + XGMI[72.0] - GPU/C9000
nid007973:80839:80839 [7] NCCL INFO               + XGMI[36.0] - GPU/D9000
nid007973:80839:80839 [7] NCCL INFO + PCI[24.0] - GPU/0-d6000 (5)
nid007973:80839:80839 [7] NCCL INFO               + XGMI[144.0] - GPU/D1000
nid007973:80839:80839 [7] NCCL INFO               + XGMI[36.0] - GPU/C6000
nid007973:80839:80839 [7] NCCL INFO               + XGMI[36.0] - GPU/DE000
nid007973:80839:80839 [7] NCCL INFO + SYS[16.0] - CPU/3
nid007973:80839:80839 [7] NCCL INFO + SYS[16.0] - CPU/1
nid007973:80839:80839 [7] NCCL INFO + SYS[16.0] - CPU/2
nid007973:80839:80839 [7] NCCL INFO CPU/0-2 (1/2/4)
nid007973:80838:80838 [5] NCCL INFO + SYS[16.0] - CPU/0
nid007973:80838:80838 [5] NCCL INFO + SYS[16.0] - CPU/2
nid007973:80838:80838 [5] NCCL INFO CPU/0-0 (1/2/4)
nid007973:80838:80838 [5] NCCL INFO + PCI[24.0] - NIC/0-d5000
nid007973:80838:80838 [5] NCCL INFO               + NET[25.0] - NET/2 (a78741f02/1/25.000000)
nid007973:80838:80838 [5] NCCL INFO + PCI[24.0] - GPU/0-d1000 (4)
nid007973:80838:80838 [5] NCCL INFO               + XGMI[144.0] - GPU/D6000
nid007973:80838:80838 [5] NCCL INFO               + XGMI[72.0] - GPU/C9000
nid007973:80838:80838 [5] NCCL INFO               + XGMI[36.0] - GPU/D9000
nid007973:80838:80838 [5] NCCL INFO + PCI[24.0] - GPU/0-d6000 (5)
nid007973:80838:80838 [5] NCCL INFO               + XGMI[144.0] - GPU/D1000
nid007973:80838:80838 [5] NCCL INFO               + XGMI[36.0] - GPU/C6000
nid007973:80842:80842 [6] NCCL INFO === System : maxBw 24.0 totalBw 252.0 ===
nid007973:80842:80842 [6] NCCL INFO CPU/0-3 (1/2/4)
nid007973:80842:80842 [6] NCCL INFO + PCI[24.0] - GPU/0-c1000 (0)
nid007973:80842:80842 [6] NCCL INFO               + XGMI[144.0] - GPU/C6000
nid007973:80842:80842 [6] NCCL INFO               + XGMI[72.0] - GPU/D9000
nid007973:80842:80842 [6] NCCL INFO               + XGMI[36.0] - GPU/C9000
nid007973:80842:80842 [6] NCCL INFO + PCI[24.0] - NIC/0-c5000
nid007973:80842:80842 [6] NCCL INFO               + NET[25.0] - NET/0 (a78741f00/1/25.000000)
nid007973:80842:80842 [6] NCCL INFO + PCI[24.0] - GPU/0-c6000 (1)
nid007973:80842:80842 [6] NCCL INFO               + XGMI[144.0] - GPU/C1000
nid007973:80842:80842 [6] NCCL INFO               + XGMI[36.0] - GPU/CE000
nid007973:80842:80842 [6] NCCL INFO               + XGMI[36.0] - GPU/D6000
nid007973:80842:80842 [6] NCCL INFO + SYS[16.0] - CPU/1
nid007973:80842:80842 [6] NCCL INFO + SYS[16.0] - CPU/0
nid007973:80842:80842 [6] NCCL INFO + SYS[16.0] - CPU/2
nid007973:80842:80842 [6] NCCL INFO CPU/0-1 (1/2/4)
nid007973:80842:80842 [6] NCCL INFO + PCI[24.0] - NIC/0-cd000
nid007973:80842:80842 [6] NCCL INFO               + NET[25.0] - NET/1 (a78741f01/1/25.000000)
nid007973:80842:80842 [6] NCCL INFO + PCI[24.0] - GPU/0-c9000 (2)
nid007973:80842:80842 [6] NCCL INFO               + XGMI[144.0] - GPU/CE000
nid007973:80842:80842 [6] NCCL INFO               + XGMI[72.0] - GPU/D1000
nid007973:80842:80842 [6] NCCL INFO               + XGMI[36.0] - GPU/C1000
nid007973:80842:80842 [6] NCCL INFO + PCI[24.0] - GPU/0-ce000 (3)
nid007973:80842:80842 [6] NCCL INFO               + XGMI[144.0] - GPU/C9000
nid007973:80835:80835 [0] NCCL INFO === System : maxBw 24.0 totalBw 252.0 ===
nid007973:80835:80835 [0] NCCL INFO CPU/0-3 (1/2/4)
nid007973:80835:80835 [0] NCCL INFO + PCI[24.0] - GPU/0-c1000 (0)
nid007973:80835:80835 [0] NCCL INFO               + XGMI[144.0] - GPU/C6000
nid007973:80835:80835 [0] NCCL INFO               + XGMI[72.0] - GPU/D9000
nid007973:80835:80835 [0] NCCL INFO               + XGMI[36.0] - GPU/C9000
nid007973:80835:80835 [0] NCCL INFO + PCI[24.0] - NIC/0-c5000
nid007973:80835:80835 [0] NCCL INFO               + NET[25.0] - NET/0 (a78741f00/1/25.000000)
nid007973:80835:80835 [0] NCCL INFO + PCI[24.0] - GPU/0-c6000 (1)
nid007973:80835:80835 [0] NCCL INFO               + XGMI[144.0] - GPU/C1000
nid007973:80835:80835 [0] NCCL INFO               + XGMI[36.0] - GPU/CE000
nid007973:80835:80835 [0] NCCL INFO               + XGMI[36.0] - GPU/D6000
nid007973:80835:80835 [0] NCCL INFO + SYS[16.0] - CPU/1
nid007973:80835:80835 [0] NCCL INFO + SYS[16.0] - CPU/0
nid007973:80835:80835 [0] NCCL INFO + SYS[16.0] - CPU/2
nid007973:80835:80835 [0] NCCL INFO CPU/0-1 (1/2/4)
nid007973:80835:80835 [0] NCCL INFO + PCI[24.0] - NIC/0-cd000
nid007973:80835:80835 [0] NCCL INFO               + NET[25.0] - NET/1 (a78741f01/1/25.000000)
nid007973:80835:80835 [0] NCCL INFO + PCI[24.0] - GPU/0-c9000 (2)
nid007973:80835:80835 [0] NCCL INFO               + XGMI[144.0] - GPU/CE000
nid007973:80835:80835 [0] NCCL INFO               + XGMI[72.0] - GPU/D1000
nid007973:80835:80835 [0] NCCL INFO               + XGMI[36.0] - GPU/C1000
nid007973:80835:80835 [0] NCCL INFO + PCI[24.0] - GPU/0-ce000 (3)
nid007973:80835:80835 [0] NCCL INFO               + XGMI[144.0] - GPU/C9000
nid007973:80835:80835 [0] NCCL INFO               + XGMI[36.0] - GPU/C6000
nid007973:80835:80835 [0] NCCL INFO               + XGMI[36.0] - GPU/DE000
nid007973:80835:80835 [0] NCCL INFO + SYS[16.0] - CPU/3
nid007973:80835:80835 [0] NCCL INFO + SYS[16.0] - CPU/0
nid007973:80835:80835 [0] NCCL INFO + SYS[16.0] - CPU/2
nid007973:80835:80835 [0] NCCL INFO CPU/0-0 (1/2/4)
nid007973:80836:80836 [1] NCCL INFO === System : maxBw 24.0 totalBw 252.0 ===
nid007973:80836:80836 [1] NCCL INFO CPU/0-3 (1/2/4)
nid007973:80836:80836 [1] NCCL INFO + PCI[24.0] - GPU/0-c1000 (0)
nid007973:80836:80836 [1] NCCL INFO               + XGMI[144.0] - GPU/C6000
nid007973:80836:80836 [1] NCCL INFO               + XGMI[72.0] - GPU/D9000
nid007973:80836:80836 [1] NCCL INFO               + XGMI[36.0] - GPU/C9000
nid007973:80836:80836 [1] NCCL INFO + PCI[24.0] - NIC/0-c5000
nid007973:80836:80836 [1] NCCL INFO               + NET[25.0] - NET/0 (a78741f00/1/25.000000)
nid007973:80836:80836 [1] NCCL INFO + PCI[24.0] - GPU/0-c6000 (1)
nid007973:80836:80836 [1] NCCL INFO               + XGMI[144.0] - GPU/C1000
nid007973:80836:80836 [1] NCCL INFO               + XGMI[36.0] - GPU/CE000
nid007973:80836:80836 [1] NCCL INFO               + XGMI[36.0] - GPU/D6000
nid007973:80836:80836 [1] NCCL INFO + SYS[16.0] - CPU/1
nid007973:80836:80836 [1] NCCL INFO + SYS[16.0] - CPU/0
nid007973:80836:80836 [1] NCCL INFO + SYS[16.0] - CPU/2
nid007973:80836:80836 [1] NCCL INFO CPU/0-1 (1/2/4)
nid007973:80836:80836 [1] NCCL INFO + PCI[24.0] - NIC/0-cd000
nid007973:80836:80836 [1] NCCL INFO               + NET[25.0] - NET/1 (a78741f01/1/25.000000)
nid007973:80836:80836 [1] NCCL INFO + PCI[24.0] - GPU/0-c9000 (2)
nid007973:80836:80836 [1] NCCL INFO               + XGMI[144.0] - GPU/CE000
nid007973:80836:80836 [1] NCCL INFO               + XGMI[72.0] - GPU/D1000
nid007973:80840:80840 [4] NCCL INFO === System : maxBw 24.0 totalBw 252.0 ===
nid007973:80840:80840 [4] NCCL INFO CPU/0-3 (1/2/4)
nid007973:80840:80840 [4] NCCL INFO + PCI[24.0] - GPU/0-c1000 (0)
nid007973:80840:80840 [4] NCCL INFO               + XGMI[144.0] - GPU/C6000
nid007973:80840:80840 [4] NCCL INFO               + XGMI[72.0] - GPU/D9000
nid007973:80840:80840 [4] NCCL INFO               + XGMI[36.0] - GPU/C9000
nid007973:80840:80840 [4] NCCL INFO + PCI[24.0] - NIC/0-c5000
nid007973:80840:80840 [4] NCCL INFO               + NET[25.0] - NET/0 (a78741f00/1/25.000000)
nid007973:80840:80840 [4] NCCL INFO + PCI[24.0] - GPU/0-c6000 (1)
nid007973:80840:80840 [4] NCCL INFO               + XGMI[144.0] - GPU/C1000
nid007973:80840:80840 [4] NCCL INFO               + XGMI[36.0] - GPU/CE000
nid007973:80840:80840 [4] NCCL INFO               + XGMI[36.0] - GPU/D6000
nid007973:80840:80840 [4] NCCL INFO + SYS[16.0] - CPU/1
nid007973:80840:80840 [4] NCCL INFO + SYS[16.0] - CPU/0
nid007973:80840:80840 [4] NCCL INFO + SYS[16.0] - CPU/2
nid007973:80840:80840 [4] NCCL INFO CPU/0-1 (1/2/4)
nid007973:80840:80840 [4] NCCL INFO + PCI[24.0] - NIC/0-cd000
nid007973:80840:80840 [4] NCCL INFO               + NET[25.0] - NET/1 (a78741f01/1/25.000000)
nid007973:80840:80840 [4] NCCL INFO + PCI[24.0] - GPU/0-c9000 (2)
nid007973:80840:80840 [4] NCCL INFO               + XGMI[144.0] - GPU/CE000
nid007973:80840:80840 [4] NCCL INFO               + XGMI[72.0] - GPU/D1000
nid007973:80840:80840 [4] NCCL INFO               + XGMI[36.0] - GPU/C1000
nid007973:80840:80840 [4] NCCL INFO + PCI[24.0] - GPU/0-ce000 (3)
nid007973:80840:80840 [4] NCCL INFO               + XGMI[144.0] - GPU/C9000
nid007973:80840:80840 [4] NCCL INFO               + XGMI[36.0] - GPU/C6000
nid007973:80839:80839 [7] NCCL INFO + PCI[24.0] - NIC/0-dd000
nid007973:80839:80839 [7] NCCL INFO               + NET[25.0] - NET/3 (a78741f03/1/25.000000)
nid007973:80839:80839 [7] NCCL INFO + PCI[24.0] - GPU/0-d9000 (6)
nid007973:80839:80839 [7] NCCL INFO               + XGMI[144.0] - GPU/DE000
nid007973:80839:80839 [7] NCCL INFO               + XGMI[72.0] - GPU/C1000
nid007973:80839:80839 [7] NCCL INFO               + XGMI[36.0] - GPU/D1000
nid007973:80839:80839 [7] NCCL INFO + PCI[24.0] - GPU/0-de000 (7)
nid007973:80839:80839 [7] NCCL INFO               + XGMI[144.0] - GPU/D9000
nid007973:80839:80839 [7] NCCL INFO               + XGMI[36.0] - GPU/CE000
nid007973:80839:80839 [7] NCCL INFO               + XGMI[36.0] - GPU/D6000
nid007973:80839:80839 [7] NCCL INFO + SYS[16.0] - CPU/3
nid007973:80839:80839 [7] NCCL INFO + SYS[16.0] - CPU/1
nid007973:80839:80839 [7] NCCL INFO + SYS[16.0] - CPU/0
nid007973:80839:80839 [7] NCCL INFO ==========================================
nid007973:80839:80839 [7] NCCL INFO GPU/C1000 :GPU/0-c1000 (0/5000.0/LOC) GPU/0-c6000 (1/144.0/XGMI) GPU/0-c9000 (1/36.0/XGMI) GPU/0-ce000 (3/16.0/SYS) GPU/0-d1000 (3/16.0/SYS) GPU/0-d6000 (3/16.0/SYS) GPU/0-d9000 (1/72.0/XGMI) GPU/0-de000 (3/16.0/SYS) CPU/0-3 (1/24.0/PHB) CPU/0-1 (2/16.0/SYS) CPU/0-0 (2/16.0/SYS) CPU/0-2 (2/16.0/SYS) NET/0-0 (3/24.0/PHB) NET/0-1 (4/16.0/SYS) NET/0-2 (4/16.0/SYS) NET/0-3 (4/16.0/SYS) 
nid007973:80839:80839 [7] NCCL INFO GPU/C6000 :GPU/0-c1000 (1/144.0/XGMI) GPU/0-c6000 (0/5000.0/LOC) GPU/0-c9000 (3/16.0/SYS) GPU/0-ce000 (1/36.0/XGMI) GPU/0-d1000 (3/16.0/SYS) GPU/0-d6000 (1/36.0/XGMI) GPU/0-d9000 (3/16.0/SYS) GPU/0-de000 (3/16.0/SYS) CPU/0-3 (1/24.0/PHB) CPU/0-1 (2/16.0/SYS) CPU/0-0 (2/16.0/SYS) CPU/0-2 (2/16.0/SYS) NET/0-0 (3/24.0/PHB) NET/0-1 (4/16.0/SYS) NET/0-2 (4/16.0/SYS) NET/0-3 (4/16.0/SYS) 
nid007973:80839:80839 [7] NCCL INFO GPU/C9000 :GPU/0-c1000 (1/36.0/XGMI) GPU/0-c6000 (3/16.0/SYS) GPU/0-c9000 (0/5000.0/LOC) GPU/0-ce000 (1/144.0/XGMI) GPU/0-d1000 (1/72.0/XGMI) GPU/0-d6000 (3/16.0/SYS) GPU/0-d9000 (3/16.0/SYS) GPU/0-de000 (3/16.0/SYS) CPU/0-3 (2/16.0/SYS) CPU/0-1 (1/24.0/PHB) CPU/0-0 (2/16.0/SYS) CPU/0-2 (2/16.0/SYS) NET/0-0 (4/16.0/SYS) NET/0-1 (3/24.0/PHB) NET/0-2 (4/16.0/SYS) NET/0-3 (4/16.0/SYS) 
nid007973:80839:80839 [7] NCCL INFO GPU/CE000 :GPU/0-c1000 (3/16.0/SYS) GPU/0-c6000 (1/36.0/XGMI) GPU/0-c9000 (1/144.0/XGMI) GPU/0-ce000 (0/5000.0/LOC) GPU/0-d1000 (3/16.0/SYS) GPU/0-d6000 (3/16.0/SYS) GPU/0-d9000 (3/16.0/SYS) GPU/0-de000 (1/36.0/XGMI) CPU/0-3 (2/16.0/SYS) CPU/0-1 (1/24.0/PHB) CPU/0-0 (2/16.0/SYS) CPU/0-2 (2/16.0/SYS) NET/0-0 (4/16.0/SYS) NET/0-1 (3/24.0/PHB) NET/0-2 (4/16.0/SYS) NET/0-3 (4/16.0/SYS) 
nid007973:80839:80839 [7] NCCL INFO GPU/D1000 :GPU/0-c1000 (3/16.0/SYS) GPU/0-c6000 (3/16.0/SYS) GPU/0-c9000 (1/72.0/XGMI) GPU/0-ce000 (3/16.0/SYS) GPU/0-d1000 (0/5000.0/LOC) GPU/0-d6000 (1/144.0/XGMI) GPU/0-d9000 (1/36.0/XGMI) GPU/0-de000 (3/16.0/SYS) CPU/0-3 (2/16.0/SYS) CPU/0-1 (2/16.0/SYS) CPU/0-0 (1/24.0/PHB) CPU/0-2 (2/16.0/SYS) NET/0-0 (4/16.0/SYS) NET/0-1 (4/16.0/SYS) NET/0-2 (3/24.0/PHB) NET/0-3 (4/16.0/SYS) 
nid007973:80839:80839 [7] NCCL INFO GPU/D6000 :GPU/0-c1000 (3/16.0/SYS) GPU/0-c6000 (1/36.0/XGMI) GPU/0-c9000 (3/16.0/SYS) GPU/0-ce000 (3/16.0/SYS) GPU/0-d1000 (1/144.0/XGMI) GPU/0-d6000 (0/5000.0/LOC) GPU/0-d9000 (3/16.0/SYS) GPU/0-de000 (1/36.0/XGMI) CPU/0-3 (2/16.0/SYS) CPU/0-1 (2/16.0/SYS) CPU/0-0 (1/24.0/PHB) CPU/0-2 (2/16.0/SYS) NET/0-0 (4/16.0/SYS) NET/0-1 (4/16.0/SYS) NET/0-2 (3/24.0/PHB) NET/0-3 (4/16.0/SYS) 
nid007973:80839:80839 [7] NCCL INFO GPU/D9000 :GPU/0-c1000 (1/72.0/XGMI) GPU/0-c6000 (3/16.0/SYS) GPU/0-c9000 (3/16.0/SYS) GPU/0-ce000 (3/16.0/SYS) GPU/0-d1000 (1/36.0/XGMI) GPU/0-d6000 (3/16.0/SYS) GPU/0-d9000 (0/5000.0/LOC) GPU/0-de000 (1/144.0/XGMI) CPU/0-3 (2/16.0/SYS) CPU/0-1 (2/16.0/SYS) CPU/0-0 (2/16.0/SYS) CPU/0-2 (1/24.0/PHB) NET/0-0 (4/16.0/SYS) NET/0-1 (4/16.0/SYS) NET/0-2 (4/16.0/SYS) NET/0-3 (3/24.0/PHB) 
nid007973:80839:80839 [7] NCCL INFO GPU/DE000 :GPU/0-c1000 (3/16.0/SYS) GPU/0-c6000 (3/16.0/SYS) GPU/0-c9000 (3/16.0/SYS) GPU/0-ce000 (1/36.0/XGMI) GPU/0-dnid007973:80838:80838 [5] NCCL INFO               + XGMI[36.0] - GPU/DE000
nid007973:80838:80838 [5] NCCL INFO + SYS[16.0] - CPU/3
nid007973:80838:80838 [5] NCCL INFO + SYS[16.0] - CPU/1
nid007973:80838:80838 [5] NCCL INFO + SYS[16.0] - CPU/2
nid007973:80838:80838 [5] NCCL INFO CPU/0-2 (1/2/4)
nid007973:80838:80838 [5] NCCL INFO + PCI[24.0] - NIC/0-dd000
nid007973:80838:80838 [5] NCCL INFO               + NET[25.0] - NET/3 (a78741f03/1/25.000000)
nid007973:80838:80838 [5] NCCL INFO + PCI[24.0] - GPU/0-d9000 (6)
nid007973:80838:80838 [5] NCCL INFO               + XGMI[144.0] - GPU/DE000
nid007973:80838:80838 [5] NCCL INFO               + XGMI[72.0] - GPU/C1000
nid007973:80838:80838 [5] NCCL INFO               + XGMI[36.0] - GPU/D1000
nid007973:80838:80838 [5] NCCL INFO + PCI[24.0] - GPU/0-de000 (7)
nid007973:80838:80838 [5] NCCL INFO               + XGMI[144.0] - GPU/D9000
nid007973:80838:80838 [5] NCCL INFO               + XGMI[36.0] - GPU/CE000
nid007973:80838:80838 [5] NCCL INFO               + XGMI[36.0] - GPU/D6000
nid007973:80838:80838 [5] NCCL INFO + SYS[16.0] - CPU/3
nid007973:80838:80838 [5] NCCL INFO + SYS[16.0] - CPU/1
nid007973:80838:80838 [5] NCCL INFO + SYS[16.0] - CPU/0
nid007973:80838:80838 [5] NCCL INFO ==========================================
nid007973:80838:80838 [5] NCCL INFO GPU/C1000 :GPU/0-c1000 (0/5000.0/LOC) GPU/0-c6000 (1/144.0/XGMI) GPU/0-c9000 (1/36.0/XGMI) GPU/0-ce000 (3/16.0/SYS) GPU/0-d1000 (3/16.0/SYS) GPU/0-d6000 (3/16.0/SYS) GPU/0-d9000 (1/72.0/XGMI) GPU/0-de000 (3/16.0/SYS) CPU/0-3 (1/24.0/PHB) CPU/0-1 (2/16.0/SYS) CPU/0-0 (2/16.0/SYS) CPU/0-2 (2/16.0/SYS) NET/0-0 (3/24.0/PHB) NET/0-1 (4/16.0/SYS) NET/0-2 (4/16.0/SYS) NET/0-3 (4/16.0/SYS) 
nid007973:80838:80838 [5] NCCL INFO GPU/C6000 :GPU/0-c1000 (1/144.0/XGMI) GPU/0-c6000 (0/5000.0/LOC) GPU/0-c9000 (3/16.0/SYS) GPU/0-ce000 (1/36.0/XGMI) GPU/0-d1000 (3/16.0/SYS) GPU/0-d6000 (1/36.0/XGMI) GPU/0-d9000 (3/16.0/SYS) GPU/0-de000 (3/16.0/SYS) CPU/0-3 (1/24.0/PHB) CPU/0-1 (2/16.0/SYS) CPU/0-0 (2/16.0/SYS) CPU/0-2 (2/16.0/SYS) NET/0-0 (3/24.0/PHB) NET/0-1 (4/16.0/SYS) NET/0-2 (4/16.0/SYS) NET/0-3 (4/16.0/SYS) 
nid007973:80838:80838 [5] NCCL INFO GPU/C9000 :GPU/0-c1000 (1/36.0/XGMI) GPU/0-c6000 (3/16.0/SYS) GPU/0-c9000 (0/5000.0/LOC) GPU/0-ce000 (1/144.0/XGMI) GPU/0-d1000 (1/72.0/XGMI) GPU/0-d6000 (3/16.0/SYS) GPU/0-d9000 (3/16.0/SYS) GPU/0-de000 (3/16.0/SYS) CPU/0-3 (2/16.0/SYS) CPU/0-1 (1/24.0/PHB) CPU/0-0 (2/16.0/SYS) CPU/0-2 (2/16.0/SYS) NET/0-0 (4/16.0/SYS) NET/0-1 (3/24.0/PHB) NET/0-2 (4/16.0/SYS) NET/0-3 (4/16.0/SYS) 
nid007973:80841:80841 [3] NCCL INFO === System : maxBw 24.0 totalBw 252.0 ===
nid007973:80841:80841 [3] NCCL INFO CPU/0-3 (1/2/4)
nid007973:80841:80841 [3] NCCL INFO + PCI[24.0] - GPU/0-c1000 (0)
nid007973:80841:80841 [3] NCCL INFO               + XGMI[144.0] - GPU/C6000
nid007973:80841:80841 [3] NCCL INFO               + XGMI[72.0] - GPU/D9000
nid007973:80841:80841 [3] NCCL INFO               + XGMI[36.0] - GPU/C9000
nid007973:80841:80841 [3] NCCL INFO + PCI[24.0] - NIC/0-c5000
nid007973:80841:80841 [3] NCCL INFO               + NET[25.0] - NET/0 (a78741f00/1/25.000000)
nid007973:80841:80841 [3] NCCL INFO + PCI[24.0] - GPU/0-c6000 (1)
nid007973:80841:80841 [3] NCCL INFO               + XGMI[144.0] - GPU/C1000
nid007973:80841:80841 [3] NCCL INFO               + XGMI[36.0] - GPU/CE000
nid007973:80841:80841 [3] NCCL INFO               + XGMI[36.0] - GPU/D6000
nid007973:80841:80841 [3] NCCL INFO + SYS[16.0] - CPU/1
nid007973:80841:80841 [3] NCCL INFO + SYS[16.0] - CPU/0
nid007973:80841:80841 [3] NCCL INFO + SYS[16.0] - CPU/2
nid007973:80841:80841 [3] NCCL INFO CPU/0-1 (1/2/4)
nid007973:80841:80841 [3] NCCL INFO + PCI[24.0] - NIC/0-cd000
nid007973:80841:80841 [3] NCCL INFO               + NET[25.0] - NET/1 (a78741f01/1/25.000000)
nid007973:80841:80841 [3] NCCL INFO + PCI[24.0] - GPU/0-c9000 (2)
nid007973:80841:80841 [3] NCCL INFO               + XGMI[144.0] - GPU/CE000
nid007973:80841:80841 [3] NCCL INFO               + XGMI[72.0] - GPU/D1000
nid007973:80841:80841 [3] NCCL INFO               + XGMI[36.0] - GPU/C1000
nid007973:80841:80841 [3] NCCL INFO + PCI[24.0] - GPU/0-ce000 (3)
nid007973:80841:80841 [3] NCCL INFO               + XGMI[144.0] - GPU/C9000
nid007973:80841:80841 [3] NCCL INFO               + XGMI[36.0] - GPU/C6000
nid007973:80841:80841 [3] NCCL INFO               + XGMI[36.0] - GPU/DE000
nid007973:80841:80841 [3] NCCL INFO + SYS[16.0] - CPU/3
nid007973:80841:80841 [3] NCCL INFO + SYS[16.0] - CPU/0
nid007973:80841:80841 [3] NCCL INFO + SYS[16.0] - CPU/2
nid007973:80841:80841 [3] NCCL INFO CPU/0-0 (1/2/4)
nid007973:80841:80841 [3] NCCL INFO + PCI[24.0] - NIC/0-d5000
nid007973:80842:80842 [6] NCCL INFO               + XGMI[36.0] - GPU/C6000
nid007973:80842:80842 [6] NCCL INFO               + XGMI[36.0] - GPU/DE000
nid007973:80842:80842 [6] NCCL INFO + SYS[16.0] - CPU/3
nid007973:80842:80842 [6] NCCL INFO + SYS[16.0] - CPU/0
nid007973:80842:80842 [6] NCCL INFO + SYS[16.0] - CPU/2
nid007973:80842:80842 [6] NCCL INFO CPU/0-0 (1/2/4)
nid007973:80842:80842 [6] NCCL INFO + PCI[24.0] - NIC/0-d5000
nid007973:80842:80842 [6] NCCL INFO               + NET[25.0] - NET/2 (a78741f02/1/25.000000)
nid007973:80842:80842 [6] NCCL INFO + PCI[24.0] - GPU/0-d1000 (4)
nid007973:80842:80842 [6] NCCL INFO               + XGMI[144.0] - GPU/D6000
nid007973:80842:80842 [6] NCCL INFO               + XGMI[72.0] - GPU/C9000
nid007973:80842:80842 [6] NCCL INFO               + XGMI[36.0] - GPU/D9000
nid007973:80842:80842 [6] NCCL INFO + PCI[24.0] - GPU/0-d6000 (5)
nid007973:80842:80842 [6] NCCL INFO               + XGMI[144.0] - GPU/D1000
nid007973:80842:80842 [6] NCCL INFO               + XGMI[36.0] - GPU/C6000
nid007973:80842:80842 [6] NCCL INFO               + XGMI[36.0] - GPU/DE000
nid007973:80842:80842 [6] NCCL INFO + SYS[16.0] - CPU/3
nid007973:80842:80842 [6] NCCL INFO + SYS[16.0] - CPU/1
nid007973:80842:80842 [6] NCCL INFO + SYS[16.0] - CPU/2
nid007973:80842:80842 [6] NCCL INFO CPU/0-2 (1/2/4)
nid007973:80842:80842 [6] NCCL INFO + PCI[24.0] - NIC/0-dd000
nid007973:80842:80842 [6] NCCL INFO               + NET[25.0] - NET/3 (a78741f03/1/25.000000)
nid007973:80842:80842 [6] NCCL INFO + PCI[24.0] - GPU/0-d9000 (6)
nid007973:80842:80842 [6] NCCL INFO               + XGMI[144.0] - GPU/DE000
nid007973:80842:80842 [6] NCCL INFO               + XGMI[72.0] - GPU/C1000
nid007973:80842:80842 [6] NCCL INFO               + XGMI[36.0] - GPU/D1000
nid007973:80842:80842 [6] NCCL INFO + PCI[24.0] - GPU/0-de000 (7)
nid007973:80842:80842 [6] NCCL INFO               + XGMI[144.0] - GPU/D9000
nid007973:80842:80842 [6] NCCL INFO               + XGMI[36.0] - GPU/CE000
nid007973:80842:80842 [6] NCCL INFO               + XGMI[36.0] - GPU/D6000
nid007973:80842:80842 [6] NCCL INFO + SYS[16.0] - CPU/3
nid007973:80842:80842 [6] NCCL INFO + SYS[16.0] - CPU/1
nid007973:80842:80842 [6] NCCL INFO + SYS[16.0] - CPU/0
nid007973:80842:80842 [6] NCCL INFO ==========================================
nid007973:80842:80842 [6] NCCL INFO GPU/C1000 :GPU/0-c1000 (0/5000.0/LOC) GPU/0-c6000 (1/144.0/XGMI) GPU/0-c9000 (1/36.0/XGMI) GPU/0-ce000 (3/16.0/SYS) GPU/0-d1000 (3/16.0/SYS) GPU/0-d6000 (3/16.0/SYS) GPU/0-d9000 (1/72.0/XGMI) GPU/0-de000 (3/16.0/SYS) CPU/0-3 (1/24.0/PHB) CPU/0-1 (2/16.0/SYS) CPU/0-0 (2/16.0/SYS) CPU/0-2 (2/16.0/SYS) NET/0-0 (3/24.0/PHB) NET/0-1 (4/16.0/SYS) NET/0-2 (4/16.0/SYS) NET/0-3 (4/16.0/SYS) 
nid007973:80842:80842 [6] NCCL INFO GPU/C6000 :GPU/0-c1000 (1/144.0/XGMI) GPU/0-c6000 (0/5000.0/LOC) GPU/0-c9000 (3/16.0/SYS) GPU/0-ce000 (1/36.0/XGMI) GPU/0-d1000 (3/16.0/SYS) GPU/0-d6000 (1/36.0/XGMI) GPU/0-d9000 (3/16.0/SYS) GPU/0-de000 (3/16.0/SYS) CPU/0-3 (1/24.0/PHB) CPU/0-1 (2/16.0/SYS) CPU/0-0 (2/16.0/SYS) CPU/0-2 (2/16.0/SYS) NET/0-0 (3/24.0/PHB) NET/0-1 (4/16.0/SYS) NET/0-2 (4/16.0/SYS) NET/0-3 (4/16.0/SYS) 
nid007973:80842:80842 [6] NCCL INFO GPU/C9000 :GPU/0-c1000 (1/36.0/XGMI) GPU/0-c6000 (3/16.0/SYS) GPU/0-c9000 (0/5000.0/LOC) GPU/0-ce000 (1/144.0/XGMI) GPU/0-d1000 (1/72.0/XGMI) GPU/0-d6000 (3/16.0/SYS) GPU/0-d9000 (3/16.0/SYS) GPU/0-de000 (3/16.0/SYS) CPU/0-3 (2/16.0/SYS) CPU/0-1 (1/24.0/PHB) CPU/0-0 (2/16.0/SYS) CPU/0-2 (2/16.0/SYS) NET/0-0 (4/16.0/SYS) NET/0-1 (3/24.0/PHB) NET/0-2 (4/16.0/SYS) NET/0-3 (4/16.0/SYS) 
nid007973:80835:80835 [0] NCCL INFO + PCI[24.0] - NIC/0-d5000
nid007973:80835:80835 [0] NCCL INFO               + NET[25.0] - NET/2 (a78741f02/1/25.000000)
nid007973:80835:80835 [0] NCCL INFO + PCI[24.0] - GPU/0-d1000 (4)
nid007973:80835:80835 [0] NCCL INFO               + XGMI[144.0] - GPU/D6000
nid007973:80835:80835 [0] NCCL INFO               + XGMI[72.0] - GPU/C9000
nid007973:80835:80835 [0] NCCL INFO               + XGMI[36.0] - GPU/D9000
nid007973:80835:80835 [0] NCCL INFO + PCI[24.0] - GPU/0-d6000 (5)
nid007973:80835:80835 [0] NCCL INFO               + XGMI[144.0] - GPU/D1000
nid007973:80835:80835 [0] NCCL INFO               + XGMI[36.0] - GPU/C6000
nid007973:80835:80835 [0] NCCL INFO               + XGMI[36.0] - GPU/DE000
nid007973:80835:80835 [0] NCCL INFO + SYS[16.0] - CPU/3
nid007973:80835:80835 [0] NCCL INFO + SYS[16.0] - CPU/1
nid007973:80835:80835 [0] NCCL INFO + SYS[16.0] - CPU/2
nid007973:80835:80835 [0] NCCL INFO CPU/0-2 (1/2/4)
nid007973:80835:80835 [0] NCCL INFO + PCI[24.0] - NIC/0-dd000
nid007973:80835:80835 [0] NCCL INFO               + NET[25.0] - NET/3 (a78741f03/1/25.000000)
nid007973:80835:80835 [0] NCCL INFO + PCI[24.0] - GPU/0-d9000 (6)
nid007973:80835:80835 [0] NCCL INFO               + XGMI[144.0] - GPU/DE000
nid007973:80835:80835 [0] NCCL INFO               + XGMI[72.0] - GPU/C1000
nid007973:80835:80835 [0] NCCL INFO               + XGMI[36.0] - GPU/D1000
nid007973:80835:80835 [0] NCCL INFO + PCI[24.0] - GPU/0-de000 (7)
nid007973:80835:80835 [0] NCCL INFO               + XGMI[144.0] - GPU/D9000
nid007973:80835:80835 [0] NCCL INFO               + XGMI[36.0] - GPU/CE000
nid007973:80835:80835 [0] NCCL INFO               + XGMI[36.0] - GPU/D6000
nid007973:80835:80835 [0] NCCL INFO + SYS[16.0] - CPU/3
nid007973:80835:80835 [0] NCCL INFO + SYS[16.0] - CPU/1
nid007973:80835:80835 [0] NCCL INFO + SYS[16.0] - CPU/0
nid007973:80835:80835 [0] NCCL INFO ==========================================
nid007973:80835:80835 [0] NCCL INFO GPU/C1000 :GPU/0-c1000 (0/5000.0/LOC) GPU/0-c6000 (1/144.0/XGMI) GPU/0-c9000 (1/36.0/XGMI) GPU/0-ce000 (3/16.0/SYS) GPU/0-d1000 (3/16.0/SYS) GPU/0-d6000 (3/16.0/SYS) GPU/0-d9000 (1/72.0/XGMI) GPU/0-de000 (3/16.0/SYS) CPU/0-3 (1/24.0/PHB) CPU/0-1 (2/16.0/SYS) CPU/0-0 (2/16.0/SYS) CPU/0-2 (2/16.0/SYS) NET/0-0 (3/24.0/PHB) NET/0-1 (4/16.0/SYS) NET/0-2 (4/16.0/SYS) NET/0-3 (4/16.0/SYS) 
nid007973:80835:80835 [0] NCCL INFO GPU/C6000 :GPU/0-c1000 (1/144.0/XGMI) GPU/0-c6000 (0/5000.0/LOC) GPU/0-c9000 (3/16.0/SYS) GPU/0-ce000 (1/36.0/XGMI) GPU/0-d1000 (3/16.0/SYS) GPU/0-d6000 (1/36.0/XGMI) GPU/0-d9000 (3/16.0/SYS) GPU/0-de000 (3/16.0/SYS) CPU/0-3 (1/24.0/PHB) CPU/0-1 (2/16.0/SYS) CPU/0-0 (2/16.0/SYS) CPU/0-2 (2/16.0/SYS) NET/0-0 (3/24.0/PHB) NET/0-1 (4/16.0/SYS) NET/0-2 (4/16.0/SYS) NET/0-3 (4/16.0/SYS) 
nid007973:80835:80835 [0] NCCL INFO GPU/C9000 :GPU/0-c1000 (1/36.0/XGMI) GPU/0-c6000 (3/16.0/SYS) GPU/0-c9000 (0/5000.0/LOC) GPU/0-ce000 (1/144.0/XGMI) GPU/0-d1000 (1/72.0/XGMI) GPU/0-d6000 (3/16.0/SYS) GPU/0-d9000 (3/16.0/SYS) GPU/0-de000 (3/16.0/SYS) CPU/0-3 (2/16.0/SYS) CPU/0-1 (1/24.0/PHB) CPU/0-0 (2/16.0/SYS) CPU/0-2 (2/16.0/SYS) NET/0-0 (4/16.0/SYS) NET/0-1 (3/24.0/PHB) NET/0-2 (4/16.0/SYS) NET/0-3 (4/16.0/SYS) 
nid007973:80835:80835 [0] NCCL INFO GPU/CE000 :GPU/0-c1000 (3/16.0/SYS) GPU/0-c6000 (1/36.0/XGMI) GPU/0-c9000 (1/144.0/XGMI) GPU/0-ce000 (0/5000.0/LOC) GPU/0-d1000 (3/16.0/SYS) GPU/0-d6000 (3/16.0/SYS) GPU/0-d9000 (3/16.0/SYS) GPU/0-de000 (1/36.0/XGMI) CPU/0-3 (2/16.0/SYS) CPU/0-1 (1/24.0/PHB) CPU/0-0 (2/16.0/SYS) CPU/0-2 (2/16.0/SYS) NET/0-0 (4/16.0/SYS) NET/0-1 (3/24.0/PHB) NET/0-2 (4/16.0/SYS) NET/0-3 (4/16.0/SYS) 
nid007973:80835:80835 [0] NCCL INFO GPU/D1000 :GPU/0-c1000 (3/16.0/SYS) GPU/0-c6000 (3/16.0/SYS) GPU/0-c9000 (1/72.0/XGMI) GPU/0-ce000 (3/16.0/SYS) GPU/0-d1000 (0/5000.0/LOC) GPU/0-d6000 (1/144.0/XGMI) GPU/0-d9000 (1/36.0/XGMI) GPU/0-de000 (3/16.0/SYS) CPU/0-3 (2/16.0/SYS) CPU/0-1 (2/16.0/SYS) CPU/0-0 (1/24.0/PHB) CPU/0-2 (2/16.0/SYS) NET/0-0 (4/16.0/SYS) NET/0-1 (4/16.0/SYS) NET/0-2 (3/24.0/PHB) NET/0-3 (4/16.0/SYS) 
nid007973:80835:80835 [0] NCCL INFO GPnid007973:80836:80836 [1] NCCL INFO               + XGMI[36.0] - GPU/C1000
nid007973:80836:80836 [1] NCCL INFO + PCI[24.0] - GPU/0-ce000 (3)
nid007973:80836:80836 [1] NCCL INFO               + XGMI[144.0] - GPU/C9000
nid007973:80836:80836 [1] NCCL INFO               + XGMI[36.0] - GPU/C6000
nid007973:80836:80836 [1] NCCL INFO               + XGMI[36.0] - GPU/DE000
nid007973:80836:80836 [1] NCCL INFO + SYS[16.0] - CPU/3
nid007973:80836:80836 [1] NCCL INFO + SYS[16.0] - CPU/0
nid007973:80836:80836 [1] NCCL INFO + SYS[16.0] - CPU/2
nid007973:80836:80836 [1] NCCL INFO CPU/0-0 (1/2/4)
nid007973:80836:80836 [1] NCCL INFO + PCI[24.0] - NIC/0-d5000
nid007973:80836:80836 [1] NCCL INFO               + NET[25.0] - NET/2 (a78741f02/1/25.000000)
nid007973:80836:80836 [1] NCCL INFO + PCI[24.0] - GPU/0-d1000 (4)
nid007973:80836:80836 [1] NCCL INFO               + XGMI[144.0] - GPU/D6000
nid007973:80836:80836 [1] NCCL INFO               + XGMI[72.0] - GPU/C9000
nid007973:80836:80836 [1] NCCL INFO               + XGMI[36.0] - GPU/D9000
nid007973:80836:80836 [1] NCCL INFO + PCI[24.0] - GPU/0-d6000 (5)
nid007973:80836:80836 [1] NCCL INFO               + XGMI[144.0] - GPU/D1000
nid007973:80836:80836 [1] NCCL INFO               + XGMI[36.0] - GPU/C6000
nid007973:80836:80836 [1] NCCL INFO               + XGMI[36.0] - GPU/DE000
nid007973:80836:80836 [1] NCCL INFO + SYS[16.0] - CPU/3
nid007973:80836:80836 [1] NCCL INFO + SYS[16.0] - CPU/1
nid007973:80836:80836 [1] NCCL INFO + SYS[16.0] - CPU/2
nid007973:80836:80836 [1] NCCL INFO CPU/0-2 (1/2/4)
nid007973:80836:80836 [1] NCCL INFO + PCI[24.0] - NIC/0-dd000
nid007973:80836:80836 [1] NCCL INFO               + NET[25.0] - NET/3 (a78741f03/1/25.000000)
nid007973:80836:80836 [1] NCCL INFO + PCI[24.0] - GPU/0-d9000 (6)
nid007973:80836:80836 [1] NCCL INFO               + XGMI[144.0] - GPU/DE000
nid007973:80836:80836 [1] NCCL INFO               + XGMI[72.0] - GPU/C1000
nid007973:80836:80836 [1] NCCL INFO               + XGMI[36.0] - GPU/D1000
nid007973:80836:80836 [1] NCCL INFO + PCI[24.0] - GPU/0-de000 (7)
nid007973:80836:80836 [1] NCCL INFO               + XGMI[144.0] - GPU/D9000
nid007973:80836:80836 [1] NCCL INFO               + XGMI[36.0] - GPU/CE000
nid007973:80836:80836 [1] NCCL INFO               + XGMI[36.0] - GPU/D6000
nid007973:80836:80836 [1] NCCL INFO + SYS[16.0] - CPU/3
nid007973:80836:80836 [1] NCCL INFO + SYS[16.0] - CPU/1
nid007973:80836:80836 [1] NCCL INFO + SYS[16.0] - CPU/0
nid007973:80836:80836 [1] NCCL INFO ==========================================
nid007973:80836:80836 [1] NCCL INFO GPU/C1000 :GPU/0-c1000 (0/5000.0/LOC) GPU/0-c6000 (1/144.0/XGMI) GPU/0-c9000 (1/36.0/XGMI) GPU/0-ce000 (3/16.0/SYS) GPU/0-d1000 (3/16.0/SYS) GPU/0-d6000 (3/16.0/SYS) GPU/0-d9000 (1/72.0/XGMI) GPU/0-de000 (3/16.0/SYS) CPU/0-3 (1/24.0/PHB) CPU/0-1 (2/16.0/SYS) CPU/0-0 (2/16.0/SYS) CPU/0-2 (2/16.0/SYS) NET/0-0 (3/24.0/PHB) NET/0-1 (4/16.0/SYS) NET/0-2 (4/16.0/SYS) NET/0-3 (4/16.0/SYS) 
nid007973:80836:80836 [1] NCCL INFO GPU/C6000 :GPU/0-c1000 (1/144.0/XGMI) GPU/0-c6000 (0/5000.0/LOC) GPU/0-c9000 (3/16.0/SYS) GPU/0-ce000 (1/36.0/XGMI) GPU/0-d1000 (3/16.0/SYS) GPU/0-d6000 (1/36.0/XGMI) GPU/0-d9000 (3/16.0/SYS) GPU/0-de000 (3/16.0/SYS) CPU/0-3 (1/24.0/PHB) CPU/0-1 (2/16.0/SYS) CPU/0-0 (2/16.0/SYS) CPU/0-2 (2/16.0/SYS) NET/0-0 (3/24.0/PHB) NET/0-1 (4/16.0/SYS) NET/0-2 (4/16.0/SYS) NET/0-3 (4/16.0/SYS) 
nid007973:80836:80836 [1] NCCL INFO GPU/C9000 :GPU/0-c1000 (1/36.0/XGMI) GPU/0-c6000 (3/16.0/SYS) GPU/0-c9000 (0/5000.0/LOC) GPU/0-ce000 (1/144.0/XGMI) GPU/0-d1000 (1/72.0/XGMI) GPU/0-d6000 (3/16.0/SYS) GPU/0-d9000 (3/16.0/SYS) GPU/0-de000 (3/16.0/SYS) CPU/0-3 (2/16.0/SYS) CPU/0-1 (1/24.0/PHB) CPU/0-0 (2/16.0/SYS) CPU/0-2 (2/16.0/SYS) NET/0-0 (4/16.0/SYS) NET/0-1 (3/24.0/PHB) NET/0-2 (4/16.0/SYS) NET/0-3 (4/16.0/SYS) 
nid007973:80836:80836 [1] NCCL INFO GPU/CE000 :GPU/0-c1000 (3/16.0/SYS) GPU/0-c6000 (1/36.0/XGMI) GPU/0-c9000 (1/144.0/XGMI) GPU/0-ce000 (0/5000.0/LOC) GPU/0-d1000 (3/16.0/SYS) GPU/0-d6000 (3/16.0/SYS) GPU/0-d9000 (3/16.0/SYS) GPU/0-de000 (1/36.0/XGMI) CPU/0-3 (2/16.0/SYS) CPU/0-1 (1/24.0/PHB) nid007973:80840:80840 [4] NCCL INFO               + XGMI[36.0] - GPU/DE000
nid007973:80840:80840 [4] NCCL INFO + SYS[16.0] - CPU/3
nid007973:80840:80840 [4] NCCL INFO + SYS[16.0] - CPU/0
nid007973:80840:80840 [4] NCCL INFO + SYS[16.0] - CPU/2
nid007973:80840:80840 [4] NCCL INFO CPU/0-0 (1/2/4)
nid007973:80840:80840 [4] NCCL INFO + PCI[24.0] - NIC/0-d5000
nid007973:80840:80840 [4] NCCL INFO               + NET[25.0] - NET/2 (a78741f02/1/25.000000)
nid007973:80840:80840 [4] NCCL INFO + PCI[24.0] - GPU/0-d1000 (4)
nid007973:80840:80840 [4] NCCL INFO               + XGMI[144.0] - GPU/D6000
nid007973:80840:80840 [4] NCCL INFO               + XGMI[72.0] - GPU/C9000
nid007973:80840:80840 [4] NCCL INFO               + XGMI[36.0] - GPU/D9000
nid007973:80840:80840 [4] NCCL INFO + PCI[24.0] - GPU/0-d6000 (5)
nid007973:80840:80840 [4] NCCL INFO               + XGMI[144.0] - GPU/D1000
nid007973:80840:80840 [4] NCCL INFO               + XGMI[36.0] - GPU/C6000
nid007973:80840:80840 [4] NCCL INFO               + XGMI[36.0] - GPU/DE000
nid007973:80840:80840 [4] NCCL INFO + SYS[16.0] - CPU/3
nid007973:80840:80840 [4] NCCL INFO + SYS[16.0] - CPU/1
nid007973:80840:80840 [4] NCCL INFO + SYS[16.0] - CPU/2
nid007973:80840:80840 [4] NCCL INFO CPU/0-2 (1/2/4)
nid007973:80840:80840 [4] NCCL INFO + PCI[24.0] - NIC/0-dd000
nid007973:80840:80840 [4] NCCL INFO               + NET[25.0] - NET/3 (a78741f03/1/25.000000)
nid007973:80840:80840 [4] NCCL INFO + PCI[24.0] - GPU/0-d9000 (6)
nid007973:80840:80840 [4] NCCL INFO               + XGMI[144.0] - GPU/DE000
nid007973:80840:80840 [4] NCCL INFO               + XGMI[72.0] - GPU/C1000
nid007973:80840:80840 [4] NCCL INFO               + XGMI[36.0] - GPU/D1000
nid007973:80840:80840 [4] NCCL INFO + PCI[24.0] - GPU/0-de000 (7)
nid007973:80840:80840 [4] NCCL INFO               + XGMI[144.0] - GPU/D9000
nid007973:80840:80840 [4] NCCL INFO               + XGMI[36.0] - GPU/CE000
nid007973:80840:80840 [4] NCCL INFO               + XGMI[36.0] - GPU/D6000
nid007973:80840:80840 [4] NCCL INFO + SYS[16.0] - CPU/3
nid007973:80840:80840 [4] NCCL INFO + SYS[16.0] - CPU/1
nid007973:80840:80840 [4] NCCL INFO + SYS[16.0] - CPU/0
nid007973:80840:80840 [4] NCCL INFO ==========================================
nid007973:80840:80840 [4] NCCL INFO GPU/C1000 :GPU/0-c1000 (0/5000.0/LOC) GPU/0-c6000 (1/144.0/XGMI) GPU/0-c9000 (1/36.0/XGMI) GPU/0-ce000 (3/16.0/SYS) GPU/0-d1000 (3/16.0/SYS) GPU/0-d6000 (3/16.0/SYS) GPU/0-d9000 (1/72.0/XGMI) GPU/0-de000 (3/16.0/SYS) CPU/0-3 (1/24.0/PHB) CPU/0-1 (2/16.0/SYS) CPU/0-0 (2/16.0/SYS) CPU/0-2 (2/16.0/SYS) NET/0-0 (3/24.0/PHB) NET/0-1 (4/16.0/SYS) NET/0-2 (4/16.0/SYS) NET/0-3 (4/16.0/SYS) 
nid007973:80840:80840 [4] NCCL INFO GPU/C6000 :GPU/0-c1000 (1/144.0/XGMI) GPU/0-c6000 (0/5000.0/LOC) GPU/0-c9000 (3/16.0/SYS) GPU/0-ce000 (1/36.0/XGMI) GPU/0-d1000 (3/16.0/SYS) GPU/0-d6000 (1/36.0/XGMI) GPU/0-d9000 (3/16.0/SYS) GPU/0-de000 (3/16.0/SYS) CPU/0-3 (1/24.0/PHB) CPU/0-1 (2/16.0/SYS) CPU/0-0 (2/16.0/SYS) CPU/0-2 (2/16.0/SYS) NET/0-0 (3/24.0/PHB) NET/0-1 (4/16.0/SYS) NET/0-2 (4/16.0/SYS) NET/0-3 (4/16.0/SYS) 
nid007973:80840:80840 [4] NCCL INFO GPU/C9000 :GPU/0-c1000 (1/36.0/XGMI) GPU/0-c6000 (3/16.0/SYS) GPU/0-c9000 (0/5000.0/LOC) GPU/0-ce000 (1/144.0/XGMI) GPU/0-d1000 (1/72.0/XGMI) GPU/0-d6000 (3/16.0/SYS) GPU/0-d9000 (3/16.0/SYS) GPU/0-de000 (3/16.0/SYS) CPU/0-3 (2/16.0/SYS) CPU/0-1 (1/24.0/PHB) CPU/0-0 (2/16.0/SYS) CPU/0-2 (2/16.0/SYS) NET/0-0 (4/16.0/SYS) NET/0-1 (3/24.0/PHB) NET/0-2 (4/16.0/SYS) NET/0-3 (4/16.0/SYS) 
nid007973:80840:80840 [4] NCCL INFO GPU/CE000 :GPU/0-c1000 (3/16.0/SYS) GPU/0-c6000 (1/36.0/XGMI) GPU/0-c9000 (1/144.0/XGMI) GPU/0-ce000 (0/5000.0/LOC) GPU/0-d1000 (3/16.0/SYS) GPU/0-d6000 (3/16.0/SYS) GPU/0-d9000 (3/16.0/SYS) GPU/0-de000 (1/36.0/XGMI) CPU/0-3 (2/16.0/SYS) CPU/0-1 (1/24.0/PHB) CPU/0-0 (2/16.0/SYS) CPU/0-2 (2/16.0/SYS) NET/0-0 (4/16.0/SYS) NET/0-1 (3/24.0/PHB) NET/0-2 (4/16.0/SYS) NET/0-3 (4/16.0/SYS) 
nid007973:80840:80840 [4] NCCL INFO GPU/D1000 :GPU/0-c1000 (3/16.0/SYS) GPU/0-c6000 (3/16.0/SYS) GPU/0-c9000 (1/72.0/XGMI) GPU/0-ce000 (3/16.0/SYS) GPU/0-d1000 (0/501000 (3/16.0/SYS) GPU/0-d6000 (1/36.0/XGMI) GPU/0-d9000 (1/144.0/XGMI) GPU/0-de000 (0/5000.0/LOC) CPU/0-3 (2/16.0/SYS) CPU/0-1 (2/16.0/SYS) CPU/0-0 (2/16.0/SYS) CPU/0-2 (1/24.0/PHB) NET/0-0 (4/16.0/SYS) NET/0-1 (4/16.0/SYS) NET/0-2 (4/16.0/SYS) NET/0-3 (3/24.0/PHB) 
nid007973:80839:80839 [7] NCCL INFO NET/0 :GPU/0-c1000 (3/24.0/PHB) GPU/0-c6000 (3/24.0/PHB) GPU/0-c9000 (4/16.0/SYS) GPU/0-ce000 (4/16.0/SYS) GPU/0-d1000 (4/16.0/SYS) GPU/0-d6000 (4/16.0/SYS) GPU/0-d9000 (4/16.0/SYS) GPU/0-de000 (4/16.0/SYS) CPU/0-3 (2/24.0/PHB) CPU/0-1 (3/16.0/SYS) CPU/0-0 (3/16.0/SYS) CPU/0-2 (3/16.0/SYS) NET/0-0 (0/5000.0/LOC) NET/0-1 (5/16.0/SYS) NET/0-2 (5/16.0/SYS) NET/0-3 (5/16.0/SYS) 
nid007973:80839:80839 [7] NCCL INFO NET/1 :GPU/0-c1000 (4/16.0/SYS) GPU/0-c6000 (4/16.0/SYS) GPU/0-c9000 (3/24.0/PHB) GPU/0-ce000 (3/24.0/PHB) GPU/0-d1000 (4/16.0/SYS) GPU/0-d6000 (4/16.0/SYS) GPU/0-d9000 (4/16.0/SYS) GPU/0-de000 (4/16.0/SYS) CPU/0-3 (3/16.0/SYS) CPU/0-1 (2/24.0/PHB) CPU/0-0 (3/16.0/SYS) CPU/0-2 (3/16.0/SYS) NET/0-0 (5/16.0/SYS) NET/0-1 (0/5000.0/LOC) NET/0-2 (5/16.0/SYS) NET/0-3 (5/16.0/SYS) 
nid007973:80839:80839 [7] NCCL INFO NET/2 :GPU/0-c1000 (4/16.0/SYS) GPU/0-c6000 (4/16.0/SYS) GPU/0-c9000 (4/16.0/SYS) GPU/0-ce000 (4/16.0/SYS) GPU/0-d1000 (3/24.0/PHB) GPU/0-d6000 (3/24.0/PHB) GPU/0-d9000 (4/16.0/SYS) GPU/0-de000 (4/16.0/SYS) CPU/0-3 (3/16.0/SYS) CPU/0-1 (3/16.0/SYS) CPU/0-0 (2/24.0/PHB) CPU/0-2 (3/16.0/SYS) NET/0-0 (5/16.0/SYS) NET/0-1 (5/16.0/SYS) NET/0-2 (0/5000.0/LOC) NET/0-3 (5/16.0/SYS) 
nid007973:80839:80839 [7] NCCL INFO NET/3 :GPU/0-c1000 (4/16.0/SYS) GPU/0-c6000 (4/16.0/SYS) GPU/0-c9000 (4/16.0/SYS) GPU/0-ce000 (4/16.0/SYS) GPU/0-d1000 (4/16.0/SYS) GPU/0-d6000 (4/16.0/SYS) GPU/0-d9000 (3/24.0/PHB) GPU/0-de000 (3/24.0/PHB) CPU/0-3 (3/16.0/SYS) CPU/0-1 (3/16.0/SYS) CPU/0-0 (3/16.0/SYS) CPU/0-2 (2/24.0/PHB) NET/0-0 (5/16.0/SYS) NET/0-1 (5/16.0/SYS) NET/0-2 (5/16.0/SYS) NET/0-3 (0/5000.0/LOC) 
nid007973:80838:80838 [5] NCCL INFO GPU/CE000 :GPU/0-c1000 (3/16.0/SYS) GPU/0-c6000 (1/36.0/XGMI) GPU/0-c9000 (1/144.0/XGMI) GPU/0-ce000 (0/5000.0/LOC) GPU/0-d1000 (3/16.0/SYS) GPU/0-d6000 (3/16.0/SYS) GPU/0-d9000 (3/16.0/SYS) GPU/0-de000 (1/36.0/XGMI) CPU/0-3 (2/16.0/SYS) CPU/0-1 (1/24.0/PHB) CPU/0-0 (2/16.0/SYS) CPU/0-2 (2/16.0/SYS) NET/0-0 (4/16.0/SYS) NET/0-1 (3/24.0/PHB) NET/0-2 (4/16.0/SYS) NET/0-3 (4/16.0/SYS) 
nid007973:80838:80838 [5] NCCL INFO GPU/D1000 :GPU/0-c1000 (3/16.0/SYS) GPU/0-c6000 (3/16.0/SYS) GPU/0-c9000 (1/72.0/XGMI) GPU/0-ce000 (3/16.0/SYS) GPU/0-d1000 (0/5000.0/LOC) GPU/0-d6000 (1/144.0/XGMI) GPU/0-d9000 (1/36.0/XGMI) GPU/0-de000 (3/16.0/SYS) CPU/0-3 (2/16.0/SYS) CPU/0-1 (2/16.0/SYS) CPU/0-0 (1/24.0/PHB) CPU/0-2 (2/16.0/SYS) NET/0-0 (4/16.0/SYS) NET/0-1 (4/16.0/SYS) NET/0-2 (3/24.0/PHB) NET/0-3 (4/16.0/SYS) 
nid007973:80838:80838 [5] NCCL INFO GPU/D6000 :GPU/0-c1000 (3/16.0/SYS) GPU/0-c6000 (1/36.0/XGMI) GPU/0-c9000 (3/16.0/SYS) GPU/0-ce000 (3/16.0/SYS) GPU/0-d1000 (1/144.0/XGMI) GPU/0-d6000 (0/5000.0/LOC) GPU/0-d9000 (3/16.0/SYS) GPU/0-de000 (1/36.0/XGMI) CPU/0-3 (2/16.0/SYS) CPU/0-1 (2/16.0/SYS) CPU/0-0 (1/24.0/PHB) CPU/0-2 (2/16.0/SYS) NET/0-0 (4/16.0/SYS) NET/0-1 (4/16.0/SYS) NET/0-2 (3/24.0/PHB) NET/0-3 (4/16.0/SYS) 
nid007973:80838:80838 [5] NCCL INFO GPU/D9000 :GPU/0-c1000 (1/72.0/XGMI) GPU/0-c6000 (3/16.0/SYS) GPU/0-c9000 (3/16.0/SYS) GPU/0-ce000 (3/16.0/SYS) GPU/0-d1000 (1/36.0/XGMI) GPU/0-d6000 (3/16.0/SYS) GPU/0-d9000 (0/5000.0/LOC) GPU/0-de000 (1/144.0/XGMI) CPU/0-3 (2/16.0/SYS) CPU/0-1 (2/16.0/SYS) CPU/0-0 (2/16.0/SYS) CPU/0-2 (1/24.0/PHB) NET/0-0 (4/16.0/SYS) NET/0-1 (4/16.0/SYS) NET/0-2 (4/16.0/SYS) NET/0-3 (3/24.0/PHB) 
nid007973:80838:80838 [5] NCCL INFO GPU/DE000 :GPU/0-c1000 (3/16.0/SYS) GPU/0-c6000 (3/16.0/SYS) GPU/0-c9000 (3/16.0/SYS) GPU/0-ce000 (1/36.0/XGMI) GPU/0-d1000 (3/16.0/SYS) GPU/0-d6000 (1/36.0/XGMI) GPU/0-d9000 (1/144.0/XGMI) GPU/0-de000 (0/5000.0/LOC) CPU/0-3 (2/16.0/SYS) CPU/0-1 (2/16.0/SYS) CPU/0-0 (2/16.0/SYS) CPU/0-2 (1/24.0/PHB) NET/0-0 (4/16.0/SYS) NET/0-1 (4/16.0/SYS) NET/0-2 (4/16.0/SYS) NET/0-3 (3/24.0/PHB) 
nid007973:80838:80838 [5] NCCL INFO NET/0 :GPU/0-c1000 (3/24.0/PHB) GPU/0-c6000 (3/24.0/PHB) GPU/0-c9000 (4/16.0/SYS) GPU/0-ce000 (4/16.0/SYS) GPU/0-d1000 (4/16.0/SYS) GPU/0-d6000 (4/16.0/SYS) GPU/0-d9000 (4/16.0/SYS) GPU/0-de000 (4/16.0/SYS) CPU/0-3 (2/24.0/PHB) CPU/0-1 (3/16.0/SYS) CPU/0-0 (3/16.0/SYS) CPU/0-2 (3/16.0/SYS) NET/0-0 (0/5000.0/LOC) NET/0-1 (5/16.0/SYS) NET/0-2 (5/16.0/SYS) NET/0-3 (5/16.0/SYS) 
nid007973:80838:80838 [5] NCCL INFO NET/1 :GPU/0-c1000 (4/16.0/SYS) GPU/0-c6000 (4/16.0/SYS) GPU/0-c9000 (3/24.0/PHB) GPU/0-ce000 (3/24.0/PHB) GPU/0-d1000 (4/16.0/SYS) GPU/0-d6000 (4/16.0/SYS) GPU/0-d9000 (4/16.0/SYS) GPU/0-de000 (4/16.0/SYS) CPU/0-3 (3/16.0/SYS) CPU/0-1 (2/24.0/PHB) CPU/0-0 (3/16.0/SYS) CPU/0-2 (3/16.0/SYS) NET/0-0 (5/16.0/SYS) NET/0-1 (0/5000.0/LOC) NET/0-2 (5/16.0/SYS) NET/0-3 (5/16.0/SYS) 
nid007973:80838:80838 [5] NCCL INFO NET/2 :GPU/0-c1000 (4/16.0/SYS) GPU/0-c6000 (4/16.0/SYS) GPU/0-c9000 (4/16.0/SYS) GPU/0-ce000 (4/16.0/SYS) GPU/0-d1000 (3/24.0/PHB) GPU/0-d6000 (3/24.0/PHB) GPU/0-d9000 (4/16.0/SYS) GPU/0-de000 (4/16.0/SYS) CPU/0-3 (3/16.0/SYS) CPU/0-1 (3/16.0/SYS) CPU/0-0 (2/24.0/PHB) CPU/0-2 (3/16.0/SYS) NET/0-0 (5/16.0/SYS) NET/0-1 (5/16.0/SYS) NET/0-2 (0/5000.0/LOC) NET/0-3 (5/16.0/SYS) 
nid007973:80838:80838 [5] NCCL INFO NET/3 :GPU/0-c1000 (4/16.0/SYS) GPU/0-c6000 (4/16.0/SYS) GPU/0-c9000 (4/16.0/SYS) GPU/0-ce000 (4/16.0/SYS) GPU/0-d1000 (4/16.0/SYS) GPU/0-d6000 (4/16.0/SYS) GPU/0-d9000 (3/24.0/PHB) GPU/0-de000 (3/24.0/PHB) CPU/0-3 (3/16.0/SYS) CPU/0-1 (3/16.0/SYS) CPU/0-0 (3/16.0/SYS) CPU/0-2 (2/24.0/PHB) NET/0-0 (5/16.0/SYS) NET/0-1 (5/16.0/SYS) NET/0-2 (5/16.0/SYS) NET/0-3 (0/5000.0/LOC) 
nid007973:80838:80838 [5] NCCL INFO Setting affinity for GPU 5 to fefe,00000000,0000fefe
nid007973:80837:80837 [2] NCCL INFO === System : maxBw 24.0 totalBw 252.0 ===
nid007973:80837:80837 [2] NCCL INFO CPU/0-3 (1/2/4)
nid007973:80837:80837 [2] NCCL INFO + PCI[24.0] - GPU/0-c1000 (0)
nid007973:80837:80837 [2] NCCL INFO               + XGMI[144.0] - GPU/C6000
nid007973:80837:80837 [2] NCCL INFO               + XGMI[72.0] - GPU/D9000
nid007973:80837:80837 [2] NCCL INFO               + XGMI[36.0] - GPU/C9000
nid007973:80837:80837 [2] NCCL INFO + PCI[24.0] - NIC/0-c5000
nid007973:80837:80837 [2] NCCL INFO               + NET[25.0] - NET/0 (a78741f00/1/25.000000)
nid007973:80837:80837 [2] NCCL INFO + PCI[24.0] - GPU/0-c6000 (1)
nid007973:80837:80837 [2] NCCL INFO               + XGMI[144.0] - GPU/C1000
nid007973:80837:80837 [2] NCCL INFO               + XGMI[36.0] - GPU/CE000
nid007973:80837:80837 [2] NCCL INFO               + XGMI[36.0] - GPU/D6000
nid007973:80837:80837 [2] NCCL INFO + SYS[16.0] - CPU/1
nid007973:80837:80837 [2] NCCL INFO + SYS[16.0] - CPU/0
nid007973:80837:80837 [2] NCCL INFO + SYS[16.0] - CPU/2
nid007973:80837:80837 [2] NCCL INFO CPU/0-1 (1/2/4)
nid007973:80837:80837 [2] NCCL INFO + PCI[24.0] - NIC/0-cd000
nid007973:80837:80837 [2] NCCL INFO               + NET[25.0] - NET/1 (a78741f01/1/25.000000)
nid007973:80837:80837 [2] NCCL INFO + PCI[24.0] - GPU/0-c9000 (2)
nid007973:80837:80837 [2] NCCL INFO               + XGMI[144.0] - GPU/CE000
nid007973:80837:80837 [2] NCCL INFO               + XGMI[72.0] - GPU/D1000
nid007973:80837:80837 [2] NCCL INFO               + XGMI[36.0] - GPU/C1000
nid007973:80837:80837 [2] NCCL INFO + PCI[24.0] - GPU/0-ce000 (3)
nid007973:80837:80837 [2] NCCL INFO               + XGMI[144.0] - GPU/C9000
nid007973:80837:80837 [2] NCCL INFO               + XGMI[36.0] - GPU/C6000
nid007973:80837:80837 [2] NCCL INFO               + XGMI[36.0] - GPU/DE000
nid007973:80837:80837 [2] NCCL INFO + SYS[16.0] - CPU/3
nid007973:80837:80837 [2] NCCL INFO + SYS[16.0] - CPU/0
nid007973:80837:80837 [2] NCCL INFO + SYS[16.0] - CPU/2
nid007973:80837:80837 [2] NCCL INFO CPU/0-0 (1/2/4)
nid007973:80837:80837 [2] NCCL INFO + PCI[24.0] - NIC/0-d5000
nid007973:80837:80837 [2] NCCL INFO               + NET[25.0] - NET/2 (a78741f02/1/25.000000)
nid007973:80837:80837 [2] NCCL INFO + PCI[24.0] - GPU/0-d1000 (4)
nid007973:80837:80837 [2] NCCL INFO               + XGMI[144.0] - GPU/D6000
nid007973:80837:80837 [2] NCCL INFO               + XGMI[72.0] - GPU/C9000
nid007973:80837:80837 [2] NCCL INFO               + XGMI[36.0] - GPU/D9000
nid007973:80837:80837 [2] NCCL INFO + PCI[24.0] - GPU/0-d6000 (5)
nid007973:80837:80837 [2] NCCL INFO               + XGMI[144.0] - GPU/D1000
nid007973:80837:80837 [2] NCCL INFO               + XGMI[36.0] - GPU/C6000
nid007973:80837:80837 [2] NCCL INFO               + XGMI[36.0] - GPU/DE000
nid007973:80837:80837 [2] NCCL INFO + SYS[16.0] - CPU/3
nid007973:80837:80837 [2] NCCL INFO + SYS[16.0] - CPU/1
nid007973:80837:80837 [2] NCCL INFO + SYS[16.0] - CPU/2
nid007973:80837:80837 [2] NCCL INFO CPU/0-2 (1/2/4)
nid007973:80837:80837 [2] NCCL INFO + PCI[24.0] - NIC/0-dd000
nid007973:80837:80837 [2] NCCL INFO               + NET[25.0] - NET/3 (a78741f03/1/25.000000)
nid007973:80837:80837 [2] NCCL INFO + PCI[24.0] - GPU/0-d9000 (6)
nid007973:80841:80841 [3] NCCL INFO               + NET[25.0] - NET/2 (a78741f02/1/25.000000)
nid007973:80841:80841 [3] NCCL INFO + PCI[24.0] - GPU/0-d1000 (4)
nid007973:80841:80841 [3] NCCL INFO               + XGMI[144.0] - GPU/D6000
nid007973:80841:80841 [3] NCCL INFO               + XGMI[72.0] - GPU/C9000
nid007973:80841:80841 [3] NCCL INFO               + XGMI[36.0] - GPU/D9000
nid007973:80841:80841 [3] NCCL INFO + PCI[24.0] - GPU/0-d6000 (5)
nid007973:80841:80841 [3] NCCL INFO               + XGMI[144.0] - GPU/D1000
nid007973:80841:80841 [3] NCCL INFO               + XGMI[36.0] - GPU/C6000
nid007973:80841:80841 [3] NCCL INFO               + XGMI[36.0] - GPU/DE000
nid007973:80841:80841 [3] NCCL INFO + SYS[16.0] - CPU/3
nid007973:80841:80841 [3] NCCL INFO + SYS[16.0] - CPU/1
nid007973:80841:80841 [3] NCCL INFO + SYS[16.0] - CPU/2
nid007973:80841:80841 [3] NCCL INFO CPU/0-2 (1/2/4)
nid007973:80841:80841 [3] NCCL INFO + PCI[24.0] - NIC/0-dd000
nid007973:80841:80841 [3] NCCL INFO               + NET[25.0] - NET/3 (a78741f03/1/25.000000)
nid007973:80841:80841 [3] NCCL INFO + PCI[24.0] - GPU/0-d9000 (6)
nid007973:80841:80841 [3] NCCL INFO               + XGMI[144.0] - GPU/DE000
nid007973:80841:80841 [3] NCCL INFO               + XGMI[72.0] - GPU/C1000
nid007973:80841:80841 [3] NCCL INFO               + XGMI[36.0] - GPU/D1000
nid007973:80841:80841 [3] NCCL INFO + PCI[24.0] - GPU/0-de000 (7)
nid007973:80841:80841 [3] NCCL INFO               + XGMI[144.0] - GPU/D9000
nid007973:80841:80841 [3] NCCL INFO               + XGMI[36.0] - GPU/CE000
nid007973:80841:80841 [3] NCCL INFO               + XGMI[36.0] - GPU/D6000
nid007973:80841:80841 [3] NCCL INFO + SYS[16.0] - CPU/3
nid007973:80841:80841 [3] NCCL INFO + SYS[16.0] - CPU/1
nid007973:80841:80841 [3] NCCL INFO + SYS[16.0] - CPU/0
nid007973:80841:80841 [3] NCCL INFO ==========================================
nid007973:80841:80841 [3] NCCL INFO GPU/C1000 :GPU/0-c1000 (0/5000.0/LOC) GPU/0-c6000 (1/144.0/XGMI) GPU/0-c9000 (1/36.0/XGMI) GPU/0-ce000 (3/16.0/SYS) GPU/0-d1000 (3/16.0/SYS) GPU/0-d6000 (3/16.0/SYS) GPU/0-d9000 (1/72.0/XGMI) GPU/0-de000 (3/16.0/SYS) CPU/0-3 (1/24.0/PHB) CPU/0-1 (2/16.0/SYS) CPU/0-0 (2/16.0/SYS) CPU/0-2 (2/16.0/SYS) NET/0-0 (3/24.0/PHB) NET/0-1 (4/16.0/SYS) NET/0-2 (4/16.0/SYS) NET/0-3 (4/16.0/SYS) 
nid007973:80841:80841 [3] NCCL INFO GPU/C6000 :GPU/0-c1000 (1/144.0/XGMI) GPU/0-c6000 (0/5000.0/LOC) GPU/0-c9000 (3/16.0/SYS) GPU/0-ce000 (1/36.0/XGMI) GPU/0-d1000 (3/16.0/SYS) GPU/0-d6000 (1/36.0/XGMI) GPU/0-d9000 (3/16.0/SYS) GPU/0-de000 (3/16.0/SYS) CPU/0-3 (1/24.0/PHB) CPU/0-1 (2/16.0/SYS) CPU/0-0 (2/16.0/SYS) CPU/0-2 (2/16.0/SYS) NET/0-0 (3/24.0/PHB) NET/0-1 (4/16.0/SYS) NET/0-2 (4/16.0/SYS) NET/0-3 (4/16.0/SYS) 
nid007973:80841:80841 [3] NCCL INFO GPU/C9000 :GPU/0-c1000 (1/36.0/XGMI) GPU/0-c6000 (3/16.0/SYS) GPU/0-c9000 (0/5000.0/LOC) GPU/0-ce000 (1/144.0/XGMI) GPU/0-d1000 (1/72.0/XGMI) GPU/0-d6000 (3/16.0/SYS) GPU/0-d9000 (3/16.0/SYS) GPU/0-de000 (3/16.0/SYS) CPU/0-3 (2/16.0/SYS) CPU/0-1 (1/24.0/PHB) CPU/0-0 (2/16.0/SYS) CPU/0-2 (2/16.0/SYS) NET/0-0 (4/16.0/SYS) NET/0-1 (3/24.0/PHB) NET/0-2 (4/16.0/SYS) NET/0-3 (4/16.0/SYS) 
nid007973:80841:80841 [3] NCCL INFO GPU/CE000 :GPU/0-c1000 (3/16.0/SYS) GPU/0-c6000 (1/36.0/XGMI) GPU/0-c9000 (1/144.0/XGMI) GPU/0-ce000 (0/5000.0/LOC) GPU/0-d1000 (3/16.0/SYS) GPU/0-d6000 (3/16.0/SYS) GPU/0-d9000 (3/16.0/SYS) GPU/0-de000 (1/36.0/XGMI) CPU/0-3 (2/16.0/SYS) CPU/0-1 (1/24.0/PHB) CPU/0-0 (2/16.0/SYS) CPU/0-2 (2/16.0/SYS) NET/0-0 (4/16.0/SYS) NET/0-1 (3/24.0/PHB) NET/0-2 (4/16.0/SYS) NET/0-3 (4/16.0/SYS) 
nid007973:80841:80841 [3] NCCL INFO GPU/D1000 :GPU/0-c1000 (3/16.0/SYS) GPU/0-c6000 (3/16.0/SYS) GPU/0-c9000 (1/72.0/XGMI) GPU/0-ce000 (3/16.0/SYS) GPU/0-d1000 (0/5000.0/LOC) GPU/0-d6000 (1/144.0/XGMI) GPU/0-d9000 (1/36.0/XGMI) GPU/0-de000 (3/16.0/SYS) CPU/0-3 (2/16.0/SYS) CPU/0-1 (2/16.0/SYS) CPU/0-0 (1/24.0/PHB) CPU/0-2 (2/16.0/SYS) NET/0-0 (4/16.0/SYS) NET/0-1 (4/16.0/SYS) NET/0-2 (3/24.0/PHB) NET/0-3 (4/16.0/SYS) 
nid007973:80841:80841 [3] NCCL INFO GPU/D6000 :GPU/0-c1000 (3/16.0/SYS) GPU/0-c6000 (1/36.0/XGMI) GPnid007973:80842:80842 [6] NCCL INFO GPU/CE000 :GPU/0-c1000 (3/16.0/SYS) GPU/0-c6000 (1/36.0/XGMI) GPU/0-c9000 (1/144.0/XGMI) GPU/0-ce000 (0/5000.0/LOC) GPU/0-d1000 (3/16.0/SYS) GPU/0-d6000 (3/16.0/SYS) GPU/0-d9000 (3/16.0/SYS) GPU/0-de000 (1/36.0/XGMI) CPU/0-3 (2/16.0/SYS) CPU/0-1 (1/24.0/PHB) CPU/0-0 (2/16.0/SYS) CPU/0-2 (2/16.0/SYS) NET/0-0 (4/16.0/SYS) NET/0-1 (3/24.0/PHB) NET/0-2 (4/16.0/SYS) NET/0-3 (4/16.0/SYS) 
nid007973:80842:80842 [6] NCCL INFO GPU/D1000 :GPU/0-c1000 (3/16.0/SYS) GPU/0-c6000 (3/16.0/SYS) GPU/0-c9000 (1/72.0/XGMI) GPU/0-ce000 (3/16.0/SYS) GPU/0-d1000 (0/5000.0/LOC) GPU/0-d6000 (1/144.0/XGMI) GPU/0-d9000 (1/36.0/XGMI) GPU/0-de000 (3/16.0/SYS) CPU/0-3 (2/16.0/SYS) CPU/0-1 (2/16.0/SYS) CPU/0-0 (1/24.0/PHB) CPU/0-2 (2/16.0/SYS) NET/0-0 (4/16.0/SYS) NET/0-1 (4/16.0/SYS) NET/0-2 (3/24.0/PHB) NET/0-3 (4/16.0/SYS) 
nid007973:80842:80842 [6] NCCL INFO GPU/D6000 :GPU/0-c1000 (3/16.0/SYS) GPU/0-c6000 (1/36.0/XGMI) GPU/0-c9000 (3/16.0/SYS) GPU/0-ce000 (3/16.0/SYS) GPU/0-d1000 (1/144.0/XGMI) GPU/0-d6000 (0/5000.0/LOC) GPU/0-d9000 (3/16.0/SYS) GPU/0-de000 (1/36.0/XGMI) CPU/0-3 (2/16.0/SYS) CPU/0-1 (2/16.0/SYS) CPU/0-0 (1/24.0/PHB) CPU/0-2 (2/16.0/SYS) NET/0-0 (4/16.0/SYS) NET/0-1 (4/16.0/SYS) NET/0-2 (3/24.0/PHB) NET/0-3 (4/16.0/SYS) 
nid007973:80842:80842 [6] NCCL INFO GPU/D9000 :GPU/0-c1000 (1/72.0/XGMI) GPU/0-c6000 (3/16.0/SYS) GPU/0-c9000 (3/16.0/SYS) GPU/0-ce000 (3/16.0/SYS) GPU/0-d1000 (1/36.0/XGMI) GPU/0-d6000 (3/16.0/SYS) GPU/0-d9000 (0/5000.0/LOC) GPU/0-de000 (1/144.0/XGMI) CPU/0-3 (2/16.0/SYS) CPU/0-1 (2/16.0/SYS) CPU/0-0 (2/16.0/SYS) CPU/0-2 (1/24.0/PHB) NET/0-0 (4/16.0/SYS) NET/0-1 (4/16.0/SYS) NET/0-2 (4/16.0/SYS) NET/0-3 (3/24.0/PHB) 
nid007973:80842:80842 [6] NCCL INFO GPU/DE000 :GPU/0-c1000 (3/16.0/SYS) GPU/0-c6000 (3/16.0/SYS) GPU/0-c9000 (3/16.0/SYS) GPU/0-ce000 (1/36.0/XGMI) GPU/0-d1000 (3/16.0/SYS) GPU/0-d6000 (1/36.0/XGMI) GPU/0-d9000 (1/144.0/XGMI) GPU/0-de000 (0/5000.0/LOC) CPU/0-3 (2/16.0/SYS) CPU/0-1 (2/16.0/SYS) CPU/0-0 (2/16.0/SYS) CPU/0-2 (1/24.0/PHB) NET/0-0 (4/16.0/SYS) NET/0-1 (4/16.0/SYS) NET/0-2 (4/16.0/SYS) NET/0-3 (3/24.0/PHB) 
nid007973:80842:80842 [6] NCCL INFO NET/0 :GPU/0-c1000 (3/24.0/PHB) GPU/0-c6000 (3/24.0/PHB) GPU/0-c9000 (4/16.0/SYS) GPU/0-ce000 (4/16.0/SYS) GPU/0-d1000 (4/16.0/SYS) GPU/0-d6000 (4/16.0/SYS) GPU/0-d9000 (4/16.0/SYS) GPU/0-de000 (4/16.0/SYS) CPU/0-3 (2/24.0/PHB) CPU/0-1 (3/16.0/SYS) CPU/0-0 (3/16.0/SYS) CPU/0-2 (3/16.0/SYS) NET/0-0 (0/5000.0/LOC) NET/0-1 (5/16.0/SYS) NET/0-2 (5/16.0/SYS) NET/0-3 (5/16.0/SYS) 
nid007973:80842:80842 [6] NCCL INFO NET/1 :GPU/0-c1000 (4/16.0/SYS) GPU/0-c6000 (4/16.0/SYS) GPU/0-c9000 (3/24.0/PHB) GPU/0-ce000 (3/24.0/PHB) GPU/0-d1000 (4/16.0/SYS) GPU/0-d6000 (4/16.0/SYS) GPU/0-d9000 (4/16.0/SYS) GPU/0-de000 (4/16.0/SYS) CPU/0-3 (3/16.0/SYS) CPU/0-1 (2/24.0/PHB) CPU/0-0 (3/16.0/SYS) CPU/0-2 (3/16.0/SYS) NET/0-0 (5/16.0/SYS) NET/0-1 (0/5000.0/LOC) NET/0-2 (5/16.0/SYS) NET/0-3 (5/16.0/SYS) 
nid007973:80842:80842 [6] NCCL INFO NET/2 :GPU/0-c1000 (4/16.0/SYS) GPU/0-c6000 (4/16.0/SYS) GPU/0-c9000 (4/16.0/SYS) GPU/0-ce000 (4/16.0/SYS) GPU/0-d1000 (3/24.0/PHB) GPU/0-d6000 (3/24.0/PHB) GPU/0-d9000 (4/16.0/SYS) GPU/0-de000 (4/16.0/SYS) CPU/0-3 (3/16.0/SYS) CPU/0-1 (3/16.0/SYS) CPU/0-0 (2/24.0/PHB) CPU/0-2 (3/16.0/SYS) NET/0-0 (5/16.0/SYS) NET/0-1 (5/16.0/SYS) NET/0-2 (0/5000.0/LOC) NET/0-3 (5/16.0/SYS) 
nid007973:80842:80842 [6] NCCL INFO NET/3 :GPU/0-c1000 (4/16.0/SYS) GPU/0-c6000 (4/16.0/SYS) GPU/0-c9000 (4/16.0/SYS) GPU/0-ce000 (4/16.0/SYS) GPU/0-d1000 (4/16.0/SYS) GPU/0-d6000 (4/16.0/SYS) GPU/0-d9000 (3/24.0/PHB) GPU/0-de000 (3/24.0/PHB) CPU/0-3 (3/16.0/SYS) CPU/0-1 (3/16.0/SYS) CPU/0-0 (3/16.0/SYS) CPU/0-2 (2/24.0/PHB) NET/0-0 (5/16.0/SYS) NET/0-1 (5/16.0/SYS) NET/0-2 (5/16.0/SYS) NET/0-3 (0/5000.0/LOC) 
U/D6000 :GPU/0-c1000 (3/16.0/SYS) GPU/0-c6000 (1/36.0/XGMI) GPU/0-c9000 (3/16.0/SYS) GPU/0-ce000 (3/16.0/SYS) GPU/0-d1000 (1/144.0/XGMI) GPU/0-d6000 (0/5000.0/LOC) GPU/0-d9000 (3/16.0/SYS) GPU/0-de000 (1/36.0/XGMI) CPU/0-3 (2/16.0/SYS) CPU/0-1 (2/16.0/SYS) CPU/0-0 (1/24.0/PHB) CPU/0-2 (2/16.0/SYS) NET/0-0 (4/16.0/SYS) NET/0-1 (4/16.0/SYS) NET/0-2 (3/24.0/PHB) NET/0-3 (4/16.0/SYS) 
nid007973:80835:80835 [0] NCCL INFO GPU/D9000 :GPU/0-c1000 (1/72.0/XGMI) GPU/0-c6000 (3/16.0/SYS) GPU/0-c9000 (3/16.0/SYS) GPU/0-ce000 (3/16.0/SYS) GPU/0-d1000 (1/36.0/XGMI) GPU/0-d6000 (3/16.0/SYS) GPU/0-d9000 (0/5000.0/LOC) GPU/0-de000 (1/144.0/XGMI) CPU/0-3 (2/16.0/SYS) CPU/0-1 (2/16.0/SYS) CPU/0-0 (2/16.0/SYS) CPU/0-2 (1/24.0/PHB) NET/0-0 (4/16.0/SYS) NET/0-1 (4/16.0/SYS) NET/0-2 (4/16.0/SYS) NET/0-3 (3/24.0/PHB) 
nid007973:80835:80835 [0] NCCL INFO GPU/DE000 :GPU/0-c1000 (3/16.0/SYS) GPU/0-c6000 (3/16.0/SYS) GPU/0-c9000 (3/16.0/SYS) GPU/0-ce000 (1/36.0/XGMI) GPU/0-d1000 (3/16.0/SYS) GPU/0-d6000 (1/36.0/XGMI) GPU/0-d9000 (1/144.0/XGMI) GPU/0-de000 (0/5000.0/LOC) CPU/0-3 (2/16.0/SYS) CPU/0-1 (2/16.0/SYS) CPU/0-0 (2/16.0/SYS) CPU/0-2 (1/24.0/PHB) NET/0-0 (4/16.0/SYS) NET/0-1 (4/16.0/SYS) NET/0-2 (4/16.0/SYS) NET/0-3 (3/24.0/PHB) 
nid007973:80835:80835 [0] NCCL INFO NET/0 :GPU/0-c1000 (3/24.0/PHB) GPU/0-c6000 (3/24.0/PHB) GPU/0-c9000 (4/16.0/SYS) GPU/0-ce000 (4/16.0/SYS) GPU/0-d1000 (4/16.0/SYS) GPU/0-d6000 (4/16.0/SYS) GPU/0-d9000 (4/16.0/SYS) GPU/0-de000 (4/16.0/SYS) CPU/0-3 (2/24.0/PHB) CPU/0-1 (3/16.0/SYS) CPU/0-0 (3/16.0/SYS) CPU/0-2 (3/16.0/SYS) NET/0-0 (0/5000.0/LOC) NET/0-1 (5/16.0/SYS) NET/0-2 (5/16.0/SYS) NET/0-3 (5/16.0/SYS) 
nid007973:80835:80835 [0] NCCL INFO NET/1 :GPU/0-c1000 (4/16.0/SYS) GPU/0-c6000 (4/16.0/SYS) GPU/0-c9000 (3/24.0/PHB) GPU/0-ce000 (3/24.0/PHB) GPU/0-d1000 (4/16.0/SYS) GPU/0-d6000 (4/16.0/SYS) GPU/0-d9000 (4/16.0/SYS) GPU/0-de000 (4/16.0/SYS) CPU/0-3 (3/16.0/SYS) CPU/0-1 (2/24.0/PHB) CPU/0-0 (3/16.0/SYS) CPU/0-2 (3/16.0/SYS) NET/0-0 (5/16.0/SYS) NET/0-1 (0/5000.0/LOC) NET/0-2 (5/16.0/SYS) NET/0-3 (5/16.0/SYS) 
nid007973:80835:80835 [0] NCCL INFO NET/2 :GPU/0-c1000 (4/16.0/SYS) GPU/0-c6000 (4/16.0/SYS) GPU/0-c9000 (4/16.0/SYS) GPU/0-ce000 (4/16.0/SYS) GPU/0-d1000 (3/24.0/PHB) GPU/0-d6000 (3/24.0/PHB) GPU/0-d9000 (4/16.0/SYS) GPU/0-de000 (4/16.0/SYS) CPU/0-3 (3/16.0/SYS) CPU/0-1 (3/16.0/SYS) CPU/0-0 (2/24.0/PHB) CPU/0-2 (3/16.0/SYS) NET/0-0 (5/16.0/SYS) NET/0-1 (5/16.0/SYS) NET/0-2 (0/5000.0/LOC) NET/0-3 (5/16.0/SYS) 
nid007973:80835:80835 [0] NCCL INFO NET/3 :GPU/0-c1000 (4/16.0/SYS) GPU/0-c6000 (4/16.0/SYS) GPU/0-c9000 (4/16.0/SYS) GPU/0-ce000 (4/16.0/SYS) GPU/0-d1000 (4/16.0/SYS) GPU/0-d6000 (4/16.0/SYS) GPU/0-d9000 (3/24.0/PHB) GPU/0-de000 (3/24.0/PHB) CPU/0-3 (3/16.0/SYS) CPU/0-1 (3/16.0/SYS) CPU/0-0 (3/16.0/SYS) CPU/0-2 (2/24.0/PHB) NET/0-0 (5/16.0/SYS) NET/0-1 (5/16.0/SYS) NET/0-2 (5/16.0/SYS) NET/0-3 (0/5000.0/LOC) 
CPU/0-0 (2/16.0/SYS) CPU/0-2 (2/16.0/SYS) NET/0-0 (4/16.0/SYS) NET/0-1 (3/24.0/PHB) NET/0-2 (4/16.0/SYS) NET/0-3 (4/16.0/SYS) 
nid007973:80836:80836 [1] NCCL INFO GPU/D1000 :GPU/0-c1000 (3/16.0/SYS) GPU/0-c6000 (3/16.0/SYS) GPU/0-c9000 (1/72.0/XGMI) GPU/0-ce000 (3/16.0/SYS) GPU/0-d1000 (0/5000.0/LOC) GPU/0-d6000 (1/144.0/XGMI) GPU/0-d9000 (1/36.0/XGMI) GPU/0-de000 (3/16.0/SYS) CPU/0-3 (2/16.0/SYS) CPU/0-1 (2/16.0/SYS) CPU/0-0 (1/24.0/PHB) CPU/0-2 (2/16.0/SYS) NET/0-0 (4/16.0/SYS) NET/0-1 (4/16.0/SYS) NET/0-2 (3/24.0/PHB) NET/0-3 (4/16.0/SYS) 
nid007973:80836:80836 [1] NCCL INFO GPU/D6000 :GPU/0-c1000 (3/16.0/SYS) GPU/0-c6000 (1/36.0/XGMI) GPU/0-c9000 (3/16.0/SYS) GPU/0-ce000 (3/16.0/SYS) GPU/0-d1000 (1/144.0/XGMI) GPU/0-d6000 (0/5000.0/LOC) GPU/0-d9000 (3/16.0/SYS) GPU/0-de000 (1/36.0/XGMI) CPU/0-3 (2/16.0/SYS) CPU/0-1 (2/16.0/SYS) CPU/0-0 (1/24.0/PHB) CPU/0-2 (2/16.0/SYS) NET/0-0 (4/16.0/SYS) NET/0-1 (4/16.0/SYS) NET/0-2 (3/24.0/PHB) NET/0-3 (4/16.0/SYS) 
nid007973:80836:80836 [1] NCCL INFO GPU/D9000 :GPU/0-c1000 (1/72.0/XGMI) GPU/0-c6000 (3/16.0/SYS) GPU/0-c9000 (3/16.0/SYS) GPU/0-ce000 (3/16.0/SYS) GPU/0-d1000 (1/36.0/XGMI) GPU/0-d6000 (3/16.0/SYS) GPU/0-d9000 (0/5000.0/LOC) GPU/0-de000 (1/144.0/XGMI) CPU/0-3 (2/16.0/SYS) CPU/0-1 (2/16.0/SYS) CPU/0-0 (2/16.0/SYS) CPU/0-2 (1/24.0/PHB) NET/0-0 (4/16.0/SYS) NET/0-1 (4/16.0/SYS) NET/0-2 (4/16.0/SYS) NET/0-3 (3/24.0/PHB) 
nid007973:80836:80836 [1] NCCL INFO GPU/DE000 :GPU/0-c1000 (3/16.0/SYS) GPU/0-c6000 (3/16.0/SYS) GPU/0-c9000 (3/16.0/SYS) GPU/0-ce000 (1/36.0/XGMI) GPU/0-d1000 (3/16.0/SYS) GPU/0-d6000 (1/36.0/XGMI) GPU/0-d9000 (1/144.0/XGMI) GPU/0-de000 (0/5000.0/LOC) CPU/0-3 (2/16.0/SYS) CPU/0-1 (2/16.0/SYS) CPU/0-0 (2/16.0/SYS) CPU/0-2 (1/24.0/PHB) NET/0-0 (4/16.0/SYS) NET/0-1 (4/16.0/SYS) NET/0-2 (4/16.0/SYS) NET/0-3 (3/24.0/PHB) 
nid007973:80836:80836 [1] NCCL INFO NET/0 :GPU/0-c1000 (3/24.0/PHB) GPU/0-c6000 (3/24.0/PHB) GPU/0-c9000 (4/16.0/SYS) GPU/0-ce000 (4/16.0/SYS) GPU/0-d1000 (4/16.0/SYS) GPU/0-d6000 (4/16.0/SYS) GPU/0-d9000 (4/16.0/SYS) GPU/0-de000 (4/16.0/SYS) CPU/0-3 (2/24.0/PHB) CPU/0-1 (3/16.0/SYS) CPU/0-0 (3/16.0/SYS) CPU/0-2 (3/16.0/SYS) NET/0-0 (0/5000.0/LOC) NET/0-1 (5/16.0/SYS) NET/0-2 (5/16.0/SYS) NET/0-3 (5/16.0/SYS) 
nid007973:80836:80836 [1] NCCL INFO NET/1 :GPU/0-c1000 (4/16.0/SYS) GPU/0-c6000 (4/16.0/SYS) GPU/0-c9000 (3/24.0/PHB) GPU/0-ce000 (3/24.0/PHB) GPU/0-d1000 (4/16.0/SYS) GPU/0-d6000 (4/16.0/SYS) GPU/0-d9000 (4/16.0/SYS) GPU/0-de000 (4/16.0/SYS) CPU/0-3 (3/16.0/SYS) CPU/0-1 (2/24.0/PHB) CPU/0-0 (3/16.0/SYS) CPU/0-2 (3/16.0/SYS) NET/0-0 (5/16.0/SYS) NET/0-1 (0/5000.0/LOC) NET/0-2 (5/16.0/SYS) NET/0-3 (5/16.0/SYS) 
nid007973:80836:80836 [1] NCCL INFO NET/2 :GPU/0-c1000 (4/16.0/SYS) GPU/0-c6000 (4/16.0/SYS) GPU/0-c9000 (4/16.0/SYS) GPU/0-ce000 (4/16.0/SYS) GPU/0-d1000 (3/24.0/PHB) GPU/0-d6000 (3/24.0/PHB) GPU/0-d9000 (4/16.0/SYS) GPU/0-de000 (4/16.0/SYS) CPU/0-3 (3/16.0/SYS) CPU/0-1 (3/16.0/SYS) CPU/0-0 (2/24.0/PHB) CPU/0-2 (3/16.0/SYS) NET/0-0 (5/16.0/SYS) NET/0-1 (5/16.0/SYS) NET/0-2 (0/5000.0/LOC) NET/0-3 (5/16.0/SYS) 
nid007973:80836:80836 [1] NCCL INFO NET/3 :GPU/0-c1000 (4/16.0/SYS) GPU/0-c6000 (4/16.0/SYS) GPU/0-c9000 (4/16.0/SYS) GPU/0-ce000 (4/16.0/SYS) GPU/0-d1000 (4/16.0/SYS) GPU/0-d6000 (4/16.0/SYS) GPU/0-d9000 (3/24.0/PHB) GPU/0-de000 (3/24.0/PHB) CPU/0-3 (3/16.0/SYS) CPU/0-1 (3/16.0/SYS) CPU/0-0 (3/16.0/SYS) CPU/0-2 (2/24.0/PHB) NET/0-0 (5/16.0/SYS) NET/0-1 (5/16.0/SYS) NET/0-2 (5/16.0/SYS) NET/0-3 (0/5000.0/LOC) 
00.0/LOC) GPU/0-d6000 (1/144.0/XGMI) GPU/0-d9000 (1/36.0/XGMI) GPU/0-de000 (3/16.0/SYS) CPU/0-3 (2/16.0/SYS) CPU/0-1 (2/16.0/SYS) CPU/0-0 (1/24.0/PHB) CPU/0-2 (2/16.0/SYS) NET/0-0 (4/16.0/SYS) NET/0-1 (4/16.0/SYS) NET/0-2 (3/24.0/PHB) NET/0-3 (4/16.0/SYS) 
nid007973:80840:80840 [4] NCCL INFO GPU/D6000 :GPU/0-c1000 (3/16.0/SYS) GPU/0-c6000 (1/36.0/XGMI) GPU/0-c9000 (3/16.0/SYS) GPU/0-ce000 (3/16.0/SYS) GPU/0-d1000 (1/144.0/XGMI) GPU/0-d6000 (0/5000.0/LOC) GPU/0-d9000 (3/16.0/SYS) GPU/0-de000 (1/36.0/XGMI) CPU/0-3 (2/16.0/SYS) CPU/0-1 (2/16.0/SYS) CPU/0-0 (1/24.0/PHB) CPU/0-2 (2/16.0/SYS) NET/0-0 (4/16.0/SYS) NET/0-1 (4/16.0/SYS) NET/0-2 (3/24.0/PHB) NET/0-3 (4/16.0/SYS) 
nid007973:80840:80840 [4] NCCL INFO GPU/D9000 :GPU/0-c1000 (1/72.0/XGMI) GPU/0-c6000 (3/16.0/SYS) GPU/0-c9000 (3/16.0/SYS) GPU/0-ce000 (3/16.0/SYS) GPU/0-d1000 (1/36.0/XGMI) GPU/0-d6000 (3/16.0/SYS) GPU/0-d9000 (0/5000.0/LOC) GPU/0-de000 (1/144.0/XGMI) CPU/0-3 (2/16.0/SYS) CPU/0-1 (2/16.0/SYS) CPU/0-0 (2/16.0/SYS) CPU/0-2 (1/24.0/PHB) NET/0-0 (4/16.0/SYS) NET/0-1 (4/16.0/SYS) NET/0-2 (4/16.0/SYS) NET/0-3 (3/24.0/PHB) 
nid007973:80840:80840 [4] NCCL INFO GPU/DE000 :GPU/0-c1000 (3/16.0/SYS) GPU/0-c6000 (3/16.0/SYS) GPU/0-c9000 (3/16.0/SYS) GPU/0-ce000 (1/36.0/XGMI) GPU/0-d1000 (3/16.0/SYS) GPU/0-d6000 (1/36.0/XGMI) GPU/0-d9000 (1/144.0/XGMI) GPU/0-de000 (0/5000.0/LOC) CPU/0-3 (2/16.0/SYS) CPU/0-1 (2/16.0/SYS) CPU/0-0 (2/16.0/SYS) CPU/0-2 (1/24.0/PHB) NET/0-0 (4/16.0/SYS) NET/0-1 (4/16.0/SYS) NET/0-2 (4/16.0/SYS) NET/0-3 (3/24.0/PHB) 
nid007973:80840:80840 [4] NCCL INFO NET/0 :GPU/0-c1000 (3/24.0/PHB) GPU/0-c6000 (3/24.0/PHB) GPU/0-c9000 (4/16.0/SYS) GPU/0-ce000 (4/16.0/SYS) GPU/0-d1000 (4/16.0/SYS) GPU/0-d6000 (4/16.0/SYS) GPU/0-d9000 (4/16.0/SYS) GPU/0-de000 (4/16.0/SYS) CPU/0-3 (2/24.0/PHB) CPU/0-1 (3/16.0/SYS) CPU/0-0 (3/16.0/SYS) CPU/0-2 (3/16.0/SYS) NET/0-0 (0/5000.0/LOC) NET/0-1 (5/16.0/SYS) NET/0-2 (5/16.0/SYS) NET/0-3 (5/16.0/SYS) 
nid007973:80840:80840 [4] NCCL INFO NET/1 :GPU/0-c1000 (4/16.0/SYS) GPU/0-c6000 (4/16.0/SYS) GPU/0-c9000 (3/24.0/PHB) GPU/0-ce000 (3/24.0/PHB) GPU/0-d1000 (4/16.0/SYS) GPU/0-d6000 (4/16.0/SYS) GPU/0-d9000 (4/16.0/SYS) GPU/0-de000 (4/16.0/SYS) CPU/0-3 (3/16.0/SYS) CPU/0-1 (2/24.0/PHB) CPU/0-0 (3/16.0/SYS) CPU/0-2 (3/16.0/SYS) NET/0-0 (5/16.0/SYS) NET/0-1 (0/5000.0/LOC) NET/0-2 (5/16.0/SYS) NET/0-3 (5/16.0/SYS) 
nid007973:80840:80840 [4] NCCL INFO NET/2 :GPU/0-c1000 (4/16.0/SYS) GPU/0-c6000 (4/16.0/SYS) GPU/0-c9000 (4/16.0/SYS) GPU/0-ce000 (4/16.0/SYS) GPU/0-d1000 (3/24.0/PHB) GPU/0-d6000 (3/24.0/PHB) GPU/0-d9000 (4/16.0/SYS) GPU/0-de000 (4/16.0/SYS) CPU/0-3 (3/16.0/SYS) CPU/0-1 (3/16.0/SYS) CPU/0-0 (2/24.0/PHB) CPU/0-2 (3/16.0/SYS) NET/0-0 (5/16.0/SYS) NET/0-1 (5/16.0/SYS) NET/0-2 (0/5000.0/LOC) NET/0-3 (5/16.0/SYS) 
nid007973:80840:80840 [4] NCCL INFO NET/3 :GPU/0-c1000 (4/16.0/SYS) GPU/0-c6000 (4/16.0/SYS) GPU/0-c9000 (4/16.0/SYS) GPU/0-ce000 (4/16.0/SYS) GPU/0-d1000 (4/16.0/SYS) GPU/0-d6000 (4/16.0/SYS) GPU/0-d9000 (3/24.0/PHB) GPU/0-de000 (3/24.0/PHB) CPU/0-3 (3/16.0/SYS) CPU/0-1 (3/16.0/SYS) CPU/0-0 (3/16.0/SYS) CPU/0-2 (2/24.0/PHB) NET/0-0 (5/16.0/SYS) NET/0-1 (5/16.0/SYS) NET/0-2 (5/16.0/SYS) NET/0-3 (0/5000.0/LOC) 
nid007973:80840:80840 [4] NCCL INFO Setting affinity for GPU 4 to fefe,00000000,0000fefe
nid007973:80837:80837 [2] NCCL INFO               + XGMI[144.0] - GPU/DE000
nid007973:80837:80837 [2] NCCL INFO               + XGMI[72.0] - GPU/C1000
nid007973:80837:80837 [2] NCCL INFO               + XGMI[36.0] - GPU/D1000
nid007973:80837:80837 [2] NCCL INFO + PCI[24.0] - GPU/0-de000 (7)
nid007973:80837:80837 [2] NCCL INFO               + XGMI[144.0] - GPU/D9000
nid007973:80837:80837 [2] NCCL INFO               + XGMI[36.0] - GPU/CE000
nid007973:80837:80837 [2] NCCL INFO               + XGMI[36.0] - GPU/D6000
nid007973:80837:80837 [2] NCCL INFO + SYS[16.0] - CPU/3
nid007973:80837:80837 [2] NCCL INFO + SYS[16.0] - CPU/1
nid007973:80837:80837 [2] NCCL INFO + SYS[16.0] - CPU/0
nid007973:80837:80837 [2] NCCL INFO ==========================================
nid007973:80837:80837 [2] NCCL INFO GPU/C1000 :GPU/0-c1000 (0/5000.0/LOC) GPU/0-c6000 (1/144.0/XGMI) GPU/0-c9000 (1/36.0/XGMI) GPU/0-ce000 (3/16.0/SYS) GPU/0-d1000 (3/16.0/SYS) GPU/0-d6000 (3/16.0/SYS) GPU/0-d9000 (1/72.0/XGMI) GPU/0-de000 (3/16.0/SYS) CPU/0-3 (1/24.0/PHB) CPU/0-1 (2/16.0/SYS) CPU/0-0 (2/16.0/SYS) CPU/0-2 (2/16.0/SYS) NET/0-0 (3/24.0/PHB) NET/0-1 (4/16.0/SYS) NET/0-2 (4/16.0/SYS) NET/0-3 (4/16.0/SYS) 
nid007973:80837:80837 [2] NCCL INFO GPU/C6000 :GPU/0-c1000 (1/144.0/XGMI) GPU/0-c6000 (0/5000.0/LOC) GPU/0-c9000 (3/16.0/SYS) GPU/0-ce000 (1/36.0/XGMI) GPU/0-d1000 (3/16.0/SYS) GPU/0-d6000 (1/36.0/XGMI) GPU/0-d9000 (3/16.0/SYS) GPU/0-de000 (3/16.0/SYS) CPU/0-3 (1/24.0/PHB) CPU/0-1 (2/16.0/SYS) CPU/0-0 (2/16.0/SYS) CPU/0-2 (2/16.0/SYS) NET/0-0 (3/24.0/PHB) NET/0-1 (4/16.0/SYS) NET/0-2 (4/16.0/SYS) NET/0-3 (4/16.0/SYS) 
nid007973:80837:80837 [2] NCCL INFO GPU/C9000 :GPU/0-c1000 (1/36.0/XGMI) GPU/0-c6000 (3/16.0/SYS) GPU/0-c9000 (0/5000.0/LOC) GPU/0-ce000 (1/144.0/XGMI) GPU/0-d1000 (1/72.0/XGMI) GPU/0-d6000 (3/16.0/SYS) GPU/0-d9000 (3/16.0/SYS) GPU/0-de000 (3/16.0/SYS) CPU/0-3 (2/16.0/SYS) CPU/0-1 (1/24.0/PHB) CPU/0-0 (2/16.0/SYS) CPU/0-2 (2/16.0/SYS) NET/0-0 (4/16.0/SYS) NET/0-1 (3/24.0/PHB) NET/0-2 (4/16.0/SYS) NET/0-3 (4/16.0/SYS) 
nid007973:80837:80837 [2] NCCL INFO GPU/CE000 :GPU/0-c1000 (3/16.0/SYS) GPU/0-c6000 (1/36.0/XGMI) GPU/0-c9000 (1/144.0/XGMI) GPU/0-ce000 (0/5000.0/LOC) GPU/0-d1000 (3/16.0/SYS) GPU/0-d6000 (3/16.0/SYS) GPU/0-d9000 (3/16.0/SYS) GPU/0-de000 (1/36.0/XGMI) CPU/0-3 (2/16.0/SYS) CPU/0-1 (1/24.0/PHB) CPU/0-0 (2/16.0/SYS) CPU/0-2 (2/16.0/SYS) NET/0-0 (4/16.0/SYS) NET/0-1 (3/24.0/PHB) NET/0-2 (4/16.0/SYS) NET/0-3 (4/16.0/SYS) 
nid007973:80837:80837 [2] NCCL INFO GPU/D1000 :GPU/0-c1000 (3/16.0/SYS) GPU/0-c6000 (3/16.0/SYS) GPU/0-c9000 (1/72.0/XGMI) GPU/0-ce000 (3/16.0/SYS) GPU/0-d1000 (0/5000.0/LOC) GPU/0-d6000 (1/144.0/XGMI) GPU/0-d9000 (1/36.0/XGMI) GPU/0-de000 (3/16.0/SYS) CPU/0-3 (2/16.0/SYS) CPU/0-1 (2/16.0/SYS) CPU/0-0 (1/24.0/PHB) CPU/0-2 (2/16.0/SYS) NET/0-0 (4/16.0/SYS) NET/0-1 (4/16.0/SYS) NET/0-2 (3/24.0/PHB) NET/0-3 (4/16.0/SYS) 
nid007973:80837:80837 [2] NCCL INFO GPU/D6000 :GPU/0-c1000 (3/16.0/SYS) GPU/0-c6000 (1/36.0/XGMI) GPU/0-c9000 (3/16.0/SYS) GPU/0-ce000 (3/16.0/SYS) GPU/0-d1000 (1/144.0/XGMI) GPU/0-d6000 (0/5000.0/LOC) GPU/0-d9000 (3/16.0/SYS) GPU/0-de000 (1/36.0/XGMI) CPU/0-3 (2/16.0/SYS) CPU/0-1 (2/16.0/SYS) CPU/0-0 (1/24.0/PHB) CPU/0-2 (2/16.0/SYS) NET/0-0 (4/16.0/SYS) NET/0-1 (4/16.0/SYS) NET/0-2 (3/24.0/PHB) NET/0-3 (4/16.0/SYS) 
nid007973:80837:80837 [2] NCCL INFO GPU/D9000 :GPU/0-c1000 (1/72.0/XGMI) GPU/0-c6000 (3/16.0/SYS) GPU/0-c9000 (3/16.0/SYS) GPU/0-ce000 (3/16.0/SYS) GPU/0-d1000 (1/36.0/XGMI) GPU/0-d6000 (3/16.0/SYS) GPU/0-d9000 (0/5000.0/LOC) GPU/0-de000 (1/144.0/XGMI) CPU/0-3 (2/16.0/SYS) CPU/0-1 (2/16.0/SYS) CPU/0-0 (2/16.0/SYS) CPU/0-2 (1/24.0/PHB) NET/0-0 (4/16.0/SYS) NET/0-1 (4/16.0/SYS) NET/0-2 (4/16.0/SYS) NET/0-3 (3/24.0/PHB) 
nid007973:80837:80837 [2] NCCL INFO GPU/DE000 :GPU/0-c1000 (3/16.0/SYS) GPU/0-c6000 (3/16.0/SYS) GPU/0-c9000 (3/16.0/SYS) GPU/0-ce000 (1/36.0/XGMI) GPU/0-d1000 (3/16.0/SYS) GPU/0-d6000 (1/36.0/XGMI) GPU/0-d9000 (1/144.0/XGMI) GPU/0-de000 (0/5000.0/LOC) CPU/0-3 (2/16.0/SYS) CPU/0-1 (2/16.0/SYS) CPU/0-0 (2/16.0/SYS) CPU/0-2 (1/24.0/PHB) NET/0-0 (4/16.0/SYS) NET/0-1 (4/16.0/SYSU/0-c9000 (3/16.0/SYS) GPU/0-ce000 (3/16.0/SYS) GPU/0-d1000 (1/144.0/XGMI) GPU/0-d6000 (0/5000.0/LOC) GPU/0-d9000 (3/16.0/SYS) GPU/0-de000 (1/36.0/XGMI) CPU/0-3 (2/16.0/SYS) CPU/0-1 (2/16.0/SYS) CPU/0-0 (1/24.0/PHB) CPU/0-2 (2/16.0/SYS) NET/0-0 (4/16.0/SYS) NET/0-1 (4/16.0/SYS) NET/0-2 (3/24.0/PHB) NET/0-3 (4/16.0/SYS) 
nid007973:80841:80841 [3] NCCL INFO GPU/D9000 :GPU/0-c1000 (1/72.0/XGMI) GPU/0-c6000 (3/16.0/SYS) GPU/0-c9000 (3/16.0/SYS) GPU/0-ce000 (3/16.0/SYS) GPU/0-d1000 (1/36.0/XGMI) GPU/0-d6000 (3/16.0/SYS) GPU/0-d9000 (0/5000.0/LOC) GPU/0-de000 (1/144.0/XGMI) CPU/0-3 (2/16.0/SYS) CPU/0-1 (2/16.0/SYS) CPU/0-0 (2/16.0/SYS) CPU/0-2 (1/24.0/PHB) NET/0-0 (4/16.0/SYS) NET/0-1 (4/16.0/SYS) NET/0-2 (4/16.0/SYS) NET/0-3 (3/24.0/PHB) 
nid007973:80841:80841 [3] NCCL INFO GPU/DE000 :GPU/0-c1000 (3/16.0/SYS) GPU/0-c6000 (3/16.0/SYS) GPU/0-c9000 (3/16.0/SYS) GPU/0-ce000 (1/36.0/XGMI) GPU/0-d1000 (3/16.0/SYS) GPU/0-d6000 (1/36.0/XGMI) GPU/0-d9000 (1/144.0/XGMI) GPU/0-de000 (0/5000.0/LOC) CPU/0-3 (2/16.0/SYS) CPU/0-1 (2/16.0/SYS) CPU/0-0 (2/16.0/SYS) CPU/0-2 (1/24.0/PHB) NET/0-0 (4/16.0/SYS) NET/0-1 (4/16.0/SYS) NET/0-2 (4/16.0/SYS) NET/0-3 (3/24.0/PHB) 
nid007973:80841:80841 [3] NCCL INFO NET/0 :GPU/0-c1000 (3/24.0/PHB) GPU/0-c6000 (3/24.0/PHB) GPU/0-c9000 (4/16.0/SYS) GPU/0-ce000 (4/16.0/SYS) GPU/0-d1000 (4/16.0/SYS) GPU/0-d6000 (4/16.0/SYS) GPU/0-d9000 (4/16.0/SYS) GPU/0-de000 (4/16.0/SYS) CPU/0-3 (2/24.0/PHB) CPU/0-1 (3/16.0/SYS) CPU/0-0 (3/16.0/SYS) CPU/0-2 (3/16.0/SYS) NET/0-0 (0/5000.0/LOC) NET/0-1 (5/16.0/SYS) NET/0-2 (5/16.0/SYS) NET/0-3 (5/16.0/SYS) 
nid007973:80841:80841 [3] NCCL INFO NET/1 :GPU/0-c1000 (4/16.0/SYS) GPU/0-c6000 (4/16.0/SYS) GPU/0-c9000 (3/24.0/PHB) GPU/0-ce000 (3/24.0/PHB) GPU/0-d1000 (4/16.0/SYS) GPU/0-d6000 (4/16.0/SYS) GPU/0-d9000 (4/16.0/SYS) GPU/0-de000 (4/16.0/SYS) CPU/0-3 (3/16.0/SYS) CPU/0-1 (2/24.0/PHB) CPU/0-0 (3/16.0/SYS) CPU/0-2 (3/16.0/SYS) NET/0-0 (5/16.0/SYS) NET/0-1 (0/5000.0/LOC) NET/0-2 (5/16.0/SYS) NET/0-3 (5/16.0/SYS) 
nid007973:80841:80841 [3] NCCL INFO NET/2 :GPU/0-c1000 (4/16.0/SYS) GPU/0-c6000 (4/16.0/SYS) GPU/0-c9000 (4/16.0/SYS) GPU/0-ce000 (4/16.0/SYS) GPU/0-d1000 (3/24.0/PHB) GPU/0-d6000 (3/24.0/PHB) GPU/0-d9000 (4/16.0/SYS) GPU/0-de000 (4/16.0/SYS) CPU/0-3 (3/16.0/SYS) CPU/0-1 (3/16.0/SYS) CPU/0-0 (2/24.0/PHB) CPU/0-2 (3/16.0/SYS) NET/0-0 (5/16.0/SYS) NET/0-1 (5/16.0/SYS) NET/0-2 (0/5000.0/LOC) NET/0-3 (5/16.0/SYS) 
nid007973:80841:80841 [3] NCCL INFO NET/3 :GPU/0-c1000 (4/16.0/SYS) GPU/0-c6000 (4/16.0/SYS) GPU/0-c9000 (4/16.0/SYS) GPU/0-ce000 (4/16.0/SYS) GPU/0-d1000 (4/16.0/SYS) GPU/0-d6000 (4/16.0/SYS) GPU/0-d9000 (3/24.0/PHB) GPU/0-de000 (3/24.0/PHB) CPU/0-3 (3/16.0/SYS) CPU/0-1 (3/16.0/SYS) CPU/0-0 (3/16.0/SYS) CPU/0-2 (2/24.0/PHB) NET/0-0 (5/16.0/SYS) NET/0-1 (5/16.0/SYS) NET/0-2 (5/16.0/SYS) NET/0-3 (0/5000.0/LOC) 
) NET/0-2 (4/16.0/SYS) NET/0-3 (3/24.0/PHB) 
nid007973:80837:80837 [2] NCCL INFO NET/0 :GPU/0-c1000 (3/24.0/PHB) GPU/0-c6000 (3/24.0/PHB) GPU/0-c9000 (4/16.0/SYS) GPU/0-ce000 (4/16.0/SYS) GPU/0-d1000 (4/16.0/SYS) GPU/0-d6000 (4/16.0/SYS) GPU/0-d9000 (4/16.0/SYS) GPU/0-de000 (4/16.0/SYS) CPU/0-3 (2/24.0/PHB) CPU/0-1 (3/16.0/SYS) CPU/0-0 (3/16.0/SYS) CPU/0-2 (3/16.0/SYS) NET/0-0 (0/5000.0/LOC) NET/0-1 (5/16.0/SYS) NET/0-2 (5/16.0/SYS) NET/0-3 (5/16.0/SYS) 
nid007973:80837:80837 [2] NCCL INFO NET/1 :GPU/0-c1000 (4/16.0/SYS) GPU/0-c6000 (4/16.0/SYS) GPU/0-c9000 (3/24.0/PHB) GPU/0-ce000 (3/24.0/PHB) GPU/0-d1000 (4/16.0/SYS) GPU/0-d6000 (4/16.0/SYS) GPU/0-d9000 (4/16.0/SYS) GPU/0-de000 (4/16.0/SYS) CPU/0-3 (3/16.0/SYS) CPU/0-1 (2/24.0/PHB) CPU/0-0 (3/16.0/SYS) CPU/0-2 (3/16.0/SYS) NET/0-0 (5/16.0/SYS) NET/0-1 (0/5000.0/LOC) NET/0-2 (5/16.0/SYS) NET/0-3 (5/16.0/SYS) 
nid007973:80837:80837 [2] NCCL INFO NET/2 :GPU/0-c1000 (4/16.0/SYS) GPU/0-c6000 (4/16.0/SYS) GPU/0-c9000 (4/16.0/SYS) GPU/0-ce000 (4/16.0/SYS) GPU/0-d1000 (3/24.0/PHB) GPU/0-d6000 (3/24.0/PHB) GPU/0-d9000 (4/16.0/SYS) GPU/0-de000 (4/16.0/SYS) CPU/0-3 (3/16.0/SYS) CPU/0-1 (3/16.0/SYS) CPU/0-0 (2/24.0/PHB) CPU/0-2 (3/16.0/SYS) NET/0-0 (5/16.0/SYS) NET/0-1 (5/16.0/SYS) NET/0-2 (0/5000.0/LOC) NET/0-3 (5/16.0/SYS) 
nid007973:80837:80837 [2] NCCL INFO NET/3 :GPU/0-c1000 (4/16.0/SYS) GPU/0-c6000 (4/16.0/SYS) GPU/0-c9000 (4/16.0/SYS) GPU/0-ce000 (4/16.0/SYS) GPU/0-d1000 (4/16.0/SYS) GPU/0-d6000 (4/16.0/SYS) GPU/0-d9000 (3/24.0/PHB) GPU/0-de000 (3/24.0/PHB) CPU/0-3 (3/16.0/SYS) CPU/0-1 (3/16.0/SYS) CPU/0-0 (3/16.0/SYS) CPU/0-2 (2/24.0/PHB) NET/0-0 (5/16.0/SYS) NET/0-1 (5/16.0/SYS) NET/0-2 (5/16.0/SYS) NET/0-3 (0/5000.0/LOC) 
nid007973:80839:80839 [7] NCCL INFO Found matching Rome model index 36 with GPU mapping: 0 1 2 3 4 5 6 7 NET mapping: 0 1 2 3 
nid007973:80839:80839 [7] NCCL INFO Pattern 4, crossNic 0, nChannels 8, bw 31.500000/31.500000, type XGMI/PIX, sameChannels 1
nid007973:80839:80839 [7] NCCL INFO  0 : NET/0 GPU/0 GPU/1 GPU/5 GPU/4 GPU/6 GPU/7 GPU/3 GPU/2 NET/1
nid007973:80839:80839 [7] NCCL INFO  1 : NET/1 GPU/2 GPU/3 GPU/7 GPU/6 GPU/4 GPU/5 GPU/1 GPU/0 NET/0
nid007973:80839:80839 [7] NCCL INFO  2 : NET/3 GPU/7 GPU/6 GPU/0 GPU/1 GPU/3 GPU/2 GPU/4 GPU/5 NET/2
nid007973:80839:80839 [7] NCCL INFO  3 : NET/2 GPU/5 GPU/4 GPU/2 GPU/3 GPU/1 GPU/0 GPU/6 GPU/7 NET/3
nid007973:80839:80839 [7] NCCL INFO  4 : NET/0 GPU/0 GPU/1 GPU/5 GPU/4 GPU/6 GPU/7 GPU/3 GPU/2 NET/1
nid007973:80839:80839 [7] NCCL INFO  5 : NET/1 GPU/2 GPU/3 GPU/7 GPU/6 GPU/4 GPU/5 GPU/1 GPU/0 NET/0
nid007973:80839:80839 [7] NCCL INFO  6 : NET/3 GPU/7 GPU/6 GPU/0 GPU/1 GPU/3 GPU/2 GPU/4 GPU/5 NET/2
nid007973:80839:80839 [7] NCCL INFO  7 : NET/2 GPU/5 GPU/4 GPU/2 GPU/3 GPU/1 GPU/0 GPU/6 GPU/7 NET/3
nid007973:80838:80838 [5] NCCL INFO Found matching Rome model index 36 with GPU mapping: 0 1 2 3 4 5 6 7 NET mapping: 0 1 2 3 
nid007973:80838:80838 [5] NCCL INFO Pattern 4, crossNic 0, nChannels 8, bw 31.500000/31.500000, type XGMI/PIX, sameChannels 1
nid007973:80838:80838 [5] NCCL INFO  0 : NET/0 GPU/0 GPU/1 GPU/5 GPU/4 GPU/6 GPU/7 GPU/3 GPU/2 NET/1
nid007973:80838:80838 [5] NCCL INFO  1 : NET/1 GPU/2 GPU/3 GPU/7 GPU/6 GPU/4 GPU/5 GPU/1 GPU/0 NET/0
nid007973:80838:80838 [5] NCCL INFO  2 : NET/3 GPU/7 GPU/6 GPU/0 GPU/1 GPU/3 GPU/2 GPU/4 GPU/5 NET/2
nid007973:80838:80838 [5] NCCL INFO  3 : NET/2 GPU/5 GPU/4 GPU/2 GPU/3 GPU/1 GPU/0 GPU/6 GPU/7 NET/3
nid007973:80838:80838 [5] NCCL INFO  4 : NET/0 GPU/0 GPU/1 GPU/5 GPU/4 GPU/6 GPU/7 GPU/3 GPU/2 NET/1
nid007973:80835:80835 [0] NCCL INFO Found matching Rome model index 36 with GPU mapping: 0 1 2 3 4 5 6 7 NET mapping: 0 1 2 3 
nid007973:80835:80835 [0] NCCL INFO Pattern 4, crossNic 0, nChannels 8, bw 31.500000/31.500000, type XGMI/PIX, sameChannels 1
nid007973:80835:80835 [0] NCCL INFO  0 : NET/0 GPU/0 GPU/1 GPU/5 GPU/4 GPU/6 GPU/7 GPU/3 GPU/2 NET/1
nid007973:80838:80838 [5] NCCL INFO  5 : NET/1 GPU/2 GPU/3 GPU/7 GPU/6 GPU/4 GPU/5 GPU/1 GPU/0 NET/0
nid007973:80838:80838 [5] NCCL INFO  6 : NET/3 GPU/7 GPU/6 GPU/0 GPU/1 GPU/3 GPU/2 GPU/4 GPU/5 NET/2
nid007973:80838:80838 [5] NCCL INFO  7 : NET/2 GPU/5 GPU/4 GPU/2 GPU/3 GPU/1 GPU/0 GPU/6 GPU/7 NET/3
nid007973:80842:80842 [6] NCCL INFO Found matching Rome model index 36 with GPU mapping: 0 1 2 3 4 5 6 7 NET mapping: 0 1 2 3 
nid007973:80842:80842 [6] NCCL INFO Pattern 4, crossNic 0, nChannels 8, bw 31.500000/31.500000, type XGMI/PIX, sameChannels 1
nid007973:80842:80842 [6] NCCL INFO  0 : NET/0 GPU/0 GPU/1 GPU/5 GPU/4 GPU/6 GPU/7 GPU/3 GPU/2 NET/1
nid007973:80842:80842 [6] NCCL INFO  1 : NET/1 GPU/2 GPU/3 GPU/7 GPU/6 GPU/4 GPU/5 GPU/1 GPU/0 NET/0
nid007973:80842:80842 [6] NCCL INFO  2 : NET/3 GPU/7 GPU/6 GPU/0 GPU/1 GPU/3 GPU/2 GPU/4 GPU/5 NET/2
nid007973:80842:80842 [6] NCCL INFO  3 : NET/2 GPU/5 GPU/4 GPU/2 GPU/3 GPU/1 GPU/0 GPU/6 GPU/7 NET/3
nid007973:80842:80842 [6] NCCL INFO  4 : NET/0 GPU/0 GPU/1 GPU/5 GPU/4 GPU/6 GPU/7 GPU/3 GPU/2 NET/1
nid007973:80842:80842 [6] NCCL INFO  5 : NET/1 GPU/2 GPU/3 GPU/7 GPU/6 GPU/4 GPU/5 GPU/1 GPU/0 NET/0
nid007973:80842:80842 [6] NCCL INFO  6 : NET/3 GPU/7 GPU/6 GPU/0 GPU/1 GPU/3 GPU/2 GPU/4 GPU/5 NET/2
nid007973:80842:80842 [6] NCCL INFO  7 : NET/2 GPU/5 GPU/4 GPU/2 GPU/3 GPU/1 GPU/0 GPU/6 GPU/7 NET/3
nid007973:80836:80836 [1] NCCL INFO Found matching Rome model index 36 with GPU mapping: 0 1 2 3 4 5 6 7 NET mapping: 0 1 2 3 
nid007973:80836:80836 [1] NCCL INFO Pattern 4, crossNic 0, nChannels 8, bw 31.500000/31.500000, type XGMI/PIX, sameChannels 1
nid007973:80836:80836 [1] NCCL INFO  0 : NET/0 GPU/0 GPU/1 GPU/5 GPU/4 GPU/6 GPU/7 GPU/3 GPU/2 NET/1
nid007973:80836:80836 [1] NCCL INFO  1 : NET/1 GPU/2 GPU/3 GPU/7 GPU/6 GPU/4 GPU/5 GPU/1 GPU/0 NET/0
nid007973:80836:80836 [1] NCCL INFO  2 : NET/3 GPU/7 GPU/6 GPU/0 GPU/1 GPU/3 GPU/2 GPU/4 GPU/5 NET/2
nid007973:80836:80836 [1] NCCL INFO  3 : NET/2 GPU/5 GPU/4 GPU/2 GPU/3 GPU/1 GPU/0 GPU/6 GPU/7 NET/3
nid007973:80836:80836 [1] NCCL INFO  4 : NET/0 GPU/0 GPU/1 GPU/5 GPU/4 GPU/6 GPU/7 GPU/3 GPU/2 NET/1
nid007973:80836:80836 [1] NCCL INFO  5 : NET/1 GPU/2 GPU/3 GPU/7 GPU/6 GPU/4 GPU/5 GPU/1 GPU/0 NET/0
nid007973:80836:80836 [1] NCCL INFO  6 : NET/3 GPU/7 GPU/6 GPU/0 GPU/1 GPU/3 GPU/2 GPU/4 GPU/5 NET/2
nid007973:80836:80836 [1] NCCL INFO  7 : NET/2 GPU/5 GPU/4 GPU/2 GPU/3 GPU/1 GPU/0 GPU/6 GPU/7 NET/3
nid007973:80835:80835 [0] NCCL INFO  1 : NET/1 GPU/2 GPU/3 GPU/7 GPU/6 GPU/4 GPU/5 GPU/1 GPU/0 NET/0
nid007973:80835:80835 [0] NCCL INFO  2 : NET/3 GPU/7 GPU/6 GPU/0 GPU/1 GPU/3 GPU/2 GPU/4 GPU/5 NET/2
nid007973:80835:80835 [0] NCCL INFO  3 : NET/2 GPU/5 GPU/4 GPU/2 GPU/3 GPU/1 GPU/0 GPU/6 GPU/7 NET/3
nid007973:80835:80835 [0] NCCL INFO  4 : NET/0 GPU/0 GPU/1 GPU/5 GPU/4 GPU/6 GPU/7 GPU/3 GPU/2 NET/1
nid007973:80835:80835 [0] NCCL INFO  5 : NET/1 GPU/2 GPU/3 GPU/7 GPU/6 GPU/4 GPU/5 GPU/1 GPU/0 NET/0
nid007973:80835:80835 [0] NCCL INFO  6 : NET/3 GPU/7 GPU/6 GPU/0 GPU/1 GPU/3 GPU/2 GPU/4 GPU/5 NET/2
nid007973:80835:80835 [0] NCCL INFO  7 : NET/2 GPU/5 GPU/4 GPU/2 GPU/3 GPU/1 GPU/0 GPU/6 GPU/7 NET/3
nid007973:80840:80840 [4] NCCL INFO Found matching Rome model index 36 with GPU mapping: 0 1 2 3 4 5 6 7 NET mapping: 0 1 2 3 
nid007973:80840:80840 [4] NCCL INFO Pattern 4, crossNic 0, nChannels 8, bw 31.500000/31.500000, type XGMI/PIX, sameChannels 1
nid007973:80840:80840 [4] NCCL INFO  0 : NET/0 GPU/0 GPU/1 GPU/5 GPU/4 GPU/6 GPU/7 GPU/3 GPU/2 NET/1
nid007973:80840:80840 [4] NCCL INFO  1 : NET/1 GPU/2 GPU/3 GPU/7 GPU/6 GPU/4 GPU/5 GPU/1 GPU/0 NET/0
nid007973:80840:80840 [4] NCCL INFO  2 : NET/3 GPU/7 GPU/6 GPU/0 GPU/1 GPU/3 GPU/2 GPU/4 GPU/5 NET/2
nid007973:80840:80840 [4] NCCL INFO  3 : NET/2 GPU/5 GPU/4 GPU/2 GPU/3 GPU/1 GPU/0 GPU/6 GPU/7 NET/3
nid007973:80840:80840 [4] NCCL INFO  4 : NET/0 GPU/0 GPU/1 GPU/5 GPU/4 GPU/6 GPU/7 GPU/3 GPU/2 NET/1
nid007973:80840:80840 [4] NCCL INFO  5 : NET/1 GPU/2 GPU/3 GPU/7 GPU/6 GPU/4 GPU/5 GPU/1 GPU/0 NET/0
nid007973:80840:80840 [4] NCCL INFO  6 : NET/3 GPU/7 GPU/6 GPU/0 GPU/1 GPU/3 GPU/2 GPU/4 GPU/5 NET/2
nid007973:80840:80840 [4] NCCL INFO  7 : NET/2 GPU/5 GPU/4 GPU/2 GPU/3 GPU/1 GPU/0 GPU/6 GPU/7 NET/3
nid007973:80841:80841 [3] NCCL INFO Found matching Rome model index 36 with GPU mapping: 0 1 2 3 4 5 6 7 NET mapping: 0 1 2 3 
nid007973:80841:80841 [3] NCCL INFO Pattern 4, crossNic 0, nChannels 8, bw 31.500000/31.500000, type XGMI/PIX, sameChannels 1
nid007973:80841:80841 [3] NCCL INFO  0 : NET/0 GPU/0 GPU/1 GPU/5 GPU/4 GPU/6 GPU/7 GPU/3 GPU/2 NET/1
nid007973:80841:80841 [3] NCCL INFO  1 : NET/1 GPU/2 GPU/3 GPU/7 GPU/6 GPU/4 GPU/5 GPU/1 GPU/0 NET/0
nid007973:80841:80841 [3] NCCL INFO  2 : NET/3 GPU/7 GPU/6 GPU/0 GPU/1 GPU/3 GPU/2 GPU/4 GPU/5 NET/2
nid007973:80841:80841 [3] NCCL INFO  3 : NET/2 GPU/5 GPU/4 GPU/2 GPU/3 GPU/1 GPU/0 GPU/6 GPU/7 NET/3
nid007973:80841:80841 [3] NCCL INFO  4 : NET/0 GPU/0 GPU/1 GPU/5 GPU/4 GPU/6 GPU/7 GPU/3 GPU/2 NET/1
nid007973:80841:80841 [3] NCCL INFO  5 : NET/1 GPU/2 GPU/3 GPU/7 GPU/6 GPU/4 GPU/5 GPU/1 GPU/0 NET/0
nid007973:80841:80841 [3] NCCL INFO  6 : NET/3 GPU/7 GPU/6 GPU/0 GPU/1 GPU/3 GPU/2 GPU/4 GPU/5 NET/2
nid007973:80841:80841 [3] NCCL INFO  7 : NET/2 GPU/5 GPU/4 GPU/2 GPU/3 GPU/1 GPU/0 GPU/6 GPU/7 NET/3
nid007973:80837:80837 [2] NCCL INFO Found matching Rome model index 36 with GPU mapping: 0 1 2 3 4 5 6 7 NET mapping: 0 1 2 3 
nid007973:80837:80837 [2] NCCL INFO Pattern 4, crossNic 0, nChannels 8, bw 31.500000/31.500000, type XGMI/PIX, sameChannels 1
nid007973:80837:80837 [2] NCCL INFO  0 : NET/0 GPU/0 GPU/1 GPU/5 GPU/4 GPU/6 GPU/7 GPU/3 GPU/2 NET/1
nid007973:80837:80837 [2] NCCL INFO  1 : NET/1 GPU/2 GPU/3 GPU/7 GPU/6 GPU/4 GPU/5 GPU/1 GPU/0 NET/0
nid007973:80837:80837 [2] NCCL INFO  2 : NET/3 GPU/7 GPU/6 GPU/0 GPU/1 GPU/3 GPU/2 GPU/4 GPU/5 NET/2
nid007973:80837:80837 [2] NCCL INFO  3 : NET/2 GPU/5 GPU/4 GPU/2 GPU/3 GPU/1 GPU/0 GPU/6 GPU/7 NET/3
nid007973:80837:80837 [2] NCCL INFO  4 : NET/0 GPU/0 GPU/1 GPU/5 GPU/4 GPU/6 GPU/7 GPU/3 GPU/2 NET/1
nid007973:80837:80837 [2] NCCL INFO  5 : NET/1 GPU/2 GPU/3 GPU/7 GPU/6 GPU/4 GPU/5 GPU/1 GPU/0 NET/0
nid007973:80837:80837 [2] NCCL INFO  6 : NET/3 GPU/7 GPU/6 GPU/0 GPU/1 GPU/3 GPU/2 GPU/4 GPU/5 NET/2
nid007973:80837:80837 [2] NCCL INFO  7 : NET/2 GPU/5 GPU/4 GPU/2 GPU/3 GPU/1 GPU/0 GPU/6 GPU/7 NET/3
nid007973:80839:80839 [7] NCCL INFO Found matching Rome model index 36 with GPU mapping: 0 1 2 3 4 5 6 7 NET mapping: 0 1 2 3 
nid007973:80839:80839 [7] NCCL INFO Pattern 1, crossNic 0, nChannels 8, bw 31.500000/31.500000, type XGMI/PIX, sameChannels 1
nid007973:80839:80839 [7] NCCL INFO  0 : NET/0 GPU/0 GPU/1 GPU/5 GPU/4 GPU/6 GPU/7 GPU/3 GPU/2 NET/1
nid007973:80839:80839 [7] NCCL INFO  1 : NET/1 GPU/2 GPU/3 GPU/7 GPU/6 GPU/4 GPU/5 GPU/1 GPU/0 NET/0
nid007973:80839:80839 [7] NCCL INFO  2 : NET/3 GPU/7 GPU/6 GPU/0 GPU/1 GPU/3 GPU/2 GPU/4 GPU/5 NET/2
nid007973:80839:80839 [7] NCCL INFO  3 : NET/2 GPU/5 GPU/4 GPU/2 GPU/3 GPU/1 GPU/0 GPU/6 GPU/7 NET/3
nid007973:80839:80839 [7] NCCL INFO  4 : NET/0 GPU/0 GPU/1 GPU/5 GPU/4 GPU/6 GPU/7 GPU/3 GPU/2 NET/1
nid007973:80839:80839 [7] NCCL INFO  5 : NET/1 GPU/2 GPU/3 GPU/7 GPU/6 GPU/4 GPU/5 GPU/1 GPU/0 NET/0
nid007973:80839:80839 [7] NCCL INFO  6 : NET/3 GPU/7 GPU/6 GPU/0 GPU/1 GPU/3 GPU/2 GPU/4 GPU/5 NET/2
nid007973:80839:80839 [7] NCCL INFO  7 : NET/2 GPU/5 GPU/4 GPU/2 GPU/3 GPU/1 GPU/0 GPU/6 GPU/7 NET/3
nid007973:80838:80838 [5] NCCL INFO Found matching Rome model index 36 with GPU mapping: 0 1 2 3 4 5 6 7 NET mapping: 0 1 2 3 
nid007973:80838:80838 [5] NCCL INFO Pattern 1, crossNic 0, nChannels 8, bw 31.500000/31.500000, type XGMI/PIX, sameChannels 1
nid007973:80838:80838 [5] NCCL INFO  0 : NET/0 GPU/0 GPU/1 GPU/5 GPU/4 GPU/6 GPU/7 GPU/3 GPU/2 NET/1
nid007973:80838:80838 [5] NCCL INFO  1 : NET/1 GPU/2 GPU/3 GPU/7 GPU/6 GPU/4 GPU/5 GPU/1 GPU/0 NET/0
nid007973:80838:80838 [5] NCCL INFO  2 : NET/3 GPU/7 GPU/6 GPU/0 GPU/1 GPU/3 GPU/2 GPU/4 GPU/5 NET/2
nid007973:80838:80838 [5] NCCL INFO  3 : NET/2 GPU/5 GPU/4 GPU/2 GPU/3 GPU/1 GPU/0 GPU/6 GPU/7 NET/3
nid007973:80838:80838 [5] NCCL INFO  4 : NET/0 GPU/0 GPU/1 GPU/5 GPU/4 GPU/6 GPU/7 GPU/3 GPU/2 NET/1
nid007973:80838:80838 [5] NCCL INFO  5 : NET/1 GPU/2 GPU/3 GPU/7 GPU/6 GPU/4 GPU/5 GPU/1 GPU/0 NET/0
nid007973:80838:80838 [5] NCCL INFO  6 : NET/3 GPU/7 GPU/6 GPU/0 GPU/1 GPU/3 GPU/2 GPU/4 GPU/5 NET/2
nid007973:80838:80838 [5] NCCL INFO  7 : NET/2 GPU/5 GPU/4 GPU/2 GPU/3 GPU/1 GPU/0 GPU/6 GPU/7 NET/3
nid007973:80836:80836 [1] NCCL INFO Found matching Rome model index 36 with GPU mapping: 0 1 2 3 4 5 6 7 NET mapping: 0 1 2 3 
nid007973:80836:80836 [1] NCCL INFO Pattern 1, crossNic 0, nChannels 8, bw 31.500000/31.500000, type XGMI/PIX, sameChannels 1
nid007973:80836:80836 [1] NCCL INFO  0 : NET/0 GPU/0 GPU/1 GPU/5 GPU/4 GPU/6 GPU/7 GPU/3 GPU/2 NET/1
nid007973:80836:80836 [1] NCCL INFO  1 : NET/1 GPU/2 GPU/3 GPU/7 GPU/6 GPU/4 GPU/5 GPU/1 GPU/0 NET/0
nid007973:80836:80836 [1] NCCL INFO  2 : NET/3 GPU/7 GPU/6 GPU/0 GPU/1 GPU/3 GPU/2 GPU/4 GPU/5 NET/2
nid007973:80836:80836 [1] NCCL INFO  3 : NET/2 GPU/5 GPU/4 GPU/2 GPU/3 GPU/1 GPU/0 GPU/6 GPU/7 NET/3
nid007973:80836:80836 [1] NCCL INFO  4 : NET/0 GPU/0 GPU/1 GPU/5 GPU/4 GPU/6 GPU/7 GPU/3 GPU/2 NET/1
nid007973:80836:80836 [1] NCCL INFO  5 : NET/1 GPU/2 GPU/3 GPU/7 GPU/6 GPU/4 GPU/5 GPU/1 GPU/0 NET/0
nid007973:80836:80836 [1] NCCL INFO  6 : NET/3 GPU/7 GPU/6 GPU/0 GPU/1 GPU/3 GPU/2 GPU/4 GPU/5 NET/2
nid007973:80836:80836 [1] NCCL INFO  7 : NET/2 GPU/5 GPU/4 GPU/2 GPU/3 GPU/1 GPU/0 GPU/6 GPU/7 NET/3
nid007973:80835:80835 [0] NCCL INFO Found matching Rome model index 36 with GPU mapping: 0 1 2 3 4 5 6 7 NET mapping: 0 1 2 3 
nid007973:80835:80835 [0] NCCL INFO Pattern 1, crossNic 0, nChannels 8, bw 31.500000/31.500000, type XGMI/PIX, sameChannels 1
nid007973:80835:80835 [0] NCCL INFO  0 : NET/0 GPU/0 GPU/1 GPU/5 GPU/4 GPU/6 GPU/7 GPU/3 GPU/2 NET/1
nid007973:80835:80835 [0] NCCL INFO  1 : NET/1 GPU/2 GPU/3 GPU/7 GPU/6 GPU/4 GPU/5 GPU/1 GPU/0 NET/0
nid007973:80835:80835 [0] NCCL INFO  2 : NET/3 GPU/7 GPU/6 GPU/0 GPU/1 GPU/3 GPU/2 GPU/4 GPU/5 NET/2
nid007973:80835:80835 [0] NCCL INFO  3 : NET/2 GPU/5 GPU/4 GPU/2 GPU/3 GPU/1 GPU/0 GPU/6 GPU/7 NET/3
nid007973:80835:80835 [0] NCCL INFO  4 : NET/0 GPU/0 GPU/1 GPU/5 GPU/4 GPU/6 GPU/7 GPU/3 GPU/2 NET/1
nid007973:80835:80835 [0] NCCL INFO  5 : NET/1 GPU/2 GPU/3 GPU/7 GPU/6 GPU/4 GPU/5 GPU/1 GPU/0 NET/0
nid007973:80835:80835 [0] NCCL INFO  6 : NET/3 GPU/7 GPU/6 GPU/0 GPU/1 GPU/3 GPU/2 GPU/4 GPU/5 NET/2
nid007973:80835:80835 [0] NCCL INFO  7 : NET/2 GPU/5 GPU/4 GPU/2 GPU/3 GPU/1 GPU/0 GPU/6 GPU/7 NET/3
nid007973:80840:80840 [4] NCCL INFO Found matching Rome model index 36 with GPU mapping: 0 1 2 3 4 5 6 7 NET mapping: 0 1 2 3 
nid007973:80840:80840 [4] NCCL INFO Pattern 1, crossNic 0, nChannels 8, bw 31.500000/31.500000, type XGMI/PIX, sameChannels 1
nid007973:80840:80840 [4] NCCL INFO  0 : NET/0 GPU/0 GPU/1 GPU/5 GPU/4 GPU/6 GPU/7 GPU/3 GPU/2 NET/1
nid007973:80840:80840 [4] NCCL INFO  1 : NET/1 GPU/2 GPU/3 GPU/7 GPU/6 GPU/4 GPU/5 GPU/1 GPU/0 NET/0
nid007973:80840:80840 [4] NCCL INFO  2 : NET/3 GPU/7 GPU/6 GPU/0 GPU/1 GPU/3 GPU/2 GPU/4 GPU/5 NET/2
nid007973:80840:80840 [4] NCCL INFO  3 : NET/2 GPU/5 GPU/4 GPU/2 GPU/3 GPU/1 GPU/0 GPU/6 GPU/7 NET/3
nid007973:80840:80840 [4] NCCL INFO  4 : NET/0 GPU/0 GPU/1 GPU/5 GPU/4 GPU/6 GPU/7 GPU/3 GPU/2 NET/1
nid007973:80840:80840 [4] NCCL INFO  5 : NET/1 GPU/2 GPU/3 GPU/7 GPU/6 GPU/4 GPU/5 GPU/1 GPU/0 NET/0
nid007973:80840:80840 [4] NCCL INFO  6 : NET/3 GPU/7 GPU/6 GPU/0 GPU/1 GPU/3 GPU/2 GPU/4 GPU/5 NET/2
nid007973:80840:80840 [4] NCCL INFO  7 : NET/2 GPU/5 GPU/4 GPU/2 GPU/3 GPU/1 GPU/0 GPU/6 GPU/7 NET/3
nid007973:80842:80842 [6] NCCL INFO Found matching Rome model index 36 with GPU mapping: 0 1 2 3 4 5 6 7 NET mapping: 0 1 2 3 
nid007973:80842:80842 [6] NCCL INFO Pattern 1, crossNic 0, nChannels 8, bw 31.500000/31.500000, type XGMI/PIX, sameChannels 1
nid007973:80842:80842 [6] NCCL INFO  0 : NET/0 GPU/0 GPU/1 GPU/5 GPU/4 GPU/6 GPU/7 GPU/3 GPU/2 NET/1
nid007973:80842:80842 [6] NCCL INFO  1 : NET/1 GPU/2 GPU/3 GPU/7 GPU/6 GPU/4 GPU/5 GPU/1 GPU/0 NET/0
nid007973:80842:80842 [6] NCCL INFO  2 : NET/3 GPU/7 GPU/6 GPU/0 GPU/1 GPU/3 GPU/2 GPU/4 GPU/5 NET/2
nid007973:80842:80842 [6] NCCL INFO  3 : NET/2 GPU/5 GPU/4 GPU/2 GPU/3 GPU/1 GPU/0 GPU/6 GPU/7 NET/3
nid007973:80842:80842 [6] NCCL INFO  4 : NET/0 GPU/0 GPU/1 GPU/5 GPU/4 GPU/6 GPU/7 GPU/3 GPU/2 NET/1
nid007973:80842:80842 [6] NCCL INFO  5 : NET/1 GPU/2 GPU/3 GPU/7 GPU/6 GPU/4 GPU/5 GPU/1 GPU/0 NET/0
nid007973:80842:80842 [6] NCCL INFO  6 : NET/3 GPU/7 GPU/6 GPU/0 GPU/1 GPU/3 GPU/2 GPU/4 GPU/5 NET/2
nid007973:80842:80842 [6] NCCL INFO  7 : NET/2 GPU/5 GPU/4 GPU/2 GPU/3 GPU/1 GPU/0 GPU/6 GPU/7 NET/3
nid007973:80841:80841 [3] NCCL INFO Found matching Rome model index 36 with GPU mapping: 0 1 2 3 4 5 6 7 NET mapping: 0 1 2 3 
nid007973:80841:80841 [3] NCCL INFO Pattern 1, crossNic 0, nChannels 8, bw 31.500000/31.500000, type XGMI/PIX, sameChannels 1
nid007973:80841:80841 [3] NCCL INFO  0 : NET/0 GPU/0 GPU/1 GPU/5 GPU/4 GPU/6 GPU/7 GPU/3 GPU/2 NET/1
nid007973:80841:80841 [3] NCCL INFO  1 : NET/1 GPU/2 GPU/3 GPU/7 GPU/6 GPU/4 GPU/5 GPU/1 GPU/0 NET/0
nid007973:80841:80841 [3] NCCL INFO  2 : NET/3 GPU/7 GPU/6 GPU/0 GPU/1 GPU/3 GPU/2 GPU/4 GPU/5 NET/2
nid007973:80841:80841 [3] NCCL INFO  3 : NET/2 GPU/5 GPU/4 GPU/2 GPU/3 GPU/1 GPU/0 GPU/6 GPU/7 NET/3
nid007973:80841:80841 [3] NCCL INFO  4 : NET/0 GPU/0 GPU/1 GPU/5 GPU/4 GPU/6 GPU/7 GPU/3 GPU/2 NET/1
nid007973:80841:80841 [3] NCCL INFO  5 : NET/1 GPU/2 GPU/3 GPU/7 GPU/6 GPU/4 GPU/5 GPU/1 GPU/0 NET/0
nid007973:80841:80841 [3] NCCL INFO  6 : NET/3 GPU/7 GPU/6 GPU/0 GPU/1 GPU/3 GPU/2 GPU/4 GPU/5 NET/2
nid007973:80841:80841 [3] NCCL INFO  7 : NET/2 GPU/5 GPU/4 GPU/2 GPU/3 GPU/1 GPU/0 GPU/6 GPU/7 NET/3
nid007973:80837:80837 [2] NCCL INFO Found matching Rome model index 36 with GPU mapping: 0 1 2 3 4 5 6 7 NET mapping: 0 1 2 3 
nid007973:80837:80837 [2] NCCL INFO Pattern 1, crossNic 0, nChannels 8, bw 31.500000/31.500000, type XGMI/PIX, sameChannels 1
nid007973:80837:80837 [2] NCCL INFO  0 : NET/0 GPU/0 GPU/1 GPU/5 GPU/4 GPU/6 GPU/7 GPU/3 GPU/2 NET/1
nid007973:80837:80837 [2] NCCL INFO  1 : NET/1 GPU/2 GPU/3 GPU/7 GPU/6 GPU/4 GPU/5 GPU/1 GPU/0 NET/0
nid007973:80837:80837 [2] NCCL INFO  2 : NET/3 GPU/7 GPU/6 GPU/0 GPU/1 GPU/3 GPU/2 GPU/4 GPU/5 NET/2
nid007973:80837:80837 [2] NCCL INFO  3 : NET/2 GPU/5 GPU/4 GPU/2 GPU/3 GPU/1 GPU/0 GPU/6 GPU/7 NET/3
nid007973:80837:80837 [2] NCCL INFO  4 : NET/0 GPU/0 GPU/1 GPU/5 GPU/4 GPU/6 GPU/7 GPU/3 GPU/2 NET/1
nid007973:80837:80837 [2] NCCL INFO  5 : NET/1 GPU/2 GPU/3 GPU/7 GPU/6 GPU/4 GPU/5 GPU/1 GPU/0 NET/0
nid007973:80837:80837 [2] NCCL INFO  6 : NET/3 GPU/7 GPU/6 GPU/0 GPU/1 GPU/3 GPU/2 GPU/4 GPU/5 NET/2
nid007973:80837:80837 [2] NCCL INFO  7 : NET/2 GPU/5 GPU/4 GPU/2 GPU/3 GPU/1 GPU/0 GPU/6 GPU/7 NET/3
nid007973:80841:80841 [3] NCCL INFO comm 0x55b76fa8e080 rank 3 nRanks 16 nNodes 2 localRanks 8 localRank 3 MNNVL 0
nid007973:80841:80841 [3] NCCL INFO Tree 1 : 2 -> 3 -> 7/-1/-1
nid007973:80841:80841 [3] NCCL INFO Tree 9 : 2 -> 3 -> 7/-1/-1
nid007973:80841:80841 [3] NCCL INFO Tree 5 : 2 -> 3 -> 7/-1/-1
nid007973:80841:80841 [3] NCCL INFO Tree 13 : 2 -> 3 -> 7/-1/-1
nid007973:80838:80838 [5] NCCL INFO comm 0x55bce1c66710 rank 5 nRanks 16 nNodes 2 localRanks 8 localRank 5 MNNVL 0
nid007973:80838:80838 [5] NCCL INFO Tree 3 : -1 -> 5 -> 4/13/-1
nid007973:80838:80838 [5] NCCL INFO Tree 11 : 13 -> 5 -> 4/-1/-1
nid007973:80838:80838 [5] NCCL INFO Tree 7 : -1 -> 5 -> 4/13/-1
nid007973:80838:80838 [5] NCCL INFO Tree 15 : 13 -> 5 -> 4/-1/-1
nid007973:80839:80839 [7] NCCL INFO comm 0x55989727ef10 rank 7 nRanks 16 nNodes 2 localRanks 8 localRank 7 MNNVL 0
nid007973:80839:80839 [7] NCCL INFO Tree 2 : -1 -> 7 -> 6/15/-1
nid007973:80839:80839 [7] NCCL INFO Tree 10 : 15 -> 7 -> 6/-1/-1
nid007973:80839:80839 [7] NCCL INFO Tree 6 : -1 -> 7 -> 6/15/-1
nid007973:80839:80839 [7] NCCL INFO Tree 14 : 15 -> 7 -> 6/-1/-1
nid007973:80839:80839 [7] NCCL INFO Ring 0 : 6 -> 7 -> 3 comm 0x55989727ef10 nRanks 16 busId de000
nid007973:80839:80839 [7] NCCL INFO Ring 1 : 3 -> 7 -> 6 comm 0x55989727ef10 nRanks 16 busId de000
nid007973:80839:80839 [7] NCCL INFO Ring 2 : 15 -> 7 -> 6 comm 0x55989727ef10 nRanks 16 busId de000
nid007973:80839:80839 [7] NCCL INFO Ring 3 : 6 -> 7 -> 15 comm 0x55989727ef10 nRanks 16 busId de000
nid007973:80839:80839 [7] NCCL INFO Ring 4 : 6 -> 7 -> 3 comm 0x55989727ef10 nRanks 16 busId de000
nid007973:80839:80839 [7] NCCL INFO Ring 5 : 3 -> 7 -> 6 comm 0x55989727ef10 nRanks 16 busId de000
nid007973:80839:80839 [7] NCCL INFO Ring 6 : 15 -> 7 -> 6 comm 0x55989727ef10 nRanks 16 busId de000
nid007973:80839:80839 [7] NCCL INFO Ring 7 : 6 -> 7 -> 15 comm 0x55989727ef10 nRanks 16 busId de000
nid007973:80839:80839 [7] NCCL INFO Ring 8 : 6 -> 7 -> 3 comm 0x55989727ef10 nRanks 16 busId de000
nid007973:80839:80839 [7] NCCL INFO Ring 9 : 3 -> 7 -> 6 comm 0x55989727ef10 nRanks 16 busId de000
nid007973:80840:80840 [4] NCCL INFO comm 0x55a24b51bc60 rank 4 nRanks 16 nNodes 2 localRanks 8 localRank 4 MNNVL 0
nid007973:80840:80840 [4] NCCL INFO Tree 3 : 5 -> 4 -> 2/-1/-1
nid007973:80840:80840 [4] NCCL INFO Tree 11 : 5 -> 4 -> 2/-1/-1
nid007973:80840:80840 [4] NCCL INFO Tree 7 : 5 -> 4 -> 2/-1/-1
nid007973:80840:80840 [4] NCCL INFO Tree 15 : 5 -> 4 -> 2/-1/-1
nid007973:80840:80840 [4] NCCL INFO Ring 0 : 5 -> 4 -> 6 comm 0x55a24b51bc60 nRanks 16 busId d1000
nid007973:80840:80840 [4] NCCL INFO Ring 1 : 6 -> 4 -> 5 comm 0x55a24b51bc60 nRanks 16 busId d1000
nid007973:80840:80840 [4] NCCL INFO Ring 2 : 2 -> 4 -> 5 comm 0x55a24b51bc60 nRanks 16 busId d1000
nid007973:80840:80840 [4] NCCL INFO Ring 3 : 5 -> 4 -> 2 comm 0x55a24b51bc60 nRanks 16 busId d1000
nid007973:80840:80840 [4] NCCL INFO Ring 4 : 5 -> 4 -> 6 comm 0x55a24b51bc60 nRanks 16 busId d1000
nid007973:80840:80840 [4] NCCL INFO Ring 5 : 6 -> 4 -> 5 comm 0x55a24b51bc60 nRanks 16 busId d1000
nid007973:80840:80840 [4] NCCL INFO Ring 6 : 2 -> 4 -> 5 comm 0x55a24b51bc60 nRanks 16 busId d1000
nid007973:80840:80840 [4] NCCL INFO Ring 7 : 5 -> 4 -> 2 comm 0x55a24b51bc60 nRanks 16 busId d1000
nid007973:80840:80840 [4] NCCL INFO Ring 8 : 5 -> 4 -> 6 comm 0x55a24b51bc60 nRanks 16 busId d1000
nid007973:80840:80840 [4] NCCL INFO Ring 9 : 6 -> 4 -> 5 comm 0x55a24b51bc60 nRanks 16 busId d1000
nid007973:80842:80842 [6] NCCL INFO comm 0x55fbb093ae60 rank 6 nRanks 16 nNodes 2 localRanks 8 localRank 6 MNNVL 0
nid007973:80842:80842 [6] NCCL INFO Tree 2 : 7 -> 6 -> 0/-1/-1
nid007973:80842:80842 [6] NCCL INFO Tree 10 : 7 -> 6 -> 0/-1/-1
nid007973:80842:80842 [6] NCCL INFO Tree 6 : 7 -> 6 -> 0/-1/-1
nid007973:80842:80842 [6] NCCL INFO Tree 14 : 7 -> 6 -> 0/-1/-1
nid007973:80842:80842 [6] NCCL INFO Ring 0 : 4 -> 6 -> 7 comm 0x55fbb093ae60 nRanks 16 busId d9000
nid007973:80842:80842 [6] NCCL INFO Ring 1 : 7 -> 6 -> 4 comm 0x55fbb093ae60 nRanks 16 busId d9000
nid007973:80842:80842 [6] NCCL INFO Ring 2 : 7 -> 6 -> 0 comm 0x55fbb093ae60 nRanks 16 busId d9000
nid007973:80842:80842 [6] NCCL INFO Ring 3 : 0 -> 6 -> 7 comm 0x55fbb093ae60 nRanks 16 busId d9000
nid007973:80842:80842 [6] NCCL INFO Ring 4 : 4 -> 6 -> 7 comm 0x55fbb093ae60 nRanks 16 busId d9000
nid007973:80842:80842 [6] NCCL INFO Ring 5 : 7 -> 6 -> 4 comm 0x55fbb093ae60 nRanks 16 busId d9000
nid007973:80842:80842 [6] NCCL INFO Ring 6 : 7 -> 6 -> 0 comm 0x55fbb093ae60 nRanks 16 busId d9000
nid007973:80842:80842 [6] NCCL INFO Ring 7 : 0 -> 6 -> 7 comm 0x55fbb093ae60 nRanks 16 busId d9000
nid007973:80842:80842 [6] NCCL INFO Ring 8 : 4 -> 6 -> 7 comm 0x55fbb093ae60 nRanks 16 busId d9000
nid007973:80842:80842 [6] NCCL INFO Ring 9 : 7 -> 6 -> 4 comm 0x55fbb093ae60 nRanks 16 busId d9000
nid007973:80842:80842 [6] NCCL INFO Ring 10 : 7 -> 6 -> 0 comm 0x55fbb093ae60 nRanks 16 busId d9000
nid007973:80837:80837 [2] NCCL INFO comm 0x556a309360f0 rank 2 nRanks 16 nNodes 2 localRanks 8 localRank 2 MNNVL 0
nid007973:80837:80837 [2] NCCL INFO Tree 1 : -1 -> 2 -> 3/10/-1
nid007973:80837:80837 [2] NCCL INFO Tree 9 : 10 -> 2 -> 3/-1/-1
nid007973:80837:80837 [2] NCCL INFO Tree 5 : -1 -> 2 -> 3/10/-1
nid007973:80837:80837 [2] NCCL INFO Tree 13 : 10 -> 2 -> 3/-1/-1
nid007973:80837:80837 [2] NCCL INFO Ring 0 : 3 -> 2 -> 10 comm 0x556a309360f0 nRanks 16 busId c9000
nid007973:80837:80837 [2] NCCL INFO Ring 1 : 10 -> 2 -> 3 comm 0x556a309360f0 nRanks 16 busId c9000
nid007973:80837:80837 [2] NCCL INFO Ring 2 : 3 -> 2 -> 4 comm 0x556a309360f0 nRanks 16 busId c9000
nid007973:80837:80837 [2] NCCL INFO Ring 3 : 4 -> 2 -> 3 comm 0x556a309360f0 nRanks 16 busId c9000
nid007973:80837:80837 [2] NCCL INFO Ring 4 : 3 -> 2 -> 10 comm 0x556a309360f0 nRanks 16 busId c9000
nid007973:80837:80837 [2] NCCL INFO Ring 5 : 10 -> 2 -> 3 comm 0x556a309360f0 nRanks 16 busId c9000
nid007973:80837:80837 [2] NCCL INFO Ring 6 : 3 -> 2 -> 4 comm 0x556a309360f0 nRanks 16 busId c9000
nid007973:80837:80837 [2] NCCL INFO Ring 7 : 4 -> 2 -> 3 comm 0x556a309360f0 nRanks 16 busId c9000
nid007973:80837:80837 [2] NCCL INFO Ring 8 : 3 -> 2 -> 10 comm 0x556a309360f0 nRanks 16 busId c9000
nid007973:80836:80836 [1] NCCL INFO comm 0x5591df881fc0 rank 1 nRanks 16 nNodes 2 localRanks 8 localRank 1 MNNVL 0
nid007973:80836:80836 [1] NCCL INFO Tree 0 : 0 -> 1 -> 5/-1/-1
nid007973:80836:80836 [1] NCCL INFO Tree 8 : 0 -> 1 -> 5/-1/-1
nid007973:80836:80836 [1] NCCL INFO Tree 4 : 0 -> 1 -> 5/-1/-1
nid007973:80836:80836 [1] NCCL INFO Tree 12 : 0 -> 1 -> 5/-1/-1
nid007973:80836:80836 [1] NCCL INFO Ring 0 : 0 -> 1 -> 5 comm 0x5591df881fc0 nRanks 16 busId c6000
nid007973:80836:80836 [1] NCCL INFO Ring 1 : 5 -> 1 -> 0 comm 0x5591df881fc0 nRanks 16 busId c6000
nid007973:80836:80836 [1] NCCL INFO Ring 2 : 0 -> 1 -> 3 comm 0x5591df881fc0 nRanks 16 busId c6000
nid007973:80836:80836 [1] NCCL INFO Ring 3 : 3 -> 1 -> 0 comm 0x5591df881fc0 nRanks 16 busId c6000
nid007973:80836:80836 [1] NCCL INFO Ring 4 : 0 -> 1 -> 5 comm 0x5591df881fc0 nRanks 16 busId c6000
nid007973:80836:80836 [1] NCCL INFO Ring 5 : 5 -> 1 -> 0 comm 0x5591df881fc0 nRanks 16 busId c6000
nid007973:80836:80836 [1] NCCL INFO Ring 6 : 0 -> 1 -> 3 comm 0x5591df881fc0 nRanks 16 busId c6000
nid007973:80836:80836 [1] NCCL INFO Ring 7 : 3 -> 1 -> 0 comm 0x5591df881fc0 nRanks 16 busId c6000
nid007973:80836:80836 [1] NCCL INFO Ring 8 : 0 -> 1 -> 5 comm 0x5591df881fc0 nRanks 16 busId c6000
nid007973:80836:80836 [1] NCCL INFO Ring 9 : 5 -> 1 -> 0 comm 0x5591df881fc0 nRanks 16 busId c6000
nid007973:80836:80836 [1] NCCL INFO Ring 10 : 0 -> 1 -> 3 comm 0x5591df881fc0 nRanks 16 busId c6000
nid007973:80836:80836 [1] NCCL INFO Ring 11 : 3 -> 1 -> 0 comm 0x5591df881fc0 nRanks 16 busId c6000
nid007973:80836:80836 [1] NCCL INFO Ring 12 : 0 -> 1 -> 5 comm 0x5591df881fc0 nRanks 16 busId c6000
nid007973:80836:80836 [1] NCCL INFO Ring 13 : 5 -> 1 -> 0 comm 0x5591df881fc0 nRanks 16 busId c6000
nid007973:80836:80836 [1] NCCL INFO Ring 14 : 0 -> 1 -> 3 comm 0x5591df881fc0 nRanks 16 busId c6000
nid007973:80836:80836 [1] NCCL INFO Ring 15 : 3 -> 1 -> 0 comm 0x5591df881fc0 nRanks 16 busId c6000
nid007973:80836:80836 [1] NCCL INFO Trees [0] 5/-1/-1->1->0 [1] 0/-1/-1->1->5 [2] 3/-1/-1->1->0 [3] 0/-1/-1->1->3 [4] 5/-1/-1->1->0 [5] 0/-1/-1->1->5 [6] 3/-1/-1->1->0 [7] 0/-1/-1->1->3 [8] 5/-1/-1->1->0 [9] 0/-1/-1->1->5 [10] 3/-1/-1->1->0 [11] 0/-1/-1->1->3 [12] 5/-1/-1->1->0 [13] 0/-1/-1->1->5 [14] 3/-1/-1->1->0 [15] 0/-1/-1->1->3 comm 0x5591df881fc0 nRanks 16 busId c6000
nid007973:80836:80836 [1] NCCL INFO P2P Chunksize set to 131072
nid007973:80835:80835 [0] NCCL INFO comm 0x5571859b9050 rank 0 nRanks 16 nNodes 2 localRanks 8 localRank 0 MNNVL 0
nid007973:80835:80835 [0] NCCL INFO [RINGS]      00     01     02     03     04     05     06     07
nid007973:80835:80835 [0] NCCL INFO [RINGS]  00->02 02->00 07->05 05->07 00->02 02->00 07->05 05->07
nid007973:80835:80835 [0] NCCL INFO [RINGS]  02->00 00->02 05->07 07->05 02->00 00->02 05->07 07->05
nid007973:80835:80835 [0] NCCL INFO Tree 0 : -1 -> 0 -> 1/8/-1
nid007973:80835:80835 [0] NCCL INFO Tree 8 : 8 -> 0 -> 1/-1/-1
nid007973:80835:80835 [0] NCCL INFO Tree 4 : -1 -> 0 -> 1/8/-1
nid007973:80835:80835 [0] NCCL INFO Tree 12 : 8 -> 0 -> 1/-1/-1
nid007973:80835:80835 [0] NCCL INFO Channel 00/16 :    0   1   5   4   6   7   3   2  10  11  15  14  12  13   9   8
nid007973:80835:80835 [0] NCCL INFO Channel 01/16 :    0   8   9  13  12  14  15  11  10   2   3   7   6   4   5   1
nid007973:80835:80835 [0] NCCL INFO Channel 02/16 :    0   1   3   2   4   5  13  12  10  11   9   8  14  15   7   6
nid007973:80835:80835 [0] NCCL INFO Channel 03/16 :    0   6   7  15  14   8   9  11  10  12  13   5   4   2   3   1
nid007973:80835:80835 [0] NCCL INFO Channel 04/16 :    0   1   5   4   6   7   3   2  10  11  15  14  12  13   9   8
nid007973:80835:80835 [0] NCCL INFO Channel 05/16 :    0   8   9  13  12  14  15  11  10   2   3   7   6   4   5   1
nid007973:80835:80835 [0] NCCL INFO Channel 06/16 :    0   1   3   2   4   5  13  12  10  11   9   8  14  15   7   6
nid007973:80835:80835 [0] NCCL INFO Channel 07/16 :    0   6   7  15  14   8   9  11  10  12  13   5   4   2   3   1
nid007973:80835:80835 [0] NCCL INFO Channel 08/16 :    0   1   5   4   6   7   3   2  10  11  15  14  12  13   9   8
nid007973:80835:80835 [0] NCCL INFO Channel 09/16 :    0   8   9  13  12  14  15  11  10   2   3   7   6   4   5   1
nid007973:80835:80835 [0] NCCL INFO Channel 10/16 :    0   1   3   2   4   5  13  12  10  11   9   8  14  15   7   6
nid007973:80835:80835 [0] NCCL INFO Channel 11/16 :    0   6   7  15  14   8   9  11  10  12  13   5   4   2   3   1
nid007973:80835:80835 [0] NCCL INFO Channel 12/16 :    0   1   5   4   6   7   3   2  10  11  15  14  12  13   9   8
nid007973:80835:80835 [0] NCCL INFO Channel 13/16 :    0   8   9  13  12  14  15  11  10   2   3   7   6   4   5   1
nid007973:80835:80835 [0] NCCL INFO Channel 14/16 :    0   1   3   2   4   5  13  12  10  11   9   8  14  15   7   6
nid007973:80835:80835 [0] NCCL INFO Channel 15/16 :    0   6   7  15  14   8   9  11  10  12  13   5   4   2   3   1
nid007973:80835:80835 [0] NCCL INFO Ring 0 : 8 -> 0 -> 1 comm 0x5571859b9050 nRanks 16 busId c1000
nid007973:80835:80835 [0] NCCL INFO Ring 1 : 1 -> 0 -> 8 comm 0x5571859b9050 nRanks 16 busId c1000
nid007973:80835:80835 [0] NCCL INFO Ring 2 : 6 -> 0 -> 1 comm 0x5571859b9050 nRanks 16 busId c1000
nid007973:80835:80835 [0] NCCL INFO Ring 3 : 1 -> 0 -> 6 comm 0x5571859b9050 nRanks 16 busId c1000
nid007973:80835:80835 [0] NCCL INFO Ring 4 : 8 -> 0 -> 1 comm 0x5571859b9050 nRanks 16 busId c1000
nid007973:80835:80835 [0] NCCL INFO Ring 5 : 1 -> 0 -> 8 comm 0x5571859b9050 nRanks 16 busId c1000
nid007973:80835:80835 [0] NCCL INFO Ring 6 : 6 -> 0 -> 1 comm 0x5571859b9050 nRanks 16 busId c1000
nid007973:80835:80835 [0] NCCL INFO Ring 7 : 1 -> 0 -> 6 comm 0x5571859b9050 nRanks 16 busId c1000
nid007973:80838:80838 [5] NCCL INFO Ring 0 : 1 -> 5 -> 4 comm 0x55bce1c66710 nRanks 16 busId d6000
nid007973:80838:80838 [5] NCCL INFO Ring 1 : 4 -> 5 -> 1 comm 0x55bce1c66710 nRanks 16 busId d6000
nid007973:80838:80838 [5] NCCL INFO Ring 2 : 4 -> 5 -> 13 comm 0x55bce1c66710 nRanks 16 busId d6000
nid007973:80838:80838 [5] NCCL INFO Ring 3 : 13 -> 5 -> 4 comm 0x55bce1c66710 nRanks 16 busId d6000
nid007973:80838:80838 [5] NCCL INFO Ring 4 : 1 -> 5 -> 4 comm 0x55bce1c66710 nRanks 16 busId d6000
nid007973:80838:80838 [5] NCCL INFO Ring 5 : 4 -> 5 -> 1 comm 0x55bce1c66710 nRanks 16 busId d6000
nid007973:80838:80838 [5] NCCL INFO Ring 6 : 4 -> 5 -> 13 comm 0x55bce1c66710 nRanks 16 busId d6000
nid007973:80838:80838 [5] NCCL INFO Ring 7 : 13 -> 5 -> 4 comm 0x55bce1c66710 nRanks 16 busId d6000
nid007973:80838:80838 [5] NCCL INFO Ring 8 : 1 -> 5 -> 4 comm 0x55bce1c66710 nRanks 16 busId d6000
nid007973:80838:80838 [5] NCCL INFO Ring 9 : 4 -> 5 -> 1 comm 0x55bce1c66710 nRanks 16 busId d6000
nid007973:80838:80838 [5] NCCL INFO Ring 10 : 4 -> 5 -> 13 comm 0x55bce1c66710 nRanks 16 busId d6000
nid007973:80838:80838 [5] NCCL INFO Ring 11 : 13 -> 5 -> 4 comm 0x55bce1c66710 nRanks 16 busId d6000
nid007973:80838:80838 [5] NCCL INFO Ring 12 : 1 -> 5 -> 4 comm 0x55bce1c66710 nRanks 16 busId d6000
nid007973:80838:80838 [5] NCCL INFO Ring 13 : 4 -> 5 -> 1 comm 0x55bce1c66710 nRanks 16 busId d6000
nid007973:80838:80838 [5] NCCL INFO Ring 14 : 4 -> 5 -> 13 comm 0x55bce1c66710 nRanks 16 busId d6000
nid007973:80838:80838 [5] NCCL INFO Ring 15 : 13 -> 5 -> 4 comm 0x55bce1c66710 nRanks 16 busId d6000
nid007973:80838:80838 [5] NCCL INFO Trees [0] 4/-1/-1->5->1 [1] 1/-1/-1->5->4 [2] -1/-1/-1->5->4 [3] 4/13/-1->5->-1 [4] 4/-1/-1->5->1 [5] 1/-1/-1->5->4 [6] -1/-1/-1->5->4 [7] 4/13/-1->5->-1 [8] 4/-1/-1->5->1 [9] 1/-1/-1->5->4 [10] -1/-1/-1->5->4 [11] 4/-1/-1->5->13 [12] 4/-1/-1->5->1 [13] 1/-1/-1->5->4 [14] -1/-1/-1->5->4 [15] 4/-1/-1->5->13 comm 0x55bce1c66710 nRanks 16 busId d6000
nid007973:80838:80838 [5] NCCL INFO P2P Chunksize set to 131072
nid007973:80841:80841 [3] NCCL INFO Ring 0 : 7 -> 3 -> 2 comm 0x55b76fa8e080 nRanks 16 busId ce000
nid007973:80841:80841 [3] NCCL INFO Ring 1 : 2 -> 3 -> 7 comm 0x55b76fa8e080 nRanks 16 busId ce000
nid007973:80841:80841 [3] NCCL INFO Ring 2 : 1 -> 3 -> 2 comm 0x55b76fa8e080 nRanks 16 busId ce000
nid007973:80841:80841 [3] NCCL INFO Ring 3 : 2 -> 3 -> 1 comm 0x55b76fa8e080 nRanks 16 busId ce000
nid007973:80841:80841 [3] NCCL INFO Ring 4 : 7 -> 3 -> 2 comm 0x55b76fa8e080 nRanks 16 busId ce000
nid007973:80841:80841 [3] NCCL INFO Ring 5 : 2 -> 3 -> 7 comm 0x55b76fa8e080 nRanks 16 busId ce000
nid007973:80841:80841 [3] NCCL INFO Ring 6 : 1 -> 3 -> 2 comm 0x55b76fa8e080 nRanks 16 busId ce000
nid007973:80841:80841 [3] NCCL INFO Ring 7 : 2 -> 3 -> 1 comm 0x55b76fa8e080 nRanks 16 busId ce000
nid007973:80841:80841 [3] NCCL INFO Ring 8 : 7 -> 3 -> 2 comm 0x55b76fa8e080 nRanks 16 busId ce000
nid007973:80841:80841 [3] NCCL INFO Ring 9 : 2 -> 3 -> 7 comm 0x55b76fa8e080 nRanks 16 busId ce000
nid007973:80841:80841 [3] NCCL INFO Ring 10 : 1 -> 3 -> 2 comm 0x55b76fa8e080 nRanks 16 busId ce000
nid007973:80841:80841 [3] NCCL INFO Ring 11 : 2 -> 3 -> 1 comm 0x55b76fa8e080 nRanks 16 busId ce000
nid007973:80841:80841 [3] NCCL INFO Ring 12 : 7 -> 3 -> 2 comm 0x55b76fa8e080 nRanks 16 busId ce000
nid007973:80841:80841 [3] NCCL INFO Ring 13 : 2 -> 3 -> 7 comm 0x55b76fa8e080 nRanks 16 busId ce000
nid007973:80841:80841 [3] NCCL INFO Ring 14 : 1 -> 3 -> 2 comm 0x55b76fa8e080 nRanks 16 busId ce000
nid007973:80841:80841 [3] NCCL INFO Ring 15 : 2 -> 3 -> 1 comm 0x55b76fa8e080 nRanks 16 busId ce000
nid007973:80841:80841 [3] NCCL INFO Trees [0] 2/-1/-1->3->7 [1] 7/-1/-1->3->2 [2] 2/-1/-1->3->1 [3] 1/-1/-1->3->2 [4] 2/-1/-1->3->7 [5] 7/-1/-1->3->2 [6] 2/-1/-1->3->1 [7] 1/-1/-1->3->2 [8] 2/-1/-1->3->7 [9] 7/-1/-1->3->2 [10] 2/-1/-1->3->1 [11] 1/-1/-1->3->2 [12] 2/-1/-1->3->7 [13] 7/-1/-1->3->2 [14] 2/-1/-1->3->1 [15] 1/-1/-1->3->2 comm 0x55b76fa8e080 nRanks 16 busId ce000
nid007973:80841:80841 [3] NCCL INFO P2P Chunksize set to 131072
nid007973:80839:80839 [7] NCCL INFO Ring 10 : 15 -> 7 -> 6 comm 0x55989727ef10 nRanks 16 busId de000
nid007973:80839:80839 [7] NCCL INFO Ring 11 : 6 -> 7 -> 15 comm 0x55989727ef10 nRanks 16 busId de000
nid007973:80839:80839 [7] NCCL INFO Ring 12 : 6 -> 7 -> 3 comm 0x55989727ef10 nRanks 16 busId de000
nid007973:80839:80839 [7] NCCL INFO Ring 13 : 3 -> 7 -> 6 comm 0x55989727ef10 nRanks 16 busId de000
nid007973:80839:80839 [7] NCCL INFO Ring 14 : 15 -> 7 -> 6 comm 0x55989727ef10 nRanks 16 busId de000
nid007973:80839:80839 [7] NCCL INFO Ring 15 : 6 -> 7 -> 15 comm 0x55989727ef10 nRanks 16 busId de000
nid007973:80839:80839 [7] NCCL INFO Trees [0] 3/-1/-1->7->6 [1] 6/-1/-1->7->3 [2] 6/15/-1->7->-1 [3] -1/-1/-1->7->6 [4] 3/-1/-1->7->6 [5] 6/-1/-1->7->3 [6] 6/15/-1->7->-1 [7] -1/-1/-1->7->6 [8] 3/-1/-1->7->6 [9] 6/-1/-1->7->3 [10] 6/-1/-1->7->15 [11] -1/-1/-1->7->6 [12] 3/-1/-1->7->6 [13] 6/-1/-1->7->3 [14] 6/-1/-1->7->15 [15] -1/-1/-1->7->6 comm 0x55989727ef10 nRanks 16 busId de000
nid007973:80839:80839 [7] NCCL INFO P2P Chunksize set to 131072
nid007973:80840:80840 [4] NCCL INFO Ring 10 : 2 -> 4 -> 5 comm 0x55a24b51bc60 nRanks 16 busId d1000
nid007973:80840:80840 [4] NCCL INFO Ring 11 : 5 -> 4 -> 2 comm 0x55a24b51bc60 nRanks 16 busId d1000
nid007973:80840:80840 [4] NCCL INFO Ring 12 : 5 -> 4 -> 6 comm 0x55a24b51bc60 nRanks 16 busId d1000
nid007973:80840:80840 [4] NCCL INFO Ring 13 : 6 -> 4 -> 5 comm 0x55a24b51bc60 nRanks 16 busId d1000
nid007973:80840:80840 [4] NCCL INFO Ring 14 : 2 -> 4 -> 5 comm 0x55a24b51bc60 nRanks 16 busId d1000
nid007973:80840:80840 [4] NCCL INFO Ring 15 : 5 -> 4 -> 2 comm 0x55a24b51bc60 nRanks 16 busId d1000
nid007973:80840:80840 [4] NCCL INFO Trees [0] 6/-1/-1->4->5 [1] 5/-1/-1->4->6 [2] 5/-1/-1->4->2 [3] 2/-1/-1->4->5 [4] 6/-1/-1->4->5 [5] 5/-1/-1->4->6 [6] 5/-1/-1->4->2 [7] 2/-1/-1->4->5 [8] 6/-1/-1->4->5 [9] 5/-1/-1->4->6 [10] 5/-1/-1->4->2 [11] 2/-1/-1->4->5 [12] 6/-1/-1->4->5 [13] 5/-1/-1->4->6 [14] 5/-1/-1->4->2 [15] 2/-1/-1->4->5 comm 0x55a24b51bc60 nRanks 16 busId d1000
nid007973:80840:80840 [4] NCCL INFO P2P Chunksize set to 131072
nid007973:80842:80842 [6] NCCL INFO Ring 11 : 0 -> 6 -> 7 comm 0x55fbb093ae60 nRanks 16 busId d9000
nid007973:80842:80842 [6] NCCL INFO Ring 12 : 4 -> 6 -> 7 comm 0x55fbb093ae60 nRanks 16 busId d9000
nid007973:80842:80842 [6] NCCL INFO Ring 13 : 7 -> 6 -> 4 comm 0x55fbb093ae60 nRanks 16 busId d9000
nid007973:80842:80842 [6] NCCL INFO Ring 14 : 7 -> 6 -> 0 comm 0x55fbb093ae60 nRanks 16 busId d9000
nid007973:80842:80842 [6] NCCL INFO Ring 15 : 0 -> 6 -> 7 comm 0x55fbb093ae60 nRanks 16 busId d9000
nid007973:80842:80842 [6] NCCL INFO Trees [0] 7/-1/-1->6->4 [1] 4/-1/-1->6->7 [2] 0/-1/-1->6->7 [3] 7/-1/-1->6->0 [4] 7/-1/-1->6->4 [5] 4/-1/-1->6->7 [6] 0/-1/-1->6->7 [7] 7/-1/-1->6->0 [8] 7/-1/-1->6->4 [9] 4/-1/-1->6->7 [10] 0/-1/-1->6->7 [11] 7/-1/-1->6->0 [12] 7/-1/-1->6->4 [13] 4/-1/-1->6->7 [14] 0/-1/-1->6->7 [15] 7/-1/-1->6->0 comm 0x55fbb093ae60 nRanks 16 busId d9000
nid007973:80842:80842 [6] NCCL INFO P2P Chunksize set to 131072
nid007973:80837:80837 [2] NCCL INFO Ring 9 : 10 -> 2 -> 3 comm 0x556a309360f0 nRanks 16 busId c9000
nid007973:80837:80837 [2] NCCL INFO Ring 10 : 3 -> 2 -> 4 comm 0x556a309360f0 nRanks 16 busId c9000
nid007973:80837:80837 [2] NCCL INFO Ring 11 : 4 -> 2 -> 3 comm 0x556a309360f0 nRanks 16 busId c9000
nid007973:80837:80837 [2] NCCL INFO Ring 12 : 3 -> 2 -> 10 comm 0x556a309360f0 nRanks 16 busId c9000
nid007973:80837:80837 [2] NCCL INFO Ring 13 : 10 -> 2 -> 3 comm 0x556a309360f0 nRanks 16 busId c9000
nid007973:80837:80837 [2] NCCL INFO Ring 14 : 3 -> 2 -> 4 comm 0x556a309360f0 nRanks 16 busId c9000
nid007973:80837:80837 [2] NCCL INFO Ring 15 : 4 -> 2 -> 3 comm 0x556a309360f0 nRanks 16 busId c9000
nid007973:80837:80837 [2] NCCL INFO Trees [0] -1/-1/-1->2->3 [1] 3/10/-1->2->-1 [2] 4/-1/-1->2->3 [3] 3/-1/-1->2->4 [4] -1/-1/-1->2->3 [5] 3/10/-1->2->-1 [6] 4/-1/-1->2->3 [7] 3/-1/-1->2->4 [8] -1/-1/-1->2->3 [9] 3/-1/-1->2->10 [10] 4/-1/-1->2->3 [11] 3/-1/-1->2->4 [12] -1/-1/-1->2->3 [13] 3/-1/-1->2->10 [14] 4/-1/-1->2->3 [15] 3/-1/-1->2->4 comm 0x556a309360f0 nRanks 16 busId c9000
nid007973:80837:80837 [2] NCCL INFO P2P Chunksize set to 131072
nid007973:80835:80835 [0] NCCL INFO Ring 8 : 8 -> 0 -> 1 comm 0x5571859b9050 nRanks 16 busId c1000
nid007973:80835:80835 [0] NCCL INFO Ring 9 : 1 -> 0 -> 8 comm 0x5571859b9050 nRanks 16 busId c1000
nid007973:80835:80835 [0] NCCL INFO Ring 10 : 6 -> 0 -> 1 comm 0x5571859b9050 nRanks 16 busId c1000
nid007973:80835:80835 [0] NCCL INFO Ring 11 : 1 -> 0 -> 6 comm 0x5571859b9050 nRanks 16 busId c1000
nid007973:80835:80835 [0] NCCL INFO Ring 12 : 8 -> 0 -> 1 comm 0x5571859b9050 nRanks 16 busId c1000
nid007973:80835:80835 [0] NCCL INFO Ring 13 : 1 -> 0 -> 8 comm 0x5571859b9050 nRanks 16 busId c1000
nid007973:80835:80835 [0] NCCL INFO Ring 14 : 6 -> 0 -> 1 comm 0x5571859b9050 nRanks 16 busId c1000
nid007973:80835:80835 [0] NCCL INFO Ring 15 : 1 -> 0 -> 6 comm 0x5571859b9050 nRanks 16 busId c1000
nid007973:80835:80835 [0] NCCL INFO Trees [0] 1/8/-1->0->-1 [1] -1/-1/-1->0->1 [2] 1/-1/-1->0->6 [3] 6/-1/-1->0->1 [4] 1/8/-1->0->-1 [5] -1/-1/-1->0->1 [6] 1/-1/-1->0->6 [7] 6/-1/-1->0->1 [8] 1/-1/-1->0->8 [9] -1/-1/-1->0->1 [10] 1/-1/-1->0->6 [11] 6/-1/-1->0->1 [12] 1/-1/-1->0->8 [13] -1/-1/-1->0->1 [14] 1/-1/-1->0->6 [15] 6/-1/-1->0->1 comm 0x5571859b9050 nRanks 16 busId c1000
nid007973:80835:80835 [0] NCCL INFO P2P Chunksize set to 131072
nid007974:70007:70007 [6] NCCL INFO comm 0x55717d520e50 rank 14 nRanks 16 nNodes 2 localRanks 8 localRank 6 MNNVL 0
nid007974:70008:70008 [4] NCCL INFO comm 0x5576d248edc0 rank 12 nRanks 16 nNodes 2 localRanks 8 localRank 4 MNNVL 0
nid007974:70008:70008 [4] NCCL INFO Tree 3 : 13 -> 12 -> 10/-1/-1
nid007974:70008:70008 [4] NCCL INFO Tree 11 : 13 -> 12 -> 10/-1/-1
nid007974:70008:70008 [4] NCCL INFO Tree 7 : 13 -> 12 -> 10/-1/-1
nid007974:70008:70008 [4] NCCL INFO Tree 15 : 13 -> 12 -> 10/-1/-1
nid007974:70008:70008 [4] NCCL INFO Ring 0 : 14 -> 12 -> 13 comm 0x5576d248edc0 nRanks 16 busId d1000
nid007974:70008:70008 [4] NCCL INFO Ring 1 : 13 -> 12 -> 14 comm 0x5576d248edc0 nRanks 16 busId d1000
nid007974:70008:70008 [4] NCCL INFO Ring 2 : 13 -> 12 -> 10 comm 0x5576d248edc0 nRanks 16 busId d1000
nid007974:70009:70009 [3] NCCL INFO comm 0x564743402e90 rank 11 nRanks 16 nNodes 2 localRanks 8 localRank 3 MNNVL 0
nid007974:70009:70009 [3] NCCL INFO Tree 1 : 10 -> 11 -> 15/-1/-1
nid007974:70009:70009 [3] NCCL INFO Tree 9 : 10 -> 11 -> 15/-1/-1
nid007974:70009:70009 [3] NCCL INFO Tree 5 : 10 -> 11 -> 15/-1/-1
nid007974:70009:70009 [3] NCCL INFO Tree 13 : 10 -> 11 -> 15/-1/-1
nid007974:70009:70009 [3] NCCL INFO Ring 0 : 10 -> 11 -> 15 comm 0x564743402e90 nRanks 16 busId ce000
nid007974:70009:70009 [3] NCCL INFO Ring 1 : 15 -> 11 -> 10 comm 0x564743402e90 nRanks 16 busId ce000
nid007974:70009:70009 [3] NCCL INFO Ring 2 : 10 -> 11 -> 9 comm 0x564743402e90 nRanks 16 busId ce000
nid007974:70013:70013 [7] NCCL INFO comm 0x5626b6938e90 rank 15 nRanks 16 nNodes 2 localRanks 8 localRank 7 MNNVL 0
nid007974:70013:70013 [7] NCCL INFO Tree 2 : 7 -> 15 -> 14/-1/-1
nid007974:70013:70013 [7] NCCL INFO Tree 10 : -1 -> 15 -> 14/7/-1
nid007974:70013:70013 [7] NCCL INFO Tree 6 : 7 -> 15 -> 14/-1/-1
nid007974:70013:70013 [7] NCCL INFO Tree 14 : -1 -> 15 -> 14/7/-1
nid007974:70013:70013 [7] NCCL INFO Ring 0 : 11 -> 15 -> 14 comm 0x5626b6938e90 nRanks 16 busId de000
nid007974:70013:70013 [7] NCCL INFO Ring 1 : 14 -> 15 -> 11 comm 0x5626b6938e90 nRanks 16 busId de000
nid007974:70013:70013 [7] NCCL INFO Ring 2 : 14 -> 15 -> 7 comm 0x5626b6938e90 nRanks 16 busId de000
nid007974:70013:70013 [7] NCCL INFO Ring 3 : 7 -> 15 -> 14 comm 0x5626b6938e90 nRanks 16 busId de000
nid007974:70013:70013 [7] NCCL INFO Ring 4 : 11 -> 15 -> 14 comm 0x5626b6938e90 nRanks 16 busId de000
nid007974:70013:70013 [7] NCCL INFO Ring 5 : 14 -> 15 -> 11 comm 0x5626b6938e90 nRanks 16 busId de000
nid007974:70013:70013 [7] NCCL INFO Ring 6 : 14 -> 15 -> 7 comm 0x5626b6938e90 nRanks 16 busId de000
nid007974:70013:70013 [7] NCCL INFO Ring 7 : 7 -> 15 -> 14 comm 0x5626b6938e90 nRanks 16 busId de000
nid007974:70013:70013 [7] NCCL INFO Ring 8 : 11 -> 15 -> 14 comm 0x5626b6938e90 nRanks 16 busId de000
nid007974:70013:70013 [7] NCCL INFO Ring 9 : 14 -> 15 -> 11 comm 0x5626b6938e90 nRanks 16 busId de000
nid007974:70013:70013 [7] NCCL INFO Ring 10 : 14 -> 15 -> 7 comm 0x5626b6938e90 nRanks 16 busId de000
nid007974:70013:70013 [7] NCCL INFO Ring 11 : 7 -> 15 -> 14 comm 0x5626b6938e90 nRanks 16 busId de000
nid007974:70013:70013 [7] NCCL INFO Ring 12 : 11 -> 15 -> 14 comm 0x5626b6938e90 nRanks 16 busId de000
nid007974:70013:70013 [7] NCCL INFO Ring 13 : 14 -> 15 -> 11 comm 0x5626b6938e90 nRanks 16 busId de000
nid007974:70013:70013 [7] NCCL INFO Ring 14 : 14 -> 15 -> 7 comm 0x5626b6938e90 nRanks 16 busId de000
nid007974:70013:70013 [7] NCCL INFO Ring 15 : 7 -> 15 -> 14 comm 0x5626b6938e90 nRanks 16 busId de000
nid007974:70013:70013 [7] NCCL INFO Trees [0] 11/-1/-1->15->14 [1] 14/-1/-1->15->11 [2] 14/-1/-1->15->7 [3] -1/-1/-1->15->14 [4] 11/-1/-1->15->14 [5] 14/-1/-1->15->11 [6] 14/-1/-1->15->7 [7] -1/-1/-1->15->14 [8] 11/-1/-1->15->14 [9] 14/-1/-1->15->11 [10] 14/7/-1->15->-1 [11] -1/-1/-1->15->14 [12] 11/-1/-1->15->14 [13] 14/-1/-1->15->11 [14] 14/7/-1->15->-1 [15] -1/-1/-1->15->14 comm 0x5626b6938e90 nRanks 16 busId de000
nid007974:70013:70013 [7] NCCL INFO P2P Chunksize set to 131072
nid007974:70010:70010 [2] NCCL INFO comm 0x555fb8b1ed80 rank 10 nRanks 16 nNodes 2 localRanks 8 localRank 2 MNNVL 0
nid007974:70010:70010 [2] NCCL INFO Tree 1 : 2 -> 10 -> 11/-1/-1
nid007974:70010:70010 [2] NCCL INFO Tree 9 : -1 -> 10 -> 11/2/-1
nid007974:70010:70010 [2] NCCL INFO Tree 5 : 2 -> 10 -> 11/-1/-1
nid007974:70010:70010 [2] NCCL INFO Tree 13 : -1 -> 10 -> 11/2/-1
nid007974:70010:70010 [2] NCCL INFO Ring 0 : 2 -> 10 -> 11 comm 0x555fb8b1ed80 nRanks 16 busId c9000
nid007974:70010:70010 [2] NCCL INFO Ring 1 : 11 -> 10 -> 2 comm 0x555fb8b1ed80 nRanks 16 busId c9000
nid007974:70010:70010 [2] NCCL INFO Ring 2 : 12 -> 10 -> 11 comm 0x555fb8b1ed80 nRanks 16 busId c9000
nid007974:70010:70010 [2] NCCL INFO Ring 3 : 11 -> 10 -> 12 comm 0x555fb8b1ed80 nRanks 16 busId c9000
nid007974:70010:70010 [2] NCCL INFO Ring 4 : 2 -> 10 -> 11 comm 0x555fb8b1ed80 nRanks 16 busId c9000
nid007974:70010:70010 [2] NCCL INFO Ring 5 : 11 -> 10 -> 2 comm 0x555fb8b1ed80 nRanks 16 busId c9000
nid007974:70010:70010 [2] NCCL INFO Ring 6 : 12 -> 10 -> 11 comm 0x555fb8b1ed80 nRanks 16 busId c9000
nid007974:70010:70010 [2] NCCL INFO Ring 7 : 11 -> 10 -> 12 comm 0x555fb8b1ed80 nRanks 16 busId c9000
nid007974:70010:70010 [2] NCCL INFO Ring 8 : 2 -> 10 -> 11 comm 0x555fb8b1ed80 nRanks 16 busId c9000
nid007974:70010:70010 [2] NCCL INFO Ring 9 : 11 -> 10 -> 2 comm 0x555fb8b1ed80 nRanks 16 busId c9000
nid007974:70010:70010 [2] NCCL INFO Ring 10 : 12 -> 10 -> 11 comm 0x555fb8b1ed80 nRanks 16 busId c9000
nid007974:70010:70010 [2] NCCL INFO Ring 11 : 11 -> 10 -> 12 comm 0x555fb8b1ed80 nRanks 16 busId c9000
nid007974:70010:70010 [2] NCCL INFO Ring 12 : 2 -> 10 -> 11 comm 0x555fb8b1ed80 nRanks 16 busId c9000
nid007974:70010:70010 [2] NCCL INFO Ring 13 : 11 -> 10 -> 2 comm 0x555fb8b1ed80 nRanks 16 busId c9000
nid007974:70010:70010 [2] NCCL INFO Ring 14 : 12 -> 10 -> 11 comm 0x555fb8b1ed80 nRanks 16 busId c9000
nid007974:70010:70010 [2] NCCL INFO Ring 15 : 11 -> 10 -> 12 comm 0x555fb8b1ed80 nRanks 16 busId c9000
nid007974:70010:70010 [2] NCCL INFO Trees [0] -1/-1/-1->10->11 [1] 11/-1/-1->10->2 [2] 12/-1/-1->10->11 [3] 11/-1/-1->10->12 [4] -1/-1/-1->10->11 [5] 11/-1/-1->10->2 [6] 12/-1/-1->10->11 [7] 11/-1/-1->10->12 [8] -1/-1/-1->10->11 [9] 11/2/-1->10->-1 [10] 12/-1/-1->10->11 [11] 11/-1/-1->10->12 [12] -1/-1/-1->10->11 [13] 11/2/-1->10->-1 [14] 12/-1/-1->10->11 [15] 11/-1/-1->10->12 comm 0x555fb8b1ed80 nRanks 16 busId c9000
nid007974:70010:70010 [2] NCCL INFO P2P Chunksize set to 131072
nid007974:70011:70011 [5] NCCL INFO comm 0x563437d05580 rank 13 nRanks 16 nNodes 2 localRanks 8 localRank 5 MNNVL 0
nid007974:70011:70011 [5] NCCL INFO Tree 3 : 5 -> 13 -> 12/-1/-1
nid007974:70011:70011 [5] NCCL INFO Tree 11 : -1 -> 13 -> 12/5/-1
nid007974:70011:70011 [5] NCCL INFO Tree 7 : 5 -> 13 -> 12/-1/-1
nid007974:70011:70011 [5] NCCL INFO Tree 15 : -1 -> 13 -> 12/5/-1
nid007974:70011:70011 [5] NCCL INFO Ring 0 : 12 -> 13 -> 9 comm 0x563437d05580 nRanks 16 busId d6000
nid007974:70011:70011 [5] NCCL INFO Ring 1 : 9 -> 13 -> 12 comm 0x563437d05580 nRanks 16 busId d6000
nid007974:70011:70011 [5] NCCL INFO Ring 2 : 5 -> 13 -> 12 comm 0x563437d05580 nRanks 16 busId d6000
nid007974:70011:70011 [5] NCCL INFO Ring 3 : 12 -> 13 -> 5 comm 0x563437d05580 nRanks 16 busId d6000
nid007974:70011:70011 [5] NCCL INFO Ring 4 : 12 -> 13 -> 9 comm 0x563437d05580 nRanks 16 busId d6000
nid007974:70011:70011 [5] NCCL INFO Ring 5 : 9 -> 13 -> 12 comm 0x563437d05580 nRanks 16 busId d6000
nid007974:70011:70011 [5] NCCL INFO Ring 6 : 5 -> 13 -> 12 comm 0x563437d05580 nRanks 16 busId d6000
nid007974:70011:70011 [5] NCCL INFO Ring 7 : 12 -> 13 -> 5 comm 0x563437d05580 nRanks 16 busId d6000
nid007974:70011:70011 [5] NCCL INFO Ring 8 : 12 -> 13 -> 9 comm 0x563437d05580 nRanks 16 busId d6000
nid007974:70011:70011 [5] NCCL INFO Ring 9 : 9 -> 13 -> 12 comm 0x563437d05580 nRanks 16 busId d6000
nid007974:70011:70011 [5] NCCL INFO Ring 10 : 5 -> 13 -> 12 comm 0x563437d05580 nRanks 16 busId d6000
nid007974:70011:70011 [5] NCCL INFO Ring 11 : 12 -> 13 -> 5 comm 0x563437d05580 nRanks 16 busId d6000
nid007974:70011:70011 [5] NCCL INFO Ring 12 : 12 -> 13 -> 9 comm 0x563437d05580 nRanks 16 busId d6000
nid007974:70011:70011 [5] NCCL INFO Ring 13 : 9 -> 13 -> 12 comm 0x563437d05580 nRanks 16 busId d6000
nid007974:70011:70011 [5] NCCL INFO Ring 14 : 5 -> 13 -> 12 comm 0x563437d05580 nRanks 16 busId d6000
nid007974:70011:70011 [5] NCCL INFO Ring 15 : 12 -> 13 -> 5 comm 0x563437d05580 nRanks 16 busId d6000
nid007974:70011:70011 [5] NCCL INFO Trees [0] 12/-1/-1->13->9 [1] 9/-1/-1->13->12 [2] -1/-1/-1->13->12 [3] 12/-1/-1->13->5 [4] 12/-1/-1->13->9 [5] 9/-1/-1->13->12 [6] -1/-1/-1->13->12 [7] 12/-1/-1->13->5 [8] 12/-1/-1->13->9 [9] 9/-1/-1->13->12 [10] -1/-1/-1->13->12 [11] 12/5/-1->13->-1 [12] 12/-1/-1->13->9 [13] 9/-1/-1->13->12 [14] -1/-1/-1->13->12 [15] 12/5/-1->13->-1 comm 0x563437d05580 nRanks 16 busId d6000
nid007974:70011:70011 [5] NCCL INFO P2P Chunksize set to 131072
nid007974:70012:70012 [1] NCCL INFO comm 0x5570ceec4980 rank 9 nRanks 16 nNodes 2 localRanks 8 localRank 1 MNNVL 0
nid007974:70012:70012 [1] NCCL INFO Tree 0 : 8 -> 9 -> 13/-1/-1
nid007974:70012:70012 [1] NCCL INFO Tree 8 : 8 -> 9 -> 13/-1/-1
nid007974:70012:70012 [1] NCCL INFO Tree 4 : 8 -> 9 -> 13/-1/-1
nid007974:70012:70012 [1] NCCL INFO Tree 12 : 8 -> 9 -> 13/-1/-1
nid007974:70012:70012 [1] NCCL INFO Ring 0 : 13 -> 9 -> 8 comm 0x5570ceec4980 nRanks 16 busId c6000
nid007974:70012:70012 [1] NCCL INFO Ring 1 : 8 -> 9 -> 13 comm 0x5570ceec4980 nRanks 16 busId c6000
nid007974:70012:70012 [1] NCCL INFO Ring 2 : 11 -> 9 -> 8 comm 0x5570ceec4980 nRanks 16 busId c6000
nid007974:70012:70012 [1] NCCL INFO Ring 3 : 8 -> 9 -> 11 comm 0x5570ceec4980 nRanks 16 busId c6000
nid007974:70012:70012 [1] NCCL INFO Ring 4 : 13 -> 9 -> 8 comm 0x5570ceec4980 nRanks 16 busId c6000
nid007974:70012:70012 [1] NCCL INFO Ring 5 : 8 -> 9 -> 13 comm 0x5570ceec4980 nRanks 16 busId c6000
nid007974:70012:70012 [1] NCCL INFO Ring 6 : 11 -> 9 -> 8 comm 0x5570ceec4980 nRanks 16 busId c6000
nid007974:70012:70012 [1] NCCL INFO Ring 7 : 8 -> 9 -> 11 comm 0x5570ceec4980 nRanks 16 busId c6000
nid007974:70012:70012 [1] NCCL INFO Ring 8 : 13 -> 9 -> 8 comm 0x5570ceec4980 nRanks 16 busId c6000
nid007974:70012:70012 [1] NCCL INFO Ring 9 : 8 -> 9 -> 13 comm 0x5570ceec4980 nRanks 16 busId c6000
nid007974:70012:70012 [1] NCCL INFO Ring 10 : 11 -> 9 -> 8 comm 0x5570ceec4980 nRanks 16 busId c6000
nid007974:70012:70012 [1] NCCL INFO Ring 11 : 8 -> 9 -> 11 comm 0x5570ceec4980 nRanks 16 busId c6000
nid007974:70012:70012 [1] NCCL INFO Ring 12 : 13 -> 9 -> 8 comm 0x5570ceec4980 nRanks 16 busId c6000
nid007974:70012:70012 [1] NCCL INFO Ring 13 : 8 -> 9 -> 13 comm 0x5570ceec4980 nRanks 16 busId c6000
nid007974:70012:70012 [1] NCCL INFO Ring 14 : 11 -> 9 -> 8 comm 0x5570ceec4980 nRanks 16 busId c6000
nid007974:70012:70012 [1] NCCL INFO Ring 15 : 8 -> 9 -> 11 comm 0x5570ceec4980 nRanks 16 busId c6000
nid007974:70012:70012 [1] NCCL INFO Trees [0] 13/-1/-1->9->8 [1] 8/-1/-1->9->13 [2] 11/-1/-1->9->8 [3] 8/-1/-1->9->11 [4] 13/-1/-1->9->8 [5] 8/-1/-1->9->13 [6] 11/-1/-1->9->8 [7] 8/-1/-1->9->11 [8] 13/-1/-1->9->8 [9] 8/-1/-1->9->13 [10] 11/-1/-1->9->8 [11] 8/-1/-1->9->11 [12] 13/-1/-1->9->8 [13] 8/-1/-1->9->13 [14] 11/-1/-1->9->8 [15] 8/-1/-1->9->11 comm 0x5570ceec4980 nRanks 16 busId c6000
nid007974:70012:70012 [1] NCCL INFO P2P Chunksize set to 131072
nid007974:70006:70006 [0] NCCL INFO comm 0x558defd0bfa0 rank 8 nRanks 16 nNodes 2 localRanks 8 localRank 0 MNNVL 0
nid007974:70006:70006 [0] NCCL INFO Tree 0 : 0 -> 8 -> 9/-1/-1
nid007974:70006:70006 [0] NCCL INFO Tree 8 : -1 -> 8 -> 9/0/-1
nid007974:70006:70006 [0] NCCL INFO Tree 4 : 0 -> 8 -> 9/-1/-1
nid007974:70006:70006 [0] NCCL INFO Tree 12 : -1 -> 8 -> 9/0/-1
nid007974:70006:70006 [0] NCCL INFO Ring 0 : 9 -> 8 -> 0 comm 0x558defd0bfa0 nRanks 16 busId c1000
nid007974:70006:70006 [0] NCCL INFO Ring 1 : 0 -> 8 -> 9 comm 0x558defd0bfa0 nRanks 16 busId c1000
nid007974:70006:70006 [0] NCCL INFO Ring 2 : 9 -> 8 -> 14 comm 0x558defd0bfa0 nRanks 16 busId c1000
nid007974:70006:70006 [0] NCCL INFO Ring 3 : 14 -> 8 -> 9 comm 0x558defd0bfa0 nRanks 16 busId c1000
nid007974:70006:70006 [0] NCCL INFO Ring 4 : 9 -> 8 -> 0 comm 0x558defd0bfa0 nRanks 16 busId c1000
nid007974:70006:70006 [0] NCCL INFO Ring 5 : 0 -> 8 -> 9 comm 0x558defd0bfa0 nRanks 16 busId c1000
nid007974:70006:70006 [0] NCCL INFO Ring 6 : 9 -> 8 -> 14 comm 0x558defd0bfa0 nRanks 16 busId c1000
nid007974:70006:70006 [0] NCCL INFO Ring 7 : 14 -> 8 -> 9 comm 0x558defd0bfa0 nRanks 16 busId c1000
nid007974:70006:70006 [0] NCCL INFO Ring 8 : 9 -> 8 -> 0 comm 0x558defd0bfa0 nRanks 16 busId c1000
nid007974:70006:70006 [0] NCCL INFO Ring 9 : 0 -> 8 -> 9 comm 0x558defd0bfa0 nRanks 16 busId c1000
nid007974:70006:70006 [0] NCCL INFO Ring 10 : 9 -> 8 -> 14 comm 0x558defd0bfa0 nRanks 16 busId c1000
nid007974:70006:70006 [0] NCCL INFO Ring 11 : 14 -> 8 -> 9 comm 0x558defd0bfa0 nRanks 16 busId c1000
nid007974:70006:70006 [0] NCCL INFO Ring 12 : 9 -> 8 -> 0 comm 0x558defd0bfa0 nRanks 16 busId c1000
nid007974:70006:70006 [0] NCCL INFO Ring 13 : 0 -> 8 -> 9 comm 0x558defd0bfa0 nRanks 16 busId c1000
nid007974:70006:70006 [0] NCCL INFO Ring 14 : 9 -> 8 -> 14 comm 0x558defd0bfa0 nRanks 16 busId c1000
nid007974:70006:70006 [0] NCCL INFO Ring 15 : 14 -> 8 -> 9 comm 0x558defd0bfa0 nRanks 16 busId c1000
nid007974:70006:70006 [0] NCCL INFO Trees [0] 9/-1/-1->8->0 [1] -1/-1/-1->8->9 [2] 9/-1/-1->8->14 [3] 14/-1/-1->8->9 [4] 9/-1/-1->8->0 [5] -1/-1/-1->8->9 [6] 9/-1/-1->8->14 [7] 14/-1/-1->8->9 [8] 9/0/-1->8->-1 [9] -1/-1/-1->8->9 [10] 9/-1/-1->8->14 [11] 14/-1/-1->8->9 [12] 9/0/-1->8->-1 [13] -1/-1/-1->8->9 [14] 9/-1/-1->8->14 [15] 14/-1/-1->8->9 comm 0x558defd0bfa0 nRanks 16 busId c1000
nid007974:70006:70006 [0] NCCL INFO P2P Chunksize set to 131072
nid007974:70007:70007 [6] NCCL INFO Tree 2 : 15 -> 14 -> 8/-1/-1
nid007974:70007:70007 [6] NCCL INFO Tree 10 : 15 -> 14 -> 8/-1/-1
nid007974:70007:70007 [6] NCCL INFO Tree 6 : 15 -> 14 -> 8/-1/-1
nid007974:70007:70007 [6] NCCL INFO Tree 14 : 15 -> 14 -> 8/-1/-1
nid007974:70007:70007 [6] NCCL INFO Ring 0 : 15 -> 14 -> 12 comm 0x55717d520e50 nRanks 16 busId d9000
nid007974:70007:70007 [6] NCCL INFO Ring 1 : 12 -> 14 -> 15 comm 0x55717d520e50 nRanks 16 busId d9000
nid007974:70007:70007 [6] NCCL INFO Ring 2 : 8 -> 14 -> 15 comm 0x55717d520e50 nRanks 16 busId d9000
nid007974:70007:70007 [6] NCCL INFO Ring 3 : 15 -> 14 -> 8 comm 0x55717d520e50 nRanks 16 busId d9000
nid007974:70007:70007 [6] NCCL INFO Ring 4 : 15 -> 14 -> 12 comm 0x55717d520e50 nRanks 16 busId d9000
nid007974:70007:70007 [6] NCCL INFO Ring 5 : 12 -> 14 -> 15 comm 0x55717d520e50 nRanks 16 busId d9000
nid007974:70007:70007 [6] NCCL INFO Ring 6 : 8 -> 14 -> 15 comm 0x55717d520e50 nRanks 16 busId d9000
nid007974:70007:70007 [6] NCCL INFO Ring 7 : 15 -> 14 -> 8 comm 0x55717d520e50 nRanks 16 busId d9000
nid007974:70007:70007 [6] NCCL INFO Ring 8 : 15 -> 14 -> 12 comm 0x55717d520e50 nRanks 16 busId d9000
nid007974:70007:70007 [6] NCCL INFO Ring 9 : 12 -> 14 -> 15 comm 0x55717d520e50 nRanks 16 busId d9000
nid007974:70007:70007 [6] NCCL INFO Ring 10 : 8 -> 14 -> 15 comm 0x55717d520e50 nRanks 16 busId d9000
nid007974:70007:70007 [6] NCCL INFO Ring 11 : 15 -> 14 -> 8 comm 0x55717d520e50 nRanks 16 busId d9000
nid007974:70007:70007 [6] NCCL INFO Ring 12 : 15 -> 14 -> 12 comm 0x55717d520e50 nRanks 16 busId d9000
nid007974:70007:70007 [6] NCCL INFO Ring 13 : 12 -> 14 -> 15 comm 0x55717d520e50 nRanks 16 busId d9000
nid007974:70007:70007 [6] NCCL INFO Ring 14 : 8 -> 14 -> 15 comm 0x55717d520e50 nRanks 16 busId d9000
nid007974:70007:70007 [6] NCCL INFO Ring 15 : 15 -> 14 -> 8 comm 0x55717d520e50 nRanks 16 busId d9000
nid007974:70007:70007 [6] NCCL INFO Trees [0] 15/-1/-1->14->12 [1] 12/-1/-1->14->15 [2] 8/-1/-1->14->15 [3] 15/-1/-1->14->8 [4] 15/-1/-1->14->12 [5] 12/-1/-1->14->15 [6] 8/-1/-1->14->15 [7] 15/-1/-1->14->8 [8] 15/-1/-1->14->12 [9] 12/-1/-1->14->15 [10] 8/-1/-1->14->15 [11] 15/-1/-1->14->8 [12] 15/-1/-1->14->12 [13] 12/-1/-1->14->15 [14] 8/-1/-1->14->15 [15] 15/-1/-1->14->8 comm 0x55717d520e50 nRanks 16 busId d9000
nid007974:70007:70007 [6] NCCL INFO P2P Chunksize set to 131072
nid007974:70008:70008 [4] NCCL INFO Ring 3 : 10 -> 12 -> 13 comm 0x5576d248edc0 nRanks 16 busId d1000
nid007974:70008:70008 [4] NCCL INFO Ring 4 : 14 -> 12 -> 13 comm 0x5576d248edc0 nRanks 16 busId d1000
nid007974:70008:70008 [4] NCCL INFO Ring 5 : 13 -> 12 -> 14 comm 0x5576d248edc0 nRanks 16 busId d1000
nid007974:70008:70008 [4] NCCL INFO Ring 6 : 13 -> 12 -> 10 comm 0x5576d248edc0 nRanks 16 busId d1000
nid007974:70008:70008 [4] NCCL INFO Ring 7 : 10 -> 12 -> 13 comm 0x5576d248edc0 nRanks 16 busId d1000
nid007974:70008:70008 [4] NCCL INFO Ring 8 : 14 -> 12 -> 13 comm 0x5576d248edc0 nRanks 16 busId d1000
nid007974:70008:70008 [4] NCCL INFO Ring 9 : 13 -> 12 -> 14 comm 0x5576d248edc0 nRanks 16 busId d1000
nid007974:70008:70008 [4] NCCL INFO Ring 10 : 13 -> 12 -> 10 comm 0x5576d248edc0 nRanks 16 busId d1000
nid007974:70008:70008 [4] NCCL INFO Ring 11 : 10 -> 12 -> 13 comm 0x5576d248edc0 nRanks 16 busId d1000
nid007974:70008:70008 [4] NCCL INFO Ring 12 : 14 -> 12 -> 13 comm 0x5576d248edc0 nRanks 16 busId d1000
nid007974:70008:70008 [4] NCCL INFO Ring 13 : 13 -> 12 -> 14 comm 0x5576d248edc0 nRanks 16 busId d1000
nid007974:70008:70008 [4] NCCL INFO Ring 14 : 13 -> 12 -> 10 comm 0x5576d248edc0 nRanks 16 busId d1000
nid007974:70008:70008 [4] NCCL INFO Ring 15 : 10 -> 12 -> 13 comm 0x5576d248edc0 nRanks 16 busId d1000
nid007974:70008:70008 [4] NCCL INFO Trees [0] 14/-1/-1->12->13 [1] 13/-1/-1->12->14 [2] 13/-1/-1->12->10 [3] 10/-1/-1->12->13 [4] 14/-1/-1->12->13 [5] 13/-1/-1->12->14 [6] 13/-1/-1->12->10 [7] 10/-1/-1->12->13 [8] 14/-1/-1->12->13 [9] 13/-1/-1->12->14 [10] 13/-1/-1->12->10 [11] 10/-1/-1->12->13 [12] 14/-1/-1->12->13 [13] 13/-1/-1->12->14 [14] 13/-1/-1->12->10 [15] 10/-1/-1->12->13 comm 0x5576d248edc0 nRanks 16 busId d1000
nid007974:70008:70008 [4] NCCL INFO P2P Chunksize set to 131072
nid007974:70009:70009 [3] NCCL INFO Ring 3 : 9 -> 11 -> 10 comm 0x564743402e90 nRanks 16 busId ce000
nid007974:70009:70009 [3] NCCL INFO Ring 4 : 10 -> 11 -> 15 comm 0x564743402e90 nRanks 16 busId ce000
nid007974:70009:70009 [3] NCCL INFO Ring 5 : 15 -> 11 -> 10 comm 0x564743402e90 nRanks 16 busId ce000
nid007974:70009:70009 [3] NCCL INFO Ring 6 : 10 -> 11 -> 9 comm 0x564743402e90 nRanks 16 busId ce000
nid007974:70009:70009 [3] NCCL INFO Ring 7 : 9 -> 11 -> 10 comm 0x564743402e90 nRanks 16 busId ce000
nid007974:70009:70009 [3] NCCL INFO Ring 8 : 10 -> 11 -> 15 comm 0x564743402e90 nRanks 16 busId ce000
nid007974:70009:70009 [3] NCCL INFO Ring 9 : 15 -> 11 -> 10 comm 0x564743402e90 nRanks 16 busId ce000
nid007974:70009:70009 [3] NCCL INFO Ring 10 : 10 -> 11 -> 9 comm 0x564743402e90 nRanks 16 busId ce000
nid007974:70009:70009 [3] NCCL INFO Ring 11 : 9 -> 11 -> 10 comm 0x564743402e90 nRanks 16 busId ce000
nid007974:70009:70009 [3] NCCL INFO Ring 12 : 10 -> 11 -> 15 comm 0x564743402e90 nRanks 16 busId ce000
nid007974:70009:70009 [3] NCCL INFO Ring 13 : 15 -> 11 -> 10 comm 0x564743402e90 nRanks 16 busId ce000
nid007974:70009:70009 [3] NCCL INFO Ring 14 : 10 -> 11 -> 9 comm 0x564743402e90 nRanks 16 busId ce000
nid007974:70009:70009 [3] NCCL INFO Ring 15 : 9 -> 11 -> 10 comm 0x564743402e90 nRanks 16 busId ce000
nid007974:70009:70009 [3] NCCL INFO Trees [0] 10/-1/-1->11->15 [1] 15/-1/-1->11->10 [2] 10/-1/-1->11->9 [3] 9/-1/-1->11->10 [4] 10/-1/-1->11->15 [5] 15/-1/-1->11->10 [6] 10/-1/-1->11->9 [7] 9/-1/-1->11->10 [8] 10/-1/-1->11->15 [9] 15/-1/-1->11->10 [10] 10/-1/-1->11->9 [11] 9/-1/-1->11->10 [12] 10/-1/-1->11->15 [13] 15/-1/-1->11->10 [14] 10/-1/-1->11->9 [15] 9/-1/-1->11->10 comm 0x564743402e90 nRanks 16 busId ce000
nid007974:70009:70009 [3] NCCL INFO P2P Chunksize set to 131072
nid007974:70008:70008 [4] NCCL INFO Channel 00/0 : 12[d1000] -> 13[d6000] via P2P/IPC comm 0x5576d248edc0 nRanks 16
nid007974:70011:70097 [5] NCCL INFO New proxy recv connection 0 from local rank 5, transport 0
nid007974:70011:70011 [5] NCCL INFO Connected to proxy localRank 5 -> connection 0x153c40001420
nid007974:70012:70091 [1] NCCL INFO New proxy recv connection 0 from local rank 1, transport 0
nid007974:70009:70100 [3] NCCL INFO New proxy recv connection 0 from local rank 3, transport 0
nid007974:70010:70010 [2] NCCL INFO Channel 00/0 : 10[c9000] -> 11[ce000] via P2P/IPC comm 0x555fb8b1ed80 nRanks 16
nid007974:70012:70012 [1] NCCL INFO Connected to proxy localRank 1 -> connection 0x14f334001420
nid007974:70009:70009 [3] NCCL INFO Connected to proxy localRank 3 -> connection 0x14964c001420
nid007974:70008:70096 [4] NCCL INFO New proxy send connection 0 from local rank 4, transport 0
nid007974:70013:70090 [7] NCCL INFO New proxy recv connection 0 from local rank 7, transport 0
nid007974:70008:70008 [4] NCCL INFO Connected to proxy localRank 4 -> connection 0x145e0c001420
nid007974:70013:70013 [7] NCCL INFO Connected to proxy localRank 7 -> connection 0x149264001420
nid007974:70010:70092 [2] NCCL INFO New proxy send connection 0 from local rank 2, transport 0
nid007974:70006:70006 [0] NCCL INFO Channel 01/0 : 8[c1000] -> 9[c6000] via P2P/IPC comm 0x558defd0bfa0 nRanks 16
nid007974:70010:70010 [2] NCCL INFO Connected to proxy localRank 2 -> connection 0x14d400001420
nid007974:70007:70007 [6] NCCL INFO Channel 01/0 : 14[d9000] -> 15[de000] via P2P/IPC comm 0x55717d520e50 nRanks 16
nid007974:70007:70093 [6] NCCL INFO New proxy send connection 0 from local rank 6, transport 0
nid007974:70006:70095 [0] NCCL INFO New proxy send connection 0 from local rank 0, transport 0
nid007974:70006:70006 [0] NCCL INFO Connected to proxy localRank 0 -> connection 0x151238001420
nid007974:70007:70007 [6] NCCL INFO Connected to proxy localRank 6 -> connection 0x154848001420
nid007974:70013:70090 [7] NCCL INFO New proxy recv connection 1 from local rank 7, transport 0
nid007974:70013:70013 [7] NCCL INFO Connected to proxy localRank 7 -> connection 0x149264001498
nid007974:70007:70007 [6] NCCL INFO Channel 02/0 : 14[d9000] -> 15[de000] via P2P/IPC comm 0x55717d520e50 nRanks 16
nid007974:70007:70093 [6] NCCL INFO New proxy send connection 1 from local rank 6, transport 0
nid007974:70007:70007 [6] NCCL INFO Connected to proxy localRank 6 -> connection 0x154848001498
nid007974:70012:70091 [1] NCCL INFO New proxy recv connection 1 from local rank 1, transport 0
nid007974:70012:70012 [1] NCCL INFO Connected to proxy localRank 1 -> connection 0x14f334001498
nid007974:70006:70006 [0] NCCL INFO Channel 03/0 : 8[c1000] -> 9[c6000] via P2P/IPC comm 0x558defd0bfa0 nRanks 16
nid007974:70006:70095 [0] NCCL INFO New proxy send connection 1 from local rank 0, transport 0
nid007974:70006:70006 [0] NCCL INFO Connected to proxy localRank 0 -> connection 0x151238001498
nid007974:70009:70100 [3] NCCL INFO New proxy recv connection 1 from local rank 3, transport 0
nid007974:70009:70009 [3] NCCL INFO Connected to proxy localRank 3 -> connection 0x14964c001498
nid007974:70008:70008 [4] NCCL INFO Channel 03/0 : 12[d1000] -> 13[d6000] via P2P/IPC comm 0x5576d248edc0 nRanks 16
nid007974:70011:70097 [5] NCCL INFO New proxy recv connection 1 from local rank 5, transport 0
nid007974:70011:70011 [5] NCCL INFO Connected to proxy localRank 5 -> connection 0x153c40001498
nid007974:70008:70096 [4] NCCL INFO New proxy send connection 1 from local rank 4, transport 0
nid007974:70008:70008 [4] NCCL INFO Connected to proxy localRank 4 -> connection 0x145e0c001498
nid007974:70010:70010 [2] NCCL INFO Channel 02/0 : 10[c9000] -> 11[ce000] via P2P/IPC comm 0x555fb8b1ed80 nRanks 16
nid007974:70010:70092 [2] NCCL INFO New proxy send connection 1 from local rank 2, transport 0
nid007974:70010:70010 [2] NCCL INFO Connected to proxy localRank 2 -> connection 0x14d400001498
nid007973:80837:80837 [2] NCCL INFO Channel 01/0 : 2[c9000] -> 3[ce000] via P2P/IPC comm 0x556a309360f0 nRanks 16
nid007973:80842:80842 [6] NCCL INFO Channel 00/0 : 6[d9000] -> 7[de000] via P2P/IPC comm 0x55fbb093ae60 nRanks 16
nid007973:80840:80840 [4] NCCL INFO Channel 01/0 : 4[d1000] -> 5[d6000] via P2P/IPC comm 0x55a24b51bc60 nRanks 16
nid007973:80835:80835 [0] NCCL INFO Channel 00/0 : 0[c1000] -> 1[c6000] via P2P/IPC comm 0x5571859b9050 nRanks 16
nid007973:80836:80923 [1] NCCL INFO New proxy recv connection 0 from local rank 1, transport 0
nid007973:80835:80929 [0] NCCL INFO New proxy send connection 0 from local rank 0, transport 0
nid007973:80835:80835 [0] NCCL INFO Connected to proxy localRank 0 -> connection 0x15448c001420
nid007973:80838:80926 [5] NCCL INFO New proxy recv connection 0 from local rank 5, transport 0
nid007973:80838:80838 [5] NCCL INFO Connected to proxy localRank 5 -> connection 0x14d4f8001420
nid007973:80837:80930 [2] NCCL INFO New proxy send connection 0 from local rank 2, transport 0
nid007973:80837:80837 [2] NCCL INFO Connected to proxy localRank 2 -> connection 0x14a778001420
nid007973:80842:80927 [6] NCCL INFO New proxy send connection 0 from local rank 6, transport 0
nid007973:80842:80842 [6] NCCL INFO Connected to proxy localRank 6 -> connection 0x14ed7c001420
nid007973:80836:80836 [1] NCCL INFO Connected to proxy localRank 1 -> connection 0x14577c001420
nid007973:80839:80924 [7] NCCL INFO New proxy recv connection 0 from local rank 7, transport 0
nid007973:80839:80839 [7] NCCL INFO Connected to proxy localRank 7 -> connection 0x148890001420
nid007973:80841:80928 [3] NCCL INFO New proxy recv connection 0 from local rank 3, transport 0
nid007973:80841:80841 [3] NCCL INFO Connected to proxy localRank 3 -> connection 0x147624001420
nid007973:80840:80925 [4] NCCL INFO New proxy send connection 0 from local rank 4, transport 0
nid007973:80840:80840 [4] NCCL INFO Connected to proxy localRank 4 -> connection 0x145eb8001420
nid007974:70013:70090 [7] NCCL INFO New proxy recv connection 2 from local rank 7, transport 0
nid007974:70013:70013 [7] NCCL INFO Connected to proxy localRank 7 -> connection 0x149264001510
nid007974:70007:70007 [6] NCCL INFO Channel 05/0 : 14[d9000] -> 15[de000] via P2P/IPC comm 0x55717d520e50 nRanks 16
nid007974:70007:70093 [6] NCCL INFO New proxy send connection 2 from local rank 6, transport 0
nid007974:70007:70007 [6] NCCL INFO Connected to proxy localRank 6 -> connection 0x154848001510
nid007974:70012:70091 [1] NCCL INFO New proxy recv connection 2 from local rank 1, transport 0
nid007974:70012:70012 [1] NCCL INFO Connected to proxy localRank 1 -> connection 0x14f334001510
nid007974:70006:70006 [0] NCCL INFO Channel 05/0 : 8[c1000] -> 9[c6000] via P2P/IPC comm 0x558defd0bfa0 nRanks 16
nid007974:70006:70095 [0] NCCL INFO New proxy send connection 2 from local rank 0, transport 0
nid007974:70006:70006 [0] NCCL INFO Connected to proxy localRank 0 -> connection 0x151238001510
nid007974:70008:70008 [4] NCCL INFO Channel 04/0 : 12[d1000] -> 13[d6000] via P2P/IPC comm 0x5576d248edc0 nRanks 16
nid007974:70008:70096 [4] NCCL INFO New proxy send connection 2 from local rank 4, transport 0
nid007974:70009:70100 [3] NCCL INFO New proxy recv connection 2 from local rank 3, transport 0
nid007974:70009:70009 [3] NCCL INFO Connected to proxy localRank 3 -> connection 0x14964c001510
nid007974:70008:70008 [4] NCCL INFO Connected to proxy localRank 4 -> connection 0x145e0c001510
nid007974:70011:70097 [5] NCCL INFO New proxy recv connection 2 from local rank 5, transport 0
nid007974:70011:70011 [5] NCCL INFO Connected to proxy localRank 5 -> connection 0x153c40001510
nid007974:70013:70090 [7] NCCL INFO New proxy recv connection 3 from local rank 7, transport 0
nid007974:70013:70013 [7] NCCL INFO Connected to proxy localRank 7 -> connection 0x149264001588
nid007974:70010:70010 [2] NCCL INFO Channel 04/0 : 10[c9000] -> 11[ce000] via P2P/IPC comm 0x555fb8b1ed80 nRanks 16
nid007974:70010:70092 [2] NCCL INFO New proxy send connection 2 from local rank 2, transport 0
nid007974:70010:70010 [2] NCCL INFO Connected to proxy localRank 2 -> connection 0x14d400001510
nid007974:70007:70007 [6] NCCL INFO Channel 06/0 : 14[d9000] -> 15[de000] via P2P/IPC comm 0x55717d520e50 nRanks 16
nid007974:70007:70093 [6] NCCL INFO New proxy send connection 3 from local rank 6, transport 0
nid007974:70007:70007 [6] NCCL INFO Connected to proxy localRank 6 -> connection 0x154848001588
nid007973:80839:80924 [7] NCCL INFO New proxy recv connection 1 from local rank 7, transport 0
nid007973:80839:80839 [7] NCCL INFO Connected to proxy localRank 7 -> connection 0x148890001498
nid007973:80838:80926 [5] NCCL INFO New proxy recv connection 1 from local rank 5, transport 0
nid007973:80838:80838 [5] NCCL INFO Connected to proxy localRank 5 -> connection 0x14d4f8001498
nid007973:80842:80842 [6] NCCL INFO Channel 03/0 : 6[d9000] -> 7[de000] via P2P/IPC comm 0x55fbb093ae60 nRanks 16
nid007973:80842:80927 [6] NCCL INFO New proxy send connection 1 from local rank 6, transport 0
nid007973:80842:80842 [6] NCCL INFO Connected to proxy localRank 6 -> connection 0x14ed7c001498
nid007973:80836:80923 [1] NCCL INFO New proxy recv connection 1 from local rank 1, transport 0
nid007973:80836:80836 [1] NCCL INFO Connected to proxy localRank 1 -> connection 0x14577c001498
nid007973:80835:80835 [0] NCCL INFO Channel 02/0 : 0[c1000] -> 1[c6000] via P2P/IPC comm 0x5571859b9050 nRanks 16
nid007973:80835:80929 [0] NCCL INFO New proxy send connection 1 from local rank 0, transport 0
nid007973:80835:80835 [0] NCCL INFO Connected to proxy localRank 0 -> connection 0x15448c001498
nid007973:80837:80837 [2] NCCL INFO Channel 03/0 : 2[c9000] -> 3[ce000] via P2P/IPC comm 0x556a309360f0 nRanks 16
nid007973:80841:80928 [3] NCCL INFO New proxy recv connection 1 from local rank 3, transport 0
nid007973:80837:80930 [2] NCCL INFO New proxy send connection 1 from local rank 2, transport 0
nid007973:80837:80837 [2] NCCL INFO Connected to proxy localRank 2 -> connection 0x14a778001498
nid007973:80841:80841 [3] NCCL INFO Connected to proxy localRank 3 -> connection 0x147624001498
nid007974:70012:70091 [1] NCCL INFO New proxy recv connection 3 from local rank 1, transport 0
nid007974:70012:70012 [1] NCCL INFO Connected to proxy localRank 1 -> connection 0x14f334001588
nid007974:70006:70006 [0] NCCL INFO Channel 07/0 : 8[c1000] -> 9[c6000] via P2P/IPC comm 0x558defd0bfa0 nRanks 16
nid007974:70006:70095 [0] NCCL INFO New proxy send connection 3 from local rank 0, transport 0
nid007974:70006:70006 [0] NCCL INFO Connected to proxy localRank 0 -> connection 0x151238001588
nid007973:80840:80840 [4] NCCL INFO Channel 02/0 : 4[d1000] -> 5[d6000] via P2P/IPC comm 0x55a24b51bc60 nRanks 16
nid007973:80840:80925 [4] NCCL INFO New proxy send connection 1 from local rank 4, transport 0
nid007973:80840:80840 [4] NCCL INFO Connected to proxy localRank 4 -> connection 0x145eb8001498
nid007974:70013:70090 [7] NCCL INFO New proxy recv connection 4 from local rank 7, transport 0
nid007974:70013:70013 [7] NCCL INFO Connected to proxy localRank 7 -> connection 0x149264001600
nid007974:70007:70007 [6] NCCL INFO Channel 09/0 : 14[d9000] -> 15[de000] via P2P/IPC comm 0x55717d520e50 nRanks 16
nid007974:70007:70093 [6] NCCL INFO New proxy send connection 4 from local rank 6, transport 0
nid007974:70007:70007 [6] NCCL INFO Connected to proxy localRank 6 -> connection 0x154848001600
nid007973:80838:80926 [5] NCCL INFO New proxy recv connection 2 from local rank 5, transport 0
nid007973:80838:80838 [5] NCCL INFO Connected to proxy localRank 5 -> connection 0x14d4f8001510
nid007973:80839:80924 [7] NCCL INFO New proxy recv connection 2 from local rank 7, transport 0
nid007973:80839:80839 [7] NCCL INFO Connected to proxy localRank 7 -> connection 0x148890001510
nid007974:70008:70008 [4] NCCL INFO Channel 07/0 : 12[d1000] -> 13[d6000] via P2P/IPC comm 0x5576d248edc0 nRanks 16
nid007974:70008:70096 [4] NCCL INFO New proxy send connection 3 from local rank 4, transport 0
nid007974:70008:70008 [4] NCCL INFO Connected to proxy localRank 4 -> connection 0x145e0c001588
nid007974:70009:70100 [3] NCCL INFO New proxy recv connection 3 from local rank 3, transport 0
nid007974:70011:70097 [5] NCCL INFO New proxy recv connection 3 from local rank 5, transport 0
nid007974:70011:70011 [5] NCCL INFO Connected to proxy localRank 5 -> connection 0x153c40001588
nid007974:70012:70091 [1] NCCL INFO New proxy recv connection 4 from local rank 1, transport 0
nid007974:70012:70012 [1] NCCL INFO Connected to proxy localRank 1 -> connection 0x14f334001600
nid007974:70009:70009 [3] NCCL INFO Connected to proxy localRank 3 -> connection 0x14964c001588
nid007974:70010:70010 [2] NCCL INFO Channel 06/0 : 10[c9000] -> 11[ce000] via P2P/IPC comm 0x555fb8b1ed80 nRanks 16
nid007974:70010:70092 [2] NCCL INFO New proxy send connection 3 from local rank 2, transport 0
nid007974:70010:70010 [2] NCCL INFO Connected to proxy localRank 2 -> connection 0x14d400001588
nid007973:80836:80923 [1] NCCL INFO New proxy recv connection 2 from local rank 1, transport 0
nid007973:80836:80836 [1] NCCL INFO Connected to proxy localRank 1 -> connection 0x14577c001510
nid007974:70006:70006 [0] NCCL INFO Channel 09/0 : 8[c1000] -> 9[c6000] via P2P/IPC comm 0x558defd0bfa0 nRanks 16
nid007974:70006:70095 [0] NCCL INFO New proxy send connection 4 from local rank 0, transport 0
nid007974:70006:70006 [0] NCCL INFO Connected to proxy localRank 0 -> connection 0x151238001600
nid007973:80835:80835 [0] NCCL INFO Channel 04/0 : 0[c1000] -> 1[c6000] via P2P/IPC comm 0x5571859b9050 nRanks 16
nid007973:80841:80928 [3] NCCL INFO New proxy recv connection 2 from local rank 3, transport 0
nid007973:80841:80841 [3] NCCL INFO Connected to proxy localRank 3 -> connection 0x147624001510
nid007973:80835:80929 [0] NCCL INFO New proxy send connection 2 from local rank 0, transport 0
nid007973:80835:80835 [0] NCCL INFO Connected to proxy localRank 0 -> connection 0x15448c001510
nid007974:70013:70090 [7] NCCL INFO New proxy recv connection 5 from local rank 7, transport 0
nid007974:70013:70013 [7] NCCL INFO Connected to proxy localRank 7 -> connection 0x149264001678
nid007974:70007:70007 [6] NCCL INFO Channel 10/0 : 14[d9000] -> 15[de000] via P2P/IPC comm 0x55717d520e50 nRanks 16
nid007974:70007:70093 [6] NCCL INFO New proxy send connection 5 from local rank 6, transport 0
nid007974:70007:70007 [6] NCCL INFO Connected to proxy localRank 6 -> connection 0x154848001678
nid007973:80840:80840 [4] NCCL INFO Channel 05/0 : 4[d1000] -> 5[d6000] via P2P/IPC comm 0x55a24b51bc60 nRanks 16
nid007973:80840:80925 [4] NCCL INFO New proxy send connection 2 from local rank 4, transport 0
nid007973:80840:80840 [4] NCCL INFO Connected to proxy localRank 4 -> connection 0x145eb8001510
nid007973:80838:80926 [5] NCCL INFO New proxy recv connection 3 from local rank 5, transport 0
nid007973:80838:80838 [5] NCCL INFO Connected to proxy localRank 5 -> connection 0x14d4f8001588
nid007974:70012:70091 [1] NCCL INFO New proxy recv connection 5 from local rank 1, transport 0
nid007974:70012:70012 [1] NCCL INFO Connected to proxy localRank 1 -> connection 0x14f334001678
nid007973:80839:80924 [7] NCCL INFO New proxy recv connection 3 from local rank 7, transport 0
nid007973:80839:80839 [7] NCCL INFO Connected to proxy localRank 7 -> connection 0x148890001588
nid007973:80837:80837 [2] NCCL INFO Channel 05/0 : 2[c9000] -> 3[ce000] via P2P/IPC comm 0x556a309360f0 nRanks 16
nid007973:80837:80930 [2] NCCL INFO New proxy send connection 2 from local rank 2, transport 0
nid007973:80837:80837 [2] NCCL INFO Connected to proxy localRank 2 -> connection 0x14a778001510
nid007974:70006:70006 [0] NCCL INFO Channel 11/0 : 8[c1000] -> 9[c6000] via P2P/IPC comm 0x558defd0bfa0 nRanks 16
nid007974:70006:70095 [0] NCCL INFO New proxy send connection 5 from local rank 0, transport 0
nid007974:70006:70006 [0] NCCL INFO Connected to proxy localRank 0 -> connection 0x151238001678
nid007974:70008:70008 [4] NCCL INFO Channel 08/0 : 12[d1000] -> 13[d6000] via P2P/IPC comm 0x5576d248edc0 nRanks 16
nid007974:70008:70096 [4] NCCL INFO New proxy send connection 4 from local rank 4, transport 0
nid007974:70008:70008 [4] NCCL INFO Connected to proxy localRank 4 -> connection 0x145e0c001600
nid007974:70011:70097 [5] NCCL INFO New proxy recv connection 4 from local rank 5, transport 0
nid007974:70011:70011 [5] NCCL INFO Connected to proxy localRank 5 -> connection 0x153c40001600
nid007973:80836:80923 [1] NCCL INFO New proxy recv connection 3 from local rank 1, transport 0
nid007973:80836:80836 [1] NCCL INFO Connected to proxy localRank 1 -> connection 0x14577c001588
nid007974:70013:70090 [7] NCCL INFO New proxy recv connection 6 from local rank 7, transport 0
nid007974:70013:70013 [7] NCCL INFO Connected to proxy localRank 7 -> connection 0x1492640016f0
nid007974:70009:70100 [3] NCCL INFO New proxy recv connection 4 from local rank 3, transport 0
nid007973:80835:80835 [0] NCCL INFO Channel 06/0 : 0[c1000] -> 1[c6000] via P2P/IPC comm 0x5571859b9050 nRanks 16
nid007974:70010:70010 [2] NCCL INFO Channel 08/0 : 10[c9000] -> 11[ce000] via P2P/IPC comm 0x555fb8b1ed80 nRanks 16
nid007973:80841:80928 [3] NCCL INFO New proxy recv connection 3 from local rank 3, transport 0
nid007973:80835:80929 [0] NCCL INFO New proxy send connection 3 from local rank 0, transport 0
nid007973:80835:80835 [0] NCCL INFO Connected to proxy localRank 0 -> connection 0x15448c001588
nid007973:80841:80841 [3] NCCL INFO Connected to proxy localRank 3 -> connection 0x147624001588
nid007974:70009:70009 [3] NCCL INFO Connected to proxy localRank 3 -> connection 0x14964c001600
nid007974:70010:70092 [2] NCCL INFO New proxy send connection 4 from local rank 2, transport 0
nid007974:70010:70010 [2] NCCL INFO Connected to proxy localRank 2 -> connection 0x14d400001600
nid007974:70007:70007 [6] NCCL INFO Channel 13/0 : 14[d9000] -> 15[de000] via P2P/IPC comm 0x55717d520e50 nRanks 16
nid007974:70007:70093 [6] NCCL INFO New proxy send connection 6 from local rank 6, transport 0
nid007974:70007:70007 [6] NCCL INFO Connected to proxy localRank 6 -> connection 0x1548480016f0
nid007973:80838:80926 [5] NCCL INFO New proxy recv connection 4 from local rank 5, transport 0
nid007973:80838:80838 [5] NCCL INFO Connected to proxy localRank 5 -> connection 0x14d4f8001600
nid007974:70012:70091 [1] NCCL INFO New proxy recv connection 6 from local rank 1, transport 0
nid007974:70012:70012 [1] NCCL INFO Connected to proxy localRank 1 -> connection 0x14f3340016f0
nid007973:80839:80924 [7] NCCL INFO New proxy recv connection 4 from local rank 7, transport 0
nid007973:80839:80839 [7] NCCL INFO Connected to proxy localRank 7 -> connection 0x148890001600
nid007973:80840:80840 [4] NCCL INFO Channel 06/0 : 4[d1000] -> 5[d6000] via P2P/IPC comm 0x55a24b51bc60 nRanks 16
nid007973:80840:80925 [4] NCCL INFO New proxy send connection 3 from local rank 4, transport 0
nid007973:80840:80840 [4] NCCL INFO Connected to proxy localRank 4 -> connection 0x145eb8001588
nid007974:70006:70006 [0] NCCL INFO Channel 13/0 : 8[c1000] -> 9[c6000] via P2P/IPC comm 0x558defd0bfa0 nRanks 16
nid007974:70006:70095 [0] NCCL INFO New proxy send connection 6 from local rank 0, transport 0
nid007974:70006:70006 [0] NCCL INFO Connected to proxy localRank 0 -> connection 0x1512380016f0
nid007974:70013:70090 [7] NCCL INFO New proxy recv connection 7 from local rank 7, transport 0
nid007974:70013:70013 [7] NCCL INFO Connected to proxy localRank 7 -> connection 0x149264001768
nid007974:70007:70007 [6] NCCL INFO Channel 14/0 : 14[d9000] -> 15[de000] via P2P/IPC comm 0x55717d520e50 nRanks 16
nid007974:70007:70093 [6] NCCL INFO New proxy send connection 7 from local rank 6, transport 0
nid007974:70007:70007 [6] NCCL INFO Connected to proxy localRank 6 -> connection 0x154848001768
nid007973:80836:80923 [1] NCCL INFO New proxy recv connection 4 from local rank 1, transport 0
nid007973:80836:80836 [1] NCCL INFO Connected to proxy localRank 1 -> connection 0x14577c001600
nid007973:80841:80928 [3] NCCL INFO New proxy recv connection 4 from local rank 3, transport 0
nid007973:80835:80835 [0] NCCL INFO Channel 08/0 : 0[c1000] -> 1[c6000] via P2P/IPC comm 0x5571859b9050 nRanks 16
nid007974:70008:70008 [4] NCCL INFO Channel 11/0 : 12[d1000] -> 13[d6000] via P2P/IPC comm 0x5576d248edc0 nRanks 16
nid007974:70008:70096 [4] NCCL INFO New proxy send connection 5 from local rank 4, transport 0
nid007973:80841:80841 [3] NCCL INFO Connected to proxy localRank 3 -> connection 0x147624001600
nid007973:80835:80929 [0] NCCL INFO New proxy send connection 4 from local rank 0, transport 0
nid007973:80835:80835 [0] NCCL INFO Connected to proxy localRank 0 -> connection 0x15448c001600
nid007974:70008:70008 [4] NCCL INFO Connected to proxy localRank 4 -> connection 0x145e0c001678
nid007974:70011:70097 [5] NCCL INFO New proxy recv connection 5 from local rank 5, transport 0
nid007974:70011:70011 [5] NCCL INFO Connected to proxy localRank 5 -> connection 0x153c40001678
nid007974:70009:70100 [3] NCCL INFO New proxy recv connection 5 from local rank 3, transport 0
nid007974:70010:70010 [2] NCCL INFO Channel 10/0 : 10[c9000] -> 11[ce000] via P2P/IPC comm 0x555fb8b1ed80 nRanks 16
nid007974:70010:70092 [2] NCCL INFO New proxy send connection 5 from local rank 2, transport 0
nid007974:70009:70009 [3] NCCL INFO Connected to proxy localRank 3 -> connection 0x14964c001678
nid007974:70010:70010 [2] NCCL INFO Connected to proxy localRank 2 -> connection 0x14d400001678
nid007974:70012:70091 [1] NCCL INFO New proxy recv connection 7 from local rank 1, transport 0
nid007974:70012:70012 [1] NCCL INFO Connected to proxy localRank 1 -> connection 0x14f334001768
nid007973:80838:80926 [5] NCCL INFO New proxy recv connection 5 from local rank 5, transport 0
nid007973:80838:80838 [5] NCCL INFO Connected to proxy localRank 5 -> connection 0x14d4f8001678
nid007973:80839:80924 [7] NCCL INFO New proxy recv connection 5 from local rank 7, transport 0
nid007973:80839:80839 [7] NCCL INFO Connected to proxy localRank 7 -> connection 0x148890001678
nid007974:70013:70090 [7] NCCL INFO New proxy recv connection 8 from local rank 7, transport 0
nid007974:70013:70013 [7] NCCL INFO Connected to proxy localRank 7 -> connection 0x1492640017e0
nid007974:70007:70093 [6] NCCL INFO New proxy recv connection 8 from local rank 6, transport 0
nid007974:70006:70006 [0] NCCL INFO Channel 15/0 : 8[c1000] -> 9[c6000] via P2P/IPC comm 0x558defd0bfa0 nRanks 16
nid007974:70007:70007 [6] NCCL INFO Connected to proxy localRank 6 -> connection 0x1548480017e0
nid007974:70006:70095 [0] NCCL INFO New proxy send connection 7 from local rank 0, transport 0
nid007974:70006:70006 [0] NCCL INFO Connected to proxy localRank 0 -> connection 0x151238001768
nid007973:80842:80842 [6] NCCL INFO Channel 04/0 : 6[d9000] -> 7[de000] via P2P/IPC comm 0x55fbb093ae60 nRanks 16
nid007973:80842:80927 [6] NCCL INFO New proxy send connection 2 from local rank 6, transport 0
nid007973:80842:80842 [6] NCCL INFO Connected to proxy localRank 6 -> connection 0x14ed7c001510
nid007973:80836:80923 [1] NCCL INFO New proxy recv connection 5 from local rank 1, transport 0
nid007973:80836:80836 [1] NCCL INFO Connected to proxy localRank 1 -> connection 0x14577c001678
nid007973:80840:80840 [4] NCCL INFO Channel 09/0 : 4[d1000] -> 5[d6000] via P2P/IPC comm 0x55a24b51bc60 nRanks 16
nid007973:80840:80925 [4] NCCL INFO New proxy send connection 4 from local rank 4, transport 0
nid007973:80840:80840 [4] NCCL INFO Connected to proxy localRank 4 -> connection 0x145eb8001600
nid007973:80841:80928 [3] NCCL INFO New proxy recv connection 5 from local rank 3, transport 0
nid007973:80841:80841 [3] NCCL INFO Connected to proxy localRank 3 -> connection 0x147624001678
nid007973:80835:80835 [0] NCCL INFO Channel 10/0 : 0[c1000] -> 1[c6000] via P2P/IPC comm 0x5571859b9050 nRanks 16
nid007973:80835:80929 [0] NCCL INFO New proxy send connection 5 from local rank 0, transport 0
nid007973:80835:80835 [0] NCCL INFO Connected to proxy localRank 0 -> connection 0x15448c001678
nid007973:80838:80926 [5] NCCL INFO New proxy recv connection 6 from local rank 5, transport 0
nid007973:80838:80838 [5] NCCL INFO Connected to proxy localRank 5 -> connection 0x14d4f80016f0
nid007974:70008:70008 [4] NCCL INFO Channel 12/0 : 12[d1000] -> 13[d6000] via P2P/IPC comm 0x5576d248edc0 nRanks 16
nid007974:70008:70096 [4] NCCL INFO New proxy send connection 6 from local rank 4, transport 0
nid007974:70008:70008 [4] NCCL INFO Connected to proxy localRank 4 -> connection 0x145e0c0016f0
nid007974:70011:70097 [5] NCCL INFO New proxy recv connection 6 from local rank 5, transport 0
nid007974:70011:70011 [5] NCCL INFO Connected to proxy localRank 5 -> connection 0x153c400016f0
nid007974:70010:70010 [2] NCCL INFO Channel 12/0 : 10[c9000] -> 11[ce000] via P2P/IPC comm 0x555fb8b1ed80 nRanks 16
nid007974:70009:70100 [3] NCCL INFO New proxy recv connection 6 from local rank 3, transport 0
nid007974:70010:70092 [2] NCCL INFO New proxy send connection 6 from local rank 2, transport 0
nid007974:70010:70010 [2] NCCL INFO Connected to proxy localRank 2 -> connection 0x14d4000016f0
nid007974:70009:70009 [3] NCCL INFO Connected to proxy localRank 3 -> connection 0x14964c0016f0
nid007974:70013:70090 [7] NCCL INFO New proxy recv connection 9 from local rank 7, transport 0
nid007974:70013:70013 [7] NCCL INFO Connected to proxy localRank 7 -> connection 0x149264001858
nid007974:70007:70093 [6] NCCL INFO New proxy recv connection 9 from local rank 6, transport 0
nid007974:70007:70007 [6] NCCL INFO Connected to proxy localRank 6 -> connection 0x154848001858
nid007973:80839:80924 [7] NCCL INFO New proxy recv connection 6 from local rank 7, transport 0
nid007973:80839:80839 [7] NCCL INFO Connected to proxy localRank 7 -> connection 0x1488900016f0
nid007974:70012:70012 [1] NCCL INFO Channel 03/0 : 9[c6000] -> 11[ce000] via P2P/IPC comm 0x5570ceec4980 nRanks 16
nid007974:70006:70006 [0] NCCL INFO Channel 02/0 : 8[c1000] -> 14[d9000] via P2P/IPC comm 0x558defd0bfa0 nRanks 16
nid007974:70006:70095 [0] NCCL INFO New proxy send connection 8 from local rank 0, transport 0
nid007974:70006:70006 [0] NCCL INFO Connected to proxy localRank 0 -> connection 0x1512380017e0
nid007974:70012:70091 [1] NCCL INFO New proxy send connection 8 from local rank 1, transport 0
nid007974:70012:70012 [1] NCCL INFO Connected to proxy localRank 1 -> connection 0x14f3340017e0
nid007973:80842:80842 [6] NCCL INFO Channel 07/0 : 6[d9000] -> 7[de000] via P2P/IPC comm 0x55fbb093ae60 nRanks 16
nid007973:80842:80927 [6] NCCL INFO New proxy send connection 3 from local rank 6, transport 0
nid007973:80842:80842 [6] NCCL INFO Connected to proxy localRank 6 -> connection 0x14ed7c001588
nid007973:80836:80923 [1] NCCL INFO New proxy recv connection 6 from local rank 1, transport 0
nid007973:80836:80836 [1] NCCL INFO Connected to proxy localRank 1 -> connection 0x14577c0016f0
nid007973:80841:80928 [3] NCCL INFO New proxy recv connection 6 from local rank 3, transport 0
nid007973:80841:80841 [3] NCCL INFO Connected to proxy localRank 3 -> connection 0x1476240016f0
nid007973:80835:80835 [0] NCCL INFO Channel 12/0 : 0[c1000] -> 1[c6000] via P2P/IPC comm 0x5571859b9050 nRanks 16
nid007973:80835:80929 [0] NCCL INFO New proxy send connection 6 from local rank 0, transport 0
nid007973:80835:80835 [0] NCCL INFO Connected to proxy localRank 0 -> connection 0x15448c0016f0
nid007973:80838:80926 [5] NCCL INFO New proxy recv connection 7 from local rank 5, transport 0
nid007973:80838:80838 [5] NCCL INFO Connected to proxy localRank 5 -> connection 0x14d4f8001768
nid007974:70007:70093 [6] NCCL INFO New proxy recv connection 10 from local rank 6, transport 0
nid007974:70007:70007 [6] NCCL INFO Connected to proxy localRank 6 -> connection 0x1548480018d0
nid007974:70013:70090 [7] NCCL INFO New proxy recv connection 10 from local rank 7, transport 0
nid007974:70013:70013 [7] NCCL INFO Connected to proxy localRank 7 -> connection 0x1492640018d0
nid007973:80840:80840 [4] NCCL INFO Channel 10/0 : 4[d1000] -> 5[d6000] via P2P/IPC comm 0x55a24b51bc60 nRanks 16
nid007973:80840:80925 [4] NCCL INFO New proxy send connection 5 from local rank 4, transport 0
nid007973:80840:80840 [4] NCCL INFO Connected to proxy localRank 4 -> connection 0x145eb8001678
nid007974:70008:70008 [4] NCCL INFO Channel 15/0 : 12[d1000] -> 13[d6000] via P2P/IPC comm 0x5576d248edc0 nRanks 16
nid007974:70008:70096 [4] NCCL INFO New proxy send connection 7 from local rank 4, transport 0
nid007974:70008:70008 [4] NCCL INFO Connected to proxy localRank 4 -> connection 0x145e0c001768
nid007974:70011:70097 [5] NCCL INFO New proxy recv connection 7 from local rank 5, transport 0
nid007974:70011:70011 [5] NCCL INFO Connected to proxy localRank 5 -> connection 0x153c40001768
nid007974:70012:70012 [1] NCCL INFO Channel 07/0 : 9[c6000] -> 11[ce000] via P2P/IPC comm 0x5570ceec4980 nRanks 16
nid007974:70012:70091 [1] NCCL INFO New proxy send connection 9 from local rank 1, transport 0
nid007974:70012:70012 [1] NCCL INFO Connected to proxy localRank 1 -> connection 0x14f334001858
nid007974:70010:70010 [2] NCCL INFO Channel 14/0 : 10[c9000] -> 11[ce000] via P2P/IPC comm 0x555fb8b1ed80 nRanks 16
nid007974:70006:70006 [0] NCCL INFO Channel 06/0 : 8[c1000] -> 14[d9000] via P2P/IPC comm 0x558defd0bfa0 nRanks 16
nid007974:70010:70092 [2] NCCL INFO New proxy send connection 7 from local rank 2, transport 0
nid007973:80839:80924 [7] NCCL INFO New proxy recv connection 7 from local rank 7, transport 0
nid007973:80839:80839 [7] NCCL INFO Connected to proxy localRank 7 -> connection 0x148890001768
nid007974:70010:70010 [2] NCCL INFO Connected to proxy localRank 2 -> connection 0x14d400001768
nid007974:70006:70095 [0] NCCL INFO New proxy send connection 9 from local rank 0, transport 0
nid007974:70006:70006 [0] NCCL INFO Connected to proxy localRank 0 -> connection 0x151238001858
nid007974:70009:70100 [3] NCCL INFO New proxy recv connection 7 from local rank 3, transport 0
nid007974:70009:70009 [3] NCCL INFO Connected to proxy localRank 3 -> connection 0x14964c001768
nid007974:70013:70090 [7] NCCL INFO New proxy recv connection 11 from local rank 7, transport 0
nid007974:70013:70013 [7] NCCL INFO Connected to proxy localRank 7 -> connection 0x149264001948
nid007974:70007:70093 [6] NCCL INFO New proxy recv connection 11 from local rank 6, transport 0
nid007974:70007:70007 [6] NCCL INFO Connected to proxy localRank 6 -> connection 0x154848001948
nid007973:80841:80928 [3] NCCL INFO New proxy recv connection 7 from local rank 3, transport 0
nid007973:80841:80841 [3] NCCL INFO Connected to proxy localRank 3 -> connection 0x147624001768
nid007973:80836:80923 [1] NCCL INFO New proxy recv connection 7 from local rank 1, transport 0
nid007973:80836:80836 [1] NCCL INFO Connected to proxy localRank 1 -> connection 0x14577c001768
nid007973:80835:80835 [0] NCCL INFO Channel 14/0 : 0[c1000] -> 1[c6000] via P2P/IPC comm 0x5571859b9050 nRanks 16
nid007973:80835:80929 [0] NCCL INFO New proxy send connection 7 from local rank 0, transport 0
nid007973:80835:80835 [0] NCCL INFO Connected to proxy localRank 0 -> connection 0x15448c001768
nid007974:70012:70012 [1] NCCL INFO Channel 11/0 : 9[c6000] -> 11[ce000] via P2P/IPC comm 0x5570ceec4980 nRanks 16
nid007974:70012:70091 [1] NCCL INFO New proxy send connection 10 from local rank 1, transport 0
nid007974:70012:70012 [1] NCCL INFO Connected to proxy localRank 1 -> connection 0x14f3340018d0
nid007974:70006:70006 [0] NCCL INFO Channel 10/0 : 8[c1000] -> 14[d9000] via P2P/IPC comm 0x558defd0bfa0 nRanks 16
nid007974:70006:70095 [0] NCCL INFO New proxy send connection 10 from local rank 0, transport 0
nid007974:70006:70006 [0] NCCL INFO Connected to proxy localRank 0 -> connection 0x1512380018d0
nid007973:80840:80840 [4] NCCL INFO Channel 13/0 : 4[d1000] -> 5[d6000] via P2P/IPC comm 0x55a24b51bc60 nRanks 16
nid007973:80840:80925 [4] NCCL INFO New proxy send connection 6 from local rank 4, transport 0
nid007973:80840:80840 [4] NCCL INFO Connected to proxy localRank 4 -> connection 0x145eb80016f0
nid007974:70008:70096 [4] NCCL INFO New proxy recv connection 8 from local rank 4, transport 0
nid007974:70011:70097 [5] NCCL INFO New proxy recv connection 8 from local rank 5, transport 0
nid007974:70011:70011 [5] NCCL INFO Connected to proxy localRank 5 -> connection 0x153c400017e0
nid007974:70008:70008 [4] NCCL INFO Connected to proxy localRank 4 -> connection 0x145e0c0017e0
nid007974:70010:70010 [2] NCCL INFO Channel 03/0 : 10[c9000] -> 12[d1000] via P2P/IPC comm 0x555fb8b1ed80 nRanks 16
nid007974:70010:70092 [2] NCCL INFO New proxy send connection 8 from local rank 2, transport 0
nid007974:70010:70010 [2] NCCL INFO Connected to proxy localRank 2 -> connection 0x14d4000017e0
nid007974:70009:70100 [3] NCCL INFO New proxy recv connection 8 from local rank 3, transport 0
nid007974:70009:70009 [3] NCCL INFO Connected to proxy localRank 3 -> connection 0x14964c0017e0
nid007973:80837:80837 [2] NCCL INFO Channel 07/0 : 2[c9000] -> 3[ce000] via P2P/IPC comm 0x556a309360f0 nRanks 16
nid007973:80837:80930 [2] NCCL INFO New proxy send connection 3 from local rank 2, transport 0
nid007973:80837:80837 [2] NCCL INFO Connected to proxy localRank 2 -> connection 0x14a778001588
nid007973:80836:80836 [1] NCCL INFO Channel 02/0 : 1[c6000] -> 3[ce000] via P2P/IPC comm 0x5591df881fc0 nRanks 16
nid007973:80836:80923 [1] NCCL INFO New proxy send connection 8 from local rank 1, transport 0
nid007974:70012:70012 [1] NCCL INFO Channel 15/0 : 9[c6000] -> 11[ce000] via P2P/IPC comm 0x5570ceec4980 nRanks 16
nid007974:70012:70091 [1] NCCL INFO New proxy send connection 11 from local rank 1, transport 0
nid007973:80835:80835 [0] NCCL INFO Channel 03/0 : 0[c1000] -> 6[d9000] via P2P/IPC comm 0x5571859b9050 nRanks 16
nid007973:80836:80836 [1] NCCL INFO Connected to proxy localRank 1 -> connection 0x14577c0017e0
nid007973:80835:80929 [0] NCCL INFO New proxy send connection 8 from local rank 0, transport 0
nid007973:80835:80835 [0] NCCL INFO Connected to proxy localRank 0 -> connection 0x15448c0017e0
nid007974:70012:70012 [1] NCCL INFO Connected to proxy localRank 1 -> connection 0x14f334001948
nid007974:70006:70006 [0] NCCL INFO Channel 14/0 : 8[c1000] -> 14[d9000] via P2P/IPC comm 0x558defd0bfa0 nRanks 16
nid007974:70006:70095 [0] NCCL INFO New proxy send connection 11 from local rank 0, transport 0
nid007974:70006:70006 [0] NCCL INFO Connected to proxy localRank 0 -> connection 0x151238001948
nid007973:80840:80840 [4] NCCL INFO Channel 14/0 : 4[d1000] -> 5[d6000] via P2P/IPC comm 0x55a24b51bc60 nRanks 16
nid007973:80840:80925 [4] NCCL INFO New proxy send connection 7 from local rank 4, transport 0
nid007973:80840:80840 [4] NCCL INFO Connected to proxy localRank 4 -> connection 0x145eb8001768
nid007974:70008:70096 [4] NCCL INFO New proxy recv connection 9 from local rank 4, transport 0
nid007974:70008:70008 [4] NCCL INFO Connected to proxy localRank 4 -> connection 0x145e0c001858
nid007974:70011:70097 [5] NCCL INFO New proxy recv connection 9 from local rank 5, transport 0
nid007974:70011:70011 [5] NCCL INFO Connected to proxy localRank 5 -> connection 0x153c40001858
nid007974:70010:70010 [2] NCCL INFO Channel 07/0 : 10[c9000] -> 12[d1000] via P2P/IPC comm 0x555fb8b1ed80 nRanks 16
nid007974:70010:70092 [2] NCCL INFO New proxy send connection 9 from local rank 2, transport 0
nid007974:70010:70010 [2] NCCL INFO Connected to proxy localRank 2 -> connection 0x14d400001858
nid007973:80837:80837 [2] NCCL INFO Channel 09/0 : 2[c9000] -> 3[ce000] via P2P/IPC comm 0x556a309360f0 nRanks 16
nid007973:80837:80930 [2] NCCL INFO New proxy send connection 4 from local rank 2, transport 0
nid007973:80837:80837 [2] NCCL INFO Connected to proxy localRank 2 -> connection 0x14a778001600
nid007974:70009:70100 [3] NCCL INFO New proxy recv connection 9 from local rank 3, transport 0
nid007974:70009:70009 [3] NCCL INFO Connected to proxy localRank 3 -> connection 0x14964c001858
nid007973:80836:80836 [1] NCCL INFO Channel 06/0 : 1[c6000] -> 3[ce000] via P2P/IPC comm 0x5591df881fc0 nRanks 16
nid007973:80836:80923 [1] NCCL INFO New proxy send connection 9 from local rank 1, transport 0
nid007973:80836:80836 [1] NCCL INFO Connected to proxy localRank 1 -> connection 0x14577c001858
nid007973:80835:80835 [0] NCCL INFO Channel 07/0 : 0[c1000] -> 6[d9000] via P2P/IPC comm 0x5571859b9050 nRanks 16
nid007973:80835:80929 [0] NCCL INFO New proxy send connection 9 from local rank 0, transport 0
nid007973:80835:80835 [0] NCCL INFO Connected to proxy localRank 0 -> connection 0x15448c001858
nid007973:80838:80926 [5] NCCL INFO New proxy recv connection 8 from local rank 5, transport 0
nid007973:80838:80838 [5] NCCL INFO Connected to proxy localRank 5 -> connection 0x14d4f80017e0
nid007973:80840:80925 [4] NCCL INFO New proxy recv connection 8 from local rank 4, transport 0
nid007973:80840:80840 [4] NCCL INFO Connected to proxy localRank 4 -> connection 0x145eb80017e0
nid007974:70008:70096 [4] NCCL INFO New proxy recv connection 10 from local rank 4, transport 0
nid007974:70008:70008 [4] NCCL INFO Connected to proxy localRank 4 -> connection 0x145e0c0018d0
nid007974:70011:70097 [5] NCCL INFO New proxy recv connection 10 from local rank 5, transport 0
nid007974:70011:70011 [5] NCCL INFO Connected to proxy localRank 5 -> connection 0x153c400018d0
nid007973:80837:80837 [2] NCCL INFO Channel 11/0 : 2[c9000] -> 3[ce000] via P2P/IPC comm 0x556a309360f0 nRanks 16
nid007973:80837:80930 [2] NCCL INFO New proxy send connection 5 from local rank 2, transport 0
nid007973:80837:80837 [2] NCCL INFO Connected to proxy localRank 2 -> connection 0x14a778001678
nid007974:70010:70010 [2] NCCL INFO Channel 11/0 : 10[c9000] -> 12[d1000] via P2P/IPC comm 0x555fb8b1ed80 nRanks 16
nid007974:70010:70092 [2] NCCL INFO New proxy send connection 10 from local rank 2, transport 0
nid007974:70010:70010 [2] NCCL INFO Connected to proxy localRank 2 -> connection 0x14d4000018d0
nid007974:70009:70100 [3] NCCL INFO New proxy recv connection 10 from local rank 3, transport 0
nid007974:70009:70009 [3] NCCL INFO Connected to proxy localRank 3 -> connection 0x14964c0018d0
nid007973:80836:80836 [1] NCCL INFO Channel 10/0 : 1[c6000] -> 3[ce000] via P2P/IPC comm 0x5591df881fc0 nRanks 16
nid007973:80836:80923 [1] NCCL INFO New proxy send connection 10 from local rank 1, transport 0
nid007973:80836:80836 [1] NCCL INFO Connected to proxy localRank 1 -> connection 0x14577c0018d0
nid007973:80835:80835 [0] NCCL INFO Channel 11/0 : 0[c1000] -> 6[d9000] via P2P/IPC comm 0x5571859b9050 nRanks 16
nid007973:80835:80929 [0] NCCL INFO New proxy send connection 10 from local rank 0, transport 0
nid007973:80835:80835 [0] NCCL INFO Connected to proxy localRank 0 -> connection 0x15448c0018d0
nid007973:80842:80842 [6] NCCL INFO Channel 08/0 : 6[d9000] -> 7[de000] via P2P/IPC comm 0x55fbb093ae60 nRanks 16
nid007973:80842:80927 [6] NCCL INFO New proxy send connection 4 from local rank 6, transport 0
nid007973:80842:80842 [6] NCCL INFO Connected to proxy localRank 6 -> connection 0x14ed7c001600
nid007973:80838:80926 [5] NCCL INFO New proxy recv connection 9 from local rank 5, transport 0
nid007973:80838:80838 [5] NCCL INFO Connected to proxy localRank 5 -> connection 0x14d4f8001858
nid007973:80837:80837 [2] NCCL INFO Channel 13/0 : 2[c9000] -> 3[ce000] via P2P/IPC comm 0x556a309360f0 nRanks 16
nid007973:80837:80930 [2] NCCL INFO New proxy send connection 6 from local rank 2, transport 0
nid007973:80837:80837 [2] NCCL INFO Connected to proxy localRank 2 -> connection 0x14a7780016f0
nid007974:70008:70096 [4] NCCL INFO New proxy recv connection 11 from local rank 4, transport 0
nid007974:70008:70008 [4] NCCL INFO Connected to proxy localRank 4 -> connection 0x145e0c001948
nid007974:70011:70097 [5] NCCL INFO New proxy recv connection 11 from local rank 5, transport 0
nid007974:70011:70011 [5] NCCL INFO Connected to proxy localRank 5 -> connection 0x153c40001948
nid007973:80840:80925 [4] NCCL INFO New proxy recv connection 9 from local rank 4, transport 0
nid007973:80840:80840 [4] NCCL INFO Connected to proxy localRank 4 -> connection 0x145eb8001858
nid007974:70010:70010 [2] NCCL INFO Channel 15/0 : 10[c9000] -> 12[d1000] via P2P/IPC comm 0x555fb8b1ed80 nRanks 16
nid007974:70010:70092 [2] NCCL INFO New proxy send connection 11 from local rank 2, transport 0
nid007974:70010:70010 [2] NCCL INFO Connected to proxy localRank 2 -> connection 0x14d400001948
nid007974:70009:70100 [3] NCCL INFO New proxy recv connection 11 from local rank 3, transport 0
nid007974:70009:70009 [3] NCCL INFO Connected to proxy localRank 3 -> connection 0x14964c001948
nid007973:80842:80842 [6] NCCL INFO Channel 11/0 : 6[d9000] -> 7[de000] via P2P/IPC comm 0x55fbb093ae60 nRanks 16
nid007973:80842:80927 [6] NCCL INFO New proxy send connection 5 from local rank 6, transport 0
nid007973:80842:80842 [6] NCCL INFO Connected to proxy localRank 6 -> connection 0x14ed7c001678
nid007973:80836:80836 [1] NCCL INFO Channel 14/0 : 1[c6000] -> 3[ce000] via P2P/IPC comm 0x5591df881fc0 nRanks 16
nid007973:80836:80923 [1] NCCL INFO New proxy send connection 11 from local rank 1, transport 0
nid007973:80836:80836 [1] NCCL INFO Connected to proxy localRank 1 -> connection 0x14577c001948
nid007973:80835:80835 [0] NCCL INFO Channel 15/0 : 0[c1000] -> 6[d9000] via P2P/IPC comm 0x5571859b9050 nRanks 16
nid007973:80835:80929 [0] NCCL INFO New proxy send connection 11 from local rank 0, transport 0
nid007973:80835:80835 [0] NCCL INFO Connected to proxy localRank 0 -> connection 0x15448c001948
nid007973:80838:80926 [5] NCCL INFO New proxy recv connection 10 from local rank 5, transport 0
nid007973:80838:80838 [5] NCCL INFO Connected to proxy localRank 5 -> connection 0x14d4f80018d0
nid007973:80837:80837 [2] NCCL INFO Channel 15/0 : 2[c9000] -> 3[ce000] via P2P/IPC comm 0x556a309360f0 nRanks 16
nid007973:80837:80930 [2] NCCL INFO New proxy send connection 7 from local rank 2, transport 0
nid007973:80837:80837 [2] NCCL INFO Connected to proxy localRank 2 -> connection 0x14a778001768
nid007974:70008:70008 [4] NCCL INFO Channel 01/0 : 12[d1000] -> 14[d9000] via P2P/IPC comm 0x5576d248edc0 nRanks 16
nid007974:70008:70096 [4] NCCL INFO New proxy send connection 12 from local rank 4, transport 0
nid007974:70008:70008 [4] NCCL INFO Connected to proxy localRank 4 -> connection 0x145e0c0019c0
nid007973:80842:80842 [6] NCCL INFO Channel 12/0 : 6[d9000] -> 7[de000] via P2P/IPC comm 0x55fbb093ae60 nRanks 16
nid007973:80842:80927 [6] NCCL INFO New proxy send connection 6 from local rank 6, transport 0
nid007973:80842:80842 [6] NCCL INFO Connected to proxy localRank 6 -> connection 0x14ed7c0016f0
nid007973:80840:80925 [4] NCCL INFO New proxy recv connection 10 from local rank 4, transport 0
nid007973:80840:80840 [4] NCCL INFO Connected to proxy localRank 4 -> connection 0x145eb80018d0
nid007974:70012:70012 [1] NCCL INFO Channel 01/0 : 9[c6000] -> 13[d6000] via P2P/IPC comm 0x5570ceec4980 nRanks 16
nid007974:70012:70091 [1] NCCL INFO New proxy send connection 12 from local rank 1, transport 0
nid007974:70009:70009 [3] NCCL INFO Channel 00/0 : 11[ce000] -> 15[de000] via P2P/IPC comm 0x564743402e90 nRanks 16
nid007974:70012:70012 [1] NCCL INFO Connected to proxy localRank 1 -> connection 0x14f3340019c0
nid007974:70009:70100 [3] NCCL INFO New proxy send connection 12 from local rank 3, transport 0
nid007974:70009:70009 [3] NCCL INFO Connected to proxy localRank 3 -> connection 0x14964c0019c0
nid007973:80838:80926 [5] NCCL INFO New proxy recv connection 11 from local rank 5, transport 0
nid007973:80838:80838 [5] NCCL INFO Connected to proxy localRank 5 -> connection 0x14d4f8001948
nid007974:70008:70008 [4] NCCL INFO Channel 05/0 : 12[d1000] -> 14[d9000] via P2P/IPC comm 0x5576d248edc0 nRanks 16
nid007974:70008:70096 [4] NCCL INFO New proxy send connection 13 from local rank 4, transport 0
nid007974:70008:70008 [4] NCCL INFO Connected to proxy localRank 4 -> connection 0x145e0c001a38
nid007973:80842:80842 [6] NCCL INFO Channel 15/0 : 6[d9000] -> 7[de000] via P2P/IPC comm 0x55fbb093ae60 nRanks 16
nid007973:80842:80927 [6] NCCL INFO New proxy send connection 7 from local rank 6, transport 0
nid007973:80842:80842 [6] NCCL INFO Connected to proxy localRank 6 -> connection 0x14ed7c001768
nid007973:80837:80837 [2] NCCL INFO Channel 02/0 : 2[c9000] -> 4[d1000] via P2P/IPC comm 0x556a309360f0 nRanks 16
nid007973:80841:80928 [3] NCCL INFO New proxy recv connection 8 from local rank 3, transport 0
nid007973:80837:80930 [2] NCCL INFO New proxy send connection 8 from local rank 2, transport 0
nid007973:80837:80837 [2] NCCL INFO Connected to proxy localRank 2 -> connection 0x14a7780017e0
nid007973:80841:80841 [3] NCCL INFO Connected to proxy localRank 3 -> connection 0x1476240017e0
nid007974:70012:70012 [1] NCCL INFO Channel 05/0 : 9[c6000] -> 13[d6000] via P2P/IPC comm 0x5570ceec4980 nRanks 16
nid007974:70012:70091 [1] NCCL INFO New proxy send connection 13 from local rank 1, transport 0
nid007974:70012:70012 [1] NCCL INFO Connected to proxy localRank 1 -> connection 0x14f334001a38
nid007973:80840:80925 [4] NCCL INFO New proxy recv connection 11 from local rank 4, transport 0
nid007973:80840:80840 [4] NCCL INFO Connected to proxy localRank 4 -> connection 0x145eb8001948
nid007974:70009:70009 [3] NCCL INFO Channel 04/0 : 11[ce000] -> 15[de000] via P2P/IPC comm 0x564743402e90 nRanks 16
nid007974:70009:70100 [3] NCCL INFO New proxy send connection 13 from local rank 3, transport 0
nid007974:70009:70009 [3] NCCL INFO Connected to proxy localRank 3 -> connection 0x14964c001a38
nid007974:70008:70008 [4] NCCL INFO Channel 09/0 : 12[d1000] -> 14[d9000] via P2P/IPC comm 0x5576d248edc0 nRanks 16
nid007974:70008:70096 [4] NCCL INFO New proxy send connection 14 from local rank 4, transport 0
nid007974:70008:70008 [4] NCCL INFO Connected to proxy localRank 4 -> connection 0x145e0c001ab0
nid007974:70012:70012 [1] NCCL INFO Channel 09/0 : 9[c6000] -> 13[d6000] via P2P/IPC comm 0x5570ceec4980 nRanks 16
nid007974:70012:70091 [1] NCCL INFO New proxy send connection 14 from local rank 1, transport 0
nid007974:70012:70012 [1] NCCL INFO Connected to proxy localRank 1 -> connection 0x14f334001ab0
nid007973:80839:80924 [7] NCCL INFO New proxy recv connection 8 from local rank 7, transport 0
nid007973:80839:80839 [7] NCCL INFO Connected to proxy localRank 7 -> connection 0x1488900017e0
nid007973:80842:80927 [6] NCCL INFO New proxy recv connection 8 from local rank 6, transport 0
nid007973:80842:80842 [6] NCCL INFO Connected to proxy localRank 6 -> connection 0x14ed7c0017e0
nid007973:80837:80837 [2] NCCL INFO Channel 06/0 : 2[c9000] -> 4[d1000] via P2P/IPC comm 0x556a309360f0 nRanks 16
nid007973:80837:80930 [2] NCCL INFO New proxy send connection 9 from local rank 2, transport 0
nid007973:80837:80837 [2] NCCL INFO Connected to proxy localRank 2 -> connection 0x14a778001858
nid007973:80841:80928 [3] NCCL INFO New proxy recv connection 9 from local rank 3, transport 0
nid007973:80841:80841 [3] NCCL INFO Connected to proxy localRank 3 -> connection 0x147624001858
nid007973:80840:80840 [4] NCCL INFO Channel 00/0 : 4[d1000] -> 6[d9000] via P2P/IPC comm 0x55a24b51bc60 nRanks 16
nid007973:80840:80925 [4] NCCL INFO New proxy send connection 12 from local rank 4, transport 0
nid007973:80840:80840 [4] NCCL INFO Connected to proxy localRank 4 -> connection 0x145eb80019c0
nid007974:70009:70009 [3] NCCL INFO Channel 08/0 : 11[ce000] -> 15[de000] via P2P/IPC comm 0x564743402e90 nRanks 16
nid007974:70009:70100 [3] NCCL INFO New proxy send connection 14 from local rank 3, transport 0
nid007974:70009:70009 [3] NCCL INFO Connected to proxy localRank 3 -> connection 0x14964c001ab0
nid007974:70008:70008 [4] NCCL INFO Channel 13/0 : 12[d1000] -> 14[d9000] via P2P/IPC comm 0x5576d248edc0 nRanks 16
nid007974:70008:70096 [4] NCCL INFO New proxy send connection 15 from local rank 4, transport 0
nid007974:70008:70008 [4] NCCL INFO Connected to proxy localRank 4 -> connection 0x145e0c001b28
nid007974:70012:70012 [1] NCCL INFO Channel 13/0 : 9[c6000] -> 13[d6000] via P2P/IPC comm 0x5570ceec4980 nRanks 16
nid007974:70012:70091 [1] NCCL INFO New proxy send connection 15 from local rank 1, transport 0
nid007974:70012:70012 [1] NCCL INFO Connected to proxy localRank 1 -> connection 0x14f334001b28
nid007973:80842:80927 [6] NCCL INFO New proxy recv connection 9 from local rank 6, transport 0
nid007973:80842:80842 [6] NCCL INFO Connected to proxy localRank 6 -> connection 0x14ed7c001858
nid007973:80839:80924 [7] NCCL INFO New proxy recv connection 9 from local rank 7, transport 0
nid007973:80839:80839 [7] NCCL INFO Connected to proxy localRank 7 -> connection 0x148890001858
nid007973:80841:80928 [3] NCCL INFO New proxy recv connection 10 from local rank 3, transport 0
nid007973:80841:80841 [3] NCCL INFO Connected to proxy localRank 3 -> connection 0x1476240018d0
nid007973:80837:80837 [2] NCCL INFO Channel 10/0 : 2[c9000] -> 4[d1000] via P2P/IPC comm 0x556a309360f0 nRanks 16
nid007973:80837:80930 [2] NCCL INFO New proxy send connection 10 from local rank 2, transport 0
nid007973:80837:80837 [2] NCCL INFO Connected to proxy localRank 2 -> connection 0x14a7780018d0
nid007974:70010:70010 [2] NCCL INFO GPU Direct RDMA Enabled for GPU c9000 / HCA 1 (distance 6 <= 6), read 0
nid007974:70007:70093 [6] NCCL INFO New proxy recv connection 12 from local rank 6, transport 0
nid007974:70008:70096 [4] NCCL INFO New proxy recv connection 16 from local rank 4, transport 0
nid007974:70008:70008 [4] NCCL INFO Connected to proxy localRank 4 -> connection 0x145e0c001ba0
nid007974:70007:70007 [6] NCCL INFO Connected to proxy localRank 6 -> connection 0x1548480019c0
nid007974:70011:70011 [5] NCCL INFO GPU Direct RDMA Enabled for GPU d6000 / HCA 2 (distance 6 <= 6), read 0
nid007974:70012:70091 [1] NCCL INFO New proxy recv connection 16 from local rank 1, transport 0
nid007974:70012:70012 [1] NCCL INFO Connected to proxy localRank 1 -> connection 0x14f334001ba0
nid007973:80840:80840 [4] NCCL INFO Channel 04/0 : 4[d1000] -> 6[d9000] via P2P/IPC comm 0x55a24b51bc60 nRanks 16
nid007973:80840:80925 [4] NCCL INFO New proxy send connection 13 from local rank 4, transport 0
nid007973:80840:80840 [4] NCCL INFO Connected to proxy localRank 4 -> connection 0x145eb8001a38
nid007974:70009:70009 [3] NCCL INFO Channel 12/0 : 11[ce000] -> 15[de000] via P2P/IPC comm 0x564743402e90 nRanks 16
nid007974:70009:70100 [3] NCCL INFO New proxy send connection 15 from local rank 3, transport 0
nid007974:70009:70009 [3] NCCL INFO Connected to proxy localRank 3 -> connection 0x14964c001b28
nid007973:80842:80927 [6] NCCL INFO New proxy recv connection 10 from local rank 6, transport 0
nid007973:80842:80842 [6] NCCL INFO Connected to proxy localRank 6 -> connection 0x14ed7c0018d0
nid007973:80839:80924 [7] NCCL INFO New proxy recv connection 10 from local rank 7, transport 0
nid007973:80839:80839 [7] NCCL INFO Connected to proxy localRank 7 -> connection 0x1488900018d0
nid007973:80841:80928 [3] NCCL INFO New proxy recv connection 11 from local rank 3, transport 0
nid007973:80841:80841 [3] NCCL INFO Connected to proxy localRank 3 -> connection 0x147624001948
nid007973:80837:80837 [2] NCCL INFO Channel 14/0 : 2[c9000] -> 4[d1000] via P2P/IPC comm 0x556a309360f0 nRanks 16
nid007973:80837:80930 [2] NCCL INFO New proxy send connection 11 from local rank 2, transport 0
nid007973:80837:80837 [2] NCCL INFO Connected to proxy localRank 2 -> connection 0x14a778001948
nid007974:70010:70092 [2] NCCL INFO New proxy recv connection 12 from local rank 2, transport 2
nid007974:70012:70091 [1] NCCL INFO New proxy recv connection 17 from local rank 1, transport 0
nid007974:70012:70012 [1] NCCL INFO Connected to proxy localRank 1 -> connection 0x14f334001c18
nid007974:70010:70010 [2] NCCL INFO Connected to proxy localRank 2 -> connection 0x14d4000019c0
nid007974:70011:70097 [5] NCCL INFO New proxy recv connection 12 from local rank 5, transport 2
nid007974:70007:70093 [6] NCCL INFO New proxy recv connection 13 from local rank 6, transport 0
nid007974:70007:70007 [6] NCCL INFO Connected to proxy localRank 6 -> connection 0x154848001a38
nid007974:70011:70011 [5] NCCL INFO Connected to proxy localRank 5 -> connection 0x153c400019c0
nid007974:70008:70096 [4] NCCL INFO New proxy recv connection 17 from local rank 4, transport 0
nid007974:70008:70008 [4] NCCL INFO Connected to proxy localRank 4 -> connection 0x145e0c001c18
nid007973:80840:80840 [4] NCCL INFO Channel 08/0 : 4[d1000] -> 6[d9000] via P2P/IPC comm 0x55a24b51bc60 nRanks 16
nid007973:80840:80925 [4] NCCL INFO New proxy send connection 14 from local rank 4, transport 0
nid007973:80840:80840 [4] NCCL INFO Connected to proxy localRank 4 -> connection 0x145eb8001ab0
nid007973:80842:80927 [6] NCCL INFO New proxy recv connection 11 from local rank 6, transport 0
nid007973:80842:80842 [6] NCCL INFO Connected to proxy localRank 6 -> connection 0x14ed7c001948
nid007974:70013:70013 [7] NCCL INFO GPU Direct RDMA Enabled for GPU de000 / HCA 3 (distance 6 <= 6), read 0
nid007974:70009:70100 [3] NCCL INFO New proxy recv connection 16 from local rank 3, transport 0
nid007974:70009:70009 [3] NCCL INFO Connected to proxy localRank 3 -> connection 0x14964c001ba0
nid007973:80839:80924 [7] NCCL INFO New proxy recv connection 11 from local rank 7, transport 0
nid007973:80839:80839 [7] NCCL INFO Connected to proxy localRank 7 -> connection 0x148890001948
nid007974:70012:70091 [1] NCCL INFO New proxy recv connection 18 from local rank 1, transport 0
nid007974:70012:70012 [1] NCCL INFO Connected to proxy localRank 1 -> connection 0x14f334001c90
nid007974:70007:70093 [6] NCCL INFO New proxy recv connection 14 from local rank 6, transport 0
nid007974:70007:70007 [6] NCCL INFO Connected to proxy localRank 6 -> connection 0x154848001ab0
nid007973:80836:80836 [1] NCCL INFO Channel 00/0 : 1[c6000] -> 5[d6000] via P2P/IPC comm 0x5591df881fc0 nRanks 16
nid007973:80841:80841 [3] NCCL INFO Channel 01/0 : 3[ce000] -> 7[de000] via P2P/IPC comm 0x55b76fa8e080 nRanks 16
nid007973:80841:80928 [3] NCCL INFO New proxy send connection 12 from local rank 3, transport 0
nid007973:80841:80841 [3] NCCL INFO Connected to proxy localRank 3 -> connection 0x1476240019c0
nid007973:80836:80923 [1] NCCL INFO New proxy send connection 12 from local rank 1, transport 0
nid007973:80836:80836 [1] NCCL INFO Connected to proxy localRank 1 -> connection 0x14577c0019c0
nid007974:70013:70090 [7] NCCL INFO New proxy recv connection 12 from local rank 7, transport 2
nid007974:70013:70013 [7] NCCL INFO Connected to proxy localRank 7 -> connection 0x1492640019c0
nid007974:70008:70096 [4] NCCL INFO New proxy recv connection 18 from local rank 4, transport 0
nid007974:70012:70091 [1] NCCL INFO New proxy recv connection 19 from local rank 1, transport 0
nid007974:70008:70008 [4] NCCL INFO Connected to proxy localRank 4 -> connection 0x145e0c001c90
nid007974:70012:70012 [1] NCCL INFO Connected to proxy localRank 1 -> connection 0x14f334001d08
nid007974:70007:70093 [6] NCCL INFO New proxy recv connection 15 from local rank 6, transport 0
nid007974:70007:70007 [6] NCCL INFO Connected to proxy localRank 6 -> connection 0x154848001b28
nid007973:80840:80840 [4] NCCL INFO Channel 12/0 : 4[d1000] -> 6[d9000] via P2P/IPC comm 0x55a24b51bc60 nRanks 16
nid007973:80840:80925 [4] NCCL INFO New proxy send connection 15 from local rank 4, transport 0
nid007973:80840:80840 [4] NCCL INFO Connected to proxy localRank 4 -> connection 0x145eb8001b28
nid007974:70009:70100 [3] NCCL INFO New proxy recv connection 17 from local rank 3, transport 0
nid007974:70009:70009 [3] NCCL INFO Connected to proxy localRank 3 -> connection 0x14964c001c18
nid007973:80841:80841 [3] NCCL INFO Channel 05/0 : 3[ce000] -> 7[de000] via P2P/IPC comm 0x55b76fa8e080 nRanks 16
nid007973:80841:80928 [3] NCCL INFO New proxy send connection 13 from local rank 3, transport 0
nid007973:80841:80841 [3] NCCL INFO Connected to proxy localRank 3 -> connection 0x147624001a38
nid007973:80836:80836 [1] NCCL INFO Channel 04/0 : 1[c6000] -> 5[d6000] via P2P/IPC comm 0x5591df881fc0 nRanks 16
nid007973:80836:80923 [1] NCCL INFO New proxy send connection 13 from local rank 1, transport 0
nid007973:80836:80836 [1] NCCL INFO Connected to proxy localRank 1 -> connection 0x14577c001a38
nid007974:70006:70006 [0] NCCL INFO GPU Direct RDMA Enabled for GPU c1000 / HCA 0 (distance 6 <= 6), read 0
nid007974:70007:70007 [6] NCCL INFO Channel 03/0 : 14[d9000] -> 8[c1000] via P2P/IPC comm 0x55717d520e50 nRanks 16
nid007974:70007:70093 [6] NCCL INFO New proxy send connection 16 from local rank 6, transport 0
nid007974:70007:70007 [6] NCCL INFO Connected to proxy localRank 6 -> connection 0x154848001ba0
nid007974:70008:70096 [4] NCCL INFO New proxy recv connection 19 from local rank 4, transport 0
nid007974:70008:70008 [4] NCCL INFO Connected to proxy localRank 4 -> connection 0x145e0c001d08
nid007973:80837:80837 [2] NCCL INFO GPU Direct RDMA Enabled for GPU c9000 / HCA 1 (distance 6 <= 6), read 0
nid007973:80842:80927 [6] NCCL INFO New proxy recv connection 12 from local rank 6, transport 0
nid007973:80842:80842 [6] NCCL INFO Connected to proxy localRank 6 -> connection 0x14ed7c0019c0
nid007973:80840:80925 [4] NCCL INFO New proxy recv connection 16 from local rank 4, transport 0
nid007974:70009:70100 [3] NCCL INFO New proxy recv connection 18 from local rank 3, transport 0
nid007973:80840:80840 [4] NCCL INFO Connected to proxy localRank 4 -> connection 0x145eb8001ba0
nid007974:70009:70009 [3] NCCL INFO Connected to proxy localRank 3 -> connection 0x14964c001c90
nid007973:80841:80841 [3] NCCL INFO Channel 09/0 : 3[ce000] -> 7[de000] via P2P/IPC comm 0x55b76fa8e080 nRanks 16
nid007973:80836:80836 [1] NCCL INFO Channel 08/0 : 1[c6000] -> 5[d6000] via P2P/IPC comm 0x5591df881fc0 nRanks 16
nid007973:80841:80928 [3] NCCL INFO New proxy send connection 14 from local rank 3, transport 0
nid007973:80841:80841 [3] NCCL INFO Connected to proxy localRank 3 -> connection 0x147624001ab0
nid007973:80836:80923 [1] NCCL INFO New proxy send connection 14 from local rank 1, transport 0
nid007973:80836:80836 [1] NCCL INFO Connected to proxy localRank 1 -> connection 0x14577c001ab0
nid007974:70006:70095 [0] NCCL INFO New proxy recv connection 12 from local rank 0, transport 2
nid007974:70006:70006 [0] NCCL INFO Connected to proxy localRank 0 -> connection 0x1512380019c0
nid007974:70007:70007 [6] NCCL INFO Channel 07/0 : 14[d9000] -> 8[c1000] via P2P/IPC comm 0x55717d520e50 nRanks 16
nid007974:70007:70093 [6] NCCL INFO New proxy send connection 17 from local rank 6, transport 0
nid007974:70007:70007 [6] NCCL INFO Connected to proxy localRank 6 -> connection 0x154848001c18
nid007974:70008:70008 [4] NCCL INFO Channel 02/0 : 12[d1000] -> 10[c9000] via P2P/IPC comm 0x5576d248edc0 nRanks 16
nid007974:70008:70096 [4] NCCL INFO New proxy send connection 20 from local rank 4, transport 0
nid007974:70008:70008 [4] NCCL INFO Connected to proxy localRank 4 -> connection 0x145e0c001d80
nid007973:80837:80930 [2] NCCL INFO New proxy recv connection 12 from local rank 2, transport 2
nid007973:80837:80837 [2] NCCL INFO Connected to proxy localRank 2 -> connection 0x14a7780019c0
nid007973:80842:80927 [6] NCCL INFO New proxy recv connection 13 from local rank 6, transport 0
nid007973:80842:80842 [6] NCCL INFO Connected to proxy localRank 6 -> connection 0x14ed7c001a38
nid007973:80836:80836 [1] NCCL INFO Channel 12/0 : 1[c6000] -> 5[d6000] via P2P/IPC comm 0x5591df881fc0 nRanks 16
nid007973:80836:80923 [1] NCCL INFO New proxy send connection 15 from local rank 1, transport 0
nid007973:80841:80841 [3] NCCL INFO Channel 13/0 : 3[ce000] -> 7[de000] via P2P/IPC comm 0x55b76fa8e080 nRanks 16
nid007973:80841:80928 [3] NCCL INFO New proxy send connection 15 from local rank 3, transport 0
nid007973:80836:80836 [1] NCCL INFO Connected to proxy localRank 1 -> connection 0x14577c001b28
nid007973:80841:80841 [3] NCCL INFO Connected to proxy localRank 3 -> connection 0x147624001b28
nid007974:70007:70007 [6] NCCL INFO Channel 11/0 : 14[d9000] -> 8[c1000] via P2P/IPC comm 0x55717d520e50 nRanks 16
nid007974:70007:70093 [6] NCCL INFO New proxy send connection 18 from local rank 6, transport 0
nid007974:70007:70007 [6] NCCL INFO Connected to proxy localRank 6 -> connection 0x154848001c90
nid007974:70009:70100 [3] NCCL INFO New proxy recv connection 19 from local rank 3, transport 0
nid007974:70009:70009 [3] NCCL INFO Connected to proxy localRank 3 -> connection 0x14964c001d08
nid007973:80840:80925 [4] NCCL INFO New proxy recv connection 17 from local rank 4, transport 0
nid007973:80840:80840 [4] NCCL INFO Connected to proxy localRank 4 -> connection 0x145eb8001c18
nid007974:70008:70008 [4] NCCL INFO Channel 06/0 : 12[d1000] -> 10[c9000] via P2P/IPC comm 0x5576d248edc0 nRanks 16
nid007974:70008:70096 [4] NCCL INFO New proxy send connection 21 from local rank 4, transport 0
nid007974:70008:70008 [4] NCCL INFO Connected to proxy localRank 4 -> connection 0x145e0c001df8
nid007974:70007:70007 [6] NCCL INFO Channel 15/0 : 14[d9000] -> 8[c1000] via P2P/IPC comm 0x55717d520e50 nRanks 16
nid007974:70007:70093 [6] NCCL INFO New proxy send connection 19 from local rank 6, transport 0
nid007974:70007:70007 [6] NCCL INFO Connected to proxy localRank 6 -> connection 0x154848001d08
nid007973:80842:80927 [6] NCCL INFO New proxy recv connection 14 from local rank 6, transport 0
nid007973:80842:80842 [6] NCCL INFO Connected to proxy localRank 6 -> connection 0x14ed7c001ab0
nid007973:80838:80838 [5] NCCL INFO GPU Direct RDMA Enabled for GPU d6000 / HCA 2 (distance 6 <= 6), read 0
nid007973:80836:80923 [1] NCCL INFO New proxy recv connection 16 from local rank 1, transport 0
nid007973:80836:80836 [1] NCCL INFO Connected to proxy localRank 1 -> connection 0x14577c001ba0
nid007973:80839:80839 [7] NCCL INFO GPU Direct RDMA Enabled for GPU de000 / HCA 3 (distance 6 <= 6), read 0
nid007973:80841:80928 [3] NCCL INFO New proxy recv connection 16 from local rank 3, transport 0
nid007973:80841:80841 [3] NCCL INFO Connected to proxy localRank 3 -> connection 0x147624001ba0
nid007973:80840:80925 [4] NCCL INFO New proxy recv connection 18 from local rank 4, transport 0
nid007973:80840:80840 [4] NCCL INFO Connected to proxy localRank 4 -> connection 0x145eb8001c90
nid007974:70013:70013 [7] NCCL INFO Channel 03/0 : 7[de000] -> 15[de000] [receive] via NET/Libfabric/3/GDRDMA comm 0x5626b6938e90 nRanks 16
nid007974:70013:70013 [7] NCCL INFO GPU Direct RDMA Enabled for GPU de000 / HCA 3 (distance 6 <= 6), read 0
nid007974:70013:70090 [7] NCCL INFO New proxy recv connection 13 from local rank 7, transport 2
nid007974:70013:70013 [7] NCCL INFO Connected to proxy localRank 7 -> connection 0x149264001a38
nid007974:70013:70013 [7] NCCL INFO Channel 07/0 : 7[de000] -> 15[de000] [receive] via NET/Libfabric/3/GDRDMA comm 0x5626b6938e90 nRanks 16
nid007974:70013:70013 [7] NCCL INFO GPU Direct RDMA Enabled for GPU de000 / HCA 3 (distance 6 <= 6), read 0
nid007974:70013:70090 [7] NCCL INFO New proxy recv connection 14 from local rank 7, transport 2
nid007974:70013:70013 [7] NCCL INFO Connected to proxy localRank 7 -> connection 0x149264001ab0
nid007974:70013:70013 [7] NCCL INFO Channel 11/0 : 7[de000] -> 15[de000] [receive] via NET/Libfabric/3/GDRDMA comm 0x5626b6938e90 nRanks 16
nid007974:70013:70013 [7] NCCL INFO GPU Direct RDMA Enabled for GPU de000 / HCA 3 (distance 6 <= 6), read 0
nid007974:70013:70090 [7] NCCL INFO New proxy recv connection 15 from local rank 7, transport 2
nid007974:70013:70013 [7] NCCL INFO Connected to proxy localRank 7 -> connection 0x149264001b28
nid007974:70011:70011 [5] NCCL INFO Channel 02/0 : 5[d6000] -> 13[d6000] [receive] via NET/Libfabric/2/GDRDMA comm 0x563437d05580 nRanks 16
nid007974:70011:70011 [5] NCCL INFO GPU Direct RDMA Enabled for GPU d6000 / HCA 2 (distance 6 <= 6), read 0
nid007974:70008:70008 [4] NCCL INFO Channel 10/0 : 12[d1000] -> 10[c9000] via P2P/IPC comm 0x5576d248edc0 nRanks 16
nid007974:70013:70013 [7] NCCL INFO Channel 15/0 : 7[de000] -> 15[de000] [receive] via NET/Libfabric/3/GDRDMA comm 0x5626b6938e90 nRanks 16
nid007974:70013:70013 [7] NCCL INFO GPU Direct RDMA Enabled for GPU de000 / HCA 3 (distance 6 <= 6), read 1
nid007974:70011:70097 [5] NCCL INFO New proxy recv connection 13 from local rank 5, transport 2
nid007974:70011:70011 [5] NCCL INFO Connected to proxy localRank 5 -> connection 0x153c40001a38
nid007974:70008:70096 [4] NCCL INFO New proxy send connection 22 from local rank 4, transport 0
nid007974:70008:70008 [4] NCCL INFO Connected to proxy localRank 4 -> connection 0x145e0c001e70
nid007974:70013:70090 [7] NCCL INFO New proxy send connection 16 from local rank 7, transport 2
nid007974:70013:70013 [7] NCCL INFO Connected to proxy localRank 7 -> connection 0x149264001ba0
nid007974:70013:70013 [7] NCCL INFO Channel 02/0 : 15[de000] -> 7[de000] [send] via NET/Libfabric/3/GDRDMA comm 0x5626b6938e90 nRanks 16
nid007974:70013:70013 [7] NCCL INFO GPU Direct RDMA Enabled for GPU de000 / HCA 3 (distance 6 <= 6), read 1
nid007974:70013:70090 [7] NCCL INFO New proxy send connection 17 from local rank 7, transport 2
nid007974:70011:70011 [5] NCCL INFO Channel 06/0 : 5[d6000] -> 13[d6000] [receive] via NET/Libfabric/2/GDRDMA comm 0x563437d05580 nRanks 16
nid007974:70011:70011 [5] NCCL INFO GPU Direct RDMA Enabled for GPU d6000 / HCA 2 (distance 6 <= 6), read 0
nid007974:70013:70013 [7] NCCL INFO Connected to proxy localRank 7 -> connection 0x149264001c18
nid007974:70011:70097 [5] NCCL INFO New proxy recv connection 14 from local rank 5, transport 2
nid007974:70011:70011 [5] NCCL INFO Connected to proxy localRank 5 -> connection 0x153c40001ab0
nid007974:70013:70013 [7] NCCL INFO Channel 06/0 : 15[de000] -> 7[de000] [send] via NET/Libfabric/3/GDRDMA comm 0x5626b6938e90 nRanks 16
nid007974:70013:70013 [7] NCCL INFO GPU Direct RDMA Enabled for GPU de000 / HCA 3 (distance 6 <= 6), read 1
nid007974:70010:70010 [2] NCCL INFO Channel 00/0 : 2[c9000] -> 10[c9000] [receive] via NET/Libfabric/1/GDRDMA comm 0x555fb8b1ed80 nRanks 16
nid007974:70010:70010 [2] NCCL INFO GPU Direct RDMA Enabled for GPU c9000 / HCA 1 (distance 6 <= 6), read 0
nid007974:70013:70090 [7] NCCL INFO New proxy send connection 18 from local rank 7, transport 2
nid007974:70013:70013 [7] NCCL INFO Connected to proxy localRank 7 -> connection 0x149264001c90
nid007974:70010:70092 [2] NCCL INFO New proxy recv connection 13 from local rank 2, transport 2
nid007974:70011:70011 [5] NCCL INFO Channel 10/0 : 5[d6000] -> 13[d6000] [receive] via NET/Libfabric/2/GDRDMA comm 0x563437d05580 nRanks 16
nid007974:70011:70011 [5] NCCL INFO GPU Direct RDMA Enabled for GPU d6000 / HCA 2 (distance 6 <= 6), read 0
nid007974:70010:70010 [2] NCCL INFO Connected to proxy localRank 2 -> connection 0x14d400001a38
nid007974:70011:70097 [5] NCCL INFO New proxy recv connection 15 from local rank 5, transport 2
nid007974:70011:70011 [5] NCCL INFO Connected to proxy localRank 5 -> connection 0x153c40001b28
nid007974:70013:70013 [7] NCCL INFO Channel 10/0 : 15[de000] -> 7[de000] [send] via NET/Libfabric/3/GDRDMA comm 0x5626b6938e90 nRanks 16
nid007974:70013:70013 [7] NCCL INFO GPU Direct RDMA Enabled for GPU de000 / HCA 3 (distance 6 <= 6), read 1
nid007974:70013:70090 [7] NCCL INFO New proxy send connection 19 from local rank 7, transport 2
nid007974:70013:70013 [7] NCCL INFO Connected to proxy localRank 7 -> connection 0x149264001d08
nid007974:70010:70010 [2] NCCL INFO Channel 04/0 : 2[c9000] -> 10[c9000] [receive] via NET/Libfabric/1/GDRDMA comm 0x555fb8b1ed80 nRanks 16
nid007974:70010:70010 [2] NCCL INFO GPU Direct RDMA Enabled for GPU c9000 / HCA 1 (distance 6 <= 6), read 0
nid007973:80838:80926 [5] NCCL INFO New proxy recv connection 12 from local rank 5, transport 2
nid007973:80838:80838 [5] NCCL INFO Connected to proxy localRank 5 -> connection 0x14d4f80019c0
nid007974:70011:70011 [5] NCCL INFO Channel 14/0 : 5[d6000] -> 13[d6000] [receive] via NET/Libfabric/2/GDRDMA comm 0x563437d05580 nRanks 16
nid007974:70011:70011 [5] NCCL INFO GPU Direct RDMA Enabled for GPU d6000 / HCA 2 (distance 6 <= 6), read 1
nid007974:70010:70092 [2] NCCL INFO New proxy recv connection 14 from local rank 2, transport 2
nid007974:70010:70010 [2] NCCL INFO Connected to proxy localRank 2 -> connection 0x14d400001ab0
nid007974:70013:70013 [7] NCCL INFO Channel 14/0 : 15[de000] -> 7[de000] [send] via NET/Libfabric/3/GDRDMA comm 0x5626b6938e90 nRanks 16
nid007974:70011:70097 [5] NCCL INFO New proxy send connection 16 from local rank 5, transport 2
nid007974:70011:70011 [5] NCCL INFO Connected to proxy localRank 5 -> connection 0x153c40001ba0
nid007974:70010:70010 [2] NCCL INFO Channel 08/0 : 2[c9000] -> 10[c9000] [receive] via NET/Libfabric/1/GDRDMA comm 0x555fb8b1ed80 nRanks 16
nid007974:70010:70010 [2] NCCL INFO GPU Direct RDMA Enabled for GPU c9000 / HCA 1 (distance 6 <= 6), read 0
nid007974:70011:70011 [5] NCCL INFO Channel 03/0 : 13[d6000] -> 5[d6000] [send] via NET/Libfabric/2/GDRDMA comm 0x563437d05580 nRanks 16
nid007974:70011:70011 [5] NCCL INFO GPU Direct RDMA Enabled for GPU d6000 / HCA 2 (distance 6 <= 6), read 1
nid007974:70010:70092 [2] NCCL INFO New proxy recv connection 15 from local rank 2, transport 2
nid007974:70010:70010 [2] NCCL INFO Connected to proxy localRank 2 -> connection 0x14d400001b28
nid007974:70011:70097 [5] NCCL INFO New proxy send connection 17 from local rank 5, transport 2
nid007974:70011:70011 [5] NCCL INFO Connected to proxy localRank 5 -> connection 0x153c40001c18
nid007974:70010:70010 [2] NCCL INFO Channel 12/0 : 2[c9000] -> 10[c9000] [receive] via NET/Libfabric/1/GDRDMA comm 0x555fb8b1ed80 nRanks 16
nid007974:70010:70010 [2] NCCL INFO GPU Direct RDMA Enabled for GPU c9000 / HCA 1 (distance 6 <= 6), read 1
nid007974:70011:70011 [5] NCCL INFO Channel 07/0 : 13[d6000] -> 5[d6000] [send] via NET/Libfabric/2/GDRDMA comm 0x563437d05580 nRanks 16
nid007974:70011:70011 [5] NCCL INFO GPU Direct RDMA Enabled for GPU d6000 / HCA 2 (distance 6 <= 6), read 1
nid007974:70010:70092 [2] NCCL INFO New proxy send connection 16 from local rank 2, transport 2
nid007974:70010:70010 [2] NCCL INFO Connected to proxy localRank 2 -> connection 0x14d400001ba0
nid007974:70011:70097 [5] NCCL INFO New proxy send connection 18 from local rank 5, transport 2
nid007974:70011:70011 [5] NCCL INFO Connected to proxy localRank 5 -> connection 0x153c40001c90
nid007974:70010:70010 [2] NCCL INFO Channel 01/0 : 10[c9000] -> 2[c9000] [send] via NET/Libfabric/1/GDRDMA comm 0x555fb8b1ed80 nRanks 16
nid007974:70010:70010 [2] NCCL INFO GPU Direct RDMA Enabled for GPU c9000 / HCA 1 (distance 6 <= 6), read 1
nid007974:70011:70011 [5] NCCL INFO Channel 11/0 : 13[d6000] -> 5[d6000] [send] via NET/Libfabric/2/GDRDMA comm 0x563437d05580 nRanks 16
nid007974:70011:70011 [5] NCCL INFO GPU Direct RDMA Enabled for GPU d6000 / HCA 2 (distance 6 <= 6), read 1
nid007974:70010:70092 [2] NCCL INFO New proxy send connection 17 from local rank 2, transport 2
nid007974:70010:70010 [2] NCCL INFO Connected to proxy localRank 2 -> connection 0x14d400001c18
nid007974:70011:70097 [5] NCCL INFO New proxy send connection 19 from local rank 5, transport 2
nid007974:70011:70011 [5] NCCL INFO Connected to proxy localRank 5 -> connection 0x153c40001d08
nid007974:70010:70010 [2] NCCL INFO Channel 05/0 : 10[c9000] -> 2[c9000] [send] via NET/Libfabric/1/GDRDMA comm 0x555fb8b1ed80 nRanks 16
nid007974:70010:70010 [2] NCCL INFO GPU Direct RDMA Enabled for GPU c9000 / HCA 1 (distance 6 <= 6), read 1
nid007973:80842:80927 [6] NCCL INFO New proxy recv connection 15 from local rank 6, transport 0
nid007973:80842:80842 [6] NCCL INFO Connected to proxy localRank 6 -> connection 0x14ed7c001b28
nid007974:70011:70011 [5] NCCL INFO Channel 15/0 : 13[d6000] -> 5[d6000] [send] via NET/Libfabric/2/GDRDMA comm 0x563437d05580 nRanks 16
nid007974:70010:70092 [2] NCCL INFO New proxy send connection 18 from local rank 2, transport 2
nid007974:70010:70010 [2] NCCL INFO Connected to proxy localRank 2 -> connection 0x14d400001c90
nid007974:70010:70010 [2] NCCL INFO Channel 09/0 : 10[c9000] -> 2[c9000] [send] via NET/Libfabric/1/GDRDMA comm 0x555fb8b1ed80 nRanks 16
nid007974:70010:70010 [2] NCCL INFO GPU Direct RDMA Enabled for GPU c9000 / HCA 1 (distance 6 <= 6), read 1
nid007974:70010:70092 [2] NCCL INFO New proxy send connection 19 from local rank 2, transport 2
nid007974:70010:70010 [2] NCCL INFO Connected to proxy localRank 2 -> connection 0x14d400001d08
nid007974:70010:70010 [2] NCCL INFO Channel 13/0 : 10[c9000] -> 2[c9000] [send] via NET/Libfabric/1/GDRDMA comm 0x555fb8b1ed80 nRanks 16
nid007973:80839:80924 [7] NCCL INFO New proxy recv connection 12 from local rank 7, transport 2
nid007973:80839:80839 [7] NCCL INFO Connected to proxy localRank 7 -> connection 0x1488900019c0
nid007973:80836:80923 [1] NCCL INFO New proxy recv connection 17 from local rank 1, transport 0
nid007973:80836:80836 [1] NCCL INFO Connected to proxy localRank 1 -> connection 0x14577c001c18
nid007973:80841:80928 [3] NCCL INFO New proxy recv connection 17 from local rank 3, transport 0
nid007973:80841:80841 [3] NCCL INFO Connected to proxy localRank 3 -> connection 0x147624001c18
nid007974:70008:70008 [4] NCCL INFO Channel 14/0 : 12[d1000] -> 10[c9000] via P2P/IPC comm 0x5576d248edc0 nRanks 16
nid007974:70008:70096 [4] NCCL INFO New proxy send connection 23 from local rank 4, transport 0
nid007974:70008:70008 [4] NCCL INFO Connected to proxy localRank 4 -> connection 0x145e0c001ee8
nid007973:80840:80925 [4] NCCL INFO New proxy recv connection 19 from local rank 4, transport 0
nid007973:80840:80840 [4] NCCL INFO Connected to proxy localRank 4 -> connection 0x145eb8001d08
nid007973:80835:80835 [0] NCCL INFO GPU Direct RDMA Enabled for GPU c1000 / HCA 0 (distance 6 <= 6), read 0
nid007973:80842:80842 [6] NCCL INFO Channel 02/0 : 6[d9000] -> 0[c1000] via P2P/IPC comm 0x55fbb093ae60 nRanks 16
nid007973:80842:80927 [6] NCCL INFO New proxy send connection 16 from local rank 6, transport 0
nid007973:80842:80842 [6] NCCL INFO Connected to proxy localRank 6 -> connection 0x14ed7c001ba0
nid007973:80836:80923 [1] NCCL INFO New proxy recv connection 18 from local rank 1, transport 0
nid007973:80836:80836 [1] NCCL INFO Connected to proxy localRank 1 -> connection 0x14577c001c90
nid007973:80841:80928 [3] NCCL INFO New proxy recv connection 18 from local rank 3, transport 0
nid007973:80841:80841 [3] NCCL INFO Connected to proxy localRank 3 -> connection 0x147624001c90
nid007974:70006:70006 [0] NCCL INFO Channel 01/0 : 0[c1000] -> 8[c1000] [receive] via NET/Libfabric/0/GDRDMA comm 0x558defd0bfa0 nRanks 16
nid007974:70006:70006 [0] NCCL INFO GPU Direct RDMA Enabled for GPU c1000 / HCA 0 (distance 6 <= 6), read 0
nid007974:70006:70095 [0] NCCL INFO New proxy recv connection 13 from local rank 0, transport 2
nid007974:70006:70006 [0] NCCL INFO Connected to proxy localRank 0 -> connection 0x151238001a38
nid007974:70006:70006 [0] NCCL INFO Channel 05/0 : 0[c1000] -> 8[c1000] [receive] via NET/Libfabric/0/GDRDMA comm 0x558defd0bfa0 nRanks 16
nid007974:70006:70006 [0] NCCL INFO GPU Direct RDMA Enabled for GPU c1000 / HCA 0 (distance 6 <= 6), read 0
nid007974:70006:70095 [0] NCCL INFO New proxy recv connection 14 from local rank 0, transport 2
nid007974:70006:70006 [0] NCCL INFO Connected to proxy localRank 0 -> connection 0x151238001ab0
nid007974:70006:70006 [0] NCCL INFO Channel 09/0 : 0[c1000] -> 8[c1000] [receive] via NET/Libfabric/0/GDRDMA comm 0x558defd0bfa0 nRanks 16
nid007974:70006:70006 [0] NCCL INFO GPU Direct RDMA Enabled for GPU c1000 / HCA 0 (distance 6 <= 6), read 0
nid007974:70006:70095 [0] NCCL INFO New proxy recv connection 15 from local rank 0, transport 2
nid007974:70006:70006 [0] NCCL INFO Connected to proxy localRank 0 -> connection 0x151238001b28
nid007974:70006:70006 [0] NCCL INFO Channel 13/0 : 0[c1000] -> 8[c1000] [receive] via NET/Libfabric/0/GDRDMA comm 0x558defd0bfa0 nRanks 16
nid007974:70006:70006 [0] NCCL INFO GPU Direct RDMA Enabled for GPU c1000 / HCA 0 (distance 6 <= 6), read 1
nid007974:70006:70095 [0] NCCL INFO New proxy send connection 16 from local rank 0, transport 2
nid007974:70006:70006 [0] NCCL INFO Connected to proxy localRank 0 -> connection 0x151238001ba0
nid007974:70006:70006 [0] NCCL INFO Channel 00/0 : 8[c1000] -> 0[c1000] [send] via NET/Libfabric/0/GDRDMA comm 0x558defd0bfa0 nRanks 16
nid007974:70006:70006 [0] NCCL INFO GPU Direct RDMA Enabled for GPU c1000 / HCA 0 (distance 6 <= 6), read 1
nid007974:70006:70095 [0] NCCL INFO New proxy send connection 17 from local rank 0, transport 2
nid007974:70006:70006 [0] NCCL INFO Connected to proxy localRank 0 -> connection 0x151238001c18
nid007974:70006:70006 [0] NCCL INFO Channel 04/0 : 8[c1000] -> 0[c1000] [send] via NET/Libfabric/0/GDRDMA comm 0x558defd0bfa0 nRanks 16
nid007974:70006:70006 [0] NCCL INFO GPU Direct RDMA Enabled for GPU c1000 / HCA 0 (distance 6 <= 6), read 1
nid007973:80840:80840 [4] NCCL INFO Channel 03/0 : 4[d1000] -> 2[c9000] via P2P/IPC comm 0x55a24b51bc60 nRanks 16
nid007973:80840:80925 [4] NCCL INFO New proxy send connection 20 from local rank 4, transport 0
nid007973:80840:80840 [4] NCCL INFO Connected to proxy localRank 4 -> connection 0x145eb8001d80
nid007974:70006:70095 [0] NCCL INFO New proxy send connection 18 from local rank 0, transport 2
nid007974:70006:70006 [0] NCCL INFO Connected to proxy localRank 0 -> connection 0x151238001c90
nid007974:70006:70006 [0] NCCL INFO Channel 08/0 : 8[c1000] -> 0[c1000] [send] via NET/Libfabric/0/GDRDMA comm 0x558defd0bfa0 nRanks 16
nid007974:70006:70006 [0] NCCL INFO GPU Direct RDMA Enabled for GPU c1000 / HCA 0 (distance 6 <= 6), read 1
nid007974:70006:70095 [0] NCCL INFO New proxy send connection 19 from local rank 0, transport 2
nid007974:70006:70006 [0] NCCL INFO Connected to proxy localRank 0 -> connection 0x151238001d08
nid007974:70006:70006 [0] NCCL INFO Channel 12/0 : 8[c1000] -> 0[c1000] [send] via NET/Libfabric/0/GDRDMA comm 0x558defd0bfa0 nRanks 16
nid007973:80835:80929 [0] NCCL INFO New proxy recv connection 12 from local rank 0, transport 2
nid007973:80835:80835 [0] NCCL INFO Connected to proxy localRank 0 -> connection 0x15448c0019c0
nid007973:80842:80842 [6] NCCL INFO Channel 06/0 : 6[d9000] -> 0[c1000] via P2P/IPC comm 0x55fbb093ae60 nRanks 16
nid007973:80842:80927 [6] NCCL INFO New proxy send connection 17 from local rank 6, transport 0
nid007973:80842:80842 [6] NCCL INFO Connected to proxy localRank 6 -> connection 0x14ed7c001c18
nid007973:80836:80923 [1] NCCL INFO New proxy recv connection 19 from local rank 1, transport 0
nid007973:80836:80836 [1] NCCL INFO Connected to proxy localRank 1 -> connection 0x14577c001d08
nid007973:80841:80928 [3] NCCL INFO New proxy recv connection 19 from local rank 3, transport 0
nid007973:80841:80841 [3] NCCL INFO Connected to proxy localRank 3 -> connection 0x147624001d08
nid007973:80840:80840 [4] NCCL INFO Channel 07/0 : 4[d1000] -> 2[c9000] via P2P/IPC comm 0x55a24b51bc60 nRanks 16
nid007973:80840:80925 [4] NCCL INFO New proxy send connection 21 from local rank 4, transport 0
nid007973:80840:80840 [4] NCCL INFO Connected to proxy localRank 4 -> connection 0x145eb8001df8
nid007973:80842:80842 [6] NCCL INFO Channel 10/0 : 6[d9000] -> 0[c1000] via P2P/IPC comm 0x55fbb093ae60 nRanks 16
nid007973:80842:80927 [6] NCCL INFO New proxy send connection 18 from local rank 6, transport 0
nid007973:80842:80842 [6] NCCL INFO Connected to proxy localRank 6 -> connection 0x14ed7c001c90
nid007973:80837:80837 [2] NCCL INFO Channel 01/0 : 10[c9000] -> 2[c9000] [receive] via NET/Libfabric/1/GDRDMA comm 0x556a309360f0 nRanks 16
nid007973:80837:80837 [2] NCCL INFO GPU Direct RDMA Enabled for GPU c9000 / HCA 1 (distance 6 <= 6), read 0
nid007973:80837:80930 [2] NCCL INFO New proxy recv connection 13 from local rank 2, transport 2
nid007973:80837:80837 [2] NCCL INFO Connected to proxy localRank 2 -> connection 0x14a778001a38
nid007973:80837:80837 [2] NCCL INFO Channel 05/0 : 10[c9000] -> 2[c9000] [receive] via NET/Libfabric/1/GDRDMA comm 0x556a309360f0 nRanks 16
nid007973:80837:80837 [2] NCCL INFO GPU Direct RDMA Enabled for GPU c9000 / HCA 1 (distance 6 <= 6), read 0
nid007973:80837:80930 [2] NCCL INFO New proxy recv connection 14 from local rank 2, transport 2
nid007973:80837:80837 [2] NCCL INFO Connected to proxy localRank 2 -> connection 0x14a778001ab0
nid007973:80837:80837 [2] NCCL INFO Channel 09/0 : 10[c9000] -> 2[c9000] [receive] via NET/Libfabric/1/GDRDMA comm 0x556a309360f0 nRanks 16
nid007973:80837:80837 [2] NCCL INFO GPU Direct RDMA Enabled for GPU c9000 / HCA 1 (distance 6 <= 6), read 0
nid007973:80837:80930 [2] NCCL INFO New proxy recv connection 15 from local rank 2, transport 2
nid007973:80837:80837 [2] NCCL INFO Connected to proxy localRank 2 -> connection 0x14a778001b28
nid007973:80837:80837 [2] NCCL INFO Channel 13/0 : 10[c9000] -> 2[c9000] [receive] via NET/Libfabric/1/GDRDMA comm 0x556a309360f0 nRanks 16
nid007973:80837:80837 [2] NCCL INFO GPU Direct RDMA Enabled for GPU c9000 / HCA 1 (distance 6 <= 6), read 1
nid007973:80837:80930 [2] NCCL INFO New proxy send connection 16 from local rank 2, transport 2
nid007973:80837:80837 [2] NCCL INFO Connected to proxy localRank 2 -> connection 0x14a778001ba0
nid007973:80840:80840 [4] NCCL INFO Channel 11/0 : 4[d1000] -> 2[c9000] via P2P/IPC comm 0x55a24b51bc60 nRanks 16
nid007973:80840:80925 [4] NCCL INFO New proxy send connection 22 from local rank 4, transport 0
nid007973:80837:80837 [2] NCCL INFO Channel 00/0 : 2[c9000] -> 10[c9000] [send] via NET/Libfabric/1/GDRDMA comm 0x556a309360f0 nRanks 16
nid007973:80837:80837 [2] NCCL INFO GPU Direct RDMA Enabled for GPU c9000 / HCA 1 (distance 6 <= 6), read 1
nid007973:80840:80840 [4] NCCL INFO Connected to proxy localRank 4 -> connection 0x145eb8001e70
nid007973:80837:80930 [2] NCCL INFO New proxy send connection 17 from local rank 2, transport 2
nid007973:80837:80837 [2] NCCL INFO Connected to proxy localRank 2 -> connection 0x14a778001c18
nid007973:80837:80837 [2] NCCL INFO Channel 04/0 : 2[c9000] -> 10[c9000] [send] via NET/Libfabric/1/GDRDMA comm 0x556a309360f0 nRanks 16
nid007973:80837:80837 [2] NCCL INFO GPU Direct RDMA Enabled for GPU c9000 / HCA 1 (distance 6 <= 6), read 1
nid007973:80837:80930 [2] NCCL INFO New proxy send connection 18 from local rank 2, transport 2
nid007973:80837:80837 [2] NCCL INFO Connected to proxy localRank 2 -> connection 0x14a778001c90
nid007973:80837:80837 [2] NCCL INFO Channel 08/0 : 2[c9000] -> 10[c9000] [send] via NET/Libfabric/1/GDRDMA comm 0x556a309360f0 nRanks 16
nid007973:80837:80837 [2] NCCL INFO GPU Direct RDMA Enabled for GPU c9000 / HCA 1 (distance 6 <= 6), read 1
nid007973:80837:80930 [2] NCCL INFO New proxy send connection 19 from local rank 2, transport 2
nid007973:80837:80837 [2] NCCL INFO Connected to proxy localRank 2 -> connection 0x14a778001d08
nid007973:80837:80837 [2] NCCL INFO Channel 12/0 : 2[c9000] -> 10[c9000] [send] via NET/Libfabric/1/GDRDMA comm 0x556a309360f0 nRanks 16
nid007973:80837:80930 [2] NCCL INFO New proxy recv connection 20 from local rank 2, transport 0
nid007973:80837:80837 [2] NCCL INFO Connected to proxy localRank 2 -> connection 0x14a778001d80
nid007974:70010:70092 [2] NCCL INFO New proxy recv connection 20 from local rank 2, transport 0
nid007974:70010:70010 [2] NCCL INFO Connected to proxy localRank 2 -> connection 0x14d400001d80
nid007973:80838:80838 [5] NCCL INFO Channel 03/0 : 13[d6000] -> 5[d6000] [receive] via NET/Libfabric/2/GDRDMA comm 0x55bce1c66710 nRanks 16
nid007973:80838:80838 [5] NCCL INFO GPU Direct RDMA Enabled for GPU d6000 / HCA 2 (distance 6 <= 6), read 0
nid007973:80838:80926 [5] NCCL INFO New proxy recv connection 13 from local rank 5, transport 2
nid007973:80838:80838 [5] NCCL INFO Connected to proxy localRank 5 -> connection 0x14d4f8001a38
nid007973:80838:80838 [5] NCCL INFO Channel 07/0 : 13[d6000] -> 5[d6000] [receive] via NET/Libfabric/2/GDRDMA comm 0x55bce1c66710 nRanks 16
nid007973:80838:80838 [5] NCCL INFO GPU Direct RDMA Enabled for GPU d6000 / HCA 2 (distance 6 <= 6), read 0
nid007973:80838:80926 [5] NCCL INFO New proxy recv connection 14 from local rank 5, transport 2
nid007973:80838:80838 [5] NCCL INFO Connected to proxy localRank 5 -> connection 0x14d4f8001ab0
nid007973:80838:80838 [5] NCCL INFO Channel 11/0 : 13[d6000] -> 5[d6000] [receive] via NET/Libfabric/2/GDRDMA comm 0x55bce1c66710 nRanks 16
nid007973:80838:80838 [5] NCCL INFO GPU Direct RDMA Enabled for GPU d6000 / HCA 2 (distance 6 <= 6), read 0
nid007973:80838:80926 [5] NCCL INFO New proxy recv connection 15 from local rank 5, transport 2
nid007973:80838:80838 [5] NCCL INFO Connected to proxy localRank 5 -> connection 0x14d4f8001b28
nid007973:80838:80838 [5] NCCL INFO Channel 15/0 : 13[d6000] -> 5[d6000] [receive] via NET/Libfabric/2/GDRDMA comm 0x55bce1c66710 nRanks 16
nid007973:80838:80838 [5] NCCL INFO GPU Direct RDMA Enabled for GPU d6000 / HCA 2 (distance 6 <= 6), read 1
nid007973:80838:80926 [5] NCCL INFO New proxy send connection 16 from local rank 5, transport 2
nid007973:80838:80838 [5] NCCL INFO Connected to proxy localRank 5 -> connection 0x14d4f8001ba0
nid007973:80838:80838 [5] NCCL INFO Channel 02/0 : 5[d6000] -> 13[d6000] [send] via NET/Libfabric/2/GDRDMA comm 0x55bce1c66710 nRanks 16
nid007973:80838:80838 [5] NCCL INFO GPU Direct RDMA Enabled for GPU d6000 / HCA 2 (distance 6 <= 6), read 1
nid007973:80838:80926 [5] NCCL INFO New proxy send connection 17 from local rank 5, transport 2
nid007973:80838:80838 [5] NCCL INFO Connected to proxy localRank 5 -> connection 0x14d4f8001c18
nid007973:80838:80838 [5] NCCL INFO Channel 06/0 : 5[d6000] -> 13[d6000] [send] via NET/Libfabric/2/GDRDMA comm 0x55bce1c66710 nRanks 16
nid007973:80838:80838 [5] NCCL INFO GPU Direct RDMA Enabled for GPU d6000 / HCA 2 (distance 6 <= 6), read 1
nid007973:80838:80926 [5] NCCL INFO New proxy send connection 18 from local rank 5, transport 2
nid007973:80838:80838 [5] NCCL INFO Connected to proxy localRank 5 -> connection 0x14d4f8001c90
nid007973:80838:80838 [5] NCCL INFO Channel 10/0 : 5[d6000] -> 13[d6000] [send] via NET/Libfabric/2/GDRDMA comm 0x55bce1c66710 nRanks 16
nid007973:80838:80838 [5] NCCL INFO GPU Direct RDMA Enabled for GPU d6000 / HCA 2 (distance 6 <= 6), read 1
nid007973:80838:80926 [5] NCCL INFO New proxy send connection 19 from local rank 5, transport 2
nid007973:80838:80838 [5] NCCL INFO Connected to proxy localRank 5 -> connection 0x14d4f8001d08
nid007973:80838:80838 [5] NCCL INFO Channel 14/0 : 5[d6000] -> 13[d6000] [send] via NET/Libfabric/2/GDRDMA comm 0x55bce1c66710 nRanks 16
nid007973:80842:80842 [6] NCCL INFO Channel 14/0 : 6[d9000] -> 0[c1000] via P2P/IPC comm 0x55fbb093ae60 nRanks 16
nid007973:80842:80927 [6] NCCL INFO New proxy send connection 19 from local rank 6, transport 0
nid007973:80842:80842 [6] NCCL INFO Connected to proxy localRank 6 -> connection 0x14ed7c001d08
nid007973:80838:80838 [5] NCCL INFO Channel 01/0 : 5[d6000] -> 1[c6000] via P2P/IPC comm 0x55bce1c66710 nRanks 16
nid007973:80838:80926 [5] NCCL INFO New proxy send connection 20 from local rank 5, transport 0
nid007973:80838:80838 [5] NCCL INFO Connected to proxy localRank 5 -> connection 0x14d4f8001d80
nid007974:70011:70011 [5] NCCL INFO Channel 00/0 : 13[d6000] -> 9[c6000] via P2P/IPC comm 0x563437d05580 nRanks 16
nid007974:70011:70097 [5] NCCL INFO New proxy send connection 20 from local rank 5, transport 0
nid007974:70011:70011 [5] NCCL INFO Connected to proxy localRank 5 -> connection 0x153c40001d80
nid007973:80840:80840 [4] NCCL INFO Channel 15/0 : 4[d1000] -> 2[c9000] via P2P/IPC comm 0x55a24b51bc60 nRanks 16
nid007973:80840:80925 [4] NCCL INFO New proxy send connection 23 from local rank 4, transport 0
nid007973:80840:80840 [4] NCCL INFO Connected to proxy localRank 4 -> connection 0x145eb8001ee8
nid007973:80837:80930 [2] NCCL INFO New proxy recv connection 21 from local rank 2, transport 0
nid007973:80837:80837 [2] NCCL INFO Connected to proxy localRank 2 -> connection 0x14a778001df8
nid007973:80838:80838 [5] NCCL INFO Channel 05/0 : 5[d6000] -> 1[c6000] via P2P/IPC comm 0x55bce1c66710 nRanks 16
nid007973:80838:80926 [5] NCCL INFO New proxy send connection 21 from local rank 5, transport 0
nid007973:80838:80838 [5] NCCL INFO Connected to proxy localRank 5 -> connection 0x14d4f8001df8
nid007974:70011:70011 [5] NCCL INFO Channel 04/0 : 13[d6000] -> 9[c6000] via P2P/IPC comm 0x563437d05580 nRanks 16
nid007974:70011:70097 [5] NCCL INFO New proxy send connection 21 from local rank 5, transport 0
nid007974:70011:70011 [5] NCCL INFO Connected to proxy localRank 5 -> connection 0x153c40001df8
nid007974:70010:70092 [2] NCCL INFO New proxy recv connection 21 from local rank 2, transport 0
nid007974:70010:70010 [2] NCCL INFO Connected to proxy localRank 2 -> connection 0x14d400001df8
nid007973:80839:80839 [7] NCCL INFO Channel 02/0 : 15[de000] -> 7[de000] [receive] via NET/Libfabric/3/GDRDMA comm 0x55989727ef10 nRanks 16
nid007973:80839:80839 [7] NCCL INFO GPU Direct RDMA Enabled for GPU de000 / HCA 3 (distance 6 <= 6), read 0
nid007973:80839:80924 [7] NCCL INFO New proxy recv connection 13 from local rank 7, transport 2
nid007973:80839:80839 [7] NCCL INFO Connected to proxy localRank 7 -> connection 0x148890001a38
nid007973:80839:80839 [7] NCCL INFO Channel 06/0 : 15[de000] -> 7[de000] [receive] via NET/Libfabric/3/GDRDMA comm 0x55989727ef10 nRanks 16
nid007973:80839:80839 [7] NCCL INFO GPU Direct RDMA Enabled for GPU de000 / HCA 3 (distance 6 <= 6), read 0
nid007973:80839:80924 [7] NCCL INFO New proxy recv connection 14 from local rank 7, transport 2
nid007973:80839:80839 [7] NCCL INFO Connected to proxy localRank 7 -> connection 0x148890001ab0
nid007973:80839:80839 [7] NCCL INFO Channel 10/0 : 15[de000] -> 7[de000] [receive] via NET/Libfabric/3/GDRDMA comm 0x55989727ef10 nRanks 16
nid007973:80839:80839 [7] NCCL INFO GPU Direct RDMA Enabled for GPU de000 / HCA 3 (distance 6 <= 6), read 0
nid007973:80839:80924 [7] NCCL INFO New proxy recv connection 15 from local rank 7, transport 2
nid007973:80839:80839 [7] NCCL INFO Connected to proxy localRank 7 -> connection 0x148890001b28
nid007973:80839:80839 [7] NCCL INFO Channel 14/0 : 15[de000] -> 7[de000] [receive] via NET/Libfabric/3/GDRDMA comm 0x55989727ef10 nRanks 16
nid007973:80839:80839 [7] NCCL INFO GPU Direct RDMA Enabled for GPU de000 / HCA 3 (distance 6 <= 6), read 1
nid007973:80839:80924 [7] NCCL INFO New proxy send connection 16 from local rank 7, transport 2
nid007973:80839:80839 [7] NCCL INFO Connected to proxy localRank 7 -> connection 0x148890001ba0
nid007973:80839:80839 [7] NCCL INFO Channel 03/0 : 7[de000] -> 15[de000] [send] via NET/Libfabric/3/GDRDMA comm 0x55989727ef10 nRanks 16
nid007973:80839:80839 [7] NCCL INFO GPU Direct RDMA Enabled for GPU de000 / HCA 3 (distance 6 <= 6), read 1
nid007973:80839:80924 [7] NCCL INFO New proxy send connection 17 from local rank 7, transport 2
nid007973:80839:80839 [7] NCCL INFO Connected to proxy localRank 7 -> connection 0x148890001c18
nid007973:80839:80839 [7] NCCL INFO Channel 07/0 : 7[de000] -> 15[de000] [send] via NET/Libfabric/3/GDRDMA comm 0x55989727ef10 nRanks 16
nid007973:80839:80839 [7] NCCL INFO GPU Direct RDMA Enabled for GPU de000 / HCA 3 (distance 6 <= 6), read 1
nid007973:80839:80924 [7] NCCL INFO New proxy send connection 18 from local rank 7, transport 2
nid007973:80839:80839 [7] NCCL INFO Connected to proxy localRank 7 -> connection 0x148890001c90
nid007973:80839:80839 [7] NCCL INFO Channel 11/0 : 7[de000] -> 15[de000] [send] via NET/Libfabric/3/GDRDMA comm 0x55989727ef10 nRanks 16
nid007973:80839:80839 [7] NCCL INFO GPU Direct RDMA Enabled for GPU de000 / HCA 3 (distance 6 <= 6), read 1
nid007973:80839:80924 [7] NCCL INFO New proxy send connection 19 from local rank 7, transport 2
nid007973:80839:80839 [7] NCCL INFO Connected to proxy localRank 7 -> connection 0x148890001d08
nid007974:70011:70011 [5] NCCL INFO Channel 08/0 : 13[d6000] -> 9[c6000] via P2P/IPC comm 0x563437d05580 nRanks 16
nid007974:70011:70097 [5] NCCL INFO New proxy send connection 22 from local rank 5, transport 0
nid007974:70011:70011 [5] NCCL INFO Connected to proxy localRank 5 -> connection 0x153c40001e70
nid007973:80839:80839 [7] NCCL INFO Channel 15/0 : 7[de000] -> 15[de000] [send] via NET/Libfabric/3/GDRDMA comm 0x55989727ef10 nRanks 16
nid007973:80838:80838 [5] NCCL INFO Channel 09/0 : 5[d6000] -> 1[c6000] via P2P/IPC comm 0x55bce1c66710 nRanks 16
nid007973:80838:80926 [5] NCCL INFO New proxy send connection 22 from local rank 5, transport 0
nid007973:80838:80838 [5] NCCL INFO Connected to proxy localRank 5 -> connection 0x14d4f8001e70
nid007973:80839:80839 [7] NCCL INFO Channel 00/0 : 7[de000] -> 3[ce000] via P2P/IPC comm 0x55989727ef10 nRanks 16
nid007973:80839:80924 [7] NCCL INFO New proxy send connection 20 from local rank 7, transport 0
nid007973:80839:80839 [7] NCCL INFO Connected to proxy localRank 7 -> connection 0x148890001d80
nid007974:70013:70013 [7] NCCL INFO Channel 01/0 : 15[de000] -> 11[ce000] via P2P/IPC comm 0x5626b6938e90 nRanks 16
nid007974:70013:70090 [7] NCCL INFO New proxy send connection 20 from local rank 7, transport 0
nid007974:70013:70013 [7] NCCL INFO Connected to proxy localRank 7 -> connection 0x149264001d80
nid007973:80837:80930 [2] NCCL INFO New proxy recv connection 22 from local rank 2, transport 0
nid007973:80837:80837 [2] NCCL INFO Connected to proxy localRank 2 -> connection 0x14a778001e70
nid007974:70010:70092 [2] NCCL INFO New proxy recv connection 22 from local rank 2, transport 0
nid007974:70010:70010 [2] NCCL INFO Connected to proxy localRank 2 -> connection 0x14d400001e70
nid007974:70011:70011 [5] NCCL INFO Channel 12/0 : 13[d6000] -> 9[c6000] via P2P/IPC comm 0x563437d05580 nRanks 16
nid007974:70011:70097 [5] NCCL INFO New proxy send connection 23 from local rank 5, transport 0
nid007974:70011:70011 [5] NCCL INFO Connected to proxy localRank 5 -> connection 0x153c40001ee8
nid007973:80838:80838 [5] NCCL INFO Channel 13/0 : 5[d6000] -> 1[c6000] via P2P/IPC comm 0x55bce1c66710 nRanks 16
nid007973:80838:80926 [5] NCCL INFO New proxy send connection 23 from local rank 5, transport 0
nid007973:80838:80838 [5] NCCL INFO Connected to proxy localRank 5 -> connection 0x14d4f8001ee8
nid007974:70013:70013 [7] NCCL INFO Channel 05/0 : 15[de000] -> 11[ce000] via P2P/IPC comm 0x5626b6938e90 nRanks 16
nid007974:70013:70090 [7] NCCL INFO New proxy send connection 21 from local rank 7, transport 0
nid007974:70013:70013 [7] NCCL INFO Connected to proxy localRank 7 -> connection 0x149264001df8
nid007973:80839:80839 [7] NCCL INFO Channel 04/0 : 7[de000] -> 3[ce000] via P2P/IPC comm 0x55989727ef10 nRanks 16
nid007973:80839:80924 [7] NCCL INFO New proxy send connection 21 from local rank 7, transport 0
nid007973:80839:80839 [7] NCCL INFO Connected to proxy localRank 7 -> connection 0x148890001df8
nid007973:80837:80930 [2] NCCL INFO New proxy recv connection 23 from local rank 2, transport 0
nid007973:80837:80837 [2] NCCL INFO Connected to proxy localRank 2 -> connection 0x14a778001ee8
nid007974:70011:70011 [5] NCCL INFO Channel 01/0 : 13[d6000] -> 12[d1000] via P2P/IPC comm 0x563437d05580 nRanks 16
nid007974:70011:70097 [5] NCCL INFO New proxy send connection 24 from local rank 5, transport 0
nid007973:80835:80835 [0] NCCL INFO Channel 00/0 : 8[c1000] -> 0[c1000] [receive] via NET/Libfabric/0/GDRDMA comm 0x5571859b9050 nRanks 16
nid007973:80835:80835 [0] NCCL INFO GPU Direct RDMA Enabled for GPU c1000 / HCA 0 (distance 6 <= 6), read 0
nid007974:70012:70091 [1] NCCL INFO New proxy recv connection 20 from local rank 1, transport 0
nid007974:70011:70011 [5] NCCL INFO Connected to proxy localRank 5 -> connection 0x153c40001f60
nid007973:80835:80929 [0] NCCL INFO New proxy recv connection 13 from local rank 0, transport 2
nid007974:70012:70012 [1] NCCL INFO Connected to proxy localRank 1 -> connection 0x14f334001d80
nid007973:80835:80835 [0] NCCL INFO Connected to proxy localRank 0 -> connection 0x15448c001a38
nid007973:80838:80838 [5] NCCL INFO Channel 00/0 : 5[d6000] -> 4[d1000] via P2P/IPC comm 0x55bce1c66710 nRanks 16
nid007973:80835:80835 [0] NCCL INFO Channel 04/0 : 8[c1000] -> 0[c1000] [receive] via NET/Libfabric/0/GDRDMA comm 0x5571859b9050 nRanks 16
nid007973:80835:80835 [0] NCCL INFO GPU Direct RDMA Enabled for GPU c1000 / HCA 0 (distance 6 <= 6), read 0
nid007973:80838:80926 [5] NCCL INFO New proxy send connection 24 from local rank 5, transport 0
nid007973:80838:80838 [5] NCCL INFO Connected to proxy localRank 5 -> connection 0x14d4f8001f60
nid007973:80836:80923 [1] NCCL INFO New proxy recv connection 20 from local rank 1, transport 0
nid007973:80836:80836 [1] NCCL INFO Connected to proxy localRank 1 -> connection 0x14577c001d80
nid007973:80835:80929 [0] NCCL INFO New proxy recv connection 14 from local rank 0, transport 2
nid007973:80835:80835 [0] NCCL INFO Connected to proxy localRank 0 -> connection 0x15448c001ab0
nid007973:80835:80835 [0] NCCL INFO Channel 08/0 : 8[c1000] -> 0[c1000] [receive] via NET/Libfabric/0/GDRDMA comm 0x5571859b9050 nRanks 16
nid007973:80835:80835 [0] NCCL INFO GPU Direct RDMA Enabled for GPU c1000 / HCA 0 (distance 6 <= 6), read 0
nid007973:80835:80929 [0] NCCL INFO New proxy recv connection 15 from local rank 0, transport 2
nid007973:80835:80835 [0] NCCL INFO Connected to proxy localRank 0 -> connection 0x15448c001b28
nid007973:80835:80835 [0] NCCL INFO Channel 12/0 : 8[c1000] -> 0[c1000] [receive] via NET/Libfabric/0/GDRDMA comm 0x5571859b9050 nRanks 16
nid007973:80835:80835 [0] NCCL INFO GPU Direct RDMA Enabled for GPU c1000 / HCA 0 (distance 6 <= 6), read 1
nid007973:80835:80929 [0] NCCL INFO New proxy send connection 16 from local rank 0, transport 2
nid007973:80835:80835 [0] NCCL INFO Connected to proxy localRank 0 -> connection 0x15448c001ba0
nid007973:80835:80835 [0] NCCL INFO Channel 01/0 : 0[c1000] -> 8[c1000] [send] via NET/Libfabric/0/GDRDMA comm 0x5571859b9050 nRanks 16
nid007973:80835:80835 [0] NCCL INFO GPU Direct RDMA Enabled for GPU c1000 / HCA 0 (distance 6 <= 6), read 1
nid007973:80835:80929 [0] NCCL INFO New proxy send connection 17 from local rank 0, transport 2
nid007973:80835:80835 [0] NCCL INFO Connected to proxy localRank 0 -> connection 0x15448c001c18
nid007973:80835:80835 [0] NCCL INFO Channel 05/0 : 0[c1000] -> 8[c1000] [send] via NET/Libfabric/0/GDRDMA comm 0x5571859b9050 nRanks 16
nid007973:80835:80835 [0] NCCL INFO GPU Direct RDMA Enabled for GPU c1000 / HCA 0 (distance 6 <= 6), read 1
nid007973:80835:80929 [0] NCCL INFO New proxy send connection 18 from local rank 0, transport 2
nid007973:80835:80835 [0] NCCL INFO Connected to proxy localRank 0 -> connection 0x15448c001c90
nid007973:80835:80835 [0] NCCL INFO Channel 09/0 : 0[c1000] -> 8[c1000] [send] via NET/Libfabric/0/GDRDMA comm 0x5571859b9050 nRanks 16
nid007973:80835:80835 [0] NCCL INFO GPU Direct RDMA Enabled for GPU c1000 / HCA 0 (distance 6 <= 6), read 1
nid007973:80835:80929 [0] NCCL INFO New proxy send connection 19 from local rank 0, transport 2
nid007973:80835:80835 [0] NCCL INFO Connected to proxy localRank 0 -> connection 0x15448c001d08
nid007974:70013:70013 [7] NCCL INFO Channel 09/0 : 15[de000] -> 11[ce000] via P2P/IPC comm 0x5626b6938e90 nRanks 16
nid007973:80835:80835 [0] NCCL INFO Channel 13/0 : 0[c1000] -> 8[c1000] [send] via NET/Libfabric/0/GDRDMA comm 0x5571859b9050 nRanks 16
nid007974:70010:70092 [2] NCCL INFO New proxy recv connection 23 from local rank 2, transport 0
nid007974:70010:70010 [2] NCCL INFO Connected to proxy localRank 2 -> connection 0x14d400001ee8
nid007974:70013:70090 [7] NCCL INFO New proxy send connection 22 from local rank 7, transport 0
nid007974:70013:70013 [7] NCCL INFO Connected to proxy localRank 7 -> connection 0x149264001e70
nid007973:80835:80929 [0] NCCL INFO New proxy recv connection 20 from local rank 0, transport 0
nid007973:80835:80835 [0] NCCL INFO Connected to proxy localRank 0 -> connection 0x15448c001d80
nid007974:70006:70095 [0] NCCL INFO New proxy recv connection 20 from local rank 0, transport 0
nid007974:70006:70006 [0] NCCL INFO Connected to proxy localRank 0 -> connection 0x151238001d80
nid007974:70011:70011 [5] NCCL INFO Channel 02/0 : 13[d6000] -> 12[d1000] via P2P/IPC comm 0x563437d05580 nRanks 16
nid007974:70011:70097 [5] NCCL INFO New proxy send connection 25 from local rank 5, transport 0
nid007974:70011:70011 [5] NCCL INFO Connected to proxy localRank 5 -> connection 0x153c40001fd8
nid007973:80838:80838 [5] NCCL INFO Channel 03/0 : 5[d6000] -> 4[d1000] via P2P/IPC comm 0x55bce1c66710 nRanks 16
nid007973:80838:80926 [5] NCCL INFO New proxy send connection 25 from local rank 5, transport 0
nid007973:80838:80838 [5] NCCL INFO Connected to proxy localRank 5 -> connection 0x14d4f8001fd8
nid007973:80839:80839 [7] NCCL INFO Channel 08/0 : 7[de000] -> 3[ce000] via P2P/IPC comm 0x55989727ef10 nRanks 16
nid007973:80839:80924 [7] NCCL INFO New proxy send connection 22 from local rank 7, transport 0
nid007973:80839:80839 [7] NCCL INFO Connected to proxy localRank 7 -> connection 0x148890001e70
nid007974:70012:70091 [1] NCCL INFO New proxy recv connection 21 from local rank 1, transport 0
nid007974:70012:70012 [1] NCCL INFO Connected to proxy localRank 1 -> connection 0x14f334001df8
nid007973:80837:80930 [2] NCCL INFO New proxy recv connection 24 from local rank 2, transport 0
nid007973:80837:80837 [2] NCCL INFO Connected to proxy localRank 2 -> connection 0x14a778001f60
nid007974:70013:70013 [7] NCCL INFO Channel 13/0 : 15[de000] -> 11[ce000] via P2P/IPC comm 0x5626b6938e90 nRanks 16
nid007974:70013:70090 [7] NCCL INFO New proxy send connection 23 from local rank 7, transport 0
nid007974:70013:70013 [7] NCCL INFO Connected to proxy localRank 7 -> connection 0x149264001ee8
nid007973:80836:80923 [1] NCCL INFO New proxy recv connection 21 from local rank 1, transport 0
nid007973:80836:80836 [1] NCCL INFO Connected to proxy localRank 1 -> connection 0x14577c001df8
nid007974:70006:70095 [0] NCCL INFO New proxy recv connection 21 from local rank 0, transport 0
nid007974:70006:70006 [0] NCCL INFO Connected to proxy localRank 0 -> connection 0x151238001df8
nid007974:70011:70011 [5] NCCL INFO Channel 05/0 : 13[d6000] -> 12[d1000] via P2P/IPC comm 0x563437d05580 nRanks 16
nid007974:70011:70097 [5] NCCL INFO New proxy send connection 26 from local rank 5, transport 0
nid007974:70011:70011 [5] NCCL INFO Connected to proxy localRank 5 -> connection 0x153c40002050
nid007973:80835:80929 [0] NCCL INFO New proxy recv connection 21 from local rank 0, transport 0
nid007973:80838:80838 [5] NCCL INFO Channel 04/0 : 5[d6000] -> 4[d1000] via P2P/IPC comm 0x55bce1c66710 nRanks 16
nid007973:80835:80835 [0] NCCL INFO Connected to proxy localRank 0 -> connection 0x15448c001df8
nid007973:80838:80926 [5] NCCL INFO New proxy send connection 26 from local rank 5, transport 0
nid007973:80838:80838 [5] NCCL INFO Connected to proxy localRank 5 -> connection 0x14d4f8002050
nid007974:70010:70092 [2] NCCL INFO New proxy recv connection 24 from local rank 2, transport 0
nid007974:70010:70010 [2] NCCL INFO Connected to proxy localRank 2 -> connection 0x14d400001f60
nid007974:70012:70091 [1] NCCL INFO New proxy recv connection 22 from local rank 1, transport 0
nid007974:70012:70012 [1] NCCL INFO Connected to proxy localRank 1 -> connection 0x14f334001e70
nid007974:70013:70013 [7] NCCL INFO Channel 00/0 : 15[de000] -> 14[d9000] via P2P/IPC comm 0x5626b6938e90 nRanks 16
nid007973:80839:80839 [7] NCCL INFO Channel 12/0 : 7[de000] -> 3[ce000] via P2P/IPC comm 0x55989727ef10 nRanks 16
nid007973:80839:80924 [7] NCCL INFO New proxy send connection 23 from local rank 7, transport 0
nid007973:80839:80839 [7] NCCL INFO Connected to proxy localRank 7 -> connection 0x148890001ee8
nid007974:70009:70009 [3] NCCL INFO Channel 02/0 : 11[ce000] -> 9[c6000] via P2P/IPC comm 0x564743402e90 nRanks 16
nid007974:70009:70100 [3] NCCL INFO New proxy send connection 20 from local rank 3, transport 0
nid007974:70013:70090 [7] NCCL INFO New proxy send connection 24 from local rank 7, transport 0
nid007974:70013:70013 [7] NCCL INFO Connected to proxy localRank 7 -> connection 0x149264001f60
nid007974:70009:70009 [3] NCCL INFO Connected to proxy localRank 3 -> connection 0x14964c001d80
nid007973:80837:80930 [2] NCCL INFO New proxy recv connection 25 from local rank 2, transport 0
nid007973:80837:80837 [2] NCCL INFO Connected to proxy localRank 2 -> connection 0x14a778001fd8
nid007974:70011:70011 [5] NCCL INFO Channel 06/0 : 13[d6000] -> 12[d1000] via P2P/IPC comm 0x563437d05580 nRanks 16
nid007973:80838:80838 [5] NCCL INFO Channel 07/0 : 5[d6000] -> 4[d1000] via P2P/IPC comm 0x55bce1c66710 nRanks 16
nid007973:80838:80926 [5] NCCL INFO New proxy send connection 27 from local rank 5, transport 0
nid007973:80838:80838 [5] NCCL INFO Connected to proxy localRank 5 -> connection 0x14d4f80020c8
nid007974:70011:70097 [5] NCCL INFO New proxy send connection 27 from local rank 5, transport 0
nid007974:70011:70011 [5] NCCL INFO Connected to proxy localRank 5 -> connection 0x153c400020c8
nid007974:70006:70095 [0] NCCL INFO New proxy recv connection 22 from local rank 0, transport 0
nid007974:70006:70006 [0] NCCL INFO Connected to proxy localRank 0 -> connection 0x151238001e70
nid007973:80836:80923 [1] NCCL INFO New proxy recv connection 22 from local rank 1, transport 0
nid007973:80836:80836 [1] NCCL INFO Connected to proxy localRank 1 -> connection 0x14577c001e70
nid007973:80835:80929 [0] NCCL INFO New proxy recv connection 22 from local rank 0, transport 0
nid007973:80835:80835 [0] NCCL INFO Connected to proxy localRank 0 -> connection 0x15448c001e70
nid007974:70013:70013 [7] NCCL INFO Channel 03/0 : 15[de000] -> 14[d9000] via P2P/IPC comm 0x5626b6938e90 nRanks 16
nid007974:70013:70090 [7] NCCL INFO New proxy send connection 25 from local rank 7, transport 0
nid007974:70013:70013 [7] NCCL INFO Connected to proxy localRank 7 -> connection 0x149264001fd8
nid007974:70012:70091 [1] NCCL INFO New proxy recv connection 23 from local rank 1, transport 0
nid007974:70012:70012 [1] NCCL INFO Connected to proxy localRank 1 -> connection 0x14f334001ee8
nid007974:70010:70092 [2] NCCL INFO New proxy recv connection 25 from local rank 2, transport 0
nid007974:70010:70010 [2] NCCL INFO Connected to proxy localRank 2 -> connection 0x14d400001fd8
nid007974:70011:70011 [5] NCCL INFO Channel 09/0 : 13[d6000] -> 12[d1000] via P2P/IPC comm 0x563437d05580 nRanks 16
nid007973:80838:80838 [5] NCCL INFO Channel 08/0 : 5[d6000] -> 4[d1000] via P2P/IPC comm 0x55bce1c66710 nRanks 16
nid007973:80838:80926 [5] NCCL INFO New proxy send connection 28 from local rank 5, transport 0
nid007974:70011:70097 [5] NCCL INFO New proxy send connection 28 from local rank 5, transport 0
nid007974:70011:70011 [5] NCCL INFO Connected to proxy localRank 5 -> connection 0x153c40002140
nid007973:80838:80838 [5] NCCL INFO Connected to proxy localRank 5 -> connection 0x14d4f8002140
nid007973:80839:80839 [7] NCCL INFO Channel 01/0 : 7[de000] -> 6[d9000] via P2P/IPC comm 0x55989727ef10 nRanks 16
nid007973:80841:80841 [3] NCCL INFO Channel 03/0 : 3[ce000] -> 1[c6000] via P2P/IPC comm 0x55b76fa8e080 nRanks 16
nid007973:80841:80928 [3] NCCL INFO New proxy send connection 20 from local rank 3, transport 0
nid007973:80839:80924 [7] NCCL INFO New proxy send connection 24 from local rank 7, transport 0
nid007973:80839:80839 [7] NCCL INFO Connected to proxy localRank 7 -> connection 0x148890001f60
nid007973:80841:80841 [3] NCCL INFO Connected to proxy localRank 3 -> connection 0x147624001d80
nid007974:70009:70009 [3] NCCL INFO Channel 06/0 : 11[ce000] -> 9[c6000] via P2P/IPC comm 0x564743402e90 nRanks 16
nid007974:70009:70100 [3] NCCL INFO New proxy send connection 21 from local rank 3, transport 0
nid007974:70009:70009 [3] NCCL INFO Connected to proxy localRank 3 -> connection 0x14964c001df8
nid007973:80837:80930 [2] NCCL INFO New proxy recv connection 26 from local rank 2, transport 0
nid007973:80837:80837 [2] NCCL INFO Connected to proxy localRank 2 -> connection 0x14a778002050
nid007974:70006:70095 [0] NCCL INFO New proxy recv connection 23 from local rank 0, transport 0
nid007974:70006:70006 [0] NCCL INFO Connected to proxy localRank 0 -> connection 0x151238001ee8
nid007974:70013:70013 [7] NCCL INFO Channel 04/0 : 15[de000] -> 14[d9000] via P2P/IPC comm 0x5626b6938e90 nRanks 16
nid007974:70013:70090 [7] NCCL INFO New proxy send connection 26 from local rank 7, transport 0
nid007974:70013:70013 [7] NCCL INFO Connected to proxy localRank 7 -> connection 0x149264002050
nid007973:80835:80929 [0] NCCL INFO New proxy recv connection 23 from local rank 0, transport 0
nid007973:80835:80835 [0] NCCL INFO Connected to proxy localRank 0 -> connection 0x15448c001ee8
nid007973:80838:80838 [5] NCCL INFO Channel 11/0 : 5[d6000] -> 4[d1000] via P2P/IPC comm 0x55bce1c66710 nRanks 16
nid007973:80838:80926 [5] NCCL INFO New proxy send connection 29 from local rank 5, transport 0
nid007973:80838:80838 [5] NCCL INFO Connected to proxy localRank 5 -> connection 0x14d4f80021b8
nid007974:70011:70011 [5] NCCL INFO Channel 10/0 : 13[d6000] -> 12[d1000] via P2P/IPC comm 0x563437d05580 nRanks 16
nid007973:80836:80923 [1] NCCL INFO New proxy recv connection 23 from local rank 1, transport 0
nid007973:80836:80836 [1] NCCL INFO Connected to proxy localRank 1 -> connection 0x14577c001ee8
nid007974:70011:70097 [5] NCCL INFO New proxy send connection 29 from local rank 5, transport 0
nid007974:70011:70011 [5] NCCL INFO Connected to proxy localRank 5 -> connection 0x153c400021b8
nid007974:70010:70092 [2] NCCL INFO New proxy recv connection 26 from local rank 2, transport 0
nid007973:80839:80839 [7] NCCL INFO Channel 02/0 : 7[de000] -> 6[d9000] via P2P/IPC comm 0x55989727ef10 nRanks 16
nid007973:80839:80924 [7] NCCL INFO New proxy send connection 25 from local rank 7, transport 0
nid007973:80839:80839 [7] NCCL INFO Connected to proxy localRank 7 -> connection 0x148890001fd8
nid007974:70010:70010 [2] NCCL INFO Connected to proxy localRank 2 -> connection 0x14d400002050
nid007974:70007:70007 [6] NCCL INFO Channel 00/0 : 14[d9000] -> 12[d1000] via P2P/IPC comm 0x55717d520e50 nRanks 16
nid007974:70013:70013 [7] NCCL INFO Channel 07/0 : 15[de000] -> 14[d9000] via P2P/IPC comm 0x5626b6938e90 nRanks 16
nid007974:70006:70095 [0] NCCL INFO New proxy recv connection 24 from local rank 0, transport 0
nid007974:70006:70006 [0] NCCL INFO Connected to proxy localRank 0 -> connection 0x151238001f60
nid007974:70007:70093 [6] NCCL INFO New proxy send connection 20 from local rank 6, transport 0
nid007974:70007:70007 [6] NCCL INFO Connected to proxy localRank 6 -> connection 0x154848001d80
nid007974:70013:70090 [7] NCCL INFO New proxy send connection 27 from local rank 7, transport 0
nid007974:70013:70013 [7] NCCL INFO Connected to proxy localRank 7 -> connection 0x1492640020c8
nid007973:80841:80841 [3] NCCL INFO Channel 07/0 : 3[ce000] -> 1[c6000] via P2P/IPC comm 0x55b76fa8e080 nRanks 16
nid007973:80841:80928 [3] NCCL INFO New proxy send connection 21 from local rank 3, transport 0
nid007973:80841:80841 [3] NCCL INFO Connected to proxy localRank 3 -> connection 0x147624001df8
nid007973:80837:80930 [2] NCCL INFO New proxy recv connection 27 from local rank 2, transport 0
nid007973:80837:80837 [2] NCCL INFO Connected to proxy localRank 2 -> connection 0x14a7780020c8
nid007973:80838:80838 [5] NCCL INFO Channel 12/0 : 5[d6000] -> 4[d1000] via P2P/IPC comm 0x55bce1c66710 nRanks 16
nid007973:80838:80926 [5] NCCL INFO New proxy send connection 30 from local rank 5, transport 0
nid007973:80838:80838 [5] NCCL INFO Connected to proxy localRank 5 -> connection 0x14d4f8002230
nid007974:70011:70011 [5] NCCL INFO Channel 13/0 : 13[d6000] -> 12[d1000] via P2P/IPC comm 0x563437d05580 nRanks 16
nid007974:70011:70097 [5] NCCL INFO New proxy send connection 30 from local rank 5, transport 0
nid007974:70009:70009 [3] NCCL INFO Channel 10/0 : 11[ce000] -> 9[c6000] via P2P/IPC comm 0x564743402e90 nRanks 16
nid007974:70009:70100 [3] NCCL INFO New proxy send connection 22 from local rank 3, transport 0
nid007974:70011:70011 [5] NCCL INFO Connected to proxy localRank 5 -> connection 0x153c40002230
nid007974:70009:70009 [3] NCCL INFO Connected to proxy localRank 3 -> connection 0x14964c001e70
nid007973:80842:80842 [6] NCCL INFO Channel 01/0 : 6[d9000] -> 4[d1000] via P2P/IPC comm 0x55fbb093ae60 nRanks 16
nid007973:80835:80929 [0] NCCL INFO New proxy recv connection 24 from local rank 0, transport 0
nid007973:80835:80835 [0] NCCL INFO Connected to proxy localRank 0 -> connection 0x15448c001f60
nid007973:80842:80927 [6] NCCL INFO New proxy send connection 20 from local rank 6, transport 0
nid007973:80842:80842 [6] NCCL INFO Connected to proxy localRank 6 -> connection 0x14ed7c001d80
nid007974:70013:70013 [7] NCCL INFO Channel 08/0 : 15[de000] -> 14[d9000] via P2P/IPC comm 0x5626b6938e90 nRanks 16
nid007974:70013:70090 [7] NCCL INFO New proxy send connection 28 from local rank 7, transport 0
nid007974:70013:70013 [7] NCCL INFO Connected to proxy localRank 7 -> connection 0x149264002140
nid007974:70006:70095 [0] NCCL INFO New proxy recv connection 25 from local rank 0, transport 0
nid007974:70006:70006 [0] NCCL INFO Connected to proxy localRank 0 -> connection 0x151238001fd8
nid007973:80838:80838 [5] NCCL INFO Channel 15/0 : 5[d6000] -> 4[d1000] via P2P/IPC comm 0x55bce1c66710 nRanks 16
nid007973:80838:80926 [5] NCCL INFO New proxy send connection 31 from local rank 5, transport 0
nid007973:80838:80838 [5] NCCL INFO Connected to proxy localRank 5 -> connection 0x14d4f80022a8
nid007973:80839:80839 [7] NCCL INFO Channel 05/0 : 7[de000] -> 6[d9000] via P2P/IPC comm 0x55989727ef10 nRanks 16
nid007973:80839:80924 [7] NCCL INFO New proxy send connection 26 from local rank 7, transport 0
nid007973:80839:80839 [7] NCCL INFO Connected to proxy localRank 7 -> connection 0x148890002050
nid007974:70007:70007 [6] NCCL INFO Channel 04/0 : 14[d9000] -> 12[d1000] via P2P/IPC comm 0x55717d520e50 nRanks 16
nid007974:70007:70093 [6] NCCL INFO New proxy send connection 21 from local rank 6, transport 0
nid007974:70007:70007 [6] NCCL INFO Connected to proxy localRank 6 -> connection 0x154848001df8
nid007974:70011:70011 [5] NCCL INFO Channel 14/0 : 13[d6000] -> 12[d1000] via P2P/IPC comm 0x563437d05580 nRanks 16
nid007974:70011:70097 [5] NCCL INFO New proxy send connection 31 from local rank 5, transport 0
nid007974:70011:70011 [5] NCCL INFO Connected to proxy localRank 5 -> connection 0x153c400022a8
nid007974:70010:70092 [2] NCCL INFO New proxy recv connection 27 from local rank 2, transport 0
nid007974:70010:70010 [2] NCCL INFO Connected to proxy localRank 2 -> connection 0x14d4000020c8
nid007973:80841:80841 [3] NCCL INFO Channel 11/0 : 3[ce000] -> 1[c6000] via P2P/IPC comm 0x55b76fa8e080 nRanks 16
nid007973:80837:80930 [2] NCCL INFO New proxy recv connection 28 from local rank 2, transport 0
nid007973:80837:80837 [2] NCCL INFO Connected to proxy localRank 2 -> connection 0x14a778002140
nid007973:80841:80928 [3] NCCL INFO New proxy send connection 22 from local rank 3, transport 0
nid007973:80841:80841 [3] NCCL INFO Connected to proxy localRank 3 -> connection 0x147624001e70
nid007974:70009:70009 [3] NCCL INFO Channel 14/0 : 11[ce000] -> 9[c6000] via P2P/IPC comm 0x564743402e90 nRanks 16
nid007974:70009:70100 [3] NCCL INFO New proxy send connection 23 from local rank 3, transport 0
nid007974:70009:70009 [3] NCCL INFO Connected to proxy localRank 3 -> connection 0x14964c001ee8
nid007974:70013:70013 [7] NCCL INFO Channel 11/0 : 15[de000] -> 14[d9000] via P2P/IPC comm 0x5626b6938e90 nRanks 16
nid007974:70013:70090 [7] NCCL INFO New proxy send connection 29 from local rank 7, transport 0
nid007974:70013:70013 [7] NCCL INFO Connected to proxy localRank 7 -> connection 0x1492640021b8
nid007973:80835:80929 [0] NCCL INFO New proxy recv connection 25 from local rank 0, transport 0
nid007973:80835:80835 [0] NCCL INFO Connected to proxy localRank 0 -> connection 0x15448c001fd8
nid007974:70006:70095 [0] NCCL INFO New proxy recv connection 26 from local rank 0, transport 0
nid007974:70006:70006 [0] NCCL INFO Connected to proxy localRank 0 -> connection 0x151238002050
nid007973:80842:80842 [6] NCCL INFO Channel 05/0 : 6[d9000] -> 4[d1000] via P2P/IPC comm 0x55fbb093ae60 nRanks 16
nid007973:80842:80927 [6] NCCL INFO New proxy send connection 21 from local rank 6, transport 0
nid007973:80842:80842 [6] NCCL INFO Connected to proxy localRank 6 -> connection 0x14ed7c001df8
nid007974:70007:70007 [6] NCCL INFO Channel 08/0 : 14[d9000] -> 12[d1000] via P2P/IPC comm 0x55717d520e50 nRanks 16
nid007974:70007:70093 [6] NCCL INFO New proxy send connection 22 from local rank 6, transport 0
nid007974:70007:70007 [6] NCCL INFO Connected to proxy localRank 6 -> connection 0x154848001e70
nid007973:80839:80839 [7] NCCL INFO Channel 06/0 : 7[de000] -> 6[d9000] via P2P/IPC comm 0x55989727ef10 nRanks 16
nid007973:80839:80924 [7] NCCL INFO New proxy send connection 27 from local rank 7, transport 0
nid007973:80839:80839 [7] NCCL INFO Connected to proxy localRank 7 -> connection 0x1488900020c8
nid007973:80837:80930 [2] NCCL INFO New proxy recv connection 29 from local rank 2, transport 0
nid007973:80837:80837 [2] NCCL INFO Connected to proxy localRank 2 -> connection 0x14a7780021b8
nid007974:70013:70013 [7] NCCL INFO Channel 12/0 : 15[de000] -> 14[d9000] via P2P/IPC comm 0x5626b6938e90 nRanks 16
nid007974:70013:70090 [7] NCCL INFO New proxy send connection 30 from local rank 7, transport 0
nid007974:70013:70013 [7] NCCL INFO Connected to proxy localRank 7 -> connection 0x149264002230
nid007974:70010:70092 [2] NCCL INFO New proxy recv connection 28 from local rank 2, transport 0
nid007974:70010:70010 [2] NCCL INFO Connected to proxy localRank 2 -> connection 0x14d400002140
nid007973:80841:80841 [3] NCCL INFO Channel 15/0 : 3[ce000] -> 1[c6000] via P2P/IPC comm 0x55b76fa8e080 nRanks 16
nid007973:80841:80928 [3] NCCL INFO New proxy send connection 23 from local rank 3, transport 0
nid007973:80841:80841 [3] NCCL INFO Connected to proxy localRank 3 -> connection 0x147624001ee8
nid007974:70006:70095 [0] NCCL INFO New proxy recv connection 27 from local rank 0, transport 0
nid007974:70006:70006 [0] NCCL INFO Connected to proxy localRank 0 -> connection 0x1512380020c8
nid007974:70007:70007 [6] NCCL INFO Channel 12/0 : 14[d9000] -> 12[d1000] via P2P/IPC comm 0x55717d520e50 nRanks 16
nid007974:70012:70012 [1] NCCL INFO Channel 00/0 : 9[c6000] -> 8[c1000] via P2P/IPC comm 0x5570ceec4980 nRanks 16
nid007974:70007:70093 [6] NCCL INFO New proxy send connection 23 from local rank 6, transport 0
nid007974:70007:70007 [6] NCCL INFO Connected to proxy localRank 6 -> connection 0x154848001ee8
nid007974:70009:70009 [3] NCCL INFO Channel 01/0 : 11[ce000] -> 10[c9000] via P2P/IPC comm 0x564743402e90 nRanks 16
nid007974:70012:70091 [1] NCCL INFO New proxy send connection 24 from local rank 1, transport 0
nid007974:70012:70012 [1] NCCL INFO Connected to proxy localRank 1 -> connection 0x14f334001f60
nid007974:70009:70100 [3] NCCL INFO New proxy send connection 24 from local rank 3, transport 0
nid007974:70009:70009 [3] NCCL INFO Connected to proxy localRank 3 -> connection 0x14964c001f60
nid007973:80835:80929 [0] NCCL INFO New proxy recv connection 26 from local rank 0, transport 0
nid007973:80835:80835 [0] NCCL INFO Connected to proxy localRank 0 -> connection 0x15448c002050
nid007973:80842:80842 [6] NCCL INFO Channel 09/0 : 6[d9000] -> 4[d1000] via P2P/IPC comm 0x55fbb093ae60 nRanks 16
nid007973:80842:80927 [6] NCCL INFO New proxy send connection 22 from local rank 6, transport 0
nid007973:80842:80842 [6] NCCL INFO Connected to proxy localRank 6 -> connection 0x14ed7c001e70
nid007973:80839:80839 [7] NCCL INFO Channel 09/0 : 7[de000] -> 6[d9000] via P2P/IPC comm 0x55989727ef10 nRanks 16
nid007973:80839:80924 [7] NCCL INFO New proxy send connection 28 from local rank 7, transport 0
nid007973:80839:80839 [7] NCCL INFO Connected to proxy localRank 7 -> connection 0x148890002140
nid007974:70013:70013 [7] NCCL INFO Channel 15/0 : 15[de000] -> 14[d9000] via P2P/IPC comm 0x5626b6938e90 nRanks 16
nid007974:70013:70090 [7] NCCL INFO New proxy send connection 31 from local rank 7, transport 0
nid007974:70013:70013 [7] NCCL INFO Connected to proxy localRank 7 -> connection 0x1492640022a8
nid007974:70006:70095 [0] NCCL INFO New proxy recv connection 28 from local rank 0, transport 0
nid007974:70006:70006 [0] NCCL INFO Connected to proxy localRank 0 -> connection 0x151238002140
nid007973:80837:80930 [2] NCCL INFO New proxy recv connection 30 from local rank 2, transport 0
nid007973:80837:80837 [2] NCCL INFO Connected to proxy localRank 2 -> connection 0x14a778002230
nid007974:70008:70096 [4] NCCL INFO New proxy recv connection 24 from local rank 4, transport 0
nid007974:70008:70008 [4] NCCL INFO Connected to proxy localRank 4 -> connection 0x145e0c001f60
nid007974:70007:70093 [6] NCCL INFO New proxy recv connection 24 from local rank 6, transport 0
nid007974:70007:70007 [6] NCCL INFO Connected to proxy localRank 6 -> connection 0x154848001f60
nid007973:80836:80836 [1] NCCL INFO Channel 01/0 : 1[c6000] -> 0[c1000] via P2P/IPC comm 0x5591df881fc0 nRanks 16
nid007973:80841:80841 [3] NCCL INFO Channel 00/0 : 3[ce000] -> 2[c9000] via P2P/IPC comm 0x55b76fa8e080 nRanks 16
nid007973:80836:80923 [1] NCCL INFO New proxy send connection 24 from local rank 1, transport 0
nid007973:80836:80836 [1] NCCL INFO Connected to proxy localRank 1 -> connection 0x14577c001f60
nid007973:80841:80928 [3] NCCL INFO New proxy send connection 24 from local rank 3, transport 0
nid007973:80841:80841 [3] NCCL INFO Connected to proxy localRank 3 -> connection 0x147624001f60
nid007974:70012:70012 [1] NCCL INFO Channel 02/0 : 9[c6000] -> 8[c1000] via P2P/IPC comm 0x5570ceec4980 nRanks 16
nid007974:70012:70091 [1] NCCL INFO New proxy send connection 25 from local rank 1, transport 0
nid007974:70012:70012 [1] NCCL INFO Connected to proxy localRank 1 -> connection 0x14f334001fd8
nid007974:70010:70092 [2] NCCL INFO New proxy recv connection 29 from local rank 2, transport 0
nid007974:70010:70010 [2] NCCL INFO Connected to proxy localRank 2 -> connection 0x14d4000021b8
nid007974:70009:70009 [3] NCCL INFO Channel 03/0 : 11[ce000] -> 10[c9000] via P2P/IPC comm 0x564743402e90 nRanks 16
nid007974:70009:70100 [3] NCCL INFO New proxy send connection 25 from local rank 3, transport 0
nid007974:70009:70009 [3] NCCL INFO Connected to proxy localRank 3 -> connection 0x14964c001fd8
nid007973:80835:80929 [0] NCCL INFO New proxy recv connection 27 from local rank 0, transport 0
nid007973:80835:80835 [0] NCCL INFO Connected to proxy localRank 0 -> connection 0x15448c0020c8
nid007973:80842:80842 [6] NCCL INFO Channel 13/0 : 6[d9000] -> 4[d1000] via P2P/IPC comm 0x55fbb093ae60 nRanks 16
nid007973:80842:80927 [6] NCCL INFO New proxy send connection 23 from local rank 6, transport 0
nid007973:80842:80842 [6] NCCL INFO Connected to proxy localRank 6 -> connection 0x14ed7c001ee8
nid007973:80839:80839 [7] NCCL INFO Channel 10/0 : 7[de000] -> 6[d9000] via P2P/IPC comm 0x55989727ef10 nRanks 16
nid007973:80839:80924 [7] NCCL INFO New proxy send connection 29 from local rank 7, transport 0
nid007973:80839:80839 [7] NCCL INFO Connected to proxy localRank 7 -> connection 0x1488900021b8
nid007974:70006:70095 [0] NCCL INFO New proxy recv connection 29 from local rank 0, transport 0
nid007974:70006:70006 [0] NCCL INFO Connected to proxy localRank 0 -> connection 0x1512380021b8
nid007974:70008:70096 [4] NCCL INFO New proxy recv connection 25 from local rank 4, transport 0
nid007974:70007:70093 [6] NCCL INFO New proxy recv connection 25 from local rank 6, transport 0
nid007974:70008:70008 [4] NCCL INFO Connected to proxy localRank 4 -> connection 0x145e0c001fd8
nid007974:70007:70007 [6] NCCL INFO Connected to proxy localRank 6 -> connection 0x154848001fd8
nid007973:80837:80930 [2] NCCL INFO New proxy recv connection 31 from local rank 2, transport 0
nid007973:80837:80837 [2] NCCL INFO Connected to proxy localRank 2 -> connection 0x14a7780022a8
nid007974:70012:70012 [1] NCCL INFO Channel 04/0 : 9[c6000] -> 8[c1000] via P2P/IPC comm 0x5570ceec4980 nRanks 16
nid007974:70012:70091 [1] NCCL INFO New proxy send connection 26 from local rank 1, transport 0
nid007974:70012:70012 [1] NCCL INFO Connected to proxy localRank 1 -> connection 0x14f334002050
nid007973:80841:80841 [3] NCCL INFO Channel 02/0 : 3[ce000] -> 2[c9000] via P2P/IPC comm 0x55b76fa8e080 nRanks 16
nid007973:80841:80928 [3] NCCL INFO New proxy send connection 25 from local rank 3, transport 0
nid007973:80841:80841 [3] NCCL INFO Connected to proxy localRank 3 -> connection 0x147624001fd8
nid007973:80836:80836 [1] NCCL INFO Channel 03/0 : 1[c6000] -> 0[c1000] via P2P/IPC comm 0x5591df881fc0 nRanks 16
nid007973:80836:80923 [1] NCCL INFO New proxy send connection 25 from local rank 1, transport 0
nid007973:80836:80836 [1] NCCL INFO Connected to proxy localRank 1 -> connection 0x14577c001fd8
nid007973:80835:80929 [0] NCCL INFO New proxy recv connection 28 from local rank 0, transport 0
nid007973:80835:80835 [0] NCCL INFO Connected to proxy localRank 0 -> connection 0x15448c002140
nid007974:70009:70009 [3] NCCL INFO Channel 05/0 : 11[ce000] -> 10[c9000] via P2P/IPC comm 0x564743402e90 nRanks 16
nid007974:70009:70100 [3] NCCL INFO New proxy send connection 26 from local rank 3, transport 0
nid007974:70009:70009 [3] NCCL INFO Connected to proxy localRank 3 -> connection 0x14964c002050
nid007974:70010:70092 [2] NCCL INFO New proxy recv connection 30 from local rank 2, transport 0
nid007974:70010:70010 [2] NCCL INFO Connected to proxy localRank 2 -> connection 0x14d400002230
nid007974:70008:70096 [4] NCCL INFO New proxy recv connection 26 from local rank 4, transport 0
nid007973:80840:80925 [4] NCCL INFO New proxy recv connection 24 from local rank 4, transport 0
nid007973:80840:80840 [4] NCCL INFO Connected to proxy localRank 4 -> connection 0x145eb8001f60
nid007973:80842:80927 [6] NCCL INFO New proxy recv connection 24 from local rank 6, transport 0
nid007973:80842:80842 [6] NCCL INFO Connected to proxy localRank 6 -> connection 0x14ed7c001f60
nid007974:70008:70008 [4] NCCL INFO Connected to proxy localRank 4 -> connection 0x145e0c002050
nid007974:70006:70095 [0] NCCL INFO New proxy recv connection 30 from local rank 0, transport 0
nid007974:70006:70006 [0] NCCL INFO Connected to proxy localRank 0 -> connection 0x151238002230
nid007973:80839:80839 [7] NCCL INFO Channel 13/0 : 7[de000] -> 6[d9000] via P2P/IPC comm 0x55989727ef10 nRanks 16
nid007974:70007:70093 [6] NCCL INFO New proxy recv connection 26 from local rank 6, transport 0
nid007974:70007:70007 [6] NCCL INFO Connected to proxy localRank 6 -> connection 0x154848002050
nid007973:80839:80924 [7] NCCL INFO New proxy send connection 30 from local rank 7, transport 0
nid007973:80839:80839 [7] NCCL INFO Connected to proxy localRank 7 -> connection 0x148890002230
nid007974:70012:70012 [1] NCCL INFO Channel 06/0 : 9[c6000] -> 8[c1000] via P2P/IPC comm 0x5570ceec4980 nRanks 16
nid007974:70012:70091 [1] NCCL INFO New proxy send connection 27 from local rank 1, transport 0
nid007974:70012:70012 [1] NCCL INFO Connected to proxy localRank 1 -> connection 0x14f3340020c8
nid007974:70008:70096 [4] NCCL INFO New proxy recv connection 27 from local rank 4, transport 0
nid007973:80841:80841 [3] NCCL INFO Channel 04/0 : 3[ce000] -> 2[c9000] via P2P/IPC comm 0x55b76fa8e080 nRanks 16
nid007973:80841:80928 [3] NCCL INFO New proxy send connection 26 from local rank 3, transport 0
nid007973:80841:80841 [3] NCCL INFO Connected to proxy localRank 3 -> connection 0x147624002050
nid007974:70008:70008 [4] NCCL INFO Connected to proxy localRank 4 -> connection 0x145e0c0020c8
nid007973:80836:80836 [1] NCCL INFO Channel 05/0 : 1[c6000] -> 0[c1000] via P2P/IPC comm 0x5591df881fc0 nRanks 16
nid007974:70006:70095 [0] NCCL INFO New proxy recv connection 31 from local rank 0, transport 0
nid007974:70006:70006 [0] NCCL INFO Connected to proxy localRank 0 -> connection 0x1512380022a8
nid007973:80836:80923 [1] NCCL INFO New proxy send connection 26 from local rank 1, transport 0
nid007973:80836:80836 [1] NCCL INFO Connected to proxy localRank 1 -> connection 0x14577c002050
nid007973:80835:80929 [0] NCCL INFO New proxy recv connection 29 from local rank 0, transport 0
nid007973:80835:80835 [0] NCCL INFO Connected to proxy localRank 0 -> connection 0x15448c0021b8
nid007974:70007:70093 [6] NCCL INFO New proxy recv connection 27 from local rank 6, transport 0
nid007974:70007:70007 [6] NCCL INFO Connected to proxy localRank 6 -> connection 0x1548480020c8
nid007973:80840:80925 [4] NCCL INFO New proxy recv connection 25 from local rank 4, transport 0
nid007973:80840:80840 [4] NCCL INFO Connected to proxy localRank 4 -> connection 0x145eb8001fd8
nid007974:70009:70009 [3] NCCL INFO Channel 07/0 : 11[ce000] -> 10[c9000] via P2P/IPC comm 0x564743402e90 nRanks 16
nid007974:70009:70100 [3] NCCL INFO New proxy send connection 27 from local rank 3, transport 0
nid007974:70009:70009 [3] NCCL INFO Connected to proxy localRank 3 -> connection 0x14964c0020c8
nid007973:80842:80927 [6] NCCL INFO New proxy recv connection 25 from local rank 6, transport 0
nid007973:80842:80842 [6] NCCL INFO Connected to proxy localRank 6 -> connection 0x14ed7c001fd8
nid007973:80839:80839 [7] NCCL INFO Channel 14/0 : 7[de000] -> 6[d9000] via P2P/IPC comm 0x55989727ef10 nRanks 16
nid007973:80839:80924 [7] NCCL INFO New proxy send connection 31 from local rank 7, transport 0
nid007973:80839:80839 [7] NCCL INFO Connected to proxy localRank 7 -> connection 0x1488900022a8
nid007974:70010:70092 [2] NCCL INFO New proxy recv connection 31 from local rank 2, transport 0
nid007974:70010:70010 [2] NCCL INFO Connected to proxy localRank 2 -> connection 0x14d4000022a8
nid007974:70012:70012 [1] NCCL INFO Channel 08/0 : 9[c6000] -> 8[c1000] via P2P/IPC comm 0x5570ceec4980 nRanks 16
nid007974:70012:70091 [1] NCCL INFO New proxy send connection 28 from local rank 1, transport 0
nid007974:70012:70012 [1] NCCL INFO Connected to proxy localRank 1 -> connection 0x14f334002140
nid007974:70008:70096 [4] NCCL INFO New proxy recv connection 28 from local rank 4, transport 0
nid007974:70008:70008 [4] NCCL INFO Connected to proxy localRank 4 -> connection 0x145e0c002140
nid007974:70007:70093 [6] NCCL INFO New proxy recv connection 28 from local rank 6, transport 0
nid007974:70007:70007 [6] NCCL INFO Connected to proxy localRank 6 -> connection 0x154848002140
nid007973:80841:80841 [3] NCCL INFO Channel 06/0 : 3[ce000] -> 2[c9000] via P2P/IPC comm 0x55b76fa8e080 nRanks 16
nid007973:80841:80928 [3] NCCL INFO New proxy send connection 27 from local rank 3, transport 0
nid007973:80841:80841 [3] NCCL INFO Connected to proxy localRank 3 -> connection 0x1476240020c8
nid007973:80835:80929 [0] NCCL INFO New proxy recv connection 30 from local rank 0, transport 0
nid007973:80840:80925 [4] NCCL INFO New proxy recv connection 26 from local rank 4, transport 0
nid007973:80840:80840 [4] NCCL INFO Connected to proxy localRank 4 -> connection 0x145eb8002050
nid007973:80835:80835 [0] NCCL INFO Connected to proxy localRank 0 -> connection 0x15448c002230
nid007973:80836:80836 [1] NCCL INFO Channel 07/0 : 1[c6000] -> 0[c1000] via P2P/IPC comm 0x5591df881fc0 nRanks 16
nid007973:80836:80923 [1] NCCL INFO New proxy send connection 27 from local rank 1, transport 0
nid007973:80836:80836 [1] NCCL INFO Connected to proxy localRank 1 -> connection 0x14577c0020c8
nid007973:80842:80927 [6] NCCL INFO New proxy recv connection 26 from local rank 6, transport 0
nid007973:80842:80842 [6] NCCL INFO Connected to proxy localRank 6 -> connection 0x14ed7c002050
nid007974:70009:70009 [3] NCCL INFO Channel 09/0 : 11[ce000] -> 10[c9000] via P2P/IPC comm 0x564743402e90 nRanks 16
nid007974:70009:70100 [3] NCCL INFO New proxy send connection 28 from local rank 3, transport 0
nid007974:70012:70012 [1] NCCL INFO Channel 10/0 : 9[c6000] -> 8[c1000] via P2P/IPC comm 0x5570ceec4980 nRanks 16
nid007974:70008:70096 [4] NCCL INFO New proxy recv connection 29 from local rank 4, transport 0
nid007974:70008:70008 [4] NCCL INFO Connected to proxy localRank 4 -> connection 0x145e0c0021b8
nid007974:70009:70009 [3] NCCL INFO Connected to proxy localRank 3 -> connection 0x14964c002140
nid007974:70012:70091 [1] NCCL INFO New proxy send connection 29 from local rank 1, transport 0
nid007974:70012:70012 [1] NCCL INFO Connected to proxy localRank 1 -> connection 0x14f3340021b8
nid007974:70007:70093 [6] NCCL INFO New proxy recv connection 29 from local rank 6, transport 0
nid007974:70007:70007 [6] NCCL INFO Connected to proxy localRank 6 -> connection 0x1548480021b8
nid007973:80841:80841 [3] NCCL INFO Channel 08/0 : 3[ce000] -> 2[c9000] via P2P/IPC comm 0x55b76fa8e080 nRanks 16
nid007973:80841:80928 [3] NCCL INFO New proxy send connection 28 from local rank 3, transport 0
nid007973:80841:80841 [3] NCCL INFO Connected to proxy localRank 3 -> connection 0x147624002140
nid007973:80840:80925 [4] NCCL INFO New proxy recv connection 27 from local rank 4, transport 0
nid007973:80840:80840 [4] NCCL INFO Connected to proxy localRank 4 -> connection 0x145eb80020c8
nid007974:70008:70096 [4] NCCL INFO New proxy recv connection 30 from local rank 4, transport 0
nid007974:70008:70008 [4] NCCL INFO Connected to proxy localRank 4 -> connection 0x145e0c002230
nid007973:80835:80929 [0] NCCL INFO New proxy recv connection 31 from local rank 0, transport 0
nid007974:70012:70012 [1] NCCL INFO Channel 12/0 : 9[c6000] -> 8[c1000] via P2P/IPC comm 0x5570ceec4980 nRanks 16
nid007973:80835:80835 [0] NCCL INFO Connected to proxy localRank 0 -> connection 0x15448c0022a8
nid007974:70012:70091 [1] NCCL INFO New proxy send connection 30 from local rank 1, transport 0
nid007974:70012:70012 [1] NCCL INFO Connected to proxy localRank 1 -> connection 0x14f334002230
nid007973:80836:80836 [1] NCCL INFO Channel 09/0 : 1[c6000] -> 0[c1000] via P2P/IPC comm 0x5591df881fc0 nRanks 16
nid007973:80836:80923 [1] NCCL INFO New proxy send connection 28 from local rank 1, transport 0
nid007973:80836:80836 [1] NCCL INFO Connected to proxy localRank 1 -> connection 0x14577c002140
nid007974:70007:70093 [6] NCCL INFO New proxy recv connection 30 from local rank 6, transport 0
nid007974:70007:70007 [6] NCCL INFO Connected to proxy localRank 6 -> connection 0x154848002230
nid007973:80842:80927 [6] NCCL INFO New proxy recv connection 27 from local rank 6, transport 0
nid007973:80842:80842 [6] NCCL INFO Connected to proxy localRank 6 -> connection 0x14ed7c0020c8
nid007974:70009:70009 [3] NCCL INFO Channel 11/0 : 11[ce000] -> 10[c9000] via P2P/IPC comm 0x564743402e90 nRanks 16
nid007974:70009:70100 [3] NCCL INFO New proxy send connection 29 from local rank 3, transport 0
nid007974:70009:70009 [3] NCCL INFO Connected to proxy localRank 3 -> connection 0x14964c0021b8
nid007974:70008:70096 [4] NCCL INFO New proxy recv connection 31 from local rank 4, transport 0
nid007974:70008:70008 [4] NCCL INFO Connected to proxy localRank 4 -> connection 0x145e0c0022a8
nid007974:70012:70012 [1] NCCL INFO Channel 14/0 : 9[c6000] -> 8[c1000] via P2P/IPC comm 0x5570ceec4980 nRanks 16
nid007974:70012:70091 [1] NCCL INFO New proxy send connection 31 from local rank 1, transport 0
nid007974:70012:70012 [1] NCCL INFO Connected to proxy localRank 1 -> connection 0x14f3340022a8
nid007973:80840:80925 [4] NCCL INFO New proxy recv connection 28 from local rank 4, transport 0
nid007973:80840:80840 [4] NCCL INFO Connected to proxy localRank 4 -> connection 0x145eb8002140
nid007973:80841:80841 [3] NCCL INFO Channel 10/0 : 3[ce000] -> 2[c9000] via P2P/IPC comm 0x55b76fa8e080 nRanks 16
nid007973:80841:80928 [3] NCCL INFO New proxy send connection 29 from local rank 3, transport 0
nid007973:80841:80841 [3] NCCL INFO Connected to proxy localRank 3 -> connection 0x1476240021b8
nid007974:70007:70093 [6] NCCL INFO New proxy recv connection 31 from local rank 6, transport 0
nid007974:70007:70007 [6] NCCL INFO Connected to proxy localRank 6 -> connection 0x1548480022a8
nid007973:80836:80836 [1] NCCL INFO Channel 11/0 : 1[c6000] -> 0[c1000] via P2P/IPC comm 0x5591df881fc0 nRanks 16
nid007973:80836:80923 [1] NCCL INFO New proxy send connection 29 from local rank 1, transport 0
nid007973:80836:80836 [1] NCCL INFO Connected to proxy localRank 1 -> connection 0x14577c0021b8
nid007973:80842:80927 [6] NCCL INFO New proxy recv connection 28 from local rank 6, transport 0
nid007973:80842:80842 [6] NCCL INFO Connected to proxy localRank 6 -> connection 0x14ed7c002140
nid007974:70009:70009 [3] NCCL INFO Channel 13/0 : 11[ce000] -> 10[c9000] via P2P/IPC comm 0x564743402e90 nRanks 16
nid007974:70009:70100 [3] NCCL INFO New proxy send connection 30 from local rank 3, transport 0
nid007974:70009:70009 [3] NCCL INFO Connected to proxy localRank 3 -> connection 0x14964c002230
nid007973:80841:80841 [3] NCCL INFO Channel 12/0 : 3[ce000] -> 2[c9000] via P2P/IPC comm 0x55b76fa8e080 nRanks 16
nid007973:80841:80928 [3] NCCL INFO New proxy send connection 30 from local rank 3, transport 0
nid007973:80841:80841 [3] NCCL INFO Connected to proxy localRank 3 -> connection 0x147624002230
nid007973:80836:80836 [1] NCCL INFO Channel 13/0 : 1[c6000] -> 0[c1000] via P2P/IPC comm 0x5591df881fc0 nRanks 16
nid007973:80836:80923 [1] NCCL INFO New proxy send connection 30 from local rank 1, transport 0
nid007973:80836:80836 [1] NCCL INFO Connected to proxy localRank 1 -> connection 0x14577c002230
nid007973:80842:80927 [6] NCCL INFO New proxy recv connection 29 from local rank 6, transport 0
nid007973:80842:80842 [6] NCCL INFO Connected to proxy localRank 6 -> connection 0x14ed7c0021b8
nid007974:70009:70009 [3] NCCL INFO Channel 15/0 : 11[ce000] -> 10[c9000] via P2P/IPC comm 0x564743402e90 nRanks 16
nid007974:70009:70100 [3] NCCL INFO New proxy send connection 31 from local rank 3, transport 0
nid007974:70009:70009 [3] NCCL INFO Connected to proxy localRank 3 -> connection 0x14964c0022a8
nid007973:80840:80925 [4] NCCL INFO New proxy recv connection 29 from local rank 4, transport 0
nid007973:80840:80840 [4] NCCL INFO Connected to proxy localRank 4 -> connection 0x145eb80021b8
nid007973:80836:80836 [1] NCCL INFO Channel 15/0 : 1[c6000] -> 0[c1000] via P2P/IPC comm 0x5591df881fc0 nRanks 16
nid007973:80841:80841 [3] NCCL INFO Channel 14/0 : 3[ce000] -> 2[c9000] via P2P/IPC comm 0x55b76fa8e080 nRanks 16
nid007973:80836:80923 [1] NCCL INFO New proxy send connection 31 from local rank 1, transport 0
nid007973:80836:80836 [1] NCCL INFO Connected to proxy localRank 1 -> connection 0x14577c0022a8
nid007973:80841:80928 [3] NCCL INFO New proxy send connection 31 from local rank 3, transport 0
nid007973:80841:80841 [3] NCCL INFO Connected to proxy localRank 3 -> connection 0x1476240022a8
nid007973:80842:80927 [6] NCCL INFO New proxy recv connection 30 from local rank 6, transport 0
nid007973:80842:80842 [6] NCCL INFO Connected to proxy localRank 6 -> connection 0x14ed7c002230
nid007973:80840:80925 [4] NCCL INFO New proxy recv connection 30 from local rank 4, transport 0
nid007973:80840:80840 [4] NCCL INFO Connected to proxy localRank 4 -> connection 0x145eb8002230
nid007973:80842:80927 [6] NCCL INFO New proxy recv connection 31 from local rank 6, transport 0
nid007973:80842:80842 [6] NCCL INFO Connected to proxy localRank 6 -> connection 0x14ed7c0022a8
nid007973:80840:80925 [4] NCCL INFO New proxy recv connection 31 from local rank 4, transport 0
nid007973:80840:80840 [4] NCCL INFO Connected to proxy localRank 4 -> connection 0x145eb80022a8
nid007973:80837:80837 [2] NCCL INFO Connected all rings
nid007973:80837:80837 [2] NCCL INFO Channel 01/2 : 2[c9000] -> 3[ce000] via P2P/IPC comm 0x556a309360f0 nRanks 16
nid007973:80835:80835 [0] NCCL INFO Connected all rings
nid007973:80835:80835 [0] NCCL INFO Channel 00/2 : 0[c1000] -> 1[c6000] via P2P/IPC comm 0x5571859b9050 nRanks 16
nid007973:80835:80929 [0] NCCL INFO New proxy send connection 32 from local rank 0, transport 0
nid007973:80838:80838 [5] NCCL INFO Connected all rings
nid007973:80838:80926 [5] NCCL INFO New proxy recv connection 32 from local rank 5, transport 0
nid007973:80838:80838 [5] NCCL INFO Connected to proxy localRank 5 -> connection 0x14d4f8002320
nid007973:80839:80839 [7] NCCL INFO Connected all rings
nid007973:80839:80924 [7] NCCL INFO New proxy recv connection 32 from local rank 7, transport 0
nid007973:80839:80839 [7] NCCL INFO Connected to proxy localRank 7 -> connection 0x148890002320
nid007973:80841:80841 [3] NCCL INFO Connected all rings
nid007973:80841:80928 [3] NCCL INFO New proxy recv connection 32 from local rank 3, transport 0
nid007973:80841:80841 [3] NCCL INFO Connected to proxy localRank 3 -> connection 0x147624002320
nid007974:70013:70013 [7] NCCL INFO Connected all rings
nid007973:80836:80836 [1] NCCL INFO Connected all rings
nid007973:80836:80923 [1] NCCL INFO New proxy recv connection 32 from local rank 1, transport 0
nid007973:80836:80836 [1] NCCL INFO Connected to proxy localRank 1 -> connection 0x14577c002320
nid007973:80840:80840 [4] NCCL INFO Connected all rings
nid007973:80840:80840 [4] NCCL INFO Channel 01/2 : 4[d1000] -> 5[d6000] via P2P/IPC comm 0x55a24b51bc60 nRanks 16
nid007973:80840:80925 [4] NCCL INFO New proxy send connection 32 from local rank 4, transport 0
nid007973:80840:80840 [4] NCCL INFO Connected to proxy localRank 4 -> connection 0x145eb8002320
nid007973:80842:80842 [6] NCCL INFO Connected all rings
nid007973:80842:80842 [6] NCCL INFO Channel 00/2 : 6[d9000] -> 7[de000] via P2P/IPC comm 0x55fbb093ae60 nRanks 16
nid007973:80842:80927 [6] NCCL INFO New proxy send connection 32 from local rank 6, transport 0
nid007973:80837:80930 [2] NCCL INFO New proxy send connection 32 from local rank 2, transport 0
nid007973:80837:80837 [2] NCCL INFO Connected to proxy localRank 2 -> connection 0x14a778002320
nid007973:80835:80835 [0] NCCL INFO Connected to proxy localRank 0 -> connection 0x15448c002320
nid007973:80842:80842 [6] NCCL INFO Connected to proxy localRank 6 -> connection 0x14ed7c002320
nid007974:70011:70011 [5] NCCL INFO Connected all rings
nid007974:70011:70097 [5] NCCL INFO New proxy recv connection 32 from local rank 5, transport 0
nid007974:70010:70010 [2] NCCL INFO Connected all rings
nid007974:70010:70010 [2] NCCL INFO Channel 00/2 : 10[c9000] -> 11[ce000] via P2P/IPC comm 0x555fb8b1ed80 nRanks 16
nid007974:70010:70092 [2] NCCL INFO New proxy send connection 32 from local rank 2, transport 0
nid007974:70008:70008 [4] NCCL INFO Connected all rings
nid007974:70008:70008 [4] NCCL INFO Channel 00/2 : 12[d1000] -> 13[d6000] via P2P/IPC comm 0x5576d248edc0 nRanks 16
nid007974:70007:70007 [6] NCCL INFO Connected all rings
nid007974:70007:70007 [6] NCCL INFO Channel 01/2 : 14[d9000] -> 15[de000] via P2P/IPC comm 0x55717d520e50 nRanks 16
nid007974:70007:70093 [6] NCCL INFO New proxy send connection 32 from local rank 6, transport 0
nid007974:70006:70006 [0] NCCL INFO Connected all rings
nid007974:70006:70006 [0] NCCL INFO Channel 01/2 : 8[c1000] -> 9[c6000] via P2P/IPC comm 0x558defd0bfa0 nRanks 16
nid007974:70006:70095 [0] NCCL INFO New proxy send connection 32 from local rank 0, transport 0
nid007974:70006:70006 [0] NCCL INFO Connected to proxy localRank 0 -> connection 0x151238002320
nid007974:70009:70009 [3] NCCL INFO Connected all rings
nid007974:70009:70100 [3] NCCL INFO New proxy recv connection 32 from local rank 3, transport 0
nid007974:70009:70009 [3] NCCL INFO Connected to proxy localRank 3 -> connection 0x14964c002320
nid007974:70012:70012 [1] NCCL INFO Connected all rings
nid007974:70012:70091 [1] NCCL INFO New proxy recv connection 32 from local rank 1, transport 0
nid007974:70012:70012 [1] NCCL INFO Connected to proxy localRank 1 -> connection 0x14f334002320
nid007974:70013:70090 [7] NCCL INFO New proxy recv connection 32 from local rank 7, transport 0
nid007974:70013:70013 [7] NCCL INFO Connected to proxy localRank 7 -> connection 0x149264002320
nid007974:70011:70011 [5] NCCL INFO Connected to proxy localRank 5 -> connection 0x153c40002320
nid007974:70010:70010 [2] NCCL INFO Connected to proxy localRank 2 -> connection 0x14d400002320
nid007974:70008:70096 [4] NCCL INFO New proxy send connection 32 from local rank 4, transport 0
nid007974:70008:70008 [4] NCCL INFO Connected to proxy localRank 4 -> connection 0x145e0c002320
nid007974:70007:70007 [6] NCCL INFO Connected to proxy localRank 6 -> connection 0x154848002320
nid007973:80838:80926 [5] NCCL INFO New proxy recv connection 33 from local rank 5, transport 0
nid007973:80838:80838 [5] NCCL INFO Connected to proxy localRank 5 -> connection 0x14d4f8002398
nid007974:70011:70097 [5] NCCL INFO New proxy recv connection 33 from local rank 5, transport 0
nid007974:70011:70011 [5] NCCL INFO Connected to proxy localRank 5 -> connection 0x153c40002398
nid007974:70013:70090 [7] NCCL INFO New proxy recv connection 33 from local rank 7, transport 0
nid007974:70013:70013 [7] NCCL INFO Connected to proxy localRank 7 -> connection 0x149264002398
nid007974:70006:70006 [0] NCCL INFO Channel 03/2 : 8[c1000] -> 9[c6000] via P2P/IPC comm 0x558defd0bfa0 nRanks 16
nid007973:80836:80923 [1] NCCL INFO New proxy recv connection 33 from local rank 1, transport 0
nid007973:80836:80836 [1] NCCL INFO Connected to proxy localRank 1 -> connection 0x14577c002398
nid007974:70006:70095 [0] NCCL INFO New proxy send connection 33 from local rank 0, transport 0
nid007973:80842:80842 [6] NCCL INFO Channel 03/2 : 6[d9000] -> 7[de000] via P2P/IPC comm 0x55fbb093ae60 nRanks 16
nid007974:70006:70006 [0] NCCL INFO Connected to proxy localRank 0 -> connection 0x151238002398
nid007973:80842:80927 [6] NCCL INFO New proxy send connection 33 from local rank 6, transport 0
nid007973:80842:80842 [6] NCCL INFO Connected to proxy localRank 6 -> connection 0x14ed7c002398
nid007974:70007:70007 [6] NCCL INFO Channel 02/2 : 14[d9000] -> 15[de000] via P2P/IPC comm 0x55717d520e50 nRanks 16
nid007974:70007:70093 [6] NCCL INFO New proxy send connection 33 from local rank 6, transport 0
nid007974:70007:70007 [6] NCCL INFO Connected to proxy localRank 6 -> connection 0x154848002398
nid007974:70010:70010 [2] NCCL INFO Channel 02/2 : 10[c9000] -> 11[ce000] via P2P/IPC comm 0x555fb8b1ed80 nRanks 16
nid007974:70010:70092 [2] NCCL INFO New proxy send connection 33 from local rank 2, transport 0
nid007974:70010:70010 [2] NCCL INFO Connected to proxy localRank 2 -> connection 0x14d400002398
nid007973:80835:80835 [0] NCCL INFO Channel 02/2 : 0[c1000] -> 1[c6000] via P2P/IPC comm 0x5571859b9050 nRanks 16
nid007973:80839:80924 [7] NCCL INFO New proxy recv connection 33 from local rank 7, transport 0
nid007973:80839:80839 [7] NCCL INFO Connected to proxy localRank 7 -> connection 0x148890002398
nid007973:80835:80929 [0] NCCL INFO New proxy send connection 33 from local rank 0, transport 0
nid007973:80835:80835 [0] NCCL INFO Connected to proxy localRank 0 -> connection 0x15448c002398
nid007973:80840:80840 [4] NCCL INFO Channel 02/2 : 4[d1000] -> 5[d6000] via P2P/IPC comm 0x55a24b51bc60 nRanks 16
nid007973:80840:80925 [4] NCCL INFO New proxy send connection 33 from local rank 4, transport 0
nid007973:80840:80840 [4] NCCL INFO Connected to proxy localRank 4 -> connection 0x145eb8002398
nid007974:70008:70008 [4] NCCL INFO Channel 03/2 : 12[d1000] -> 13[d6000] via P2P/IPC comm 0x5576d248edc0 nRanks 16
nid007973:80837:80837 [2] NCCL INFO Channel 03/2 : 2[c9000] -> 3[ce000] via P2P/IPC comm 0x556a309360f0 nRanks 16
nid007973:80837:80930 [2] NCCL INFO New proxy send connection 33 from local rank 2, transport 0
nid007973:80837:80837 [2] NCCL INFO Connected to proxy localRank 2 -> connection 0x14a778002398
nid007974:70008:70096 [4] NCCL INFO New proxy send connection 33 from local rank 4, transport 0
nid007974:70008:70008 [4] NCCL INFO Connected to proxy localRank 4 -> connection 0x145e0c002398
nid007973:80841:80928 [3] NCCL INFO New proxy recv connection 33 from local rank 3, transport 0
nid007973:80841:80841 [3] NCCL INFO Connected to proxy localRank 3 -> connection 0x147624002398
nid007974:70009:70100 [3] NCCL INFO New proxy recv connection 33 from local rank 3, transport 0
nid007974:70009:70009 [3] NCCL INFO Connected to proxy localRank 3 -> connection 0x14964c002398
nid007974:70012:70091 [1] NCCL INFO New proxy recv connection 33 from local rank 1, transport 0
nid007974:70012:70012 [1] NCCL INFO Connected to proxy localRank 1 -> connection 0x14f334002398
nid007973:80838:80926 [5] NCCL INFO New proxy recv connection 34 from local rank 5, transport 0
nid007973:80838:80838 [5] NCCL INFO Connected to proxy localRank 5 -> connection 0x14d4f8002410
nid007974:70011:70097 [5] NCCL INFO New proxy recv connection 34 from local rank 5, transport 0
nid007974:70011:70011 [5] NCCL INFO Connected to proxy localRank 5 -> connection 0x153c40002410
nid007974:70013:70090 [7] NCCL INFO New proxy recv connection 34 from local rank 7, transport 0
nid007974:70013:70013 [7] NCCL INFO Connected to proxy localRank 7 -> connection 0x149264002410
nid007973:80836:80923 [1] NCCL INFO New proxy recv connection 34 from local rank 1, transport 0
nid007973:80836:80836 [1] NCCL INFO Connected to proxy localRank 1 -> connection 0x14577c002410
nid007974:70006:70006 [0] NCCL INFO Channel 05/2 : 8[c1000] -> 9[c6000] via P2P/IPC comm 0x558defd0bfa0 nRanks 16
nid007974:70006:70095 [0] NCCL INFO New proxy send connection 34 from local rank 0, transport 0
nid007974:70006:70006 [0] NCCL INFO Connected to proxy localRank 0 -> connection 0x151238002410
nid007974:70007:70007 [6] NCCL INFO Channel 05/2 : 14[d9000] -> 15[de000] via P2P/IPC comm 0x55717d520e50 nRanks 16
nid007974:70007:70093 [6] NCCL INFO New proxy send connection 34 from local rank 6, transport 0
nid007974:70007:70007 [6] NCCL INFO Connected to proxy localRank 6 -> connection 0x154848002410
nid007973:80842:80842 [6] NCCL INFO Channel 04/2 : 6[d9000] -> 7[de000] via P2P/IPC comm 0x55fbb093ae60 nRanks 16
nid007973:80842:80927 [6] NCCL INFO New proxy send connection 34 from local rank 6, transport 0
nid007973:80842:80842 [6] NCCL INFO Connected to proxy localRank 6 -> connection 0x14ed7c002410
nid007974:70010:70010 [2] NCCL INFO Channel 04/2 : 10[c9000] -> 11[ce000] via P2P/IPC comm 0x555fb8b1ed80 nRanks 16
nid007974:70010:70092 [2] NCCL INFO New proxy send connection 34 from local rank 2, transport 0
nid007974:70010:70010 [2] NCCL INFO Connected to proxy localRank 2 -> connection 0x14d400002410
nid007973:80840:80840 [4] NCCL INFO Channel 05/2 : 4[d1000] -> 5[d6000] via P2P/IPC comm 0x55a24b51bc60 nRanks 16
nid007974:70008:70008 [4] NCCL INFO Channel 04/2 : 12[d1000] -> 13[d6000] via P2P/IPC comm 0x5576d248edc0 nRanks 16
nid007973:80840:80925 [4] NCCL INFO New proxy send connection 34 from local rank 4, transport 0
nid007973:80840:80840 [4] NCCL INFO Connected to proxy localRank 4 -> connection 0x145eb8002410
nid007974:70008:70096 [4] NCCL INFO New proxy send connection 34 from local rank 4, transport 0
nid007974:70008:70008 [4] NCCL INFO Connected to proxy localRank 4 -> connection 0x145e0c002410
nid007973:80839:80924 [7] NCCL INFO New proxy recv connection 34 from local rank 7, transport 0
nid007973:80839:80839 [7] NCCL INFO Connected to proxy localRank 7 -> connection 0x148890002410
nid007973:80835:80835 [0] NCCL INFO Channel 04/2 : 0[c1000] -> 1[c6000] via P2P/IPC comm 0x5571859b9050 nRanks 16
nid007973:80835:80929 [0] NCCL INFO New proxy send connection 34 from local rank 0, transport 0
nid007973:80835:80835 [0] NCCL INFO Connected to proxy localRank 0 -> connection 0x15448c002410
nid007973:80838:80926 [5] NCCL INFO New proxy recv connection 35 from local rank 5, transport 0
nid007973:80838:80838 [5] NCCL INFO Connected to proxy localRank 5 -> connection 0x14d4f8002488
nid007973:80837:80837 [2] NCCL INFO Channel 05/2 : 2[c9000] -> 3[ce000] via P2P/IPC comm 0x556a309360f0 nRanks 16
nid007973:80841:80928 [3] NCCL INFO New proxy recv connection 34 from local rank 3, transport 0
nid007973:80841:80841 [3] NCCL INFO Connected to proxy localRank 3 -> connection 0x147624002410
nid007973:80837:80930 [2] NCCL INFO New proxy send connection 34 from local rank 2, transport 0
nid007973:80837:80837 [2] NCCL INFO Connected to proxy localRank 2 -> connection 0x14a778002410
nid007974:70011:70097 [5] NCCL INFO New proxy recv connection 35 from local rank 5, transport 0
nid007974:70011:70011 [5] NCCL INFO Connected to proxy localRank 5 -> connection 0x153c40002488
nid007974:70009:70100 [3] NCCL INFO New proxy recv connection 34 from local rank 3, transport 0
nid007974:70009:70009 [3] NCCL INFO Connected to proxy localRank 3 -> connection 0x14964c002410
nid007974:70013:70090 [7] NCCL INFO New proxy recv connection 35 from local rank 7, transport 0
nid007974:70013:70013 [7] NCCL INFO Connected to proxy localRank 7 -> connection 0x149264002488
nid007973:80836:80923 [1] NCCL INFO New proxy recv connection 35 from local rank 1, transport 0
nid007973:80836:80836 [1] NCCL INFO Connected to proxy localRank 1 -> connection 0x14577c002488
nid007974:70012:70091 [1] NCCL INFO New proxy recv connection 34 from local rank 1, transport 0
nid007974:70012:70012 [1] NCCL INFO Connected to proxy localRank 1 -> connection 0x14f334002410
nid007974:70006:70006 [0] NCCL INFO Channel 07/2 : 8[c1000] -> 9[c6000] via P2P/IPC comm 0x558defd0bfa0 nRanks 16
nid007974:70006:70095 [0] NCCL INFO New proxy send connection 35 from local rank 0, transport 0
nid007974:70006:70006 [0] NCCL INFO Connected to proxy localRank 0 -> connection 0x151238002488
nid007974:70007:70007 [6] NCCL INFO Channel 06/2 : 14[d9000] -> 15[de000] via P2P/IPC comm 0x55717d520e50 nRanks 16
nid007974:70007:70093 [6] NCCL INFO New proxy send connection 35 from local rank 6, transport 0
nid007974:70007:70007 [6] NCCL INFO Connected to proxy localRank 6 -> connection 0x154848002488
nid007973:80842:80842 [6] NCCL INFO Channel 07/2 : 6[d9000] -> 7[de000] via P2P/IPC comm 0x55fbb093ae60 nRanks 16
nid007973:80842:80927 [6] NCCL INFO New proxy send connection 35 from local rank 6, transport 0
nid007973:80842:80842 [6] NCCL INFO Connected to proxy localRank 6 -> connection 0x14ed7c002488
nid007974:70010:70010 [2] NCCL INFO Channel 06/2 : 10[c9000] -> 11[ce000] via P2P/IPC comm 0x555fb8b1ed80 nRanks 16
nid007974:70010:70092 [2] NCCL INFO New proxy send connection 35 from local rank 2, transport 0
nid007974:70010:70010 [2] NCCL INFO Connected to proxy localRank 2 -> connection 0x14d400002488
nid007973:80838:80926 [5] NCCL INFO New proxy recv connection 36 from local rank 5, transport 0
nid007973:80838:80838 [5] NCCL INFO Connected to proxy localRank 5 -> connection 0x14d4f8002500
nid007973:80840:80840 [4] NCCL INFO Channel 06/2 : 4[d1000] -> 5[d6000] via P2P/IPC comm 0x55a24b51bc60 nRanks 16
nid007973:80840:80925 [4] NCCL INFO New proxy send connection 35 from local rank 4, transport 0
nid007973:80840:80840 [4] NCCL INFO Connected to proxy localRank 4 -> connection 0x145eb8002488
nid007974:70011:70097 [5] NCCL INFO New proxy recv connection 36 from local rank 5, transport 0
nid007974:70011:70011 [5] NCCL INFO Connected to proxy localRank 5 -> connection 0x153c40002500
nid007974:70008:70008 [4] NCCL INFO Channel 07/2 : 12[d1000] -> 13[d6000] via P2P/IPC comm 0x5576d248edc0 nRanks 16
nid007974:70008:70096 [4] NCCL INFO New proxy send connection 35 from local rank 4, transport 0
nid007974:70008:70008 [4] NCCL INFO Connected to proxy localRank 4 -> connection 0x145e0c002488
nid007973:80839:80924 [7] NCCL INFO New proxy recv connection 35 from local rank 7, transport 0
nid007973:80839:80839 [7] NCCL INFO Connected to proxy localRank 7 -> connection 0x148890002488
nid007974:70013:70090 [7] NCCL INFO New proxy recv connection 36 from local rank 7, transport 0
nid007974:70013:70013 [7] NCCL INFO Connected to proxy localRank 7 -> connection 0x149264002500
nid007973:80835:80835 [0] NCCL INFO Channel 06/2 : 0[c1000] -> 1[c6000] via P2P/IPC comm 0x5571859b9050 nRanks 16
nid007973:80836:80923 [1] NCCL INFO New proxy recv connection 36 from local rank 1, transport 0
nid007973:80836:80836 [1] NCCL INFO Connected to proxy localRank 1 -> connection 0x14577c002500
nid007973:80835:80929 [0] NCCL INFO New proxy send connection 35 from local rank 0, transport 0
nid007973:80835:80835 [0] NCCL INFO Connected to proxy localRank 0 -> connection 0x15448c002488
nid007974:70007:70007 [6] NCCL INFO Channel 09/2 : 14[d9000] -> 15[de000] via P2P/IPC comm 0x55717d520e50 nRanks 16
nid007974:70007:70093 [6] NCCL INFO New proxy send connection 36 from local rank 6, transport 0
nid007973:80841:80928 [3] NCCL INFO New proxy recv connection 35 from local rank 3, transport 0
nid007973:80841:80841 [3] NCCL INFO Connected to proxy localRank 3 -> connection 0x147624002488
nid007973:80837:80837 [2] NCCL INFO Channel 07/2 : 2[c9000] -> 3[ce000] via P2P/IPC comm 0x556a309360f0 nRanks 16
nid007974:70007:70007 [6] NCCL INFO Connected to proxy localRank 6 -> connection 0x154848002500
nid007974:70006:70006 [0] NCCL INFO Channel 09/2 : 8[c1000] -> 9[c6000] via P2P/IPC comm 0x558defd0bfa0 nRanks 16
nid007974:70006:70095 [0] NCCL INFO New proxy send connection 36 from local rank 0, transport 0
nid007973:80837:80930 [2] NCCL INFO New proxy send connection 35 from local rank 2, transport 0
nid007973:80837:80837 [2] NCCL INFO Connected to proxy localRank 2 -> connection 0x14a778002488
nid007974:70006:70006 [0] NCCL INFO Connected to proxy localRank 0 -> connection 0x151238002500
nid007973:80842:80842 [6] NCCL INFO Channel 08/2 : 6[d9000] -> 7[de000] via P2P/IPC comm 0x55fbb093ae60 nRanks 16
nid007973:80842:80927 [6] NCCL INFO New proxy send connection 36 from local rank 6, transport 0
nid007973:80842:80842 [6] NCCL INFO Connected to proxy localRank 6 -> connection 0x14ed7c002500
nid007974:70009:70100 [3] NCCL INFO New proxy recv connection 35 from local rank 3, transport 0
nid007974:70009:70009 [3] NCCL INFO Connected to proxy localRank 3 -> connection 0x14964c002488
nid007974:70012:70091 [1] NCCL INFO New proxy recv connection 35 from local rank 1, transport 0
nid007974:70012:70012 [1] NCCL INFO Connected to proxy localRank 1 -> connection 0x14f334002488
nid007974:70010:70010 [2] NCCL INFO Channel 08/2 : 10[c9000] -> 11[ce000] via P2P/IPC comm 0x555fb8b1ed80 nRanks 16
nid007974:70010:70092 [2] NCCL INFO New proxy send connection 36 from local rank 2, transport 0
nid007974:70010:70010 [2] NCCL INFO Connected to proxy localRank 2 -> connection 0x14d400002500
nid007973:80838:80926 [5] NCCL INFO New proxy recv connection 37 from local rank 5, transport 0
nid007973:80838:80838 [5] NCCL INFO Connected to proxy localRank 5 -> connection 0x14d4f8002578
nid007974:70011:70097 [5] NCCL INFO New proxy recv connection 37 from local rank 5, transport 0
nid007974:70011:70011 [5] NCCL INFO Connected to proxy localRank 5 -> connection 0x153c40002578
nid007974:70013:70090 [7] NCCL INFO New proxy recv connection 37 from local rank 7, transport 0
nid007974:70013:70013 [7] NCCL INFO Connected to proxy localRank 7 -> connection 0x149264002578
nid007973:80836:80923 [1] NCCL INFO New proxy recv connection 37 from local rank 1, transport 0
nid007973:80836:80836 [1] NCCL INFO Connected to proxy localRank 1 -> connection 0x14577c002578
nid007973:80840:80840 [4] NCCL INFO Channel 09/2 : 4[d1000] -> 5[d6000] via P2P/IPC comm 0x55a24b51bc60 nRanks 16
nid007974:70007:70007 [6] NCCL INFO Channel 10/2 : 14[d9000] -> 15[de000] via P2P/IPC comm 0x55717d520e50 nRanks 16
nid007974:70007:70093 [6] NCCL INFO New proxy send connection 37 from local rank 6, transport 0
nid007973:80840:80925 [4] NCCL INFO New proxy send connection 36 from local rank 4, transport 0
nid007973:80840:80840 [4] NCCL INFO Connected to proxy localRank 4 -> connection 0x145eb8002500
nid007974:70007:70007 [6] NCCL INFO Connected to proxy localRank 6 -> connection 0x154848002578
nid007974:70008:70008 [4] NCCL INFO Channel 08/2 : 12[d1000] -> 13[d6000] via P2P/IPC comm 0x5576d248edc0 nRanks 16
nid007974:70008:70096 [4] NCCL INFO New proxy send connection 36 from local rank 4, transport 0
nid007974:70006:70006 [0] NCCL INFO Channel 11/2 : 8[c1000] -> 9[c6000] via P2P/IPC comm 0x558defd0bfa0 nRanks 16
nid007974:70008:70008 [4] NCCL INFO Connected to proxy localRank 4 -> connection 0x145e0c002500
nid007974:70006:70095 [0] NCCL INFO New proxy send connection 37 from local rank 0, transport 0
nid007974:70006:70006 [0] NCCL INFO Connected to proxy localRank 0 -> connection 0x151238002578
nid007973:80839:80924 [7] NCCL INFO New proxy recv connection 36 from local rank 7, transport 0
nid007973:80839:80839 [7] NCCL INFO Connected to proxy localRank 7 -> connection 0x148890002500
nid007973:80842:80842 [6] NCCL INFO Channel 11/2 : 6[d9000] -> 7[de000] via P2P/IPC comm 0x55fbb093ae60 nRanks 16
nid007973:80842:80927 [6] NCCL INFO New proxy send connection 37 from local rank 6, transport 0
nid007973:80842:80842 [6] NCCL INFO Connected to proxy localRank 6 -> connection 0x14ed7c002578
nid007973:80835:80835 [0] NCCL INFO Channel 08/2 : 0[c1000] -> 1[c6000] via P2P/IPC comm 0x5571859b9050 nRanks 16
nid007973:80835:80929 [0] NCCL INFO New proxy send connection 36 from local rank 0, transport 0
nid007973:80835:80835 [0] NCCL INFO Connected to proxy localRank 0 -> connection 0x15448c002500
nid007973:80841:80928 [3] NCCL INFO New proxy recv connection 36 from local rank 3, transport 0
nid007973:80841:80841 [3] NCCL INFO Connected to proxy localRank 3 -> connection 0x147624002500
nid007973:80837:80837 [2] NCCL INFO Channel 09/2 : 2[c9000] -> 3[ce000] via P2P/IPC comm 0x556a309360f0 nRanks 16
nid007973:80837:80930 [2] NCCL INFO New proxy send connection 36 from local rank 2, transport 0
nid007973:80837:80837 [2] NCCL INFO Connected to proxy localRank 2 -> connection 0x14a778002500
nid007973:80838:80926 [5] NCCL INFO New proxy recv connection 38 from local rank 5, transport 0
nid007973:80838:80838 [5] NCCL INFO Connected to proxy localRank 5 -> connection 0x14d4f80025f0
nid007974:70010:70010 [2] NCCL INFO Channel 10/2 : 10[c9000] -> 11[ce000] via P2P/IPC comm 0x555fb8b1ed80 nRanks 16
nid007974:70010:70092 [2] NCCL INFO New proxy send connection 37 from local rank 2, transport 0
nid007974:70010:70010 [2] NCCL INFO Connected to proxy localRank 2 -> connection 0x14d400002578
nid007974:70011:70097 [5] NCCL INFO New proxy recv connection 38 from local rank 5, transport 0
nid007974:70011:70011 [5] NCCL INFO Connected to proxy localRank 5 -> connection 0x153c400025f0
nid007974:70009:70100 [3] NCCL INFO New proxy recv connection 36 from local rank 3, transport 0
nid007974:70009:70009 [3] NCCL INFO Connected to proxy localRank 3 -> connection 0x14964c002500
nid007974:70012:70091 [1] NCCL INFO New proxy recv connection 36 from local rank 1, transport 0
nid007974:70013:70090 [7] NCCL INFO New proxy recv connection 38 from local rank 7, transport 0
nid007974:70013:70013 [7] NCCL INFO Connected to proxy localRank 7 -> connection 0x1492640025f0
nid007974:70012:70012 [1] NCCL INFO Connected to proxy localRank 1 -> connection 0x14f334002500
nid007973:80836:80923 [1] NCCL INFO New proxy recv connection 38 from local rank 1, transport 0
nid007973:80836:80836 [1] NCCL INFO Connected to proxy localRank 1 -> connection 0x14577c0025f0
nid007974:70007:70007 [6] NCCL INFO Channel 13/2 : 14[d9000] -> 15[de000] via P2P/IPC comm 0x55717d520e50 nRanks 16
nid007974:70007:70093 [6] NCCL INFO New proxy send connection 38 from local rank 6, transport 0
nid007974:70007:70007 [6] NCCL INFO Connected to proxy localRank 6 -> connection 0x1548480025f0
nid007974:70006:70006 [0] NCCL INFO Channel 13/2 : 8[c1000] -> 9[c6000] via P2P/IPC comm 0x558defd0bfa0 nRanks 16
nid007974:70006:70095 [0] NCCL INFO New proxy send connection 38 from local rank 0, transport 0
nid007974:70006:70006 [0] NCCL INFO Connected to proxy localRank 0 -> connection 0x1512380025f0
nid007974:70008:70008 [4] NCCL INFO Channel 11/2 : 12[d1000] -> 13[d6000] via P2P/IPC comm 0x5576d248edc0 nRanks 16
nid007974:70008:70096 [4] NCCL INFO New proxy send connection 37 from local rank 4, transport 0
nid007974:70008:70008 [4] NCCL INFO Connected to proxy localRank 4 -> connection 0x145e0c002578
nid007973:80842:80842 [6] NCCL INFO Channel 12/2 : 6[d9000] -> 7[de000] via P2P/IPC comm 0x55fbb093ae60 nRanks 16
nid007973:80842:80927 [6] NCCL INFO New proxy send connection 38 from local rank 6, transport 0
nid007973:80842:80842 [6] NCCL INFO Connected to proxy localRank 6 -> connection 0x14ed7c0025f0
nid007973:80840:80840 [4] NCCL INFO Channel 10/2 : 4[d1000] -> 5[d6000] via P2P/IPC comm 0x55a24b51bc60 nRanks 16
nid007973:80840:80925 [4] NCCL INFO New proxy send connection 37 from local rank 4, transport 0
nid007973:80840:80840 [4] NCCL INFO Connected to proxy localRank 4 -> connection 0x145eb8002578
nid007973:80838:80926 [5] NCCL INFO New proxy recv connection 39 from local rank 5, transport 0
nid007973:80838:80838 [5] NCCL INFO Connected to proxy localRank 5 -> connection 0x14d4f8002668
nid007973:80835:80835 [0] NCCL INFO Channel 10/2 : 0[c1000] -> 1[c6000] via P2P/IPC comm 0x5571859b9050 nRanks 16
nid007973:80839:80924 [7] NCCL INFO New proxy recv connection 37 from local rank 7, transport 0
nid007973:80839:80839 [7] NCCL INFO Connected to proxy localRank 7 -> connection 0x148890002578
nid007973:80835:80929 [0] NCCL INFO New proxy send connection 37 from local rank 0, transport 0
nid007973:80835:80835 [0] NCCL INFO Connected to proxy localRank 0 -> connection 0x15448c002578
nid007974:70011:70097 [5] NCCL INFO New proxy recv connection 39 from local rank 5, transport 0
nid007974:70010:70010 [2] NCCL INFO Channel 12/2 : 10[c9000] -> 11[ce000] via P2P/IPC comm 0x555fb8b1ed80 nRanks 16
nid007974:70011:70011 [5] NCCL INFO Connected to proxy localRank 5 -> connection 0x153c40002668
nid007974:70010:70092 [2] NCCL INFO New proxy send connection 38 from local rank 2, transport 0
nid007974:70010:70010 [2] NCCL INFO Connected to proxy localRank 2 -> connection 0x14d4000025f0
nid007973:80841:80928 [3] NCCL INFO New proxy recv connection 37 from local rank 3, transport 0
nid007973:80841:80841 [3] NCCL INFO Connected to proxy localRank 3 -> connection 0x147624002578
nid007973:80837:80837 [2] NCCL INFO Channel 11/2 : 2[c9000] -> 3[ce000] via P2P/IPC comm 0x556a309360f0 nRanks 16
nid007973:80837:80930 [2] NCCL INFO New proxy send connection 37 from local rank 2, transport 0
nid007973:80837:80837 [2] NCCL INFO Connected to proxy localRank 2 -> connection 0x14a778002578
nid007974:70013:70090 [7] NCCL INFO New proxy recv connection 39 from local rank 7, transport 0
nid007974:70013:70013 [7] NCCL INFO Connected to proxy localRank 7 -> connection 0x149264002668
nid007974:70007:70007 [6] NCCL INFO Channel 14/2 : 14[d9000] -> 15[de000] via P2P/IPC comm 0x55717d520e50 nRanks 16
nid007974:70007:70093 [6] NCCL INFO New proxy send connection 39 from local rank 6, transport 0
nid007974:70007:70007 [6] NCCL INFO Connected to proxy localRank 6 -> connection 0x154848002668
nid007974:70009:70100 [3] NCCL INFO New proxy recv connection 37 from local rank 3, transport 0
nid007974:70006:70006 [0] NCCL INFO Channel 15/2 : 8[c1000] -> 9[c6000] via P2P/IPC comm 0x558defd0bfa0 nRanks 16
nid007974:70006:70095 [0] NCCL INFO New proxy send connection 39 from local rank 0, transport 0
nid007974:70006:70006 [0] NCCL INFO Connected to proxy localRank 0 -> connection 0x151238002668
nid007974:70009:70009 [3] NCCL INFO Connected to proxy localRank 3 -> connection 0x14964c002578
nid007973:80842:80842 [6] NCCL INFO Channel 15/2 : 6[d9000] -> 7[de000] via P2P/IPC comm 0x55fbb093ae60 nRanks 16
nid007973:80842:80927 [6] NCCL INFO New proxy send connection 39 from local rank 6, transport 0
nid007973:80842:80842 [6] NCCL INFO Connected to proxy localRank 6 -> connection 0x14ed7c002668
nid007974:70012:70091 [1] NCCL INFO New proxy recv connection 37 from local rank 1, transport 0
nid007974:70012:70012 [1] NCCL INFO Connected to proxy localRank 1 -> connection 0x14f334002578
nid007974:70008:70008 [4] NCCL INFO Channel 12/2 : 12[d1000] -> 13[d6000] via P2P/IPC comm 0x5576d248edc0 nRanks 16
nid007973:80835:80835 [0] NCCL INFO Channel 12/2 : 0[c1000] -> 1[c6000] via P2P/IPC comm 0x5571859b9050 nRanks 16
nid007973:80835:80929 [0] NCCL INFO New proxy send connection 38 from local rank 0, transport 0
nid007973:80835:80835 [0] NCCL INFO Connected to proxy localRank 0 -> connection 0x15448c0025f0
nid007974:70008:70096 [4] NCCL INFO New proxy send connection 38 from local rank 4, transport 0
nid007974:70008:70008 [4] NCCL INFO Connected to proxy localRank 4 -> connection 0x145e0c0025f0
nid007973:80840:80840 [4] NCCL INFO Channel 13/2 : 4[d1000] -> 5[d6000] via P2P/IPC comm 0x55a24b51bc60 nRanks 16
nid007973:80840:80925 [4] NCCL INFO New proxy send connection 38 from local rank 4, transport 0
nid007973:80840:80840 [4] NCCL INFO Connected to proxy localRank 4 -> connection 0x145eb80025f0
nid007974:70010:70010 [2] NCCL INFO Channel 14/2 : 10[c9000] -> 11[ce000] via P2P/IPC comm 0x555fb8b1ed80 nRanks 16
nid007974:70010:70092 [2] NCCL INFO New proxy send connection 39 from local rank 2, transport 0
nid007974:70010:70010 [2] NCCL INFO Connected to proxy localRank 2 -> connection 0x14d400002668
nid007973:80836:80923 [1] NCCL INFO New proxy recv connection 39 from local rank 1, transport 0
nid007973:80836:80836 [1] NCCL INFO Connected to proxy localRank 1 -> connection 0x14577c002668
nid007973:80839:80924 [7] NCCL INFO New proxy recv connection 38 from local rank 7, transport 0
nid007973:80839:80839 [7] NCCL INFO Connected to proxy localRank 7 -> connection 0x1488900025f0
nid007974:70013:70090 [7] NCCL INFO New proxy recv connection 40 from local rank 7, transport 0
nid007974:70013:70013 [7] NCCL INFO Connected to proxy localRank 7 -> connection 0x1492640026e0
nid007973:80841:80928 [3] NCCL INFO New proxy recv connection 38 from local rank 3, transport 0
nid007973:80841:80841 [3] NCCL INFO Connected to proxy localRank 3 -> connection 0x1476240025f0
nid007974:70007:70093 [6] NCCL INFO New proxy recv connection 40 from local rank 6, transport 0
nid007974:70007:70007 [6] NCCL INFO Connected to proxy localRank 6 -> connection 0x1548480026e0
nid007973:80837:80837 [2] NCCL INFO Channel 13/2 : 2[c9000] -> 3[ce000] via P2P/IPC comm 0x556a309360f0 nRanks 16
nid007973:80837:80930 [2] NCCL INFO New proxy send connection 38 from local rank 2, transport 0
nid007973:80837:80837 [2] NCCL INFO Connected to proxy localRank 2 -> connection 0x14a7780025f0
nid007974:70009:70100 [3] NCCL INFO New proxy recv connection 38 from local rank 3, transport 0
nid007974:70009:70009 [3] NCCL INFO Connected to proxy localRank 3 -> connection 0x14964c0025f0
nid007973:80835:80835 [0] NCCL INFO Channel 14/2 : 0[c1000] -> 1[c6000] via P2P/IPC comm 0x5571859b9050 nRanks 16
nid007973:80835:80929 [0] NCCL INFO New proxy send connection 39 from local rank 0, transport 0
nid007973:80835:80835 [0] NCCL INFO Connected to proxy localRank 0 -> connection 0x15448c002668
nid007973:80840:80840 [4] NCCL INFO Channel 14/2 : 4[d1000] -> 5[d6000] via P2P/IPC comm 0x55a24b51bc60 nRanks 16
nid007973:80840:80925 [4] NCCL INFO New proxy send connection 39 from local rank 4, transport 0
nid007973:80840:80840 [4] NCCL INFO Connected to proxy localRank 4 -> connection 0x145eb8002668
nid007974:70008:70008 [4] NCCL INFO Channel 15/2 : 12[d1000] -> 13[d6000] via P2P/IPC comm 0x5576d248edc0 nRanks 16
nid007974:70008:70096 [4] NCCL INFO New proxy send connection 39 from local rank 4, transport 0
nid007974:70008:70008 [4] NCCL INFO Connected to proxy localRank 4 -> connection 0x145e0c002668
nid007974:70012:70091 [1] NCCL INFO New proxy recv connection 38 from local rank 1, transport 0
nid007974:70012:70012 [1] NCCL INFO Connected to proxy localRank 1 -> connection 0x14f3340025f0
nid007974:70013:70090 [7] NCCL INFO New proxy recv connection 41 from local rank 7, transport 0
nid007974:70013:70013 [7] NCCL INFO Connected to proxy localRank 7 -> connection 0x149264002758
nid007974:70007:70093 [6] NCCL INFO New proxy recv connection 41 from local rank 6, transport 0
nid007974:70007:70007 [6] NCCL INFO Connected to proxy localRank 6 -> connection 0x154848002758
nid007973:80839:80924 [7] NCCL INFO New proxy recv connection 39 from local rank 7, transport 0
nid007973:80839:80839 [7] NCCL INFO Connected to proxy localRank 7 -> connection 0x148890002668
nid007973:80841:80928 [3] NCCL INFO New proxy recv connection 39 from local rank 3, transport 0
nid007973:80841:80841 [3] NCCL INFO Connected to proxy localRank 3 -> connection 0x147624002668
nid007973:80837:80837 [2] NCCL INFO Channel 15/2 : 2[c9000] -> 3[ce000] via P2P/IPC comm 0x556a309360f0 nRanks 16
nid007973:80837:80930 [2] NCCL INFO New proxy send connection 39 from local rank 2, transport 0
nid007973:80837:80837 [2] NCCL INFO Connected to proxy localRank 2 -> connection 0x14a778002668
nid007973:80836:80836 [1] NCCL INFO Channel 02/2 : 1[c6000] -> 3[ce000] via P2P/IPC comm 0x5591df881fc0 nRanks 16
nid007973:80836:80923 [1] NCCL INFO New proxy send connection 40 from local rank 1, transport 0
nid007973:80835:80835 [0] NCCL INFO Channel 03/2 : 0[c1000] -> 6[d9000] via P2P/IPC comm 0x5571859b9050 nRanks 16
nid007973:80836:80836 [1] NCCL INFO Connected to proxy localRank 1 -> connection 0x14577c0026e0
nid007973:80835:80929 [0] NCCL INFO New proxy send connection 40 from local rank 0, transport 0
nid007973:80835:80835 [0] NCCL INFO Connected to proxy localRank 0 -> connection 0x15448c0026e0
nid007973:80838:80926 [5] NCCL INFO New proxy recv connection 40 from local rank 5, transport 0
nid007973:80838:80838 [5] NCCL INFO Connected to proxy localRank 5 -> connection 0x14d4f80026e0
nid007973:80840:80925 [4] NCCL INFO New proxy recv connection 40 from local rank 4, transport 0
nid007973:80840:80840 [4] NCCL INFO Connected to proxy localRank 4 -> connection 0x145eb80026e0
nid007974:70009:70100 [3] NCCL INFO New proxy recv connection 39 from local rank 3, transport 0
nid007974:70009:70009 [3] NCCL INFO Connected to proxy localRank 3 -> connection 0x14964c002668
nid007974:70013:70090 [7] NCCL INFO New proxy recv connection 42 from local rank 7, transport 0
nid007974:70013:70013 [7] NCCL INFO Connected to proxy localRank 7 -> connection 0x1492640027d0
nid007974:70007:70093 [6] NCCL INFO New proxy recv connection 42 from local rank 6, transport 0
nid007974:70007:70007 [6] NCCL INFO Connected to proxy localRank 6 -> connection 0x1548480027d0
nid007974:70011:70097 [5] NCCL INFO New proxy recv connection 40 from local rank 5, transport 0
nid007974:70011:70011 [5] NCCL INFO Connected to proxy localRank 5 -> connection 0x153c400026e0
nid007974:70008:70096 [4] NCCL INFO New proxy recv connection 40 from local rank 4, transport 0
nid007974:70008:70008 [4] NCCL INFO Connected to proxy localRank 4 -> connection 0x145e0c0026e0
nid007974:70012:70091 [1] NCCL INFO New proxy recv connection 39 from local rank 1, transport 0
nid007974:70012:70012 [1] NCCL INFO Connected to proxy localRank 1 -> connection 0x14f334002668
nid007973:80842:80927 [6] NCCL INFO New proxy recv connection 40 from local rank 6, transport 0
nid007973:80842:80842 [6] NCCL INFO Connected to proxy localRank 6 -> connection 0x14ed7c0026e0
nid007973:80839:80924 [7] NCCL INFO New proxy recv connection 40 from local rank 7, transport 0
nid007973:80839:80839 [7] NCCL INFO Connected to proxy localRank 7 -> connection 0x1488900026e0
nid007973:80835:80835 [0] NCCL INFO Channel 07/2 : 0[c1000] -> 6[d9000] via P2P/IPC comm 0x5571859b9050 nRanks 16
nid007973:80835:80929 [0] NCCL INFO New proxy send connection 41 from local rank 0, transport 0
nid007973:80835:80835 [0] NCCL INFO Connected to proxy localRank 0 -> connection 0x15448c002758
nid007973:80840:80925 [4] NCCL INFO New proxy recv connection 41 from local rank 4, transport 0
nid007973:80840:80840 [4] NCCL INFO Connected to proxy localRank 4 -> connection 0x145eb8002758
nid007973:80838:80926 [5] NCCL INFO New proxy recv connection 41 from local rank 5, transport 0
nid007973:80838:80838 [5] NCCL INFO Connected to proxy localRank 5 -> connection 0x14d4f8002758
nid007973:80841:80928 [3] NCCL INFO New proxy recv connection 40 from local rank 3, transport 0
nid007973:80841:80841 [3] NCCL INFO Connected to proxy localRank 3 -> connection 0x1476240026e0
nid007973:80837:80837 [2] NCCL INFO Channel 02/2 : 2[c9000] -> 4[d1000] via P2P/IPC comm 0x556a309360f0 nRanks 16
nid007973:80837:80930 [2] NCCL INFO New proxy send connection 40 from local rank 2, transport 0
nid007973:80837:80837 [2] NCCL INFO Connected to proxy localRank 2 -> connection 0x14a7780026e0
nid007973:80836:80836 [1] NCCL INFO Channel 06/2 : 1[c6000] -> 3[ce000] via P2P/IPC comm 0x5591df881fc0 nRanks 16
nid007973:80836:80923 [1] NCCL INFO New proxy send connection 41 from local rank 1, transport 0
nid007973:80836:80836 [1] NCCL INFO Connected to proxy localRank 1 -> connection 0x14577c002758
nid007974:70013:70090 [7] NCCL INFO New proxy recv connection 43 from local rank 7, transport 0
nid007974:70013:70013 [7] NCCL INFO Connected to proxy localRank 7 -> connection 0x149264002848
nid007974:70007:70093 [6] NCCL INFO New proxy recv connection 43 from local rank 6, transport 0
nid007974:70007:70007 [6] NCCL INFO Connected to proxy localRank 6 -> connection 0x154848002848
nid007974:70011:70097 [5] NCCL INFO New proxy recv connection 41 from local rank 5, transport 0
nid007974:70011:70011 [5] NCCL INFO Connected to proxy localRank 5 -> connection 0x153c40002758
nid007974:70010:70010 [2] NCCL INFO Channel 03/2 : 10[c9000] -> 12[d1000] via P2P/IPC comm 0x555fb8b1ed80 nRanks 16
nid007974:70010:70092 [2] NCCL INFO New proxy send connection 40 from local rank 2, transport 0
nid007974:70010:70010 [2] NCCL INFO Connected to proxy localRank 2 -> connection 0x14d4000026e0
nid007974:70009:70100 [3] NCCL INFO New proxy recv connection 40 from local rank 3, transport 0
nid007974:70009:70009 [3] NCCL INFO Connected to proxy localRank 3 -> connection 0x14964c0026e0
nid007974:70008:70096 [4] NCCL INFO New proxy recv connection 41 from local rank 4, transport 0
nid007974:70008:70008 [4] NCCL INFO Connected to proxy localRank 4 -> connection 0x145e0c002758
nid007973:80840:80925 [4] NCCL INFO New proxy recv connection 42 from local rank 4, transport 0
nid007973:80840:80840 [4] NCCL INFO Connected to proxy localRank 4 -> connection 0x145eb80027d0
nid007973:80835:80835 [0] NCCL INFO Channel 11/2 : 0[c1000] -> 6[d9000] via P2P/IPC comm 0x5571859b9050 nRanks 16
nid007973:80835:80929 [0] NCCL INFO New proxy send connection 42 from local rank 0, transport 0
nid007973:80835:80835 [0] NCCL INFO Connected to proxy localRank 0 -> connection 0x15448c0027d0
nid007973:80838:80926 [5] NCCL INFO New proxy recv connection 42 from local rank 5, transport 0
nid007973:80838:80838 [5] NCCL INFO Connected to proxy localRank 5 -> connection 0x14d4f80027d0
nid007974:70006:70006 [0] NCCL INFO Channel 02/2 : 8[c1000] -> 14[d9000] via P2P/IPC comm 0x558defd0bfa0 nRanks 16
nid007974:70006:70095 [0] NCCL INFO New proxy send connection 40 from local rank 0, transport 0
nid007973:80842:80927 [6] NCCL INFO New proxy recv connection 41 from local rank 6, transport 0
nid007973:80842:80842 [6] NCCL INFO Connected to proxy localRank 6 -> connection 0x14ed7c002758
nid007974:70012:70012 [1] NCCL INFO Channel 03/2 : 9[c6000] -> 11[ce000] via P2P/IPC comm 0x5570ceec4980 nRanks 16
nid007974:70012:70091 [1] NCCL INFO New proxy send connection 40 from local rank 1, transport 0
nid007974:70006:70006 [0] NCCL INFO Connected to proxy localRank 0 -> connection 0x1512380026e0
nid007974:70012:70012 [1] NCCL INFO Connected to proxy localRank 1 -> connection 0x14f3340026e0
nid007973:80839:80924 [7] NCCL INFO New proxy recv connection 41 from local rank 7, transport 0
nid007973:80839:80839 [7] NCCL INFO Connected to proxy localRank 7 -> connection 0x148890002758
nid007973:80837:80837 [2] NCCL INFO Channel 06/2 : 2[c9000] -> 4[d1000] via P2P/IPC comm 0x556a309360f0 nRanks 16
nid007973:80837:80930 [2] NCCL INFO New proxy send connection 41 from local rank 2, transport 0
nid007973:80837:80837 [2] NCCL INFO Connected to proxy localRank 2 -> connection 0x14a778002758
nid007973:80841:80928 [3] NCCL INFO New proxy recv connection 41 from local rank 3, transport 0
nid007973:80841:80841 [3] NCCL INFO Connected to proxy localRank 3 -> connection 0x147624002758
nid007973:80836:80836 [1] NCCL INFO Channel 10/2 : 1[c6000] -> 3[ce000] via P2P/IPC comm 0x5591df881fc0 nRanks 16
nid007973:80836:80923 [1] NCCL INFO New proxy send connection 42 from local rank 1, transport 0
nid007973:80836:80836 [1] NCCL INFO Connected to proxy localRank 1 -> connection 0x14577c0027d0
nid007974:70011:70097 [5] NCCL INFO New proxy recv connection 42 from local rank 5, transport 0
nid007974:70011:70011 [5] NCCL INFO Connected to proxy localRank 5 -> connection 0x153c400027d0
nid007973:80840:80925 [4] NCCL INFO New proxy recv connection 43 from local rank 4, transport 0
nid007973:80840:80840 [4] NCCL INFO Connected to proxy localRank 4 -> connection 0x145eb8002848
nid007973:80838:80926 [5] NCCL INFO New proxy recv connection 43 from local rank 5, transport 0
nid007973:80838:80838 [5] NCCL INFO Connected to proxy localRank 5 -> connection 0x14d4f8002848
nid007973:80835:80835 [0] NCCL INFO Channel 15/2 : 0[c1000] -> 6[d9000] via P2P/IPC comm 0x5571859b9050 nRanks 16
nid007973:80835:80929 [0] NCCL INFO New proxy send connection 43 from local rank 0, transport 0
nid007973:80835:80835 [0] NCCL INFO Connected to proxy localRank 0 -> connection 0x15448c002848
nid007974:70008:70096 [4] NCCL INFO New proxy recv connection 42 from local rank 4, transport 0
nid007974:70008:70008 [4] NCCL INFO Connected to proxy localRank 4 -> connection 0x145e0c0027d0
nid007973:80842:80927 [6] NCCL INFO New proxy recv connection 42 from local rank 6, transport 0
nid007973:80842:80842 [6] NCCL INFO Connected to proxy localRank 6 -> connection 0x14ed7c0027d0
nid007974:70006:70006 [0] NCCL INFO Channel 06/2 : 8[c1000] -> 14[d9000] via P2P/IPC comm 0x558defd0bfa0 nRanks 16
nid007974:70006:70095 [0] NCCL INFO New proxy send connection 41 from local rank 0, transport 0
nid007974:70006:70006 [0] NCCL INFO Connected to proxy localRank 0 -> connection 0x151238002758
nid007974:70010:70010 [2] NCCL INFO Channel 07/2 : 10[c9000] -> 12[d1000] via P2P/IPC comm 0x555fb8b1ed80 nRanks 16
nid007974:70009:70100 [3] NCCL INFO New proxy recv connection 41 from local rank 3, transport 0
nid007974:70009:70009 [3] NCCL INFO Connected to proxy localRank 3 -> connection 0x14964c002758
nid007974:70010:70092 [2] NCCL INFO New proxy send connection 41 from local rank 2, transport 0
nid007974:70010:70010 [2] NCCL INFO Connected to proxy localRank 2 -> connection 0x14d400002758
nid007974:70012:70012 [1] NCCL INFO Channel 07/2 : 9[c6000] -> 11[ce000] via P2P/IPC comm 0x5570ceec4980 nRanks 16
nid007974:70012:70091 [1] NCCL INFO New proxy send connection 41 from local rank 1, transport 0
nid007974:70012:70012 [1] NCCL INFO Connected to proxy localRank 1 -> connection 0x14f334002758
nid007973:80839:80924 [7] NCCL INFO New proxy recv connection 42 from local rank 7, transport 0
nid007973:80839:80839 [7] NCCL INFO Connected to proxy localRank 7 -> connection 0x1488900027d0
nid007973:80837:80837 [2] NCCL INFO Channel 10/2 : 2[c9000] -> 4[d1000] via P2P/IPC comm 0x556a309360f0 nRanks 16
nid007973:80837:80930 [2] NCCL INFO New proxy send connection 42 from local rank 2, transport 0
nid007973:80837:80837 [2] NCCL INFO Connected to proxy localRank 2 -> connection 0x14a7780027d0
nid007973:80840:80840 [4] NCCL INFO Channel 00/2 : 4[d1000] -> 6[d9000] via P2P/IPC comm 0x55a24b51bc60 nRanks 16
nid007973:80840:80925 [4] NCCL INFO New proxy send connection 44 from local rank 4, transport 0
nid007973:80840:80840 [4] NCCL INFO Connected to proxy localRank 4 -> connection 0x145eb80028c0
nid007973:80841:80928 [3] NCCL INFO New proxy recv connection 42 from local rank 3, transport 0
nid007973:80836:80836 [1] NCCL INFO Channel 14/2 : 1[c6000] -> 3[ce000] via P2P/IPC comm 0x5591df881fc0 nRanks 16
nid007973:80836:80923 [1] NCCL INFO New proxy send connection 43 from local rank 1, transport 0
nid007973:80841:80841 [3] NCCL INFO Connected to proxy localRank 3 -> connection 0x1476240027d0
nid007973:80836:80836 [1] NCCL INFO Connected to proxy localRank 1 -> connection 0x14577c002848
nid007974:70011:70097 [5] NCCL INFO New proxy recv connection 43 from local rank 5, transport 0
nid007974:70011:70011 [5] NCCL INFO Connected to proxy localRank 5 -> connection 0x153c40002848
nid007973:80842:80927 [6] NCCL INFO New proxy recv connection 43 from local rank 6, transport 0
nid007973:80842:80842 [6] NCCL INFO Connected to proxy localRank 6 -> connection 0x14ed7c002848
nid007974:70006:70006 [0] NCCL INFO Channel 10/2 : 8[c1000] -> 14[d9000] via P2P/IPC comm 0x558defd0bfa0 nRanks 16
nid007974:70006:70095 [0] NCCL INFO New proxy send connection 42 from local rank 0, transport 0
nid007974:70006:70006 [0] NCCL INFO Connected to proxy localRank 0 -> connection 0x1512380027d0
nid007974:70008:70096 [4] NCCL INFO New proxy recv connection 43 from local rank 4, transport 0
nid007974:70008:70008 [4] NCCL INFO Connected to proxy localRank 4 -> connection 0x145e0c002848
nid007974:70010:70010 [2] NCCL INFO Channel 11/2 : 10[c9000] -> 12[d1000] via P2P/IPC comm 0x555fb8b1ed80 nRanks 16
nid007974:70010:70092 [2] NCCL INFO New proxy send connection 42 from local rank 2, transport 0
nid007974:70010:70010 [2] NCCL INFO Connected to proxy localRank 2 -> connection 0x14d4000027d0
nid007974:70009:70100 [3] NCCL INFO New proxy recv connection 42 from local rank 3, transport 0
nid007974:70009:70009 [3] NCCL INFO Connected to proxy localRank 3 -> connection 0x14964c0027d0
nid007973:80840:80840 [4] NCCL INFO Channel 04/2 : 4[d1000] -> 6[d9000] via P2P/IPC comm 0x55a24b51bc60 nRanks 16
nid007973:80840:80925 [4] NCCL INFO New proxy send connection 45 from local rank 4, transport 0
nid007973:80840:80840 [4] NCCL INFO Connected to proxy localRank 4 -> connection 0x145eb8002938
nid007974:70012:70012 [1] NCCL INFO Channel 11/2 : 9[c6000] -> 11[ce000] via P2P/IPC comm 0x5570ceec4980 nRanks 16
nid007974:70012:70091 [1] NCCL INFO New proxy send connection 42 from local rank 1, transport 0
nid007974:70012:70012 [1] NCCL INFO Connected to proxy localRank 1 -> connection 0x14f3340027d0
nid007973:80839:80924 [7] NCCL INFO New proxy recv connection 43 from local rank 7, transport 0
nid007973:80839:80839 [7] NCCL INFO Connected to proxy localRank 7 -> connection 0x148890002848
nid007973:80837:80837 [2] NCCL INFO Channel 14/2 : 2[c9000] -> 4[d1000] via P2P/IPC comm 0x556a309360f0 nRanks 16
nid007973:80837:80930 [2] NCCL INFO New proxy send connection 43 from local rank 2, transport 0
nid007973:80837:80837 [2] NCCL INFO Connected to proxy localRank 2 -> connection 0x14a778002848
nid007974:70006:70006 [0] NCCL INFO Channel 14/2 : 8[c1000] -> 14[d9000] via P2P/IPC comm 0x558defd0bfa0 nRanks 16
nid007974:70006:70095 [0] NCCL INFO New proxy send connection 43 from local rank 0, transport 0
nid007974:70006:70006 [0] NCCL INFO Connected to proxy localRank 0 -> connection 0x151238002848
nid007973:80841:80928 [3] NCCL INFO New proxy recv connection 43 from local rank 3, transport 0
nid007973:80841:80841 [3] NCCL INFO Connected to proxy localRank 3 -> connection 0x147624002848
nid007974:70008:70008 [4] NCCL INFO Channel 01/2 : 12[d1000] -> 14[d9000] via P2P/IPC comm 0x5576d248edc0 nRanks 16
nid007974:70008:70096 [4] NCCL INFO New proxy send connection 44 from local rank 4, transport 0
nid007974:70008:70008 [4] NCCL INFO Connected to proxy localRank 4 -> connection 0x145e0c0028c0
nid007973:80840:80840 [4] NCCL INFO Channel 08/2 : 4[d1000] -> 6[d9000] via P2P/IPC comm 0x55a24b51bc60 nRanks 16
nid007973:80840:80925 [4] NCCL INFO New proxy send connection 46 from local rank 4, transport 0
nid007973:80840:80840 [4] NCCL INFO Connected to proxy localRank 4 -> connection 0x145eb80029b0
nid007974:70010:70010 [2] NCCL INFO Channel 15/2 : 10[c9000] -> 12[d1000] via P2P/IPC comm 0x555fb8b1ed80 nRanks 16
nid007974:70010:70092 [2] NCCL INFO New proxy send connection 43 from local rank 2, transport 0
nid007974:70010:70010 [2] NCCL INFO Connected to proxy localRank 2 -> connection 0x14d400002848
nid007974:70009:70100 [3] NCCL INFO New proxy recv connection 43 from local rank 3, transport 0
nid007974:70009:70009 [3] NCCL INFO Connected to proxy localRank 3 -> connection 0x14964c002848
nid007974:70012:70012 [1] NCCL INFO Channel 15/2 : 9[c6000] -> 11[ce000] via P2P/IPC comm 0x5570ceec4980 nRanks 16
nid007974:70012:70091 [1] NCCL INFO New proxy send connection 43 from local rank 1, transport 0
nid007974:70012:70012 [1] NCCL INFO Connected to proxy localRank 1 -> connection 0x14f334002848
nid007973:80836:80836 [1] NCCL INFO Channel 00/2 : 1[c6000] -> 5[d6000] via P2P/IPC comm 0x5591df881fc0 nRanks 16
nid007973:80836:80923 [1] NCCL INFO New proxy send connection 44 from local rank 1, transport 0
nid007973:80836:80836 [1] NCCL INFO Connected to proxy localRank 1 -> connection 0x14577c0028c0
nid007973:80841:80841 [3] NCCL INFO Channel 01/2 : 3[ce000] -> 7[de000] via P2P/IPC comm 0x55b76fa8e080 nRanks 16
nid007973:80841:80928 [3] NCCL INFO New proxy send connection 44 from local rank 3, transport 0
nid007973:80841:80841 [3] NCCL INFO Connected to proxy localRank 3 -> connection 0x1476240028c0
nid007974:70008:70008 [4] NCCL INFO Channel 05/2 : 12[d1000] -> 14[d9000] via P2P/IPC comm 0x5576d248edc0 nRanks 16
nid007974:70008:70096 [4] NCCL INFO New proxy send connection 45 from local rank 4, transport 0
nid007973:80840:80840 [4] NCCL INFO Channel 12/2 : 4[d1000] -> 6[d9000] via P2P/IPC comm 0x55a24b51bc60 nRanks 16
nid007973:80840:80925 [4] NCCL INFO New proxy send connection 47 from local rank 4, transport 0
nid007974:70008:70008 [4] NCCL INFO Connected to proxy localRank 4 -> connection 0x145e0c002938
nid007973:80840:80840 [4] NCCL INFO Connected to proxy localRank 4 -> connection 0x145eb8002a28
nid007973:80837:80837 [2] NCCL INFO GPU Direct RDMA Enabled for GPU c9000 / HCA 1 (distance 6 <= 6), read 0
nid007973:80837:80930 [2] NCCL INFO New proxy recv connection 44 from local rank 2, transport 2
nid007973:80837:80837 [2] NCCL INFO Connected to proxy localRank 2 -> connection 0x14a7780028c0
nid007973:80837:80837 [2] NCCL INFO Channel 01/2 : 10[c9000] -> 2[c9000] [receive] via NET/Libfabric/1/GDRDMA comm 0x556a309360f0 nRanks 16
nid007973:80837:80837 [2] NCCL INFO GPU Direct RDMA Enabled for GPU c9000 / HCA 1 (distance 6 <= 6), read 0
nid007973:80837:80930 [2] NCCL INFO New proxy recv connection 45 from local rank 2, transport 2
nid007973:80842:80927 [6] NCCL INFO New proxy recv connection 44 from local rank 6, transport 0
nid007973:80842:80842 [6] NCCL INFO Connected to proxy localRank 6 -> connection 0x14ed7c0028c0
nid007973:80837:80837 [2] NCCL INFO Connected to proxy localRank 2 -> connection 0x14a778002938
nid007973:80840:80925 [4] NCCL INFO New proxy recv connection 48 from local rank 4, transport 0
nid007973:80840:80840 [4] NCCL INFO Connected to proxy localRank 4 -> connection 0x145eb8002aa0
nid007973:80837:80837 [2] NCCL INFO Channel 05/2 : 10[c9000] -> 2[c9000] [receive] via NET/Libfabric/1/GDRDMA comm 0x556a309360f0 nRanks 16
nid007973:80837:80837 [2] NCCL INFO GPU Direct RDMA Enabled for GPU c9000 / HCA 1 (distance 6 <= 6), read 0
nid007973:80837:80930 [2] NCCL INFO New proxy recv connection 46 from local rank 2, transport 2
nid007973:80837:80837 [2] NCCL INFO Connected to proxy localRank 2 -> connection 0x14a7780029b0
nid007974:70009:70009 [3] NCCL INFO Channel 00/2 : 11[ce000] -> 15[de000] via P2P/IPC comm 0x564743402e90 nRanks 16
nid007974:70009:70100 [3] NCCL INFO New proxy send connection 44 from local rank 3, transport 0
nid007973:80837:80837 [2] NCCL INFO Channel 09/2 : 10[c9000] -> 2[c9000] [receive] via NET/Libfabric/1/GDRDMA comm 0x556a309360f0 nRanks 16
nid007973:80837:80837 [2] NCCL INFO GPU Direct RDMA Enabled for GPU c9000 / HCA 1 (distance 6 <= 6), read 0
nid007974:70009:70009 [3] NCCL INFO Connected to proxy localRank 3 -> connection 0x14964c0028c0
nid007974:70012:70012 [1] NCCL INFO Channel 01/2 : 9[c6000] -> 13[d6000] via P2P/IPC comm 0x5570ceec4980 nRanks 16
nid007974:70012:70091 [1] NCCL INFO New proxy send connection 44 from local rank 1, transport 0
nid007973:80837:80930 [2] NCCL INFO New proxy recv connection 47 from local rank 2, transport 2
nid007973:80837:80837 [2] NCCL INFO Connected to proxy localRank 2 -> connection 0x14a778002a28
nid007973:80841:80841 [3] NCCL INFO Channel 05/2 : 3[ce000] -> 7[de000] via P2P/IPC comm 0x55b76fa8e080 nRanks 16
nid007974:70012:70012 [1] NCCL INFO Connected to proxy localRank 1 -> connection 0x14f3340028c0
nid007973:80841:80928 [3] NCCL INFO New proxy send connection 45 from local rank 3, transport 0
nid007973:80837:80837 [2] NCCL INFO Channel 13/2 : 10[c9000] -> 2[c9000] [receive] via NET/Libfabric/1/GDRDMA comm 0x556a309360f0 nRanks 16
nid007973:80837:80837 [2] NCCL INFO GPU Direct RDMA Enabled for GPU c9000 / HCA 1 (distance 6 <= 6), read 1
nid007973:80841:80841 [3] NCCL INFO Connected to proxy localRank 3 -> connection 0x147624002938
nid007974:70008:70008 [4] NCCL INFO Channel 09/2 : 12[d1000] -> 14[d9000] via P2P/IPC comm 0x5576d248edc0 nRanks 16
nid007973:80837:80930 [2] NCCL INFO New proxy send connection 48 from local rank 2, transport 2
nid007973:80837:80837 [2] NCCL INFO Connected to proxy localRank 2 -> connection 0x14a778002aa0
nid007974:70008:70096 [4] NCCL INFO New proxy send connection 46 from local rank 4, transport 0
nid007974:70008:70008 [4] NCCL INFO Connected to proxy localRank 4 -> connection 0x145e0c0029b0
nid007973:80836:80836 [1] NCCL INFO Channel 04/2 : 1[c6000] -> 5[d6000] via P2P/IPC comm 0x5591df881fc0 nRanks 16
nid007973:80836:80923 [1] NCCL INFO New proxy send connection 45 from local rank 1, transport 0
nid007973:80836:80836 [1] NCCL INFO Connected to proxy localRank 1 -> connection 0x14577c002938
nid007973:80837:80837 [2] NCCL INFO Channel 00/2 : 2[c9000] -> 10[c9000] [send] via NET/Libfabric/1/GDRDMA comm 0x556a309360f0 nRanks 16
nid007973:80837:80837 [2] NCCL INFO GPU Direct RDMA Enabled for GPU c9000 / HCA 1 (distance 6 <= 6), read 1
nid007973:80837:80930 [2] NCCL INFO New proxy send connection 49 from local rank 2, transport 2
nid007973:80837:80837 [2] NCCL INFO Connected to proxy localRank 2 -> connection 0x14a778002b18
nid007973:80837:80837 [2] NCCL INFO Channel 04/2 : 2[c9000] -> 10[c9000] [send] via NET/Libfabric/1/GDRDMA comm 0x556a309360f0 nRanks 16
nid007973:80837:80837 [2] NCCL INFO GPU Direct RDMA Enabled for GPU c9000 / HCA 1 (distance 6 <= 6), read 1
nid007973:80837:80930 [2] NCCL INFO New proxy send connection 50 from local rank 2, transport 2
nid007973:80837:80837 [2] NCCL INFO Connected to proxy localRank 2 -> connection 0x14a778002b90
nid007973:80837:80837 [2] NCCL INFO Channel 08/2 : 2[c9000] -> 10[c9000] [send] via NET/Libfabric/1/GDRDMA comm 0x556a309360f0 nRanks 16
nid007973:80837:80837 [2] NCCL INFO GPU Direct RDMA Enabled for GPU c9000 / HCA 1 (distance 6 <= 6), read 1
nid007973:80837:80930 [2] NCCL INFO New proxy send connection 51 from local rank 2, transport 2
nid007973:80837:80837 [2] NCCL INFO Connected to proxy localRank 2 -> connection 0x14a778002c08
nid007973:80837:80837 [2] NCCL INFO Channel 12/2 : 2[c9000] -> 10[c9000] [send] via NET/Libfabric/1/GDRDMA comm 0x556a309360f0 nRanks 16
nid007973:80840:80925 [4] NCCL INFO New proxy recv connection 49 from local rank 4, transport 0
nid007973:80840:80840 [4] NCCL INFO Connected to proxy localRank 4 -> connection 0x145eb8002b18
nid007973:80842:80927 [6] NCCL INFO New proxy recv connection 45 from local rank 6, transport 0
nid007973:80842:80842 [6] NCCL INFO Connected to proxy localRank 6 -> connection 0x14ed7c002938
nid007974:70008:70008 [4] NCCL INFO Channel 13/2 : 12[d1000] -> 14[d9000] via P2P/IPC comm 0x5576d248edc0 nRanks 16
nid007974:70008:70096 [4] NCCL INFO New proxy send connection 47 from local rank 4, transport 0
nid007974:70008:70008 [4] NCCL INFO Connected to proxy localRank 4 -> connection 0x145e0c002a28
nid007974:70009:70009 [3] NCCL INFO Channel 04/2 : 11[ce000] -> 15[de000] via P2P/IPC comm 0x564743402e90 nRanks 16
nid007973:80841:80841 [3] NCCL INFO Channel 09/2 : 3[ce000] -> 7[de000] via P2P/IPC comm 0x55b76fa8e080 nRanks 16
nid007973:80841:80928 [3] NCCL INFO New proxy send connection 46 from local rank 3, transport 0
nid007973:80841:80841 [3] NCCL INFO Connected to proxy localRank 3 -> connection 0x1476240029b0
nid007974:70009:70100 [3] NCCL INFO New proxy send connection 45 from local rank 3, transport 0
nid007974:70009:70009 [3] NCCL INFO Connected to proxy localRank 3 -> connection 0x14964c002938
nid007974:70012:70012 [1] NCCL INFO Channel 05/2 : 9[c6000] -> 13[d6000] via P2P/IPC comm 0x5570ceec4980 nRanks 16
nid007974:70012:70091 [1] NCCL INFO New proxy send connection 45 from local rank 1, transport 0
nid007973:80836:80836 [1] NCCL INFO Channel 08/2 : 1[c6000] -> 5[d6000] via P2P/IPC comm 0x5591df881fc0 nRanks 16
nid007974:70012:70012 [1] NCCL INFO Connected to proxy localRank 1 -> connection 0x14f334002938
nid007973:80836:80923 [1] NCCL INFO New proxy send connection 46 from local rank 1, transport 0
nid007973:80836:80836 [1] NCCL INFO Connected to proxy localRank 1 -> connection 0x14577c0029b0
nid007973:80840:80925 [4] NCCL INFO New proxy recv connection 50 from local rank 4, transport 0
nid007973:80840:80840 [4] NCCL INFO Connected to proxy localRank 4 -> connection 0x145eb8002b90
nid007973:80842:80927 [6] NCCL INFO New proxy recv connection 46 from local rank 6, transport 0
nid007973:80842:80842 [6] NCCL INFO Connected to proxy localRank 6 -> connection 0x14ed7c0029b0
nid007974:70010:70010 [2] NCCL INFO GPU Direct RDMA Enabled for GPU c9000 / HCA 1 (distance 6 <= 6), read 0
nid007974:70010:70092 [2] NCCL INFO New proxy recv connection 44 from local rank 2, transport 2
nid007974:70010:70010 [2] NCCL INFO Connected to proxy localRank 2 -> connection 0x14d4000028c0
nid007974:70010:70010 [2] NCCL INFO Channel 00/2 : 2[c9000] -> 10[c9000] [receive] via NET/Libfabric/1/GDRDMA comm 0x555fb8b1ed80 nRanks 16
nid007974:70010:70010 [2] NCCL INFO GPU Direct RDMA Enabled for GPU c9000 / HCA 1 (distance 6 <= 6), read 0
nid007974:70010:70092 [2] NCCL INFO New proxy recv connection 45 from local rank 2, transport 2
nid007974:70007:70093 [6] NCCL INFO New proxy recv connection 44 from local rank 6, transport 0
nid007974:70007:70007 [6] NCCL INFO Connected to proxy localRank 6 -> connection 0x1548480028c0
nid007974:70010:70010 [2] NCCL INFO Connected to proxy localRank 2 -> connection 0x14d400002938
nid007973:80841:80841 [3] NCCL INFO Channel 13/2 : 3[ce000] -> 7[de000] via P2P/IPC comm 0x55b76fa8e080 nRanks 16
nid007973:80841:80928 [3] NCCL INFO New proxy send connection 47 from local rank 3, transport 0
nid007973:80841:80841 [3] NCCL INFO Connected to proxy localRank 3 -> connection 0x147624002a28
nid007974:70008:70096 [4] NCCL INFO New proxy recv connection 48 from local rank 4, transport 0
nid007973:80836:80836 [1] NCCL INFO Channel 12/2 : 1[c6000] -> 5[d6000] via P2P/IPC comm 0x5591df881fc0 nRanks 16
nid007973:80836:80923 [1] NCCL INFO New proxy send connection 47 from local rank 1, transport 0
nid007973:80836:80836 [1] NCCL INFO Connected to proxy localRank 1 -> connection 0x14577c002a28
nid007974:70010:70010 [2] NCCL INFO Channel 04/2 : 2[c9000] -> 10[c9000] [receive] via NET/Libfabric/1/GDRDMA comm 0x555fb8b1ed80 nRanks 16
nid007974:70010:70010 [2] NCCL INFO GPU Direct RDMA Enabled for GPU c9000 / HCA 1 (distance 6 <= 6), read 0
nid007974:70008:70008 [4] NCCL INFO Connected to proxy localRank 4 -> connection 0x145e0c002aa0
nid007974:70010:70092 [2] NCCL INFO New proxy recv connection 46 from local rank 2, transport 2
nid007974:70010:70010 [2] NCCL INFO Connected to proxy localRank 2 -> connection 0x14d4000029b0
nid007974:70010:70010 [2] NCCL INFO Channel 08/2 : 2[c9000] -> 10[c9000] [receive] via NET/Libfabric/1/GDRDMA comm 0x555fb8b1ed80 nRanks 16
nid007974:70010:70010 [2] NCCL INFO GPU Direct RDMA Enabled for GPU c9000 / HCA 1 (distance 6 <= 6), read 0
nid007974:70010:70092 [2] NCCL INFO New proxy recv connection 47 from local rank 2, transport 2
nid007974:70010:70010 [2] NCCL INFO Connected to proxy localRank 2 -> connection 0x14d400002a28
nid007974:70009:70009 [3] NCCL INFO Channel 08/2 : 11[ce000] -> 15[de000] via P2P/IPC comm 0x564743402e90 nRanks 16
nid007974:70009:70100 [3] NCCL INFO New proxy send connection 46 from local rank 3, transport 0
nid007974:70009:70009 [3] NCCL INFO Connected to proxy localRank 3 -> connection 0x14964c0029b0
nid007974:70010:70010 [2] NCCL INFO Channel 12/2 : 2[c9000] -> 10[c9000] [receive] via NET/Libfabric/1/GDRDMA comm 0x555fb8b1ed80 nRanks 16
nid007974:70010:70010 [2] NCCL INFO GPU Direct RDMA Enabled for GPU c9000 / HCA 1 (distance 6 <= 6), read 1
nid007974:70010:70092 [2] NCCL INFO New proxy send connection 48 from local rank 2, transport 2
nid007974:70010:70010 [2] NCCL INFO Connected to proxy localRank 2 -> connection 0x14d400002aa0
nid007974:70012:70012 [1] NCCL INFO Channel 09/2 : 9[c6000] -> 13[d6000] via P2P/IPC comm 0x5570ceec4980 nRanks 16
nid007974:70012:70091 [1] NCCL INFO New proxy send connection 46 from local rank 1, transport 0
nid007973:80840:80925 [4] NCCL INFO New proxy recv connection 51 from local rank 4, transport 0
nid007973:80840:80840 [4] NCCL INFO Connected to proxy localRank 4 -> connection 0x145eb8002c08
nid007974:70010:70010 [2] NCCL INFO Channel 01/2 : 10[c9000] -> 2[c9000] [send] via NET/Libfabric/1/GDRDMA comm 0x555fb8b1ed80 nRanks 16
nid007974:70010:70010 [2] NCCL INFO GPU Direct RDMA Enabled for GPU c9000 / HCA 1 (distance 6 <= 6), read 1
nid007974:70012:70012 [1] NCCL INFO Connected to proxy localRank 1 -> connection 0x14f3340029b0
nid007974:70010:70092 [2] NCCL INFO New proxy send connection 49 from local rank 2, transport 2
nid007974:70010:70010 [2] NCCL INFO Connected to proxy localRank 2 -> connection 0x14d400002b18
nid007974:70010:70010 [2] NCCL INFO Channel 05/2 : 10[c9000] -> 2[c9000] [send] via NET/Libfabric/1/GDRDMA comm 0x555fb8b1ed80 nRanks 16
nid007974:70010:70010 [2] NCCL INFO GPU Direct RDMA Enabled for GPU c9000 / HCA 1 (distance 6 <= 6), read 1
nid007974:70010:70092 [2] NCCL INFO New proxy send connection 50 from local rank 2, transport 2
nid007974:70010:70010 [2] NCCL INFO Connected to proxy localRank 2 -> connection 0x14d400002b90
nid007974:70010:70010 [2] NCCL INFO Channel 09/2 : 10[c9000] -> 2[c9000] [send] via NET/Libfabric/1/GDRDMA comm 0x555fb8b1ed80 nRanks 16
nid007974:70010:70010 [2] NCCL INFO GPU Direct RDMA Enabled for GPU c9000 / HCA 1 (distance 6 <= 6), read 1
nid007974:70010:70092 [2] NCCL INFO New proxy send connection 51 from local rank 2, transport 2
nid007974:70010:70010 [2] NCCL INFO Connected to proxy localRank 2 -> connection 0x14d400002c08
nid007973:80837:80930 [2] NCCL INFO New proxy recv connection 52 from local rank 2, transport 0
nid007974:70010:70010 [2] NCCL INFO Channel 13/2 : 10[c9000] -> 2[c9000] [send] via NET/Libfabric/1/GDRDMA comm 0x555fb8b1ed80 nRanks 16
nid007973:80837:80837 [2] NCCL INFO Connected to proxy localRank 2 -> connection 0x14a778002c80
nid007974:70010:70092 [2] NCCL INFO New proxy recv connection 52 from local rank 2, transport 0
nid007974:70010:70010 [2] NCCL INFO Connected to proxy localRank 2 -> connection 0x14d400002c80
nid007973:80842:80927 [6] NCCL INFO New proxy recv connection 47 from local rank 6, transport 0
nid007973:80842:80842 [6] NCCL INFO Connected to proxy localRank 6 -> connection 0x14ed7c002a28
nid007974:70007:70093 [6] NCCL INFO New proxy recv connection 45 from local rank 6, transport 0
nid007974:70007:70007 [6] NCCL INFO Connected to proxy localRank 6 -> connection 0x154848002938
nid007973:80840:80840 [4] NCCL INFO Channel 03/2 : 4[d1000] -> 2[c9000] via P2P/IPC comm 0x55a24b51bc60 nRanks 16
nid007973:80840:80925 [4] NCCL INFO New proxy send connection 52 from local rank 4, transport 0
nid007973:80840:80840 [4] NCCL INFO Connected to proxy localRank 4 -> connection 0x145eb8002c80
nid007974:70008:70096 [4] NCCL INFO New proxy recv connection 49 from local rank 4, transport 0
nid007974:70008:70008 [4] NCCL INFO Connected to proxy localRank 4 -> connection 0x145e0c002b18
nid007973:80838:80838 [5] NCCL INFO GPU Direct RDMA Enabled for GPU d6000 / HCA 2 (distance 6 <= 6), read 0
nid007973:80838:80926 [5] NCCL INFO New proxy recv connection 44 from local rank 5, transport 2
nid007973:80838:80838 [5] NCCL INFO Connected to proxy localRank 5 -> connection 0x14d4f80028c0
nid007973:80836:80923 [1] NCCL INFO New proxy recv connection 48 from local rank 1, transport 0
nid007973:80836:80836 [1] NCCL INFO Connected to proxy localRank 1 -> connection 0x14577c002aa0
nid007973:80839:80839 [7] NCCL INFO GPU Direct RDMA Enabled for GPU de000 / HCA 3 (distance 6 <= 6), read 0
nid007973:80838:80838 [5] NCCL INFO Channel 03/2 : 13[d6000] -> 5[d6000] [receive] via NET/Libfabric/2/GDRDMA comm 0x55bce1c66710 nRanks 16
nid007973:80838:80838 [5] NCCL INFO GPU Direct RDMA Enabled for GPU d6000 / HCA 2 (distance 6 <= 6), read 0
nid007974:70010:70092 [2] NCCL INFO New proxy recv connection 53 from local rank 2, transport 0
nid007974:70010:70010 [2] NCCL INFO Connected to proxy localRank 2 -> connection 0x14d400002cf8
nid007973:80839:80924 [7] NCCL INFO New proxy recv connection 44 from local rank 7, transport 2
nid007973:80841:80928 [3] NCCL INFO New proxy recv connection 48 from local rank 3, transport 0
nid007973:80839:80839 [7] NCCL INFO Connected to proxy localRank 7 -> connection 0x1488900028c0
nid007973:80838:80926 [5] NCCL INFO New proxy recv connection 45 from local rank 5, transport 2
nid007973:80838:80838 [5] NCCL INFO Connected to proxy localRank 5 -> connection 0x14d4f8002938
nid007973:80841:80841 [3] NCCL INFO Connected to proxy localRank 3 -> connection 0x147624002aa0
nid007973:80838:80838 [5] NCCL INFO Channel 07/2 : 13[d6000] -> 5[d6000] [receive] via NET/Libfabric/2/GDRDMA comm 0x55bce1c66710 nRanks 16
nid007973:80838:80838 [5] NCCL INFO GPU Direct RDMA Enabled for GPU d6000 / HCA 2 (distance 6 <= 6), read 0
nid007973:80839:80839 [7] NCCL INFO Channel 02/2 : 15[de000] -> 7[de000] [receive] via NET/Libfabric/3/GDRDMA comm 0x55989727ef10 nRanks 16
nid007973:80839:80839 [7] NCCL INFO GPU Direct RDMA Enabled for GPU de000 / HCA 3 (distance 6 <= 6), read 0
nid007973:80838:80926 [5] NCCL INFO New proxy recv connection 46 from local rank 5, transport 2
nid007973:80838:80838 [5] NCCL INFO Connected to proxy localRank 5 -> connection 0x14d4f80029b0
nid007973:80839:80924 [7] NCCL INFO New proxy recv connection 45 from local rank 7, transport 2
nid007973:80839:80839 [7] NCCL INFO Connected to proxy localRank 7 -> connection 0x148890002938
nid007973:80838:80838 [5] NCCL INFO Channel 11/2 : 13[d6000] -> 5[d6000] [receive] via NET/Libfabric/2/GDRDMA comm 0x55bce1c66710 nRanks 16
nid007973:80838:80838 [5] NCCL INFO GPU Direct RDMA Enabled for GPU d6000 / HCA 2 (distance 6 <= 6), read 0
nid007973:80838:80926 [5] NCCL INFO New proxy recv connection 47 from local rank 5, transport 2
nid007973:80838:80838 [5] NCCL INFO Connected to proxy localRank 5 -> connection 0x14d4f8002a28
nid007974:70009:70009 [3] NCCL INFO Channel 12/2 : 11[ce000] -> 15[de000] via P2P/IPC comm 0x564743402e90 nRanks 16
nid007974:70009:70100 [3] NCCL INFO New proxy send connection 47 from local rank 3, transport 0
nid007974:70009:70009 [3] NCCL INFO Connected to proxy localRank 3 -> connection 0x14964c002a28
nid007973:80839:80839 [7] NCCL INFO Channel 06/2 : 15[de000] -> 7[de000] [receive] via NET/Libfabric/3/GDRDMA comm 0x55989727ef10 nRanks 16
nid007973:80839:80839 [7] NCCL INFO GPU Direct RDMA Enabled for GPU de000 / HCA 3 (distance 6 <= 6), read 0
nid007973:80835:80835 [0] NCCL INFO GPU Direct RDMA Enabled for GPU c1000 / HCA 0 (distance 6 <= 6), read 0
nid007973:80839:80924 [7] NCCL INFO New proxy recv connection 46 from local rank 7, transport 2
nid007974:70012:70012 [1] NCCL INFO Channel 13/2 : 9[c6000] -> 13[d6000] via P2P/IPC comm 0x5570ceec4980 nRanks 16
nid007974:70012:70091 [1] NCCL INFO New proxy send connection 47 from local rank 1, transport 0
nid007973:80842:80842 [6] NCCL INFO Channel 02/2 : 6[d9000] -> 0[c1000] via P2P/IPC comm 0x55fbb093ae60 nRanks 16
nid007973:80838:80838 [5] NCCL INFO Channel 15/2 : 13[d6000] -> 5[d6000] [receive] via NET/Libfabric/2/GDRDMA comm 0x55bce1c66710 nRanks 16
nid007973:80838:80838 [5] NCCL INFO GPU Direct RDMA Enabled for GPU d6000 / HCA 2 (distance 6 <= 6), read 1
nid007973:80839:80839 [7] NCCL INFO Connected to proxy localRank 7 -> connection 0x1488900029b0
nid007973:80835:80929 [0] NCCL INFO New proxy recv connection 44 from local rank 0, transport 2
nid007973:80835:80835 [0] NCCL INFO Connected to proxy localRank 0 -> connection 0x15448c0028c0
nid007973:80842:80927 [6] NCCL INFO New proxy send connection 48 from local rank 6, transport 0
nid007973:80842:80842 [6] NCCL INFO Connected to proxy localRank 6 -> connection 0x14ed7c002aa0
nid007974:70012:70012 [1] NCCL INFO Connected to proxy localRank 1 -> connection 0x14f334002a28
nid007973:80838:80926 [5] NCCL INFO New proxy send connection 48 from local rank 5, transport 2
nid007973:80838:80838 [5] NCCL INFO Connected to proxy localRank 5 -> connection 0x14d4f8002aa0
nid007973:80838:80838 [5] NCCL INFO Channel 02/2 : 5[d6000] -> 13[d6000] [send] via NET/Libfabric/2/GDRDMA comm 0x55bce1c66710 nRanks 16
nid007973:80838:80838 [5] NCCL INFO GPU Direct RDMA Enabled for GPU d6000 / HCA 2 (distance 6 <= 6), read 1
nid007973:80839:80839 [7] NCCL INFO Channel 10/2 : 15[de000] -> 7[de000] [receive] via NET/Libfabric/3/GDRDMA comm 0x55989727ef10 nRanks 16
nid007973:80839:80839 [7] NCCL INFO GPU Direct RDMA Enabled for GPU de000 / HCA 3 (distance 6 <= 6), read 0
nid007973:80835:80835 [0] NCCL INFO Channel 00/2 : 8[c1000] -> 0[c1000] [receive] via NET/Libfabric/0/GDRDMA comm 0x5571859b9050 nRanks 16
nid007973:80835:80835 [0] NCCL INFO GPU Direct RDMA Enabled for GPU c1000 / HCA 0 (distance 6 <= 6), read 0
nid007973:80839:80924 [7] NCCL INFO New proxy recv connection 47 from local rank 7, transport 2
nid007973:80839:80839 [7] NCCL INFO Connected to proxy localRank 7 -> connection 0x148890002a28
nid007973:80838:80926 [5] NCCL INFO New proxy send connection 49 from local rank 5, transport 2
nid007973:80838:80838 [5] NCCL INFO Connected to proxy localRank 5 -> connection 0x14d4f8002b18
nid007973:80835:80929 [0] NCCL INFO New proxy recv connection 45 from local rank 0, transport 2
nid007973:80835:80835 [0] NCCL INFO Connected to proxy localRank 0 -> connection 0x15448c002938
nid007973:80838:80838 [5] NCCL INFO Channel 06/2 : 5[d6000] -> 13[d6000] [send] via NET/Libfabric/2/GDRDMA comm 0x55bce1c66710 nRanks 16
nid007973:80838:80838 [5] NCCL INFO GPU Direct RDMA Enabled for GPU d6000 / HCA 2 (distance 6 <= 6), read 1
nid007973:80839:80839 [7] NCCL INFO Channel 14/2 : 15[de000] -> 7[de000] [receive] via NET/Libfabric/3/GDRDMA comm 0x55989727ef10 nRanks 16
nid007973:80839:80839 [7] NCCL INFO GPU Direct RDMA Enabled for GPU de000 / HCA 3 (distance 6 <= 6), read 1
nid007973:80838:80926 [5] NCCL INFO New proxy send connection 50 from local rank 5, transport 2
nid007973:80838:80838 [5] NCCL INFO Connected to proxy localRank 5 -> connection 0x14d4f8002b90
nid007973:80835:80835 [0] NCCL INFO Channel 04/2 : 8[c1000] -> 0[c1000] [receive] via NET/Libfabric/0/GDRDMA comm 0x5571859b9050 nRanks 16
nid007973:80835:80835 [0] NCCL INFO GPU Direct RDMA Enabled for GPU c1000 / HCA 0 (distance 6 <= 6), read 0
nid007973:80839:80924 [7] NCCL INFO New proxy send connection 48 from local rank 7, transport 2
nid007973:80835:80929 [0] NCCL INFO New proxy recv connection 46 from local rank 0, transport 2
nid007973:80839:80839 [7] NCCL INFO Connected to proxy localRank 7 -> connection 0x148890002aa0
nid007973:80835:80835 [0] NCCL INFO Connected to proxy localRank 0 -> connection 0x15448c0029b0
nid007973:80838:80838 [5] NCCL INFO Channel 10/2 : 5[d6000] -> 13[d6000] [send] via NET/Libfabric/2/GDRDMA comm 0x55bce1c66710 nRanks 16
nid007973:80838:80838 [5] NCCL INFO GPU Direct RDMA Enabled for GPU d6000 / HCA 2 (distance 6 <= 6), read 1
nid007973:80838:80926 [5] NCCL INFO New proxy send connection 51 from local rank 5, transport 2
nid007973:80838:80838 [5] NCCL INFO Connected to proxy localRank 5 -> connection 0x14d4f8002c08
nid007973:80839:80839 [7] NCCL INFO Channel 03/2 : 7[de000] -> 15[de000] [send] via NET/Libfabric/3/GDRDMA comm 0x55989727ef10 nRanks 16
nid007973:80839:80839 [7] NCCL INFO GPU Direct RDMA Enabled for GPU de000 / HCA 3 (distance 6 <= 6), read 1
nid007973:80835:80835 [0] NCCL INFO Channel 08/2 : 8[c1000] -> 0[c1000] [receive] via NET/Libfabric/0/GDRDMA comm 0x5571859b9050 nRanks 16
nid007973:80835:80835 [0] NCCL INFO GPU Direct RDMA Enabled for GPU c1000 / HCA 0 (distance 6 <= 6), read 0
nid007973:80835:80929 [0] NCCL INFO New proxy recv connection 47 from local rank 0, transport 2
nid007973:80839:80924 [7] NCCL INFO New proxy send connection 49 from local rank 7, transport 2
nid007973:80839:80839 [7] NCCL INFO Connected to proxy localRank 7 -> connection 0x148890002b18
nid007973:80837:80930 [2] NCCL INFO New proxy recv connection 53 from local rank 2, transport 0
nid007973:80837:80837 [2] NCCL INFO Connected to proxy localRank 2 -> connection 0x14a778002cf8
nid007973:80835:80835 [0] NCCL INFO Connected to proxy localRank 0 -> connection 0x15448c002a28
nid007973:80838:80838 [5] NCCL INFO Channel 14/2 : 5[d6000] -> 13[d6000] [send] via NET/Libfabric/2/GDRDMA comm 0x55bce1c66710 nRanks 16
nid007973:80835:80835 [0] NCCL INFO Channel 12/2 : 8[c1000] -> 0[c1000] [receive] via NET/Libfabric/0/GDRDMA comm 0x5571859b9050 nRanks 16
nid007973:80835:80835 [0] NCCL INFO GPU Direct RDMA Enabled for GPU c1000 / HCA 0 (distance 6 <= 6), read 1
nid007973:80839:80839 [7] NCCL INFO Channel 07/2 : 7[de000] -> 15[de000] [send] via NET/Libfabric/3/GDRDMA comm 0x55989727ef10 nRanks 16
nid007973:80839:80839 [7] NCCL INFO GPU Direct RDMA Enabled for GPU de000 / HCA 3 (distance 6 <= 6), read 1
nid007973:80835:80929 [0] NCCL INFO New proxy send connection 48 from local rank 0, transport 2
nid007973:80835:80835 [0] NCCL INFO Connected to proxy localRank 0 -> connection 0x15448c002aa0
nid007973:80839:80924 [7] NCCL INFO New proxy send connection 50 from local rank 7, transport 2
nid007973:80839:80839 [7] NCCL INFO Connected to proxy localRank 7 -> connection 0x148890002b90
nid007973:80835:80835 [0] NCCL INFO Channel 01/2 : 0[c1000] -> 8[c1000] [send] via NET/Libfabric/0/GDRDMA comm 0x5571859b9050 nRanks 16
nid007973:80835:80835 [0] NCCL INFO GPU Direct RDMA Enabled for GPU c1000 / HCA 0 (distance 6 <= 6), read 1
nid007973:80835:80929 [0] NCCL INFO New proxy send connection 49 from local rank 0, transport 2
nid007973:80835:80835 [0] NCCL INFO Connected to proxy localRank 0 -> connection 0x15448c002b18
nid007973:80839:80839 [7] NCCL INFO Channel 11/2 : 7[de000] -> 15[de000] [send] via NET/Libfabric/3/GDRDMA comm 0x55989727ef10 nRanks 16
nid007973:80839:80839 [7] NCCL INFO GPU Direct RDMA Enabled for GPU de000 / HCA 3 (distance 6 <= 6), read 1
nid007973:80839:80924 [7] NCCL INFO New proxy send connection 51 from local rank 7, transport 2
nid007973:80835:80835 [0] NCCL INFO Channel 05/2 : 0[c1000] -> 8[c1000] [send] via NET/Libfabric/0/GDRDMA comm 0x5571859b9050 nRanks 16
nid007973:80835:80835 [0] NCCL INFO GPU Direct RDMA Enabled for GPU c1000 / HCA 0 (distance 6 <= 6), read 1
nid007973:80839:80839 [7] NCCL INFO Connected to proxy localRank 7 -> connection 0x148890002c08
nid007973:80835:80929 [0] NCCL INFO New proxy send connection 50 from local rank 0, transport 2
nid007973:80835:80835 [0] NCCL INFO Connected to proxy localRank 0 -> connection 0x15448c002b90
nid007973:80839:80839 [7] NCCL INFO Channel 15/2 : 7[de000] -> 15[de000] [send] via NET/Libfabric/3/GDRDMA comm 0x55989727ef10 nRanks 16
nid007973:80835:80835 [0] NCCL INFO Channel 09/2 : 0[c1000] -> 8[c1000] [send] via NET/Libfabric/0/GDRDMA comm 0x5571859b9050 nRanks 16
nid007973:80835:80835 [0] NCCL INFO GPU Direct RDMA Enabled for GPU c1000 / HCA 0 (distance 6 <= 6), read 1
nid007973:80835:80929 [0] NCCL INFO New proxy send connection 51 from local rank 0, transport 2
nid007973:80835:80835 [0] NCCL INFO Connected to proxy localRank 0 -> connection 0x15448c002c08
nid007973:80835:80835 [0] NCCL INFO Channel 13/2 : 0[c1000] -> 8[c1000] [send] via NET/Libfabric/0/GDRDMA comm 0x5571859b9050 nRanks 16
nid007973:80840:80840 [4] NCCL INFO Channel 07/2 : 4[d1000] -> 2[c9000] via P2P/IPC comm 0x55a24b51bc60 nRanks 16
nid007973:80840:80925 [4] NCCL INFO New proxy send connection 53 from local rank 4, transport 0
nid007973:80840:80840 [4] NCCL INFO Connected to proxy localRank 4 -> connection 0x145eb8002cf8
nid007974:70007:70093 [6] NCCL INFO New proxy recv connection 46 from local rank 6, transport 0
nid007974:70007:70007 [6] NCCL INFO Connected to proxy localRank 6 -> connection 0x1548480029b0
nid007974:70010:70092 [2] NCCL INFO New proxy recv connection 54 from local rank 2, transport 0
nid007974:70010:70010 [2] NCCL INFO Connected to proxy localRank 2 -> connection 0x14d400002d70
nid007974:70008:70096 [4] NCCL INFO New proxy recv connection 50 from local rank 4, transport 0
nid007974:70008:70008 [4] NCCL INFO Connected to proxy localRank 4 -> connection 0x145e0c002b90
nid007973:80842:80842 [6] NCCL INFO Channel 06/2 : 6[d9000] -> 0[c1000] via P2P/IPC comm 0x55fbb093ae60 nRanks 16
nid007973:80842:80927 [6] NCCL INFO New proxy send connection 49 from local rank 6, transport 0
nid007973:80836:80923 [1] NCCL INFO New proxy recv connection 49 from local rank 1, transport 0
nid007973:80836:80836 [1] NCCL INFO Connected to proxy localRank 1 -> connection 0x14577c002b18
nid007973:80842:80842 [6] NCCL INFO Connected to proxy localRank 6 -> connection 0x14ed7c002b18
nid007973:80841:80928 [3] NCCL INFO New proxy recv connection 49 from local rank 3, transport 0
nid007973:80841:80841 [3] NCCL INFO Connected to proxy localRank 3 -> connection 0x147624002b18
nid007974:70013:70013 [7] NCCL INFO GPU Direct RDMA Enabled for GPU de000 / HCA 3 (distance 6 <= 6), read 0
nid007974:70013:70090 [7] NCCL INFO New proxy recv connection 44 from local rank 7, transport 2
nid007974:70009:70100 [3] NCCL INFO New proxy recv connection 48 from local rank 3, transport 0
nid007974:70013:70013 [7] NCCL INFO Connected to proxy localRank 7 -> connection 0x1492640028c0
nid007974:70009:70009 [3] NCCL INFO Connected to proxy localRank 3 -> connection 0x14964c002aa0
nid007974:70013:70013 [7] NCCL INFO Channel 03/2 : 7[de000] -> 15[de000] [receive] via NET/Libfabric/3/GDRDMA comm 0x5626b6938e90 nRanks 16
nid007974:70013:70013 [7] NCCL INFO GPU Direct RDMA Enabled for GPU de000 / HCA 3 (distance 6 <= 6), read 0
nid007974:70013:70090 [7] NCCL INFO New proxy recv connection 45 from local rank 7, transport 2
nid007974:70013:70013 [7] NCCL INFO Connected to proxy localRank 7 -> connection 0x149264002938
nid007974:70013:70013 [7] NCCL INFO Channel 07/2 : 7[de000] -> 15[de000] [receive] via NET/Libfabric/3/GDRDMA comm 0x5626b6938e90 nRanks 16
nid007974:70013:70013 [7] NCCL INFO GPU Direct RDMA Enabled for GPU de000 / HCA 3 (distance 6 <= 6), read 0
nid007974:70011:70011 [5] NCCL INFO GPU Direct RDMA Enabled for GPU d6000 / HCA 2 (distance 6 <= 6), read 0
nid007974:70013:70090 [7] NCCL INFO New proxy recv connection 46 from local rank 7, transport 2
nid007974:70013:70013 [7] NCCL INFO Connected to proxy localRank 7 -> connection 0x1492640029b0
nid007974:70012:70091 [1] NCCL INFO New proxy recv connection 48 from local rank 1, transport 0
nid007974:70012:70012 [1] NCCL INFO Connected to proxy localRank 1 -> connection 0x14f334002aa0
nid007974:70011:70097 [5] NCCL INFO New proxy recv connection 44 from local rank 5, transport 2
nid007974:70011:70011 [5] NCCL INFO Connected to proxy localRank 5 -> connection 0x153c400028c0
nid007973:80837:80930 [2] NCCL INFO New proxy recv connection 54 from local rank 2, transport 0
nid007973:80837:80837 [2] NCCL INFO Connected to proxy localRank 2 -> connection 0x14a778002d70
nid007974:70013:70013 [7] NCCL INFO Channel 11/2 : 7[de000] -> 15[de000] [receive] via NET/Libfabric/3/GDRDMA comm 0x5626b6938e90 nRanks 16
nid007974:70013:70013 [7] NCCL INFO GPU Direct RDMA Enabled for GPU de000 / HCA 3 (distance 6 <= 6), read 0
nid007973:80840:80840 [4] NCCL INFO Channel 11/2 : 4[d1000] -> 2[c9000] via P2P/IPC comm 0x55a24b51bc60 nRanks 16
nid007974:70013:70090 [7] NCCL INFO New proxy recv connection 47 from local rank 7, transport 2
nid007974:70013:70013 [7] NCCL INFO Connected to proxy localRank 7 -> connection 0x149264002a28
nid007973:80840:80925 [4] NCCL INFO New proxy send connection 54 from local rank 4, transport 0
nid007973:80840:80840 [4] NCCL INFO Connected to proxy localRank 4 -> connection 0x145eb8002d70
nid007974:70011:70011 [5] NCCL INFO Channel 02/2 : 5[d6000] -> 13[d6000] [receive] via NET/Libfabric/2/GDRDMA comm 0x563437d05580 nRanks 16
nid007974:70011:70011 [5] NCCL INFO GPU Direct RDMA Enabled for GPU d6000 / HCA 2 (distance 6 <= 6), read 0
nid007974:70013:70013 [7] NCCL INFO Channel 15/2 : 7[de000] -> 15[de000] [receive] via NET/Libfabric/3/GDRDMA comm 0x5626b6938e90 nRanks 16
nid007974:70013:70013 [7] NCCL INFO GPU Direct RDMA Enabled for GPU de000 / HCA 3 (distance 6 <= 6), read 1
nid007974:70013:70090 [7] NCCL INFO New proxy send connection 48 from local rank 7, transport 2
nid007974:70013:70013 [7] NCCL INFO Connected to proxy localRank 7 -> connection 0x149264002aa0
nid007974:70011:70097 [5] NCCL INFO New proxy recv connection 45 from local rank 5, transport 2
nid007974:70011:70011 [5] NCCL INFO Connected to proxy localRank 5 -> connection 0x153c40002938
nid007974:70013:70013 [7] NCCL INFO Channel 02/2 : 15[de000] -> 7[de000] [send] via NET/Libfabric/3/GDRDMA comm 0x5626b6938e90 nRanks 16
nid007974:70013:70013 [7] NCCL INFO GPU Direct RDMA Enabled for GPU de000 / HCA 3 (distance 6 <= 6), read 1
nid007974:70013:70090 [7] NCCL INFO New proxy send connection 49 from local rank 7, transport 2
nid007974:70013:70013 [7] NCCL INFO Connected to proxy localRank 7 -> connection 0x149264002b18
nid007974:70011:70011 [5] NCCL INFO Channel 06/2 : 5[d6000] -> 13[d6000] [receive] via NET/Libfabric/2/GDRDMA comm 0x563437d05580 nRanks 16
nid007974:70011:70011 [5] NCCL INFO GPU Direct RDMA Enabled for GPU d6000 / HCA 2 (distance 6 <= 6), read 0
nid007974:70011:70097 [5] NCCL INFO New proxy recv connection 46 from local rank 5, transport 2
nid007974:70011:70011 [5] NCCL INFO Connected to proxy localRank 5 -> connection 0x153c400029b0
nid007974:70013:70013 [7] NCCL INFO Channel 06/2 : 15[de000] -> 7[de000] [send] via NET/Libfabric/3/GDRDMA comm 0x5626b6938e90 nRanks 16
nid007974:70013:70013 [7] NCCL INFO GPU Direct RDMA Enabled for GPU de000 / HCA 3 (distance 6 <= 6), read 1
nid007974:70007:70093 [6] NCCL INFO New proxy recv connection 47 from local rank 6, transport 0
nid007974:70013:70090 [7] NCCL INFO New proxy send connection 50 from local rank 7, transport 2
nid007974:70013:70013 [7] NCCL INFO Connected to proxy localRank 7 -> connection 0x149264002b90
nid007974:70007:70007 [6] NCCL INFO Connected to proxy localRank 6 -> connection 0x154848002a28
nid007974:70011:70011 [5] NCCL INFO Channel 10/2 : 5[d6000] -> 13[d6000] [receive] via NET/Libfabric/2/GDRDMA comm 0x563437d05580 nRanks 16
nid007974:70011:70011 [5] NCCL INFO GPU Direct RDMA Enabled for GPU d6000 / HCA 2 (distance 6 <= 6), read 0
nid007974:70011:70097 [5] NCCL INFO New proxy recv connection 47 from local rank 5, transport 2
nid007974:70013:70013 [7] NCCL INFO Channel 10/2 : 15[de000] -> 7[de000] [send] via NET/Libfabric/3/GDRDMA comm 0x5626b6938e90 nRanks 16
nid007974:70013:70013 [7] NCCL INFO GPU Direct RDMA Enabled for GPU de000 / HCA 3 (distance 6 <= 6), read 1
nid007974:70013:70090 [7] NCCL INFO New proxy send connection 51 from local rank 7, transport 2
nid007974:70011:70011 [5] NCCL INFO Connected to proxy localRank 5 -> connection 0x153c40002a28
nid007974:70013:70013 [7] NCCL INFO Connected to proxy localRank 7 -> connection 0x149264002c08
nid007974:70013:70013 [7] NCCL INFO Channel 14/2 : 15[de000] -> 7[de000] [send] via NET/Libfabric/3/GDRDMA comm 0x5626b6938e90 nRanks 16
nid007974:70011:70011 [5] NCCL INFO Channel 14/2 : 5[d6000] -> 13[d6000] [receive] via NET/Libfabric/2/GDRDMA comm 0x563437d05580 nRanks 16
nid007974:70011:70011 [5] NCCL INFO GPU Direct RDMA Enabled for GPU d6000 / HCA 2 (distance 6 <= 6), read 1
nid007973:80839:80839 [7] NCCL INFO Channel 00/2 : 7[de000] -> 3[ce000] via P2P/IPC comm 0x55989727ef10 nRanks 16
nid007974:70011:70097 [5] NCCL INFO New proxy send connection 48 from local rank 5, transport 2
nid007974:70011:70011 [5] NCCL INFO Connected to proxy localRank 5 -> connection 0x153c40002aa0
nid007974:70011:70011 [5] NCCL INFO Channel 03/2 : 13[d6000] -> 5[d6000] [send] via NET/Libfabric/2/GDRDMA comm 0x563437d05580 nRanks 16
nid007974:70011:70011 [5] NCCL INFO GPU Direct RDMA Enabled for GPU d6000 / HCA 2 (distance 6 <= 6), read 1
nid007973:80839:80924 [7] NCCL INFO New proxy send connection 52 from local rank 7, transport 0
nid007973:80839:80839 [7] NCCL INFO Connected to proxy localRank 7 -> connection 0x148890002c80
nid007974:70013:70013 [7] NCCL INFO Channel 01/2 : 15[de000] -> 11[ce000] via P2P/IPC comm 0x5626b6938e90 nRanks 16
nid007974:70013:70090 [7] NCCL INFO New proxy send connection 52 from local rank 7, transport 0
nid007974:70011:70097 [5] NCCL INFO New proxy send connection 49 from local rank 5, transport 2
nid007974:70011:70011 [5] NCCL INFO Connected to proxy localRank 5 -> connection 0x153c40002b18
nid007974:70013:70013 [7] NCCL INFO Connected to proxy localRank 7 -> connection 0x149264002c80
nid007974:70011:70011 [5] NCCL INFO Channel 07/2 : 13[d6000] -> 5[d6000] [send] via NET/Libfabric/2/GDRDMA comm 0x563437d05580 nRanks 16
nid007974:70011:70011 [5] NCCL INFO GPU Direct RDMA Enabled for GPU d6000 / HCA 2 (distance 6 <= 6), read 1
nid007974:70011:70097 [5] NCCL INFO New proxy send connection 50 from local rank 5, transport 2
nid007974:70011:70011 [5] NCCL INFO Connected to proxy localRank 5 -> connection 0x153c40002b90
nid007974:70011:70011 [5] NCCL INFO Channel 11/2 : 13[d6000] -> 5[d6000] [send] via NET/Libfabric/2/GDRDMA comm 0x563437d05580 nRanks 16
nid007974:70011:70011 [5] NCCL INFO GPU Direct RDMA Enabled for GPU d6000 / HCA 2 (distance 6 <= 6), read 1
nid007974:70011:70097 [5] NCCL INFO New proxy send connection 51 from local rank 5, transport 2
nid007974:70011:70011 [5] NCCL INFO Connected to proxy localRank 5 -> connection 0x153c40002c08
nid007974:70011:70011 [5] NCCL INFO Channel 15/2 : 13[d6000] -> 5[d6000] [send] via NET/Libfabric/2/GDRDMA comm 0x563437d05580 nRanks 16
nid007973:80838:80838 [5] NCCL INFO Channel 01/2 : 5[d6000] -> 1[c6000] via P2P/IPC comm 0x55bce1c66710 nRanks 16
nid007973:80838:80926 [5] NCCL INFO New proxy send connection 52 from local rank 5, transport 0
nid007973:80838:80838 [5] NCCL INFO Connected to proxy localRank 5 -> connection 0x14d4f8002c80
nid007974:70011:70011 [5] NCCL INFO Channel 00/2 : 13[d6000] -> 9[c6000] via P2P/IPC comm 0x563437d05580 nRanks 16
nid007974:70011:70097 [5] NCCL INFO New proxy send connection 52 from local rank 5, transport 0
nid007974:70011:70011 [5] NCCL INFO Connected to proxy localRank 5 -> connection 0x153c40002c80
nid007973:80842:80842 [6] NCCL INFO Channel 10/2 : 6[d9000] -> 0[c1000] via P2P/IPC comm 0x55fbb093ae60 nRanks 16
nid007973:80842:80927 [6] NCCL INFO New proxy send connection 50 from local rank 6, transport 0
nid007973:80842:80842 [6] NCCL INFO Connected to proxy localRank 6 -> connection 0x14ed7c002b90
nid007974:70010:70092 [2] NCCL INFO New proxy recv connection 55 from local rank 2, transport 0
nid007974:70010:70010 [2] NCCL INFO Connected to proxy localRank 2 -> connection 0x14d400002de8
nid007974:70008:70096 [4] NCCL INFO New proxy recv connection 51 from local rank 4, transport 0
nid007974:70008:70008 [4] NCCL INFO Connected to proxy localRank 4 -> connection 0x145e0c002c08
nid007973:80836:80923 [1] NCCL INFO New proxy recv connection 50 from local rank 1, transport 0
nid007973:80836:80836 [1] NCCL INFO Connected to proxy localRank 1 -> connection 0x14577c002b90
nid007973:80841:80928 [3] NCCL INFO New proxy recv connection 50 from local rank 3, transport 0
nid007973:80841:80841 [3] NCCL INFO Connected to proxy localRank 3 -> connection 0x147624002b90
nid007973:80840:80840 [4] NCCL INFO Channel 15/2 : 4[d1000] -> 2[c9000] via P2P/IPC comm 0x55a24b51bc60 nRanks 16
nid007973:80840:80925 [4] NCCL INFO New proxy send connection 55 from local rank 4, transport 0
nid007973:80840:80840 [4] NCCL INFO Connected to proxy localRank 4 -> connection 0x145eb8002de8
nid007974:70006:70006 [0] NCCL INFO GPU Direct RDMA Enabled for GPU c1000 / HCA 0 (distance 6 <= 6), read 0
nid007974:70007:70007 [6] NCCL INFO Channel 03/2 : 14[d9000] -> 8[c1000] via P2P/IPC comm 0x55717d520e50 nRanks 16
nid007974:70006:70095 [0] NCCL INFO New proxy recv connection 44 from local rank 0, transport 2
nid007974:70006:70006 [0] NCCL INFO Connected to proxy localRank 0 -> connection 0x1512380028c0
nid007974:70007:70093 [6] NCCL INFO New proxy send connection 48 from local rank 6, transport 0
nid007974:70007:70007 [6] NCCL INFO Connected to proxy localRank 6 -> connection 0x154848002aa0
nid007974:70009:70100 [3] NCCL INFO New proxy recv connection 49 from local rank 3, transport 0
nid007974:70009:70009 [3] NCCL INFO Connected to proxy localRank 3 -> connection 0x14964c002b18
nid007974:70006:70006 [0] NCCL INFO Channel 01/2 : 0[c1000] -> 8[c1000] [receive] via NET/Libfabric/0/GDRDMA comm 0x558defd0bfa0 nRanks 16
nid007974:70006:70006 [0] NCCL INFO GPU Direct RDMA Enabled for GPU c1000 / HCA 0 (distance 6 <= 6), read 0
nid007974:70006:70095 [0] NCCL INFO New proxy recv connection 45 from local rank 0, transport 2
nid007974:70006:70006 [0] NCCL INFO Connected to proxy localRank 0 -> connection 0x151238002938
nid007974:70013:70013 [7] NCCL INFO Channel 05/2 : 15[de000] -> 11[ce000] via P2P/IPC comm 0x5626b6938e90 nRanks 16
nid007974:70006:70006 [0] NCCL INFO Channel 05/2 : 0[c1000] -> 8[c1000] [receive] via NET/Libfabric/0/GDRDMA comm 0x558defd0bfa0 nRanks 16
nid007974:70006:70006 [0] NCCL INFO GPU Direct RDMA Enabled for GPU c1000 / HCA 0 (distance 6 <= 6), read 0
nid007973:80837:80930 [2] NCCL INFO New proxy recv connection 55 from local rank 2, transport 0
nid007973:80837:80837 [2] NCCL INFO Connected to proxy localRank 2 -> connection 0x14a778002de8
nid007974:70013:70090 [7] NCCL INFO New proxy send connection 53 from local rank 7, transport 0
nid007974:70013:70013 [7] NCCL INFO Connected to proxy localRank 7 -> connection 0x149264002cf8
nid007974:70006:70095 [0] NCCL INFO New proxy recv connection 46 from local rank 0, transport 2
nid007974:70006:70006 [0] NCCL INFO Connected to proxy localRank 0 -> connection 0x1512380029b0
nid007974:70006:70006 [0] NCCL INFO Channel 09/2 : 0[c1000] -> 8[c1000] [receive] via NET/Libfabric/0/GDRDMA comm 0x558defd0bfa0 nRanks 16
nid007974:70006:70006 [0] NCCL INFO GPU Direct RDMA Enabled for GPU c1000 / HCA 0 (distance 6 <= 6), read 0
nid007974:70006:70095 [0] NCCL INFO New proxy recv connection 47 from local rank 0, transport 2
nid007974:70006:70006 [0] NCCL INFO Connected to proxy localRank 0 -> connection 0x151238002a28
nid007974:70012:70091 [1] NCCL INFO New proxy recv connection 49 from local rank 1, transport 0
nid007974:70012:70012 [1] NCCL INFO Connected to proxy localRank 1 -> connection 0x14f334002b18
nid007974:70006:70006 [0] NCCL INFO Channel 13/2 : 0[c1000] -> 8[c1000] [receive] via NET/Libfabric/0/GDRDMA comm 0x558defd0bfa0 nRanks 16
nid007974:70006:70006 [0] NCCL INFO GPU Direct RDMA Enabled for GPU c1000 / HCA 0 (distance 6 <= 6), read 1
nid007974:70006:70095 [0] NCCL INFO New proxy send connection 48 from local rank 0, transport 2
nid007974:70006:70006 [0] NCCL INFO Connected to proxy localRank 0 -> connection 0x151238002aa0
nid007974:70006:70006 [0] NCCL INFO Channel 00/2 : 8[c1000] -> 0[c1000] [send] via NET/Libfabric/0/GDRDMA comm 0x558defd0bfa0 nRanks 16
nid007974:70006:70006 [0] NCCL INFO GPU Direct RDMA Enabled for GPU c1000 / HCA 0 (distance 6 <= 6), read 1
nid007973:80838:80838 [5] NCCL INFO Channel 05/2 : 5[d6000] -> 1[c6000] via P2P/IPC comm 0x55bce1c66710 nRanks 16
nid007973:80838:80926 [5] NCCL INFO New proxy send connection 53 from local rank 5, transport 0
nid007973:80838:80838 [5] NCCL INFO Connected to proxy localRank 5 -> connection 0x14d4f8002cf8
nid007974:70006:70095 [0] NCCL INFO New proxy send connection 49 from local rank 0, transport 2
nid007974:70006:70006 [0] NCCL INFO Connected to proxy localRank 0 -> connection 0x151238002b18
nid007974:70006:70006 [0] NCCL INFO Channel 04/2 : 8[c1000] -> 0[c1000] [send] via NET/Libfabric/0/GDRDMA comm 0x558defd0bfa0 nRanks 16
nid007974:70006:70006 [0] NCCL INFO GPU Direct RDMA Enabled for GPU c1000 / HCA 0 (distance 6 <= 6), read 1
nid007974:70006:70095 [0] NCCL INFO New proxy send connection 50 from local rank 0, transport 2
nid007974:70006:70006 [0] NCCL INFO Connected to proxy localRank 0 -> connection 0x151238002b90
nid007974:70006:70006 [0] NCCL INFO Channel 08/2 : 8[c1000] -> 0[c1000] [send] via NET/Libfabric/0/GDRDMA comm 0x558defd0bfa0 nRanks 16
nid007974:70006:70006 [0] NCCL INFO GPU Direct RDMA Enabled for GPU c1000 / HCA 0 (distance 6 <= 6), read 1
nid007973:80842:80842 [6] NCCL INFO Channel 14/2 : 6[d9000] -> 0[c1000] via P2P/IPC comm 0x55fbb093ae60 nRanks 16
nid007973:80842:80927 [6] NCCL INFO New proxy send connection 51 from local rank 6, transport 0
nid007973:80842:80842 [6] NCCL INFO Connected to proxy localRank 6 -> connection 0x14ed7c002c08
nid007974:70006:70095 [0] NCCL INFO New proxy send connection 51 from local rank 0, transport 2
nid007974:70006:70006 [0] NCCL INFO Connected to proxy localRank 0 -> connection 0x151238002c08
nid007974:70006:70006 [0] NCCL INFO Channel 12/2 : 8[c1000] -> 0[c1000] [send] via NET/Libfabric/0/GDRDMA comm 0x558defd0bfa0 nRanks 16
nid007973:80835:80929 [0] NCCL INFO New proxy recv connection 52 from local rank 0, transport 0
nid007973:80835:80835 [0] NCCL INFO Connected to proxy localRank 0 -> connection 0x15448c002c80
nid007974:70006:70095 [0] NCCL INFO New proxy recv connection 52 from local rank 0, transport 0
nid007973:80839:80839 [7] NCCL INFO Channel 04/2 : 7[de000] -> 3[ce000] via P2P/IPC comm 0x55989727ef10 nRanks 16
nid007974:70006:70006 [0] NCCL INFO Connected to proxy localRank 0 -> connection 0x151238002c80
nid007973:80839:80924 [7] NCCL INFO New proxy send connection 53 from local rank 7, transport 0
nid007973:80839:80839 [7] NCCL INFO Connected to proxy localRank 7 -> connection 0x148890002cf8
nid007973:80836:80923 [1] NCCL INFO New proxy recv connection 51 from local rank 1, transport 0
nid007973:80836:80836 [1] NCCL INFO Connected to proxy localRank 1 -> connection 0x14577c002c08
nid007974:70011:70011 [5] NCCL INFO Channel 04/2 : 13[d6000] -> 9[c6000] via P2P/IPC comm 0x563437d05580 nRanks 16
nid007974:70011:70097 [5] NCCL INFO New proxy send connection 53 from local rank 5, transport 0
nid007974:70011:70011 [5] NCCL INFO Connected to proxy localRank 5 -> connection 0x153c40002cf8
nid007974:70008:70008 [4] NCCL INFO Channel 02/2 : 12[d1000] -> 10[c9000] via P2P/IPC comm 0x5576d248edc0 nRanks 16
nid007974:70008:70096 [4] NCCL INFO New proxy send connection 52 from local rank 4, transport 0
nid007974:70008:70008 [4] NCCL INFO Connected to proxy localRank 4 -> connection 0x145e0c002c80
nid007974:70007:70007 [6] NCCL INFO Channel 07/2 : 14[d9000] -> 8[c1000] via P2P/IPC comm 0x55717d520e50 nRanks 16
nid007974:70007:70093 [6] NCCL INFO New proxy send connection 49 from local rank 6, transport 0
nid007974:70007:70007 [6] NCCL INFO Connected to proxy localRank 6 -> connection 0x154848002b18
nid007973:80841:80928 [3] NCCL INFO New proxy recv connection 51 from local rank 3, transport 0
nid007973:80841:80841 [3] NCCL INFO Connected to proxy localRank 3 -> connection 0x147624002c08
nid007973:80838:80838 [5] NCCL INFO Channel 09/2 : 5[d6000] -> 1[c6000] via P2P/IPC comm 0x55bce1c66710 nRanks 16
nid007974:70013:70013 [7] NCCL INFO Channel 09/2 : 15[de000] -> 11[ce000] via P2P/IPC comm 0x5626b6938e90 nRanks 16
nid007973:80838:80926 [5] NCCL INFO New proxy send connection 54 from local rank 5, transport 0
nid007974:70013:70090 [7] NCCL INFO New proxy send connection 54 from local rank 7, transport 0
nid007973:80838:80838 [5] NCCL INFO Connected to proxy localRank 5 -> connection 0x14d4f8002d70
nid007974:70013:70013 [7] NCCL INFO Connected to proxy localRank 7 -> connection 0x149264002d70
nid007974:70009:70100 [3] NCCL INFO New proxy recv connection 50 from local rank 3, transport 0
nid007974:70009:70009 [3] NCCL INFO Connected to proxy localRank 3 -> connection 0x14964c002b90
nid007973:80835:80929 [0] NCCL INFO New proxy recv connection 53 from local rank 0, transport 0
nid007973:80835:80835 [0] NCCL INFO Connected to proxy localRank 0 -> connection 0x15448c002cf8
nid007973:80837:80930 [2] NCCL INFO New proxy recv connection 56 from local rank 2, transport 0
nid007973:80837:80837 [2] NCCL INFO Connected to proxy localRank 2 -> connection 0x14a778002e60
nid007974:70006:70095 [0] NCCL INFO New proxy recv connection 53 from local rank 0, transport 0
nid007974:70006:70006 [0] NCCL INFO Connected to proxy localRank 0 -> connection 0x151238002cf8
nid007974:70011:70011 [5] NCCL INFO Channel 08/2 : 13[d6000] -> 9[c6000] via P2P/IPC comm 0x563437d05580 nRanks 16
nid007974:70011:70097 [5] NCCL INFO New proxy send connection 54 from local rank 5, transport 0
nid007974:70011:70011 [5] NCCL INFO Connected to proxy localRank 5 -> connection 0x153c40002d70
nid007974:70012:70091 [1] NCCL INFO New proxy recv connection 50 from local rank 1, transport 0
nid007974:70012:70012 [1] NCCL INFO Connected to proxy localRank 1 -> connection 0x14f334002b90
nid007973:80839:80839 [7] NCCL INFO Channel 08/2 : 7[de000] -> 3[ce000] via P2P/IPC comm 0x55989727ef10 nRanks 16
nid007973:80839:80924 [7] NCCL INFO New proxy send connection 54 from local rank 7, transport 0
nid007973:80839:80839 [7] NCCL INFO Connected to proxy localRank 7 -> connection 0x148890002d70
nid007974:70008:70008 [4] NCCL INFO Channel 06/2 : 12[d1000] -> 10[c9000] via P2P/IPC comm 0x5576d248edc0 nRanks 16
nid007974:70008:70096 [4] NCCL INFO New proxy send connection 53 from local rank 4, transport 0
nid007974:70008:70008 [4] NCCL INFO Connected to proxy localRank 4 -> connection 0x145e0c002cf8
nid007973:80838:80838 [5] NCCL INFO Channel 13/2 : 5[d6000] -> 1[c6000] via P2P/IPC comm 0x55bce1c66710 nRanks 16
nid007973:80838:80926 [5] NCCL INFO New proxy send connection 55 from local rank 5, transport 0
nid007973:80838:80838 [5] NCCL INFO Connected to proxy localRank 5 -> connection 0x14d4f8002de8
nid007974:70007:70007 [6] NCCL INFO Channel 11/2 : 14[d9000] -> 8[c1000] via P2P/IPC comm 0x55717d520e50 nRanks 16
nid007974:70007:70093 [6] NCCL INFO New proxy send connection 50 from local rank 6, transport 0
nid007974:70013:70013 [7] NCCL INFO Channel 13/2 : 15[de000] -> 11[ce000] via P2P/IPC comm 0x5626b6938e90 nRanks 16
nid007974:70013:70090 [7] NCCL INFO New proxy send connection 55 from local rank 7, transport 0
nid007974:70007:70007 [6] NCCL INFO Connected to proxy localRank 6 -> connection 0x154848002b90
nid007974:70013:70013 [7] NCCL INFO Connected to proxy localRank 7 -> connection 0x149264002de8
nid007973:80835:80929 [0] NCCL INFO New proxy recv connection 54 from local rank 0, transport 0
nid007973:80835:80835 [0] NCCL INFO Connected to proxy localRank 0 -> connection 0x15448c002d70
nid007974:70011:70011 [5] NCCL INFO Channel 12/2 : 13[d6000] -> 9[c6000] via P2P/IPC comm 0x563437d05580 nRanks 16
nid007974:70011:70097 [5] NCCL INFO New proxy send connection 55 from local rank 5, transport 0
nid007974:70011:70011 [5] NCCL INFO Connected to proxy localRank 5 -> connection 0x153c40002de8
nid007973:80837:80930 [2] NCCL INFO New proxy recv connection 57 from local rank 2, transport 0
nid007973:80837:80837 [2] NCCL INFO Connected to proxy localRank 2 -> connection 0x14a778002ed8
nid007974:70006:70095 [0] NCCL INFO New proxy recv connection 54 from local rank 0, transport 0
nid007974:70006:70006 [0] NCCL INFO Connected to proxy localRank 0 -> connection 0x151238002d70
nid007974:70009:70100 [3] NCCL INFO New proxy recv connection 51 from local rank 3, transport 0
nid007974:70009:70009 [3] NCCL INFO Connected to proxy localRank 3 -> connection 0x14964c002c08
nid007973:80836:80923 [1] NCCL INFO New proxy recv connection 52 from local rank 1, transport 0
nid007973:80838:80838 [5] NCCL INFO Channel 00/2 : 5[d6000] -> 4[d1000] via P2P/IPC comm 0x55bce1c66710 nRanks 16
nid007973:80836:80836 [1] NCCL INFO Connected to proxy localRank 1 -> connection 0x14577c002c80
nid007973:80838:80926 [5] NCCL INFO New proxy send connection 56 from local rank 5, transport 0
nid007973:80838:80838 [5] NCCL INFO Connected to proxy localRank 5 -> connection 0x14d4f8002e60
nid007974:70012:70091 [1] NCCL INFO New proxy recv connection 51 from local rank 1, transport 0
nid007974:70012:70012 [1] NCCL INFO Connected to proxy localRank 1 -> connection 0x14f334002c08
nid007973:80839:80839 [7] NCCL INFO Channel 12/2 : 7[de000] -> 3[ce000] via P2P/IPC comm 0x55989727ef10 nRanks 16
nid007974:70007:70007 [6] NCCL INFO Channel 15/2 : 14[d9000] -> 8[c1000] via P2P/IPC comm 0x55717d520e50 nRanks 16
nid007973:80839:80924 [7] NCCL INFO New proxy send connection 55 from local rank 7, transport 0
nid007973:80839:80839 [7] NCCL INFO Connected to proxy localRank 7 -> connection 0x148890002de8
nid007974:70007:70093 [6] NCCL INFO New proxy send connection 51 from local rank 6, transport 0
nid007974:70007:70007 [6] NCCL INFO Connected to proxy localRank 6 -> connection 0x154848002c08
nid007974:70008:70008 [4] NCCL INFO Channel 10/2 : 12[d1000] -> 10[c9000] via P2P/IPC comm 0x5576d248edc0 nRanks 16
nid007974:70008:70096 [4] NCCL INFO New proxy send connection 54 from local rank 4, transport 0
nid007974:70008:70008 [4] NCCL INFO Connected to proxy localRank 4 -> connection 0x145e0c002d70
nid007973:80835:80929 [0] NCCL INFO New proxy recv connection 55 from local rank 0, transport 0
nid007973:80835:80835 [0] NCCL INFO Connected to proxy localRank 0 -> connection 0x15448c002de8
nid007974:70013:70013 [7] NCCL INFO Channel 00/2 : 15[de000] -> 14[d9000] via P2P/IPC comm 0x5626b6938e90 nRanks 16
nid007974:70009:70009 [3] NCCL INFO Channel 02/2 : 11[ce000] -> 9[c6000] via P2P/IPC comm 0x564743402e90 nRanks 16
nid007974:70009:70100 [3] NCCL INFO New proxy send connection 52 from local rank 3, transport 0
nid007974:70013:70090 [7] NCCL INFO New proxy send connection 56 from local rank 7, transport 0
nid007974:70013:70013 [7] NCCL INFO Connected to proxy localRank 7 -> connection 0x149264002e60
nid007974:70009:70009 [3] NCCL INFO Connected to proxy localRank 3 -> connection 0x14964c002c80
nid007974:70006:70095 [0] NCCL INFO New proxy recv connection 55 from local rank 0, transport 0
nid007974:70006:70006 [0] NCCL INFO Connected to proxy localRank 0 -> connection 0x151238002de8
nid007973:80838:80838 [5] NCCL INFO Channel 03/2 : 5[d6000] -> 4[d1000] via P2P/IPC comm 0x55bce1c66710 nRanks 16
nid007973:80838:80926 [5] NCCL INFO New proxy send connection 57 from local rank 5, transport 0
nid007973:80838:80838 [5] NCCL INFO Connected to proxy localRank 5 -> connection 0x14d4f8002ed8
nid007973:80837:80930 [2] NCCL INFO New proxy recv connection 58 from local rank 2, transport 0
nid007973:80837:80837 [2] NCCL INFO Connected to proxy localRank 2 -> connection 0x14a778002f50
nid007973:80836:80923 [1] NCCL INFO New proxy recv connection 53 from local rank 1, transport 0
nid007973:80836:80836 [1] NCCL INFO Connected to proxy localRank 1 -> connection 0x14577c002cf8
nid007974:70008:70008 [4] NCCL INFO Channel 14/2 : 12[d1000] -> 10[c9000] via P2P/IPC comm 0x5576d248edc0 nRanks 16
nid007973:80842:80842 [6] NCCL INFO Channel 01/2 : 6[d9000] -> 4[d1000] via P2P/IPC comm 0x55fbb093ae60 nRanks 16
nid007974:70008:70096 [4] NCCL INFO New proxy send connection 55 from local rank 4, transport 0
nid007974:70008:70008 [4] NCCL INFO Connected to proxy localRank 4 -> connection 0x145e0c002de8
nid007973:80842:80927 [6] NCCL INFO New proxy send connection 52 from local rank 6, transport 0
nid007973:80842:80842 [6] NCCL INFO Connected to proxy localRank 6 -> connection 0x14ed7c002c80
nid007973:80835:80929 [0] NCCL INFO New proxy recv connection 56 from local rank 0, transport 0
nid007973:80835:80835 [0] NCCL INFO Connected to proxy localRank 0 -> connection 0x15448c002e60
nid007973:80841:80841 [3] NCCL INFO Channel 03/2 : 3[ce000] -> 1[c6000] via P2P/IPC comm 0x55b76fa8e080 nRanks 16
nid007973:80841:80928 [3] NCCL INFO New proxy send connection 52 from local rank 3, transport 0
nid007973:80841:80841 [3] NCCL INFO Connected to proxy localRank 3 -> connection 0x147624002c80
nid007973:80839:80839 [7] NCCL INFO Channel 01/2 : 7[de000] -> 6[d9000] via P2P/IPC comm 0x55989727ef10 nRanks 16
nid007974:70011:70011 [5] NCCL INFO Channel 01/2 : 13[d6000] -> 12[d1000] via P2P/IPC comm 0x563437d05580 nRanks 16
nid007973:80839:80924 [7] NCCL INFO New proxy send connection 56 from local rank 7, transport 0
nid007974:70012:70091 [1] NCCL INFO New proxy recv connection 52 from local rank 1, transport 0
nid007974:70012:70012 [1] NCCL INFO Connected to proxy localRank 1 -> connection 0x14f334002c80
nid007974:70011:70097 [5] NCCL INFO New proxy send connection 56 from local rank 5, transport 0
nid007974:70011:70011 [5] NCCL INFO Connected to proxy localRank 5 -> connection 0x153c40002e60
nid007973:80839:80839 [7] NCCL INFO Connected to proxy localRank 7 -> connection 0x148890002e60
nid007973:80838:80838 [5] NCCL INFO Channel 04/2 : 5[d6000] -> 4[d1000] via P2P/IPC comm 0x55bce1c66710 nRanks 16
nid007973:80838:80926 [5] NCCL INFO New proxy send connection 58 from local rank 5, transport 0
nid007973:80838:80838 [5] NCCL INFO Connected to proxy localRank 5 -> connection 0x14d4f8002f50
nid007974:70009:70009 [3] NCCL INFO Channel 06/2 : 11[ce000] -> 9[c6000] via P2P/IPC comm 0x564743402e90 nRanks 16
nid007974:70009:70100 [3] NCCL INFO New proxy send connection 53 from local rank 3, transport 0
nid007974:70009:70009 [3] NCCL INFO Connected to proxy localRank 3 -> connection 0x14964c002cf8
nid007974:70013:70013 [7] NCCL INFO Channel 03/2 : 15[de000] -> 14[d9000] via P2P/IPC comm 0x5626b6938e90 nRanks 16
nid007974:70013:70090 [7] NCCL INFO New proxy send connection 57 from local rank 7, transport 0
nid007974:70013:70013 [7] NCCL INFO Connected to proxy localRank 7 -> connection 0x149264002ed8
nid007974:70007:70007 [6] NCCL INFO Channel 00/2 : 14[d9000] -> 12[d1000] via P2P/IPC comm 0x55717d520e50 nRanks 16
nid007974:70007:70093 [6] NCCL INFO New proxy send connection 52 from local rank 6, transport 0
nid007974:70006:70095 [0] NCCL INFO New proxy recv connection 56 from local rank 0, transport 0
nid007974:70006:70006 [0] NCCL INFO Connected to proxy localRank 0 -> connection 0x151238002e60
nid007974:70007:70007 [6] NCCL INFO Connected to proxy localRank 6 -> connection 0x154848002c80
nid007973:80836:80923 [1] NCCL INFO New proxy recv connection 54 from local rank 1, transport 0
nid007973:80836:80836 [1] NCCL INFO Connected to proxy localRank 1 -> connection 0x14577c002d70
nid007973:80837:80930 [2] NCCL INFO New proxy recv connection 59 from local rank 2, transport 0
nid007973:80837:80837 [2] NCCL INFO Connected to proxy localRank 2 -> connection 0x14a778002fc8
nid007973:80835:80929 [0] NCCL INFO New proxy recv connection 57 from local rank 0, transport 0
nid007973:80835:80835 [0] NCCL INFO Connected to proxy localRank 0 -> connection 0x15448c002ed8
nid007973:80842:80842 [6] NCCL INFO Channel 05/2 : 6[d9000] -> 4[d1000] via P2P/IPC comm 0x55fbb093ae60 nRanks 16
nid007974:70011:70011 [5] NCCL INFO Channel 02/2 : 13[d6000] -> 12[d1000] via P2P/IPC comm 0x563437d05580 nRanks 16
nid007974:70011:70097 [5] NCCL INFO New proxy send connection 57 from local rank 5, transport 0
nid007973:80842:80927 [6] NCCL INFO New proxy send connection 53 from local rank 6, transport 0
nid007973:80842:80842 [6] NCCL INFO Connected to proxy localRank 6 -> connection 0x14ed7c002cf8
nid007974:70011:70011 [5] NCCL INFO Connected to proxy localRank 5 -> connection 0x153c40002ed8
nid007973:80838:80838 [5] NCCL INFO Channel 07/2 : 5[d6000] -> 4[d1000] via P2P/IPC comm 0x55bce1c66710 nRanks 16
nid007973:80838:80926 [5] NCCL INFO New proxy send connection 59 from local rank 5, transport 0
nid007973:80838:80838 [5] NCCL INFO Connected to proxy localRank 5 -> connection 0x14d4f8002fc8
nid007974:70010:70092 [2] NCCL INFO New proxy recv connection 56 from local rank 2, transport 0
nid007974:70010:70010 [2] NCCL INFO Connected to proxy localRank 2 -> connection 0x14d400002e60
nid007974:70013:70013 [7] NCCL INFO Channel 04/2 : 15[de000] -> 14[d9000] via P2P/IPC comm 0x5626b6938e90 nRanks 16
nid007974:70009:70009 [3] NCCL INFO Channel 10/2 : 11[ce000] -> 9[c6000] via P2P/IPC comm 0x564743402e90 nRanks 16
nid007974:70013:70090 [7] NCCL INFO New proxy send connection 58 from local rank 7, transport 0
nid007974:70013:70013 [7] NCCL INFO Connected to proxy localRank 7 -> connection 0x149264002f50
nid007974:70009:70100 [3] NCCL INFO New proxy send connection 54 from local rank 3, transport 0
nid007974:70009:70009 [3] NCCL INFO Connected to proxy localRank 3 -> connection 0x14964c002d70
nid007974:70012:70091 [1] NCCL INFO New proxy recv connection 53 from local rank 1, transport 0
nid007974:70012:70012 [1] NCCL INFO Connected to proxy localRank 1 -> connection 0x14f334002cf8
nid007973:80841:80841 [3] NCCL INFO Channel 07/2 : 3[ce000] -> 1[c6000] via P2P/IPC comm 0x55b76fa8e080 nRanks 16
nid007973:80841:80928 [3] NCCL INFO New proxy send connection 53 from local rank 3, transport 0
nid007973:80841:80841 [3] NCCL INFO Connected to proxy localRank 3 -> connection 0x147624002cf8
nid007974:70007:70007 [6] NCCL INFO Channel 04/2 : 14[d9000] -> 12[d1000] via P2P/IPC comm 0x55717d520e50 nRanks 16
nid007974:70007:70093 [6] NCCL INFO New proxy send connection 53 from local rank 6, transport 0
nid007974:70007:70007 [6] NCCL INFO Connected to proxy localRank 6 -> connection 0x154848002cf8
nid007973:80836:80923 [1] NCCL INFO New proxy recv connection 55 from local rank 1, transport 0
nid007973:80836:80836 [1] NCCL INFO Connected to proxy localRank 1 -> connection 0x14577c002de8
nid007974:70006:70095 [0] NCCL INFO New proxy recv connection 57 from local rank 0, transport 0
nid007974:70006:70006 [0] NCCL INFO Connected to proxy localRank 0 -> connection 0x151238002ed8
nid007973:80835:80929 [0] NCCL INFO New proxy recv connection 58 from local rank 0, transport 0
nid007973:80835:80835 [0] NCCL INFO Connected to proxy localRank 0 -> connection 0x15448c002f50
nid007973:80839:80839 [7] NCCL INFO Channel 02/2 : 7[de000] -> 6[d9000] via P2P/IPC comm 0x55989727ef10 nRanks 16
nid007973:80837:80930 [2] NCCL INFO New proxy recv connection 60 from local rank 2, transport 0
nid007973:80839:80924 [7] NCCL INFO New proxy send connection 57 from local rank 7, transport 0
nid007973:80837:80837 [2] NCCL INFO Connected to proxy localRank 2 -> connection 0x14a778003040
nid007973:80839:80839 [7] NCCL INFO Connected to proxy localRank 7 -> connection 0x148890002ed8
nid007973:80842:80842 [6] NCCL INFO Channel 09/2 : 6[d9000] -> 4[d1000] via P2P/IPC comm 0x55fbb093ae60 nRanks 16
nid007973:80842:80927 [6] NCCL INFO New proxy send connection 54 from local rank 6, transport 0
nid007973:80842:80842 [6] NCCL INFO Connected to proxy localRank 6 -> connection 0x14ed7c002d70
nid007973:80838:80838 [5] NCCL INFO Channel 08/2 : 5[d6000] -> 4[d1000] via P2P/IPC comm 0x55bce1c66710 nRanks 16
nid007973:80838:80926 [5] NCCL INFO New proxy send connection 60 from local rank 5, transport 0
nid007973:80838:80838 [5] NCCL INFO Connected to proxy localRank 5 -> connection 0x14d4f8003040
nid007974:70011:70011 [5] NCCL INFO Channel 05/2 : 13[d6000] -> 12[d1000] via P2P/IPC comm 0x563437d05580 nRanks 16
nid007974:70011:70097 [5] NCCL INFO New proxy send connection 58 from local rank 5, transport 0
nid007974:70011:70011 [5] NCCL INFO Connected to proxy localRank 5 -> connection 0x153c40002f50
nid007974:70013:70013 [7] NCCL INFO Channel 07/2 : 15[de000] -> 14[d9000] via P2P/IPC comm 0x5626b6938e90 nRanks 16
nid007974:70013:70090 [7] NCCL INFO New proxy send connection 59 from local rank 7, transport 0
nid007974:70013:70013 [7] NCCL INFO Connected to proxy localRank 7 -> connection 0x149264002fc8
nid007974:70009:70009 [3] NCCL INFO Channel 14/2 : 11[ce000] -> 9[c6000] via P2P/IPC comm 0x564743402e90 nRanks 16
nid007974:70009:70100 [3] NCCL INFO New proxy send connection 55 from local rank 3, transport 0
nid007974:70009:70009 [3] NCCL INFO Connected to proxy localRank 3 -> connection 0x14964c002de8
nid007974:70007:70007 [6] NCCL INFO Channel 08/2 : 14[d9000] -> 12[d1000] via P2P/IPC comm 0x55717d520e50 nRanks 16
nid007974:70007:70093 [6] NCCL INFO New proxy send connection 54 from local rank 6, transport 0
nid007974:70007:70007 [6] NCCL INFO Connected to proxy localRank 6 -> connection 0x154848002d70
nid007974:70006:70095 [0] NCCL INFO New proxy recv connection 58 from local rank 0, transport 0
nid007974:70006:70006 [0] NCCL INFO Connected to proxy localRank 0 -> connection 0x151238002f50
nid007974:70010:70092 [2] NCCL INFO New proxy recv connection 57 from local rank 2, transport 0
nid007974:70010:70010 [2] NCCL INFO Connected to proxy localRank 2 -> connection 0x14d400002ed8
nid007973:80841:80841 [3] NCCL INFO Channel 11/2 : 3[ce000] -> 1[c6000] via P2P/IPC comm 0x55b76fa8e080 nRanks 16
nid007973:80841:80928 [3] NCCL INFO New proxy send connection 54 from local rank 3, transport 0
nid007973:80841:80841 [3] NCCL INFO Connected to proxy localRank 3 -> connection 0x147624002d70
nid007974:70012:70091 [1] NCCL INFO New proxy recv connection 54 from local rank 1, transport 0
nid007974:70012:70012 [1] NCCL INFO Connected to proxy localRank 1 -> connection 0x14f334002d70
nid007973:80835:80929 [0] NCCL INFO New proxy recv connection 59 from local rank 0, transport 0
nid007973:80835:80835 [0] NCCL INFO Connected to proxy localRank 0 -> connection 0x15448c002fc8
nid007973:80838:80838 [5] NCCL INFO Channel 11/2 : 5[d6000] -> 4[d1000] via P2P/IPC comm 0x55bce1c66710 nRanks 16
nid007973:80838:80926 [5] NCCL INFO New proxy send connection 61 from local rank 5, transport 0
nid007973:80838:80838 [5] NCCL INFO Connected to proxy localRank 5 -> connection 0x14d4f80030b8
nid007973:80842:80842 [6] NCCL INFO Channel 13/2 : 6[d9000] -> 4[d1000] via P2P/IPC comm 0x55fbb093ae60 nRanks 16
nid007973:80842:80927 [6] NCCL INFO New proxy send connection 55 from local rank 6, transport 0
nid007973:80842:80842 [6] NCCL INFO Connected to proxy localRank 6 -> connection 0x14ed7c002de8
nid007973:80837:80930 [2] NCCL INFO New proxy recv connection 61 from local rank 2, transport 0
nid007973:80837:80837 [2] NCCL INFO Connected to proxy localRank 2 -> connection 0x14a7780030b8
nid007974:70013:70013 [7] NCCL INFO Channel 08/2 : 15[de000] -> 14[d9000] via P2P/IPC comm 0x5626b6938e90 nRanks 16
nid007973:80839:80839 [7] NCCL INFO Channel 05/2 : 7[de000] -> 6[d9000] via P2P/IPC comm 0x55989727ef10 nRanks 16
nid007974:70013:70090 [7] NCCL INFO New proxy send connection 60 from local rank 7, transport 0
nid007974:70013:70013 [7] NCCL INFO Connected to proxy localRank 7 -> connection 0x149264003040
nid007973:80839:80924 [7] NCCL INFO New proxy send connection 58 from local rank 7, transport 0
nid007973:80839:80839 [7] NCCL INFO Connected to proxy localRank 7 -> connection 0x148890002f50
nid007974:70011:70011 [5] NCCL INFO Channel 06/2 : 13[d6000] -> 12[d1000] via P2P/IPC comm 0x563437d05580 nRanks 16
nid007974:70011:70097 [5] NCCL INFO New proxy send connection 59 from local rank 5, transport 0
nid007974:70007:70007 [6] NCCL INFO Channel 12/2 : 14[d9000] -> 12[d1000] via P2P/IPC comm 0x55717d520e50 nRanks 16
nid007974:70011:70011 [5] NCCL INFO Connected to proxy localRank 5 -> connection 0x153c40002fc8
nid007974:70007:70093 [6] NCCL INFO New proxy send connection 55 from local rank 6, transport 0
nid007974:70007:70007 [6] NCCL INFO Connected to proxy localRank 6 -> connection 0x154848002de8
nid007974:70006:70095 [0] NCCL INFO New proxy recv connection 59 from local rank 0, transport 0
nid007974:70006:70006 [0] NCCL INFO Connected to proxy localRank 0 -> connection 0x151238002fc8
nid007973:80838:80838 [5] NCCL INFO Channel 12/2 : 5[d6000] -> 4[d1000] via P2P/IPC comm 0x55bce1c66710 nRanks 16
nid007973:80838:80926 [5] NCCL INFO New proxy send connection 62 from local rank 5, transport 0
nid007973:80838:80838 [5] NCCL INFO Connected to proxy localRank 5 -> connection 0x14d4f8003130
nid007974:70010:70092 [2] NCCL INFO New proxy recv connection 58 from local rank 2, transport 0
nid007973:80835:80929 [0] NCCL INFO New proxy recv connection 60 from local rank 0, transport 0
nid007973:80835:80835 [0] NCCL INFO Connected to proxy localRank 0 -> connection 0x15448c003040
nid007974:70010:70010 [2] NCCL INFO Connected to proxy localRank 2 -> connection 0x14d400002f50
nid007973:80841:80841 [3] NCCL INFO Channel 15/2 : 3[ce000] -> 1[c6000] via P2P/IPC comm 0x55b76fa8e080 nRanks 16
nid007973:80841:80928 [3] NCCL INFO New proxy send connection 55 from local rank 3, transport 0
nid007973:80841:80841 [3] NCCL INFO Connected to proxy localRank 3 -> connection 0x147624002de8
nid007973:80840:80925 [4] NCCL INFO New proxy recv connection 56 from local rank 4, transport 0
nid007973:80840:80840 [4] NCCL INFO Connected to proxy localRank 4 -> connection 0x145eb8002e60
nid007973:80842:80927 [6] NCCL INFO New proxy recv connection 56 from local rank 6, transport 0
nid007973:80842:80842 [6] NCCL INFO Connected to proxy localRank 6 -> connection 0x14ed7c002e60
nid007974:70013:70013 [7] NCCL INFO Channel 11/2 : 15[de000] -> 14[d9000] via P2P/IPC comm 0x5626b6938e90 nRanks 16
nid007974:70013:70090 [7] NCCL INFO New proxy send connection 61 from local rank 7, transport 0
nid007974:70013:70013 [7] NCCL INFO Connected to proxy localRank 7 -> connection 0x1492640030b8
nid007974:70012:70091 [1] NCCL INFO New proxy recv connection 55 from local rank 1, transport 0
nid007973:80837:80930 [2] NCCL INFO New proxy recv connection 62 from local rank 2, transport 0
nid007973:80837:80837 [2] NCCL INFO Connected to proxy localRank 2 -> connection 0x14a778003130
nid007974:70012:70012 [1] NCCL INFO Connected to proxy localRank 1 -> connection 0x14f334002de8
nid007973:80839:80839 [7] NCCL INFO Channel 06/2 : 7[de000] -> 6[d9000] via P2P/IPC comm 0x55989727ef10 nRanks 16
nid007973:80839:80924 [7] NCCL INFO New proxy send connection 59 from local rank 7, transport 0
nid007973:80839:80839 [7] NCCL INFO Connected to proxy localRank 7 -> connection 0x148890002fc8
nid007974:70007:70093 [6] NCCL INFO New proxy recv connection 56 from local rank 6, transport 0
nid007974:70007:70007 [6] NCCL INFO Connected to proxy localRank 6 -> connection 0x154848002e60
nid007974:70008:70096 [4] NCCL INFO New proxy recv connection 56 from local rank 4, transport 0
nid007974:70006:70095 [0] NCCL INFO New proxy recv connection 60 from local rank 0, transport 0
nid007974:70006:70006 [0] NCCL INFO Connected to proxy localRank 0 -> connection 0x151238003040
nid007974:70008:70008 [4] NCCL INFO Connected to proxy localRank 4 -> connection 0x145e0c002e60
nid007974:70011:70011 [5] NCCL INFO Channel 09/2 : 13[d6000] -> 12[d1000] via P2P/IPC comm 0x563437d05580 nRanks 16
nid007974:70011:70097 [5] NCCL INFO New proxy send connection 60 from local rank 5, transport 0
nid007974:70011:70011 [5] NCCL INFO Connected to proxy localRank 5 -> connection 0x153c40003040
nid007973:80838:80838 [5] NCCL INFO Channel 15/2 : 5[d6000] -> 4[d1000] via P2P/IPC comm 0x55bce1c66710 nRanks 16
nid007973:80838:80926 [5] NCCL INFO New proxy send connection 63 from local rank 5, transport 0
nid007973:80838:80838 [5] NCCL INFO Connected to proxy localRank 5 -> connection 0x14d4f80031a8
nid007973:80840:80925 [4] NCCL INFO New proxy recv connection 57 from local rank 4, transport 0
nid007973:80840:80840 [4] NCCL INFO Connected to proxy localRank 4 -> connection 0x145eb8002ed8
nid007974:70013:70013 [7] NCCL INFO Channel 12/2 : 15[de000] -> 14[d9000] via P2P/IPC comm 0x5626b6938e90 nRanks 16
nid007974:70013:70090 [7] NCCL INFO New proxy send connection 62 from local rank 7, transport 0
nid007974:70013:70013 [7] NCCL INFO Connected to proxy localRank 7 -> connection 0x149264003130
nid007973:80842:80927 [6] NCCL INFO New proxy recv connection 57 from local rank 6, transport 0
nid007973:80842:80842 [6] NCCL INFO Connected to proxy localRank 6 -> connection 0x14ed7c002ed8
nid007973:80835:80929 [0] NCCL INFO New proxy recv connection 61 from local rank 0, transport 0
nid007973:80835:80835 [0] NCCL INFO Connected to proxy localRank 0 -> connection 0x15448c0030b8
nid007974:70010:70092 [2] NCCL INFO New proxy recv connection 59 from local rank 2, transport 0
nid007974:70010:70010 [2] NCCL INFO Connected to proxy localRank 2 -> connection 0x14d400002fc8
nid007973:80837:80930 [2] NCCL INFO New proxy recv connection 63 from local rank 2, transport 0
nid007973:80836:80836 [1] NCCL INFO Channel 01/2 : 1[c6000] -> 0[c1000] via P2P/IPC comm 0x5591df881fc0 nRanks 16
nid007973:80841:80841 [3] NCCL INFO Channel 00/2 : 3[ce000] -> 2[c9000] via P2P/IPC comm 0x55b76fa8e080 nRanks 16
nid007973:80836:80923 [1] NCCL INFO New proxy send connection 56 from local rank 1, transport 0
nid007973:80837:80837 [2] NCCL INFO Connected to proxy localRank 2 -> connection 0x14a7780031a8
nid007973:80836:80836 [1] NCCL INFO Connected to proxy localRank 1 -> connection 0x14577c002e60
nid007973:80841:80928 [3] NCCL INFO New proxy send connection 56 from local rank 3, transport 0
nid007973:80841:80841 [3] NCCL INFO Connected to proxy localRank 3 -> connection 0x147624002e60
nid007974:70007:70093 [6] NCCL INFO New proxy recv connection 57 from local rank 6, transport 0
nid007974:70007:70007 [6] NCCL INFO Connected to proxy localRank 6 -> connection 0x154848002ed8
nid007974:70006:70095 [0] NCCL INFO New proxy recv connection 61 from local rank 0, transport 0
nid007974:70006:70006 [0] NCCL INFO Connected to proxy localRank 0 -> connection 0x1512380030b8
nid007973:80839:80839 [7] NCCL INFO Channel 09/2 : 7[de000] -> 6[d9000] via P2P/IPC comm 0x55989727ef10 nRanks 16
nid007973:80839:80924 [7] NCCL INFO New proxy send connection 60 from local rank 7, transport 0
nid007973:80839:80839 [7] NCCL INFO Connected to proxy localRank 7 -> connection 0x148890003040
nid007974:70009:70009 [3] NCCL INFO Channel 01/2 : 11[ce000] -> 10[c9000] via P2P/IPC comm 0x564743402e90 nRanks 16
nid007974:70009:70100 [3] NCCL INFO New proxy send connection 56 from local rank 3, transport 0
nid007974:70012:70012 [1] NCCL INFO Channel 00/2 : 9[c6000] -> 8[c1000] via P2P/IPC comm 0x5570ceec4980 nRanks 16
nid007974:70009:70009 [3] NCCL INFO Connected to proxy localRank 3 -> connection 0x14964c002e60
nid007974:70012:70091 [1] NCCL INFO New proxy send connection 56 from local rank 1, transport 0
nid007974:70012:70012 [1] NCCL INFO Connected to proxy localRank 1 -> connection 0x14f334002e60
nid007974:70008:70096 [4] NCCL INFO New proxy recv connection 57 from local rank 4, transport 0
nid007974:70008:70008 [4] NCCL INFO Connected to proxy localRank 4 -> connection 0x145e0c002ed8
nid007973:80840:80925 [4] NCCL INFO New proxy recv connection 58 from local rank 4, transport 0
nid007973:80840:80840 [4] NCCL INFO Connected to proxy localRank 4 -> connection 0x145eb8002f50
nid007974:70011:70011 [5] NCCL INFO Channel 10/2 : 13[d6000] -> 12[d1000] via P2P/IPC comm 0x563437d05580 nRanks 16
nid007974:70013:70013 [7] NCCL INFO Channel 15/2 : 15[de000] -> 14[d9000] via P2P/IPC comm 0x5626b6938e90 nRanks 16
nid007974:70011:70097 [5] NCCL INFO New proxy send connection 61 from local rank 5, transport 0
nid007974:70011:70011 [5] NCCL INFO Connected to proxy localRank 5 -> connection 0x153c400030b8
nid007974:70013:70090 [7] NCCL INFO New proxy send connection 63 from local rank 7, transport 0
nid007974:70013:70013 [7] NCCL INFO Connected to proxy localRank 7 -> connection 0x1492640031a8
nid007973:80842:80927 [6] NCCL INFO New proxy recv connection 58 from local rank 6, transport 0
nid007973:80842:80842 [6] NCCL INFO Connected to proxy localRank 6 -> connection 0x14ed7c002f50
nid007973:80835:80929 [0] NCCL INFO New proxy recv connection 62 from local rank 0, transport 0
nid007973:80835:80835 [0] NCCL INFO Connected to proxy localRank 0 -> connection 0x15448c003130
nid007973:80836:80836 [1] NCCL INFO Channel 03/2 : 1[c6000] -> 0[c1000] via P2P/IPC comm 0x5591df881fc0 nRanks 16
nid007973:80836:80923 [1] NCCL INFO New proxy send connection 57 from local rank 1, transport 0
nid007973:80836:80836 [1] NCCL INFO Connected to proxy localRank 1 -> connection 0x14577c002ed8
nid007974:70007:70093 [6] NCCL INFO New proxy recv connection 58 from local rank 6, transport 0
nid007974:70007:70007 [6] NCCL INFO Connected to proxy localRank 6 -> connection 0x154848002f50
nid007974:70006:70095 [0] NCCL INFO New proxy recv connection 62 from local rank 0, transport 0
nid007974:70006:70006 [0] NCCL INFO Connected to proxy localRank 0 -> connection 0x151238003130
nid007974:70010:70092 [2] NCCL INFO New proxy recv connection 60 from local rank 2, transport 0
nid007974:70010:70010 [2] NCCL INFO Connected to proxy localRank 2 -> connection 0x14d400003040
nid007973:80841:80841 [3] NCCL INFO Channel 02/2 : 3[ce000] -> 2[c9000] via P2P/IPC comm 0x55b76fa8e080 nRanks 16
nid007973:80841:80928 [3] NCCL INFO New proxy send connection 57 from local rank 3, transport 0
nid007973:80841:80841 [3] NCCL INFO Connected to proxy localRank 3 -> connection 0x147624002ed8
nid007974:70009:70009 [3] NCCL INFO Channel 03/2 : 11[ce000] -> 10[c9000] via P2P/IPC comm 0x564743402e90 nRanks 16
nid007974:70009:70100 [3] NCCL INFO New proxy send connection 57 from local rank 3, transport 0
nid007974:70009:70009 [3] NCCL INFO Connected to proxy localRank 3 -> connection 0x14964c002ed8
nid007973:80840:80925 [4] NCCL INFO New proxy recv connection 59 from local rank 4, transport 0
nid007973:80840:80840 [4] NCCL INFO Connected to proxy localRank 4 -> connection 0x145eb8002fc8
nid007974:70008:70096 [4] NCCL INFO New proxy recv connection 58 from local rank 4, transport 0
nid007974:70008:70008 [4] NCCL INFO Connected to proxy localRank 4 -> connection 0x145e0c002f50
nid007973:80839:80839 [7] NCCL INFO Channel 10/2 : 7[de000] -> 6[d9000] via P2P/IPC comm 0x55989727ef10 nRanks 16
nid007973:80839:80924 [7] NCCL INFO New proxy send connection 61 from local rank 7, transport 0
nid007973:80839:80839 [7] NCCL INFO Connected to proxy localRank 7 -> connection 0x1488900030b8
nid007973:80842:80927 [6] NCCL INFO New proxy recv connection 59 from local rank 6, transport 0
nid007973:80842:80842 [6] NCCL INFO Connected to proxy localRank 6 -> connection 0x14ed7c002fc8
nid007974:70012:70012 [1] NCCL INFO Channel 02/2 : 9[c6000] -> 8[c1000] via P2P/IPC comm 0x5570ceec4980 nRanks 16
nid007974:70012:70091 [1] NCCL INFO New proxy send connection 57 from local rank 1, transport 0
nid007974:70012:70012 [1] NCCL INFO Connected to proxy localRank 1 -> connection 0x14f334002ed8
nid007974:70011:70011 [5] NCCL INFO Channel 13/2 : 13[d6000] -> 12[d1000] via P2P/IPC comm 0x563437d05580 nRanks 16
nid007974:70011:70097 [5] NCCL INFO New proxy send connection 62 from local rank 5, transport 0
nid007974:70011:70011 [5] NCCL INFO Connected to proxy localRank 5 -> connection 0x153c40003130
nid007973:80835:80929 [0] NCCL INFO New proxy recv connection 63 from local rank 0, transport 0
nid007973:80835:80835 [0] NCCL INFO Connected to proxy localRank 0 -> connection 0x15448c0031a8
nid007973:80836:80836 [1] NCCL INFO Channel 05/2 : 1[c6000] -> 0[c1000] via P2P/IPC comm 0x5591df881fc0 nRanks 16
nid007973:80836:80923 [1] NCCL INFO New proxy send connection 58 from local rank 1, transport 0
nid007973:80836:80836 [1] NCCL INFO Connected to proxy localRank 1 -> connection 0x14577c002f50
nid007974:70007:70093 [6] NCCL INFO New proxy recv connection 59 from local rank 6, transport 0
nid007974:70007:70007 [6] NCCL INFO Connected to proxy localRank 6 -> connection 0x154848002fc8
nid007974:70006:70095 [0] NCCL INFO New proxy recv connection 63 from local rank 0, transport 0
nid007974:70006:70006 [0] NCCL INFO Connected to proxy localRank 0 -> connection 0x1512380031a8
nid007974:70009:70009 [3] NCCL INFO Channel 05/2 : 11[ce000] -> 10[c9000] via P2P/IPC comm 0x564743402e90 nRanks 16
nid007974:70009:70100 [3] NCCL INFO New proxy send connection 58 from local rank 3, transport 0
nid007974:70009:70009 [3] NCCL INFO Connected to proxy localRank 3 -> connection 0x14964c002f50
nid007973:80840:80925 [4] NCCL INFO New proxy recv connection 60 from local rank 4, transport 0
nid007973:80840:80840 [4] NCCL INFO Connected to proxy localRank 4 -> connection 0x145eb8003040
nid007974:70010:70092 [2] NCCL INFO New proxy recv connection 61 from local rank 2, transport 0
nid007974:70010:70010 [2] NCCL INFO Connected to proxy localRank 2 -> connection 0x14d4000030b8
nid007973:80841:80841 [3] NCCL INFO Channel 04/2 : 3[ce000] -> 2[c9000] via P2P/IPC comm 0x55b76fa8e080 nRanks 16
nid007973:80841:80928 [3] NCCL INFO New proxy send connection 58 from local rank 3, transport 0
nid007973:80841:80841 [3] NCCL INFO Connected to proxy localRank 3 -> connection 0x147624002f50
nid007973:80842:80927 [6] NCCL INFO New proxy recv connection 60 from local rank 6, transport 0
nid007973:80842:80842 [6] NCCL INFO Connected to proxy localRank 6 -> connection 0x14ed7c003040
nid007974:70008:70096 [4] NCCL INFO New proxy recv connection 59 from local rank 4, transport 0
nid007974:70008:70008 [4] NCCL INFO Connected to proxy localRank 4 -> connection 0x145e0c002fc8
nid007973:80839:80839 [7] NCCL INFO Channel 13/2 : 7[de000] -> 6[d9000] via P2P/IPC comm 0x55989727ef10 nRanks 16
nid007973:80839:80924 [7] NCCL INFO New proxy send connection 62 from local rank 7, transport 0
nid007973:80839:80839 [7] NCCL INFO Connected to proxy localRank 7 -> connection 0x148890003130
nid007974:70011:70011 [5] NCCL INFO Channel 14/2 : 13[d6000] -> 12[d1000] via P2P/IPC comm 0x563437d05580 nRanks 16
nid007974:70011:70097 [5] NCCL INFO New proxy send connection 63 from local rank 5, transport 0
nid007974:70011:70011 [5] NCCL INFO Connected to proxy localRank 5 -> connection 0x153c400031a8
nid007973:80836:80836 [1] NCCL INFO Channel 07/2 : 1[c6000] -> 0[c1000] via P2P/IPC comm 0x5591df881fc0 nRanks 16
nid007973:80836:80923 [1] NCCL INFO New proxy send connection 59 from local rank 1, transport 0
nid007973:80836:80836 [1] NCCL INFO Connected to proxy localRank 1 -> connection 0x14577c002fc8
nid007974:70007:70093 [6] NCCL INFO New proxy recv connection 60 from local rank 6, transport 0
nid007974:70007:70007 [6] NCCL INFO Connected to proxy localRank 6 -> connection 0x154848003040
nid007974:70012:70012 [1] NCCL INFO Channel 04/2 : 9[c6000] -> 8[c1000] via P2P/IPC comm 0x5570ceec4980 nRanks 16
nid007974:70012:70091 [1] NCCL INFO New proxy send connection 58 from local rank 1, transport 0
nid007974:70012:70012 [1] NCCL INFO Connected to proxy localRank 1 -> connection 0x14f334002f50
nid007974:70009:70009 [3] NCCL INFO Channel 07/2 : 11[ce000] -> 10[c9000] via P2P/IPC comm 0x564743402e90 nRanks 16
nid007974:70009:70100 [3] NCCL INFO New proxy send connection 59 from local rank 3, transport 0
nid007974:70009:70009 [3] NCCL INFO Connected to proxy localRank 3 -> connection 0x14964c002fc8
nid007973:80840:80925 [4] NCCL INFO New proxy recv connection 61 from local rank 4, transport 0
nid007973:80840:80840 [4] NCCL INFO Connected to proxy localRank 4 -> connection 0x145eb80030b8
nid007973:80842:80927 [6] NCCL INFO New proxy recv connection 61 from local rank 6, transport 0
nid007973:80842:80842 [6] NCCL INFO Connected to proxy localRank 6 -> connection 0x14ed7c0030b8
nid007974:70010:70092 [2] NCCL INFO New proxy recv connection 62 from local rank 2, transport 0
nid007974:70010:70010 [2] NCCL INFO Connected to proxy localRank 2 -> connection 0x14d400003130
nid007973:80841:80841 [3] NCCL INFO Channel 06/2 : 3[ce000] -> 2[c9000] via P2P/IPC comm 0x55b76fa8e080 nRanks 16
nid007973:80841:80928 [3] NCCL INFO New proxy send connection 59 from local rank 3, transport 0
nid007973:80841:80841 [3] NCCL INFO Connected to proxy localRank 3 -> connection 0x147624002fc8
nid007973:80836:80836 [1] NCCL INFO Channel 09/2 : 1[c6000] -> 0[c1000] via P2P/IPC comm 0x5591df881fc0 nRanks 16
nid007973:80836:80923 [1] NCCL INFO New proxy send connection 60 from local rank 1, transport 0
nid007973:80836:80836 [1] NCCL INFO Connected to proxy localRank 1 -> connection 0x14577c003040
nid007974:70007:70093 [6] NCCL INFO New proxy recv connection 61 from local rank 6, transport 0
nid007974:70007:70007 [6] NCCL INFO Connected to proxy localRank 6 -> connection 0x1548480030b8
nid007973:80839:80839 [7] NCCL INFO Channel 14/2 : 7[de000] -> 6[d9000] via P2P/IPC comm 0x55989727ef10 nRanks 16
nid007973:80839:80924 [7] NCCL INFO New proxy send connection 63 from local rank 7, transport 0
nid007973:80839:80839 [7] NCCL INFO Connected to proxy localRank 7 -> connection 0x1488900031a8
nid007974:70008:70096 [4] NCCL INFO New proxy recv connection 60 from local rank 4, transport 0
nid007974:70008:70008 [4] NCCL INFO Connected to proxy localRank 4 -> connection 0x145e0c003040
nid007973:80840:80925 [4] NCCL INFO New proxy recv connection 62 from local rank 4, transport 0
nid007973:80840:80840 [4] NCCL INFO Connected to proxy localRank 4 -> connection 0x145eb8003130
nid007974:70009:70009 [3] NCCL INFO Channel 09/2 : 11[ce000] -> 10[c9000] via P2P/IPC comm 0x564743402e90 nRanks 16
nid007974:70009:70100 [3] NCCL INFO New proxy send connection 60 from local rank 3, transport 0
nid007974:70009:70009 [3] NCCL INFO Connected to proxy localRank 3 -> connection 0x14964c003040
nid007974:70012:70012 [1] NCCL INFO Channel 06/2 : 9[c6000] -> 8[c1000] via P2P/IPC comm 0x5570ceec4980 nRanks 16
nid007974:70012:70091 [1] NCCL INFO New proxy send connection 59 from local rank 1, transport 0
nid007974:70012:70012 [1] NCCL INFO Connected to proxy localRank 1 -> connection 0x14f334002fc8
nid007973:80842:80927 [6] NCCL INFO New proxy recv connection 62 from local rank 6, transport 0
nid007973:80842:80842 [6] NCCL INFO Connected to proxy localRank 6 -> connection 0x14ed7c003130
nid007974:70010:70092 [2] NCCL INFO New proxy recv connection 63 from local rank 2, transport 0
nid007974:70010:70010 [2] NCCL INFO Connected to proxy localRank 2 -> connection 0x14d4000031a8
nid007973:80836:80836 [1] NCCL INFO Channel 11/2 : 1[c6000] -> 0[c1000] via P2P/IPC comm 0x5591df881fc0 nRanks 16
nid007973:80836:80923 [1] NCCL INFO New proxy send connection 61 from local rank 1, transport 0
nid007973:80836:80836 [1] NCCL INFO Connected to proxy localRank 1 -> connection 0x14577c0030b8
nid007974:70007:70093 [6] NCCL INFO New proxy recv connection 62 from local rank 6, transport 0
nid007974:70007:70007 [6] NCCL INFO Connected to proxy localRank 6 -> connection 0x154848003130
nid007973:80841:80841 [3] NCCL INFO Channel 08/2 : 3[ce000] -> 2[c9000] via P2P/IPC comm 0x55b76fa8e080 nRanks 16
nid007973:80841:80928 [3] NCCL INFO New proxy send connection 60 from local rank 3, transport 0
nid007973:80841:80841 [3] NCCL INFO Connected to proxy localRank 3 -> connection 0x147624003040
nid007973:80840:80925 [4] NCCL INFO New proxy recv connection 63 from local rank 4, transport 0
nid007973:80840:80840 [4] NCCL INFO Connected to proxy localRank 4 -> connection 0x145eb80031a8
nid007974:70009:70009 [3] NCCL INFO Channel 11/2 : 11[ce000] -> 10[c9000] via P2P/IPC comm 0x564743402e90 nRanks 16
nid007974:70009:70100 [3] NCCL INFO New proxy send connection 61 from local rank 3, transport 0
nid007974:70009:70009 [3] NCCL INFO Connected to proxy localRank 3 -> connection 0x14964c0030b8
nid007974:70008:70096 [4] NCCL INFO New proxy recv connection 61 from local rank 4, transport 0
nid007974:70008:70008 [4] NCCL INFO Connected to proxy localRank 4 -> connection 0x145e0c0030b8
nid007973:80842:80927 [6] NCCL INFO New proxy recv connection 63 from local rank 6, transport 0
nid007973:80842:80842 [6] NCCL INFO Connected to proxy localRank 6 -> connection 0x14ed7c0031a8
nid007974:70012:70012 [1] NCCL INFO Channel 08/2 : 9[c6000] -> 8[c1000] via P2P/IPC comm 0x5570ceec4980 nRanks 16
nid007974:70012:70091 [1] NCCL INFO New proxy send connection 60 from local rank 1, transport 0
nid007973:80836:80836 [1] NCCL INFO Channel 13/2 : 1[c6000] -> 0[c1000] via P2P/IPC comm 0x5591df881fc0 nRanks 16
nid007973:80836:80923 [1] NCCL INFO New proxy send connection 62 from local rank 1, transport 0
nid007973:80836:80836 [1] NCCL INFO Connected to proxy localRank 1 -> connection 0x14577c003130
nid007974:70012:70012 [1] NCCL INFO Connected to proxy localRank 1 -> connection 0x14f334003040
nid007974:70007:70093 [6] NCCL INFO New proxy recv connection 63 from local rank 6, transport 0
nid007974:70007:70007 [6] NCCL INFO Connected to proxy localRank 6 -> connection 0x1548480031a8
nid007974:70009:70009 [3] NCCL INFO Channel 13/2 : 11[ce000] -> 10[c9000] via P2P/IPC comm 0x564743402e90 nRanks 16
nid007974:70009:70100 [3] NCCL INFO New proxy send connection 62 from local rank 3, transport 0
nid007974:70009:70009 [3] NCCL INFO Connected to proxy localRank 3 -> connection 0x14964c003130
nid007973:80841:80841 [3] NCCL INFO Channel 10/2 : 3[ce000] -> 2[c9000] via P2P/IPC comm 0x55b76fa8e080 nRanks 16
nid007973:80841:80928 [3] NCCL INFO New proxy send connection 61 from local rank 3, transport 0
nid007973:80841:80841 [3] NCCL INFO Connected to proxy localRank 3 -> connection 0x1476240030b8
nid007974:70008:70096 [4] NCCL INFO New proxy recv connection 62 from local rank 4, transport 0
nid007973:80840:80840 [4] NCCL INFO Channel 00/0 : 4[d1000] -> 5[d6000] via P2P/IPC comm 0x55a24b51bc60 nRanks 16
nid007973:80840:80925 [4] NCCL INFO New proxy send connection 64 from local rank 4, transport 0
nid007973:80840:80840 [4] NCCL INFO Connected to proxy localRank 4 -> connection 0x145eb8003220
nid007974:70008:70008 [4] NCCL INFO Connected to proxy localRank 4 -> connection 0x145e0c003130
nid007973:80836:80836 [1] NCCL INFO Channel 15/2 : 1[c6000] -> 0[c1000] via P2P/IPC comm 0x5591df881fc0 nRanks 16
nid007973:80836:80923 [1] NCCL INFO New proxy send connection 63 from local rank 1, transport 0
nid007973:80836:80836 [1] NCCL INFO Connected to proxy localRank 1 -> connection 0x14577c0031a8
nid007974:70012:70012 [1] NCCL INFO Channel 10/2 : 9[c6000] -> 8[c1000] via P2P/IPC comm 0x5570ceec4980 nRanks 16
nid007974:70012:70091 [1] NCCL INFO New proxy send connection 61 from local rank 1, transport 0
nid007974:70012:70012 [1] NCCL INFO Connected to proxy localRank 1 -> connection 0x14f3340030b8
nid007974:70009:70009 [3] NCCL INFO Channel 15/2 : 11[ce000] -> 10[c9000] via P2P/IPC comm 0x564743402e90 nRanks 16
nid007974:70009:70100 [3] NCCL INFO New proxy send connection 63 from local rank 3, transport 0
nid007974:70009:70009 [3] NCCL INFO Connected to proxy localRank 3 -> connection 0x14964c0031a8
nid007973:80842:80842 [6] NCCL INFO Channel 01/0 : 6[d9000] -> 7[de000] via P2P/IPC comm 0x55fbb093ae60 nRanks 16
nid007973:80842:80927 [6] NCCL INFO New proxy send connection 64 from local rank 6, transport 0
nid007973:80842:80842 [6] NCCL INFO Connected to proxy localRank 6 -> connection 0x14ed7c003220
nid007974:70007:70007 [6] NCCL INFO Channel 00/0 : 14[d9000] -> 15[de000] via P2P/IPC comm 0x55717d520e50 nRanks 16
nid007974:70007:70093 [6] NCCL INFO New proxy send connection 64 from local rank 6, transport 0
nid007974:70007:70007 [6] NCCL INFO Connected to proxy localRank 6 -> connection 0x154848003220
nid007973:80840:80840 [4] NCCL INFO Channel 03/0 : 4[d1000] -> 5[d6000] via P2P/IPC comm 0x55a24b51bc60 nRanks 16
nid007973:80840:80925 [4] NCCL INFO New proxy send connection 65 from local rank 4, transport 0
nid007973:80840:80840 [4] NCCL INFO Connected to proxy localRank 4 -> connection 0x145eb8003298
nid007973:80841:80841 [3] NCCL INFO Channel 12/2 : 3[ce000] -> 2[c9000] via P2P/IPC comm 0x55b76fa8e080 nRanks 16
nid007973:80841:80928 [3] NCCL INFO New proxy send connection 62 from local rank 3, transport 0
nid007973:80841:80841 [3] NCCL INFO Connected to proxy localRank 3 -> connection 0x147624003130
nid007974:70008:70096 [4] NCCL INFO New proxy recv connection 63 from local rank 4, transport 0
nid007974:70008:70008 [4] NCCL INFO Connected to proxy localRank 4 -> connection 0x145e0c0031a8
nid007973:80842:80842 [6] NCCL INFO Channel 02/0 : 6[d9000] -> 7[de000] via P2P/IPC comm 0x55fbb093ae60 nRanks 16
nid007973:80842:80927 [6] NCCL INFO New proxy send connection 65 from local rank 6, transport 0
nid007973:80842:80842 [6] NCCL INFO Connected to proxy localRank 6 -> connection 0x14ed7c003298
nid007973:80836:80923 [1] NCCL INFO New proxy recv connection 64 from local rank 1, transport 0
nid007973:80836:80836 [1] NCCL INFO Connected to proxy localRank 1 -> connection 0x14577c003220
nid007974:70012:70012 [1] NCCL INFO Channel 12/2 : 9[c6000] -> 8[c1000] via P2P/IPC comm 0x5570ceec4980 nRanks 16
nid007974:70012:70091 [1] NCCL INFO New proxy send connection 62 from local rank 1, transport 0
nid007974:70012:70012 [1] NCCL INFO Connected to proxy localRank 1 -> connection 0x14f334003130
nid007974:70007:70007 [6] NCCL INFO Channel 03/0 : 14[d9000] -> 15[de000] via P2P/IPC comm 0x55717d520e50 nRanks 16
nid007974:70007:70093 [6] NCCL INFO New proxy send connection 65 from local rank 6, transport 0
nid007974:70007:70007 [6] NCCL INFO Connected to proxy localRank 6 -> connection 0x154848003298
nid007973:80840:80840 [4] NCCL INFO Channel 04/0 : 4[d1000] -> 5[d6000] via P2P/IPC comm 0x55a24b51bc60 nRanks 16
nid007973:80840:80925 [4] NCCL INFO New proxy send connection 66 from local rank 4, transport 0
nid007973:80840:80840 [4] NCCL INFO Connected to proxy localRank 4 -> connection 0x145eb8003310
nid007974:70009:70100 [3] NCCL INFO New proxy recv connection 64 from local rank 3, transport 0
nid007974:70009:70009 [3] NCCL INFO Connected to proxy localRank 3 -> connection 0x14964c003220
nid007973:80841:80841 [3] NCCL INFO Channel 14/2 : 3[ce000] -> 2[c9000] via P2P/IPC comm 0x55b76fa8e080 nRanks 16
nid007973:80841:80928 [3] NCCL INFO New proxy send connection 63 from local rank 3, transport 0
nid007973:80841:80841 [3] NCCL INFO Connected to proxy localRank 3 -> connection 0x1476240031a8
nid007973:80842:80842 [6] NCCL INFO Channel 05/0 : 6[d9000] -> 7[de000] via P2P/IPC comm 0x55fbb093ae60 nRanks 16
nid007973:80842:80927 [6] NCCL INFO New proxy send connection 66 from local rank 6, transport 0
nid007973:80842:80842 [6] NCCL INFO Connected to proxy localRank 6 -> connection 0x14ed7c003310
nid007973:80836:80923 [1] NCCL INFO New proxy recv connection 65 from local rank 1, transport 0
nid007973:80836:80836 [1] NCCL INFO Connected to proxy localRank 1 -> connection 0x14577c003298
nid007974:70007:70007 [6] NCCL INFO Channel 04/0 : 14[d9000] -> 15[de000] via P2P/IPC comm 0x55717d520e50 nRanks 16
nid007974:70007:70093 [6] NCCL INFO New proxy send connection 66 from local rank 6, transport 0
nid007974:70007:70007 [6] NCCL INFO Connected to proxy localRank 6 -> connection 0x154848003310
nid007973:80840:80840 [4] NCCL INFO Channel 07/0 : 4[d1000] -> 5[d6000] via P2P/IPC comm 0x55a24b51bc60 nRanks 16
nid007973:80840:80925 [4] NCCL INFO New proxy send connection 67 from local rank 4, transport 0
nid007973:80840:80840 [4] NCCL INFO Connected to proxy localRank 4 -> connection 0x145eb8003388
nid007974:70012:70012 [1] NCCL INFO Channel 14/2 : 9[c6000] -> 8[c1000] via P2P/IPC comm 0x5570ceec4980 nRanks 16
nid007974:70012:70091 [1] NCCL INFO New proxy send connection 63 from local rank 1, transport 0
nid007974:70012:70012 [1] NCCL INFO Connected to proxy localRank 1 -> connection 0x14f3340031a8
nid007974:70008:70008 [4] NCCL INFO Channel 01/0 : 12[d1000] -> 13[d6000] via P2P/IPC comm 0x5576d248edc0 nRanks 16
nid007974:70008:70096 [4] NCCL INFO New proxy send connection 64 from local rank 4, transport 0
nid007974:70009:70100 [3] NCCL INFO New proxy recv connection 65 from local rank 3, transport 0
nid007974:70009:70009 [3] NCCL INFO Connected to proxy localRank 3 -> connection 0x14964c003298
nid007974:70008:70008 [4] NCCL INFO Connected to proxy localRank 4 -> connection 0x145e0c003220
nid007973:80842:80842 [6] NCCL INFO Channel 06/0 : 6[d9000] -> 7[de000] via P2P/IPC comm 0x55fbb093ae60 nRanks 16
nid007973:80842:80927 [6] NCCL INFO New proxy send connection 67 from local rank 6, transport 0
nid007973:80842:80842 [6] NCCL INFO Connected to proxy localRank 6 -> connection 0x14ed7c003388
nid007973:80836:80923 [1] NCCL INFO New proxy recv connection 66 from local rank 1, transport 0
nid007973:80836:80836 [1] NCCL INFO Connected to proxy localRank 1 -> connection 0x14577c003310
nid007974:70007:70007 [6] NCCL INFO Channel 07/0 : 14[d9000] -> 15[de000] via P2P/IPC comm 0x55717d520e50 nRanks 16
nid007974:70007:70093 [6] NCCL INFO New proxy send connection 67 from local rank 6, transport 0
nid007974:70007:70007 [6] NCCL INFO Connected to proxy localRank 6 -> connection 0x154848003388
nid007973:80840:80840 [4] NCCL INFO Channel 08/0 : 4[d1000] -> 5[d6000] via P2P/IPC comm 0x55a24b51bc60 nRanks 16
nid007973:80840:80925 [4] NCCL INFO New proxy send connection 68 from local rank 4, transport 0
nid007973:80840:80840 [4] NCCL INFO Connected to proxy localRank 4 -> connection 0x145eb8003400
nid007974:70008:70008 [4] NCCL INFO Channel 02/0 : 12[d1000] -> 13[d6000] via P2P/IPC comm 0x5576d248edc0 nRanks 16
nid007974:70008:70096 [4] NCCL INFO New proxy send connection 65 from local rank 4, transport 0
nid007974:70008:70008 [4] NCCL INFO Connected to proxy localRank 4 -> connection 0x145e0c003298
nid007974:70009:70100 [3] NCCL INFO New proxy recv connection 66 from local rank 3, transport 0
nid007974:70009:70009 [3] NCCL INFO Connected to proxy localRank 3 -> connection 0x14964c003310
nid007973:80841:80928 [3] NCCL INFO New proxy recv connection 64 from local rank 3, transport 0
nid007973:80841:80841 [3] NCCL INFO Connected to proxy localRank 3 -> connection 0x147624003220
nid007973:80842:80842 [6] NCCL INFO Channel 09/0 : 6[d9000] -> 7[de000] via P2P/IPC comm 0x55fbb093ae60 nRanks 16
nid007973:80842:80927 [6] NCCL INFO New proxy send connection 68 from local rank 6, transport 0
nid007973:80842:80842 [6] NCCL INFO Connected to proxy localRank 6 -> connection 0x14ed7c003400
nid007973:80840:80840 [4] NCCL INFO Channel 11/0 : 4[d1000] -> 5[d6000] via P2P/IPC comm 0x55a24b51bc60 nRanks 16
nid007973:80840:80925 [4] NCCL INFO New proxy send connection 69 from local rank 4, transport 0
nid007973:80840:80840 [4] NCCL INFO Connected to proxy localRank 4 -> connection 0x145eb8003478
nid007973:80836:80923 [1] NCCL INFO New proxy recv connection 67 from local rank 1, transport 0
nid007973:80836:80836 [1] NCCL INFO Connected to proxy localRank 1 -> connection 0x14577c003388
nid007974:70007:70007 [6] NCCL INFO Channel 08/0 : 14[d9000] -> 15[de000] via P2P/IPC comm 0x55717d520e50 nRanks 16
nid007974:70007:70093 [6] NCCL INFO New proxy send connection 68 from local rank 6, transport 0
nid007974:70007:70007 [6] NCCL INFO Connected to proxy localRank 6 -> connection 0x154848003400
nid007974:70012:70091 [1] NCCL INFO New proxy recv connection 64 from local rank 1, transport 0
nid007974:70012:70012 [1] NCCL INFO Connected to proxy localRank 1 -> connection 0x14f334003220
nid007974:70009:70100 [3] NCCL INFO New proxy recv connection 67 from local rank 3, transport 0
nid007974:70009:70009 [3] NCCL INFO Connected to proxy localRank 3 -> connection 0x14964c003388
nid007974:70008:70008 [4] NCCL INFO Channel 05/0 : 12[d1000] -> 13[d6000] via P2P/IPC comm 0x5576d248edc0 nRanks 16
nid007974:70008:70096 [4] NCCL INFO New proxy send connection 66 from local rank 4, transport 0
nid007974:70008:70008 [4] NCCL INFO Connected to proxy localRank 4 -> connection 0x145e0c003310
nid007973:80841:80928 [3] NCCL INFO New proxy recv connection 65 from local rank 3, transport 0
nid007973:80841:80841 [3] NCCL INFO Connected to proxy localRank 3 -> connection 0x147624003298
nid007973:80840:80840 [4] NCCL INFO Channel 12/0 : 4[d1000] -> 5[d6000] via P2P/IPC comm 0x55a24b51bc60 nRanks 16
nid007973:80840:80925 [4] NCCL INFO New proxy send connection 70 from local rank 4, transport 0
nid007973:80840:80840 [4] NCCL INFO Connected to proxy localRank 4 -> connection 0x145eb80034f0
nid007973:80842:80842 [6] NCCL INFO Channel 10/0 : 6[d9000] -> 7[de000] via P2P/IPC comm 0x55fbb093ae60 nRanks 16
nid007973:80842:80927 [6] NCCL INFO New proxy send connection 69 from local rank 6, transport 0
nid007973:80842:80842 [6] NCCL INFO Connected to proxy localRank 6 -> connection 0x14ed7c003478
nid007974:70007:70007 [6] NCCL INFO Channel 11/0 : 14[d9000] -> 15[de000] via P2P/IPC comm 0x55717d520e50 nRanks 16
nid007974:70007:70093 [6] NCCL INFO New proxy send connection 69 from local rank 6, transport 0
nid007974:70007:70007 [6] NCCL INFO Connected to proxy localRank 6 -> connection 0x154848003478
nid007973:80836:80923 [1] NCCL INFO New proxy recv connection 68 from local rank 1, transport 0
nid007973:80836:80836 [1] NCCL INFO Connected to proxy localRank 1 -> connection 0x14577c003400
nid007974:70009:70100 [3] NCCL INFO New proxy recv connection 68 from local rank 3, transport 0
nid007974:70009:70009 [3] NCCL INFO Connected to proxy localRank 3 -> connection 0x14964c003400
nid007974:70008:70008 [4] NCCL INFO Channel 06/0 : 12[d1000] -> 13[d6000] via P2P/IPC comm 0x5576d248edc0 nRanks 16
nid007974:70008:70096 [4] NCCL INFO New proxy send connection 67 from local rank 4, transport 0
nid007974:70008:70008 [4] NCCL INFO Connected to proxy localRank 4 -> connection 0x145e0c003388
nid007974:70012:70091 [1] NCCL INFO New proxy recv connection 65 from local rank 1, transport 0
nid007974:70012:70012 [1] NCCL INFO Connected to proxy localRank 1 -> connection 0x14f334003298
nid007973:80840:80840 [4] NCCL INFO Channel 15/0 : 4[d1000] -> 5[d6000] via P2P/IPC comm 0x55a24b51bc60 nRanks 16
nid007973:80840:80925 [4] NCCL INFO New proxy send connection 71 from local rank 4, transport 0
nid007973:80840:80840 [4] NCCL INFO Connected to proxy localRank 4 -> connection 0x145eb8003568
nid007973:80842:80842 [6] NCCL INFO Channel 13/0 : 6[d9000] -> 7[de000] via P2P/IPC comm 0x55fbb093ae60 nRanks 16
nid007973:80842:80927 [6] NCCL INFO New proxy send connection 70 from local rank 6, transport 0
nid007973:80842:80842 [6] NCCL INFO Connected to proxy localRank 6 -> connection 0x14ed7c0034f0
nid007974:70007:70007 [6] NCCL INFO Channel 12/0 : 14[d9000] -> 15[de000] via P2P/IPC comm 0x55717d520e50 nRanks 16
nid007974:70007:70093 [6] NCCL INFO New proxy send connection 70 from local rank 6, transport 0
nid007974:70007:70007 [6] NCCL INFO Connected to proxy localRank 6 -> connection 0x1548480034f0
nid007973:80841:80928 [3] NCCL INFO New proxy recv connection 66 from local rank 3, transport 0
nid007973:80841:80841 [3] NCCL INFO Connected to proxy localRank 3 -> connection 0x147624003310
nid007973:80836:80923 [1] NCCL INFO New proxy recv connection 69 from local rank 1, transport 0
nid007973:80836:80836 [1] NCCL INFO Connected to proxy localRank 1 -> connection 0x14577c003478
nid007974:70009:70100 [3] NCCL INFO New proxy recv connection 69 from local rank 3, transport 0
nid007974:70009:70009 [3] NCCL INFO Connected to proxy localRank 3 -> connection 0x14964c003478
nid007974:70008:70008 [4] NCCL INFO Channel 09/0 : 12[d1000] -> 13[d6000] via P2P/IPC comm 0x5576d248edc0 nRanks 16
nid007974:70008:70096 [4] NCCL INFO New proxy send connection 68 from local rank 4, transport 0
nid007974:70008:70008 [4] NCCL INFO Connected to proxy localRank 4 -> connection 0x145e0c003400
nid007973:80842:80842 [6] NCCL INFO Channel 14/0 : 6[d9000] -> 7[de000] via P2P/IPC comm 0x55fbb093ae60 nRanks 16
nid007973:80842:80927 [6] NCCL INFO New proxy send connection 71 from local rank 6, transport 0
nid007973:80842:80842 [6] NCCL INFO Connected to proxy localRank 6 -> connection 0x14ed7c003568
nid007974:70012:70091 [1] NCCL INFO New proxy recv connection 66 from local rank 1, transport 0
nid007974:70012:70012 [1] NCCL INFO Connected to proxy localRank 1 -> connection 0x14f334003310
nid007974:70007:70007 [6] NCCL INFO Channel 15/0 : 14[d9000] -> 15[de000] via P2P/IPC comm 0x55717d520e50 nRanks 16
nid007974:70007:70093 [6] NCCL INFO New proxy send connection 71 from local rank 6, transport 0
nid007974:70007:70007 [6] NCCL INFO Connected to proxy localRank 6 -> connection 0x154848003568
nid007973:80836:80923 [1] NCCL INFO New proxy recv connection 70 from local rank 1, transport 0
nid007973:80836:80836 [1] NCCL INFO Connected to proxy localRank 1 -> connection 0x14577c0034f0
nid007973:80841:80928 [3] NCCL INFO New proxy recv connection 67 from local rank 3, transport 0
nid007973:80841:80841 [3] NCCL INFO Connected to proxy localRank 3 -> connection 0x147624003388
nid007974:70009:70100 [3] NCCL INFO New proxy recv connection 70 from local rank 3, transport 0
nid007974:70009:70009 [3] NCCL INFO Connected to proxy localRank 3 -> connection 0x14964c0034f0
nid007974:70008:70008 [4] NCCL INFO Channel 10/0 : 12[d1000] -> 13[d6000] via P2P/IPC comm 0x5576d248edc0 nRanks 16
nid007974:70008:70096 [4] NCCL INFO New proxy send connection 69 from local rank 4, transport 0
nid007974:70008:70008 [4] NCCL INFO Connected to proxy localRank 4 -> connection 0x145e0c003478
nid007973:80836:80923 [1] NCCL INFO New proxy recv connection 71 from local rank 1, transport 0
nid007973:80836:80836 [1] NCCL INFO Connected to proxy localRank 1 -> connection 0x14577c003568
nid007974:70013:70090 [7] NCCL INFO New proxy recv connection 64 from local rank 7, transport 0
nid007974:70013:70013 [7] NCCL INFO Connected to proxy localRank 7 -> connection 0x149264003220
nid007974:70012:70091 [1] NCCL INFO New proxy recv connection 67 from local rank 1, transport 0
nid007974:70012:70012 [1] NCCL INFO Connected to proxy localRank 1 -> connection 0x14f334003388
nid007974:70009:70100 [3] NCCL INFO New proxy recv connection 71 from local rank 3, transport 0
nid007974:70009:70009 [3] NCCL INFO Connected to proxy localRank 3 -> connection 0x14964c003568
nid007973:80841:80928 [3] NCCL INFO New proxy recv connection 68 from local rank 3, transport 0
nid007973:80841:80841 [3] NCCL INFO Connected to proxy localRank 3 -> connection 0x147624003400
nid007974:70013:70090 [7] NCCL INFO New proxy recv connection 65 from local rank 7, transport 0
nid007974:70013:70013 [7] NCCL INFO Connected to proxy localRank 7 -> connection 0x149264003298
nid007974:70008:70008 [4] NCCL INFO Channel 13/0 : 12[d1000] -> 13[d6000] via P2P/IPC comm 0x5576d248edc0 nRanks 16
nid007974:70008:70096 [4] NCCL INFO New proxy send connection 70 from local rank 4, transport 0
nid007974:70008:70008 [4] NCCL INFO Connected to proxy localRank 4 -> connection 0x145e0c0034f0
nid007974:70012:70091 [1] NCCL INFO New proxy recv connection 68 from local rank 1, transport 0
nid007974:70012:70012 [1] NCCL INFO Connected to proxy localRank 1 -> connection 0x14f334003400
nid007973:80841:80928 [3] NCCL INFO New proxy recv connection 69 from local rank 3, transport 0
nid007973:80841:80841 [3] NCCL INFO Connected to proxy localRank 3 -> connection 0x147624003478
nid007973:80839:80924 [7] NCCL INFO New proxy recv connection 64 from local rank 7, transport 0
nid007973:80839:80839 [7] NCCL INFO Connected to proxy localRank 7 -> connection 0x148890003220
nid007974:70013:70090 [7] NCCL INFO New proxy recv connection 66 from local rank 7, transport 0
nid007974:70013:70013 [7] NCCL INFO Connected to proxy localRank 7 -> connection 0x149264003310
nid007974:70008:70008 [4] NCCL INFO Channel 14/0 : 12[d1000] -> 13[d6000] via P2P/IPC comm 0x5576d248edc0 nRanks 16
nid007974:70008:70096 [4] NCCL INFO New proxy send connection 71 from local rank 4, transport 0
nid007974:70008:70008 [4] NCCL INFO Connected to proxy localRank 4 -> connection 0x145e0c003568
nid007974:70012:70091 [1] NCCL INFO New proxy recv connection 69 from local rank 1, transport 0
nid007974:70012:70012 [1] NCCL INFO Connected to proxy localRank 1 -> connection 0x14f334003478
nid007974:70013:70090 [7] NCCL INFO New proxy recv connection 67 from local rank 7, transport 0
nid007974:70013:70013 [7] NCCL INFO Connected to proxy localRank 7 -> connection 0x149264003388
nid007973:80841:80928 [3] NCCL INFO New proxy recv connection 70 from local rank 3, transport 0
nid007973:80841:80841 [3] NCCL INFO Connected to proxy localRank 3 -> connection 0x1476240034f0
nid007973:80839:80924 [7] NCCL INFO New proxy recv connection 65 from local rank 7, transport 0
nid007973:80839:80839 [7] NCCL INFO Connected to proxy localRank 7 -> connection 0x148890003298
nid007973:80838:80926 [5] NCCL INFO New proxy recv connection 64 from local rank 5, transport 0
nid007973:80838:80838 [5] NCCL INFO Connected to proxy localRank 5 -> connection 0x14d4f8003220
nid007974:70013:70090 [7] NCCL INFO New proxy recv connection 68 from local rank 7, transport 0
nid007974:70013:70013 [7] NCCL INFO Connected to proxy localRank 7 -> connection 0x149264003400
nid007974:70011:70097 [5] NCCL INFO New proxy recv connection 64 from local rank 5, transport 0
nid007974:70011:70011 [5] NCCL INFO Connected to proxy localRank 5 -> connection 0x153c40003220
nid007974:70012:70091 [1] NCCL INFO New proxy recv connection 70 from local rank 1, transport 0
nid007974:70012:70012 [1] NCCL INFO Connected to proxy localRank 1 -> connection 0x14f3340034f0
nid007973:80841:80928 [3] NCCL INFO New proxy recv connection 71 from local rank 3, transport 0
nid007973:80841:80841 [3] NCCL INFO Connected to proxy localRank 3 -> connection 0x147624003568
nid007973:80838:80926 [5] NCCL INFO New proxy recv connection 65 from local rank 5, transport 0
nid007973:80838:80838 [5] NCCL INFO Connected to proxy localRank 5 -> connection 0x14d4f8003298
nid007973:80839:80924 [7] NCCL INFO New proxy recv connection 66 from local rank 7, transport 0
nid007973:80839:80839 [7] NCCL INFO Connected to proxy localRank 7 -> connection 0x148890003310
nid007974:70013:70090 [7] NCCL INFO New proxy recv connection 69 from local rank 7, transport 0
nid007974:70013:70013 [7] NCCL INFO Connected to proxy localRank 7 -> connection 0x149264003478
nid007974:70011:70097 [5] NCCL INFO New proxy recv connection 65 from local rank 5, transport 0
nid007974:70011:70011 [5] NCCL INFO Connected to proxy localRank 5 -> connection 0x153c40003298
nid007973:80838:80926 [5] NCCL INFO New proxy recv connection 66 from local rank 5, transport 0
nid007973:80838:80838 [5] NCCL INFO Connected to proxy localRank 5 -> connection 0x14d4f8003310
nid007974:70012:70091 [1] NCCL INFO New proxy recv connection 71 from local rank 1, transport 0
nid007974:70012:70012 [1] NCCL INFO Connected to proxy localRank 1 -> connection 0x14f334003568
nid007973:80839:80924 [7] NCCL INFO New proxy recv connection 67 from local rank 7, transport 0
nid007973:80839:80839 [7] NCCL INFO Connected to proxy localRank 7 -> connection 0x148890003388
nid007974:70013:70090 [7] NCCL INFO New proxy recv connection 70 from local rank 7, transport 0
nid007974:70013:70013 [7] NCCL INFO Connected to proxy localRank 7 -> connection 0x1492640034f0
nid007973:80837:80837 [2] NCCL INFO Channel 00/0 : 2[c9000] -> 3[ce000] via P2P/IPC comm 0x556a309360f0 nRanks 16
nid007973:80837:80930 [2] NCCL INFO New proxy send connection 64 from local rank 2, transport 0
nid007973:80837:80837 [2] NCCL INFO Connected to proxy localRank 2 -> connection 0x14a778003220
nid007973:80838:80926 [5] NCCL INFO New proxy recv connection 67 from local rank 5, transport 0
nid007973:80838:80838 [5] NCCL INFO Connected to proxy localRank 5 -> connection 0x14d4f8003388
nid007974:70010:70010 [2] NCCL INFO Channel 01/0 : 10[c9000] -> 11[ce000] via P2P/IPC comm 0x555fb8b1ed80 nRanks 16
nid007974:70010:70092 [2] NCCL INFO New proxy send connection 64 from local rank 2, transport 0
nid007974:70010:70010 [2] NCCL INFO Connected to proxy localRank 2 -> connection 0x14d400003220
nid007974:70011:70097 [5] NCCL INFO New proxy recv connection 66 from local rank 5, transport 0
nid007974:70011:70011 [5] NCCL INFO Connected to proxy localRank 5 -> connection 0x153c40003310
nid007974:70013:70090 [7] NCCL INFO New proxy recv connection 71 from local rank 7, transport 0
nid007974:70013:70013 [7] NCCL INFO Connected to proxy localRank 7 -> connection 0x149264003568
nid007973:80839:80924 [7] NCCL INFO New proxy recv connection 68 from local rank 7, transport 0
nid007973:80839:80839 [7] NCCL INFO Connected to proxy localRank 7 -> connection 0x148890003400
nid007973:80837:80837 [2] NCCL INFO Channel 02/0 : 2[c9000] -> 3[ce000] via P2P/IPC comm 0x556a309360f0 nRanks 16
nid007973:80837:80930 [2] NCCL INFO New proxy send connection 65 from local rank 2, transport 0
nid007973:80837:80837 [2] NCCL INFO Connected to proxy localRank 2 -> connection 0x14a778003298
nid007973:80838:80926 [5] NCCL INFO New proxy recv connection 68 from local rank 5, transport 0
nid007973:80838:80838 [5] NCCL INFO Connected to proxy localRank 5 -> connection 0x14d4f8003400
nid007974:70011:70097 [5] NCCL INFO New proxy recv connection 67 from local rank 5, transport 0
nid007974:70011:70011 [5] NCCL INFO Connected to proxy localRank 5 -> connection 0x153c40003388
nid007974:70013:70090 [7] NCCL INFO New proxy recv connection 72 from local rank 7, transport 0
nid007974:70007:70093 [6] NCCL INFO New proxy recv connection 72 from local rank 6, transport 0
nid007974:70007:70007 [6] NCCL INFO Connected to proxy localRank 6 -> connection 0x1548480035e0
nid007974:70010:70010 [2] NCCL INFO Channel 03/0 : 10[c9000] -> 11[ce000] via P2P/IPC comm 0x555fb8b1ed80 nRanks 16
nid007974:70010:70092 [2] NCCL INFO New proxy send connection 65 from local rank 2, transport 0
nid007974:70010:70010 [2] NCCL INFO Connected to proxy localRank 2 -> connection 0x14d400003298
nid007974:70013:70013 [7] NCCL INFO Connected to proxy localRank 7 -> connection 0x1492640035e0
nid007973:80837:80837 [2] NCCL INFO Channel 04/0 : 2[c9000] -> 3[ce000] via P2P/IPC comm 0x556a309360f0 nRanks 16
nid007973:80837:80930 [2] NCCL INFO New proxy send connection 66 from local rank 2, transport 0
nid007973:80837:80837 [2] NCCL INFO Connected to proxy localRank 2 -> connection 0x14a778003310
nid007973:80839:80924 [7] NCCL INFO New proxy recv connection 69 from local rank 7, transport 0
nid007973:80839:80839 [7] NCCL INFO Connected to proxy localRank 7 -> connection 0x148890003478
nid007973:80838:80926 [5] NCCL INFO New proxy recv connection 69 from local rank 5, transport 0
nid007973:80838:80838 [5] NCCL INFO Connected to proxy localRank 5 -> connection 0x14d4f8003478
nid007974:70013:70090 [7] NCCL INFO New proxy recv connection 73 from local rank 7, transport 0
nid007974:70013:70013 [7] NCCL INFO Connected to proxy localRank 7 -> connection 0x149264003658
nid007974:70007:70093 [6] NCCL INFO New proxy recv connection 73 from local rank 6, transport 0
nid007974:70007:70007 [6] NCCL INFO Connected to proxy localRank 6 -> connection 0x154848003658
nid007974:70011:70097 [5] NCCL INFO New proxy recv connection 68 from local rank 5, transport 0
nid007974:70011:70011 [5] NCCL INFO Connected to proxy localRank 5 -> connection 0x153c40003400
nid007974:70010:70010 [2] NCCL INFO Channel 05/0 : 10[c9000] -> 11[ce000] via P2P/IPC comm 0x555fb8b1ed80 nRanks 16
nid007974:70010:70092 [2] NCCL INFO New proxy send connection 66 from local rank 2, transport 0
nid007974:70010:70010 [2] NCCL INFO Connected to proxy localRank 2 -> connection 0x14d400003310
nid007973:80838:80926 [5] NCCL INFO New proxy recv connection 70 from local rank 5, transport 0
nid007973:80838:80838 [5] NCCL INFO Connected to proxy localRank 5 -> connection 0x14d4f80034f0
nid007973:80837:80837 [2] NCCL INFO Channel 06/0 : 2[c9000] -> 3[ce000] via P2P/IPC comm 0x556a309360f0 nRanks 16
nid007973:80837:80930 [2] NCCL INFO New proxy send connection 67 from local rank 2, transport 0
nid007974:70013:70090 [7] NCCL INFO New proxy recv connection 74 from local rank 7, transport 0
nid007974:70013:70013 [7] NCCL INFO Connected to proxy localRank 7 -> connection 0x1492640036d0
nid007973:80837:80837 [2] NCCL INFO Connected to proxy localRank 2 -> connection 0x14a778003388
nid007973:80839:80924 [7] NCCL INFO New proxy recv connection 70 from local rank 7, transport 0
nid007973:80839:80839 [7] NCCL INFO Connected to proxy localRank 7 -> connection 0x1488900034f0
nid007974:70007:70093 [6] NCCL INFO New proxy recv connection 74 from local rank 6, transport 0
nid007974:70007:70007 [6] NCCL INFO Connected to proxy localRank 6 -> connection 0x1548480036d0
nid007974:70011:70097 [5] NCCL INFO New proxy recv connection 69 from local rank 5, transport 0
nid007974:70011:70011 [5] NCCL INFO Connected to proxy localRank 5 -> connection 0x153c40003478
nid007974:70010:70010 [2] NCCL INFO Channel 07/0 : 10[c9000] -> 11[ce000] via P2P/IPC comm 0x555fb8b1ed80 nRanks 16
nid007974:70010:70092 [2] NCCL INFO New proxy send connection 67 from local rank 2, transport 0
nid007974:70010:70010 [2] NCCL INFO Connected to proxy localRank 2 -> connection 0x14d400003388
nid007973:80838:80926 [5] NCCL INFO New proxy recv connection 71 from local rank 5, transport 0
nid007973:80838:80838 [5] NCCL INFO Connected to proxy localRank 5 -> connection 0x14d4f8003568
nid007974:70013:70090 [7] NCCL INFO New proxy recv connection 75 from local rank 7, transport 0
nid007974:70013:70013 [7] NCCL INFO Connected to proxy localRank 7 -> connection 0x149264003748
nid007974:70007:70093 [6] NCCL INFO New proxy recv connection 75 from local rank 6, transport 0
nid007974:70007:70007 [6] NCCL INFO Connected to proxy localRank 6 -> connection 0x154848003748
nid007973:80837:80837 [2] NCCL INFO Channel 08/0 : 2[c9000] -> 3[ce000] via P2P/IPC comm 0x556a309360f0 nRanks 16
nid007973:80837:80930 [2] NCCL INFO New proxy send connection 68 from local rank 2, transport 0
nid007973:80837:80837 [2] NCCL INFO Connected to proxy localRank 2 -> connection 0x14a778003400
nid007973:80839:80924 [7] NCCL INFO New proxy recv connection 71 from local rank 7, transport 0
nid007973:80839:80839 [7] NCCL INFO Connected to proxy localRank 7 -> connection 0x148890003568
nid007973:80840:80925 [4] NCCL INFO New proxy recv connection 72 from local rank 4, transport 0
nid007973:80840:80840 [4] NCCL INFO Connected to proxy localRank 4 -> connection 0x145eb80035e0
nid007973:80838:80926 [5] NCCL INFO New proxy recv connection 72 from local rank 5, transport 0
nid007973:80838:80838 [5] NCCL INFO Connected to proxy localRank 5 -> connection 0x14d4f80035e0
nid007974:70011:70097 [5] NCCL INFO New proxy recv connection 70 from local rank 5, transport 0
nid007974:70011:70011 [5] NCCL INFO Connected to proxy localRank 5 -> connection 0x153c400034f0
nid007974:70010:70010 [2] NCCL INFO Channel 09/0 : 10[c9000] -> 11[ce000] via P2P/IPC comm 0x555fb8b1ed80 nRanks 16
nid007974:70010:70092 [2] NCCL INFO New proxy send connection 68 from local rank 2, transport 0
nid007974:70010:70010 [2] NCCL INFO Connected to proxy localRank 2 -> connection 0x14d400003400
nid007973:80837:80837 [2] NCCL INFO Channel 10/0 : 2[c9000] -> 3[ce000] via P2P/IPC comm 0x556a309360f0 nRanks 16
nid007973:80837:80930 [2] NCCL INFO New proxy send connection 69 from local rank 2, transport 0
nid007973:80837:80837 [2] NCCL INFO Connected to proxy localRank 2 -> connection 0x14a778003478
nid007973:80839:80924 [7] NCCL INFO New proxy recv connection 72 from local rank 7, transport 0
nid007973:80839:80839 [7] NCCL INFO Connected to proxy localRank 7 -> connection 0x1488900035e0
nid007973:80842:80927 [6] NCCL INFO New proxy recv connection 72 from local rank 6, transport 0
nid007973:80842:80842 [6] NCCL INFO Connected to proxy localRank 6 -> connection 0x14ed7c0035e0
nid007973:80840:80925 [4] NCCL INFO New proxy recv connection 73 from local rank 4, transport 0
nid007973:80840:80840 [4] NCCL INFO Connected to proxy localRank 4 -> connection 0x145eb8003658
nid007973:80838:80926 [5] NCCL INFO New proxy recv connection 73 from local rank 5, transport 0
nid007973:80838:80838 [5] NCCL INFO Connected to proxy localRank 5 -> connection 0x14d4f8003658
nid007974:70010:70010 [2] NCCL INFO Channel 11/0 : 10[c9000] -> 11[ce000] via P2P/IPC comm 0x555fb8b1ed80 nRanks 16
nid007974:70010:70092 [2] NCCL INFO New proxy send connection 69 from local rank 2, transport 0
nid007974:70010:70010 [2] NCCL INFO Connected to proxy localRank 2 -> connection 0x14d400003478
nid007974:70011:70097 [5] NCCL INFO New proxy recv connection 71 from local rank 5, transport 0
nid007974:70011:70011 [5] NCCL INFO Connected to proxy localRank 5 -> connection 0x153c40003568
nid007973:80842:80927 [6] NCCL INFO New proxy recv connection 73 from local rank 6, transport 0
nid007973:80842:80842 [6] NCCL INFO Connected to proxy localRank 6 -> connection 0x14ed7c003658
nid007973:80840:80925 [4] NCCL INFO New proxy recv connection 74 from local rank 4, transport 0
nid007973:80840:80840 [4] NCCL INFO Connected to proxy localRank 4 -> connection 0x145eb80036d0
nid007973:80837:80837 [2] NCCL INFO Channel 12/0 : 2[c9000] -> 3[ce000] via P2P/IPC comm 0x556a309360f0 nRanks 16
nid007973:80837:80930 [2] NCCL INFO New proxy send connection 70 from local rank 2, transport 0
nid007973:80837:80837 [2] NCCL INFO Connected to proxy localRank 2 -> connection 0x14a7780034f0
nid007973:80838:80926 [5] NCCL INFO New proxy recv connection 74 from local rank 5, transport 0
nid007973:80838:80838 [5] NCCL INFO Connected to proxy localRank 5 -> connection 0x14d4f80036d0
nid007973:80839:80924 [7] NCCL INFO New proxy recv connection 73 from local rank 7, transport 0
nid007973:80839:80839 [7] NCCL INFO Connected to proxy localRank 7 -> connection 0x148890003658
nid007974:70010:70010 [2] NCCL INFO Channel 13/0 : 10[c9000] -> 11[ce000] via P2P/IPC comm 0x555fb8b1ed80 nRanks 16
nid007974:70010:70092 [2] NCCL INFO New proxy send connection 70 from local rank 2, transport 0
nid007974:70010:70010 [2] NCCL INFO Connected to proxy localRank 2 -> connection 0x14d4000034f0
nid007974:70008:70096 [4] NCCL INFO New proxy recv connection 72 from local rank 4, transport 0
nid007974:70008:70008 [4] NCCL INFO Connected to proxy localRank 4 -> connection 0x145e0c0035e0
nid007974:70011:70097 [5] NCCL INFO New proxy recv connection 72 from local rank 5, transport 0
nid007974:70011:70011 [5] NCCL INFO Connected to proxy localRank 5 -> connection 0x153c400035e0
nid007973:80842:80927 [6] NCCL INFO New proxy recv connection 74 from local rank 6, transport 0
nid007973:80842:80842 [6] NCCL INFO Connected to proxy localRank 6 -> connection 0x14ed7c0036d0
nid007973:80840:80925 [4] NCCL INFO New proxy recv connection 75 from local rank 4, transport 0
nid007973:80840:80840 [4] NCCL INFO Connected to proxy localRank 4 -> connection 0x145eb8003748
nid007973:80838:80926 [5] NCCL INFO New proxy recv connection 75 from local rank 5, transport 0
nid007973:80838:80838 [5] NCCL INFO Connected to proxy localRank 5 -> connection 0x14d4f8003748
nid007974:70011:70097 [5] NCCL INFO New proxy recv connection 73 from local rank 5, transport 0
nid007974:70011:70011 [5] NCCL INFO Connected to proxy localRank 5 -> connection 0x153c40003658
nid007973:80837:80837 [2] NCCL INFO Channel 14/0 : 2[c9000] -> 3[ce000] via P2P/IPC comm 0x556a309360f0 nRanks 16
nid007973:80837:80930 [2] NCCL INFO New proxy send connection 71 from local rank 2, transport 0
nid007973:80837:80837 [2] NCCL INFO Connected to proxy localRank 2 -> connection 0x14a778003568
nid007973:80839:80924 [7] NCCL INFO New proxy recv connection 74 from local rank 7, transport 0
nid007973:80839:80839 [7] NCCL INFO Connected to proxy localRank 7 -> connection 0x1488900036d0
nid007974:70010:70010 [2] NCCL INFO Channel 15/0 : 10[c9000] -> 11[ce000] via P2P/IPC comm 0x555fb8b1ed80 nRanks 16
nid007974:70010:70092 [2] NCCL INFO New proxy send connection 71 from local rank 2, transport 0
nid007974:70010:70010 [2] NCCL INFO Connected to proxy localRank 2 -> connection 0x14d400003568
nid007974:70008:70096 [4] NCCL INFO New proxy recv connection 73 from local rank 4, transport 0
nid007974:70008:70008 [4] NCCL INFO Connected to proxy localRank 4 -> connection 0x145e0c003658
nid007973:80840:80840 [4] NCCL INFO Channel 01/0 : 4[d1000] -> 6[d9000] via P2P/IPC comm 0x55a24b51bc60 nRanks 16
nid007973:80840:80925 [4] NCCL INFO New proxy send connection 76 from local rank 4, transport 0
nid007973:80840:80840 [4] NCCL INFO Connected to proxy localRank 4 -> connection 0x145eb80037c0
nid007973:80842:80927 [6] NCCL INFO New proxy recv connection 75 from local rank 6, transport 0
nid007973:80842:80842 [6] NCCL INFO Connected to proxy localRank 6 -> connection 0x14ed7c003748
nid007974:70011:70097 [5] NCCL INFO New proxy recv connection 74 from local rank 5, transport 0
nid007974:70011:70011 [5] NCCL INFO Connected to proxy localRank 5 -> connection 0x153c400036d0
nid007974:70008:70096 [4] NCCL INFO New proxy recv connection 74 from local rank 4, transport 0
nid007974:70008:70008 [4] NCCL INFO Connected to proxy localRank 4 -> connection 0x145e0c0036d0
nid007973:80839:80924 [7] NCCL INFO New proxy recv connection 75 from local rank 7, transport 0
nid007973:80839:80839 [7] NCCL INFO Connected to proxy localRank 7 -> connection 0x148890003748
nid007974:70010:70010 [2] NCCL INFO Channel 02/0 : 10[c9000] -> 12[d1000] via P2P/IPC comm 0x555fb8b1ed80 nRanks 16
nid007974:70010:70092 [2] NCCL INFO New proxy send connection 72 from local rank 2, transport 0
nid007974:70010:70010 [2] NCCL INFO Connected to proxy localRank 2 -> connection 0x14d4000035e0
nid007973:80841:80928 [3] NCCL INFO New proxy recv connection 72 from local rank 3, transport 0
nid007973:80837:80837 [2] NCCL INFO Channel 03/0 : 2[c9000] -> 4[d1000] via P2P/IPC comm 0x556a309360f0 nRanks 16
nid007973:80841:80841 [3] NCCL INFO Connected to proxy localRank 3 -> connection 0x1476240035e0
nid007973:80837:80930 [2] NCCL INFO New proxy send connection 72 from local rank 2, transport 0
nid007973:80837:80837 [2] NCCL INFO Connected to proxy localRank 2 -> connection 0x14a7780035e0
nid007974:70009:70100 [3] NCCL INFO New proxy recv connection 72 from local rank 3, transport 0
nid007974:70009:70009 [3] NCCL INFO Connected to proxy localRank 3 -> connection 0x14964c0035e0
nid007973:80840:80840 [4] NCCL INFO Channel 05/0 : 4[d1000] -> 6[d9000] via P2P/IPC comm 0x55a24b51bc60 nRanks 16
nid007973:80840:80925 [4] NCCL INFO New proxy send connection 77 from local rank 4, transport 0
nid007973:80840:80840 [4] NCCL INFO Connected to proxy localRank 4 -> connection 0x145eb8003838
nid007974:70011:70097 [5] NCCL INFO New proxy recv connection 75 from local rank 5, transport 0
nid007974:70011:70011 [5] NCCL INFO Connected to proxy localRank 5 -> connection 0x153c40003748
nid007974:70008:70096 [4] NCCL INFO New proxy recv connection 75 from local rank 4, transport 0
nid007974:70008:70008 [4] NCCL INFO Connected to proxy localRank 4 -> connection 0x145e0c003748
nid007973:80840:80840 [4] NCCL INFO Channel 09/0 : 4[d1000] -> 6[d9000] via P2P/IPC comm 0x55a24b51bc60 nRanks 16
nid007973:80840:80925 [4] NCCL INFO New proxy send connection 78 from local rank 4, transport 0
nid007973:80840:80840 [4] NCCL INFO Connected to proxy localRank 4 -> connection 0x145eb80038b0
nid007974:70010:70010 [2] NCCL INFO Channel 06/0 : 10[c9000] -> 12[d1000] via P2P/IPC comm 0x555fb8b1ed80 nRanks 16
nid007974:70010:70092 [2] NCCL INFO New proxy send connection 73 from local rank 2, transport 0
nid007973:80841:80928 [3] NCCL INFO New proxy recv connection 73 from local rank 3, transport 0
nid007973:80841:80841 [3] NCCL INFO Connected to proxy localRank 3 -> connection 0x147624003658
nid007973:80837:80837 [2] NCCL INFO Channel 07/0 : 2[c9000] -> 4[d1000] via P2P/IPC comm 0x556a309360f0 nRanks 16
nid007974:70010:70010 [2] NCCL INFO Connected to proxy localRank 2 -> connection 0x14d400003658
nid007973:80837:80930 [2] NCCL INFO New proxy send connection 73 from local rank 2, transport 0
nid007973:80837:80837 [2] NCCL INFO Connected to proxy localRank 2 -> connection 0x14a778003658
nid007974:70009:70100 [3] NCCL INFO New proxy recv connection 73 from local rank 3, transport 0
nid007974:70009:70009 [3] NCCL INFO Connected to proxy localRank 3 -> connection 0x14964c003658
nid007974:70008:70008 [4] NCCL INFO Channel 00/0 : 12[d1000] -> 14[d9000] via P2P/IPC comm 0x5576d248edc0 nRanks 16
nid007974:70008:70096 [4] NCCL INFO New proxy send connection 76 from local rank 4, transport 0
nid007974:70008:70008 [4] NCCL INFO Connected to proxy localRank 4 -> connection 0x145e0c0037c0
nid007973:80840:80840 [4] NCCL INFO Channel 13/0 : 4[d1000] -> 6[d9000] via P2P/IPC comm 0x55a24b51bc60 nRanks 16
nid007973:80840:80925 [4] NCCL INFO New proxy send connection 79 from local rank 4, transport 0
nid007973:80840:80840 [4] NCCL INFO Connected to proxy localRank 4 -> connection 0x145eb8003928
nid007973:80841:80928 [3] NCCL INFO New proxy recv connection 74 from local rank 3, transport 0
nid007973:80841:80841 [3] NCCL INFO Connected to proxy localRank 3 -> connection 0x1476240036d0
nid007974:70010:70010 [2] NCCL INFO Channel 10/0 : 10[c9000] -> 12[d1000] via P2P/IPC comm 0x555fb8b1ed80 nRanks 16
nid007974:70010:70092 [2] NCCL INFO New proxy send connection 74 from local rank 2, transport 0
nid007974:70010:70010 [2] NCCL INFO Connected to proxy localRank 2 -> connection 0x14d4000036d0
nid007973:80837:80837 [2] NCCL INFO Channel 11/0 : 2[c9000] -> 4[d1000] via P2P/IPC comm 0x556a309360f0 nRanks 16
nid007973:80837:80930 [2] NCCL INFO New proxy send connection 74 from local rank 2, transport 0
nid007973:80837:80837 [2] NCCL INFO Connected to proxy localRank 2 -> connection 0x14a7780036d0
nid007974:70009:70100 [3] NCCL INFO New proxy recv connection 74 from local rank 3, transport 0
nid007974:70009:70009 [3] NCCL INFO Connected to proxy localRank 3 -> connection 0x14964c0036d0
nid007974:70008:70008 [4] NCCL INFO Channel 04/0 : 12[d1000] -> 14[d9000] via P2P/IPC comm 0x5576d248edc0 nRanks 16
nid007974:70008:70096 [4] NCCL INFO New proxy send connection 77 from local rank 4, transport 0
nid007974:70008:70008 [4] NCCL INFO Connected to proxy localRank 4 -> connection 0x145e0c003838
nid007973:80842:80927 [6] NCCL INFO New proxy recv connection 76 from local rank 6, transport 0
nid007973:80841:80928 [3] NCCL INFO New proxy recv connection 75 from local rank 3, transport 0
nid007973:80842:80842 [6] NCCL INFO Connected to proxy localRank 6 -> connection 0x14ed7c0037c0
nid007973:80841:80841 [3] NCCL INFO Connected to proxy localRank 3 -> connection 0x147624003748
nid007974:70010:70010 [2] NCCL INFO Channel 14/0 : 10[c9000] -> 12[d1000] via P2P/IPC comm 0x555fb8b1ed80 nRanks 16
nid007974:70010:70092 [2] NCCL INFO New proxy send connection 75 from local rank 2, transport 0
nid007974:70010:70010 [2] NCCL INFO Connected to proxy localRank 2 -> connection 0x14d400003748
nid007973:80837:80837 [2] NCCL INFO Channel 15/0 : 2[c9000] -> 4[d1000] via P2P/IPC comm 0x556a309360f0 nRanks 16
nid007973:80837:80930 [2] NCCL INFO New proxy send connection 75 from local rank 2, transport 0
nid007973:80837:80837 [2] NCCL INFO Connected to proxy localRank 2 -> connection 0x14a778003748
nid007974:70009:70100 [3] NCCL INFO New proxy recv connection 75 from local rank 3, transport 0
nid007974:70009:70009 [3] NCCL INFO Connected to proxy localRank 3 -> connection 0x14964c003748
nid007974:70008:70008 [4] NCCL INFO Channel 08/0 : 12[d1000] -> 14[d9000] via P2P/IPC comm 0x5576d248edc0 nRanks 16
nid007974:70008:70096 [4] NCCL INFO New proxy send connection 78 from local rank 4, transport 0
nid007974:70008:70008 [4] NCCL INFO Connected to proxy localRank 4 -> connection 0x145e0c0038b0
nid007973:80842:80927 [6] NCCL INFO New proxy recv connection 77 from local rank 6, transport 0
nid007973:80842:80842 [6] NCCL INFO Connected to proxy localRank 6 -> connection 0x14ed7c003838
nid007973:80840:80925 [4] NCCL INFO New proxy recv connection 80 from local rank 4, transport 0
nid007973:80840:80840 [4] NCCL INFO Connected to proxy localRank 4 -> connection 0x145eb80039a0
nid007973:80837:80837 [2] NCCL INFO GPU Direct RDMA Enabled for GPU c9000 / HCA 1 (distance 6 <= 6), read 1
nid007973:80837:80930 [2] NCCL INFO New proxy send connection 76 from local rank 2, transport 2
nid007973:80837:80837 [2] NCCL INFO Connected to proxy localRank 2 -> connection 0x14a7780037c0
nid007973:80837:80837 [2] NCCL INFO Channel 01/0 : 2[c9000] -> 10[c9000] [send] via NET/Libfabric/1/GDRDMA comm 0x556a309360f0 nRanks 16
nid007973:80837:80837 [2] NCCL INFO GPU Direct RDMA Enabled for GPU c9000 / HCA 1 (distance 6 <= 6), read 1
nid007973:80837:80930 [2] NCCL INFO New proxy send connection 77 from local rank 2, transport 2
nid007973:80837:80837 [2] NCCL INFO Connected to proxy localRank 2 -> connection 0x14a778003838
nid007973:80837:80837 [2] NCCL INFO Channel 05/0 : 2[c9000] -> 10[c9000] [send] via NET/Libfabric/1/GDRDMA comm 0x556a309360f0 nRanks 16
nid007973:80837:80837 [2] NCCL INFO GPU Direct RDMA Enabled for GPU c9000 / HCA 1 (distance 6 <= 6), read 1
nid007973:80837:80930 [2] NCCL INFO New proxy send connection 78 from local rank 2, transport 2
nid007973:80837:80837 [2] NCCL INFO Connected to proxy localRank 2 -> connection 0x14a7780038b0
nid007973:80837:80837 [2] NCCL INFO Channel 09/0 : 2[c9000] -> 10[c9000] [send] via NET/Libfabric/1/GDRDMA comm 0x556a309360f0 nRanks 16
nid007973:80837:80837 [2] NCCL INFO GPU Direct RDMA Enabled for GPU c9000 / HCA 1 (distance 6 <= 6), read 1
nid007973:80837:80930 [2] NCCL INFO New proxy send connection 79 from local rank 2, transport 2
nid007973:80837:80837 [2] NCCL INFO Connected to proxy localRank 2 -> connection 0x14a778003928
nid007973:80837:80837 [2] NCCL INFO Channel 13/0 : 2[c9000] -> 10[c9000] [send] via NET/Libfabric/1/GDRDMA comm 0x556a309360f0 nRanks 16
nid007974:70008:70008 [4] NCCL INFO Channel 12/0 : 12[d1000] -> 14[d9000] via P2P/IPC comm 0x5576d248edc0 nRanks 16
nid007974:70008:70096 [4] NCCL INFO New proxy send connection 79 from local rank 4, transport 0
nid007974:70008:70008 [4] NCCL INFO Connected to proxy localRank 4 -> connection 0x145e0c003928
nid007973:80842:80927 [6] NCCL INFO New proxy recv connection 78 from local rank 6, transport 0
nid007973:80842:80842 [6] NCCL INFO Connected to proxy localRank 6 -> connection 0x14ed7c0038b0
nid007973:80840:80925 [4] NCCL INFO New proxy recv connection 81 from local rank 4, transport 0
nid007973:80840:80840 [4] NCCL INFO Connected to proxy localRank 4 -> connection 0x145eb8003a18
nid007974:70010:70010 [2] NCCL INFO GPU Direct RDMA Enabled for GPU c9000 / HCA 1 (distance 6 <= 6), read 0
nid007974:70010:70092 [2] NCCL INFO New proxy recv connection 76 from local rank 2, transport 2
nid007974:70010:70010 [2] NCCL INFO Connected to proxy localRank 2 -> connection 0x14d4000037c0
nid007974:70007:70093 [6] NCCL INFO New proxy recv connection 76 from local rank 6, transport 0
nid007974:70007:70007 [6] NCCL INFO Connected to proxy localRank 6 -> connection 0x1548480037c0
nid007974:70010:70010 [2] NCCL INFO Channel 01/0 : 2[c9000] -> 10[c9000] [receive] via NET/Libfabric/1/GDRDMA comm 0x555fb8b1ed80 nRanks 16
nid007974:70010:70010 [2] NCCL INFO GPU Direct RDMA Enabled for GPU c9000 / HCA 1 (distance 6 <= 6), read 0
nid007974:70008:70096 [4] NCCL INFO New proxy recv connection 80 from local rank 4, transport 0
nid007974:70008:70008 [4] NCCL INFO Connected to proxy localRank 4 -> connection 0x145e0c0039a0
nid007974:70010:70092 [2] NCCL INFO New proxy recv connection 77 from local rank 2, transport 2
nid007974:70010:70010 [2] NCCL INFO Connected to proxy localRank 2 -> connection 0x14d400003838
nid007974:70010:70010 [2] NCCL INFO Channel 05/0 : 2[c9000] -> 10[c9000] [receive] via NET/Libfabric/1/GDRDMA comm 0x555fb8b1ed80 nRanks 16
nid007974:70010:70010 [2] NCCL INFO GPU Direct RDMA Enabled for GPU c9000 / HCA 1 (distance 6 <= 6), read 0
nid007974:70010:70092 [2] NCCL INFO New proxy recv connection 78 from local rank 2, transport 2
nid007974:70010:70010 [2] NCCL INFO Connected to proxy localRank 2 -> connection 0x14d4000038b0
nid007974:70010:70010 [2] NCCL INFO Channel 09/0 : 2[c9000] -> 10[c9000] [receive] via NET/Libfabric/1/GDRDMA comm 0x555fb8b1ed80 nRanks 16
nid007974:70010:70010 [2] NCCL INFO GPU Direct RDMA Enabled for GPU c9000 / HCA 1 (distance 6 <= 6), read 0
nid007974:70010:70092 [2] NCCL INFO New proxy recv connection 79 from local rank 2, transport 2
nid007974:70010:70010 [2] NCCL INFO Connected to proxy localRank 2 -> connection 0x14d400003928
nid007973:80837:80930 [2] NCCL INFO New proxy recv connection 80 from local rank 2, transport 0
nid007973:80837:80837 [2] NCCL INFO Connected to proxy localRank 2 -> connection 0x14a7780039a0
nid007974:70010:70010 [2] NCCL INFO Channel 13/0 : 2[c9000] -> 10[c9000] [receive] via NET/Libfabric/1/GDRDMA comm 0x555fb8b1ed80 nRanks 16
nid007974:70010:70092 [2] NCCL INFO New proxy recv connection 80 from local rank 2, transport 0
nid007973:80842:80927 [6] NCCL INFO New proxy recv connection 79 from local rank 6, transport 0
nid007973:80842:80842 [6] NCCL INFO Connected to proxy localRank 6 -> connection 0x14ed7c003928
nid007974:70010:70010 [2] NCCL INFO Connected to proxy localRank 2 -> connection 0x14d4000039a0
nid007973:80840:80925 [4] NCCL INFO New proxy recv connection 82 from local rank 4, transport 0
nid007973:80840:80840 [4] NCCL INFO Connected to proxy localRank 4 -> connection 0x145eb8003a90
nid007974:70007:70093 [6] NCCL INFO New proxy recv connection 77 from local rank 6, transport 0
nid007974:70007:70007 [6] NCCL INFO Connected to proxy localRank 6 -> connection 0x154848003838
nid007974:70008:70096 [4] NCCL INFO New proxy recv connection 81 from local rank 4, transport 0
nid007974:70008:70008 [4] NCCL INFO Connected to proxy localRank 4 -> connection 0x145e0c003a18
nid007973:80837:80930 [2] NCCL INFO New proxy recv connection 81 from local rank 2, transport 0
nid007973:80837:80837 [2] NCCL INFO Connected to proxy localRank 2 -> connection 0x14a778003a18
nid007974:70010:70092 [2] NCCL INFO New proxy recv connection 81 from local rank 2, transport 0
nid007974:70010:70010 [2] NCCL INFO Connected to proxy localRank 2 -> connection 0x14d400003a18
nid007973:80840:80925 [4] NCCL INFO New proxy recv connection 83 from local rank 4, transport 0
nid007973:80840:80840 [4] NCCL INFO Connected to proxy localRank 4 -> connection 0x145eb8003b08
nid007974:70007:70093 [6] NCCL INFO New proxy recv connection 78 from local rank 6, transport 0
nid007974:70007:70007 [6] NCCL INFO Connected to proxy localRank 6 -> connection 0x1548480038b0
nid007974:70008:70096 [4] NCCL INFO New proxy recv connection 82 from local rank 4, transport 0
nid007974:70008:70008 [4] NCCL INFO Connected to proxy localRank 4 -> connection 0x145e0c003a90
nid007973:80840:80840 [4] NCCL INFO Channel 02/0 : 4[d1000] -> 2[c9000] via P2P/IPC comm 0x55a24b51bc60 nRanks 16
nid007973:80840:80925 [4] NCCL INFO New proxy send connection 84 from local rank 4, transport 0
nid007973:80840:80840 [4] NCCL INFO Connected to proxy localRank 4 -> connection 0x145eb8003b80
nid007973:80837:80930 [2] NCCL INFO New proxy recv connection 82 from local rank 2, transport 0
nid007973:80837:80837 [2] NCCL INFO Connected to proxy localRank 2 -> connection 0x14a778003a90
nid007974:70010:70092 [2] NCCL INFO New proxy recv connection 82 from local rank 2, transport 0
nid007974:70010:70010 [2] NCCL INFO Connected to proxy localRank 2 -> connection 0x14d400003a90
nid007974:70007:70093 [6] NCCL INFO New proxy recv connection 79 from local rank 6, transport 0
nid007974:70007:70007 [6] NCCL INFO Connected to proxy localRank 6 -> connection 0x154848003928
nid007974:70008:70096 [4] NCCL INFO New proxy recv connection 83 from local rank 4, transport 0
nid007974:70008:70008 [4] NCCL INFO Connected to proxy localRank 4 -> connection 0x145e0c003b08
nid007973:80840:80840 [4] NCCL INFO Channel 06/0 : 4[d1000] -> 2[c9000] via P2P/IPC comm 0x55a24b51bc60 nRanks 16
nid007973:80840:80925 [4] NCCL INFO New proxy send connection 85 from local rank 4, transport 0
nid007973:80840:80840 [4] NCCL INFO Connected to proxy localRank 4 -> connection 0x145eb8003bf8
nid007973:80837:80930 [2] NCCL INFO New proxy recv connection 83 from local rank 2, transport 0
nid007973:80837:80837 [2] NCCL INFO Connected to proxy localRank 2 -> connection 0x14a778003b08
nid007974:70010:70092 [2] NCCL INFO New proxy recv connection 83 from local rank 2, transport 0
nid007974:70010:70010 [2] NCCL INFO Connected to proxy localRank 2 -> connection 0x14d400003b08
nid007974:70008:70008 [4] NCCL INFO Channel 03/0 : 12[d1000] -> 10[c9000] via P2P/IPC comm 0x5576d248edc0 nRanks 16
nid007974:70008:70096 [4] NCCL INFO New proxy send connection 84 from local rank 4, transport 0
nid007974:70008:70008 [4] NCCL INFO Connected to proxy localRank 4 -> connection 0x145e0c003b80
nid007973:80840:80840 [4] NCCL INFO Channel 10/0 : 4[d1000] -> 2[c9000] via P2P/IPC comm 0x55a24b51bc60 nRanks 16
nid007973:80840:80925 [4] NCCL INFO New proxy send connection 86 from local rank 4, transport 0
nid007973:80840:80840 [4] NCCL INFO Connected to proxy localRank 4 -> connection 0x145eb8003c70
nid007973:80840:80840 [4] NCCL INFO Channel 14/0 : 4[d1000] -> 2[c9000] via P2P/IPC comm 0x55a24b51bc60 nRanks 16
nid007973:80840:80925 [4] NCCL INFO New proxy send connection 87 from local rank 4, transport 0
nid007973:80840:80840 [4] NCCL INFO Connected to proxy localRank 4 -> connection 0x145eb8003ce8
nid007974:70008:70008 [4] NCCL INFO Channel 07/0 : 12[d1000] -> 10[c9000] via P2P/IPC comm 0x5576d248edc0 nRanks 16
nid007974:70008:70096 [4] NCCL INFO New proxy send connection 85 from local rank 4, transport 0
nid007974:70008:70008 [4] NCCL INFO Connected to proxy localRank 4 -> connection 0x145e0c003bf8
nid007973:80837:80930 [2] NCCL INFO New proxy recv connection 84 from local rank 2, transport 0
nid007973:80837:80837 [2] NCCL INFO Connected to proxy localRank 2 -> connection 0x14a778003b80
nid007974:70008:70008 [4] NCCL INFO Channel 11/0 : 12[d1000] -> 10[c9000] via P2P/IPC comm 0x5576d248edc0 nRanks 16
nid007974:70008:70096 [4] NCCL INFO New proxy send connection 86 from local rank 4, transport 0
nid007974:70008:70008 [4] NCCL INFO Connected to proxy localRank 4 -> connection 0x145e0c003c70
nid007974:70008:70008 [4] NCCL INFO Channel 15/0 : 12[d1000] -> 10[c9000] via P2P/IPC comm 0x5576d248edc0 nRanks 16
nid007974:70008:70096 [4] NCCL INFO New proxy send connection 87 from local rank 4, transport 0
nid007974:70008:70008 [4] NCCL INFO Connected to proxy localRank 4 -> connection 0x145e0c003ce8
nid007973:80837:80930 [2] NCCL INFO New proxy recv connection 85 from local rank 2, transport 0
nid007973:80837:80837 [2] NCCL INFO Connected to proxy localRank 2 -> connection 0x14a778003bf8
nid007974:70010:70092 [2] NCCL INFO New proxy recv connection 84 from local rank 2, transport 0
nid007974:70010:70010 [2] NCCL INFO Connected to proxy localRank 2 -> connection 0x14d400003b80
nid007973:80837:80930 [2] NCCL INFO New proxy recv connection 86 from local rank 2, transport 0
nid007973:80837:80837 [2] NCCL INFO Connected to proxy localRank 2 -> connection 0x14a778003c70
nid007974:70010:70092 [2] NCCL INFO New proxy recv connection 85 from local rank 2, transport 0
nid007974:70010:70010 [2] NCCL INFO Connected to proxy localRank 2 -> connection 0x14d400003bf8
nid007973:80837:80930 [2] NCCL INFO New proxy recv connection 87 from local rank 2, transport 0
nid007973:80837:80837 [2] NCCL INFO Connected to proxy localRank 2 -> connection 0x14a778003ce8
nid007974:70010:70092 [2] NCCL INFO New proxy recv connection 86 from local rank 2, transport 0
nid007974:70010:70010 [2] NCCL INFO Connected to proxy localRank 2 -> connection 0x14d400003c70
nid007974:70010:70092 [2] NCCL INFO New proxy recv connection 87 from local rank 2, transport 0
nid007974:70010:70010 [2] NCCL INFO Connected to proxy localRank 2 -> connection 0x14d400003ce8
nid007973:80837:80930 [2] NCCL INFO New proxy recv connection 88 from local rank 2, transport 0
nid007973:80837:80837 [2] NCCL INFO Connected to proxy localRank 2 -> connection 0x14a778003d60
nid007974:70010:70092 [2] NCCL INFO New proxy recv connection 88 from local rank 2, transport 0
nid007974:70010:70010 [2] NCCL INFO Connected to proxy localRank 2 -> connection 0x14d400003d60
nid007973:80837:80930 [2] NCCL INFO New proxy recv connection 89 from local rank 2, transport 0
nid007973:80837:80837 [2] NCCL INFO Connected to proxy localRank 2 -> connection 0x14a778003dd8
nid007974:70010:70092 [2] NCCL INFO New proxy recv connection 89 from local rank 2, transport 0
nid007974:70010:70010 [2] NCCL INFO Connected to proxy localRank 2 -> connection 0x14d400003dd8
nid007973:80837:80930 [2] NCCL INFO New proxy recv connection 90 from local rank 2, transport 0
nid007973:80837:80837 [2] NCCL INFO Connected to proxy localRank 2 -> connection 0x14a778003e50
nid007974:70010:70092 [2] NCCL INFO New proxy recv connection 90 from local rank 2, transport 0
nid007974:70010:70010 [2] NCCL INFO Connected to proxy localRank 2 -> connection 0x14d400003e50
nid007973:80837:80930 [2] NCCL INFO New proxy recv connection 91 from local rank 2, transport 0
nid007973:80837:80837 [2] NCCL INFO Connected to proxy localRank 2 -> connection 0x14a778003ec8
nid007974:70010:70092 [2] NCCL INFO New proxy recv connection 91 from local rank 2, transport 0
nid007974:70010:70010 [2] NCCL INFO Connected to proxy localRank 2 -> connection 0x14d400003ec8
exit_code=124 (124=timeout/hang)
