Found EESSI repo @ /cvmfs/software.eessi.io/versions/2025.06!
archdetect says x86_64/amd/zen3
archdetect could not detect any accelerators
Using x86_64/amd/zen3 as software subdirectory.
Found Lmod configuration file at /cvmfs/software.eessi.io/versions/2025.06/software/linux/x86_64/amd/zen3/.lmod/lmodrc.lua
Found Lmod SitePackage.lua file at /cvmfs/software.eessi.io/versions/2025.06/software/linux/x86_64/amd/zen3/.lmod/SitePackage.lua
Using /cvmfs/software.eessi.io/host_injections/2025.06/software/linux/x86_64/amd/zen3 as the site extension directory for installations.
Using  as the site extension directory for accelerated installations.
Using /cvmfs/software.eessi.io/versions/2025.06/software/linux/x86_64/amd/zen3/modules/all as the directory to be added to MODULEPATH.
Using /cvmfs/software.eessi.io/host_injections/2025.06/software/linux/x86_64/amd/zen3/modules/all as the site extension directory to be added to MODULEPATH.
Initializing Lmod...
Prepending /cvmfs/software.eessi.io/versions/2025.06/software/linux/x86_64/amd/zen3/modules/all to $MODULEPATH...
Prepending site path /cvmfs/software.eessi.io/host_injections/2025.06/software/linux/x86_64/amd/zen3/modules/all to $MODULEPATH...
Environment set up to use EESSI (2025.06), have fun!
-- Using /tmp/$USER as a temporary working directory for installations, you can
override this by setting the environment variable WORKING_DIR and reloading the
module (e.g., /dev/shm is a common option) 
Configuring for use of EESSI_USER_INSTALL under /users/joglekar/eessi
-- To create installations for EESSI, you _must_ have write permissions to
/users/joglekar/eessi/versions/2025.06/software/linux/x86_64/amd/zen3 
-- You may wish to configure a sources directory for EasyBuild (for example,
via setting the environment variable EASYBUILD_SOURCEPATH) to allow you to
reuse existing sources for packages. 
[setup_eessi] mpirun=/users/joglekar/eessi/versions/2025.06/software/linux/x86_64/amd/zen3/software/OpenMPI/5.0.7-rocm-compilers-19.0.0-ROCm-6.4.1/bin/mpirun  EBROOT=/users/joglekar/eessi/versions/2025.06/software/linux/x86_64/amd/zen3/software/OSU-Micro-Benchmarks/7.5-rompi-2025a
[setup_eessi] FI_PROVIDER=cxi  OMPI_MCA_pml=cm/ofi
GDR_LEVEL=0  NODES=nid005001 nid005005
=== osu_xccl_allreduce -m 1:8192, 90s timeout ===
#Using RCCL
#Using RCCL
#Using RCCL
#Using RCCL
#Using RCCL
#Using RCCL
#Using RCCL
#Using RCCL
#Using RCCL
#Using RCCL
#Using RCCL
#Using RCCL
#Using RCCL
#Using RCCL
#Using RCCL
#Using RCCL
nid005001:51254:51254 [0] NCCL INFO Kernel version: 6.4.0-150600.23.73_15.0.14-cray_shasta_c
nid005001:51254:51254 [0] NCCL INFO Disabled GDRCopy equivalent memory allocation on gfx90a due to GPU architecture
nid005001:51254:51254 [0] NCCL INFO NCCL_SOCKET_IFNAME set to hsn0,hsn1,hsn2,hsn3
nid005001:51254:51254 [0] NCCL INFO Bootstrap : Using hsn0:10.253.52.143<0>
nid005001:51254:51254 [0] NCCL INFO ROCr version 1.1
nid005001:51254:51254 [0] NCCL INFO Dmabuf feature disabled without NCCL_DMABUF_ENABLE=1
nid005001:51254:51254 [0] NCCL INFO Kernel version: 6.4.0-150600.23.73_15.0.14-cray_shasta_c
nid005001:51254:51254 [0] NCCL INFO RCCL version : 2.22.3-Unknown 
HIP version  : 6.4.43483-
ROCm version : 6.4.1.0-9999-unknown
Hostname     : nid005001
Librccl path : /users/joglekar/eessi/versions/2025.06/software/linux/x86_64/amd/zen3/software/RCCL/2.22.3-rocm-compilers-19.0.0-ROCm-6.4.1/lib/librccl.so.1
nid005001:51260:51260 [5] NCCL INFO ROCr version 1.1
nid005001:51260:51260 [5] NCCL INFO Dmabuf feature disabled without NCCL_DMABUF_ENABLE=1
nid005001:51260:51260 [5] NCCL INFO Kernel version: 6.4.0-150600.23.73_15.0.14-cray_shasta_c
nid005001:51260:51260 [5] NCCL INFO Disabled GDRCopy equivalent memory allocation on gfx90a due to GPU architecture
nid005001:51260:51260 [5] NCCL INFO NCCL_SOCKET_IFNAME set to hsn0,hsn1,hsn2,hsn3
nid005001:51259:51259 [7] NCCL INFO ROCr version 1.1
nid005001:51259:51259 [7] NCCL INFO Dmabuf feature disabled without NCCL_DMABUF_ENABLE=1
nid005001:51259:51259 [7] NCCL INFO Kernel version: 6.4.0-150600.23.73_15.0.14-cray_shasta_c
nid005001:51259:51259 [7] NCCL INFO Disabled GDRCopy equivalent memory allocation on gfx90a due to GPU architecture
nid005001:51259:51259 [7] NCCL INFO NCCL_SOCKET_IFNAME set to hsn0,hsn1,hsn2,hsn3
nid005001:51256:51256 [3] NCCL INFO ROCr version 1.1
nid005001:51256:51256 [3] NCCL INFO Dmabuf feature disabled without NCCL_DMABUF_ENABLE=1
nid005001:51256:51256 [3] NCCL INFO Kernel version: 6.4.0-150600.23.73_15.0.14-cray_shasta_c
nid005001:51256:51256 [3] NCCL INFO Disabled GDRCopy equivalent memory allocation on gfx90a due to GPU architecture
nid005001:51256:51256 [3] NCCL INFO NCCL_SOCKET_IFNAME set to hsn0,hsn1,hsn2,hsn3
nid005001:51255:51255 [2] NCCL INFO ROCr version 1.1
nid005001:51255:51255 [2] NCCL INFO Dmabuf feature disabled without NCCL_DMABUF_ENABLE=1
nid005001:51255:51255 [2] NCCL INFO Kernel version: 6.4.0-150600.23.73_15.0.14-cray_shasta_c
nid005001:51255:51255 [2] NCCL INFO Disabled GDRCopy equivalent memory allocation on gfx90a due to GPU architecture
nid005001:51255:51255 [2] NCCL INFO NCCL_SOCKET_IFNAME set to hsn0,hsn1,hsn2,hsn3
nid005001:51253:51253 [1] NCCL INFO ROCr version 1.1
nid005001:51253:51253 [1] NCCL INFO Dmabuf feature disabled without NCCL_DMABUF_ENABLE=1
nid005001:51253:51253 [1] NCCL INFO Kernel version: 6.4.0-150600.23.73_15.0.14-cray_shasta_c
nid005001:51253:51253 [1] NCCL INFO Disabled GDRCopy equivalent memory allocation on gfx90a due to GPU architecture
nid005001:51253:51253 [1] NCCL INFO NCCL_SOCKET_IFNAME set to hsn0,hsn1,hsn2,hsn3
nid005001:51257:51257 [4] NCCL INFO ROCr version 1.1
nid005001:51257:51257 [4] NCCL INFO Dmabuf feature disabled without NCCL_DMABUF_ENABLE=1
nid005001:51257:51257 [4] NCCL INFO Kernel version: 6.4.0-150600.23.73_15.0.14-cray_shasta_c
nid005001:51257:51257 [4] NCCL INFO Disabled GDRCopy equivalent memory allocation on gfx90a due to GPU architecture
nid005001:51257:51257 [4] NCCL INFO NCCL_SOCKET_IFNAME set to hsn0,hsn1,hsn2,hsn3
nid005001:51258:51258 [6] NCCL INFO ROCr version 1.1
nid005001:51258:51258 [6] NCCL INFO Dmabuf feature disabled without NCCL_DMABUF_ENABLE=1
nid005001:51258:51258 [6] NCCL INFO Kernel version: 6.4.0-150600.23.73_15.0.14-cray_shasta_c
nid005001:51258:51258 [6] NCCL INFO Disabled GDRCopy equivalent memory allocation on gfx90a due to GPU architecture
nid005001:51258:51258 [6] NCCL INFO NCCL_SOCKET_IFNAME set to hsn0,hsn1,hsn2,hsn3
nid005001:51260:51260 [5] NCCL INFO Bootstrap : Using hsn0:10.253.52.143<0>
nid005001:51260:51260 [5] NCCL INFO RCCL version : 2.22.3-Unknown 
HIP version  : 6.4.43483-
ROCm version : 6.4.1.0-9999-unknown
Hostname     : nid005001
Librccl path : /users/joglekar/eessi/versions/2025.06/software/linux/x86_64/amd/zen3/software/RCCL/2.22.3-rocm-compilers-19.0.0-ROCm-6.4.1/lib/librccl.so.1
nid005001:51256:51256 [3] NCCL INFO Bootstrap : Using hsn0:10.253.52.143<0>
nid005001:51259:51259 [7] NCCL INFO Bootstrap : Using hsn0:10.253.52.143<0>
nid005001:51259:51259 [7] NCCL INFO RCCL version : 2.22.3-Unknown 
HIP version  : 6.4.43483-
ROCm version : 6.4.1.0-9999-unknown
Hostname     : nid005001
Librccl path : /users/joglekar/eessi/versions/2025.06/software/linux/x86_64/amd/zen3/software/RCCL/2.22.3-rocm-compilers-19.0.0-ROCm-6.4.1/lib/librccl.so.1
nid005001:51253:51253 [1] NCCL INFO Bootstrap : Using hsn0:10.253.52.143<0>
nid005001:51253:51253 [1] NCCL INFO RCCL version : 2.22.3-Unknown 
HIP version  : 6.4.43483-
ROCm version : 6.4.1.0-9999-unknown
Hostname     : nid005001
Librccl path : /users/joglekar/eessi/versions/2025.06/software/linux/x86_64/amd/zen3/software/RCCL/2.22.3-rocm-compilers-19.0.0-ROCm-6.4.1/lib/librccl.so.1
nid005001:51255:51255 [2] NCCL INFO Bootstrap : Using hsn0:10.253.52.143<0>
nid005001:51255:51255 [2] NCCL INFO RCCL version : 2.22.3-Unknown 
HIP version  : 6.4.43483-
ROCm version : 6.4.1.0-9999-unknown
Hostname     : nid005001
Librccl path : /users/joglekar/eessi/versions/2025.06/software/linux/x86_64/amd/zen3/software/RCCL/2.22.3-rocm-compilers-19.0.0-ROCm-6.4.1/lib/librccl.so.1
nid005001:51256:51256 [3] NCCL INFO RCCL version : 2.22.3-Unknown 
HIP version  : 6.4.43483-
ROCm version : 6.4.1.0-9999-unknown
Hostname     : nid005001
Librccl path : /users/joglekar/eessi/versions/2025.06/software/linux/x86_64/amd/zen3/software/RCCL/2.22.3-rocm-compilers-19.0.0-ROCm-6.4.1/lib/librccl.so.1
nid005001:51257:51257 [4] NCCL INFO Bootstrap : Using hsn0:10.253.52.143<0>
nid005001:51257:51257 [4] NCCL INFO RCCL version : 2.22.3-Unknown 
HIP version  : 6.4.43483-
ROCm version : 6.4.1.0-9999-unknown
Hostname     : nid005001
Librccl path : /users/joglekar/eessi/versions/2025.06/software/linux/x86_64/amd/zen3/software/RCCL/2.22.3-rocm-compilers-19.0.0-ROCm-6.4.1/lib/librccl.so.1
nid005001:51258:51258 [6] NCCL INFO Bootstrap : Using hsn0:10.253.52.143<0>
nid005001:51258:51258 [6] NCCL INFO RCCL version : 2.22.3-Unknown 
HIP version  : 6.4.43483-
ROCm version : 6.4.1.0-9999-unknown
Hostname     : nid005001
Librccl path : /users/joglekar/eessi/versions/2025.06/software/linux/x86_64/amd/zen3/software/RCCL/2.22.3-rocm-compilers-19.0.0-ROCm-6.4.1/lib/librccl.so.1
nid005005:91502:91502 [6] NCCL INFO ROCr version 1.1
nid005005:91502:91502 [6] NCCL INFO Dmabuf feature disabled without NCCL_DMABUF_ENABLE=1
nid005005:91502:91502 [6] NCCL INFO Kernel version: 6.4.0-150600.23.73_15.0.14-cray_shasta_c
nid005005:91500:91500 [3] NCCL INFO ROCr version 1.1
nid005005:91500:91500 [3] NCCL INFO Dmabuf feature disabled without NCCL_DMABUF_ENABLE=1
nid005005:91502:91502 [6] NCCL INFO Disabled GDRCopy equivalent memory allocation on gfx90a due to GPU architecture
nid005005:91502:91502 [6] NCCL INFO NCCL_SOCKET_IFNAME set to hsn0,hsn1,hsn2,hsn3
nid005005:91500:91500 [3] NCCL INFO Kernel version: 6.4.0-150600.23.73_15.0.14-cray_shasta_c
nid005005:91500:91500 [3] NCCL INFO Disabled GDRCopy equivalent memory allocation on gfx90a due to GPU architecture
nid005005:91500:91500 [3] NCCL INFO NCCL_SOCKET_IFNAME set to hsn0,hsn1,hsn2,hsn3
nid005005:91503:91503 [5] NCCL INFO ROCr version 1.1
nid005005:91503:91503 [5] NCCL INFO Dmabuf feature disabled without NCCL_DMABUF_ENABLE=1
nid005005:91503:91503 [5] NCCL INFO Kernel version: 6.4.0-150600.23.73_15.0.14-cray_shasta_c
nid005005:91503:91503 [5] NCCL INFO Disabled GDRCopy equivalent memory allocation on gfx90a due to GPU architecture
nid005005:91503:91503 [5] NCCL INFO NCCL_SOCKET_IFNAME set to hsn0,hsn1,hsn2,hsn3
nid005005:91504:91504 [0] NCCL INFO ROCr version 1.1
nid005005:91504:91504 [0] NCCL INFO Dmabuf feature disabled without NCCL_DMABUF_ENABLE=1
nid005005:91504:91504 [0] NCCL INFO Kernel version: 6.4.0-150600.23.73_15.0.14-cray_shasta_c
nid005005:91504:91504 [0] NCCL INFO Disabled GDRCopy equivalent memory allocation on gfx90a due to GPU architecture
nid005005:91504:91504 [0] NCCL INFO NCCL_SOCKET_IFNAME set to hsn0,hsn1,hsn2,hsn3
nid005005:91499:91499 [1] NCCL INFO ROCr version 1.1
nid005005:91499:91499 [1] NCCL INFO Dmabuf feature disabled without NCCL_DMABUF_ENABLE=1
nid005005:91499:91499 [1] NCCL INFO Kernel version: 6.4.0-150600.23.73_15.0.14-cray_shasta_c
nid005005:91499:91499 [1] NCCL INFO Disabled GDRCopy equivalent memory allocation on gfx90a due to GPU architecture
nid005005:91499:91499 [1] NCCL INFO NCCL_SOCKET_IFNAME set to hsn0,hsn1,hsn2,hsn3
nid005005:91506:91506 [7] NCCL INFO ROCr version 1.1
nid005005:91506:91506 [7] NCCL INFO Dmabuf feature disabled without NCCL_DMABUF_ENABLE=1
nid005005:91506:91506 [7] NCCL INFO Kernel version: 6.4.0-150600.23.73_15.0.14-cray_shasta_c
nid005005:91506:91506 [7] NCCL INFO Disabled GDRCopy equivalent memory allocation on gfx90a due to GPU architecture
nid005005:91506:91506 [7] NCCL INFO NCCL_SOCKET_IFNAME set to hsn0,hsn1,hsn2,hsn3
nid005005:91505:91505 [2] NCCL INFO ROCr version 1.1
nid005005:91505:91505 [2] NCCL INFO Dmabuf feature disabled without NCCL_DMABUF_ENABLE=1
nid005005:91505:91505 [2] NCCL INFO Kernel version: 6.4.0-150600.23.73_15.0.14-cray_shasta_c
nid005005:91505:91505 [2] NCCL INFO Disabled GDRCopy equivalent memory allocation on gfx90a due to GPU architecture
nid005005:91505:91505 [2] NCCL INFO NCCL_SOCKET_IFNAME set to hsn0,hsn1,hsn2,hsn3
nid005005:91501:91501 [4] NCCL INFO ROCr version 1.1
nid005005:91501:91501 [4] NCCL INFO Dmabuf feature disabled without NCCL_DMABUF_ENABLE=1
nid005005:91501:91501 [4] NCCL INFO Kernel version: 6.4.0-150600.23.73_15.0.14-cray_shasta_c
nid005005:91501:91501 [4] NCCL INFO Disabled GDRCopy equivalent memory allocation on gfx90a due to GPU architecture
nid005005:91501:91501 [4] NCCL INFO NCCL_SOCKET_IFNAME set to hsn0,hsn1,hsn2,hsn3
nid005005:91502:91502 [6] NCCL INFO Bootstrap : Using hsn0:10.253.52.148<0>
nid005005:91504:91504 [0] NCCL INFO Bootstrap : Using hsn0:10.253.52.148<0>
nid005005:91502:91502 [6] NCCL INFO RCCL version : 2.22.3-Unknown 
HIP version  : 6.4.43483-
ROCm version : 6.4.1.0-9999-unknown
Hostname     : nid005005
Librccl path : /users/joglekar/eessi/versions/2025.06/software/linux/x86_64/amd/zen3/software/RCCL/2.22.3-rocm-compilers-19.0.0-ROCm-6.4.1/lib/librccl.so.1
nid005005:91500:91500 [3] NCCL INFO Bootstrap : Using hsn0:10.253.52.148<0>
nid005005:91500:91500 [3] NCCL INFO RCCL version : 2.22.3-Unknown 
HIP version  : 6.4.43483-
ROCm version : 6.4.1.0-9999-unknown
Hostname     : nid005005
Librccl path : /users/joglekar/eessi/versions/2025.06/software/linux/x86_64/amd/zen3/software/RCCL/2.22.3-rocm-compilers-19.0.0-ROCm-6.4.1/lib/librccl.so.1
nid005005:91503:91503 [5] NCCL INFO Bootstrap : Using hsn0:10.253.52.148<0>
nid005005:91503:91503 [5] NCCL INFO RCCL version : 2.22.3-Unknown 
HIP version  : 6.4.43483-
ROCm version : 6.4.1.0-9999-unknown
Hostname     : nid005005
Librccl path : /users/joglekar/eessi/versions/2025.06/software/linux/x86_64/amd/zen3/software/RCCL/2.22.3-rocm-compilers-19.0.0-ROCm-6.4.1/lib/librccl.so.1
nid005005:91504:91504 [0] NCCL INFO RCCL version : 2.22.3-Unknown 
HIP version  : 6.4.43483-
ROCm version : 6.4.1.0-9999-unknown
Hostname     : nid005005
Librccl path : /users/joglekar/eessi/versions/2025.06/software/linux/x86_64/amd/zen3/software/RCCL/2.22.3-rocm-compilers-19.0.0-ROCm-6.4.1/lib/librccl.so.1
nid005005:91499:91499 [1] NCCL INFO Bootstrap : Using hsn0:10.253.52.148<0>
nid005005:91499:91499 [1] NCCL INFO RCCL version : 2.22.3-Unknown 
HIP version  : 6.4.43483-
ROCm version : 6.4.1.0-9999-unknown
Hostname     : nid005005
Librccl path : /users/joglekar/eessi/versions/2025.06/software/linux/x86_64/amd/zen3/software/RCCL/2.22.3-rocm-compilers-19.0.0-ROCm-6.4.1/lib/librccl.so.1
nid005005:91505:91505 [2] NCCL INFO Bootstrap : Using hsn0:10.253.52.148<0>
nid005005:91505:91505 [2] NCCL INFO RCCL version : 2.22.3-Unknown 
HIP version  : 6.4.43483-
ROCm version : 6.4.1.0-9999-unknown
Hostname     : nid005005
Librccl path : /users/joglekar/eessi/versions/2025.06/software/linux/x86_64/amd/zen3/software/RCCL/2.22.3-rocm-compilers-19.0.0-ROCm-6.4.1/lib/librccl.so.1
nid005005:91501:91501 [4] NCCL INFO Bootstrap : Using hsn0:10.253.52.148<0>
nid005005:91501:91501 [4] NCCL INFO RCCL version : 2.22.3-Unknown 
HIP version  : 6.4.43483-
ROCm version : 6.4.1.0-9999-unknown
Hostname     : nid005005
Librccl path : /users/joglekar/eessi/versions/2025.06/software/linux/x86_64/amd/zen3/software/RCCL/2.22.3-rocm-compilers-19.0.0-ROCm-6.4.1/lib/librccl.so.1
nid005005:91506:91506 [7] NCCL INFO Bootstrap : Using hsn0:10.253.52.148<0>
nid005005:91506:91506 [7] NCCL INFO RCCL version : 2.22.3-Unknown 
HIP version  : 6.4.43483-
ROCm version : 6.4.1.0-9999-unknown
Hostname     : nid005005
Librccl path : /users/joglekar/eessi/versions/2025.06/software/linux/x86_64/amd/zen3/software/RCCL/2.22.3-rocm-compilers-19.0.0-ROCm-6.4.1/lib/librccl.so.1
nid005001:51254:51254 [0] NCCL INFO NET/Plugin: Plugin name set by env to /users/joglekar/eessi/aws-ofi-nccl-scratch/lib/librccl-net.so
nid005001:51254:51254 [0] NCCL INFO NET/Plugin: Failed to find ncclCollNetPlugin_v8 symbol.
nid005001:51254:51254 [0] NCCL INFO NET/Plugin: Failed to find ncclCollNetPlugin symbol (>= v5). ncclCollNetPlugin symbols v4 and lower are not supported.
nid005001:51256:51256 [3] NCCL INFO NET/Plugin: Plugin name set by env to /users/joglekar/eessi/aws-ofi-nccl-scratch/lib/librccl-net.so
nid005001:51256:51256 [3] NCCL INFO NET/Plugin: Failed to find ncclCollNetPlugin_v8 symbol.
nid005001:51256:51256 [3] NCCL INFO NET/Plugin: Failed to find ncclCollNetPlugin symbol (>= v5). ncclCollNetPlugin symbols v4 and lower are not supported.
nid005001:51258:51258 [6] NCCL INFO NET/Plugin: Plugin name set by env to /users/joglekar/eessi/aws-ofi-nccl-scratch/lib/librccl-net.so
nid005001:51258:51258 [6] NCCL INFO NET/Plugin: Failed to find ncclCollNetPlugin_v8 symbol.
nid005001:51258:51258 [6] NCCL INFO NET/Plugin: Failed to find ncclCollNetPlugin symbol (>= v5). ncclCollNetPlugin symbols v4 and lower are not supported.
nid005001:51257:51257 [4] NCCL INFO NET/Plugin: Plugin name set by env to /users/joglekar/eessi/aws-ofi-nccl-scratch/lib/librccl-net.so
nid005001:51257:51257 [4] NCCL INFO NET/Plugin: Failed to find ncclCollNetPlugin_v8 symbol.
nid005001:51257:51257 [4] NCCL INFO NET/Plugin: Failed to find ncclCollNetPlugin symbol (>= v5). ncclCollNetPlugin symbols v4 and lower are not supported.
nid005001:51259:51259 [7] NCCL INFO NET/Plugin: Plugin name set by env to /users/joglekar/eessi/aws-ofi-nccl-scratch/lib/librccl-net.so
nid005001:51259:51259 [7] NCCL INFO NET/Plugin: Failed to find ncclCollNetPlugin_v8 symbol.
nid005001:51259:51259 [7] NCCL INFO NET/Plugin: Failed to find ncclCollNetPlugin symbol (>= v5). ncclCollNetPlugin symbols v4 and lower are not supported.
nid005001:51255:51255 [2] NCCL INFO NET/Plugin: Plugin name set by env to /users/joglekar/eessi/aws-ofi-nccl-scratch/lib/librccl-net.so
nid005001:51255:51255 [2] NCCL INFO NET/Plugin: Failed to find ncclCollNetPlugin_v8 symbol.
nid005001:51255:51255 [2] NCCL INFO NET/Plugin: Failed to find ncclCollNetPlugin symbol (>= v5). ncclCollNetPlugin symbols v4 and lower are not supported.
nid005001:51253:51253 [1] NCCL INFO NET/Plugin: Plugin name set by env to /users/joglekar/eessi/aws-ofi-nccl-scratch/lib/librccl-net.so
nid005001:51253:51253 [1] NCCL INFO NET/Plugin: Failed to find ncclCollNetPlugin_v8 symbol.
nid005001:51253:51253 [1] NCCL INFO NET/Plugin: Failed to find ncclCollNetPlugin symbol (>= v5). ncclCollNetPlugin symbols v4 and lower are not supported.
nid005001:51260:51260 [5] NCCL INFO NET/Plugin: Plugin name set by env to /users/joglekar/eessi/aws-ofi-nccl-scratch/lib/librccl-net.so
nid005001:51260:51260 [5] NCCL INFO NET/Plugin: Failed to find ncclCollNetPlugin_v8 symbol.
nid005001:51260:51260 [5] NCCL INFO NET/Plugin: Failed to find ncclCollNetPlugin symbol (>= v5). ncclCollNetPlugin symbols v4 and lower are not supported.
nid005001:51259:51259 [7] NCCL INFO NET/OFI Initializing aws-ofi-nccl 1.19.2
nid005001:51257:51257 [4] NCCL INFO NET/OFI Initializing aws-ofi-nccl 1.19.2
nid005001:51253:51253 [1] NCCL INFO NET/OFI Initializing aws-ofi-nccl 1.19.2
nid005001:51255:51255 [2] NCCL INFO NET/OFI Initializing aws-ofi-nccl 1.19.2
nid005001:51254:51254 [0] NCCL INFO NET/OFI Initializing aws-ofi-nccl 1.19.2
nid005001:51256:51256 [3] NCCL INFO NET/OFI Initializing aws-ofi-nccl 1.19.2
nid005001:51258:51258 [6] NCCL INFO NET/OFI Initializing aws-ofi-nccl 1.19.2
nid005001:51260:51260 [5] NCCL INFO NET/OFI Initializing aws-ofi-nccl 1.19.2
nid005005:91503:91503 [5] NCCL INFO NET/Plugin: Plugin name set by env to /users/joglekar/eessi/aws-ofi-nccl-scratch/lib/librccl-net.so
nid005005:91503:91503 [5] NCCL INFO NET/Plugin: Failed to find ncclCollNetPlugin_v8 symbol.
nid005005:91503:91503 [5] NCCL INFO NET/Plugin: Failed to find ncclCollNetPlugin symbol (>= v5). ncclCollNetPlugin symbols v4 and lower are not supported.
nid005005:91500:91500 [3] NCCL INFO NET/Plugin: Plugin name set by env to /users/joglekar/eessi/aws-ofi-nccl-scratch/lib/librccl-net.so
nid005005:91500:91500 [3] NCCL INFO NET/Plugin: Failed to find ncclCollNetPlugin_v8 symbol.
nid005005:91500:91500 [3] NCCL INFO NET/Plugin: Failed to find ncclCollNetPlugin symbol (>= v5). ncclCollNetPlugin symbols v4 and lower are not supported.
nid005005:91506:91506 [7] NCCL INFO NET/Plugin: Plugin name set by env to /users/joglekar/eessi/aws-ofi-nccl-scratch/lib/librccl-net.so
nid005005:91506:91506 [7] NCCL INFO NET/Plugin: Failed to find ncclCollNetPlugin_v8 symbol.
nid005005:91506:91506 [7] NCCL INFO NET/Plugin: Failed to find ncclCollNetPlugin symbol (>= v5). ncclCollNetPlugin symbols v4 and lower are not supported.
nid005005:91502:91502 [6] NCCL INFO NET/Plugin: Plugin name set by env to /users/joglekar/eessi/aws-ofi-nccl-scratch/lib/librccl-net.so
nid005005:91502:91502 [6] NCCL INFO NET/Plugin: Failed to find ncclCollNetPlugin_v8 symbol.
nid005005:91502:91502 [6] NCCL INFO NET/Plugin: Failed to find ncclCollNetPlugin symbol (>= v5). ncclCollNetPlugin symbols v4 and lower are not supported.
nid005005:91505:91505 [2] NCCL INFO NET/Plugin: Plugin name set by env to /users/joglekar/eessi/aws-ofi-nccl-scratch/lib/librccl-net.so
nid005005:91505:91505 [2] NCCL INFO NET/Plugin: Failed to find ncclCollNetPlugin_v8 symbol.
nid005005:91505:91505 [2] NCCL INFO NET/Plugin: Failed to find ncclCollNetPlugin symbol (>= v5). ncclCollNetPlugin symbols v4 and lower are not supported.
nid005005:91504:91504 [0] NCCL INFO NET/Plugin: Plugin name set by env to /users/joglekar/eessi/aws-ofi-nccl-scratch/lib/librccl-net.so
nid005005:91504:91504 [0] NCCL INFO NET/Plugin: Failed to find ncclCollNetPlugin_v8 symbol.
nid005005:91504:91504 [0] NCCL INFO NET/Plugin: Failed to find ncclCollNetPlugin symbol (>= v5). ncclCollNetPlugin symbols v4 and lower are not supported.
nid005005:91499:91499 [1] NCCL INFO NET/Plugin: Plugin name set by env to /users/joglekar/eessi/aws-ofi-nccl-scratch/lib/librccl-net.so
nid005005:91499:91499 [1] NCCL INFO NET/Plugin: Failed to find ncclCollNetPlugin_v8 symbol.
nid005005:91499:91499 [1] NCCL INFO NET/Plugin: Failed to find ncclCollNetPlugin symbol (>= v5). ncclCollNetPlugin symbols v4 and lower are not supported.
nid005005:91501:91501 [4] NCCL INFO NET/Plugin: Plugin name set by env to /users/joglekar/eessi/aws-ofi-nccl-scratch/lib/librccl-net.so
nid005005:91501:91501 [4] NCCL INFO NET/Plugin: Failed to find ncclCollNetPlugin_v8 symbol.
nid005005:91501:91501 [4] NCCL INFO NET/Plugin: Failed to find ncclCollNetPlugin symbol (>= v5). ncclCollNetPlugin symbols v4 and lower are not supported.
nid005001:51254:51254 [0] NCCL INFO NET/OFI Using Libfabric version 1.22
nid005001:51254:51254 [0] NCCL INFO NET/OFI Using HIP driver version 60443483 with runtime 60443483
nid005001:51256:51256 [3] NCCL INFO NET/OFI Using Libfabric version 1.22
nid005001:51256:51256 [3] NCCL INFO NET/OFI Using HIP driver version 60443483 with runtime 60443483
nid005001:51257:51257 [4] NCCL INFO NET/OFI Using Libfabric version 1.22
nid005001:51257:51257 [4] NCCL INFO NET/OFI Using HIP driver version 60443483 with runtime 60443483
nid005001:51259:51259 [7] NCCL INFO NET/OFI Using Libfabric version 1.22
nid005001:51259:51259 [7] NCCL INFO NET/OFI Using HIP driver version 60443483 with runtime 60443483
nid005001:51253:51253 [1] NCCL INFO NET/OFI Using Libfabric version 1.22
nid005001:51253:51253 [1] NCCL INFO NET/OFI Using HIP driver version 60443483 with runtime 60443483
nid005001:51255:51255 [2] NCCL INFO NET/OFI Using Libfabric version 1.22
nid005001:51255:51255 [2] NCCL INFO NET/OFI Using HIP driver version 60443483 with runtime 60443483
nid005001:51258:51258 [6] NCCL INFO NET/OFI Using Libfabric version 1.22
nid005001:51258:51258 [6] NCCL INFO NET/OFI Using HIP driver version 60443483 with runtime 60443483
nid005001:51260:51260 [5] NCCL INFO NET/OFI Using Libfabric version 1.22
nid005001:51260:51260 [5] NCCL INFO NET/OFI Using HIP driver version 60443483 with runtime 60443483
nid005005:91502:91502 [6] NCCL INFO NET/OFI Initializing aws-ofi-nccl 1.19.2
nid005005:91502:91502 [6] NCCL INFO NET/OFI Using Libfabric version 1.22
nid005005:91502:91502 [6] NCCL INFO NET/OFI Using HIP driver version 60443483 with runtime 60443483
nid005005:91504:91504 [0] NCCL INFO NET/OFI Initializing aws-ofi-nccl 1.19.2
nid005005:91504:91504 [0] NCCL INFO NET/OFI Using Libfabric version 1.22
nid005005:91504:91504 [0] NCCL INFO NET/OFI Using HIP driver version 60443483 with runtime 60443483
nid005005:91500:91500 [3] NCCL INFO NET/OFI Initializing aws-ofi-nccl 1.19.2
nid005005:91500:91500 [3] NCCL INFO NET/OFI Using Libfabric version 1.22
nid005005:91500:91500 [3] NCCL INFO NET/OFI Using HIP driver version 60443483 with runtime 60443483
nid005005:91505:91505 [2] NCCL INFO NET/OFI Initializing aws-ofi-nccl 1.19.2
nid005005:91505:91505 [2] NCCL INFO NET/OFI Using Libfabric version 1.22
nid005005:91505:91505 [2] NCCL INFO NET/OFI Using HIP driver version 60443483 with runtime 60443483
nid005005:91503:91503 [5] NCCL INFO NET/OFI Initializing aws-ofi-nccl 1.19.2
nid005005:91503:91503 [5] NCCL INFO NET/OFI Using Libfabric version 1.22
nid005005:91503:91503 [5] NCCL INFO NET/OFI Using HIP driver version 60443483 with runtime 60443483
nid005005:91499:91499 [1] NCCL INFO NET/OFI Initializing aws-ofi-nccl 1.19.2
nid005005:91499:91499 [1] NCCL INFO NET/OFI Using Libfabric version 1.22
nid005005:91499:91499 [1] NCCL INFO NET/OFI Using HIP driver version 60443483 with runtime 60443483
nid005005:91506:91506 [7] NCCL INFO NET/OFI Initializing aws-ofi-nccl 1.19.2
nid005005:91506:91506 [7] NCCL INFO NET/OFI Using Libfabric version 1.22
nid005005:91506:91506 [7] NCCL INFO NET/OFI Using HIP driver version 60443483 with runtime 60443483
nid005005:91501:91501 [4] NCCL INFO NET/OFI Initializing aws-ofi-nccl 1.19.2
nid005005:91501:91501 [4] NCCL INFO NET/OFI Using Libfabric version 1.22
nid005005:91501:91501 [4] NCCL INFO NET/OFI Using HIP driver version 60443483 with runtime 60443483
nid005001:51258:51258 [6] NCCL INFO NET/OFI Plugin selected platform: Default
nid005001:51259:51259 [7] NCCL INFO NET/OFI Plugin selected platform: Default
nid005001:51253:51253 [1] NCCL INFO NET/OFI Plugin selected platform: Default
nid005001:51260:51260 [5] NCCL INFO NET/OFI Plugin selected platform: Default
nid005001:51259:51259 [7] NCCL INFO NET/OFI No eligible providers were found
nid005001:51253:51253 [1] NCCL INFO NET/OFI No eligible providers were found
nid005001:51258:51258 [6] NCCL INFO NET/OFI No eligible providers were found
nid005001:51260:51260 [5] NCCL INFO NET/OFI No eligible providers were found
nid005001:51253:51253 [1] NCCL INFO NET/OFI Selected provider is cxi, fabric is cxi (found 4 nics)
nid005001:51253:51253 [1] NCCL INFO NET/OFI Using transport protocol SENDRECV
nid005001:51259:51259 [7] NCCL INFO NET/OFI Selected provider is cxi, fabric is cxi (found 4 nics)
nid005001:51259:51259 [7] NCCL INFO NET/OFI Using transport protocol SENDRECV
nid005001:51258:51258 [6] NCCL INFO NET/OFI Selected provider is cxi, fabric is cxi (found 4 nics)
nid005001:51258:51258 [6] NCCL INFO NET/OFI Using transport protocol SENDRECV
nid005001:51260:51260 [5] NCCL INFO NET/OFI Selected provider is cxi, fabric is cxi (found 4 nics)
nid005001:51260:51260 [5] NCCL INFO NET/OFI Using transport protocol SENDRECV
nid005001:51255:51255 [2] NCCL INFO NET/OFI Plugin selected platform: Default
nid005001:51255:51255 [2] NCCL INFO NET/OFI No eligible providers were found
nid005001:51255:51255 [2] NCCL INFO NET/OFI Selected provider is cxi, fabric is cxi (found 4 nics)
nid005001:51255:51255 [2] NCCL INFO NET/OFI Using transport protocol SENDRECV
nid005001:51256:51256 [3] NCCL INFO NET/OFI Plugin selected platform: Default
nid005001:51256:51256 [3] NCCL INFO NET/OFI No eligible providers were found
nid005001:51258:51258 [6] NCCL INFO NET/OFI Support for global registrations: false
nid005001:51258:51258 [6] NCCL INFO NET/OFI Support for DMA-BUF registrations: true
nid005001:51256:51256 [3] NCCL INFO NET/OFI Selected provider is cxi, fabric is cxi (found 4 nics)
nid005001:51256:51256 [3] NCCL INFO NET/OFI Using transport protocol SENDRECV
nid005001:51259:51259 [7] NCCL INFO NET/OFI Support for global registrations: false
nid005001:51259:51259 [7] NCCL INFO NET/OFI Support for DMA-BUF registrations: true
nid005001:51253:51253 [1] NCCL INFO NET/OFI Support for global registrations: false
nid005001:51253:51253 [1] NCCL INFO NET/OFI Support for DMA-BUF registrations: true
nid005001:51260:51260 [5] NCCL INFO NET/OFI Support for global registrations: false
nid005001:51260:51260 [5] NCCL INFO NET/OFI Support for DMA-BUF registrations: true
nid005001:51254:51254 [0] NCCL INFO NET/OFI Plugin selected platform: Default
nid005001:51254:51254 [0] NCCL INFO NET/OFI No eligible providers were found
nid005001:51255:51255 [2] NCCL INFO NET/OFI Support for global registrations: false
nid005001:51255:51255 [2] NCCL INFO NET/OFI Support for DMA-BUF registrations: true
nid005001:51253:51253 [1] NCCL INFO NET/OFI MR cache 0 hits 0 misses
nid005001:51259:51259 [7] NCCL INFO NET/OFI MR cache 0 hits 0 misses
nid005001:51258:51258 [6] NCCL INFO NET/OFI MR cache 0 hits 0 misses
nid005001:51253:51253 [1] NCCL INFO Using network Libfabric
nid005001:51260:51260 [5] NCCL INFO NET/OFI MR cache 0 hits 0 misses
nid005001:51259:51259 [7] NCCL INFO Using network Libfabric
nid005001:51258:51258 [6] NCCL INFO Using network Libfabric
nid005001:51260:51260 [5] NCCL INFO Using network Libfabric
nid005001:51254:51254 [0] NCCL INFO NET/OFI Selected provider is cxi, fabric is cxi (found 4 nics)
nid005001:51254:51254 [0] NCCL INFO NET/OFI Using transport protocol SENDRECV
nid005001:51255:51255 [2] NCCL INFO NET/OFI MR cache 0 hits 0 misses
nid005001:51255:51255 [2] NCCL INFO Using network Libfabric
nid005001:51257:51257 [4] NCCL INFO NET/OFI Plugin selected platform: Default
nid005001:51257:51257 [4] NCCL INFO NET/OFI No eligible providers were found
nid005001:51257:51257 [4] NCCL INFO NET/OFI Selected provider is cxi, fabric is cxi (found 4 nics)
nid005001:51257:51257 [4] NCCL INFO NET/OFI Using transport protocol SENDRECV
nid005001:51256:51256 [3] NCCL INFO NET/OFI Support for global registrations: false
nid005001:51256:51256 [3] NCCL INFO NET/OFI Support for DMA-BUF registrations: true
nid005001:51255:51255 [2] NCCL INFO [node_id = 8; gpu_id = 13395; unique_id = 4854050612492892576; location_id = 53504; bdf = 53504; domain = 0; partition = 0], 
nid005001:51255:51255 [2] NCCL INFO [node_id = 7; gpu_id = 3099; unique_id = 7094990947782360372; location_id = 52736; bdf = 52736; domain = 0; partition = 0], 
nid005001:51255:51255 [2] NCCL INFO [node_id = 5; gpu_id = 51740; unique_id = 11334070492339152469; location_id = 50688; bdf = 50688; domain = 0; partition = 0], 
nid005001:51255:51255 [2] NCCL INFO [node_id = 4; gpu_id = 63582; unique_id = 13942932188507108662; location_id = 49408; bdf = 49408; domain = 0; partition = 0], 
nid005001:51255:51255 [2] NCCL INFO [node_id = 6; gpu_id = 15961; unique_id = 15242899769222986640; location_id = 51456; bdf = 51456; domain = 0; partition = 0], 
nid005001:51255:51255 [2] NCCL INFO [node_id = 10; gpu_id = 62036; unique_id = 15831369173408705154; location_id = 55552; bdf = 55552; domain = 0; partition = 0], 
nid005001:51255:51255 [2] NCCL INFO [node_id = 9; gpu_id = 1553; unique_id = 16836454203536993356; location_id = 54784; bdf = 54784; domain = 0; partition = 0], 
nid005001:51255:51255 [2] NCCL INFO [node_id = 11; gpu_id = 49174; unique_id = 17684596761914622676; location_id = 56832; bdf = 56832; domain = 0; partition = 0], 
nid005001:51259:51259 [7] NCCL INFO [node_id = 8; gpu_id = 13395; unique_id = 4854050612492892576; location_id = 53504; bdf = 53504; domain = 0; partition = 0], 
nid005001:51259:51259 [7] NCCL INFO [node_id = 7; gpu_id = 3099; unique_id = 7094990947782360372; location_id = 52736; bdf = 52736; domain = 0; partition = 0], 
nid005001:51259:51259 [7] NCCL INFO [node_id = 5; gpu_id = 51740; unique_id = 11334070492339152469; location_id = 50688; bdf = 50688; domain = 0; partition = 0], 
nid005001:51259:51259 [7] NCCL INFO [node_id = 4; gpu_id = 63582; unique_id = 13942932188507108662; location_id = 49408; bdf = 49408; domain = 0; partition = 0], 
nid005001:51259:51259 [7] NCCL INFO [node_id = 6; gpu_id = 15961; unique_id = 15242899769222986640; location_id = 51456; bdf = 51456; domain = 0; partition = 0], 
nid005001:51259:51259 [7] NCCL INFO [node_id = 10; gpu_id = 62036; unique_id = 15831369173408705154; location_id = 55552; bdf = 55552; domain = 0; partition = 0], 
nid005001:51259:51259 [7] NCCL INFO [node_id = 9; gpu_id = 1553; unique_id = 16836454203536993356; location_id = 54784; bdf = 54784; domain = 0; partition = 0], 
nid005001:51259:51259 [7] NCCL INFO [node_id = 11; gpu_id = 49174; unique_id = 17684596761914622676; location_id = 56832; bdf = 56832; domain = 0; partition = 0], 
nid005001:51258:51258 [6] NCCL INFO [node_id = 8; gpu_id = 13395; unique_id = 4854050612492892576; location_id = 53504; bdf = 53504; domain = 0; partition = 0], 
nid005001:51258:51258 [6] NCCL INFO [node_id = 7; gpu_id = 3099; unique_id = 7094990947782360372; location_id = 52736; bdf = 52736; domain = 0; partition = 0], 
nid005001:51258:51258 [6] NCCL INFO [node_id = 5; gpu_id = 51740; unique_id = 11334070492339152469; location_id = 50688; bdf = 50688; domain = 0; partition = 0], 
nid005001:51258:51258 [6] NCCL INFO [node_id = 4; gpu_id = 63582; unique_id = 13942932188507108662; location_id = 49408; bdf = 49408; domain = 0; partition = 0], 
nid005001:51258:51258 [6] NCCL INFO [node_id = 6; gpu_id = 15961; unique_id = 15242899769222986640; location_id = 51456; bdf = 51456; domain = 0; partition = 0], 
nid005001:51258:51258 [6] NCCL INFO [node_id = 10; gpu_id = 62036; unique_id = 15831369173408705154; location_id = 55552; bdf = 55552; domain = 0; partition = 0], 
nid005001:51258:51258 [6] NCCL INFO [node_id = 9; gpu_id = 1553; unique_id = 16836454203536993356; location_id = 54784; bdf = 54784; domain = 0; partition = 0], 
nid005001:51258:51258 [6] NCCL INFO [node_id = 11; gpu_id = 49174; unique_id = 17684596761914622676; location_id = 56832; bdf = 56832; domain = 0; partition = 0], 
nid005001:51253:51253 [1] NCCL INFO [node_id = 8; gpu_id = 13395; unique_id = 4854050612492892576; location_id = 53504; bdf = 53504; domain = 0; partition = 0], 
nid005001:51253:51253 [1] NCCL INFO [node_id = 7; gpu_id = 3099; unique_id = 7094990947782360372; location_id = 52736; bdf = 52736; domain = 0; partition = 0], 
nid005001:51253:51253 [1] NCCL INFO [node_id = 5; gpu_id = 51740; unique_id = 11334070492339152469; location_id = 50688; bdf = 50688; domain = 0; partition = 0], 
nid005001:51253:51253 [1] NCCL INFO [node_id = 4; gpu_id = 63582; unique_id = 13942932188507108662; location_id = 49408; bdf = 49408; domain = 0; partition = 0], 
nid005001:51253:51253 [1] NCCL INFO [node_id = 6; gpu_id = 15961; unique_id = 15242899769222986640; location_id = 51456; bdf = 51456; domain = 0; partition = 0], 
nid005001:51253:51253 [1] NCCL INFO [node_id = 10; gpu_id = 62036; unique_id = 15831369173408705154; location_id = 55552; bdf = 55552; domain = 0; partition = 0], 
nid005001:51253:51253 [1] NCCL INFO [node_id = 9; gpu_id = 1553; unique_id = 16836454203536993356; location_id = 54784; bdf = 54784; domain = 0; partition = 0], 
nid005001:51253:51253 [1] NCCL INFO [node_id = 11; gpu_id = 49174; unique_id = 17684596761914622676; location_id = 56832; bdf = 56832; domain = 0; partition = 0], 
nid005001:51260:51260 [5] NCCL INFO [node_id = 8; gpu_id = 13395; unique_id = 4854050612492892576; location_id = 53504; bdf = 53504; domain = 0; partition = 0], 
nid005001:51260:51260 [5] NCCL INFO [node_id = 7; gpu_id = 3099; unique_id = 7094990947782360372; location_id = 52736; bdf = 52736; domain = 0; partition = 0], 
nid005001:51260:51260 [5] NCCL INFO [node_id = 5; gpu_id = 51740; unique_id = 11334070492339152469; location_id = 50688; bdf = 50688; domain = 0; partition = 0], 
nid005001:51260:51260 [5] NCCL INFO [node_id = 4; gpu_id = 63582; unique_id = 13942932188507108662; location_id = 49408; bdf = 49408; domain = 0; partition = 0], 
nid005001:51260:51260 [5] NCCL INFO [node_id = 6; gpu_id = 15961; unique_id = 15242899769222986640; location_id = 51456; bdf = 51456; domain = 0; partition = 0], 
nid005001:51260:51260 [5] NCCL INFO [node_id = 10; gpu_id = 62036; unique_id = 15831369173408705154; location_id = 55552; bdf = 55552; domain = 0; partition = 0], 
nid005001:51260:51260 [5] NCCL INFO [node_id = 9; gpu_id = 1553; unique_id = 16836454203536993356; location_id = 54784; bdf = 54784; domain = 0; partition = 0], 
nid005001:51260:51260 [5] NCCL INFO [node_id = 11; gpu_id = 49174; unique_id = 17684596761914622676; location_id = 56832; bdf = 56832; domain = 0; partition = 0], 
nid005001:51256:51256 [3] NCCL INFO NET/OFI MR cache 0 hits 0 misses
nid005001:51256:51256 [3] NCCL INFO Using network Libfabric
nid005001:51254:51254 [0] NCCL INFO NET/OFI Support for global registrations: false
nid005001:51254:51254 [0] NCCL INFO NET/OFI Support for DMA-BUF registrations: true
nid005001:51256:51256 [3] NCCL INFO [node_id = 8; gpu_id = 13395; unique_id = 4854050612492892576; location_id = 53504; bdf = 53504; domain = 0; partition = 0], 
nid005001:51256:51256 [3] NCCL INFO [node_id = 7; gpu_id = 3099; unique_id = 7094990947782360372; location_id = 52736; bdf = 52736; domain = 0; partition = 0], 
nid005001:51256:51256 [3] NCCL INFO [node_id = 5; gpu_id = 51740; unique_id = 11334070492339152469; location_id = 50688; bdf = 50688; domain = 0; partition = 0], 
nid005001:51256:51256 [3] NCCL INFO [node_id = 4; gpu_id = 63582; unique_id = 13942932188507108662; location_id = 49408; bdf = 49408; domain = 0; partition = 0], 
nid005001:51256:51256 [3] NCCL INFO [node_id = 6; gpu_id = 15961; unique_id = 15242899769222986640; location_id = 51456; bdf = 51456; domain = 0; partition = 0], 
nid005001:51256:51256 [3] NCCL INFO [node_id = 10; gpu_id = 62036; unique_id = 15831369173408705154; location_id = 55552; bdf = 55552; domain = 0; partition = 0], 
nid005001:51256:51256 [3] NCCL INFO [node_id = 9; gpu_id = 1553; unique_id = 16836454203536993356; location_id = 54784; bdf = 54784; domain = 0; partition = 0], 
nid005001:51256:51256 [3] NCCL INFO [node_id = 11; gpu_id = 49174; unique_id = 17684596761914622676; location_id = 56832; bdf = 56832; domain = 0; partition = 0], 
nid005001:51255:51255 [2] NCCL INFO initialized internal alternative rsmi functionality
nid005001:51253:51253 [1] NCCL INFO initialized internal alternative rsmi functionality
nid005001:51259:51259 [7] NCCL INFO initialized internal alternative rsmi functionality
nid005001:51258:51258 [6] NCCL INFO initialized internal alternative rsmi functionality
nid005001:51260:51260 [5] NCCL INFO initialized internal alternative rsmi functionality
nid005001:51254:51254 [0] NCCL INFO NET/OFI MR cache 0 hits 0 misses
nid005001:51254:51254 [0] NCCL INFO Using network Libfabric
nid005001:51254:51254 [0] NCCL INFO [node_id = 8; gpu_id = 13395; unique_id = 4854050612492892576; location_id = 53504; bdf = 53504; domain = 0; partition = 0], 
nid005001:51254:51254 [0] NCCL INFO [node_id = 7; gpu_id = 3099; unique_id = 7094990947782360372; location_id = 52736; bdf = 52736; domain = 0; partition = 0], 
nid005001:51254:51254 [0] NCCL INFO [node_id = 5; gpu_id = 51740; unique_id = 11334070492339152469; location_id = 50688; bdf = 50688; domain = 0; partition = 0], 
nid005001:51254:51254 [0] NCCL INFO [node_id = 4; gpu_id = 63582; unique_id = 13942932188507108662; location_id = 49408; bdf = 49408; domain = 0; partition = 0], 
nid005001:51254:51254 [0] NCCL INFO [node_id = 6; gpu_id = 15961; unique_id = 15242899769222986640; location_id = 51456; bdf = 51456; domain = 0; partition = 0], 
nid005001:51254:51254 [0] NCCL INFO [node_id = 10; gpu_id = 62036; unique_id = 15831369173408705154; location_id = 55552; bdf = 55552; domain = 0; partition = 0], 
nid005001:51254:51254 [0] NCCL INFO [node_id = 9; gpu_id = 1553; unique_id = 16836454203536993356; location_id = 54784; bdf = 54784; domain = 0; partition = 0], 
nid005001:51254:51254 [0] NCCL INFO [node_id = 11; gpu_id = 49174; unique_id = 17684596761914622676; location_id = 56832; bdf = 56832; domain = 0; partition = 0], 
nid005001:51257:51257 [4] NCCL INFO NET/OFI Support for global registrations: false
nid005001:51257:51257 [4] NCCL INFO NET/OFI Support for DMA-BUF registrations: true
nid005001:51256:51256 [3] NCCL INFO initialized internal alternative rsmi functionality
nid005005:91504:91504 [0] NCCL INFO NET/OFI Plugin selected platform: Default
nid005005:91504:91504 [0] NCCL INFO NET/OFI No eligible providers were found
nid005005:91504:91504 [0] NCCL INFO NET/OFI Selected provider is cxi, fabric is cxi (found 4 nics)
nid005005:91504:91504 [0] NCCL INFO NET/OFI Using transport protocol SENDRECV
nid005001:51257:51257 [4] NCCL INFO NET/OFI MR cache 0 hits 0 misses
nid005001:51257:51257 [4] NCCL INFO Using network Libfabric
nid005001:51257:51257 [4] NCCL INFO [node_id = 8; gpu_id = 13395; unique_id = 4854050612492892576; location_id = 53504; bdf = 53504; domain = 0; partition = 0], 
nid005001:51257:51257 [4] NCCL INFO [node_id = 7; gpu_id = 3099; unique_id = 7094990947782360372; location_id = 52736; bdf = 52736; domain = 0; partition = 0], 
nid005001:51257:51257 [4] NCCL INFO [node_id = 5; gpu_id = 51740; unique_id = 11334070492339152469; location_id = 50688; bdf = 50688; domain = 0; partition = 0], 
nid005001:51257:51257 [4] NCCL INFO [node_id = 4; gpu_id = 63582; unique_id = 13942932188507108662; location_id = 49408; bdf = 49408; domain = 0; partition = 0], 
nid005001:51257:51257 [4] NCCL INFO [node_id = 6; gpu_id = 15961; unique_id = 15242899769222986640; location_id = 51456; bdf = 51456; domain = 0; partition = 0], 
nid005001:51257:51257 [4] NCCL INFO [node_id = 10; gpu_id = 62036; unique_id = 15831369173408705154; location_id = 55552; bdf = 55552; domain = 0; partition = 0], 
nid005001:51257:51257 [4] NCCL INFO [node_id = 9; gpu_id = 1553; unique_id = 16836454203536993356; location_id = 54784; bdf = 54784; domain = 0; partition = 0], 
nid005001:51257:51257 [4] NCCL INFO [node_id = 11; gpu_id = 49174; unique_id = 17684596761914622676; location_id = 56832; bdf = 56832; domain = 0; partition = 0], 
nid005001:51254:51254 [0] NCCL INFO initialized internal alternative rsmi functionality
nid005005:91502:91502 [6] NCCL INFO NET/OFI Plugin selected platform: Default
nid005005:91502:91502 [6] NCCL INFO NET/OFI No eligible providers were found
nid005001:51257:51257 [4] NCCL INFO initialized internal alternative rsmi functionality
nid005005:91501:91501 [4] NCCL INFO NET/OFI Plugin selected platform: Default
nid005005:91501:91501 [4] NCCL INFO NET/OFI No eligible providers were found
nid005005:91502:91502 [6] NCCL INFO NET/OFI Selected provider is cxi, fabric is cxi (found 4 nics)
nid005005:91502:91502 [6] NCCL INFO NET/OFI Using transport protocol SENDRECV
nid005005:91501:91501 [4] NCCL INFO NET/OFI Selected provider is cxi, fabric is cxi (found 4 nics)
nid005005:91501:91501 [4] NCCL INFO NET/OFI Using transport protocol SENDRECV
nid005005:91504:91504 [0] NCCL INFO NET/OFI Support for global registrations: false
nid005005:91504:91504 [0] NCCL INFO NET/OFI Support for DMA-BUF registrations: true
nid005005:91504:91504 [0] NCCL INFO NET/OFI MR cache 0 hits 0 misses
nid005005:91504:91504 [0] NCCL INFO Using network Libfabric
nid005005:91503:91503 [5] NCCL INFO NET/OFI Plugin selected platform: Default
nid005005:91503:91503 [5] NCCL INFO NET/OFI No eligible providers were found
nid005005:91501:91501 [4] NCCL INFO NET/OFI Support for global registrations: false
nid005005:91501:91501 [4] NCCL INFO NET/OFI Support for DMA-BUF registrations: true
nid005005:91502:91502 [6] NCCL INFO NET/OFI Support for global registrations: false
nid005005:91502:91502 [6] NCCL INFO NET/OFI Support for DMA-BUF registrations: true
nid005005:91506:91506 [7] NCCL INFO NET/OFI Plugin selected platform: Default
nid005005:91506:91506 [7] NCCL INFO NET/OFI No eligible providers were found
nid005005:91504:91504 [0] NCCL INFO [node_id = 9; gpu_id = 1553; unique_id = 4678298172508712464; location_id = 54784; bdf = 54784; domain = 0; partition = 0], 
nid005005:91504:91504 [0] NCCL INFO [node_id = 11; gpu_id = 49174; unique_id = 8323249148855706344; location_id = 56832; bdf = 56832; domain = 0; partition = 0], 
nid005005:91504:91504 [0] NCCL INFO [node_id = 5; gpu_id = 51740; unique_id = 8389445317889770581; location_id = 50688; bdf = 50688; domain = 0; partition = 0], 
nid005005:91504:91504 [0] NCCL INFO [node_id = 4; gpu_id = 63582; unique_id = 11507667780624484615; location_id = 49408; bdf = 49408; domain = 0; partition = 0], 
nid005005:91504:91504 [0] NCCL INFO [node_id = 6; gpu_id = 15961; unique_id = 12975694143226107653; location_id = 51456; bdf = 51456; domain = 0; partition = 0], 
nid005005:91504:91504 [0] NCCL INFO [node_id = 10; gpu_id = 62036; unique_id = 14736248088277728363; location_id = 55552; bdf = 55552; domain = 0; partition = 0], 
nid005005:91504:91504 [0] NCCL INFO [node_id = 8; gpu_id = 13395; unique_id = 15192327823896347140; location_id = 53504; bdf = 53504; domain = 0; partition = 0], 
nid005005:91504:91504 [0] NCCL INFO [node_id = 7; gpu_id = 3099; unique_id = 15550484704659820414; location_id = 52736; bdf = 52736; domain = 0; partition = 0], 
nid005005:91503:91503 [5] NCCL INFO NET/OFI Selected provider is cxi, fabric is cxi (found 4 nics)
nid005005:91503:91503 [5] NCCL INFO NET/OFI Using transport protocol SENDRECV
nid005005:91506:91506 [7] NCCL INFO NET/OFI Selected provider is cxi, fabric is cxi (found 4 nics)
nid005005:91506:91506 [7] NCCL INFO NET/OFI Using transport protocol SENDRECV
nid005005:91502:91502 [6] NCCL INFO NET/OFI MR cache 0 hits 0 misses
nid005005:91502:91502 [6] NCCL INFO Using network Libfabric
nid005005:91501:91501 [4] NCCL INFO NET/OFI MR cache 0 hits 0 misses
nid005005:91501:91501 [4] NCCL INFO Using network Libfabric
nid005005:91505:91505 [2] NCCL INFO NET/OFI Plugin selected platform: Default
nid005005:91505:91505 [2] NCCL INFO NET/OFI No eligible providers were found
nid005005:91500:91500 [3] NCCL INFO NET/OFI Plugin selected platform: Default
nid005005:91500:91500 [3] NCCL INFO NET/OFI No eligible providers were found
nid005005:91501:91501 [4] NCCL INFO [node_id = 9; gpu_id = 1553; unique_id = 4678298172508712464; location_id = 54784; bdf = 54784; domain = 0; partition = 0], 
nid005005:91501:91501 [4] NCCL INFO [node_id = 11; gpu_id = 49174; unique_id = 8323249148855706344; location_id = 56832; bdf = 56832; domain = 0; partition = 0], 
nid005005:91501:91501 [4] NCCL INFO [node_id = 5; gpu_id = 51740; unique_id = 8389445317889770581; location_id = 50688; bdf = 50688; domain = 0; partition = 0], 
nid005005:91501:91501 [4] NCCL INFO [node_id = 4; gpu_id = 63582; unique_id = 11507667780624484615; location_id = 49408; bdf = 49408; domain = 0; partition = 0], 
nid005005:91501:91501 [4] NCCL INFO [node_id = 6; gpu_id = 15961; unique_id = 12975694143226107653; location_id = 51456; bdf = 51456; domain = 0; partition = 0], 
nid005005:91501:91501 [4] NCCL INFO [node_id = 10; gpu_id = 62036; unique_id = 14736248088277728363; location_id = 55552; bdf = 55552; domain = 0; partition = 0], 
nid005005:91501:91501 [4] NCCL INFO [node_id = 8; gpu_id = 13395; unique_id = 15192327823896347140; location_id = 53504; bdf = 53504; domain = 0; partition = 0], 
nid005005:91501:91501 [4] NCCL INFO [node_id = 7; gpu_id = 3099; unique_id = 15550484704659820414; location_id = 52736; bdf = 52736; domain = 0; partition = 0], 
nid005005:91502:91502 [6] NCCL INFO [node_id = 9; gpu_id = 1553; unique_id = 4678298172508712464; location_id = 54784; bdf = 54784; domain = 0; partition = 0], 
nid005005:91502:91502 [6] NCCL INFO [node_id = 11; gpu_id = 49174; unique_id = 8323249148855706344; location_id = 56832; bdf = 56832; domain = 0; partition = 0], 
nid005005:91502:91502 [6] NCCL INFO [node_id = 5; gpu_id = 51740; unique_id = 8389445317889770581; location_id = 50688; bdf = 50688; domain = 0; partition = 0], 
nid005005:91502:91502 [6] NCCL INFO [node_id = 4; gpu_id = 63582; unique_id = 11507667780624484615; location_id = 49408; bdf = 49408; domain = 0; partition = 0], 
nid005005:91502:91502 [6] NCCL INFO [node_id = 6; gpu_id = 15961; unique_id = 12975694143226107653; location_id = 51456; bdf = 51456; domain = 0; partition = 0], 
nid005005:91502:91502 [6] NCCL INFO [node_id = 10; gpu_id = 62036; unique_id = 14736248088277728363; location_id = 55552; bdf = 55552; domain = 0; partition = 0], 
nid005005:91502:91502 [6] NCCL INFO [node_id = 8; gpu_id = 13395; unique_id = 15192327823896347140; location_id = 53504; bdf = 53504; domain = 0; partition = 0], 
nid005005:91502:91502 [6] NCCL INFO [node_id = 7; gpu_id = 3099; unique_id = 15550484704659820414; location_id = 52736; bdf = 52736; domain = 0; partition = 0], 
nid005005:91505:91505 [2] NCCL INFO NET/OFI Selected provider is cxi, fabric is cxi (found 4 nics)
nid005005:91505:91505 [2] NCCL INFO NET/OFI Using transport protocol SENDRECV
nid005005:91500:91500 [3] NCCL INFO NET/OFI Selected provider is cxi, fabric is cxi (found 4 nics)
nid005005:91500:91500 [3] NCCL INFO NET/OFI Using transport protocol SENDRECV
nid005005:91504:91504 [0] NCCL INFO initialized internal alternative rsmi functionality
nid005005:91499:91499 [1] NCCL INFO NET/OFI Plugin selected platform: Default
nid005005:91499:91499 [1] NCCL INFO NET/OFI No eligible providers were found
nid005005:91501:91501 [4] NCCL INFO initialized internal alternative rsmi functionality
nid005005:91502:91502 [6] NCCL INFO initialized internal alternative rsmi functionality
nid005005:91499:91499 [1] NCCL INFO NET/OFI Selected provider is cxi, fabric is cxi (found 4 nics)
nid005005:91499:91499 [1] NCCL INFO NET/OFI Using transport protocol SENDRECV
nid005005:91503:91503 [5] NCCL INFO NET/OFI Support for global registrations: false
nid005005:91503:91503 [5] NCCL INFO NET/OFI Support for DMA-BUF registrations: true
nid005005:91506:91506 [7] NCCL INFO NET/OFI Support for global registrations: false
nid005005:91506:91506 [7] NCCL INFO NET/OFI Support for DMA-BUF registrations: true
nid005005:91505:91505 [2] NCCL INFO NET/OFI Support for global registrations: false
nid005005:91505:91505 [2] NCCL INFO NET/OFI Support for DMA-BUF registrations: true
nid005005:91500:91500 [3] NCCL INFO NET/OFI Support for global registrations: false
nid005005:91500:91500 [3] NCCL INFO NET/OFI Support for DMA-BUF registrations: true
nid005005:91503:91503 [5] NCCL INFO NET/OFI MR cache 0 hits 0 misses
nid005005:91503:91503 [5] NCCL INFO Using network Libfabric
nid005005:91506:91506 [7] NCCL INFO NET/OFI MR cache 0 hits 0 misses
nid005005:91506:91506 [7] NCCL INFO Using network Libfabric
nid005005:91503:91503 [5] NCCL INFO [node_id = 9; gpu_id = 1553; unique_id = 4678298172508712464; location_id = 54784; bdf = 54784; domain = 0; partition = 0], 
nid005005:91503:91503 [5] NCCL INFO [node_id = 11; gpu_id = 49174; unique_id = 8323249148855706344; location_id = 56832; bdf = 56832; domain = 0; partition = 0], 
nid005005:91503:91503 [5] NCCL INFO [node_id = 5; gpu_id = 51740; unique_id = 8389445317889770581; location_id = 50688; bdf = 50688; domain = 0; partition = 0], 
nid005005:91503:91503 [5] NCCL INFO [node_id = 4; gpu_id = 63582; unique_id = 11507667780624484615; location_id = 49408; bdf = 49408; domain = 0; partition = 0], 
nid005005:91503:91503 [5] NCCL INFO [node_id = 6; gpu_id = 15961; unique_id = 12975694143226107653; location_id = 51456; bdf = 51456; domain = 0; partition = 0], 
nid005005:91503:91503 [5] NCCL INFO [node_id = 10; gpu_id = 62036; unique_id = 14736248088277728363; location_id = 55552; bdf = 55552; domain = 0; partition = 0], 
nid005005:91503:91503 [5] NCCL INFO [node_id = 8; gpu_id = 13395; unique_id = 15192327823896347140; location_id = 53504; bdf = 53504; domain = 0; partition = 0], 
nid005005:91503:91503 [5] NCCL INFO [node_id = 7; gpu_id = 3099; unique_id = 15550484704659820414; location_id = 52736; bdf = 52736; domain = 0; partition = 0], 
nid005005:91506:91506 [7] NCCL INFO [node_id = 9; gpu_id = 1553; unique_id = 4678298172508712464; location_id = 54784; bdf = 54784; domain = 0; partition = 0], 
nid005005:91506:91506 [7] NCCL INFO [node_id = 11; gpu_id = 49174; unique_id = 8323249148855706344; location_id = 56832; bdf = 56832; domain = 0; partition = 0], 
nid005005:91506:91506 [7] NCCL INFO [node_id = 5; gpu_id = 51740; unique_id = 8389445317889770581; location_id = 50688; bdf = 50688; domain = 0; partition = 0], 
nid005005:91506:91506 [7] NCCL INFO [node_id = 4; gpu_id = 63582; unique_id = 11507667780624484615; location_id = 49408; bdf = 49408; domain = 0; partition = 0], 
nid005005:91506:91506 [7] NCCL INFO [node_id = 6; gpu_id = 15961; unique_id = 12975694143226107653; location_id = 51456; bdf = 51456; domain = 0; partition = 0], 
nid005005:91506:91506 [7] NCCL INFO [node_id = 10; gpu_id = 62036; unique_id = 14736248088277728363; location_id = 55552; bdf = 55552; domain = 0; partition = 0], 
nid005005:91506:91506 [7] NCCL INFO [node_id = 8; gpu_id = 13395; unique_id = 15192327823896347140; location_id = 53504; bdf = 53504; domain = 0; partition = 0], 
nid005005:91506:91506 [7] NCCL INFO [node_id = 7; gpu_id = 3099; unique_id = 15550484704659820414; location_id = 52736; bdf = 52736; domain = 0; partition = 0], 
nid005005:91505:91505 [2] NCCL INFO NET/OFI MR cache 0 hits 0 misses
nid005005:91500:91500 [3] NCCL INFO NET/OFI MR cache 0 hits 0 misses
nid005005:91500:91500 [3] NCCL INFO Using network Libfabric
nid005005:91505:91505 [2] NCCL INFO Using network Libfabric
nid005005:91505:91505 [2] NCCL INFO [node_id = 9; gpu_id = 1553; unique_id = 4678298172508712464; location_id = 54784; bdf = 54784; domain = 0; partition = 0], 
nid005005:91505:91505 [2] NCCL INFO [node_id = 11; gpu_id = 49174; unique_id = 8323249148855706344; location_id = 56832; bdf = 56832; domain = 0; partition = 0], 
nid005005:91505:91505 [2] NCCL INFO [node_id = 5; gpu_id = 51740; unique_id = 8389445317889770581; location_id = 50688; bdf = 50688; domain = 0; partition = 0], 
nid005005:91505:91505 [2] NCCL INFO [node_id = 4; gpu_id = 63582; unique_id = 11507667780624484615; location_id = 49408; bdf = 49408; domain = 0; partition = 0], 
nid005005:91505:91505 [2] NCCL INFO [node_id = 6; gpu_id = 15961; unique_id = 12975694143226107653; location_id = 51456; bdf = 51456; domain = 0; partition = 0], 
nid005005:91505:91505 [2] NCCL INFO [node_id = 10; gpu_id = 62036; unique_id = 14736248088277728363; location_id = 55552; bdf = 55552; domain = 0; partition = 0], 
nid005005:91505:91505 [2] NCCL INFO [node_id = 8; gpu_id = 13395; unique_id = 15192327823896347140; location_id = 53504; bdf = 53504; domain = 0; partition = 0], 
nid005005:91505:91505 [2] NCCL INFO [node_id = 7; gpu_id = 3099; unique_id = 15550484704659820414; location_id = 52736; bdf = 52736; domain = 0; partition = 0], 
nid005005:91500:91500 [3] NCCL INFO [node_id = 9; gpu_id = 1553; unique_id = 4678298172508712464; location_id = 54784; bdf = 54784; domain = 0; partition = 0], 
nid005005:91500:91500 [3] NCCL INFO [node_id = 11; gpu_id = 49174; unique_id = 8323249148855706344; location_id = 56832; bdf = 56832; domain = 0; partition = 0], 
nid005005:91500:91500 [3] NCCL INFO [node_id = 5; gpu_id = 51740; unique_id = 8389445317889770581; location_id = 50688; bdf = 50688; domain = 0; partition = 0], 
nid005005:91500:91500 [3] NCCL INFO [node_id = 4; gpu_id = 63582; unique_id = 11507667780624484615; location_id = 49408; bdf = 49408; domain = 0; partition = 0], 
nid005005:91500:91500 [3] NCCL INFO [node_id = 6; gpu_id = 15961; unique_id = 12975694143226107653; location_id = 51456; bdf = 51456; domain = 0; partition = 0], 
nid005005:91500:91500 [3] NCCL INFO [node_id = 10; gpu_id = 62036; unique_id = 14736248088277728363; location_id = 55552; bdf = 55552; domain = 0; partition = 0], 
nid005005:91500:91500 [3] NCCL INFO [node_id = 8; gpu_id = 13395; unique_id = 15192327823896347140; location_id = 53504; bdf = 53504; domain = 0; partition = 0], 
nid005005:91500:91500 [3] NCCL INFO [node_id = 7; gpu_id = 3099; unique_id = 15550484704659820414; location_id = 52736; bdf = 52736; domain = 0; partition = 0], 
nid005005:91499:91499 [1] NCCL INFO NET/OFI Support for global registrations: false
nid005005:91499:91499 [1] NCCL INFO NET/OFI Support for DMA-BUF registrations: true
nid005005:91506:91506 [7] NCCL INFO initialized internal alternative rsmi functionality
nid005005:91503:91503 [5] NCCL INFO initialized internal alternative rsmi functionality
nid005005:91505:91505 [2] NCCL INFO initialized internal alternative rsmi functionality
nid005005:91500:91500 [3] NCCL INFO initialized internal alternative rsmi functionality
nid005005:91499:91499 [1] NCCL INFO NET/OFI MR cache 0 hits 0 misses
nid005005:91499:91499 [1] NCCL INFO Using network Libfabric
nid005005:91499:91499 [1] NCCL INFO [node_id = 9; gpu_id = 1553; unique_id = 4678298172508712464; location_id = 54784; bdf = 54784; domain = 0; partition = 0], 
nid005005:91499:91499 [1] NCCL INFO [node_id = 11; gpu_id = 49174; unique_id = 8323249148855706344; location_id = 56832; bdf = 56832; domain = 0; partition = 0], 
nid005005:91499:91499 [1] NCCL INFO [node_id = 5; gpu_id = 51740; unique_id = 8389445317889770581; location_id = 50688; bdf = 50688; domain = 0; partition = 0], 
nid005005:91499:91499 [1] NCCL INFO [node_id = 4; gpu_id = 63582; unique_id = 11507667780624484615; location_id = 49408; bdf = 49408; domain = 0; partition = 0], 
nid005005:91499:91499 [1] NCCL INFO [node_id = 6; gpu_id = 15961; unique_id = 12975694143226107653; location_id = 51456; bdf = 51456; domain = 0; partition = 0], 
nid005005:91499:91499 [1] NCCL INFO [node_id = 10; gpu_id = 62036; unique_id = 14736248088277728363; location_id = 55552; bdf = 55552; domain = 0; partition = 0], 
nid005005:91499:91499 [1] NCCL INFO [node_id = 8; gpu_id = 13395; unique_id = 15192327823896347140; location_id = 53504; bdf = 53504; domain = 0; partition = 0], 
nid005005:91499:91499 [1] NCCL INFO [node_id = 7; gpu_id = 3099; unique_id = 15550484704659820414; location_id = 52736; bdf = 52736; domain = 0; partition = 0], 
nid005005:91499:91499 [1] NCCL INFO initialized internal alternative rsmi functionality
nid005001:51257:51257 [4] NCCL INFO ncclCommInitRank comm 0x556f08767700 rank 4 nranks 16 cudaDev 4 nvmlDev 4 busId d1000 commId 0xa0737416c2b23bcc - Init START
nid005001:51255:51255 [2] NCCL INFO ncclCommInitRank comm 0x561cb6d30be0 rank 2 nranks 16 cudaDev 2 nvmlDev 2 busId c9000 commId 0xa0737416c2b23bcc - Init START
nid005005:91503:91503 [5] NCCL INFO ncclCommInitRank comm 0x55ca05633170 rank 13 nranks 16 cudaDev 5 nvmlDev 5 busId d6000 commId 0xa0737416c2b23bcc - Init START
nid005001:51258:51258 [6] NCCL INFO ncclCommInitRank comm 0x559d73d29040 rank 6 nranks 16 cudaDev 6 nvmlDev 6 busId d9000 commId 0xa0737416c2b23bcc - Init START
nid005001:51254:51254 [0] NCCL INFO ncclCommInitRank comm 0x55bd836e47a0 rank 0 nranks 16 cudaDev 0 nvmlDev 0 busId c1000 commId 0xa0737416c2b23bcc - Init START
nid005001:51256:51256 [3] NCCL INFO ncclCommInitRank comm 0x55d595467d90 rank 3 nranks 16 cudaDev 3 nvmlDev 3 busId ce000 commId 0xa0737416c2b23bcc - Init START
nid005005:91506:91506 [7] NCCL INFO ncclCommInitRank comm 0x5596d7683540 rank 15 nranks 16 cudaDev 7 nvmlDev 7 busId de000 commId 0xa0737416c2b23bcc - Init START
nid005001:51253:51253 [1] NCCL INFO ncclCommInitRank comm 0x555be8224af0 rank 1 nranks 16 cudaDev 1 nvmlDev 1 busId c6000 commId 0xa0737416c2b23bcc - Init START
nid005005:91499:91499 [1] NCCL INFO ncclCommInitRank comm 0x558da978c1c0 rank 9 nranks 16 cudaDev 1 nvmlDev 1 busId c6000 commId 0xa0737416c2b23bcc - Init START
nid005001:51259:51259 [7] NCCL INFO ncclCommInitRank comm 0x55cec4cea9e0 rank 7 nranks 16 cudaDev 7 nvmlDev 7 busId de000 commId 0xa0737416c2b23bcc - Init START
nid005005:91505:91505 [2] NCCL INFO ncclCommInitRank comm 0x555abdc8d1d0 rank 10 nranks 16 cudaDev 2 nvmlDev 2 busId c9000 commId 0xa0737416c2b23bcc - Init START
nid005001:51260:51260 [5] NCCL INFO ncclCommInitRank comm 0x563c5568fc70 rank 5 nranks 16 cudaDev 5 nvmlDev 5 busId d6000 commId 0xa0737416c2b23bcc - Init START
nid005005:91500:91500 [3] NCCL INFO ncclCommInitRank comm 0x555b968350e0 rank 11 nranks 16 cudaDev 3 nvmlDev 3 busId ce000 commId 0xa0737416c2b23bcc - Init START
nid005005:91501:91501 [4] NCCL INFO ncclCommInitRank comm 0x55e4108ea9c0 rank 12 nranks 16 cudaDev 4 nvmlDev 4 busId d1000 commId 0xa0737416c2b23bcc - Init START
nid005005:91504:91504 [0] NCCL INFO ncclCommInitRank comm 0x55e0518f3280 rank 8 nranks 16 cudaDev 0 nvmlDev 0 busId c1000 commId 0xa0737416c2b23bcc - Init START
nid005005:91502:91502 [6] NCCL INFO ncclCommInitRank comm 0x561f3491e030 rank 14 nranks 16 cudaDev 6 nvmlDev 6 busId d9000 commId 0xa0737416c2b23bcc - Init START
nid005001:51258:51258 [6] NCCL INFO initialized internal alternative rsmi functionality
nid005005:91503:91503 [5] NCCL INFO initialized internal alternative rsmi functionality
nid005001:51253:51253 [1] NCCL INFO initialized internal alternative rsmi functionality
nid005001:51255:51255 [2] NCCL INFO initialized internal alternative rsmi functionality
nid005001:51259:51259 [7] NCCL INFO initialized internal alternative rsmi functionality
nid005001:51256:51256 [3] NCCL INFO initialized internal alternative rsmi functionality
nid005005:91499:91499 [1] NCCL INFO initialized internal alternative rsmi functionality
nid005001:51254:51254 [0] NCCL INFO initialized internal alternative rsmi functionality
nid005005:91501:91501 [4] NCCL INFO initialized internal alternative rsmi functionality
nid005001:51260:51260 [5] NCCL INFO initialized internal alternative rsmi functionality
nid005005:91500:91500 [3] NCCL INFO initialized internal alternative rsmi functionality
nid005001:51257:51257 [4] NCCL INFO initialized internal alternative rsmi functionality
nid005005:91502:91502 [6] NCCL INFO initialized internal alternative rsmi functionality
nid005005:91504:91504 [0] NCCL INFO initialized internal alternative rsmi functionality
nid005005:91505:91505 [2] NCCL INFO initialized internal alternative rsmi functionality
nid005005:91506:91506 [7] NCCL INFO initialized internal alternative rsmi functionality
nid005001:51253:51253 [1] NCCL INFO NET/Libfabric : GPU Direct RDMA Enabled for HCA 0 'cxi0'
nid005001:51258:51258 [6] NCCL INFO NET/Libfabric : GPU Direct RDMA Enabled for HCA 0 'cxi0'
nid005001:51255:51255 [2] NCCL INFO NET/Libfabric : GPU Direct RDMA Enabled for HCA 0 'cxi0'
nid005001:51259:51259 [7] NCCL INFO NET/Libfabric : GPU Direct RDMA Enabled for HCA 0 'cxi0'
nid005001:51256:51256 [3] NCCL INFO NET/Libfabric : GPU Direct RDMA Enabled for HCA 0 'cxi0'
nid005005:91504:91504 [0] NCCL INFO NET/Libfabric : GPU Direct RDMA Enabled for HCA 0 'cxi0'
nid005001:51254:51254 [0] NCCL INFO NET/Libfabric : GPU Direct RDMA Enabled for HCA 0 'cxi0'
nid005001:51260:51260 [5] NCCL INFO NET/Libfabric : GPU Direct RDMA Enabled for HCA 0 'cxi0'
nid005001:51257:51257 [4] NCCL INFO NET/Libfabric : GPU Direct RDMA Enabled for HCA 0 'cxi0'
nid005001:51253:51253 [1] NCCL INFO NET/Libfabric : GPU Direct RDMA Enabled for HCA 1 'cxi1'
nid005001:51255:51255 [2] NCCL INFO NET/Libfabric : GPU Direct RDMA Enabled for HCA 1 'cxi1'
nid005001:51258:51258 [6] NCCL INFO NET/Libfabric : GPU Direct RDMA Enabled for HCA 1 'cxi1'
nid005001:51259:51259 [7] NCCL INFO NET/Libfabric : GPU Direct RDMA Enabled for HCA 1 'cxi1'
nid005001:51256:51256 [3] NCCL INFO NET/Libfabric : GPU Direct RDMA Enabled for HCA 1 'cxi1'
nid005005:91501:91501 [4] NCCL INFO NET/Libfabric : GPU Direct RDMA Enabled for HCA 0 'cxi0'
nid005005:91499:91499 [1] NCCL INFO NET/Libfabric : GPU Direct RDMA Enabled for HCA 0 'cxi0'
nid005005:91503:91503 [5] NCCL INFO NET/Libfabric : GPU Direct RDMA Enabled for HCA 0 'cxi0'
nid005005:91505:91505 [2] NCCL INFO NET/Libfabric : GPU Direct RDMA Enabled for HCA 0 'cxi0'
nid005005:91502:91502 [6] NCCL INFO NET/Libfabric : GPU Direct RDMA Enabled for HCA 0 'cxi0'
nid005005:91506:91506 [7] NCCL INFO NET/Libfabric : GPU Direct RDMA Enabled for HCA 0 'cxi0'
nid005001:51254:51254 [0] NCCL INFO NET/Libfabric : GPU Direct RDMA Enabled for HCA 1 'cxi1'
nid005001:51260:51260 [5] NCCL INFO NET/Libfabric : GPU Direct RDMA Enabled for HCA 1 'cxi1'
nid005001:51257:51257 [4] NCCL INFO NET/Libfabric : GPU Direct RDMA Enabled for HCA 1 'cxi1'
nid005005:91500:91500 [3] NCCL INFO NET/Libfabric : GPU Direct RDMA Enabled for HCA 0 'cxi0'
nid005005:91504:91504 [0] NCCL INFO NET/Libfabric : GPU Direct RDMA Enabled for HCA 1 'cxi1'
nid005001:51253:51253 [1] NCCL INFO NET/Libfabric : GPU Direct RDMA Enabled for HCA 2 'cxi2'
nid005005:91505:91505 [2] NCCL INFO NET/Libfabric : GPU Direct RDMA Enabled for HCA 1 'cxi1'
nid005001:51258:51258 [6] NCCL INFO NET/Libfabric : GPU Direct RDMA Enabled for HCA 2 'cxi2'
nid005005:91503:91503 [5] NCCL INFO NET/Libfabric : GPU Direct RDMA Enabled for HCA 1 'cxi1'
nid005001:51255:51255 [2] NCCL INFO NET/Libfabric : GPU Direct RDMA Enabled for HCA 2 'cxi2'
nid005005:91501:91501 [4] NCCL INFO NET/Libfabric : GPU Direct RDMA Enabled for HCA 1 'cxi1'
nid005001:51259:51259 [7] NCCL INFO NET/Libfabric : GPU Direct RDMA Enabled for HCA 2 'cxi2'
nid005001:51256:51256 [3] NCCL INFO NET/Libfabric : GPU Direct RDMA Enabled for HCA 2 'cxi2'
nid005005:91499:91499 [1] NCCL INFO NET/Libfabric : GPU Direct RDMA Enabled for HCA 1 'cxi1'
nid005005:91500:91500 [3] NCCL INFO NET/Libfabric : GPU Direct RDMA Enabled for HCA 1 'cxi1'
nid005001:51260:51260 [5] NCCL INFO NET/Libfabric : GPU Direct RDMA Enabled for HCA 2 'cxi2'
nid005001:51257:51257 [4] NCCL INFO NET/Libfabric : GPU Direct RDMA Enabled for HCA 2 'cxi2'
nid005001:51254:51254 [0] NCCL INFO NET/Libfabric : GPU Direct RDMA Enabled for HCA 2 'cxi2'
nid005001:51258:51258 [6] NCCL INFO NET/Libfabric : GPU Direct RDMA Enabled for HCA 3 'cxi3'
nid005001:51259:51259 [7] NCCL INFO NET/Libfabric : GPU Direct RDMA Enabled for HCA 3 'cxi3'
nid005001:51253:51253 [1] NCCL INFO NET/Libfabric : GPU Direct RDMA Enabled for HCA 3 'cxi3'
nid005001:51255:51255 [2] NCCL INFO NET/Libfabric : GPU Direct RDMA Enabled for HCA 3 'cxi3'
nid005001:51256:51256 [3] NCCL INFO NET/Libfabric : GPU Direct RDMA Enabled for HCA 3 'cxi3'
nid005005:91506:91506 [7] NCCL INFO NET/Libfabric : GPU Direct RDMA Enabled for HCA 1 'cxi1'
nid005005:91502:91502 [6] NCCL INFO NET/Libfabric : GPU Direct RDMA Enabled for HCA 1 'cxi1'
nid005005:91504:91504 [0] NCCL INFO NET/Libfabric : GPU Direct RDMA Enabled for HCA 2 'cxi2'
nid005005:91501:91501 [4] NCCL INFO NET/Libfabric : GPU Direct RDMA Enabled for HCA 2 'cxi2'
nid005005:91505:91505 [2] NCCL INFO NET/Libfabric : GPU Direct RDMA Enabled for HCA 2 'cxi2'
nid005005:91503:91503 [5] NCCL INFO NET/Libfabric : GPU Direct RDMA Enabled for HCA 2 'cxi2'
nid005005:91499:91499 [1] NCCL INFO NET/Libfabric : GPU Direct RDMA Enabled for HCA 2 'cxi2'
nid005005:91500:91500 [3] NCCL INFO NET/Libfabric : GPU Direct RDMA Enabled for HCA 2 'cxi2'
nid005005:91506:91506 [7] NCCL INFO NET/Libfabric : GPU Direct RDMA Enabled for HCA 2 'cxi2'
nid005005:91502:91502 [6] NCCL INFO NET/Libfabric : GPU Direct RDMA Enabled for HCA 2 'cxi2'
nid005001:51260:51260 [5] NCCL INFO NET/Libfabric : GPU Direct RDMA Enabled for HCA 3 'cxi3'
nid005001:51254:51254 [0] NCCL INFO NET/Libfabric : GPU Direct RDMA Enabled for HCA 3 'cxi3'
nid005001:51257:51257 [4] NCCL INFO NET/Libfabric : GPU Direct RDMA Enabled for HCA 3 'cxi3'
nid005005:91504:91504 [0] NCCL INFO NET/Libfabric : GPU Direct RDMA Enabled for HCA 3 'cxi3'
nid005005:91501:91501 [4] NCCL INFO NET/Libfabric : GPU Direct RDMA Enabled for HCA 3 'cxi3'
nid005005:91506:91506 [7] NCCL INFO NET/Libfabric : GPU Direct RDMA Enabled for HCA 3 'cxi3'
nid005005:91503:91503 [5] NCCL INFO NET/Libfabric : GPU Direct RDMA Enabled for HCA 3 'cxi3'
nid005005:91499:91499 [1] NCCL INFO NET/Libfabric : GPU Direct RDMA Enabled for HCA 3 'cxi3'
nid005005:91500:91500 [3] NCCL INFO NET/Libfabric : GPU Direct RDMA Enabled for HCA 3 'cxi3'
nid005005:91505:91505 [2] NCCL INFO NET/Libfabric : GPU Direct RDMA Enabled for HCA 3 'cxi3'
nid005005:91502:91502 [6] NCCL INFO NET/Libfabric : GPU Direct RDMA Enabled for HCA 3 'cxi3'
nid005005:91500:91500 [3] NCCL INFO NCCL_NET_GDR_LEVEL set by environment to LOC
nid005005:91500:91500 [3] NCCL INFO GPU Direct RDMA Disabled for GPU c1000 / HCA 0 (distance 6 > 0)
nid005005:91505:91505 [2] NCCL INFO NCCL_NET_GDR_LEVEL set by environment to LOC
nid005005:91505:91505 [2] NCCL INFO GPU Direct RDMA Disabled for GPU c1000 / HCA 0 (distance 6 > 0)
nid005001:51256:51256 [3] NCCL INFO NCCL_NET_GDR_LEVEL set by environment to LOC
nid005001:51256:51256 [3] NCCL INFO GPU Direct RDMA Disabled for GPU c1000 / HCA 0 (distance 6 > 0)
nid005005:91500:91500 [3] NCCL INFO === System : maxBw 24.0 totalBw 252.0 ===
nid005005:91500:91500 [3] NCCL INFO CPU/0-3 (1/2/4)
nid005005:91500:91500 [3] NCCL INFO + PCI[24.0] - GPU/0-c1000 (8)
nid005005:91500:91500 [3] NCCL INFO               + XGMI[144.0] - GPU/C6000
nid005005:91500:91500 [3] NCCL INFO               + XGMI[72.0] - GPU/D9000
nid005005:91500:91500 [3] NCCL INFO               + XGMI[36.0] - GPU/C9000
nid005005:91500:91500 [3] NCCL INFO + PCI[24.0] - NIC/0-c5000
nid005005:91500:91500 [3] NCCL INFO               + NET[25.0] - NET/0 (a78181e00/1/25.000000)
nid005005:91500:91500 [3] NCCL INFO + PCI[24.0] - GPU/0-c6000 (9)
nid005005:91500:91500 [3] NCCL INFO               + XGMI[144.0] - GPU/C1000
nid005005:91500:91500 [3] NCCL INFO               + XGMI[36.0] - GPU/CE000
nid005005:91500:91500 [3] NCCL INFO               + XGMI[36.0] - GPU/D6000
nid005005:91500:91500 [3] NCCL INFO + SYS[16.0] - CPU/1
nid005005:91500:91500 [3] NCCL INFO + SYS[16.0] - CPU/0
nid005005:91500:91500 [3] NCCL INFO + SYS[16.0] - CPU/2
nid005005:91500:91500 [3] NCCL INFO CPU/0-1 (1/2/4)
nid005005:91500:91500 [3] NCCL INFO + PCI[24.0] - NIC/0-cd000
nid005005:91500:91500 [3] NCCL INFO               + NET[25.0] - NET/1 (a78181e01/1/25.000000)
nid005005:91500:91500 [3] NCCL INFO + PCI[24.0] - GPU/0-c9000 (10)
nid005005:91500:91500 [3] NCCL INFO               + XGMI[144.0] - GPU/CE000
nid005005:91500:91500 [3] NCCL INFO               + XGMI[72.0] - GPU/D1000
nid005005:91500:91500 [3] NCCL INFO               + XGMI[36.0] - GPU/C1000
nid005005:91500:91500 [3] NCCL INFO + PCI[24.0] - GPU/0-ce000 (11)
nid005005:91500:91500 [3] NCCL INFO               + XGMI[144.0] - GPU/C9000
nid005005:91500:91500 [3] NCCL INFO               + XGMI[36.0] - GPU/C6000
nid005005:91505:91505 [2] NCCL INFO === System : maxBw 24.0 totalBw 252.0 ===
nid005005:91505:91505 [2] NCCL INFO CPU/0-3 (1/2/4)
nid005005:91505:91505 [2] NCCL INFO + PCI[24.0] - GPU/0-c1000 (8)
nid005005:91505:91505 [2] NCCL INFO               + XGMI[144.0] - GPU/C6000
nid005005:91505:91505 [2] NCCL INFO               + XGMI[72.0] - GPU/D9000
nid005005:91505:91505 [2] NCCL INFO               + XGMI[36.0] - GPU/C9000
nid005005:91505:91505 [2] NCCL INFO + PCI[24.0] - NIC/0-c5000
nid005005:91505:91505 [2] NCCL INFO               + NET[25.0] - NET/0 (a78181e00/1/25.000000)
nid005005:91505:91505 [2] NCCL INFO + PCI[24.0] - GPU/0-c6000 (9)
nid005005:91505:91505 [2] NCCL INFO               + XGMI[144.0] - GPU/C1000
nid005005:91505:91505 [2] NCCL INFO               + XGMI[36.0] - GPU/CE000
nid005005:91505:91505 [2] NCCL INFO               + XGMI[36.0] - GPU/D6000
nid005005:91505:91505 [2] NCCL INFO + SYS[16.0] - CPU/1
nid005005:91505:91505 [2] NCCL INFO + SYS[16.0] - CPU/0
nid005005:91505:91505 [2] NCCL INFO + SYS[16.0] - CPU/2
nid005005:91505:91505 [2] NCCL INFO CPU/0-1 (1/2/4)
nid005005:91505:91505 [2] NCCL INFO + PCI[24.0] - NIC/0-cd000
nid005005:91505:91505 [2] NCCL INFO               + NET[25.0] - NET/1 (a78181e01/1/25.000000)
nid005005:91505:91505 [2] NCCL INFO + PCI[24.0] - GPU/0-c9000 (10)
nid005005:91505:91505 [2] NCCL INFO               + XGMI[144.0] - GPU/CE000
nid005005:91505:91505 [2] NCCL INFO               + XGMI[72.0] - GPU/D1000
nid005005:91505:91505 [2] NCCL INFO               + XGMI[36.0] - GPU/C1000
nid005005:91505:91505 [2] NCCL INFO + PCI[24.0] - GPU/0-ce000 (11)
nid005005:91505:91505 [2] NCCL INFO               + XGMI[144.0] - GPU/C9000
nid005005:91505:91505 [2] NCCL INFO               + XGMI[36.0] - GPU/C6000
nid005005:91505:91505 [2] NCCL INFO               + XGMI[36.0] - GPU/DE000
nid005005:91505:91505 [2] NCCL INFO + SYS[16.0] - CPU/3
nid005005:91505:91505 [2] NCCL INFO + SYS[16.0] - CPU/0
nid005001:51256:51256 [3] NCCL INFO === System : maxBw 24.0 totalBw 252.0 ===
nid005001:51256:51256 [3] NCCL INFO CPU/0-3 (1/2/4)
nid005001:51256:51256 [3] NCCL INFO + PCI[24.0] - GPU/0-c1000 (0)
nid005001:51256:51256 [3] NCCL INFO               + XGMI[144.0] - GPU/C6000
nid005001:51256:51256 [3] NCCL INFO               + XGMI[72.0] - GPU/D9000
nid005001:51256:51256 [3] NCCL INFO               + XGMI[36.0] - GPU/C9000
nid005001:51256:51256 [3] NCCL INFO + PCI[24.0] - NIC/0-c5000
nid005001:51256:51256 [3] NCCL INFO               + NET[25.0] - NET/0 (a78180b00/1/25.000000)
nid005001:51256:51256 [3] NCCL INFO + PCI[24.0] - GPU/0-c6000 (1)
nid005001:51256:51256 [3] NCCL INFO               + XGMI[144.0] - GPU/C1000
nid005001:51256:51256 [3] NCCL INFO               + XGMI[36.0] - GPU/CE000
nid005001:51256:51256 [3] NCCL INFO               + XGMI[36.0] - GPU/D6000
nid005001:51256:51256 [3] NCCL INFO + SYS[16.0] - CPU/1
nid005001:51256:51256 [3] NCCL INFO + SYS[16.0] - CPU/0
nid005001:51256:51256 [3] NCCL INFO + SYS[16.0] - CPU/2
nid005001:51256:51256 [3] NCCL INFO CPU/0-1 (1/2/4)
nid005001:51256:51256 [3] NCCL INFO + PCI[24.0] - NIC/0-cd000
nid005001:51256:51256 [3] NCCL INFO               + NET[25.0] - NET/1 (a78180b01/1/25.000000)
nid005001:51256:51256 [3] NCCL INFO + PCI[24.0] - GPU/0-c9000 (2)
nid005001:51256:51256 [3] NCCL INFO               + XGMI[144.0] - GPU/CE000
nid005001:51256:51256 [3] NCCL INFO               + XGMI[72.0] - GPU/D1000
nid005001:51256:51256 [3] NCCL INFO               + XGMI[36.0] - GPU/C1000
nid005001:51256:51256 [3] NCCL INFO + PCI[24.0] - GPU/0-ce000 (3)
nid005001:51256:51256 [3] NCCL INFO               + XGMI[144.0] - GPU/C9000
nid005001:51256:51256 [3] NCCL INFO               + XGMI[36.0] - GPU/C6000
nid005001:51256:51256 [3] NCCL INFO               + XGMI[36.0] - GPU/DE000
nid005001:51256:51256 [3] NCCL INFO + SYS[16.0] - CPU/3
nid005001:51256:51256 [3] NCCL INFO + SYS[16.0] - CPU/0
nid005001:51256:51256 [3] NCCL INFO + SYS[16.0] - CPU/2
nid005001:51256:51256 [3] NCCL INFO CPU/0-0 (1/2/4)
nid005001:51256:51256 [3] NCCL INFO + PCI[24.0] - NIC/0-d5000
nid005001:51256:51256 [3] NCCL INFO               + NET[25.0] - NET/2 (a78180b02/1/25.000000)
nid005001:51256:51256 [3] NCCL INFO + PCI[24.0] - GPU/0-d1000 (4)
nid005001:51256:51256 [3] NCCL INFO               + XGMI[144.0] - GPU/D6000
nid005001:51256:51256 [3] NCCL INFO               + XGMI[72.0] - GPU/C9000
nid005001:51256:51256 [3] NCCL INFO               + XGMI[36.0] - GPU/D9000
nid005001:51256:51256 [3] NCCL INFO + PCI[24.0] - GPU/0-d6000 (5)
nid005001:51256:51256 [3] NCCL INFO               + XGMI[144.0] - GPU/D1000
nid005001:51256:51256 [3] NCCL INFO               + XGMI[36.0] - GPU/C6000
nid005001:51256:51256 [3] NCCL INFO               + XGMI[36.0] - GPU/DE000
nid005001:51256:51256 [3] NCCL INFO + SYS[16.0] - CPU/3
nid005001:51256:51256 [3] NCCL INFO + SYS[16.0] - CPU/1
nid005001:51256:51256 [3] NCCL INFO + SYS[16.0] - CPU/2
nid005001:51256:51256 [3] NCCL INFO CPU/0-2 (1/2/4)
nid005001:51256:51256 [3] NCCL INFO + PCI[24.0] - NIC/0-dd000
nid005001:51256:51256 [3] NCCL INFO               + NET[25.0] - NET/3 (a78180b03/1/25.000000)
nid005001:51256:51256 [3] NCCL INFO + PCI[24.0] - GPU/0-d9000 (6)
nid005001:51256:51256 [3] NCCL INFO               + XGMI[144.0] - GPU/DE000
nid005001:51256:51256 [3] NCCL INFO               + XGMI[72.0] - GPU/C1000
nid005001:51256:51256 [3] NCCL INFO               + XGMI[36.0] - GPU/D1000
nid005001:51256:51256 [3] NCCL INFO + PCI[24.0] - GPU/0-de000 (7)
nid005001:51256:51256 [3] NCCL INFO               + XGMI[144.0] - GPU/D9000
nid005001:51256:51256 [3] NCCL INFO               + XGMI[36.0] - GPU/CE000
nid005001:51256:51256 [3] NCCL INFO               + XGMI[36.0] - GPU/D6000
nid005001:51256:51256 [3] NCCL INFO + SYS[16.0] - CPU/3
nid005005:91500:91500 [3] NCCL INFO               + XGMI[36.0] - GPU/DE000
nid005005:91500:91500 [3] NCCL INFO + SYS[16.0] - CPU/3
nid005005:91500:91500 [3] NCCL INFO + SYS[16.0] - CPU/0
nid005005:91500:91500 [3] NCCL INFO + SYS[16.0] - CPU/2
nid005005:91500:91500 [3] NCCL INFO CPU/0-0 (1/2/4)
nid005005:91500:91500 [3] NCCL INFO + PCI[24.0] - NIC/0-d5000
nid005005:91500:91500 [3] NCCL INFO               + NET[25.0] - NET/2 (a78181e02/1/25.000000)
nid005005:91500:91500 [3] NCCL INFO + PCI[24.0] - GPU/0-d1000 (12)
nid005005:91500:91500 [3] NCCL INFO               + XGMI[144.0] - GPU/D6000
nid005005:91500:91500 [3] NCCL INFO               + XGMI[72.0] - GPU/C9000
nid005005:91500:91500 [3] NCCL INFO               + XGMI[36.0] - GPU/D9000
nid005005:91500:91500 [3] NCCL INFO + PCI[24.0] - GPU/0-d6000 (13)
nid005005:91500:91500 [3] NCCL INFO               + XGMI[144.0] - GPU/D1000
nid005005:91500:91500 [3] NCCL INFO               + XGMI[36.0] - GPU/C6000
nid005005:91500:91500 [3] NCCL INFO               + XGMI[36.0] - GPU/DE000
nid005005:91500:91500 [3] NCCL INFO + SYS[16.0] - CPU/3
nid005005:91500:91500 [3] NCCL INFO + SYS[16.0] - CPU/1
nid005005:91500:91500 [3] NCCL INFO + SYS[16.0] - CPU/2
nid005005:91500:91500 [3] NCCL INFO CPU/0-2 (1/2/4)
nid005005:91500:91500 [3] NCCL INFO + PCI[24.0] - NIC/0-dd000
nid005001:51256:51256 [3] NCCL INFO + SYS[16.0] - CPU/1
nid005001:51256:51256 [3] NCCL INFO + SYS[16.0] - CPU/0
nid005001:51256:51256 [3] NCCL INFO ==========================================
nid005005:91505:91505 [2] NCCL INFO + SYS[16.0] - CPU/2
nid005005:91505:91505 [2] NCCL INFO CPU/0-0 (1/2/4)
nid005005:91505:91505 [2] NCCL INFO + PCI[24.0] - NIC/0-d5000
nid005005:91505:91505 [2] NCCL INFO               + NET[25.0] - NET/2 (a78181e02/1/25.000000)
nid005005:91505:91505 [2] NCCL INFO + PCI[24.0] - GPU/0-d1000 (12)
nid005001:51256:51256 [3] NCCL INFO GPU/C1000 :GPU/0-c1000 (0/5000.0/LOC) GPU/0-c6000 (1/144.0/XGMI) GPU/0-c9000 (1/36.0/XGMI) GPU/0-ce000 (3/16.0/SYS) GPU/0-d1000 (3/16.0/SYS) GPU/0-d6000 (3/16.0/SYS) GPU/0-d9000 (1/72.0/XGMI) GPU/0-de000 (3/16.0/SYS) CPU/0-3 (1/24.0/PHB) CPU/0-1 (2/16.0/SYS) CPU/0-0 (2/16.0/SYS) CPU/0-2 (2/16.0/SYS) NET/0-0 (3/24.0/PHB) NET/0-1 (4/16.0/SYS) NET/0-2 (4/16.0/SYS) NET/0-3 (4/16.0/SYS) 
nid005001:51256:51256 [3] NCCL INFO GPU/C6000 :GPU/0-c1000 (1/144.0/XGMI) GPU/0-c6000 (0/5000.0/LOC) GPU/0-c9000 (3/16.0/SYS) GPU/0-ce000 (1/36.0/XGMI) GPU/0-d1000 (3/16.0/SYS) GPU/0-d6000 (1/36.0/XGMI) GPU/0-d9000 (3/16.0/SYS) GPU/0-de000 (3/16.0/SYS) CPU/0-3 (1/24.0/PHB) CPU/0-1 (2/16.0/SYS) CPU/0-0 (2/16.0/SYS) CPU/0-2 (2/16.0/SYS) NET/0-0 (3/24.0/PHB) NET/0-1 (4/16.0/SYS) NET/0-2 (4/16.0/SYS) NET/0-3 (4/16.0/SYS) 
nid005005:91500:91500 [3] NCCL INFO               + NET[25.0] - NET/3 (a78181e03/1/25.000000)
nid005005:91500:91500 [3] NCCL INFO + PCI[24.0] - GPU/0-d9000 (14)
nid005005:91500:91500 [3] NCCL INFO               + XGMI[144.0] - GPU/DE000
nid005005:91500:91500 [3] NCCL INFO               + XGMI[72.0] - GPU/C1000
nid005005:91500:91500 [3] NCCL INFO               + XGMI[36.0] - GPU/D1000
nid005005:91500:91500 [3] NCCL INFO + PCI[24.0] - GPU/0-de000 (15)
nid005005:91500:91500 [3] NCCL INFO               + XGMI[144.0] - GPU/D9000
nid005005:91500:91500 [3] NCCL INFO               + XGMI[36.0] - GPU/CE000
nid005005:91500:91500 [3] NCCL INFO               + XGMI[36.0] - GPU/D6000
nid005005:91500:91500 [3] NCCL INFO + SYS[16.0] - CPU/3
nid005005:91500:91500 [3] NCCL INFO + SYS[16.0] - CPU/1
nid005005:91500:91500 [3] NCCL INFO + SYS[16.0] - CPU/0
nid005005:91500:91500 [3] NCCL INFO ==========================================
nid005005:91500:91500 [3] NCCL INFO GPU/C1000 :GPU/0-c1000 (0/5000.0/LOC) GPU/0-c6000 (1/144.0/XGMI) GPU/0-c9000 (1/36.0/XGMI) GPU/0-ce000 (3/16.0/SYS) GPU/0-d1000 (3/16.0/SYS) GPU/0-d6000 (3/16.0/SYS) GPU/0-d9000 (1/72.0/XGMI) GPU/0-de000 (3/16.0/SYS) CPU/0-3 (1/24.0/PHB) CPU/0-1 (2/16.0/SYS) CPU/0-0 (2/16.0/SYS) CPU/0-2 (2/16.0/SYS) NET/0-0 (3/24.0/PHB) NET/0-1 (4/16.0/SYS) NET/0-2 (4/16.0/SYS) NET/0-3 (4/16.0/SYS) 
nid005005:91500:91500 [3] NCCL INFO GPU/C6000 :GPU/0-c1000 (1/144.0/XGMI) GPU/0-c6000 (0/5000.0/LOC) GPU/0-c9000 (3/16.0/SYS) GPU/0-ce000 (1/36.0/XGMI) GPU/0-d1000 (3/16.0/SYS) GPU/0-d6000 (1/36.0/XGMI) GPU/0-d9000 (3/16.0/SYS) GPU/0-de000 (3/16.0/SYS) CPU/0-3 (1/24.0/PHB) CPU/0-1 (2/16.0/SYS) CPU/0-0 (2/16.0/SYS) CPU/0-2 (2/16.0/SYS) NET/0-0 (3/24.0/PHB) NET/0-1 (4/16.0/SYS) NET/0-2 (4/16.0/SYS) NET/0-3 (4/16.0/SYS) 
nid005005:91505:91505 [2] NCCL INFO               + XGMI[144.0] - GPU/D6000
nid005005:91505:91505 [2] NCCL INFO               + XGMI[72.0] - GPU/C9000
nid005005:91505:91505 [2] NCCL INFO               + XGMI[36.0] - GPU/D9000
nid005005:91505:91505 [2] NCCL INFO + PCI[24.0] - GPU/0-d6000 (13)
nid005005:91505:91505 [2] NCCL INFO               + XGMI[144.0] - GPU/D1000
nid005005:91505:91505 [2] NCCL INFO               + XGMI[36.0] - GPU/C6000
nid005005:91505:91505 [2] NCCL INFO               + XGMI[36.0] - GPU/DE000
nid005005:91505:91505 [2] NCCL INFO + SYS[16.0] - CPU/3
nid005005:91505:91505 [2] NCCL INFO + SYS[16.0] - CPU/1
nid005005:91505:91505 [2] NCCL INFO + SYS[16.0] - CPU/2
nid005005:91505:91505 [2] NCCL INFO CPU/0-2 (1/2/4)
nid005005:91505:91505 [2] NCCL INFO + PCI[24.0] - NIC/0-dd000
nid005005:91505:91505 [2] NCCL INFO               + NET[25.0] - NET/3 (a78181e03/1/25.000000)
nid005005:91505:91505 [2] NCCL INFO + PCI[24.0] - GPU/0-d9000 (14)
nid005005:91505:91505 [2] NCCL INFO               + XGMI[144.0] - GPU/DE000
nid005005:91505:91505 [2] NCCL INFO               + XGMI[72.0] - GPU/C1000
nid005005:91505:91505 [2] NCCL INFO               + XGMI[36.0] - GPU/D1000
nid005005:91505:91505 [2] NCCL INFO + PCI[24.0] - GPU/0-de000 (15)
nid005005:91505:91505 [2] NCCL INFO               + XGMI[144.0] - GPU/D9000
nid005005:91505:91505 [2] NCCL INFO               + XGMI[36.0] - GPU/CE000
nid005005:91505:91505 [2] NCCL INFO               + XGMI[36.0] - GPU/D6000
nid005005:91505:91505 [2] NCCL INFO + SYS[16.0] - CPU/3
nid005005:91505:91505 [2] NCCL INFO + SYS[16.0] - CPU/1
nid005005:91505:91505 [2] NCCL INFO + SYS[16.0] - CPU/0
nid005005:91505:91505 [2] NCCL INFO ==========================================
nid005005:91505:91505 [2] NCCL INFO GPU/C1000 :GPU/0-c1000 (0/5000.0/LOC) GPU/0-c6000 (1/144.0/XGMI) GPU/0-c9000 (1/36.0/XGMI) GPU/0-ce000 (3/16.0/SYS) GPU/0-d1000 (3/16.0/SYS) GPU/0-d6000 (3/16.0/SYS) GPU/0-d9000 (1/72.0/XGMI) GPU/0-de000 (3/16.0/SYS) CPU/0-3 (1/24.0/PHB) CPU/0-1 (2/16.0/SYS) CPU/0-0 (2/16.0/SYS) CPU/0-2 (2/16.0/SYS) NET/0-0 (3/24.0/PHB) NET/0-1 (4/16.0/SYS) NET/0-2 (4/16.0/SYS) NET/0-3 (4/16.0/SYS) 
nid005005:91505:91505 [2] NCCL INFO GPU/C6000 :GPU/0-c1000 (1/144.0/XGMI) GPU/0-c6000 (0/5000.0/LOC) GPU/0-c9000 (3/16.0/SYS) GPU/0-ce000 (1/36.0/XGMI) GPU/0-d1000 (3/16.0/SYS) GPU/0-d6000 (1/36.0/XGMI) GPU/0-d9000 (3/16.0/SYS) GPU/0-de000 (3/16.0/SYS) CPU/0-3 (1/24.0/PHB) CPU/0-1 (2/16.0/SYS) CPU/0-0 (2/16.0/SYS) CPU/0-2 (2/16.0/SYS) NET/0-0 (3/24.0/PHB) NET/0-1 (4/16.0/SYS) NET/0-2 (4/16.0/SYS) NET/0-3 (4/16.0/SYS) 
nid005005:91505:91505 [2] NCCL INFO GPU/C9000 :GPU/0-c1000 (1/36.0/XGMI) GPU/0-c6000 (3/16.0/SYS) GPU/0-c9000 (0/5000.0/LOC) GPU/0-ce000 (1/144.0/XGMI) GPU/0-d1000 (1/72.0/XGMI) GPU/0-d6000 (3/16.0/SYS) GPU/0-d9000 (3/16.0/SYS) GPU/0-de000 (3/16.0/SYS) CPU/0-3 (2/16.0/SYS) CPU/0-1 (1/24.0/PHB) CPU/0-0 (2/16.0/SYS) CPU/0-2 (2/16.0/SYS) NET/0-0 (4/16.0/SYS) NET/0-1 (3/24.0/PHB) NET/0-2 (4/16.0/SYS) NET/0-3 (4/16.0/SYS) 
nid005001:51256:51256 [3] NCCL INFO GPU/C9000 :GPU/0-c1000 (1/36.0/XGMI) GPU/0-c6000 (3/16.0/SYS) GPU/0-c9000 (0/5000.0/LOC) GPU/0-ce000 (1/144.0/XGMI) GPU/0-d1000 (1/72.0/XGMI) GPU/0-d6000 (3/16.0/SYS) GPU/0-d9000 (3/16.0/SYS) GPU/0-de000 (3/16.0/SYS) CPU/0-3 (2/16.0/SYS) CPU/0-1 (1/24.0/PHB) CPU/0-0 (2/16.0/SYS) CPU/0-2 (2/16.0/SYS) NET/0-0 (4/16.0/SYS) NET/0-1 (3/24.0/PHB) NET/0-2 (4/16.0/SYS) NET/0-3 (4/16.0/SYS) 
nid005001:51256:51256 [3] NCCL INFO GPU/CE000 :GPU/0-c1000 (3/16.0/SYS) GPU/0-c6000 (1/36.0/XGMI) GPU/0-c9000 (1/144.0/XGMI) GPU/0-ce000 (0/5000.0/LOC) GPU/0-d1000 (3/16.0/SYS) GPU/0-d6000 (3/16.0/SYS) GPU/0-d9000 (3/16.0/SYS) GPU/0-de000 (1/36.0/XGMI) CPU/0-3 (2/16.0/SYS) CPU/0-1 (1/24.0/PHB) CPU/0-0 (2/16.0/SYS) CPU/0-2 (2/16.0/SYS) NET/0-0 (4/16.0/SYS) NET/0-1 (3/24.0/PHB) NET/0-2 (4/16.0/SYS) NET/0-3 (4/16.0/SYS) 
nid005001:51256:51256 [3] NCCL INFO GPU/D1000 :GPU/0-c1000 (3/16.0/SYS) GPU/0-c6000 (3/16.0/SYS) GPU/0-c9000 (1/72.0/XGMI) GPU/0-ce000 (3/16.0/SYS) GPU/0-d1000 (0/5000.0/LOC) GPU/0-d6000 (1/144.0/XGMI) GPU/0-d9000 (1/36.0/XGMI) GPU/0-de000 (3/16.0/SYS) CPU/0-3 (2/16.0/SYS) CPU/0-1 (2/16.0/SYS) CPU/0-0 (1/24.0/PHB) CPU/0-2 (2/16.0/SYS) NET/0-0 (4/16.0/SYS) NET/0-1 (4/16.0/SYS) NET/0-2 (3/24.0/PHB) NET/0-3 (4/16.0/SYS) 
nid005001:51256:51256 [3] NCCL INFO GPU/D6000 :GPU/0-c1000 (3/16.0/SYS) GPU/0-c6000 (1/36.0/XGMI) GPU/0-c9000 (3/16.0/SYS) GPU/0-ce000 (3/16.0/SYS) GPU/0-d1000 (1/144.0/XGMI) GPU/0-d6000 (0/5000.0/LOC) GPU/0-d9000 (3/16.0/SYS) GPU/0-de000 (1/36.0/XGMI) CPU/0-3 (2/16.0/SYS) CPU/0-1 (2/16.0/SYS) CPU/0-0 (1/24.0/PHB) CPU/0-2 (2/16.0/SYS) NET/0-0 (4/16.0/SYS) NET/0-1 (4/16.0/SYS) NET/0-2 (3/24.0/PHB) NET/0-3 (4/16.0/SYS) 
nid005001:51256:51256 [3] NCCL INFO GPU/D9000 :GPU/0-c1000 (1/72.0/XGMI) GPU/0-c6000 (3/16.0/SYS) GPU/0-c9000 (3/16.0/SYS) GPU/0-ce000 (3/16.0/SYS) GPU/0-d1000 (1/36.0/XGMI) GPU/0-d6000 (3/16.0/SYS) GPU/0-d9000 (0/5000.0/LOC) GPU/0-de000 (1/144.0/XGMI) CPU/0-3 (2/16.0/SYS) CPU/0-1 (2/16.0/SYS) CPU/0-0 (2/16.0/SYS) CPU/0-2 (1/24.0/PHB) NET/0-0 (4/16.0/SYS) NET/0-1 (4/16.0/SYS) NET/0-2 (4/16.0/SYS) NET/0-3 (3/24.0/PHB) 
nid005001:51256:51256 [3] NCCL INFO GPU/DE000 :GPU/0-c1000 (3/16.0/SYS) GPU/0-c6000 (3/16.0/SYS) GPU/0-c9000 (3/16.0/SYS) GPU/0-ce000 (1/36.0/XGMI) GPU/0-d1000 (3/16.0/SYS) GPU/0-d6000 (1/36.0/XGMI) GPU/0-d9000 (1/144.0/XGMI) GPU/0-de000 (0/5000.0/LOC) CPU/0-3 (2/16.0/SYS) CPU/0-1 (2/16.0/SYS) CPU/0-0 (2/16.0/SYS) CPU/0-2 (1/24.0/PHB) NET/0-0 (4/16.0/SYS) NET/0-1 (4/16.0/SYS) NET/0-2 (4/16.0/SYS) NET/0-3 (3/24.0/PHB) 
nid005001:51256:51256 [3] NCCL INFO NET/0 :GPU/0-c1000 (3/24.0/PHB) GPU/0-c6000 (3/24.0/PHB) GPU/0-c9000 (4/16.0/SYS) GPU/0-ce000 (4/16.0/SYS) GPU/0-d1000 (4/16.0/SYS) GPU/0-d6000 (4/16.0/SYS) GPU/0-d9000 (4/16.0/SYS) GPU/0-de000 (4/16.0/SYS) CPU/0-3 (2/24.0/PHB) CPU/0-1 (3/16.0/SYS) CPU/0-0 (3/16.0/SYS) CPU/0-2 (3/16.0/SYS) NET/0-0 (0/5000.0/LOC) NET/0-1 (5/16.0/SYS) NET/0-2 (5/16.0/SYS) NET/0-3 (5/16.0/SYS) 
nid005001:51256:51256 [3] NCCL INFO NET/1 :GPU/0-c1000 (4/16.0/SYS) GPU/0-c6000 (4/16.0/SYS) GPU/0-c9000 (3/24.0/PHB) GPU/0-ce000 (3/24.0/PHB) GPU/0-d1000 (4/16.0/SYS) GPU/0-d6000 (4/16.0/SYS) GPU/0-d9000 (4/16.0/SYS) GPU/0-de000 (4/16.0/SYS) CPU/0-3 (3/16.0/SYS) CPU/0-1 (2/24.0/PHB) CPU/0-0 (3/16.0/SYS) CPU/0-2 (3/16.0/SYS) NET/0-0 (5/16.0/SYS) NET/0-1 (0/5000.0/LOC) NET/0-2 (5/16.0/SYS) NET/0-3 (5/16.0/SYS) 
nid005001:51256:51256 [3] NCCL INFO NET/2 :GPU/0-c1000 (4/16.0/SYS) GPU/0-c6000 (4/16.0/SYS) GPU/0-c9000 (4/16.0/SYS) GPU/0-ce000 (4/16.0/SYS) GPU/0-d1000 (3/24.0/PHB) GPU/0-d6000 (3/24.0/PHB) GPU/0-d9000 (4/16.0/SYS) GPU/0-de000 (4/16.0/SYS) CPU/0-3 (3/16.0/SYS) CPU/0-1 (3/16.0/SYS) CPU/0-0 (2/24.0/PHB) CPU/0-2 (3/16.0/SYS) NET/0-0 (5/16.0/SYS) NET/0-1 (5/16.0/SYS) NET/0-2 (0/5000.0/LOC) NET/0-3 (5/16.0/SYS) 
nid005001:51256:51256 [3] NCCL INFO NET/3 :GPU/0-c1000 (4/16.0/SYS) GPU/0-c6000 (4/16.0/SYS) GPU/0-c9000 (4/16.0/SYS) GPU/0-ce000 (4/16.0/SYS) GPU/0-d1000 (4/16.0/SYS) GPU/0-d6000 (4/16.0/SYS) GPU/0-d9000 (3/24.0/PHB) GPU/0-de000 (3/24.0/PHB) CPU/0-3 (3/16.0/SYS) CPU/0-1 (3/16.0/SYS) CPU/0-0 (3/16.0/SYS) CPU/0-2 (2/24.0/PHB) NET/0-0 (5/16.0/SYS) NET/0-1 (5/16.0/SYS) NET/0-2 (5/16.0/SYS) NET/0-3 (0/5000.0/LOC) 
nid005005:91500:91500 [3] NCCL INFO GPU/C9000 :GPU/0-c1000 (1/36.0/XGMI) GPU/0-c6000 (3/16.0/SYS) GPU/0-c9000 (0/5000.0/LOC) GPU/0-ce000 (1/144.0/XGMI) GPU/0-d1000 (1/72.0/XGMI) GPU/0-d6000 (3/16.0/SYS) GPU/0-d9000 (3/16.0/SYS) GPU/0-de000 (3/16.0/SYS) CPU/0-3 (2/16.0/SYS) CPU/0-1 (1/24.0/PHB) CPU/0-0 (2/16.0/SYS) CPU/0-2 (2/16.0/SYS) NET/0-0 (4/16.0/SYS) NET/0-1 (3/24.0/PHB) NET/0-2 (4/16.0/SYS) NET/0-3 (4/16.0/SYS) 
nid005005:91500:91500 [3] NCCL INFO GPU/CE000 :GPU/0-c1000 (3/16.0/SYS) GPU/0-c6000 (1/36.0/XGMI) GPU/0-c9000 (1/144.0/XGMI) GPU/0-ce000 (0/5000.0/LOC) GPU/0-d1000 (3/16.0/SYS) GPU/0-d6000 (3/16.0/SYS) GPU/0-d9000 (3/16.0/SYS) GPU/0-de000 (1/36.0/XGMI) CPU/0-3 (2/16.0/SYS) CPU/0-1 (1/24.0/PHB) CPU/0-0 (2/16.0/SYS) CPU/0-2 (2/16.0/SYS) NET/0-0 (4/16.0/SYS) NET/0-1 (3/24.0/PHB) NET/0-2 (4/16.0/SYS) NET/0-3 (4/16.0/SYS) 
nid005005:91500:91500 [3] NCCL INFO GPU/D1000 :GPU/0-c1000 (3/16.0/SYS) GPU/0-c6000 (3/16.0/SYS) GPU/0-c9000 (1/72.0/XGMI) GPU/0-ce000 (3/16.0/SYS) GPU/0-d1000 (0/5000.0/LOC) GPU/0-d6000 (1/144.0/XGMI) GPU/0-d9000 (1/36.0/XGMI) GPU/0-de000 (3/16.0/SYS) CPU/0-3 (2/16.0/SYS) CPU/0-1 (2/16.0/SYS) CPU/0-0 (1/24.0/PHB) CPU/0-2 (2/16.0/SYS) NET/0-0 (4/16.0/SYS) NET/0-1 (4/16.0/SYS) NET/0-2 (3/24.0/PHB) NET/0-3 (4/16.0/SYS) 
nid005005:91500:91500 [3] NCCL INFO GPU/D6000 :GPU/0-c1000 (3/16.0/SYS) GPU/0-c6000 (1/36.0/XGMI) GPU/0-c9000 (3/16.0/SYS) GPU/0-ce000 (3/16.0/SYS) GPU/0-d1000 (1/144.0/XGMI) GPU/0-d6000 (0/5000.0/LOC) GPU/0-d9000 (3/16.0/SYS) GPU/0-de000 (1/36.0/XGMI) CPU/0-3 (2/16.0/SYS) CPU/0-1 (2/16.0/SYS) CPU/0-0 (1/24.0/PHB) CPU/0-2 (2/16.0/SYS) NET/0-0 (4/16.0/SYS) NET/0-1 (4/16.0/SYS) NET/0-2 (3/24.0/PHB) NET/0-3 (4/16.0/SYS) 
nid005005:91500:91500 [3] NCCL INFO GPU/D9000 :GPU/0-c1000 (1/72.0/XGMI) GPU/0-c6000 (3/16.0/SYS) GPU/0-c9000 (3/16.0/SYS) GPU/0-ce000 (3/16.0/SYS) GPU/0-d1000 (1/36.0/XGMI) GPU/0-d6000 (3/16.0/SYS) GPU/0-d9000 (0/5000.0/LOC) GPU/0-de000 (1/144.0/XGMI) CPU/0-3 (2/16.0/SYS) CPU/0-1 (2/16.0/SYS) CPU/0-0 (2/16.0/SYS) CPU/0-2 (1/24.0/PHB) NET/0-0 (4/16.0/SYS) NET/0-1 (4/16.0/SYS) NET/0-2 (4/16.0/SYS) NET/0-3 (3/24.0/PHB) 
nid005005:91500:91500 [3] NCCL INFO GPU/DE000 :GPU/0-c1000 (3/16.0/SYS) GPU/0-c6000 (3/16.0/SYS) GPU/0-c9000 (3/16.0/SYS) GPU/0-ce000 (1/36.0/XGMI) GPU/0-d1000 (3/16.0/SYS) GPU/0-d6000 (1/36.0/XGMI) GPU/0-d9000 (1/144.0/XGMI) GPU/0-de000 (0/5000.0/LOC) CPU/0-3 (2/16.0/SYS) CPU/0-1 (2/16.0/SYS) CPU/0-0 (2/16.0/SYS) CPU/0-2 (1/24.0/PHB) NET/0-0 (4/16.0/SYS) NET/0-1 (4/16.0/SYS) NET/0-2 (4/16.0/SYS) NET/0-3 (3/24.0/PHB) 
nid005005:91505:91505 [2] NCCL INFO GPU/CE000 :GPU/0-c1000 (3/16.0/SYS) GPU/0-c6000 (1/36.0/XGMI) GPU/0-c9000 (1/144.0/XGMI) GPU/0-ce000 (0/5000.0/LOC) GPU/0-d1000 (3/16.0/SYS) GPU/0-d6000 (3/16.0/SYS) GPU/0-d9000 (3/16.0/SYS) GPU/0-de000 (1/36.0/XGMI) CPU/0-3 (2/16.0/SYS) CPU/0-1 (1/24.0/PHB) CPU/0-0 (2/16.0/SYS) CPU/0-2 (2/16.0/SYS) NET/0-0 (4/16.0/SYS) NET/0-1 (3/24.0/PHB) NET/0-2 (4/16.0/SYS) NET/0-3 (4/16.0/SYS) 
nid005005:91505:91505 [2] NCCL INFO GPU/D1000 :GPU/0-c1000 (3/16.0/SYS) GPU/0-c6000 (3/16.0/SYS) GPU/0-c9000 (1/72.0/XGMI) GPU/0-ce000 (3/16.0/SYS) GPU/0-d1000 (0/5000.0/LOC) GPU/0-d6000 (1/144.0/XGMI) GPU/0-d9000 (1/36.0/XGMI) GPU/0-de000 (3/16.0/SYS) CPU/0-3 (2/16.0/SYS) CPU/0-1 (2/16.0/SYS) CPU/0-0 (1/24.0/PHB) CPU/0-2 (2/16.0/SYS) NET/0-0 (4/16.0/SYS) NET/0-1 (4/16.0/SYS) NET/0-2 (3/24.0/PHB) NET/0-3 (4/16.0/SYS) 
nid005005:91505:91505 [2] NCCL INFO GPU/D6000 :GPU/0-c1000 (3/16.0/SYS) GPU/0-c6000 (1/36.0/XGMI) GPU/0-c9000 (3/16.0/SYS) GPU/0-ce000 (3/16.0/SYS) GPU/0-d1000 (1/144.0/XGMI) GPU/0-d6000 (0/5000.0/LOC) GPU/0-d9000 (3/16.0/SYS) GPU/0-de000 (1/36.0/XGMI) CPU/0-3 (2/16.0/SYS) CPU/0-1 (2/16.0/SYS) CPU/0-0 (1/24.0/PHB) CPU/0-2 (2/16.0/SYS) NET/0-0 (4/16.0/SYS) NET/0-1 (4/16.0/SYS) NET/0-2 (3/24.0/PHB) NET/0-3 (4/16.0/SYS) 
nid005005:91505:91505 [2] NCCL INFO GPU/D9000 :GPU/0-c1000 (1/72.0/XGMI) GPU/0-c6000 (3/16.0/SYS) GPU/0-c9000 (3/16.0/SYS) GPU/0-ce000 (3/16.0/SYS) GPU/0-d1000 (1/36.0/XGMI) GPU/0-d6000 (3/16.0/SYS) GPU/0-d9000 (0/5000.0/LOC) GPU/0-de000 (1/144.0/XGMI) CPU/0-3 (2/16.0/SYS) CPU/0-1 (2/16.0/SYS) CPU/0-0 (2/16.0/SYS) CPU/0-2 (1/24.0/PHB) NET/0-0 (4/16.0/SYS) NET/0-1 (4/16.0/SYS) NET/0-2 (4/16.0/SYS) NET/0-3 (3/24.0/PHB) 
nid005005:91505:91505 [2] NCCL INFO GPU/DE000 :GPU/0-c1000 (3/16.0/SYS) GPU/0-c6000 (3/16.0/SYS) GPU/0-c9000 (3/16.0/SYS) GPU/0-ce000 (1/36.0/XGMI) GPU/0-d1000 (3/16.0/SYS) GPU/0-d6000 (1/36.0/XGMI) GPU/0-d9000 (1/144.0/XGMI) GPU/0-de000 (0/5000.0/LOC) CPU/0-3 (2/16.0/SYS) CPU/0-1 (2/16.0/SYS) CPU/0-0 (2/16.0/SYS) CPU/0-2 (1/24.0/PHB) NET/0-0 (4/16.0/SYS) NET/0-1 (4/16.0/SYS) NET/0-2 (4/16.0/SYS) NET/0-3 (3/24.0/PHB) 
nid005005:91500:91500 [3] NCCL INFO NET/0 :GPU/0-c1000 (3/24.0/PHB) GPU/0-c6000 (3/24.0/PHB) GPU/0-c9000 (4/16.0/SYS) GPU/0-ce000 (4/16.0/SYS) GPU/0-d1000 (4/16.0/SYS) GPU/0-d6000 (4/16.0/SYS) GPU/0-d9000 (4/16.0/SYS) GPU/0-de000 (4/16.0/SYS) CPU/0-3 (2/24.0/PHB) CPU/0-1 (3/16.0/SYS) CPU/0-0 (3/16.0/SYS) CPU/0-2 (3/16.0/SYS) NET/0-0 (0/5000.0/LOC) NET/0-1 (5/16.0/SYS) NET/0-2 (5/16.0/SYS) NET/0-3 (5/16.0/SYS) 
nid005005:91500:91500 [3] NCCL INFO NET/1 :GPU/0-c1000 (4/16.0/SYS) GPU/0-c6000 (4/16.0/SYS) GPU/0-c9000 (3/24.0/PHB) GPU/0-ce000 (3/24.0/PHB) GPU/0-d1000 (4/16.0/SYS) GPU/0-d6000 (4/16.0/SYS) GPU/0-d9000 (4/16.0/SYS) GPU/0-de000 (4/16.0/SYS) CPU/0-3 (3/16.0/SYS) CPU/0-1 (2/24.0/PHB) CPU/0-0 (3/16.0/SYS) CPU/0-2 (3/16.0/SYS) NET/0-0 (5/16.0/SYS) NET/0-1 (0/5000.0/LOC) NET/0-2 (5/16.0/SYS) NET/0-3 (5/16.0/SYS) 
nid005005:91500:91500 [3] NCCL INFO NET/2 :GPU/0-c1000 (4/16.0/SYS) GPU/0-c6000 (4/16.0/SYS) GPU/0-c9000 (4/16.0/SYS) GPU/0-ce000 (4/16.0/SYS) GPU/0-d1000 (3/24.0/PHB) GPU/0-d6000 (3/24.0/PHB) GPU/0-d9000 (4/16.0/SYS) GPU/0-de000 (4/16.0/SYS) CPU/0-3 (3/16.0/SYS) CPU/0-1 (3/16.0/SYS) CPU/0-0 (2/24.0/PHB) CPU/0-2 (3/16.0/SYS) NET/0-0 (5/16.0/SYS) NET/0-1 (5/16.0/SYS) NET/0-2 (0/5000.0/LOC) NET/0-3 (5/16.0/SYS) 
nid005005:91500:91500 [3] NCCL INFO NET/3 :GPU/0-c1000 (4/16.0/SYS) GPU/0-c6000 (4/16.0/SYS) GPU/0-c9000 (4/16.0/SYS) GPU/0-ce000 (4/16.0/SYS) GPU/0-d1000 (4/16.0/SYS) GPU/0-d6000 (4/16.0/SYS) GPU/0-d9000 (3/24.0/PHB) GPU/0-de000 (3/24.0/PHB) CPU/0-3 (3/16.0/SYS) CPU/0-1 (3/16.0/SYS) CPU/0-0 (3/16.0/SYS) CPU/0-2 (2/24.0/PHB) NET/0-0 (5/16.0/SYS) NET/0-1 (5/16.0/SYS) NET/0-2 (5/16.0/SYS) NET/0-3 (0/5000.0/LOC) 
nid005005:91505:91505 [2] NCCL INFO NET/0 :GPU/0-c1000 (3/24.0/PHB) GPU/0-c6000 (3/24.0/PHB) GPU/0-c9000 (4/16.0/SYS) GPU/0-ce000 (4/16.0/SYS) GPU/0-d1000 (4/16.0/SYS) GPU/0-d6000 (4/16.0/SYS) GPU/0-d9000 (4/16.0/SYS) GPU/0-de000 (4/16.0/SYS) CPU/0-3 (2/24.0/PHB) CPU/0-1 (3/16.0/SYS) CPU/0-0 (3/16.0/SYS) CPU/0-2 (3/16.0/SYS) NET/0-0 (0/5000.0/LOC) NET/0-1 (5/16.0/SYS) NET/0-2 (5/16.0/SYS) NET/0-3 (5/16.0/SYS) 
nid005005:91505:91505 [2] NCCL INFO NET/1 :GPU/0-c1000 (4/16.0/SYS) GPU/0-c6000 (4/16.0/SYS) GPU/0-c9000 (3/24.0/PHB) GPU/0-ce000 (3/24.0/PHB) GPU/0-d1000 (4/16.0/SYS) GPU/0-d6000 (4/16.0/SYS) GPU/0-d9000 (4/16.0/SYS) GPU/0-de000 (4/16.0/SYS) CPU/0-3 (3/16.0/SYS) CPU/0-1 (2/24.0/PHB) CPU/0-0 (3/16.0/SYS) CPU/0-2 (3/16.0/SYS) NET/0-0 (5/16.0/SYS) NET/0-1 (0/5000.0/LOC) NET/0-2 (5/16.0/SYS) NET/0-3 (5/16.0/SYS) 
nid005005:91505:91505 [2] NCCL INFO NET/2 :GPU/0-c1000 (4/16.0/SYS) GPU/0-c6000 (4/16.0/SYS) GPU/0-c9000 (4/16.0/SYS) GPU/0-ce000 (4/16.0/SYS) GPU/0-d1000 (3/24.0/PHB) GPU/0-d6000 (3/24.0/PHB) GPU/0-d9000 (4/16.0/SYS) GPU/0-de000 (4/16.0/SYS) CPU/0-3 (3/16.0/SYS) CPU/0-1 (3/16.0/SYS) CPU/0-0 (2/24.0/PHB) CPU/0-2 (3/16.0/SYS) NET/0-0 (5/16.0/SYS) NET/0-1 (5/16.0/SYS) NET/0-2 (0/5000.0/LOC) NET/0-3 (5/16.0/SYS) 
nid005005:91505:91505 [2] NCCL INFO NET/3 :GPU/0-c1000 (4/16.0/SYS) GPU/0-c6000 (4/16.0/SYS) GPU/0-c9000 (4/16.0/SYS) GPU/0-ce000 (4/16.0/SYS) GPU/0-d1000 (4/16.0/SYS) GPU/0-d6000 (4/16.0/SYS) GPU/0-d9000 (3/24.0/PHB) GPU/0-de000 (3/24.0/PHB) CPU/0-3 (3/16.0/SYS) CPU/0-1 (3/16.0/SYS) CPU/0-0 (3/16.0/SYS) CPU/0-2 (2/24.0/PHB) NET/0-0 (5/16.0/SYS) NET/0-1 (5/16.0/SYS) NET/0-2 (5/16.0/SYS) NET/0-3 (0/5000.0/LOC) 
nid005001:51256:51256 [3] NCCL INFO Found matching Rome model index 36 with GPU mapping: 0 1 2 3 4 5 6 7 NET mapping: 0 1 2 3 
nid005001:51256:51256 [3] NCCL INFO Pattern 4, crossNic 0, nChannels 8, bw 31.500000/31.500000, type XGMI/PIX, sameChannels 1
nid005001:51256:51256 [3] NCCL INFO  0 : NET/0 GPU/0 GPU/1 GPU/5 GPU/4 GPU/6 GPU/7 GPU/3 GPU/2 NET/1
nid005001:51256:51256 [3] NCCL INFO  1 : NET/1 GPU/2 GPU/3 GPU/7 GPU/6 GPU/4 GPU/5 GPU/1 GPU/0 NET/0
nid005001:51256:51256 [3] NCCL INFO  2 : NET/3 GPU/7 GPU/6 GPU/0 GPU/1 GPU/3 GPU/2 GPU/4 GPU/5 NET/2
nid005001:51256:51256 [3] NCCL INFO  3 : NET/2 GPU/5 GPU/4 GPU/2 GPU/3 GPU/1 GPU/0 GPU/6 GPU/7 NET/3
nid005001:51256:51256 [3] NCCL INFO  4 : NET/0 GPU/0 GPU/1 GPU/5 GPU/4 GPU/6 GPU/7 GPU/3 GPU/2 NET/1
nid005001:51256:51256 [3] NCCL INFO  5 : NET/1 GPU/2 GPU/3 GPU/7 GPU/6 GPU/4 GPU/5 GPU/1 GPU/0 NET/0
nid005001:51256:51256 [3] NCCL INFO  6 : NET/3 GPU/7 GPU/6 GPU/0 GPU/1 GPU/3 GPU/2 GPU/4 GPU/5 NET/2
nid005001:51256:51256 [3] NCCL INFO  7 : NET/2 GPU/5 GPU/4 GPU/2 GPU/3 GPU/1 GPU/0 GPU/6 GPU/7 NET/3
nid005005:91505:91505 [2] NCCL INFO Found matching Rome model index 36 with GPU mapping: 0 1 2 3 4 5 6 7 NET mapping: 0 1 2 3 
nid005005:91505:91505 [2] NCCL INFO Pattern 4, crossNic 0, nChannels 8, bw 31.500000/31.500000, type XGMI/PIX, sameChannels 1
nid005005:91505:91505 [2] NCCL INFO  0 : NET/1 GPU/10 GPU/11 GPU/15 GPU/14 GPU/12 GPU/13 GPU/9 GPU/8 NET/0
nid005005:91505:91505 [2] NCCL INFO  1 : NET/0 GPU/8 GPU/9 GPU/13 GPU/12 GPU/14 GPU/15 GPU/11 GPU/10 NET/1
nid005005:91505:91505 [2] NCCL INFO  2 : NET/2 GPU/13 GPU/12 GPU/10 GPU/11 GPU/9 GPU/8 GPU/14 GPU/15 NET/3
nid005005:91505:91505 [2] NCCL INFO  3 : NET/3 GPU/15 GPU/14 GPU/8 GPU/9 GPU/11 GPU/10 GPU/12 GPU/13 NET/2
nid005005:91505:91505 [2] NCCL INFO  4 : NET/1 GPU/10 GPU/11 GPU/15 GPU/14 GPU/12 GPU/13 GPU/9 GPU/8 NET/0
nid005005:91505:91505 [2] NCCL INFO  5 : NET/0 GPU/8 GPU/9 GPU/13 GPU/12 GPU/14 GPU/15 GPU/11 GPU/10 NET/1
nid005005:91505:91505 [2] NCCL INFO  6 : NET/2 GPU/13 GPU/12 GPU/10 GPU/11 GPU/9 GPU/8 GPU/14 GPU/15 NET/3
nid005005:91505:91505 [2] NCCL INFO  7 : NET/3 GPU/15 GPU/14 GPU/8 GPU/9 GPU/11 GPU/10 GPU/12 GPU/13 NET/2
nid005005:91500:91500 [3] NCCL INFO Found matching Rome model index 36 with GPU mapping: 0 1 2 3 4 5 6 7 NET mapping: 0 1 2 3 
nid005005:91500:91500 [3] NCCL INFO Pattern 4, crossNic 0, nChannels 8, bw 31.500000/31.500000, type XGMI/PIX, sameChannels 1
nid005005:91500:91500 [3] NCCL INFO  0 : NET/1 GPU/10 GPU/11 GPU/15 GPU/14 GPU/12 GPU/13 GPU/9 GPU/8 NET/0
nid005005:91500:91500 [3] NCCL INFO  1 : NET/0 GPU/8 GPU/9 GPU/13 GPU/12 GPU/14 GPU/15 GPU/11 GPU/10 NET/1
nid005005:91500:91500 [3] NCCL INFO  2 : NET/2 GPU/13 GPU/12 GPU/10 GPU/11 GPU/9 GPU/8 GPU/14 GPU/15 NET/3
nid005005:91500:91500 [3] NCCL INFO  3 : NET/3 GPU/15 GPU/14 GPU/8 GPU/9 GPU/11 GPU/10 GPU/12 GPU/13 NET/2
nid005005:91500:91500 [3] NCCL INFO  4 : NET/1 GPU/10 GPU/11 GPU/15 GPU/14 GPU/12 GPU/13 GPU/9 GPU/8 NET/0
nid005005:91500:91500 [3] NCCL INFO  5 : NET/0 GPU/8 GPU/9 GPU/13 GPU/12 GPU/14 GPU/15 GPU/11 GPU/10 NET/1
nid005005:91500:91500 [3] NCCL INFO  6 : NET/2 GPU/13 GPU/12 GPU/10 GPU/11 GPU/9 GPU/8 GPU/14 GPU/15 NET/3
nid005005:91500:91500 [3] NCCL INFO  7 : NET/3 GPU/15 GPU/14 GPU/8 GPU/9 GPU/11 GPU/10 GPU/12 GPU/13 NET/2
nid005005:91500:91500 [3] NCCL INFO Found matching Rome model index 36 with GPU mapping: 0 1 2 3 4 5 6 7 NET mapping: 0 1 2 3 
nid005005:91500:91500 [3] NCCL INFO Pattern 1, crossNic 0, nChannels 8, bw 31.500000/31.500000, type XGMI/PIX, sameChannels 1
nid005005:91500:91500 [3] NCCL INFO  0 : NET/0 GPU/8 GPU/9 GPU/13 GPU/12 GPU/14 GPU/15 GPU/11 GPU/10 NET/1
nid005005:91500:91500 [3] NCCL INFO  1 : NET/1 GPU/10 GPU/11 GPU/15 GPU/14 GPU/12 GPU/13 GPU/9 GPU/8 NET/0
nid005005:91500:91500 [3] NCCL INFO  2 : NET/3 GPU/15 GPU/14 GPU/8 GPU/9 GPU/11 GPU/10 GPU/12 GPU/13 NET/2
nid005005:91500:91500 [3] NCCL INFO  3 : NET/2 GPU/13 GPU/12 GPU/10 GPU/11 GPU/9 GPU/8 GPU/14 GPU/15 NET/3
nid005005:91500:91500 [3] NCCL INFO  4 : NET/0 GPU/8 GPU/9 GPU/13 GPU/12 GPU/14 GPU/15 GPU/11 GPU/10 NET/1
nid005005:91500:91500 [3] NCCL INFO  5 : NET/1 GPU/10 GPU/11 GPU/15 GPU/14 GPU/12 GPU/13 GPU/9 GPU/8 NET/0
nid005005:91500:91500 [3] NCCL INFO  6 : NET/3 GPU/15 GPU/14 GPU/8 GPU/9 GPU/11 GPU/10 GPU/12 GPU/13 NET/2
nid005005:91500:91500 [3] NCCL INFO  7 : NET/2 GPU/13 GPU/12 GPU/10 GPU/11 GPU/9 GPU/8 GPU/14 GPU/15 NET/3
nid005005:91505:91505 [2] NCCL INFO Found matching Rome model index 36 with GPU mapping: 0 1 2 3 4 5 6 7 NET mapping: 0 1 2 3 
nid005005:91505:91505 [2] NCCL INFO Pattern 1, crossNic 0, nChannels 8, bw 31.500000/31.500000, type XGMI/PIX, sameChannels 1
nid005005:91505:91505 [2] NCCL INFO  0 : NET/0 GPU/8 GPU/9 GPU/13 GPU/12 GPU/14 GPU/15 GPU/11 GPU/10 NET/1
nid005005:91505:91505 [2] NCCL INFO  1 : NET/1 GPU/10 GPU/11 GPU/15 GPU/14 GPU/12 GPU/13 GPU/9 GPU/8 NET/0
nid005005:91505:91505 [2] NCCL INFO  2 : NET/3 GPU/15 GPU/14 GPU/8 GPU/9 GPU/11 GPU/10 GPU/12 GPU/13 NET/2
nid005005:91505:91505 [2] NCCL INFO  3 : NET/2 GPU/13 GPU/12 GPU/10 GPU/11 GPU/9 GPU/8 GPU/14 GPU/15 NET/3
nid005005:91505:91505 [2] NCCL INFO  4 : NET/0 GPU/8 GPU/9 GPU/13 GPU/12 GPU/14 GPU/15 GPU/11 GPU/10 NET/1
nid005005:91505:91505 [2] NCCL INFO  5 : NET/1 GPU/10 GPU/11 GPU/15 GPU/14 GPU/12 GPU/13 GPU/9 GPU/8 NET/0
nid005005:91505:91505 [2] NCCL INFO  6 : NET/3 GPU/15 GPU/14 GPU/8 GPU/9 GPU/11 GPU/10 GPU/12 GPU/13 NET/2
nid005005:91505:91505 [2] NCCL INFO  7 : NET/2 GPU/13 GPU/12 GPU/10 GPU/11 GPU/9 GPU/8 GPU/14 GPU/15 NET/3
nid005001:51256:51256 [3] NCCL INFO Found matching Rome model index 36 with GPU mapping: 0 1 2 3 4 5 6 7 NET mapping: 0 1 2 3 
nid005001:51256:51256 [3] NCCL INFO Pattern 1, crossNic 0, nChannels 8, bw 31.500000/31.500000, type XGMI/PIX, sameChannels 1
nid005001:51256:51256 [3] NCCL INFO  0 : NET/0 GPU/0 GPU/1 GPU/5 GPU/4 GPU/6 GPU/7 GPU/3 GPU/2 NET/1
nid005001:51256:51256 [3] NCCL INFO  1 : NET/1 GPU/2 GPU/3 GPU/7 GPU/6 GPU/4 GPU/5 GPU/1 GPU/0 NET/0
nid005001:51256:51256 [3] NCCL INFO  2 : NET/3 GPU/7 GPU/6 GPU/0 GPU/1 GPU/3 GPU/2 GPU/4 GPU/5 NET/2
nid005001:51256:51256 [3] NCCL INFO  3 : NET/2 GPU/5 GPU/4 GPU/2 GPU/3 GPU/1 GPU/0 GPU/6 GPU/7 NET/3
nid005001:51256:51256 [3] NCCL INFO  4 : NET/0 GPU/0 GPU/1 GPU/5 GPU/4 GPU/6 GPU/7 GPU/3 GPU/2 NET/1
nid005001:51256:51256 [3] NCCL INFO  5 : NET/1 GPU/2 GPU/3 GPU/7 GPU/6 GPU/4 GPU/5 GPU/1 GPU/0 NET/0
nid005001:51256:51256 [3] NCCL INFO  6 : NET/3 GPU/7 GPU/6 GPU/0 GPU/1 GPU/3 GPU/2 GPU/4 GPU/5 NET/2
nid005001:51256:51256 [3] NCCL INFO  7 : NET/2 GPU/5 GPU/4 GPU/2 GPU/3 GPU/1 GPU/0 GPU/6 GPU/7 NET/3
nid005001:51257:51257 [4] NCCL INFO NCCL_NET_GDR_LEVEL set by environment to LOC
nid005001:51257:51257 [4] NCCL INFO GPU Direct RDMA Disabled for GPU c1000 / HCA 0 (distance 6 > 0)
nid005001:51257:51257 [4] NCCL INFO === System : maxBw 24.0 totalBw 252.0 ===
nid005001:51257:51257 [4] NCCL INFO CPU/0-3 (1/2/4)
nid005001:51257:51257 [4] NCCL INFO + PCI[24.0] - GPU/0-c1000 (0)
nid005001:51257:51257 [4] NCCL INFO               + XGMI[144.0] - GPU/C6000
nid005001:51257:51257 [4] NCCL INFO               + XGMI[72.0] - GPU/D9000
nid005001:51257:51257 [4] NCCL INFO               + XGMI[36.0] - GPU/C9000
nid005001:51257:51257 [4] NCCL INFO + PCI[24.0] - NIC/0-c5000
nid005001:51257:51257 [4] NCCL INFO               + NET[25.0] - NET/0 (a78180b00/1/25.000000)
nid005001:51257:51257 [4] NCCL INFO + PCI[24.0] - GPU/0-c6000 (1)
nid005001:51257:51257 [4] NCCL INFO               + XGMI[144.0] - GPU/C1000
nid005001:51257:51257 [4] NCCL INFO               + XGMI[36.0] - GPU/CE000
nid005001:51257:51257 [4] NCCL INFO               + XGMI[36.0] - GPU/D6000
nid005001:51257:51257 [4] NCCL INFO + SYS[16.0] - CPU/1
nid005001:51257:51257 [4] NCCL INFO + SYS[16.0] - CPU/0
nid005001:51257:51257 [4] NCCL INFO + SYS[16.0] - CPU/2
nid005001:51257:51257 [4] NCCL INFO CPU/0-1 (1/2/4)
nid005001:51257:51257 [4] NCCL INFO + PCI[24.0] - NIC/0-cd000
nid005001:51257:51257 [4] NCCL INFO               + NET[25.0] - NET/1 (a78180b01/1/25.000000)
nid005001:51257:51257 [4] NCCL INFO + PCI[24.0] - GPU/0-c9000 (2)
nid005001:51257:51257 [4] NCCL INFO               + XGMI[144.0] - GPU/CE000
nid005001:51257:51257 [4] NCCL INFO               + XGMI[72.0] - GPU/D1000
nid005001:51257:51257 [4] NCCL INFO               + XGMI[36.0] - GPU/C1000
nid005001:51257:51257 [4] NCCL INFO + PCI[24.0] - GPU/0-ce000 (3)
nid005001:51257:51257 [4] NCCL INFO               + XGMI[144.0] - GPU/C9000
nid005001:51257:51257 [4] NCCL INFO               + XGMI[36.0] - GPU/C6000
nid005001:51257:51257 [4] NCCL INFO               + XGMI[36.0] - GPU/DE000
nid005001:51257:51257 [4] NCCL INFO + SYS[16.0] - CPU/3
nid005001:51257:51257 [4] NCCL INFO + SYS[16.0] - CPU/0
nid005001:51257:51257 [4] NCCL INFO + SYS[16.0] - CPU/2
nid005001:51257:51257 [4] NCCL INFO CPU/0-0 (1/2/4)
nid005001:51257:51257 [4] NCCL INFO + PCI[24.0] - NIC/0-d5000
nid005001:51257:51257 [4] NCCL INFO               + NET[25.0] - NET/2 (a78180b02/1/25.000000)
nid005001:51257:51257 [4] NCCL INFO + PCI[24.0] - GPU/0-d1000 (4)
nid005001:51257:51257 [4] NCCL INFO               + XGMI[144.0] - GPU/D6000
nid005001:51257:51257 [4] NCCL INFO               + XGMI[72.0] - GPU/C9000
nid005001:51257:51257 [4] NCCL INFO               + XGMI[36.0] - GPU/D9000
nid005001:51257:51257 [4] NCCL INFO + PCI[24.0] - GPU/0-d6000 (5)
nid005001:51257:51257 [4] NCCL INFO               + XGMI[144.0] - GPU/D1000
nid005001:51257:51257 [4] NCCL INFO               + XGMI[36.0] - GPU/C6000
nid005001:51257:51257 [4] NCCL INFO               + XGMI[36.0] - GPU/DE000
nid005001:51257:51257 [4] NCCL INFO + SYS[16.0] - CPU/3
nid005001:51257:51257 [4] NCCL INFO + SYS[16.0] - CPU/1
nid005001:51257:51257 [4] NCCL INFO + SYS[16.0] - CPU/2
nid005001:51257:51257 [4] NCCL INFO CPU/0-2 (1/2/4)
nid005001:51257:51257 [4] NCCL INFO + PCI[24.0] - NIC/0-dd000
nid005001:51257:51257 [4] NCCL INFO               + NET[25.0] - NET/3 (a78180b03/1/25.000000)
nid005001:51257:51257 [4] NCCL INFO + PCI[24.0] - GPU/0-d9000 (6)
nid005001:51257:51257 [4] NCCL INFO               + XGMI[144.0] - GPU/DE000
nid005001:51257:51257 [4] NCCL INFO               + XGMI[72.0] - GPU/C1000
nid005001:51257:51257 [4] NCCL INFO               + XGMI[36.0] - GPU/D1000
nid005001:51257:51257 [4] NCCL INFO + PCI[24.0] - GPU/0-de000 (7)
nid005001:51257:51257 [4] NCCL INFO               + XGMI[144.0] - GPU/D9000
nid005001:51257:51257 [4] NCCL INFO               + XGMI[36.0] - GPU/CE000
nid005001:51257:51257 [4] NCCL INFO               + XGMI[36.0] - GPU/D6000
nid005001:51257:51257 [4] NCCL INFO + SYS[16.0] - CPU/3
nid005001:51257:51257 [4] NCCL INFO + SYS[16.0] - CPU/1
nid005001:51257:51257 [4] NCCL INFO + SYS[16.0] - CPU/0
nid005001:51257:51257 [4] NCCL INFO ==========================================
nid005001:51257:51257 [4] NCCL INFO GPU/C1000 :GPU/0-c1000 (0/5000.0/LOC) GPU/0-c6000 (1/144.0/XGMI) GPU/0-c9000 (1/36.0/XGMI) GPU/0-ce000 (3/16.0/SYS) GPU/0-d1000 (3/16.0/SYS) GPU/0-d6000 (3/16.0/SYS) GPU/0-d9000 (1/72.0/XGMI) GPU/0-de000 (3/16.0/SYS) CPU/0-3 (1/24.0/PHB) CPU/0-1 (2/16.0/SYS) CPU/0-0 (2/16.0/SYS) CPU/0-2 (2/16.0/SYS) NET/0-0 (3/24.0/PHB) NET/0-1 (4/16.0/SYS) NET/0-2 (4/16.0/SYS) NET/0-3 (4/16.0/SYS) 
nid005001:51257:51257 [4] NCCL INFO GPU/C6000 :GPU/0-c1000 (1/144.0/XGMI) GPU/0-c6000 (0/5000.0/LOC) GPU/0-c9000 (3/16.0/SYS) GPU/0-ce000 (1/36.0/XGMI) GPU/0-d1000 (3/16.0/SYS) GPU/0-d6000 (1/36.0/XGMI) GPU/0-d9000 (3/16.0/SYS) GPU/0-de000 (3/16.0/SYS) CPU/0-3 (1/24.0/PHB) CPU/0-1 (2/16.0/SYS) CPU/0-0 (2/16.0/SYS) CPU/0-2 (2/16.0/SYS) NET/0-0 (3/24.0/PHB) NET/0-1 (4/16.0/SYS) NET/0-2 (4/16.0/SYS) NET/0-3 (4/16.0/SYS) 
nid005001:51257:51257 [4] NCCL INFO GPU/C9000 :GPU/0-c1000 (1/36.0/XGMI) GPU/0-c6000 (3/16.0/SYS) GPU/0-c9000 (0/5000.0/LOC) GPU/0-ce000 (1/144.0/XGMI) GPU/0-d1000 (1/72.0/XGMI) GPU/0-d6000 (3/16.0/SYS) GPU/0-d9000 (3/16.0/SYS) GPU/0-de000 (3/16.0/SYS) CPU/0-3 (2/16.0/SYS) CPU/0-1 (1/24.0/PHB) CPU/0-0 (2/16.0/SYS) CPU/0-2 (2/16.0/SYS) NET/0-0 (4/16.0/SYS) NET/0-1 (3/24.0/PHB) NET/0-2 (4/16.0/SYS) NET/0-3 (4/16.0/SYS) 
nid005001:51257:51257 [4] NCCL INFO GPU/CE000 :GPU/0-c1000 (3/16.0/SYS) GPU/0-c6000 (1/36.0/XGMI) GPU/0-c9000 (1/144.0/XGMI) GPU/0-ce000 (0/5000.0/LOC) GPU/0-d1000 (3/16.0/SYS) GPU/0-d6000 (3/16.0/SYS) GPU/0-d9000 (3/16.0/SYS) GPU/0-de000 (1/36.0/XGMI) CPU/0-3 (2/16.0/SYS) CPU/0-1 (1/24.0/PHB) CPU/0-0 (2/16.0/SYS) CPU/0-2 (2/16.0/SYS) NET/0-0 (4/16.0/SYS) NET/0-1 (3/24.0/PHB) NET/0-2 (4/16.0/SYS) NET/0-3 (4/16.0/SYS) 
nid005001:51257:51257 [4] NCCL INFO GPU/D1000 :GPU/0-c1000 (3/16.0/SYS) GPU/0-c6000 (3/16.0/SYS) GPU/0-c9000 (1/72.0/XGMI) GPU/0-ce000 (3/16.0/SYS) GPU/0-d1000 (0/5000.0/LOC) GPU/0-d6000 (1/144.0/XGMI) GPU/0-d9000 (1/36.0/XGMI) GPU/0-de000 (3/16.0/SYS) CPU/0-3 (2/16.0/SYS) CPU/0-1 (2/16.0/SYS) CPU/0-0 (1/24.0/PHB) CPU/0-2 (2/16.0/SYS) NET/0-0 (4/16.0/SYS) NET/0-1 (4/16.0/SYS) NET/0-2 (3/24.0/PHB) NET/0-3 (4/16.0/SYS) 
nid005001:51257:51257 [4] NCCL INFO GPU/D6000 :GPU/0-c1000 (3/16.0/SYS) GPU/0-c6000 (1/36.0/XGMI) GPU/0-c9000 (3/16.0/SYS) GPU/0-ce000 (3/16.0/SYS) GPU/0-d1000 (1/144.0/XGMI) GPU/0-d6000 (0/5000.0/LOC) GPU/0-d9000 (3/16.0/SYS) GPU/0-de000 (1/36.0/XGMI) CPU/0-3 (2/16.0/SYS) CPU/0-1 (2/16.0/SYS) CPU/0-0 (1/24.0/PHB) CPU/0-2 (2/16.0/SYS) NET/0-0 (4/16.0/SYS) NET/0-1 (4/16.0/SYS) NET/0-2 (3/24.0/PHB) NET/0-3 (4/16.0/SYS) 
nid005001:51257:51257 [4] NCCL INFO GPU/D9000 :GPU/0-c1000 (1/72.0/XGMI) GPU/0-c6000 (3/16.0/SYS) GPU/0-c9000 (3/16.0/SYS) GPU/0-ce000 (3/16.0/SYS) GPU/0-d1000 (1/36.0/XGMI) GPU/0-d6000 (3/16.0/SYS) GPU/0-d9000 (0/5000.0/LOC) GPU/0-de000 (1/144.0/XGMI) CPU/0-3 (2/16.0/SYS) CPU/0-1 (2/16.0/SYS) CPU/0-0 (2/16.0/SYS) CPU/0-2 (1/24.0/PHB) NET/0-0 (4/16.0/SYS) NET/0-1 (4/16.0/SYS) NET/0-2 (4/16.0/SYS) NET/0-3 (3/24.0/PHB) 
nid005001:51257:51257 [4] NCCL INFO GPU/DE000 :GPU/0-c1000 (3/16.0/SYS) GPU/0-c6000 (3/16.0/SYS) GPU/0-c9000 (3/16.0/SYS) GPU/0-ce000 (1/36.0/XGMI) GPU/0-d1000 (3/16.0/SYS) GPU/0-d6000 (1/36.0/XGMI) GPU/0-d9000 (1/144.0/XGMI) GPU/0-de000 (0/5000.0/LOC) CPU/0-3 (2/16.0/SYS) CPU/0-1 (2/16.0/SYS) CPU/0-0 (2/16.0/SYS) CPU/0-2 (1/24.0/PHB) NET/0-0 (4/16.0/SYS) NET/0-1 (4/16.0/SYS) NET/0-2 (4/16.0/SYS) NET/0-3 (3/24.0/PHB) 
nid005001:51257:51257 [4] NCCL INFO NET/0 :GPU/0-c1000 (3/24.0/PHB) GPU/0-c6000 (3/24.0/PHB) GPU/0-c9000 (4/16.0/SYS) GPU/0-ce000 (4/16.0/SYS) GPU/0-d1000 (4/16.0/SYS) GPU/0-d6000 (4/16.0/SYS) GPU/0-d9000 (4/16.0/SYS) GPU/0-de000 (4/16.0/SYS) CPU/0-3 (2/24.0/PHB) CPU/0-1 (3/16.0/SYS) CPU/0-0 (3/16.0/SYS) CPU/0-2 (3/16.0/SYS) NET/0-0 (0/5000.0/LOC) NET/0-1 (5/16.0/SYS) NET/0-2 (5/16.0/SYS) NET/0-3 (5/16.0/SYS) 
nid005001:51257:51257 [4] NCCL INFO NET/1 :GPU/0-c1000 (4/16.0/SYS) GPU/0-c6000 (4/16.0/SYS) GPU/0-c9000 (3/24.0/PHB) GPU/0-ce000 (3/24.0/PHB) GPU/0-d1000 (4/16.0/SYS) GPU/0-d6000 (4/16.0/SYS) GPU/0-d9000 (4/16.0/SYS) GPU/0-de000 (4/16.0/SYS) CPU/0-3 (3/16.0/SYS) CPU/0-1 (2/24.0/PHB) CPU/0-0 (3/16.0/SYS) CPU/0-2 (3/16.0/SYS) NET/0-0 (5/16.0/SYS) NET/0-1 (0/5000.0/LOC) NET/0-2 (5/16.0/SYS) NET/0-3 (5/16.0/SYS) 
nid005001:51257:51257 [4] NCCL INFO NET/2 :GPU/0-c1000 (4/16.0/SYS) GPU/0-c6000 (4/16.0/SYS) GPU/0-c9000 (4/16.0/SYS) GPU/0-ce000 (4/16.0/SYS) GPU/0-d1000 (3/24.0/PHB) GPU/0-d6000 (3/24.0/PHB) GPU/0-d9000 (4/16.0/SYS) GPU/0-de000 (4/16.0/SYS) CPU/0-3 (3/16.0/SYS) CPU/0-1 (3/16.0/SYS) CPU/0-0 (2/24.0/PHB) CPU/0-2 (3/16.0/SYS) NET/0-0 (5/16.0/SYS) NET/0-1 (5/16.0/SYS) NET/0-2 (0/5000.0/LOC) NET/0-3 (5/16.0/SYS) 
nid005001:51257:51257 [4] NCCL INFO NET/3 :GPU/0-c1000 (4/16.0/SYS) GPU/0-c6000 (4/16.0/SYS) GPU/0-c9000 (4/16.0/SYS) GPU/0-ce000 (4/16.0/SYS) GPU/0-d1000 (4/16.0/SYS) GPU/0-d6000 (4/16.0/SYS) GPU/0-d9000 (3/24.0/PHB) GPU/0-de000 (3/24.0/PHB) CPU/0-3 (3/16.0/SYS) CPU/0-1 (3/16.0/SYS) CPU/0-0 (3/16.0/SYS) CPU/0-2 (2/24.0/PHB) NET/0-0 (5/16.0/SYS) NET/0-1 (5/16.0/SYS) NET/0-2 (5/16.0/SYS) NET/0-3 (0/5000.0/LOC) 
nid005001:51257:51257 [4] NCCL INFO Setting affinity for GPU 4 to fefe,00000000,0000fefe
nid005005:91501:91501 [4] NCCL INFO NCCL_NET_GDR_LEVEL set by environment to LOC
nid005005:91501:91501 [4] NCCL INFO GPU Direct RDMA Disabled for GPU c1000 / HCA 0 (distance 6 > 0)
nid005005:91501:91501 [4] NCCL INFO === System : maxBw 24.0 totalBw 252.0 ===
nid005005:91501:91501 [4] NCCL INFO CPU/0-3 (1/2/4)
nid005005:91501:91501 [4] NCCL INFO + PCI[24.0] - GPU/0-c1000 (8)
nid005005:91501:91501 [4] NCCL INFO               + XGMI[144.0] - GPU/C6000
nid005005:91501:91501 [4] NCCL INFO               + XGMI[72.0] - GPU/D9000
nid005005:91501:91501 [4] NCCL INFO               + XGMI[36.0] - GPU/C9000
nid005005:91501:91501 [4] NCCL INFO + PCI[24.0] - NIC/0-c5000
nid005005:91501:91501 [4] NCCL INFO               + NET[25.0] - NET/0 (a78181e00/1/25.000000)
nid005005:91501:91501 [4] NCCL INFO + PCI[24.0] - GPU/0-c6000 (9)
nid005005:91501:91501 [4] NCCL INFO               + XGMI[144.0] - GPU/C1000
nid005005:91501:91501 [4] NCCL INFO               + XGMI[36.0] - GPU/CE000
nid005005:91501:91501 [4] NCCL INFO               + XGMI[36.0] - GPU/D6000
nid005005:91501:91501 [4] NCCL INFO + SYS[16.0] - CPU/1
nid005005:91501:91501 [4] NCCL INFO + SYS[16.0] - CPU/0
nid005005:91501:91501 [4] NCCL INFO + SYS[16.0] - CPU/2
nid005005:91501:91501 [4] NCCL INFO CPU/0-1 (1/2/4)
nid005005:91501:91501 [4] NCCL INFO + PCI[24.0] - NIC/0-cd000
nid005005:91501:91501 [4] NCCL INFO               + NET[25.0] - NET/1 (a78181e01/1/25.000000)
nid005005:91501:91501 [4] NCCL INFO + PCI[24.0] - GPU/0-c9000 (10)
nid005005:91501:91501 [4] NCCL INFO               + XGMI[144.0] - GPU/CE000
nid005005:91501:91501 [4] NCCL INFO               + XGMI[72.0] - GPU/D1000
nid005005:91501:91501 [4] NCCL INFO               + XGMI[36.0] - GPU/C1000
nid005005:91501:91501 [4] NCCL INFO + PCI[24.0] - GPU/0-ce000 (11)
nid005005:91501:91501 [4] NCCL INFO               + XGMI[144.0] - GPU/C9000
nid005005:91501:91501 [4] NCCL INFO               + XGMI[36.0] - GPU/C6000
nid005005:91501:91501 [4] NCCL INFO               + XGMI[36.0] - GPU/DE000
nid005005:91501:91501 [4] NCCL INFO + SYS[16.0] - CPU/3
nid005005:91501:91501 [4] NCCL INFO + SYS[16.0] - CPU/0
nid005005:91501:91501 [4] NCCL INFO + SYS[16.0] - CPU/2
nid005005:91501:91501 [4] NCCL INFO CPU/0-0 (1/2/4)
nid005005:91501:91501 [4] NCCL INFO + PCI[24.0] - NIC/0-d5000
nid005005:91501:91501 [4] NCCL INFO               + NET[25.0] - NET/2 (a78181e02/1/25.000000)
nid005005:91501:91501 [4] NCCL INFO + PCI[24.0] - GPU/0-d1000 (12)
nid005005:91501:91501 [4] NCCL INFO               + XGMI[144.0] - GPU/D6000
nid005005:91501:91501 [4] NCCL INFO               + XGMI[72.0] - GPU/C9000
nid005005:91501:91501 [4] NCCL INFO               + XGMI[36.0] - GPU/D9000
nid005005:91501:91501 [4] NCCL INFO + PCI[24.0] - GPU/0-d6000 (13)
nid005005:91501:91501 [4] NCCL INFO               + XGMI[144.0] - GPU/D1000
nid005005:91501:91501 [4] NCCL INFO               + XGMI[36.0] - GPU/C6000
nid005005:91501:91501 [4] NCCL INFO               + XGMI[36.0] - GPU/DE000
nid005005:91501:91501 [4] NCCL INFO + SYS[16.0] - CPU/3
nid005005:91501:91501 [4] NCCL INFO + SYS[16.0] - CPU/1
nid005005:91501:91501 [4] NCCL INFO + SYS[16.0] - CPU/2
nid005005:91501:91501 [4] NCCL INFO CPU/0-2 (1/2/4)
nid005005:91501:91501 [4] NCCL INFO + PCI[24.0] - NIC/0-dd000
nid005005:91501:91501 [4] NCCL INFO               + NET[25.0] - NET/3 (a78181e03/1/25.000000)
nid005005:91501:91501 [4] NCCL INFO + PCI[24.0] - GPU/0-d9000 (14)
nid005005:91501:91501 [4] NCCL INFO               + XGMI[144.0] - GPU/DE000
nid005005:91501:91501 [4] NCCL INFO               + XGMI[72.0] - GPU/C1000
nid005005:91501:91501 [4] NCCL INFO               + XGMI[36.0] - GPU/D1000
nid005005:91501:91501 [4] NCCL INFO + PCI[24.0] - GPU/0-de000 (15)
nid005005:91501:91501 [4] NCCL INFO               + XGMI[144.0] - GPU/D9000
nid005005:91501:91501 [4] NCCL INFO               + XGMI[36.0] - GPU/CE000
nid005005:91501:91501 [4] NCCL INFO               + XGMI[36.0] - GPU/D6000
nid005005:91501:91501 [4] NCCL INFO + SYS[16.0] - CPU/3
nid005005:91501:91501 [4] NCCL INFO + SYS[16.0] - CPU/1
nid005005:91501:91501 [4] NCCL INFO + SYS[16.0] - CPU/0
nid005005:91501:91501 [4] NCCL INFO ==========================================
nid005005:91501:91501 [4] NCCL INFO GPU/C1000 :GPU/0-c1000 (0/5000.0/LOC) GPU/0-c6000 (1/144.0/XGMI) GPU/0-c9000 (1/36.0/XGMI) GPU/0-ce000 (3/16.0/SYS) GPU/0-d1000 (3/16.0/SYS) GPU/0-d6000 (3/16.0/SYS) GPU/0-d9000 (1/72.0/XGMI) GPU/0-de000 (3/16.0/SYS) CPU/0-3 (1/24.0/PHB) CPU/0-1 (2/16.0/SYS) CPU/0-0 (2/16.0/SYS) CPU/0-2 (2/16.0/SYS) NET/0-0 (3/24.0/PHB) NET/0-1 (4/16.0/SYS) NET/0-2 (4/16.0/SYS) NET/0-3 (4/16.0/SYS) 
nid005005:91501:91501 [4] NCCL INFO GPU/C6000 :GPU/0-c1000 (1/144.0/XGMI) GPU/0-c6000 (0/5000.0/LOC) GPU/0-c9000 (3/16.0/SYS) GPU/0-ce000 (1/36.0/XGMI) GPU/0-d1000 (3/16.0/SYS) GPU/0-d6000 (1/36.0/XGMI) GPU/0-d9000 (3/16.0/SYS) GPU/0-de000 (3/16.0/SYS) CPU/0-3 (1/24.0/PHB) CPU/0-1 (2/16.0/SYS) CPU/0-0 (2/16.0/SYS) CPU/0-2 (2/16.0/SYS) NET/0-0 (3/24.0/PHB) NET/0-1 (4/16.0/SYS) NET/0-2 (4/16.0/SYS) NET/0-3 (4/16.0/SYS) 
nid005005:91501:91501 [4] NCCL INFO GPU/C9000 :GPU/0-c1000 (1/36.0/XGMI) GPU/0-c6000 (3/16.0/SYS) GPU/0-c9000 (0/5000.0/LOC) GPU/0-ce000 (1/144.0/XGMI) GPU/0-d1000 (1/72.0/XGMI) GPU/0-d6000 (3/16.0/SYS) GPU/0-d9000 (3/16.0/SYS) GPU/0-de000 (3/16.0/SYS) CPU/0-3 (2/16.0/SYS) CPU/0-1 (1/24.0/PHB) CPU/0-0 (2/16.0/SYS) CPU/0-2 (2/16.0/SYS) NET/0-0 (4/16.0/SYS) NET/0-1 (3/24.0/PHB) NET/0-2 (4/16.0/SYS) NET/0-3 (4/16.0/SYS) 
nid005005:91501:91501 [4] NCCL INFO GPU/CE000 :GPU/0-c1000 (3/16.0/SYS) GPU/0-c6000 (1/36.0/XGMI) GPU/0-c9000 (1/144.0/XGMI) GPU/0-ce000 (0/5000.0/LOC) GPU/0-d1000 (3/16.0/SYS) GPU/0-d6000 (3/16.0/SYS) GPU/0-d9000 (3/16.0/SYS) GPU/0-de000 (1/36.0/XGMI) CPU/0-3 (2/16.0/SYS) CPU/0-1 (1/24.0/PHB) CPU/0-0 (2/16.0/SYS) CPU/0-2 (2/16.0/SYS) NET/0-0 (4/16.0/SYS) NET/0-1 (3/24.0/PHB) NET/0-2 (4/16.0/SYS) NET/0-3 (4/16.0/SYS) 
nid005005:91501:91501 [4] NCCL INFO GPU/D1000 :GPU/0-c1000 (3/16.0/SYS) GPU/0-c6000 (3/16.0/SYS) GPU/0-c9000 (1/72.0/XGMI) GPU/0-ce000 (3/16.0/SYS) GPU/0-d1000 (0/5000.0/LOC) GPU/0-d6000 (1/144.0/XGMI) GPU/0-d9000 (1/36.0/XGMI) GPU/0-de000 (3/16.0/SYS) CPU/0-3 (2/16.0/SYS) CPU/0-1 (2/16.0/SYS) CPU/0-0 (1/24.0/PHB) CPU/0-2 (2/16.0/SYS) NET/0-0 (4/16.0/SYS) NET/0-1 (4/16.0/SYS) NET/0-2 (3/24.0/PHB) NET/0-3 (4/16.0/SYS) 
nid005005:91501:91501 [4] NCCL INFO GPU/D6000 :GPU/0-c1000 (3/16.0/SYS) GPU/0-c6000 (1/36.0/XGMI) GPU/0-c9000 (3/16.0/SYS) GPU/0-ce000 (3/16.0/SYS) GPU/0-d1000 (1/144.0/XGMI) GPU/0-d6000 (0/5000.0/LOC) GPU/0-d9000 (3/16.0/SYS) GPU/0-de000 (1/36.0/XGMI) CPU/0-3 (2/16.0/SYS) CPU/0-1 (2/16.0/SYS) CPU/0-0 (1/24.0/PHB) CPU/0-2 (2/16.0/SYS) NET/0-0 (4/16.0/SYS) NET/0-1 (4/16.0/SYS) NET/0-2 (3/24.0/PHB) NET/0-3 (4/16.0/SYS) 
nid005005:91501:91501 [4] NCCL INFO GPU/D9000 :GPU/0-c1000 (1/72.0/XGMI) GPU/0-c6000 (3/16.0/SYS) GPU/0-c9000 (3/16.0/SYS) GPU/0-ce000 (3/16.0/SYS) GPU/0-d1000 (1/36.0/XGMI) GPU/0-d6000 (3/16.0/SYS) GPU/0-d9000 (0/5000.0/LOC) GPU/0-de000 (1/144.0/XGMI) CPU/0-3 (2/16.0/SYS) CPU/0-1 (2/16.0/SYS) CPU/0-0 (2/16.0/SYS) CPU/0-2 (1/24.0/PHB) NET/0-0 (4/16.0/SYS) NET/0-1 (4/16.0/SYS) NET/0-2 (4/16.0/SYS) NET/0-3 (3/24.0/PHB) 
nid005005:91501:91501 [4] NCCL INFO GPU/DE000 :GPU/0-c1000 (3/16.0/SYS) GPU/0-c6000 (3/16.0/SYS) GPU/0-c9000 (3/16.0/SYS) GPU/0-ce000 (1/36.0/XGMI) GPU/0-d1000 (3/16.0/SYS) GPU/0-d6000 (1/36.0/XGMI) GPU/0-d9000 (1/144.0/XGMI) GPU/0-de000 (0/5000.0/LOC) CPU/0-3 (2/16.0/SYS) CPU/0-1 (2/16.0/SYS) CPU/0-0 (2/16.0/SYS) CPU/0-2 (1/24.0/PHB) NET/0-0 (4/16.0/SYS) NET/0-1 (4/16.0/SYS) NET/0-2 (4/16.0/SYS) NET/0-3 (3/24.0/PHB) 
nid005005:91501:91501 [4] NCCL INFO NET/0 :GPU/0-c1000 (3/24.0/PHB) GPU/0-c6000 (3/24.0/PHB) GPU/0-c9000 (4/16.0/SYS) GPU/0-ce000 (4/16.0/SYS) GPU/0-d1000 (4/16.0/SYS) GPU/0-d6000 (4/16.0/SYS) GPU/0-d9000 (4/16.0/SYS) GPU/0-de000 (4/16.0/SYS) CPU/0-3 (2/24.0/PHB) CPU/0-1 (3/16.0/SYS) CPU/0-0 (3/16.0/SYS) CPU/0-2 (3/16.0/SYS) NET/0-0 (0/5000.0/LOC) NET/0-1 (5/16.0/SYS) NET/0-2 (5/16.0/SYS) NET/0-3 (5/16.0/SYS) 
nid005005:91501:91501 [4] NCCL INFO NET/1 :GPU/0-c1000 (4/16.0/SYS) GPU/0-c6000 (4/16.0/SYS) GPU/0-c9000 (3/24.0/PHB) GPU/0-ce000 (3/24.0/PHB) GPU/0-d1000 (4/16.0/SYS) GPU/0-d6000 (4/16.0/SYS) GPU/0-d9000 (4/16.0/SYS) GPU/0-de000 (4/16.0/SYS) CPU/0-3 (3/16.0/SYS) CPU/0-1 (2/24.0/PHB) CPU/0-0 (3/16.0/SYS) CPU/0-2 (3/16.0/SYS) NET/0-0 (5/16.0/SYS) NET/0-1 (0/5000.0/LOC) NET/0-2 (5/16.0/SYS) NET/0-3 (5/16.0/SYS) 
nid005005:91501:91501 [4] NCCL INFO NET/2 :GPU/0-c1000 (4/16.0/SYS) GPU/0-c6000 (4/16.0/SYS) GPU/0-c9000 (4/16.0/SYS) GPU/0-ce000 (4/16.0/SYS) GPU/0-d1000 (3/24.0/PHB) GPU/0-d6000 (3/24.0/PHB) GPU/0-d9000 (4/16.0/SYS) GPU/0-de000 (4/16.0/SYS) CPU/0-3 (3/16.0/SYS) CPU/0-1 (3/16.0/SYS) CPU/0-0 (2/24.0/PHB) CPU/0-2 (3/16.0/SYS) NET/0-0 (5/16.0/SYS) NET/0-1 (5/16.0/SYS) NET/0-2 (0/5000.0/LOC) NET/0-3 (5/16.0/SYS) 
nid005005:91501:91501 [4] NCCL INFO NET/3 :GPU/0-c1000 (4/16.0/SYS) GPU/0-c6000 (4/16.0/SYS) GPU/0-c9000 (4/16.0/SYS) GPU/0-ce000 (4/16.0/SYS) GPU/0-d1000 (4/16.0/SYS) GPU/0-d6000 (4/16.0/SYS) GPU/0-d9000 (3/24.0/PHB) GPU/0-de000 (3/24.0/PHB) CPU/0-3 (3/16.0/SYS) CPU/0-1 (3/16.0/SYS) CPU/0-0 (3/16.0/SYS) CPU/0-2 (2/24.0/PHB) NET/0-0 (5/16.0/SYS) NET/0-1 (5/16.0/SYS) NET/0-2 (5/16.0/SYS) NET/0-3 (0/5000.0/LOC) 
nid005005:91501:91501 [4] NCCL INFO Setting affinity for GPU 4 to fefe,00000000,0000fefe
nid005005:91499:91499 [1] NCCL INFO NCCL_NET_GDR_LEVEL set by environment to LOC
nid005005:91499:91499 [1] NCCL INFO GPU Direct RDMA Disabled for GPU c1000 / HCA 0 (distance 6 > 0)
nid005001:51257:51257 [4] NCCL INFO Found matching Rome model index 36 with GPU mapping: 0 1 2 3 4 5 6 7 NET mapping: 0 1 2 3 
nid005001:51257:51257 [4] NCCL INFO Pattern 4, crossNic 0, nChannels 8, bw 31.500000/31.500000, type XGMI/PIX, sameChannels 1
nid005001:51257:51257 [4] NCCL INFO  0 : NET/0 GPU/0 GPU/1 GPU/5 GPU/4 GPU/6 GPU/7 GPU/3 GPU/2 NET/1
nid005001:51257:51257 [4] NCCL INFO  1 : NET/1 GPU/2 GPU/3 GPU/7 GPU/6 GPU/4 GPU/5 GPU/1 GPU/0 NET/0
nid005001:51257:51257 [4] NCCL INFO  2 : NET/3 GPU/7 GPU/6 GPU/0 GPU/1 GPU/3 GPU/2 GPU/4 GPU/5 NET/2
nid005001:51257:51257 [4] NCCL INFO  3 : NET/2 GPU/5 GPU/4 GPU/2 GPU/3 GPU/1 GPU/0 GPU/6 GPU/7 NET/3
nid005001:51257:51257 [4] NCCL INFO  4 : NET/0 GPU/0 GPU/1 GPU/5 GPU/4 GPU/6 GPU/7 GPU/3 GPU/2 NET/1
nid005001:51257:51257 [4] NCCL INFO  5 : NET/1 GPU/2 GPU/3 GPU/7 GPU/6 GPU/4 GPU/5 GPU/1 GPU/0 NET/0
nid005001:51257:51257 [4] NCCL INFO  6 : NET/3 GPU/7 GPU/6 GPU/0 GPU/1 GPU/3 GPU/2 GPU/4 GPU/5 NET/2
nid005001:51257:51257 [4] NCCL INFO  7 : NET/2 GPU/5 GPU/4 GPU/2 GPU/3 GPU/1 GPU/0 GPU/6 GPU/7 NET/3
nid005005:91499:91499 [1] NCCL INFO === System : maxBw 24.0 totalBw 252.0 ===
nid005005:91499:91499 [1] NCCL INFO CPU/0-3 (1/2/4)
nid005005:91499:91499 [1] NCCL INFO + PCI[24.0] - GPU/0-c1000 (8)
nid005005:91499:91499 [1] NCCL INFO               + XGMI[144.0] - GPU/C6000
nid005005:91499:91499 [1] NCCL INFO               + XGMI[72.0] - GPU/D9000
nid005005:91499:91499 [1] NCCL INFO               + XGMI[36.0] - GPU/C9000
nid005005:91499:91499 [1] NCCL INFO + PCI[24.0] - NIC/0-c5000
nid005005:91499:91499 [1] NCCL INFO               + NET[25.0] - NET/0 (a78181e00/1/25.000000)
nid005005:91499:91499 [1] NCCL INFO + PCI[24.0] - GPU/0-c6000 (9)
nid005005:91499:91499 [1] NCCL INFO               + XGMI[144.0] - GPU/C1000
nid005005:91499:91499 [1] NCCL INFO               + XGMI[36.0] - GPU/CE000
nid005005:91499:91499 [1] NCCL INFO               + XGMI[36.0] - GPU/D6000
nid005005:91499:91499 [1] NCCL INFO + SYS[16.0] - CPU/1
nid005005:91499:91499 [1] NCCL INFO + SYS[16.0] - CPU/0
nid005005:91499:91499 [1] NCCL INFO + SYS[16.0] - CPU/2
nid005005:91499:91499 [1] NCCL INFO CPU/0-1 (1/2/4)
nid005005:91499:91499 [1] NCCL INFO + PCI[24.0] - NIC/0-cd000
nid005005:91499:91499 [1] NCCL INFO               + NET[25.0] - NET/1 (a78181e01/1/25.000000)
nid005005:91499:91499 [1] NCCL INFO + PCI[24.0] - GPU/0-c9000 (10)
nid005005:91499:91499 [1] NCCL INFO               + XGMI[144.0] - GPU/CE000
nid005005:91499:91499 [1] NCCL INFO               + XGMI[72.0] - GPU/D1000
nid005005:91499:91499 [1] NCCL INFO               + XGMI[36.0] - GPU/C1000
nid005005:91499:91499 [1] NCCL INFO + PCI[24.0] - GPU/0-ce000 (11)
nid005005:91499:91499 [1] NCCL INFO               + XGMI[144.0] - GPU/C9000
nid005005:91499:91499 [1] NCCL INFO               + XGMI[36.0] - GPU/C6000
nid005005:91499:91499 [1] NCCL INFO               + XGMI[36.0] - GPU/DE000
nid005005:91499:91499 [1] NCCL INFO + SYS[16.0] - CPU/3
nid005005:91499:91499 [1] NCCL INFO + SYS[16.0] - CPU/0
nid005005:91499:91499 [1] NCCL INFO + SYS[16.0] - CPU/2
nid005005:91499:91499 [1] NCCL INFO CPU/0-0 (1/2/4)
nid005005:91499:91499 [1] NCCL INFO + PCI[24.0] - NIC/0-d5000
nid005005:91499:91499 [1] NCCL INFO               + NET[25.0] - NET/2 (a78181e02/1/25.000000)
nid005005:91499:91499 [1] NCCL INFO + PCI[24.0] - GPU/0-d1000 (12)
nid005005:91499:91499 [1] NCCL INFO               + XGMI[144.0] - GPU/D6000
nid005005:91499:91499 [1] NCCL INFO               + XGMI[72.0] - GPU/C9000
nid005005:91499:91499 [1] NCCL INFO               + XGMI[36.0] - GPU/D9000
nid005005:91499:91499 [1] NCCL INFO + PCI[24.0] - GPU/0-d6000 (13)
nid005005:91499:91499 [1] NCCL INFO               + XGMI[144.0] - GPU/D1000
nid005005:91499:91499 [1] NCCL INFO               + XGMI[36.0] - GPU/C6000
nid005005:91499:91499 [1] NCCL INFO               + XGMI[36.0] - GPU/DE000
nid005005:91499:91499 [1] NCCL INFO + SYS[16.0] - CPU/3
nid005005:91499:91499 [1] NCCL INFO + SYS[16.0] - CPU/1
nid005005:91499:91499 [1] NCCL INFO + SYS[16.0] - CPU/2
nid005005:91499:91499 [1] NCCL INFO CPU/0-2 (1/2/4)
nid005005:91499:91499 [1] NCCL INFO + PCI[24.0] - NIC/0-dd000
nid005005:91499:91499 [1] NCCL INFO               + NET[25.0] - NET/3 (a78181e03/1/25.000000)
nid005005:91499:91499 [1] NCCL INFO + PCI[24.0] - GPU/0-d9000 (14)
nid005005:91499:91499 [1] NCCL INFO               + XGMI[144.0] - GPU/DE000
nid005005:91499:91499 [1] NCCL INFO               + XGMI[72.0] - GPU/C1000
nid005005:91499:91499 [1] NCCL INFO               + XGMI[36.0] - GPU/D1000
nid005005:91499:91499 [1] NCCL INFO + PCI[24.0] - GPU/0-de000 (15)
nid005005:91499:91499 [1] NCCL INFO               + XGMI[144.0] - GPU/D9000
nid005005:91499:91499 [1] NCCL INFO               + XGMI[36.0] - GPU/CE000
nid005005:91499:91499 [1] NCCL INFO               + XGMI[36.0] - GPU/D6000
nid005005:91499:91499 [1] NCCL INFO + SYS[16.0] - CPU/3
nid005005:91499:91499 [1] NCCL INFO + SYS[16.0] - CPU/1
nid005005:91499:91499 [1] NCCL INFO + SYS[16.0] - CPU/0
nid005005:91499:91499 [1] NCCL INFO ==========================================
nid005005:91499:91499 [1] NCCL INFO GPU/C1000 :GPU/0-c1000 (0/5000.0/LOC) GPU/0-c6000 (1/144.0/XGMI) GPU/0-c9000 (1/36.0/XGMI) GPU/0-ce000 (3/16.0/SYS) GPU/0-d1000 (3/16.0/SYS) GPU/0-d6000 (3/16.0/SYS) GPU/0-d9000 (1/72.0/XGMI) GPU/0-de000 (3/16.0/SYS) CPU/0-3 (1/24.0/PHB) CPU/0-1 (2/16.0/SYS) CPU/0-0 (2/16.0/SYS) CPU/0-2 (2/16.0/SYS) NET/0-0 (3/24.0/PHB) NET/0-1 (4/16.0/SYS) NET/0-2 (4/16.0/SYS) NET/0-3 (4/16.0/SYS) 
nid005005:91499:91499 [1] NCCL INFO GPU/C6000 :GPU/0-c1000 (1/144.0/XGMI) GPU/0-c6000 (0/5000.0/LOC) GPU/0-c9000 (3/16.0/SYS) GPU/0-ce000 (1/36.0/XGMI) GPU/0-d1000 (3/16.0/SYS) GPU/0-d6000 (1/36.0/XGMI) GPU/0-d9000 (3/16.0/SYS) GPU/0-de000 (3/16.0/SYS) CPU/0-3 (1/24.0/PHB) CPU/0-1 (2/16.0/SYS) CPU/0-0 (2/16.0/SYS) CPU/0-2 (2/16.0/SYS) NET/0-0 (3/24.0/PHB) NET/0-1 (4/16.0/SYS) NET/0-2 (4/16.0/SYS) NET/0-3 (4/16.0/SYS) 
nid005005:91499:91499 [1] NCCL INFO GPU/C9000 :GPU/0-c1000 (1/36.0/XGMI) GPU/0-c6000 (3/16.0/SYS) GPU/0-c9000 (0/5000.0/LOC) GPU/0-ce000 (1/144.0/XGMI) GPU/0-d1000 (1/72.0/XGMI) GPU/0-d6000 (3/16.0/SYS) GPU/0-d9000 (3/16.0/SYS) GPU/0-de000 (3/16.0/SYS) CPU/0-3 (2/16.0/SYS) CPU/0-1 (1/24.0/PHB) CPU/0-0 (2/16.0/SYS) CPU/0-2 (2/16.0/SYS) NET/0-0 (4/16.0/SYS) NET/0-1 (3/24.0/PHB) NET/0-2 (4/16.0/SYS) NET/0-3 (4/16.0/SYS) 
nid005005:91499:91499 [1] NCCL INFO GPU/CE000 :GPU/0-c1000 (3/16.0/SYS) GPU/0-c6000 (1/36.0/XGMI) GPU/0-c9000 (1/144.0/XGMI) GPU/0-ce000 (0/5000.0/LOC) GPU/0-d1000 (3/16.0/SYS) GPU/0-d6000 (3/16.0/SYS) GPU/0-d9000 (3/16.0/SYS) GPU/0-de000 (1/36.0/XGMI) CPU/0-3 (2/16.0/SYS) CPU/0-1 (1/24.0/PHB) CPU/0-0 (2/16.0/SYS) CPU/0-2 (2/16.0/SYS) NET/0-0 (4/16.0/SYS) NET/0-1 (3/24.0/PHB) NET/0-2 (4/16.0/SYS) NET/0-3 (4/16.0/SYS) 
nid005005:91499:91499 [1] NCCL INFO GPU/D1000 :GPU/0-c1000 (3/16.0/SYS) GPU/0-c6000 (3/16.0/SYS) GPU/0-c9000 (1/72.0/XGMI) GPU/0-ce000 (3/16.0/SYS) GPU/0-d1000 (0/5000.0/LOC) GPU/0-d6000 (1/144.0/XGMI) GPU/0-d9000 (1/36.0/XGMI) GPU/0-de000 (3/16.0/SYS) CPU/0-3 (2/16.0/SYS) CPU/0-1 (2/16.0/SYS) CPU/0-0 (1/24.0/PHB) CPU/0-2 (2/16.0/SYS) NET/0-0 (4/16.0/SYS) NET/0-1 (4/16.0/SYS) NET/0-2 (3/24.0/PHB) NET/0-3 (4/16.0/SYS) 
nid005005:91499:91499 [1] NCCL INFO GPU/D6000 :GPU/0-c1000 (3/16.0/SYS) GPU/0-c6000 (1/36.0/XGMI) GPU/0-c9000 (3/16.0/SYS) GPU/0-ce000 (3/16.0/SYS) GPU/0-d1000 (1/144.0/XGMI) GPU/0-d6000 (0/5000.0/LOC) GPU/0-d9000 (3/16.0/SYS) GPU/0-de000 (1/36.0/XGMI) CPU/0-3 (2/16.0/SYS) CPU/0-1 (2/16.0/SYS) CPU/0-0 (1/24.0/PHB) CPU/0-2 (2/16.0/SYS) NET/0-0 (4/16.0/SYS) NET/0-1 (4/16.0/SYS) NET/0-2 (3/24.0/PHB) NET/0-3 (4/16.0/SYS) 
nid005005:91499:91499 [1] NCCL INFO GPU/D9000 :GPU/0-c1000 (1/72.0/XGMI) GPU/0-c6000 (3/16.0/SYS) GPU/0-c9000 (3/16.0/SYS) GPU/0-ce000 (3/16.0/SYS) GPU/0-d1000 (1/36.0/XGMI) GPU/0-d6000 (3/16.0/SYS) GPU/0-d9000 (0/5000.0/LOC) GPU/0-de000 (1/144.0/XGMI) CPU/0-3 (2/16.0/SYS) CPU/0-1 (2/16.0/SYS) CPU/0-0 (2/16.0/SYS) CPU/0-2 (1/24.0/PHB) NET/0-0 (4/16.0/SYS) NET/0-1 (4/16.0/SYS) NET/0-2 (4/16.0/SYS) NET/0-3 (3/24.0/PHB) 
nid005005:91499:91499 [1] NCCL INFO GPU/DE000 :GPU/0-c1000 (3/16.0/SYS) GPU/0-c6000 (3/16.0/SYS) GPU/0-c9000 (3/16.0/SYS) GPU/0-ce000 (1/36.0/XGMI) GPU/0-d1000 (3/16.0/SYS) GPU/0-d6000 (1/36.0/XGMI) GPU/0-d9000 (1/144.0/XGMI) GPU/0-de000 (0/5000.0/LOC) CPU/0-3 (2/16.0/SYS) CPU/0-1 (2/16.0/SYS) CPU/0-0 (2/16.0/SYS) CPU/0-2 (1/24.0/PHB) NET/0-0 (4/16.0/SYS) NET/0-1 (4/16.0/SYS) NET/0-2 (4/16.0/SYS) NET/0-3 (3/24.0/PHB) 
nid005005:91499:91499 [1] NCCL INFO NET/0 :GPU/0-c1000 (3/24.0/PHB) GPU/0-c6000 (3/24.0/PHB) GPU/0-c9000 (4/16.0/SYS) GPU/0-ce000 (4/16.0/SYS) GPU/0-d1000 (4/16.0/SYS) GPU/0-d6000 (4/16.0/SYS) GPU/0-d9000 (4/16.0/SYS) GPU/0-de000 (4/16.0/SYS) CPU/0-3 (2/24.0/PHB) CPU/0-1 (3/16.0/SYS) CPU/0-0 (3/16.0/SYS) CPU/0-2 (3/16.0/SYS) NET/0-0 (0/5000.0/LOC) NET/0-1 (5/16.0/SYS) NET/0-2 (5/16.0/SYS) NET/0-3 (5/16.0/SYS) 
nid005005:91499:91499 [1] NCCL INFO NET/1 :GPU/0-c1000 (4/16.0/SYS) GPU/0-c6000 (4/16.0/SYS) GPU/0-c9000 (3/24.0/PHB) GPU/0-ce000 (3/24.0/PHB) GPU/0-d1000 (4/16.0/SYS) GPU/0-d6000 (4/16.0/SYS) GPU/0-d9000 (4/16.0/SYS) GPU/0-de000 (4/16.0/SYS) CPU/0-3 (3/16.0/SYS) CPU/0-1 (2/24.0/PHB) CPU/0-0 (3/16.0/SYS) CPU/0-2 (3/16.0/SYS) NET/0-0 (5/16.0/SYS) NET/0-1 (0/5000.0/LOC) NET/0-2 (5/16.0/SYS) NET/0-3 (5/16.0/SYS) 
nid005005:91499:91499 [1] NCCL INFO NET/2 :GPU/0-c1000 (4/16.0/SYS) GPU/0-c6000 (4/16.0/SYS) GPU/0-c9000 (4/16.0/SYS) GPU/0-ce000 (4/16.0/SYS) GPU/0-d1000 (3/24.0/PHB) GPU/0-d6000 (3/24.0/PHB) GPU/0-d9000 (4/16.0/SYS) GPU/0-de000 (4/16.0/SYS) CPU/0-3 (3/16.0/SYS) CPU/0-1 (3/16.0/SYS) CPU/0-0 (2/24.0/PHB) CPU/0-2 (3/16.0/SYS) NET/0-0 (5/16.0/SYS) NET/0-1 (5/16.0/SYS) NET/0-2 (0/5000.0/LOC) NET/0-3 (5/16.0/SYS) 
nid005005:91499:91499 [1] NCCL INFO NET/3 :GPU/0-c1000 (4/16.0/SYS) GPU/0-c6000 (4/16.0/SYS) GPU/0-c9000 (4/16.0/SYS) GPU/0-ce000 (4/16.0/SYS) GPU/0-d1000 (4/16.0/SYS) GPU/0-d6000 (4/16.0/SYS) GPU/0-d9000 (3/24.0/PHB) GPU/0-de000 (3/24.0/PHB) CPU/0-3 (3/16.0/SYS) CPU/0-1 (3/16.0/SYS) CPU/0-0 (3/16.0/SYS) CPU/0-2 (2/24.0/PHB) NET/0-0 (5/16.0/SYS) NET/0-1 (5/16.0/SYS) NET/0-2 (5/16.0/SYS) NET/0-3 (0/5000.0/LOC) 
nid005005:91501:91501 [4] NCCL INFO Found matching Rome model index 36 with GPU mapping: 0 1 2 3 4 5 6 7 NET mapping: 0 1 2 3 
nid005005:91501:91501 [4] NCCL INFO Pattern 4, crossNic 0, nChannels 8, bw 31.500000/31.500000, type XGMI/PIX, sameChannels 1
nid005005:91501:91501 [4] NCCL INFO  0 : NET/1 GPU/10 GPU/11 GPU/15 GPU/14 GPU/12 GPU/13 GPU/9 GPU/8 NET/0
nid005005:91501:91501 [4] NCCL INFO  1 : NET/0 GPU/8 GPU/9 GPU/13 GPU/12 GPU/14 GPU/15 GPU/11 GPU/10 NET/1
nid005005:91501:91501 [4] NCCL INFO  2 : NET/2 GPU/13 GPU/12 GPU/10 GPU/11 GPU/9 GPU/8 GPU/14 GPU/15 NET/3
nid005005:91501:91501 [4] NCCL INFO  3 : NET/3 GPU/15 GPU/14 GPU/8 GPU/9 GPU/11 GPU/10 GPU/12 GPU/13 NET/2
nid005005:91501:91501 [4] NCCL INFO  4 : NET/1 GPU/10 GPU/11 GPU/15 GPU/14 GPU/12 GPU/13 GPU/9 GPU/8 NET/0
nid005005:91501:91501 [4] NCCL INFO  5 : NET/0 GPU/8 GPU/9 GPU/13 GPU/12 GPU/14 GPU/15 GPU/11 GPU/10 NET/1
nid005005:91501:91501 [4] NCCL INFO  6 : NET/2 GPU/13 GPU/12 GPU/10 GPU/11 GPU/9 GPU/8 GPU/14 GPU/15 NET/3
nid005005:91501:91501 [4] NCCL INFO  7 : NET/3 GPU/15 GPU/14 GPU/8 GPU/9 GPU/11 GPU/10 GPU/12 GPU/13 NET/2
nid005001:51257:51257 [4] NCCL INFO Found matching Rome model index 36 with GPU mapping: 0 1 2 3 4 5 6 7 NET mapping: 0 1 2 3 
nid005001:51257:51257 [4] NCCL INFO Pattern 1, crossNic 0, nChannels 8, bw 31.500000/31.500000, type XGMI/PIX, sameChannels 1
nid005001:51257:51257 [4] NCCL INFO  0 : NET/0 GPU/0 GPU/1 GPU/5 GPU/4 GPU/6 GPU/7 GPU/3 GPU/2 NET/1
nid005001:51257:51257 [4] NCCL INFO  1 : NET/1 GPU/2 GPU/3 GPU/7 GPU/6 GPU/4 GPU/5 GPU/1 GPU/0 NET/0
nid005001:51257:51257 [4] NCCL INFO  2 : NET/3 GPU/7 GPU/6 GPU/0 GPU/1 GPU/3 GPU/2 GPU/4 GPU/5 NET/2
nid005001:51257:51257 [4] NCCL INFO  3 : NET/2 GPU/5 GPU/4 GPU/2 GPU/3 GPU/1 GPU/0 GPU/6 GPU/7 NET/3
nid005001:51257:51257 [4] NCCL INFO  4 : NET/0 GPU/0 GPU/1 GPU/5 GPU/4 GPU/6 GPU/7 GPU/3 GPU/2 NET/1
nid005001:51257:51257 [4] NCCL INFO  5 : NET/1 GPU/2 GPU/3 GPU/7 GPU/6 GPU/4 GPU/5 GPU/1 GPU/0 NET/0
nid005001:51257:51257 [4] NCCL INFO  6 : NET/3 GPU/7 GPU/6 GPU/0 GPU/1 GPU/3 GPU/2 GPU/4 GPU/5 NET/2
nid005001:51257:51257 [4] NCCL INFO  7 : NET/2 GPU/5 GPU/4 GPU/2 GPU/3 GPU/1 GPU/0 GPU/6 GPU/7 NET/3
nid005005:91499:91499 [1] NCCL INFO Found matching Rome model index 36 with GPU mapping: 0 1 2 3 4 5 6 7 NET mapping: 0 1 2 3 
nid005005:91499:91499 [1] NCCL INFO Pattern 4, crossNic 0, nChannels 8, bw 31.500000/31.500000, type XGMI/PIX, sameChannels 1
nid005005:91499:91499 [1] NCCL INFO  0 : NET/1 GPU/10 GPU/11 GPU/15 GPU/14 GPU/12 GPU/13 GPU/9 GPU/8 NET/0
nid005005:91499:91499 [1] NCCL INFO  1 : NET/0 GPU/8 GPU/9 GPU/13 GPU/12 GPU/14 GPU/15 GPU/11 GPU/10 NET/1
nid005005:91499:91499 [1] NCCL INFO  2 : NET/2 GPU/13 GPU/12 GPU/10 GPU/11 GPU/9 GPU/8 GPU/14 GPU/15 NET/3
nid005005:91499:91499 [1] NCCL INFO  3 : NET/3 GPU/15 GPU/14 GPU/8 GPU/9 GPU/11 GPU/10 GPU/12 GPU/13 NET/2
nid005005:91499:91499 [1] NCCL INFO  4 : NET/1 GPU/10 GPU/11 GPU/15 GPU/14 GPU/12 GPU/13 GPU/9 GPU/8 NET/0
nid005005:91499:91499 [1] NCCL INFO  5 : NET/0 GPU/8 GPU/9 GPU/13 GPU/12 GPU/14 GPU/15 GPU/11 GPU/10 NET/1
nid005005:91499:91499 [1] NCCL INFO  6 : NET/2 GPU/13 GPU/12 GPU/10 GPU/11 GPU/9 GPU/8 GPU/14 GPU/15 NET/3
nid005005:91499:91499 [1] NCCL INFO  7 : NET/3 GPU/15 GPU/14 GPU/8 GPU/9 GPU/11 GPU/10 GPU/12 GPU/13 NET/2
nid005005:91501:91501 [4] NCCL INFO Found matching Rome model index 36 with GPU mapping: 0 1 2 3 4 5 6 7 NET mapping: 0 1 2 3 
nid005005:91501:91501 [4] NCCL INFO Pattern 1, crossNic 0, nChannels 8, bw 31.500000/31.500000, type XGMI/PIX, sameChannels 1
nid005005:91501:91501 [4] NCCL INFO  0 : NET/0 GPU/8 GPU/9 GPU/13 GPU/12 GPU/14 GPU/15 GPU/11 GPU/10 NET/1
nid005005:91501:91501 [4] NCCL INFO  1 : NET/1 GPU/10 GPU/11 GPU/15 GPU/14 GPU/12 GPU/13 GPU/9 GPU/8 NET/0
nid005005:91501:91501 [4] NCCL INFO  2 : NET/3 GPU/15 GPU/14 GPU/8 GPU/9 GPU/11 GPU/10 GPU/12 GPU/13 NET/2
nid005005:91501:91501 [4] NCCL INFO  3 : NET/2 GPU/13 GPU/12 GPU/10 GPU/11 GPU/9 GPU/8 GPU/14 GPU/15 NET/3
nid005005:91501:91501 [4] NCCL INFO  4 : NET/0 GPU/8 GPU/9 GPU/13 GPU/12 GPU/14 GPU/15 GPU/11 GPU/10 NET/1
nid005005:91501:91501 [4] NCCL INFO  5 : NET/1 GPU/10 GPU/11 GPU/15 GPU/14 GPU/12 GPU/13 GPU/9 GPU/8 NET/0
nid005005:91501:91501 [4] NCCL INFO  6 : NET/3 GPU/15 GPU/14 GPU/8 GPU/9 GPU/11 GPU/10 GPU/12 GPU/13 NET/2
nid005005:91501:91501 [4] NCCL INFO  7 : NET/2 GPU/13 GPU/12 GPU/10 GPU/11 GPU/9 GPU/8 GPU/14 GPU/15 NET/3
nid005005:91499:91499 [1] NCCL INFO Found matching Rome model index 36 with GPU mapping: 0 1 2 3 4 5 6 7 NET mapping: 0 1 2 3 
nid005005:91499:91499 [1] NCCL INFO Pattern 1, crossNic 0, nChannels 8, bw 31.500000/31.500000, type XGMI/PIX, sameChannels 1
nid005005:91499:91499 [1] NCCL INFO  0 : NET/0 GPU/8 GPU/9 GPU/13 GPU/12 GPU/14 GPU/15 GPU/11 GPU/10 NET/1
nid005005:91499:91499 [1] NCCL INFO  1 : NET/1 GPU/10 GPU/11 GPU/15 GPU/14 GPU/12 GPU/13 GPU/9 GPU/8 NET/0
nid005005:91499:91499 [1] NCCL INFO  2 : NET/3 GPU/15 GPU/14 GPU/8 GPU/9 GPU/11 GPU/10 GPU/12 GPU/13 NET/2
nid005005:91499:91499 [1] NCCL INFO  3 : NET/2 GPU/13 GPU/12 GPU/10 GPU/11 GPU/9 GPU/8 GPU/14 GPU/15 NET/3
nid005005:91499:91499 [1] NCCL INFO  4 : NET/0 GPU/8 GPU/9 GPU/13 GPU/12 GPU/14 GPU/15 GPU/11 GPU/10 NET/1
nid005005:91499:91499 [1] NCCL INFO  5 : NET/1 GPU/10 GPU/11 GPU/15 GPU/14 GPU/12 GPU/13 GPU/9 GPU/8 NET/0
nid005005:91499:91499 [1] NCCL INFO  6 : NET/3 GPU/15 GPU/14 GPU/8 GPU/9 GPU/11 GPU/10 GPU/12 GPU/13 NET/2
nid005005:91499:91499 [1] NCCL INFO  7 : NET/2 GPU/13 GPU/12 GPU/10 GPU/11 GPU/9 GPU/8 GPU/14 GPU/15 NET/3
nid005005:91503:91503 [5] NCCL INFO NCCL_NET_GDR_LEVEL set by environment to LOC
nid005005:91503:91503 [5] NCCL INFO GPU Direct RDMA Disabled for GPU c1000 / HCA 0 (distance 6 > 0)
nid005005:91503:91503 [5] NCCL INFO === System : maxBw 24.0 totalBw 252.0 ===
nid005005:91503:91503 [5] NCCL INFO CPU/0-3 (1/2/4)
nid005005:91503:91503 [5] NCCL INFO + PCI[24.0] - GPU/0-c1000 (8)
nid005005:91503:91503 [5] NCCL INFO               + XGMI[144.0] - GPU/C6000
nid005005:91503:91503 [5] NCCL INFO               + XGMI[72.0] - GPU/D9000
nid005005:91503:91503 [5] NCCL INFO               + XGMI[36.0] - GPU/C9000
nid005005:91503:91503 [5] NCCL INFO + PCI[24.0] - NIC/0-c5000
nid005005:91503:91503 [5] NCCL INFO               + NET[25.0] - NET/0 (a78181e00/1/25.000000)
nid005005:91503:91503 [5] NCCL INFO + PCI[24.0] - GPU/0-c6000 (9)
nid005005:91503:91503 [5] NCCL INFO               + XGMI[144.0] - GPU/C1000
nid005005:91503:91503 [5] NCCL INFO               + XGMI[36.0] - GPU/CE000
nid005005:91503:91503 [5] NCCL INFO               + XGMI[36.0] - GPU/D6000
nid005005:91503:91503 [5] NCCL INFO + SYS[16.0] - CPU/1
nid005005:91503:91503 [5] NCCL INFO + SYS[16.0] - CPU/0
nid005005:91503:91503 [5] NCCL INFO + SYS[16.0] - CPU/2
nid005005:91503:91503 [5] NCCL INFO CPU/0-1 (1/2/4)
nid005005:91503:91503 [5] NCCL INFO + PCI[24.0] - NIC/0-cd000
nid005005:91503:91503 [5] NCCL INFO               + NET[25.0] - NET/1 (a78181e01/1/25.000000)
nid005005:91503:91503 [5] NCCL INFO + PCI[24.0] - GPU/0-c9000 (10)
nid005005:91503:91503 [5] NCCL INFO               + XGMI[144.0] - GPU/CE000
nid005005:91503:91503 [5] NCCL INFO               + XGMI[72.0] - GPU/D1000
nid005005:91503:91503 [5] NCCL INFO               + XGMI[36.0] - GPU/C1000
nid005005:91503:91503 [5] NCCL INFO + PCI[24.0] - GPU/0-ce000 (11)
nid005005:91503:91503 [5] NCCL INFO               + XGMI[144.0] - GPU/C9000
nid005005:91503:91503 [5] NCCL INFO               + XGMI[36.0] - GPU/C6000
nid005005:91503:91503 [5] NCCL INFO               + XGMI[36.0] - GPU/DE000
nid005005:91503:91503 [5] NCCL INFO + SYS[16.0] - CPU/3
nid005005:91503:91503 [5] NCCL INFO + SYS[16.0] - CPU/0
nid005005:91503:91503 [5] NCCL INFO + SYS[16.0] - CPU/2
nid005005:91503:91503 [5] NCCL INFO CPU/0-0 (1/2/4)
nid005005:91503:91503 [5] NCCL INFO + PCI[24.0] - NIC/0-d5000
nid005005:91503:91503 [5] NCCL INFO               + NET[25.0] - NET/2 (a78181e02/1/25.000000)
nid005005:91503:91503 [5] NCCL INFO + PCI[24.0] - GPU/0-d1000 (12)
nid005005:91503:91503 [5] NCCL INFO               + XGMI[144.0] - GPU/D6000
nid005005:91503:91503 [5] NCCL INFO               + XGMI[72.0] - GPU/C9000
nid005005:91503:91503 [5] NCCL INFO               + XGMI[36.0] - GPU/D9000
nid005005:91503:91503 [5] NCCL INFO + PCI[24.0] - GPU/0-d6000 (13)
nid005005:91503:91503 [5] NCCL INFO               + XGMI[144.0] - GPU/D1000
nid005005:91503:91503 [5] NCCL INFO               + XGMI[36.0] - GPU/C6000
nid005005:91503:91503 [5] NCCL INFO               + XGMI[36.0] - GPU/DE000
nid005005:91503:91503 [5] NCCL INFO + SYS[16.0] - CPU/3
nid005005:91503:91503 [5] NCCL INFO + SYS[16.0] - CPU/1
nid005005:91503:91503 [5] NCCL INFO + SYS[16.0] - CPU/2
nid005005:91503:91503 [5] NCCL INFO CPU/0-2 (1/2/4)
nid005005:91503:91503 [5] NCCL INFO + PCI[24.0] - NIC/0-dd000
nid005005:91503:91503 [5] NCCL INFO               + NET[25.0] - NET/3 (a78181e03/1/25.000000)
nid005005:91503:91503 [5] NCCL INFO + PCI[24.0] - GPU/0-d9000 (14)
nid005005:91503:91503 [5] NCCL INFO               + XGMI[144.0] - GPU/DE000
nid005005:91503:91503 [5] NCCL INFO               + XGMI[72.0] - GPU/C1000
nid005005:91503:91503 [5] NCCL INFO               + XGMI[36.0] - GPU/D1000
nid005005:91503:91503 [5] NCCL INFO + PCI[24.0] - GPU/0-de000 (15)
nid005005:91503:91503 [5] NCCL INFO               + XGMI[144.0] - GPU/D9000
nid005005:91503:91503 [5] NCCL INFO               + XGMI[36.0] - GPU/CE000
nid005005:91503:91503 [5] NCCL INFO               + XGMI[36.0] - GPU/D6000
nid005005:91503:91503 [5] NCCL INFO + SYS[16.0] - CPU/3
nid005005:91503:91503 [5] NCCL INFO + SYS[16.0] - CPU/1
nid005005:91503:91503 [5] NCCL INFO + SYS[16.0] - CPU/0
nid005005:91503:91503 [5] NCCL INFO ==========================================
nid005005:91503:91503 [5] NCCL INFO GPU/C1000 :GPU/0-c1000 (0/5000.0/LOC) GPU/0-c6000 (1/144.0/XGMI) GPU/0-c9000 (1/36.0/XGMI) GPU/0-ce000 (3/16.0/SYS) GPU/0-d1000 (3/16.0/SYS) GPU/0-d6000 (3/16.0/SYS) GPU/0-d9000 (1/72.0/XGMI) GPU/0-de000 (3/16.0/SYS) CPU/0-3 (1/24.0/PHB) CPU/0-1 (2/16.0/SYS) CPU/0-0 (2/16.0/SYS) CPU/0-2 (2/16.0/SYS) NET/0-0 (3/24.0/PHB) NET/0-1 (4/16.0/SYS) NET/0-2 (4/16.0/SYS) NET/0-3 (4/16.0/SYS) 
nid005005:91503:91503 [5] NCCL INFO GPU/C6000 :GPU/0-c1000 (1/144.0/XGMI) GPU/0-c6000 (0/5000.0/LOC) GPU/0-c9000 (3/16.0/SYS) GPU/0-ce000 (1/36.0/XGMI) GPU/0-d1000 (3/16.0/SYS) GPU/0-d6000 (1/36.0/XGMI) GPU/0-d9000 (3/16.0/SYS) GPU/0-de000 (3/16.0/SYS) CPU/0-3 (1/24.0/PHB) CPU/0-1 (2/16.0/SYS) CPU/0-0 (2/16.0/SYS) CPU/0-2 (2/16.0/SYS) NET/0-0 (3/24.0/PHB) NET/0-1 (4/16.0/SYS) NET/0-2 (4/16.0/SYS) NET/0-3 (4/16.0/SYS) 
nid005005:91503:91503 [5] NCCL INFO GPU/C9000 :GPU/0-c1000 (1/36.0/XGMI) GPU/0-c6000 (3/16.0/SYS) GPU/0-c9000 (0/5000.0/LOC) GPU/0-ce000 (1/144.0/XGMI) GPU/0-d1000 (1/72.0/XGMI) GPU/0-d6000 (3/16.0/SYS) GPU/0-d9000 (3/16.0/SYS) GPU/0-de000 (3/16.0/SYS) CPU/0-3 (2/16.0/SYS) CPU/0-1 (1/24.0/PHB) CPU/0-0 (2/16.0/SYS) CPU/0-2 (2/16.0/SYS) NET/0-0 (4/16.0/SYS) NET/0-1 (3/24.0/PHB) NET/0-2 (4/16.0/SYS) NET/0-3 (4/16.0/SYS) 
nid005005:91503:91503 [5] NCCL INFO GPU/CE000 :GPU/0-c1000 (3/16.0/SYS) GPU/0-c6000 (1/36.0/XGMI) GPU/0-c9000 (1/144.0/XGMI) GPU/0-ce000 (0/5000.0/LOC) GPU/0-d1000 (3/16.0/SYS) GPU/0-d6000 (3/16.0/SYS) GPU/0-d9000 (3/16.0/SYS) GPU/0-de000 (1/36.0/XGMI) CPU/0-3 (2/16.0/SYS) CPU/0-1 (1/24.0/PHB) CPU/0-0 (2/16.0/SYS) CPU/0-2 (2/16.0/SYS) NET/0-0 (4/16.0/SYS) NET/0-1 (3/24.0/PHB) NET/0-2 (4/16.0/SYS) NET/0-3 (4/16.0/SYS) 
nid005005:91503:91503 [5] NCCL INFO GPU/D1000 :GPU/0-c1000 (3/16.0/SYS) GPU/0-c6000 (3/16.0/SYS) GPU/0-c9000 (1/72.0/XGMI) GPU/0-ce000 (3/16.0/SYS) GPU/0-d1000 (0/5000.0/LOC) GPU/0-d6000 (1/144.0/XGMI) GPU/0-d9000 (1/36.0/XGMI) GPU/0-de000 (3/16.0/SYS) CPU/0-3 (2/16.0/SYS) CPU/0-1 (2/16.0/SYS) CPU/0-0 (1/24.0/PHB) CPU/0-2 (2/16.0/SYS) NET/0-0 (4/16.0/SYS) NET/0-1 (4/16.0/SYS) NET/0-2 (3/24.0/PHB) NET/0-3 (4/16.0/SYS) 
nid005005:91503:91503 [5] NCCL INFO GPU/D6000 :GPU/0-c1000 (3/16.0/SYS) GPU/0-c6000 (1/36.0/XGMI) GPU/0-c9000 (3/16.0/SYS) GPU/0-ce000 (3/16.0/SYS) GPU/0-d1000 (1/144.0/XGMI) GPU/0-d6000 (0/5000.0/LOC) GPU/0-d9000 (3/16.0/SYS) GPU/0-de000 (1/36.0/XGMI) CPU/0-3 (2/16.0/SYS) CPU/0-1 (2/16.0/SYS) CPU/0-0 (1/24.0/PHB) CPU/0-2 (2/16.0/SYS) NET/0-0 (4/16.0/SYS) NET/0-1 (4/16.0/SYS) NET/0-2 (3/24.0/PHB) NET/0-3 (4/16.0/SYS) 
nid005005:91503:91503 [5] NCCL INFO GPU/D9000 :GPU/0-c1000 (1/72.0/XGMI) GPU/0-c6000 (3/16.0/SYS) GPU/0-c9000 (3/16.0/SYS) GPU/0-ce000 (3/16.0/SYS) GPU/0-d1000 (1/36.0/XGMI) GPU/0-d6000 (3/16.0/SYS) GPU/0-d9000 (0/5000.0/LOC) GPU/0-de000 (1/144.0/XGMI) CPU/0-3 (2/16.0/SYS) CPU/0-1 (2/16.0/SYS) CPU/0-0 (2/16.0/SYS) CPU/0-2 (1/24.0/PHB) NET/0-0 (4/16.0/SYS) NET/0-1 (4/16.0/SYS) NET/0-2 (4/16.0/SYS) NET/0-3 (3/24.0/PHB) 
nid005005:91503:91503 [5] NCCL INFO GPU/DE000 :GPU/0-c1000 (3/16.0/SYS) GPU/0-c6000 (3/16.0/SYS) GPU/0-c9000 (3/16.0/SYS) GPU/0-ce000 (1/36.0/XGMI) GPU/0-d1000 (3/16.0/SYS) GPU/0-d6000 (1/36.0/XGMI) GPU/0-d9000 (1/144.0/XGMI) GPU/0-de000 (0/5000.0/LOC) CPU/0-3 (2/16.0/SYS) CPU/0-1 (2/16.0/SYS) CPU/0-0 (2/16.0/SYS) CPU/0-2 (1/24.0/PHB) NET/0-0 (4/16.0/SYS) NET/0-1 (4/16.0/SYS) NET/0-2 (4/16.0/SYS) NET/0-3 (3/24.0/PHB) 
nid005005:91503:91503 [5] NCCL INFO NET/0 :GPU/0-c1000 (3/24.0/PHB) GPU/0-c6000 (3/24.0/PHB) GPU/0-c9000 (4/16.0/SYS) GPU/0-ce000 (4/16.0/SYS) GPU/0-d1000 (4/16.0/SYS) GPU/0-d6000 (4/16.0/SYS) GPU/0-d9000 (4/16.0/SYS) GPU/0-de000 (4/16.0/SYS) CPU/0-3 (2/24.0/PHB) CPU/0-1 (3/16.0/SYS) CPU/0-0 (3/16.0/SYS) CPU/0-2 (3/16.0/SYS) NET/0-0 (0/5000.0/LOC) NET/0-1 (5/16.0/SYS) NET/0-2 (5/16.0/SYS) NET/0-3 (5/16.0/SYS) 
nid005005:91503:91503 [5] NCCL INFO NET/1 :GPU/0-c1000 (4/16.0/SYS) GPU/0-c6000 (4/16.0/SYS) GPU/0-c9000 (3/24.0/PHB) GPU/0-ce000 (3/24.0/PHB) GPU/0-d1000 (4/16.0/SYS) GPU/0-d6000 (4/16.0/SYS) GPU/0-d9000 (4/16.0/SYS) GPU/0-de000 (4/16.0/SYS) CPU/0-3 (3/16.0/SYS) CPU/0-1 (2/24.0/PHB) CPU/0-0 (3/16.0/SYS) CPU/0-2 (3/16.0/SYS) NET/0-0 (5/16.0/SYS) NET/0-1 (0/5000.0/LOC) NET/0-2 (5/16.0/SYS) NET/0-3 (5/16.0/SYS) 
nid005005:91503:91503 [5] NCCL INFO NET/2 :GPU/0-c1000 (4/16.0/SYS) GPU/0-c6000 (4/16.0/SYS) GPU/0-c9000 (4/16.0/SYS) GPU/0-ce000 (4/16.0/SYS) GPU/0-d1000 (3/24.0/PHB) GPU/0-d6000 (3/24.0/PHB) GPU/0-d9000 (4/16.0/SYS) GPU/0-de000 (4/16.0/SYS) CPU/0-3 (3/16.0/SYS) CPU/0-1 (3/16.0/SYS) CPU/0-0 (2/24.0/PHB) CPU/0-2 (3/16.0/SYS) NET/0-0 (5/16.0/SYS) NET/0-1 (5/16.0/SYS) NET/0-2 (0/5000.0/LOC) NET/0-3 (5/16.0/SYS) 
nid005005:91503:91503 [5] NCCL INFO NET/3 :GPU/0-c1000 (4/16.0/SYS) GPU/0-c6000 (4/16.0/SYS) GPU/0-c9000 (4/16.0/SYS) GPU/0-ce000 (4/16.0/SYS) GPU/0-d1000 (4/16.0/SYS) GPU/0-d6000 (4/16.0/SYS) GPU/0-d9000 (3/24.0/PHB) GPU/0-de000 (3/24.0/PHB) CPU/0-3 (3/16.0/SYS) CPU/0-1 (3/16.0/SYS) CPU/0-0 (3/16.0/SYS) CPU/0-2 (2/24.0/PHB) NET/0-0 (5/16.0/SYS) NET/0-1 (5/16.0/SYS) NET/0-2 (5/16.0/SYS) NET/0-3 (0/5000.0/LOC) 
nid005005:91503:91503 [5] NCCL INFO Setting affinity for GPU 5 to fefe,00000000,0000fefe
nid005001:51260:51260 [5] NCCL INFO NCCL_NET_GDR_LEVEL set by environment to LOC
nid005001:51260:51260 [5] NCCL INFO GPU Direct RDMA Disabled for GPU c1000 / HCA 0 (distance 6 > 0)
nid005001:51260:51260 [5] NCCL INFO === System : maxBw 24.0 totalBw 252.0 ===
nid005001:51260:51260 [5] NCCL INFO CPU/0-3 (1/2/4)
nid005001:51260:51260 [5] NCCL INFO + PCI[24.0] - GPU/0-c1000 (0)
nid005001:51260:51260 [5] NCCL INFO               + XGMI[144.0] - GPU/C6000
nid005001:51260:51260 [5] NCCL INFO               + XGMI[72.0] - GPU/D9000
nid005001:51260:51260 [5] NCCL INFO               + XGMI[36.0] - GPU/C9000
nid005001:51260:51260 [5] NCCL INFO + PCI[24.0] - NIC/0-c5000
nid005001:51260:51260 [5] NCCL INFO               + NET[25.0] - NET/0 (a78180b00/1/25.000000)
nid005001:51260:51260 [5] NCCL INFO + PCI[24.0] - GPU/0-c6000 (1)
nid005001:51260:51260 [5] NCCL INFO               + XGMI[144.0] - GPU/C1000
nid005001:51260:51260 [5] NCCL INFO               + XGMI[36.0] - GPU/CE000
nid005001:51260:51260 [5] NCCL INFO               + XGMI[36.0] - GPU/D6000
nid005001:51260:51260 [5] NCCL INFO + SYS[16.0] - CPU/1
nid005001:51260:51260 [5] NCCL INFO + SYS[16.0] - CPU/0
nid005001:51260:51260 [5] NCCL INFO + SYS[16.0] - CPU/2
nid005001:51260:51260 [5] NCCL INFO CPU/0-1 (1/2/4)
nid005001:51260:51260 [5] NCCL INFO + PCI[24.0] - NIC/0-cd000
nid005001:51260:51260 [5] NCCL INFO               + NET[25.0] - NET/1 (a78180b01/1/25.000000)
nid005001:51260:51260 [5] NCCL INFO + PCI[24.0] - GPU/0-c9000 (2)
nid005001:51260:51260 [5] NCCL INFO               + XGMI[144.0] - GPU/CE000
nid005001:51260:51260 [5] NCCL INFO               + XGMI[72.0] - GPU/D1000
nid005001:51260:51260 [5] NCCL INFO               + XGMI[36.0] - GPU/C1000
nid005001:51260:51260 [5] NCCL INFO + PCI[24.0] - GPU/0-ce000 (3)
nid005001:51260:51260 [5] NCCL INFO               + XGMI[144.0] - GPU/C9000
nid005001:51260:51260 [5] NCCL INFO               + XGMI[36.0] - GPU/C6000
nid005001:51260:51260 [5] NCCL INFO               + XGMI[36.0] - GPU/DE000
nid005001:51260:51260 [5] NCCL INFO + SYS[16.0] - CPU/3
nid005001:51260:51260 [5] NCCL INFO + SYS[16.0] - CPU/0
nid005001:51260:51260 [5] NCCL INFO + SYS[16.0] - CPU/2
nid005001:51260:51260 [5] NCCL INFO CPU/0-0 (1/2/4)
nid005001:51260:51260 [5] NCCL INFO + PCI[24.0] - NIC/0-d5000
nid005001:51260:51260 [5] NCCL INFO               + NET[25.0] - NET/2 (a78180b02/1/25.000000)
nid005001:51260:51260 [5] NCCL INFO + PCI[24.0] - GPU/0-d1000 (4)
nid005001:51260:51260 [5] NCCL INFO               + XGMI[144.0] - GPU/D6000
nid005001:51260:51260 [5] NCCL INFO               + XGMI[72.0] - GPU/C9000
nid005001:51260:51260 [5] NCCL INFO               + XGMI[36.0] - GPU/D9000
nid005001:51260:51260 [5] NCCL INFO + PCI[24.0] - GPU/0-d6000 (5)
nid005001:51260:51260 [5] NCCL INFO               + XGMI[144.0] - GPU/D1000
nid005001:51260:51260 [5] NCCL INFO               + XGMI[36.0] - GPU/C6000
nid005001:51260:51260 [5] NCCL INFO               + XGMI[36.0] - GPU/DE000
nid005001:51260:51260 [5] NCCL INFO + SYS[16.0] - CPU/3
nid005001:51260:51260 [5] NCCL INFO + SYS[16.0] - CPU/1
nid005001:51260:51260 [5] NCCL INFO + SYS[16.0] - CPU/2
nid005001:51260:51260 [5] NCCL INFO CPU/0-2 (1/2/4)
nid005001:51260:51260 [5] NCCL INFO + PCI[24.0] - NIC/0-dd000
nid005001:51260:51260 [5] NCCL INFO               + NET[25.0] - NET/3 (a78180b03/1/25.000000)
nid005001:51260:51260 [5] NCCL INFO + PCI[24.0] - GPU/0-d9000 (6)
nid005001:51260:51260 [5] NCCL INFO               + XGMI[144.0] - GPU/DE000
nid005001:51260:51260 [5] NCCL INFO               + XGMI[72.0] - GPU/C1000
nid005001:51260:51260 [5] NCCL INFO               + XGMI[36.0] - GPU/D1000
nid005001:51260:51260 [5] NCCL INFO + PCI[24.0] - GPU/0-de000 (7)
nid005001:51260:51260 [5] NCCL INFO               + XGMI[144.0] - GPU/D9000
nid005001:51260:51260 [5] NCCL INFO               + XGMI[36.0] - GPU/CE000
nid005001:51260:51260 [5] NCCL INFO               + XGMI[36.0] - GPU/D6000
nid005001:51260:51260 [5] NCCL INFO + SYS[16.0] - CPU/3
nid005001:51260:51260 [5] NCCL INFO + SYS[16.0] - CPU/1
nid005001:51260:51260 [5] NCCL INFO + SYS[16.0] - CPU/0
nid005001:51260:51260 [5] NCCL INFO ==========================================
nid005001:51260:51260 [5] NCCL INFO GPU/C1000 :GPU/0-c1000 (0/5000.0/LOC) GPU/0-c6000 (1/144.0/XGMI) GPU/0-c9000 (1/36.0/XGMI) GPU/0-ce000 (3/16.0/SYS) GPU/0-d1000 (3/16.0/SYS) GPU/0-d6000 (3/16.0/SYS) GPU/0-d9000 (1/72.0/XGMI) GPU/0-de000 (3/16.0/SYS) CPU/0-3 (1/24.0/PHB) CPU/0-1 (2/16.0/SYS) CPU/0-0 (2/16.0/SYS) CPU/0-2 (2/16.0/SYS) NET/0-0 (3/24.0/PHB) NET/0-1 (4/16.0/SYS) NET/0-2 (4/16.0/SYS) NET/0-3 (4/16.0/SYS) 
nid005001:51260:51260 [5] NCCL INFO GPU/C6000 :GPU/0-c1000 (1/144.0/XGMI) GPU/0-c6000 (0/5000.0/LOC) GPU/0-c9000 (3/16.0/SYS) GPU/0-ce000 (1/36.0/XGMI) GPU/0-d1000 (3/16.0/SYS) GPU/0-d6000 (1/36.0/XGMI) GPU/0-d9000 (3/16.0/SYS) GPU/0-de000 (3/16.0/SYS) CPU/0-3 (1/24.0/PHB) CPU/0-1 (2/16.0/SYS) CPU/0-0 (2/16.0/SYS) CPU/0-2 (2/16.0/SYS) NET/0-0 (3/24.0/PHB) NET/0-1 (4/16.0/SYS) NET/0-2 (4/16.0/SYS) NET/0-3 (4/16.0/SYS) 
nid005001:51260:51260 [5] NCCL INFO GPU/C9000 :GPU/0-c1000 (1/36.0/XGMI) GPU/0-c6000 (3/16.0/SYS) GPU/0-c9000 (0/5000.0/LOC) GPU/0-ce000 (1/144.0/XGMI) GPU/0-d1000 (1/72.0/XGMI) GPU/0-d6000 (3/16.0/SYS) GPU/0-d9000 (3/16.0/SYS) GPU/0-de000 (3/16.0/SYS) CPU/0-3 (2/16.0/SYS) CPU/0-1 (1/24.0/PHB) CPU/0-0 (2/16.0/SYS) CPU/0-2 (2/16.0/SYS) NET/0-0 (4/16.0/SYS) NET/0-1 (3/24.0/PHB) NET/0-2 (4/16.0/SYS) NET/0-3 (4/16.0/SYS) 
nid005001:51260:51260 [5] NCCL INFO GPU/CE000 :GPU/0-c1000 (3/16.0/SYS) GPU/0-c6000 (1/36.0/XGMI) GPU/0-c9000 (1/144.0/XGMI) GPU/0-ce000 (0/5000.0/LOC) GPU/0-d1000 (3/16.0/SYS) GPU/0-d6000 (3/16.0/SYS) GPU/0-d9000 (3/16.0/SYS) GPU/0-de000 (1/36.0/XGMI) CPU/0-3 (2/16.0/SYS) CPU/0-1 (1/24.0/PHB) CPU/0-0 (2/16.0/SYS) CPU/0-2 (2/16.0/SYS) NET/0-0 (4/16.0/SYS) NET/0-1 (3/24.0/PHB) NET/0-2 (4/16.0/SYS) NET/0-3 (4/16.0/SYS) 
nid005001:51260:51260 [5] NCCL INFO GPU/D1000 :GPU/0-c1000 (3/16.0/SYS) GPU/0-c6000 (3/16.0/SYS) GPU/0-c9000 (1/72.0/XGMI) GPU/0-ce000 (3/16.0/SYS) GPU/0-d1000 (0/5000.0/LOC) GPU/0-d6000 (1/144.0/XGMI) GPU/0-d9000 (1/36.0/XGMI) GPU/0-de000 (3/16.0/SYS) CPU/0-3 (2/16.0/SYS) CPU/0-1 (2/16.0/SYS) CPU/0-0 (1/24.0/PHB) CPU/0-2 (2/16.0/SYS) NET/0-0 (4/16.0/SYS) NET/0-1 (4/16.0/SYS) NET/0-2 (3/24.0/PHB) NET/0-3 (4/16.0/SYS) 
nid005001:51260:51260 [5] NCCL INFO GPU/D6000 :GPU/0-c1000 (3/16.0/SYS) GPU/0-c6000 (1/36.0/XGMI) GPU/0-c9000 (3/16.0/SYS) GPU/0-ce000 (3/16.0/SYS) GPU/0-d1000 (1/144.0/XGMI) GPU/0-d6000 (0/5000.0/LOC) GPU/0-d9000 (3/16.0/SYS) GPU/0-de000 (1/36.0/XGMI) CPU/0-3 (2/16.0/SYS) CPU/0-1 (2/16.0/SYS) CPU/0-0 (1/24.0/PHB) CPU/0-2 (2/16.0/SYS) NET/0-0 (4/16.0/SYS) NET/0-1 (4/16.0/SYS) NET/0-2 (3/24.0/PHB) NET/0-3 (4/16.0/SYS) 
nid005001:51260:51260 [5] NCCL INFO GPU/D9000 :GPU/0-c1000 (1/72.0/XGMI) GPU/0-c6000 (3/16.0/SYS) GPU/0-c9000 (3/16.0/SYS) GPU/0-ce000 (3/16.0/SYS) GPU/0-d1000 (1/36.0/XGMI) GPU/0-d6000 (3/16.0/SYS) GPU/0-d9000 (0/5000.0/LOC) GPU/0-de000 (1/144.0/XGMI) CPU/0-3 (2/16.0/SYS) CPU/0-1 (2/16.0/SYS) CPU/0-0 (2/16.0/SYS) CPU/0-2 (1/24.0/PHB) NET/0-0 (4/16.0/SYS) NET/0-1 (4/16.0/SYS) NET/0-2 (4/16.0/SYS) NET/0-3 (3/24.0/PHB) 
nid005001:51260:51260 [5] NCCL INFO GPU/DE000 :GPU/0-c1000 (3/16.0/SYS) GPU/0-c6000 (3/16.0/SYS) GPU/0-c9000 (3/16.0/SYS) GPU/0-ce000 (1/36.0/XGMI) GPU/0-d1000 (3/16.0/SYS) GPU/0-d6000 (1/36.0/XGMI) GPU/0-d9000 (1/144.0/XGMI) GPU/0-de000 (0/5000.0/LOC) CPU/0-3 (2/16.0/SYS) CPU/0-1 (2/16.0/SYS) CPU/0-0 (2/16.0/SYS) CPU/0-2 (1/24.0/PHB) NET/0-0 (4/16.0/SYS) NET/0-1 (4/16.0/SYS) NET/0-2 (4/16.0/SYS) NET/0-3 (3/24.0/PHB) 
nid005001:51260:51260 [5] NCCL INFO NET/0 :GPU/0-c1000 (3/24.0/PHB) GPU/0-c6000 (3/24.0/PHB) GPU/0-c9000 (4/16.0/SYS) GPU/0-ce000 (4/16.0/SYS) GPU/0-d1000 (4/16.0/SYS) GPU/0-d6000 (4/16.0/SYS) GPU/0-d9000 (4/16.0/SYS) GPU/0-de000 (4/16.0/SYS) CPU/0-3 (2/24.0/PHB) CPU/0-1 (3/16.0/SYS) CPU/0-0 (3/16.0/SYS) CPU/0-2 (3/16.0/SYS) NET/0-0 (0/5000.0/LOC) NET/0-1 (5/16.0/SYS) NET/0-2 (5/16.0/SYS) NET/0-3 (5/16.0/SYS) 
nid005001:51260:51260 [5] NCCL INFO NET/1 :GPU/0-c1000 (4/16.0/SYS) GPU/0-c6000 (4/16.0/SYS) GPU/0-c9000 (3/24.0/PHB) GPU/0-ce000 (3/24.0/PHB) GPU/0-d1000 (4/16.0/SYS) GPU/0-d6000 (4/16.0/SYS) GPU/0-d9000 (4/16.0/SYS) GPU/0-de000 (4/16.0/SYS) CPU/0-3 (3/16.0/SYS) CPU/0-1 (2/24.0/PHB) CPU/0-0 (3/16.0/SYS) CPU/0-2 (3/16.0/SYS) NET/0-0 (5/16.0/SYS) NET/0-1 (0/5000.0/LOC) NET/0-2 (5/16.0/SYS) NET/0-3 (5/16.0/SYS) 
nid005001:51260:51260 [5] NCCL INFO NET/2 :GPU/0-c1000 (4/16.0/SYS) GPU/0-c6000 (4/16.0/SYS) GPU/0-c9000 (4/16.0/SYS) GPU/0-ce000 (4/16.0/SYS) GPU/0-d1000 (3/24.0/PHB) GPU/0-d6000 (3/24.0/PHB) GPU/0-d9000 (4/16.0/SYS) GPU/0-de000 (4/16.0/SYS) CPU/0-3 (3/16.0/SYS) CPU/0-1 (3/16.0/SYS) CPU/0-0 (2/24.0/PHB) CPU/0-2 (3/16.0/SYS) NET/0-0 (5/16.0/SYS) NET/0-1 (5/16.0/SYS) NET/0-2 (0/5000.0/LOC) NET/0-3 (5/16.0/SYS) 
nid005001:51260:51260 [5] NCCL INFO NET/3 :GPU/0-c1000 (4/16.0/SYS) GPU/0-c6000 (4/16.0/SYS) GPU/0-c9000 (4/16.0/SYS) GPU/0-ce000 (4/16.0/SYS) GPU/0-d1000 (4/16.0/SYS) GPU/0-d6000 (4/16.0/SYS) GPU/0-d9000 (3/24.0/PHB) GPU/0-de000 (3/24.0/PHB) CPU/0-3 (3/16.0/SYS) CPU/0-1 (3/16.0/SYS) CPU/0-0 (3/16.0/SYS) CPU/0-2 (2/24.0/PHB) NET/0-0 (5/16.0/SYS) NET/0-1 (5/16.0/SYS) NET/0-2 (5/16.0/SYS) NET/0-3 (0/5000.0/LOC) 
nid005001:51260:51260 [5] NCCL INFO Setting affinity for GPU 5 to fefe,00000000,0000fefe
nid005005:91503:91503 [5] NCCL INFO Found matching Rome model index 36 with GPU mapping: 0 1 2 3 4 5 6 7 NET mapping: 0 1 2 3 
nid005005:91503:91503 [5] NCCL INFO Pattern 4, crossNic 0, nChannels 8, bw 31.500000/31.500000, type XGMI/PIX, sameChannels 1
nid005005:91503:91503 [5] NCCL INFO  0 : NET/1 GPU/10 GPU/11 GPU/15 GPU/14 GPU/12 GPU/13 GPU/9 GPU/8 NET/0
nid005005:91503:91503 [5] NCCL INFO  1 : NET/0 GPU/8 GPU/9 GPU/13 GPU/12 GPU/14 GPU/15 GPU/11 GPU/10 NET/1
nid005005:91503:91503 [5] NCCL INFO  2 : NET/2 GPU/13 GPU/12 GPU/10 GPU/11 GPU/9 GPU/8 GPU/14 GPU/15 NET/3
nid005005:91503:91503 [5] NCCL INFO  3 : NET/3 GPU/15 GPU/14 GPU/8 GPU/9 GPU/11 GPU/10 GPU/12 GPU/13 NET/2
nid005005:91503:91503 [5] NCCL INFO  4 : NET/1 GPU/10 GPU/11 GPU/15 GPU/14 GPU/12 GPU/13 GPU/9 GPU/8 NET/0
nid005005:91503:91503 [5] NCCL INFO  5 : NET/0 GPU/8 GPU/9 GPU/13 GPU/12 GPU/14 GPU/15 GPU/11 GPU/10 NET/1
nid005005:91503:91503 [5] NCCL INFO  6 : NET/2 GPU/13 GPU/12 GPU/10 GPU/11 GPU/9 GPU/8 GPU/14 GPU/15 NET/3
nid005005:91503:91503 [5] NCCL INFO  7 : NET/3 GPU/15 GPU/14 GPU/8 GPU/9 GPU/11 GPU/10 GPU/12 GPU/13 NET/2
nid005001:51260:51260 [5] NCCL INFO Found matching Rome model index 36 with GPU mapping: 0 1 2 3 4 5 6 7 NET mapping: 0 1 2 3 
nid005001:51260:51260 [5] NCCL INFO Pattern 4, crossNic 0, nChannels 8, bw 31.500000/31.500000, type XGMI/PIX, sameChannels 1
nid005001:51260:51260 [5] NCCL INFO  0 : NET/0 GPU/0 GPU/1 GPU/5 GPU/4 GPU/6 GPU/7 GPU/3 GPU/2 NET/1
nid005001:51260:51260 [5] NCCL INFO  1 : NET/1 GPU/2 GPU/3 GPU/7 GPU/6 GPU/4 GPU/5 GPU/1 GPU/0 NET/0
nid005001:51260:51260 [5] NCCL INFO  2 : NET/3 GPU/7 GPU/6 GPU/0 GPU/1 GPU/3 GPU/2 GPU/4 GPU/5 NET/2
nid005001:51260:51260 [5] NCCL INFO  3 : NET/2 GPU/5 GPU/4 GPU/2 GPU/3 GPU/1 GPU/0 GPU/6 GPU/7 NET/3
nid005001:51260:51260 [5] NCCL INFO  4 : NET/0 GPU/0 GPU/1 GPU/5 GPU/4 GPU/6 GPU/7 GPU/3 GPU/2 NET/1
nid005001:51260:51260 [5] NCCL INFO  5 : NET/1 GPU/2 GPU/3 GPU/7 GPU/6 GPU/4 GPU/5 GPU/1 GPU/0 NET/0
nid005001:51260:51260 [5] NCCL INFO  6 : NET/3 GPU/7 GPU/6 GPU/0 GPU/1 GPU/3 GPU/2 GPU/4 GPU/5 NET/2
nid005001:51260:51260 [5] NCCL INFO  7 : NET/2 GPU/5 GPU/4 GPU/2 GPU/3 GPU/1 GPU/0 GPU/6 GPU/7 NET/3
nid005005:91503:91503 [5] NCCL INFO Found matching Rome model index 36 with GPU mapping: 0 1 2 3 4 5 6 7 NET mapping: 0 1 2 3 
nid005005:91503:91503 [5] NCCL INFO Pattern 1, crossNic 0, nChannels 8, bw 31.500000/31.500000, type XGMI/PIX, sameChannels 1
nid005005:91503:91503 [5] NCCL INFO  0 : NET/0 GPU/8 GPU/9 GPU/13 GPU/12 GPU/14 GPU/15 GPU/11 GPU/10 NET/1
nid005005:91503:91503 [5] NCCL INFO  1 : NET/1 GPU/10 GPU/11 GPU/15 GPU/14 GPU/12 GPU/13 GPU/9 GPU/8 NET/0
nid005005:91503:91503 [5] NCCL INFO  2 : NET/3 GPU/15 GPU/14 GPU/8 GPU/9 GPU/11 GPU/10 GPU/12 GPU/13 NET/2
nid005005:91503:91503 [5] NCCL INFO  3 : NET/2 GPU/13 GPU/12 GPU/10 GPU/11 GPU/9 GPU/8 GPU/14 GPU/15 NET/3
nid005005:91503:91503 [5] NCCL INFO  4 : NET/0 GPU/8 GPU/9 GPU/13 GPU/12 GPU/14 GPU/15 GPU/11 GPU/10 NET/1
nid005005:91503:91503 [5] NCCL INFO  5 : NET/1 GPU/10 GPU/11 GPU/15 GPU/14 GPU/12 GPU/13 GPU/9 GPU/8 NET/0
nid005005:91503:91503 [5] NCCL INFO  6 : NET/3 GPU/15 GPU/14 GPU/8 GPU/9 GPU/11 GPU/10 GPU/12 GPU/13 NET/2
nid005005:91503:91503 [5] NCCL INFO  7 : NET/2 GPU/13 GPU/12 GPU/10 GPU/11 GPU/9 GPU/8 GPU/14 GPU/15 NET/3
nid005001:51260:51260 [5] NCCL INFO Found matching Rome model index 36 with GPU mapping: 0 1 2 3 4 5 6 7 NET mapping: 0 1 2 3 
nid005001:51260:51260 [5] NCCL INFO Pattern 1, crossNic 0, nChannels 8, bw 31.500000/31.500000, type XGMI/PIX, sameChannels 1
nid005001:51260:51260 [5] NCCL INFO  0 : NET/0 GPU/0 GPU/1 GPU/5 GPU/4 GPU/6 GPU/7 GPU/3 GPU/2 NET/1
nid005001:51260:51260 [5] NCCL INFO  1 : NET/1 GPU/2 GPU/3 GPU/7 GPU/6 GPU/4 GPU/5 GPU/1 GPU/0 NET/0
nid005001:51260:51260 [5] NCCL INFO  2 : NET/3 GPU/7 GPU/6 GPU/0 GPU/1 GPU/3 GPU/2 GPU/4 GPU/5 NET/2
nid005001:51260:51260 [5] NCCL INFO  3 : NET/2 GPU/5 GPU/4 GPU/2 GPU/3 GPU/1 GPU/0 GPU/6 GPU/7 NET/3
nid005001:51260:51260 [5] NCCL INFO  4 : NET/0 GPU/0 GPU/1 GPU/5 GPU/4 GPU/6 GPU/7 GPU/3 GPU/2 NET/1
nid005001:51260:51260 [5] NCCL INFO  5 : NET/1 GPU/2 GPU/3 GPU/7 GPU/6 GPU/4 GPU/5 GPU/1 GPU/0 NET/0
nid005001:51260:51260 [5] NCCL INFO  6 : NET/3 GPU/7 GPU/6 GPU/0 GPU/1 GPU/3 GPU/2 GPU/4 GPU/5 NET/2
nid005001:51260:51260 [5] NCCL INFO  7 : NET/2 GPU/5 GPU/4 GPU/2 GPU/3 GPU/1 GPU/0 GPU/6 GPU/7 NET/3
nid005001:51255:51255 [2] NCCL INFO NCCL_NET_GDR_LEVEL set by environment to LOC
nid005001:51255:51255 [2] NCCL INFO GPU Direct RDMA Disabled for GPU c1000 / HCA 0 (distance 6 > 0)
nid005001:51255:51255 [2] NCCL INFO === System : maxBw 24.0 totalBw 252.0 ===
nid005001:51255:51255 [2] NCCL INFO CPU/0-3 (1/2/4)
nid005001:51255:51255 [2] NCCL INFO + PCI[24.0] - GPU/0-c1000 (0)
nid005001:51255:51255 [2] NCCL INFO               + XGMI[144.0] - GPU/C6000
nid005001:51255:51255 [2] NCCL INFO               + XGMI[72.0] - GPU/D9000
nid005001:51255:51255 [2] NCCL INFO               + XGMI[36.0] - GPU/C9000
nid005001:51255:51255 [2] NCCL INFO + PCI[24.0] - NIC/0-c5000
nid005001:51255:51255 [2] NCCL INFO               + NET[25.0] - NET/0 (a78180b00/1/25.000000)
nid005001:51255:51255 [2] NCCL INFO + PCI[24.0] - GPU/0-c6000 (1)
nid005001:51255:51255 [2] NCCL INFO               + XGMI[144.0] - GPU/C1000
nid005001:51255:51255 [2] NCCL INFO               + XGMI[36.0] - GPU/CE000
nid005001:51255:51255 [2] NCCL INFO               + XGMI[36.0] - GPU/D6000
nid005001:51255:51255 [2] NCCL INFO + SYS[16.0] - CPU/1
nid005001:51255:51255 [2] NCCL INFO + SYS[16.0] - CPU/0
nid005001:51255:51255 [2] NCCL INFO + SYS[16.0] - CPU/2
nid005001:51255:51255 [2] NCCL INFO CPU/0-1 (1/2/4)
nid005001:51255:51255 [2] NCCL INFO + PCI[24.0] - NIC/0-cd000
nid005001:51255:51255 [2] NCCL INFO               + NET[25.0] - NET/1 (a78180b01/1/25.000000)
nid005001:51255:51255 [2] NCCL INFO + PCI[24.0] - GPU/0-c9000 (2)
nid005001:51255:51255 [2] NCCL INFO               + XGMI[144.0] - GPU/CE000
nid005001:51255:51255 [2] NCCL INFO               + XGMI[72.0] - GPU/D1000
nid005001:51255:51255 [2] NCCL INFO               + XGMI[36.0] - GPU/C1000
nid005001:51255:51255 [2] NCCL INFO + PCI[24.0] - GPU/0-ce000 (3)
nid005001:51255:51255 [2] NCCL INFO               + XGMI[144.0] - GPU/C9000
nid005001:51255:51255 [2] NCCL INFO               + XGMI[36.0] - GPU/C6000
nid005001:51255:51255 [2] NCCL INFO               + XGMI[36.0] - GPU/DE000
nid005001:51255:51255 [2] NCCL INFO + SYS[16.0] - CPU/3
nid005001:51255:51255 [2] NCCL INFO + SYS[16.0] - CPU/0
nid005001:51255:51255 [2] NCCL INFO + SYS[16.0] - CPU/2
nid005001:51255:51255 [2] NCCL INFO CPU/0-0 (1/2/4)
nid005001:51255:51255 [2] NCCL INFO + PCI[24.0] - NIC/0-d5000
nid005001:51255:51255 [2] NCCL INFO               + NET[25.0] - NET/2 (a78180b02/1/25.000000)
nid005001:51255:51255 [2] NCCL INFO + PCI[24.0] - GPU/0-d1000 (4)
nid005001:51255:51255 [2] NCCL INFO               + XGMI[144.0] - GPU/D6000
nid005001:51255:51255 [2] NCCL INFO               + XGMI[72.0] - GPU/C9000
nid005001:51255:51255 [2] NCCL INFO               + XGMI[36.0] - GPU/D9000
nid005001:51255:51255 [2] NCCL INFO + PCI[24.0] - GPU/0-d6000 (5)
nid005001:51255:51255 [2] NCCL INFO               + XGMI[144.0] - GPU/D1000
nid005001:51255:51255 [2] NCCL INFO               + XGMI[36.0] - GPU/C6000
nid005001:51255:51255 [2] NCCL INFO               + XGMI[36.0] - GPU/DE000
nid005001:51255:51255 [2] NCCL INFO + SYS[16.0] - CPU/3
nid005001:51255:51255 [2] NCCL INFO + SYS[16.0] - CPU/1
nid005001:51255:51255 [2] NCCL INFO + SYS[16.0] - CPU/2
nid005001:51255:51255 [2] NCCL INFO CPU/0-2 (1/2/4)
nid005001:51255:51255 [2] NCCL INFO + PCI[24.0] - NIC/0-dd000
nid005001:51255:51255 [2] NCCL INFO               + NET[25.0] - NET/3 (a78180b03/1/25.000000)
nid005001:51255:51255 [2] NCCL INFO + PCI[24.0] - GPU/0-d9000 (6)
nid005001:51255:51255 [2] NCCL INFO               + XGMI[144.0] - GPU/DE000
nid005001:51255:51255 [2] NCCL INFO               + XGMI[72.0] - GPU/C1000
nid005001:51255:51255 [2] NCCL INFO               + XGMI[36.0] - GPU/D1000
nid005001:51255:51255 [2] NCCL INFO + PCI[24.0] - GPU/0-de000 (7)
nid005001:51255:51255 [2] NCCL INFO               + XGMI[144.0] - GPU/D9000
nid005001:51255:51255 [2] NCCL INFO               + XGMI[36.0] - GPU/CE000
nid005001:51255:51255 [2] NCCL INFO               + XGMI[36.0] - GPU/D6000
nid005001:51255:51255 [2] NCCL INFO + SYS[16.0] - CPU/3
nid005001:51255:51255 [2] NCCL INFO + SYS[16.0] - CPU/1
nid005001:51255:51255 [2] NCCL INFO + SYS[16.0] - CPU/0
nid005001:51255:51255 [2] NCCL INFO ==========================================
nid005001:51255:51255 [2] NCCL INFO GPU/C1000 :GPU/0-c1000 (0/5000.0/LOC) GPU/0-c6000 (1/144.0/XGMI) GPU/0-c9000 (1/36.0/XGMI) GPU/0-ce000 (3/16.0/SYS) GPU/0-d1000 (3/16.0/SYS) GPU/0-d6000 (3/16.0/SYS) GPU/0-d9000 (1/72.0/XGMI) GPU/0-de000 (3/16.0/SYS) CPU/0-3 (1/24.0/PHB) CPU/0-1 (2/16.0/SYS) CPU/0-0 (2/16.0/SYS) CPU/0-2 (2/16.0/SYS) NET/0-0 (3/24.0/PHB) NET/0-1 (4/16.0/SYS) NET/0-2 (4/16.0/SYS) NET/0-3 (4/16.0/SYS) 
nid005001:51255:51255 [2] NCCL INFO GPU/C6000 :GPU/0-c1000 (1/144.0/XGMI) GPU/0-c6000 (0/5000.0/LOC) GPU/0-c9000 (3/16.0/SYS) GPU/0-ce000 (1/36.0/XGMI) GPU/0-d1000 (3/16.0/SYS) GPU/0-d6000 (1/36.0/XGMI) GPU/0-d9000 (3/16.0/SYS) GPU/0-de000 (3/16.0/SYS) CPU/0-3 (1/24.0/PHB) CPU/0-1 (2/16.0/SYS) CPU/0-0 (2/16.0/SYS) CPU/0-2 (2/16.0/SYS) NET/0-0 (3/24.0/PHB) NET/0-1 (4/16.0/SYS) NET/0-2 (4/16.0/SYS) NET/0-3 (4/16.0/SYS) 
nid005001:51255:51255 [2] NCCL INFO GPU/C9000 :GPU/0-c1000 (1/36.0/XGMI) GPU/0-c6000 (3/16.0/SYS) GPU/0-c9000 (0/5000.0/LOC) GPU/0-ce000 (1/144.0/XGMI) GPU/0-d1000 (1/72.0/XGMI) GPU/0-d6000 (3/16.0/SYS) GPU/0-d9000 (3/16.0/SYS) GPU/0-de000 (3/16.0/SYS) CPU/0-3 (2/16.0/SYS) CPU/0-1 (1/24.0/PHB) CPU/0-0 (2/16.0/SYS) CPU/0-2 (2/16.0/SYS) NET/0-0 (4/16.0/SYS) NET/0-1 (3/24.0/PHB) NET/0-2 (4/16.0/SYS) NET/0-3 (4/16.0/SYS) 
nid005001:51255:51255 [2] NCCL INFO GPU/CE000 :GPU/0-c1000 (3/16.0/SYS) GPU/0-c6000 (1/36.0/XGMI) GPU/0-c9000 (1/144.0/XGMI) GPU/0-ce000 (0/5000.0/LOC) GPU/0-d1000 (3/16.0/SYS) GPU/0-d6000 (3/16.0/SYS) GPU/0-d9000 (3/16.0/SYS) GPU/0-de000 (1/36.0/XGMI) CPU/0-3 (2/16.0/SYS) CPU/0-1 (1/24.0/PHB) CPU/0-0 (2/16.0/SYS) CPU/0-2 (2/16.0/SYS) NET/0-0 (4/16.0/SYS) NET/0-1 (3/24.0/PHB) NET/0-2 (4/16.0/SYS) NET/0-3 (4/16.0/SYS) 
nid005001:51255:51255 [2] NCCL INFO GPU/D1000 :GPU/0-c1000 (3/16.0/SYS) GPU/0-c6000 (3/16.0/SYS) GPU/0-c9000 (1/72.0/XGMI) GPU/0-ce000 (3/16.0/SYS) GPU/0-d1000 (0/5000.0/LOC) GPU/0-d6000 (1/144.0/XGMI) GPU/0-d9000 (1/36.0/XGMI) GPU/0-de000 (3/16.0/SYS) CPU/0-3 (2/16.0/SYS) CPU/0-1 (2/16.0/SYS) CPU/0-0 (1/24.0/PHB) CPU/0-2 (2/16.0/SYS) NET/0-0 (4/16.0/SYS) NET/0-1 (4/16.0/SYS) NET/0-2 (3/24.0/PHB) NET/0-3 (4/16.0/SYS) 
nid005001:51255:51255 [2] NCCL INFO GPU/D6000 :GPU/0-c1000 (3/16.0/SYS) GPU/0-c6000 (1/36.0/XGMI) GPU/0-c9000 (3/16.0/SYS) GPU/0-ce000 (3/16.0/SYS) GPU/0-d1000 (1/144.0/XGMI) GPU/0-d6000 (0/5000.0/LOC) GPU/0-d9000 (3/16.0/SYS) GPU/0-de000 (1/36.0/XGMI) CPU/0-3 (2/16.0/SYS) CPU/0-1 (2/16.0/SYS) CPU/0-0 (1/24.0/PHB) CPU/0-2 (2/16.0/SYS) NET/0-0 (4/16.0/SYS) NET/0-1 (4/16.0/SYS) NET/0-2 (3/24.0/PHB) NET/0-3 (4/16.0/SYS) 
nid005001:51255:51255 [2] NCCL INFO GPU/D9000 :GPU/0-c1000 (1/72.0/XGMI) GPU/0-c6000 (3/16.0/SYS) GPU/0-c9000 (3/16.0/SYS) GPU/0-ce000 (3/16.0/SYS) GPU/0-d1000 (1/36.0/XGMI) GPU/0-d6000 (3/16.0/SYS) GPU/0-d9000 (0/5000.0/LOC) GPU/0-de000 (1/144.0/XGMI) CPU/0-3 (2/16.0/SYS) CPU/0-1 (2/16.0/SYS) CPU/0-0 (2/16.0/SYS) CPU/0-2 (1/24.0/PHB) NET/0-0 (4/16.0/SYS) NET/0-1 (4/16.0/SYS) NET/0-2 (4/16.0/SYS) NET/0-3 (3/24.0/PHB) 
nid005001:51255:51255 [2] NCCL INFO GPU/DE000 :GPU/0-c1000 (3/16.0/SYS) GPU/0-c6000 (3/16.0/SYS) GPU/0-c9000 (3/16.0/SYS) GPU/0-ce000 (1/36.0/XGMI) GPU/0-d1000 (3/16.0/SYS) GPU/0-d6000 (1/36.0/XGMI) GPU/0-d9000 (1/144.0/XGMI) GPU/0-de000 (0/5000.0/LOC) CPU/0-3 (2/16.0/SYS) CPU/0-1 (2/16.0/SYS) CPU/0-0 (2/16.0/SYS) CPU/0-2 (1/24.0/PHB) NET/0-0 (4/16.0/SYS) NET/0-1 (4/16.0/SYS) NET/0-2 (4/16.0/SYS) NET/0-3 (3/24.0/PHB) 
nid005001:51255:51255 [2] NCCL INFO NET/0 :GPU/0-c1000 (3/24.0/PHB) GPU/0-c6000 (3/24.0/PHB) GPU/0-c9000 (4/16.0/SYS) GPU/0-ce000 (4/16.0/SYS) GPU/0-d1000 (4/16.0/SYS) GPU/0-d6000 (4/16.0/SYS) GPU/0-d9000 (4/16.0/SYS) GPU/0-de000 (4/16.0/SYS) CPU/0-3 (2/24.0/PHB) CPU/0-1 (3/16.0/SYS) CPU/0-0 (3/16.0/SYS) CPU/0-2 (3/16.0/SYS) NET/0-0 (0/5000.0/LOC) NET/0-1 (5/16.0/SYS) NET/0-2 (5/16.0/SYS) NET/0-3 (5/16.0/SYS) 
nid005001:51255:51255 [2] NCCL INFO NET/1 :GPU/0-c1000 (4/16.0/SYS) GPU/0-c6000 (4/16.0/SYS) GPU/0-c9000 (3/24.0/PHB) GPU/0-ce000 (3/24.0/PHB) GPU/0-d1000 (4/16.0/SYS) GPU/0-d6000 (4/16.0/SYS) GPU/0-d9000 (4/16.0/SYS) GPU/0-de000 (4/16.0/SYS) CPU/0-3 (3/16.0/SYS) CPU/0-1 (2/24.0/PHB) CPU/0-0 (3/16.0/SYS) CPU/0-2 (3/16.0/SYS) NET/0-0 (5/16.0/SYS) NET/0-1 (0/5000.0/LOC) NET/0-2 (5/16.0/SYS) NET/0-3 (5/16.0/SYS) 
nid005001:51255:51255 [2] NCCL INFO NET/2 :GPU/0-c1000 (4/16.0/SYS) GPU/0-c6000 (4/16.0/SYS) GPU/0-c9000 (4/16.0/SYS) GPU/0-ce000 (4/16.0/SYS) GPU/0-d1000 (3/24.0/PHB) GPU/0-d6000 (3/24.0/PHB) GPU/0-d9000 (4/16.0/SYS) GPU/0-de000 (4/16.0/SYS) CPU/0-3 (3/16.0/SYS) CPU/0-1 (3/16.0/SYS) CPU/0-0 (2/24.0/PHB) CPU/0-2 (3/16.0/SYS) NET/0-0 (5/16.0/SYS) NET/0-1 (5/16.0/SYS) NET/0-2 (0/5000.0/LOC) NET/0-3 (5/16.0/SYS) 
nid005001:51255:51255 [2] NCCL INFO NET/3 :GPU/0-c1000 (4/16.0/SYS) GPU/0-c6000 (4/16.0/SYS) GPU/0-c9000 (4/16.0/SYS) GPU/0-ce000 (4/16.0/SYS) GPU/0-d1000 (4/16.0/SYS) GPU/0-d6000 (4/16.0/SYS) GPU/0-d9000 (3/24.0/PHB) GPU/0-de000 (3/24.0/PHB) CPU/0-3 (3/16.0/SYS) CPU/0-1 (3/16.0/SYS) CPU/0-0 (3/16.0/SYS) CPU/0-2 (2/24.0/PHB) NET/0-0 (5/16.0/SYS) NET/0-1 (5/16.0/SYS) NET/0-2 (5/16.0/SYS) NET/0-3 (0/5000.0/LOC) 
nid005001:51255:51255 [2] NCCL INFO Found matching Rome model index 36 with GPU mapping: 0 1 2 3 4 5 6 7 NET mapping: 0 1 2 3 
nid005001:51255:51255 [2] NCCL INFO Pattern 4, crossNic 0, nChannels 8, bw 31.500000/31.500000, type XGMI/PIX, sameChannels 1
nid005001:51255:51255 [2] NCCL INFO  0 : NET/0 GPU/0 GPU/1 GPU/5 GPU/4 GPU/6 GPU/7 GPU/3 GPU/2 NET/1
nid005001:51255:51255 [2] NCCL INFO  1 : NET/1 GPU/2 GPU/3 GPU/7 GPU/6 GPU/4 GPU/5 GPU/1 GPU/0 NET/0
nid005001:51255:51255 [2] NCCL INFO  2 : NET/3 GPU/7 GPU/6 GPU/0 GPU/1 GPU/3 GPU/2 GPU/4 GPU/5 NET/2
nid005001:51255:51255 [2] NCCL INFO  3 : NET/2 GPU/5 GPU/4 GPU/2 GPU/3 GPU/1 GPU/0 GPU/6 GPU/7 NET/3
nid005001:51255:51255 [2] NCCL INFO  4 : NET/0 GPU/0 GPU/1 GPU/5 GPU/4 GPU/6 GPU/7 GPU/3 GPU/2 NET/1
nid005001:51255:51255 [2] NCCL INFO  5 : NET/1 GPU/2 GPU/3 GPU/7 GPU/6 GPU/4 GPU/5 GPU/1 GPU/0 NET/0
nid005001:51255:51255 [2] NCCL INFO  6 : NET/3 GPU/7 GPU/6 GPU/0 GPU/1 GPU/3 GPU/2 GPU/4 GPU/5 NET/2
nid005001:51255:51255 [2] NCCL INFO  7 : NET/2 GPU/5 GPU/4 GPU/2 GPU/3 GPU/1 GPU/0 GPU/6 GPU/7 NET/3
nid005005:91506:91506 [7] NCCL INFO NCCL_NET_GDR_LEVEL set by environment to LOC
nid005005:91506:91506 [7] NCCL INFO GPU Direct RDMA Disabled for GPU c1000 / HCA 0 (distance 6 > 0)
nid005001:51255:51255 [2] NCCL INFO Found matching Rome model index 36 with GPU mapping: 0 1 2 3 4 5 6 7 NET mapping: 0 1 2 3 
nid005001:51255:51255 [2] NCCL INFO Pattern 1, crossNic 0, nChannels 8, bw 31.500000/31.500000, type XGMI/PIX, sameChannels 1
nid005001:51255:51255 [2] NCCL INFO  0 : NET/0 GPU/0 GPU/1 GPU/5 GPU/4 GPU/6 GPU/7 GPU/3 GPU/2 NET/1
nid005001:51255:51255 [2] NCCL INFO  1 : NET/1 GPU/2 GPU/3 GPU/7 GPU/6 GPU/4 GPU/5 GPU/1 GPU/0 NET/0
nid005001:51255:51255 [2] NCCL INFO  2 : NET/3 GPU/7 GPU/6 GPU/0 GPU/1 GPU/3 GPU/2 GPU/4 GPU/5 NET/2
nid005001:51255:51255 [2] NCCL INFO  3 : NET/2 GPU/5 GPU/4 GPU/2 GPU/3 GPU/1 GPU/0 GPU/6 GPU/7 NET/3
nid005001:51255:51255 [2] NCCL INFO  4 : NET/0 GPU/0 GPU/1 GPU/5 GPU/4 GPU/6 GPU/7 GPU/3 GPU/2 NET/1
nid005001:51255:51255 [2] NCCL INFO  5 : NET/1 GPU/2 GPU/3 GPU/7 GPU/6 GPU/4 GPU/5 GPU/1 GPU/0 NET/0
nid005001:51255:51255 [2] NCCL INFO  6 : NET/3 GPU/7 GPU/6 GPU/0 GPU/1 GPU/3 GPU/2 GPU/4 GPU/5 NET/2
nid005001:51255:51255 [2] NCCL INFO  7 : NET/2 GPU/5 GPU/4 GPU/2 GPU/3 GPU/1 GPU/0 GPU/6 GPU/7 NET/3
nid005005:91506:91506 [7] NCCL INFO === System : maxBw 24.0 totalBw 252.0 ===
nid005005:91506:91506 [7] NCCL INFO CPU/0-3 (1/2/4)
nid005005:91506:91506 [7] NCCL INFO + PCI[24.0] - GPU/0-c1000 (8)
nid005005:91506:91506 [7] NCCL INFO               + XGMI[144.0] - GPU/C6000
nid005005:91506:91506 [7] NCCL INFO               + XGMI[72.0] - GPU/D9000
nid005005:91506:91506 [7] NCCL INFO               + XGMI[36.0] - GPU/C9000
nid005005:91506:91506 [7] NCCL INFO + PCI[24.0] - NIC/0-c5000
nid005005:91506:91506 [7] NCCL INFO               + NET[25.0] - NET/0 (a78181e00/1/25.000000)
nid005005:91506:91506 [7] NCCL INFO + PCI[24.0] - GPU/0-c6000 (9)
nid005005:91506:91506 [7] NCCL INFO               + XGMI[144.0] - GPU/C1000
nid005005:91506:91506 [7] NCCL INFO               + XGMI[36.0] - GPU/CE000
nid005005:91506:91506 [7] NCCL INFO               + XGMI[36.0] - GPU/D6000
nid005005:91506:91506 [7] NCCL INFO + SYS[16.0] - CPU/1
nid005005:91506:91506 [7] NCCL INFO + SYS[16.0] - CPU/0
nid005005:91506:91506 [7] NCCL INFO + SYS[16.0] - CPU/2
nid005005:91506:91506 [7] NCCL INFO CPU/0-1 (1/2/4)
nid005005:91506:91506 [7] NCCL INFO + PCI[24.0] - NIC/0-cd000
nid005005:91506:91506 [7] NCCL INFO               + NET[25.0] - NET/1 (a78181e01/1/25.000000)
nid005005:91506:91506 [7] NCCL INFO + PCI[24.0] - GPU/0-c9000 (10)
nid005005:91506:91506 [7] NCCL INFO               + XGMI[144.0] - GPU/CE000
nid005005:91506:91506 [7] NCCL INFO               + XGMI[72.0] - GPU/D1000
nid005005:91506:91506 [7] NCCL INFO               + XGMI[36.0] - GPU/C1000
nid005005:91506:91506 [7] NCCL INFO + PCI[24.0] - GPU/0-ce000 (11)
nid005005:91506:91506 [7] NCCL INFO               + XGMI[144.0] - GPU/C9000
nid005005:91506:91506 [7] NCCL INFO               + XGMI[36.0] - GPU/C6000
nid005005:91506:91506 [7] NCCL INFO               + XGMI[36.0] - GPU/DE000
nid005005:91506:91506 [7] NCCL INFO + SYS[16.0] - CPU/3
nid005005:91506:91506 [7] NCCL INFO + SYS[16.0] - CPU/0
nid005005:91506:91506 [7] NCCL INFO + SYS[16.0] - CPU/2
nid005005:91506:91506 [7] NCCL INFO CPU/0-0 (1/2/4)
nid005005:91506:91506 [7] NCCL INFO + PCI[24.0] - NIC/0-d5000
nid005005:91506:91506 [7] NCCL INFO               + NET[25.0] - NET/2 (a78181e02/1/25.000000)
nid005005:91506:91506 [7] NCCL INFO + PCI[24.0] - GPU/0-d1000 (12)
nid005005:91506:91506 [7] NCCL INFO               + XGMI[144.0] - GPU/D6000
nid005005:91506:91506 [7] NCCL INFO               + XGMI[72.0] - GPU/C9000
nid005005:91506:91506 [7] NCCL INFO               + XGMI[36.0] - GPU/D9000
nid005005:91506:91506 [7] NCCL INFO + PCI[24.0] - GPU/0-d6000 (13)
nid005005:91506:91506 [7] NCCL INFO               + XGMI[144.0] - GPU/D1000
nid005005:91506:91506 [7] NCCL INFO               + XGMI[36.0] - GPU/C6000
nid005005:91506:91506 [7] NCCL INFO               + XGMI[36.0] - GPU/DE000
nid005005:91506:91506 [7] NCCL INFO + SYS[16.0] - CPU/3
nid005005:91506:91506 [7] NCCL INFO + SYS[16.0] - CPU/1
nid005005:91506:91506 [7] NCCL INFO + SYS[16.0] - CPU/2
nid005005:91506:91506 [7] NCCL INFO CPU/0-2 (1/2/4)
nid005005:91506:91506 [7] NCCL INFO + PCI[24.0] - NIC/0-dd000
nid005005:91506:91506 [7] NCCL INFO               + NET[25.0] - NET/3 (a78181e03/1/25.000000)
nid005005:91506:91506 [7] NCCL INFO + PCI[24.0] - GPU/0-d9000 (14)
nid005005:91506:91506 [7] NCCL INFO               + XGMI[144.0] - GPU/DE000
nid005005:91506:91506 [7] NCCL INFO               + XGMI[72.0] - GPU/C1000
nid005005:91506:91506 [7] NCCL INFO               + XGMI[36.0] - GPU/D1000
nid005005:91506:91506 [7] NCCL INFO + PCI[24.0] - GPU/0-de000 (15)
nid005005:91506:91506 [7] NCCL INFO               + XGMI[144.0] - GPU/D9000
nid005005:91506:91506 [7] NCCL INFO               + XGMI[36.0] - GPU/CE000
nid005005:91506:91506 [7] NCCL INFO               + XGMI[36.0] - GPU/D6000
nid005005:91506:91506 [7] NCCL INFO + SYS[16.0] - CPU/3
nid005005:91506:91506 [7] NCCL INFO + SYS[16.0] - CPU/1
nid005005:91506:91506 [7] NCCL INFO + SYS[16.0] - CPU/0
nid005005:91506:91506 [7] NCCL INFO ==========================================
nid005005:91506:91506 [7] NCCL INFO GPU/C1000 :GPU/0-c1000 (0/5000.0/LOC) GPU/0-c6000 (1/144.0/XGMI) GPU/0-c9000 (1/36.0/XGMI) GPU/0-ce000 (3/16.0/SYS) GPU/0-d1000 (3/16.0/SYS) GPU/0-d6000 (3/16.0/SYS) GPU/0-d9000 (1/72.0/XGMI) GPU/0-de000 (3/16.0/SYS) CPU/0-3 (1/24.0/PHB) CPU/0-1 (2/16.0/SYS) CPU/0-0 (2/16.0/SYS) CPU/0-2 (2/16.0/SYS) NET/0-0 (3/24.0/PHB) NET/0-1 (4/16.0/SYS) NET/0-2 (4/16.0/SYS) NET/0-3 (4/16.0/SYS) 
nid005005:91506:91506 [7] NCCL INFO GPU/C6000 :GPU/0-c1000 (1/144.0/XGMI) GPU/0-c6000 (0/5000.0/LOC) GPU/0-c9000 (3/16.0/SYS) GPU/0-ce000 (1/36.0/XGMI) GPU/0-d1000 (3/16.0/SYS) GPU/0-d6000 (1/36.0/XGMI) GPU/0-d9000 (3/16.0/SYS) GPU/0-de000 (3/16.0/SYS) CPU/0-3 (1/24.0/PHB) CPU/0-1 (2/16.0/SYS) CPU/0-0 (2/16.0/SYS) CPU/0-2 (2/16.0/SYS) NET/0-0 (3/24.0/PHB) NET/0-1 (4/16.0/SYS) NET/0-2 (4/16.0/SYS) NET/0-3 (4/16.0/SYS) 
nid005005:91506:91506 [7] NCCL INFO GPU/C9000 :GPU/0-c1000 (1/36.0/XGMI) GPU/0-c6000 (3/16.0/SYS) GPU/0-c9000 (0/5000.0/LOC) GPU/0-ce000 (1/144.0/XGMI) GPU/0-d1000 (1/72.0/XGMI) GPU/0-d6000 (3/16.0/SYS) GPU/0-d9000 (3/16.0/SYS) GPU/0-de000 (3/16.0/SYS) CPU/0-3 (2/16.0/SYS) CPU/0-1 (1/24.0/PHB) CPU/0-0 (2/16.0/SYS) CPU/0-2 (2/16.0/SYS) NET/0-0 (4/16.0/SYS) NET/0-1 (3/24.0/PHB) NET/0-2 (4/16.0/SYS) NET/0-3 (4/16.0/SYS) 
nid005005:91506:91506 [7] NCCL INFO GPU/CE000 :GPU/0-c1000 (3/16.0/SYS) GPU/0-c6000 (1/36.0/XGMI) GPU/0-c9000 (1/144.0/XGMI) GPU/0-ce000 (0/5000.0/LOC) GPU/0-d1000 (3/16.0/SYS) GPU/0-d6000 (3/16.0/SYS) GPU/0-d9000 (3/16.0/SYS) GPU/0-de000 (1/36.0/XGMI) CPU/0-3 (2/16.0/SYS) CPU/0-1 (1/24.0/PHB) CPU/0-0 (2/16.0/SYS) CPU/0-2 (2/16.0/SYS) NET/0-0 (4/16.0/SYS) NET/0-1 (3/24.0/PHB) NET/0-2 (4/16.0/SYS) NET/0-3 (4/16.0/SYS) 
nid005005:91506:91506 [7] NCCL INFO GPU/D1000 :GPU/0-c1000 (3/16.0/SYS) GPU/0-c6000 (3/16.0/SYS) GPU/0-c9000 (1/72.0/XGMI) GPU/0-ce000 (3/16.0/SYS) GPU/0-d1000 (0/5000.0/LOC) GPU/0-d6000 (1/144.0/XGMI) GPU/0-d9000 (1/36.0/XGMI) GPU/0-de000 (3/16.0/SYS) CPU/0-3 (2/16.0/SYS) CPU/0-1 (2/16.0/SYS) CPU/0-0 (1/24.0/PHB) CPU/0-2 (2/16.0/SYS) NET/0-0 (4/16.0/SYS) NET/0-1 (4/16.0/SYS) NET/0-2 (3/24.0/PHB) NET/0-3 (4/16.0/SYS) 
nid005005:91506:91506 [7] NCCL INFO GPU/D6000 :GPU/0-c1000 (3/16.0/SYS) GPU/0-c6000 (1/36.0/XGMI) GPU/0-c9000 (3/16.0/SYS) GPU/0-ce000 (3/16.0/SYS) GPU/0-d1000 (1/144.0/XGMI) GPU/0-d6000 (0/5000.0/LOC) GPU/0-d9000 (3/16.0/SYS) GPU/0-de000 (1/36.0/XGMI) CPU/0-3 (2/16.0/SYS) CPU/0-1 (2/16.0/SYS) CPU/0-0 (1/24.0/PHB) CPU/0-2 (2/16.0/SYS) NET/0-0 (4/16.0/SYS) NET/0-1 (4/16.0/SYS) NET/0-2 (3/24.0/PHB) NET/0-3 (4/16.0/SYS) 
nid005005:91506:91506 [7] NCCL INFO GPU/D9000 :GPU/0-c1000 (1/72.0/XGMI) GPU/0-c6000 (3/16.0/SYS) GPU/0-c9000 (3/16.0/SYS) GPU/0-ce000 (3/16.0/SYS) GPU/0-d1000 (1/36.0/XGMI) GPU/0-d6000 (3/16.0/SYS) GPU/0-d9000 (0/5000.0/LOC) GPU/0-de000 (1/144.0/XGMI) CPU/0-3 (2/16.0/SYS) CPU/0-1 (2/16.0/SYS) CPU/0-0 (2/16.0/SYS) CPU/0-2 (1/24.0/PHB) NET/0-0 (4/16.0/SYS) NET/0-1 (4/16.0/SYS) NET/0-2 (4/16.0/SYS) NET/0-3 (3/24.0/PHB) 
nid005005:91506:91506 [7] NCCL INFO GPU/DE000 :GPU/0-c1000 (3/16.0/SYS) GPU/0-c6000 (3/16.0/SYS) GPU/0-c9000 (3/16.0/SYS) GPU/0-ce000 (1/36.0/XGMI) GPU/0-d1000 (3/16.0/SYS) GPU/0-d6000 (1/36.0/XGMI) GPU/0-d9000 (1/144.0/XGMI) GPU/0-de000 (0/5000.0/LOC) CPU/0-3 (2/16.0/SYS) CPU/0-1 (2/16.0/SYS) CPU/0-0 (2/16.0/SYS) CPU/0-2 (1/24.0/PHB) NET/0-0 (4/16.0/SYS) NET/0-1 (4/16.0/SYS) NET/0-2 (4/16.0/SYS) NET/0-3 (3/24.0/PHB) 
nid005005:91506:91506 [7] NCCL INFO NET/0 :GPU/0-c1000 (3/24.0/PHB) GPU/0-c6000 (3/24.0/PHB) GPU/0-c9000 (4/16.0/SYS) GPU/0-ce000 (4/16.0/SYS) GPU/0-d1000 (4/16.0/SYS) GPU/0-d6000 (4/16.0/SYS) GPU/0-d9000 (4/16.0/SYS) GPU/0-de000 (4/16.0/SYS) CPU/0-3 (2/24.0/PHB) CPU/0-1 (3/16.0/SYS) CPU/0-0 (3/16.0/SYS) CPU/0-2 (3/16.0/SYS) NET/0-0 (0/5000.0/LOC) NET/0-1 (5/16.0/SYS) NET/0-2 (5/16.0/SYS) NET/0-3 (5/16.0/SYS) 
nid005005:91506:91506 [7] NCCL INFO NET/1 :GPU/0-c1000 (4/16.0/SYS) GPU/0-c6000 (4/16.0/SYS) GPU/0-c9000 (3/24.0/PHB) GPU/0-ce000 (3/24.0/PHB) GPU/0-d1000 (4/16.0/SYS) GPU/0-d6000 (4/16.0/SYS) GPU/0-d9000 (4/16.0/SYS) GPU/0-de000 (4/16.0/SYS) CPU/0-3 (3/16.0/SYS) CPU/0-1 (2/24.0/PHB) CPU/0-0 (3/16.0/SYS) CPU/0-2 (3/16.0/SYS) NET/0-0 (5/16.0/SYS) NET/0-1 (0/5000.0/LOC) NET/0-2 (5/16.0/SYS) NET/0nid005001:51258:51258 [6] NCCL INFO NCCL_NET_GDR_LEVEL set by environment to LOC
nid005001:51258:51258 [6] NCCL INFO GPU Direct RDMA Disabled for GPU c1000 / HCA 0 (distance 6 > 0)
-3 (5/16.0/SYS) 
nid005005:91506:91506 [7] NCCL INFO NET/2 :GPU/0-c1000 (4/16.0/SYS) GPU/0-c6000 (4/16.0/SYS) GPU/0-c9000 (4/16.0/SYS) GPU/0-ce000 (4/16.0/SYS) GPU/0-d1000 (3/24.0/PHB) GPU/0-d6000 (3/24.0/PHB) GPU/0-d9000 (4/16.0/SYS) GPU/0-de000 (4/16.0/SYS) CPU/0-3 (3/16.0/SYS) CPU/0-1 (3/16.0/SYS) CPU/0-0 (2/24.0/PHB) CPU/0-2 (3/16.0/SYS) NET/0-0 (5/16.0/SYS) NET/0-1 (5/16.0/SYS) NET/0-2 (0/5000.0/LOC) NET/0-3 (5/16.0/SYS) 
nid005005:91506:91506 [7] NCCL INFO NET/3 :GPU/0-c1000 (4/16.0/SYS) GPU/0-c6000 (4/16.0/SYS) GPU/0-c9000 (4/16.0/SYS) GPU/0-ce000 (4/16.0/SYS) GPU/0-d1000 (4/16.0/SYS) GPU/0-d6000 (4/16.0/SYS) GPU/0-d9000 (3/24.0/PHB) GPU/0-de000 (3/24.0/PHB) CPU/0-3 (3/16.0/SYS) CPU/0-1 (3/16.0/SYS) CPU/0-0 (3/16.0/SYS) CPU/0-2 (2/24.0/PHB) NET/0-0 (5/16.0/SYS) NET/0-1 (5/16.0/SYS) NET/0-2 (5/16.0/SYS) NET/0-3 (0/5000.0/LOC) 
nid005001:51258:51258 [6] NCCL INFO === System : maxBw 24.0 totalBw 252.0 ===
nid005001:51258:51258 [6] NCCL INFO CPU/0-3 (1/2/4)
nid005001:51258:51258 [6] NCCL INFO + PCI[24.0] - GPU/0-c1000 (0)
nid005001:51258:51258 [6] NCCL INFO               + XGMI[144.0] - GPU/C6000
nid005001:51258:51258 [6] NCCL INFO               + XGMI[72.0] - GPU/D9000
nid005001:51258:51258 [6] NCCL INFO               + XGMI[36.0] - GPU/C9000
nid005001:51258:51258 [6] NCCL INFO + PCI[24.0] - NIC/0-c5000
nid005001:51258:51258 [6] NCCL INFO               + NET[25.0] - NET/0 (a78180b00/1/25.000000)
nid005001:51258:51258 [6] NCCL INFO + PCI[24.0] - GPU/0-c6000 (1)
nid005001:51258:51258 [6] NCCL INFO               + XGMI[144.0] - GPU/C1000
nid005001:51258:51258 [6] NCCL INFO               + XGMI[36.0] - GPU/CE000
nid005001:51258:51258 [6] NCCL INFO               + XGMI[36.0] - GPU/D6000
nid005001:51258:51258 [6] NCCL INFO + SYS[16.0] - CPU/1
nid005001:51258:51258 [6] NCCL INFO + SYS[16.0] - CPU/0
nid005001:51258:51258 [6] NCCL INFO + SYS[16.0] - CPU/2
nid005001:51258:51258 [6] NCCL INFO CPU/0-1 (1/2/4)
nid005001:51258:51258 [6] NCCL INFO + PCI[24.0] - NIC/0-cd000
nid005001:51258:51258 [6] NCCL INFO               + NET[25.0] - NET/1 (a78180b01/1/25.000000)
nid005001:51258:51258 [6] NCCL INFO + PCI[24.0] - GPU/0-c9000 (2)
nid005001:51258:51258 [6] NCCL INFO               + XGMI[144.0] - GPU/CE000
nid005001:51258:51258 [6] NCCL INFO               + XGMI[72.0] - GPU/D1000
nid005001:51258:51258 [6] NCCL INFO               + XGMI[36.0] - GPU/C1000
nid005001:51258:51258 [6] NCCL INFO + PCI[24.0] - GPU/0-ce000 (3)
nid005001:51258:51258 [6] NCCL INFO               + XGMI[144.0] - GPU/C9000
nid005001:51258:51258 [6] NCCL INFO               + XGMI[36.0] - GPU/C6000
nid005001:51258:51258 [6] NCCL INFO               + XGMI[36.0] - GPU/DE000
nid005001:51258:51258 [6] NCCL INFO + SYS[16.0] - CPU/3
nid005001:51258:51258 [6] NCCL INFO + SYS[16.0] - CPU/0
nid005001:51258:51258 [6] NCCL INFO + SYS[16.0] - CPU/2
nid005001:51258:51258 [6] NCCL INFO CPU/0-0 (1/2/4)
nid005001:51258:51258 [6] NCCL INFO + PCI[24.0] - NIC/0-d5000
nid005001:51258:51258 [6] NCCL INFO               + NET[25.0] - NET/2 (a78180b02/1/25.000000)
nid005001:51258:51258 [6] NCCL INFO + PCI[24.0] - GPU/0-d1000 (4)
nid005001:51258:51258 [6] NCCL INFO               + XGMI[144.0] - GPU/D6000
nid005001:51258:51258 [6] NCCL INFO               + XGMI[72.0] - GPU/C9000
nid005001:51258:51258 [6] NCCL INFO               + XGMI[36.0] - GPU/D9000
nid005001:51258:51258 [6] NCCL INFO + PCI[24.0] - GPU/0-d6000 (5)
nid005001:51258:51258 [6] NCCL INFO               + XGMI[144.0] - GPU/D1000
nid005001:51258:51258 [6] NCCL INFO               + XGMI[36.0] - GPU/C6000
nid005001:51258:51258 [6] NCCL INFO               + XGMI[36.0] - GPU/DE000
nid005001:51258:51258 [6] NCCL INFO + SYS[16.0] - CPU/3
nid005001:51258:51258 [6] NCCL INFO + SYS[16.0] - CPU/1
nid005001:51258:51258 [6] NCCL INFO + SYS[16.0] - CPU/2
nid005001:51258:51258 [6] NCCL INFO CPU/0-2 (1/2/4)
nid005001:51258:51258 [6] NCCL INFO + PCI[24.0] - NIC/0-dd000
nid005001:51258:51258 [6] NCCL INFO               + NET[25.0] - NET/3 (a78180b03/1/25.000000)
nid005001:51258:51258 [6] NCCL INFO + PCI[24.0] - GPU/0-d9000 (6)
nid005001:51258:51258 [6] NCCL INFO               + XGMI[144.0] - GPU/DE000
nid005001:51258:51258 [6] NCCL INFO               + XGMI[72.0] - GPU/C1000
nid005001:51258:51258 [6] NCCL INFO               + XGMI[36.0] - GPU/D1000
nid005001:51258:51258 [6] NCCL INFO + PCI[24.0] - GPU/0-de000 (7)
nid005001:51258:51258 [6] NCCL INFO               + XGMI[144.0] - GPU/D9000
nid005001:51258:51258 [6] NCCL INFO               + XGMI[36.0] - GPU/CE000
nid005001:51258:51258 [6] NCCL INFO               + XGMI[36.0] - GPU/D6000
nid005001:51258:51258 [6] NCCL INFO + SYS[16.0] - CPU/3
nid005001:51258:51258 [6] NCCL INFO + SYS[16.0] - CPU/1
nid005001:51258:51258 [6] NCCL INFO + SYS[16.0] - CPU/0
nid005001:51258:51258 [6] NCCL INFO ==========================================
nid005001:51258:51258 [6] NCCL INFO GPU/C1000 :GPU/0-c1000 (0/5000.0/LOC) GPU/0-c6000 (1/144.0/XGMI) GPU/0-c9000 (1/36.0/XGMI) GPU/0-ce000 (3/16.0/SYS) GPU/0-d1000 (3/16.0/SYS) GPU/0-d6000 (3/16.0/SYS) GPU/0-d9000 (1/72.0/XGMI) GPU/0-de000 (3/16.0/SYS) CPU/0-3 (1/24.0/PHB) CPU/0-1 (2/16.0/SYS) CPU/0-0 (2/16.0/SYS) CPU/0-2 (2/16.0/SYS) NET/0-0 (3/24.0/PHB) NET/0-1 (4/16.0/SYS) NET/0-2 (4/16.0/SYS) NET/0-3 (4/16.0/SYS) 
nid005001:51258:51258 [6] NCCL INFO GPU/C6000 :GPU/0-c1000 (1/144.0/XGMI) GPU/0-c6000 (0/5000.0/LOC) GPU/0-c9000 (3/16.0/SYS) GPU/0-ce000 (1/36.0/XGMI) GPU/0-d1000 (3/16.0/SYS) GPU/0-d6000 (1/36.0/XGMI) GPU/0-d9000 (3/16.0/SYS) GPU/0-de000 (3/16.0/SYS) CPU/0-3 (1/24.0/PHB) CPU/0-1 (2/16.0/SYS) CPU/0-0 (2/16.0/SYS) CPU/0-2 (2/16.0/SYS) NET/0-0 (3/24.0/PHB) NET/0-1 (4/16.0/SYS) NET/0-2 (4/16.0/SYS) NET/0-3 (4/16.0/SYS) 
nid005001:51258:51258 [6] NCCL INFO GPU/C9000 :GPU/0-c1000 (1/36.0/XGMI) GPU/0-c6000 (3/16.0/SYS) GPU/0-c9000 (0/5000.0/LOC) GPU/0-ce000 (1/144.0/XGMI) GPU/0-d1000 (1/72.0/XGMI) GPU/0-d6000 (3/16.0/SYS) GPU/0-d9000 (3/16.0/SYS) GPU/0-de000 (3/16.0/SYS) CPU/0-3 (2/16.0/SYS) CPU/0-1 (1/24.0/PHB) CPU/0-0 (2/16.0/SYS) CPU/0-2 (2/16.0/SYS) NET/0-0 (4/16.0/SYS) NET/0-1 (3/24.0/PHB) NET/0-2 (4/16.0/SYS) NET/0-3 (4/16.0/SYS) 
nid005001:51258:51258 [6] NCCL INFO GPU/CE000 :GPU/0-c1000 (3/16.0/SYS) GPU/0-c6000 (1/36.0/XGMI) GPU/0-c9000 (1/144.0/XGMI) GPU/0-ce000 (0/5000.0/LOC) GPU/0-d1000 (3/16.0/SYS) GPU/0-d6000 (3/16.0/SYS) GPU/0-d9000 (3/16.0/SYS) GPU/0-de000 (1/36.0/XGMI) CPU/0-3 (2/16.0/SYS) CPU/0-1 (1/24.0/PHB) CPU/0-0 (2/16.0/SYS) CPU/0-2 (2/16.0/SYS) NET/0-0 (4/16.0/SYS) NET/0-1 (3/24.0/PHB) NET/0-2 (4/16.0/SYS) NET/0-3 (4/16.0/SYS) 
nid005001:51258:51258 [6] NCCL INFO GPU/D1000 :GPU/0-c1000 (3/16.0/SYS) GPU/0-c6000 (3/16.0/SYS) GPU/0-c9000 (1/72.0/XGMI) GPU/0-ce000 (3/16.0/SYS) GPU/0-d1000 (0/5000.0/LOC) GPU/0-d6000 (1/144.0/XGMI) GPU/0-d9000 (1/36.0/XGMI) GPU/0-de000 (3/16.0/SYS) CPU/0-3 (2/16.0/SYS) CPU/0-1 (2/16.0/SYS) CPU/0-0 (1/24.0/PHB) CPU/0-2 (2/16.0/SYS) NET/0-0 (4/16.0/SYS) NET/0-1 (4/16.0/SYS) NET/0-2 (3/24.0/PHB) NET/0-3 (4/16.0/SYS) 
nid005001:51258:51258 [6] NCCL INFO GPU/D6000 :GPU/0-c1000 (3/16.0/SYS) GPU/0-c6000 (1/36.0/XGMI) GPU/0-c9000 (3/16.0/SYS) GPU/0-ce000 (3/16.0/SYS) GPU/0-d1000 (1/144.0/XGMI) GPU/0-d6000 (0/5000.0/LOC) GPU/0-d9000 (3/16.0/SYS) GPU/0-de000 (1/36.0/XGMI) CPU/0-3 (2/16.0/SYS) CPU/0-1 (2/16.0/SYS) CPU/0-0 (1/24.0/PHB) CPU/0-2 (2/16.0/SYS) NET/0-0 (4/16.0/SYS) NET/0-1 (4/16.0/SYS) NET/0-2 (3/24.0/PHB) NET/0-3 (4/16.0/SYS) 
nid005001:51258:51258 [6] NCCL INFO GPU/D9000 :GPU/0-c1000 (1/72.0/XGMI) GPU/0-c6000 (3/16.0/SYS) GPU/0-c9000 (3/16.0/SYS) GPU/0-ce000 (3/16.0/SYS) GPU/0-d1000 (1/36.0/XGMI) GPU/0-d6000 (3/16.0/SYS) GPU/0-d9000 (0/5000.0/LOC) GPU/0-de000 (1/144.0/XGMI) CPU/0-3 (2/16.0/SYS) CPU/0-1 (2/16.0/SYS) CPU/0-0 (2/16.0/SYS) CPU/0-2 (1/24.0/PHB) NET/0-0 (4/16.0/SYS) NET/0-1 (4/16.0/SYS) NET/0-2 (4/16.0/SYS) NET/0-3 (3/24.0/PHB) 
nid005001:51258:51258 [6] NCCL INFO GPU/DE000 :GPU/0-c1000 (3/16.0/SYS) GPU/0-c6000 (3/16.0/SYS) GPU/0-c9000 (3/16.0/SYS) GPU/0-ce000 (1/36.0/XGMI) GPU/0-d1000 (3/16.0/SYS) GPU/0-d6000 (1/36.0/XGMI) GPU/0-d9000 (1/144.0/XGMI) GPU/0-de000 (0/5000.0/LOC) CPU/0-3 (2/16.0/SYS) CPU/0-1 (2/16.0/SYS) CPU/0-0 (2/16.0/SYS) CPU/0-2 (1/24.0/PHB) NET/0-0 (4/16.0/SYS) NET/0-1 (4/16.0/SYS) NET/0-2 (4/16.0/SYS) NET/0-3 (3/24.0/PHB) 
nid005001:51258:51258 [6] NCCL INFO NET/0 :GPU/0-c1000 (3/24.0/PHB) GPU/0-c6000 (3/24.0/PHB) GPU/0-c9000 (4/16.0/SYS) GPU/0-ce000 (4/16.0/SYS) GPU/0-d1000 (4/16.0/SYS) GPU/0-d6000 (4/16.0/SYS) GPU/0-d9000 (4/16.0/SYS) GPU/0-de000 (4/16.0/SYS) CPU/0-3 (2/24.0/PHB) CPU/0-1 (3/16.0/SYS) CPU/0-0 (3/16.0/SYS) CPU/0-2 (3/16.0/SYS) NET/0-0 (0/5000.0/LOC) NET/0-1 (5/16.0/SYS) NET/0-2 (5/16.0/SYS) NET/0-3 (5/16.0/SYS) 
nid005001:51258:51258 [6] NCCL INFO NET/1 :GPU/0-c1000 (4/16.0/SYS) GPU/0-c6000 (4/16.0/SYS) GPU/0-c9000 (3/24.0/PHB) GPU/0-ce000 (3/24.0/PHB) GPU/0-d1000 (4/16.0/SYS) GPU/0-d6000 (4/16.0/SYS) GPU/0-d9000 (4/16.0/SYS) GPU/0-de000 (4/16.0/SYS) CPU/0-3 (3/16.0/SYS) CPU/0-1 (2/24.0/PHB) CPU/0-0 (3/16.0/SYS) CPU/0-2 (3/16.0/SYS) NET/0-0 (5/16.0/SYS) NET/0-1 (0/5000.0/LOC) NET/0-2 (5/16.0/SYS) NET/0-3 (5/16.0/SYS) 
nid005001:51258:51258 [6] NCCL INFO NET/2 :GPU/0-c1000 (4/16.0/SYS) GPU/0-c6000 (4/16.0/SYS) GPU/0-c9000 (4/16.0/SYS) GPU/0-ce000 (4/16.0/SYS) GPU/0-d1000 (3/24.0/PHB) GPU/0-d6000 (3/24.0/PHB) GPU/0-d9000 (4/16.0/SYS) GPU/0-de000 (4/16.0/SYS) CPU/0-3 (3/16.0/SYS) CPU/0-1 (3/16.0/SYS) CPU/0-0 (2/24.0/PHB) CPU/0-2 (3/16.0/SYS) NET/0-0 (5/16.0/SYS) NET/0-1 (5/16.0/SYS) NET/0-2 (0/5000.0/LOC) NET/0-3 (5/16.0/SYS) 
nid005001:51258:51258 [6] NCCL INFO NET/3 :GPU/0-c1000 (4/16.0/SYS) GPU/0-c6000 (4/16.0/SYS) GPU/0-c9000 (4/16.0/SYS) GPU/0-ce000 (4/16.0/SYS) GPU/0-d1000 (4/16.0/SYS) GPU/0-d6000 (4/16.0/SYS) GPU/0-d9000 (3/24.0/PHB) GPU/0-de000 (3/24.0/PHB) CPU/0-3 (3/16.0/SYS) CPU/0-1 (3/16.0/SYS) CPU/0-0 (3/16.0/SYS) CPU/0-2 (2/24.0/PHB) NET/0-0 (5/16.0/SYS) NET/0-1 (5/16.0/SYS) NET/0-2 (5/16.0/SYS) NET/0-3 (0/5000.0/LOC) 
nid005005:91504:91504 [0] NCCL INFO NCCL_NET_GDR_LEVEL set by environment to LOC
nid005005:91504:91504 [0] NCCL INFO GPU Direct RDMA Disabled for GPU c1000 / HCA 0 (distance 6 > 0)
nid005005:91504:91504 [0] NCCL INFO === System : maxBw 24.0 totalBw 252.0 ===
nid005005:91504:91504 [0] NCCL INFO CPU/0-3 (1/2/4)
nid005005:91504:91504 [0] NCCL INFO + PCI[24.0] - GPU/0-c1000 (8)
nid005005:91504:91504 [0] NCCL INFO               + XGMI[144.0] - GPU/C6000
nid005005:91504:91504 [0] NCCL INFO               + XGMI[72.0] - GPU/D9000
nid005005:91504:91504 [0] NCCL INFO               + XGMI[36.0] - GPU/C9000
nid005005:91504:91504 [0] NCCL INFO + PCI[24.0] - NIC/0-c5000
nid005005:91504:91504 [0] NCCL INFO               + NET[25.0] - NET/0 (a78181e00/1/25.000000)
nid005005:91504:91504 [0] NCCL INFO + PCI[24.0] - GPU/0-c6000 (9)
nid005005:91504:91504 [0] NCCL INFO               + XGMI[144.0] - GPU/C1000
nid005005:91504:91504 [0] NCCL INFO               + XGMI[36.0] - GPU/CE000
nid005005:91504:91504 [0] NCCL INFO               + XGMI[36.0] - GPU/D6000
nid005005:91504:91504 [0] NCCL INFO + SYS[16.0] - CPU/1
nid005005:91504:91504 [0] NCCL INFO + SYS[16.0] - CPU/0
nid005005:91504:91504 [0] NCCL INFO + SYS[16.0] - CPU/2
nid005005:91504:91504 [0] NCCL INFO CPU/0-1 (1/2/4)
nid005005:91504:91504 [0] NCCL INFO + PCI[24.0] - NIC/0-cd000
nid005005:91504:91504 [0] NCCL INFO               + NET[25.0] - NET/1 (a78181e01/1/25.000000)
nid005005:91504:91504 [0] NCCL INFO + PCI[24.0] - GPU/0-c9000 (10)
nid005005:91504:91504 [0] NCCL INFO               + XGMI[144.0] - GPU/CE000
nid005005:91504:91504 [0] NCCL INFO               + XGMI[72.0] - GPU/D1000
nid005005:91504:91504 [0] NCCL INFO               + XGMI[36.0] - GPU/C1000
nid005005:91504:91504 [0] NCCL INFO + PCI[24.0] - GPU/0-ce000 (11)
nid005005:91504:91504 [0] NCCL INFO               + XGMI[144.0] - GPU/C9000
nid005005:91504:91504 [0] NCCL INFO               + XGMI[36.0] - GPU/C6000
nid005005:91504:91504 [0] NCCL INFO               + XGMI[36.0] - GPU/DE000
nid005005:91504:91504 [0] NCCL INFO + SYS[16.0] - CPU/3
nid005005:91504:91504 [0] NCCL INFO + SYS[16.0] - CPU/0
nid005005:91504:91504 [0] NCCL INFO + SYS[16.0] - CPU/2
nid005005:91504:91504 [0] NCCL INFO CPU/0-0 (1/2/4)
nid005005:91504:91504 [0] NCCL INFO + PCI[24.0] - NIC/0-d5000
nid005005:91504:91504 [0] NCCL INFO               + NET[25.0] - NET/2 (a78181e02/1/25.000000)
nid005005:91504:91504 [0] NCCL INFO + PCI[24.0] - GPU/0-d1000 (12)
nid005005:91504:91504 [0] NCCL INFO               + XGMI[144.0] - GPU/D6000
nid005005:91504:91504 [0] NCCL INFO               + XGMI[72.0] - GPU/C9000
nid005005:91504:91504 [0] NCCL INFO               + XGMI[36.0] - GPU/D9000
nid005005:91504:91504 [0] NCCL INFO + PCI[24.0] - GPU/0-d6000 (13)
nid005005:91504:91504 [0] NCCL INFO               + XGMI[144.0] - GPU/D1000
nid005005:91504:91504 [0] NCCL INFO               + XGMI[36.0] - GPU/C6000
nid005005:91504:91504 [0] NCCL INFO               + XGMI[36.0] - GPU/DE000
nid005005:91504:91504 [0] NCCL INFO + SYS[16.0] - CPU/3
nid005005:91504:91504 [0] NCCL INFO + SYS[16.0] - CPU/1
nid005005:91504:91504 [0] NCCL INFO + SYS[16.0] - CPU/2
nid005005:91504:91504 [0] NCCL INFO CPU/0-2 (1/2/4)
nid005005:91504:91504 [0] NCCL INFO + PCI[24.0] - NIC/0-dd000
nid005005:91504:91504 [0] NCCL INFO               + NET[25.0] - NET/3 (a78181e03/1/25.000000)
nid005005:91504:91504 [0] NCCL INFO + PCI[24.0] - GPU/0-d9000 (14)
nid005005:91504:91504 [0] NCCL INFO               + XGMI[144.0] - GPU/DE000
nid005005:91504:91504 [0] NCCL INFO               + XGMI[72.0] - GPU/C1000
nid005005:91504:91504 [0] NCCL INFO               + XGMI[36.0] - GPU/D1000
nid005005:91504:91504 [0] NCCL INFO + PCI[24.0] - GPU/0-de000 (15)
nid005005:91504:91504 [0] NCCL INFO               + XGMI[144.0] - GPU/D9000
nid005005:91504:91504 [0] NCCL INFO               + XGMI[36.0] - GPU/CE000
nid005005:91504:91504 [0] NCCL INFO               + XGMI[36.0] - GPU/D6000
nid005005:91504:91504 [0] NCCL INFO + SYS[16.0] - CPU/3
nid005005:91504:91504 [0] NCCL INFO + SYS[16.0] - CPU/1
nid005005:91504:91504 [0] NCCL INFO + SYS[16.0] - CPU/0
nid005005:91504:91504 [0] NCCL INFO ==========================================
nid005005:91504:91504 [0] NCCL INFO GPU/C1000 :GPU/0-c1000 (0/5000.0/LOC) GPU/0-c6000 (1/144.0/XGMI) GPU/0-c9000 (1/36.0/XGMI) GPU/0-ce000 (3/16.0/SYS) GPU/0-d1000 (3/16.0/SYS) GPU/0-d6000 (3/16.0/SYS) GPU/0-d9000 (1/72.0/XGMI) GPU/0-de000 (3/16.0/SYS) CPU/0-3 (1/24.0/PHB) CPU/0-1 (2/16.0/SYS) CPU/0-0 (2/16.0/SYS) CPU/0-2 (2/16.0/SYS) NET/0-0 (3/24.0/PHB) NET/0-1 (4/16.0/SYS) NET/0-2 (4/16.0/SYS) NET/0-3 (4/16.0/SYS) 
nid005005:91504:91504 [0] NCCL INFO GPU/C6000 :GPU/0-c1000 (1/144.0/XGMI) GPU/0-c6000 (0/5000.0/LOC) GPU/0-c9000 (3/16.0/SYS) GPU/0-ce000 (1/36.0/XGMI) GPU/0-d1000 (3/16.0/SYS) GPU/0-d6000 (1/36.0/XGMI) GPU/0-d9000 (3/16.0/SYS) GPU/0-de000 (3/16.0/SYS) CPU/0-3 (1/24.0/PHB) CPU/0-1 (2/16.0/SYS) CPU/0-0 (2/16.0/SYS) CPU/0-2 (2/16.0/SYS) NET/0-0 (3/24.0/PHB) NET/0-1 (4/16.0/SYS) NET/0-2 (4/16.0/SYS) NET/0-3 (4/16.0/SYS) 
nid005005:91504:91504 [0] NCCL INFO GPU/C9000 :GPU/0-c1000 (1/36.0/XGMI) GPU/0-c6000 (3/16.0/SYS) GPU/0-c9000 (0/5000.0/LOC) GPU/0-ce000 (1/144.0/XGMI) GPU/0-d1000 (1/72.0/XGMI) GPU/0-d6000 (3/16.0/SYS) GPU/0-d9000 (3/16.0/SYS) GPU/0-de000 (3/16.0/SYS) CPU/0-3 (2/16.0/SYS) CPU/0-1 (1/24.0/PHB) CPU/0-0 (2/16.0/SYS) CPU/0-2 (2/16.0/SYS) NET/0-0 (4/16.0/SYS) NET/0-1 (3/24.0/PHB) NET/0-2 (4/16.0/SYS) NET/0-3 (4/16.0/SYS) 
nid005005:91504:91504 [0] NCCL INFO GPU/CE000 :GPU/0-c1000 (3/16.0/SYS) GPU/0-c6000 (1/36.0/XGMI) GPU/0-c9000 (1/144.0/XGMI) GPU/0-ce000 (0/5000.0/LOC) GPU/0-d1000 (3/16.0/SYS) GPU/0-d6000 (3/16.0/SYS) GPU/0-d9000 (3/16.0/SYS) GPU/0-de000 (1/36.0/XGMI) CPU/0-3 (2/16.0/SYS) CPU/0-1 (1/24.0/PHB) CPU/0-0 (2/16.0/SYS) CPU/0-2 (2/16.0/SYS) NET/0-0 (4/16.0/SYS) NET/0-1 (3/24.0/PHB) NET/0-2 (4/16.0/SYS) NET/0-3 (4/16.0/SYS) 
nid005005:91504:91504 [0] NCCL INFO GPU/D1000 :GPU/0-c1000 (3/16.0/SYS) GPU/0-c6000 (3/16.0/SYS) GPU/0-c9000 (1/72.0/XGMI) GPU/0-ce000 (3/16.0/SYS) GPU/0-d1000 (0/5000.0/LOC) GPU/0-d6000 (1/144.0/XGMI) GPU/0-d9000 (1/36.0/XGMI) GPU/0-de000 (3/16.0/SYS) CPU/0-3 (2/16.0/SYS) CPU/0-1 (2/16.0/SYS) CPU/0-0 (1/24.0/PHB) CPU/0-2 (2/16.0/SYS) NET/0-0 (4/16.0/SYS) NET/0-1 (4/16.0/SYS) NET/0-2 (3/24.0/PHB) NET/0-3 (4/16.0/SYS) 
nid005005:91504:91504 [0] NCCL INFO GPU/D6000 :GPU/0-c1000 (3/16.0/SYS) GPU/0-c6000 (1/36.0/XGMI) GPU/0-c9000 (3/16.0/SYS) GPU/0-ce000 (3/16.0/SYS) GPU/0-d1000 (1/144.0/XGMI) GPU/0-d6000 (0/5000.0/LOC) GPU/0-d9000 (3/16.0/SYS) GPU/0-de000 (1/36.0/XGMI) CPU/0-3 (2/16.0/SYS) CPU/0-1 (2/16.0/SYS) CPU/0-0 (1/24.0/PHB) CPU/0-2 (2/16.0/SYS) NET/0-0 (4/16.0/SYS) NET/0-1 (4/16.0/SYS) NET/0-2 (3/24.0/PHB) NET/0-3 (4/16.0/SYS) 
nid005005:91504:91504 [0] NCCL INFO GPU/D9000 :GPU/0-c1000 (1/72.0/XGMI) GPU/0-c6000 (3/16.0/SYS) GPU/0-c9000 (3/16.0/SYS) GPU/0-ce000 (3/16.0/SYS) GPU/0-d1000 (1/36.0/XGMI) GPU/0-d6000 (3/16.0/SYS) GPU/0-d9000 (0/5000.0/LOC) GPU/0-de000 (1/144.0/XGMI) CPU/0-3 (2/16.0/SYS) CPU/0-1 (2/16.0/SYS) CPU/0-0 (2/16.0/SYS) CPU/0-2 (1/24.0/PHB) NET/0-0 (4/16.0/SYS) NET/0-1 (4/16.0/SYS) NET/0-2 (4/16.0/SYS) NET/0-3 (3/24.0/PHB) 
nid005005:91504:91504 [0] NCCL INFO GPU/DE000 :GPU/0-c1000 (3/16.0/SYS) GPU/0-c6000 (3/16.0/SYS) GPU/0-c9000 (3/16.0/SYS) GPU/0-ce000 (1/36.0/XGMI) GPU/0-d1000 (3/16.0/SYS) GPU/0-d6000 (1/36.0/XGMI) GPU/0-d9000 (1/144.0/XGMI) GPU/0-de000 (0/5000.0/LOC) CPU/0-3 (2/16.0/SYS) CPU/0-1 (2/16.0/SYS) CPU/0-0 (2/16.0/SYS) CPU/0-2 (1/24.0/PHB) NET/0-0 (4/16.0/SYS) NET/0-1 (4/16.0/SYS) NET/0-2 (4/16.0/SYS) NET/0-3 (3/24.0/PHB) 
nid005005:91504:91504 [0] NCCL INFO NET/0 :GPU/0-c1000 (3/24.0/PHB) GPU/0-c6000 (3/24.0/PHB) GPU/0-c9000 (4/16.0/SYS) GPU/0-ce000 (4/16.0/SYS) GPU/0-d1000 (4/16.0/SYS) GPU/0-d6000 (4/16.0/SYS) GPU/0-d9000 (4/16.0/SYS) GPU/0-de000 (4/16.0/SYS) CPU/0-3 (2/24.0/PHB) CPU/0-1 (3/16.0/SYS) CPU/0-0 (3/16.0/SYS) CPU/0-2 (3/16.0/SYS) NET/0-0 (0/5000.0/LOC) NET/0-1 (5/16.0/SYS) NET/0-2 (5/16.0/SYS) NET/0-3 (5/16.0/SYS) 
nid005005:91504:91504 [0] NCCL INFO NET/1 :GPU/0-c1000 (4/16.0/SYS) GPU/0-c6000 (4/16.0/SYS) GPU/0-c9000 (3/24.0/PHB) GPU/0-ce000 (3/24.0/PHB) GPU/0-d1000 (4/16.0/SYS) GPU/0-d6000 (4/16.0/SYS) GPU/0-d9000 (4/16.0/SYS) GPU/0-de000 (4/16.0/SYS) CPU/0-3 (3/16.0/SYS) CPU/0-1 (2/24.0/PHB) CPU/0-0 (3/16.0/SYS) CPU/0-2 (3/16.0/SYS) NET/0-0 (5/16.0/SYS) NET/0-1 (0/5000.0/LOC) NET/0-2 (5/16.0/SYS) NET/0-3 (5/16.0/SYS) 
nid005005:91504:91504 [0] NCCL INFO NET/2 :GPU/0-c1000 (4/16.0/SYS) GPU/0-c6000 (4/16.0/SYS) GPU/0-c9000 (4/16.0/SYS) GPU/0-ce000 (4/16.0/SYS) GPU/0-d1000 (3/24.0/PHB) GPU/0-d6000 (3/24.0/PHB) GPU/0-d9000 (4/16.0/SYS) GPU/0-de000 (4/16.0/SYS) CPU/0-3 (3/16.0/SYS) CPU/0-1 (3/16.0/SYS) CPU/0-0 (2/24.0/PHB) CPU/0-2 (3/16.0/SYS) NET/0-0 (5/16.0/SYS) NET/0-1 (5/16.0/SYS) NET/0-2 (0/5000.0/LOC) NET/0-3 (5/16.0/SYS) 
nid005005:91504:91504 [0] NCCL INFO NET/3 :GPU/0-c1000 (4/16.0/SYS) GPU/0-c6000 (4/16.0/SYS) GPU/0-c9000 (4/16.0/SYS) GPU/0-ce000 (4/16.0/SYS) GPU/0-d1000 (4/16.0/SYS) GPU/0-d6000 (4/16.0/SYS) GPU/0-d9000 (3/24.0/PHB) GPU/0-de000 (3/24.0/PHB) CPU/0-3 (3/16.0/SYS) CPU/0-1 (3/16.0/SYS) CPU/0-0 (3/16.0/SYS) CPU/0-2 (2/24.0/PHB) NET/0-0 (5/16.0/SYS) NET/0-1 (5/16.0/SYS) NET/0-2 (5/16.0/SYS) NET/0-3 (0/5000.0/LOC) 
nid005005:91506:91506 [7] NCCL INFO Found matching Rome model index 36 with GPU mapping: 0 1 2 3 4 5 6 7 NET mapping: 0 1 2 3 
nid005005:91506:91506 [7] NCCL INFO Pattern 4, crossNic 0, nChannels 8, bw 31.500000/31.500000, type XGMI/PIX, sameChannels 1
nid005005:91506:91506 [7] NCCL INFO  0 : NET/1 GPU/10 GPU/11 GPU/15 GPU/14 GPU/12 GPU/13 GPU/9 GPU/8 NET/0
nid005005:91506:91506 [7] NCCL INFO  1 : NET/0 GPU/8 GPU/9 GPU/13 GPU/12 GPU/14 GPU/15 GPU/11 GPU/10 NET/1
nid005005:91506:91506 [7] NCCL INFO  2 : NET/2 GPU/13 GPU/12 GPU/10 GPU/11 GPU/9 GPU/8 GPU/14 GPU/15 NET/3
nid005005:91506:91506 [7] NCCL INFO  3 : NET/3 GPU/15 GPU/14 GPU/8 GPU/9 GPU/11 GPU/10 GPU/12 GPU/13 NET/2
nid005005:91506:91506 [7] NCCL INFO  4 : NET/1 GPU/10 GPU/11 GPU/15 GPU/14 GPU/12 GPU/13 GPU/9 GPU/8 NET/0
nid005005:91506:91506 [7] NCCL INFO  5 : NET/0 GPU/8 GPU/9 GPU/13 GPU/12 GPU/14 GPU/15 GPU/11 GPU/10 NET/1
nid005005:91506:91506 [7] NCCL INFO  6 : NET/2 GPU/13 GPU/12 GPU/10 GPU/11 GPU/9 GPU/8 GPU/14 GPU/15 NET/3
nid005005:91506:91506 [7] NCCL INFO  7 : NET/3 GPU/15 GPU/14 GPU/8 GPU/9 GPU/11 GPU/10 GPU/12 GPU/13 NET/2
nid005001:51258:51258 [6] NCCL INFO Found matching Rome model index 36 with GPU mapping: 0 1 2 3 4 5 6 7 NET mapping: 0 1 2 3 
nid005001:51258:51258 [6] NCCL INFO Pattern 4, crossNic 0, nChannels 8, bw 31.500000/31.500000, type XGMI/PIX, sameChannels 1
nid005001:51258:51258 [6] NCCL INFO  0 : NET/0 GPU/0 GPU/1 GPU/5 GPU/4 GPU/6 GPU/7 GPU/3 GPU/2 NET/1
nid005001:51258:51258 [6] NCCL INFO  1 : NET/1 GPU/2 GPU/3 GPU/7 GPU/6 GPU/4 GPU/5 GPU/1 GPU/0 NET/0
nid005001:51258:51258 [6] NCCL INFO  2 : NET/3 GPU/7 GPU/6 GPU/0 GPU/1 GPU/3 GPU/2 GPU/4 GPU/5 NET/2
nid005001:51258:51258 [6] NCCL INFO  3 : NET/2 GPU/5 GPU/4 GPU/2 GPU/3 GPU/1 GPU/0 GPU/6 GPU/7 NET/3
nid005001:51258:51258 [6] NCCL INFO  4 : NET/0 GPU/0 GPU/1 GPU/5 GPU/4 GPU/6 GPU/7 GPU/3 GPU/2 NET/1
nid005001:51258:51258 [6] NCCL INFO  5 : NET/1 GPU/2 GPU/3 GPU/7 GPU/6 GPU/4 GPU/5 GPU/1 GPU/0 NET/0
nid005001:51258:51258 [6] NCCL INFO  6 : NET/3 GPU/7 GPU/6 GPU/0 GPU/1 GPU/3 GPU/2 GPU/4 GPU/5 NET/2
nid005001:51258:51258 [6] NCCL INFO  7 : NET/2 GPU/5 GPU/4 GPU/2 GPU/3 GPU/1 GPU/0 GPU/6 GPU/7 NET/3
nid005005:91504:91504 [0] NCCL INFO Found matching Rome model index 36 with GPU mapping: 0 1 2 3 4 5 6 7 NET mapping: 0 1 2 3 
nid005005:91504:91504 [0] NCCL INFO Pattern 4, crossNic 0, nChannels 8, bw 31.500000/31.500000, type XGMI/PIX, sameChannels 1
nid005005:91504:91504 [0] NCCL INFO  0 : NET/1 GPU/10 GPU/11 GPU/15 GPU/14 GPU/12 GPU/13 GPU/9 GPU/8 NET/0
nid005005:91504:91504 [0] NCCL INFO  1 : NET/0 GPU/8 GPU/9 GPU/13 GPU/12 GPU/14 GPU/15 GPU/11 GPU/10 NET/1
nid005005:91504:91504 [0] NCCL INFO  2 : NET/2 GPU/13 GPU/12 GPU/10 GPU/11 GPU/9 GPU/8 GPU/14 GPU/15 NET/3
nid005005:91504:91504 [0] NCCL INFO  3 : NET/3 GPU/15 GPU/14 GPU/8 GPU/9 GPU/11 GPU/10 GPU/12 GPU/13 NET/2
nid005005:91504:91504 [0] NCCL INFO  4 : NET/1 GPU/10 GPU/11 GPU/15 GPU/14 GPU/12 GPU/13 GPU/9 GPU/8 NET/0
nid005005:91504:91504 [0] NCCL INFO  5 : NET/0 GPU/8 GPU/9 GPU/13 GPU/12 GPU/14 GPU/15 GPU/11 GPU/10 NET/1
nid005005:91504:91504 [0] NCCL INFO  6 : NET/2 GPU/13 GPU/12 GPU/10 GPU/11 GPU/9 GPU/8 GPU/14 GPU/15 NET/3
nid005005:91504:91504 [0] NCCL INFO  7 : NET/3 GPU/15 GPU/14 GPU/8 GPU/9 GPU/11 GPU/10 GPU/12 GPU/13 NET/2
nid005005:91502:91502 [6] NCCL INFO NCCL_NET_GDR_LEVEL set by environment to LOC
nid005005:91502:91502 [6] NCCL INFO GPU Direct RDMA Disabled for GPU c1000 / HCA 0 (distance 6 > 0)
nid005005:91506:91506 [7] NCCL INFO Found matching Rome model index 36 with GPU mapping: 0 1 2 3 4 5 6 7 NET mapping: 0 1 2 3 
nid005005:91506:91506 [7] NCCL INFO Pattern 1, crossNic 0, nChannels 8, bw 31.500000/31.500000, type XGMI/PIX, sameChannels 1
nid005005:91506:91506 [7] NCCL INFO  0 : NET/0 GPU/8 GPU/9 GPU/13 GPU/12 GPU/14 GPU/15 GPU/11 GPU/10 NET/1
nid005005:91506:91506 [7] NCCL INFO  1 : NET/1 GPU/10 GPU/11 GPU/15 GPU/14 GPU/12 GPU/13 GPU/9 GPU/8 NET/0
nid005005:91506:91506 [7] NCCL INFO  2 : NET/3 GPU/15 GPU/14 GPU/8 GPU/9 GPU/11 GPU/10 GPU/12 GPU/13 NET/2
nid005005:91506:91506 [7] NCCL INFO  3 : NET/2 GPU/13 GPU/12 GPU/10 GPU/11 GPU/9 GPU/8 GPU/14 GPU/15 NET/3
nid005005:91506:91506 [7] NCCL INFO  4 : NET/0 GPU/8 GPU/9 GPU/13 GPU/12 GPU/14 GPU/15 GPU/11 GPU/10 NET/1
nid005005:91506:91506 [7] NCCL INFO  5 : NET/1 GPU/10 GPU/11 GPU/15 GPU/14 GPU/12 GPU/13 GPU/9 GPU/8 NET/0
nid005005:91506:91506 [7] NCCL INFO  6 : NET/3 GPU/15 GPU/14 GPU/8 GPU/9 GPU/11 GPU/10 GPU/12 GPU/13 NET/2
nid005005:91506:91506 [7] NCCL INFO  7 : NET/2 GPU/13 GPU/12 GPU/10 GPU/11 GPU/9 GPU/8 GPU/14 GPU/15 NET/3
nid005005:91502:91502 [6] NCCL INFO === System : maxBw 24.0 totalBw 252.0 ===
nid005005:91502:91502 [6] NCCL INFO CPU/0-3 (1/2/4)
nid005005:91502:91502 [6] NCCL INFO + PCI[24.0] - GPU/0-c1000 (8)
nid005005:91502:91502 [6] NCCL INFO               + XGMI[144.0] - GPU/C6000
nid005005:91502:91502 [6] NCCL INFO               + XGMI[72.0] - GPU/D9000
nid005005:91502:91502 [6] NCCL INFO               + XGMI[36.0] - GPU/C9000
nid005005:91502:91502 [6] NCCL INFO + PCI[24.0] - NIC/0-c5000
nid005005:91502:91502 [6] NCCL INFO               + NET[25.0] - NET/0 (a78181e00/1/25.000000)
nid005005:91502:91502 [6] NCCL INFO + PCI[24.0] - GPU/0-c6000 (9)
nid005005:91502:91502 [6] NCCL INFO               + XGMI[144.0] - GPU/C1000
nid005005:91502:91502 [6] NCCL INFO               + XGMI[36.0] - GPU/CE000
nid005005:91502:91502 [6] NCCL INFO               + XGMI[36.0] - GPU/D6000
nid005005:91502:91502 [6] NCCL INFO + SYS[16.0] - CPU/1
nid005005:91502:91502 [6] NCCL INFO + SYS[16.0] - CPU/0
nid005005:91502:91502 [6] NCCL INFO + SYS[16.0] - CPU/2
nid005005:91502:91502 [6] NCCL INFO CPU/0-1 (1/2/4)
nid005005:91502:91502 [6] NCCL INFO + PCI[24.0] - NIC/0-cd000
nid005005:91502:91502 [6] NCCL INFO               + NET[25.0] - NET/1 (a78181e01/1/25.000000)
nid005005:91502:91502 [6] NCCL INFO + PCI[24.0] - GPU/0-c9000 (10)
nid005005:91502:91502 [6] NCCL INFO               + XGMI[144.0] - GPU/CE000
nid005005:91502:91502 [6] NCCL INFO               + XGMI[72.0] - GPU/D1000
nid005005:91502:91502 [6] NCCL INFO               + XGMI[36.0] - GPU/C1000
nid005005:91502:91502 [6] NCCL INFO + PCI[24.0] - GPU/0-ce000 (11)
nid005005:91502:91502 [6] NCCL INFO               + XGMI[144.0] - GPU/C9000
nid005005:91502:91502 [6] NCCL INFO               + XGMI[36.0] - GPU/C6000
nid005005:91502:91502 [6] NCCL INFO               + XGMI[36.0] - GPU/DE000
nid005005:91502:91502 [6] NCCL INFO + SYS[16.0] - CPU/3
nid005005:91502:91502 [6] NCCL INFO + SYS[16.0] - CPU/0
nid005005:91502:91502 [6] NCCL INFO + SYS[16.0] - CPU/2
nid005005:91502:91502 [6] NCCL INFO CPU/0-0 (1/2/4)
nid005005:91502:91502 [6] NCCL INFO + PCI[24.0] - NIC/0-d5000
nid005005:91502:91502 [6] NCCL INFO               + NET[25.0] - NET/2 (a78181e02/1/25.000000)
nid005005:91502:91502 [6] NCCL INFO + PCI[24.0] - GPU/0-d1000 (12)
nid005005:91502:91502 [6] NCCL INFO               + XGMI[144.0] - GPU/D6000
nid005005:91502:91502 [6] NCCL INFO               + XGMI[72.0] - GPU/C9000
nid005005:91502:91502 [6] NCCL INFO               + XGMI[36.0] - GPU/D9000
nid005005:91502:91502 [6] NCCL INFO + PCI[24.0] - GPU/0-d6000 (13)
nid005005:91502:91502 [6] NCCL INFO               + XGMI[144.0] - GPU/D1000
nid005005:91502:91502 [6] NCCL INFO               + XGMI[36.0] - GPU/C6000
nid005005:91502:91502 [6] NCCL INFO               + XGMI[36.0] - GPU/DE000
nid005005:91502:91502 [6] NCCL INFO + SYS[16.0] - CPU/3
nid005005:91502:91502 [6] NCCL INFO + SYS[16.0] - CPU/1
nid005005:91502:91502 [6] NCCL INFO + SYS[16.0] - CPU/2
nid005005:91502:91502 [6] NCCL INFO CPU/0-2 (1/2/4)
nid005005:91502:91502 [6] NCCL INFO + PCI[24.0] - NIC/0-dd000
nid005005:91502:91502 [6] NCCL INFO               + NET[25.0] - NET/3 (a78181e03/1/25.000000)
nid005005:91502:91502 [6] NCCL INFO + PCI[24.0] - GPU/0-d9000 (14)
nid005005:91502:91502 [6] NCCL INFO               + XGMI[144.0] - GPU/DE000
nid005005:91502:91502 [6] NCCL INFO               + XGMI[72.0] - GPU/C1000
nid005005:91502:91502 [6] NCCL INFO               + XGMI[36.0] - GPU/D1000
nid005005:91502:91502 [6] NCCL INFO + PCI[24.0] - GPU/0-de000 (15)
nid005005:91502:91502 [6] NCCL INFO               + XGMI[144.0] - GPU/D9000
nid005005:91502:91502 [6] NCCL INFO               + XGMI[36.0] - GPU/CE000
nid005005:91502:91502 [6] NCCL INFO               + XGMI[36.0] - GPU/D6000
nid005005:91502:91502 [6] NCCL INFO + SYS[16.0] - CPU/3
nid005005:91502:91502 [6] NCCL INFO + SYS[16.0] - CPU/1
nid005005:91502:91502 [6] NCCL INFO + SYS[16.0] - CPU/0
nid005005:91502:91502 [6] NCCL INFO ==========================================
nid005005:91502:91502 [6] NCCL INFO GPU/C1000 :GPU/0-c1000 (0/5000.0/LOC) GPU/0-c6000 (1/144.0/XGMI) GPU/0-c9000 (1/36.0/XGMI) GPU/0-ce000 (3/16.0/SYS) GPU/0-d1000 (3/16.0/SYS) GPU/0-d6000 (3/16.0/SYS) GPU/0-d9000 (1/72.0/XGMI) GPU/0-de000 (3/16.0/SYS) CPU/0-3 (1/24.0/PHB) CPU/0-1 (2/16.0/SYS) CPU/0-0 (2/16.0/SYS) CPU/0-2 (2/16.0/SYS) NET/0-0 (3/24.0/PHB) NET/0-1 (4/16.0/SYS) NET/0-2 (4/16.0/SYS) NET/0-3 (4/16.0/SYS) 
nid005005:91502:91502 [6] NCCL INFO GPU/C6000 :GPU/0-c1000 (1/144.0/XGMI) GPU/0-c6000 (0/5000.0/LOC) GPU/0-c9000 (3/16.0/SYS) GPU/0-ce000 (1/36.0/XGMI) GPU/0-d1000 (3/16.0/SYS) GPU/0-d6000 (1/36.0/XGMI) GPU/0-d9000 (3/16.0/SYS) GPU/0-de000 (3/16.0/SYS) CPU/0-3 (1/24.0/PHB) CPU/0-1 (2/16.0/SYS) CPU/0-0 (2/16.0/SYS) CPU/0-2 (2/16.0/SYS) NET/0-0 (3/24.0/PHB) NET/0-1 (4/16.0/SYS) NET/0-2 (4/16.0/SYS) NET/0-3 (4/16.0/SYS) 
nid005005:91502:91502 [6] NCCL INFO GPU/C9000 :GPU/0-c1000 (1/36.0/XGMI) GPU/0-c6000 (3/16.0/SYS) GPU/0-c9000 (0/5000.0/LOC) GPU/0-ce000 (1/144.0/XGMI) GPU/0-d1000 (1/72.0/XGMI) GPU/0-d6000 (3/16.0/SYS) GPU/0-d9000 (3/16.0/SYS) GPU/0-de000 (3/16.0/SYS) CPU/0-3 (2/16.0/SYS) CPU/0-1 (1/24.0/PHB) CPU/0-0 (2/16.0/SYS) CPU/0-2 (2/16.0/SYS) NET/0-0 (4/16.0/SYS) NET/0-1 (3/24.0/PHB) NET/0-2 (4/16.0/SYS) NET/0-3 (4/16.0/SYS) 
nid005005:91502:91502 [6] NCCL INFO GPU/CE000 :GPU/0-c1000 (3/16.0/SYS) GPU/0-c6000 (1/36.0/XGMI) GPU/0-c9000 (1/144.0/XGMI) GPU/0-ce000 (0/5000.0/LOC) GPU/0-d1000 (3/16.0/SYS) GPU/0-d6000 (3/16.0/SYS) GPU/0-d9000 (3/16.0/SYS) GPU/0-de000 (1/36.0/XGMI) CPU/0-3 (2/16.0/SYS) CPU/0-1 (1/24.0/PHB) CPU/0-0 (2/16.0/SYS) CPU/0-2 (2/16.0/SYS) NET/0-0 (4/16.0/SYS) NET/0-1 (3/24.0/PHB) NET/0-2 (4/16.0/SYS) NET/0-3 (4/16.0/SYS) 
nid005005:91502:91502 [6] NCCL INFO GPU/D1000 :GPU/0-c1000 (3/16.0/SYS) GPU/0-c6000 (3/16.0/SYS) GPU/0-c9000 (1/72.0/XGMI) GPU/0-ce000 (3/16.0/SYS) GPU/0-d1000 (0/5000.0/LOC) GPU/0-d6000 (1/144.0/XGMI) GPU/0-d9000 (1/36.0/XGMI) GPU/0-de000 (3/16.0/SYS) CPU/0-3 (2/16.0/SYS) CPU/0-1 (2/16.0/SYS) CPU/0-0 (1/24.0/PHB) CPU/0-2 (2/16.0/SYS) NET/0-0 (4/16.0/SYS) NET/0-1 (4/16.0/SYS) NET/0-2 (3/24.0/PHB) NET/0-3 (4/16.0/SYS) 
nid005005:91502:91502 [6] NCCL INFO GPU/D6000 :GPU/0-c1000 (3/16.0/SYS) GPU/0-c6000 (1/36.0/XGMI) GPU/0-c9000 (3/16.0/SYS) GPU/0-ce000 (3/16.0/SYS) GPU/0-d1000 (1/144.0/XGMI) GPU/0-d6000 (0/5000.0/LOC) GPU/0-d9000 (3/16.0/SYS) GPU/0-de000 (1/36.0/XGMI) CPU/0-3 (2/16.0/SYS) CPU/0-1 (2/16.0/SYS) CPU/0-0 (1/24.0/PHB) CPU/0-2 (2/16.0/SYS) NET/0-0 (4/16.0/SYS) NET/0-1 (4/16.0/SYS) NET/0-2 (3/24.0/PHB) NET/0-3 (4/16.0/SYS) 
nid005005:91502:91502 [6] NCCL INFO GPU/D9000 :GPU/0-c1000 (1/72.0/XGMI) GPU/0-c6000 (3/16.0/SYS) GPU/0-c9000 (3/16.0/SYS) GPU/0-ce000 (3/16.0/SYS) GPU/0-d1000 (1/36.0/XGMI) GPU/0-d6000 (3/16.0/SYS) GPU/0-d9000 (0/5000.0/LOC) GPU/0-de000 (1/144.0/XGMI) CPU/0-3 (2/16.0/SYS) CPU/0-1 (2/16.0/SYS) CPU/0-0 (2/16.0/SYS) CPU/0-2 (1/24.0/PHB) NET/0-0 (4/16.0/SYS) NET/0-1 (4/16.0/SYS) NET/0-2 (4/16.0/SYS) NET/0-3 (3/24.0/PHB) 
nid005005:91502:91502 [6] NCCL INFO GPU/DE000 :GPU/0-c1000 (3/16.0/SYS) GPU/0-c6000 (3/16.0/SYS) GPU/0-c9000 (3/16.0/SYS) GPU/0-ce000 (1/36.0/XGMI) GPU/0-d1000 (3/16.0/SYS) GPU/0-d6000 (1/36.0/XGMI) GPU/0-d9000 (1/144.0/XGMI) GPU/0-de000 (0/5000.0/LOC) CPU/0-3 (2/16.0/SYS) CPU/0-1 (2/16.0/SYS) CPU/0-0 (2/16.0/SYS) CPU/0-2 (1/24.0/PHB) NET/0-0 (4/16.0/SYS) NET/0-1 (4/16.0/SYS) NET/0-2 (4/16.0/SYS) NET/0-3 (3/24.0/PHB) 
nid005005:91502:91502 [6] NCCL INFO NET/0 :GPU/0-c1000 (3/24.0/PHB) GPU/0-c6000 (3/24.0/PHB) GPU/0-c9000 (4/16.0/SYS) GPU/0-ce000 (4/16.0/SYS) GPU/0-d1000 (4/16.0/SYS) GPU/0-d6000 (4/16.0/SYS) GPU/0-d9000 (4/16.0/SYS) GPU/0-de000 (4/16.0/SYS) CPU/0-3 (2/24.0/PHB) CPU/0-1 (3/16.0/SYS) CPU/0-0 (3/16.0/SYS) CPU/0-2 (3/16.0/SYS) NET/0-0 (0/5000.0/LOC) NET/0-1 (5/16.0/SYS) NET/0-2 (5/16.0/SYS) NET/0-3 (5/16.0/SYS) 
nid005005:91502:91502 [6] NCCL INFO NET/1 :GPU/0-c1000 (4/16.0/SYS) GPU/0-c6000 (4/16.0/SYS) GPU/0-c9000 (3/24.0/PHB) GPU/0-ce000 (3/24.0/PHB) GPU/0-d1000 (4/16.0/SYS) GPU/0-d6000 (4/16.0/SYS) GPU/0-d9000 (4/16.0/SYS) GPU/0-de000 (4/16.0/SYS) CPU/0-3 (3/16.0/SYS) CPU/0-1 (2/24.0/PHB) CPU/0-0 (3/16.0/SYS) CPU/0-2 (3/16.0/SYS) NET/0-0 (5/16.0/SYS) NET/0-1 (0/5000.0/LOC) NET/0-2 (5/16.0/SYS) NET/0-3 (5/16.0/SYS) 
nid005005:91502:91502 [6] NCCL INFO NET/2 :GPU/0-c1000 (4/16.0/SYS) GPU/0-c6000 (4/16.0/SYS) GPU/0-c9000 (4/16.0/SYS) GPU/0-ce000 (4/16.0/SYS) GPU/0-d1000 (3/24.0/PHB) GPU/0-d6000 (3/24.0/PHB) GPU/0-d9000 (4/16.0/SYS) GPU/0-de000 (4/16.0/SYS) CPU/0-3 (3/16.0/SYS) CPU/0-1 (3/16.0/SYS) CPU/0-0 (2/24.0/PHB) CPU/0-2 (3/16.0/SYS) NET/0-0 (5/16.0/SYS) NET/0-1 (5/16.0/SYS) NET/0-2 (0/5000.0/LOC) NET/0-3 (5/16.0/SYS) 
nid005005:91502:91502 [6] NCCL INFO NET/3 :GPU/0-c1000 (4/16.0/SYS) GPU/0-c6000 (4/16.0/SYS) GPU/0-c9000 (4/16.0/SYS) GPU/0-ce000 (4/16.0/SYS) GPU/0-d1000 (4/16.0/SYS) GPU/0-d6000 (4/16.0/SYS) GPU/0-d9000 (3/24.0/PHB) GPU/0-de000 (3/24.0/PHB) CPU/0-3 (3/16.0/SYS) CPU/0-1 (3/16.0/SYS) CPU/0-0 (3/16.0/SYS) CPU/0-2 (2/24.0/PHB) NET/0-0 (5/16.0/SYS) NET/0-1 (5/16.0/SYS) NET/0-2 (5/16.0/SYS) NET/0-3 (0/5000.0/LOC) 
nid005001:51259:51259 [7] NCCL INFO NCCL_NET_GDR_LEVEL set by environment to LOC
nid005001:51259:51259 [7] NCCL INFO GPU Direct RDMA Disabled for GPU c1000 / HCA 0 (distance 6 > 0)
nid005001:51258:51258 [6] NCCL INFO Found matching Rome model index 36 with GPU mapping: 0 1 2 3 4 5 6 7 NET mapping: 0 1 2 3 
nid005001:51258:51258 [6] NCCL INFO Pattern 1, crossNic 0, nChannels 8, bw 31.500000/31.500000, type XGMI/PIX, sameChannels 1
nid005001:51258:51258 [6] NCCL INFO  0 : NET/0 GPU/0 GPU/1 GPU/5 GPU/4 GPU/6 GPU/7 GPU/3 GPU/2 NET/1
nid005001:51258:51258 [6] NCCL INFO  1 : NET/1 GPU/2 GPU/3 GPU/7 GPU/6 GPU/4 GPU/5 GPU/1 GPU/0 NET/0
nid005001:51258:51258 [6] NCCL INFO  2 : NET/3 GPU/7 GPU/6 GPU/0 GPU/1 GPU/3 GPU/2 GPU/4 GPU/5 NET/2
nid005001:51258:51258 [6] NCCL INFO  3 : NET/2 GPU/5 GPU/4 GPU/2 GPU/3 GPU/1 GPU/0 GPU/6 GPU/7 NET/3
nid005001:51258:51258 [6] NCCL INFO  4 : NET/0 GPU/0 GPU/1 GPU/5 GPU/4 GPU/6 GPU/7 GPU/3 GPU/2 NET/1
nid005001:51258:51258 [6] NCCL INFO  5 : NET/1 GPU/2 GPU/3 GPU/7 GPU/6 GPU/4 GPU/5 GPU/1 GPU/0 NET/0
nid005001:51258:51258 [6] NCCL INFO  6 : NET/3 GPU/7 GPU/6 GPU/0 GPU/1 GPU/3 GPU/2 GPU/4 GPU/5 NET/2
nid005001:51258:51258 [6] NCCL INFO  7 : NET/2 GPU/5 GPU/4 GPU/2 GPU/3 GPU/1 GPU/0 GPU/6 GPU/7 NET/3
nid005001:51259:51259 [7] NCCL INFO === System : maxBw 24.0 totalBw 252.0 ===
nid005001:51259:51259 [7] NCCL INFO CPU/0-3 (1/2/4)
nid005001:51259:51259 [7] NCCL INFO + PCI[24.0] - GPU/0-c1000 (0)
nid005001:51259:51259 [7] NCCL INFO               + XGMI[144.0] - GPU/C6000
nid005001:51259:51259 [7] NCCL INFO               + XGMI[72.0] - GPU/D9000
nid005001:51259:51259 [7] NCCL INFO               + XGMI[36.0] - GPU/C9000
nid005001:51259:51259 [7] NCCL INFO + PCI[24.0] - NIC/0-c5000
nid005001:51259:51259 [7] NCCL INFO               + NET[25.0] - NET/0 (a78180b00/1/25.000000)
nid005001:51259:51259 [7] NCCL INFO + PCI[24.0] - GPU/0-c6000 (1)
nid005001:51259:51259 [7] NCCL INFO               + XGMI[144.0] - GPU/C1000
nid005001:51259:51259 [7] NCCL INFO               + XGMI[36.0] - GPU/CE000
nid005001:51259:51259 [7] NCCL INFO               + XGMI[36.0] - GPU/D6000
nid005001:51259:51259 [7] NCCL INFO + SYS[16.0] - CPU/1
nid005001:51259:51259 [7] NCCL INFO + SYS[16.0] - CPU/0
nid005001:51259:51259 [7] NCCL INFO + SYS[16.0] - CPU/2
nid005001:51259:51259 [7] NCCL INFO CPU/0-1 (1/2/4)
nid005001:51259:51259 [7] NCCL INFO + PCI[24.0] - NIC/0-cd000
nid005001:51259:51259 [7] NCCL INFO               + NET[25.0] - NET/1 (a78180b01/1/25.000000)
nid005001:51259:51259 [7] NCCL INFO + PCI[24.0] - GPU/0-c9000 (2)
nid005001:51259:51259 [7] NCCL INFO               + XGMI[144.0] - GPU/CE000
nid005001:51259:51259 [7] NCCL INFO               + XGMI[72.0] - GPU/D1000
nid005001:51259:51259 [7] NCCL INFO               + XGMI[36.0] - GPU/C1000
nid005001:51259:51259 [7] NCCL INFO + PCI[24.0] - GPU/0-ce000 (3)
nid005001:51259:51259 [7] NCCL INFO               + XGMI[144.0] - GPU/C9000
nid005001:51259:51259 [7] NCCL INFO               + XGMI[36.0] - GPU/C6000
nid005001:51259:51259 [7] NCCL INFO               + XGMI[36.0] - GPU/DE000
nid005001:51259:51259 [7] NCCL INFO + SYS[16.0] - CPU/3
nid005001:51259:51259 [7] NCCL INFO + SYS[16.0] - CPU/0
nid005001:51259:51259 [7] NCCL INFO + SYS[16.0] - CPU/2
nid005001:51259:51259 [7] NCCL INFO CPU/0-0 (1/2/4)
nid005001:51259:51259 [7] NCCL INFO + PCI[24.0] - NIC/0-d5000
nid005001:51259:51259 [7] NCCL INFO               + NET[25.0] - NET/2 (a78180b02/1/25.000000)
nid005001:51259:51259 [7] NCCL INFO + PCI[24.0] - GPU/0-d1000 (4)
nid005001:51259:51259 [7] NCCL INFO               + XGMI[144.0] - GPU/D6000
nid005001:51259:51259 [7] NCCL INFO               + XGMI[72.0] - GPU/C9000
nid005001:51259:51259 [7] NCCL INFO               + XGMI[36.0] - GPU/D9000
nid005001:51259:51259 [7] NCCL INFO + PCI[24.0] - GPU/0-d6000 (5)
nid005001:51259:51259 [7] NCCL INFO               + XGMI[144.0] - GPU/D1000
nid005001:51259:51259 [7] NCCL INFO               + XGMI[36.0] - GPU/C6000
nid005001:51259:51259 [7] NCCL INFO               + XGMI[36.0] - GPU/DE000
nid005001:51259:51259 [7] NCCL INFO + SYS[16.0] - CPU/3
nid005001:51259:51259 [7] NCCL INFO + SYS[16.0] - CPU/1
nid005001:51259:51259 [7] NCCL INFO + SYS[16.0] - CPU/2
nid005001:51259:51259 [7] NCCL INFO CPU/0-2 (1/2/4)
nid005001:51259:51259 [7] NCCL INFO + PCI[24.0] - NIC/0-dd000
nid005001:51259:51259 [7] NCCL INFO               + NET[25.0] - NET/3 (a78180b03/1/25.000000)
nid005001:51259:51259 [7] NCCL INFO + PCI[24.0] - GPU/0-d9000 (6)
nid005001:51259:51259 [7] NCCL INFO               + XGMI[144.0] - GPU/DE000
nid005001:51259:51259 [7] NCCL INFO               + XGMI[72.0] - GPU/C1000
nid005001:51259:51259 [7] NCCL INFO               + XGMI[36.0] - GPU/D1000
nid005001:51259:51259 [7] NCCL INFO + PCI[24.0] - GPU/0-de000 (7)
nid005001:51259:51259 [7] NCCL INFO               + XGMI[144.0] - GPU/D9000
nid005001:51259:51259 [7] NCCL INFO               + XGMI[36.0] - GPU/CE000
nid005001:51259:51259 [7] NCCL INFO               + XGMI[36.0] - GPU/D6000
nid005001:51259:51259 [7] NCCL INFO + SYS[16.0] - CPU/3
nid005001:51259:51259 [7] NCCL INFO + SYS[16.0] - CPU/1
nid005001:51259:51259 [7] NCCL INFO + SYS[16.0] - CPU/0
nid005001:51259:51259 [7] NCCL INFO ==========================================
nid005001:51259:51259 [7] NCCL INFO GPU/C1000 :GPU/0-c1000 (0/5000.0/LOC) GPU/0-c6000 (1/144.0/XGMI) GPU/0-c9000 (1/36.0/XGMI) GPU/0-ce000 (3/16.0/SYS) GPU/0-d1000 (3/16.0/SYS) GPU/0-d6000 (3/16.0/SYS) GPU/0-d9000 (1/72.0/XGMI) GPU/0-de000 (3/16.0/SYS) CPU/0-3 (1/24.0/PHB) CPU/0-1 (2/16.0/SYS) CPU/0-0 (2/16.0/SYS) CPU/0-2 (2/16.0/SYS) NET/0-0 (3/24.0/PHB) NET/0-1 (4/16.0/SYS) NET/0-2 (4/16.0/SYS) NET/0-3 (4/16.0/SYS) 
nid005001:51259:51259 [7] NCCL INFO GPU/C6000 :GPU/0-c1000 (1/144.0/XGMI) GPU/0-c6000 (0/5000.0/LOC) GPU/0-c9000 (3/16.0/SYS) GPU/0-ce000 (1/36.0/XGMI) GPU/0-d1000 (3/16.0/SYS) GPU/0-d6000 (1/36.0/XGMI) GPU/0-d9000 (3/16.0/SYS) GPU/0-de000 (3/16.0/SYS) CPU/0-3 (1/24.0/PHB) CPU/0-1 (2/16.0/SYS) CPU/0-0 (2/16.0/SYS) CPU/0-2 (2/16.0/SYS) NET/0-0 (3/24.0/PHB) NET/0-1 (4/16.0/SYS) NET/0-2 (4/16.0/SYS) NET/0-3 (4/16.0/SYS) 
nid005001:51259:51259 [7] NCCL INFO GPU/C9000 :GPU/0-c1000 (1/36.0/XGMI) GPU/0-c6000 (3/16.0/SYS) GPU/0-c9000 (0/5000.0/LOC) GPU/0-ce000 (1/144.0/XGMI) GPU/0-d1000 (1/72.0/XGMI) GPU/0-d6000 (3/16.0/SYS) GPU/0-d9000 (3/16.0/SYS) GPU/0-de000 (3/16.0/SYS) CPU/0-3 (2/16.0/SYS) CPU/0-1 (1/24.0/PHB) CPU/0-0 (2/16.0/SYS) CPU/0-2 (2/16.0/SYS) NET/0-0 (4/16.0/SYS) NET/0-1 (3/24.0/PHB) NET/0-2 (4/16.0/SYS) NET/0-3 (4/16.0/SYS) 
nid005001:51259:51259 [7] NCCL INFO GPU/CE000 :GPU/0-c1000 (3/16.0/SYS) GPU/0-c6000 (1/36.0/XGMI) GPU/0-c9000 (1/144.0/XGMI) GPU/0-ce000 (0/5000.0/LOC) GPU/0-d1000 (3/16.0/SYS) GPU/0-d6000 (3/16.0/SYS) GPU/0-d9000 (3/16.0/SYS) GPU/0-de000 (1/36.0/XGMI) CPU/0-3 (2/16.0/SYS) CPU/0-1 (1/24.0/PHB) CPU/0-0 (2/16.0/SYS) CPU/0-2 (2/16.0/SYS) NET/0-0 (4/16.0/SYS) NET/0-1 (3/24.0/PHB) NET/0-2 (4/16.0/SYS) NET/0-3 (4/16.0/SYS) 
nid005001:51259:51259 [7] NCCL INFO GPU/D1000 :GPU/0-c1000 (3/16.0/SYS) GPU/0-c6000 (3/16.0/SYS) GPU/0-c9000 (1/72.0/XGMI) GPU/0-ce000 (3/16.0/SYS) GPU/0-d1000 (0/5000.0/LOC) GPU/0-d6000 (1/144.0/XGMI) GPU/0-d9000 (1/36.0/XGMI) GPU/0-de000 (3/16.0/SYS) CPU/0-3 (2/16.0/SYS) CPU/0-1 (2/16.0/SYS) CPU/0-0 (1/24.0/PHB) CPU/0-2 (2/16.0/SYS) NET/0-0 (4/16.0/SYS) NET/0-1 (4/16.0/SYS) NET/0-2 (3/24.0/PHB) NET/0-3 (4/16.0/SYS) 
nid005001:51259:51259 [7] NCCL INFO GPU/D6000 :GPU/0-c1000 (3/16.0/SYS) GPU/0-c6000 (1/36.0/XGMI) GPU/0-c9000 (3/16.0/SYS) GPU/0-ce000 (3/16.0/SYS) GPU/0-d1000 (1/144.0/XGMI) GPU/0-d6000 (0/5000.0/LOC) GPU/0-d9000 (3/16.0/SYS) GPU/0-de000 (1/36.0/XGMI) CPU/0-3 (2/16.0/SYS) CPU/0-1 (2/16.0/SYS) CPU/0-0 (1/24.0/PHB) CPU/0-2 (2/16.0/SYS) NET/0-0 (4/16.0/SYS) NET/0-1 (4/16.0/SYS) NET/0-2 (3/24.0/PHB) NET/0-3 (4/16.0/SYS) 
nid005001:51259:51259 [7] NCCL INFO GPU/D9000 :GPU/0-c1000 (1/72.0/XGMI) GPU/0-c6000 (3/16.0/SYS) GPU/0-c9000 (3/16.0/SYS) GPU/0-ce000 (3/16.0/SYS) GPU/0-d1000 (1/36.0/XGMI) GPU/0-d6000 (3/16.0/SYS) GPU/0-d9000 (0/5000.0/LOC) GPU/0-de000 (1/144.0/XGMI) CPU/0-3 (2/16.0/SYS) CPU/0-1 (2/16.0/SYS) CPU/0-0 (2/16.0/SYS) CPU/0-2 (1/24.0/PHB) NET/0-0 (4/16.0/SYS) NET/0-1 (4/16.0/SYS) NET/0-2 (4/16.0/SYS) NET/0-3 (3/24.0/PHB) 
nid005001:51259:51259 [7] NCCL INFO GPU/DE000 :GPU/0-c1000 (3/16.0/SYS) GPU/0-c6000 (3/16.0/SYS) GPU/0-c9000 (3/16.0/SYS) GPU/0-ce000 (1/36.0/XGMI) GPU/0-d1000 (3/16.0/SYS) GPU/0-d6000 (1/36.0/XGMI) GPU/0-d9000 (1/144.0/XGMI) GPU/0-de000 (0/5000.0/LOC) CPU/0-3 (2/16.0/SYS) CPU/0-1 (2/16.0/SYS) CPU/0-0 (2/16.0/SYS) CPU/0-2 (1/24.0/PHB) NET/0-0 (4/16.0/SYS) NET/0-1 (4/16.0/SYS) NET/0-2 (4/16.0/SYS) NET/0-3 (3/24.0/PHB) 
nid005001:51259:51259 [7] NCCL INFO NET/0 :GPU/0-c1000 (3/24.0/PHB) GPU/0-c6000 (3/24.0/PHB) GPU/0-c9000 (4/16.0/SYS) GPU/0-ce000 (4/16.0/SYS) GPU/0-d1000 (4/16.0/SYS) GPU/0-d6000 (4/16.0/SYS) GPU/0-d9000 (4/16.0/SYS) GPU/0-de000 (4/16.0/SYS) CPU/0-3 (2/24.0/PHB) CPU/0-1 (3/16.0/SYS) CPU/0-0 (3/16.0/SYS) CPU/0-2 (3/16.0/SYS) NET/0-0 (0/5000.0/LOC) NET/0-1 (5/16.0/SYS) NET/0-2 (5/16.0/SYS) NET/0-3 (5/16.0/SYS) 
nid005001:51259:51259 [7] NCCL INFO NET/1 :GPU/0-c1000 (4/16.0/SYS) GPU/0-c6000 (4/16.0/SYS) GPU/0-c9000 (3/24.0/PHB) GPU/0-ce000 (3/24.0/PHB) GPU/0-d1000 (4/16.0/SYS) GPU/0-d6000 (4/16.0/SYS) GPU/0-d9000 (4/16.0/SYS) GPU/0-de000 (4/16.0/SYS) CPU/0-3 (3/16.0/SYS) CPU/0-1 (2/24.0/PHB) CPU/0-0 (3/16.0/SYS) CPU/0-2 (3/16.0/SYS) NET/0-0 (5/16.0/SYS) NET/0-1 (0/5000.0/LOC) NET/0-2 (5/16.0/SYS) NET/0-3 (5/16.0/SYS) 
nid005001:51259:51259 [7] NCCL INFO NET/2 :GPU/0-c1000 (4/16.0/SYS) GPU/0-c6000 (4/16.0/SYS) GPU/0-c9000 (4/16.0/SYS) GPU/0-ce000 (4/16.0/SYS) GPU/0-d1000 (3/24.0/PHB) GPU/0-d6000 (3/24.0/PHB) GPU/0-d9000 (4/16.0/SYS) GPU/0-de000 (4/16.0/SYS) CPU/0-3 (3/16.0/SYS) CPU/0-1 (3/16.0/SYS) CPU/0-0 (2/24.0/PHB) CPU/0-2 (3/16.0/SYS) NET/0-0 (5/16.0/SYS) NET/0-1 (5/16.0/SYS) NET/0-2 (0/5000.0/LOC) NET/0-3 (5/16.0/SYS) 
nid005001:51259:51259 [7] NCCL INFO NET/3 :GPU/0-c1000 (4/16.0/SYS) GPU/0-c6000 (4/16.0/SYS) GPU/0-c9000 (4/16.0/SYS) GPU/0-ce000 (4/16.0/SYS) GPU/0-d1000 (4/16.0/SYS) GPU/0-d6000 (4/16.0/SYS) GPU/0-d9000 (3/24.0/PHB) GPU/0-de000 (3/24.0/PHB) CPU/0-3 (3/16.0/SYS) CPU/0-1 (3/16.0/SYS) CPU/0-0 (3/16.0/SYS) CPU/0-2 (2/24.0/PHB) NET/0-0 (5/16.0/SYS) NET/0-1 (5/16.0/SYS) NET/0-2 (5/16.0/SYS) NET/0-3 (0/5000.0/LOC) 
nid005005:91504:91504 [0] NCCL INFO Found matching Rome model index 36 with GPU mapping: 0 1 2 3 4 5 6 7 NET mapping: 0 1 2 3 
nid005005:91504:91504 [0] NCCL INFO Pattern 1, crossNic 0, nChannels 8, bw 31.500000/31.500000, type XGMI/PIX, sameChannels 1
nid005005:91504:91504 [0] NCCL INFO  0 : NET/0 GPU/8 GPU/9 GPU/13 GPU/12 GPU/14 GPU/15 GPU/11 GPU/10 NET/1
nid005005:91504:91504 [0] NCCL INFO  1 : NET/1 GPU/10 GPU/11 GPU/15 GPU/14 GPU/12 GPU/13 GPU/9 GPU/8 NET/0
nid005005:91504:91504 [0] NCCL INFO  2 : NET/3 GPU/15 GPU/14 GPU/8 GPU/9 GPU/11 GPU/10 GPU/12 GPU/13 NET/2
nid005005:91504:91504 [0] NCCL INFO  3 : NET/2 GPU/13 GPU/12 GPU/10 GPU/11 GPU/9 GPU/8 GPU/14 GPU/15 NET/3
nid005005:91504:91504 [0] NCCL INFO  4 : NET/0 GPU/8 GPU/9 GPU/13 GPU/12 GPU/14 GPU/15 GPU/11 GPU/10 NET/1
nid005005:91504:91504 [0] NCCL INFO  5 : NET/1 GPU/10 GPU/11 GPU/15 GPU/14 GPU/12 GPU/13 GPU/9 GPU/8 NET/0
nid005005:91504:91504 [0] NCCL INFO  6 : NET/3 GPU/15 GPU/14 GPU/8 GPU/9 GPU/11 GPU/10 GPU/12 GPU/13 NET/2
nid005005:91504:91504 [0] NCCL INFO  7 : NET/2 GPU/13 GPU/12 GPU/10 GPU/11 GPU/9 GPU/8 GPU/14 GPU/15 NET/3
nid005001:51254:51254 [0] NCCL INFO NCCL_NET_GDR_LEVEL set by environment to LOC
nid005001:51254:51254 [0] NCCL INFO GPU Direct RDMA Disabled for GPU c1000 / HCA 0 (distance 6 > 0)
nid005001:51254:51254 [0] NCCL INFO === System : maxBw 24.0 totalBw 252.0 ===
nid005001:51254:51254 [0] NCCL INFO CPU/0-3 (1/2/4)
nid005001:51254:51254 [0] NCCL INFO + PCI[24.0] - GPU/0-c1000 (0)
nid005001:51254:51254 [0] NCCL INFO               + XGMI[144.0] - GPU/C6000
nid005001:51254:51254 [0] NCCL INFO               + XGMI[72.0] - GPU/D9000
nid005001:51254:51254 [0] NCCL INFO               + XGMI[36.0] - GPU/C9000
nid005001:51254:51254 [0] NCCL INFO + PCI[24.0] - NIC/0-c5000
nid005001:51254:51254 [0] NCCL INFO               + NET[25.0] - NET/0 (a78180b00/1/25.000000)
nid005001:51254:51254 [0] NCCL INFO + PCI[24.0] - GPU/0-c6000 (1)
nid005001:51254:51254 [0] NCCL INFO               + XGMI[144.0] - GPU/C1000
nid005001:51254:51254 [0] NCCL INFO               + XGMI[36.0] - GPU/CE000
nid005001:51254:51254 [0] NCCL INFO               + XGMI[36.0] - GPU/D6000
nid005001:51254:51254 [0] NCCL INFO + SYS[16.0] - CPU/1
nid005001:51254:51254 [0] NCCL INFO + SYS[16.0] - CPU/0
nid005001:51254:51254 [0] NCCL INFO + SYS[16.0] - CPU/2
nid005001:51254:51254 [0] NCCL INFO CPU/0-1 (1/2/4)
nid005001:51254:51254 [0] NCCL INFO + PCI[24.0] - NIC/0-cd000
nid005001:51254:51254 [0] NCCL INFO               + NET[25.0] - NET/1 (a78180b01/1/25.000000)
nid005001:51254:51254 [0] NCCL INFO + PCI[24.0] - GPU/0-c9000 (2)
nid005001:51254:51254 [0] NCCL INFO               + XGMI[144.0] - GPU/CE000
nid005001:51254:51254 [0] NCCL INFO               + XGMI[72.0] - GPU/D1000
nid005001:51254:51254 [0] NCCL INFO               + XGMI[36.0] - GPU/C1000
nid005001:51254:51254 [0] NCCL INFO + PCI[24.0] - GPU/0-ce000 (3)
nid005001:51254:51254 [0] NCCL INFO               + XGMI[144.0] - GPU/C9000
nid005001:51254:51254 [0] NCCL INFO               + XGMI[36.0] - GPU/C6000
nid005001:51254:51254 [0] NCCL INFO               + XGMI[36.0] - GPU/DE000
nid005001:51254:51254 [0] NCCL INFO + SYS[16.0] - CPU/3
nid005001:51254:51254 [0] NCCL INFO + SYS[16.0] - CPU/0
nid005001:51254:51254 [0] NCCL INFO + SYS[16.0] - CPU/2
nid005001:51254:51254 [0] NCCL INFO CPU/0-0 (1/2/4)
nid005001:51254:51254 [0] NCCL INFO + PCI[24.0] - NIC/0-d5000
nid005001:51254:51254 [0] NCCL INFO               + NET[25.0] - NET/2 (a78180b02/1/25.000000)
nid005001:51254:51254 [0] NCCL INFO + PCI[24.0] - GPU/0-d1000 (4)
nid005001:51254:51254 [0] NCCL INFO               + XGMI[144.0] - GPU/D6000
nid005001:51254:51254 [0] NCCL INFO               + XGMI[72.0] - GPU/C9000
nid005001:51254:51254 [0] NCCL INFO               + XGMI[36.0] - GPU/D9000
nid005001:51254:51254 [0] NCCL INFO + PCI[24.0] - GPU/0-d6000 (5)
nid005001:51254:51254 [0] NCCL INFO               + XGMI[144.0] - GPU/D1000
nid005001:51254:51254 [0] NCCL INFO               + XGMI[36.0] - GPU/C6000
nid005001:51254:51254 [0] NCCL INFO               + XGMI[36.0] - GPU/DE000
nid005001:51254:51254 [0] NCCL INFO + SYS[16.0] - CPU/3
nid005001:51254:51254 [0] NCCL INFO + SYS[16.0] - CPU/1
nid005001:51254:51254 [0] NCCL INFO + SYS[16.0] - CPU/2
nid005001:51254:51254 [0] NCCL INFO CPU/0-2 (1/2/4)
nid005001:51254:51254 [0] NCCL INFO + PCI[24.0] - NIC/0-dd000
nid005001:51254:51254 [0] NCCL INFO               + NET[25.0] - NET/3 (a78180b03/1/25.000000)
nid005001:51254:51254 [0] NCCL INFO + PCI[24.0] - GPU/0-d9000 (6)
nid005001:51254:51254 [0] NCCL INFO               + XGMI[144.0] - GPU/DE000
nid005001:51254:51254 [0] NCCL INFO               + XGMI[72.0] - GPU/C1000
nid005001:51254:51254 [0] NCCL INFO               + XGMI[36.0] - GPU/D1000
nid005001:51254:51254 [0] NCCL INFO + PCI[24.0] - GPU/0-de000 (7)
nid005001:51254:51254 [0] NCCL INFO               + XGMI[144.0] - GPU/D9000
nid005001:51254:51254 [0] NCCL INFO               + XGMI[36.0] - GPU/CE000
nid005001:51254:51254 [0] NCCL INFO               + XGMI[36.0] - GPU/D6000
nid005001:51254:51254 [0] NCCL INFO + SYS[16.0] - CPU/3
nid005001:51254:51254 [0] NCCL INFO + SYS[16.0] - CPU/1
nid005001:51254:51254 [0] NCCL INFO + SYS[16.0] - CPU/0
nid005001:51254:51254 [0] NCCL INFO ==========================================
nid005001:51254:51254 [0] NCCL INFO GPU/C1000 :GPU/0-c1000 (0/5000.0/LOC) GPU/0-c6000 (1/144.0/XGMI) GPU/0-c9000 (1/36.0/XGMI) GPU/0-ce000 (3/16.0/SYS) GPU/0-d1000 (3/16.0/SYS) GPU/0-d6000 (3/16.0/SYS) GPU/0-d9000 (1/72.0/XGMI) GPU/0-de000 (3/16.0/SYS) CPU/0-3 (1/24.0/PHB) CPU/0-1 (2/16.0/SYS) CPU/0-0 (2/16.0/SYS) CPU/0-2 (2/16.0/SYS) NET/0-0 (3/24.0/PHB) NET/0-1 (4/16.0/SYS) NET/0-2 (4/16.0/SYS) NET/0-3 (4/16.0/SYS) 
nid005001:51254:51254 [0] NCCL INFO GPU/C6000 :GPU/0-c1000 (1/144.0/XGMI) GPU/0-c6000 (0/5000.0/LOC) GPU/0-c9000 (3/16.0/SYS) GPU/0-ce000 (1/36.0/XGMI) GPU/0-d1000 (3/16.0/SYS) GPU/0-d6000 (1/36.0/XGMI) GPU/0-d9000 (3/16.0/SYS) GPU/0-de000 (3/16.0/SYS) CPU/0-3 (1/24.0/PHB) CPU/0-1 (2/16.0/SYS) CPU/0-0 (2/16.0/SYS) CPU/0-2 (2/16.0/SYS) NET/0-0 (3/24.0/PHB) NET/0-1 (4/16.0/SYS) NET/0-2 (4/16.0/SYS) NET/0-3 (4/16.0/SYS) 
nid005001:51254:51254 [0] NCCL INFO GPU/C9000 :GPU/0-c1000 (1/36.0/XGMI) GPU/0-c6000 (3/16.0/SYS) GPU/0-c9000 (0/5000.0/LOC) GPU/0-ce000 (1/144.0/XGMI) GPU/0-d1000 (1/72.0/XGMI) GPU/0-d6000 (3/16.0/SYS) GPU/0-d9000 (3/16.0/SYS) GPU/0-de000 (3/16.0/SYS) CPU/0-3 (2/16.0/SYS) CPU/0-1 (1/24.0/PHB) CPU/0-0 (2/16.0/SYS) CPU/0-2 (2/16.0/SYS) NET/0-0 (4/16.0/SYS) NET/0-1 (3/24.0/PHB) NET/0-2 (4/16.0/SYS) NET/0-3 (4/16.0/SYS) 
nid005001:51254:51254 [0] NCCL INFO GPU/CE000 :GPU/0-c1000 (3/16.0/SYS) GPU/0-c6000 (1/36.0/XGMI) GPU/0-c9000 (1/144.0/XGMI) GPU/0-ce000 (0/5000.0/LOC) GPU/0-d1000 (3/16.0/SYS) GPU/0-d6000 (3/16.0/SYS) GPU/0-d9000 (3/16.0/SYS) GPU/0-de000 (1/36.0/XGMI) CPU/0-3 (2/16.0/SYS) CPU/0-1 (1/24.0/PHB) CPU/0-0 (2/16.0/SYS) CPU/0-2 (2/16.0/SYS) NET/0-0 (4/16.0/SYS) NET/0-1 (3/24.0/PHB) NET/0-2 (4/16.0/SYS) NET/0-3 (4/16.0/SYS) 
nid005001:51254:51254 [0] NCCL INFO GPU/D1000 :GPU/0-c1000 (3/16.0/SYS) GPU/0-c6000 (3/16.0/SYS) GPU/0-c9000 (1/72.0/XGMI) GPU/0-ce000 (3/16.0/SYS) GPU/0-d1000 (0/5000.0/LOC) GPU/0-d6000 (1/144.0/XGMI) GPU/0-d9000 (1/36.0/XGMI) GPU/0-de000 (3/16.0/SYS) CPU/0-3 (2/16.0/SYS) CPU/0-1 (2/16.0/SYS) CPU/0-0 (1/24.0/PHB) CPU/0-2 (2/16.0/SYS) NET/0-0 (4/16.0/SYS) NET/0-1 (4/16.0/SYS) NET/0-2 (3/24.0/PHB) NET/0-3 (4/16.0/SYS) 
nid005001:51254:51254 [0] NCCL INFO GPU/D6000 :GPU/0-c1000 (3/16.0/SYS) GPU/0-c6000 (1/36.0/XGMI) GPU/0-c9000 (3/16.0/SYS) GPU/0-ce000 (3/16.0/SYS) GPU/0-d1000 (1/144.0/XGMI) GPU/0-d6000 (0/5000.0/LOC) GPU/0-d9000 (3/16.0/SYS) GPU/0-de000 (1/36.0/XGMI) CPU/0-3 (2/16.0/SYS) CPU/0-1 (2/16.0/SYS) CPU/0-0 (1/24.0/PHB) CPU/0-2 (2/16.0/SYS) NET/0-0 (4/16.0/SYS) NET/0-1 (4/16.0/SYS) NET/0-2 (3/24.0/PHB) NET/0-3 (4/16.0/SYS) 
nid005001:51254:51254 [0] NCCL INFO GPU/D9000 :GPU/0-c1000 (1/72.0/XGMI) GPU/0-c6000 (3/16.0/SYS) GPU/0-c9000 (3/16.0/SYS) GPU/0-ce000 (3/16.0/SYS) GPU/0-d1000 (1/36.0/XGMI) GPU/0-d6000 (3/16.0/SYS) GPU/0-d9000 (0/5000.0/LOC) GPU/0-de000 (1/144.0/XGMI) CPU/0-3 (2/16.0/SYS) CPU/0-1 (2/16.0/SYS) CPU/0-0 (2/16.0/SYS) CPU/0-2 (1/24.0/PHB) NET/0-0 (4/16.0/SYS) NET/0-1 (4/16.0/SYS) NET/0-2 (4/16.0/SYS) NET/0-3 (3/24.0/PHB) 
nid005001:51254:51254 [0] NCCL INFO GPU/DE000 :GPU/0-c1000 (3/16.0/SYS) GPU/0-c6000 (3/16.0/SYS) GPU/0-c9000 (3/16.0/SYS) GPU/0-ce000 (1/36.0/XGMI) GPU/0-d1000 (3/16.0/SYS) GPU/0-d6000 (1/36.0/XGMI) GPU/0-d9000 (1/144.0/XGMI) GPU/0-de000 (0/5000.0/LOC) CPU/0-3 (2/16.0/SYS) CPU/0-1 (2/16.0/SYS) CPU/0-0 (2/16.0/SYS) CPU/0-2 (1/24.0/PHB) NET/0-0 (4/16.0/SYS) NET/0-1 (4/16.0/SYS) NET/0-2 (4/16.0/SYS) NET/0-3 (3/24.0/PHB) 
nid005001:51254:51254 [0] NCCL INFO NET/0 :GPU/0-c1000 (3/24.0/PHB) GPU/0-c6000 (3/24.0/PHB) GPU/0-c9000 (4/16.0/SYS) GPU/0-ce000 (4/16.0/SYS) GPU/0-d1000 (4/16.0/SYS) GPU/0-d6000 (4/16.0/SYS) GPU/0-d9000 (4/16.0/SYS) GPU/0-de000 (4/16.0/SYS) CPU/0-3 (2/24.0/PHB) CPU/0-1 (3/16.0/SYS) CPU/0-0 (3/16.0/SYS) CPU/0-2 (3/16.0/SYS) NET/0-0 (0/5000.0/LOC) NET/0-1 (5/16.0/SYS) NET/0-2 (5/16.0/SYS) NET/0-3 (5/16.0/SYS) 
nid005001:51254:51254 [0] NCCL INFO NET/1 :GPU/0-c1000 (4/16.0/SYS) GPU/0-c6000 (4/16.0/SYS) GPU/0-c9000 (3/24.0/PHB) GPU/0-ce000 (3/24.0/PHB) GPU/0-d1000 (4/16.0/SYS) GPU/0-d6000 (4/16.0/SYS) GPU/0-d9000 (4/16.0/SYS) GPU/0-de000 (4/16.0/SYS) CPU/0-3 (3/16.0/SYS) CPU/0-1 (2/24.0/PHB) CPU/0-0 (3/16.0/SYS) CPU/0-2 (3/16.0/SYS) NET/0-0 (5/16.0/SYS) NET/0-1 (0/5000.0/LOC) NET/0-2 (5/16.0/SYS) NET/0-3 (5/16.0/SYS) 
nid005001:51254:51254 [0] NCCL INFO NET/2 :GPU/0-c1000 (4/16.0/SYS) GPU/0-c6000 (4/16.0/SYS) GPU/0-c9000 (4/16.0/SYS) GPU/0-ce000 (4/16.0/SYS) GPU/0-d1000 (3/24.0/PHB) GPU/0-d6000 (3/24.0/PHB) GPU/0-d9000 (4/16.0/SYS) GPU/0-de000 (4/16.0/SYS) CPU/0-3 (3/16.0/SYS) CPU/0-1 (3/16.0/SYS) CPU/0-0 (2/24.0/PHB) CPU/0-2 (3/16.0/SYS) NET/0-0 (5/16.0/SYS) NET/0-1 (5/16.0/SYS) NET/0-2 (0/5000.0/LOC) NET/0-3 (5/16.0/SYS) 
nid005001:51254:51254 [0] NCCL INFO NET/3 :GPU/0-c1000 (4/16.0/SYS) GPU/0-c6000 (4/16.0/SYS) GPU/0-c9000 (4/16.0/SYS) GPU/0-ce000 (4/16.0/SYS) GPU/0-d1000 (4/16.0/SYS) GPU/0-d6000 (4/16.0/SYS) GPU/0-d9000 (3/24.0/PHB) GPU/0-de000 (3/24.0/PHB) CPU/0-3 (3/16.0/SYS) CPU/0-1 (3/16.0/SYS) CPU/0-0 (3/16.0/SYS) CPU/0-2 (2/24.0/PHB) NET/0-0 (5/16.0/SYS) NET/0-1 (5/16.0/SYS) NET/0-2 (5/16.0/SYS) NET/0-3 (0/5000.0/LOC) 
nid005005:91502:91502 [6] NCCL INFO Found matching Rome model index 36 with GPU mapping: 0 1 2 3 4 5 6 7 NET mapping: 0 1 2 3 
nid005005:91502:91502 [6] NCCL INFO Pattern 4, crossNic 0, nChannels 8, bw 31.500000/31.500000, type XGMI/PIX, sameChannels 1
nid005005:91502:91502 [6] NCCL INFO  0 : NET/1 GPU/10 GPU/11 GPU/15 GPU/14 GPU/12 GPU/13 GPU/9 GPU/8 NET/0
nid005005:91502:91502 [6] NCCL INFO  1 : NET/0 GPU/8 GPU/9 GPU/13 GPU/12 GPU/14 GPU/15 GPU/11 GPU/10 NET/1
nid005005:91502:91502 [6] NCCL INFO  2 : NET/2 GPU/13 GPU/12 GPU/10 GPU/11 GPU/9 GPU/8 GPU/14 GPU/15 NET/3
nid005005:91502:91502 [6] NCCL INFO  3 : NET/3 GPU/15 GPU/14 GPU/8 GPU/9 GPU/11 GPU/10 GPU/12 GPU/13 NET/2
nid005005:91502:91502 [6] NCCL INFO  4 : NET/1 GPU/10 GPU/11 GPU/15 GPU/14 GPU/12 GPU/13 GPU/9 GPU/8 NET/0
nid005005:91502:91502 [6] NCCL INFO  5 : NET/0 GPU/8 GPU/9 GPU/13 GPU/12 GPU/14 GPU/15 GPU/11 GPU/10 NET/1
nid005005:91502:91502 [6] NCCL INFO  6 : NET/2 GPU/13 GPU/12 GPU/10 GPU/11 GPU/9 GPU/8 GPU/14 GPU/15 NET/3
nid005005:91502:91502 [6] NCCL INFO  7 : NET/3 GPU/15 GPU/14 GPU/8 GPU/9 GPU/11 GPU/10 GPU/12 GPU/13 NET/2
nid005001:51259:51259 [7] NCCL INFO Found matching Rome model index 36 with GPU mapping: 0 1 2 3 4 5 6 7 NET mapping: 0 1 2 3 
nid005001:51259:51259 [7] NCCL INFO Pattern 4, crossNic 0, nChannels 8, bw 31.500000/31.500000, type XGMI/PIX, sameChannels 1
nid005001:51259:51259 [7] NCCL INFO  0 : NET/0 GPU/0 GPU/1 GPU/5 GPU/4 GPU/6 GPU/7 GPU/3 GPU/2 NET/1
nid005001:51259:51259 [7] NCCL INFO  1 : NET/1 GPU/2 GPU/3 GPU/7 GPU/6 GPU/4 GPU/5 GPU/1 GPU/0 NET/0
nid005001:51259:51259 [7] NCCL INFO  2 : NET/3 GPU/7 GPU/6 GPU/0 GPU/1 GPU/3 GPU/2 GPU/4 GPU/5 NET/2
nid005001:51259:51259 [7] NCCL INFO  3 : NET/2 GPU/5 GPU/4 GPU/2 GPU/3 GPU/1 GPU/0 GPU/6 GPU/7 NET/3
nid005001:51259:51259 [7] NCCL INFO  4 : NET/0 GPU/0 GPU/1 GPU/5 GPU/4 GPU/6 GPU/7 GPU/3 GPU/2 NET/1
nid005001:51259:51259 [7] NCCL INFO  5 : NET/1 GPU/2 GPU/3 GPU/7 GPU/6 GPU/4 GPU/5 GPU/1 GPU/0 NET/0
nid005001:51259:51259 [7] NCCL INFO  6 : NET/3 GPU/7 GPU/6 GPU/0 GPU/1 GPU/3 GPU/2 GPU/4 GPU/5 NET/2
nid005001:51259:51259 [7] NCCL INFO  7 : NET/2 GPU/5 GPU/4 GPU/2 GPU/3 GPU/1 GPU/0 GPU/6 GPU/7 NET/3
nid005001:51254:51254 [0] NCCL INFO Found matching Rome model index 36 with GPU mapping: 0 1 2 3 4 5 6 7 NET mapping: 0 1 2 3 
nid005001:51254:51254 [0] NCCL INFO Pattern 4, crossNic 0, nChannels 8, bw 31.500000/31.500000, type XGMI/PIX, sameChannels 1
nid005001:51254:51254 [0] NCCL INFO  0 : NET/0 GPU/0 GPU/1 GPU/5 GPU/4 GPU/6 GPU/7 GPU/3 GPU/2 NET/1
nid005001:51254:51254 [0] NCCL INFO  1 : NET/1 GPU/2 GPU/3 GPU/7 GPU/6 GPU/4 GPU/5 GPU/1 GPU/0 NET/0
nid005001:51254:51254 [0] NCCL INFO  2 : NET/3 GPU/7 GPU/6 GPU/0 GPU/1 GPU/3 GPU/2 GPU/4 GPU/5 NET/2
nid005001:51254:51254 [0] NCCL INFO  3 : NET/2 GPU/5 GPU/4 GPU/2 GPU/3 GPU/1 GPU/0 GPU/6 GPU/7 NET/3
nid005001:51254:51254 [0] NCCL INFO  4 : NET/0 GPU/0 GPU/1 GPU/5 GPU/4 GPU/6 GPU/7 GPU/3 GPU/2 NET/1
nid005001:51254:51254 [0] NCCL INFO  5 : NET/1 GPU/2 GPU/3 GPU/7 GPU/6 GPU/4 GPU/5 GPU/1 GPU/0 NET/0
nid005001:51254:51254 [0] NCCL INFO  6 : NET/3 GPU/7 GPU/6 GPU/0 GPU/1 GPU/3 GPU/2 GPU/4 GPU/5 NET/2
nid005001:51254:51254 [0] NCCL INFO  7 : NET/2 GPU/5 GPU/4 GPU/2 GPU/3 GPU/1 GPU/0 GPU/6 GPU/7 NET/3
nid005005:91502:91502 [6] NCCL INFO Found matching Rome model index 36 with GPU mapping: 0 1 2 3 4 5 6 7 NET mapping: 0 1 2 3 
nid005005:91502:91502 [6] NCCL INFO Pattern 1, crossNic 0, nChannels 8, bw 31.500000/31.500000, type XGMI/PIX, sameChannels 1
nid005005:91502:91502 [6] NCCL INFO  0 : NET/0 GPU/8 GPU/9 GPU/13 GPU/12 GPU/14 GPU/15 GPU/11 GPU/10 NET/1
nid005005:91502:91502 [6] NCCL INFO  1 : NET/1 GPU/10 GPU/11 GPU/15 GPU/14 GPU/12 GPU/13 GPU/9 GPU/8 NET/0
nid005005:91502:91502 [6] NCCL INFO  2 : NET/3 GPU/15 GPU/14 GPU/8 GPU/9 GPU/11 GPU/10 GPU/12 GPU/13 NET/2
nid005005:91502:91502 [6] NCCL INFO  3 : NET/2 GPU/13 GPU/12 GPU/10 GPU/11 GPU/9 GPU/8 GPU/14 GPU/15 NET/3
nid005005:91502:91502 [6] NCCL INFO  4 : NET/0 GPU/8 GPU/9 GPU/13 GPU/12 GPU/14 GPU/15 GPU/11 GPU/10 NET/1
nid005005:91502:91502 [6] NCCL INFO  5 : NET/1 GPU/10 GPU/11 GPU/15 GPU/14 GPU/12 GPU/13 GPU/9 GPU/8 NET/0
nid005005:91502:91502 [6] NCCL INFO  6 : NET/3 GPU/15 GPU/14 GPU/8 GPU/9 GPU/11 GPU/10 GPU/12 GPU/13 NET/2
nid005005:91502:91502 [6] NCCL INFO  7 : NET/2 GPU/13 GPU/12 GPU/10 GPU/11 GPU/9 GPU/8 GPU/14 GPU/15 NET/3
nid005001:51259:51259 [7] NCCL INFO Found matching Rome model index 36 with GPU mapping: 0 1 2 3 4 5 6 7 NET mapping: 0 1 2 3 
nid005001:51259:51259 [7] NCCL INFO Pattern 1, crossNic 0, nChannels 8, bw 31.500000/31.500000, type XGMI/PIX, sameChannels 1
nid005001:51259:51259 [7] NCCL INFO  0 : NET/0 GPU/0 GPU/1 GPU/5 GPU/4 GPU/6 GPU/7 GPU/3 GPU/2 NET/1
nid005001:51259:51259 [7] NCCL INFO  1 : NET/1 GPU/2 GPU/3 GPU/7 GPU/6 GPU/4 GPU/5 GPU/1 GPU/0 NET/0
nid005001:51259:51259 [7] NCCL INFO  2 : NET/3 GPU/7 GPU/6 GPU/0 GPU/1 GPU/3 GPU/2 GPU/4 GPU/5 NET/2
nid005001:51259:51259 [7] NCCL INFO  3 : NET/2 GPU/5 GPU/4 GPU/2 GPU/3 GPU/1 GPU/0 GPU/6 GPU/7 NET/3
nid005001:51259:51259 [7] NCCL INFO  4 : NET/0 GPU/0 GPU/1 GPU/5 GPU/4 GPU/6 GPU/7 GPU/3 GPU/2 NET/1
nid005001:51259:51259 [7] NCCL INFO  5 : NET/1 GPU/2 GPU/3 GPU/7 GPU/6 GPU/4 GPU/5 GPU/1 GPU/0 NET/0
nid005001:51259:51259 [7] NCCL INFO  6 : NET/3 GPU/7 GPU/6 GPU/0 GPU/1 GPU/3 GPU/2 GPU/4 GPU/5 NET/2
nid005001:51259:51259 [7] NCCL INFO  7 : NET/2 GPU/5 GPU/4 GPU/2 GPU/3 GPU/1 GPU/0 GPU/6 GPU/7 NET/3
nid005001:51254:51254 [0] NCCL INFO Found matching Rome model index 36 with GPU mapping: 0 1 2 3 4 5 6 7 NET mapping: 0 1 2 3 
nid005001:51254:51254 [0] NCCL INFO Pattern 1, crossNic 0, nChannels 8, bw 31.500000/31.500000, type XGMI/PIX, sameChannels 1
nid005001:51254:51254 [0] NCCL INFO  0 : NET/0 GPU/0 GPU/1 GPU/5 GPU/4 GPU/6 GPU/7 GPU/3 GPU/2 NET/1
nid005001:51254:51254 [0] NCCL INFO  1 : NET/1 GPU/2 GPU/3 GPU/7 GPU/6 GPU/4 GPU/5 GPU/1 GPU/0 NET/0
nid005001:51254:51254 [0] NCCL INFO  2 : NET/3 GPU/7 GPU/6 GPU/0 GPU/1 GPU/3 GPU/2 GPU/4 GPU/5 NET/2
nid005001:51254:51254 [0] NCCL INFO  3 : NET/2 GPU/5 GPU/4 GPU/2 GPU/3 GPU/1 GPU/0 GPU/6 GPU/7 NET/3
nid005001:51254:51254 [0] NCCL INFO  4 : NET/0 GPU/0 GPU/1 GPU/5 GPU/4 GPU/6 GPU/7 GPU/3 GPU/2 NET/1
nid005001:51254:51254 [0] NCCL INFO  5 : NET/1 GPU/2 GPU/3 GPU/7 GPU/6 GPU/4 GPU/5 GPU/1 GPU/0 NET/0
nid005001:51254:51254 [0] NCCL INFO  6 : NET/3 GPU/7 GPU/6 GPU/0 GPU/1 GPU/3 GPU/2 GPU/4 GPU/5 NET/2
nid005001:51254:51254 [0] NCCL INFO  7 : NET/2 GPU/5 GPU/4 GPU/2 GPU/3 GPU/1 GPU/0 GPU/6 GPU/7 NET/3
nid005001:51253:51253 [1] NCCL INFO NCCL_NET_GDR_LEVEL set by environment to LOC
nid005001:51253:51253 [1] NCCL INFO GPU Direct RDMA Disabled for GPU c1000 / HCA 0 (distance 6 > 0)
nid005001:51253:51253 [1] NCCL INFO === System : maxBw 24.0 totalBw 252.0 ===
nid005001:51253:51253 [1] NCCL INFO CPU/0-3 (1/2/4)
nid005001:51253:51253 [1] NCCL INFO + PCI[24.0] - GPU/0-c1000 (0)
nid005001:51253:51253 [1] NCCL INFO               + XGMI[144.0] - GPU/C6000
nid005001:51253:51253 [1] NCCL INFO               + XGMI[72.0] - GPU/D9000
nid005001:51253:51253 [1] NCCL INFO               + XGMI[36.0] - GPU/C9000
nid005001:51253:51253 [1] NCCL INFO + PCI[24.0] - NIC/0-c5000
nid005001:51253:51253 [1] NCCL INFO               + NET[25.0] - NET/0 (a78180b00/1/25.000000)
nid005001:51253:51253 [1] NCCL INFO + PCI[24.0] - GPU/0-c6000 (1)
nid005001:51253:51253 [1] NCCL INFO               + XGMI[144.0] - GPU/C1000
nid005001:51253:51253 [1] NCCL INFO               + XGMI[36.0] - GPU/CE000
nid005001:51253:51253 [1] NCCL INFO               + XGMI[36.0] - GPU/D6000
nid005001:51253:51253 [1] NCCL INFO + SYS[16.0] - CPU/1
nid005001:51253:51253 [1] NCCL INFO + SYS[16.0] - CPU/0
nid005001:51253:51253 [1] NCCL INFO + SYS[16.0] - CPU/2
nid005001:51253:51253 [1] NCCL INFO CPU/0-1 (1/2/4)
nid005001:51253:51253 [1] NCCL INFO + PCI[24.0] - NIC/0-cd000
nid005001:51253:51253 [1] NCCL INFO               + NET[25.0] - NET/1 (a78180b01/1/25.000000)
nid005001:51253:51253 [1] NCCL INFO + PCI[24.0] - GPU/0-c9000 (2)
nid005001:51253:51253 [1] NCCL INFO               + XGMI[144.0] - GPU/CE000
nid005001:51253:51253 [1] NCCL INFO               + XGMI[72.0] - GPU/D1000
nid005001:51253:51253 [1] NCCL INFO               + XGMI[36.0] - GPU/C1000
nid005001:51253:51253 [1] NCCL INFO + PCI[24.0] - GPU/0-ce000 (3)
nid005001:51253:51253 [1] NCCL INFO               + XGMI[144.0] - GPU/C9000
nid005001:51253:51253 [1] NCCL INFO               + XGMI[36.0] - GPU/C6000
nid005001:51253:51253 [1] NCCL INFO               + XGMI[36.0] - GPU/DE000
nid005001:51253:51253 [1] NCCL INFO + SYS[16.0] - CPU/3
nid005001:51253:51253 [1] NCCL INFO + SYS[16.0] - CPU/0
nid005001:51253:51253 [1] NCCL INFO + SYS[16.0] - CPU/2
nid005001:51253:51253 [1] NCCL INFO CPU/0-0 (1/2/4)
nid005001:51253:51253 [1] NCCL INFO + PCI[24.0] - NIC/0-d5000
nid005001:51253:51253 [1] NCCL INFO               + NET[25.0] - NET/2 (a78180b02/1/25.000000)
nid005001:51253:51253 [1] NCCL INFO + PCI[24.0] - GPU/0-d1000 (4)
nid005001:51253:51253 [1] NCCL INFO               + XGMI[144.0] - GPU/D6000
nid005001:51253:51253 [1] NCCL INFO               + XGMI[72.0] - GPU/C9000
nid005001:51253:51253 [1] NCCL INFO               + XGMI[36.0] - GPU/D9000
nid005001:51253:51253 [1] NCCL INFO + PCI[24.0] - GPU/0-d6000 (5)
nid005001:51253:51253 [1] NCCL INFO               + XGMI[144.0] - GPU/D1000
nid005001:51253:51253 [1] NCCL INFO               + XGMI[36.0] - GPU/C6000
nid005001:51253:51253 [1] NCCL INFO               + XGMI[36.0] - GPU/DE000
nid005001:51253:51253 [1] NCCL INFO + SYS[16.0] - CPU/3
nid005001:51253:51253 [1] NCCL INFO + SYS[16.0] - CPU/1
nid005001:51253:51253 [1] NCCL INFO + SYS[16.0] - CPU/2
nid005001:51253:51253 [1] NCCL INFO CPU/0-2 (1/2/4)
nid005001:51253:51253 [1] NCCL INFO + PCI[24.0] - NIC/0-dd000
nid005001:51253:51253 [1] NCCL INFO               + NET[25.0] - NET/3 (a78180b03/1/25.000000)
nid005001:51253:51253 [1] NCCL INFO + PCI[24.0] - GPU/0-d9000 (6)
nid005001:51253:51253 [1] NCCL INFO               + XGMI[144.0] - GPU/DE000
nid005001:51253:51253 [1] NCCL INFO               + XGMI[72.0] - GPU/C1000
nid005001:51253:51253 [1] NCCL INFO               + XGMI[36.0] - GPU/D1000
nid005001:51253:51253 [1] NCCL INFO + PCI[24.0] - GPU/0-de000 (7)
nid005001:51253:51253 [1] NCCL INFO               + XGMI[144.0] - GPU/D9000
nid005001:51253:51253 [1] NCCL INFO               + XGMI[36.0] - GPU/CE000
nid005001:51253:51253 [1] NCCL INFO               + XGMI[36.0] - GPU/D6000
nid005001:51253:51253 [1] NCCL INFO + SYS[16.0] - CPU/3
nid005001:51253:51253 [1] NCCL INFO + SYS[16.0] - CPU/1
nid005001:51253:51253 [1] NCCL INFO + SYS[16.0] - CPU/0
nid005001:51253:51253 [1] NCCL INFO ==========================================
nid005001:51253:51253 [1] NCCL INFO GPU/C1000 :GPU/0-c1000 (0/5000.0/LOC) GPU/0-c6000 (1/144.0/XGMI) GPU/0-c9000 (1/36.0/XGMI) GPU/0-ce000 (3/16.0/SYS) GPU/0-d1000 (3/16.0/SYS) GPU/0-d6000 (3/16.0/SYS) GPU/0-d9000 (1/72.0/XGMI) GPU/0-de000 (3/16.0/SYS) CPU/0-3 (1/24.0/PHB) CPU/0-1 (2/16.0/SYS) CPU/0-0 (2/16.0/SYS) CPU/0-2 (2/16.0/SYS) NET/0-0 (3/24.0/PHB) NET/0-1 (4/16.0/SYS) NET/0-2 (4/16.0/SYS) NET/0-3 (4/16.0/SYS) 
nid005001:51253:51253 [1] NCCL INFO GPU/C6000 :GPU/0-c1000 (1/144.0/XGMI) GPU/0-c6000 (0/5000.0/LOC) GPU/0-c9000 (3/16.0/SYS) GPU/0-ce000 (1/36.0/XGMI) GPU/0-d1000 (3/16.0/SYS) GPU/0-d6000 (1/36.0/XGMI) GPU/0-d9000 (3/16.0/SYS) GPU/0-de000 (3/16.0/SYS) CPU/0-3 (1/24.0/PHB) CPU/0-1 (2/16.0/SYS) CPU/0-0 (2/16.0/SYS) CPU/0-2 (2/16.0/SYS) NET/0-0 (3/24.0/PHB) NET/0-1 (4/16.0/SYS) NET/0-2 (4/16.0/SYS) NET/0-3 (4/16.0/SYS) 
nid005001:51253:51253 [1] NCCL INFO GPU/C9000 :GPU/0-c1000 (1/36.0/XGMI) GPU/0-c6000 (3/16.0/SYS) GPU/0-c9000 (0/5000.0/LOC) GPU/0-ce000 (1/144.0/XGMI) GPU/0-d1000 (1/72.0/XGMI) GPU/0-d6000 (3/16.0/SYS) GPU/0-d9000 (3/16.0/SYS) GPU/0-de000 (3/16.0/SYS) CPU/0-3 (2/16.0/SYS) CPU/0-1 (1/24.0/PHB) CPU/0-0 (2/16.0/SYS) CPU/0-2 (2/16.0/SYS) NET/0-0 (4/16.0/SYS) NET/0-1 (3/24.0/PHB) NET/0-2 (4/16.0/SYS) NET/0-3 (4/16.0/SYS) 
nid005001:51253:51253 [1] NCCL INFO GPU/CE000 :GPU/0-c1000 (3/16.0/SYS) GPU/0-c6000 (1/36.0/XGMI) GPU/0-c9000 (1/144.0/XGMI) GPU/0-ce000 (0/5000.0/LOC) GPU/0-d1000 (3/16.0/SYS) GPU/0-d6000 (3/16.0/SYS) GPU/0-d9000 (3/16.0/SYS) GPU/0-de000 (1/36.0/XGMI) CPU/0-3 (2/16.0/SYS) CPU/0-1 (1/24.0/PHB) CPU/0-0 (2/16.0/SYS) CPU/0-2 (2/16.0/SYS) NET/0-0 (4/16.0/SYS) NET/0-1 (3/24.0/PHB) NET/0-2 (4/16.0/SYS) NET/0-3 (4/16.0/SYS) 
nid005001:51253:51253 [1] NCCL INFO GPU/D1000 :GPU/0-c1000 (3/16.0/SYS) GPU/0-c6000 (3/16.0/SYS) GPU/0-c9000 (1/72.0/XGMI) GPU/0-ce000 (3/16.0/SYS) GPU/0-d1000 (0/5000.0/LOC) GPU/0-d6000 (1/144.0/XGMI) GPU/0-d9000 (1/36.0/XGMI) GPU/0-de000 (3/16.0/SYS) CPU/0-3 (2/16.0/SYS) CPU/0-1 (2/16.0/SYS) CPU/0-0 (1/24.0/PHB) CPU/0-2 (2/16.0/SYS) NET/0-0 (4/16.0/SYS) NET/0-1 (4/16.0/SYS) NET/0-2 (3/24.0/PHB) NET/0-3 (4/16.0/SYS) 
nid005001:51253:51253 [1] NCCL INFO GPU/D6000 :GPU/0-c1000 (3/16.0/SYS) GPU/0-c6000 (1/36.0/XGMI) GPU/0-c9000 (3/16.0/SYS) GPU/0-ce000 (3/16.0/SYS) GPU/0-d1000 (1/144.0/XGMI) GPU/0-d6000 (0/5000.0/LOC) GPU/0-d9000 (3/16.0/SYS) GPU/0-de000 (1/36.0/XGMI) CPU/0-3 (2/16.0/SYS) CPU/0-1 (2/16.0/SYS) CPU/0-0 (1/24.0/PHB) CPU/0-2 (2/16.0/SYS) NET/0-0 (4/16.0/SYS) NET/0-1 (4/16.0/SYS) NET/0-2 (3/24.0/PHB) NET/0-3 (4/16.0/SYS) 
nid005001:51253:51253 [1] NCCL INFO GPU/D9000 :GPU/0-c1000 (1/72.0/XGMI) GPU/0-c6000 (3/16.0/SYS) GPU/0-c9000 (3/16.0/SYS) GPU/0-ce000 (3/16.0/SYS) GPU/0-d1000 (1/36.0/XGMI) GPU/0-d6000 (3/16.0/SYS) GPU/0-d9000 (0/5000.0/LOC) GPU/0-de000 (1/144.0/XGMI) CPU/0-3 (2/16.0/SYS) CPU/0-1 (2/16.0/SYS) CPU/0-0 (2/16.0/SYS) CPU/0-2 (1/24.0/PHB) NET/0-0 (4/16.0/SYS) NET/0-1 (4/16.0/SYS) NET/0-2 (4/16.0/SYS) NET/0-3 (3/24.0/PHB) 
nid005001:51253:51253 [1] NCCL INFO GPU/DE000 :GPU/0-c1000 (3/16.0/SYS) GPU/0-c6000 (3/16.0/SYS) GPU/0-c9000 (3/16.0/SYS) GPU/0-ce000 (1/36.0/XGMI) GPU/0-d1000 (3/16.0/SYS) GPU/0-d6000 (1/36.0/XGMI) GPU/0-d9000 (1/144.0/XGMI) GPU/0-de000 (0/5000.0/LOC) CPU/0-3 (2/16.0/SYS) CPU/0-1 (2/16.0/SYS) CPU/0-0 (2/16.0/SYS) CPU/0-2 (1/24.0/PHB) NET/0-0 (4/16.0/SYS) NET/0-1 (4/16.0/SYS) NET/0-2 (4/16.0/SYS) NET/0-3 (3/24.0/PHB) 
nid005001:51253:51253 [1] NCCL INFO NET/0 :GPU/0-c1000 (3/24.0/PHB) GPU/0-c6000 (3/24.0/PHB) GPU/0-c9000 (4/16.0/SYS) GPU/0-ce000 (4/16.0/SYS) GPU/0-d1000 (4/16.0/SYS) GPU/0-d6000 (4/16.0/SYS) GPU/0-d9000 (4/16.0/SYS) GPU/0-de000 (4/16.0/SYS) CPU/0-3 (2/24.0/PHB) CPU/0-1 (3/16.0/SYS) CPU/0-0 (3/16.0/SYS) CPU/0-2 (3/16.0/SYS) NET/0-0 (0/5000.0/LOC) NET/0-1 (5/16.0/SYS) NET/0-2 (5/16.0/SYS) NET/0-3 (5/16.0/SYS) 
nid005001:51253:51253 [1] NCCL INFO NET/1 :GPU/0-c1000 (4/16.0/SYS) GPU/0-c6000 (4/16.0/SYS) GPU/0-c9000 (3/24.0/PHB) GPU/0-ce000 (3/24.0/PHB) GPU/0-d1000 (4/16.0/SYS) GPU/0-d6000 (4/16.0/SYS) GPU/0-d9000 (4/16.0/SYS) GPU/0-de000 (4/16.0/SYS) CPU/0-3 (3/16.0/SYS) CPU/0-1 (2/24.0/PHB) CPU/0-0 (3/16.0/SYS) CPU/0-2 (3/16.0/SYS) NET/0-0 (5/16.0/SYS) NET/0-1 (0/5000.0/LOC) NET/0-2 (5/16.0/SYS) NET/0-3 (5/16.0/SYS) 
nid005001:51253:51253 [1] NCCL INFO NET/2 :GPU/0-c1000 (4/16.0/SYS) GPU/0-c6000 (4/16.0/SYS) GPU/0-c9000 (4/16.0/SYS) GPU/0-ce000 (4/16.0/SYS) GPU/0-d1000 (3/24.0/PHB) GPU/0-d6000 (3/24.0/PHB) GPU/0-d9000 (4/16.0/SYS) GPU/0-de000 (4/16.0/SYS) CPU/0-3 (3/16.0/SYS) CPU/0-1 (3/16.0/SYS) CPU/0-0 (2/24.0/PHB) CPU/0-2 (3/16.0/SYS) NET/0-0 (5/16.0/SYS) NET/0-1 (5/16.0/SYS) NET/0-2 (0/5000.0/LOC) NET/0-3 (5/16.0/SYS) 
nid005001:51253:51253 [1] NCCL INFO NET/3 :GPU/0-c1000 (4/16.0/SYS) GPU/0-c6000 (4/16.0/SYS) GPU/0-c9000 (4/16.0/SYS) GPU/0-ce000 (4/16.0/SYS) GPU/0-d1000 (4/16.0/SYS) GPU/0-d6000 (4/16.0/SYS) GPU/0-d9000 (3/24.0/PHB) GPU/0-de000 (3/24.0/PHB) CPU/0-3 (3/16.0/SYS) CPU/0-1 (3/16.0/SYS) CPU/0-0 (3/16.0/SYS) CPU/0-2 (2/24.0/PHB) NET/0-0 (5/16.0/SYS) NET/0-1 (5/16.0/SYS) NET/0-2 (5/16.0/SYS) NET/0-3 (0/5000.0/LOC) 
nid005001:51253:51253 [1] NCCL INFO Found matching Rome model index 36 with GPU mapping: 0 1 2 3 4 5 6 7 NET mapping: 0 1 2 3 
nid005001:51253:51253 [1] NCCL INFO Pattern 4, crossNic 0, nChannels 8, bw 31.500000/31.500000, type XGMI/PIX, sameChannels 1
nid005001:51253:51253 [1] NCCL INFO  0 : NET/0 GPU/0 GPU/1 GPU/5 GPU/4 GPU/6 GPU/7 GPU/3 GPU/2 NET/1
nid005001:51253:51253 [1] NCCL INFO  1 : NET/1 GPU/2 GPU/3 GPU/7 GPU/6 GPU/4 GPU/5 GPU/1 GPU/0 NET/0
nid005001:51253:51253 [1] NCCL INFO  2 : NET/3 GPU/7 GPU/6 GPU/0 GPU/1 GPU/3 GPU/2 GPU/4 GPU/5 NET/2
nid005001:51253:51253 [1] NCCL INFO  3 : NET/2 GPU/5 GPU/4 GPU/2 GPU/3 GPU/1 GPU/0 GPU/6 GPU/7 NET/3
nid005001:51253:51253 [1] NCCL INFO  4 : NET/0 GPU/0 GPU/1 GPU/5 GPU/4 GPU/6 GPU/7 GPU/3 GPU/2 NET/1
nid005001:51253:51253 [1] NCCL INFO  5 : NET/1 GPU/2 GPU/3 GPU/7 GPU/6 GPU/4 GPU/5 GPU/1 GPU/0 NET/0
nid005001:51253:51253 [1] NCCL INFO  6 : NET/3 GPU/7 GPU/6 GPU/0 GPU/1 GPU/3 GPU/2 GPU/4 GPU/5 NET/2
nid005001:51253:51253 [1] NCCL INFO  7 : NET/2 GPU/5 GPU/4 GPU/2 GPU/3 GPU/1 GPU/0 GPU/6 GPU/7 NET/3
nid005001:51253:51253 [1] NCCL INFO Found matching Rome model index 36 with GPU mapping: 0 1 2 3 4 5 6 7 NET mapping: 0 1 2 3 
nid005001:51253:51253 [1] NCCL INFO Pattern 1, crossNic 0, nChannels 8, bw 31.500000/31.500000, type XGMI/PIX, sameChannels 1
nid005001:51253:51253 [1] NCCL INFO  0 : NET/0 GPU/0 GPU/1 GPU/5 GPU/4 GPU/6 GPU/7 GPU/3 GPU/2 NET/1
nid005001:51253:51253 [1] NCCL INFO  1 : NET/1 GPU/2 GPU/3 GPU/7 GPU/6 GPU/4 GPU/5 GPU/1 GPU/0 NET/0
nid005001:51253:51253 [1] NCCL INFO  2 : NET/3 GPU/7 GPU/6 GPU/0 GPU/1 GPU/3 GPU/2 GPU/4 GPU/5 NET/2
nid005001:51253:51253 [1] NCCL INFO  3 : NET/2 GPU/5 GPU/4 GPU/2 GPU/3 GPU/1 GPU/0 GPU/6 GPU/7 NET/3
nid005001:51253:51253 [1] NCCL INFO  4 : NET/0 GPU/0 GPU/1 GPU/5 GPU/4 GPU/6 GPU/7 GPU/3 GPU/2 NET/1
nid005001:51253:51253 [1] NCCL INFO  5 : NET/1 GPU/2 GPU/3 GPU/7 GPU/6 GPU/4 GPU/5 GPU/1 GPU/0 NET/0
nid005001:51253:51253 [1] NCCL INFO  6 : NET/3 GPU/7 GPU/6 GPU/0 GPU/1 GPU/3 GPU/2 GPU/4 GPU/5 NET/2
nid005001:51253:51253 [1] NCCL INFO  7 : NET/2 GPU/5 GPU/4 GPU/2 GPU/3 GPU/1 GPU/0 GPU/6 GPU/7 NET/3
nid005001:51258:51258 [6] NCCL INFO comm 0x559d73d29040 rank 6 nRanks 16 nNodes 2 localRanks 8 localRank 6 MNNVL 0
nid005001:51258:51258 [6] NCCL INFO Tree 2 : 7 -> 6 -> 0/-1/-1
nid005001:51258:51258 [6] NCCL INFO Tree 10 : 7 -> 6 -> 0/-1/-1
nid005001:51258:51258 [6] NCCL INFO Tree 6 : 7 -> 6 -> 0/-1/-1
nid005001:51258:51258 [6] NCCL INFO Tree 14 : 7 -> 6 -> 0/-1/-1
nid005001:51255:51255 [2] NCCL INFO comm 0x561cb6d30be0 rank 2 nRanks 16 nNodes 2 localRanks 8 localRank 2 MNNVL 0
nid005001:51260:51260 [5] NCCL INFO comm 0x563c5568fc70 rank 5 nRanks 16 nNodes 2 localRanks 8 localRank 5 MNNVL 0
nid005001:51260:51260 [5] NCCL INFO Tree 3 : -1 -> 5 -> 4/13/-1
nid005001:51260:51260 [5] NCCL INFO Tree 11 : 13 -> 5 -> 4/-1/-1
nid005001:51260:51260 [5] NCCL INFO Tree 7 : -1 -> 5 -> 4/13/-1
nid005001:51260:51260 [5] NCCL INFO Tree 15 : 13 -> 5 -> 4/-1/-1
nid005001:51259:51259 [7] NCCL INFO comm 0x55cec4cea9e0 rank 7 nRanks 16 nNodes 2 localRanks 8 localRank 7 MNNVL 0
nid005001:51259:51259 [7] NCCL INFO Tree 2 : -1 -> 7 -> 6/15/-1
nid005001:51259:51259 [7] NCCL INFO Tree 10 : 15 -> 7 -> 6/-1/-1
nid005001:51259:51259 [7] NCCL INFO Tree 6 : -1 -> 7 -> 6/15/-1
nid005001:51259:51259 [7] NCCL INFO Tree 14 : 15 -> 7 -> 6/-1/-1
nid005001:51257:51257 [4] NCCL INFO comm 0x556f08767700 rank 4 nRanks 16 nNodes 2 localRanks 8 localRank 4 MNNVL 0
nid005001:51257:51257 [4] NCCL INFO Tree 3 : 5 -> 4 -> 2/-1/-1
nid005001:51257:51257 [4] NCCL INFO Tree 11 : 5 -> 4 -> 2/-1/-1
nid005001:51257:51257 [4] NCCL INFO Tree 7 : 5 -> 4 -> 2/-1/-1
nid005001:51257:51257 [4] NCCL INFO Tree 15 : 5 -> 4 -> 2/-1/-1
nid005001:51257:51257 [4] NCCL INFO Ring 0 : 5 -> 4 -> 6 comm 0x556f08767700 nRanks 16 busId d1000
nid005001:51257:51257 [4] NCCL INFO Ring 1 : 6 -> 4 -> 5 comm 0x556f08767700 nRanks 16 busId d1000
nid005001:51257:51257 [4] NCCL INFO Ring 2 : 2 -> 4 -> 5 comm 0x556f08767700 nRanks 16 busId d1000
nid005001:51257:51257 [4] NCCL INFO Ring 3 : 5 -> 4 -> 2 comm 0x556f08767700 nRanks 16 busId d1000
nid005001:51257:51257 [4] NCCL INFO Ring 4 : 5 -> 4 -> 6 comm 0x556f08767700 nRanks 16 busId d1000
nid005001:51257:51257 [4] NCCL INFO Ring 5 : 6 -> 4 -> 5 comm 0x556f08767700 nRanks 16 busId d1000
nid005001:51257:51257 [4] NCCL INFO Ring 6 : 2 -> 4 -> 5 comm 0x556f08767700 nRanks 16 busId d1000
nid005001:51256:51256 [3] NCCL INFO comm 0x55d595467d90 rank 3 nRanks 16 nNodes 2 localRanks 8 localRank 3 MNNVL 0
nid005001:51256:51256 [3] NCCL INFO Tree 1 : 2 -> 3 -> 7/-1/-1
nid005001:51256:51256 [3] NCCL INFO Tree 9 : 2 -> 3 -> 7/-1/-1
nid005001:51256:51256 [3] NCCL INFO Tree 5 : 2 -> 3 -> 7/-1/-1
nid005001:51256:51256 [3] NCCL INFO Tree 13 : 2 -> 3 -> 7/-1/-1
nid005001:51258:51258 [6] NCCL INFO Ring 0 : 4 -> 6 -> 7 comm 0x559d73d29040 nRanks 16 busId d9000
nid005001:51258:51258 [6] NCCL INFO Ring 1 : 7 -> 6 -> 4 comm 0x559d73d29040 nRanks 16 busId d9000
nid005001:51258:51258 [6] NCCL INFO Ring 2 : 7 -> 6 -> 0 comm 0x559d73d29040 nRanks 16 busId d9000
nid005001:51258:51258 [6] NCCL INFO Ring 3 : 0 -> 6 -> 7 comm 0x559d73d29040 nRanks 16 busId d9000
nid005001:51258:51258 [6] NCCL INFO Ring 4 : 4 -> 6 -> 7 comm 0x559d73d29040 nRanks 16 busId d9000
nid005001:51258:51258 [6] NCCL INFO Ring 5 : 7 -> 6 -> 4 comm 0x559d73d29040 nRanks 16 busId d9000
nid005001:51258:51258 [6] NCCL INFO Ring 6 : 7 -> 6 -> 0 comm 0x559d73d29040 nRanks 16 busId d9000
nid005001:51258:51258 [6] NCCL INFO Ring 7 : 0 -> 6 -> 7 comm 0x559d73d29040 nRanks 16 busId d9000
nid005001:51258:51258 [6] NCCL INFO Ring 8 : 4 -> 6 -> 7 comm 0x559d73d29040 nRanks 16 busId d9000
nid005001:51258:51258 [6] NCCL INFO Ring 9 : 7 -> 6 -> 4 comm 0x559d73d29040 nRanks 16 busId d9000
nid005001:51258:51258 [6] NCCL INFO Ring 10 : 7 -> 6 -> 0 comm 0x559d73d29040 nRanks 16 busId d9000
nid005001:51258:51258 [6] NCCL INFO Ring 11 : 0 -> 6 -> 7 comm 0x559d73d29040 nRanks 16 busId d9000
nid005001:51258:51258 [6] NCCL INFO Ring 12 : 4 -> 6 -> 7 comm 0x559d73d29040 nRanks 16 busId d9000
nid005001:51258:51258 [6] NCCL INFO Ring 13 : 7 -> 6 -> 4 comm 0x559d73d29040 nRanks 16 busId d9000
nid005001:51258:51258 [6] NCCL INFO Ring 14 : 7 -> 6 -> 0 comm 0x559d73d29040 nRanks 16 busId d9000
nid005001:51258:51258 [6] NCCL INFO Ring 15 : 0 -> 6 -> 7 comm 0x559d73d29040 nRanks 16 busId d9000
nid005001:51258:51258 [6] NCCL INFO Trees [0] 7/-1/-1->6->4 [1] 4/-1/-1->6->7 [2] 0/-1/-1->6->7 [3] 7/-1/-1->6->0 [4] 7/-1/-1->6->4 [5] 4/-1/-1->6->7 [6] 0/-1/-1->6->7 [7] 7/-1/-1->6->0 [8] 7/-1/-1->6->4 [9] 4/-1/-1->6->7 [10] 0/-1/-1->6->7 [11] 7/-1/-1->6->0 [12] 7/-1/-1->6->4 [13] 4/-1/-1->6->7 [14] 0/-1/-1->6->7 [15] 7/-1/-1->6->0 comm 0x559d73d29040 nRanks 16 busId d9000
nid005001:51258:51258 [6] NCCL INFO P2P Chunksize set to 131072
nid005001:51255:51255 [2] NCCL INFO Tree 1 : -1 -> 2 -> 3/10/-1
nid005001:51255:51255 [2] NCCL INFO Tree 9 : 10 -> 2 -> 3/-1/-1
nid005001:51255:51255 [2] NCCL INFO Tree 5 : -1 -> 2 -> 3/10/-1
nid005001:51255:51255 [2] NCCL INFO Tree 13 : 10 -> 2 -> 3/-1/-1
nid005001:51255:51255 [2] NCCL INFO Ring 0 : 3 -> 2 -> 10 comm 0x561cb6d30be0 nRanks 16 busId c9000
nid005001:51255:51255 [2] NCCL INFO Ring 1 : 10 -> 2 -> 3 comm 0x561cb6d30be0 nRanks 16 busId c9000
nid005001:51255:51255 [2] NCCL INFO Ring 2 : 3 -> 2 -> 4 comm 0x561cb6d30be0 nRanks 16 busId c9000
nid005001:51255:51255 [2] NCCL INFO Ring 3 : 4 -> 2 -> 3 comm 0x561cb6d30be0 nRanks 16 busId c9000
nid005001:51255:51255 [2] NCCL INFO Ring 4 : 3 -> 2 -> 10 comm 0x561cb6d30be0 nRanks 16 busId c9000
nid005001:51255:51255 [2] NCCL INFO Ring 5 : 10 -> 2 -> 3 comm 0x561cb6d30be0 nRanks 16 busId c9000
nid005001:51255:51255 [2] NCCL INFO Ring 6 : 3 -> 2 -> 4 comm 0x561cb6d30be0 nRanks 16 busId c9000
nid005001:51255:51255 [2] NCCL INFO Ring 7 : 4 -> 2 -> 3 comm 0x561cb6d30be0 nRanks 16 busId c9000
nid005001:51255:51255 [2] NCCL INFO Ring 8 : 3 -> 2 -> 10 comm 0x561cb6d30be0 nRanks 16 busId c9000
nid005001:51255:51255 [2] NCCL INFO Ring 9 : 10 -> 2 -> 3 comm 0x561cb6d30be0 nRanks 16 busId c9000
nid005001:51255:51255 [2] NCCL INFO Ring 10 : 3 -> 2 -> 4 comm 0x561cb6d30be0 nRanks 16 busId c9000
nid005001:51260:51260 [5] NCCL INFO Ring 0 : 1 -> 5 -> 4 comm 0x563c5568fc70 nRanks 16 busId d6000
nid005001:51260:51260 [5] NCCL INFO Ring 1 : 4 -> 5 -> 1 comm 0x563c5568fc70 nRanks 16 busId d6000
nid005001:51260:51260 [5] NCCL INFO Ring 2 : 4 -> 5 -> 13 comm 0x563c5568fc70 nRanks 16 busId d6000
nid005001:51260:51260 [5] NCCL INFO Ring 3 : 13 -> 5 -> 4 comm 0x563c5568fc70 nRanks 16 busId d6000
nid005001:51260:51260 [5] NCCL INFO Ring 4 : 1 -> 5 -> 4 comm 0x563c5568fc70 nRanks 16 busId d6000
nid005001:51260:51260 [5] NCCL INFO Ring 5 : 4 -> 5 -> 1 comm 0x563c5568fc70 nRanks 16 busId d6000
nid005001:51260:51260 [5] NCCL INFO Ring 6 : 4 -> 5 -> 13 comm 0x563c5568fc70 nRanks 16 busId d6000
nid005001:51260:51260 [5] NCCL INFO Ring 7 : 13 -> 5 -> 4 comm 0x563c5568fc70 nRanks 16 busId d6000
nid005001:51260:51260 [5] NCCL INFO Ring 8 : 1 -> 5 -> 4 comm 0x563c5568fc70 nRanks 16 busId d6000
nid005001:51260:51260 [5] NCCL INFO Ring 9 : 4 -> 5 -> 1 comm 0x563c5568fc70 nRanks 16 busId d6000
nid005001:51260:51260 [5] NCCL INFO Ring 10 : 4 -> 5 -> 13 comm 0x563c5568fc70 nRanks 16 busId d6000
nid005001:51260:51260 [5] NCCL INFO Ring 11 : 13 -> 5 -> 4 comm 0x563c5568fc70 nRanks 16 busId d6000
nid005001:51260:51260 [5] NCCL INFO Ring 12 : 1 -> 5 -> 4 comm 0x563c5568fc70 nRanks 16 busId d6000
nid005001:51260:51260 [5] NCCL INFO Ring 13 : 4 -> 5 -> 1 comm 0x563c5568fc70 nRanks 16 busId d6000
nid005001:51260:51260 [5] NCCL INFO Ring 14 : 4 -> 5 -> 13 comm 0x563c5568fc70 nRanks 16 busId d6000
nid005001:51260:51260 [5] NCCL INFO Ring 15 : 13 -> 5 -> 4 comm 0x563c5568fc70 nRanks 16 busId d6000
nid005001:51257:51257 [4] NCCL INFO Ring 7 : 5 -> 4 -> 2 comm 0x556f08767700 nRanks 16 busId d1000
nid005001:51257:51257 [4] NCCL INFO Ring 8 : 5 -> 4 -> 6 comm 0x556f08767700 nRanks 16 busId d1000
nid005001:51257:51257 [4] NCCL INFO Ring 9 : 6 -> 4 -> 5 comm 0x556f08767700 nRanks 16 busId d1000
nid005001:51257:51257 [4] NCCL INFO Ring 10 : 2 -> 4 -> 5 comm 0x556f08767700 nRanks 16 busId d1000
nid005001:51257:51257 [4] NCCL INFO Ring 11 : 5 -> 4 -> 2 comm 0x556f08767700 nRanks 16 busId d1000
nid005001:51257:51257 [4] NCCL INFO Ring 12 : 5 -> 4 -> 6 comm 0x556f08767700 nRanks 16 busId d1000
nid005001:51257:51257 [4] NCCL INFO Ring 13 : 6 -> 4 -> 5 comm 0x556f08767700 nRanks 16 busId d1000
nid005001:51257:51257 [4] NCCL INFO Ring 14 : 2 -> 4 -> 5 comm 0x556f08767700 nRanks 16 busId d1000
nid005001:51257:51257 [4] NCCL INFO Ring 15 : 5 -> 4 -> 2 comm 0x556f08767700 nRanks 16 busId d1000
nid005001:51257:51257 [4] NCCL INFO Trees [0] 6/-1/-1->4->5 [1] 5/-1/-1->4->6 [2] 5/-1/-1->4->2 [3] 2/-1/-1->4->5 [4] 6/-1/-1->4->5 [5] 5/-1/-1->4->6 [6] 5/-1/-1->4->2 [7] 2/-1/-1->4->5 [8] 6/-1/-1->4->5 [9] 5/-1/-1->4->6 [10] 5/-1/-1->4->2 [11] 2/-1/-1->4->5 [12] 6/-1/-1->4->5 [13] 5/-1/-1->4->6 [14] 5/-1/-1->4->2 [15] 2/-1/-1->4->5 comm 0x556f08767700 nRanks 16 busId d1000
nid005001:51257:51257 [4] NCCL INFO P2P Chunksize set to 131072
nid005001:51259:51259 [7] NCCL INFO Ring 0 : 6 -> 7 -> 3 comm 0x55cec4cea9e0 nRanks 16 busId de000
nid005001:51259:51259 [7] NCCL INFO Ring 1 : 3 -> 7 -> 6 comm 0x55cec4cea9e0 nRanks 16 busId de000
nid005001:51259:51259 [7] NCCL INFO Ring 2 : 15 -> 7 -> 6 comm 0x55cec4cea9e0 nRanks 16 busId de000
nid005001:51259:51259 [7] NCCL INFO Ring 3 : 6 -> 7 -> 15 comm 0x55cec4cea9e0 nRanks 16 busId de000
nid005001:51259:51259 [7] NCCL INFO Ring 4 : 6 -> 7 -> 3 comm 0x55cec4cea9e0 nRanks 16 busId de000
nid005001:51259:51259 [7] NCCL INFO Ring 5 : 3 -> 7 -> 6 comm 0x55cec4cea9e0 nRanks 16 busId de000
nid005001:51259:51259 [7] NCCL INFO Ring 6 : 15 -> 7 -> 6 comm 0x55cec4cea9e0 nRanks 16 busId de000
nid005001:51259:51259 [7] NCCL INFO Ring 7 : 6 -> 7 -> 15 comm 0x55cec4cea9e0 nRanks 16 busId de000
nid005001:51259:51259 [7] NCCL INFO Ring 8 : 6 -> 7 -> 3 comm 0x55cec4cea9e0 nRanks 16 busId de000
nid005001:51259:51259 [7] NCCL INFO Ring 9 : 3 -> 7 -> 6 comm 0x55cec4cea9e0 nRanks 16 busId de000
nid005001:51259:51259 [7] NCCL INFO Ring 10 : 15 -> 7 -> 6 comm 0x55cec4cea9e0 nRanks 16 busId de000
nid005001:51259:51259 [7] NCCL INFO Ring 11 : 6 -> 7 -> 15 comm 0x55cec4cea9e0 nRanks 16 busId de000
nid005001:51259:51259 [7] NCCL INFO Ring 12 : 6 -> 7 -> 3 comm 0x55cec4cea9e0 nRanks 16 busId de000
nid005001:51259:51259 [7] NCCL INFO Ring 13 : 3 -> 7 -> 6 comm 0x55cec4cea9e0 nRanks 16 busId de000
nid005001:51259:51259 [7] NCCL INFO Ring 14 : 15 -> 7 -> 6 comm 0x55cec4cea9e0 nRanks 16 busId de000
nid005001:51259:51259 [7] NCCL INFO Ring 15 : 6 -> 7 -> 15 comm 0x55cec4cea9e0 nRanks 16 busId de000
nid005001:51259:51259 [7] NCCL INFO Trees [0] 3/-1/-1->7->6 [1] 6/-1/-1->7->3 [2] 6/15/-1->7->-1 [3] -1/-1/-1->7->6 [4] 3/-1/-1->7->6 [5] 6/-1/-1->7->3 [6] 6/15/-1->7->-1 [7] -1/-1/-1->7->6 [8] 3/-1/-1->7->6 [9] 6/-1/-1->7->3 [10] 6/-1/-1->7->15 [11] -1/-1/-1->7->6 [12] 3/-1/-1->7->6 [13] 6/-1/-1->7->3 [14] 6/-1/-1->7->15 [15] -1/-1/-1->7->6 comm 0x55cec4cea9e0 nRanks 16 busId de000
nid005001:51259:51259 [7] NCCL INFO P2P Chunksize set to 131072
nid005001:51256:51256 [3] NCCL INFO Ring 0 : 7 -> 3 -> 2 comm 0x55d595467d90 nRanks 16 busId ce000
nid005001:51256:51256 [3] NCCL INFO Ring 1 : 2 -> 3 -> 7 comm 0x55d595467d90 nRanks 16 busId ce000
nid005001:51256:51256 [3] NCCL INFO Ring 2 : 1 -> 3 -> 2 comm 0x55d595467d90 nRanks 16 busId ce000
nid005001:51256:51256 [3] NCCL INFO Ring 3 : 2 -> 3 -> 1 comm 0x55d595467d90 nRanks 16 busId ce000
nid005001:51256:51256 [3] NCCL INFO Ring 4 : 7 -> 3 -> 2 comm 0x55d595467d90 nRanks 16 busId ce000
nid005001:51256:51256 [3] NCCL INFO Ring 5 : 2 -> 3 -> 7 comm 0x55d595467d90 nRanks 16 busId ce000
nid005001:51256:51256 [3] NCCL INFO Ring 6 : 1 -> 3 -> 2 comm 0x55d595467d90 nRanks 16 busId ce000
nid005001:51256:51256 [3] NCCL INFO Ring 7 : 2 -> 3 -> 1 comm 0x55d595467d90 nRanks 16 busId ce000
nid005001:51256:51256 [3] NCCL INFO Ring 8 : 7 -> 3 -> 2 comm 0x55d595467d90 nRanks 16 busId ce000
nid005001:51256:51256 [3] NCCL INFO Ring 9 : 2 -> 3 -> 7 comm 0x55d595467d90 nRanks 16 busId ce000
nid005001:51256:51256 [3] NCCL INFO Ring 10 : 1 -> 3 -> 2 comm 0x55d595467d90 nRanks 16 busId ce000
nid005001:51256:51256 [3] NCCL INFO Ring 11 : 2 -> 3 -> 1 comm 0x55d595467d90 nRanks 16 busId ce000
nid005001:51256:51256 [3] NCCL INFO Ring 12 : 7 -> 3 -> 2 comm 0x55d595467d90 nRanks 16 busId ce000
nid005001:51256:51256 [3] NCCL INFO Ring 13 : 2 -> 3 -> 7 comm 0x55d595467d90 nRanks 16 busId ce000
nid005001:51256:51256 [3] NCCL INFO Ring 14 : 1 -> 3 -> 2 comm 0x55d595467d90 nRanks 16 busId ce000
nid005001:51256:51256 [3] NCCL INFO Ring 15 : 2 -> 3 -> 1 comm 0x55d595467d90 nRanks 16 busId ce000
nid005001:51256:51256 [3] NCCL INFO Trees [0] 2/-1/-1->3->7 [1] 7/-1/-1->3->2 [2] 2/-1/-1->3->1 [3] 1/-1/-1->3->2 [4] 2/-1/-1->3->7 [5] 7/-1/-1->3->2 [6] 2/-1/-1->3->1 [7] 1/-1/-1->3->2 [8] 2/-1/-1->3->7 [9] 7/-1/-1->3->2 [10] 2/-1/-1->3->1 [11] 1/-1/-1->3->2 [12] 2/-1/-1->3->7 [13] 7/-1/-1->3->2 [14] 2/-1/-1->3->1 [15] 1/-1/-1->3->2 comm 0x55d595467d90 nRanks 16 busId ce000
nid005001:51256:51256 [3] NCCL INFO P2P Chunksize set to 131072
nid005001:51255:51255 [2] NCCL INFO Ring 11 : 4 -> 2 -> 3 comm 0x561cb6d30be0 nRanks 16 busId c9000
nid005001:51255:51255 [2] NCCL INFO Ring 12 : 3 -> 2 -> 10 comm 0x561cb6d30be0 nRanks 16 busId c9000
nid005001:51255:51255 [2] NCCL INFO Ring 13 : 10 -> 2 -> 3 comm 0x561cb6d30be0 nRanks 16 busId c9000
nid005001:51255:51255 [2] NCCL INFO Ring 14 : 3 -> 2 -> 4 comm 0x561cb6d30be0 nRanks 16 busId c9000
nid005001:51255:51255 [2] NCCL INFO Ring 15 : 4 -> 2 -> 3 comm 0x561cb6d30be0 nRanks 16 busId c9000
nid005001:51255:51255 [2] NCCL INFO Trees [0] -1/-1/-1->2->3 [1] 3/10/-1->2->-1 [2] 4/-1/-1->2->3 [3] 3/-1/-1->2->4 [4] -1/-1/-1->2->3 [5] 3/10/-1->2->-1 [6] 4/-1/-1->2->3 [7] 3/-1/-1->2->4 [8] -1/-1/-1->2->3 [9] 3/-1/-1->2->10 [10] 4/-1/-1->2->3 [11] 3/-1/-1->2->4 [12] -1/-1/-1->2->3 [13] 3/-1/-1->2->10 [14] 4/-1/-1->2->3 [15] 3/-1/-1->2->4 comm 0x561cb6d30be0 nRanks 16 busId c9000
nid005001:51255:51255 [2] NCCL INFO P2P Chunksize set to 131072
nid005001:51260:51260 [5] NCCL INFO Trees [0] 4/-1/-1->5->1 [1] 1/-1/-1->5->4 [2] -1/-1/-1->5->4 [3] 4/13/-1->5->-1 [4] 4/-1/-1->5->1 [5] 1/-1/-1->5->4 [6] -1/-1/-1->5->4 [7] 4/13/-1->5->-1 [8] 4/-1/-1->5->1 [9] 1/-1/-1->5->4 [10] -1/-1/-1->5->4 [11] 4/-1/-1->5->13 [12] 4/-1/-1->5->1 [13] 1/-1/-1->5->4 [14] -1/-1/-1->5->4 [15] 4/-1/-1->5->13 comm 0x563c5568fc70 nRanks 16 busId d6000
nid005001:51260:51260 [5] NCCL INFO P2P Chunksize set to 131072
nid005001:51254:51254 [0] NCCL INFO comm 0x55bd836e47a0 rank 0 nRanks 16 nNodes 2 localRanks 8 localRank 0 MNNVL 0
nid005001:51254:51254 [0] NCCL INFO [RINGS]      00     01     02     03     04     05     06     07
nid005001:51254:51254 [0] NCCL INFO [RINGS]  00->02 02->00 07->05 05->07 00->02 02->00 07->05 05->07
nid005001:51254:51254 [0] NCCL INFO [RINGS]  02->00 00->02 05->07 07->05 02->00 00->02 05->07 07->05
nid005001:51254:51254 [0] NCCL INFO Tree 0 : -1 -> 0 -> 1/8/-1
nid005001:51254:51254 [0] NCCL INFO Tree 8 : 8 -> 0 -> 1/-1/-1
nid005001:51254:51254 [0] NCCL INFO Tree 4 : -1 -> 0 -> 1/8/-1
nid005001:51254:51254 [0] NCCL INFO Tree 12 : 8 -> 0 -> 1/-1/-1
nid005001:51253:51253 [1] NCCL INFO comm 0x555be8224af0 rank 1 nRanks 16 nNodes 2 localRanks 8 localRank 1 MNNVL 0
nid005001:51253:51253 [1] NCCL INFO Tree 0 : 0 -> 1 -> 5/-1/-1
nid005001:51253:51253 [1] NCCL INFO Tree 8 : 0 -> 1 -> 5/-1/-1
nid005001:51253:51253 [1] NCCL INFO Tree 4 : 0 -> 1 -> 5/-1/-1
nid005001:51253:51253 [1] NCCL INFO Tree 12 : 0 -> 1 -> 5/-1/-1
nid005001:51253:51253 [1] NCCL INFO Ring 0 : 0 -> 1 -> 5 comm 0x555be8224af0 nRanks 16 busId c6000
nid005001:51253:51253 [1] NCCL INFO Ring 1 : 5 -> 1 -> 0 comm 0x555be8224af0 nRanks 16 busId c6000
nid005001:51253:51253 [1] NCCL INFO Ring 2 : 0 -> 1 -> 3 comm 0x555be8224af0 nRanks 16 busId c6000
nid005001:51253:51253 [1] NCCL INFO Ring 3 : 3 -> 1 -> 0 comm 0x555be8224af0 nRanks 16 busId c6000
nid005001:51253:51253 [1] NCCL INFO Ring 4 : 0 -> 1 -> 5 comm 0x555be8224af0 nRanks 16 busId c6000
nid005001:51254:51254 [0] NCCL INFO Channel 00/16 :    0   1   5   4   6   7   3   2  10  11  15  14  12  13   9   8
nid005001:51254:51254 [0] NCCL INFO Channel 01/16 :    0   8   9  13  12  14  15  11  10   2   3   7   6   4   5   1
nid005001:51254:51254 [0] NCCL INFO Channel 02/16 :    0   1   3   2   4   5  13  12  10  11   9   8  14  15   7   6
nid005001:51254:51254 [0] NCCL INFO Channel 03/16 :    0   6   7  15  14   8   9  11  10  12  13   5   4   2   3   1
nid005001:51254:51254 [0] NCCL INFO Channel 04/16 :    0   1   5   4   6   7   3   2  10  11  15  14  12  13   9   8
nid005001:51254:51254 [0] NCCL INFO Channel 05/16 :    0   8   9  13  12  14  15  11  10   2   3   7   6   4   5   1
nid005001:51254:51254 [0] NCCL INFO Channel 06/16 :    0   1   3   2   4   5  13  12  10  11   9   8  14  15   7   6
nid005001:51254:51254 [0] NCCL INFO Channel 07/16 :    0   6   7  15  14   8   9  11  10  12  13   5   4   2   3   1
nid005001:51254:51254 [0] NCCL INFO Channel 08/16 :    0   1   5   4   6   7   3   2  10  11  15  14  12  13   9   8
nid005001:51254:51254 [0] NCCL INFO Channel 09/16 :    0   8   9  13  12  14  15  11  10   2   3   7   6   4   5   1
nid005001:51254:51254 [0] NCCL INFO Channel 10/16 :    0   1   3   2   4   5  13  12  10  11   9   8  14  15   7   6
nid005001:51253:51253 [1] NCCL INFO Ring 5 : 5 -> 1 -> 0 comm 0x555be8224af0 nRanks 16 busId c6000
nid005001:51253:51253 [1] NCCL INFO Ring 6 : 0 -> 1 -> 3 comm 0x555be8224af0 nRanks 16 busId c6000
nid005001:51253:51253 [1] NCCL INFO Ring 7 : 3 -> 1 -> 0 comm 0x555be8224af0 nRanks 16 busId c6000
nid005001:51253:51253 [1] NCCL INFO Ring 8 : 0 -> 1 -> 5 comm 0x555be8224af0 nRanks 16 busId c6000
nid005001:51253:51253 [1] NCCL INFO Ring 9 : 5 -> 1 -> 0 comm 0x555be8224af0 nRanks 16 busId c6000
nid005001:51253:51253 [1] NCCL INFO Ring 10 : 0 -> 1 -> 3 comm 0x555be8224af0 nRanks 16 busId c6000
nid005001:51253:51253 [1] NCCL INFO Ring 11 : 3 -> 1 -> 0 comm 0x555be8224af0 nRanks 16 busId c6000
nid005001:51253:51253 [1] NCCL INFO Ring 12 : 0 -> 1 -> 5 comm 0x555be8224af0 nRanks 16 busId c6000
nid005001:51253:51253 [1] NCCL INFO Ring 13 : 5 -> 1 -> 0 comm 0x555be8224af0 nRanks 16 busId c6000
nid005001:51253:51253 [1] NCCL INFO Ring 14 : 0 -> 1 -> 3 comm 0x555be8224af0 nRanks 16 busId c6000
nid005001:51253:51253 [1] NCCL INFO Ring 15 : 3 -> 1 -> 0 comm 0x555be8224af0 nRanks 16 busId c6000
nid005001:51253:51253 [1] NCCL INFO Trees [0] 5/-1/-1->1->0 [1] 0/-1/-1->1->5 [2] 3/-1/-1->1->0 [3] 0/-1/-1->1->3 [4] 5/-1/-1->1->0 [5] 0/-1/-1->1->5 [6] 3/-1/-1->1->0 [7] 0/-1/-1->1->3 [8] 5/-1/-1->1->0 [9] 0/-1/-1->1->5 [10] 3/-1/-1->1->0 [11] 0/-1/-1->1->3 [12] 5/-1/-1->1->0 [13] 0/-1/-1->1->5 [14] 3/-1/-1->1->0 [15] 0/-1/-1->1->3 comm 0x555be8224af0 nRanks 16 busId c6000
nid005001:51253:51253 [1] NCCL INFO P2P Chunksize set to 131072
nid005001:51254:51254 [0] NCCL INFO Channel 11/16 :    0   6   7  15  14   8   9  11  10  12  13   5   4   2   3   1
nid005001:51254:51254 [0] NCCL INFO Channel 12/16 :    0   1   5   4   6   7   3   2  10  11  15  14  12  13   9   8
nid005001:51254:51254 [0] NCCL INFO Channel 13/16 :    0   8   9  13  12  14  15  11  10   2   3   7   6   4   5   1
nid005001:51254:51254 [0] NCCL INFO Channel 14/16 :    0   1   3   2   4   5  13  12  10  11   9   8  14  15   7   6
nid005001:51254:51254 [0] NCCL INFO Channel 15/16 :    0   6   7  15  14   8   9  11  10  12  13   5   4   2   3   1
nid005001:51254:51254 [0] NCCL INFO Ring 0 : 8 -> 0 -> 1 comm 0x55bd836e47a0 nRanks 16 busId c1000
nid005001:51254:51254 [0] NCCL INFO Ring 1 : 1 -> 0 -> 8 comm 0x55bd836e47a0 nRanks 16 busId c1000
nid005001:51254:51254 [0] NCCL INFO Ring 2 : 6 -> 0 -> 1 comm 0x55bd836e47a0 nRanks 16 busId c1000
nid005001:51254:51254 [0] NCCL INFO Ring 3 : 1 -> 0 -> 6 comm 0x55bd836e47a0 nRanks 16 busId c1000
nid005001:51254:51254 [0] NCCL INFO Ring 4 : 8 -> 0 -> 1 comm 0x55bd836e47a0 nRanks 16 busId c1000
nid005001:51254:51254 [0] NCCL INFO Ring 5 : 1 -> 0 -> 8 comm 0x55bd836e47a0 nRanks 16 busId c1000
nid005001:51254:51254 [0] NCCL INFO Ring 6 : 6 -> 0 -> 1 comm 0x55bd836e47a0 nRanks 16 busId c1000
nid005001:51254:51254 [0] NCCL INFO Ring 7 : 1 -> 0 -> 6 comm 0x55bd836e47a0 nRanks 16 busId c1000
nid005001:51254:51254 [0] NCCL INFO Ring 8 : 8 -> 0 -> 1 comm 0x55bd836e47a0 nRanks 16 busId c1000
nid005001:51254:51254 [0] NCCL INFO Ring 9 : 1 -> 0 -> 8 comm 0x55bd836e47a0 nRanks 16 busId c1000
nid005001:51254:51254 [0] NCCL INFO Ring 10 : 6 -> 0 -> 1 comm 0x55bd836e47a0 nRanks 16 busId c1000
nid005001:51254:51254 [0] NCCL INFO Ring 11 : 1 -> 0 -> 6 comm 0x55bd836e47a0 nRanks 16 busId c1000
nid005001:51254:51254 [0] NCCL INFO Ring 12 : 8 -> 0 -> 1 comm 0x55bd836e47a0 nRanks 16 busId c1000
nid005001:51254:51254 [0] NCCL INFO Ring 13 : 1 -> 0 -> 8 comm 0x55bd836e47a0 nRanks 16 busId c1000
nid005001:51254:51254 [0] NCCL INFO Ring 14 : 6 -> 0 -> 1 comm 0x55bd836e47a0 nRanks 16 busId c1000
nid005001:51254:51254 [0] NCCL INFO Ring 15 : 1 -> 0 -> 6 comm 0x55bd836e47a0 nRanks 16 busId c1000
nid005001:51254:51254 [0] NCCL INFO Trees [0] 1/8/-1->0->-1 [1] -1/-1/-1->0->1 [2] 1/-1/-1->0->6 [3] 6/-1/-1->0->1 [4] 1/8/-1->0->-1 [5] -1/-1/-1->0->1 [6] 1/-1/-1->0->6 [7] 6/-1/-1->0->1 [8] 1/-1/-1->0->8 [9] -1/-1/-1->0->1 [10] 1/-1/-1->0->6 [11] 6/-1/-1->0->1 [12] 1/-1/-1->0->8 [13] -1/-1/-1->0->1 [14] 1/-1/-1->0->6 [15] 6/-1/-1->0->1 comm 0x55bd836e47a0 nRanks 16 busId c1000
nid005001:51254:51254 [0] NCCL INFO P2P Chunksize set to 131072
nid005005:91502:91502 [6] NCCL INFO comm 0x561f3491e030 rank 14 nRanks 16 nNodes 2 localRanks 8 localRank 6 MNNVL 0
nid005005:91502:91502 [6] NCCL INFO Tree 2 : 15 -> 14 -> 8/-1/-1
nid005005:91502:91502 [6] NCCL INFO Tree 10 : 15 -> 14 -> 8/-1/-1
nid005005:91502:91502 [6] NCCL INFO Tree 6 : 15 -> 14 -> 8/-1/-1
nid005005:91502:91502 [6] NCCL INFO Tree 14 : 15 -> 14 -> 8/-1/-1
nid005005:91502:91502 [6] NCCL INFO Ring 0 : 15 -> 14 -> 12 comm 0x561f3491e030 nRanks 16 busId d9000
nid005005:91502:91502 [6] NCCL INFO Ring 1 : 12 -> 14 -> 15 comm 0x561f3491e030 nRanks 16 busId d9000
nid005005:91502:91502 [6] NCCL INFO Ring 2 : 8 -> 14 -> 15 comm 0x561f3491e030 nRanks 16 busId d9000
nid005005:91502:91502 [6] NCCL INFO Ring 3 : 15 -> 14 -> 8 comm 0x561f3491e030 nRanks 16 busId d9000
nid005005:91502:91502 [6] NCCL INFO Ring 4 : 15 -> 14 -> 12 comm 0x561f3491e030 nRanks 16 busId d9000
nid005005:91502:91502 [6] NCCL INFO Ring 5 : 12 -> 14 -> 15 comm 0x561f3491e030 nRanks 16 busId d9000
nid005005:91502:91502 [6] NCCL INFO Ring 6 : 8 -> 14 -> 15 comm 0x561f3491e030 nRanks 16 busId d9000
nid005005:91502:91502 [6] NCCL INFO Ring 7 : 15 -> 14 -> 8 comm 0x561f3491e030 nRanks 16 busId d9000
nid005005:91502:91502 [6] NCCL INFO Ring 8 : 15 -> 14 -> 12 comm 0x561f3491e030 nRanks 16 busId d9000
nid005005:91502:91502 [6] NCCL INFO Ring 9 : 12 -> 14 -> 15 comm 0x561f3491e030 nRanks 16 busId d9000
nid005005:91502:91502 [6] NCCL INFO Ring 10 : 8 -> 14 -> 15 comm 0x561f3491e030 nRanks 16 busId d9000
nid005005:91502:91502 [6] NCCL INFO Ring 11 : 15 -> 14 -> 8 comm 0x561f3491e030 nRanks 16 busId d9000
nid005005:91502:91502 [6] NCCL INFO Ring 12 : 15 -> 14 -> 12 comm 0x561f3491e030 nRanks 16 busId d9000
nid005005:91502:91502 [6] NCCL INFO Ring 13 : 12 -> 14 -> 15 comm 0x561f3491e030 nRanks 16 busId d9000
nid005005:91502:91502 [6] NCCL INFO Ring 14 : 8 -> 14 -> 15 comm 0x561f3491e030 nRanks 16 busId d9000
nid005005:91502:91502 [6] NCCL INFO Ring 15 : 15 -> 14 -> 8 comm 0x561f3491e030 nRanks 16 busId d9000
nid005005:91502:91502 [6] NCCL INFO Trees [0] 15/-1/-1->14->12 [1] 12/-1/-1->14->15 [2] 8/-1/-1->14->15 [3] 15/-1/-1->14->8 [4] 15/-1/-1->14->12 [5] 12/-1/-1->14->15 [6] 8/-1/-1->14->15 [7] 15/-1/-1->14->8 [8] 15/-1/-1->14->12 [9] 12/-1/-1->14->15 [10] 8/-1/-1->14->15 [11] 15/-1/-1->14->8 [12] 15/-1/-1->14->12 [13] 12/-1/-1->14->15 [14] 8/-1/-1->14->15 [15] 15/-1/-1->14->8 comm 0x561f3491e030 nRanks 16 busId d9000
nid005005:91502:91502 [6] NCCL INFO P2P Chunksize set to 131072
nid005005:91506:91506 [7] NCCL INFO comm 0x5596d7683540 rank 15 nRanks 16 nNodes 2 localRanks 8 localRank 7 MNNVL 0
nid005005:91506:91506 [7] NCCL INFO Tree 2 : 7 -> 15 -> 14/-1/-1
nid005005:91506:91506 [7] NCCL INFO Tree 10 : -1 -> 15 -> 14/7/-1
nid005005:91506:91506 [7] NCCL INFO Tree 6 : 7 -> 15 -> 14/-1/-1
nid005005:91506:91506 [7] NCCL INFO Tree 14 : -1 -> 15 -> 14/7/-1
nid005005:91506:91506 [7] NCCL INFO Ring 0 : 11 -> 15 -> 14 comm 0x5596d7683540 nRanks 16 busId de000
nid005005:91506:91506 [7] NCCL INFO Ring 1 : 14 -> 15 -> 11 comm 0x5596d7683540 nRanks 16 busId de000
nid005005:91506:91506 [7] NCCL INFO Ring 2 : 14 -> 15 -> 7 comm 0x5596d7683540 nRanks 16 busId de000
nid005005:91506:91506 [7] NCCL INFO Ring 3 : 7 -> 15 -> 14 comm 0x5596d7683540 nRanks 16 busId de000
nid005005:91506:91506 [7] NCCL INFO Ring 4 : 11 -> 15 -> 14 comm 0x5596d7683540 nRanks 16 busId de000
nid005005:91506:91506 [7] NCCL INFO Ring 5 : 14 -> 15 -> 11 comm 0x5596d7683540 nRanks 16 busId de000
nid005005:91506:91506 [7] NCCL INFO Ring 6 : 14 -> 15 -> 7 comm 0x5596d7683540 nRanks 16 busId de000
nid005005:91506:91506 [7] NCCL INFO Ring 7 : 7 -> 15 -> 14 comm 0x5596d7683540 nRanks 16 busId de000
nid005005:91506:91506 [7] NCCL INFO Ring 8 : 11 -> 15 -> 14 comm 0x5596d7683540 nRanks 16 busId de000
nid005005:91506:91506 [7] NCCL INFO Ring 9 : 14 -> 15 -> 11 comm 0x5596d7683540 nRanks 16 busId de000
nid005005:91506:91506 [7] NCCL INFO Ring 10 : 14 -> 15 -> 7 comm 0x5596d7683540 nRanks 16 busId de000
nid005005:91506:91506 [7] NCCL INFO Ring 11 : 7 -> 15 -> 14 comm 0x5596d7683540 nRanks 16 busId de000
nid005005:91506:91506 [7] NCCL INFO Ring 12 : 11 -> 15 -> 14 comm 0x5596d7683540 nRanks 16 busId de000
nid005005:91506:91506 [7] NCCL INFO Ring 13 : 14 -> 15 -> 11 comm 0x5596d7683540 nRanks 16 busId de000
nid005005:91506:91506 [7] NCCL INFO Ring 14 : 14 -> 15 -> 7 comm 0x5596d7683540 nRanks 16 busId de000
nid005005:91506:91506 [7] NCCL INFO Ring 15 : 7 -> 15 -> 14 comm 0x5596d7683540 nRanks 16 busId de000
nid005005:91506:91506 [7] NCCL INFO Trees [0] 11/-1/-1->15->14 [1] 14/-1/-1->15->11 [2] 14/-1/-1->15->7 [3] -1/-1/-1->15->14 [4] 11/-1/-1->15->14 [5] 14/-1/-1->15->11 [6] 14/-1/-1->15->7 [7] -1/-1/-1->15->14 [8] 11/-1/-1->15->14 [9] 14/-1/-1->15->11 [10] 14/7/-1->15->-1 [11] -1/-1/-1->15->14 [12] 11/-1/-1->15->14 [13] 14/-1/-1->15->11 [14] 14/7/-1->15->-1 [15] -1/-1/-1->15->14 comm 0x5596d7683540 nRanks 16 busId de000
nid005005:91506:91506 [7] NCCL INFO P2P Chunksize set to 131072
nid005005:91501:91501 [4] NCCL INFO comm 0x55e4108ea9c0 rank 12 nRanks 16 nNodes 2 localRanks 8 localRank 4 MNNVL 0
nid005005:91501:91501 [4] NCCL INFO Tree 3 : 13 -> 12 -> 10/-1/-1
nid005005:91501:91501 [4] NCCL INFO Tree 11 : 13 -> 12 -> 10/-1/-1
nid005005:91501:91501 [4] NCCL INFO Tree 7 : 13 -> 12 -> 10/-1/-1
nid005005:91501:91501 [4] NCCL INFO Tree 15 : 13 -> 12 -> 10/-1/-1
nid005005:91501:91501 [4] NCCL INFO Ring 0 : 14 -> 12 -> 13 comm 0x55e4108ea9c0 nRanks 16 busId d1000
nid005005:91501:91501 [4] NCCL INFO Ring 1 : 13 -> 12 -> 14 comm 0x55e4108ea9c0 nRanks 16 busId d1000
nid005005:91501:91501 [4] NCCL INFO Ring 2 : 13 -> 12 -> 10 comm 0x55e4108ea9c0 nRanks 16 busId d1000
nid005005:91501:91501 [4] NCCL INFO Ring 3 : 10 -> 12 -> 13 comm 0x55e4108ea9c0 nRanks 16 busId d1000
nid005005:91501:91501 [4] NCCL INFO Ring 4 : 14 -> 12 -> 13 comm 0x55e4108ea9c0 nRanks 16 busId d1000
nid005005:91501:91501 [4] NCCL INFO Ring 5 : 13 -> 12 -> 14 comm 0x55e4108ea9c0 nRanks 16 busId d1000
nid005005:91501:91501 [4] NCCL INFO Ring 6 : 13 -> 12 -> 10 comm 0x55e4108ea9c0 nRanks 16 busId d1000
nid005005:91501:91501 [4] NCCL INFO Ring 7 : 10 -> 12 -> 13 comm 0x55e4108ea9c0 nRanks 16 busId d1000
nid005005:91501:91501 [4] NCCL INFO Ring 8 : 14 -> 12 -> 13 comm 0x55e4108ea9c0 nRanks 16 busId d1000
nid005005:91501:91501 [4] NCCL INFO Ring 9 : 13 -> 12 -> 14 comm 0x55e4108ea9c0 nRanks 16 busId d1000
nid005005:91501:91501 [4] NCCL INFO Ring 10 : 13 -> 12 -> 10 comm 0x55e4108ea9c0 nRanks 16 busId d1000
nid005005:91501:91501 [4] NCCL INFO Ring 11 : 10 -> 12 -> 13 comm 0x55e4108ea9c0 nRanks 16 busId d1000
nid005005:91501:91501 [4] NCCL INFO Ring 12 : 14 -> 12 -> 13 comm 0x55e4108ea9c0 nRanks 16 busId d1000
nid005005:91501:91501 [4] NCCL INFO Ring 13 : 13 -> 12 -> 14 comm 0x55e4108ea9c0 nRanks 16 busId d1000
nid005005:91501:91501 [4] NCCL INFO Ring 14 : 13 -> 12 -> 10 comm 0x55e4108ea9c0 nRanks 16 busId d1000
nid005005:91501:91501 [4] NCCL INFO Ring 15 : 10 -> 12 -> 13 comm 0x55e4108ea9c0 nRanks 16 busId d1000
nid005005:91501:91501 [4] NCCL INFO Trees [0] 14/-1/-1->12->13 [1] 13/-1/-1->12->14 [2] 13/-1/-1->12->10 [3] 10/-1/-1->12->13 [4] 14/-1/-1->12->13 [5] 13/-1/-1->12->14 [6] 13/-1/-1->12->10 [7] 10/-1/-1->12->13 [8] 14/-1/-1->12->13 [9] 13/-1/-1->12->14 [10] 13/-1/-1->12->10 [11] 10/-1/-1->12->13 [12] 14/-1/-1->12->13 [13] 13/-1/-1->12->14 [14] 13/-1/-1->12->10 [15] 10/-1/-1->12->13 comm 0x55e4108ea9c0 nRanks 16 busId d1000
nid005005:91501:91501 [4] NCCL INFO P2P Chunksize set to 131072
nid005005:91503:91503 [5] NCCL INFO comm 0x55ca05633170 rank 13 nRanks 16 nNodes 2 localRanks 8 localRank 5 MNNVL 0
nid005005:91503:91503 [5] NCCL INFO Tree 3 : 5 -> 13 -> 12/-1/-1
nid005005:91503:91503 [5] NCCL INFO Tree 11 : -1 -> 13 -> 12/5/-1
nid005005:91503:91503 [5] NCCL INFO Tree 7 : 5 -> 13 -> 12/-1/-1
nid005005:91503:91503 [5] NCCL INFO Tree 15 : -1 -> 13 -> 12/5/-1
nid005005:91503:91503 [5] NCCL INFO Ring 0 : 12 -> 13 -> 9 comm 0x55ca05633170 nRanks 16 busId d6000
nid005005:91503:91503 [5] NCCL INFO Ring 1 : 9 -> 13 -> 12 comm 0x55ca05633170 nRanks 16 busId d6000
nid005005:91503:91503 [5] NCCL INFO Ring 2 : 5 -> 13 -> 12 comm 0x55ca05633170 nRanks 16 busId d6000
nid005005:91503:91503 [5] NCCL INFO Ring 3 : 12 -> 13 -> 5 comm 0x55ca05633170 nRanks 16 busId d6000
nid005005:91503:91503 [5] NCCL INFO Ring 4 : 12 -> 13 -> 9 comm 0x55ca05633170 nRanks 16 busId d6000
nid005005:91503:91503 [5] NCCL INFO Ring 5 : 9 -> 13 -> 12 comm 0x55ca05633170 nRanks 16 busId d6000
nid005005:91503:91503 [5] NCCL INFO Ring 6 : 5 -> 13 -> 12 comm 0x55ca05633170 nRanks 16 busId d6000
nid005005:91503:91503 [5] NCCL INFO Ring 7 : 12 -> 13 -> 5 comm 0x55ca05633170 nRanks 16 busId d6000
nid005005:91503:91503 [5] NCCL INFO Ring 8 : 12 -> 13 -> 9 comm 0x55ca05633170 nRanks 16 busId d6000
nid005005:91503:91503 [5] NCCL INFO Ring 9 : 9 -> 13 -> 12 comm 0x55ca05633170 nRanks 16 busId d6000
nid005005:91503:91503 [5] NCCL INFO Ring 10 : 5 -> 13 -> 12 comm 0x55ca05633170 nRanks 16 busId d6000
nid005005:91503:91503 [5] NCCL INFO Ring 11 : 12 -> 13 -> 5 comm 0x55ca05633170 nRanks 16 busId d6000
nid005005:91503:91503 [5] NCCL INFO Ring 12 : 12 -> 13 -> 9 comm 0x55ca05633170 nRanks 16 busId d6000
nid005005:91503:91503 [5] NCCL INFO Ring 13 : 9 -> 13 -> 12 comm 0x55ca05633170 nRanks 16 busId d6000
nid005005:91503:91503 [5] NCCL INFO Ring 14 : 5 -> 13 -> 12 comm 0x55ca05633170 nRanks 16 busId d6000
nid005005:91503:91503 [5] NCCL INFO Ring 15 : 12 -> 13 -> 5 comm 0x55ca05633170 nRanks 16 busId d6000
nid005005:91503:91503 [5] NCCL INFO Trees [0] 12/-1/-1->13->9 [1] 9/-1/-1->13->12 [2] -1/-1/-1->13->12 [3] 12/-1/-1->13->5 [4] 12/-1/-1->13->9 [5] 9/-1/-1->13->12 [6] -1/-1/-1->13->12 [7] 12/-1/-1->13->5 [8] 12/-1/-1->13->9 [9] 9/-1/-1->13->12 [10] -1/-1/-1->13->12 [11] 12/5/-1->13->-1 [12] 12/-1/-1->13->9 [13] 9/-1/-1->13->12 [14] -1/-1/-1->13->12 [15] 12/5/-1->13->-1 comm 0x55ca05633170 nRanks 16 busId d6000
nid005005:91503:91503 [5] NCCL INFO P2P Chunksize set to 131072
nid005005:91505:91505 [2] NCCL INFO comm 0x555abdc8d1d0 rank 10 nRanks 16 nNodes 2 localRanks 8 localRank 2 MNNVL 0
nid005005:91505:91505 [2] NCCL INFO Tree 1 : 2 -> 10 -> 11/-1/-1
nid005005:91505:91505 [2] NCCL INFO Tree 9 : -1 -> 10 -> 11/2/-1
nid005005:91505:91505 [2] NCCL INFO Tree 5 : 2 -> 10 -> 11/-1/-1
nid005005:91505:91505 [2] NCCL INFO Tree 13 : -1 -> 10 -> 11/2/-1
nid005005:91505:91505 [2] NCCL INFO Ring 0 : 2 -> 10 -> 11 comm 0x555abdc8d1d0 nRanks 16 busId c9000
nid005005:91505:91505 [2] NCCL INFO Ring 1 : 11 -> 10 -> 2 comm 0x555abdc8d1d0 nRanks 16 busId c9000
nid005005:91505:91505 [2] NCCL INFO Ring 2 : 12 -> 10 -> 11 comm 0x555abdc8d1d0 nRanks 16 busId c9000
nid005005:91505:91505 [2] NCCL INFO Ring 3 : 11 -> 10 -> 12 comm 0x555abdc8d1d0 nRanks 16 busId c9000
nid005005:91505:91505 [2] NCCL INFO Ring 4 : 2 -> 10 -> 11 comm 0x555abdc8d1d0 nRanks 16 busId c9000
nid005005:91505:91505 [2] NCCL INFO Ring 5 : 11 -> 10 -> 2 comm 0x555abdc8d1d0 nRanks 16 busId c9000
nid005005:91505:91505 [2] NCCL INFO Ring 6 : 12 -> 10 -> 11 comm 0x555abdc8d1d0 nRanks 16 busId c9000
nid005005:91505:91505 [2] NCCL INFO Ring 7 : 11 -> 10 -> 12 comm 0x555abdc8d1d0 nRanks 16 busId c9000
nid005005:91505:91505 [2] NCCL INFO Ring 8 : 2 -> 10 -> 11 comm 0x555abdc8d1d0 nRanks 16 busId c9000
nid005005:91505:91505 [2] NCCL INFO Ring 9 : 11 -> 10 -> 2 comm 0x555abdc8d1d0 nRanks 16 busId c9000
nid005005:91505:91505 [2] NCCL INFO Ring 10 : 12 -> 10 -> 11 comm 0x555abdc8d1d0 nRanks 16 busId c9000
nid005005:91505:91505 [2] NCCL INFO Ring 11 : 11 -> 10 -> 12 comm 0x555abdc8d1d0 nRanks 16 busId c9000
nid005005:91505:91505 [2] NCCL INFO Ring 12 : 2 -> 10 -> 11 comm 0x555abdc8d1d0 nRanks 16 busId c9000
nid005005:91505:91505 [2] NCCL INFO Ring 13 : 11 -> 10 -> 2 comm 0x555abdc8d1d0 nRanks 16 busId c9000
nid005005:91505:91505 [2] NCCL INFO Ring 14 : 12 -> 10 -> 11 comm 0x555abdc8d1d0 nRanks 16 busId c9000
nid005005:91505:91505 [2] NCCL INFO Ring 15 : 11 -> 10 -> 12 comm 0x555abdc8d1d0 nRanks 16 busId c9000
nid005005:91505:91505 [2] NCCL INFO Trees [0] -1/-1/-1->10->11 [1] 11/-1/-1->10->2 [2] 12/-1/-1->10->11 [3] 11/-1/-1->10->12 [4] -1/-1/-1->10->11 [5] 11/-1/-1->10->2 [6] 12/-1/-1->10->11 [7] 11/-1/-1->10->12 [8] -1/-1/-1->10->11 [9] 11/2/-1->10->-1 [10] 12/-1/-1->10->11 [11] 11/-1/-1->10->12 [12] -1/-1/-1->10->11 [13] 11/2/-1->10->-1 [14] 12/-1/-1->10->11 [15] 11/-1/-1->10->12 comm 0x555abdc8d1d0 nRanks 16 busId c9000
nid005005:91505:91505 [2] NCCL INFO P2P Chunksize set to 131072
nid005005:91499:91499 [1] NCCL INFO comm 0x558da978c1c0 rank 9 nRanks 16 nNodes 2 localRanks 8 localRank 1 MNNVL 0
nid005005:91499:91499 [1] NCCL INFO Tree 0 : 8 -> 9 -> 13/-1/-1
nid005005:91499:91499 [1] NCCL INFO Tree 8 : 8 -> 9 -> 13/-1/-1
nid005005:91499:91499 [1] NCCL INFO Tree 4 : 8 -> 9 -> 13/-1/-1
nid005005:91499:91499 [1] NCCL INFO Tree 12 : 8 -> 9 -> 13/-1/-1
nid005005:91499:91499 [1] NCCL INFO Ring 0 : 13 -> 9 -> 8 comm 0x558da978c1c0 nRanks 16 busId c6000
nid005005:91499:91499 [1] NCCL INFO Ring 1 : 8 -> 9 -> 13 comm 0x558da978c1c0 nRanks 16 busId c6000
nid005005:91499:91499 [1] NCCL INFO Ring 2 : 11 -> 9 -> 8 comm 0x558da978c1c0 nRanks 16 busId c6000
nid005005:91499:91499 [1] NCCL INFO Ring 3 : 8 -> 9 -> 11 comm 0x558da978c1c0 nRanks 16 busId c6000
nid005005:91499:91499 [1] NCCL INFO Ring 4 : 13 -> 9 -> 8 comm 0x558da978c1c0 nRanks 16 busId c6000
nid005005:91499:91499 [1] NCCL INFO Ring 5 : 8 -> 9 -> 13 comm 0x558da978c1c0 nRanks 16 busId c6000
nid005005:91499:91499 [1] NCCL INFO Ring 6 : 11 -> 9 -> 8 comm 0x558da978c1c0 nRanks 16 busId c6000
nid005005:91499:91499 [1] NCCL INFO Ring 7 : 8 -> 9 -> 11 comm 0x558da978c1c0 nRanks 16 busId c6000
nid005005:91499:91499 [1] NCCL INFO Ring 8 : 13 -> 9 -> 8 comm 0x558da978c1c0 nRanks 16 busId c6000
nid005005:91499:91499 [1] NCCL INFO Ring 9 : 8 -> 9 -> 13 comm 0x558da978c1c0 nRanks 16 busId c6000
nid005005:91499:91499 [1] NCCL INFO Ring 10 : 11 -> 9 -> 8 comm 0x558da978c1c0 nRanks 16 busId c6000
nid005005:91499:91499 [1] NCCL INFO Ring 11 : 8 -> 9 -> 11 comm 0x558da978c1c0 nRanks 16 busId c6000
nid005005:91499:91499 [1] NCCL INFO Ring 12 : 13 -> 9 -> 8 comm 0x558da978c1c0 nRanks 16 busId c6000
nid005005:91499:91499 [1] NCCL INFO Ring 13 : 8 -> 9 -> 13 comm 0x558da978c1c0 nRanks 16 busId c6000
nid005005:91499:91499 [1] NCCL INFO Ring 14 : 11 -> 9 -> 8 comm 0x558da978c1c0 nRanks 16 busId c6000
nid005005:91499:91499 [1] NCCL INFO Ring 15 : 8 -> 9 -> 11 comm 0x558da978c1c0 nRanks 16 busId c6000
nid005005:91499:91499 [1] NCCL INFO Trees [0] 13/-1/-1->9->8 [1] 8/-1/-1->9->13 [2] 11/-1/-1->9->8 [3] 8/-1/-1->9->11 [4] 13/-1/-1->9->8 [5] 8/-1/-1->9->13 [6] 11/-1/-1->9->8 [7] 8/-1/-1->9->11 [8] 13/-1/-1->9->8 [9] 8/-1/-1->9->13 [10] 11/-1/-1->9->8 [11] 8/-1/-1->9->11 [12] 13/-1/-1->9->8 [13] 8/-1/-1->9->13 [14] 11/-1/-1->9->8 [15] 8/-1/-1->9->11 comm 0x558da978c1c0 nRanks 16 busId c6000
nid005005:91499:91499 [1] NCCL INFO P2P Chunksize set to 131072
nid005005:91500:91500 [3] NCCL INFO comm 0x555b968350e0 rank 11 nRanks 16 nNodes 2 localRanks 8 localRank 3 MNNVL 0
nid005005:91500:91500 [3] NCCL INFO Tree 1 : 10 -> 11 -> 15/-1/-1
nid005005:91500:91500 [3] NCCL INFO Tree 9 : 10 -> 11 -> 15/-1/-1
nid005005:91500:91500 [3] NCCL INFO Tree 5 : 10 -> 11 -> 15/-1/-1
nid005005:91500:91500 [3] NCCL INFO Tree 13 : 10 -> 11 -> 15/-1/-1
nid005005:91500:91500 [3] NCCL INFO Ring 0 : 10 -> 11 -> 15 comm 0x555b968350e0 nRanks 16 busId ce000
nid005005:91500:91500 [3] NCCL INFO Ring 1 : 15 -> 11 -> 10 comm 0x555b968350e0 nRanks 16 busId ce000
nid005005:91500:91500 [3] NCCL INFO Ring 2 : 10 -> 11 -> 9 comm 0x555b968350e0 nRanks 16 busId ce000
nid005005:91500:91500 [3] NCCL INFO Ring 3 : 9 -> 11 -> 10 comm 0x555b968350e0 nRanks 16 busId ce000
nid005005:91500:91500 [3] NCCL INFO Ring 4 : 10 -> 11 -> 15 comm 0x555b968350e0 nRanks 16 busId ce000
nid005005:91500:91500 [3] NCCL INFO Ring 5 : 15 -> 11 -> 10 comm 0x555b968350e0 nRanks 16 busId ce000
nid005005:91500:91500 [3] NCCL INFO Ring 6 : 10 -> 11 -> 9 comm 0x555b968350e0 nRanks 16 busId ce000
nid005005:91500:91500 [3] NCCL INFO Ring 7 : 9 -> 11 -> 10 comm 0x555b968350e0 nRanks 16 busId ce000
nid005005:91500:91500 [3] NCCL INFO Ring 8 : 10 -> 11 -> 15 comm 0x555b968350e0 nRanks 16 busId ce000
nid005005:91500:91500 [3] NCCL INFO Ring 9 : 15 -> 11 -> 10 comm 0x555b968350e0 nRanks 16 busId ce000
nid005005:91500:91500 [3] NCCL INFO Ring 10 : 10 -> 11 -> 9 comm 0x555b968350e0 nRanks 16 busId ce000
nid005005:91500:91500 [3] NCCL INFO Ring 11 : 9 -> 11 -> 10 comm 0x555b968350e0 nRanks 16 busId ce000
nid005005:91500:91500 [3] NCCL INFO Ring 12 : 10 -> 11 -> 15 comm 0x555b968350e0 nRanks 16 busId ce000
nid005005:91500:91500 [3] NCCL INFO Ring 13 : 15 -> 11 -> 10 comm 0x555b968350e0 nRanks 16 busId ce000
nid005005:91500:91500 [3] NCCL INFO Ring 14 : 10 -> 11 -> 9 comm 0x555b968350e0 nRanks 16 busId ce000
nid005005:91500:91500 [3] NCCL INFO Ring 15 : 9 -> 11 -> 10 comm 0x555b968350e0 nRanks 16 busId ce000
nid005005:91500:91500 [3] NCCL INFO Trees [0] 10/-1/-1->11->15 [1] 15/-1/-1->11->10 [2] 10/-1/-1->11->9 [3] 9/-1/-1->11->10 [4] 10/-1/-1->11->15 [5] 15/-1/-1->11->10 [6] 10/-1/-1->11->9 [7] 9/-1/-1->11->10 [8] 10/-1/-1->11->15 [9] 15/-1/-1->11->10 [10] 10/-1/-1->11->9 [11] 9/-1/-1->11->10 [12] 10/-1/-1->11->15 [13] 15/-1/-1->11->10 [14] 10/-1/-1->11->9 [15] 9/-1/-1->11->10 comm 0x555b968350e0 nRanks 16 busId ce000
nid005005:91500:91500 [3] NCCL INFO P2P Chunksize set to 131072
nid005005:91504:91504 [0] NCCL INFO comm 0x55e0518f3280 rank 8 nRanks 16 nNodes 2 localRanks 8 localRank 0 MNNVL 0
nid005005:91504:91504 [0] NCCL INFO Tree 0 : 0 -> 8 -> 9/-1/-1
nid005005:91504:91504 [0] NCCL INFO Tree 8 : -1 -> 8 -> 9/0/-1
nid005005:91504:91504 [0] NCCL INFO Tree 4 : 0 -> 8 -> 9/-1/-1
nid005005:91504:91504 [0] NCCL INFO Tree 12 : -1 -> 8 -> 9/0/-1
nid005005:91504:91504 [0] NCCL INFO Ring 0 : 9 -> 8 -> 0 comm 0x55e0518f3280 nRanks 16 busId c1000
nid005005:91504:91504 [0] NCCL INFO Ring 1 : 0 -> 8 -> 9 comm 0x55e0518f3280 nRanks 16 busId c1000
nid005005:91504:91504 [0] NCCL INFO Ring 2 : 9 -> 8 -> 14 comm 0x55e0518f3280 nRanks 16 busId c1000
nid005005:91504:91504 [0] NCCL INFO Ring 3 : 14 -> 8 -> 9 comm 0x55e0518f3280 nRanks 16 busId c1000
nid005005:91504:91504 [0] NCCL INFO Ring 4 : 9 -> 8 -> 0 comm 0x55e0518f3280 nRanks 16 busId c1000
nid005005:91504:91504 [0] NCCL INFO Ring 5 : 0 -> 8 -> 9 comm 0x55e0518f3280 nRanks 16 busId c1000
nid005005:91504:91504 [0] NCCL INFO Ring 6 : 9 -> 8 -> 14 comm 0x55e0518f3280 nRanks 16 busId c1000
nid005005:91504:91504 [0] NCCL INFO Ring 7 : 14 -> 8 -> 9 comm 0x55e0518f3280 nRanks 16 busId c1000
nid005005:91504:91504 [0] NCCL INFO Ring 8 : 9 -> 8 -> 0 comm 0x55e0518f3280 nRanks 16 busId c1000
nid005005:91504:91504 [0] NCCL INFO Ring 9 : 0 -> 8 -> 9 comm 0x55e0518f3280 nRanks 16 busId c1000
nid005005:91504:91504 [0] NCCL INFO Ring 10 : 9 -> 8 -> 14 comm 0x55e0518f3280 nRanks 16 busId c1000
nid005005:91504:91504 [0] NCCL INFO Ring 11 : 14 -> 8 -> 9 comm 0x55e0518f3280 nRanks 16 busId c1000
nid005005:91504:91504 [0] NCCL INFO Ring 12 : 9 -> 8 -> 0 comm 0x55e0518f3280 nRanks 16 busId c1000
nid005005:91504:91504 [0] NCCL INFO Ring 13 : 0 -> 8 -> 9 comm 0x55e0518f3280 nRanks 16 busId c1000
nid005005:91504:91504 [0] NCCL INFO Ring 14 : 9 -> 8 -> 14 comm 0x55e0518f3280 nRanks 16 busId c1000
nid005005:91504:91504 [0] NCCL INFO Ring 15 : 14 -> 8 -> 9 comm 0x55e0518f3280 nRanks 16 busId c1000
nid005005:91504:91504 [0] NCCL INFO Trees [0] 9/-1/-1->8->0 [1] -1/-1/-1->8->9 [2] 9/-1/-1->8->14 [3] 14/-1/-1->8->9 [4] 9/-1/-1->8->0 [5] -1/-1/-1->8->9 [6] 9/-1/-1->8->14 [7] 14/-1/-1->8->9 [8] 9/0/-1->8->-1 [9] -1/-1/-1->8->9 [10] 9/-1/-1->8->14 [11] 14/-1/-1->8->9 [12] 9/0/-1->8->-1 [13] -1/-1/-1->8->9 [14] 9/-1/-1->8->14 [15] 14/-1/-1->8->9 comm 0x55e0518f3280 nRanks 16 busId c1000
nid005005:91504:91504 [0] NCCL INFO P2P Chunksize set to 131072
nid005005:91505:91505 [2] NCCL INFO Channel 00/0 : 10[c9000] -> 11[ce000] via P2P/IPC comm 0x555abdc8d1d0 nRanks 16
nid005005:91499:91590 [1] NCCL INFO New proxy recv connection 0 from local rank 1, transport 0
nid005005:91499:91499 [1] NCCL INFO Connected to proxy localRank 1 -> connection 0x150fec001420
nid005005:91500:91586 [3] NCCL INFO New proxy recv connection 0 from local rank 3, transport 0
nid005005:91501:91501 [4] NCCL INFO Channel 00/0 : 12[d1000] -> 13[d6000] via P2P/IPC comm 0x55e4108ea9c0 nRanks 16
nid005005:91504:91504 [0] NCCL INFO Channel 01/0 : 8[c1000] -> 9[c6000] via P2P/IPC comm 0x55e0518f3280 nRanks 16
nid005005:91506:91584 [7] NCCL INFO New proxy recv connection 0 from local rank 7, transport 0
nid005005:91500:91500 [3] NCCL INFO Connected to proxy localRank 3 -> connection 0x14d6bc001420
nid005005:91503:91585 [5] NCCL INFO New proxy recv connection 0 from local rank 5, transport 0
nid005005:91502:91502 [6] NCCL INFO Channel 01/0 : 14[d9000] -> 15[de000] via P2P/IPC comm 0x561f3491e030 nRanks 16
nid005005:91506:91506 [7] NCCL INFO Connected to proxy localRank 7 -> connection 0x145a8c001420
nid005005:91503:91503 [5] NCCL INFO Connected to proxy localRank 5 -> connection 0x14cb58001420
nid005005:91505:91588 [2] NCCL INFO New proxy send connection 0 from local rank 2, transport 0
nid005005:91505:91505 [2] NCCL INFO Connected to proxy localRank 2 -> connection 0x14d078001420
nid005005:91501:91589 [4] NCCL INFO New proxy send connection 0 from local rank 4, transport 0
nid005005:91504:91591 [0] NCCL INFO New proxy send connection 0 from local rank 0, transport 0
nid005005:91501:91501 [4] NCCL INFO Connected to proxy localRank 4 -> connection 0x14d8a8001420
nid005005:91504:91504 [0] NCCL INFO Connected to proxy localRank 0 -> connection 0x14dcfc001420
nid005005:91502:91587 [6] NCCL INFO New proxy send connection 0 from local rank 6, transport 0
nid005005:91502:91502 [6] NCCL INFO Connected to proxy localRank 6 -> connection 0x145b34001420
nid005005:91500:91586 [3] NCCL INFO New proxy recv connection 1 from local rank 3, transport 0
nid005005:91500:91500 [3] NCCL INFO Connected to proxy localRank 3 -> connection 0x14d6bc001498
nid005005:91504:91504 [0] NCCL INFO Channel 03/0 : 8[c1000] -> 9[c6000] via P2P/IPC comm 0x55e0518f3280 nRanks 16
nid005005:91504:91591 [0] NCCL INFO New proxy send connection 1 from local rank 0, transport 0
nid005005:91506:91584 [7] NCCL INFO New proxy recv connection 1 from local rank 7, transport 0
nid005005:91506:91506 [7] NCCL INFO Connected to proxy localRank 7 -> connection 0x145a8c001498
nid005005:91501:91501 [4] NCCL INFO Channel 03/0 : 12[d1000] -> 13[d6000] via P2P/IPC comm 0x55e4108ea9c0 nRanks 16
nid005005:91501:91589 [4] NCCL INFO New proxy send connection 1 from local rank 4, transport 0
nid005005:91501:91501 [4] NCCL INFO Connected to proxy localRank 4 -> connection 0x14d8a8001498
nid005005:91504:91504 [0] NCCL INFO Connected to proxy localRank 0 -> connection 0x14dcfc001498
nid005005:91503:91585 [5] NCCL INFO New proxy recv connection 1 from local rank 5, transport 0
nid005005:91503:91503 [5] NCCL INFO Connected to proxy localRank 5 -> connection 0x14cb58001498
nid005005:91505:91505 [2] NCCL INFO Channel 02/0 : 10[c9000] -> 11[ce000] via P2P/IPC comm 0x555abdc8d1d0 nRanks 16
nid005005:91505:91588 [2] NCCL INFO New proxy send connection 1 from local rank 2, transport 0
nid005005:91505:91505 [2] NCCL INFO Connected to proxy localRank 2 -> connection 0x14d078001498
nid005005:91499:91590 [1] NCCL INFO New proxy recv connection 1 from local rank 1, transport 0
nid005005:91499:91499 [1] NCCL INFO Connected to proxy localRank 1 -> connection 0x150fec001498
nid005005:91502:91502 [6] NCCL INFO Channel 02/0 : 14[d9000] -> 15[de000] via P2P/IPC comm 0x561f3491e030 nRanks 16
nid005005:91502:91587 [6] NCCL INFO New proxy send connection 1 from local rank 6, transport 0
nid005005:91502:91502 [6] NCCL INFO Connected to proxy localRank 6 -> connection 0x145b34001498
nid005005:91500:91586 [3] NCCL INFO New proxy recv connection 2 from local rank 3, transport 0
nid005005:91500:91500 [3] NCCL INFO Connected to proxy localRank 3 -> connection 0x14d6bc001510
nid005005:91501:91501 [4] NCCL INFO Channel 04/0 : 12[d1000] -> 13[d6000] via P2P/IPC comm 0x55e4108ea9c0 nRanks 16
nid005005:91501:91589 [4] NCCL INFO New proxy send connection 2 from local rank 4, transport 0
nid005005:91501:91501 [4] NCCL INFO Connected to proxy localRank 4 -> connection 0x14d8a8001510
nid005005:91504:91504 [0] NCCL INFO Channel 05/0 : 8[c1000] -> 9[c6000] via P2P/IPC comm 0x55e0518f3280 nRanks 16
nid005005:91504:91591 [0] NCCL INFO New proxy send connection 2 from local rank 0, transport 0
nid005005:91504:91504 [0] NCCL INFO Connected to proxy localRank 0 -> connection 0x14dcfc001510
nid005005:91503:91585 [5] NCCL INFO New proxy recv connection 2 from local rank 5, transport 0
nid005005:91503:91503 [5] NCCL INFO Connected to proxy localRank 5 -> connection 0x14cb58001510
nid005005:91506:91584 [7] NCCL INFO New proxy recv connection 2 from local rank 7, transport 0
nid005005:91506:91506 [7] NCCL INFO Connected to proxy localRank 7 -> connection 0x145a8c001510
nid005005:91505:91505 [2] NCCL INFO Channel 04/0 : 10[c9000] -> 11[ce000] via P2P/IPC comm 0x555abdc8d1d0 nRanks 16
nid005005:91499:91590 [1] NCCL INFO New proxy recv connection 2 from local rank 1, transport 0
nid005005:91499:91499 [1] NCCL INFO Connected to proxy localRank 1 -> connection 0x150fec001510
nid005005:91505:91588 [2] NCCL INFO New proxy send connection 2 from local rank 2, transport 0
nid005005:91505:91505 [2] NCCL INFO Connected to proxy localRank 2 -> connection 0x14d078001510
nid005005:91502:91502 [6] NCCL INFO Channel 05/0 : 14[d9000] -> 15[de000] via P2P/IPC comm 0x561f3491e030 nRanks 16
nid005005:91502:91587 [6] NCCL INFO New proxy send connection 2 from local rank 6, transport 0
nid005005:91502:91502 [6] NCCL INFO Connected to proxy localRank 6 -> connection 0x145b34001510
nid005005:91500:91586 [3] NCCL INFO New proxy recv connection 3 from local rank 3, transport 0
nid005005:91500:91500 [3] NCCL INFO Connected to proxy localRank 3 -> connection 0x14d6bc001588
nid005005:91501:91501 [4] NCCL INFO Channel 07/0 : 12[d1000] -> 13[d6000] via P2P/IPC comm 0x55e4108ea9c0 nRanks 16
nid005005:91501:91589 [4] NCCL INFO New proxy send connection 3 from local rank 4, transport 0
nid005005:91501:91501 [4] NCCL INFO Connected to proxy localRank 4 -> connection 0x14d8a8001588
nid005005:91504:91504 [0] NCCL INFO Channel 07/0 : 8[c1000] -> 9[c6000] via P2P/IPC comm 0x55e0518f3280 nRanks 16
nid005005:91504:91591 [0] NCCL INFO New proxy send connection 3 from local rank 0, transport 0
nid005005:91504:91504 [0] NCCL INFO Connected to proxy localRank 0 -> connection 0x14dcfc001588
nid005005:91506:91584 [7] NCCL INFO New proxy recv connection 3 from local rank 7, transport 0
nid005005:91506:91506 [7] NCCL INFO Connected to proxy localRank 7 -> connection 0x145a8c001588
nid005005:91503:91585 [5] NCCL INFO New proxy recv connection 3 from local rank 5, transport 0
nid005005:91503:91503 [5] NCCL INFO Connected to proxy localRank 5 -> connection 0x14cb58001588
nid005005:91505:91505 [2] NCCL INFO Channel 06/0 : 10[c9000] -> 11[ce000] via P2P/IPC comm 0x555abdc8d1d0 nRanks 16
nid005005:91505:91588 [2] NCCL INFO New proxy send connection 3 from local rank 2, transport 0
nid005005:91505:91505 [2] NCCL INFO Connected to proxy localRank 2 -> connection 0x14d078001588
nid005005:91499:91590 [1] NCCL INFO New proxy recv connection 3 from local rank 1, transport 0
nid005005:91499:91499 [1] NCCL INFO Connected to proxy localRank 1 -> connection 0x150fec001588
nid005005:91501:91501 [4] NCCL INFO Channel 08/0 : 12[d1000] -> 13[d6000] via P2P/IPC comm 0x55e4108ea9c0 nRanks 16
nid005005:91501:91589 [4] NCCL INFO New proxy send connection 4 from local rank 4, transport 0
nid005005:91501:91501 [4] NCCL INFO Connected to proxy localRank 4 -> connection 0x14d8a8001600
nid005005:91500:91586 [3] NCCL INFO New proxy recv connection 4 from local rank 3, transport 0
nid005005:91500:91500 [3] NCCL INFO Connected to proxy localRank 3 -> connection 0x14d6bc001600
nid005005:91502:91502 [6] NCCL INFO Channel 06/0 : 14[d9000] -> 15[de000] via P2P/IPC comm 0x561f3491e030 nRanks 16
nid005005:91502:91587 [6] NCCL INFO New proxy send connection 3 from local rank 6, transport 0
nid005005:91502:91502 [6] NCCL INFO Connected to proxy localRank 6 -> connection 0x145b34001588
nid005005:91504:91504 [0] NCCL INFO Channel 09/0 : 8[c1000] -> 9[c6000] via P2P/IPC comm 0x55e0518f3280 nRanks 16
nid005005:91504:91591 [0] NCCL INFO New proxy send connection 4 from local rank 0, transport 0
nid005005:91504:91504 [0] NCCL INFO Connected to proxy localRank 0 -> connection 0x14dcfc001600
nid005005:91506:91584 [7] NCCL INFO New proxy recv connection 4 from local rank 7, transport 0
nid005005:91506:91506 [7] NCCL INFO Connected to proxy localRank 7 -> connection 0x145a8c001600
nid005005:91503:91585 [5] NCCL INFO New proxy recv connection 4 from local rank 5, transport 0
nid005005:91503:91503 [5] NCCL INFO Connected to proxy localRank 5 -> connection 0x14cb58001600
nid005005:91501:91501 [4] NCCL INFO Channel 11/0 : 12[d1000] -> 13[d6000] via P2P/IPC comm 0x55e4108ea9c0 nRanks 16
nid005005:91501:91589 [4] NCCL INFO New proxy send connection 5 from local rank 4, transport 0
nid005005:91501:91501 [4] NCCL INFO Connected to proxy localRank 4 -> connection 0x14d8a8001678
nid005005:91500:91586 [3] NCCL INFO New proxy recv connection 5 from local rank 3, transport 0
nid005005:91500:91500 [3] NCCL INFO Connected to proxy localRank 3 -> connection 0x14d6bc001678
nid005005:91505:91505 [2] NCCL INFO Channel 08/0 : 10[c9000] -> 11[ce000] via P2P/IPC comm 0x555abdc8d1d0 nRanks 16
nid005005:91504:91504 [0] NCCL INFO Channel 11/0 : 8[c1000] -> 9[c6000] via P2P/IPC comm 0x55e0518f3280 nRanks 16
nid005005:91504:91591 [0] NCCL INFO New proxy send connection 5 from local rank 0, transport 0
nid005005:91505:91588 [2] NCCL INFO New proxy send connection 4 from local rank 2, transport 0
nid005005:91505:91505 [2] NCCL INFO Connected to proxy localRank 2 -> connection 0x14d078001600
nid005005:91504:91504 [0] NCCL INFO Connected to proxy localRank 0 -> connection 0x14dcfc001678
nid005005:91499:91590 [1] NCCL INFO New proxy recv connection 4 from local rank 1, transport 0
nid005005:91499:91499 [1] NCCL INFO Connected to proxy localRank 1 -> connection 0x150fec001600
nid005005:91506:91584 [7] NCCL INFO New proxy recv connection 5 from local rank 7, transport 0
nid005005:91506:91506 [7] NCCL INFO Connected to proxy localRank 7 -> connection 0x145a8c001678
nid005005:91502:91502 [6] NCCL INFO Channel 09/0 : 14[d9000] -> 15[de000] via P2P/IPC comm 0x561f3491e030 nRanks 16
nid005005:91502:91587 [6] NCCL INFO New proxy send connection 4 from local rank 6, transport 0
nid005005:91502:91502 [6] NCCL INFO Connected to proxy localRank 6 -> connection 0x145b34001600
nid005005:91503:91585 [5] NCCL INFO New proxy recv connection 5 from local rank 5, transport 0
nid005005:91503:91503 [5] NCCL INFO Connected to proxy localRank 5 -> connection 0x14cb58001678
nid005005:91501:91501 [4] NCCL INFO Channel 12/0 : 12[d1000] -> 13[d6000] via P2P/IPC comm 0x55e4108ea9c0 nRanks 16
nid005005:91501:91589 [4] NCCL INFO New proxy send connection 6 from local rank 4, transport 0
nid005005:91501:91501 [4] NCCL INFO Connected to proxy localRank 4 -> connection 0x14d8a80016f0
nid005005:91500:91586 [3] NCCL INFO New proxy recv connection 6 from local rank 3, transport 0
nid005005:91500:91500 [3] NCCL INFO Connected to proxy localRank 3 -> connection 0x14d6bc0016f0
nid005005:91504:91504 [0] NCCL INFO Channel 13/0 : 8[c1000] -> 9[c6000] via P2P/IPC comm 0x55e0518f3280 nRanks 16
nid005005:91504:91591 [0] NCCL INFO New proxy send connection 6 from local rank 0, transport 0
nid005005:91504:91504 [0] NCCL INFO Connected to proxy localRank 0 -> connection 0x14dcfc0016f0
nid005005:91506:91584 [7] NCCL INFO New proxy recv connection 6 from local rank 7, transport 0
nid005005:91506:91506 [7] NCCL INFO Connected to proxy localRank 7 -> connection 0x145a8c0016f0
nid005005:91505:91505 [2] NCCL INFO Channel 10/0 : 10[c9000] -> 11[ce000] via P2P/IPC comm 0x555abdc8d1d0 nRanks 16
nid005005:91505:91588 [2] NCCL INFO New proxy send connection 5 from local rank 2, transport 0
nid005005:91505:91505 [2] NCCL INFO Connected to proxy localRank 2 -> connection 0x14d078001678
nid005005:91503:91585 [5] NCCL INFO New proxy recv connection 6 from local rank 5, transport 0
nid005005:91503:91503 [5] NCCL INFO Connected to proxy localRank 5 -> connection 0x14cb580016f0
nid005005:91499:91590 [1] NCCL INFO New proxy recv connection 5 from local rank 1, transport 0
nid005005:91499:91499 [1] NCCL INFO Connected to proxy localRank 1 -> connection 0x150fec001678
nid005005:91501:91501 [4] NCCL INFO Channel 15/0 : 12[d1000] -> 13[d6000] via P2P/IPC comm 0x55e4108ea9c0 nRanks 16
nid005005:91501:91589 [4] NCCL INFO New proxy send connection 7 from local rank 4, transport 0
nid005005:91501:91501 [4] NCCL INFO Connected to proxy localRank 4 -> connection 0x14d8a8001768
nid005005:91502:91502 [6] NCCL INFO Channel 10/0 : 14[d9000] -> 15[de000] via P2P/IPC comm 0x561f3491e030 nRanks 16
nid005005:91502:91587 [6] NCCL INFO New proxy send connection 5 from local rank 6, transport 0
nid005005:91502:91502 [6] NCCL INFO Connected to proxy localRank 6 -> connection 0x145b34001678
nid005005:91500:91586 [3] NCCL INFO New proxy recv connection 7 from local rank 3, transport 0
nid005005:91500:91500 [3] NCCL INFO Connected to proxy localRank 3 -> connection 0x14d6bc001768
nid005005:91504:91504 [0] NCCL INFO Channel 15/0 : 8[c1000] -> 9[c6000] via P2P/IPC comm 0x55e0518f3280 nRanks 16
nid005005:91504:91591 [0] NCCL INFO New proxy send connection 7 from local rank 0, transport 0
nid005005:91504:91504 [0] NCCL INFO Connected to proxy localRank 0 -> connection 0x14dcfc001768
nid005005:91506:91584 [7] NCCL INFO New proxy recv connection 7 from local rank 7, transport 0
nid005005:91506:91506 [7] NCCL INFO Connected to proxy localRank 7 -> connection 0x145a8c001768
nid005005:91503:91585 [5] NCCL INFO New proxy recv connection 7 from local rank 5, transport 0
nid005005:91503:91503 [5] NCCL INFO Connected to proxy localRank 5 -> connection 0x14cb58001768
nid005005:91505:91505 [2] NCCL INFO Channel 12/0 : 10[c9000] -> 11[ce000] via P2P/IPC comm 0x555abdc8d1d0 nRanks 16
nid005005:91505:91588 [2] NCCL INFO New proxy send connection 6 from local rank 2, transport 0
nid005005:91505:91505 [2] NCCL INFO Connected to proxy localRank 2 -> connection 0x14d0780016f0
nid005005:91499:91590 [1] NCCL INFO New proxy recv connection 6 from local rank 1, transport 0
nid005005:91499:91499 [1] NCCL INFO Connected to proxy localRank 1 -> connection 0x150fec0016f0
nid005005:91502:91502 [6] NCCL INFO Channel 13/0 : 14[d9000] -> 15[de000] via P2P/IPC comm 0x561f3491e030 nRanks 16
nid005005:91502:91587 [6] NCCL INFO New proxy send connection 6 from local rank 6, transport 0
nid005005:91502:91502 [6] NCCL INFO Connected to proxy localRank 6 -> connection 0x145b340016f0
nid005005:91501:91589 [4] NCCL INFO New proxy recv connection 8 from local rank 4, transport 0
nid005005:91501:91501 [4] NCCL INFO Connected to proxy localRank 4 -> connection 0x14d8a80017e0
nid005005:91503:91585 [5] NCCL INFO New proxy recv connection 8 from local rank 5, transport 0
nid005005:91503:91503 [5] NCCL INFO Connected to proxy localRank 5 -> connection 0x14cb580017e0
nid005005:91505:91505 [2] NCCL INFO Channel 14/0 : 10[c9000] -> 11[ce000] via P2P/IPC comm 0x555abdc8d1d0 nRanks 16
nid005005:91505:91588 [2] NCCL INFO New proxy send connection 7 from local rank 2, transport 0
nid005005:91505:91505 [2] NCCL INFO Connected to proxy localRank 2 -> connection 0x14d078001768
nid005005:91499:91590 [1] NCCL INFO New proxy recv connection 7 from local rank 1, transport 0
nid005005:91499:91499 [1] NCCL INFO Connected to proxy localRank 1 -> connection 0x150fec001768
nid005005:91503:91585 [5] NCCL INFO New proxy recv connection 9 from local rank 5, transport 0
nid005005:91503:91503 [5] NCCL INFO Connected to proxy localRank 5 -> connection 0x14cb58001858
nid005005:91501:91589 [4] NCCL INFO New proxy recv connection 9 from local rank 4, transport 0
nid005005:91501:91501 [4] NCCL INFO Connected to proxy localRank 4 -> connection 0x14d8a8001858
nid005005:91502:91502 [6] NCCL INFO Channel 14/0 : 14[d9000] -> 15[de000] via P2P/IPC comm 0x561f3491e030 nRanks 16
nid005005:91502:91587 [6] NCCL INFO New proxy send connection 7 from local rank 6, transport 0
nid005005:91502:91502 [6] NCCL INFO Connected to proxy localRank 6 -> connection 0x145b34001768
nid005005:91503:91585 [5] NCCL INFO New proxy recv connection 10 from local rank 5, transport 0
nid005005:91503:91503 [5] NCCL INFO Connected to proxy localRank 5 -> connection 0x14cb580018d0
nid005005:91500:91586 [3] NCCL INFO New proxy recv connection 8 from local rank 3, transport 0
nid005005:91500:91500 [3] NCCL INFO Connected to proxy localRank 3 -> connection 0x14d6bc0017e0
nid005005:91505:91505 [2] NCCL INFO Channel 03/0 : 10[c9000] -> 12[d1000] via P2P/IPC comm 0x555abdc8d1d0 nRanks 16
nid005005:91505:91588 [2] NCCL INFO New proxy send connection 8 from local rank 2, transport 0
nid005005:91505:91505 [2] NCCL INFO Connected to proxy localRank 2 -> connection 0x14d0780017e0
nid005005:91504:91504 [0] NCCL INFO Channel 02/0 : 8[c1000] -> 14[d9000] via P2P/IPC comm 0x55e0518f3280 nRanks 16
nid005005:91499:91499 [1] NCCL INFO Channel 03/0 : 9[c6000] -> 11[ce000] via P2P/IPC comm 0x558da978c1c0 nRanks 16
nid005005:91504:91591 [0] NCCL INFO New proxy send connection 8 from local rank 0, transport 0
nid005005:91504:91504 [0] NCCL INFO Connected to proxy localRank 0 -> connection 0x14dcfc0017e0
nid005005:91499:91590 [1] NCCL INFO New proxy send connection 8 from local rank 1, transport 0
nid005005:91499:91499 [1] NCCL INFO Connected to proxy localRank 1 -> connection 0x150fec0017e0
nid005005:91501:91589 [4] NCCL INFO New proxy recv connection 10 from local rank 4, transport 0
nid005005:91501:91501 [4] NCCL INFO Connected to proxy localRank 4 -> connection 0x14d8a80018d0
nid005005:91506:91584 [7] NCCL INFO New proxy recv connection 8 from local rank 7, transport 0
nid005005:91506:91506 [7] NCCL INFO Connected to proxy localRank 7 -> connection 0x145a8c0017e0
nid005005:91502:91587 [6] NCCL INFO New proxy recv connection 8 from local rank 6, transport 0
nid005005:91502:91502 [6] NCCL INFO Connected to proxy localRank 6 -> connection 0x145b340017e0
nid005005:91503:91585 [5] NCCL INFO New proxy recv connection 11 from local rank 5, transport 0
nid005005:91503:91503 [5] NCCL INFO Connected to proxy localRank 5 -> connection 0x14cb58001948
nid005005:91500:91586 [3] NCCL INFO New proxy recv connection 9 from local rank 3, transport 0
nid005005:91500:91500 [3] NCCL INFO Connected to proxy localRank 3 -> connection 0x14d6bc001858
nid005005:91505:91505 [2] NCCL INFO Channel 07/0 : 10[c9000] -> 12[d1000] via P2P/IPC comm 0x555abdc8d1d0 nRanks 16
nid005005:91505:91588 [2] NCCL INFO New proxy send connection 9 from local rank 2, transport 0
nid005005:91505:91505 [2] NCCL INFO Connected to proxy localRank 2 -> connection 0x14d078001858
nid005005:91501:91589 [4] NCCL INFO New proxy recv connection 11 from local rank 4, transport 0
nid005005:91501:91501 [4] NCCL INFO Connected to proxy localRank 4 -> connection 0x14d8a8001948
nid005005:91504:91504 [0] NCCL INFO Channel 06/0 : 8[c1000] -> 14[d9000] via P2P/IPC comm 0x55e0518f3280 nRanks 16
nid005005:91504:91591 [0] NCCL INFO New proxy send connection 9 from local rank 0, transport 0
nid005005:91504:91504 [0] NCCL INFO Connected to proxy localRank 0 -> connection 0x14dcfc001858
nid005005:91499:91499 [1] NCCL INFO Channel 07/0 : 9[c6000] -> 11[ce000] via P2P/IPC comm 0x558da978c1c0 nRanks 16
nid005005:91499:91590 [1] NCCL INFO New proxy send connection 9 from local rank 1, transport 0
nid005005:91499:91499 [1] NCCL INFO Connected to proxy localRank 1 -> connection 0x150fec001858
nid005005:91506:91584 [7] NCCL INFO New proxy recv connection 9 from local rank 7, transport 0
nid005005:91506:91506 [7] NCCL INFO Connected to proxy localRank 7 -> connection 0x145a8c001858
nid005005:91502:91587 [6] NCCL INFO New proxy recv connection 9 from local rank 6, transport 0
nid005005:91502:91502 [6] NCCL INFO Connected to proxy localRank 6 -> connection 0x145b34001858
nid005005:91500:91586 [3] NCCL INFO New proxy recv connection 10 from local rank 3, transport 0
nid005005:91500:91500 [3] NCCL INFO Connected to proxy localRank 3 -> connection 0x14d6bc0018d0
nid005005:91501:91501 [4] NCCL INFO Channel 01/0 : 12[d1000] -> 14[d9000] via P2P/IPC comm 0x55e4108ea9c0 nRanks 16
nid005005:91501:91589 [4] NCCL INFO New proxy send connection 12 from local rank 4, transport 0
nid005005:91501:91501 [4] NCCL INFO Connected to proxy localRank 4 -> connection 0x14d8a80019c0
nid005005:91504:91504 [0] NCCL INFO Channel 10/0 : 8[c1000] -> 14[d9000] via P2P/IPC comm 0x55e0518f3280 nRanks 16
nid005005:91504:91591 [0] NCCL INFO New proxy send connection 10 from local rank 0, transport 0
nid005005:91504:91504 [0] NCCL INFO Connected to proxy localRank 0 -> connection 0x14dcfc0018d0
nid005005:91505:91505 [2] NCCL INFO Channel 11/0 : 10[c9000] -> 12[d1000] via P2P/IPC comm 0x555abdc8d1d0 nRanks 16
nid005005:91505:91588 [2] NCCL INFO New proxy send connection 10 from local rank 2, transport 0
nid005005:91505:91505 [2] NCCL INFO Connected to proxy localRank 2 -> connection 0x14d0780018d0
nid005005:91506:91584 [7] NCCL INFO New proxy recv connection 10 from local rank 7, transport 0
nid005005:91506:91506 [7] NCCL INFO Connected to proxy localRank 7 -> connection 0x145a8c0018d0
nid005005:91499:91499 [1] NCCL INFO Channel 11/0 : 9[c6000] -> 11[ce000] via P2P/IPC comm 0x558da978c1c0 nRanks 16
nid005005:91499:91590 [1] NCCL INFO New proxy send connection 10 from local rank 1, transport 0
nid005005:91499:91499 [1] NCCL INFO Connected to proxy localRank 1 -> connection 0x150fec0018d0
nid005005:91500:91586 [3] NCCL INFO New proxy recv connection 11 from local rank 3, transport 0
nid005005:91500:91500 [3] NCCL INFO Connected to proxy localRank 3 -> connection 0x14d6bc001948
nid005001:51256:51340 [3] NCCL INFO New proxy recv connection 0 from local rank 3, transport 0
nid005001:51256:51256 [3] NCCL INFO Connected to proxy localRank 3 -> connection 0x14c694001420
nid005001:51260:51339 [5] NCCL INFO New proxy recv connection 0 from local rank 5, transport 0
nid005001:51260:51260 [5] NCCL INFO Connected to proxy localRank 5 -> connection 0x14e7ec001420
nid005005:91501:91501 [4] NCCL INFO Channel 05/0 : 12[d1000] -> 14[d9000] via P2P/IPC comm 0x55e4108ea9c0 nRanks 16
nid005001:51258:51258 [6] NCCL INFO Channel 00/0 : 6[d9000] -> 7[de000] via P2P/IPC comm 0x559d73d29040 nRanks 16
nid005001:51259:51338 [7] NCCL INFO New proxy recv connection 0 from local rank 7, transport 0
nid005005:91501:91589 [4] NCCL INFO New proxy send connection 13 from local rank 4, transport 0
nid005005:91501:91501 [4] NCCL INFO Connected to proxy localRank 4 -> connection 0x14d8a8001a38
nid005001:51259:51259 [7] NCCL INFO Connected to proxy localRank 7 -> connection 0x1453ac001420
nid005001:51253:51347 [1] NCCL INFO New proxy recv connection 0 from local rank 1, transport 0
nid005001:51253:51253 [1] NCCL INFO Connected to proxy localRank 1 -> connection 0x149e84001420
nid005001:51255:51255 [2] NCCL INFO Channel 01/0 : 2[c9000] -> 3[ce000] via P2P/IPC comm 0x561cb6d30be0 nRanks 16
nid005001:51254:51254 [0] NCCL INFO Channel 00/0 : 0[c1000] -> 1[c6000] via P2P/IPC comm 0x55bd836e47a0 nRanks 16
nid005001:51258:51335 [6] NCCL INFO New proxy send connection 0 from local rank 6, transport 0
nid005001:51257:51257 [4] NCCL INFO Channel 01/0 : 4[d1000] -> 5[d6000] via P2P/IPC comm 0x556f08767700 nRanks 16
nid005001:51258:51258 [6] NCCL INFO Connected to proxy localRank 6 -> connection 0x14a9e0001420
nid005001:51255:51337 [2] NCCL INFO New proxy send connection 0 from local rank 2, transport 0
nid005001:51257:51336 [4] NCCL INFO New proxy send connection 0 from local rank 4, transport 0
nid005001:51254:51348 [0] NCCL INFO New proxy send connection 0 from local rank 0, transport 0
nid005001:51255:51255 [2] NCCL INFO Connected to proxy localRank 2 -> connection 0x147c84001420
nid005001:51254:51254 [0] NCCL INFO Connected to proxy localRank 0 -> connection 0x147a40001420
nid005001:51257:51257 [4] NCCL INFO Connected to proxy localRank 4 -> connection 0x152e7c001420
nid005005:91502:91587 [6] NCCL INFO New proxy recv connection 10 from local rank 6, transport 0
nid005005:91502:91502 [6] NCCL INFO Connected to proxy localRank 6 -> connection 0x145b340018d0
nid005005:91504:91504 [0] NCCL INFO Channel 14/0 : 8[c1000] -> 14[d9000] via P2P/IPC comm 0x55e0518f3280 nRanks 16
nid005005:91504:91591 [0] NCCL INFO New proxy send connection 11 from local rank 0, transport 0
nid005005:91504:91504 [0] NCCL INFO Connected to proxy localRank 0 -> connection 0x14dcfc001948
nid005005:91506:91584 [7] NCCL INFO New proxy recv connection 11 from local rank 7, transport 0
nid005005:91506:91506 [7] NCCL INFO Connected to proxy localRank 7 -> connection 0x145a8c001948
nid005005:91505:91505 [2] NCCL INFO Channel 15/0 : 10[c9000] -> 12[d1000] via P2P/IPC comm 0x555abdc8d1d0 nRanks 16
nid005005:91505:91588 [2] NCCL INFO New proxy send connection 11 from local rank 2, transport 0
nid005005:91505:91505 [2] NCCL INFO Connected to proxy localRank 2 -> connection 0x14d078001948
nid005005:91501:91501 [4] NCCL INFO Channel 09/0 : 12[d1000] -> 14[d9000] via P2P/IPC comm 0x55e4108ea9c0 nRanks 16
nid005005:91501:91589 [4] NCCL INFO New proxy send connection 14 from local rank 4, transport 0
nid005005:91501:91501 [4] NCCL INFO Connected to proxy localRank 4 -> connection 0x14d8a8001ab0
nid005005:91499:91499 [1] NCCL INFO Channel 15/0 : 9[c6000] -> 11[ce000] via P2P/IPC comm 0x558da978c1c0 nRanks 16
nid005005:91499:91590 [1] NCCL INFO New proxy send connection 11 from local rank 1, transport 0
nid005005:91499:91499 [1] NCCL INFO Connected to proxy localRank 1 -> connection 0x150fec001948
nid005001:51254:51254 [0] NCCL INFO Channel 02/0 : 0[c1000] -> 1[c6000] via P2P/IPC comm 0x55bd836e47a0 nRanks 16
nid005001:51254:51348 [0] NCCL INFO New proxy send connection 1 from local rank 0, transport 0
nid005001:51257:51257 [4] NCCL INFO Channel 02/0 : 4[d1000] -> 5[d6000] via P2P/IPC comm 0x556f08767700 nRanks 16
nid005001:51257:51336 [4] NCCL INFO New proxy send connection 1 from local rank 4, transport 0
nid005001:51258:51258 [6] NCCL INFO Channel 03/0 : 6[d9000] -> 7[de000] via P2P/IPC comm 0x559d73d29040 nRanks 16
nid005001:51258:51335 [6] NCCL INFO New proxy send connection 1 from local rank 6, transport 0
nid005001:51255:51255 [2] NCCL INFO Channel 03/0 : 2[c9000] -> 3[ce000] via P2P/IPC comm 0x561cb6d30be0 nRanks 16
nid005001:51253:51347 [1] NCCL INFO New proxy recv connection 1 from local rank 1, transport 0
nid005001:51253:51253 [1] NCCL INFO Connected to proxy localRank 1 -> connection 0x149e84001498
nid005001:51259:51338 [7] NCCL INFO New proxy recv connection 1 from local rank 7, transport 0
nid005001:51259:51259 [7] NCCL INFO Connected to proxy localRank 7 -> connection 0x1453ac001498
nid005001:51254:51254 [0] NCCL INFO Connected to proxy localRank 0 -> connection 0x147a40001498
nid005001:51257:51257 [4] NCCL INFO Connected to proxy localRank 4 -> connection 0x152e7c001498
nid005001:51256:51340 [3] NCCL INFO New proxy recv connection 1 from local rank 3, transport 0
nid005001:51256:51256 [3] NCCL INFO Connected to proxy localRank 3 -> connection 0x14c694001498
nid005001:51258:51258 [6] NCCL INFO Connected to proxy localRank 6 -> connection 0x14a9e0001498
nid005001:51255:51337 [2] NCCL INFO New proxy send connection 1 from local rank 2, transport 0
nid005001:51255:51255 [2] NCCL INFO Connected to proxy localRank 2 -> connection 0x147c84001498
nid005001:51260:51339 [5] NCCL INFO New proxy recv connection 1 from local rank 5, transport 0
nid005001:51260:51260 [5] NCCL INFO Connected to proxy localRank 5 -> connection 0x14e7ec001498
nid005005:91502:91587 [6] NCCL INFO New proxy recv connection 11 from local rank 6, transport 0
nid005005:91502:91502 [6] NCCL INFO Connected to proxy localRank 6 -> connection 0x145b34001948
nid005005:91501:91501 [4] NCCL INFO Channel 13/0 : 12[d1000] -> 14[d9000] via P2P/IPC comm 0x55e4108ea9c0 nRanks 16
nid005005:91501:91589 [4] NCCL INFO New proxy send connection 15 from local rank 4, transport 0
nid005005:91501:91501 [4] NCCL INFO Connected to proxy localRank 4 -> connection 0x14d8a8001b28
nid005001:51254:51254 [0] NCCL INFO Channel 04/0 : 0[c1000] -> 1[c6000] via P2P/IPC comm 0x55bd836e47a0 nRanks 16
nid005001:51254:51348 [0] NCCL INFO New proxy send connection 2 from local rank 0, transport 0
nid005001:51254:51254 [0] NCCL INFO Connected to proxy localRank 0 -> connection 0x147a40001510
nid005005:91500:91500 [3] NCCL INFO Channel 00/0 : 11[ce000] -> 15[de000] via P2P/IPC comm 0x555b968350e0 nRanks 16
nid005005:91499:91499 [1] NCCL INFO Channel 01/0 : 9[c6000] -> 13[d6000] via P2P/IPC comm 0x558da978c1c0 nRanks 16
nid005005:91500:91586 [3] NCCL INFO New proxy send connection 12 from local rank 3, transport 0
nid005005:91500:91500 [3] NCCL INFO Connected to proxy localRank 3 -> connection 0x14d6bc0019c0
nid005005:91499:91590 [1] NCCL INFO New proxy send connection 12 from local rank 1, transport 0
nid005005:91499:91499 [1] NCCL INFO Connected to proxy localRank 1 -> connection 0x150fec0019c0
nid005001:51259:51338 [7] NCCL INFO New proxy recv connection 2 from local rank 7, transport 0
nid005001:51257:51257 [4] NCCL INFO Channel 05/0 : 4[d1000] -> 5[d6000] via P2P/IPC comm 0x556f08767700 nRanks 16
nid005001:51257:51336 [4] NCCL INFO New proxy send connection 2 from local rank 4, transport 0
nid005001:51257:51257 [4] NCCL INFO Connected to proxy localRank 4 -> connection 0x152e7c001510
nid005001:51255:51255 [2] NCCL INFO Channel 05/0 : 2[c9000] -> 3[ce000] via P2P/IPC comm 0x561cb6d30be0 nRanks 16
nid005001:51259:51259 [7] NCCL INFO Connected to proxy localRank 7 -> connection 0x1453ac001510
nid005001:51258:51258 [6] NCCL INFO Channel 04/0 : 6[d9000] -> 7[de000] via P2P/IPC comm 0x559d73d29040 nRanks 16
nid005001:51255:51337 [2] NCCL INFO New proxy send connection 2 from local rank 2, transport 0
nid005001:51255:51255 [2] NCCL INFO Connected to proxy localRank 2 -> connection 0x147c84001510
nid005001:51258:51335 [6] NCCL INFO New proxy send connection 2 from local rank 6, transport 0
nid005001:51258:51258 [6] NCCL INFO Connected to proxy localRank 6 -> connection 0x14a9e0001510
nid005001:51253:51347 [1] NCCL INFO New proxy recv connection 2 from local rank 1, transport 0
nid005001:51253:51253 [1] NCCL INFO Connected to proxy localRank 1 -> connection 0x149e84001510
nid005001:51256:51340 [3] NCCL INFO New proxy recv connection 2 from local rank 3, transport 0
nid005001:51256:51256 [3] NCCL INFO Connected to proxy localRank 3 -> connection 0x14c694001510
nid005001:51260:51339 [5] NCCL INFO New proxy recv connection 2 from local rank 5, transport 0
nid005001:51260:51260 [5] NCCL INFO Connected to proxy localRank 5 -> connection 0x14e7ec001510
nid005005:91505:91505 [2] NCCL INFO GPU Direct RDMA Disabled for GPU c9000 / HCA 1 (distance 6 > 0)
nid005005:91501:91589 [4] NCCL INFO New proxy recv connection 16 from local rank 4, transport 0
nid005005:91501:91501 [4] NCCL INFO Connected to proxy localRank 4 -> connection 0x14d8a8001ba0
nid005005:91502:91587 [6] NCCL INFO New proxy recv connection 12 from local rank 6, transport 0
nid005005:91502:91502 [6] NCCL INFO Connected to proxy localRank 6 -> connection 0x145b340019c0
nid005001:51254:51254 [0] NCCL INFO Channel 06/0 : 0[c1000] -> 1[c6000] via P2P/IPC comm 0x55bd836e47a0 nRanks 16
nid005001:51254:51348 [0] NCCL INFO New proxy send connection 3 from local rank 0, transport 0
nid005001:51254:51254 [0] NCCL INFO Connected to proxy localRank 0 -> connection 0x147a40001588
nid005005:91500:91500 [3] NCCL INFO Channel 04/0 : 11[ce000] -> 15[de000] via P2P/IPC comm 0x555b968350e0 nRanks 16
nid005005:91500:91586 [3] NCCL INFO New proxy send connection 13 from local rank 3, transport 0
nid005005:91500:91500 [3] NCCL INFO Connected to proxy localRank 3 -> connection 0x14d6bc001a38
nid005001:51257:51257 [4] NCCL INFO Channel 06/0 : 4[d1000] -> 5[d6000] via P2P/IPC comm 0x556f08767700 nRanks 16
nid005001:51257:51336 [4] NCCL INFO New proxy send connection 3 from local rank 4, transport 0
nid005001:51257:51257 [4] NCCL INFO Connected to proxy localRank 4 -> connection 0x152e7c001588
nid005005:91499:91499 [1] NCCL INFO Channel 05/0 : 9[c6000] -> 13[d6000] via P2P/IPC comm 0x558da978c1c0 nRanks 16
nid005001:51259:51338 [7] NCCL INFO New proxy recv connection 3 from local rank 7, transport 0
nid005001:51259:51259 [7] NCCL INFO Connected to proxy localRank 7 -> connection 0x1453ac001588
nid005005:91499:91590 [1] NCCL INFO New proxy send connection 13 from local rank 1, transport 0
nid005005:91499:91499 [1] NCCL INFO Connected to proxy localRank 1 -> connection 0x150fec001a38
nid005001:51255:51255 [2] NCCL INFO Channel 07/0 : 2[c9000] -> 3[ce000] via P2P/IPC comm 0x561cb6d30be0 nRanks 16
nid005001:51258:51258 [6] NCCL INFO Channel 07/0 : 6[d9000] -> 7[de000] via P2P/IPC comm 0x559d73d29040 nRanks 16
nid005001:51258:51335 [6] NCCL INFO New proxy send connection 3 from local rank 6, transport 0
nid005001:51255:51337 [2] NCCL INFO New proxy send connection 3 from local rank 2, transport 0
nid005001:51255:51255 [2] NCCL INFO Connected to proxy localRank 2 -> connection 0x147c84001588
nid005001:51258:51258 [6] NCCL INFO Connected to proxy localRank 6 -> connection 0x14a9e0001588
nid005001:51253:51347 [1] NCCL INFO New proxy recv connection 3 from local rank 1, transport 0
nid005001:51253:51253 [1] NCCL INFO Connected to proxy localRank 1 -> connection 0x149e84001588
nid005001:51256:51340 [3] NCCL INFO New proxy recv connection 3 from local rank 3, transport 0
nid005001:51256:51256 [3] NCCL INFO Connected to proxy localRank 3 -> connection 0x14c694001588
nid005001:51254:51254 [0] NCCL INFO Channel 08/0 : 0[c1000] -> 1[c6000] via P2P/IPC comm 0x55bd836e47a0 nRanks 16
nid005001:51254:51348 [0] NCCL INFO New proxy send connection 4 from local rank 0, transport 0
nid005001:51254:51254 [0] NCCL INFO Connected to proxy localRank 0 -> connection 0x147a40001600
nid005005:91505:91588 [2] NCCL INFO New proxy recv connection 12 from local rank 2, transport 2
nid005005:91501:91589 [4] NCCL INFO New proxy recv connection 17 from local rank 4, transport 0
nid005005:91501:91501 [4] NCCL INFO Connected to proxy localRank 4 -> connection 0x14d8a8001c18
nid005005:91505:91505 [2] NCCL INFO Connected to proxy localRank 2 -> connection 0x14d0780019c0
nid005001:51260:51339 [5] NCCL INFO New proxy recv connection 3 from local rank 5, transport 0
nid005001:51260:51260 [5] NCCL INFO Connected to proxy localRank 5 -> connection 0x14e7ec001588
nid005005:91502:91587 [6] NCCL INFO New proxy recv connection 13 from local rank 6, transport 0
nid005005:91502:91502 [6] NCCL INFO Connected to proxy localRank 6 -> connection 0x145b34001a38
nid005005:91500:91500 [3] NCCL INFO Channel 08/0 : 11[ce000] -> 15[de000] via P2P/IPC comm 0x555b968350e0 nRanks 16
nid005005:91500:91586 [3] NCCL INFO New proxy send connection 14 from local rank 3, transport 0
nid005005:91500:91500 [3] NCCL INFO Connected to proxy localRank 3 -> connection 0x14d6bc001ab0
nid005001:51257:51257 [4] NCCL INFO Channel 09/0 : 4[d1000] -> 5[d6000] via P2P/IPC comm 0x556f08767700 nRanks 16
nid005001:51257:51336 [4] NCCL INFO New proxy send connection 4 from local rank 4, transport 0
nid005001:51257:51257 [4] NCCL INFO Connected to proxy localRank 4 -> connection 0x152e7c001600
nid005001:51259:51338 [7] NCCL INFO New proxy recv connection 4 from local rank 7, transport 0
nid005001:51259:51259 [7] NCCL INFO Connected to proxy localRank 7 -> connection 0x1453ac001600
nid005001:51258:51258 [6] NCCL INFO Channel 08/0 : 6[d9000] -> 7[de000] via P2P/IPC comm 0x559d73d29040 nRanks 16
nid005001:51258:51335 [6] NCCL INFO New proxy send connection 4 from local rank 6, transport 0
nid005001:51258:51258 [6] NCCL INFO Connected to proxy localRank 6 -> connection 0x14a9e0001600
nid005001:51255:51255 [2] NCCL INFO Channel 09/0 : 2[c9000] -> 3[ce000] via P2P/IPC comm 0x561cb6d30be0 nRanks 16
nid005001:51255:51337 [2] NCCL INFO New proxy send connection 4 from local rank 2, transport 0
nid005001:51255:51255 [2] NCCL INFO Connected to proxy localRank 2 -> connection 0x147c84001600
nid005005:91499:91499 [1] NCCL INFO Channel 09/0 : 9[c6000] -> 13[d6000] via P2P/IPC comm 0x558da978c1c0 nRanks 16
nid005005:91499:91590 [1] NCCL INFO New proxy send connection 14 from local rank 1, transport 0
nid005001:51253:51347 [1] NCCL INFO New proxy recv connection 4 from local rank 1, transport 0
nid005001:51253:51253 [1] NCCL INFO Connected to proxy localRank 1 -> connection 0x149e84001600
nid005005:91499:91499 [1] NCCL INFO Connected to proxy localRank 1 -> connection 0x150fec001ab0
nid005001:51254:51254 [0] NCCL INFO Channel 10/0 : 0[c1000] -> 1[c6000] via P2P/IPC comm 0x55bd836e47a0 nRanks 16
nid005001:51254:51348 [0] NCCL INFO New proxy send connection 5 from local rank 0, transport 0
nid005001:51256:51340 [3] NCCL INFO New proxy recv connection 4 from local rank 3, transport 0
nid005001:51256:51256 [3] NCCL INFO Connected to proxy localRank 3 -> connection 0x14c694001600
nid005001:51254:51254 [0] NCCL INFO Connected to proxy localRank 0 -> connection 0x147a40001678
nid005005:91501:91589 [4] NCCL INFO New proxy recv connection 18 from local rank 4, transport 0
nid005005:91501:91501 [4] NCCL INFO Connected to proxy localRank 4 -> connection 0x14d8a8001c90
nid005005:91500:91500 [3] NCCL INFO Channel 12/0 : 11[ce000] -> 15[de000] via P2P/IPC comm 0x555b968350e0 nRanks 16
nid005005:91500:91586 [3] NCCL INFO New proxy send connection 15 from local rank 3, transport 0
nid005005:91500:91500 [3] NCCL INFO Connected to proxy localRank 3 -> connection 0x14d6bc001b28
nid005001:51257:51257 [4] NCCL INFO Channel 10/0 : 4[d1000] -> 5[d6000] via P2P/IPC comm 0x556f08767700 nRanks 16
nid005001:51257:51336 [4] NCCL INFO New proxy send connection 5 from local rank 4, transport 0
nid005001:51257:51257 [4] NCCL INFO Connected to proxy localRank 4 -> connection 0x152e7c001678
nid005001:51260:51339 [5] NCCL INFO New proxy recv connection 4 from local rank 5, transport 0
nid005001:51260:51260 [5] NCCL INFO Connected to proxy localRank 5 -> connection 0x14e7ec001600
nid005001:51254:51254 [0] NCCL INFO Channel 12/0 : 0[c1000] -> 1[c6000] via P2P/IPC comm 0x55bd836e47a0 nRanks 16
nid005001:51259:51338 [7] NCCL INFO New proxy recv connection 5 from local rank 7, transport 0
nid005001:51254:51348 [0] NCCL INFO New proxy send connection 6 from local rank 0, transport 0
nid005001:51254:51254 [0] NCCL INFO Connected to proxy localRank 0 -> connection 0x147a400016f0
nid005001:51259:51259 [7] NCCL INFO Connected to proxy localRank 7 -> connection 0x1453ac001678
nid005005:91502:91587 [6] NCCL INFO New proxy recv connection 14 from local rank 6, transport 0
nid005005:91502:91502 [6] NCCL INFO Connected to proxy localRank 6 -> connection 0x145b34001ab0
nid005001:51258:51258 [6] NCCL INFO Channel 11/0 : 6[d9000] -> 7[de000] via P2P/IPC comm 0x559d73d29040 nRanks 16
nid005001:51258:51335 [6] NCCL INFO New proxy send connection 5 from local rank 6, transport 0
nid005001:51258:51258 [6] NCCL INFO Connected to proxy localRank 6 -> connection 0x14a9e0001678
nid005001:51255:51255 [2] NCCL INFO Channel 11/0 : 2[c9000] -> 3[ce000] via P2P/IPC comm 0x561cb6d30be0 nRanks 16
nid005001:51255:51337 [2] NCCL INFO New proxy send connection 5 from local rank 2, transport 0
nid005001:51255:51255 [2] NCCL INFO Connected to proxy localRank 2 -> connection 0x147c84001678
nid005001:51256:51340 [3] NCCL INFO New proxy recv connection 5 from local rank 3, transport 0
nid005001:51256:51256 [3] NCCL INFO Connected to proxy localRank 3 -> connection 0x14c694001678
nid005001:51253:51347 [1] NCCL INFO New proxy recv connection 5 from local rank 1, transport 0
nid005001:51253:51253 [1] NCCL INFO Connected to proxy localRank 1 -> connection 0x149e84001678
nid005005:91501:91589 [4] NCCL INFO New proxy recv connection 19 from local rank 4, transport 0
nid005005:91501:91501 [4] NCCL INFO Connected to proxy localRank 4 -> connection 0x14d8a8001d08
nid005005:91499:91499 [1] NCCL INFO Channel 13/0 : 9[c6000] -> 13[d6000] via P2P/IPC comm 0x558da978c1c0 nRanks 16
nid005005:91499:91590 [1] NCCL INFO New proxy send connection 15 from local rank 1, transport 0
nid005005:91499:91499 [1] NCCL INFO Connected to proxy localRank 1 -> connection 0x150fec001b28
nid005005:91506:91506 [7] NCCL INFO GPU Direct RDMA Disabled for GPU de000 / HCA 3 (distance 6 > 0)
nid005005:91500:91586 [3] NCCL INFO New proxy recv connection 16 from local rank 3, transport 0
nid005005:91500:91500 [3] NCCL INFO Connected to proxy localRank 3 -> connection 0x14d6bc001ba0
nid005001:51254:51254 [0] NCCL INFO Channel 14/0 : 0[c1000] -> 1[c6000] via P2P/IPC comm 0x55bd836e47a0 nRanks 16
nid005001:51254:51348 [0] NCCL INFO New proxy send connection 7 from local rank 0, transport 0
nid005001:51254:51254 [0] NCCL INFO Connected to proxy localRank 0 -> connection 0x147a40001768
nid005001:51257:51257 [4] NCCL INFO Channel 13/0 : 4[d1000] -> 5[d6000] via P2P/IPC comm 0x556f08767700 nRanks 16
nid005001:51257:51336 [4] NCCL INFO New proxy send connection 6 from local rank 4, transport 0
nid005001:51257:51257 [4] NCCL INFO Connected to proxy localRank 4 -> connection 0x152e7c0016f0
nid005001:51259:51338 [7] NCCL INFO New proxy recv connection 6 from local rank 7, transport 0
nid005001:51259:51259 [7] NCCL INFO Connected to proxy localRank 7 -> connection 0x1453ac0016f0
nid005001:51258:51258 [6] NCCL INFO Channel 12/0 : 6[d9000] -> 7[de000] via P2P/IPC comm 0x559d73d29040 nRanks 16
nid005001:51258:51335 [6] NCCL INFO New proxy send connection 6 from local rank 6, transport 0
nid005001:51258:51258 [6] NCCL INFO Connected to proxy localRank 6 -> connection 0x14a9e00016f0
nid005001:51260:51339 [5] NCCL INFO New proxy recv connection 5 from local rank 5, transport 0
nid005001:51260:51260 [5] NCCL INFO Connected to proxy localRank 5 -> connection 0x14e7ec001678
nid005005:91501:91501 [4] NCCL INFO Channel 02/0 : 12[d1000] -> 10[c9000] via P2P/IPC comm 0x55e4108ea9c0 nRanks 16
nid005005:91501:91589 [4] NCCL INFO New proxy send connection 20 from local rank 4, transport 0
nid005005:91501:91501 [4] NCCL INFO Connected to proxy localRank 4 -> connection 0x14d8a8001d80
nid005001:51255:51255 [2] NCCL INFO Channel 13/0 : 2[c9000] -> 3[ce000] via P2P/IPC comm 0x561cb6d30be0 nRanks 16
nid005001:51256:51340 [3] NCCL INFO New proxy recv connection 6 from local rank 3, transport 0
nid005001:51256:51256 [3] NCCL INFO Connected to proxy localRank 3 -> connection 0x14c6940016f0
nid005001:51255:51337 [2] NCCL INFO New proxy send connection 6 from local rank 2, transport 0
nid005001:51255:51255 [2] NCCL INFO Connected to proxy localRank 2 -> connection 0x147c840016f0
nid005005:91502:91587 [6] NCCL INFO New proxy recv connection 15 from local rank 6, transport 0
nid005005:91502:91502 [6] NCCL INFO Connected to proxy localRank 6 -> connection 0x145b34001b28
nid005001:51253:51347 [1] NCCL INFO New proxy recv connection 6 from local rank 1, transport 0
nid005001:51253:51253 [1] NCCL INFO Connected to proxy localRank 1 -> connection 0x149e840016f0
nid005005:91506:91584 [7] NCCL INFO New proxy recv connection 12 from local rank 7, transport 2
nid005005:91506:91506 [7] NCCL INFO Connected to proxy localRank 7 -> connection 0x145a8c0019c0
nid005005:91500:91586 [3] NCCL INFO New proxy recv connection 17 from local rank 3, transport 0
nid005005:91500:91500 [3] NCCL INFO Connected to proxy localRank 3 -> connection 0x14d6bc001c18
nid005005:91499:91590 [1] NCCL INFO New proxy recv connection 16 from local rank 1, transport 0
nid005005:91499:91499 [1] NCCL INFO Connected to proxy localRank 1 -> connection 0x150fec001ba0
nid005005:91503:91503 [5] NCCL INFO GPU Direct RDMA Disabled for GPU d6000 / HCA 2 (distance 6 > 0)
nid005001:51257:51257 [4] NCCL INFO Channel 14/0 : 4[d1000] -> 5[d6000] via P2P/IPC comm 0x556f08767700 nRanks 16
nid005001:51257:51336 [4] NCCL INFO New proxy send connection 7 from local rank 4, transport 0
nid005001:51257:51257 [4] NCCL INFO Connected to proxy localRank 4 -> connection 0x152e7c001768
nid005001:51258:51258 [6] NCCL INFO Channel 15/0 : 6[d9000] -> 7[de000] via P2P/IPC comm 0x559d73d29040 nRanks 16
nid005001:51259:51338 [7] NCCL INFO New proxy recv connection 7 from local rank 7, transport 0
nid005001:51259:51259 [7] NCCL INFO Connected to proxy localRank 7 -> connection 0x1453ac001768
nid005005:91501:91501 [4] NCCL INFO Channel 06/0 : 12[d1000] -> 10[c9000] via P2P/IPC comm 0x55e4108ea9c0 nRanks 16
nid005005:91501:91589 [4] NCCL INFO New proxy send connection 21 from local rank 4, transport 0
nid005005:91501:91501 [4] NCCL INFO Connected to proxy localRank 4 -> connection 0x14d8a8001df8
nid005001:51258:51335 [6] NCCL INFO New proxy send connection 7 from local rank 6, transport 0
nid005001:51258:51258 [6] NCCL INFO Connected to proxy localRank 6 -> connection 0x14a9e0001768
nid005001:51256:51340 [3] NCCL INFO New proxy recv connection 7 from local rank 3, transport 0
nid005001:51255:51255 [2] NCCL INFO Channel 15/0 : 2[c9000] -> 3[ce000] via P2P/IPC comm 0x561cb6d30be0 nRanks 16
nid005001:51256:51256 [3] NCCL INFO Connected to proxy localRank 3 -> connection 0x14c694001768
nid005001:51255:51337 [2] NCCL INFO New proxy send connection 7 from local rank 2, transport 0
nid005001:51255:51255 [2] NCCL INFO Connected to proxy localRank 2 -> connection 0x147c84001768
nid005005:91503:91585 [5] NCCL INFO New proxy recv connection 12 from local rank 5, transport 2
nid005001:51253:51347 [1] NCCL INFO New proxy recv connection 7 from local rank 1, transport 0
nid005001:51253:51253 [1] NCCL INFO Connected to proxy localRank 1 -> connection 0x149e84001768
nid005005:91503:91503 [5] NCCL INFO Connected to proxy localRank 5 -> connection 0x14cb580019c0
nid005005:91500:91586 [3] NCCL INFO New proxy recv connection 18 from local rank 3, transport 0
nid005005:91500:91500 [3] NCCL INFO Connected to proxy localRank 3 -> connection 0x14d6bc001c90
nid005001:51260:51339 [5] NCCL INFO New proxy recv connection 6 from local rank 5, transport 0
nid005001:51260:51260 [5] NCCL INFO Connected to proxy localRank 5 -> connection 0x14e7ec0016f0
nid005005:91502:91502 [6] NCCL INFO Channel 03/0 : 14[d9000] -> 8[c1000] via P2P/IPC comm 0x561f3491e030 nRanks 16
nid005005:91502:91587 [6] NCCL INFO New proxy send connection 16 from local rank 6, transport 0
nid005005:91504:91504 [0] NCCL INFO GPU Direct RDMA Disabled for GPU c1000 / HCA 0 (distance 6 > 0)
nid005005:91502:91502 [6] NCCL INFO Connected to proxy localRank 6 -> connection 0x145b34001ba0
nid005005:91499:91590 [1] NCCL INFO New proxy recv connection 17 from local rank 1, transport 0
nid005005:91499:91499 [1] NCCL INFO Connected to proxy localRank 1 -> connection 0x150fec001c18
nid005005:91501:91501 [4] NCCL INFO Channel 10/0 : 12[d1000] -> 10[c9000] via P2P/IPC comm 0x55e4108ea9c0 nRanks 16
nid005005:91501:91589 [4] NCCL INFO New proxy send connection 22 from local rank 4, transport 0
nid005005:91501:91501 [4] NCCL INFO Connected to proxy localRank 4 -> connection 0x14d8a8001e70
nid005001:51259:51338 [7] NCCL INFO New proxy recv connection 8 from local rank 7, transport 0
nid005001:51259:51259 [7] NCCL INFO Connected to proxy localRank 7 -> connection 0x1453ac0017e0
nid005001:51258:51335 [6] NCCL INFO New proxy recv connection 8 from local rank 6, transport 0
nid005001:51258:51258 [6] NCCL INFO Connected to proxy localRank 6 -> connection 0x14a9e00017e0
nid005005:91504:91591 [0] NCCL INFO New proxy recv connection 12 from local rank 0, transport 2
nid005005:91504:91504 [0] NCCL INFO Connected to proxy localRank 0 -> connection 0x14dcfc0019c0
nid005005:91500:91586 [3] NCCL INFO New proxy recv connection 19 from local rank 3, transport 0
nid005005:91500:91500 [3] NCCL INFO Connected to proxy localRank 3 -> connection 0x14d6bc001d08
nid005001:51255:51255 [2] NCCL INFO Channel 02/0 : 2[c9000] -> 4[d1000] via P2P/IPC comm 0x561cb6d30be0 nRanks 16
nid005001:51256:51340 [3] NCCL INFO New proxy recv connection 8 from local rank 3, transport 0
nid005001:51255:51337 [2] NCCL INFO New proxy send connection 8 from local rank 2, transport 0
nid005001:51255:51255 [2] NCCL INFO Connected to proxy localRank 2 -> connection 0x147c840017e0
nid005001:51254:51254 [0] NCCL INFO Channel 03/0 : 0[c1000] -> 6[d9000] via P2P/IPC comm 0x55bd836e47a0 nRanks 16
nid005001:51256:51256 [3] NCCL INFO Connected to proxy localRank 3 -> connection 0x14c6940017e0
nid005001:51253:51253 [1] NCCL INFO Channel 02/0 : 1[c6000] -> 3[ce000] via P2P/IPC comm 0x555be8224af0 nRanks 16
nid005001:51254:51348 [0] NCCL INFO New proxy send connection 8 from local rank 0, transport 0
nid005001:51254:51254 [0] NCCL INFO Connected to proxy localRank 0 -> connection 0x147a400017e0
nid005001:51253:51347 [1] NCCL INFO New proxy send connection 8 from local rank 1, transport 0
nid005001:51253:51253 [1] NCCL INFO Connected to proxy localRank 1 -> connection 0x149e840017e0
nid005001:51260:51339 [5] NCCL INFO New proxy recv connection 7 from local rank 5, transport 0
nid005001:51260:51260 [5] NCCL INFO Connected to proxy localRank 5 -> connection 0x14e7ec001768
nid005005:91502:91502 [6] NCCL INFO Channel 07/0 : 14[d9000] -> 8[c1000] via P2P/IPC comm 0x561f3491e030 nRanks 16
nid005005:91502:91587 [6] NCCL INFO New proxy send connection 17 from local rank 6, transport 0
nid005005:91502:91502 [6] NCCL INFO Connected to proxy localRank 6 -> connection 0x145b34001c18
nid005005:91501:91501 [4] NCCL INFO Channel 14/0 : 12[d1000] -> 10[c9000] via P2P/IPC comm 0x55e4108ea9c0 nRanks 16
nid005005:91501:91589 [4] NCCL INFO New proxy send connection 23 from local rank 4, transport 0
nid005005:91501:91501 [4] NCCL INFO Connected to proxy localRank 4 -> connection 0x14d8a8001ee8
nid005005:91499:91590 [1] NCCL INFO New proxy recv connection 18 from local rank 1, transport 0
nid005005:91499:91499 [1] NCCL INFO Connected to proxy localRank 1 -> connection 0x150fec001c90
nid005001:51259:51338 [7] NCCL INFO New proxy recv connection 9 from local rank 7, transport 0
nid005001:51259:51259 [7] NCCL INFO Connected to proxy localRank 7 -> connection 0x1453ac001858
nid005001:51258:51335 [6] NCCL INFO New proxy recv connection 9 from local rank 6, transport 0
nid005001:51258:51258 [6] NCCL INFO Connected to proxy localRank 6 -> connection 0x14a9e0001858
nid005001:51254:51254 [0] NCCL INFO Channel 07/0 : 0[c1000] -> 6[d9000] via P2P/IPC comm 0x55bd836e47a0 nRanks 16
nid005001:51254:51348 [0] NCCL INFO New proxy send connection 9 from local rank 0, transport 0
nid005001:51254:51254 [0] NCCL INFO Connected to proxy localRank 0 -> connection 0x147a40001858
nid005001:51255:51255 [2] NCCL INFO Channel 06/0 : 2[c9000] -> 4[d1000] via P2P/IPC comm 0x561cb6d30be0 nRanks 16
nid005001:51255:51337 [2] NCCL INFO New proxy send connection 9 from local rank 2, transport 0
nid005001:51255:51255 [2] NCCL INFO Connected to proxy localRank 2 -> connection 0x147c84001858
nid005001:51253:51253 [1] NCCL INFO Channel 06/0 : 1[c6000] -> 3[ce000] via P2P/IPC comm 0x555be8224af0 nRanks 16
nid005001:51253:51347 [1] NCCL INFO New proxy send connection 9 from local rank 1, transport 0
nid005001:51253:51253 [1] NCCL INFO Connected to proxy localRank 1 -> connection 0x149e84001858
nid005001:51256:51340 [3] NCCL INFO New proxy recv connection 9 from local rank 3, transport 0
nid005001:51256:51256 [3] NCCL INFO Connected to proxy localRank 3 -> connection 0x14c694001858
nid005005:91505:91505 [2] NCCL INFO Channel 00/0 : 2[c9000] -> 10[c9000] [receive] via NET/Libfabric/1 comm 0x555abdc8d1d0 nRanks 16
nid005005:91505:91505 [2] NCCL INFO GPU Direct RDMA Disabled for GPU c9000 / HCA 1 (distance 6 > 0)
nid005005:91505:91588 [2] NCCL INFO New proxy recv connection 13 from local rank 2, transport 2
nid005005:91505:91505 [2] NCCL INFO Connected to proxy localRank 2 -> connection 0x14d078001a38
nid005001:51257:51336 [4] NCCL INFO New proxy recv connection 8 from local rank 4, transport 0
nid005001:51257:51257 [4] NCCL INFO Connected to proxy localRank 4 -> connection 0x152e7c0017e0
nid005001:51260:51339 [5] NCCL INFO New proxy recv connection 8 from local rank 5, transport 0
nid005001:51260:51260 [5] NCCL INFO Connected to proxy localRank 5 -> connection 0x14e7ec0017e0
nid005005:91505:91505 [2] NCCL INFO Channel 04/0 : 2[c9000] -> 10[c9000] [receive] via NET/Libfabric/1 comm 0x555abdc8d1d0 nRanks 16
nid005005:91505:91505 [2] NCCL INFO GPU Direct RDMA Disabled for GPU c9000 / HCA 1 (distance 6 > 0)
nid005005:91505:91588 [2] NCCL INFO New proxy recv connection 14 from local rank 2, transport 2
nid005005:91505:91505 [2] NCCL INFO Connected to proxy localRank 2 -> connection 0x14d078001ab0
nid005005:91505:91505 [2] NCCL INFO Channel 08/0 : 2[c9000] -> 10[c9000] [receive] via NET/Libfabric/1 comm 0x555abdc8d1d0 nRanks 16
nid005005:91505:91505 [2] NCCL INFO GPU Direct RDMA Disabled for GPU c9000 / HCA 1 (distance 6 > 0)
nid005005:91505:91588 [2] NCCL INFO New proxy recv connection 15 from local rank 2, transport 2
nid005005:91505:91505 [2] NCCL INFO Connected to proxy localRank 2 -> connection 0x14d078001b28
nid005005:91505:91505 [2] NCCL INFO Channel 12/0 : 2[c9000] -> 10[c9000] [receive] via NET/Libfabric/1 comm 0x555abdc8d1d0 nRanks 16
nid005005:91505:91505 [2] NCCL INFO GPU Direct RDMA Disabled for GPU c9000 / HCA 1 (distance 6 > 0)
nid005005:91505:91588 [2] NCCL INFO New proxy send connection 16 from local rank 2, transport 2
nid005005:91505:91505 [2] NCCL INFO Connected to proxy localRank 2 -> connection 0x14d078001ba0
nid005005:91505:91505 [2] NCCL INFO Channel 01/0 : 10[c9000] -> 2[c9000] [send] via NET/Libfabric/1 comm 0x555abdc8d1d0 nRanks 16
nid005005:91505:91505 [2] NCCL INFO GPU Direct RDMA Disabled for GPU c9000 / HCA 1 (distance 6 > 0)
nid005005:91505:91588 [2] NCCL INFO New proxy send connection 17 from local rank 2, transport 2
nid005005:91505:91505 [2] NCCL INFO Connected to proxy localRank 2 -> connection 0x14d078001c18
nid005005:91499:91590 [1] NCCL INFO New proxy recv connection 19 from local rank 1, transport 0
nid005005:91499:91499 [1] NCCL INFO Connected to proxy localRank 1 -> connection 0x150fec001d08
nid005005:91502:91502 [6] NCCL INFO Channel 11/0 : 14[d9000] -> 8[c1000] via P2P/IPC comm 0x561f3491e030 nRanks 16
nid005005:91505:91505 [2] NCCL INFO Channel 05/0 : 10[c9000] -> 2[c9000] [send] via NET/Libfabric/1 comm 0x555abdc8d1d0 nRanks 16
nid005005:91505:91505 [2] NCCL INFO GPU Direct RDMA Disabled for GPU c9000 / HCA 1 (distance 6 > 0)
nid005005:91502:91587 [6] NCCL INFO New proxy send connection 18 from local rank 6, transport 0
nid005005:91505:91588 [2] NCCL INFO New proxy send connection 18 from local rank 2, transport 2
nid005005:91502:91502 [6] NCCL INFO Connected to proxy localRank 6 -> connection 0x145b34001c90
nid005005:91505:91505 [2] NCCL INFO Connected to proxy localRank 2 -> connection 0x14d078001c90
nid005001:51254:51254 [0] NCCL INFO Channel 11/0 : 0[c1000] -> 6[d9000] via P2P/IPC comm 0x55bd836e47a0 nRanks 16
nid005001:51254:51348 [0] NCCL INFO New proxy send connection 10 from local rank 0, transport 0
nid005001:51254:51254 [0] NCCL INFO Connected to proxy localRank 0 -> connection 0x147a400018d0
nid005005:91505:91505 [2] NCCL INFO Channel 09/0 : 10[c9000] -> 2[c9000] [send] via NET/Libfabric/1 comm 0x555abdc8d1d0 nRanks 16
nid005005:91505:91505 [2] NCCL INFO GPU Direct RDMA Disabled for GPU c9000 / HCA 1 (distance 6 > 0)
nid005005:91505:91588 [2] NCCL INFO New proxy send connection 19 from local rank 2, transport 2
nid005005:91505:91505 [2] NCCL INFO Connected to proxy localRank 2 -> connection 0x14d078001d08
nid005005:91505:91505 [2] NCCL INFO Channel 13/0 : 10[c9000] -> 2[c9000] [send] via NET/Libfabric/1 comm 0x555abdc8d1d0 nRanks 16
nid005001:51259:51338 [7] NCCL INFO New proxy recv connection 10 from local rank 7, transport 0
nid005001:51259:51259 [7] NCCL INFO Connected to proxy localRank 7 -> connection 0x1453ac0018d0
nid005001:51258:51335 [6] NCCL INFO New proxy recv connection 10 from local rank 6, transport 0
nid005001:51258:51258 [6] NCCL INFO Connected to proxy localRank 6 -> connection 0x14a9e00018d0
nid005001:51255:51255 [2] NCCL INFO Channel 10/0 : 2[c9000] -> 4[d1000] via P2P/IPC comm 0x561cb6d30be0 nRanks 16
nid005001:51255:51337 [2] NCCL INFO New proxy send connection 10 from local rank 2, transport 0
nid005001:51255:51255 [2] NCCL INFO Connected to proxy localRank 2 -> connection 0x147c840018d0
nid005001:51256:51340 [3] NCCL INFO New proxy recv connection 10 from local rank 3, transport 0
nid005001:51256:51256 [3] NCCL INFO Connected to proxy localRank 3 -> connection 0x14c6940018d0
nid005001:51253:51253 [1] NCCL INFO Channel 10/0 : 1[c6000] -> 3[ce000] via P2P/IPC comm 0x555be8224af0 nRanks 16
nid005001:51253:51347 [1] NCCL INFO New proxy send connection 10 from local rank 1, transport 0
nid005001:51253:51253 [1] NCCL INFO Connected to proxy localRank 1 -> connection 0x149e840018d0
nid005001:51257:51336 [4] NCCL INFO New proxy recv connection 9 from local rank 4, transport 0
nid005001:51257:51257 [4] NCCL INFO Connected to proxy localRank 4 -> connection 0x152e7c001858
nid005001:51254:51254 [0] NCCL INFO Channel 15/0 : 0[c1000] -> 6[d9000] via P2P/IPC comm 0x55bd836e47a0 nRanks 16
nid005001:51254:51348 [0] NCCL INFO New proxy send connection 11 from local rank 0, transport 0
nid005001:51254:51254 [0] NCCL INFO Connected to proxy localRank 0 -> connection 0x147a40001948
nid005005:91506:91506 [7] NCCL INFO Channel 03/0 : 7[de000] -> 15[de000] [receive] via NET/Libfabric/3 comm 0x5596d7683540 nRanks 16
nid005005:91506:91506 [7] NCCL INFO GPU Direct RDMA Disabled for GPU de000 / HCA 3 (distance 6 > 0)
nid005005:91506:91584 [7] NCCL INFO New proxy recv connection 13 from local rank 7, transport 2
nid005005:91506:91506 [7] NCCL INFO Connected to proxy localRank 7 -> connection 0x145a8c001a38
nid005005:91506:91506 [7] NCCL INFO Channel 07/0 : 7[de000] -> 15[de000] [receive] via NET/Libfabric/3 comm 0x5596d7683540 nRanks 16
nid005005:91506:91506 [7] NCCL INFO GPU Direct RDMA Disabled for GPU de000 / HCA 3 (distance 6 > 0)
nid005005:91506:91584 [7] NCCL INFO New proxy recv connection 14 from local rank 7, transport 2
nid005005:91506:91506 [7] NCCL INFO Connected to proxy localRank 7 -> connection 0x145a8c001ab0
nid005005:91506:91506 [7] NCCL INFO Channel 11/0 : 7[de000] -> 15[de000] [receive] via NET/Libfabric/3 comm 0x5596d7683540 nRanks 16
nid005005:91506:91506 [7] NCCL INFO GPU Direct RDMA Disabled for GPU de000 / HCA 3 (distance 6 > 0)
nid005005:91506:91584 [7] NCCL INFO New proxy recv connection 15 from local rank 7, transport 2
nid005001:51260:51339 [5] NCCL INFO New proxy recv connection 9 from local rank 5, transport 0
nid005001:51260:51260 [5] NCCL INFO Connected to proxy localRank 5 -> connection 0x14e7ec001858
nid005005:91506:91506 [7] NCCL INFO Connected to proxy localRank 7 -> connection 0x145a8c001b28
nid005005:91506:91506 [7] NCCL INFO Channel 15/0 : 7[de000] -> 15[de000] [receive] via NET/Libfabric/3 comm 0x5596d7683540 nRanks 16
nid005005:91506:91506 [7] NCCL INFO GPU Direct RDMA Disabled for GPU de000 / HCA 3 (distance 6 > 0)
nid005005:91506:91584 [7] NCCL INFO New proxy send connection 16 from local rank 7, transport 2
nid005005:91506:91506 [7] NCCL INFO Connected to proxy localRank 7 -> connection 0x145a8c001ba0
nid005005:91506:91506 [7] NCCL INFO Channel 02/0 : 15[de000] -> 7[de000] [send] via NET/Libfabric/3 comm 0x5596d7683540 nRanks 16
nid005005:91506:91506 [7] NCCL INFO GPU Direct RDMA Disabled for GPU de000 / HCA 3 (distance 6 > 0)
nid005005:91506:91584 [7] NCCL INFO New proxy send connection 17 from local rank 7, transport 2
nid005005:91506:91506 [7] NCCL INFO Connected to proxy localRank 7 -> connection 0x145a8c001c18
nid005005:91506:91506 [7] NCCL INFO Channel 06/0 : 15[de000] -> 7[de000] [send] via NET/Libfabric/3 comm 0x5596d7683540 nRanks 16
nid005005:91506:91506 [7] NCCL INFO GPU Direct RDMA Disabled for GPU de000 / HCA 3 (distance 6 > 0)
nid005005:91506:91584 [7] NCCL INFO New proxy send connection 18 from local rank 7, transport 2
nid005005:91506:91506 [7] NCCL INFO Connected to proxy localRank 7 -> connection 0x145a8c001c90
nid005005:91506:91506 [7] NCCL INFO Channel 10/0 : 15[de000] -> 7[de000] [send] via NET/Libfabric/3 comm 0x5596d7683540 nRanks 16
nid005005:91506:91506 [7] NCCL INFO GPU Direct RDMA Disabled for GPU de000 / HCA 3 (distance 6 > 0)
nid005005:91506:91584 [7] NCCL INFO New proxy send connection 19 from local rank 7, transport 2
nid005005:91506:91506 [7] NCCL INFO Connected to proxy localRank 7 -> connection 0x145a8c001d08
nid005005:91506:91506 [7] NCCL INFO Channel 14/0 : 15[de000] -> 7[de000] [send] via NET/Libfabric/3 comm 0x5596d7683540 nRanks 16
nid005001:51259:51338 [7] NCCL INFO New proxy recv connection 11 from local rank 7, transport 0
nid005001:51259:51259 [7] NCCL INFO Connected to proxy localRank 7 -> connection 0x1453ac001948
nid005001:51258:51335 [6] NCCL INFO New proxy recv connection 11 from local rank 6, transport 0
nid005001:51258:51258 [6] NCCL INFO Connected to proxy localRank 6 -> connection 0x14a9e0001948
nid005005:91502:91502 [6] NCCL INFO Channel 15/0 : 14[d9000] -> 8[c1000] via P2P/IPC comm 0x561f3491e030 nRanks 16
nid005005:91502:91587 [6] NCCL INFO New proxy send connection 19 from local rank 6, transport 0
nid005005:91502:91502 [6] NCCL INFO Connected to proxy localRank 6 -> connection 0x145b34001d08
nid005001:51255:51255 [2] NCCL INFO Channel 14/0 : 2[c9000] -> 4[d1000] via P2P/IPC comm 0x561cb6d30be0 nRanks 16
nid005001:51255:51337 [2] NCCL INFO New proxy send connection 11 from local rank 2, transport 0
nid005001:51255:51255 [2] NCCL INFO Connected to proxy localRank 2 -> connection 0x147c84001948
nid005001:51256:51340 [3] NCCL INFO New proxy recv connection 11 from local rank 3, transport 0
nid005001:51256:51256 [3] NCCL INFO Connected to proxy localRank 3 -> connection 0x14c694001948
nid005005:91503:91503 [5] NCCL INFO Channel 02/0 : 5[d6000] -> 13[d6000] [receive] via NET/Libfabric/2 comm 0x55ca05633170 nRanks 16
nid005005:91503:91503 [5] NCCL INFO GPU Direct RDMA Disabled for GPU d6000 / HCA 2 (distance 6 > 0)
nid005001:51253:51253 [1] NCCL INFO Channel 14/0 : 1[c6000] -> 3[ce000] via P2P/IPC comm 0x555be8224af0 nRanks 16
nid005001:51253:51347 [1] NCCL INFO New proxy send connection 11 from local rank 1, transport 0
nid005001:51253:51253 [1] NCCL INFO Connected to proxy localRank 1 -> connection 0x149e84001948
nid005005:91503:91585 [5] NCCL INFO New proxy recv connection 13 from local rank 5, transport 2
nid005005:91503:91503 [5] NCCL INFO Connected to proxy localRank 5 -> connection 0x14cb58001a38
nid005005:91503:91503 [5] NCCL INFO Channel 06/0 : 5[d6000] -> 13[d6000] [receive] via NET/Libfabric/2 comm 0x55ca05633170 nRanks 16
nid005005:91503:91503 [5] NCCL INFO GPU Direct RDMA Disabled for GPU d6000 / HCA 2 (distance 6 > 0)
nid005005:91503:91585 [5] NCCL INFO New proxy recv connection 14 from local rank 5, transport 2
nid005005:91503:91503 [5] NCCL INFO Connected to proxy localRank 5 -> connection 0x14cb58001ab0
nid005005:91503:91503 [5] NCCL INFO Channel 10/0 : 5[d6000] -> 13[d6000] [receive] via NET/Libfabric/2 comm 0x55ca05633170 nRanks 16
nid005005:91503:91503 [5] NCCL INFO GPU Direct RDMA Disabled for GPU d6000 / HCA 2 (distance 6 > 0)
nid005005:91503:91585 [5] NCCL INFO New proxy recv connection 15 from local rank 5, transport 2
nid005005:91503:91503 [5] NCCL INFO Connected to proxy localRank 5 -> connection 0x14cb58001b28
nid005001:51257:51336 [4] NCCL INFO New proxy recv connection 10 from local rank 4, transport 0
nid005001:51257:51257 [4] NCCL INFO Connected to proxy localRank 4 -> connection 0x152e7c0018d0
nid005005:91503:91503 [5] NCCL INFO Channel 14/0 : 5[d6000] -> 13[d6000] [receive] via NET/Libfabric/2 comm 0x55ca05633170 nRanks 16
nid005005:91503:91503 [5] NCCL INFO GPU Direct RDMA Disabled for GPU d6000 / HCA 2 (distance 6 > 0)
nid005005:91503:91585 [5] NCCL INFO New proxy send connection 16 from local rank 5, transport 2
nid005005:91503:91503 [5] NCCL INFO Connected to proxy localRank 5 -> connection 0x14cb58001ba0
nid005005:91503:91503 [5] NCCL INFO Channel 03/0 : 13[d6000] -> 5[d6000] [send] via NET/Libfabric/2 comm 0x55ca05633170 nRanks 16
nid005005:91503:91503 [5] NCCL INFO GPU Direct RDMA Disabled for GPU d6000 / HCA 2 (distance 6 > 0)
nid005005:91503:91585 [5] NCCL INFO New proxy send connection 17 from local rank 5, transport 2
nid005005:91503:91503 [5] NCCL INFO Connected to proxy localRank 5 -> connection 0x14cb58001c18
nid005005:91503:91503 [5] NCCL INFO Channel 07/0 : 13[d6000] -> 5[d6000] [send] via NET/Libfabric/2 comm 0x55ca05633170 nRanks 16
nid005005:91503:91503 [5] NCCL INFO GPU Direct RDMA Disabled for GPU d6000 / HCA 2 (distance 6 > 0)
nid005005:91503:91585 [5] NCCL INFO New proxy send connection 18 from local rank 5, transport 2
nid005005:91503:91503 [5] NCCL INFO Connected to proxy localRank 5 -> connection 0x14cb58001c90
nid005005:91503:91503 [5] NCCL INFO Channel 11/0 : 13[d6000] -> 5[d6000] [send] via NET/Libfabric/2 comm 0x55ca05633170 nRanks 16
nid005005:91503:91503 [5] NCCL INFO GPU Direct RDMA Disabled for GPU d6000 / HCA 2 (distance 6 > 0)
nid005005:91503:91585 [5] NCCL INFO New proxy send connection 19 from local rank 5, transport 2
nid005005:91503:91503 [5] NCCL INFO Connected to proxy localRank 5 -> connection 0x14cb58001d08
nid005005:91503:91503 [5] NCCL INFO Channel 15/0 : 13[d6000] -> 5[d6000] [send] via NET/Libfabric/2 comm 0x55ca05633170 nRanks 16
nid005005:91504:91504 [0] NCCL INFO Channel 01/0 : 0[c1000] -> 8[c1000] [receive] via NET/Libfabric/0 comm 0x55e0518f3280 nRanks 16
nid005005:91504:91504 [0] NCCL INFO GPU Direct RDMA Disabled for GPU c1000 / HCA 0 (distance 6 > 0)
nid005001:51260:51339 [5] NCCL INFO New proxy recv connection 10 from local rank 5, transport 0
nid005001:51260:51260 [5] NCCL INFO Connected to proxy localRank 5 -> connection 0x14e7ec0018d0
nid005005:91504:91591 [0] NCCL INFO New proxy recv connection 13 from local rank 0, transport 2
nid005005:91504:91504 [0] NCCL INFO Connected to proxy localRank 0 -> connection 0x14dcfc001a38
nid005005:91504:91504 [0] NCCL INFO Channel 05/0 : 0[c1000] -> 8[c1000] [receive] via NET/Libfabric/0 comm 0x55e0518f3280 nRanks 16
nid005005:91504:91504 [0] NCCL INFO GPU Direct RDMA Disabled for GPU c1000 / HCA 0 (distance 6 > 0)
nid005005:91504:91591 [0] NCCL INFO New proxy recv connection 14 from local rank 0, transport 2
nid005005:91504:91504 [0] NCCL INFO Connected to proxy localRank 0 -> connection 0x14dcfc001ab0
nid005005:91504:91504 [0] NCCL INFO Channel 09/0 : 0[c1000] -> 8[c1000] [receive] via NET/Libfabric/0 comm 0x55e0518f3280 nRanks 16
nid005005:91504:91504 [0] NCCL INFO GPU Direct RDMA Disabled for GPU c1000 / HCA 0 (distance 6 > 0)
nid005005:91504:91591 [0] NCCL INFO New proxy recv connection 15 from local rank 0, transport 2
nid005005:91504:91504 [0] NCCL INFO Connected to proxy localRank 0 -> connection 0x14dcfc001b28
nid005005:91504:91504 [0] NCCL INFO Channel 13/0 : 0[c1000] -> 8[c1000] [receive] via NET/Libfabric/0 comm 0x55e0518f3280 nRanks 16
nid005005:91504:91504 [0] NCCL INFO GPU Direct RDMA Disabled for GPU c1000 / HCA 0 (distance 6 > 0)
nid005005:91504:91591 [0] NCCL INFO New proxy send connection 16 from local rank 0, transport 2
nid005005:91504:91504 [0] NCCL INFO Connected to proxy localRank 0 -> connection 0x14dcfc001ba0
nid005005:91504:91504 [0] NCCL INFO Channel 00/0 : 8[c1000] -> 0[c1000] [send] via NET/Libfabric/0 comm 0x55e0518f3280 nRanks 16
nid005005:91504:91504 [0] NCCL INFO GPU Direct RDMA Disabled for GPU c1000 / HCA 0 (distance 6 > 0)
nid005005:91504:91591 [0] NCCL INFO New proxy send connection 17 from local rank 0, transport 2
nid005005:91504:91504 [0] NCCL INFO Connected to proxy localRank 0 -> connection 0x14dcfc001c18
nid005005:91504:91504 [0] NCCL INFO Channel 04/0 : 8[c1000] -> 0[c1000] [send] via NET/Libfabric/0 comm 0x55e0518f3280 nRanks 16
nid005005:91504:91504 [0] NCCL INFO GPU Direct RDMA Disabled for GPU c1000 / HCA 0 (distance 6 > 0)
nid005005:91504:91591 [0] NCCL INFO New proxy send connection 18 from local rank 0, transport 2
nid005005:91504:91504 [0] NCCL INFO Connected to proxy localRank 0 -> connection 0x14dcfc001c90
nid005005:91504:91504 [0] NCCL INFO Channel 08/0 : 8[c1000] -> 0[c1000] [send] via NET/Libfabric/0 comm 0x55e0518f3280 nRanks 16
nid005005:91504:91504 [0] NCCL INFO GPU Direct RDMA Disabled for GPU c1000 / HCA 0 (distance 6 > 0)
nid005001:51257:51336 [4] NCCL INFO New proxy recv connection 11 from local rank 4, transport 0
nid005001:51257:51257 [4] NCCL INFO Connected to proxy localRank 4 -> connection 0x152e7c001948
nid005005:91504:91591 [0] NCCL INFO New proxy send connection 19 from local rank 0, transport 2
nid005005:91504:91504 [0] NCCL INFO Connected to proxy localRank 0 -> connection 0x14dcfc001d08
nid005005:91504:91504 [0] NCCL INFO Channel 12/0 : 8[c1000] -> 0[c1000] [send] via NET/Libfabric/0 comm 0x55e0518f3280 nRanks 16
nid005001:51256:51256 [3] NCCL INFO Channel 01/0 : 3[ce000] -> 7[de000] via P2P/IPC comm 0x55d595467d90 nRanks 16
nid005001:51253:51253 [1] NCCL INFO Channel 00/0 : 1[c6000] -> 5[d6000] via P2P/IPC comm 0x555be8224af0 nRanks 16
nid005001:51253:51347 [1] NCCL INFO New proxy send connection 12 from local rank 1, transport 0
nid005001:51256:51340 [3] NCCL INFO New proxy send connection 12 from local rank 3, transport 0
nid005001:51256:51256 [3] NCCL INFO Connected to proxy localRank 3 -> connection 0x14c6940019c0
nid005001:51253:51253 [1] NCCL INFO Connected to proxy localRank 1 -> connection 0x149e840019c0
nid005001:51257:51257 [4] NCCL INFO Channel 00/0 : 4[d1000] -> 6[d9000] via P2P/IPC comm 0x556f08767700 nRanks 16
nid005001:51257:51336 [4] NCCL INFO New proxy send connection 12 from local rank 4, transport 0
nid005001:51257:51257 [4] NCCL INFO Connected to proxy localRank 4 -> connection 0x152e7c0019c0
nid005001:51260:51339 [5] NCCL INFO New proxy recv connection 11 from local rank 5, transport 0
nid005001:51260:51260 [5] NCCL INFO Connected to proxy localRank 5 -> connection 0x14e7ec001948
nid005001:51253:51253 [1] NCCL INFO Channel 04/0 : 1[c6000] -> 5[d6000] via P2P/IPC comm 0x555be8224af0 nRanks 16
nid005001:51253:51347 [1] NCCL INFO New proxy send connection 13 from local rank 1, transport 0
nid005001:51256:51256 [3] NCCL INFO Channel 05/0 : 3[ce000] -> 7[de000] via P2P/IPC comm 0x55d595467d90 nRanks 16
nid005001:51253:51253 [1] NCCL INFO Connected to proxy localRank 1 -> connection 0x149e84001a38
nid005001:51256:51340 [3] NCCL INFO New proxy send connection 13 from local rank 3, transport 0
nid005001:51256:51256 [3] NCCL INFO Connected to proxy localRank 3 -> connection 0x14c694001a38
nid005001:51257:51257 [4] NCCL INFO Channel 04/0 : 4[d1000] -> 6[d9000] via P2P/IPC comm 0x556f08767700 nRanks 16
nid005001:51257:51336 [4] NCCL INFO New proxy send connection 13 from local rank 4, transport 0
nid005001:51257:51257 [4] NCCL INFO Connected to proxy localRank 4 -> connection 0x152e7c001a38
nid005001:51253:51253 [1] NCCL INFO Channel 08/0 : 1[c6000] -> 5[d6000] via P2P/IPC comm 0x555be8224af0 nRanks 16
nid005001:51253:51347 [1] NCCL INFO New proxy send connection 14 from local rank 1, transport 0
nid005001:51256:51256 [3] NCCL INFO Channel 09/0 : 3[ce000] -> 7[de000] via P2P/IPC comm 0x55d595467d90 nRanks 16
nid005001:51253:51253 [1] NCCL INFO Connected to proxy localRank 1 -> connection 0x149e84001ab0
nid005001:51256:51340 [3] NCCL INFO New proxy send connection 14 from local rank 3, transport 0
nid005001:51256:51256 [3] NCCL INFO Connected to proxy localRank 3 -> connection 0x14c694001ab0
nid005001:51257:51257 [4] NCCL INFO Channel 08/0 : 4[d1000] -> 6[d9000] via P2P/IPC comm 0x556f08767700 nRanks 16
nid005001:51257:51336 [4] NCCL INFO New proxy send connection 14 from local rank 4, transport 0
nid005001:51257:51257 [4] NCCL INFO Connected to proxy localRank 4 -> connection 0x152e7c001ab0
nid005001:51253:51253 [1] NCCL INFO Channel 12/0 : 1[c6000] -> 5[d6000] via P2P/IPC comm 0x555be8224af0 nRanks 16
nid005001:51253:51347 [1] NCCL INFO New proxy send connection 15 from local rank 1, transport 0
nid005001:51253:51253 [1] NCCL INFO Connected to proxy localRank 1 -> connection 0x149e84001b28
nid005001:51256:51256 [3] NCCL INFO Channel 13/0 : 3[ce000] -> 7[de000] via P2P/IPC comm 0x55d595467d90 nRanks 16
nid005001:51256:51340 [3] NCCL INFO New proxy send connection 15 from local rank 3, transport 0
nid005001:51256:51256 [3] NCCL INFO Connected to proxy localRank 3 -> connection 0x14c694001b28
nid005001:51257:51257 [4] NCCL INFO Channel 12/0 : 4[d1000] -> 6[d9000] via P2P/IPC comm 0x556f08767700 nRanks 16
nid005001:51257:51336 [4] NCCL INFO New proxy send connection 15 from local rank 4, transport 0
nid005001:51257:51257 [4] NCCL INFO Connected to proxy localRank 4 -> connection 0x152e7c001b28
nid005001:51255:51255 [2] NCCL INFO GPU Direct RDMA Disabled for GPU c9000 / HCA 1 (distance 6 > 0)
nid005001:51258:51335 [6] NCCL INFO New proxy recv connection 12 from local rank 6, transport 0
nid005001:51258:51258 [6] NCCL INFO Connected to proxy localRank 6 -> connection 0x14a9e00019c0
nid005001:51257:51336 [4] NCCL INFO New proxy recv connection 16 from local rank 4, transport 0
nid005001:51257:51257 [4] NCCL INFO Connected to proxy localRank 4 -> connection 0x152e7c001ba0
nid005001:51260:51260 [5] NCCL INFO GPU Direct RDMA Disabled for GPU d6000 / HCA 2 (distance 6 > 0)
nid005001:51253:51347 [1] NCCL INFO New proxy recv connection 16 from local rank 1, transport 0
nid005001:51253:51253 [1] NCCL INFO Connected to proxy localRank 1 -> connection 0x149e84001ba0
nid005001:51259:51259 [7] NCCL INFO GPU Direct RDMA Disabled for GPU de000 / HCA 3 (distance 6 > 0)
nid005001:51256:51340 [3] NCCL INFO New proxy recv connection 16 from local rank 3, transport 0
nid005001:51256:51256 [3] NCCL INFO Connected to proxy localRank 3 -> connection 0x14c694001ba0
nid005001:51257:51336 [4] NCCL INFO New proxy recv connection 17 from local rank 4, transport 0
nid005001:51257:51257 [4] NCCL INFO Connected to proxy localRank 4 -> connection 0x152e7c001c18
nid005001:51259:51338 [7] NCCL INFO New proxy recv connection 12 from local rank 7, transport 2
nid005001:51255:51337 [2] NCCL INFO New proxy recv connection 12 from local rank 2, transport 2
nid005001:51260:51339 [5] NCCL INFO New proxy recv connection 12 from local rank 5, transport 2
nid005001:51255:51255 [2] NCCL INFO Connected to proxy localRank 2 -> connection 0x147c840019c0
nid005001:51259:51259 [7] NCCL INFO Connected to proxy localRank 7 -> connection 0x1453ac0019c0
nid005001:51260:51260 [5] NCCL INFO Connected to proxy localRank 5 -> connection 0x14e7ec0019c0
nid005001:51258:51335 [6] NCCL INFO New proxy recv connection 13 from local rank 6, transport 0
nid005001:51258:51258 [6] NCCL INFO Connected to proxy localRank 6 -> connection 0x14a9e0001a38
nid005001:51253:51347 [1] NCCL INFO New proxy recv connection 17 from local rank 1, transport 0
nid005001:51253:51253 [1] NCCL INFO Connected to proxy localRank 1 -> connection 0x149e84001c18
nid005001:51256:51340 [3] NCCL INFO New proxy recv connection 17 from local rank 3, transport 0
nid005001:51256:51256 [3] NCCL INFO Connected to proxy localRank 3 -> connection 0x14c694001c18
nid005001:51257:51336 [4] NCCL INFO New proxy recv connection 18 from local rank 4, transport 0
nid005001:51257:51257 [4] NCCL INFO Connected to proxy localRank 4 -> connection 0x152e7c001c90
nid005001:51258:51335 [6] NCCL INFO New proxy recv connection 14 from local rank 6, transport 0
nid005001:51258:51258 [6] NCCL INFO Connected to proxy localRank 6 -> connection 0x14a9e0001ab0
nid005001:51256:51340 [3] NCCL INFO New proxy recv connection 18 from local rank 3, transport 0
nid005001:51256:51256 [3] NCCL INFO Connected to proxy localRank 3 -> connection 0x14c694001c90
nid005001:51253:51347 [1] NCCL INFO New proxy recv connection 18 from local rank 1, transport 0
nid005001:51253:51253 [1] NCCL INFO Connected to proxy localRank 1 -> connection 0x149e84001c90
nid005001:51257:51336 [4] NCCL INFO New proxy recv connection 19 from local rank 4, transport 0
nid005001:51257:51257 [4] NCCL INFO Connected to proxy localRank 4 -> connection 0x152e7c001d08
nid005001:51258:51335 [6] NCCL INFO New proxy recv connection 15 from local rank 6, transport 0
nid005001:51258:51258 [6] NCCL INFO Connected to proxy localRank 6 -> connection 0x14a9e0001b28
nid005001:51256:51340 [3] NCCL INFO New proxy recv connection 19 from local rank 3, transport 0
nid005001:51256:51256 [3] NCCL INFO Connected to proxy localRank 3 -> connection 0x14c694001d08
nid005001:51253:51347 [1] NCCL INFO New proxy recv connection 19 from local rank 1, transport 0
nid005001:51253:51253 [1] NCCL INFO Connected to proxy localRank 1 -> connection 0x149e84001d08
nid005001:51257:51257 [4] NCCL INFO Channel 03/0 : 4[d1000] -> 2[c9000] via P2P/IPC comm 0x556f08767700 nRanks 16
nid005001:51257:51336 [4] NCCL INFO New proxy send connection 20 from local rank 4, transport 0
nid005001:51257:51257 [4] NCCL INFO Connected to proxy localRank 4 -> connection 0x152e7c001d80
nid005001:51257:51257 [4] NCCL INFO Channel 07/0 : 4[d1000] -> 2[c9000] via P2P/IPC comm 0x556f08767700 nRanks 16
nid005001:51257:51336 [4] NCCL INFO New proxy send connection 21 from local rank 4, transport 0
nid005001:51257:51257 [4] NCCL INFO Connected to proxy localRank 4 -> connection 0x152e7c001df8
nid005001:51254:51254 [0] NCCL INFO GPU Direct RDMA Disabled for GPU c1000 / HCA 0 (distance 6 > 0)
nid005001:51258:51258 [6] NCCL INFO Channel 02/0 : 6[d9000] -> 0[c1000] via P2P/IPC comm 0x559d73d29040 nRanks 16
nid005001:51258:51335 [6] NCCL INFO New proxy send connection 16 from local rank 6, transport 0
nid005001:51258:51258 [6] NCCL INFO Connected to proxy localRank 6 -> connection 0x14a9e0001ba0
nid005001:51254:51348 [0] NCCL INFO New proxy recv connection 12 from local rank 0, transport 2
nid005001:51254:51254 [0] NCCL INFO Connected to proxy localRank 0 -> connection 0x147a400019c0
nid005001:51257:51257 [4] NCCL INFO Channel 11/0 : 4[d1000] -> 2[c9000] via P2P/IPC comm 0x556f08767700 nRanks 16
nid005001:51257:51336 [4] NCCL INFO New proxy send connection 22 from local rank 4, transport 0
nid005001:51257:51257 [4] NCCL INFO Connected to proxy localRank 4 -> connection 0x152e7c001e70
nid005001:51258:51258 [6] NCCL INFO Channel 06/0 : 6[d9000] -> 0[c1000] via P2P/IPC comm 0x559d73d29040 nRanks 16
nid005001:51258:51335 [6] NCCL INFO New proxy send connection 17 from local rank 6, transport 0
nid005001:51258:51258 [6] NCCL INFO Connected to proxy localRank 6 -> connection 0x14a9e0001c18
nid005001:51257:51257 [4] NCCL INFO Channel 15/0 : 4[d1000] -> 2[c9000] via P2P/IPC comm 0x556f08767700 nRanks 16
nid005001:51257:51336 [4] NCCL INFO New proxy send connection 23 from local rank 4, transport 0
nid005001:51257:51257 [4] NCCL INFO Connected to proxy localRank 4 -> connection 0x152e7c001ee8
nid005001:51258:51258 [6] NCCL INFO Channel 10/0 : 6[d9000] -> 0[c1000] via P2P/IPC comm 0x559d73d29040 nRanks 16
nid005001:51258:51335 [6] NCCL INFO New proxy send connection 18 from local rank 6, transport 0
nid005001:51258:51258 [6] NCCL INFO Connected to proxy localRank 6 -> connection 0x14a9e0001c90
nid005001:51255:51255 [2] NCCL INFO Channel 01/0 : 10[c9000] -> 2[c9000] [receive] via NET/Libfabric/1 comm 0x561cb6d30be0 nRanks 16
nid005001:51255:51255 [2] NCCL INFO GPU Direct RDMA Disabled for GPU c9000 / HCA 1 (distance 6 > 0)
nid005001:51259:51259 [7] NCCL INFO Channel 02/0 : 15[de000] -> 7[de000] [receive] via NET/Libfabric/3 comm 0x55cec4cea9e0 nRanks 16
nid005001:51259:51259 [7] NCCL INFO GPU Direct RDMA Disabled for GPU de000 / HCA 3 (distance 6 > 0)
nid005001:51255:51337 [2] NCCL INFO New proxy recv connection 13 from local rank 2, transport 2
nid005001:51255:51255 [2] NCCL INFO Connected to proxy localRank 2 -> connection 0x147c84001a38
nid005001:51259:51338 [7] NCCL INFO New proxy recv connection 13 from local rank 7, transport 2
nid005001:51259:51259 [7] NCCL INFO Connected to proxy localRank 7 -> connection 0x1453ac001a38
nid005001:51255:51255 [2] NCCL INFO Channel 05/0 : 10[c9000] -> 2[c9000] [receive] via NET/Libfabric/1 comm 0x561cb6d30be0 nRanks 16
nid005001:51255:51255 [2] NCCL INFO GPU Direct RDMA Disabled for GPU c9000 / HCA 1 (distance 6 > 0)
nid005001:51259:51259 [7] NCCL INFO Channel 06/0 : 15[de000] -> 7[de000] [receive] via NET/Libfabric/3 comm 0x55cec4cea9e0 nRanks 16
nid005001:51259:51259 [7] NCCL INFO GPU Direct RDMA Disabled for GPU de000 / HCA 3 (distance 6 > 0)
nid005001:51260:51260 [5] NCCL INFO Channel 03/0 : 13[d6000] -> 5[d6000] [receive] via NET/Libfabric/2 comm 0x563c5568fc70 nRanks 16
nid005001:51260:51260 [5] NCCL INFO GPU Direct RDMA Disabled for GPU d6000 / HCA 2 (distance 6 > 0)
nid005001:51259:51338 [7] NCCL INFO New proxy recv connection 14 from local rank 7, transport 2
nid005001:51260:51339 [5] NCCL INFO New proxy recv connection 13 from local rank 5, transport 2
nid005001:51260:51260 [5] NCCL INFO Connected to proxy localRank 5 -> connection 0x14e7ec001a38
nid005001:51255:51337 [2] NCCL INFO New proxy recv connection 14 from local rank 2, transport 2
nid005001:51255:51255 [2] NCCL INFO Connected to proxy localRank 2 -> connection 0x147c84001ab0
nid005001:51259:51259 [7] NCCL INFO Connected to proxy localRank 7 -> connection 0x1453ac001ab0
nid005001:51260:51260 [5] NCCL INFO Channel 07/0 : 13[d6000] -> 5[d6000] [receive] via NET/Libfabric/2 comm 0x563c5568fc70 nRanks 16
nid005001:51260:51260 [5] NCCL INFO GPU Direct RDMA Disabled for GPU d6000 / HCA 2 (distance 6 > 0)
nid005001:51259:51259 [7] NCCL INFO Channel 10/0 : 15[de000] -> 7[de000] [receive] via NET/Libfabric/3 comm 0x55cec4cea9e0 nRanks 16
nid005001:51259:51259 [7] NCCL INFO GPU Direct RDMA Disabled for GPU de000 / HCA 3 (distance 6 > 0)
nid005001:51259:51338 [7] NCCL INFO New proxy recv connection 15 from local rank 7, transport 2
nid005001:51255:51255 [2] NCCL INFO Channel 09/0 : 10[c9000] -> 2[c9000] [receive] via NET/Libfabric/1 comm 0x561cb6d30be0 nRanks 16
nid005001:51255:51255 [2] NCCL INFO GPU Direct RDMA Disabled for GPU c9000 / HCA 1 (distance 6 > 0)
nid005001:51255:51337 [2] NCCL INFO New proxy recv connection 15 from local rank 2, transport 2
nid005001:51260:51339 [5] NCCL INFO New proxy recv connection 14 from local rank 5, transport 2
nid005001:51260:51260 [5] NCCL INFO Connected to proxy localRank 5 -> connection 0x14e7ec001ab0
nid005001:51255:51255 [2] NCCL INFO Connected to proxy localRank 2 -> connection 0x147c84001b28
nid005001:51259:51259 [7] NCCL INFO Connected to proxy localRank 7 -> connection 0x1453ac001b28
nid005001:51260:51260 [5] NCCL INFO Channel 11/0 : 13[d6000] -> 5[d6000] [receive] via NET/Libfabric/2 comm 0x563c5568fc70 nRanks 16
nid005001:51260:51260 [5] NCCL INFO GPU Direct RDMA Disabled for GPU d6000 / HCA 2 (distance 6 > 0)
nid005001:51259:51259 [7] NCCL INFO Channel 14/0 : 15[de000] -> 7[de000] [receive] via NET/Libfabric/3 comm 0x55cec4cea9e0 nRanks 16
nid005001:51259:51259 [7] NCCL INFO GPU Direct RDMA Disabled for GPU de000 / HCA 3 (distance 6 > 0)
nid005001:51260:51339 [5] NCCL INFO New proxy recv connection 15 from local rank 5, transport 2
nid005001:51255:51255 [2] NCCL INFO Channel 13/0 : 10[c9000] -> 2[c9000] [receive] via NET/Libfabric/1 comm 0x561cb6d30be0 nRanks 16
nid005001:51255:51255 [2] NCCL INFO GPU Direct RDMA Disabled for GPU c9000 / HCA 1 (distance 6 > 0)
nid005001:51260:51260 [5] NCCL INFO Connected to proxy localRank 5 -> connection 0x14e7ec001b28
nid005001:51259:51338 [7] NCCL INFO New proxy send connection 16 from local rank 7, transport 2
nid005001:51255:51337 [2] NCCL INFO New proxy send connection 16 from local rank 2, transport 2
nid005001:51255:51255 [2] NCCL INFO Connected to proxy localRank 2 -> connection 0x147c84001ba0
nid005001:51259:51259 [7] NCCL INFO Connected to proxy localRank 7 -> connection 0x1453ac001ba0
nid005001:51260:51260 [5] NCCL INFO Channel 15/0 : 13[d6000] -> 5[d6000] [receive] via NET/Libfabric/2 comm 0x563c5568fc70 nRanks 16
nid005001:51260:51260 [5] NCCL INFO GPU Direct RDMA Disabled for GPU d6000 / HCA 2 (distance 6 > 0)
nid005001:51260:51339 [5] NCCL INFO New proxy send connection 16 from local rank 5, transport 2
nid005001:51260:51260 [5] NCCL INFO Connected to proxy localRank 5 -> connection 0x14e7ec001ba0
nid005001:51259:51259 [7] NCCL INFO Channel 03/0 : 7[de000] -> 15[de000] [send] via NET/Libfabric/3 comm 0x55cec4cea9e0 nRanks 16
nid005001:51259:51259 [7] NCCL INFO GPU Direct RDMA Disabled for GPU de000 / HCA 3 (distance 6 > 0)
nid005001:51255:51255 [2] NCCL INFO Channel 00/0 : 2[c9000] -> 10[c9000] [send] via NET/Libfabric/1 comm 0x561cb6d30be0 nRanks 16
nid005001:51255:51255 [2] NCCL INFO GPU Direct RDMA Disabled for GPU c9000 / HCA 1 (distance 6 > 0)
nid005001:51259:51338 [7] NCCL INFO New proxy send connection 17 from local rank 7, transport 2
nid005001:51259:51259 [7] NCCL INFO Connected to proxy localRank 7 -> connection 0x1453ac001c18
nid005001:51260:51260 [5] NCCL INFO Channel 02/0 : 5[d6000] -> 13[d6000] [send] via NET/Libfabric/2 comm 0x563c5568fc70 nRanks 16
nid005001:51260:51260 [5] NCCL INFO GPU Direct RDMA Disabled for GPU d6000 / HCA 2 (distance 6 > 0)
nid005001:51255:51337 [2] NCCL INFO New proxy send connection 17 from local rank 2, transport 2
nid005001:51255:51255 [2] NCCL INFO Connected to proxy localRank 2 -> connection 0x147c84001c18
nid005001:51260:51339 [5] NCCL INFO New proxy send connection 17 from local rank 5, transport 2
nid005001:51259:51259 [7] NCCL INFO Channel 07/0 : 7[de000] -> 15[de000] [send] via NET/Libfabric/3 comm 0x55cec4cea9e0 nRanks 16
nid005001:51259:51259 [7] NCCL INFO GPU Direct RDMA Disabled for GPU de000 / HCA 3 (distance 6 > 0)
nid005001:51260:51260 [5] NCCL INFO Connected to proxy localRank 5 -> connection 0x14e7ec001c18
nid005001:51259:51338 [7] NCCL INFO New proxy send connection 18 from local rank 7, transport 2
nid005001:51259:51259 [7] NCCL INFO Connected to proxy localRank 7 -> connection 0x1453ac001c90
nid005001:51255:51255 [2] NCCL INFO Channel 04/0 : 2[c9000] -> 10[c9000] [send] via NET/Libfabric/1 comm 0x561cb6d30be0 nRanks 16
nid005001:51255:51255 [2] NCCL INFO GPU Direct RDMA Disabled for GPU c9000 / HCA 1 (distance 6 > 0)
nid005001:51260:51260 [5] NCCL INFO Channel 06/0 : 5[d6000] -> 13[d6000] [send] via NET/Libfabric/2 comm 0x563c5568fc70 nRanks 16
nid005001:51260:51260 [5] NCCL INFO GPU Direct RDMA Disabled for GPU d6000 / HCA 2 (distance 6 > 0)
nid005001:51260:51339 [5] NCCL INFO New proxy send connection 18 from local rank 5, transport 2
nid005001:51260:51260 [5] NCCL INFO Connected to proxy localRank 5 -> connection 0x14e7ec001c90
nid005001:51255:51337 [2] NCCL INFO New proxy send connection 18 from local rank 2, transport 2
nid005001:51255:51255 [2] NCCL INFO Connected to proxy localRank 2 -> connection 0x147c84001c90
nid005001:51259:51259 [7] NCCL INFO Channel 11/0 : 7[de000] -> 15[de000] [send] via NET/Libfabric/3 comm 0x55cec4cea9e0 nRanks 16
nid005001:51259:51259 [7] NCCL INFO GPU Direct RDMA Disabled for GPU de000 / HCA 3 (distance 6 > 0)
nid005001:51259:51338 [7] NCCL INFO New proxy send connection 19 from local rank 7, transport 2
nid005001:51259:51259 [7] NCCL INFO Connected to proxy localRank 7 -> connection 0x1453ac001d08
nid005001:51260:51260 [5] NCCL INFO Channel 10/0 : 5[d6000] -> 13[d6000] [send] via NET/Libfabric/2 comm 0x563c5568fc70 nRanks 16
nid005001:51260:51260 [5] NCCL INFO GPU Direct RDMA Disabled for GPU d6000 / HCA 2 (distance 6 > 0)
nid005001:51255:51255 [2] NCCL INFO Channel 08/0 : 2[c9000] -> 10[c9000] [send] via NET/Libfabric/1 comm 0x561cb6d30be0 nRanks 16
nid005001:51255:51255 [2] NCCL INFO GPU Direct RDMA Disabled for GPU c9000 / HCA 1 (distance 6 > 0)
nid005001:51260:51339 [5] NCCL INFO New proxy send connection 19 from local rank 5, transport 2
nid005001:51260:51260 [5] NCCL INFO Connected to proxy localRank 5 -> connection 0x14e7ec001d08
nid005001:51255:51337 [2] NCCL INFO New proxy send connection 19 from local rank 2, transport 2
nid005001:51255:51255 [2] NCCL INFO Connected to proxy localRank 2 -> connection 0x147c84001d08
nid005001:51259:51259 [7] NCCL INFO Channel 15/0 : 7[de000] -> 15[de000] [send] via NET/Libfabric/3 comm 0x55cec4cea9e0 nRanks 16
nid005001:51260:51260 [5] NCCL INFO Channel 14/0 : 5[d6000] -> 13[d6000] [send] via NET/Libfabric/2 comm 0x563c5568fc70 nRanks 16
nid005001:51255:51255 [2] NCCL INFO Channel 12/0 : 2[c9000] -> 10[c9000] [send] via NET/Libfabric/1 comm 0x561cb6d30be0 nRanks 16
nid005001:51260:51260 [5] NCCL INFO Channel 01/0 : 5[d6000] -> 1[c6000] via P2P/IPC comm 0x563c5568fc70 nRanks 16
nid005001:51259:51259 [7] NCCL INFO Channel 00/0 : 7[de000] -> 3[ce000] via P2P/IPC comm 0x55cec4cea9e0 nRanks 16
nid005001:51260:51339 [5] NCCL INFO New proxy send connection 20 from local rank 5, transport 0
nid005001:51260:51260 [5] NCCL INFO Connected to proxy localRank 5 -> connection 0x14e7ec001d80
nid005001:51255:51337 [2] NCCL INFO New proxy recv connection 20 from local rank 2, transport 0
nid005001:51255:51255 [2] NCCL INFO Connected to proxy localRank 2 -> connection 0x147c84001d80
nid005001:51259:51338 [7] NCCL INFO New proxy send connection 20 from local rank 7, transport 0
nid005001:51259:51259 [7] NCCL INFO Connected to proxy localRank 7 -> connection 0x1453ac001d80
nid005005:91503:91503 [5] NCCL INFO Channel 00/0 : 13[d6000] -> 9[c6000] via P2P/IPC comm 0x55ca05633170 nRanks 16
nid005005:91506:91506 [7] NCCL INFO Channel 01/0 : 15[de000] -> 11[ce000] via P2P/IPC comm 0x5596d7683540 nRanks 16
nid005005:91506:91584 [7] NCCL INFO New proxy send connection 20 from local rank 7, transport 0
nid005005:91503:91585 [5] NCCL INFO New proxy send connection 20 from local rank 5, transport 0
nid005005:91503:91503 [5] NCCL INFO Connected to proxy localRank 5 -> connection 0x14cb58001d80
nid005005:91506:91506 [7] NCCL INFO Connected to proxy localRank 7 -> connection 0x145a8c001d80
nid005005:91505:91588 [2] NCCL INFO New proxy recv connection 20 from local rank 2, transport 0
nid005005:91505:91505 [2] NCCL INFO Connected to proxy localRank 2 -> connection 0x14d078001d80
nid005001:51258:51258 [6] NCCL INFO Channel 14/0 : 6[d9000] -> 0[c1000] via P2P/IPC comm 0x559d73d29040 nRanks 16
nid005001:51258:51335 [6] NCCL INFO New proxy send connection 19 from local rank 6, transport 0
nid005001:51258:51258 [6] NCCL INFO Connected to proxy localRank 6 -> connection 0x14a9e0001d08
nid005005:91503:91503 [5] NCCL INFO Channel 04/0 : 13[d6000] -> 9[c6000] via P2P/IPC comm 0x55ca05633170 nRanks 16
nid005005:91503:91585 [5] NCCL INFO New proxy send connection 21 from local rank 5, transport 0
nid005005:91503:91503 [5] NCCL INFO Connected to proxy localRank 5 -> connection 0x14cb58001df8
nid005005:91505:91588 [2] NCCL INFO New proxy recv connection 21 from local rank 2, transport 0
nid005005:91505:91505 [2] NCCL INFO Connected to proxy localRank 2 -> connection 0x14d078001df8
nid005005:91506:91506 [7] NCCL INFO Channel 05/0 : 15[de000] -> 11[ce000] via P2P/IPC comm 0x5596d7683540 nRanks 16
nid005005:91506:91584 [7] NCCL INFO New proxy send connection 21 from local rank 7, transport 0
nid005005:91506:91506 [7] NCCL INFO Connected to proxy localRank 7 -> connection 0x145a8c001df8
nid005001:51260:51260 [5] NCCL INFO Channel 05/0 : 5[d6000] -> 1[c6000] via P2P/IPC comm 0x563c5568fc70 nRanks 16
nid005001:51260:51339 [5] NCCL INFO New proxy send connection 21 from local rank 5, transport 0
nid005001:51260:51260 [5] NCCL INFO Connected to proxy localRank 5 -> connection 0x14e7ec001df8
nid005001:51259:51259 [7] NCCL INFO Channel 04/0 : 7[de000] -> 3[ce000] via P2P/IPC comm 0x55cec4cea9e0 nRanks 16
nid005001:51259:51338 [7] NCCL INFO New proxy send connection 21 from local rank 7, transport 0
nid005001:51259:51259 [7] NCCL INFO Connected to proxy localRank 7 -> connection 0x1453ac001df8
nid005001:51255:51337 [2] NCCL INFO New proxy recv connection 21 from local rank 2, transport 0
nid005001:51255:51255 [2] NCCL INFO Connected to proxy localRank 2 -> connection 0x147c84001df8
nid005005:91503:91503 [5] NCCL INFO Channel 08/0 : 13[d6000] -> 9[c6000] via P2P/IPC comm 0x55ca05633170 nRanks 16
nid005005:91503:91585 [5] NCCL INFO New proxy send connection 22 from local rank 5, transport 0
nid005005:91503:91503 [5] NCCL INFO Connected to proxy localRank 5 -> connection 0x14cb58001e70
nid005005:91505:91588 [2] NCCL INFO New proxy recv connection 22 from local rank 2, transport 0
nid005005:91505:91505 [2] NCCL INFO Connected to proxy localRank 2 -> connection 0x14d078001e70
nid005005:91506:91506 [7] NCCL INFO Channel 09/0 : 15[de000] -> 11[ce000] via P2P/IPC comm 0x5596d7683540 nRanks 16
nid005005:91506:91584 [7] NCCL INFO New proxy send connection 22 from local rank 7, transport 0
nid005005:91506:91506 [7] NCCL INFO Connected to proxy localRank 7 -> connection 0x145a8c001e70
nid005001:51260:51260 [5] NCCL INFO Channel 09/0 : 5[d6000] -> 1[c6000] via P2P/IPC comm 0x563c5568fc70 nRanks 16
nid005001:51260:51339 [5] NCCL INFO New proxy send connection 22 from local rank 5, transport 0
nid005001:51260:51260 [5] NCCL INFO Connected to proxy localRank 5 -> connection 0x14e7ec001e70
nid005001:51259:51259 [7] NCCL INFO Channel 08/0 : 7[de000] -> 3[ce000] via P2P/IPC comm 0x55cec4cea9e0 nRanks 16
nid005001:51259:51338 [7] NCCL INFO New proxy send connection 22 from local rank 7, transport 0
nid005001:51259:51259 [7] NCCL INFO Connected to proxy localRank 7 -> connection 0x1453ac001e70
nid005001:51255:51337 [2] NCCL INFO New proxy recv connection 22 from local rank 2, transport 0
nid005001:51255:51255 [2] NCCL INFO Connected to proxy localRank 2 -> connection 0x147c84001e70
nid005001:51254:51254 [0] NCCL INFO Channel 00/0 : 8[c1000] -> 0[c1000] [receive] via NET/Libfabric/0 comm 0x55bd836e47a0 nRanks 16
nid005001:51254:51254 [0] NCCL INFO GPU Direct RDMA Disabled for GPU c1000 / HCA 0 (distance 6 > 0)
nid005001:51254:51348 [0] NCCL INFO New proxy recv connection 13 from local rank 0, transport 2
nid005001:51254:51254 [0] NCCL INFO Connected to proxy localRank 0 -> connection 0x147a40001a38
nid005005:91503:91503 [5] NCCL INFO Channel 12/0 : 13[d6000] -> 9[c6000] via P2P/IPC comm 0x55ca05633170 nRanks 16
nid005005:91503:91585 [5] NCCL INFO New proxy send connection 23 from local rank 5, transport 0
nid005005:91503:91503 [5] NCCL INFO Connected to proxy localRank 5 -> connection 0x14cb58001ee8
nid005001:51254:51254 [0] NCCL INFO Channel 04/0 : 8[c1000] -> 0[c1000] [receive] via NET/Libfabric/0 comm 0x55bd836e47a0 nRanks 16
nid005001:51254:51254 [0] NCCL INFO GPU Direct RDMA Disabled for GPU c1000 / HCA 0 (distance 6 > 0)
nid005001:51254:51348 [0] NCCL INFO New proxy recv connection 14 from local rank 0, transport 2
nid005001:51254:51254 [0] NCCL INFO Connected to proxy localRank 0 -> connection 0x147a40001ab0
nid005001:51254:51254 [0] NCCL INFO Channel 08/0 : 8[c1000] -> 0[c1000] [receive] via NET/Libfabric/0 comm 0x55bd836e47a0 nRanks 16
nid005001:51254:51254 [0] NCCL INFO GPU Direct RDMA Disabled for GPU c1000 / HCA 0 (distance 6 > 0)
nid005001:51254:51348 [0] NCCL INFO New proxy recv connection 15 from local rank 0, transport 2
nid005001:51254:51254 [0] NCCL INFO Connected to proxy localRank 0 -> connection 0x147a40001b28
nid005001:51254:51254 [0] NCCL INFO Channel 12/0 : 8[c1000] -> 0[c1000] [receive] via NET/Libfabric/0 comm 0x55bd836e47a0 nRanks 16
nid005001:51254:51254 [0] NCCL INFO GPU Direct RDMA Disabled for GPU c1000 / HCA 0 (distance 6 > 0)
nid005001:51254:51348 [0] NCCL INFO New proxy send connection 16 from local rank 0, transport 2
nid005001:51254:51254 [0] NCCL INFO Connected to proxy localRank 0 -> connection 0x147a40001ba0
nid005001:51254:51254 [0] NCCL INFO Channel 01/0 : 0[c1000] -> 8[c1000] [send] via NET/Libfabric/0 comm 0x55bd836e47a0 nRanks 16
nid005001:51254:51254 [0] NCCL INFO GPU Direct RDMA Disabled for GPU c1000 / HCA 0 (distance 6 > 0)
nid005001:51254:51348 [0] NCCL INFO New proxy send connection 17 from local rank 0, transport 2
nid005001:51254:51254 [0] NCCL INFO Connected to proxy localRank 0 -> connection 0x147a40001c18
nid005001:51254:51254 [0] NCCL INFO Channel 05/0 : 0[c1000] -> 8[c1000] [send] via NET/Libfabric/0 comm 0x55bd836e47a0 nRanks 16
nid005001:51254:51254 [0] NCCL INFO GPU Direct RDMA Disabled for GPU c1000 / HCA 0 (distance 6 > 0)
nid005001:51254:51348 [0] NCCL INFO New proxy send connection 18 from local rank 0, transport 2
nid005001:51254:51254 [0] NCCL INFO Connected to proxy localRank 0 -> connection 0x147a40001c90
nid005001:51254:51254 [0] NCCL INFO Channel 09/0 : 0[c1000] -> 8[c1000] [send] via NET/Libfabric/0 comm 0x55bd836e47a0 nRanks 16
nid005001:51254:51254 [0] NCCL INFO GPU Direct RDMA Disabled for GPU c1000 / HCA 0 (distance 6 > 0)
nid005001:51254:51348 [0] NCCL INFO New proxy send connection 19 from local rank 0, transport 2
nid005001:51254:51254 [0] NCCL INFO Connected to proxy localRank 0 -> connection 0x147a40001d08
nid005001:51254:51254 [0] NCCL INFO Channel 13/0 : 0[c1000] -> 8[c1000] [send] via NET/Libfabric/0 comm 0x55bd836e47a0 nRanks 16
nid005001:51254:51348 [0] NCCL INFO New proxy recv connection 20 from local rank 0, transport 0
nid005001:51254:51254 [0] NCCL INFO Connected to proxy localRank 0 -> connection 0x147a40001d80
nid005005:91504:91591 [0] NCCL INFO New proxy recv connection 20 from local rank 0, transport 0
nid005005:91504:91504 [0] NCCL INFO Connected to proxy localRank 0 -> connection 0x14dcfc001d80
nid005005:91505:91588 [2] NCCL INFO New proxy recv connection 23 from local rank 2, transport 0
nid005005:91505:91505 [2] NCCL INFO Connected to proxy localRank 2 -> connection 0x14d078001ee8
nid005005:91506:91506 [7] NCCL INFO Channel 13/0 : 15[de000] -> 11[ce000] via P2P/IPC comm 0x5596d7683540 nRanks 16
nid005005:91506:91584 [7] NCCL INFO New proxy send connection 23 from local rank 7, transport 0
nid005005:91506:91506 [7] NCCL INFO Connected to proxy localRank 7 -> connection 0x145a8c001ee8
nid005001:51260:51260 [5] NCCL INFO Channel 13/0 : 5[d6000] -> 1[c6000] via P2P/IPC comm 0x563c5568fc70 nRanks 16
nid005001:51260:51339 [5] NCCL INFO New proxy send connection 23 from local rank 5, transport 0
nid005001:51260:51260 [5] NCCL INFO Connected to proxy localRank 5 -> connection 0x14e7ec001ee8
nid005005:91503:91503 [5] NCCL INFO Channel 01/0 : 13[d6000] -> 12[d1000] via P2P/IPC comm 0x55ca05633170 nRanks 16
nid005005:91499:91590 [1] NCCL INFO New proxy recv connection 20 from local rank 1, transport 0
nid005005:91503:91585 [5] NCCL INFO New proxy send connection 24 from local rank 5, transport 0
nid005005:91503:91503 [5] NCCL INFO Connected to proxy localRank 5 -> connection 0x14cb58001f60
nid005005:91499:91499 [1] NCCL INFO Connected to proxy localRank 1 -> connection 0x150fec001d80
nid005001:51259:51259 [7] NCCL INFO Channel 12/0 : 7[de000] -> 3[ce000] via P2P/IPC comm 0x55cec4cea9e0 nRanks 16
nid005001:51259:51338 [7] NCCL INFO New proxy send connection 23 from local rank 7, transport 0
nid005001:51259:51259 [7] NCCL INFO Connected to proxy localRank 7 -> connection 0x1453ac001ee8
nid005001:51255:51337 [2] NCCL INFO New proxy recv connection 23 from local rank 2, transport 0
nid005001:51255:51255 [2] NCCL INFO Connected to proxy localRank 2 -> connection 0x147c84001ee8
nid005001:51254:51348 [0] NCCL INFO New proxy recv connection 21 from local rank 0, transport 0
nid005001:51254:51254 [0] NCCL INFO Connected to proxy localRank 0 -> connection 0x147a40001df8
nid005005:91504:91591 [0] NCCL INFO New proxy recv connection 21 from local rank 0, transport 0
nid005005:91504:91504 [0] NCCL INFO Connected to proxy localRank 0 -> connection 0x14dcfc001df8
nid005005:91500:91500 [3] NCCL INFO Channel 02/0 : 11[ce000] -> 9[c6000] via P2P/IPC comm 0x555b968350e0 nRanks 16
nid005005:91500:91586 [3] NCCL INFO New proxy send connection 20 from local rank 3, transport 0
nid005005:91506:91506 [7] NCCL INFO Channel 00/0 : 15[de000] -> 14[d9000] via P2P/IPC comm 0x5596d7683540 nRanks 16
nid005005:91506:91584 [7] NCCL INFO New proxy send connection 24 from local rank 7, transport 0
nid005005:91500:91500 [3] NCCL INFO Connected to proxy localRank 3 -> connection 0x14d6bc001d80
nid005005:91506:91506 [7] NCCL INFO Connected to proxy localRank 7 -> connection 0x145a8c001f60
nid005005:91505:91588 [2] NCCL INFO New proxy recv connection 24 from local rank 2, transport 0
nid005005:91505:91505 [2] NCCL INFO Connected to proxy localRank 2 -> connection 0x14d078001f60
nid005005:91503:91503 [5] NCCL INFO Channel 02/0 : 13[d6000] -> 12[d1000] via P2P/IPC comm 0x55ca05633170 nRanks 16
nid005005:91503:91585 [5] NCCL INFO New proxy send connection 25 from local rank 5, transport 0
nid005005:91503:91503 [5] NCCL INFO Connected to proxy localRank 5 -> connection 0x14cb58001fd8
nid005001:51260:51260 [5] NCCL INFO Channel 00/0 : 5[d6000] -> 4[d1000] via P2P/IPC comm 0x563c5568fc70 nRanks 16
nid005001:51260:51339 [5] NCCL INFO New proxy send connection 24 from local rank 5, transport 0
nid005001:51253:51347 [1] NCCL INFO New proxy recv connection 20 from local rank 1, transport 0
nid005001:51253:51253 [1] NCCL INFO Connected to proxy localRank 1 -> connection 0x149e84001d80
nid005001:51260:51260 [5] NCCL INFO Connected to proxy localRank 5 -> connection 0x14e7ec001f60
nid005001:51254:51348 [0] NCCL INFO New proxy recv connection 22 from local rank 0, transport 0
nid005001:51254:51254 [0] NCCL INFO Connected to proxy localRank 0 -> connection 0x147a40001e70
nid005005:91499:91590 [1] NCCL INFO New proxy recv connection 21 from local rank 1, transport 0
nid005005:91499:91499 [1] NCCL INFO Connected to proxy localRank 1 -> connection 0x150fec001df8
nid005001:51256:51256 [3] NCCL INFO Channel 03/0 : 3[ce000] -> 1[c6000] via P2P/IPC comm 0x55d595467d90 nRanks 16
nid005001:51259:51259 [7] NCCL INFO Channel 01/0 : 7[de000] -> 6[d9000] via P2P/IPC comm 0x55cec4cea9e0 nRanks 16
nid005001:51259:51338 [7] NCCL INFO New proxy send connection 24 from local rank 7, transport 0
nid005001:51259:51259 [7] NCCL INFO Connected to proxy localRank 7 -> connection 0x1453ac001f60
nid005001:51256:51340 [3] NCCL INFO New proxy send connection 20 from local rank 3, transport 0
nid005001:51256:51256 [3] NCCL INFO Connected to proxy localRank 3 -> connection 0x14c694001d80
nid005005:91503:91503 [5] NCCL INFO Channel 05/0 : 13[d6000] -> 12[d1000] via P2P/IPC comm 0x55ca05633170 nRanks 16
nid005005:91503:91585 [5] NCCL INFO New proxy send connection 26 from local rank 5, transport 0
nid005005:91503:91503 [5] NCCL INFO Connected to proxy localRank 5 -> connection 0x14cb58002050
nid005005:91506:91506 [7] NCCL INFO Channel 03/0 : 15[de000] -> 14[d9000] via P2P/IPC comm 0x5596d7683540 nRanks 16
nid005005:91506:91584 [7] NCCL INFO New proxy send connection 25 from local rank 7, transport 0
nid005005:91506:91506 [7] NCCL INFO Connected to proxy localRank 7 -> connection 0x145a8c001fd8
nid005005:91504:91591 [0] NCCL INFO New proxy recv connection 22 from local rank 0, transport 0
nid005005:91500:91500 [3] NCCL INFO Channel 06/0 : 11[ce000] -> 9[c6000] via P2P/IPC comm 0x555b968350e0 nRanks 16
nid005005:91500:91586 [3] NCCL INFO New proxy send connection 21 from local rank 3, transport 0
nid005001:51255:51337 [2] NCCL INFO New proxy recv connection 24 from local rank 2, transport 0
nid005001:51255:51255 [2] NCCL INFO Connected to proxy localRank 2 -> connection 0x147c84001f60
nid005005:91504:91504 [0] NCCL INFO Connected to proxy localRank 0 -> connection 0x14dcfc001e70
nid005005:91500:91500 [3] NCCL INFO Connected to proxy localRank 3 -> connection 0x14d6bc001df8
nid005005:91505:91588 [2] NCCL INFO New proxy recv connection 25 from local rank 2, transport 0
nid005005:91505:91505 [2] NCCL INFO Connected to proxy localRank 2 -> connection 0x14d078001fd8
nid005001:51254:51348 [0] NCCL INFO New proxy recv connection 23 from local rank 0, transport 0
nid005001:51254:51254 [0] NCCL INFO Connected to proxy localRank 0 -> connection 0x147a40001ee8
nid005001:51260:51260 [5] NCCL INFO Channel 03/0 : 5[d6000] -> 4[d1000] via P2P/IPC comm 0x563c5568fc70 nRanks 16
nid005001:51260:51339 [5] NCCL INFO New proxy send connection 25 from local rank 5, transport 0
nid005001:51260:51260 [5] NCCL INFO Connected to proxy localRank 5 -> connection 0x14e7ec001fd8
nid005005:91503:91503 [5] NCCL INFO Channel 06/0 : 13[d6000] -> 12[d1000] via P2P/IPC comm 0x55ca05633170 nRanks 16
nid005005:91503:91585 [5] NCCL INFO New proxy send connection 27 from local rank 5, transport 0
nid005005:91503:91503 [5] NCCL INFO Connected to proxy localRank 5 -> connection 0x14cb580020c8
nid005001:51253:51347 [1] NCCL INFO New proxy recv connection 21 from local rank 1, transport 0
nid005001:51253:51253 [1] NCCL INFO Connected to proxy localRank 1 -> connection 0x149e84001df8
nid005001:51259:51259 [7] NCCL INFO Channel 02/0 : 7[de000] -> 6[d9000] via P2P/IPC comm 0x55cec4cea9e0 nRanks 16
nid005001:51259:51338 [7] NCCL INFO New proxy send connection 25 from local rank 7, transport 0
nid005001:51259:51259 [7] NCCL INFO Connected to proxy localRank 7 -> connection 0x1453ac001fd8
nid005005:91506:91506 [7] NCCL INFO Channel 04/0 : 15[de000] -> 14[d9000] via P2P/IPC comm 0x5596d7683540 nRanks 16
nid005005:91506:91584 [7] NCCL INFO New proxy send connection 26 from local rank 7, transport 0
nid005005:91506:91506 [7] NCCL INFO Connected to proxy localRank 7 -> connection 0x145a8c002050
nid005005:91500:91500 [3] NCCL INFO Channel 10/0 : 11[ce000] -> 9[c6000] via P2P/IPC comm 0x555b968350e0 nRanks 16
nid005001:51256:51256 [3] NCCL INFO Channel 07/0 : 3[ce000] -> 1[c6000] via P2P/IPC comm 0x55d595467d90 nRanks 16
nid005005:91500:91586 [3] NCCL INFO New proxy send connection 22 from local rank 3, transport 0
nid005005:91500:91500 [3] NCCL INFO Connected to proxy localRank 3 -> connection 0x14d6bc001e70
nid005001:51256:51340 [3] NCCL INFO New proxy send connection 21 from local rank 3, transport 0
nid005001:51256:51256 [3] NCCL INFO Connected to proxy localRank 3 -> connection 0x14c694001df8
nid005005:91504:91591 [0] NCCL INFO New proxy recv connection 23 from local rank 0, transport 0
nid005005:91504:91504 [0] NCCL INFO Connected to proxy localRank 0 -> connection 0x14dcfc001ee8
nid005005:91499:91590 [1] NCCL INFO New proxy recv connection 22 from local rank 1, transport 0
nid005005:91499:91499 [1] NCCL INFO Connected to proxy localRank 1 -> connection 0x150fec001e70
nid005001:51255:51337 [2] NCCL INFO New proxy recv connection 25 from local rank 2, transport 0
nid005001:51255:51255 [2] NCCL INFO Connected to proxy localRank 2 -> connection 0x147c84001fd8
nid005001:51258:51258 [6] NCCL INFO Channel 01/0 : 6[d9000] -> 4[d1000] via P2P/IPC comm 0x559d73d29040 nRanks 16
nid005001:51254:51348 [0] NCCL INFO New proxy recv connection 24 from local rank 0, transport 0
nid005001:51254:51254 [0] NCCL INFO Connected to proxy localRank 0 -> connection 0x147a40001f60
nid005001:51258:51335 [6] NCCL INFO New proxy send connection 20 from local rank 6, transport 0
nid005001:51258:51258 [6] NCCL INFO Connected to proxy localRank 6 -> connection 0x14a9e0001d80
nid005005:91503:91503 [5] NCCL INFO Channel 09/0 : 13[d6000] -> 12[d1000] via P2P/IPC comm 0x55ca05633170 nRanks 16
nid005005:91503:91585 [5] NCCL INFO New proxy send connection 28 from local rank 5, transport 0
nid005005:91503:91503 [5] NCCL INFO Connected to proxy localRank 5 -> connection 0x14cb58002140
nid005005:91505:91588 [2] NCCL INFO New proxy recv connection 26 from local rank 2, transport 0
nid005005:91505:91505 [2] NCCL INFO Connected to proxy localRank 2 -> connection 0x14d078002050
nid005001:51260:51260 [5] NCCL INFO Channel 04/0 : 5[d6000] -> 4[d1000] via P2P/IPC comm 0x563c5568fc70 nRanks 16
nid005001:51260:51339 [5] NCCL INFO New proxy send connection 26 from local rank 5, transport 0
nid005001:51260:51260 [5] NCCL INFO Connected to proxy localRank 5 -> connection 0x14e7ec002050
nid005005:91506:91506 [7] NCCL INFO Channel 07/0 : 15[de000] -> 14[d9000] via P2P/IPC comm 0x5596d7683540 nRanks 16
nid005005:91506:91584 [7] NCCL INFO New proxy send connection 27 from local rank 7, transport 0
nid005005:91506:91506 [7] NCCL INFO Connected to proxy localRank 7 -> connection 0x145a8c0020c8
nid005005:91500:91500 [3] NCCL INFO Channel 14/0 : 11[ce000] -> 9[c6000] via P2P/IPC comm 0x555b968350e0 nRanks 16
nid005005:91500:91586 [3] NCCL INFO New proxy send connection 23 from local rank 3, transport 0
nid005005:91500:91500 [3] NCCL INFO Connected to proxy localRank 3 -> connection 0x14d6bc001ee8
nid005005:91502:91502 [6] NCCL INFO Channel 00/0 : 14[d9000] -> 12[d1000] via P2P/IPC comm 0x561f3491e030 nRanks 16
nid005001:51259:51259 [7] NCCL INFO Channel 05/0 : 7[de000] -> 6[d9000] via P2P/IPC comm 0x55cec4cea9e0 nRanks 16
nid005001:51259:51338 [7] NCCL INFO New proxy send connection 26 from local rank 7, transport 0
nid005001:51259:51259 [7] NCCL INFO Connected to proxy localRank 7 -> connection 0x1453ac002050
nid005005:91504:91591 [0] NCCL INFO New proxy recv connection 24 from local rank 0, transport 0
nid005005:91502:91587 [6] NCCL INFO New proxy send connection 20 from local rank 6, transport 0
nid005005:91504:91504 [0] NCCL INFO Connected to proxy localRank 0 -> connection 0x14dcfc001f60
nid005005:91502:91502 [6] NCCL INFO Connected to proxy localRank 6 -> connection 0x145b34001d80
nid005001:51254:51348 [0] NCCL INFO New proxy recv connection 25 from local rank 0, transport 0
nid005001:51254:51254 [0] NCCL INFO Connected to proxy localRank 0 -> connection 0x147a40001fd8
nid005001:51256:51256 [3] NCCL INFO Channel 11/0 : 3[ce000] -> 1[c6000] via P2P/IPC comm 0x55d595467d90 nRanks 16
nid005001:51253:51347 [1] NCCL INFO New proxy recv connection 22 from local rank 1, transport 0
nid005001:51253:51253 [1] NCCL INFO Connected to proxy localRank 1 -> connection 0x149e84001e70
nid005001:51256:51340 [3] NCCL INFO New proxy send connection 22 from local rank 3, transport 0
nid005001:51256:51256 [3] NCCL INFO Connected to proxy localRank 3 -> connection 0x14c694001e70
nid005001:51255:51337 [2] NCCL INFO New proxy recv connection 26 from local rank 2, transport 0
nid005001:51255:51255 [2] NCCL INFO Connected to proxy localRank 2 -> connection 0x147c84002050
nid005005:91503:91503 [5] NCCL INFO Channel 10/0 : 13[d6000] -> 12[d1000] via P2P/IPC comm 0x55ca05633170 nRanks 16
nid005005:91499:91590 [1] NCCL INFO New proxy recv connection 23 from local rank 1, transport 0
nid005005:91503:91585 [5] NCCL INFO New proxy send connection 29 from local rank 5, transport 0
nid005005:91503:91503 [5] NCCL INFO Connected to proxy localRank 5 -> connection 0x14cb580021b8
nid005005:91499:91499 [1] NCCL INFO Connected to proxy localRank 1 -> connection 0x150fec001ee8
nid005001:51258:51258 [6] NCCL INFO Channel 05/0 : 6[d9000] -> 4[d1000] via P2P/IPC comm 0x559d73d29040 nRanks 16
nid005001:51258:51335 [6] NCCL INFO New proxy send connection 21 from local rank 6, transport 0
nid005001:51258:51258 [6] NCCL INFO Connected to proxy localRank 6 -> connection 0x14a9e0001df8
nid005005:91506:91506 [7] NCCL INFO Channel 08/0 : 15[de000] -> 14[d9000] via P2P/IPC comm 0x5596d7683540 nRanks 16
nid005005:91505:91588 [2] NCCL INFO New proxy recv connection 27 from local rank 2, transport 0
nid005005:91505:91505 [2] NCCL INFO Connected to proxy localRank 2 -> connection 0x14d0780020c8
nid005005:91506:91584 [7] NCCL INFO New proxy send connection 28 from local rank 7, transport 0
nid005005:91506:91506 [7] NCCL INFO Connected to proxy localRank 7 -> connection 0x145a8c002140
nid005001:51260:51260 [5] NCCL INFO Channel 07/0 : 5[d6000] -> 4[d1000] via P2P/IPC comm 0x563c5568fc70 nRanks 16
nid005001:51260:51339 [5] NCCL INFO New proxy send connection 27 from local rank 5, transport 0
nid005001:51260:51260 [5] NCCL INFO Connected to proxy localRank 5 -> connection 0x14e7ec0020c8
nid005001:51254:51348 [0] NCCL INFO New proxy recv connection 26 from local rank 0, transport 0
nid005001:51254:51254 [0] NCCL INFO Connected to proxy localRank 0 -> connection 0x147a40002050
nid005005:91504:91591 [0] NCCL INFO New proxy recv connection 25 from local rank 0, transport 0
nid005005:91504:91504 [0] NCCL INFO Connected to proxy localRank 0 -> connection 0x14dcfc001fd8
nid005005:91503:91503 [5] NCCL INFO Channel 13/0 : 13[d6000] -> 12[d1000] via P2P/IPC comm 0x55ca05633170 nRanks 16
nid005005:91503:91585 [5] NCCL INFO New proxy send connection 30 from local rank 5, transport 0
nid005005:91503:91503 [5] NCCL INFO Connected to proxy localRank 5 -> connection 0x14cb58002230
nid005001:51259:51259 [7] NCCL INFO Channel 06/0 : 7[de000] -> 6[d9000] via P2P/IPC comm 0x55cec4cea9e0 nRanks 16
nid005001:51259:51338 [7] NCCL INFO New proxy send connection 27 from local rank 7, transport 0
nid005001:51259:51259 [7] NCCL INFO Connected to proxy localRank 7 -> connection 0x1453ac0020c8
nid005001:51255:51337 [2] NCCL INFO New proxy recv connection 27 from local rank 2, transport 0
nid005001:51255:51255 [2] NCCL INFO Connected to proxy localRank 2 -> connection 0x147c840020c8
nid005001:51256:51256 [3] NCCL INFO Channel 15/0 : 3[ce000] -> 1[c6000] via P2P/IPC comm 0x55d595467d90 nRanks 16
nid005001:51256:51340 [3] NCCL INFO New proxy send connection 23 from local rank 3, transport 0
nid005001:51256:51256 [3] NCCL INFO Connected to proxy localRank 3 -> connection 0x14c694001ee8
nid005005:91502:91502 [6] NCCL INFO Channel 04/0 : 14[d9000] -> 12[d1000] via P2P/IPC comm 0x561f3491e030 nRanks 16
nid005005:91502:91587 [6] NCCL INFO New proxy send connection 21 from local rank 6, transport 0
nid005001:51258:51258 [6] NCCL INFO Channel 09/0 : 6[d9000] -> 4[d1000] via P2P/IPC comm 0x559d73d29040 nRanks 16
nid005001:51253:51347 [1] NCCL INFO New proxy recv connection 23 from local rank 1, transport 0
nid005001:51253:51253 [1] NCCL INFO Connected to proxy localRank 1 -> connection 0x149e84001ee8
nid005001:51258:51335 [6] NCCL INFO New proxy send connection 22 from local rank 6, transport 0
nid005001:51258:51258 [6] NCCL INFO Connected to proxy localRank 6 -> connection 0x14a9e0001e70
nid005005:91502:91502 [6] NCCL INFO Connected to proxy localRank 6 -> connection 0x145b34001df8
nid005005:91500:91500 [3] NCCL INFO Channel 01/0 : 11[ce000] -> 10[c9000] via P2P/IPC comm 0x555b968350e0 nRanks 16
nid005005:91500:91586 [3] NCCL INFO New proxy send connection 24 from local rank 3, transport 0
nid005005:91499:91499 [1] NCCL INFO Channel 00/0 : 9[c6000] -> 8[c1000] via P2P/IPC comm 0x558da978c1c0 nRanks 16
nid005005:91499:91590 [1] NCCL INFO New proxy send connection 24 from local rank 1, transport 0
nid005005:91500:91500 [3] NCCL INFO Connected to proxy localRank 3 -> connection 0x14d6bc001f60
nid005005:91499:91499 [1] NCCL INFO Connected to proxy localRank 1 -> connection 0x150fec001f60
nid005005:91506:91506 [7] NCCL INFO Channel 11/0 : 15[de000] -> 14[d9000] via P2P/IPC comm 0x5596d7683540 nRanks 16
nid005005:91506:91584 [7] NCCL INFO New proxy send connection 29 from local rank 7, transport 0
nid005005:91506:91506 [7] NCCL INFO Connected to proxy localRank 7 -> connection 0x145a8c0021b8
nid005001:51254:51348 [0] NCCL INFO New proxy recv connection 27 from local rank 0, transport 0
nid005001:51254:51254 [0] NCCL INFO Connected to proxy localRank 0 -> connection 0x147a400020c8
nid005005:91503:91503 [5] NCCL INFO Channel 14/0 : 13[d6000] -> 12[d1000] via P2P/IPC comm 0x55ca05633170 nRanks 16
nid005005:91503:91585 [5] NCCL INFO New proxy send connection 31 from local rank 5, transport 0
nid005005:91503:91503 [5] NCCL INFO Connected to proxy localRank 5 -> connection 0x14cb580022a8
nid005001:51260:51260 [5] NCCL INFO Channel 08/0 : 5[d6000] -> 4[d1000] via P2P/IPC comm 0x563c5568fc70 nRanks 16
nid005001:51260:51339 [5] NCCL INFO New proxy send connection 28 from local rank 5, transport 0
nid005005:91505:91588 [2] NCCL INFO New proxy recv connection 28 from local rank 2, transport 0
nid005005:91505:91505 [2] NCCL INFO Connected to proxy localRank 2 -> connection 0x14d078002140
nid005001:51260:51260 [5] NCCL INFO Connected to proxy localRank 5 -> connection 0x14e7ec002140
nid005005:91504:91591 [0] NCCL INFO New proxy recv connection 26 from local rank 0, transport 0
nid005005:91504:91504 [0] NCCL INFO Connected to proxy localRank 0 -> connection 0x14dcfc002050
nid005001:51259:51259 [7] NCCL INFO Channel 09/0 : 7[de000] -> 6[d9000] via P2P/IPC comm 0x55cec4cea9e0 nRanks 16
nid005001:51259:51338 [7] NCCL INFO New proxy send connection 28 from local rank 7, transport 0
nid005001:51255:51337 [2] NCCL INFO New proxy recv connection 28 from local rank 2, transport 0
nid005001:51255:51255 [2] NCCL INFO Connected to proxy localRank 2 -> connection 0x147c84002140
nid005001:51259:51259 [7] NCCL INFO Connected to proxy localRank 7 -> connection 0x1453ac002140
nid005001:51258:51258 [6] NCCL INFO Channel 13/0 : 6[d9000] -> 4[d1000] via P2P/IPC comm 0x559d73d29040 nRanks 16
nid005001:51258:51335 [6] NCCL INFO New proxy send connection 23 from local rank 6, transport 0
nid005001:51258:51258 [6] NCCL INFO Connected to proxy localRank 6 -> connection 0x14a9e0001ee8
nid005005:91500:91500 [3] NCCL INFO Channel 03/0 : 11[ce000] -> 10[c9000] via P2P/IPC comm 0x555b968350e0 nRanks 16
nid005005:91500:91586 [3] NCCL INFO New proxy send connection 25 from local rank 3, transport 0
nid005005:91500:91500 [3] NCCL INFO Connected to proxy localRank 3 -> connection 0x14d6bc001fd8
nid005001:51254:51348 [0] NCCL INFO New proxy recv connection 28 from local rank 0, transport 0
nid005001:51254:51254 [0] NCCL INFO Connected to proxy localRank 0 -> connection 0x147a40002140
nid005005:91506:91506 [7] NCCL INFO Channel 12/0 : 15[de000] -> 14[d9000] via P2P/IPC comm 0x5596d7683540 nRanks 16
nid005005:91506:91584 [7] NCCL INFO New proxy send connection 30 from local rank 7, transport 0
nid005005:91506:91506 [7] NCCL INFO Connected to proxy localRank 7 -> connection 0x145a8c002230
nid005001:51256:51256 [3] NCCL INFO Channel 00/0 : 3[ce000] -> 2[c9000] via P2P/IPC comm 0x55d595467d90 nRanks 16
nid005001:51253:51253 [1] NCCL INFO Channel 01/0 : 1[c6000] -> 0[c1000] via P2P/IPC comm 0x555be8224af0 nRanks 16
nid005001:51253:51347 [1] NCCL INFO New proxy send connection 24 from local rank 1, transport 0
nid005001:51253:51253 [1] NCCL INFO Connected to proxy localRank 1 -> connection 0x149e84001f60
nid005001:51256:51340 [3] NCCL INFO New proxy send connection 24 from local rank 3, transport 0
nid005001:51256:51256 [3] NCCL INFO Connected to proxy localRank 3 -> connection 0x14c694001f60
nid005005:91502:91502 [6] NCCL INFO Channel 08/0 : 14[d9000] -> 12[d1000] via P2P/IPC comm 0x561f3491e030 nRanks 16
nid005005:91502:91587 [6] NCCL INFO New proxy send connection 22 from local rank 6, transport 0
nid005005:91502:91502 [6] NCCL INFO Connected to proxy localRank 6 -> connection 0x145b34001e70
nid005005:91499:91499 [1] NCCL INFO Channel 02/0 : 9[c6000] -> 8[c1000] via P2P/IPC comm 0x558da978c1c0 nRanks 16
nid005005:91499:91590 [1] NCCL INFO New proxy send connection 25 from local rank 1, transport 0
nid005005:91499:91499 [1] NCCL INFO Connected to proxy localRank 1 -> connection 0x150fec001fd8
nid005005:91504:91591 [0] NCCL INFO New proxy recv connection 27 from local rank 0, transport 0
nid005005:91504:91504 [0] NCCL INFO Connected to proxy localRank 0 -> connection 0x14dcfc0020c8
nid005001:51260:51260 [5] NCCL INFO Channel 11/0 : 5[d6000] -> 4[d1000] via P2P/IPC comm 0x563c5568fc70 nRanks 16
nid005001:51260:51339 [5] NCCL INFO New proxy send connection 29 from local rank 5, transport 0
nid005001:51260:51260 [5] NCCL INFO Connected to proxy localRank 5 -> connection 0x14e7ec0021b8
nid005005:91505:91588 [2] NCCL INFO New proxy recv connection 29 from local rank 2, transport 0
nid005005:91505:91505 [2] NCCL INFO Connected to proxy localRank 2 -> connection 0x14d0780021b8
nid005005:91500:91500 [3] NCCL INFO Channel 05/0 : 11[ce000] -> 10[c9000] via P2P/IPC comm 0x555b968350e0 nRanks 16
nid005005:91500:91586 [3] NCCL INFO New proxy send connection 26 from local rank 3, transport 0
nid005005:91500:91500 [3] NCCL INFO Connected to proxy localRank 3 -> connection 0x14d6bc002050
nid005001:51254:51348 [0] NCCL INFO New proxy recv connection 29 from local rank 0, transport 0
nid005001:51254:51254 [0] NCCL INFO Connected to proxy localRank 0 -> connection 0x147a400021b8
nid005005:91506:91506 [7] NCCL INFO Channel 15/0 : 15[de000] -> 14[d9000] via P2P/IPC comm 0x5596d7683540 nRanks 16
nid005001:51255:51337 [2] NCCL INFO New proxy recv connection 29 from local rank 2, transport 0
nid005001:51255:51255 [2] NCCL INFO Connected to proxy localRank 2 -> connection 0x147c840021b8
nid005005:91506:91584 [7] NCCL INFO New proxy send connection 31 from local rank 7, transport 0
nid005005:91506:91506 [7] NCCL INFO Connected to proxy localRank 7 -> connection 0x145a8c0022a8
nid005001:51259:51259 [7] NCCL INFO Channel 10/0 : 7[de000] -> 6[d9000] via P2P/IPC comm 0x55cec4cea9e0 nRanks 16
nid005001:51259:51338 [7] NCCL INFO New proxy send connection 29 from local rank 7, transport 0
nid005001:51259:51259 [7] NCCL INFO Connected to proxy localRank 7 -> connection 0x1453ac0021b8
nid005001:51257:51336 [4] NCCL INFO New proxy recv connection 24 from local rank 4, transport 0
nid005001:51257:51257 [4] NCCL INFO Connected to proxy localRank 4 -> connection 0x152e7c001f60
nid005001:51258:51335 [6] NCCL INFO New proxy recv connection 24 from local rank 6, transport 0
nid005001:51258:51258 [6] NCCL INFO Connected to proxy localRank 6 -> connection 0x14a9e0001f60
nid005001:51256:51256 [3] NCCL INFO Channel 02/0 : 3[ce000] -> 2[c9000] via P2P/IPC comm 0x55d595467d90 nRanks 16
nid005001:51256:51340 [3] NCCL INFO New proxy send connection 25 from local rank 3, transport 0
nid005001:51256:51256 [3] NCCL INFO Connected to proxy localRank 3 -> connection 0x14c694001fd8
nid005005:91504:91591 [0] NCCL INFO New proxy recv connection 28 from local rank 0, transport 0
nid005005:91504:91504 [0] NCCL INFO Connected to proxy localRank 0 -> connection 0x14dcfc002140
nid005001:51253:51253 [1] NCCL INFO Channel 03/0 : 1[c6000] -> 0[c1000] via P2P/IPC comm 0x555be8224af0 nRanks 16
nid005001:51253:51347 [1] NCCL INFO New proxy send connection 25 from local rank 1, transport 0
nid005001:51253:51253 [1] NCCL INFO Connected to proxy localRank 1 -> connection 0x149e84001fd8
nid005001:51260:51260 [5] NCCL INFO Channel 12/0 : 5[d6000] -> 4[d1000] via P2P/IPC comm 0x563c5568fc70 nRanks 16
nid005001:51260:51339 [5] NCCL INFO New proxy send connection 30 from local rank 5, transport 0
nid005001:51260:51260 [5] NCCL INFO Connected to proxy localRank 5 -> connection 0x14e7ec002230
nid005005:91499:91499 [1] NCCL INFO Channel 04/0 : 9[c6000] -> 8[c1000] via P2P/IPC comm 0x558da978c1c0 nRanks 16
nid005005:91499:91590 [1] NCCL INFO New proxy send connection 26 from local rank 1, transport 0
nid005005:91499:91499 [1] NCCL INFO Connected to proxy localRank 1 -> connection 0x150fec002050
nid005005:91502:91502 [6] NCCL INFO Channel 12/0 : 14[d9000] -> 12[d1000] via P2P/IPC comm 0x561f3491e030 nRanks 16
nid005005:91502:91587 [6] NCCL INFO New proxy send connection 23 from local rank 6, transport 0
nid005005:91502:91502 [6] NCCL INFO Connected to proxy localRank 6 -> connection 0x145b34001ee8
nid005005:91505:91588 [2] NCCL INFO New proxy recv connection 30 from local rank 2, transport 0
nid005005:91505:91505 [2] NCCL INFO Connected to proxy localRank 2 -> connection 0x14d078002230
nid005001:51254:51348 [0] NCCL INFO New proxy recv connection 30 from local rank 0, transport 0
nid005001:51254:51254 [0] NCCL INFO Connected to proxy localRank 0 -> connection 0x147a40002230
nid005005:91500:91500 [3] NCCL INFO Channel 07/0 : 11[ce000] -> 10[c9000] via P2P/IPC comm 0x555b968350e0 nRanks 16
nid005005:91500:91586 [3] NCCL INFO New proxy send connection 27 from local rank 3, transport 0
nid005005:91500:91500 [3] NCCL INFO Connected to proxy localRank 3 -> connection 0x14d6bc0020c8
nid005001:51257:51336 [4] NCCL INFO New proxy recv connection 25 from local rank 4, transport 0
nid005001:51257:51257 [4] NCCL INFO Connected to proxy localRank 4 -> connection 0x152e7c001fd8
nid005001:51258:51335 [6] NCCL INFO New proxy recv connection 25 from local rank 6, transport 0
nid005001:51258:51258 [6] NCCL INFO Connected to proxy localRank 6 -> connection 0x14a9e0001fd8
nid005001:51259:51259 [7] NCCL INFO Channel 13/0 : 7[de000] -> 6[d9000] via P2P/IPC comm 0x55cec4cea9e0 nRanks 16
nid005001:51255:51337 [2] NCCL INFO New proxy recv connection 30 from local rank 2, transport 0
nid005001:51259:51338 [7] NCCL INFO New proxy send connection 30 from local rank 7, transport 0
nid005001:51255:51255 [2] NCCL INFO Connected to proxy localRank 2 -> connection 0x147c84002230
nid005001:51259:51259 [7] NCCL INFO Connected to proxy localRank 7 -> connection 0x1453ac002230
nid005005:91504:91591 [0] NCCL INFO New proxy recv connection 29 from local rank 0, transport 0
nid005005:91504:91504 [0] NCCL INFO Connected to proxy localRank 0 -> connection 0x14dcfc0021b8
nid005001:51256:51256 [3] NCCL INFO Channel 04/0 : 3[ce000] -> 2[c9000] via P2P/IPC comm 0x55d595467d90 nRanks 16
nid005001:51256:51340 [3] NCCL INFO New proxy send connection 26 from local rank 3, transport 0
nid005001:51256:51256 [3] NCCL INFO Connected to proxy localRank 3 -> connection 0x14c694002050
nid005001:51260:51260 [5] NCCL INFO Channel 15/0 : 5[d6000] -> 4[d1000] via P2P/IPC comm 0x563c5568fc70 nRanks 16
nid005001:51260:51339 [5] NCCL INFO New proxy send connection 31 from local rank 5, transport 0
nid005001:51260:51260 [5] NCCL INFO Connected to proxy localRank 5 -> connection 0x14e7ec0022a8
nid005001:51254:51348 [0] NCCL INFO New proxy recv connection 31 from local rank 0, transport 0
nid005001:51254:51254 [0] NCCL INFO Connected to proxy localRank 0 -> connection 0x147a400022a8
nid005001:51253:51253 [1] NCCL INFO Channel 05/0 : 1[c6000] -> 0[c1000] via P2P/IPC comm 0x555be8224af0 nRanks 16
nid005001:51253:51347 [1] NCCL INFO New proxy send connection 26 from local rank 1, transport 0
nid005001:51253:51253 [1] NCCL INFO Connected to proxy localRank 1 -> connection 0x149e84002050
nid005005:91500:91500 [3] NCCL INFO Channel 09/0 : 11[ce000] -> 10[c9000] via P2P/IPC comm 0x555b968350e0 nRanks 16
nid005005:91500:91586 [3] NCCL INFO New proxy send connection 28 from local rank 3, transport 0
nid005005:91500:91500 [3] NCCL INFO Connected to proxy localRank 3 -> connection 0x14d6bc002140
nid005001:51257:51336 [4] NCCL INFO New proxy recv connection 26 from local rank 4, transport 0
nid005001:51257:51257 [4] NCCL INFO Connected to proxy localRank 4 -> connection 0x152e7c002050
nid005005:91499:91499 [1] NCCL INFO Channel 06/0 : 9[c6000] -> 8[c1000] via P2P/IPC comm 0x558da978c1c0 nRanks 16
nid005005:91499:91590 [1] NCCL INFO New proxy send connection 27 from local rank 1, transport 0
nid005005:91499:91499 [1] NCCL INFO Connected to proxy localRank 1 -> connection 0x150fec0020c8
nid005005:91505:91588 [2] NCCL INFO New proxy recv connection 31 from local rank 2, transport 0
nid005005:91505:91505 [2] NCCL INFO Connected to proxy localRank 2 -> connection 0x14d0780022a8
nid005005:91502:91587 [6] NCCL INFO New proxy recv connection 24 from local rank 6, transport 0
nid005005:91502:91502 [6] NCCL INFO Connected to proxy localRank 6 -> connection 0x145b34001f60
nid005005:91501:91589 [4] NCCL INFO New proxy recv connection 24 from local rank 4, transport 0
nid005005:91501:91501 [4] NCCL INFO Connected to proxy localRank 4 -> connection 0x14d8a8001f60
nid005005:91504:91591 [0] NCCL INFO New proxy recv connection 30 from local rank 0, transport 0
nid005005:91504:91504 [0] NCCL INFO Connected to proxy localRank 0 -> connection 0x14dcfc002230
nid005001:51258:51335 [6] NCCL INFO New proxy recv connection 26 from local rank 6, transport 0
nid005001:51258:51258 [6] NCCL INFO Connected to proxy localRank 6 -> connection 0x14a9e0002050
nid005001:51256:51256 [3] NCCL INFO Channel 06/0 : 3[ce000] -> 2[c9000] via P2P/IPC comm 0x55d595467d90 nRanks 16
nid005001:51259:51259 [7] NCCL INFO Channel 14/0 : 7[de000] -> 6[d9000] via P2P/IPC comm 0x55cec4cea9e0 nRanks 16
nid005001:51259:51338 [7] NCCL INFO New proxy send connection 31 from local rank 7, transport 0
nid005001:51256:51340 [3] NCCL INFO New proxy send connection 27 from local rank 3, transport 0
nid005001:51256:51256 [3] NCCL INFO Connected to proxy localRank 3 -> connection 0x14c6940020c8
nid005001:51259:51259 [7] NCCL INFO Connected to proxy localRank 7 -> connection 0x1453ac0022a8
nid005001:51255:51337 [2] NCCL INFO New proxy recv connection 31 from local rank 2, transport 0
nid005001:51255:51255 [2] NCCL INFO Connected to proxy localRank 2 -> connection 0x147c840022a8
nid005001:51257:51336 [4] NCCL INFO New proxy recv connection 27 from local rank 4, transport 0
nid005001:51257:51257 [4] NCCL INFO Connected to proxy localRank 4 -> connection 0x152e7c0020c8
nid005005:91500:91500 [3] NCCL INFO Channel 11/0 : 11[ce000] -> 10[c9000] via P2P/IPC comm 0x555b968350e0 nRanks 16
nid005005:91500:91586 [3] NCCL INFO New proxy send connection 29 from local rank 3, transport 0
nid005005:91500:91500 [3] NCCL INFO Connected to proxy localRank 3 -> connection 0x14d6bc0021b8
nid005005:91501:91589 [4] NCCL INFO New proxy recv connection 25 from local rank 4, transport 0
nid005005:91501:91501 [4] NCCL INFO Connected to proxy localRank 4 -> connection 0x14d8a8001fd8
nid005001:51253:51253 [1] NCCL INFO Channel 07/0 : 1[c6000] -> 0[c1000] via P2P/IPC comm 0x555be8224af0 nRanks 16
nid005001:51253:51347 [1] NCCL INFO New proxy send connection 27 from local rank 1, transport 0
nid005001:51253:51253 [1] NCCL INFO Connected to proxy localRank 1 -> connection 0x149e840020c8
nid005005:91499:91499 [1] NCCL INFO Channel 08/0 : 9[c6000] -> 8[c1000] via P2P/IPC comm 0x558da978c1c0 nRanks 16
nid005005:91499:91590 [1] NCCL INFO New proxy send connection 28 from local rank 1, transport 0
nid005005:91499:91499 [1] NCCL INFO Connected to proxy localRank 1 -> connection 0x150fec002140
nid005005:91504:91591 [0] NCCL INFO New proxy recv connection 31 from local rank 0, transport 0
nid005005:91504:91504 [0] NCCL INFO Connected to proxy localRank 0 -> connection 0x14dcfc0022a8
nid005005:91502:91587 [6] NCCL INFO New proxy recv connection 25 from local rank 6, transport 0
nid005005:91502:91502 [6] NCCL INFO Connected to proxy localRank 6 -> connection 0x145b34001fd8
nid005001:51258:51335 [6] NCCL INFO New proxy recv connection 27 from local rank 6, transport 0
nid005001:51258:51258 [6] NCCL INFO Connected to proxy localRank 6 -> connection 0x14a9e00020c8
nid005001:51256:51256 [3] NCCL INFO Channel 08/0 : 3[ce000] -> 2[c9000] via P2P/IPC comm 0x55d595467d90 nRanks 16
nid005001:51257:51336 [4] NCCL INFO New proxy recv connection 28 from local rank 4, transport 0
nid005001:51257:51257 [4] NCCL INFO Connected to proxy localRank 4 -> connection 0x152e7c002140
nid005001:51256:51340 [3] NCCL INFO New proxy send connection 28 from local rank 3, transport 0
nid005001:51256:51256 [3] NCCL INFO Connected to proxy localRank 3 -> connection 0x14c694002140
nid005005:91500:91500 [3] NCCL INFO Channel 13/0 : 11[ce000] -> 10[c9000] via P2P/IPC comm 0x555b968350e0 nRanks 16
nid005005:91500:91586 [3] NCCL INFO New proxy send connection 30 from local rank 3, transport 0
nid005005:91500:91500 [3] NCCL INFO Connected to proxy localRank 3 -> connection 0x14d6bc002230
nid005005:91501:91589 [4] NCCL INFO New proxy recv connection 26 from local rank 4, transport 0
nid005005:91501:91501 [4] NCCL INFO Connected to proxy localRank 4 -> connection 0x14d8a8002050
nid005005:91499:91499 [1] NCCL INFO Channel 10/0 : 9[c6000] -> 8[c1000] via P2P/IPC comm 0x558da978c1c0 nRanks 16
nid005005:91499:91590 [1] NCCL INFO New proxy send connection 29 from local rank 1, transport 0
nid005005:91499:91499 [1] NCCL INFO Connected to proxy localRank 1 -> connection 0x150fec0021b8
nid005001:51253:51253 [1] NCCL INFO Channel 09/0 : 1[c6000] -> 0[c1000] via P2P/IPC comm 0x555be8224af0 nRanks 16
nid005001:51253:51347 [1] NCCL INFO New proxy send connection 28 from local rank 1, transport 0
nid005001:51253:51253 [1] NCCL INFO Connected to proxy localRank 1 -> connection 0x149e84002140
nid005001:51257:51336 [4] NCCL INFO New proxy recv connection 29 from local rank 4, transport 0
nid005001:51257:51257 [4] NCCL INFO Connected to proxy localRank 4 -> connection 0x152e7c0021b8
nid005001:51258:51335 [6] NCCL INFO New proxy recv connection 28 from local rank 6, transport 0
nid005001:51258:51258 [6] NCCL INFO Connected to proxy localRank 6 -> connection 0x14a9e0002140
nid005005:91501:91589 [4] NCCL INFO New proxy recv connection 27 from local rank 4, transport 0
nid005005:91501:91501 [4] NCCL INFO Connected to proxy localRank 4 -> connection 0x14d8a80020c8
nid005005:91500:91500 [3] NCCL INFO Channel 15/0 : 11[ce000] -> 10[c9000] via P2P/IPC comm 0x555b968350e0 nRanks 16
nid005005:91500:91586 [3] NCCL INFO New proxy send connection 31 from local rank 3, transport 0
nid005005:91500:91500 [3] NCCL INFO Connected to proxy localRank 3 -> connection 0x14d6bc0022a8
nid005005:91502:91587 [6] NCCL INFO New proxy recv connection 26 from local rank 6, transport 0
nid005005:91502:91502 [6] NCCL INFO Connected to proxy localRank 6 -> connection 0x145b34002050
nid005001:51256:51256 [3] NCCL INFO Channel 10/0 : 3[ce000] -> 2[c9000] via P2P/IPC comm 0x55d595467d90 nRanks 16
nid005001:51256:51340 [3] NCCL INFO New proxy send connection 29 from local rank 3, transport 0
nid005001:51256:51256 [3] NCCL INFO Connected to proxy localRank 3 -> connection 0x14c6940021b8
nid005005:91499:91499 [1] NCCL INFO Channel 12/0 : 9[c6000] -> 8[c1000] via P2P/IPC comm 0x558da978c1c0 nRanks 16
nid005005:91499:91590 [1] NCCL INFO New proxy send connection 30 from local rank 1, transport 0
nid005005:91499:91499 [1] NCCL INFO Connected to proxy localRank 1 -> connection 0x150fec002230
nid005001:51257:51336 [4] NCCL INFO New proxy recv connection 30 from local rank 4, transport 0
nid005001:51257:51257 [4] NCCL INFO Connected to proxy localRank 4 -> connection 0x152e7c002230
nid005001:51253:51253 [1] NCCL INFO Channel 11/0 : 1[c6000] -> 0[c1000] via P2P/IPC comm 0x555be8224af0 nRanks 16
nid005001:51253:51347 [1] NCCL INFO New proxy send connection 29 from local rank 1, transport 0
nid005001:51253:51253 [1] NCCL INFO Connected to proxy localRank 1 -> connection 0x149e840021b8
nid005005:91501:91589 [4] NCCL INFO New proxy recv connection 28 from local rank 4, transport 0
nid005005:91501:91501 [4] NCCL INFO Connected to proxy localRank 4 -> connection 0x14d8a8002140
nid005001:51258:51335 [6] NCCL INFO New proxy recv connection 29 from local rank 6, transport 0
nid005001:51258:51258 [6] NCCL INFO Connected to proxy localRank 6 -> connection 0x14a9e00021b8
nid005001:51256:51256 [3] NCCL INFO Channel 12/0 : 3[ce000] -> 2[c9000] via P2P/IPC comm 0x55d595467d90 nRanks 16
nid005005:91502:91587 [6] NCCL INFO New proxy recv connection 27 from local rank 6, transport 0
nid005005:91502:91502 [6] NCCL INFO Connected to proxy localRank 6 -> connection 0x145b340020c8
nid005001:51256:51340 [3] NCCL INFO New proxy send connection 30 from local rank 3, transport 0
nid005001:51256:51256 [3] NCCL INFO Connected to proxy localRank 3 -> connection 0x14c694002230
nid005005:91499:91499 [1] NCCL INFO Channel 14/0 : 9[c6000] -> 8[c1000] via P2P/IPC comm 0x558da978c1c0 nRanks 16
nid005005:91499:91590 [1] NCCL INFO New proxy send connection 31 from local rank 1, transport 0
nid005005:91499:91499 [1] NCCL INFO Connected to proxy localRank 1 -> connection 0x150fec0022a8
nid005001:51257:51336 [4] NCCL INFO New proxy recv connection 31 from local rank 4, transport 0
nid005001:51257:51257 [4] NCCL INFO Connected to proxy localRank 4 -> connection 0x152e7c0022a8
nid005005:91501:91589 [4] NCCL INFO New proxy recv connection 29 from local rank 4, transport 0
nid005005:91501:91501 [4] NCCL INFO Connected to proxy localRank 4 -> connection 0x14d8a80021b8
nid005001:51253:51253 [1] NCCL INFO Channel 13/0 : 1[c6000] -> 0[c1000] via P2P/IPC comm 0x555be8224af0 nRanks 16
nid005001:51253:51347 [1] NCCL INFO New proxy send connection 30 from local rank 1, transport 0
nid005001:51253:51253 [1] NCCL INFO Connected to proxy localRank 1 -> connection 0x149e84002230
nid005001:51258:51335 [6] NCCL INFO New proxy recv connection 30 from local rank 6, transport 0
nid005001:51258:51258 [6] NCCL INFO Connected to proxy localRank 6 -> connection 0x14a9e0002230
nid005005:91501:91589 [4] NCCL INFO New proxy recv connection 30 from local rank 4, transport 0
nid005005:91501:91501 [4] NCCL INFO Connected to proxy localRank 4 -> connection 0x14d8a8002230
nid005001:51256:51256 [3] NCCL INFO Channel 14/0 : 3[ce000] -> 2[c9000] via P2P/IPC comm 0x55d595467d90 nRanks 16
nid005001:51256:51340 [3] NCCL INFO New proxy send connection 31 from local rank 3, transport 0
nid005001:51256:51256 [3] NCCL INFO Connected to proxy localRank 3 -> connection 0x14c6940022a8
nid005005:91502:91587 [6] NCCL INFO New proxy recv connection 28 from local rank 6, transport 0
nid005005:91502:91502 [6] NCCL INFO Connected to proxy localRank 6 -> connection 0x145b34002140
nid005001:51253:51253 [1] NCCL INFO Channel 15/0 : 1[c6000] -> 0[c1000] via P2P/IPC comm 0x555be8224af0 nRanks 16
nid005001:51253:51347 [1] NCCL INFO New proxy send connection 31 from local rank 1, transport 0
nid005001:51253:51253 [1] NCCL INFO Connected to proxy localRank 1 -> connection 0x149e840022a8
nid005005:91501:91589 [4] NCCL INFO New proxy recv connection 31 from local rank 4, transport 0
nid005005:91501:91501 [4] NCCL INFO Connected to proxy localRank 4 -> connection 0x14d8a80022a8
nid005001:51258:51335 [6] NCCL INFO New proxy recv connection 31 from local rank 6, transport 0
nid005001:51258:51258 [6] NCCL INFO Connected to proxy localRank 6 -> connection 0x14a9e00022a8
nid005005:91502:91587 [6] NCCL INFO New proxy recv connection 29 from local rank 6, transport 0
nid005005:91502:91502 [6] NCCL INFO Connected to proxy localRank 6 -> connection 0x145b340021b8
nid005005:91502:91587 [6] NCCL INFO New proxy recv connection 30 from local rank 6, transport 0
nid005005:91502:91502 [6] NCCL INFO Connected to proxy localRank 6 -> connection 0x145b34002230
nid005005:91502:91587 [6] NCCL INFO New proxy recv connection 31 from local rank 6, transport 0
nid005005:91502:91502 [6] NCCL INFO Connected to proxy localRank 6 -> connection 0x145b340022a8
nid005001:51254:51254 [0] NCCL INFO Connected all rings
nid005001:51254:51254 [0] NCCL INFO Channel 00/2 : 0[c1000] -> 1[c6000] via P2P/IPC comm 0x55bd836e47a0 nRanks 16
nid005001:51259:51259 [7] NCCL INFO Connected all rings
nid005001:51253:51253 [1] NCCL INFO Connected all rings
nid005001:51254:51348 [0] NCCL INFO New proxy send connection 32 from local rank 0, transport 0
nid005001:51254:51254 [0] NCCL INFO Connected to proxy localRank 0 -> connection 0x147a40002320
nid005001:51258:51258 [6] NCCL INFO Connected all rings
nid005001:51257:51257 [4] NCCL INFO Connected all rings
nid005001:51257:51257 [4] NCCL INFO Channel 01/2 : 4[d1000] -> 5[d6000] via P2P/IPC comm 0x556f08767700 nRanks 16
nid005001:51260:51260 [5] NCCL INFO Connected all rings
nid005005:91504:91504 [0] NCCL INFO Connected all rings
nid005005:91504:91504 [0] NCCL INFO Channel 01/2 : 8[c1000] -> 9[c6000] via P2P/IPC comm 0x55e0518f3280 nRanks 16
nid005001:51258:51258 [6] NCCL INFO Channel 00/2 : 6[d9000] -> 7[de000] via P2P/IPC comm 0x559d73d29040 nRanks 16
nid005001:51259:51338 [7] NCCL INFO New proxy recv connection 32 from local rank 7, transport 0
nid005001:51259:51259 [7] NCCL INFO Connected to proxy localRank 7 -> connection 0x1453ac002320
nid005001:51253:51347 [1] NCCL INFO New proxy recv connection 32 from local rank 1, transport 0
nid005001:51253:51253 [1] NCCL INFO Connected to proxy localRank 1 -> connection 0x149e84002320
nid005001:51260:51339 [5] NCCL INFO New proxy recv connection 32 from local rank 5, transport 0
nid005001:51260:51260 [5] NCCL INFO Connected to proxy localRank 5 -> connection 0x14e7ec002320
nid005001:51257:51336 [4] NCCL INFO New proxy send connection 32 from local rank 4, transport 0
nid005001:51257:51257 [4] NCCL INFO Connected to proxy localRank 4 -> connection 0x152e7c002320
nid005001:51258:51335 [6] NCCL INFO New proxy send connection 32 from local rank 6, transport 0
nid005001:51258:51258 [6] NCCL INFO Connected to proxy localRank 6 -> connection 0x14a9e0002320
nid005005:91505:91505 [2] NCCL INFO Connected all rings
nid005005:91505:91505 [2] NCCL INFO Channel 00/2 : 10[c9000] -> 11[ce000] via P2P/IPC comm 0x555abdc8d1d0 nRanks 16
nid005005:91505:91588 [2] NCCL INFO New proxy send connection 32 from local rank 2, transport 0
nid005005:91499:91499 [1] NCCL INFO Connected all rings
nid005005:91499:91590 [1] NCCL INFO New proxy recv connection 32 from local rank 1, transport 0
nid005005:91500:91500 [3] NCCL INFO Connected all rings
nid005005:91500:91586 [3] NCCL INFO New proxy recv connection 32 from local rank 3, transport 0
nid005005:91506:91506 [7] NCCL INFO Connected all rings
nid005005:91506:91584 [7] NCCL INFO New proxy recv connection 32 from local rank 7, transport 0
nid005005:91501:91501 [4] NCCL INFO Connected all rings
nid005005:91501:91501 [4] NCCL INFO Channel 00/2 : 12[d1000] -> 13[d6000] via P2P/IPC comm 0x55e4108ea9c0 nRanks 16
nid005005:91501:91589 [4] NCCL INFO New proxy send connection 32 from local rank 4, transport 0
nid005005:91503:91503 [5] NCCL INFO Connected all rings
nid005005:91503:91585 [5] NCCL INFO New proxy recv connection 32 from local rank 5, transport 0
nid005005:91503:91503 [5] NCCL INFO Connected to proxy localRank 5 -> connection 0x14cb58002320
nid005005:91504:91591 [0] NCCL INFO New proxy send connection 32 from local rank 0, transport 0
nid005005:91504:91504 [0] NCCL INFO Connected to proxy localRank 0 -> connection 0x14dcfc002320
nid005005:91502:91502 [6] NCCL INFO Connected all rings
nid005005:91502:91502 [6] NCCL INFO Channel 01/2 : 14[d9000] -> 15[de000] via P2P/IPC comm 0x561f3491e030 nRanks 16
nid005005:91502:91587 [6] NCCL INFO New proxy send connection 32 from local rank 6, transport 0
nid005005:91505:91505 [2] NCCL INFO Connected to proxy localRank 2 -> connection 0x14d078002320
nid005005:91499:91499 [1] NCCL INFO Connected to proxy localRank 1 -> connection 0x150fec002320
nid005005:91500:91500 [3] NCCL INFO Connected to proxy localRank 3 -> connection 0x14d6bc002320
nid005005:91506:91506 [7] NCCL INFO Connected to proxy localRank 7 -> connection 0x145a8c002320
nid005005:91501:91501 [4] NCCL INFO Connected to proxy localRank 4 -> connection 0x14d8a8002320
nid005005:91502:91502 [6] NCCL INFO Connected to proxy localRank 6 -> connection 0x145b34002320
nid005001:51256:51256 [3] NCCL INFO Connected all rings
nid005001:51255:51255 [2] NCCL INFO Connected all rings
nid005001:51255:51255 [2] NCCL INFO Channel 01/2 : 2[c9000] -> 3[ce000] via P2P/IPC comm 0x561cb6d30be0 nRanks 16
nid005001:51255:51337 [2] NCCL INFO New proxy send connection 32 from local rank 2, transport 0
nid005001:51256:51340 [3] NCCL INFO New proxy recv connection 32 from local rank 3, transport 0
nid005001:51256:51256 [3] NCCL INFO Connected to proxy localRank 3 -> connection 0x14c694002320
nid005001:51255:51255 [2] NCCL INFO Connected to proxy localRank 2 -> connection 0x147c84002320
nid005005:91503:91585 [5] NCCL INFO New proxy recv connection 33 from local rank 5, transport 0
nid005005:91503:91503 [5] NCCL INFO Connected to proxy localRank 5 -> connection 0x14cb58002398
nid005005:91501:91501 [4] NCCL INFO Channel 03/2 : 12[d1000] -> 13[d6000] via P2P/IPC comm 0x55e4108ea9c0 nRanks 16
nid005005:91501:91589 [4] NCCL INFO New proxy send connection 33 from local rank 4, transport 0
nid005005:91501:91501 [4] NCCL INFO Connected to proxy localRank 4 -> connection 0x14d8a8002398
nid005001:51254:51254 [0] NCCL INFO Channel 02/2 : 0[c1000] -> 1[c6000] via P2P/IPC comm 0x55bd836e47a0 nRanks 16
nid005001:51257:51257 [4] NCCL INFO Channel 02/2 : 4[d1000] -> 5[d6000] via P2P/IPC comm 0x556f08767700 nRanks 16
nid005001:51254:51348 [0] NCCL INFO New proxy send connection 33 from local rank 0, transport 0
nid005001:51254:51254 [0] NCCL INFO Connected to proxy localRank 0 -> connection 0x147a40002398
nid005001:51257:51336 [4] NCCL INFO New proxy send connection 33 from local rank 4, transport 0
nid005001:51257:51257 [4] NCCL INFO Connected to proxy localRank 4 -> connection 0x152e7c002398
nid005005:91500:91586 [3] NCCL INFO New proxy recv connection 33 from local rank 3, transport 0
nid005005:91500:91500 [3] NCCL INFO Connected to proxy localRank 3 -> connection 0x14d6bc002398
nid005005:91506:91584 [7] NCCL INFO New proxy recv connection 33 from local rank 7, transport 0
nid005005:91506:91506 [7] NCCL INFO Connected to proxy localRank 7 -> connection 0x145a8c002398
nid005001:51259:51338 [7] NCCL INFO New proxy recv connection 33 from local rank 7, transport 0
nid005001:51259:51259 [7] NCCL INFO Connected to proxy localRank 7 -> connection 0x1453ac002398
nid005001:51260:51339 [5] NCCL INFO New proxy recv connection 33 from local rank 5, transport 0
nid005001:51260:51260 [5] NCCL INFO Connected to proxy localRank 5 -> connection 0x14e7ec002398
nid005005:91504:91504 [0] NCCL INFO Channel 03/2 : 8[c1000] -> 9[c6000] via P2P/IPC comm 0x55e0518f3280 nRanks 16
nid005005:91504:91591 [0] NCCL INFO New proxy send connection 33 from local rank 0, transport 0
nid005005:91504:91504 [0] NCCL INFO Connected to proxy localRank 0 -> connection 0x14dcfc002398
nid005001:51253:51347 [1] NCCL INFO New proxy recv connection 33 from local rank 1, transport 0
nid005001:51253:51253 [1] NCCL INFO Connected to proxy localRank 1 -> connection 0x149e84002398
nid005005:91505:91505 [2] NCCL INFO Channel 02/2 : 10[c9000] -> 11[ce000] via P2P/IPC comm 0x555abdc8d1d0 nRanks 16
nid005005:91505:91588 [2] NCCL INFO New proxy send connection 33 from local rank 2, transport 0
nid005005:91505:91505 [2] NCCL INFO Connected to proxy localRank 2 -> connection 0x14d078002398
nid005005:91499:91590 [1] NCCL INFO New proxy recv connection 33 from local rank 1, transport 0
nid005005:91499:91499 [1] NCCL INFO Connected to proxy localRank 1 -> connection 0x150fec002398
nid005001:51256:51340 [3] NCCL INFO New proxy recv connection 33 from local rank 3, transport 0
nid005001:51256:51256 [3] NCCL INFO Connected to proxy localRank 3 -> connection 0x14c694002398
nid005001:51255:51255 [2] NCCL INFO Channel 03/2 : 2[c9000] -> 3[ce000] via P2P/IPC comm 0x561cb6d30be0 nRanks 16
nid005001:51255:51337 [2] NCCL INFO New proxy send connection 33 from local rank 2, transport 0
nid005001:51255:51255 [2] NCCL INFO Connected to proxy localRank 2 -> connection 0x147c84002398
nid005005:91502:91502 [6] NCCL INFO Channel 02/2 : 14[d9000] -> 15[de000] via P2P/IPC comm 0x561f3491e030 nRanks 16
nid005005:91502:91587 [6] NCCL INFO New proxy send connection 33 from local rank 6, transport 0
nid005005:91502:91502 [6] NCCL INFO Connected to proxy localRank 6 -> connection 0x145b34002398
nid005005:91503:91585 [5] NCCL INFO New proxy recv connection 34 from local rank 5, transport 0
nid005005:91503:91503 [5] NCCL INFO Connected to proxy localRank 5 -> connection 0x14cb58002410
nid005005:91501:91501 [4] NCCL INFO Channel 04/2 : 12[d1000] -> 13[d6000] via P2P/IPC comm 0x55e4108ea9c0 nRanks 16
nid005005:91501:91589 [4] NCCL INFO New proxy send connection 34 from local rank 4, transport 0
nid005005:91501:91501 [4] NCCL INFO Connected to proxy localRank 4 -> connection 0x14d8a8002410
nid005001:51254:51254 [0] NCCL INFO Channel 04/2 : 0[c1000] -> 1[c6000] via P2P/IPC comm 0x55bd836e47a0 nRanks 16
nid005001:51254:51348 [0] NCCL INFO New proxy send connection 34 from local rank 0, transport 0
nid005001:51254:51254 [0] NCCL INFO Connected to proxy localRank 0 -> connection 0x147a40002410
nid005001:51257:51257 [4] NCCL INFO Channel 05/2 : 4[d1000] -> 5[d6000] via P2P/IPC comm 0x556f08767700 nRanks 16
nid005001:51257:51336 [4] NCCL INFO New proxy send connection 34 from local rank 4, transport 0
nid005001:51257:51257 [4] NCCL INFO Connected to proxy localRank 4 -> connection 0x152e7c002410
nid005005:91500:91586 [3] NCCL INFO New proxy recv connection 34 from local rank 3, transport 0
nid005005:91500:91500 [3] NCCL INFO Connected to proxy localRank 3 -> connection 0x14d6bc002410
nid005005:91506:91584 [7] NCCL INFO New proxy recv connection 34 from local rank 7, transport 0
nid005005:91506:91506 [7] NCCL INFO Connected to proxy localRank 7 -> connection 0x145a8c002410
nid005005:91504:91504 [0] NCCL INFO Channel 05/2 : 8[c1000] -> 9[c6000] via P2P/IPC comm 0x55e0518f3280 nRanks 16
nid005005:91504:91591 [0] NCCL INFO New proxy send connection 34 from local rank 0, transport 0
nid005005:91504:91504 [0] NCCL INFO Connected to proxy localRank 0 -> connection 0x14dcfc002410
nid005001:51260:51339 [5] NCCL INFO New proxy recv connection 34 from local rank 5, transport 0
nid005001:51260:51260 [5] NCCL INFO Connected to proxy localRank 5 -> connection 0x14e7ec002410
nid005001:51259:51338 [7] NCCL INFO New proxy recv connection 34 from local rank 7, transport 0
nid005001:51259:51259 [7] NCCL INFO Connected to proxy localRank 7 -> connection 0x1453ac002410
nid005001:51258:51258 [6] NCCL INFO Channel 03/2 : 6[d9000] -> 7[de000] via P2P/IPC comm 0x559d73d29040 nRanks 16
nid005001:51258:51335 [6] NCCL INFO New proxy send connection 33 from local rank 6, transport 0
nid005001:51258:51258 [6] NCCL INFO Connected to proxy localRank 6 -> connection 0x14a9e0002398
nid005005:91501:91501 [4] NCCL INFO Channel 07/2 : 12[d1000] -> 13[d6000] via P2P/IPC comm 0x55e4108ea9c0 nRanks 16
nid005005:91503:91585 [5] NCCL INFO New proxy recv connection 35 from local rank 5, transport 0
nid005005:91503:91503 [5] NCCL INFO Connected to proxy localRank 5 -> connection 0x14cb58002488
nid005005:91501:91589 [4] NCCL INFO New proxy send connection 35 from local rank 4, transport 0
nid005005:91501:91501 [4] NCCL INFO Connected to proxy localRank 4 -> connection 0x14d8a8002488
nid005001:51253:51347 [1] NCCL INFO New proxy recv connection 34 from local rank 1, transport 0
nid005001:51253:51253 [1] NCCL INFO Connected to proxy localRank 1 -> connection 0x149e84002410
nid005001:51256:51340 [3] NCCL INFO New proxy recv connection 34 from local rank 3, transport 0
nid005001:51256:51256 [3] NCCL INFO Connected to proxy localRank 3 -> connection 0x14c694002410
nid005001:51255:51255 [2] NCCL INFO Channel 05/2 : 2[c9000] -> 3[ce000] via P2P/IPC comm 0x561cb6d30be0 nRanks 16
nid005001:51255:51337 [2] NCCL INFO New proxy send connection 34 from local rank 2, transport 0
nid005001:51255:51255 [2] NCCL INFO Connected to proxy localRank 2 -> connection 0x147c84002410
nid005005:91505:91505 [2] NCCL INFO Channel 04/2 : 10[c9000] -> 11[ce000] via P2P/IPC comm 0x555abdc8d1d0 nRanks 16
nid005005:91505:91588 [2] NCCL INFO New proxy send connection 34 from local rank 2, transport 0
nid005005:91505:91505 [2] NCCL INFO Connected to proxy localRank 2 -> connection 0x14d078002410
nid005005:91499:91590 [1] NCCL INFO New proxy recv connection 34 from local rank 1, transport 0
nid005001:51254:51254 [0] NCCL INFO Channel 06/2 : 0[c1000] -> 1[c6000] via P2P/IPC comm 0x55bd836e47a0 nRanks 16
nid005005:91499:91499 [1] NCCL INFO Connected to proxy localRank 1 -> connection 0x150fec002410
nid005001:51254:51348 [0] NCCL INFO New proxy send connection 35 from local rank 0, transport 0
nid005001:51254:51254 [0] NCCL INFO Connected to proxy localRank 0 -> connection 0x147a40002488
nid005005:91502:91502 [6] NCCL INFO Channel 05/2 : 14[d9000] -> 15[de000] via P2P/IPC comm 0x561f3491e030 nRanks 16
nid005005:91502:91587 [6] NCCL INFO New proxy send connection 34 from local rank 6, transport 0
nid005005:91502:91502 [6] NCCL INFO Connected to proxy localRank 6 -> connection 0x145b34002410
nid005001:51257:51257 [4] NCCL INFO Channel 06/2 : 4[d1000] -> 5[d6000] via P2P/IPC comm 0x556f08767700 nRanks 16
nid005001:51257:51336 [4] NCCL INFO New proxy send connection 35 from local rank 4, transport 0
nid005001:51257:51257 [4] NCCL INFO Connected to proxy localRank 4 -> connection 0x152e7c002488
nid005005:91500:91586 [3] NCCL INFO New proxy recv connection 35 from local rank 3, transport 0
nid005005:91500:91500 [3] NCCL INFO Connected to proxy localRank 3 -> connection 0x14d6bc002488
nid005005:91506:91584 [7] NCCL INFO New proxy recv connection 35 from local rank 7, transport 0
nid005005:91506:91506 [7] NCCL INFO Connected to proxy localRank 7 -> connection 0x145a8c002488
nid005005:91504:91504 [0] NCCL INFO Channel 07/2 : 8[c1000] -> 9[c6000] via P2P/IPC comm 0x55e0518f3280 nRanks 16
nid005005:91504:91591 [0] NCCL INFO New proxy send connection 35 from local rank 0, transport 0
nid005005:91504:91504 [0] NCCL INFO Connected to proxy localRank 0 -> connection 0x14dcfc002488
nid005001:51258:51258 [6] NCCL INFO Channel 04/2 : 6[d9000] -> 7[de000] via P2P/IPC comm 0x559d73d29040 nRanks 16
nid005001:51258:51335 [6] NCCL INFO New proxy send connection 34 from local rank 6, transport 0
nid005001:51258:51258 [6] NCCL INFO Connected to proxy localRank 6 -> connection 0x14a9e0002410
nid005005:91501:91501 [4] NCCL INFO Channel 08/2 : 12[d1000] -> 13[d6000] via P2P/IPC comm 0x55e4108ea9c0 nRanks 16
nid005001:51260:51339 [5] NCCL INFO New proxy recv connection 35 from local rank 5, transport 0
nid005001:51260:51260 [5] NCCL INFO Connected to proxy localRank 5 -> connection 0x14e7ec002488
nid005005:91501:91589 [4] NCCL INFO New proxy send connection 36 from local rank 4, transport 0
nid005005:91501:91501 [4] NCCL INFO Connected to proxy localRank 4 -> connection 0x14d8a8002500
nid005005:91503:91585 [5] NCCL INFO New proxy recv connection 36 from local rank 5, transport 0
nid005005:91503:91503 [5] NCCL INFO Connected to proxy localRank 5 -> connection 0x14cb58002500
nid005001:51259:51338 [7] NCCL INFO New proxy recv connection 35 from local rank 7, transport 0
nid005001:51259:51259 [7] NCCL INFO Connected to proxy localRank 7 -> connection 0x1453ac002488
nid005001:51256:51340 [3] NCCL INFO New proxy recv connection 35 from local rank 3, transport 0
nid005001:51256:51256 [3] NCCL INFO Connected to proxy localRank 3 -> connection 0x14c694002488
nid005001:51254:51254 [0] NCCL INFO Channel 08/2 : 0[c1000] -> 1[c6000] via P2P/IPC comm 0x55bd836e47a0 nRanks 16
nid005001:51254:51348 [0] NCCL INFO New proxy send connection 36 from local rank 0, transport 0
nid005001:51254:51254 [0] NCCL INFO Connected to proxy localRank 0 -> connection 0x147a40002500
nid005001:51255:51255 [2] NCCL INFO Channel 07/2 : 2[c9000] -> 3[ce000] via P2P/IPC comm 0x561cb6d30be0 nRanks 16
nid005001:51255:51337 [2] NCCL INFO New proxy send connection 35 from local rank 2, transport 0
nid005001:51255:51255 [2] NCCL INFO Connected to proxy localRank 2 -> connection 0x147c84002488
nid005001:51253:51347 [1] NCCL INFO New proxy recv connection 35 from local rank 1, transport 0
nid005001:51253:51253 [1] NCCL INFO Connected to proxy localRank 1 -> connection 0x149e84002488
nid005005:91505:91505 [2] NCCL INFO Channel 06/2 : 10[c9000] -> 11[ce000] via P2P/IPC comm 0x555abdc8d1d0 nRanks 16
nid005005:91505:91588 [2] NCCL INFO New proxy send connection 35 from local rank 2, transport 0
nid005005:91505:91505 [2] NCCL INFO Connected to proxy localRank 2 -> connection 0x14d078002488
nid005005:91499:91590 [1] NCCL INFO New proxy recv connection 35 from local rank 1, transport 0
nid005005:91499:91499 [1] NCCL INFO Connected to proxy localRank 1 -> connection 0x150fec002488
nid005005:91500:91586 [3] NCCL INFO New proxy recv connection 36 from local rank 3, transport 0
nid005005:91500:91500 [3] NCCL INFO Connected to proxy localRank 3 -> connection 0x14d6bc002500
nid005005:91506:91584 [7] NCCL INFO New proxy recv connection 36 from local rank 7, transport 0
nid005005:91506:91506 [7] NCCL INFO Connected to proxy localRank 7 -> connection 0x145a8c002500
nid005001:51257:51257 [4] NCCL INFO Channel 09/2 : 4[d1000] -> 5[d6000] via P2P/IPC comm 0x556f08767700 nRanks 16
nid005001:51258:51258 [6] NCCL INFO Channel 07/2 : 6[d9000] -> 7[de000] via P2P/IPC comm 0x559d73d29040 nRanks 16
nid005001:51258:51335 [6] NCCL INFO New proxy send connection 35 from local rank 6, transport 0
nid005001:51257:51336 [4] NCCL INFO New proxy send connection 36 from local rank 4, transport 0
nid005001:51257:51257 [4] NCCL INFO Connected to proxy localRank 4 -> connection 0x152e7c002500
nid005001:51258:51258 [6] NCCL INFO Connected to proxy localRank 6 -> connection 0x14a9e0002488
nid005005:91504:91504 [0] NCCL INFO Channel 09/2 : 8[c1000] -> 9[c6000] via P2P/IPC comm 0x55e0518f3280 nRanks 16
nid005005:91504:91591 [0] NCCL INFO New proxy send connection 36 from local rank 0, transport 0
nid005005:91504:91504 [0] NCCL INFO Connected to proxy localRank 0 -> connection 0x14dcfc002500
nid005005:91501:91501 [4] NCCL INFO Channel 11/2 : 12[d1000] -> 13[d6000] via P2P/IPC comm 0x55e4108ea9c0 nRanks 16
nid005005:91501:91589 [4] NCCL INFO New proxy send connection 37 from local rank 4, transport 0
nid005005:91501:91501 [4] NCCL INFO Connected to proxy localRank 4 -> connection 0x14d8a8002578
nid005005:91503:91585 [5] NCCL INFO New proxy recv connection 37 from local rank 5, transport 0
nid005005:91503:91503 [5] NCCL INFO Connected to proxy localRank 5 -> connection 0x14cb58002578
nid005005:91502:91502 [6] NCCL INFO Channel 06/2 : 14[d9000] -> 15[de000] via P2P/IPC comm 0x561f3491e030 nRanks 16
nid005005:91502:91587 [6] NCCL INFO New proxy send connection 35 from local rank 6, transport 0
nid005005:91502:91502 [6] NCCL INFO Connected to proxy localRank 6 -> connection 0x145b34002488
nid005001:51260:51339 [5] NCCL INFO New proxy recv connection 36 from local rank 5, transport 0
nid005001:51260:51260 [5] NCCL INFO Connected to proxy localRank 5 -> connection 0x14e7ec002500
nid005001:51254:51254 [0] NCCL INFO Channel 10/2 : 0[c1000] -> 1[c6000] via P2P/IPC comm 0x55bd836e47a0 nRanks 16
nid005001:51254:51348 [0] NCCL INFO New proxy send connection 37 from local rank 0, transport 0
nid005001:51254:51254 [0] NCCL INFO Connected to proxy localRank 0 -> connection 0x147a40002578
nid005001:51256:51340 [3] NCCL INFO New proxy recv connection 36 from local rank 3, transport 0
nid005001:51256:51256 [3] NCCL INFO Connected to proxy localRank 3 -> connection 0x14c694002500
nid005001:51259:51338 [7] NCCL INFO New proxy recv connection 36 from local rank 7, transport 0
nid005001:51259:51259 [7] NCCL INFO Connected to proxy localRank 7 -> connection 0x1453ac002500
nid005001:51255:51255 [2] NCCL INFO Channel 09/2 : 2[c9000] -> 3[ce000] via P2P/IPC comm 0x561cb6d30be0 nRanks 16
nid005001:51255:51337 [2] NCCL INFO New proxy send connection 36 from local rank 2, transport 0
nid005001:51255:51255 [2] NCCL INFO Connected to proxy localRank 2 -> connection 0x147c84002500
nid005001:51258:51258 [6] NCCL INFO Channel 08/2 : 6[d9000] -> 7[de000] via P2P/IPC comm 0x559d73d29040 nRanks 16
nid005001:51258:51335 [6] NCCL INFO New proxy send connection 36 from local rank 6, transport 0
nid005001:51258:51258 [6] NCCL INFO Connected to proxy localRank 6 -> connection 0x14a9e0002500
nid005001:51253:51347 [1] NCCL INFO New proxy recv connection 36 from local rank 1, transport 0
nid005001:51253:51253 [1] NCCL INFO Connected to proxy localRank 1 -> connection 0x149e84002500
nid005005:91500:91586 [3] NCCL INFO New proxy recv connection 37 from local rank 3, transport 0
nid005005:91500:91500 [3] NCCL INFO Connected to proxy localRank 3 -> connection 0x14d6bc002578
nid005005:91506:91584 [7] NCCL INFO New proxy recv connection 37 from local rank 7, transport 0
nid005005:91506:91506 [7] NCCL INFO Connected to proxy localRank 7 -> connection 0x145a8c002578
nid005005:91501:91501 [4] NCCL INFO Channel 12/2 : 12[d1000] -> 13[d6000] via P2P/IPC comm 0x55e4108ea9c0 nRanks 16
nid005005:91501:91589 [4] NCCL INFO New proxy send connection 38 from local rank 4, transport 0
nid005005:91501:91501 [4] NCCL INFO Connected to proxy localRank 4 -> connection 0x14d8a80025f0
nid005005:91503:91585 [5] NCCL INFO New proxy recv connection 38 from local rank 5, transport 0
nid005005:91503:91503 [5] NCCL INFO Connected to proxy localRank 5 -> connection 0x14cb580025f0
nid005005:91505:91505 [2] NCCL INFO Channel 08/2 : 10[c9000] -> 11[ce000] via P2P/IPC comm 0x555abdc8d1d0 nRanks 16
nid005005:91505:91588 [2] NCCL INFO New proxy send connection 36 from local rank 2, transport 0
nid005005:91505:91505 [2] NCCL INFO Connected to proxy localRank 2 -> connection 0x14d078002500
nid005005:91504:91504 [0] NCCL INFO Channel 11/2 : 8[c1000] -> 9[c6000] via P2P/IPC comm 0x55e0518f3280 nRanks 16
nid005005:91504:91591 [0] NCCL INFO New proxy send connection 37 from local rank 0, transport 0
nid005005:91504:91504 [0] NCCL INFO Connected to proxy localRank 0 -> connection 0x14dcfc002578
nid005005:91499:91590 [1] NCCL INFO New proxy recv connection 36 from local rank 1, transport 0
nid005005:91499:91499 [1] NCCL INFO Connected to proxy localRank 1 -> connection 0x150fec002500
nid005001:51257:51257 [4] NCCL INFO Channel 10/2 : 4[d1000] -> 5[d6000] via P2P/IPC comm 0x556f08767700 nRanks 16
nid005001:51257:51336 [4] NCCL INFO New proxy send connection 37 from local rank 4, transport 0
nid005001:51257:51257 [4] NCCL INFO Connected to proxy localRank 4 -> connection 0x152e7c002578
nid005001:51260:51339 [5] NCCL INFO New proxy recv connection 37 from local rank 5, transport 0
nid005001:51260:51260 [5] NCCL INFO Connected to proxy localRank 5 -> connection 0x14e7ec002578
nid005001:51256:51340 [3] NCCL INFO New proxy recv connection 37 from local rank 3, transport 0
nid005001:51256:51256 [3] NCCL INFO Connected to proxy localRank 3 -> connection 0x14c694002578
nid005005:91502:91502 [6] NCCL INFO Channel 09/2 : 14[d9000] -> 15[de000] via P2P/IPC comm 0x561f3491e030 nRanks 16
nid005001:51254:51254 [0] NCCL INFO Channel 12/2 : 0[c1000] -> 1[c6000] via P2P/IPC comm 0x55bd836e47a0 nRanks 16
nid005001:51254:51348 [0] NCCL INFO New proxy send connection 38 from local rank 0, transport 0
nid005001:51254:51254 [0] NCCL INFO Connected to proxy localRank 0 -> connection 0x147a400025f0
nid005005:91502:91587 [6] NCCL INFO New proxy send connection 36 from local rank 6, transport 0
nid005005:91502:91502 [6] NCCL INFO Connected to proxy localRank 6 -> connection 0x145b34002500
nid005001:51259:51338 [7] NCCL INFO New proxy recv connection 37 from local rank 7, transport 0
nid005001:51259:51259 [7] NCCL INFO Connected to proxy localRank 7 -> connection 0x1453ac002578
nid005001:51258:51258 [6] NCCL INFO Channel 11/2 : 6[d9000] -> 7[de000] via P2P/IPC comm 0x559d73d29040 nRanks 16
nid005001:51258:51335 [6] NCCL INFO New proxy send connection 37 from local rank 6, transport 0
nid005001:51258:51258 [6] NCCL INFO Connected to proxy localRank 6 -> connection 0x14a9e0002578
nid005001:51255:51255 [2] NCCL INFO Channel 11/2 : 2[c9000] -> 3[ce000] via P2P/IPC comm 0x561cb6d30be0 nRanks 16
nid005001:51255:51337 [2] NCCL INFO New proxy send connection 37 from local rank 2, transport 0
nid005001:51255:51255 [2] NCCL INFO Connected to proxy localRank 2 -> connection 0x147c84002578
nid005005:91501:91501 [4] NCCL INFO Channel 15/2 : 12[d1000] -> 13[d6000] via P2P/IPC comm 0x55e4108ea9c0 nRanks 16
nid005005:91501:91589 [4] NCCL INFO New proxy send connection 39 from local rank 4, transport 0
nid005005:91501:91501 [4] NCCL INFO Connected to proxy localRank 4 -> connection 0x14d8a8002668
nid005005:91503:91585 [5] NCCL INFO New proxy recv connection 39 from local rank 5, transport 0
nid005005:91503:91503 [5] NCCL INFO Connected to proxy localRank 5 -> connection 0x14cb58002668
nid005005:91500:91586 [3] NCCL INFO New proxy recv connection 38 from local rank 3, transport 0
nid005005:91500:91500 [3] NCCL INFO Connected to proxy localRank 3 -> connection 0x14d6bc0025f0
nid005005:91506:91584 [7] NCCL INFO New proxy recv connection 38 from local rank 7, transport 0
nid005005:91506:91506 [7] NCCL INFO Connected to proxy localRank 7 -> connection 0x145a8c0025f0
nid005005:91504:91504 [0] NCCL INFO Channel 13/2 : 8[c1000] -> 9[c6000] via P2P/IPC comm 0x55e0518f3280 nRanks 16
nid005005:91504:91591 [0] NCCL INFO New proxy send connection 38 from local rank 0, transport 0
nid005005:91504:91504 [0] NCCL INFO Connected to proxy localRank 0 -> connection 0x14dcfc0025f0
nid005001:51253:51347 [1] NCCL INFO New proxy recv connection 37 from local rank 1, transport 0
nid005001:51253:51253 [1] NCCL INFO Connected to proxy localRank 1 -> connection 0x149e84002578
nid005005:91505:91505 [2] NCCL INFO Channel 10/2 : 10[c9000] -> 11[ce000] via P2P/IPC comm 0x555abdc8d1d0 nRanks 16
nid005005:91505:91588 [2] NCCL INFO New proxy send connection 37 from local rank 2, transport 0
nid005005:91505:91505 [2] NCCL INFO Connected to proxy localRank 2 -> connection 0x14d078002578
nid005005:91499:91590 [1] NCCL INFO New proxy recv connection 37 from local rank 1, transport 0
nid005005:91499:91499 [1] NCCL INFO Connected to proxy localRank 1 -> connection 0x150fec002578
nid005001:51257:51257 [4] NCCL INFO Channel 13/2 : 4[d1000] -> 5[d6000] via P2P/IPC comm 0x556f08767700 nRanks 16
nid005001:51257:51336 [4] NCCL INFO New proxy send connection 38 from local rank 4, transport 0
nid005001:51257:51257 [4] NCCL INFO Connected to proxy localRank 4 -> connection 0x152e7c0025f0
nid005001:51254:51254 [0] NCCL INFO Channel 14/2 : 0[c1000] -> 1[c6000] via P2P/IPC comm 0x55bd836e47a0 nRanks 16
nid005001:51254:51348 [0] NCCL INFO New proxy send connection 39 from local rank 0, transport 0
nid005001:51254:51254 [0] NCCL INFO Connected to proxy localRank 0 -> connection 0x147a40002668
nid005001:51256:51340 [3] NCCL INFO New proxy recv connection 38 from local rank 3, transport 0
nid005001:51256:51256 [3] NCCL INFO Connected to proxy localRank 3 -> connection 0x14c6940025f0
nid005001:51258:51258 [6] NCCL INFO Channel 12/2 : 6[d9000] -> 7[de000] via P2P/IPC comm 0x559d73d29040 nRanks 16
nid005001:51260:51339 [5] NCCL INFO New proxy recv connection 38 from local rank 5, transport 0
nid005001:51260:51260 [5] NCCL INFO Connected to proxy localRank 5 -> connection 0x14e7ec0025f0
nid005001:51258:51335 [6] NCCL INFO New proxy send connection 38 from local rank 6, transport 0
nid005001:51258:51258 [6] NCCL INFO Connected to proxy localRank 6 -> connection 0x14a9e00025f0
nid005005:91501:91589 [4] NCCL INFO New proxy recv connection 40 from local rank 4, transport 0
nid005005:91501:91501 [4] NCCL INFO Connected to proxy localRank 4 -> connection 0x14d8a80026e0
nid005005:91503:91585 [5] NCCL INFO New proxy recv connection 40 from local rank 5, transport 0
nid005005:91503:91503 [5] NCCL INFO Connected to proxy localRank 5 -> connection 0x14cb580026e0
nid005001:51259:51338 [7] NCCL INFO New proxy recv connection 38 from local rank 7, transport 0
nid005001:51259:51259 [7] NCCL INFO Connected to proxy localRank 7 -> connection 0x1453ac0025f0
nid005001:51255:51255 [2] NCCL INFO Channel 13/2 : 2[c9000] -> 3[ce000] via P2P/IPC comm 0x561cb6d30be0 nRanks 16
nid005001:51255:51337 [2] NCCL INFO New proxy send connection 38 from local rank 2, transport 0
nid005001:51255:51255 [2] NCCL INFO Connected to proxy localRank 2 -> connection 0x147c840025f0
nid005005:91502:91502 [6] NCCL INFO Channel 10/2 : 14[d9000] -> 15[de000] via P2P/IPC comm 0x561f3491e030 nRanks 16
nid005005:91502:91587 [6] NCCL INFO New proxy send connection 37 from local rank 6, transport 0
nid005005:91502:91502 [6] NCCL INFO Connected to proxy localRank 6 -> connection 0x145b34002578
nid005005:91500:91586 [3] NCCL INFO New proxy recv connection 39 from local rank 3, transport 0
nid005005:91500:91500 [3] NCCL INFO Connected to proxy localRank 3 -> connection 0x14d6bc002668
nid005005:91506:91584 [7] NCCL INFO New proxy recv connection 39 from local rank 7, transport 0
nid005005:91506:91506 [7] NCCL INFO Connected to proxy localRank 7 -> connection 0x145a8c002668
nid005005:91504:91504 [0] NCCL INFO Channel 15/2 : 8[c1000] -> 9[c6000] via P2P/IPC comm 0x55e0518f3280 nRanks 16
nid005005:91504:91591 [0] NCCL INFO New proxy send connection 39 from local rank 0, transport 0
nid005005:91504:91504 [0] NCCL INFO Connected to proxy localRank 0 -> connection 0x14dcfc002668
nid005001:51258:51258 [6] NCCL INFO Channel 15/2 : 6[d9000] -> 7[de000] via P2P/IPC comm 0x559d73d29040 nRanks 16
nid005001:51258:51335 [6] NCCL INFO New proxy send connection 39 from local rank 6, transport 0
nid005001:51258:51258 [6] NCCL INFO Connected to proxy localRank 6 -> connection 0x14a9e0002668
nid005001:51253:51347 [1] NCCL INFO New proxy recv connection 38 from local rank 1, transport 0
nid005001:51253:51253 [1] NCCL INFO Connected to proxy localRank 1 -> connection 0x149e840025f0
nid005001:51256:51340 [3] NCCL INFO New proxy recv connection 39 from local rank 3, transport 0
nid005001:51256:51256 [3] NCCL INFO Connected to proxy localRank 3 -> connection 0x14c694002668
nid005001:51257:51257 [4] NCCL INFO Channel 14/2 : 4[d1000] -> 5[d6000] via P2P/IPC comm 0x556f08767700 nRanks 16
nid005001:51257:51336 [4] NCCL INFO New proxy send connection 39 from local rank 4, transport 0
nid005001:51257:51257 [4] NCCL INFO Connected to proxy localRank 4 -> connection 0x152e7c002668
nid005005:91505:91505 [2] NCCL INFO Channel 12/2 : 10[c9000] -> 11[ce000] via P2P/IPC comm 0x555abdc8d1d0 nRanks 16
nid005005:91505:91588 [2] NCCL INFO New proxy send connection 38 from local rank 2, transport 0
nid005005:91505:91505 [2] NCCL INFO Connected to proxy localRank 2 -> connection 0x14d0780025f0
nid005005:91501:91589 [4] NCCL INFO New proxy recv connection 41 from local rank 4, transport 0
nid005005:91501:91501 [4] NCCL INFO Connected to proxy localRank 4 -> connection 0x14d8a8002758
nid005005:91503:91585 [5] NCCL INFO New proxy recv connection 41 from local rank 5, transport 0
nid005005:91503:91503 [5] NCCL INFO Connected to proxy localRank 5 -> connection 0x14cb58002758
nid005005:91499:91590 [1] NCCL INFO New proxy recv connection 38 from local rank 1, transport 0
nid005005:91499:91499 [1] NCCL INFO Connected to proxy localRank 1 -> connection 0x150fec0025f0
nid005001:51260:51339 [5] NCCL INFO New proxy recv connection 39 from local rank 5, transport 0
nid005001:51260:51260 [5] NCCL INFO Connected to proxy localRank 5 -> connection 0x14e7ec002668
nid005001:51255:51255 [2] NCCL INFO Channel 15/2 : 2[c9000] -> 3[ce000] via P2P/IPC comm 0x561cb6d30be0 nRanks 16
nid005001:51255:51337 [2] NCCL INFO New proxy send connection 39 from local rank 2, transport 0
nid005001:51255:51255 [2] NCCL INFO Connected to proxy localRank 2 -> connection 0x147c84002668
nid005001:51259:51338 [7] NCCL INFO New proxy recv connection 39 from local rank 7, transport 0
nid005001:51259:51259 [7] NCCL INFO Connected to proxy localRank 7 -> connection 0x1453ac002668
nid005005:91502:91502 [6] NCCL INFO Channel 13/2 : 14[d9000] -> 15[de000] via P2P/IPC comm 0x561f3491e030 nRanks 16
nid005005:91502:91587 [6] NCCL INFO New proxy send connection 38 from local rank 6, transport 0
nid005005:91502:91502 [6] NCCL INFO Connected to proxy localRank 6 -> connection 0x145b340025f0
nid005005:91503:91585 [5] NCCL INFO New proxy recv connection 42 from local rank 5, transport 0
nid005005:91503:91503 [5] NCCL INFO Connected to proxy localRank 5 -> connection 0x14cb580027d0
nid005005:91501:91589 [4] NCCL INFO New proxy recv connection 42 from local rank 4, transport 0
nid005005:91501:91501 [4] NCCL INFO Connected to proxy localRank 4 -> connection 0x14d8a80027d0
nid005001:51253:51347 [1] NCCL INFO New proxy recv connection 39 from local rank 1, transport 0
nid005001:51253:51253 [1] NCCL INFO Connected to proxy localRank 1 -> connection 0x149e84002668
nid005005:91505:91505 [2] NCCL INFO Channel 14/2 : 10[c9000] -> 11[ce000] via P2P/IPC comm 0x555abdc8d1d0 nRanks 16
nid005005:91505:91588 [2] NCCL INFO New proxy send connection 39 from local rank 2, transport 0
nid005005:91505:91505 [2] NCCL INFO Connected to proxy localRank 2 -> connection 0x14d078002668
nid005001:51257:51336 [4] NCCL INFO New proxy recv connection 40 from local rank 4, transport 0
nid005001:51257:51257 [4] NCCL INFO Connected to proxy localRank 4 -> connection 0x152e7c0026e0
nid005001:51260:51339 [5] NCCL INFO New proxy recv connection 40 from local rank 5, transport 0
nid005001:51260:51260 [5] NCCL INFO Connected to proxy localRank 5 -> connection 0x14e7ec0026e0
nid005001:51255:51255 [2] NCCL INFO Channel 02/2 : 2[c9000] -> 4[d1000] via P2P/IPC comm 0x561cb6d30be0 nRanks 16
nid005001:51256:51340 [3] NCCL INFO New proxy recv connection 40 from local rank 3, transport 0
nid005001:51256:51256 [3] NCCL INFO Connected to proxy localRank 3 -> connection 0x14c6940026e0
nid005001:51255:51337 [2] NCCL INFO New proxy send connection 40 from local rank 2, transport 0
nid005001:51255:51255 [2] NCCL INFO Connected to proxy localRank 2 -> connection 0x147c840026e0
nid005005:91499:91590 [1] NCCL INFO New proxy recv connection 39 from local rank 1, transport 0
nid005005:91499:91499 [1] NCCL INFO Connected to proxy localRank 1 -> connection 0x150fec002668
nid005001:51258:51335 [6] NCCL INFO New proxy recv connection 40 from local rank 6, transport 0
nid005001:51258:51258 [6] NCCL INFO Connected to proxy localRank 6 -> connection 0x14a9e00026e0
nid005001:51259:51338 [7] NCCL INFO New proxy recv connection 40 from local rank 7, transport 0
nid005001:51259:51259 [7] NCCL INFO Connected to proxy localRank 7 -> connection 0x1453ac0026e0
nid005005:91503:91585 [5] NCCL INFO New proxy recv connection 43 from local rank 5, transport 0
nid005005:91503:91503 [5] NCCL INFO Connected to proxy localRank 5 -> connection 0x14cb58002848
nid005005:91501:91589 [4] NCCL INFO New proxy recv connection 43 from local rank 4, transport 0
nid005005:91501:91501 [4] NCCL INFO Connected to proxy localRank 4 -> connection 0x14d8a8002848
nid005005:91502:91502 [6] NCCL INFO Channel 14/2 : 14[d9000] -> 15[de000] via P2P/IPC comm 0x561f3491e030 nRanks 16
nid005005:91502:91587 [6] NCCL INFO New proxy send connection 39 from local rank 6, transport 0
nid005005:91502:91502 [6] NCCL INFO Connected to proxy localRank 6 -> connection 0x145b34002668
nid005001:51256:51340 [3] NCCL INFO New proxy recv connection 41 from local rank 3, transport 0
nid005001:51256:51256 [3] NCCL INFO Connected to proxy localRank 3 -> connection 0x14c694002758
nid005001:51254:51254 [0] NCCL INFO Channel 03/2 : 0[c1000] -> 6[d9000] via P2P/IPC comm 0x55bd836e47a0 nRanks 16
nid005001:51255:51255 [2] NCCL INFO Channel 06/2 : 2[c9000] -> 4[d1000] via P2P/IPC comm 0x561cb6d30be0 nRanks 16
nid005001:51255:51337 [2] NCCL INFO New proxy send connection 41 from local rank 2, transport 0
nid005001:51253:51253 [1] NCCL INFO Channel 02/2 : 1[c6000] -> 3[ce000] via P2P/IPC comm 0x555be8224af0 nRanks 16
nid005001:51253:51347 [1] NCCL INFO New proxy send connection 40 from local rank 1, transport 0
nid005001:51253:51253 [1] NCCL INFO Connected to proxy localRank 1 -> connection 0x149e840026e0
nid005001:51254:51348 [0] NCCL INFO New proxy send connection 40 from local rank 0, transport 0
nid005001:51254:51254 [0] NCCL INFO Connected to proxy localRank 0 -> connection 0x147a400026e0
nid005001:51255:51255 [2] NCCL INFO Connected to proxy localRank 2 -> connection 0x147c84002758
nid005001:51257:51336 [4] NCCL INFO New proxy recv connection 41 from local rank 4, transport 0
nid005001:51257:51257 [4] NCCL INFO Connected to proxy localRank 4 -> connection 0x152e7c002758
nid005001:51258:51335 [6] NCCL INFO New proxy recv connection 41 from local rank 6, transport 0
nid005001:51258:51258 [6] NCCL INFO Connected to proxy localRank 6 -> connection 0x14a9e0002758
nid005005:91505:91505 [2] NCCL INFO Channel 03/2 : 10[c9000] -> 12[d1000] via P2P/IPC comm 0x555abdc8d1d0 nRanks 16
nid005005:91505:91588 [2] NCCL INFO New proxy send connection 40 from local rank 2, transport 0
nid005001:51260:51339 [5] NCCL INFO New proxy recv connection 41 from local rank 5, transport 0
nid005001:51260:51260 [5] NCCL INFO Connected to proxy localRank 5 -> connection 0x14e7ec002758
nid005005:91500:91586 [3] NCCL INFO New proxy recv connection 40 from local rank 3, transport 0
nid005005:91500:91500 [3] NCCL INFO Connected to proxy localRank 3 -> connection 0x14d6bc0026e0
nid005005:91505:91505 [2] NCCL INFO Connected to proxy localRank 2 -> connection 0x14d0780026e0
nid005005:91501:91501 [4] NCCL INFO Channel 01/2 : 12[d1000] -> 14[d9000] via P2P/IPC comm 0x55e4108ea9c0 nRanks 16
nid005005:91501:91589 [4] NCCL INFO New proxy send connection 44 from local rank 4, transport 0
nid005005:91501:91501 [4] NCCL INFO Connected to proxy localRank 4 -> connection 0x14d8a80028c0
nid005001:51259:51338 [7] NCCL INFO New proxy recv connection 41 from local rank 7, transport 0
nid005001:51259:51259 [7] NCCL INFO Connected to proxy localRank 7 -> connection 0x1453ac002758
nid005005:91504:91504 [0] NCCL INFO Channel 02/2 : 8[c1000] -> 14[d9000] via P2P/IPC comm 0x55e0518f3280 nRanks 16
nid005005:91504:91591 [0] NCCL INFO New proxy send connection 40 from local rank 0, transport 0
nid005005:91504:91504 [0] NCCL INFO Connected to proxy localRank 0 -> connection 0x14dcfc0026e0
nid005005:91499:91499 [1] NCCL INFO Channel 03/2 : 9[c6000] -> 11[ce000] via P2P/IPC comm 0x558da978c1c0 nRanks 16
nid005005:91499:91590 [1] NCCL INFO New proxy send connection 40 from local rank 1, transport 0
nid005005:91499:91499 [1] NCCL INFO Connected to proxy localRank 1 -> connection 0x150fec0026e0
nid005001:51256:51340 [3] NCCL INFO New proxy recv connection 42 from local rank 3, transport 0
nid005001:51256:51256 [3] NCCL INFO Connected to proxy localRank 3 -> connection 0x14c6940027d0
nid005005:91506:91584 [7] NCCL INFO New proxy recv connection 40 from local rank 7, transport 0
nid005005:91506:91506 [7] NCCL INFO Connected to proxy localRank 7 -> connection 0x145a8c0026e0
nid005005:91502:91587 [6] NCCL INFO New proxy recv connection 40 from local rank 6, transport 0
nid005005:91502:91502 [6] NCCL INFO Connected to proxy localRank 6 -> connection 0x145b340026e0
nid005005:91501:91501 [4] NCCL INFO Channel 05/2 : 12[d1000] -> 14[d9000] via P2P/IPC comm 0x55e4108ea9c0 nRanks 16
nid005001:51254:51254 [0] NCCL INFO Channel 07/2 : 0[c1000] -> 6[d9000] via P2P/IPC comm 0x55bd836e47a0 nRanks 16
nid005001:51254:51348 [0] NCCL INFO New proxy send connection 41 from local rank 0, transport 0
nid005001:51254:51254 [0] NCCL INFO Connected to proxy localRank 0 -> connection 0x147a40002758
nid005005:91501:91589 [4] NCCL INFO New proxy send connection 45 from local rank 4, transport 0
nid005005:91501:91501 [4] NCCL INFO Connected to proxy localRank 4 -> connection 0x14d8a8002938
nid005001:51258:51335 [6] NCCL INFO New proxy recv connection 42 from local rank 6, transport 0
nid005001:51258:51258 [6] NCCL INFO Connected to proxy localRank 6 -> connection 0x14a9e00027d0
nid005001:51255:51255 [2] NCCL INFO Channel 10/2 : 2[c9000] -> 4[d1000] via P2P/IPC comm 0x561cb6d30be0 nRanks 16
nid005001:51255:51337 [2] NCCL INFO New proxy send connection 42 from local rank 2, transport 0
nid005001:51255:51255 [2] NCCL INFO Connected to proxy localRank 2 -> connection 0x147c840027d0
nid005005:91500:91586 [3] NCCL INFO New proxy recv connection 41 from local rank 3, transport 0
nid005005:91500:91500 [3] NCCL INFO Connected to proxy localRank 3 -> connection 0x14d6bc002758
nid005001:51257:51336 [4] NCCL INFO New proxy recv connection 42 from local rank 4, transport 0
nid005001:51257:51257 [4] NCCL INFO Connected to proxy localRank 4 -> connection 0x152e7c0027d0
nid005001:51253:51253 [1] NCCL INFO Channel 06/2 : 1[c6000] -> 3[ce000] via P2P/IPC comm 0x555be8224af0 nRanks 16
nid005001:51253:51347 [1] NCCL INFO New proxy send connection 41 from local rank 1, transport 0
nid005001:51253:51253 [1] NCCL INFO Connected to proxy localRank 1 -> connection 0x149e84002758
nid005005:91505:91505 [2] NCCL INFO Channel 07/2 : 10[c9000] -> 12[d1000] via P2P/IPC comm 0x555abdc8d1d0 nRanks 16
nid005001:51260:51339 [5] NCCL INFO New proxy recv connection 42 from local rank 5, transport 0
nid005001:51260:51260 [5] NCCL INFO Connected to proxy localRank 5 -> connection 0x14e7ec0027d0
nid005005:91505:91588 [2] NCCL INFO New proxy send connection 41 from local rank 2, transport 0
nid005005:91505:91505 [2] NCCL INFO Connected to proxy localRank 2 -> connection 0x14d078002758
nid005005:91504:91504 [0] NCCL INFO Channel 06/2 : 8[c1000] -> 14[d9000] via P2P/IPC comm 0x55e0518f3280 nRanks 16
nid005001:51259:51338 [7] NCCL INFO New proxy recv connection 42 from local rank 7, transport 0
nid005001:51259:51259 [7] NCCL INFO Connected to proxy localRank 7 -> connection 0x1453ac0027d0
nid005005:91504:91591 [0] NCCL INFO New proxy send connection 41 from local rank 0, transport 0
nid005005:91504:91504 [0] NCCL INFO Connected to proxy localRank 0 -> connection 0x14dcfc002758
nid005005:91499:91499 [1] NCCL INFO Channel 07/2 : 9[c6000] -> 11[ce000] via P2P/IPC comm 0x558da978c1c0 nRanks 16
nid005005:91499:91590 [1] NCCL INFO New proxy send connection 41 from local rank 1, transport 0
nid005005:91499:91499 [1] NCCL INFO Connected to proxy localRank 1 -> connection 0x150fec002758
nid005005:91501:91501 [4] NCCL INFO Channel 09/2 : 12[d1000] -> 14[d9000] via P2P/IPC comm 0x55e4108ea9c0 nRanks 16
nid005005:91501:91589 [4] NCCL INFO New proxy send connection 46 from local rank 4, transport 0
nid005005:91501:91501 [4] NCCL INFO Connected to proxy localRank 4 -> connection 0x14d8a80029b0
nid005001:51256:51340 [3] NCCL INFO New proxy recv connection 43 from local rank 3, transport 0
nid005001:51256:51256 [3] NCCL INFO Connected to proxy localRank 3 -> connection 0x14c694002848
nid005001:51254:51254 [0] NCCL INFO Channel 11/2 : 0[c1000] -> 6[d9000] via P2P/IPC comm 0x55bd836e47a0 nRanks 16
nid005001:51254:51348 [0] NCCL INFO New proxy send connection 42 from local rank 0, transport 0
nid005001:51254:51254 [0] NCCL INFO Connected to proxy localRank 0 -> connection 0x147a400027d0
nid005005:91506:91584 [7] NCCL INFO New proxy recv connection 41 from local rank 7, transport 0
nid005005:91506:91506 [7] NCCL INFO Connected to proxy localRank 7 -> connection 0x145a8c002758
nid005001:51258:51335 [6] NCCL INFO New proxy recv connection 43 from local rank 6, transport 0
nid005001:51258:51258 [6] NCCL INFO Connected to proxy localRank 6 -> connection 0x14a9e0002848
nid005005:91500:91586 [3] NCCL INFO New proxy recv connection 42 from local rank 3, transport 0
nid005005:91500:91500 [3] NCCL INFO Connected to proxy localRank 3 -> connection 0x14d6bc0027d0
nid005001:51255:51255 [2] NCCL INFO Channel 14/2 : 2[c9000] -> 4[d1000] via P2P/IPC comm 0x561cb6d30be0 nRanks 16
nid005001:51255:51337 [2] NCCL INFO New proxy send connection 43 from local rank 2, transport 0
nid005001:51255:51255 [2] NCCL INFO Connected to proxy localRank 2 -> connection 0x147c84002848
nid005005:91502:91587 [6] NCCL INFO New proxy recv connection 41 from local rank 6, transport 0
nid005005:91502:91502 [6] NCCL INFO Connected to proxy localRank 6 -> connection 0x145b34002758
nid005001:51257:51336 [4] NCCL INFO New proxy recv connection 43 from local rank 4, transport 0
nid005001:51257:51257 [4] NCCL INFO Connected to proxy localRank 4 -> connection 0x152e7c002848
nid005005:91504:91504 [0] NCCL INFO Channel 10/2 : 8[c1000] -> 14[d9000] via P2P/IPC comm 0x55e0518f3280 nRanks 16
nid005005:91504:91591 [0] NCCL INFO New proxy send connection 42 from local rank 0, transport 0
nid005005:91504:91504 [0] NCCL INFO Connected to proxy localRank 0 -> connection 0x14dcfc0027d0
nid005001:51253:51253 [1] NCCL INFO Channel 10/2 : 1[c6000] -> 3[ce000] via P2P/IPC comm 0x555be8224af0 nRanks 16
nid005001:51253:51347 [1] NCCL INFO New proxy send connection 42 from local rank 1, transport 0
nid005001:51260:51339 [5] NCCL INFO New proxy recv connection 43 from local rank 5, transport 0
nid005001:51260:51260 [5] NCCL INFO Connected to proxy localRank 5 -> connection 0x14e7ec002848
nid005001:51253:51253 [1] NCCL INFO Connected to proxy localRank 1 -> connection 0x149e840027d0
nid005001:51259:51338 [7] NCCL INFO New proxy recv connection 43 from local rank 7, transport 0
nid005001:51259:51259 [7] NCCL INFO Connected to proxy localRank 7 -> connection 0x1453ac002848
nid005005:91505:91505 [2] NCCL INFO Channel 11/2 : 10[c9000] -> 12[d1000] via P2P/IPC comm 0x555abdc8d1d0 nRanks 16
nid005005:91505:91588 [2] NCCL INFO New proxy send connection 42 from local rank 2, transport 0
nid005005:91505:91505 [2] NCCL INFO Connected to proxy localRank 2 -> connection 0x14d0780027d0
nid005005:91501:91501 [4] NCCL INFO Channel 13/2 : 12[d1000] -> 14[d9000] via P2P/IPC comm 0x55e4108ea9c0 nRanks 16
nid005005:91501:91589 [4] NCCL INFO New proxy send connection 47 from local rank 4, transport 0
nid005005:91501:91501 [4] NCCL INFO Connected to proxy localRank 4 -> connection 0x14d8a8002a28
nid005001:51254:51254 [0] NCCL INFO Channel 15/2 : 0[c1000] -> 6[d9000] via P2P/IPC comm 0x55bd836e47a0 nRanks 16
nid005001:51254:51348 [0] NCCL INFO New proxy send connection 43 from local rank 0, transport 0
nid005001:51254:51254 [0] NCCL INFO Connected to proxy localRank 0 -> connection 0x147a40002848
nid005005:91499:91499 [1] NCCL INFO Channel 11/2 : 9[c6000] -> 11[ce000] via P2P/IPC comm 0x558da978c1c0 nRanks 16
nid005005:91499:91590 [1] NCCL INFO New proxy send connection 42 from local rank 1, transport 0
nid005005:91506:91584 [7] NCCL INFO New proxy recv connection 42 from local rank 7, transport 0
nid005005:91506:91506 [7] NCCL INFO Connected to proxy localRank 7 -> connection 0x145a8c0027d0
nid005005:91499:91499 [1] NCCL INFO Connected to proxy localRank 1 -> connection 0x150fec0027d0
nid005005:91500:91586 [3] NCCL INFO New proxy recv connection 43 from local rank 3, transport 0
nid005005:91500:91500 [3] NCCL INFO Connected to proxy localRank 3 -> connection 0x14d6bc002848
nid005005:91504:91504 [0] NCCL INFO Channel 14/2 : 8[c1000] -> 14[d9000] via P2P/IPC comm 0x55e0518f3280 nRanks 16
nid005005:91504:91591 [0] NCCL INFO New proxy send connection 43 from local rank 0, transport 0
nid005005:91504:91504 [0] NCCL INFO Connected to proxy localRank 0 -> connection 0x14dcfc002848
nid005001:51257:51257 [4] NCCL INFO Channel 00/2 : 4[d1000] -> 6[d9000] via P2P/IPC comm 0x556f08767700 nRanks 16
nid005001:51257:51336 [4] NCCL INFO New proxy send connection 44 from local rank 4, transport 0
nid005001:51257:51257 [4] NCCL INFO Connected to proxy localRank 4 -> connection 0x152e7c0028c0
nid005005:91502:91587 [6] NCCL INFO New proxy recv connection 42 from local rank 6, transport 0
nid005005:91502:91502 [6] NCCL INFO Connected to proxy localRank 6 -> connection 0x145b340027d0
nid005001:51253:51253 [1] NCCL INFO Channel 14/2 : 1[c6000] -> 3[ce000] via P2P/IPC comm 0x555be8224af0 nRanks 16
nid005001:51253:51347 [1] NCCL INFO New proxy send connection 43 from local rank 1, transport 0
nid005001:51253:51253 [1] NCCL INFO Connected to proxy localRank 1 -> connection 0x149e84002848
nid005005:91505:91505 [2] NCCL INFO Channel 15/2 : 10[c9000] -> 12[d1000] via P2P/IPC comm 0x555abdc8d1d0 nRanks 16
nid005005:91505:91588 [2] NCCL INFO New proxy send connection 43 from local rank 2, transport 0
nid005005:91505:91505 [2] NCCL INFO Connected to proxy localRank 2 -> connection 0x14d078002848
nid005005:91506:91584 [7] NCCL INFO New proxy recv connection 43 from local rank 7, transport 0
nid005005:91506:91506 [7] NCCL INFO Connected to proxy localRank 7 -> connection 0x145a8c002848
nid005005:91499:91499 [1] NCCL INFO Channel 15/2 : 9[c6000] -> 11[ce000] via P2P/IPC comm 0x558da978c1c0 nRanks 16
nid005005:91499:91590 [1] NCCL INFO New proxy send connection 43 from local rank 1, transport 0
nid005005:91499:91499 [1] NCCL INFO Connected to proxy localRank 1 -> connection 0x150fec002848
nid005001:51257:51257 [4] NCCL INFO Channel 04/2 : 4[d1000] -> 6[d9000] via P2P/IPC comm 0x556f08767700 nRanks 16
nid005001:51257:51336 [4] NCCL INFO New proxy send connection 45 from local rank 4, transport 0
nid005001:51257:51257 [4] NCCL INFO Connected to proxy localRank 4 -> connection 0x152e7c002938
nid005005:91502:91587 [6] NCCL INFO New proxy recv connection 43 from local rank 6, transport 0
nid005005:91502:91502 [6] NCCL INFO Connected to proxy localRank 6 -> connection 0x145b34002848
nid005001:51256:51256 [3] NCCL INFO Channel 01/2 : 3[ce000] -> 7[de000] via P2P/IPC comm 0x55d595467d90 nRanks 16
nid005001:51256:51340 [3] NCCL INFO New proxy send connection 44 from local rank 3, transport 0
nid005001:51253:51253 [1] NCCL INFO Channel 00/2 : 1[c6000] -> 5[d6000] via P2P/IPC comm 0x555be8224af0 nRanks 16
nid005001:51253:51347 [1] NCCL INFO New proxy send connection 44 from local rank 1, transport 0
nid005001:51253:51253 [1] NCCL INFO Connected to proxy localRank 1 -> connection 0x149e840028c0
nid005001:51256:51256 [3] NCCL INFO Connected to proxy localRank 3 -> connection 0x14c6940028c0
nid005005:91505:91505 [2] NCCL INFO GPU Direct RDMA Disabled for GPU c9000 / HCA 1 (distance 6 > 0)
nid005005:91505:91588 [2] NCCL INFO New proxy recv connection 44 from local rank 2, transport 2
nid005005:91505:91505 [2] NCCL INFO Connected to proxy localRank 2 -> connection 0x14d0780028c0
nid005005:91505:91505 [2] NCCL INFO Channel 00/2 : 2[c9000] -> 10[c9000] [receive] via NET/Libfabric/1 comm 0x555abdc8d1d0 nRanks 16
nid005005:91505:91505 [2] NCCL INFO GPU Direct RDMA Disabled for GPU c9000 / HCA 1 (distance 6 > 0)
nid005005:91505:91588 [2] NCCL INFO New proxy recv connection 45 from local rank 2, transport 2
nid005005:91505:91505 [2] NCCL INFO Connected to proxy localRank 2 -> connection 0x14d078002938
nid005005:91505:91505 [2] NCCL INFO Channel 04/2 : 2[c9000] -> 10[c9000] [receive] via NET/Libfabric/1 comm 0x555abdc8d1d0 nRanks 16
nid005005:91505:91505 [2] NCCL INFO GPU Direct RDMA Disabled for GPU c9000 / HCA 1 (distance 6 > 0)
nid005005:91505:91588 [2] NCCL INFO New proxy recv connection 46 from local rank 2, transport 2
nid005005:91505:91505 [2] NCCL INFO Connected to proxy localRank 2 -> connection 0x14d0780029b0
nid005005:91505:91505 [2] NCCL INFO Channel 08/2 : 2[c9000] -> 10[c9000] [receive] via NET/Libfabric/1 comm 0x555abdc8d1d0 nRanks 16
nid005005:91505:91505 [2] NCCL INFO GPU Direct RDMA Disabled for GPU c9000 / HCA 1 (distance 6 > 0)
nid005005:91505:91588 [2] NCCL INFO New proxy recv connection 47 from local rank 2, transport 2
nid005005:91505:91505 [2] NCCL INFO Connected to proxy localRank 2 -> connection 0x14d078002a28
nid005005:91505:91505 [2] NCCL INFO Channel 12/2 : 2[c9000] -> 10[c9000] [receive] via NET/Libfabric/1 comm 0x555abdc8d1d0 nRanks 16
nid005005:91505:91505 [2] NCCL INFO GPU Direct RDMA Disabled for GPU c9000 / HCA 1 (distance 6 > 0)
nid005005:91505:91588 [2] NCCL INFO New proxy send connection 48 from local rank 2, transport 2
nid005005:91505:91505 [2] NCCL INFO Connected to proxy localRank 2 -> connection 0x14d078002aa0
nid005005:91505:91505 [2] NCCL INFO Channel 01/2 : 10[c9000] -> 2[c9000] [send] via NET/Libfabric/1 comm 0x555abdc8d1d0 nRanks 16
nid005005:91505:91505 [2] NCCL INFO GPU Direct RDMA Disabled for GPU c9000 / HCA 1 (distance 6 > 0)
nid005005:91505:91588 [2] NCCL INFO New proxy send connection 49 from local rank 2, transport 2
nid005005:91505:91505 [2] NCCL INFO Connected to proxy localRank 2 -> connection 0x14d078002b18
nid005005:91505:91505 [2] NCCL INFO Channel 05/2 : 10[c9000] -> 2[c9000] [send] via NET/Libfabric/1 comm 0x555abdc8d1d0 nRanks 16
nid005005:91505:91505 [2] NCCL INFO GPU Direct RDMA Disabled for GPU c9000 / HCA 1 (distance 6 > 0)
nid005005:91505:91588 [2] NCCL INFO New proxy send connection 50 from local rank 2, transport 2
nid005005:91505:91505 [2] NCCL INFO Connected to proxy localRank 2 -> connection 0x14d078002b90
nid005005:91505:91505 [2] NCCL INFO Channel 09/2 : 10[c9000] -> 2[c9000] [send] via NET/Libfabric/1 comm 0x555abdc8d1d0 nRanks 16
nid005005:91505:91505 [2] NCCL INFO GPU Direct RDMA Disabled for GPU c9000 / HCA 1 (distance 6 > 0)
nid005005:91505:91588 [2] NCCL INFO New proxy send connection 51 from local rank 2, transport 2
nid005005:91505:91505 [2] NCCL INFO Connected to proxy localRank 2 -> connection 0x14d078002c08
nid005005:91505:91505 [2] NCCL INFO Channel 13/2 : 10[c9000] -> 2[c9000] [send] via NET/Libfabric/1 comm 0x555abdc8d1d0 nRanks 16
nid005005:91500:91500 [3] NCCL INFO Channel 00/2 : 11[ce000] -> 15[de000] via P2P/IPC comm 0x555b968350e0 nRanks 16
nid005005:91500:91586 [3] NCCL INFO New proxy send connection 44 from local rank 3, transport 0
nid005005:91500:91500 [3] NCCL INFO Connected to proxy localRank 3 -> connection 0x14d6bc0028c0
nid005005:91499:91499 [1] NCCL INFO Channel 01/2 : 9[c6000] -> 13[d6000] via P2P/IPC comm 0x558da978c1c0 nRanks 16
nid005005:91499:91590 [1] NCCL INFO New proxy send connection 44 from local rank 1, transport 0
nid005005:91499:91499 [1] NCCL INFO Connected to proxy localRank 1 -> connection 0x150fec0028c0
nid005001:51257:51257 [4] NCCL INFO Channel 08/2 : 4[d1000] -> 6[d9000] via P2P/IPC comm 0x556f08767700 nRanks 16
nid005001:51257:51336 [4] NCCL INFO New proxy send connection 46 from local rank 4, transport 0
nid005001:51257:51257 [4] NCCL INFO Connected to proxy localRank 4 -> connection 0x152e7c0029b0
nid005001:51256:51256 [3] NCCL INFO Channel 05/2 : 3[ce000] -> 7[de000] via P2P/IPC comm 0x55d595467d90 nRanks 16
nid005001:51256:51340 [3] NCCL INFO New proxy send connection 45 from local rank 3, transport 0
nid005001:51256:51256 [3] NCCL INFO Connected to proxy localRank 3 -> connection 0x14c694002938
nid005005:91501:91589 [4] NCCL INFO New proxy recv connection 48 from local rank 4, transport 0
nid005005:91501:91501 [4] NCCL INFO Connected to proxy localRank 4 -> connection 0x14d8a8002aa0
nid005001:51253:51253 [1] NCCL INFO Channel 04/2 : 1[c6000] -> 5[d6000] via P2P/IPC comm 0x555be8224af0 nRanks 16
nid005001:51253:51347 [1] NCCL INFO New proxy send connection 45 from local rank 1, transport 0
nid005001:51253:51253 [1] NCCL INFO Connected to proxy localRank 1 -> connection 0x149e84002938
nid005005:91502:91587 [6] NCCL INFO New proxy recv connection 44 from local rank 6, transport 0
nid005005:91502:91502 [6] NCCL INFO Connected to proxy localRank 6 -> connection 0x145b340028c0
nid005005:91499:91499 [1] NCCL INFO Channel 05/2 : 9[c6000] -> 13[d6000] via P2P/IPC comm 0x558da978c1c0 nRanks 16
nid005005:91499:91590 [1] NCCL INFO New proxy send connection 45 from local rank 1, transport 0
nid005005:91499:91499 [1] NCCL INFO Connected to proxy localRank 1 -> connection 0x150fec002938
nid005005:91500:91500 [3] NCCL INFO Channel 04/2 : 11[ce000] -> 15[de000] via P2P/IPC comm 0x555b968350e0 nRanks 16
nid005005:91500:91586 [3] NCCL INFO New proxy send connection 45 from local rank 3, transport 0
nid005005:91500:91500 [3] NCCL INFO Connected to proxy localRank 3 -> connection 0x14d6bc002938
nid005001:51256:51256 [3] NCCL INFO Channel 09/2 : 3[ce000] -> 7[de000] via P2P/IPC comm 0x55d595467d90 nRanks 16
nid005001:51256:51340 [3] NCCL INFO New proxy send connection 46 from local rank 3, transport 0
nid005001:51256:51256 [3] NCCL INFO Connected to proxy localRank 3 -> connection 0x14c6940029b0
nid005001:51257:51257 [4] NCCL INFO Channel 12/2 : 4[d1000] -> 6[d9000] via P2P/IPC comm 0x556f08767700 nRanks 16
nid005001:51257:51336 [4] NCCL INFO New proxy send connection 47 from local rank 4, transport 0
nid005001:51257:51257 [4] NCCL INFO Connected to proxy localRank 4 -> connection 0x152e7c002a28
nid005005:91501:91589 [4] NCCL INFO New proxy recv connection 49 from local rank 4, transport 0
nid005005:91501:91501 [4] NCCL INFO Connected to proxy localRank 4 -> connection 0x14d8a8002b18
nid005001:51253:51253 [1] NCCL INFO Channel 08/2 : 1[c6000] -> 5[d6000] via P2P/IPC comm 0x555be8224af0 nRanks 16
nid005001:51253:51347 [1] NCCL INFO New proxy send connection 46 from local rank 1, transport 0
nid005001:51253:51253 [1] NCCL INFO Connected to proxy localRank 1 -> connection 0x149e840029b0
nid005005:91499:91499 [1] NCCL INFO Channel 09/2 : 9[c6000] -> 13[d6000] via P2P/IPC comm 0x558da978c1c0 nRanks 16
nid005005:91499:91590 [1] NCCL INFO New proxy send connection 46 from local rank 1, transport 0
nid005005:91499:91499 [1] NCCL INFO Connected to proxy localRank 1 -> connection 0x150fec0029b0
nid005005:91500:91500 [3] NCCL INFO Channel 08/2 : 11[ce000] -> 15[de000] via P2P/IPC comm 0x555b968350e0 nRanks 16
nid005005:91500:91586 [3] NCCL INFO New proxy send connection 46 from local rank 3, transport 0
nid005005:91500:91500 [3] NCCL INFO Connected to proxy localRank 3 -> connection 0x14d6bc0029b0
nid005005:91502:91587 [6] NCCL INFO New proxy recv connection 45 from local rank 6, transport 0
nid005005:91502:91502 [6] NCCL INFO Connected to proxy localRank 6 -> connection 0x145b34002938
nid005005:91501:91589 [4] NCCL INFO New proxy recv connection 50 from local rank 4, transport 0
nid005005:91501:91501 [4] NCCL INFO Connected to proxy localRank 4 -> connection 0x14d8a8002b90
nid005001:51256:51256 [3] NCCL INFO Channel 13/2 : 3[ce000] -> 7[de000] via P2P/IPC comm 0x55d595467d90 nRanks 16
nid005001:51256:51340 [3] NCCL INFO New proxy send connection 47 from local rank 3, transport 0
nid005001:51256:51256 [3] NCCL INFO Connected to proxy localRank 3 -> connection 0x14c694002a28
nid005005:91499:91499 [1] NCCL INFO Channel 13/2 : 9[c6000] -> 13[d6000] via P2P/IPC comm 0x558da978c1c0 nRanks 16
nid005005:91499:91590 [1] NCCL INFO New proxy send connection 47 from local rank 1, transport 0
nid005001:51255:51255 [2] NCCL INFO GPU Direct RDMA Disabled for GPU c9000 / HCA 1 (distance 6 > 0)
nid005001:51255:51337 [2] NCCL INFO New proxy recv connection 44 from local rank 2, transport 2
nid005001:51255:51255 [2] NCCL INFO Connected to proxy localRank 2 -> connection 0x147c840028c0
nid005005:91499:91499 [1] NCCL INFO Connected to proxy localRank 1 -> connection 0x150fec002a28
nid005001:51258:51335 [6] NCCL INFO New proxy recv connection 44 from local rank 6, transport 0
nid005001:51258:51258 [6] NCCL INFO Connected to proxy localRank 6 -> connection 0x14a9e00028c0
nid005001:51257:51336 [4] NCCL INFO New proxy recv connection 48 from local rank 4, transport 0
nid005001:51257:51257 [4] NCCL INFO Connected to proxy localRank 4 -> connection 0x152e7c002aa0
nid005005:91500:91500 [3] NCCL INFO Channel 12/2 : 11[ce000] -> 15[de000] via P2P/IPC comm 0x555b968350e0 nRanks 16
nid005005:91500:91586 [3] NCCL INFO New proxy send connection 47 from local rank 3, transport 0
nid005001:51255:51255 [2] NCCL INFO Channel 01/2 : 10[c9000] -> 2[c9000] [receive] via NET/Libfabric/1 comm 0x561cb6d30be0 nRanks 16
nid005001:51255:51255 [2] NCCL INFO GPU Direct RDMA Disabled for GPU c9000 / HCA 1 (distance 6 > 0)
nid005001:51255:51337 [2] NCCL INFO New proxy recv connection 45 from local rank 2, transport 2
nid005001:51255:51255 [2] NCCL INFO Connected to proxy localRank 2 -> connection 0x147c84002938
nid005005:91500:91500 [3] NCCL INFO Connected to proxy localRank 3 -> connection 0x14d6bc002a28
nid005001:51255:51255 [2] NCCL INFO Channel 05/2 : 10[c9000] -> 2[c9000] [receive] via NET/Libfabric/1 comm 0x561cb6d30be0 nRanks 16
nid005001:51255:51255 [2] NCCL INFO GPU Direct RDMA Disabled for GPU c9000 / HCA 1 (distance 6 > 0)
nid005001:51255:51337 [2] NCCL INFO New proxy recv connection 46 from local rank 2, transport 2
nid005001:51255:51255 [2] NCCL INFO Connected to proxy localRank 2 -> connection 0x147c840029b0
nid005001:51255:51255 [2] NCCL INFO Channel 09/2 : 10[c9000] -> 2[c9000] [receive] via NET/Libfabric/1 comm 0x561cb6d30be0 nRanks 16
nid005001:51255:51255 [2] NCCL INFO GPU Direct RDMA Disabled for GPU c9000 / HCA 1 (distance 6 > 0)
nid005001:51255:51337 [2] NCCL INFO New proxy recv connection 47 from local rank 2, transport 2
nid005001:51255:51255 [2] NCCL INFO Connected to proxy localRank 2 -> connection 0x147c84002a28
nid005001:51253:51253 [1] NCCL INFO Channel 12/2 : 1[c6000] -> 5[d6000] via P2P/IPC comm 0x555be8224af0 nRanks 16
nid005001:51255:51255 [2] NCCL INFO Channel 13/2 : 10[c9000] -> 2[c9000] [receive] via NET/Libfabric/1 comm 0x561cb6d30be0 nRanks 16
nid005001:51255:51255 [2] NCCL INFO GPU Direct RDMA Disabled for GPU c9000 / HCA 1 (distance 6 > 0)
nid005001:51253:51347 [1] NCCL INFO New proxy send connection 47 from local rank 1, transport 0
nid005001:51253:51253 [1] NCCL INFO Connected to proxy localRank 1 -> connection 0x149e84002a28
nid005001:51255:51337 [2] NCCL INFO New proxy send connection 48 from local rank 2, transport 2
nid005001:51255:51255 [2] NCCL INFO Connected to proxy localRank 2 -> connection 0x147c84002aa0
nid005001:51255:51255 [2] NCCL INFO Channel 00/2 : 2[c9000] -> 10[c9000] [send] via NET/Libfabric/1 comm 0x561cb6d30be0 nRanks 16
nid005001:51255:51255 [2] NCCL INFO GPU Direct RDMA Disabled for GPU c9000 / HCA 1 (distance 6 > 0)
nid005001:51255:51337 [2] NCCL INFO New proxy send connection 49 from local rank 2, transport 2
nid005001:51255:51255 [2] NCCL INFO Connected to proxy localRank 2 -> connection 0x147c84002b18
nid005001:51255:51255 [2] NCCL INFO Channel 04/2 : 2[c9000] -> 10[c9000] [send] via NET/Libfabric/1 comm 0x561cb6d30be0 nRanks 16
nid005001:51255:51255 [2] NCCL INFO GPU Direct RDMA Disabled for GPU c9000 / HCA 1 (distance 6 > 0)
nid005001:51255:51337 [2] NCCL INFO New proxy send connection 50 from local rank 2, transport 2
nid005001:51255:51255 [2] NCCL INFO Connected to proxy localRank 2 -> connection 0x147c84002b90
nid005001:51255:51255 [2] NCCL INFO Channel 08/2 : 2[c9000] -> 10[c9000] [send] via NET/Libfabric/1 comm 0x561cb6d30be0 nRanks 16
nid005001:51255:51255 [2] NCCL INFO GPU Direct RDMA Disabled for GPU c9000 / HCA 1 (distance 6 > 0)
nid005001:51255:51337 [2] NCCL INFO New proxy send connection 51 from local rank 2, transport 2
nid005001:51255:51255 [2] NCCL INFO Connected to proxy localRank 2 -> connection 0x147c84002c08
nid005001:51255:51255 [2] NCCL INFO Channel 12/2 : 2[c9000] -> 10[c9000] [send] via NET/Libfabric/1 comm 0x561cb6d30be0 nRanks 16
nid005001:51255:51337 [2] NCCL INFO New proxy recv connection 52 from local rank 2, transport 0
nid005001:51255:51255 [2] NCCL INFO Connected to proxy localRank 2 -> connection 0x147c84002c80
nid005005:91505:91588 [2] NCCL INFO New proxy recv connection 52 from local rank 2, transport 0
nid005005:91505:91505 [2] NCCL INFO Connected to proxy localRank 2 -> connection 0x14d078002c80
nid005005:91502:91587 [6] NCCL INFO New proxy recv connection 46 from local rank 6, transport 0
nid005005:91502:91502 [6] NCCL INFO Connected to proxy localRank 6 -> connection 0x145b340029b0
nid005005:91501:91589 [4] NCCL INFO New proxy recv connection 51 from local rank 4, transport 0
nid005005:91501:91501 [4] NCCL INFO Connected to proxy localRank 4 -> connection 0x14d8a8002c08
nid005001:51259:51259 [7] NCCL INFO GPU Direct RDMA Disabled for GPU de000 / HCA 3 (distance 6 > 0)
nid005001:51259:51338 [7] NCCL INFO New proxy recv connection 44 from local rank 7, transport 2
nid005001:51259:51259 [7] NCCL INFO Connected to proxy localRank 7 -> connection 0x1453ac0028c0
nid005001:51256:51340 [3] NCCL INFO New proxy recv connection 48 from local rank 3, transport 0
nid005001:51256:51256 [3] NCCL INFO Connected to proxy localRank 3 -> connection 0x14c694002aa0
nid005001:51259:51259 [7] NCCL INFO Channel 02/2 : 15[de000] -> 7[de000] [receive] via NET/Libfabric/3 comm 0x55cec4cea9e0 nRanks 16
nid005001:51259:51259 [7] NCCL INFO GPU Direct RDMA Disabled for GPU de000 / HCA 3 (distance 6 > 0)
nid005001:51259:51338 [7] NCCL INFO New proxy recv connection 45 from local rank 7, transport 2
nid005001:51259:51259 [7] NCCL INFO Connected to proxy localRank 7 -> connection 0x1453ac002938
nid005001:51259:51259 [7] NCCL INFO Channel 06/2 : 15[de000] -> 7[de000] [receive] via NET/Libfabric/3 comm 0x55cec4cea9e0 nRanks 16
nid005001:51259:51259 [7] NCCL INFO GPU Direct RDMA Disabled for GPU de000 / HCA 3 (distance 6 > 0)
nid005001:51259:51338 [7] NCCL INFO New proxy recv connection 46 from local rank 7, transport 2
nid005001:51259:51259 [7] NCCL INFO Connected to proxy localRank 7 -> connection 0x1453ac0029b0
nid005001:51259:51259 [7] NCCL INFO Channel 10/2 : 15[de000] -> 7[de000] [receive] via NET/Libfabric/3 comm 0x55cec4cea9e0 nRanks 16
nid005001:51259:51259 [7] NCCL INFO GPU Direct RDMA Disabled for GPU de000 / HCA 3 (distance 6 > 0)
nid005001:51259:51338 [7] NCCL INFO New proxy recv connection 47 from local rank 7, transport 2
nid005001:51259:51259 [7] NCCL INFO Connected to proxy localRank 7 -> connection 0x1453ac002a28
nid005001:51259:51259 [7] NCCL INFO Channel 14/2 : 15[de000] -> 7[de000] [receive] via NET/Libfabric/3 comm 0x55cec4cea9e0 nRanks 16
nid005001:51259:51259 [7] NCCL INFO GPU Direct RDMA Disabled for GPU de000 / HCA 3 (distance 6 > 0)
nid005001:51259:51338 [7] NCCL INFO New proxy send connection 48 from local rank 7, transport 2
nid005001:51259:51259 [7] NCCL INFO Connected to proxy localRank 7 -> connection 0x1453ac002aa0
nid005001:51259:51259 [7] NCCL INFO Channel 03/2 : 7[de000] -> 15[de000] [send] via NET/Libfabric/3 comm 0x55cec4cea9e0 nRanks 16
nid005001:51259:51259 [7] NCCL INFO GPU Direct RDMA Disabled for GPU de000 / HCA 3 (distance 6 > 0)
nid005001:51259:51338 [7] NCCL INFO New proxy send connection 49 from local rank 7, transport 2
nid005001:51259:51259 [7] NCCL INFO Connected to proxy localRank 7 -> connection 0x1453ac002b18
nid005001:51259:51259 [7] NCCL INFO Channel 07/2 : 7[de000] -> 15[de000] [send] via NET/Libfabric/3 comm 0x55cec4cea9e0 nRanks 16
nid005001:51259:51259 [7] NCCL INFO GPU Direct RDMA Disabled for GPU de000 / HCA 3 (distance 6 > 0)
nid005001:51258:51335 [6] NCCL INFO New proxy recv connection 45 from local rank 6, transport 0
nid005001:51259:51338 [7] NCCL INFO New proxy send connection 50 from local rank 7, transport 2
nid005001:51258:51258 [6] NCCL INFO Connected to proxy localRank 6 -> connection 0x14a9e0002938
nid005001:51259:51259 [7] NCCL INFO Connected to proxy localRank 7 -> connection 0x1453ac002b90
nid005001:51259:51259 [7] NCCL INFO Channel 11/2 : 7[de000] -> 15[de000] [send] via NET/Libfabric/3 comm 0x55cec4cea9e0 nRanks 16
nid005001:51259:51259 [7] NCCL INFO GPU Direct RDMA Disabled for GPU de000 / HCA 3 (distance 6 > 0)
nid005001:51259:51338 [7] NCCL INFO New proxy send connection 51 from local rank 7, transport 2
nid005001:51259:51259 [7] NCCL INFO Connected to proxy localRank 7 -> connection 0x1453ac002c08
nid005005:91506:91506 [7] NCCL INFO GPU Direct RDMA Disabled for GPU de000 / HCA 3 (distance 6 > 0)
nid005001:51259:51259 [7] NCCL INFO Channel 15/2 : 7[de000] -> 15[de000] [send] via NET/Libfabric/3 comm 0x55cec4cea9e0 nRanks 16
nid005005:91500:91586 [3] NCCL INFO New proxy recv connection 48 from local rank 3, transport 0
nid005005:91500:91500 [3] NCCL INFO Connected to proxy localRank 3 -> connection 0x14d6bc002aa0
nid005005:91506:91584 [7] NCCL INFO New proxy recv connection 44 from local rank 7, transport 2
nid005005:91506:91506 [7] NCCL INFO Connected to proxy localRank 7 -> connection 0x145a8c0028c0
nid005005:91506:91506 [7] NCCL INFO Channel 03/2 : 7[de000] -> 15[de000] [receive] via NET/Libfabric/3 comm 0x5596d7683540 nRanks 16
nid005005:91506:91506 [7] NCCL INFO GPU Direct RDMA Disabled for GPU de000 / HCA 3 (distance 6 > 0)
nid005005:91506:91584 [7] NCCL INFO New proxy recv connection 45 from local rank 7, transport 2
nid005005:91506:91506 [7] NCCL INFO Connected to proxy localRank 7 -> connection 0x145a8c002938
nid005005:91506:91506 [7] NCCL INFO Channel 07/2 : 7[de000] -> 15[de000] [receive] via NET/Libfabric/3 comm 0x5596d7683540 nRanks 16
nid005005:91506:91506 [7] NCCL INFO GPU Direct RDMA Disabled for GPU de000 / HCA 3 (distance 6 > 0)
nid005005:91503:91503 [5] NCCL INFO GPU Direct RDMA Disabled for GPU d6000 / HCA 2 (distance 6 > 0)
nid005005:91506:91584 [7] NCCL INFO New proxy recv connection 46 from local rank 7, transport 2
nid005005:91506:91506 [7] NCCL INFO Connected to proxy localRank 7 -> connection 0x145a8c0029b0
nid005001:51257:51336 [4] NCCL INFO New proxy recv connection 49 from local rank 4, transport 0
nid005001:51257:51257 [4] NCCL INFO Connected to proxy localRank 4 -> connection 0x152e7c002b18
nid005005:91499:91590 [1] NCCL INFO New proxy recv connection 48 from local rank 1, transport 0
nid005005:91499:91499 [1] NCCL INFO Connected to proxy localRank 1 -> connection 0x150fec002aa0
nid005005:91503:91585 [5] NCCL INFO New proxy recv connection 44 from local rank 5, transport 2
nid005005:91503:91503 [5] NCCL INFO Connected to proxy localRank 5 -> connection 0x14cb580028c0
nid005005:91506:91506 [7] NCCL INFO Channel 11/2 : 7[de000] -> 15[de000] [receive] via NET/Libfabric/3 comm 0x5596d7683540 nRanks 16
nid005005:91506:91506 [7] NCCL INFO GPU Direct RDMA Disabled for GPU de000 / HCA 3 (distance 6 > 0)
nid005005:91506:91584 [7] NCCL INFO New proxy recv connection 47 from local rank 7, transport 2
nid005005:91506:91506 [7] NCCL INFO Connected to proxy localRank 7 -> connection 0x145a8c002a28
nid005005:91503:91503 [5] NCCL INFO Channel 02/2 : 5[d6000] -> 13[d6000] [receive] via NET/Libfabric/2 comm 0x55ca05633170 nRanks 16
nid005005:91503:91503 [5] NCCL INFO GPU Direct RDMA Disabled for GPU d6000 / HCA 2 (distance 6 > 0)
nid005005:91506:91506 [7] NCCL INFO Channel 15/2 : 7[de000] -> 15[de000] [receive] via NET/Libfabric/3 comm 0x5596d7683540 nRanks 16
nid005005:91506:91506 [7] NCCL INFO GPU Direct RDMA Disabled for GPU de000 / HCA 3 (distance 6 > 0)
nid005005:91503:91585 [5] NCCL INFO New proxy recv connection 45 from local rank 5, transport 2
nid005005:91503:91503 [5] NCCL INFO Connected to proxy localRank 5 -> connection 0x14cb58002938
nid005005:91506:91584 [7] NCCL INFO New proxy send connection 48 from local rank 7, transport 2
nid005005:91506:91506 [7] NCCL INFO Connected to proxy localRank 7 -> connection 0x145a8c002aa0
nid005001:51255:51337 [2] NCCL INFO New proxy recv connection 53 from local rank 2, transport 0
nid005001:51255:51255 [2] NCCL INFO Connected to proxy localRank 2 -> connection 0x147c84002cf8
nid005005:91506:91506 [7] NCCL INFO Channel 02/2 : 15[de000] -> 7[de000] [send] via NET/Libfabric/3 comm 0x5596d7683540 nRanks 16
nid005005:91506:91506 [7] NCCL INFO GPU Direct RDMA Disabled for GPU de000 / HCA 3 (distance 6 > 0)
nid005005:91503:91503 [5] NCCL INFO Channel 06/2 : 5[d6000] -> 13[d6000] [receive] via NET/Libfabric/2 comm 0x55ca05633170 nRanks 16
nid005005:91503:91503 [5] NCCL INFO GPU Direct RDMA Disabled for GPU d6000 / HCA 2 (distance 6 > 0)
nid005005:91506:91584 [7] NCCL INFO New proxy send connection 49 from local rank 7, transport 2
nid005005:91506:91506 [7] NCCL INFO Connected to proxy localRank 7 -> connection 0x145a8c002b18
nid005005:91503:91585 [5] NCCL INFO New proxy recv connection 46 from local rank 5, transport 2
nid005005:91503:91503 [5] NCCL INFO Connected to proxy localRank 5 -> connection 0x14cb580029b0
nid005005:91506:91506 [7] NCCL INFO Channel 06/2 : 15[de000] -> 7[de000] [send] via NET/Libfabric/3 comm 0x5596d7683540 nRanks 16
nid005005:91506:91506 [7] NCCL INFO GPU Direct RDMA Disabled for GPU de000 / HCA 3 (distance 6 > 0)
nid005005:91506:91584 [7] NCCL INFO New proxy send connection 50 from local rank 7, transport 2
nid005005:91506:91506 [7] NCCL INFO Connected to proxy localRank 7 -> connection 0x145a8c002b90
nid005005:91503:91503 [5] NCCL INFO Channel 10/2 : 5[d6000] -> 13[d6000] [receive] via NET/Libfabric/2 comm 0x55ca05633170 nRanks 16
nid005005:91503:91503 [5] NCCL INFO GPU Direct RDMA Disabled for GPU d6000 / HCA 2 (distance 6 > 0)
nid005005:91503:91585 [5] NCCL INFO New proxy recv connection 47 from local rank 5, transport 2
nid005005:91506:91506 [7] NCCL INFO Channel 10/2 : 15[de000] -> 7[de000] [send] via NET/Libfabric/3 comm 0x5596d7683540 nRanks 16
nid005005:91506:91506 [7] NCCL INFO GPU Direct RDMA Disabled for GPU de000 / HCA 3 (distance 6 > 0)
nid005005:91503:91503 [5] NCCL INFO Connected to proxy localRank 5 -> connection 0x14cb58002a28
nid005005:91506:91584 [7] NCCL INFO New proxy send connection 51 from local rank 7, transport 2
nid005005:91506:91506 [7] NCCL INFO Connected to proxy localRank 7 -> connection 0x145a8c002c08
nid005005:91506:91506 [7] NCCL INFO Channel 14/2 : 15[de000] -> 7[de000] [send] via NET/Libfabric/3 comm 0x5596d7683540 nRanks 16
nid005001:51259:51259 [7] NCCL INFO Channel 00/2 : 7[de000] -> 3[ce000] via P2P/IPC comm 0x55cec4cea9e0 nRanks 16
nid005001:51259:51338 [7] NCCL INFO New proxy send connection 52 from local rank 7, transport 0
nid005001:51259:51259 [7] NCCL INFO Connected to proxy localRank 7 -> connection 0x1453ac002c80
nid005001:51260:51260 [5] NCCL INFO GPU Direct RDMA Disabled for GPU d6000 / HCA 2 (distance 6 > 0)
nid005005:91503:91503 [5] NCCL INFO Channel 14/2 : 5[d6000] -> 13[d6000] [receive] via NET/Libfabric/2 comm 0x55ca05633170 nRanks 16
nid005005:91503:91503 [5] NCCL INFO GPU Direct RDMA Disabled for GPU d6000 / HCA 2 (distance 6 > 0)
nid005001:51260:51339 [5] NCCL INFO New proxy recv connection 44 from local rank 5, transport 2
nid005001:51260:51260 [5] NCCL INFO Connected to proxy localRank 5 -> connection 0x14e7ec0028c0
nid005001:51253:51347 [1] NCCL INFO New proxy recv connection 48 from local rank 1, transport 0
nid005001:51253:51253 [1] NCCL INFO Connected to proxy localRank 1 -> connection 0x149e84002aa0
nid005005:91503:91585 [5] NCCL INFO New proxy send connection 48 from local rank 5, transport 2
nid005005:91503:91503 [5] NCCL INFO Connected to proxy localRank 5 -> connection 0x14cb58002aa0
nid005005:91501:91501 [4] NCCL INFO Channel 02/2 : 12[d1000] -> 10[c9000] via P2P/IPC comm 0x55e4108ea9c0 nRanks 16
nid005005:91503:91503 [5] NCCL INFO Channel 03/2 : 13[d6000] -> 5[d6000] [send] via NET/Libfabric/2 comm 0x55ca05633170 nRanks 16
nid005005:91503:91503 [5] NCCL INFO GPU Direct RDMA Disabled for GPU d6000 / HCA 2 (distance 6 > 0)
nid005005:91506:91506 [7] NCCL INFO Channel 01/2 : 15[de000] -> 11[ce000] via P2P/IPC comm 0x5596d7683540 nRanks 16
nid005005:91501:91589 [4] NCCL INFO New proxy send connection 52 from local rank 4, transport 0
nid005005:91503:91585 [5] NCCL INFO New proxy send connection 49 from local rank 5, transport 2
nid005005:91501:91501 [4] NCCL INFO Connected to proxy localRank 4 -> connection 0x14d8a8002c80
nid005005:91506:91584 [7] NCCL INFO New proxy send connection 52 from local rank 7, transport 0
nid005005:91506:91506 [7] NCCL INFO Connected to proxy localRank 7 -> connection 0x145a8c002c80
nid005005:91503:91503 [5] NCCL INFO Connected to proxy localRank 5 -> connection 0x14cb58002b18
nid005001:51260:51260 [5] NCCL INFO Channel 03/2 : 13[d6000] -> 5[d6000] [receive] via NET/Libfabric/2 comm 0x563c5568fc70 nRanks 16
nid005001:51260:51260 [5] NCCL INFO GPU Direct RDMA Disabled for GPU d6000 / HCA 2 (distance 6 > 0)
nid005001:51260:51339 [5] NCCL INFO New proxy recv connection 45 from local rank 5, transport 2
nid005001:51260:51260 [5] NCCL INFO Connected to proxy localRank 5 -> connection 0x14e7ec002938
nid005001:51260:51260 [5] NCCL INFO Channel 07/2 : 13[d6000] -> 5[d6000] [receive] via NET/Libfabric/2 comm 0x563c5568fc70 nRanks 16
nid005001:51260:51260 [5] NCCL INFO GPU Direct RDMA Disabled for GPU d6000 / HCA 2 (distance 6 > 0)
nid005005:91503:91503 [5] NCCL INFO Channel 07/2 : 13[d6000] -> 5[d6000] [send] via NET/Libfabric/2 comm 0x55ca05633170 nRanks 16
nid005005:91503:91503 [5] NCCL INFO GPU Direct RDMA Disabled for GPU d6000 / HCA 2 (distance 6 > 0)
nid005005:91503:91585 [5] NCCL INFO New proxy send connection 50 from local rank 5, transport 2
nid005005:91503:91503 [5] NCCL INFO Connected to proxy localRank 5 -> connection 0x14cb58002b90
nid005001:51260:51339 [5] NCCL INFO New proxy recv connection 46 from local rank 5, transport 2
nid005005:91503:91503 [5] NCCL INFO Channel 11/2 : 13[d6000] -> 5[d6000] [send] via NET/Libfabric/2 comm 0x55ca05633170 nRanks 16
nid005005:91503:91503 [5] NCCL INFO GPU Direct RDMA Disabled for GPU d6000 / HCA 2 (distance 6 > 0)
nid005001:51260:51260 [5] NCCL INFO Connected to proxy localRank 5 -> connection 0x14e7ec0029b0
nid005005:91503:91585 [5] NCCL INFO New proxy send connection 51 from local rank 5, transport 2
nid005005:91503:91503 [5] NCCL INFO Connected to proxy localRank 5 -> connection 0x14cb58002c08
nid005001:51260:51260 [5] NCCL INFO Channel 11/2 : 13[d6000] -> 5[d6000] [receive] via NET/Libfabric/2 comm 0x563c5568fc70 nRanks 16
nid005001:51260:51260 [5] NCCL INFO GPU Direct RDMA Disabled for GPU d6000 / HCA 2 (distance 6 > 0)
nid005001:51260:51339 [5] NCCL INFO New proxy recv connection 47 from local rank 5, transport 2
nid005001:51260:51260 [5] NCCL INFO Connected to proxy localRank 5 -> connection 0x14e7ec002a28
nid005001:51260:51260 [5] NCCL INFO Channel 15/2 : 13[d6000] -> 5[d6000] [receive] via NET/Libfabric/2 comm 0x563c5568fc70 nRanks 16
nid005001:51260:51260 [5] NCCL INFO GPU Direct RDMA Disabled for GPU d6000 / HCA 2 (distance 6 > 0)
nid005005:91503:91503 [5] NCCL INFO Channel 15/2 : 13[d6000] -> 5[d6000] [send] via NET/Libfabric/2 comm 0x55ca05633170 nRanks 16
nid005001:51260:51339 [5] NCCL INFO New proxy send connection 48 from local rank 5, transport 2
nid005001:51260:51260 [5] NCCL INFO Connected to proxy localRank 5 -> connection 0x14e7ec002aa0
nid005001:51260:51260 [5] NCCL INFO Channel 02/2 : 5[d6000] -> 13[d6000] [send] via NET/Libfabric/2 comm 0x563c5568fc70 nRanks 16
nid005001:51260:51260 [5] NCCL INFO GPU Direct RDMA Disabled for GPU d6000 / HCA 2 (distance 6 > 0)
nid005001:51260:51339 [5] NCCL INFO New proxy send connection 49 from local rank 5, transport 2
nid005001:51260:51260 [5] NCCL INFO Connected to proxy localRank 5 -> connection 0x14e7ec002b18
nid005001:51260:51260 [5] NCCL INFO Channel 06/2 : 5[d6000] -> 13[d6000] [send] via NET/Libfabric/2 comm 0x563c5568fc70 nRanks 16
nid005001:51260:51260 [5] NCCL INFO GPU Direct RDMA Disabled for GPU d6000 / HCA 2 (distance 6 > 0)
nid005001:51260:51339 [5] NCCL INFO New proxy send connection 50 from local rank 5, transport 2
nid005001:51260:51260 [5] NCCL INFO Connected to proxy localRank 5 -> connection 0x14e7ec002b90
nid005001:51260:51260 [5] NCCL INFO Channel 10/2 : 5[d6000] -> 13[d6000] [send] via NET/Libfabric/2 comm 0x563c5568fc70 nRanks 16
nid005001:51260:51260 [5] NCCL INFO GPU Direct RDMA Disabled for GPU d6000 / HCA 2 (distance 6 > 0)
nid005001:51260:51339 [5] NCCL INFO New proxy send connection 51 from local rank 5, transport 2
nid005001:51260:51260 [5] NCCL INFO Connected to proxy localRank 5 -> connection 0x14e7ec002c08
nid005001:51256:51340 [3] NCCL INFO New proxy recv connection 49 from local rank 3, transport 0
nid005001:51256:51256 [3] NCCL INFO Connected to proxy localRank 3 -> connection 0x14c694002b18
nid005005:91505:91588 [2] NCCL INFO New proxy recv connection 53 from local rank 2, transport 0
nid005005:91505:91505 [2] NCCL INFO Connected to proxy localRank 2 -> connection 0x14d078002cf8
nid005001:51260:51260 [5] NCCL INFO Channel 14/2 : 5[d6000] -> 13[d6000] [send] via NET/Libfabric/2 comm 0x563c5568fc70 nRanks 16
nid005005:91502:91587 [6] NCCL INFO New proxy recv connection 47 from local rank 6, transport 0
nid005005:91502:91502 [6] NCCL INFO Connected to proxy localRank 6 -> connection 0x145b34002a28
nid005001:51260:51260 [5] NCCL INFO Channel 01/2 : 5[d6000] -> 1[c6000] via P2P/IPC comm 0x563c5568fc70 nRanks 16
nid005001:51260:51339 [5] NCCL INFO New proxy send connection 52 from local rank 5, transport 0
nid005001:51260:51260 [5] NCCL INFO Connected to proxy localRank 5 -> connection 0x14e7ec002c80
nid005005:91503:91503 [5] NCCL INFO Channel 00/2 : 13[d6000] -> 9[c6000] via P2P/IPC comm 0x55ca05633170 nRanks 16
nid005005:91503:91585 [5] NCCL INFO New proxy send connection 52 from local rank 5, transport 0
nid005005:91503:91503 [5] NCCL INFO Connected to proxy localRank 5 -> connection 0x14cb58002c80
nid005001:51258:51335 [6] NCCL INFO New proxy recv connection 46 from local rank 6, transport 0
nid005001:51258:51258 [6] NCCL INFO Connected to proxy localRank 6 -> connection 0x14a9e00029b0
nid005005:91500:91586 [3] NCCL INFO New proxy recv connection 49 from local rank 3, transport 0
nid005005:91500:91500 [3] NCCL INFO Connected to proxy localRank 3 -> connection 0x14d6bc002b18
nid005001:51257:51336 [4] NCCL INFO New proxy recv connection 50 from local rank 4, transport 0
nid005001:51257:51257 [4] NCCL INFO Connected to proxy localRank 4 -> connection 0x152e7c002b90
nid005005:91501:91501 [4] NCCL INFO Channel 06/2 : 12[d1000] -> 10[c9000] via P2P/IPC comm 0x55e4108ea9c0 nRanks 16
nid005005:91501:91589 [4] NCCL INFO New proxy send connection 53 from local rank 4, transport 0
nid005005:91501:91501 [4] NCCL INFO Connected to proxy localRank 4 -> connection 0x14d8a8002cf8
nid005005:91499:91590 [1] NCCL INFO New proxy recv connection 49 from local rank 1, transport 0
nid005005:91499:91499 [1] NCCL INFO Connected to proxy localRank 1 -> connection 0x150fec002b18
nid005005:91506:91506 [7] NCCL INFO Channel 05/2 : 15[de000] -> 11[ce000] via P2P/IPC comm 0x5596d7683540 nRanks 16
nid005001:51255:51337 [2] NCCL INFO New proxy recv connection 54 from local rank 2, transport 0
nid005001:51255:51255 [2] NCCL INFO Connected to proxy localRank 2 -> connection 0x147c84002d70
nid005005:91506:91584 [7] NCCL INFO New proxy send connection 53 from local rank 7, transport 0
nid005005:91506:91506 [7] NCCL INFO Connected to proxy localRank 7 -> connection 0x145a8c002cf8
nid005001:51253:51347 [1] NCCL INFO New proxy recv connection 49 from local rank 1, transport 0
nid005001:51253:51253 [1] NCCL INFO Connected to proxy localRank 1 -> connection 0x149e84002b18
nid005001:51259:51259 [7] NCCL INFO Channel 04/2 : 7[de000] -> 3[ce000] via P2P/IPC comm 0x55cec4cea9e0 nRanks 16
nid005001:51256:51340 [3] NCCL INFO New proxy recv connection 50 from local rank 3, transport 0
nid005001:51256:51256 [3] NCCL INFO Connected to proxy localRank 3 -> connection 0x14c694002b90
nid005001:51259:51338 [7] NCCL INFO New proxy send connection 53 from local rank 7, transport 0
nid005001:51259:51259 [7] NCCL INFO Connected to proxy localRank 7 -> connection 0x1453ac002cf8
nid005005:91503:91503 [5] NCCL INFO Channel 04/2 : 13[d6000] -> 9[c6000] via P2P/IPC comm 0x55ca05633170 nRanks 16
nid005005:91503:91585 [5] NCCL INFO New proxy send connection 53 from local rank 5, transport 0
nid005005:91503:91503 [5] NCCL INFO Connected to proxy localRank 5 -> connection 0x14cb58002cf8
nid005001:51258:51335 [6] NCCL INFO New proxy recv connection 47 from local rank 6, transport 0
nid005001:51258:51258 [6] NCCL INFO Connected to proxy localRank 6 -> connection 0x14a9e0002a28
nid005001:51260:51260 [5] NCCL INFO Channel 05/2 : 5[d6000] -> 1[c6000] via P2P/IPC comm 0x563c5568fc70 nRanks 16
nid005001:51260:51339 [5] NCCL INFO New proxy send connection 53 from local rank 5, transport 0
nid005005:91500:91586 [3] NCCL INFO New proxy recv connection 50 from local rank 3, transport 0
nid005005:91500:91500 [3] NCCL INFO Connected to proxy localRank 3 -> connection 0x14d6bc002b90
nid005001:51257:51336 [4] NCCL INFO New proxy recv connection 51 from local rank 4, transport 0
nid005001:51257:51257 [4] NCCL INFO Connected to proxy localRank 4 -> connection 0x152e7c002c08
nid005001:51260:51260 [5] NCCL INFO Connected to proxy localRank 5 -> connection 0x14e7ec002cf8
nid005005:91505:91588 [2] NCCL INFO New proxy recv connection 54 from local rank 2, transport 0
nid005005:91505:91505 [2] NCCL INFO Connected to proxy localRank 2 -> connection 0x14d078002d70
nid005005:91504:91504 [0] NCCL INFO GPU Direct RDMA Disabled for GPU c1000 / HCA 0 (distance 6 > 0)
nid005005:91502:91502 [6] NCCL INFO Channel 03/2 : 14[d9000] -> 8[c1000] via P2P/IPC comm 0x561f3491e030 nRanks 16
nid005005:91502:91587 [6] NCCL INFO New proxy send connection 48 from local rank 6, transport 0
nid005005:91504:91591 [0] NCCL INFO New proxy recv connection 44 from local rank 0, transport 2
nid005005:91504:91504 [0] NCCL INFO Connected to proxy localRank 0 -> connection 0x14dcfc0028c0
nid005005:91502:91502 [6] NCCL INFO Connected to proxy localRank 6 -> connection 0x145b34002aa0
nid005005:91504:91504 [0] NCCL INFO Channel 01/2 : 0[c1000] -> 8[c1000] [receive] via NET/Libfabric/0 comm 0x55e0518f3280 nRanks 16
nid005005:91504:91504 [0] NCCL INFO GPU Direct RDMA Disabled for GPU c1000 / HCA 0 (distance 6 > 0)
nid005005:91504:91591 [0] NCCL INFO New proxy recv connection 45 from local rank 0, transport 2
nid005005:91504:91504 [0] NCCL INFO Connected to proxy localRank 0 -> connection 0x14dcfc002938
nid005005:91501:91501 [4] NCCL INFO Channel 10/2 : 12[d1000] -> 10[c9000] via P2P/IPC comm 0x55e4108ea9c0 nRanks 16
nid005005:91501:91589 [4] NCCL INFO New proxy send connection 54 from local rank 4, transport 0
nid005005:91501:91501 [4] NCCL INFO Connected to proxy localRank 4 -> connection 0x14d8a8002d70
nid005005:91504:91504 [0] NCCL INFO Channel 05/2 : 0[c1000] -> 8[c1000] [receive] via NET/Libfabric/0 comm 0x55e0518f3280 nRanks 16
nid005005:91504:91504 [0] NCCL INFO GPU Direct RDMA Disabled for GPU c1000 / HCA 0 (distance 6 > 0)
nid005005:91504:91591 [0] NCCL INFO New proxy recv connection 46 from local rank 0, transport 2
nid005005:91504:91504 [0] NCCL INFO Connected to proxy localRank 0 -> connection 0x14dcfc0029b0
nid005005:91504:91504 [0] NCCL INFO Channel 09/2 : 0[c1000] -> 8[c1000] [receive] via NET/Libfabric/0 comm 0x55e0518f3280 nRanks 16
nid005005:91504:91504 [0] NCCL INFO GPU Direct RDMA Disabled for GPU c1000 / HCA 0 (distance 6 > 0)
nid005005:91504:91591 [0] NCCL INFO New proxy recv connection 47 from local rank 0, transport 2
nid005005:91504:91504 [0] NCCL INFO Connected to proxy localRank 0 -> connection 0x14dcfc002a28
nid005005:91504:91504 [0] NCCL INFO Channel 13/2 : 0[c1000] -> 8[c1000] [receive] via NET/Libfabric/0 comm 0x55e0518f3280 nRanks 16
nid005005:91504:91504 [0] NCCL INFO GPU Direct RDMA Disabled for GPU c1000 / HCA 0 (distance 6 > 0)
nid005005:91504:91591 [0] NCCL INFO New proxy send connection 48 from local rank 0, transport 2
nid005005:91504:91504 [0] NCCL INFO Connected to proxy localRank 0 -> connection 0x14dcfc002aa0
nid005005:91504:91504 [0] NCCL INFO Channel 00/2 : 8[c1000] -> 0[c1000] [send] via NET/Libfabric/0 comm 0x55e0518f3280 nRanks 16
nid005005:91504:91504 [0] NCCL INFO GPU Direct RDMA Disabled for GPU c1000 / HCA 0 (distance 6 > 0)
nid005005:91504:91591 [0] NCCL INFO New proxy send connection 49 from local rank 0, transport 2
nid005005:91504:91504 [0] NCCL INFO Connected to proxy localRank 0 -> connection 0x14dcfc002b18
nid005005:91504:91504 [0] NCCL INFO Channel 04/2 : 8[c1000] -> 0[c1000] [send] via NET/Libfabric/0 comm 0x55e0518f3280 nRanks 16
nid005005:91504:91504 [0] NCCL INFO GPU Direct RDMA Disabled for GPU c1000 / HCA 0 (distance 6 > 0)
nid005005:91504:91591 [0] NCCL INFO New proxy send connection 50 from local rank 0, transport 2
nid005005:91504:91504 [0] NCCL INFO Connected to proxy localRank 0 -> connection 0x14dcfc002b90
nid005005:91504:91504 [0] NCCL INFO Channel 08/2 : 8[c1000] -> 0[c1000] [send] via NET/Libfabric/0 comm 0x55e0518f3280 nRanks 16
nid005005:91504:91504 [0] NCCL INFO GPU Direct RDMA Disabled for GPU c1000 / HCA 0 (distance 6 > 0)
nid005005:91504:91591 [0] NCCL INFO New proxy send connection 51 from local rank 0, transport 2
nid005005:91504:91504 [0] NCCL INFO Connected to proxy localRank 0 -> connection 0x14dcfc002c08
nid005005:91504:91504 [0] NCCL INFO Channel 12/2 : 8[c1000] -> 0[c1000] [send] via NET/Libfabric/0 comm 0x55e0518f3280 nRanks 16
nid005005:91506:91506 [7] NCCL INFO Channel 09/2 : 15[de000] -> 11[ce000] via P2P/IPC comm 0x5596d7683540 nRanks 16
nid005005:91506:91584 [7] NCCL INFO New proxy send connection 54 from local rank 7, transport 0
nid005005:91506:91506 [7] NCCL INFO Connected to proxy localRank 7 -> connection 0x145a8c002d70
nid005001:51256:51340 [3] NCCL INFO New proxy recv connection 51 from local rank 3, transport 0
nid005001:51256:51256 [3] NCCL INFO Connected to proxy localRank 3 -> connection 0x14c694002c08
nid005005:91503:91503 [5] NCCL INFO Channel 08/2 : 13[d6000] -> 9[c6000] via P2P/IPC comm 0x55ca05633170 nRanks 16
nid005005:91503:91585 [5] NCCL INFO New proxy send connection 54 from local rank 5, transport 0
nid005005:91503:91503 [5] NCCL INFO Connected to proxy localRank 5 -> connection 0x14cb58002d70
nid005005:91499:91590 [1] NCCL INFO New proxy recv connection 50 from local rank 1, transport 0
nid005005:91499:91499 [1] NCCL INFO Connected to proxy localRank 1 -> connection 0x150fec002b90
nid005001:51255:51337 [2] NCCL INFO New proxy recv connection 55 from local rank 2, transport 0
nid005001:51255:51255 [2] NCCL INFO Connected to proxy localRank 2 -> connection 0x147c84002de8
nid005001:51254:51254 [0] NCCL INFO GPU Direct RDMA Disabled for GPU c1000 / HCA 0 (distance 6 > 0)
nid005001:51258:51258 [6] NCCL INFO Channel 02/2 : 6[d9000] -> 0[c1000] via P2P/IPC comm 0x559d73d29040 nRanks 16
nid005001:51254:51348 [0] NCCL INFO New proxy recv connection 44 from local rank 0, transport 2
nid005001:51254:51254 [0] NCCL INFO Connected to proxy localRank 0 -> connection 0x147a400028c0
nid005001:51258:51335 [6] NCCL INFO New proxy send connection 48 from local rank 6, transport 0
nid005001:51258:51258 [6] NCCL INFO Connected to proxy localRank 6 -> connection 0x14a9e0002aa0
nid005001:51254:51254 [0] NCCL INFO Channel 00/2 : 8[c1000] -> 0[c1000] [receive] via NET/Libfabric/0 comm 0x55bd836e47a0 nRanks 16
nid005001:51254:51254 [0] NCCL INFO GPU Direct RDMA Disabled for GPU c1000 / HCA 0 (distance 6 > 0)
nid005001:51254:51348 [0] NCCL INFO New proxy recv connection 45 from local rank 0, transport 2
nid005001:51254:51254 [0] NCCL INFO Connected to proxy localRank 0 -> connection 0x147a40002938
nid005001:51254:51254 [0] NCCL INFO Channel 04/2 : 8[c1000] -> 0[c1000] [receive] via NET/Libfabric/0 comm 0x55bd836e47a0 nRanks 16
nid005001:51254:51254 [0] NCCL INFO GPU Direct RDMA Disabled for GPU c1000 / HCA 0 (distance 6 > 0)
nid005001:51254:51348 [0] NCCL INFO New proxy recv connection 46 from local rank 0, transport 2
nid005001:51254:51254 [0] NCCL INFO Connected to proxy localRank 0 -> connection 0x147a400029b0
nid005001:51254:51254 [0] NCCL INFO Channel 08/2 : 8[c1000] -> 0[c1000] [receive] via NET/Libfabric/0 comm 0x55bd836e47a0 nRanks 16
nid005001:51254:51254 [0] NCCL INFO GPU Direct RDMA Disabled for GPU c1000 / HCA 0 (distance 6 > 0)
nid005001:51253:51347 [1] NCCL INFO New proxy recv connection 50 from local rank 1, transport 0
nid005001:51254:51348 [0] NCCL INFO New proxy recv connection 47 from local rank 0, transport 2
nid005001:51254:51254 [0] NCCL INFO Connected to proxy localRank 0 -> connection 0x147a40002a28
nid005001:51253:51253 [1] NCCL INFO Connected to proxy localRank 1 -> connection 0x149e84002b90
nid005001:51257:51257 [4] NCCL INFO Channel 03/2 : 4[d1000] -> 2[c9000] via P2P/IPC comm 0x556f08767700 nRanks 16
nid005001:51257:51336 [4] NCCL INFO New proxy send connection 52 from local rank 4, transport 0
nid005001:51259:51259 [7] NCCL INFO Channel 08/2 : 7[de000] -> 3[ce000] via P2P/IPC comm 0x55cec4cea9e0 nRanks 16
nid005001:51257:51257 [4] NCCL INFO Connected to proxy localRank 4 -> connection 0x152e7c002c80
nid005001:51259:51338 [7] NCCL INFO New proxy send connection 54 from local rank 7, transport 0
nid005001:51259:51259 [7] NCCL INFO Connected to proxy localRank 7 -> connection 0x1453ac002d70
nid005001:51254:51254 [0] NCCL INFO Channel 12/2 : 8[c1000] -> 0[c1000] [receive] via NET/Libfabric/0 comm 0x55bd836e47a0 nRanks 16
nid005001:51254:51254 [0] NCCL INFO GPU Direct RDMA Disabled for GPU c1000 / HCA 0 (distance 6 > 0)
nid005001:51254:51348 [0] NCCL INFO New proxy send connection 48 from local rank 0, transport 2
nid005001:51254:51254 [0] NCCL INFO Connected to proxy localRank 0 -> connection 0x147a40002aa0
nid005001:51254:51254 [0] NCCL INFO Channel 01/2 : 0[c1000] -> 8[c1000] [send] via NET/Libfabric/0 comm 0x55bd836e47a0 nRanks 16
nid005001:51254:51254 [0] NCCL INFO GPU Direct RDMA Disabled for GPU c1000 / HCA 0 (distance 6 > 0)
nid005005:91500:91586 [3] NCCL INFO New proxy recv connection 51 from local rank 3, transport 0
nid005001:51254:51348 [0] NCCL INFO New proxy send connection 49 from local rank 0, transport 2
nid005001:51254:51254 [0] NCCL INFO Connected to proxy localRank 0 -> connection 0x147a40002b18
nid005005:91500:91500 [3] NCCL INFO Connected to proxy localRank 3 -> connection 0x14d6bc002c08
nid005001:51254:51254 [0] NCCL INFO Channel 05/2 : 0[c1000] -> 8[c1000] [send] via NET/Libfabric/0 comm 0x55bd836e47a0 nRanks 16
nid005001:51254:51254 [0] NCCL INFO GPU Direct RDMA Disabled for GPU c1000 / HCA 0 (distance 6 > 0)
nid005001:51254:51348 [0] NCCL INFO New proxy send connection 50 from local rank 0, transport 2
nid005001:51254:51254 [0] NCCL INFO Connected to proxy localRank 0 -> connection 0x147a40002b90
nid005001:51254:51254 [0] NCCL INFO Channel 09/2 : 0[c1000] -> 8[c1000] [send] via NET/Libfabric/0 comm 0x55bd836e47a0 nRanks 16
nid005001:51254:51254 [0] NCCL INFO GPU Direct RDMA Disabled for GPU c1000 / HCA 0 (distance 6 > 0)
nid005001:51254:51348 [0] NCCL INFO New proxy send connection 51 from local rank 0, transport 2
nid005001:51254:51254 [0] NCCL INFO Connected to proxy localRank 0 -> connection 0x147a40002c08
nid005001:51254:51254 [0] NCCL INFO Channel 13/2 : 0[c1000] -> 8[c1000] [send] via NET/Libfabric/0 comm 0x55bd836e47a0 nRanks 16
nid005001:51254:51348 [0] NCCL INFO New proxy recv connection 52 from local rank 0, transport 0
nid005001:51254:51254 [0] NCCL INFO Connected to proxy localRank 0 -> connection 0x147a40002c80
nid005005:91504:91591 [0] NCCL INFO New proxy recv connection 52 from local rank 0, transport 0
nid005005:91504:91504 [0] NCCL INFO Connected to proxy localRank 0 -> connection 0x14dcfc002c80
nid005005:91501:91501 [4] NCCL INFO Channel 14/2 : 12[d1000] -> 10[c9000] via P2P/IPC comm 0x55e4108ea9c0 nRanks 16
nid005005:91501:91589 [4] NCCL INFO New proxy send connection 55 from local rank 4, transport 0
nid005005:91501:91501 [4] NCCL INFO Connected to proxy localRank 4 -> connection 0x14d8a8002de8
nid005001:51260:51260 [5] NCCL INFO Channel 09/2 : 5[d6000] -> 1[c6000] via P2P/IPC comm 0x563c5568fc70 nRanks 16
nid005001:51260:51339 [5] NCCL INFO New proxy send connection 54 from local rank 5, transport 0
nid005001:51260:51260 [5] NCCL INFO Connected to proxy localRank 5 -> connection 0x14e7ec002d70
nid005005:91505:91588 [2] NCCL INFO New proxy recv connection 55 from local rank 2, transport 0
nid005005:91505:91505 [2] NCCL INFO Connected to proxy localRank 2 -> connection 0x14d078002de8
nid005005:91503:91503 [5] NCCL INFO Channel 12/2 : 13[d6000] -> 9[c6000] via P2P/IPC comm 0x55ca05633170 nRanks 16
nid005005:91503:91585 [5] NCCL INFO New proxy send connection 55 from local rank 5, transport 0
nid005005:91503:91503 [5] NCCL INFO Connected to proxy localRank 5 -> connection 0x14cb58002de8
nid005005:91502:91502 [6] NCCL INFO Channel 07/2 : 14[d9000] -> 8[c1000] via P2P/IPC comm 0x561f3491e030 nRanks 16
nid005005:91502:91587 [6] NCCL INFO New proxy send connection 49 from local rank 6, transport 0
nid005005:91502:91502 [6] NCCL INFO Connected to proxy localRank 6 -> connection 0x145b34002b18
nid005005:91506:91506 [7] NCCL INFO Channel 13/2 : 15[de000] -> 11[ce000] via P2P/IPC comm 0x5596d7683540 nRanks 16
nid005005:91506:91584 [7] NCCL INFO New proxy send connection 55 from local rank 7, transport 0
nid005005:91506:91506 [7] NCCL INFO Connected to proxy localRank 7 -> connection 0x145a8c002de8
nid005001:51258:51258 [6] NCCL INFO Channel 06/2 : 6[d9000] -> 0[c1000] via P2P/IPC comm 0x559d73d29040 nRanks 16
nid005001:51258:51335 [6] NCCL INFO New proxy send connection 49 from local rank 6, transport 0
nid005001:51258:51258 [6] NCCL INFO Connected to proxy localRank 6 -> connection 0x14a9e0002b18
nid005001:51257:51257 [4] NCCL INFO Channel 07/2 : 4[d1000] -> 2[c9000] via P2P/IPC comm 0x556f08767700 nRanks 16
nid005001:51257:51336 [4] NCCL INFO New proxy send connection 53 from local rank 4, transport 0
nid005001:51257:51257 [4] NCCL INFO Connected to proxy localRank 4 -> connection 0x152e7c002cf8
nid005005:91499:91590 [1] NCCL INFO New proxy recv connection 51 from local rank 1, transport 0
nid005005:91499:91499 [1] NCCL INFO Connected to proxy localRank 1 -> connection 0x150fec002c08
nid005001:51254:51348 [0] NCCL INFO New proxy recv connection 53 from local rank 0, transport 0
nid005001:51254:51254 [0] NCCL INFO Connected to proxy localRank 0 -> connection 0x147a40002cf8
nid005001:51259:51259 [7] NCCL INFO Channel 12/2 : 7[de000] -> 3[ce000] via P2P/IPC comm 0x55cec4cea9e0 nRanks 16
nid005001:51259:51338 [7] NCCL INFO New proxy send connection 55 from local rank 7, transport 0
nid005001:51259:51259 [7] NCCL INFO Connected to proxy localRank 7 -> connection 0x1453ac002de8
nid005001:51253:51347 [1] NCCL INFO New proxy recv connection 51 from local rank 1, transport 0
nid005001:51253:51253 [1] NCCL INFO Connected to proxy localRank 1 -> connection 0x149e84002c08
nid005005:91504:91591 [0] NCCL INFO New proxy recv connection 53 from local rank 0, transport 0
nid005005:91504:91504 [0] NCCL INFO Connected to proxy localRank 0 -> connection 0x14dcfc002cf8
nid005001:51260:51260 [5] NCCL INFO Channel 13/2 : 5[d6000] -> 1[c6000] via P2P/IPC comm 0x563c5568fc70 nRanks 16
nid005001:51260:51339 [5] NCCL INFO New proxy send connection 55 from local rank 5, transport 0
nid005001:51260:51260 [5] NCCL INFO Connected to proxy localRank 5 -> connection 0x14e7ec002de8
nid005001:51258:51258 [6] NCCL INFO Channel 10/2 : 6[d9000] -> 0[c1000] via P2P/IPC comm 0x559d73d29040 nRanks 16
nid005001:51258:51335 [6] NCCL INFO New proxy send connection 50 from local rank 6, transport 0
nid005001:51258:51258 [6] NCCL INFO Connected to proxy localRank 6 -> connection 0x14a9e0002b90
nid005005:91500:91500 [3] NCCL INFO Channel 02/2 : 11[ce000] -> 9[c6000] via P2P/IPC comm 0x555b968350e0 nRanks 16
nid005005:91506:91506 [7] NCCL INFO Channel 00/2 : 15[de000] -> 14[d9000] via P2P/IPC comm 0x5596d7683540 nRanks 16
nid005005:91506:91584 [7] NCCL INFO New proxy send connection 56 from local rank 7, transport 0
nid005005:91500:91586 [3] NCCL INFO New proxy send connection 52 from local rank 3, transport 0
nid005005:91500:91500 [3] NCCL INFO Connected to proxy localRank 3 -> connection 0x14d6bc002c80
nid005005:91505:91588 [2] NCCL INFO New proxy recv connection 56 from local rank 2, transport 0
nid005005:91505:91505 [2] NCCL INFO Connected to proxy localRank 2 -> connection 0x14d078002e60
nid005005:91506:91506 [7] NCCL INFO Connected to proxy localRank 7 -> connection 0x145a8c002e60
nid005001:51257:51257 [4] NCCL INFO Channel 11/2 : 4[d1000] -> 2[c9000] via P2P/IPC comm 0x556f08767700 nRanks 16
nid005001:51257:51336 [4] NCCL INFO New proxy send connection 54 from local rank 4, transport 0
nid005001:51257:51257 [4] NCCL INFO Connected to proxy localRank 4 -> connection 0x152e7c002d70
nid005005:91502:91502 [6] NCCL INFO Channel 11/2 : 14[d9000] -> 8[c1000] via P2P/IPC comm 0x561f3491e030 nRanks 16
nid005005:91502:91587 [6] NCCL INFO New proxy send connection 50 from local rank 6, transport 0
nid005005:91502:91502 [6] NCCL INFO Connected to proxy localRank 6 -> connection 0x145b34002b90
nid005001:51254:51348 [0] NCCL INFO New proxy recv connection 54 from local rank 0, transport 0
nid005001:51254:51254 [0] NCCL INFO Connected to proxy localRank 0 -> connection 0x147a40002d70
nid005005:91503:91503 [5] NCCL INFO Channel 01/2 : 13[d6000] -> 12[d1000] via P2P/IPC comm 0x55ca05633170 nRanks 16
nid005005:91503:91585 [5] NCCL INFO New proxy send connection 56 from local rank 5, transport 0
nid005005:91499:91590 [1] NCCL INFO New proxy recv connection 52 from local rank 1, transport 0
nid005005:91499:91499 [1] NCCL INFO Connected to proxy localRank 1 -> connection 0x150fec002c80
nid005005:91503:91503 [5] NCCL INFO Connected to proxy localRank 5 -> connection 0x14cb58002e60
nid005005:91504:91591 [0] NCCL INFO New proxy recv connection 54 from local rank 0, transport 0
nid005005:91504:91504 [0] NCCL INFO Connected to proxy localRank 0 -> connection 0x14dcfc002d70
nid005001:51259:51259 [7] NCCL INFO Channel 01/2 : 7[de000] -> 6[d9000] via P2P/IPC comm 0x55cec4cea9e0 nRanks 16
nid005001:51256:51256 [3] NCCL INFO Channel 03/2 : 3[ce000] -> 1[c6000] via P2P/IPC comm 0x55d595467d90 nRanks 16
nid005001:51256:51340 [3] NCCL INFO New proxy send connection 52 from local rank 3, transport 0
nid005001:51259:51338 [7] NCCL INFO New proxy send connection 56 from local rank 7, transport 0
nid005001:51259:51259 [7] NCCL INFO Connected to proxy localRank 7 -> connection 0x1453ac002e60
nid005001:51256:51256 [3] NCCL INFO Connected to proxy localRank 3 -> connection 0x14c694002c80
nid005001:51260:51260 [5] NCCL INFO Channel 00/2 : 5[d6000] -> 4[d1000] via P2P/IPC comm 0x563c5568fc70 nRanks 16
nid005001:51260:51339 [5] NCCL INFO New proxy send connection 56 from local rank 5, transport 0
nid005001:51260:51260 [5] NCCL INFO Connected to proxy localRank 5 -> connection 0x14e7ec002e60
nid005001:51253:51347 [1] NCCL INFO New proxy recv connection 52 from local rank 1, transport 0
nid005001:51253:51253 [1] NCCL INFO Connected to proxy localRank 1 -> connection 0x149e84002c80
nid005001:51258:51258 [6] NCCL INFO Channel 14/2 : 6[d9000] -> 0[c1000] via P2P/IPC comm 0x559d73d29040 nRanks 16
nid005001:51258:51335 [6] NCCL INFO New proxy send connection 51 from local rank 6, transport 0
nid005001:51258:51258 [6] NCCL INFO Connected to proxy localRank 6 -> connection 0x14a9e0002c08
nid005005:91500:91500 [3] NCCL INFO Channel 06/2 : 11[ce000] -> 9[c6000] via P2P/IPC comm 0x555b968350e0 nRanks 16
nid005005:91500:91586 [3] NCCL INFO New proxy send connection 53 from local rank 3, transport 0
nid005005:91500:91500 [3] NCCL INFO Connected to proxy localRank 3 -> connection 0x14d6bc002cf8
nid005005:91506:91506 [7] NCCL INFO Channel 03/2 : 15[de000] -> 14[d9000] via P2P/IPC comm 0x5596d7683540 nRanks 16
nid005005:91506:91584 [7] NCCL INFO New proxy send connection 57 from local rank 7, transport 0
nid005005:91506:91506 [7] NCCL INFO Connected to proxy localRank 7 -> connection 0x145a8c002ed8
nid005001:51257:51257 [4] NCCL INFO Channel 15/2 : 4[d1000] -> 2[c9000] via P2P/IPC comm 0x556f08767700 nRanks 16
nid005001:51257:51336 [4] NCCL INFO New proxy send connection 55 from local rank 4, transport 0
nid005001:51257:51257 [4] NCCL INFO Connected to proxy localRank 4 -> connection 0x152e7c002de8
nid005001:51254:51348 [0] NCCL INFO New proxy recv connection 55 from local rank 0, transport 0
nid005001:51254:51254 [0] NCCL INFO Connected to proxy localRank 0 -> connection 0x147a40002de8
nid005005:91505:91588 [2] NCCL INFO New proxy recv connection 57 from local rank 2, transport 0
nid005005:91505:91505 [2] NCCL INFO Connected to proxy localRank 2 -> connection 0x14d078002ed8
nid005005:91503:91503 [5] NCCL INFO Channel 02/2 : 13[d6000] -> 12[d1000] via P2P/IPC comm 0x55ca05633170 nRanks 16
nid005005:91503:91585 [5] NCCL INFO New proxy send connection 57 from local rank 5, transport 0
nid005005:91503:91503 [5] NCCL INFO Connected to proxy localRank 5 -> connection 0x14cb58002ed8
nid005005:91502:91502 [6] NCCL INFO Channel 15/2 : 14[d9000] -> 8[c1000] via P2P/IPC comm 0x561f3491e030 nRanks 16
nid005005:91502:91587 [6] NCCL INFO New proxy send connection 51 from local rank 6, transport 0
nid005005:91502:91502 [6] NCCL INFO Connected to proxy localRank 6 -> connection 0x145b34002c08
nid005005:91504:91591 [0] NCCL INFO New proxy recv connection 55 from local rank 0, transport 0
nid005005:91504:91504 [0] NCCL INFO Connected to proxy localRank 0 -> connection 0x14dcfc002de8
nid005001:51260:51260 [5] NCCL INFO Channel 03/2 : 5[d6000] -> 4[d1000] via P2P/IPC comm 0x563c5568fc70 nRanks 16
nid005001:51256:51256 [3] NCCL INFO Channel 07/2 : 3[ce000] -> 1[c6000] via P2P/IPC comm 0x55d595467d90 nRanks 16
nid005001:51260:51339 [5] NCCL INFO New proxy send connection 57 from local rank 5, transport 0
nid005001:51260:51260 [5] NCCL INFO Connected to proxy localRank 5 -> connection 0x14e7ec002ed8
nid005001:51256:51340 [3] NCCL INFO New proxy send connection 53 from local rank 3, transport 0
nid005001:51256:51256 [3] NCCL INFO Connected to proxy localRank 3 -> connection 0x14c694002cf8
nid005005:91499:91590 [1] NCCL INFO New proxy recv connection 53 from local rank 1, transport 0
nid005005:91499:91499 [1] NCCL INFO Connected to proxy localRank 1 -> connection 0x150fec002cf8
nid005005:91500:91500 [3] NCCL INFO Channel 10/2 : 11[ce000] -> 9[c6000] via P2P/IPC comm 0x555b968350e0 nRanks 16
nid005005:91500:91586 [3] NCCL INFO New proxy send connection 54 from local rank 3, transport 0
nid005005:91500:91500 [3] NCCL INFO Connected to proxy localRank 3 -> connection 0x14d6bc002d70
nid005005:91506:91506 [7] NCCL INFO Channel 04/2 : 15[de000] -> 14[d9000] via P2P/IPC comm 0x5596d7683540 nRanks 16
nid005005:91506:91584 [7] NCCL INFO New proxy send connection 58 from local rank 7, transport 0
nid005001:51255:51337 [2] NCCL INFO New proxy recv connection 56 from local rank 2, transport 0
nid005001:51255:51255 [2] NCCL INFO Connected to proxy localRank 2 -> connection 0x147c84002e60
nid005001:51259:51259 [7] NCCL INFO Channel 02/2 : 7[de000] -> 6[d9000] via P2P/IPC comm 0x55cec4cea9e0 nRanks 16
nid005005:91506:91506 [7] NCCL INFO Connected to proxy localRank 7 -> connection 0x145a8c002f50
nid005001:51259:51338 [7] NCCL INFO New proxy send connection 57 from local rank 7, transport 0
nid005001:51259:51259 [7] NCCL INFO Connected to proxy localRank 7 -> connection 0x1453ac002ed8
nid005001:51253:51347 [1] NCCL INFO New proxy recv connection 53 from local rank 1, transport 0
nid005001:51253:51253 [1] NCCL INFO Connected to proxy localRank 1 -> connection 0x149e84002cf8
nid005005:91503:91503 [5] NCCL INFO Channel 05/2 : 13[d6000] -> 12[d1000] via P2P/IPC comm 0x55ca05633170 nRanks 16
nid005005:91503:91585 [5] NCCL INFO New proxy send connection 58 from local rank 5, transport 0
nid005005:91503:91503 [5] NCCL INFO Connected to proxy localRank 5 -> connection 0x14cb58002f50
nid005005:91505:91588 [2] NCCL INFO New proxy recv connection 58 from local rank 2, transport 0
nid005005:91505:91505 [2] NCCL INFO Connected to proxy localRank 2 -> connection 0x14d078002f50
nid005001:51256:51256 [3] NCCL INFO Channel 11/2 : 3[ce000] -> 1[c6000] via P2P/IPC comm 0x55d595467d90 nRanks 16
nid005001:51256:51340 [3] NCCL INFO New proxy send connection 54 from local rank 3, transport 0
nid005001:51256:51256 [3] NCCL INFO Connected to proxy localRank 3 -> connection 0x14c694002d70
nid005005:91504:91591 [0] NCCL INFO New proxy recv connection 56 from local rank 0, transport 0
nid005005:91504:91504 [0] NCCL INFO Connected to proxy localRank 0 -> connection 0x14dcfc002e60
nid005005:91502:91502 [6] NCCL INFO Channel 00/2 : 14[d9000] -> 12[d1000] via P2P/IPC comm 0x561f3491e030 nRanks 16
nid005005:91502:91587 [6] NCCL INFO New proxy send connection 52 from local rank 6, transport 0
nid005001:51260:51260 [5] NCCL INFO Channel 04/2 : 5[d6000] -> 4[d1000] via P2P/IPC comm 0x563c5568fc70 nRanks 16
nid005001:51260:51339 [5] NCCL INFO New proxy send connection 58 from local rank 5, transport 0
nid005001:51260:51260 [5] NCCL INFO Connected to proxy localRank 5 -> connection 0x14e7ec002f50
nid005005:91502:91502 [6] NCCL INFO Connected to proxy localRank 6 -> connection 0x145b34002c80
nid005005:91500:91500 [3] NCCL INFO Channel 14/2 : 11[ce000] -> 9[c6000] via P2P/IPC comm 0x555b968350e0 nRanks 16
nid005005:91500:91586 [3] NCCL INFO New proxy send connection 55 from local rank 3, transport 0
nid005005:91500:91500 [3] NCCL INFO Connected to proxy localRank 3 -> connection 0x14d6bc002de8
nid005005:91506:91506 [7] NCCL INFO Channel 07/2 : 15[de000] -> 14[d9000] via P2P/IPC comm 0x5596d7683540 nRanks 16
nid005005:91506:91584 [7] NCCL INFO New proxy send connection 59 from local rank 7, transport 0
nid005005:91506:91506 [7] NCCL INFO Connected to proxy localRank 7 -> connection 0x145a8c002fc8
nid005005:91499:91590 [1] NCCL INFO New proxy recv connection 54 from local rank 1, transport 0
nid005005:91499:91499 [1] NCCL INFO Connected to proxy localRank 1 -> connection 0x150fec002d70
nid005001:51255:51337 [2] NCCL INFO New proxy recv connection 57 from local rank 2, transport 0
nid005001:51255:51255 [2] NCCL INFO Connected to proxy localRank 2 -> connection 0x147c84002ed8
nid005001:51259:51259 [7] NCCL INFO Channel 05/2 : 7[de000] -> 6[d9000] via P2P/IPC comm 0x55cec4cea9e0 nRanks 16
nid005005:91503:91503 [5] NCCL INFO Channel 06/2 : 13[d6000] -> 12[d1000] via P2P/IPC comm 0x55ca05633170 nRanks 16
nid005001:51259:51338 [7] NCCL INFO New proxy send connection 58 from local rank 7, transport 0
nid005001:51259:51259 [7] NCCL INFO Connected to proxy localRank 7 -> connection 0x1453ac002f50
nid005005:91503:91585 [5] NCCL INFO New proxy send connection 59 from local rank 5, transport 0
nid005005:91503:91503 [5] NCCL INFO Connected to proxy localRank 5 -> connection 0x14cb58002fc8
nid005001:51253:51347 [1] NCCL INFO New proxy recv connection 54 from local rank 1, transport 0
nid005001:51254:51348 [0] NCCL INFO New proxy recv connection 56 from local rank 0, transport 0
nid005001:51254:51254 [0] NCCL INFO Connected to proxy localRank 0 -> connection 0x147a40002e60
nid005001:51253:51253 [1] NCCL INFO Connected to proxy localRank 1 -> connection 0x149e84002d70
nid005001:51256:51256 [3] NCCL INFO Channel 15/2 : 3[ce000] -> 1[c6000] via P2P/IPC comm 0x55d595467d90 nRanks 16
nid005001:51256:51340 [3] NCCL INFO New proxy send connection 55 from local rank 3, transport 0
nid005001:51256:51256 [3] NCCL INFO Connected to proxy localRank 3 -> connection 0x14c694002de8
nid005005:91504:91591 [0] NCCL INFO New proxy recv connection 57 from local rank 0, transport 0
nid005005:91504:91504 [0] NCCL INFO Connected to proxy localRank 0 -> connection 0x14dcfc002ed8
nid005005:91505:91588 [2] NCCL INFO New proxy recv connection 59 from local rank 2, transport 0
nid005005:91505:91505 [2] NCCL INFO Connected to proxy localRank 2 -> connection 0x14d078002fc8
nid005005:91506:91506 [7] NCCL INFO Channel 08/2 : 15[de000] -> 14[d9000] via P2P/IPC comm 0x5596d7683540 nRanks 16
nid005005:91506:91584 [7] NCCL INFO New proxy send connection 60 from local rank 7, transport 0
nid005005:91506:91506 [7] NCCL INFO Connected to proxy localRank 7 -> connection 0x145a8c003040
nid005005:91503:91503 [5] NCCL INFO Channel 09/2 : 13[d6000] -> 12[d1000] via P2P/IPC comm 0x55ca05633170 nRanks 16
nid005001:51260:51260 [5] NCCL INFO Channel 07/2 : 5[d6000] -> 4[d1000] via P2P/IPC comm 0x563c5568fc70 nRanks 16
nid005005:91503:91585 [5] NCCL INFO New proxy send connection 60 from local rank 5, transport 0
nid005005:91503:91503 [5] NCCL INFO Connected to proxy localRank 5 -> connection 0x14cb58003040
nid005001:51258:51258 [6] NCCL INFO Channel 01/2 : 6[d9000] -> 4[d1000] via P2P/IPC comm 0x559d73d29040 nRanks 16
nid005001:51260:51339 [5] NCCL INFO New proxy send connection 59 from local rank 5, transport 0
nid005001:51260:51260 [5] NCCL INFO Connected to proxy localRank 5 -> connection 0x14e7ec002fc8
nid005001:51258:51335 [6] NCCL INFO New proxy send connection 52 from local rank 6, transport 0
nid005001:51258:51258 [6] NCCL INFO Connected to proxy localRank 6 -> connection 0x14a9e0002c80
nid005005:91502:91502 [6] NCCL INFO Channel 04/2 : 14[d9000] -> 12[d1000] via P2P/IPC comm 0x561f3491e030 nRanks 16
nid005005:91502:91587 [6] NCCL INFO New proxy send connection 53 from local rank 6, transport 0
nid005005:91502:91502 [6] NCCL INFO Connected to proxy localRank 6 -> connection 0x145b34002cf8
nid005001:51259:51259 [7] NCCL INFO Channel 06/2 : 7[de000] -> 6[d9000] via P2P/IPC comm 0x55cec4cea9e0 nRanks 16
nid005001:51259:51338 [7] NCCL INFO New proxy send connection 59 from local rank 7, transport 0
nid005001:51259:51259 [7] NCCL INFO Connected to proxy localRank 7 -> connection 0x1453ac002fc8
nid005001:51255:51337 [2] NCCL INFO New proxy recv connection 58 from local rank 2, transport 0
nid005001:51254:51348 [0] NCCL INFO New proxy recv connection 57 from local rank 0, transport 0
nid005001:51254:51254 [0] NCCL INFO Connected to proxy localRank 0 -> connection 0x147a40002ed8
nid005001:51255:51255 [2] NCCL INFO Connected to proxy localRank 2 -> connection 0x147c84002f50
nid005005:91499:91590 [1] NCCL INFO New proxy recv connection 55 from local rank 1, transport 0
nid005005:91499:91499 [1] NCCL INFO Connected to proxy localRank 1 -> connection 0x150fec002de8
nid005001:51253:51347 [1] NCCL INFO New proxy recv connection 55 from local rank 1, transport 0
nid005001:51253:51253 [1] NCCL INFO Connected to proxy localRank 1 -> connection 0x149e84002de8
nid005005:91504:91591 [0] NCCL INFO New proxy recv connection 58 from local rank 0, transport 0
nid005005:91504:91504 [0] NCCL INFO Connected to proxy localRank 0 -> connection 0x14dcfc002f50
nid005005:91503:91503 [5] NCCL INFO Channel 10/2 : 13[d6000] -> 12[d1000] via P2P/IPC comm 0x55ca05633170 nRanks 16
nid005005:91503:91585 [5] NCCL INFO New proxy send connection 61 from local rank 5, transport 0
nid005005:91503:91503 [5] NCCL INFO Connected to proxy localRank 5 -> connection 0x14cb580030b8
nid005005:91506:91506 [7] NCCL INFO Channel 11/2 : 15[de000] -> 14[d9000] via P2P/IPC comm 0x5596d7683540 nRanks 16
nid005005:91506:91584 [7] NCCL INFO New proxy send connection 61 from local rank 7, transport 0
nid005005:91506:91506 [7] NCCL INFO Connected to proxy localRank 7 -> connection 0x145a8c0030b8
nid005005:91505:91588 [2] NCCL INFO New proxy recv connection 60 from local rank 2, transport 0
nid005005:91505:91505 [2] NCCL INFO Connected to proxy localRank 2 -> connection 0x14d078003040
nid005001:51258:51258 [6] NCCL INFO Channel 05/2 : 6[d9000] -> 4[d1000] via P2P/IPC comm 0x559d73d29040 nRanks 16
nid005001:51258:51335 [6] NCCL INFO New proxy send connection 53 from local rank 6, transport 0
nid005001:51258:51258 [6] NCCL INFO Connected to proxy localRank 6 -> connection 0x14a9e0002cf8
nid005001:51260:51260 [5] NCCL INFO Channel 08/2 : 5[d6000] -> 4[d1000] via P2P/IPC comm 0x563c5568fc70 nRanks 16
nid005001:51260:51339 [5] NCCL INFO New proxy send connection 60 from local rank 5, transport 0
nid005001:51260:51260 [5] NCCL INFO Connected to proxy localRank 5 -> connection 0x14e7ec003040
nid005001:51254:51348 [0] NCCL INFO New proxy recv connection 58 from local rank 0, transport 0
nid005001:51254:51254 [0] NCCL INFO Connected to proxy localRank 0 -> connection 0x147a40002f50
nid005005:91502:91502 [6] NCCL INFO Channel 08/2 : 14[d9000] -> 12[d1000] via P2P/IPC comm 0x561f3491e030 nRanks 16
nid005005:91502:91587 [6] NCCL INFO New proxy send connection 54 from local rank 6, transport 0
nid005005:91502:91502 [6] NCCL INFO Connected to proxy localRank 6 -> connection 0x145b34002d70
nid005001:51259:51259 [7] NCCL INFO Channel 09/2 : 7[de000] -> 6[d9000] via P2P/IPC comm 0x55cec4cea9e0 nRanks 16
nid005001:51259:51338 [7] NCCL INFO New proxy send connection 60 from local rank 7, transport 0
nid005001:51259:51259 [7] NCCL INFO Connected to proxy localRank 7 -> connection 0x1453ac003040
nid005001:51255:51337 [2] NCCL INFO New proxy recv connection 59 from local rank 2, transport 0
nid005001:51255:51255 [2] NCCL INFO Connected to proxy localRank 2 -> connection 0x147c84002fc8
nid005005:91500:91500 [3] NCCL INFO Channel 01/2 : 11[ce000] -> 10[c9000] via P2P/IPC comm 0x555b968350e0 nRanks 16
nid005005:91500:91586 [3] NCCL INFO New proxy send connection 56 from local rank 3, transport 0
nid005005:91499:91499 [1] NCCL INFO Channel 00/2 : 9[c6000] -> 8[c1000] via P2P/IPC comm 0x558da978c1c0 nRanks 16
nid005005:91499:91590 [1] NCCL INFO New proxy send connection 56 from local rank 1, transport 0
nid005005:91500:91500 [3] NCCL INFO Connected to proxy localRank 3 -> connection 0x14d6bc002e60
nid005005:91499:91499 [1] NCCL INFO Connected to proxy localRank 1 -> connection 0x150fec002e60
nid005005:91503:91503 [5] NCCL INFO Channel 13/2 : 13[d6000] -> 12[d1000] via P2P/IPC comm 0x55ca05633170 nRanks 16
nid005005:91503:91585 [5] NCCL INFO New proxy send connection 62 from local rank 5, transport 0
nid005005:91503:91503 [5] NCCL INFO Connected to proxy localRank 5 -> connection 0x14cb58003130
nid005005:91504:91591 [0] NCCL INFO New proxy recv connection 59 from local rank 0, transport 0
nid005005:91504:91504 [0] NCCL INFO Connected to proxy localRank 0 -> connection 0x14dcfc002fc8
nid005005:91506:91506 [7] NCCL INFO Channel 12/2 : 15[de000] -> 14[d9000] via P2P/IPC comm 0x5596d7683540 nRanks 16
nid005005:91506:91584 [7] NCCL INFO New proxy send connection 62 from local rank 7, transport 0
nid005005:91506:91506 [7] NCCL INFO Connected to proxy localRank 7 -> connection 0x145a8c003130
nid005001:51256:51256 [3] NCCL INFO Channel 00/2 : 3[ce000] -> 2[c9000] via P2P/IPC comm 0x55d595467d90 nRanks 16
nid005001:51256:51340 [3] NCCL INFO New proxy send connection 56 from local rank 3, transport 0
nid005001:51253:51253 [1] NCCL INFO Channel 01/2 : 1[c6000] -> 0[c1000] via P2P/IPC comm 0x555be8224af0 nRanks 16
nid005001:51253:51347 [1] NCCL INFO New proxy send connection 56 from local rank 1, transport 0
nid005001:51253:51253 [1] NCCL INFO Connected to proxy localRank 1 -> connection 0x149e84002e60
nid005001:51256:51256 [3] NCCL INFO Connected to proxy localRank 3 -> connection 0x14c694002e60
nid005001:51258:51258 [6] NCCL INFO Channel 09/2 : 6[d9000] -> 4[d1000] via P2P/IPC comm 0x559d73d29040 nRanks 16
nid005001:51258:51335 [6] NCCL INFO New proxy send connection 54 from local rank 6, transport 0
nid005001:51258:51258 [6] NCCL INFO Connected to proxy localRank 6 -> connection 0x14a9e0002d70
nid005001:51254:51348 [0] NCCL INFO New proxy recv connection 59 from local rank 0, transport 0
nid005001:51254:51254 [0] NCCL INFO Connected to proxy localRank 0 -> connection 0x147a40002fc8
nid005005:91505:91588 [2] NCCL INFO New proxy recv connection 61 from local rank 2, transport 0
nid005005:91505:91505 [2] NCCL INFO Connected to proxy localRank 2 -> connection 0x14d0780030b8
nid005001:51260:51260 [5] NCCL INFO Channel 11/2 : 5[d6000] -> 4[d1000] via P2P/IPC comm 0x563c5568fc70 nRanks 16
nid005001:51260:51339 [5] NCCL INFO New proxy send connection 61 from local rank 5, transport 0
nid005001:51260:51260 [5] NCCL INFO Connected to proxy localRank 5 -> connection 0x14e7ec0030b8
nid005005:91503:91503 [5] NCCL INFO Channel 14/2 : 13[d6000] -> 12[d1000] via P2P/IPC comm 0x55ca05633170 nRanks 16
nid005005:91503:91585 [5] NCCL INFO New proxy send connection 63 from local rank 5, transport 0
nid005005:91503:91503 [5] NCCL INFO Connected to proxy localRank 5 -> connection 0x14cb580031a8
nid005005:91502:91502 [6] NCCL INFO Channel 12/2 : 14[d9000] -> 12[d1000] via P2P/IPC comm 0x561f3491e030 nRanks 16
nid005005:91502:91587 [6] NCCL INFO New proxy send connection 55 from local rank 6, transport 0
nid005005:91502:91502 [6] NCCL INFO Connected to proxy localRank 6 -> connection 0x145b34002de8
nid005001:51259:51259 [7] NCCL INFO Channel 10/2 : 7[de000] -> 6[d9000] via P2P/IPC comm 0x55cec4cea9e0 nRanks 16
nid005001:51259:51338 [7] NCCL INFO New proxy send connection 61 from local rank 7, transport 0
nid005001:51259:51259 [7] NCCL INFO Connected to proxy localRank 7 -> connection 0x1453ac0030b8
nid005005:91500:91500 [3] NCCL INFO Channel 03/2 : 11[ce000] -> 10[c9000] via P2P/IPC comm 0x555b968350e0 nRanks 16
nid005005:91500:91586 [3] NCCL INFO New proxy send connection 57 from local rank 3, transport 0
nid005005:91500:91500 [3] NCCL INFO Connected to proxy localRank 3 -> connection 0x14d6bc002ed8
nid005001:51255:51337 [2] NCCL INFO New proxy recv connection 60 from local rank 2, transport 0
nid005001:51255:51255 [2] NCCL INFO Connected to proxy localRank 2 -> connection 0x147c84003040
nid005005:91504:91591 [0] NCCL INFO New proxy recv connection 60 from local rank 0, transport 0
nid005005:91504:91504 [0] NCCL INFO Connected to proxy localRank 0 -> connection 0x14dcfc003040
nid005005:91506:91506 [7] NCCL INFO Channel 15/2 : 15[de000] -> 14[d9000] via P2P/IPC comm 0x5596d7683540 nRanks 16
nid005005:91506:91584 [7] NCCL INFO New proxy send connection 63 from local rank 7, transport 0
nid005001:51256:51256 [3] NCCL INFO Channel 02/2 : 3[ce000] -> 2[c9000] via P2P/IPC comm 0x55d595467d90 nRanks 16
nid005001:51256:51340 [3] NCCL INFO New proxy send connection 57 from local rank 3, transport 0
nid005001:51256:51256 [3] NCCL INFO Connected to proxy localRank 3 -> connection 0x14c694002ed8
nid005005:91506:91506 [7] NCCL INFO Connected to proxy localRank 7 -> connection 0x145a8c0031a8
nid005005:91499:91499 [1] NCCL INFO Channel 02/2 : 9[c6000] -> 8[c1000] via P2P/IPC comm 0x558da978c1c0 nRanks 16
nid005005:91499:91590 [1] NCCL INFO New proxy send connection 57 from local rank 1, transport 0
nid005005:91499:91499 [1] NCCL INFO Connected to proxy localRank 1 -> connection 0x150fec002ed8
nid005001:51258:51258 [6] NCCL INFO Channel 13/2 : 6[d9000] -> 4[d1000] via P2P/IPC comm 0x559d73d29040 nRanks 16
nid005001:51258:51335 [6] NCCL INFO New proxy send connection 55 from local rank 6, transport 0
nid005001:51258:51258 [6] NCCL INFO Connected to proxy localRank 6 -> connection 0x14a9e0002de8
nid005001:51254:51348 [0] NCCL INFO New proxy recv connection 60 from local rank 0, transport 0
nid005001:51254:51254 [0] NCCL INFO Connected to proxy localRank 0 -> connection 0x147a40003040
nid005001:51253:51253 [1] NCCL INFO Channel 03/2 : 1[c6000] -> 0[c1000] via P2P/IPC comm 0x555be8224af0 nRanks 16
nid005001:51253:51347 [1] NCCL INFO New proxy send connection 57 from local rank 1, transport 0
nid005001:51253:51253 [1] NCCL INFO Connected to proxy localRank 1 -> connection 0x149e84002ed8
nid005005:91505:91588 [2] NCCL INFO New proxy recv connection 62 from local rank 2, transport 0
nid005005:91505:91505 [2] NCCL INFO Connected to proxy localRank 2 -> connection 0x14d078003130
nid005001:51260:51260 [5] NCCL INFO Channel 12/2 : 5[d6000] -> 4[d1000] via P2P/IPC comm 0x563c5568fc70 nRanks 16
nid005001:51260:51339 [5] NCCL INFO New proxy send connection 62 from local rank 5, transport 0
nid005001:51260:51260 [5] NCCL INFO Connected to proxy localRank 5 -> connection 0x14e7ec003130
nid005005:91500:91500 [3] NCCL INFO Channel 05/2 : 11[ce000] -> 10[c9000] via P2P/IPC comm 0x555b968350e0 nRanks 16
nid005005:91500:91586 [3] NCCL INFO New proxy send connection 58 from local rank 3, transport 0
nid005005:91500:91500 [3] NCCL INFO Connected to proxy localRank 3 -> connection 0x14d6bc002f50
nid005001:51256:51256 [3] NCCL INFO Channel 04/2 : 3[ce000] -> 2[c9000] via P2P/IPC comm 0x55d595467d90 nRanks 16
nid005001:51256:51340 [3] NCCL INFO New proxy send connection 58 from local rank 3, transport 0
nid005001:51256:51256 [3] NCCL INFO Connected to proxy localRank 3 -> connection 0x14c694002f50
nid005005:91504:91591 [0] NCCL INFO New proxy recv connection 61 from local rank 0, transport 0
nid005005:91504:91504 [0] NCCL INFO Connected to proxy localRank 0 -> connection 0x14dcfc0030b8
nid005001:51259:51259 [7] NCCL INFO Channel 13/2 : 7[de000] -> 6[d9000] via P2P/IPC comm 0x55cec4cea9e0 nRanks 16
nid005001:51259:51338 [7] NCCL INFO New proxy send connection 62 from local rank 7, transport 0
nid005001:51259:51259 [7] NCCL INFO Connected to proxy localRank 7 -> connection 0x1453ac003130
nid005001:51255:51337 [2] NCCL INFO New proxy recv connection 61 from local rank 2, transport 0
nid005001:51255:51255 [2] NCCL INFO Connected to proxy localRank 2 -> connection 0x147c840030b8
nid005005:91501:91589 [4] NCCL INFO New proxy recv connection 56 from local rank 4, transport 0
nid005005:91501:91501 [4] NCCL INFO Connected to proxy localRank 4 -> connection 0x14d8a8002e60
nid005001:51254:51348 [0] NCCL INFO New proxy recv connection 61 from local rank 0, transport 0
nid005001:51257:51336 [4] NCCL INFO New proxy recv connection 56 from local rank 4, transport 0
nid005001:51258:51335 [6] NCCL INFO New proxy recv connection 56 from local rank 6, transport 0
nid005001:51258:51258 [6] NCCL INFO Connected to proxy localRank 6 -> connection 0x14a9e0002e60
nid005001:51254:51254 [0] NCCL INFO Connected to proxy localRank 0 -> connection 0x147a400030b8
nid005001:51257:51257 [4] NCCL INFO Connected to proxy localRank 4 -> connection 0x152e7c002e60
nid005005:91502:91587 [6] NCCL INFO New proxy recv connection 56 from local rank 6, transport 0
nid005005:91502:91502 [6] NCCL INFO Connected to proxy localRank 6 -> connection 0x145b34002e60
nid005005:91499:91499 [1] NCCL INFO Channel 04/2 : 9[c6000] -> 8[c1000] via P2P/IPC comm 0x558da978c1c0 nRanks 16
nid005005:91499:91590 [1] NCCL INFO New proxy send connection 58 from local rank 1, transport 0
nid005005:91499:91499 [1] NCCL INFO Connected to proxy localRank 1 -> connection 0x150fec002f50
nid005005:91505:91588 [2] NCCL INFO New proxy recv connection 63 from local rank 2, transport 0
nid005005:91505:91505 [2] NCCL INFO Connected to proxy localRank 2 -> connection 0x14d0780031a8
nid005005:91500:91500 [3] NCCL INFO Channel 07/2 : 11[ce000] -> 10[c9000] via P2P/IPC comm 0x555b968350e0 nRanks 16
nid005005:91500:91586 [3] NCCL INFO New proxy send connection 59 from local rank 3, transport 0
nid005001:51256:51256 [3] NCCL INFO Channel 06/2 : 3[ce000] -> 2[c9000] via P2P/IPC comm 0x55d595467d90 nRanks 16
nid005005:91500:91500 [3] NCCL INFO Connected to proxy localRank 3 -> connection 0x14d6bc002fc8
nid005001:51260:51260 [5] NCCL INFO Channel 15/2 : 5[d6000] -> 4[d1000] via P2P/IPC comm 0x563c5568fc70 nRanks 16
nid005001:51256:51340 [3] NCCL INFO New proxy send connection 59 from local rank 3, transport 0
nid005001:51256:51256 [3] NCCL INFO Connected to proxy localRank 3 -> connection 0x14c694002fc8
nid005001:51260:51339 [5] NCCL INFO New proxy send connection 63 from local rank 5, transport 0
nid005001:51260:51260 [5] NCCL INFO Connected to proxy localRank 5 -> connection 0x14e7ec0031a8
nid005001:51253:51253 [1] NCCL INFO Channel 05/2 : 1[c6000] -> 0[c1000] via P2P/IPC comm 0x555be8224af0 nRanks 16
nid005001:51253:51347 [1] NCCL INFO New proxy send connection 58 from local rank 1, transport 0
nid005001:51253:51253 [1] NCCL INFO Connected to proxy localRank 1 -> connection 0x149e84002f50
nid005005:91504:91591 [0] NCCL INFO New proxy recv connection 62 from local rank 0, transport 0
nid005005:91504:91504 [0] NCCL INFO Connected to proxy localRank 0 -> connection 0x14dcfc003130
nid005001:51258:51335 [6] NCCL INFO New proxy recv connection 57 from local rank 6, transport 0
nid005001:51258:51258 [6] NCCL INFO Connected to proxy localRank 6 -> connection 0x14a9e0002ed8
nid005005:91501:91589 [4] NCCL INFO New proxy recv connection 57 from local rank 4, transport 0
nid005005:91501:91501 [4] NCCL INFO Connected to proxy localRank 4 -> connection 0x14d8a8002ed8
nid005001:51259:51259 [7] NCCL INFO Channel 14/2 : 7[de000] -> 6[d9000] via P2P/IPC comm 0x55cec4cea9e0 nRanks 16
nid005001:51259:51338 [7] NCCL INFO New proxy send connection 63 from local rank 7, transport 0
nid005001:51259:51259 [7] NCCL INFO Connected to proxy localRank 7 -> connection 0x1453ac0031a8
nid005001:51257:51336 [4] NCCL INFO New proxy recv connection 57 from local rank 4, transport 0
nid005001:51257:51257 [4] NCCL INFO Connected to proxy localRank 4 -> connection 0x152e7c002ed8
nid005001:51254:51348 [0] NCCL INFO New proxy recv connection 62 from local rank 0, transport 0
nid005001:51254:51254 [0] NCCL INFO Connected to proxy localRank 0 -> connection 0x147a40003130
nid005001:51255:51337 [2] NCCL INFO New proxy recv connection 62 from local rank 2, transport 0
nid005001:51255:51255 [2] NCCL INFO Connected to proxy localRank 2 -> connection 0x147c84003130
nid005005:91502:91587 [6] NCCL INFO New proxy recv connection 57 from local rank 6, transport 0
nid005005:91502:91502 [6] NCCL INFO Connected to proxy localRank 6 -> connection 0x145b34002ed8
nid005005:91499:91499 [1] NCCL INFO Channel 06/2 : 9[c6000] -> 8[c1000] via P2P/IPC comm 0x558da978c1c0 nRanks 16
nid005005:91499:91590 [1] NCCL INFO New proxy send connection 59 from local rank 1, transport 0
nid005005:91499:91499 [1] NCCL INFO Connected to proxy localRank 1 -> connection 0x150fec002fc8
nid005001:51256:51256 [3] NCCL INFO Channel 08/2 : 3[ce000] -> 2[c9000] via P2P/IPC comm 0x55d595467d90 nRanks 16
nid005001:51256:51340 [3] NCCL INFO New proxy send connection 60 from local rank 3, transport 0
nid005001:51256:51256 [3] NCCL INFO Connected to proxy localRank 3 -> connection 0x14c694003040
nid005005:91500:91500 [3] NCCL INFO Channel 09/2 : 11[ce000] -> 10[c9000] via P2P/IPC comm 0x555b968350e0 nRanks 16
nid005005:91500:91586 [3] NCCL INFO New proxy send connection 60 from local rank 3, transport 0
nid005005:91500:91500 [3] NCCL INFO Connected to proxy localRank 3 -> connection 0x14d6bc003040
nid005005:91504:91591 [0] NCCL INFO New proxy recv connection 63 from local rank 0, transport 0
nid005005:91504:91504 [0] NCCL INFO Connected to proxy localRank 0 -> connection 0x14dcfc0031a8
nid005001:51258:51335 [6] NCCL INFO New proxy recv connection 58 from local rank 6, transport 0
nid005001:51258:51258 [6] NCCL INFO Connected to proxy localRank 6 -> connection 0x14a9e0002f50
nid005005:91501:91589 [4] NCCL INFO New proxy recv connection 58 from local rank 4, transport 0
nid005005:91501:91501 [4] NCCL INFO Connected to proxy localRank 4 -> connection 0x14d8a8002f50
nid005001:51253:51253 [1] NCCL INFO Channel 07/2 : 1[c6000] -> 0[c1000] via P2P/IPC comm 0x555be8224af0 nRanks 16
nid005001:51253:51347 [1] NCCL INFO New proxy send connection 59 from local rank 1, transport 0
nid005001:51253:51253 [1] NCCL INFO Connected to proxy localRank 1 -> connection 0x149e84002fc8
nid005001:51257:51336 [4] NCCL INFO New proxy recv connection 58 from local rank 4, transport 0
nid005001:51257:51257 [4] NCCL INFO Connected to proxy localRank 4 -> connection 0x152e7c002f50
nid005001:51255:51337 [2] NCCL INFO New proxy recv connection 63 from local rank 2, transport 0
nid005001:51255:51255 [2] NCCL INFO Connected to proxy localRank 2 -> connection 0x147c840031a8
nid005001:51254:51348 [0] NCCL INFO New proxy recv connection 63 from local rank 0, transport 0
nid005001:51254:51254 [0] NCCL INFO Connected to proxy localRank 0 -> connection 0x147a400031a8
nid005001:51256:51256 [3] NCCL INFO Channel 10/2 : 3[ce000] -> 2[c9000] via P2P/IPC comm 0x55d595467d90 nRanks 16
nid005001:51256:51340 [3] NCCL INFO New proxy send connection 61 from local rank 3, transport 0
nid005001:51256:51256 [3] NCCL INFO Connected to proxy localRank 3 -> connection 0x14c6940030b8
nid005005:91502:91587 [6] NCCL INFO New proxy recv connection 58 from local rank 6, transport 0
nid005005:91502:91502 [6] NCCL INFO Connected to proxy localRank 6 -> connection 0x145b34002f50
nid005005:91500:91500 [3] NCCL INFO Channel 11/2 : 11[ce000] -> 10[c9000] via P2P/IPC comm 0x555b968350e0 nRanks 16
nid005005:91500:91586 [3] NCCL INFO New proxy send connection 61 from local rank 3, transport 0
nid005005:91499:91499 [1] NCCL INFO Channel 08/2 : 9[c6000] -> 8[c1000] via P2P/IPC comm 0x558da978c1c0 nRanks 16
nid005005:91499:91590 [1] NCCL INFO New proxy send connection 60 from local rank 1, transport 0
nid005005:91500:91500 [3] NCCL INFO Connected to proxy localRank 3 -> connection 0x14d6bc0030b8
nid005005:91499:91499 [1] NCCL INFO Connected to proxy localRank 1 -> connection 0x150fec003040
nid005005:91501:91589 [4] NCCL INFO New proxy recv connection 59 from local rank 4, transport 0
nid005005:91501:91501 [4] NCCL INFO Connected to proxy localRank 4 -> connection 0x14d8a8002fc8
nid005001:51258:51335 [6] NCCL INFO New proxy recv connection 59 from local rank 6, transport 0
nid005001:51258:51258 [6] NCCL INFO Connected to proxy localRank 6 -> connection 0x14a9e0002fc8
nid005001:51257:51336 [4] NCCL INFO New proxy recv connection 59 from local rank 4, transport 0
nid005001:51257:51257 [4] NCCL INFO Connected to proxy localRank 4 -> connection 0x152e7c002fc8
nid005001:51256:51256 [3] NCCL INFO Channel 12/2 : 3[ce000] -> 2[c9000] via P2P/IPC comm 0x55d595467d90 nRanks 16
nid005001:51256:51340 [3] NCCL INFO New proxy send connection 62 from local rank 3, transport 0
nid005001:51256:51256 [3] NCCL INFO Connected to proxy localRank 3 -> connection 0x14c694003130
nid005001:51253:51253 [1] NCCL INFO Channel 09/2 : 1[c6000] -> 0[c1000] via P2P/IPC comm 0x555be8224af0 nRanks 16
nid005001:51253:51347 [1] NCCL INFO New proxy send connection 60 from local rank 1, transport 0
nid005001:51253:51253 [1] NCCL INFO Connected to proxy localRank 1 -> connection 0x149e84003040
nid005005:91500:91500 [3] NCCL INFO Channel 13/2 : 11[ce000] -> 10[c9000] via P2P/IPC comm 0x555b968350e0 nRanks 16
nid005005:91499:91499 [1] NCCL INFO Channel 10/2 : 9[c6000] -> 8[c1000] via P2P/IPC comm 0x558da978c1c0 nRanks 16
nid005005:91499:91590 [1] NCCL INFO New proxy send connection 61 from local rank 1, transport 0
nid005005:91500:91586 [3] NCCL INFO New proxy send connection 62 from local rank 3, transport 0
nid005005:91500:91500 [3] NCCL INFO Connected to proxy localRank 3 -> connection 0x14d6bc003130
nid005005:91499:91499 [1] NCCL INFO Connected to proxy localRank 1 -> connection 0x150fec0030b8
nid005005:91502:91587 [6] NCCL INFO New proxy recv connection 59 from local rank 6, transport 0
nid005005:91502:91502 [6] NCCL INFO Connected to proxy localRank 6 -> connection 0x145b34002fc8
nid005001:51258:51335 [6] NCCL INFO New proxy recv connection 60 from local rank 6, transport 0
nid005001:51258:51258 [6] NCCL INFO Connected to proxy localRank 6 -> connection 0x14a9e0003040
nid005005:91501:91589 [4] NCCL INFO New proxy recv connection 60 from local rank 4, transport 0
nid005005:91501:91501 [4] NCCL INFO Connected to proxy localRank 4 -> connection 0x14d8a8003040
nid005001:51257:51336 [4] NCCL INFO New proxy recv connection 60 from local rank 4, transport 0
nid005001:51257:51257 [4] NCCL INFO Connected to proxy localRank 4 -> connection 0x152e7c003040
nid005001:51256:51256 [3] NCCL INFO Channel 14/2 : 3[ce000] -> 2[c9000] via P2P/IPC comm 0x55d595467d90 nRanks 16
nid005001:51256:51340 [3] NCCL INFO New proxy send connection 63 from local rank 3, transport 0
nid005001:51256:51256 [3] NCCL INFO Connected to proxy localRank 3 -> connection 0x14c6940031a8
nid005005:91500:91500 [3] NCCL INFO Channel 15/2 : 11[ce000] -> 10[c9000] via P2P/IPC comm 0x555b968350e0 nRanks 16
nid005005:91499:91499 [1] NCCL INFO Channel 12/2 : 9[c6000] -> 8[c1000] via P2P/IPC comm 0x558da978c1c0 nRanks 16
nid005005:91499:91590 [1] NCCL INFO New proxy send connection 62 from local rank 1, transport 0
nid005005:91500:91586 [3] NCCL INFO New proxy send connection 63 from local rank 3, transport 0
nid005005:91500:91500 [3] NCCL INFO Connected to proxy localRank 3 -> connection 0x14d6bc0031a8
nid005005:91499:91499 [1] NCCL INFO Connected to proxy localRank 1 -> connection 0x150fec003130
nid005005:91501:91589 [4] NCCL INFO New proxy recv connection 61 from local rank 4, transport 0
nid005005:91501:91501 [4] NCCL INFO Connected to proxy localRank 4 -> connection 0x14d8a80030b8
nid005001:51258:51335 [6] NCCL INFO New proxy recv connection 61 from local rank 6, transport 0
nid005001:51258:51258 [6] NCCL INFO Connected to proxy localRank 6 -> connection 0x14a9e00030b8
nid005001:51253:51253 [1] NCCL INFO Channel 11/2 : 1[c6000] -> 0[c1000] via P2P/IPC comm 0x555be8224af0 nRanks 16
nid005001:51253:51347 [1] NCCL INFO New proxy send connection 61 from local rank 1, transport 0
nid005001:51253:51253 [1] NCCL INFO Connected to proxy localRank 1 -> connection 0x149e840030b8
nid005005:91502:91587 [6] NCCL INFO New proxy recv connection 60 from local rank 6, transport 0
nid005005:91502:91502 [6] NCCL INFO Connected to proxy localRank 6 -> connection 0x145b34003040
nid005001:51257:51336 [4] NCCL INFO New proxy recv connection 61 from local rank 4, transport 0
nid005001:51257:51257 [4] NCCL INFO Connected to proxy localRank 4 -> connection 0x152e7c0030b8
nid005005:91499:91499 [1] NCCL INFO Channel 14/2 : 9[c6000] -> 8[c1000] via P2P/IPC comm 0x558da978c1c0 nRanks 16
nid005005:91499:91590 [1] NCCL INFO New proxy send connection 63 from local rank 1, transport 0
nid005005:91499:91499 [1] NCCL INFO Connected to proxy localRank 1 -> connection 0x150fec0031a8
nid005001:51258:51335 [6] NCCL INFO New proxy recv connection 62 from local rank 6, transport 0
nid005001:51258:51258 [6] NCCL INFO Connected to proxy localRank 6 -> connection 0x14a9e0003130
nid005005:91501:91589 [4] NCCL INFO New proxy recv connection 62 from local rank 4, transport 0
nid005005:91501:91501 [4] NCCL INFO Connected to proxy localRank 4 -> connection 0x14d8a8003130
nid005005:91500:91586 [3] NCCL INFO New proxy recv connection 64 from local rank 3, transport 0
nid005005:91500:91500 [3] NCCL INFO Connected to proxy localRank 3 -> connection 0x14d6bc003220
nid005001:51256:51340 [3] NCCL INFO New proxy recv connection 64 from local rank 3, transport 0
nid005001:51256:51256 [3] NCCL INFO Connected to proxy localRank 3 -> connection 0x14c694003220
nid005001:51257:51336 [4] NCCL INFO New proxy recv connection 62 from local rank 4, transport 0
nid005001:51257:51257 [4] NCCL INFO Connected to proxy localRank 4 -> connection 0x152e7c003130
nid005001:51253:51253 [1] NCCL INFO Channel 13/2 : 1[c6000] -> 0[c1000] via P2P/IPC comm 0x555be8224af0 nRanks 16
nid005001:51253:51347 [1] NCCL INFO New proxy send connection 62 from local rank 1, transport 0
nid005001:51253:51253 [1] NCCL INFO Connected to proxy localRank 1 -> connection 0x149e84003130
nid005005:91502:91587 [6] NCCL INFO New proxy recv connection 61 from local rank 6, transport 0
nid005005:91502:91502 [6] NCCL INFO Connected to proxy localRank 6 -> connection 0x145b340030b8
nid005001:51258:51335 [6] NCCL INFO New proxy recv connection 63 from local rank 6, transport 0
nid005001:51258:51258 [6] NCCL INFO Connected to proxy localRank 6 -> connection 0x14a9e00031a8
nid005005:91501:91589 [4] NCCL INFO New proxy recv connection 63 from local rank 4, transport 0
nid005005:91501:91501 [4] NCCL INFO Connected to proxy localRank 4 -> connection 0x14d8a80031a8
nid005001:51257:51336 [4] NCCL INFO New proxy recv connection 63 from local rank 4, transport 0
nid005001:51257:51257 [4] NCCL INFO Connected to proxy localRank 4 -> connection 0x152e7c0031a8
nid005005:91500:91586 [3] NCCL INFO New proxy recv connection 65 from local rank 3, transport 0
nid005005:91500:91500 [3] NCCL INFO Connected to proxy localRank 3 -> connection 0x14d6bc003298
nid005001:51256:51340 [3] NCCL INFO New proxy recv connection 65 from local rank 3, transport 0
nid005001:51256:51256 [3] NCCL INFO Connected to proxy localRank 3 -> connection 0x14c694003298
nid005005:91499:91590 [1] NCCL INFO New proxy recv connection 64 from local rank 1, transport 0
nid005005:91499:91499 [1] NCCL INFO Connected to proxy localRank 1 -> connection 0x150fec003220
nid005001:51253:51253 [1] NCCL INFO Channel 15/2 : 1[c6000] -> 0[c1000] via P2P/IPC comm 0x555be8224af0 nRanks 16
nid005001:51253:51347 [1] NCCL INFO New proxy send connection 63 from local rank 1, transport 0
nid005001:51253:51253 [1] NCCL INFO Connected to proxy localRank 1 -> connection 0x149e840031a8
nid005005:91502:91587 [6] NCCL INFO New proxy recv connection 62 from local rank 6, transport 0
nid005005:91502:91502 [6] NCCL INFO Connected to proxy localRank 6 -> connection 0x145b34003130
nid005005:91500:91586 [3] NCCL INFO New proxy recv connection 66 from local rank 3, transport 0
nid005005:91500:91500 [3] NCCL INFO Connected to proxy localRank 3 -> connection 0x14d6bc003310
nid005001:51256:51340 [3] NCCL INFO New proxy recv connection 66 from local rank 3, transport 0
nid005001:51256:51256 [3] NCCL INFO Connected to proxy localRank 3 -> connection 0x14c694003310
nid005001:51258:51258 [6] NCCL INFO Channel 01/0 : 6[d9000] -> 7[de000] via P2P/IPC comm 0x559d73d29040 nRanks 16
nid005001:51258:51335 [6] NCCL INFO New proxy send connection 64 from local rank 6, transport 0
nid005001:51258:51258 [6] NCCL INFO Connected to proxy localRank 6 -> connection 0x14a9e0003220
nid005005:91501:91501 [4] NCCL INFO Channel 01/0 : 12[d1000] -> 13[d6000] via P2P/IPC comm 0x55e4108ea9c0 nRanks 16
nid005005:91501:91589 [4] NCCL INFO New proxy send connection 64 from local rank 4, transport 0
nid005005:91501:91501 [4] NCCL INFO Connected to proxy localRank 4 -> connection 0x14d8a8003220
nid005001:51257:51257 [4] NCCL INFO Channel 00/0 : 4[d1000] -> 5[d6000] via P2P/IPC comm 0x556f08767700 nRanks 16
nid005001:51257:51336 [4] NCCL INFO New proxy send connection 64 from local rank 4, transport 0
nid005001:51257:51257 [4] NCCL INFO Connected to proxy localRank 4 -> connection 0x152e7c003220
nid005005:91499:91590 [1] NCCL INFO New proxy recv connection 65 from local rank 1, transport 0
nid005005:91499:91499 [1] NCCL INFO Connected to proxy localRank 1 -> connection 0x150fec003298
nid005005:91502:91587 [6] NCCL INFO New proxy recv connection 63 from local rank 6, transport 0
nid005005:91502:91502 [6] NCCL INFO Connected to proxy localRank 6 -> connection 0x145b340031a8
nid005005:91500:91586 [3] NCCL INFO New proxy recv connection 67 from local rank 3, transport 0
nid005005:91500:91500 [3] NCCL INFO Connected to proxy localRank 3 -> connection 0x14d6bc003388
nid005001:51256:51340 [3] NCCL INFO New proxy recv connection 67 from local rank 3, transport 0
nid005001:51256:51256 [3] NCCL INFO Connected to proxy localRank 3 -> connection 0x14c694003388
nid005001:51258:51258 [6] NCCL INFO Channel 02/0 : 6[d9000] -> 7[de000] via P2P/IPC comm 0x559d73d29040 nRanks 16
nid005001:51258:51335 [6] NCCL INFO New proxy send connection 65 from local rank 6, transport 0
nid005001:51258:51258 [6] NCCL INFO Connected to proxy localRank 6 -> connection 0x14a9e0003298
nid005005:91501:91501 [4] NCCL INFO Channel 02/0 : 12[d1000] -> 13[d6000] via P2P/IPC comm 0x55e4108ea9c0 nRanks 16
nid005005:91501:91589 [4] NCCL INFO New proxy send connection 65 from local rank 4, transport 0
nid005005:91501:91501 [4] NCCL INFO Connected to proxy localRank 4 -> connection 0x14d8a8003298
nid005001:51253:51347 [1] NCCL INFO New proxy recv connection 64 from local rank 1, transport 0
nid005001:51253:51253 [1] NCCL INFO Connected to proxy localRank 1 -> connection 0x149e84003220
nid005001:51257:51257 [4] NCCL INFO Channel 03/0 : 4[d1000] -> 5[d6000] via P2P/IPC comm 0x556f08767700 nRanks 16
nid005001:51257:51336 [4] NCCL INFO New proxy send connection 65 from local rank 4, transport 0
nid005001:51257:51257 [4] NCCL INFO Connected to proxy localRank 4 -> connection 0x152e7c003298
nid005005:91499:91590 [1] NCCL INFO New proxy recv connection 66 from local rank 1, transport 0
nid005005:91499:91499 [1] NCCL INFO Connected to proxy localRank 1 -> connection 0x150fec003310
nid005005:91500:91586 [3] NCCL INFO New proxy recv connection 68 from local rank 3, transport 0
nid005005:91500:91500 [3] NCCL INFO Connected to proxy localRank 3 -> connection 0x14d6bc003400
nid005001:51256:51340 [3] NCCL INFO New proxy recv connection 68 from local rank 3, transport 0
nid005001:51256:51256 [3] NCCL INFO Connected to proxy localRank 3 -> connection 0x14c694003400
nid005001:51258:51258 [6] NCCL INFO Channel 05/0 : 6[d9000] -> 7[de000] via P2P/IPC comm 0x559d73d29040 nRanks 16
nid005001:51258:51335 [6] NCCL INFO New proxy send connection 66 from local rank 6, transport 0
nid005001:51258:51258 [6] NCCL INFO Connected to proxy localRank 6 -> connection 0x14a9e0003310
nid005005:91501:91501 [4] NCCL INFO Channel 05/0 : 12[d1000] -> 13[d6000] via P2P/IPC comm 0x55e4108ea9c0 nRanks 16
nid005005:91501:91589 [4] NCCL INFO New proxy send connection 66 from local rank 4, transport 0
nid005005:91501:91501 [4] NCCL INFO Connected to proxy localRank 4 -> connection 0x14d8a8003310
nid005001:51257:51257 [4] NCCL INFO Channel 04/0 : 4[d1000] -> 5[d6000] via P2P/IPC comm 0x556f08767700 nRanks 16
nid005001:51257:51336 [4] NCCL INFO New proxy send connection 66 from local rank 4, transport 0
nid005001:51257:51257 [4] NCCL INFO Connected to proxy localRank 4 -> connection 0x152e7c003310
nid005001:51253:51347 [1] NCCL INFO New proxy recv connection 65 from local rank 1, transport 0
nid005001:51253:51253 [1] NCCL INFO Connected to proxy localRank 1 -> connection 0x149e84003298
nid005005:91502:91502 [6] NCCL INFO Channel 00/0 : 14[d9000] -> 15[de000] via P2P/IPC comm 0x561f3491e030 nRanks 16
nid005005:91502:91587 [6] NCCL INFO New proxy send connection 64 from local rank 6, transport 0
nid005005:91502:91502 [6] NCCL INFO Connected to proxy localRank 6 -> connection 0x145b34003220
nid005005:91500:91586 [3] NCCL INFO New proxy recv connection 69 from local rank 3, transport 0
nid005005:91500:91500 [3] NCCL INFO Connected to proxy localRank 3 -> connection 0x14d6bc003478
nid005005:91499:91590 [1] NCCL INFO New proxy recv connection 67 from local rank 1, transport 0
nid005005:91499:91499 [1] NCCL INFO Connected to proxy localRank 1 -> connection 0x150fec003388
nid005001:51256:51340 [3] NCCL INFO New proxy recv connection 69 from local rank 3, transport 0
nid005001:51256:51256 [3] NCCL INFO Connected to proxy localRank 3 -> connection 0x14c694003478
nid005001:51258:51258 [6] NCCL INFO Channel 06/0 : 6[d9000] -> 7[de000] via P2P/IPC comm 0x559d73d29040 nRanks 16
nid005001:51258:51335 [6] NCCL INFO New proxy send connection 67 from local rank 6, transport 0
nid005001:51258:51258 [6] NCCL INFO Connected to proxy localRank 6 -> connection 0x14a9e0003388
nid005005:91501:91501 [4] NCCL INFO Channel 06/0 : 12[d1000] -> 13[d6000] via P2P/IPC comm 0x55e4108ea9c0 nRanks 16
nid005005:91501:91589 [4] NCCL INFO New proxy send connection 67 from local rank 4, transport 0
nid005005:91501:91501 [4] NCCL INFO Connected to proxy localRank 4 -> connection 0x14d8a8003388
nid005005:91500:91586 [3] NCCL INFO New proxy recv connection 70 from local rank 3, transport 0
nid005005:91500:91500 [3] NCCL INFO Connected to proxy localRank 3 -> connection 0x14d6bc0034f0
nid005001:51257:51257 [4] NCCL INFO Channel 07/0 : 4[d1000] -> 5[d6000] via P2P/IPC comm 0x556f08767700 nRanks 16
nid005001:51257:51336 [4] NCCL INFO New proxy send connection 67 from local rank 4, transport 0
nid005001:51257:51257 [4] NCCL INFO Connected to proxy localRank 4 -> connection 0x152e7c003388
nid005001:51258:51258 [6] NCCL INFO Channel 09/0 : 6[d9000] -> 7[de000] via P2P/IPC comm 0x559d73d29040 nRanks 16
nid005001:51258:51335 [6] NCCL INFO New proxy send connection 68 from local rank 6, transport 0
nid005001:51258:51258 [6] NCCL INFO Connected to proxy localRank 6 -> connection 0x14a9e0003400
nid005001:51256:51340 [3] NCCL INFO New proxy recv connection 70 from local rank 3, transport 0
nid005001:51256:51256 [3] NCCL INFO Connected to proxy localRank 3 -> connection 0x14c6940034f0
nid005001:51253:51347 [1] NCCL INFO New proxy recv connection 66 from local rank 1, transport 0
nid005001:51253:51253 [1] NCCL INFO Connected to proxy localRank 1 -> connection 0x149e84003310
nid005005:91502:91502 [6] NCCL INFO Channel 03/0 : 14[d9000] -> 15[de000] via P2P/IPC comm 0x561f3491e030 nRanks 16
nid005005:91502:91587 [6] NCCL INFO New proxy send connection 65 from local rank 6, transport 0
nid005005:91502:91502 [6] NCCL INFO Connected to proxy localRank 6 -> connection 0x145b34003298
nid005005:91501:91501 [4] NCCL INFO Channel 09/0 : 12[d1000] -> 13[d6000] via P2P/IPC comm 0x55e4108ea9c0 nRanks 16
nid005005:91501:91589 [4] NCCL INFO New proxy send connection 68 from local rank 4, transport 0
nid005005:91499:91590 [1] NCCL INFO New proxy recv connection 68 from local rank 1, transport 0
nid005005:91499:91499 [1] NCCL INFO Connected to proxy localRank 1 -> connection 0x150fec003400
nid005005:91501:91501 [4] NCCL INFO Connected to proxy localRank 4 -> connection 0x14d8a8003400
nid005005:91500:91586 [3] NCCL INFO New proxy recv connection 71 from local rank 3, transport 0
nid005005:91500:91500 [3] NCCL INFO Connected to proxy localRank 3 -> connection 0x14d6bc003568
nid005001:51258:51258 [6] NCCL INFO Channel 10/0 : 6[d9000] -> 7[de000] via P2P/IPC comm 0x559d73d29040 nRanks 16
nid005001:51258:51335 [6] NCCL INFO New proxy send connection 69 from local rank 6, transport 0
nid005001:51258:51258 [6] NCCL INFO Connected to proxy localRank 6 -> connection 0x14a9e0003478
nid005001:51257:51257 [4] NCCL INFO Channel 08/0 : 4[d1000] -> 5[d6000] via P2P/IPC comm 0x556f08767700 nRanks 16
nid005001:51257:51336 [4] NCCL INFO New proxy send connection 68 from local rank 4, transport 0
nid005001:51257:51257 [4] NCCL INFO Connected to proxy localRank 4 -> connection 0x152e7c003400
nid005001:51256:51340 [3] NCCL INFO New proxy recv connection 71 from local rank 3, transport 0
nid005001:51256:51256 [3] NCCL INFO Connected to proxy localRank 3 -> connection 0x14c694003568
nid005005:91501:91501 [4] NCCL INFO Channel 10/0 : 12[d1000] -> 13[d6000] via P2P/IPC comm 0x55e4108ea9c0 nRanks 16
nid005005:91501:91589 [4] NCCL INFO New proxy send connection 69 from local rank 4, transport 0
nid005005:91501:91501 [4] NCCL INFO Connected to proxy localRank 4 -> connection 0x14d8a8003478
nid005001:51253:51347 [1] NCCL INFO New proxy recv connection 67 from local rank 1, transport 0
nid005001:51253:51253 [1] NCCL INFO Connected to proxy localRank 1 -> connection 0x149e84003388
nid005005:91502:91502 [6] NCCL INFO Channel 04/0 : 14[d9000] -> 15[de000] via P2P/IPC comm 0x561f3491e030 nRanks 16
nid005005:91502:91587 [6] NCCL INFO New proxy send connection 66 from local rank 6, transport 0
nid005005:91502:91502 [6] NCCL INFO Connected to proxy localRank 6 -> connection 0x145b34003310
nid005005:91499:91590 [1] NCCL INFO New proxy recv connection 69 from local rank 1, transport 0
nid005005:91499:91499 [1] NCCL INFO Connected to proxy localRank 1 -> connection 0x150fec003478
nid005001:51258:51258 [6] NCCL INFO Channel 13/0 : 6[d9000] -> 7[de000] via P2P/IPC comm 0x559d73d29040 nRanks 16
nid005001:51258:51335 [6] NCCL INFO New proxy send connection 70 from local rank 6, transport 0
nid005001:51258:51258 [6] NCCL INFO Connected to proxy localRank 6 -> connection 0x14a9e00034f0
nid005005:91501:91501 [4] NCCL INFO Channel 13/0 : 12[d1000] -> 13[d6000] via P2P/IPC comm 0x55e4108ea9c0 nRanks 16
nid005005:91501:91589 [4] NCCL INFO New proxy send connection 70 from local rank 4, transport 0
nid005005:91501:91501 [4] NCCL INFO Connected to proxy localRank 4 -> connection 0x14d8a80034f0
nid005001:51257:51257 [4] NCCL INFO Channel 11/0 : 4[d1000] -> 5[d6000] via P2P/IPC comm 0x556f08767700 nRanks 16
nid005001:51257:51336 [4] NCCL INFO New proxy send connection 69 from local rank 4, transport 0
nid005001:51257:51257 [4] NCCL INFO Connected to proxy localRank 4 -> connection 0x152e7c003478
nid005001:51253:51347 [1] NCCL INFO New proxy recv connection 68 from local rank 1, transport 0
nid005001:51253:51253 [1] NCCL INFO Connected to proxy localRank 1 -> connection 0x149e84003400
nid005005:91502:91502 [6] NCCL INFO Channel 07/0 : 14[d9000] -> 15[de000] via P2P/IPC comm 0x561f3491e030 nRanks 16
nid005005:91502:91587 [6] NCCL INFO New proxy send connection 67 from local rank 6, transport 0
nid005005:91502:91502 [6] NCCL INFO Connected to proxy localRank 6 -> connection 0x145b34003388
nid005005:91499:91590 [1] NCCL INFO New proxy recv connection 70 from local rank 1, transport 0
nid005005:91499:91499 [1] NCCL INFO Connected to proxy localRank 1 -> connection 0x150fec0034f0
nid005001:51258:51258 [6] NCCL INFO Channel 14/0 : 6[d9000] -> 7[de000] via P2P/IPC comm 0x559d73d29040 nRanks 16
nid005001:51258:51335 [6] NCCL INFO New proxy send connection 71 from local rank 6, transport 0
nid005001:51258:51258 [6] NCCL INFO Connected to proxy localRank 6 -> connection 0x14a9e0003568
nid005005:91501:91501 [4] NCCL INFO Channel 14/0 : 12[d1000] -> 13[d6000] via P2P/IPC comm 0x55e4108ea9c0 nRanks 16
nid005005:91501:91589 [4] NCCL INFO New proxy send connection 71 from local rank 4, transport 0
nid005005:91501:91501 [4] NCCL INFO Connected to proxy localRank 4 -> connection 0x14d8a8003568
nid005001:51257:51257 [4] NCCL INFO Channel 12/0 : 4[d1000] -> 5[d6000] via P2P/IPC comm 0x556f08767700 nRanks 16
nid005001:51257:51336 [4] NCCL INFO New proxy send connection 70 from local rank 4, transport 0
nid005001:51257:51257 [4] NCCL INFO Connected to proxy localRank 4 -> connection 0x152e7c0034f0
nid005001:51253:51347 [1] NCCL INFO New proxy recv connection 69 from local rank 1, transport 0
nid005001:51253:51253 [1] NCCL INFO Connected to proxy localRank 1 -> connection 0x149e84003478
nid005005:91499:91590 [1] NCCL INFO New proxy recv connection 71 from local rank 1, transport 0
nid005005:91499:91499 [1] NCCL INFO Connected to proxy localRank 1 -> connection 0x150fec003568
nid005005:91502:91502 [6] NCCL INFO Channel 08/0 : 14[d9000] -> 15[de000] via P2P/IPC comm 0x561f3491e030 nRanks 16
nid005005:91502:91587 [6] NCCL INFO New proxy send connection 68 from local rank 6, transport 0
nid005005:91502:91502 [6] NCCL INFO Connected to proxy localRank 6 -> connection 0x145b34003400
nid005001:51257:51257 [4] NCCL INFO Channel 15/0 : 4[d1000] -> 5[d6000] via P2P/IPC comm 0x556f08767700 nRanks 16
nid005001:51257:51336 [4] NCCL INFO New proxy send connection 71 from local rank 4, transport 0
nid005001:51257:51257 [4] NCCL INFO Connected to proxy localRank 4 -> connection 0x152e7c003568
nid005005:91505:91505 [2] NCCL INFO Channel 01/0 : 10[c9000] -> 11[ce000] via P2P/IPC comm 0x555abdc8d1d0 nRanks 16
nid005001:51255:51255 [2] NCCL INFO Channel 00/0 : 2[c9000] -> 3[ce000] via P2P/IPC comm 0x561cb6d30be0 nRanks 16
nid005005:91505:91588 [2] NCCL INFO New proxy send connection 64 from local rank 2, transport 0
nid005005:91505:91505 [2] NCCL INFO Connected to proxy localRank 2 -> connection 0x14d078003220
nid005001:51255:51337 [2] NCCL INFO New proxy send connection 64 from local rank 2, transport 0
nid005001:51255:51255 [2] NCCL INFO Connected to proxy localRank 2 -> connection 0x147c84003220
nid005001:51253:51347 [1] NCCL INFO New proxy recv connection 70 from local rank 1, transport 0
nid005001:51253:51253 [1] NCCL INFO Connected to proxy localRank 1 -> connection 0x149e840034f0
nid005005:91502:91502 [6] NCCL INFO Channel 11/0 : 14[d9000] -> 15[de000] via P2P/IPC comm 0x561f3491e030 nRanks 16
nid005005:91502:91587 [6] NCCL INFO New proxy send connection 69 from local rank 6, transport 0
nid005005:91502:91502 [6] NCCL INFO Connected to proxy localRank 6 -> connection 0x145b34003478
nid005005:91505:91505 [2] NCCL INFO Channel 03/0 : 10[c9000] -> 11[ce000] via P2P/IPC comm 0x555abdc8d1d0 nRanks 16
nid005005:91505:91588 [2] NCCL INFO New proxy send connection 65 from local rank 2, transport 0
nid005005:91505:91505 [2] NCCL INFO Connected to proxy localRank 2 -> connection 0x14d078003298
nid005001:51255:51255 [2] NCCL INFO Channel 02/0 : 2[c9000] -> 3[ce000] via P2P/IPC comm 0x561cb6d30be0 nRanks 16
nid005001:51255:51337 [2] NCCL INFO New proxy send connection 65 from local rank 2, transport 0
nid005001:51255:51255 [2] NCCL INFO Connected to proxy localRank 2 -> connection 0x147c84003298
nid005001:51253:51347 [1] NCCL INFO New proxy recv connection 71 from local rank 1, transport 0
nid005001:51253:51253 [1] NCCL INFO Connected to proxy localRank 1 -> connection 0x149e84003568
nid005005:91502:91502 [6] NCCL INFO Channel 12/0 : 14[d9000] -> 15[de000] via P2P/IPC comm 0x561f3491e030 nRanks 16
nid005005:91502:91587 [6] NCCL INFO New proxy send connection 70 from local rank 6, transport 0
nid005005:91502:91502 [6] NCCL INFO Connected to proxy localRank 6 -> connection 0x145b340034f0
nid005005:91505:91505 [2] NCCL INFO Channel 05/0 : 10[c9000] -> 11[ce000] via P2P/IPC comm 0x555abdc8d1d0 nRanks 16
nid005005:91505:91588 [2] NCCL INFO New proxy send connection 66 from local rank 2, transport 0
nid005005:91505:91505 [2] NCCL INFO Connected to proxy localRank 2 -> connection 0x14d078003310
nid005005:91503:91585 [5] NCCL INFO New proxy recv connection 64 from local rank 5, transport 0
nid005005:91503:91503 [5] NCCL INFO Connected to proxy localRank 5 -> connection 0x14cb58003220
nid005001:51255:51255 [2] NCCL INFO Channel 04/0 : 2[c9000] -> 3[ce000] via P2P/IPC comm 0x561cb6d30be0 nRanks 16
nid005001:51255:51337 [2] NCCL INFO New proxy send connection 66 from local rank 2, transport 0
nid005001:51255:51255 [2] NCCL INFO Connected to proxy localRank 2 -> connection 0x147c84003310
nid005001:51260:51339 [5] NCCL INFO New proxy recv connection 64 from local rank 5, transport 0
nid005001:51260:51260 [5] NCCL INFO Connected to proxy localRank 5 -> connection 0x14e7ec003220
nid005001:51254:51254 [0] NCCL INFO Channel 01/0 : 0[c1000] -> 1[c6000] via P2P/IPC comm 0x55bd836e47a0 nRanks 16
nid005001:51254:51348 [0] NCCL INFO New proxy send connection 64 from local rank 0, transport 0
nid005001:51254:51254 [0] NCCL INFO Connected to proxy localRank 0 -> connection 0x147a40003220
nid005005:91504:91504 [0] NCCL INFO Channel 00/0 : 8[c1000] -> 9[c6000] via P2P/IPC comm 0x55e0518f3280 nRanks 16
nid005005:91504:91591 [0] NCCL INFO New proxy send connection 64 from local rank 0, transport 0
nid005005:91504:91504 [0] NCCL INFO Connected to proxy localRank 0 -> connection 0x14dcfc003220
nid005005:91505:91505 [2] NCCL INFO Channel 07/0 : 10[c9000] -> 11[ce000] via P2P/IPC comm 0x555abdc8d1d0 nRanks 16
nid005005:91505:91588 [2] NCCL INFO New proxy send connection 67 from local rank 2, transport 0
nid005005:91505:91505 [2] NCCL INFO Connected to proxy localRank 2 -> connection 0x14d078003388
nid005005:91503:91585 [5] NCCL INFO New proxy recv connection 65 from local rank 5, transport 0
nid005005:91503:91503 [5] NCCL INFO Connected to proxy localRank 5 -> connection 0x14cb58003298
nid005005:91506:91584 [7] NCCL INFO New proxy recv connection 64 from local rank 7, transport 0
nid005005:91506:91506 [7] NCCL INFO Connected to proxy localRank 7 -> connection 0x145a8c003220
nid005005:91502:91502 [6] NCCL INFO Channel 15/0 : 14[d9000] -> 15[de000] via P2P/IPC comm 0x561f3491e030 nRanks 16
nid005005:91502:91587 [6] NCCL INFO New proxy send connection 71 from local rank 6, transport 0
nid005005:91502:91502 [6] NCCL INFO Connected to proxy localRank 6 -> connection 0x145b34003568
nid005001:51255:51255 [2] NCCL INFO Channel 06/0 : 2[c9000] -> 3[ce000] via P2P/IPC comm 0x561cb6d30be0 nRanks 16
nid005001:51255:51337 [2] NCCL INFO New proxy send connection 67 from local rank 2, transport 0
nid005001:51255:51255 [2] NCCL INFO Connected to proxy localRank 2 -> connection 0x147c84003388
nid005005:91505:91505 [2] NCCL INFO Channel 09/0 : 10[c9000] -> 11[ce000] via P2P/IPC comm 0x555abdc8d1d0 nRanks 16
nid005005:91505:91588 [2] NCCL INFO New proxy send connection 68 from local rank 2, transport 0
nid005005:91505:91505 [2] NCCL INFO Connected to proxy localRank 2 -> connection 0x14d078003400
nid005005:91503:91585 [5] NCCL INFO New proxy recv connection 66 from local rank 5, transport 0
nid005005:91503:91503 [5] NCCL INFO Connected to proxy localRank 5 -> connection 0x14cb58003310
nid005001:51260:51339 [5] NCCL INFO New proxy recv connection 65 from local rank 5, transport 0
nid005001:51260:51260 [5] NCCL INFO Connected to proxy localRank 5 -> connection 0x14e7ec003298
nid005001:51254:51254 [0] NCCL INFO Channel 03/0 : 0[c1000] -> 1[c6000] via P2P/IPC comm 0x55bd836e47a0 nRanks 16
nid005001:51254:51348 [0] NCCL INFO New proxy send connection 65 from local rank 0, transport 0
nid005001:51254:51254 [0] NCCL INFO Connected to proxy localRank 0 -> connection 0x147a40003298
nid005005:91504:91504 [0] NCCL INFO Channel 02/0 : 8[c1000] -> 9[c6000] via P2P/IPC comm 0x55e0518f3280 nRanks 16
nid005005:91504:91591 [0] NCCL INFO New proxy send connection 65 from local rank 0, transport 0
nid005005:91504:91504 [0] NCCL INFO Connected to proxy localRank 0 -> connection 0x14dcfc003298
nid005005:91506:91584 [7] NCCL INFO New proxy recv connection 65 from local rank 7, transport 0
nid005005:91506:91506 [7] NCCL INFO Connected to proxy localRank 7 -> connection 0x145a8c003298
nid005005:91503:91585 [5] NCCL INFO New proxy recv connection 67 from local rank 5, transport 0
nid005005:91503:91503 [5] NCCL INFO Connected to proxy localRank 5 -> connection 0x14cb58003388
nid005005:91505:91505 [2] NCCL INFO Channel 11/0 : 10[c9000] -> 11[ce000] via P2P/IPC comm 0x555abdc8d1d0 nRanks 16
nid005005:91505:91588 [2] NCCL INFO New proxy send connection 69 from local rank 2, transport 0
nid005005:91505:91505 [2] NCCL INFO Connected to proxy localRank 2 -> connection 0x14d078003478
nid005001:51259:51338 [7] NCCL INFO New proxy recv connection 64 from local rank 7, transport 0
nid005001:51259:51259 [7] NCCL INFO Connected to proxy localRank 7 -> connection 0x1453ac003220
nid005001:51254:51254 [0] NCCL INFO Channel 05/0 : 0[c1000] -> 1[c6000] via P2P/IPC comm 0x55bd836e47a0 nRanks 16
nid005001:51254:51348 [0] NCCL INFO New proxy send connection 66 from local rank 0, transport 0
nid005001:51254:51254 [0] NCCL INFO Connected to proxy localRank 0 -> connection 0x147a40003310
nid005005:91504:91504 [0] NCCL INFO Channel 04/0 : 8[c1000] -> 9[c6000] via P2P/IPC comm 0x55e0518f3280 nRanks 16
nid005005:91504:91591 [0] NCCL INFO New proxy send connection 66 from local rank 0, transport 0
nid005005:91504:91504 [0] NCCL INFO Connected to proxy localRank 0 -> connection 0x14dcfc003310
nid005001:51255:51255 [2] NCCL INFO Channel 08/0 : 2[c9000] -> 3[ce000] via P2P/IPC comm 0x561cb6d30be0 nRanks 16
nid005001:51255:51337 [2] NCCL INFO New proxy send connection 68 from local rank 2, transport 0
nid005001:51255:51255 [2] NCCL INFO Connected to proxy localRank 2 -> connection 0x147c84003400
nid005001:51260:51339 [5] NCCL INFO New proxy recv connection 66 from local rank 5, transport 0
nid005001:51260:51260 [5] NCCL INFO Connected to proxy localRank 5 -> connection 0x14e7ec003310
nid005005:91506:91584 [7] NCCL INFO New proxy recv connection 66 from local rank 7, transport 0
nid005005:91506:91506 [7] NCCL INFO Connected to proxy localRank 7 -> connection 0x145a8c003310
nid005005:91503:91585 [5] NCCL INFO New proxy recv connection 68 from local rank 5, transport 0
nid005005:91503:91503 [5] NCCL INFO Connected to proxy localRank 5 -> connection 0x14cb58003400
nid005005:91505:91505 [2] NCCL INFO Channel 13/0 : 10[c9000] -> 11[ce000] via P2P/IPC comm 0x555abdc8d1d0 nRanks 16
nid005005:91505:91588 [2] NCCL INFO New proxy send connection 70 from local rank 2, transport 0
nid005005:91505:91505 [2] NCCL INFO Connected to proxy localRank 2 -> connection 0x14d0780034f0
nid005001:51254:51254 [0] NCCL INFO Channel 07/0 : 0[c1000] -> 1[c6000] via P2P/IPC comm 0x55bd836e47a0 nRanks 16
nid005001:51254:51348 [0] NCCL INFO New proxy send connection 67 from local rank 0, transport 0
nid005001:51254:51254 [0] NCCL INFO Connected to proxy localRank 0 -> connection 0x147a40003388
nid005005:91504:91504 [0] NCCL INFO Channel 06/0 : 8[c1000] -> 9[c6000] via P2P/IPC comm 0x55e0518f3280 nRanks 16
nid005005:91504:91591 [0] NCCL INFO New proxy send connection 67 from local rank 0, transport 0
nid005005:91504:91504 [0] NCCL INFO Connected to proxy localRank 0 -> connection 0x14dcfc003388
nid005001:51259:51338 [7] NCCL INFO New proxy recv connection 65 from local rank 7, transport 0
nid005001:51259:51259 [7] NCCL INFO Connected to proxy localRank 7 -> connection 0x1453ac003298
nid005001:51260:51339 [5] NCCL INFO New proxy recv connection 67 from local rank 5, transport 0
nid005001:51260:51260 [5] NCCL INFO Connected to proxy localRank 5 -> connection 0x14e7ec003388
nid005001:51255:51255 [2] NCCL INFO Channel 10/0 : 2[c9000] -> 3[ce000] via P2P/IPC comm 0x561cb6d30be0 nRanks 16
nid005001:51255:51337 [2] NCCL INFO New proxy send connection 69 from local rank 2, transport 0
nid005001:51255:51255 [2] NCCL INFO Connected to proxy localRank 2 -> connection 0x147c84003478
nid005005:91506:91584 [7] NCCL INFO New proxy recv connection 67 from local rank 7, transport 0
nid005005:91506:91506 [7] NCCL INFO Connected to proxy localRank 7 -> connection 0x145a8c003388
nid005005:91503:91585 [5] NCCL INFO New proxy recv connection 69 from local rank 5, transport 0
nid005005:91503:91503 [5] NCCL INFO Connected to proxy localRank 5 -> connection 0x14cb58003478
nid005005:91505:91505 [2] NCCL INFO Channel 15/0 : 10[c9000] -> 11[ce000] via P2P/IPC comm 0x555abdc8d1d0 nRanks 16
nid005005:91505:91588 [2] NCCL INFO New proxy send connection 71 from local rank 2, transport 0
nid005005:91505:91505 [2] NCCL INFO Connected to proxy localRank 2 -> connection 0x14d078003568
nid005001:51254:51254 [0] NCCL INFO Channel 09/0 : 0[c1000] -> 1[c6000] via P2P/IPC comm 0x55bd836e47a0 nRanks 16
nid005001:51254:51348 [0] NCCL INFO New proxy send connection 68 from local rank 0, transport 0
nid005001:51254:51254 [0] NCCL INFO Connected to proxy localRank 0 -> connection 0x147a40003400
nid005005:91504:91504 [0] NCCL INFO Channel 08/0 : 8[c1000] -> 9[c6000] via P2P/IPC comm 0x55e0518f3280 nRanks 16
nid005005:91504:91591 [0] NCCL INFO New proxy send connection 68 from local rank 0, transport 0
nid005005:91504:91504 [0] NCCL INFO Connected to proxy localRank 0 -> connection 0x14dcfc003400
nid005005:91503:91585 [5] NCCL INFO New proxy recv connection 70 from local rank 5, transport 0
nid005005:91503:91503 [5] NCCL INFO Connected to proxy localRank 5 -> connection 0x14cb580034f0
nid005005:91506:91584 [7] NCCL INFO New proxy recv connection 68 from local rank 7, transport 0
nid005005:91506:91506 [7] NCCL INFO Connected to proxy localRank 7 -> connection 0x145a8c003400
nid005001:51260:51339 [5] NCCL INFO New proxy recv connection 68 from local rank 5, transport 0
nid005001:51260:51260 [5] NCCL INFO Connected to proxy localRank 5 -> connection 0x14e7ec003400
nid005001:51259:51338 [7] NCCL INFO New proxy recv connection 66 from local rank 7, transport 0
nid005001:51259:51259 [7] NCCL INFO Connected to proxy localRank 7 -> connection 0x1453ac003310
nid005001:51255:51255 [2] NCCL INFO Channel 12/0 : 2[c9000] -> 3[ce000] via P2P/IPC comm 0x561cb6d30be0 nRanks 16
nid005005:91500:91586 [3] NCCL INFO New proxy recv connection 72 from local rank 3, transport 0
nid005005:91500:91500 [3] NCCL INFO Connected to proxy localRank 3 -> connection 0x14d6bc0035e0
nid005001:51255:51337 [2] NCCL INFO New proxy send connection 70 from local rank 2, transport 0
nid005001:51255:51255 [2] NCCL INFO Connected to proxy localRank 2 -> connection 0x147c840034f0
nid005005:91505:91505 [2] NCCL INFO Channel 02/0 : 10[c9000] -> 12[d1000] via P2P/IPC comm 0x555abdc8d1d0 nRanks 16
nid005005:91505:91588 [2] NCCL INFO New proxy send connection 72 from local rank 2, transport 0
nid005005:91505:91505 [2] NCCL INFO Connected to proxy localRank 2 -> connection 0x14d0780035e0
nid005001:51254:51254 [0] NCCL INFO Channel 11/0 : 0[c1000] -> 1[c6000] via P2P/IPC comm 0x55bd836e47a0 nRanks 16
nid005001:51254:51348 [0] NCCL INFO New proxy send connection 69 from local rank 0, transport 0
nid005001:51254:51254 [0] NCCL INFO Connected to proxy localRank 0 -> connection 0x147a40003478
nid005005:91504:91504 [0] NCCL INFO Channel 10/0 : 8[c1000] -> 9[c6000] via P2P/IPC comm 0x55e0518f3280 nRanks 16
nid005005:91504:91591 [0] NCCL INFO New proxy send connection 69 from local rank 0, transport 0
nid005005:91504:91504 [0] NCCL INFO Connected to proxy localRank 0 -> connection 0x14dcfc003478
nid005005:91503:91585 [5] NCCL INFO New proxy recv connection 71 from local rank 5, transport 0
nid005005:91503:91503 [5] NCCL INFO Connected to proxy localRank 5 -> connection 0x14cb58003568
nid005005:91506:91584 [7] NCCL INFO New proxy recv connection 69 from local rank 7, transport 0
nid005005:91506:91506 [7] NCCL INFO Connected to proxy localRank 7 -> connection 0x145a8c003478
nid005005:91505:91505 [2] NCCL INFO Channel 06/0 : 10[c9000] -> 12[d1000] via P2P/IPC comm 0x555abdc8d1d0 nRanks 16
nid005005:91505:91588 [2] NCCL INFO New proxy send connection 73 from local rank 2, transport 0
nid005005:91505:91505 [2] NCCL INFO Connected to proxy localRank 2 -> connection 0x14d078003658
nid005001:51260:51339 [5] NCCL INFO New proxy recv connection 69 from local rank 5, transport 0
nid005001:51254:51254 [0] NCCL INFO Channel 13/0 : 0[c1000] -> 1[c6000] via P2P/IPC comm 0x55bd836e47a0 nRanks 16
nid005001:51254:51348 [0] NCCL INFO New proxy send connection 70 from local rank 0, transport 0
nid005001:51254:51254 [0] NCCL INFO Connected to proxy localRank 0 -> connection 0x147a400034f0
nid005001:51260:51260 [5] NCCL INFO Connected to proxy localRank 5 -> connection 0x14e7ec003478
nid005001:51259:51338 [7] NCCL INFO New proxy recv connection 67 from local rank 7, transport 0
nid005001:51259:51259 [7] NCCL INFO Connected to proxy localRank 7 -> connection 0x1453ac003388
nid005005:91500:91586 [3] NCCL INFO New proxy recv connection 73 from local rank 3, transport 0
nid005005:91500:91500 [3] NCCL INFO Connected to proxy localRank 3 -> connection 0x14d6bc003658
nid005005:91504:91504 [0] NCCL INFO Channel 12/0 : 8[c1000] -> 9[c6000] via P2P/IPC comm 0x55e0518f3280 nRanks 16
nid005005:91504:91591 [0] NCCL INFO New proxy send connection 70 from local rank 0, transport 0
nid005005:91504:91504 [0] NCCL INFO Connected to proxy localRank 0 -> connection 0x14dcfc0034f0
nid005001:51255:51255 [2] NCCL INFO Channel 14/0 : 2[c9000] -> 3[ce000] via P2P/IPC comm 0x561cb6d30be0 nRanks 16
nid005001:51255:51337 [2] NCCL INFO New proxy send connection 71 from local rank 2, transport 0
nid005001:51255:51255 [2] NCCL INFO Connected to proxy localRank 2 -> connection 0x147c84003568
nid005005:91501:91589 [4] NCCL INFO New proxy recv connection 72 from local rank 4, transport 0
nid005005:91501:91501 [4] NCCL INFO Connected to proxy localRank 4 -> connection 0x14d8a80035e0
nid005005:91503:91585 [5] NCCL INFO New proxy recv connection 72 from local rank 5, transport 0
nid005005:91503:91503 [5] NCCL INFO Connected to proxy localRank 5 -> connection 0x14cb580035e0
nid005005:91506:91584 [7] NCCL INFO New proxy recv connection 70 from local rank 7, transport 0
nid005005:91506:91506 [7] NCCL INFO Connected to proxy localRank 7 -> connection 0x145a8c0034f0
nid005005:91505:91505 [2] NCCL INFO Channel 10/0 : 10[c9000] -> 12[d1000] via P2P/IPC comm 0x555abdc8d1d0 nRanks 16
nid005005:91505:91588 [2] NCCL INFO New proxy send connection 74 from local rank 2, transport 0
nid005005:91505:91505 [2] NCCL INFO Connected to proxy localRank 2 -> connection 0x14d0780036d0
nid005001:51254:51254 [0] NCCL INFO Channel 15/0 : 0[c1000] -> 1[c6000] via P2P/IPC comm 0x55bd836e47a0 nRanks 16
nid005001:51254:51348 [0] NCCL INFO New proxy send connection 71 from local rank 0, transport 0
nid005001:51254:51254 [0] NCCL INFO Connected to proxy localRank 0 -> connection 0x147a40003568
nid005005:91500:91586 [3] NCCL INFO New proxy recv connection 74 from local rank 3, transport 0
nid005005:91500:91500 [3] NCCL INFO Connected to proxy localRank 3 -> connection 0x14d6bc0036d0
nid005005:91504:91504 [0] NCCL INFO Channel 14/0 : 8[c1000] -> 9[c6000] via P2P/IPC comm 0x55e0518f3280 nRanks 16
nid005005:91504:91591 [0] NCCL INFO New proxy send connection 71 from local rank 0, transport 0
nid005005:91504:91504 [0] NCCL INFO Connected to proxy localRank 0 -> connection 0x14dcfc003568
nid005001:51260:51339 [5] NCCL INFO New proxy recv connection 70 from local rank 5, transport 0
nid005001:51260:51260 [5] NCCL INFO Connected to proxy localRank 5 -> connection 0x14e7ec0034f0
nid005001:51259:51338 [7] NCCL INFO New proxy recv connection 68 from local rank 7, transport 0
nid005001:51259:51259 [7] NCCL INFO Connected to proxy localRank 7 -> connection 0x1453ac003400
nid005005:91503:91585 [5] NCCL INFO New proxy recv connection 73 from local rank 5, transport 0
nid005005:91503:91503 [5] NCCL INFO Connected to proxy localRank 5 -> connection 0x14cb58003658
nid005005:91501:91589 [4] NCCL INFO New proxy recv connection 73 from local rank 4, transport 0
nid005005:91501:91501 [4] NCCL INFO Connected to proxy localRank 4 -> connection 0x14d8a8003658
nid005001:51256:51340 [3] NCCL INFO New proxy recv connection 72 from local rank 3, transport 0
nid005001:51255:51255 [2] NCCL INFO Channel 03/0 : 2[c9000] -> 4[d1000] via P2P/IPC comm 0x561cb6d30be0 nRanks 16
nid005001:51256:51256 [3] NCCL INFO Connected to proxy localRank 3 -> connection 0x14c6940035e0
nid005001:51255:51337 [2] NCCL INFO New proxy send connection 72 from local rank 2, transport 0
nid005001:51255:51255 [2] NCCL INFO Connected to proxy localRank 2 -> connection 0x147c840035e0
nid005005:91505:91505 [2] NCCL INFO Channel 14/0 : 10[c9000] -> 12[d1000] via P2P/IPC comm 0x555abdc8d1d0 nRanks 16
nid005005:91505:91588 [2] NCCL INFO New proxy send connection 75 from local rank 2, transport 0
nid005005:91505:91505 [2] NCCL INFO Connected to proxy localRank 2 -> connection 0x14d078003748
nid005005:91506:91584 [7] NCCL INFO New proxy recv connection 71 from local rank 7, transport 0
nid005005:91506:91506 [7] NCCL INFO Connected to proxy localRank 7 -> connection 0x145a8c003568
nid005001:51253:51253 [1] NCCL INFO Channel 03/0 : 1[c6000] -> 3[ce000] via P2P/IPC comm 0x555be8224af0 nRanks 16
nid005001:51254:51254 [0] NCCL INFO Channel 02/0 : 0[c1000] -> 6[d9000] via P2P/IPC comm 0x55bd836e47a0 nRanks 16
nid005001:51253:51347 [1] NCCL INFO New proxy send connection 72 from local rank 1, transport 0
nid005001:51253:51253 [1] NCCL INFO Connected to proxy localRank 1 -> connection 0x149e840035e0
nid005001:51254:51348 [0] NCCL INFO New proxy send connection 72 from local rank 0, transport 0
nid005001:51254:51254 [0] NCCL INFO Connected to proxy localRank 0 -> connection 0x147a400035e0
nid005005:91500:91586 [3] NCCL INFO New proxy recv connection 75 from local rank 3, transport 0
nid005005:91500:91500 [3] NCCL INFO Connected to proxy localRank 3 -> connection 0x14d6bc003748
nid005005:91499:91499 [1] NCCL INFO Channel 02/0 : 9[c6000] -> 11[ce000] via P2P/IPC comm 0x558da978c1c0 nRanks 16
nid005005:91504:91504 [0] NCCL INFO Channel 03/0 : 8[c1000] -> 14[d9000] via P2P/IPC comm 0x55e0518f3280 nRanks 16
nid005005:91504:91591 [0] NCCL INFO New proxy send connection 72 from local rank 0, transport 0
nid005005:91499:91590 [1] NCCL INFO New proxy send connection 72 from local rank 1, transport 0
nid005005:91499:91499 [1] NCCL INFO Connected to proxy localRank 1 -> connection 0x150fec0035e0
nid005005:91504:91504 [0] NCCL INFO Connected to proxy localRank 0 -> connection 0x14dcfc0035e0
nid005005:91503:91585 [5] NCCL INFO New proxy recv connection 74 from local rank 5, transport 0
nid005005:91503:91503 [5] NCCL INFO Connected to proxy localRank 5 -> connection 0x14cb580036d0
nid005005:91501:91589 [4] NCCL INFO New proxy recv connection 74 from local rank 4, transport 0
nid005005:91501:91501 [4] NCCL INFO Connected to proxy localRank 4 -> connection 0x14d8a80036d0
nid005001:51260:51339 [5] NCCL INFO New proxy recv connection 71 from local rank 5, transport 0
nid005001:51260:51260 [5] NCCL INFO Connected to proxy localRank 5 -> connection 0x14e7ec003568
nid005001:51259:51338 [7] NCCL INFO New proxy recv connection 69 from local rank 7, transport 0
nid005001:51259:51259 [7] NCCL INFO Connected to proxy localRank 7 -> connection 0x1453ac003478
nid005001:51256:51340 [3] NCCL INFO New proxy recv connection 73 from local rank 3, transport 0
nid005001:51256:51256 [3] NCCL INFO Connected to proxy localRank 3 -> connection 0x14c694003658
nid005001:51255:51255 [2] NCCL INFO Channel 07/0 : 2[c9000] -> 4[d1000] via P2P/IPC comm 0x561cb6d30be0 nRanks 16
nid005001:51255:51337 [2] NCCL INFO New proxy send connection 73 from local rank 2, transport 0
nid005001:51255:51255 [2] NCCL INFO Connected to proxy localRank 2 -> connection 0x147c84003658
nid005001:51254:51254 [0] NCCL INFO Channel 06/0 : 0[c1000] -> 6[d9000] via P2P/IPC comm 0x55bd836e47a0 nRanks 16
nid005001:51254:51348 [0] NCCL INFO New proxy send connection 73 from local rank 0, transport 0
nid005001:51254:51254 [0] NCCL INFO Connected to proxy localRank 0 -> connection 0x147a40003658
nid005005:91502:91587 [6] NCCL INFO New proxy recv connection 72 from local rank 6, transport 0
nid005005:91502:91502 [6] NCCL INFO Connected to proxy localRank 6 -> connection 0x145b340035e0
nid005005:91506:91584 [7] NCCL INFO New proxy recv connection 72 from local rank 7, transport 0
nid005005:91506:91506 [7] NCCL INFO Connected to proxy localRank 7 -> connection 0x145a8c0035e0
nid005005:91504:91504 [0] NCCL INFO Channel 07/0 : 8[c1000] -> 14[d9000] via P2P/IPC comm 0x55e0518f3280 nRanks 16
nid005005:91503:91585 [5] NCCL INFO New proxy recv connection 75 from local rank 5, transport 0
nid005005:91503:91503 [5] NCCL INFO Connected to proxy localRank 5 -> connection 0x14cb58003748
nid005005:91504:91591 [0] NCCL INFO New proxy send connection 73 from local rank 0, transport 0
nid005005:91504:91504 [0] NCCL INFO Connected to proxy localRank 0 -> connection 0x14dcfc003658
nid005005:91501:91589 [4] NCCL INFO New proxy recv connection 75 from local rank 4, transport 0
nid005005:91501:91501 [4] NCCL INFO Connected to proxy localRank 4 -> connection 0x14d8a8003748
nid005001:51253:51253 [1] NCCL INFO Channel 07/0 : 1[c6000] -> 3[ce000] via P2P/IPC comm 0x555be8224af0 nRanks 16
nid005001:51253:51347 [1] NCCL INFO New proxy send connection 73 from local rank 1, transport 0
nid005001:51253:51253 [1] NCCL INFO Connected to proxy localRank 1 -> connection 0x149e84003658
nid005005:91499:91499 [1] NCCL INFO Channel 06/0 : 9[c6000] -> 11[ce000] via P2P/IPC comm 0x558da978c1c0 nRanks 16
nid005005:91499:91590 [1] NCCL INFO New proxy send connection 73 from local rank 1, transport 0
nid005005:91499:91499 [1] NCCL INFO Connected to proxy localRank 1 -> connection 0x150fec003658
nid005001:51257:51336 [4] NCCL INFO New proxy recv connection 72 from local rank 4, transport 0
nid005001:51257:51257 [4] NCCL INFO Connected to proxy localRank 4 -> connection 0x152e7c0035e0
nid005001:51260:51339 [5] NCCL INFO New proxy recv connection 72 from local rank 5, transport 0
nid005001:51260:51260 [5] NCCL INFO Connected to proxy localRank 5 -> connection 0x14e7ec0035e0
nid005001:51259:51338 [7] NCCL INFO New proxy recv connection 70 from local rank 7, transport 0
nid005001:51259:51259 [7] NCCL INFO Connected to proxy localRank 7 -> connection 0x1453ac0034f0
nid005001:51256:51340 [3] NCCL INFO New proxy recv connection 74 from local rank 3, transport 0
nid005001:51256:51256 [3] NCCL INFO Connected to proxy localRank 3 -> connection 0x14c6940036d0
nid005001:51255:51255 [2] NCCL INFO Channel 11/0 : 2[c9000] -> 4[d1000] via P2P/IPC comm 0x561cb6d30be0 nRanks 16
nid005005:91506:91584 [7] NCCL INFO New proxy recv connection 73 from local rank 7, transport 0
nid005005:91506:91506 [7] NCCL INFO Connected to proxy localRank 7 -> connection 0x145a8c003658
nid005001:51255:51337 [2] NCCL INFO New proxy send connection 74 from local rank 2, transport 0
nid005001:51255:51255 [2] NCCL INFO Connected to proxy localRank 2 -> connection 0x147c840036d0
nid005001:51254:51254 [0] NCCL INFO Channel 10/0 : 0[c1000] -> 6[d9000] via P2P/IPC comm 0x55bd836e47a0 nRanks 16
nid005001:51254:51348 [0] NCCL INFO New proxy send connection 74 from local rank 0, transport 0
nid005005:91501:91501 [4] NCCL INFO Channel 00/0 : 12[d1000] -> 14[d9000] via P2P/IPC comm 0x55e4108ea9c0 nRanks 16
nid005001:51254:51254 [0] NCCL INFO Connected to proxy localRank 0 -> connection 0x147a400036d0
nid005005:91501:91589 [4] NCCL INFO New proxy send connection 76 from local rank 4, transport 0
nid005005:91501:91501 [4] NCCL INFO Connected to proxy localRank 4 -> connection 0x14d8a80037c0
nid005005:91504:91504 [0] NCCL INFO Channel 11/0 : 8[c1000] -> 14[d9000] via P2P/IPC comm 0x55e0518f3280 nRanks 16
nid005005:91504:91591 [0] NCCL INFO New proxy send connection 74 from local rank 0, transport 0
nid005005:91504:91504 [0] NCCL INFO Connected to proxy localRank 0 -> connection 0x14dcfc0036d0
nid005005:91502:91587 [6] NCCL INFO New proxy recv connection 73 from local rank 6, transport 0
nid005005:91502:91502 [6] NCCL INFO Connected to proxy localRank 6 -> connection 0x145b34003658
nid005005:91499:91499 [1] NCCL INFO Channel 10/0 : 9[c6000] -> 11[ce000] via P2P/IPC comm 0x558da978c1c0 nRanks 16
nid005005:91499:91590 [1] NCCL INFO New proxy send connection 74 from local rank 1, transport 0
nid005005:91499:91499 [1] NCCL INFO Connected to proxy localRank 1 -> connection 0x150fec0036d0
nid005001:51256:51340 [3] NCCL INFO New proxy recv connection 75 from local rank 3, transport 0
nid005001:51256:51256 [3] NCCL INFO Connected to proxy localRank 3 -> connection 0x14c694003748
nid005001:51260:51339 [5] NCCL INFO New proxy recv connection 73 from local rank 5, transport 0
nid005001:51260:51260 [5] NCCL INFO Connected to proxy localRank 5 -> connection 0x14e7ec003658
nid005001:51253:51253 [1] NCCL INFO Channel 11/0 : 1[c6000] -> 3[ce000] via P2P/IPC comm 0x555be8224af0 nRanks 16
nid005001:51253:51347 [1] NCCL INFO New proxy send connection 74 from local rank 1, transport 0
nid005001:51253:51253 [1] NCCL INFO Connected to proxy localRank 1 -> connection 0x149e840036d0
nid005001:51259:51338 [7] NCCL INFO New proxy recv connection 71 from local rank 7, transport 0
nid005001:51259:51259 [7] NCCL INFO Connected to proxy localRank 7 -> connection 0x1453ac003568
nid005001:51257:51336 [4] NCCL INFO New proxy recv connection 73 from local rank 4, transport 0
nid005001:51257:51257 [4] NCCL INFO Connected to proxy localRank 4 -> connection 0x152e7c003658
nid005005:91501:91501 [4] NCCL INFO Channel 04/0 : 12[d1000] -> 14[d9000] via P2P/IPC comm 0x55e4108ea9c0 nRanks 16
nid005005:91501:91589 [4] NCCL INFO New proxy send connection 77 from local rank 4, transport 0
nid005005:91501:91501 [4] NCCL INFO Connected to proxy localRank 4 -> connection 0x14d8a8003838
nid005005:91504:91504 [0] NCCL INFO Channel 15/0 : 8[c1000] -> 14[d9000] via P2P/IPC comm 0x55e0518f3280 nRanks 16
nid005005:91504:91591 [0] NCCL INFO New proxy send connection 75 from local rank 0, transport 0
nid005005:91504:91504 [0] NCCL INFO Connected to proxy localRank 0 -> connection 0x14dcfc003748
nid005005:91506:91584 [7] NCCL INFO New proxy recv connection 74 from local rank 7, transport 0
nid005005:91506:91506 [7] NCCL INFO Connected to proxy localRank 7 -> connection 0x145a8c0036d0
nid005001:51255:51255 [2] NCCL INFO Channel 15/0 : 2[c9000] -> 4[d1000] via P2P/IPC comm 0x561cb6d30be0 nRanks 16
nid005001:51255:51337 [2] NCCL INFO New proxy send connection 75 from local rank 2, transport 0
nid005001:51255:51255 [2] NCCL INFO Connected to proxy localRank 2 -> connection 0x147c84003748
nid005001:51254:51254 [0] NCCL INFO Channel 14/0 : 0[c1000] -> 6[d9000] via P2P/IPC comm 0x55bd836e47a0 nRanks 16
nid005001:51254:51348 [0] NCCL INFO New proxy send connection 75 from local rank 0, transport 0
nid005001:51254:51254 [0] NCCL INFO Connected to proxy localRank 0 -> connection 0x147a40003748
nid005005:91499:91499 [1] NCCL INFO Channel 14/0 : 9[c6000] -> 11[ce000] via P2P/IPC comm 0x558da978c1c0 nRanks 16
nid005005:91499:91590 [1] NCCL INFO New proxy send connection 75 from local rank 1, transport 0
nid005005:91499:91499 [1] NCCL INFO Connected to proxy localRank 1 -> connection 0x150fec003748
nid005005:91502:91587 [6] NCCL INFO New proxy recv connection 74 from local rank 6, transport 0
nid005005:91502:91502 [6] NCCL INFO Connected to proxy localRank 6 -> connection 0x145b340036d0
nid005005:91501:91501 [4] NCCL INFO Channel 08/0 : 12[d1000] -> 14[d9000] via P2P/IPC comm 0x55e4108ea9c0 nRanks 16
nid005005:91501:91589 [4] NCCL INFO New proxy send connection 78 from local rank 4, transport 0
nid005005:91501:91501 [4] NCCL INFO Connected to proxy localRank 4 -> connection 0x14d8a80038b0
nid005001:51260:51339 [5] NCCL INFO New proxy recv connection 74 from local rank 5, transport 0
nid005001:51260:51260 [5] NCCL INFO Connected to proxy localRank 5 -> connection 0x14e7ec0036d0
nid005005:91506:91584 [7] NCCL INFO New proxy recv connection 75 from local rank 7, transport 0
nid005005:91506:91506 [7] NCCL INFO Connected to proxy localRank 7 -> connection 0x145a8c003748
nid005001:51259:51338 [7] NCCL INFO New proxy recv connection 72 from local rank 7, transport 0
nid005001:51259:51259 [7] NCCL INFO Connected to proxy localRank 7 -> connection 0x1453ac0035e0
nid005001:51257:51336 [4] NCCL INFO New proxy recv connection 74 from local rank 4, transport 0
nid005001:51257:51257 [4] NCCL INFO Connected to proxy localRank 4 -> connection 0x152e7c0036d0
nid005001:51253:51253 [1] NCCL INFO Channel 15/0 : 1[c6000] -> 3[ce000] via P2P/IPC comm 0x555be8224af0 nRanks 16
nid005001:51253:51347 [1] NCCL INFO New proxy send connection 75 from local rank 1, transport 0
nid005001:51253:51253 [1] NCCL INFO Connected to proxy localRank 1 -> connection 0x149e84003748
nid005005:91500:91500 [3] NCCL INFO Channel 01/0 : 11[ce000] -> 15[de000] via P2P/IPC comm 0x555b968350e0 nRanks 16
nid005005:91499:91499 [1] NCCL INFO Channel 00/0 : 9[c6000] -> 13[d6000] via P2P/IPC comm 0x558da978c1c0 nRanks 16
nid005005:91499:91590 [1] NCCL INFO New proxy send connection 76 from local rank 1, transport 0
nid005005:91500:91586 [3] NCCL INFO New proxy send connection 76 from local rank 3, transport 0
nid005005:91500:91500 [3] NCCL INFO Connected to proxy localRank 3 -> connection 0x14d6bc0037c0
nid005005:91499:91499 [1] NCCL INFO Connected to proxy localRank 1 -> connection 0x150fec0037c0
nid005005:91501:91501 [4] NCCL INFO Channel 12/0 : 12[d1000] -> 14[d9000] via P2P/IPC comm 0x55e4108ea9c0 nRanks 16
nid005005:91501:91589 [4] NCCL INFO New proxy send connection 79 from local rank 4, transport 0
nid005005:91501:91501 [4] NCCL INFO Connected to proxy localRank 4 -> connection 0x14d8a8003928
nid005001:51260:51339 [5] NCCL INFO New proxy recv connection 75 from local rank 5, transport 0
nid005001:51260:51260 [5] NCCL INFO Connected to proxy localRank 5 -> connection 0x14e7ec003748
nid005005:91502:91587 [6] NCCL INFO New proxy recv connection 75 from local rank 6, transport 0
nid005005:91502:91502 [6] NCCL INFO Connected to proxy localRank 6 -> connection 0x145b34003748
nid005001:51257:51336 [4] NCCL INFO New proxy recv connection 75 from local rank 4, transport 0
nid005001:51257:51257 [4] NCCL INFO Connected to proxy localRank 4 -> connection 0x152e7c003748
nid005001:51259:51338 [7] NCCL INFO New proxy recv connection 73 from local rank 7, transport 0
nid005001:51259:51259 [7] NCCL INFO Connected to proxy localRank 7 -> connection 0x1453ac003658
nid005005:91499:91499 [1] NCCL INFO Channel 04/0 : 9[c6000] -> 13[d6000] via P2P/IPC comm 0x558da978c1c0 nRanks 16
nid005005:91499:91590 [1] NCCL INFO New proxy send connection 77 from local rank 1, transport 0
nid005005:91499:91499 [1] NCCL INFO Connected to proxy localRank 1 -> connection 0x150fec003838
nid005005:91500:91500 [3] NCCL INFO Channel 05/0 : 11[ce000] -> 15[de000] via P2P/IPC comm 0x555b968350e0 nRanks 16
nid005005:91500:91586 [3] NCCL INFO New proxy send connection 77 from local rank 3, transport 0
nid005005:91500:91500 [3] NCCL INFO Connected to proxy localRank 3 -> connection 0x14d6bc003838
nid005001:51256:51256 [3] NCCL INFO Channel 00/0 : 3[ce000] -> 7[de000] via P2P/IPC comm 0x55d595467d90 nRanks 16
nid005001:51256:51340 [3] NCCL INFO New proxy send connection 76 from local rank 3, transport 0
nid005005:91505:91505 [2] NCCL INFO GPU Direct RDMA Disabled for GPU c9000 / HCA 1 (distance 6 > 0)
nid005001:51253:51253 [1] NCCL INFO Channel 01/0 : 1[c6000] -> 5[d6000] via P2P/IPC comm 0x555be8224af0 nRanks 16
nid005001:51256:51256 [3] NCCL INFO Connected to proxy localRank 3 -> connection 0x14c6940037c0
nid005001:51253:51347 [1] NCCL INFO New proxy send connection 76 from local rank 1, transport 0
nid005001:51253:51253 [1] NCCL INFO Connected to proxy localRank 1 -> connection 0x149e840037c0
nid005005:91505:91588 [2] NCCL INFO New proxy recv connection 76 from local rank 2, transport 2
nid005005:91505:91505 [2] NCCL INFO Connected to proxy localRank 2 -> connection 0x14d0780037c0
nid005005:91505:91505 [2] NCCL INFO Channel 01/0 : 2[c9000] -> 10[c9000] [receive] via NET/Libfabric/1 comm 0x555abdc8d1d0 nRanks 16
nid005005:91505:91505 [2] NCCL INFO GPU Direct RDMA Disabled for GPU c9000 / HCA 1 (distance 6 > 0)
nid005005:91505:91588 [2] NCCL INFO New proxy recv connection 77 from local rank 2, transport 2
nid005005:91505:91505 [2] NCCL INFO Connected to proxy localRank 2 -> connection 0x14d078003838
nid005005:91505:91505 [2] NCCL INFO Channel 05/0 : 2[c9000] -> 10[c9000] [receive] via NET/Libfabric/1 comm 0x555abdc8d1d0 nRanks 16
nid005005:91505:91505 [2] NCCL INFO GPU Direct RDMA Disabled for GPU c9000 / HCA 1 (distance 6 > 0)
nid005005:91505:91588 [2] NCCL INFO New proxy recv connection 78 from local rank 2, transport 2
nid005005:91505:91505 [2] NCCL INFO Connected to proxy localRank 2 -> connection 0x14d0780038b0
nid005005:91505:91505 [2] NCCL INFO Channel 09/0 : 2[c9000] -> 10[c9000] [receive] via NET/Libfabric/1 comm 0x555abdc8d1d0 nRanks 16
nid005005:91505:91505 [2] NCCL INFO GPU Direct RDMA Disabled for GPU c9000 / HCA 1 (distance 6 > 0)
nid005005:91505:91588 [2] NCCL INFO New proxy recv connection 79 from local rank 2, transport 2
nid005005:91505:91505 [2] NCCL INFO Connected to proxy localRank 2 -> connection 0x14d078003928
nid005005:91505:91505 [2] NCCL INFO Channel 13/0 : 2[c9000] -> 10[c9000] [receive] via NET/Libfabric/1 comm 0x555abdc8d1d0 nRanks 16
nid005001:51258:51335 [6] NCCL INFO New proxy recv connection 72 from local rank 6, transport 0
nid005001:51258:51258 [6] NCCL INFO Connected to proxy localRank 6 -> connection 0x14a9e00035e0
nid005001:51257:51257 [4] NCCL INFO Channel 01/0 : 4[d1000] -> 6[d9000] via P2P/IPC comm 0x556f08767700 nRanks 16
nid005001:51257:51336 [4] NCCL INFO New proxy send connection 76 from local rank 4, transport 0
nid005001:51257:51257 [4] NCCL INFO Connected to proxy localRank 4 -> connection 0x152e7c0037c0
nid005001:51259:51338 [7] NCCL INFO New proxy recv connection 74 from local rank 7, transport 0
nid005001:51259:51259 [7] NCCL INFO Connected to proxy localRank 7 -> connection 0x1453ac0036d0
nid005005:91502:91587 [6] NCCL INFO New proxy recv connection 76 from local rank 6, transport 0
nid005005:91502:91502 [6] NCCL INFO Connected to proxy localRank 6 -> connection 0x145b340037c0
nid005005:91501:91589 [4] NCCL INFO New proxy recv connection 80 from local rank 4, transport 0
nid005005:91501:91501 [4] NCCL INFO Connected to proxy localRank 4 -> connection 0x14d8a80039a0
nid005005:91499:91499 [1] NCCL INFO Channel 08/0 : 9[c6000] -> 13[d6000] via P2P/IPC comm 0x558da978c1c0 nRanks 16
nid005005:91499:91590 [1] NCCL INFO New proxy send connection 78 from local rank 1, transport 0
nid005005:91499:91499 [1] NCCL INFO Connected to proxy localRank 1 -> connection 0x150fec0038b0
nid005005:91500:91500 [3] NCCL INFO Channel 09/0 : 11[ce000] -> 15[de000] via P2P/IPC comm 0x555b968350e0 nRanks 16
nid005005:91500:91586 [3] NCCL INFO New proxy send connection 78 from local rank 3, transport 0
nid005005:91500:91500 [3] NCCL INFO Connected to proxy localRank 3 -> connection 0x14d6bc0038b0
nid005001:51256:51256 [3] NCCL INFO Channel 04/0 : 3[ce000] -> 7[de000] via P2P/IPC comm 0x55d595467d90 nRanks 16
nid005001:51256:51340 [3] NCCL INFO New proxy send connection 77 from local rank 3, transport 0
nid005001:51256:51256 [3] NCCL INFO Connected to proxy localRank 3 -> connection 0x14c694003838
nid005001:51258:51335 [6] NCCL INFO New proxy recv connection 73 from local rank 6, transport 0
nid005001:51258:51258 [6] NCCL INFO Connected to proxy localRank 6 -> connection 0x14a9e0003658
nid005001:51257:51257 [4] NCCL INFO Channel 05/0 : 4[d1000] -> 6[d9000] via P2P/IPC comm 0x556f08767700 nRanks 16
nid005001:51257:51336 [4] NCCL INFO New proxy send connection 77 from local rank 4, transport 0
nid005001:51257:51257 [4] NCCL INFO Connected to proxy localRank 4 -> connection 0x152e7c003838
nid005001:51253:51253 [1] NCCL INFO Channel 05/0 : 1[c6000] -> 5[d6000] via P2P/IPC comm 0x555be8224af0 nRanks 16
nid005001:51253:51347 [1] NCCL INFO New proxy send connection 77 from local rank 1, transport 0
nid005001:51253:51253 [1] NCCL INFO Connected to proxy localRank 1 -> connection 0x149e84003838
nid005005:91499:91499 [1] NCCL INFO Channel 12/0 : 9[c6000] -> 13[d6000] via P2P/IPC comm 0x558da978c1c0 nRanks 16
nid005005:91499:91590 [1] NCCL INFO New proxy send connection 79 from local rank 1, transport 0
nid005005:91501:91589 [4] NCCL INFO New proxy recv connection 81 from local rank 4, transport 0
nid005005:91501:91501 [4] NCCL INFO Connected to proxy localRank 4 -> connection 0x14d8a8003a18
nid005005:91500:91500 [3] NCCL INFO Channel 13/0 : 11[ce000] -> 15[de000] via P2P/IPC comm 0x555b968350e0 nRanks 16
nid005005:91500:91586 [3] NCCL INFO New proxy send connection 79 from local rank 3, transport 0
nid005005:91500:91500 [3] NCCL INFO Connected to proxy localRank 3 -> connection 0x14d6bc003928
nid005005:91499:91499 [1] NCCL INFO Connected to proxy localRank 1 -> connection 0x150fec003928
nid005005:91502:91587 [6] NCCL INFO New proxy recv connection 77 from local rank 6, transport 0
nid005005:91502:91502 [6] NCCL INFO Connected to proxy localRank 6 -> connection 0x145b34003838
nid005001:51258:51335 [6] NCCL INFO New proxy recv connection 74 from local rank 6, transport 0
nid005001:51258:51258 [6] NCCL INFO Connected to proxy localRank 6 -> connection 0x14a9e00036d0
nid005001:51256:51256 [3] NCCL INFO Channel 08/0 : 3[ce000] -> 7[de000] via P2P/IPC comm 0x55d595467d90 nRanks 16
nid005001:51259:51338 [7] NCCL INFO New proxy recv connection 75 from local rank 7, transport 0
nid005001:51259:51259 [7] NCCL INFO Connected to proxy localRank 7 -> connection 0x1453ac003748
nid005001:51256:51340 [3] NCCL INFO New proxy send connection 78 from local rank 3, transport 0
nid005001:51256:51256 [3] NCCL INFO Connected to proxy localRank 3 -> connection 0x14c6940038b0
nid005001:51257:51257 [4] NCCL INFO Channel 09/0 : 4[d1000] -> 6[d9000] via P2P/IPC comm 0x556f08767700 nRanks 16
nid005001:51257:51336 [4] NCCL INFO New proxy send connection 78 from local rank 4, transport 0
nid005001:51257:51257 [4] NCCL INFO Connected to proxy localRank 4 -> connection 0x152e7c0038b0
nid005001:51253:51253 [1] NCCL INFO Channel 09/0 : 1[c6000] -> 5[d6000] via P2P/IPC comm 0x555be8224af0 nRanks 16
nid005001:51253:51347 [1] NCCL INFO New proxy send connection 78 from local rank 1, transport 0
nid005001:51253:51253 [1] NCCL INFO Connected to proxy localRank 1 -> connection 0x149e840038b0
nid005005:91501:91589 [4] NCCL INFO New proxy recv connection 82 from local rank 4, transport 0
nid005005:91501:91501 [4] NCCL INFO Connected to proxy localRank 4 -> connection 0x14d8a8003a90
nid005005:91503:91503 [5] NCCL INFO GPU Direct RDMA Disabled for GPU d6000 / HCA 2 (distance 6 > 0)
nid005005:91506:91506 [7] NCCL INFO GPU Direct RDMA Disabled for GPU de000 / HCA 3 (distance 6 > 0)
nid005005:91503:91585 [5] NCCL INFO New proxy recv connection 76 from local rank 5, transport 2
nid005005:91506:91584 [7] NCCL INFO New proxy recv connection 76 from local rank 7, transport 2
nid005005:91506:91506 [7] NCCL INFO Connected to proxy localRank 7 -> connection 0x145a8c0037c0
nid005005:91500:91586 [3] NCCL INFO New proxy recv connection 80 from local rank 3, transport 0
nid005005:91499:91590 [1] NCCL INFO New proxy recv connection 80 from local rank 1, transport 0
nid005005:91499:91499 [1] NCCL INFO Connected to proxy localRank 1 -> connection 0x150fec0039a0
nid005005:91503:91503 [5] NCCL INFO Connected to proxy localRank 5 -> connection 0x14cb580037c0
nid005005:91500:91500 [3] NCCL INFO Connected to proxy localRank 3 -> connection 0x14d6bc0039a0
nid005005:91503:91503 [5] NCCL INFO Channel 03/0 : 5[d6000] -> 13[d6000] [receive] via NET/Libfabric/2 comm 0x55ca05633170 nRanks 16
nid005005:91503:91503 [5] NCCL INFO GPU Direct RDMA Disabled for GPU d6000 / HCA 2 (distance 6 > 0)
nid005005:91506:91506 [7] NCCL INFO Channel 02/0 : 7[de000] -> 15[de000] [receive] via NET/Libfabric/3 comm 0x5596d7683540 nRanks 16
nid005005:91506:91506 [7] NCCL INFO GPU Direct RDMA Disabled for GPU de000 / HCA 3 (distance 6 > 0)
nid005005:91503:91585 [5] NCCL INFO New proxy recv connection 77 from local rank 5, transport 2
nid005005:91503:91503 [5] NCCL INFO Connected to proxy localRank 5 -> connection 0x14cb58003838
nid005005:91506:91584 [7] NCCL INFO New proxy recv connection 77 from local rank 7, transport 2
nid005005:91506:91506 [7] NCCL INFO Connected to proxy localRank 7 -> connection 0x145a8c003838
nid005005:91506:91506 [7] NCCL INFO Channel 06/0 : 7[de000] -> 15[de000] [receive] via NET/Libfabric/3 comm 0x5596d7683540 nRanks 16
nid005005:91506:91506 [7] NCCL INFO GPU Direct RDMA Disabled for GPU de000 / HCA 3 (distance 6 > 0)
nid005005:91503:91503 [5] NCCL INFO Channel 07/0 : 5[d6000] -> 13[d6000] [receive] via NET/Libfabric/2 comm 0x55ca05633170 nRanks 16
nid005005:91503:91503 [5] NCCL INFO GPU Direct RDMA Disabled for GPU d6000 / HCA 2 (distance 6 > 0)
nid005005:91503:91585 [5] NCCL INFO New proxy recv connection 78 from local rank 5, transport 2
nid005005:91506:91584 [7] NCCL INFO New proxy recv connection 78 from local rank 7, transport 2
nid005005:91503:91503 [5] NCCL INFO Connected to proxy localRank 5 -> connection 0x14cb580038b0
nid005005:91506:91506 [7] NCCL INFO Connected to proxy localRank 7 -> connection 0x145a8c0038b0
nid005005:91503:91503 [5] NCCL INFO Channel 11/0 : 5[d6000] -> 13[d6000] [receive] via NET/Libfabric/2 comm 0x55ca05633170 nRanks 16
nid005005:91503:91503 [5] NCCL INFO GPU Direct RDMA Disabled for GPU d6000 / HCA 2 (distance 6 > 0)
nid005005:91506:91506 [7] NCCL INFO Channel 10/0 : 7[de000] -> 15[de000] [receive] via NET/Libfabric/3 comm 0x5596d7683540 nRanks 16
nid005005:91506:91506 [7] NCCL INFO GPU Direct RDMA Disabled for GPU de000 / HCA 3 (distance 6 > 0)
nid005005:91506:91584 [7] NCCL INFO New proxy recv connection 79 from local rank 7, transport 2
nid005005:91503:91585 [5] NCCL INFO New proxy recv connection 79 from local rank 5, transport 2
nid005005:91503:91503 [5] NCCL INFO Connected to proxy localRank 5 -> connection 0x14cb58003928
nid005005:91506:91506 [7] NCCL INFO Connected to proxy localRank 7 -> connection 0x145a8c003928
nid005001:51258:51335 [6] NCCL INFO New proxy recv connection 75 from local rank 6, transport 0
nid005001:51258:51258 [6] NCCL INFO Connected to proxy localRank 6 -> connection 0x14a9e0003748
nid005005:91503:91503 [5] NCCL INFO Channel 15/0 : 5[d6000] -> 13[d6000] [receive] via NET/Libfabric/2 comm 0x55ca05633170 nRanks 16
nid005005:91506:91506 [7] NCCL INFO Channel 14/0 : 7[de000] -> 15[de000] [receive] via NET/Libfabric/3 comm 0x5596d7683540 nRanks 16
nid005001:51257:51257 [4] NCCL INFO Channel 13/0 : 4[d1000] -> 6[d9000] via P2P/IPC comm 0x556f08767700 nRanks 16
nid005001:51257:51336 [4] NCCL INFO New proxy send connection 79 from local rank 4, transport 0
nid005001:51257:51257 [4] NCCL INFO Connected to proxy localRank 4 -> connection 0x152e7c003928
nid005001:51256:51256 [3] NCCL INFO Channel 12/0 : 3[ce000] -> 7[de000] via P2P/IPC comm 0x55d595467d90 nRanks 16
nid005001:51256:51340 [3] NCCL INFO New proxy send connection 79 from local rank 3, transport 0
nid005001:51256:51256 [3] NCCL INFO Connected to proxy localRank 3 -> connection 0x14c694003928
nid005005:91502:91587 [6] NCCL INFO New proxy recv connection 78 from local rank 6, transport 0
nid005005:91502:91502 [6] NCCL INFO Connected to proxy localRank 6 -> connection 0x145b340038b0
nid005005:91501:91589 [4] NCCL INFO New proxy recv connection 83 from local rank 4, transport 0
nid005005:91501:91501 [4] NCCL INFO Connected to proxy localRank 4 -> connection 0x14d8a8003b08
nid005005:91500:91586 [3] NCCL INFO New proxy recv connection 81 from local rank 3, transport 0
nid005005:91499:91590 [1] NCCL INFO New proxy recv connection 81 from local rank 1, transport 0
nid005005:91500:91500 [3] NCCL INFO Connected to proxy localRank 3 -> connection 0x14d6bc003a18
nid005005:91499:91499 [1] NCCL INFO Connected to proxy localRank 1 -> connection 0x150fec003a18
nid005001:51253:51253 [1] NCCL INFO Channel 13/0 : 1[c6000] -> 5[d6000] via P2P/IPC comm 0x555be8224af0 nRanks 16
nid005001:51253:51347 [1] NCCL INFO New proxy send connection 79 from local rank 1, transport 0
nid005001:51253:51253 [1] NCCL INFO Connected to proxy localRank 1 -> connection 0x149e84003928
nid005001:51255:51255 [2] NCCL INFO GPU Direct RDMA Disabled for GPU c9000 / HCA 1 (distance 6 > 0)
nid005001:51255:51337 [2] NCCL INFO New proxy send connection 76 from local rank 2, transport 2
nid005001:51255:51255 [2] NCCL INFO Connected to proxy localRank 2 -> connection 0x147c840037c0
nid005001:51258:51335 [6] NCCL INFO New proxy recv connection 76 from local rank 6, transport 0
nid005001:51258:51258 [6] NCCL INFO Connected to proxy localRank 6 -> connection 0x14a9e00037c0
nid005001:51255:51255 [2] NCCL INFO Channel 01/0 : 2[c9000] -> 10[c9000] [send] via NET/Libfabric/1 comm 0x561cb6d30be0 nRanks 16
nid005001:51255:51255 [2] NCCL INFO GPU Direct RDMA Disabled for GPU c9000 / HCA 1 (distance 6 > 0)
nid005001:51257:51336 [4] NCCL INFO New proxy recv connection 80 from local rank 4, transport 0
nid005001:51257:51257 [4] NCCL INFO Connected to proxy localRank 4 -> connection 0x152e7c0039a0
nid005001:51255:51337 [2] NCCL INFO New proxy send connection 77 from local rank 2, transport 2
nid005001:51255:51255 [2] NCCL INFO Connected to proxy localRank 2 -> connection 0x147c84003838
nid005001:51255:51255 [2] NCCL INFO Channel 05/0 : 2[c9000] -> 10[c9000] [send] via NET/Libfabric/1 comm 0x561cb6d30be0 nRanks 16
nid005001:51255:51255 [2] NCCL INFO GPU Direct RDMA Disabled for GPU c9000 / HCA 1 (distance 6 > 0)
nid005001:51255:51337 [2] NCCL INFO New proxy send connection 78 from local rank 2, transport 2
nid005001:51255:51255 [2] NCCL INFO Connected to proxy localRank 2 -> connection 0x147c840038b0
nid005001:51255:51255 [2] NCCL INFO Channel 09/0 : 2[c9000] -> 10[c9000] [send] via NET/Libfabric/1 comm 0x561cb6d30be0 nRanks 16
nid005001:51255:51255 [2] NCCL INFO GPU Direct RDMA Disabled for GPU c9000 / HCA 1 (distance 6 > 0)
nid005001:51255:51337 [2] NCCL INFO New proxy send connection 79 from local rank 2, transport 2
nid005001:51255:51255 [2] NCCL INFO Connected to proxy localRank 2 -> connection 0x147c84003928
nid005001:51255:51255 [2] NCCL INFO Channel 13/0 : 2[c9000] -> 10[c9000] [send] via NET/Libfabric/1 comm 0x561cb6d30be0 nRanks 16
nid005001:51255:51337 [2] NCCL INFO New proxy recv connection 80 from local rank 2, transport 0
nid005001:51255:51255 [2] NCCL INFO Connected to proxy localRank 2 -> connection 0x147c840039a0
nid005005:91505:91588 [2] NCCL INFO New proxy recv connection 80 from local rank 2, transport 0
nid005005:91505:91505 [2] NCCL INFO Connected to proxy localRank 2 -> connection 0x14d0780039a0
nid005001:51259:51259 [7] NCCL INFO GPU Direct RDMA Disabled for GPU de000 / HCA 3 (distance 6 > 0)
nid005001:51259:51338 [7] NCCL INFO New proxy send connection 76 from local rank 7, transport 2
nid005001:51259:51259 [7] NCCL INFO Connected to proxy localRank 7 -> connection 0x1453ac0037c0
nid005001:51256:51340 [3] NCCL INFO New proxy recv connection 80 from local rank 3, transport 0
nid005001:51256:51256 [3] NCCL INFO Connected to proxy localRank 3 -> connection 0x14c6940039a0
nid005001:51259:51259 [7] NCCL INFO Channel 02/0 : 7[de000] -> 15[de000] [send] via NET/Libfabric/3 comm 0x55cec4cea9e0 nRanks 16
nid005001:51259:51259 [7] NCCL INFO GPU Direct RDMA Disabled for GPU de000 / HCA 3 (distance 6 > 0)
nid005001:51259:51338 [7] NCCL INFO New proxy send connection 77 from local rank 7, transport 2
nid005001:51259:51259 [7] NCCL INFO Connected to proxy localRank 7 -> connection 0x1453ac003838
nid005001:51259:51259 [7] NCCL INFO Channel 06/0 : 7[de000] -> 15[de000] [send] via NET/Libfabric/3 comm 0x55cec4cea9e0 nRanks 16
nid005001:51259:51259 [7] NCCL INFO GPU Direct RDMA Disabled for GPU de000 / HCA 3 (distance 6 > 0)
nid005001:51259:51338 [7] NCCL INFO New proxy send connection 78 from local rank 7, transport 2
nid005001:51259:51259 [7] NCCL INFO Connected to proxy localRank 7 -> connection 0x1453ac0038b0
nid005001:51259:51259 [7] NCCL INFO Channel 10/0 : 7[de000] -> 15[de000] [send] via NET/Libfabric/3 comm 0x55cec4cea9e0 nRanks 16
nid005001:51259:51259 [7] NCCL INFO GPU Direct RDMA Disabled for GPU de000 / HCA 3 (distance 6 > 0)
nid005001:51259:51338 [7] NCCL INFO New proxy send connection 79 from local rank 7, transport 2
nid005001:51259:51259 [7] NCCL INFO Connected to proxy localRank 7 -> connection 0x1453ac003928
nid005001:51259:51259 [7] NCCL INFO Channel 14/0 : 7[de000] -> 15[de000] [send] via NET/Libfabric/3 comm 0x55cec4cea9e0 nRanks 16
nid005001:51259:51259 [7] NCCL INFO Channel 01/0 : 7[de000] -> 3[ce000] via P2P/IPC comm 0x55cec4cea9e0 nRanks 16
nid005005:91501:91501 [4] NCCL INFO Channel 03/0 : 12[d1000] -> 10[c9000] via P2P/IPC comm 0x55e4108ea9c0 nRanks 16
nid005005:91501:91589 [4] NCCL INFO New proxy send connection 84 from local rank 4, transport 0
nid005001:51259:51338 [7] NCCL INFO New proxy send connection 80 from local rank 7, transport 0
nid005001:51259:51259 [7] NCCL INFO Connected to proxy localRank 7 -> connection 0x1453ac0039a0
nid005005:91501:91501 [4] NCCL INFO Connected to proxy localRank 4 -> connection 0x14d8a8003b80
nid005005:91506:91506 [7] NCCL INFO Channel 00/0 : 15[de000] -> 11[ce000] via P2P/IPC comm 0x5596d7683540 nRanks 16
nid005005:91506:91584 [7] NCCL INFO New proxy send connection 80 from local rank 7, transport 0
nid005005:91506:91506 [7] NCCL INFO Connected to proxy localRank 7 -> connection 0x145a8c0039a0
nid005005:91500:91586 [3] NCCL INFO New proxy recv connection 82 from local rank 3, transport 0
nid005005:91500:91500 [3] NCCL INFO Connected to proxy localRank 3 -> connection 0x14d6bc003a90
nid005005:91502:91587 [6] NCCL INFO New proxy recv connection 79 from local rank 6, transport 0
nid005005:91502:91502 [6] NCCL INFO Connected to proxy localRank 6 -> connection 0x145b34003928
nid005005:91499:91590 [1] NCCL INFO New proxy recv connection 82 from local rank 1, transport 0
nid005005:91499:91499 [1] NCCL INFO Connected to proxy localRank 1 -> connection 0x150fec003a90
nid005001:51258:51335 [6] NCCL INFO New proxy recv connection 77 from local rank 6, transport 0
nid005001:51258:51258 [6] NCCL INFO Connected to proxy localRank 6 -> connection 0x14a9e0003838
nid005001:51257:51336 [4] NCCL INFO New proxy recv connection 81 from local rank 4, transport 0
nid005001:51257:51257 [4] NCCL INFO Connected to proxy localRank 4 -> connection 0x152e7c003a18
nid005001:51255:51337 [2] NCCL INFO New proxy recv connection 81 from local rank 2, transport 0
nid005001:51255:51255 [2] NCCL INFO Connected to proxy localRank 2 -> connection 0x147c84003a18
nid005001:51256:51340 [3] NCCL INFO New proxy recv connection 81 from local rank 3, transport 0
nid005001:51256:51256 [3] NCCL INFO Connected to proxy localRank 3 -> connection 0x14c694003a18
nid005001:51260:51260 [5] NCCL INFO GPU Direct RDMA Disabled for GPU d6000 / HCA 2 (distance 6 > 0)
nid005001:51260:51339 [5] NCCL INFO New proxy send connection 76 from local rank 5, transport 2
nid005001:51253:51347 [1] NCCL INFO New proxy recv connection 80 from local rank 1, transport 0
nid005001:51253:51253 [1] NCCL INFO Connected to proxy localRank 1 -> connection 0x149e840039a0
nid005001:51260:51260 [5] NCCL INFO Connected to proxy localRank 5 -> connection 0x14e7ec0037c0
nid005005:91501:91501 [4] NCCL INFO Channel 07/0 : 12[d1000] -> 10[c9000] via P2P/IPC comm 0x55e4108ea9c0 nRanks 16
nid005005:91501:91589 [4] NCCL INFO New proxy send connection 85 from local rank 4, transport 0
nid005001:51260:51260 [5] NCCL INFO Channel 03/0 : 5[d6000] -> 13[d6000] [send] via NET/Libfabric/2 comm 0x563c5568fc70 nRanks 16
nid005001:51260:51260 [5] NCCL INFO GPU Direct RDMA Disabled for GPU d6000 / HCA 2 (distance 6 > 0)
nid005001:51260:51339 [5] NCCL INFO New proxy send connection 77 from local rank 5, transport 2
nid005001:51260:51260 [5] NCCL INFO Connected to proxy localRank 5 -> connection 0x14e7ec003838
nid005001:51260:51260 [5] NCCL INFO Channel 07/0 : 5[d6000] -> 13[d6000] [send] via NET/Libfabric/2 comm 0x563c5568fc70 nRanks 16
nid005001:51260:51260 [5] NCCL INFO GPU Direct RDMA Disabled for GPU d6000 / HCA 2 (distance 6 > 0)
nid005005:91501:91501 [4] NCCL INFO Connected to proxy localRank 4 -> connection 0x14d8a8003bf8
nid005001:51260:51339 [5] NCCL INFO New proxy send connection 78 from local rank 5, transport 2
nid005001:51260:51260 [5] NCCL INFO Connected to proxy localRank 5 -> connection 0x14e7ec0038b0
nid005001:51260:51260 [5] NCCL INFO Channel 11/0 : 5[d6000] -> 13[d6000] [send] via NET/Libfabric/2 comm 0x563c5568fc70 nRanks 16
nid005001:51260:51260 [5] NCCL INFO GPU Direct RDMA Disabled for GPU d6000 / HCA 2 (distance 6 > 0)
nid005001:51260:51339 [5] NCCL INFO New proxy send connection 79 from local rank 5, transport 2
nid005001:51260:51260 [5] NCCL INFO Connected to proxy localRank 5 -> connection 0x14e7ec003928
nid005001:51260:51260 [5] NCCL INFO Channel 15/0 : 5[d6000] -> 13[d6000] [send] via NET/Libfabric/2 comm 0x563c5568fc70 nRanks 16
nid005005:91505:91588 [2] NCCL INFO New proxy recv connection 81 from local rank 2, transport 0
nid005005:91505:91505 [2] NCCL INFO Connected to proxy localRank 2 -> connection 0x14d078003a18
nid005001:51260:51260 [5] NCCL INFO Channel 00/0 : 5[d6000] -> 1[c6000] via P2P/IPC comm 0x563c5568fc70 nRanks 16
nid005001:51260:51339 [5] NCCL INFO New proxy send connection 80 from local rank 5, transport 0
nid005001:51260:51260 [5] NCCL INFO Connected to proxy localRank 5 -> connection 0x14e7ec0039a0
nid005005:91503:91503 [5] NCCL INFO Channel 01/0 : 13[d6000] -> 9[c6000] via P2P/IPC comm 0x55ca05633170 nRanks 16
nid005005:91503:91585 [5] NCCL INFO New proxy send connection 80 from local rank 5, transport 0
nid005005:91503:91503 [5] NCCL INFO Connected to proxy localRank 5 -> connection 0x14cb580039a0
nid005005:91500:91586 [3] NCCL INFO New proxy recv connection 83 from local rank 3, transport 0
nid005005:91500:91500 [3] NCCL INFO Connected to proxy localRank 3 -> connection 0x14d6bc003b08
nid005005:91506:91506 [7] NCCL INFO Channel 04/0 : 15[de000] -> 11[ce000] via P2P/IPC comm 0x5596d7683540 nRanks 16
nid005005:91506:91584 [7] NCCL INFO New proxy send connection 81 from local rank 7, transport 0
nid005005:91506:91506 [7] NCCL INFO Connected to proxy localRank 7 -> connection 0x145a8c003a18
nid005001:51259:51259 [7] NCCL INFO Channel 05/0 : 7[de000] -> 3[ce000] via P2P/IPC comm 0x55cec4cea9e0 nRanks 16
nid005001:51259:51338 [7] NCCL INFO New proxy send connection 81 from local rank 7, transport 0
nid005001:51259:51259 [7] NCCL INFO Connected to proxy localRank 7 -> connection 0x1453ac003a18
nid005001:51258:51335 [6] NCCL INFO New proxy recv connection 78 from local rank 6, transport 0
nid005001:51258:51258 [6] NCCL INFO Connected to proxy localRank 6 -> connection 0x14a9e00038b0
nid005001:51257:51336 [4] NCCL INFO New proxy recv connection 82 from local rank 4, transport 0
nid005001:51257:51257 [4] NCCL INFO Connected to proxy localRank 4 -> connection 0x152e7c003a90
nid005005:91499:91590 [1] NCCL INFO New proxy recv connection 83 from local rank 1, transport 0
nid005005:91499:91499 [1] NCCL INFO Connected to proxy localRank 1 -> connection 0x150fec003b08
nid005005:91504:91504 [0] NCCL INFO GPU Direct RDMA Disabled for GPU c1000 / HCA 0 (distance 6 > 0)
nid005005:91502:91502 [6] NCCL INFO Channel 02/0 : 14[d9000] -> 8[c1000] via P2P/IPC comm 0x561f3491e030 nRanks 16
nid005005:91504:91591 [0] NCCL INFO New proxy recv connection 76 from local rank 0, transport 2
nid005005:91502:91587 [6] NCCL INFO New proxy send connection 80 from local rank 6, transport 0
nid005005:91502:91502 [6] NCCL INFO Connected to proxy localRank 6 -> connection 0x145b340039a0
nid005005:91504:91504 [0] NCCL INFO Connected to proxy localRank 0 -> connection 0x14dcfc0037c0
nid005001:51256:51340 [3] NCCL INFO New proxy recv connection 82 from local rank 3, transport 0
nid005001:51256:51256 [3] NCCL INFO Connected to proxy localRank 3 -> connection 0x14c694003a90
nid005005:91504:91504 [0] NCCL INFO Channel 00/0 : 0[c1000] -> 8[c1000] [receive] via NET/Libfabric/0 comm 0x55e0518f3280 nRanks 16
nid005005:91504:91504 [0] NCCL INFO GPU Direct RDMA Disabled for GPU c1000 / HCA 0 (distance 6 > 0)
nid005005:91504:91591 [0] NCCL INFO New proxy recv connection 77 from local rank 0, transport 2
nid005005:91501:91501 [4] NCCL INFO Channel 11/0 : 12[d1000] -> 10[c9000] via P2P/IPC comm 0x55e4108ea9c0 nRanks 16
nid005005:91504:91504 [0] NCCL INFO Connected to proxy localRank 0 -> connection 0x14dcfc003838
nid005005:91501:91589 [4] NCCL INFO New proxy send connection 86 from local rank 4, transport 0
nid005005:91501:91501 [4] NCCL INFO Connected to proxy localRank 4 -> connection 0x14d8a8003c70
nid005005:91504:91504 [0] NCCL INFO Channel 04/0 : 0[c1000] -> 8[c1000] [receive] via NET/Libfabric/0 comm 0x55e0518f3280 nRanks 16
nid005005:91504:91504 [0] NCCL INFO GPU Direct RDMA Disabled for GPU c1000 / HCA 0 (distance 6 > 0)
nid005005:91504:91591 [0] NCCL INFO New proxy recv connection 78 from local rank 0, transport 2
nid005005:91504:91504 [0] NCCL INFO Connected to proxy localRank 0 -> connection 0x14dcfc0038b0
nid005005:91504:91504 [0] NCCL INFO Channel 08/0 : 0[c1000] -> 8[c1000] [receive] via NET/Libfabric/0 comm 0x55e0518f3280 nRanks 16
nid005005:91504:91504 [0] NCCL INFO GPU Direct RDMA Disabled for GPU c1000 / HCA 0 (distance 6 > 0)
nid005005:91504:91591 [0] NCCL INFO New proxy recv connection 79 from local rank 0, transport 2
nid005001:51255:51337 [2] NCCL INFO New proxy recv connection 82 from local rank 2, transport 0
nid005001:51255:51255 [2] NCCL INFO Connected to proxy localRank 2 -> connection 0x147c84003a90
nid005005:91504:91504 [0] NCCL INFO Connected to proxy localRank 0 -> connection 0x14dcfc003928
nid005005:91504:91504 [0] NCCL INFO Channel 12/0 : 0[c1000] -> 8[c1000] [receive] via NET/Libfabric/0 comm 0x55e0518f3280 nRanks 16
nid005005:91503:91503 [5] NCCL INFO Channel 05/0 : 13[d6000] -> 9[c6000] via P2P/IPC comm 0x55ca05633170 nRanks 16
nid005005:91503:91585 [5] NCCL INFO New proxy send connection 81 from local rank 5, transport 0
nid005005:91503:91503 [5] NCCL INFO Connected to proxy localRank 5 -> connection 0x14cb58003a18
nid005005:91506:91506 [7] NCCL INFO Channel 08/0 : 15[de000] -> 11[ce000] via P2P/IPC comm 0x5596d7683540 nRanks 16
nid005001:51253:51347 [1] NCCL INFO New proxy recv connection 81 from local rank 1, transport 0
nid005001:51253:51253 [1] NCCL INFO Connected to proxy localRank 1 -> connection 0x149e84003a18
nid005005:91506:91584 [7] NCCL INFO New proxy send connection 82 from local rank 7, transport 0
nid005005:91506:91506 [7] NCCL INFO Connected to proxy localRank 7 -> connection 0x145a8c003a90
nid005001:51258:51335 [6] NCCL INFO New proxy recv connection 79 from local rank 6, transport 0
nid005001:51258:51258 [6] NCCL INFO Connected to proxy localRank 6 -> connection 0x14a9e0003928
nid005001:51257:51336 [4] NCCL INFO New proxy recv connection 83 from local rank 4, transport 0
nid005001:51257:51257 [4] NCCL INFO Connected to proxy localRank 4 -> connection 0x152e7c003b08
nid005005:91505:91588 [2] NCCL INFO New proxy recv connection 82 from local rank 2, transport 0
nid005005:91505:91505 [2] NCCL INFO Connected to proxy localRank 2 -> connection 0x14d078003a90
nid005001:51260:51260 [5] NCCL INFO Channel 04/0 : 5[d6000] -> 1[c6000] via P2P/IPC comm 0x563c5568fc70 nRanks 16
nid005001:51260:51339 [5] NCCL INFO New proxy send connection 81 from local rank 5, transport 0
nid005001:51260:51260 [5] NCCL INFO Connected to proxy localRank 5 -> connection 0x14e7ec003a18
nid005001:51259:51259 [7] NCCL INFO Channel 09/0 : 7[de000] -> 3[ce000] via P2P/IPC comm 0x55cec4cea9e0 nRanks 16
nid005001:51259:51338 [7] NCCL INFO New proxy send connection 82 from local rank 7, transport 0
nid005001:51259:51259 [7] NCCL INFO Connected to proxy localRank 7 -> connection 0x1453ac003a90
nid005001:51256:51340 [3] NCCL INFO New proxy recv connection 83 from local rank 3, transport 0
nid005001:51256:51256 [3] NCCL INFO Connected to proxy localRank 3 -> connection 0x14c694003b08
nid005005:91501:91501 [4] NCCL INFO Channel 15/0 : 12[d1000] -> 10[c9000] via P2P/IPC comm 0x55e4108ea9c0 nRanks 16
nid005005:91501:91589 [4] NCCL INFO New proxy send connection 87 from local rank 4, transport 0
nid005005:91501:91501 [4] NCCL INFO Connected to proxy localRank 4 -> connection 0x14d8a8003ce8
nid005005:91503:91503 [5] NCCL INFO Channel 09/0 : 13[d6000] -> 9[c6000] via P2P/IPC comm 0x55ca05633170 nRanks 16
nid005005:91503:91585 [5] NCCL INFO New proxy send connection 82 from local rank 5, transport 0
nid005005:91503:91503 [5] NCCL INFO Connected to proxy localRank 5 -> connection 0x14cb58003a90
nid005001:51255:51337 [2] NCCL INFO New proxy recv connection 83 from local rank 2, transport 0
nid005001:51255:51255 [2] NCCL INFO Connected to proxy localRank 2 -> connection 0x147c84003b08
nid005005:91502:91502 [6] NCCL INFO Channel 06/0 : 14[d9000] -> 8[c1000] via P2P/IPC comm 0x561f3491e030 nRanks 16
nid005005:91502:91587 [6] NCCL INFO New proxy send connection 81 from local rank 6, transport 0
nid005005:91502:91502 [6] NCCL INFO Connected to proxy localRank 6 -> connection 0x145b34003a18
nid005005:91506:91506 [7] NCCL INFO Channel 12/0 : 15[de000] -> 11[ce000] via P2P/IPC comm 0x5596d7683540 nRanks 16
nid005005:91506:91584 [7] NCCL INFO New proxy send connection 83 from local rank 7, transport 0
nid005001:51257:51257 [4] NCCL INFO Channel 02/0 : 4[d1000] -> 2[c9000] via P2P/IPC comm 0x556f08767700 nRanks 16
nid005001:51257:51336 [4] NCCL INFO New proxy send connection 84 from local rank 4, transport 0
nid005001:51257:51257 [4] NCCL INFO Connected to proxy localRank 4 -> connection 0x152e7c003b80
nid005001:51254:51254 [0] NCCL INFO GPU Direct RDMA Disabled for GPU c1000 / HCA 0 (distance 6 > 0)
nid005001:51258:51258 [6] NCCL INFO Channel 03/0 : 6[d9000] -> 0[c1000] via P2P/IPC comm 0x559d73d29040 nRanks 16
nid005005:91506:91506 [7] NCCL INFO Connected to proxy localRank 7 -> connection 0x145a8c003b08
nid005001:51258:51335 [6] NCCL INFO New proxy send connection 80 from local rank 6, transport 0
nid005001:51254:51348 [0] NCCL INFO New proxy send connection 76 from local rank 0, transport 2
nid005001:51258:51258 [6] NCCL INFO Connected to proxy localRank 6 -> connection 0x14a9e00039a0
nid005001:51254:51254 [0] NCCL INFO Connected to proxy localRank 0 -> connection 0x147a400037c0
nid005001:51254:51254 [0] NCCL INFO Channel 00/0 : 0[c1000] -> 8[c1000] [send] via NET/Libfabric/0 comm 0x55bd836e47a0 nRanks 16
nid005001:51254:51254 [0] NCCL INFO GPU Direct RDMA Disabled for GPU c1000 / HCA 0 (distance 6 > 0)
nid005001:51254:51348 [0] NCCL INFO New proxy send connection 77 from local rank 0, transport 2
nid005001:51254:51254 [0] NCCL INFO Connected to proxy localRank 0 -> connection 0x147a40003838
nid005001:51254:51254 [0] NCCL INFO Channel 04/0 : 0[c1000] -> 8[c1000] [send] via NET/Libfabric/0 comm 0x55bd836e47a0 nRanks 16
nid005001:51254:51254 [0] NCCL INFO GPU Direct RDMA Disabled for GPU c1000 / HCA 0 (distance 6 > 0)
nid005001:51254:51348 [0] NCCL INFO New proxy send connection 78 from local rank 0, transport 2
nid005001:51254:51254 [0] NCCL INFO Connected to proxy localRank 0 -> connection 0x147a400038b0
nid005001:51254:51254 [0] NCCL INFO Channel 08/0 : 0[c1000] -> 8[c1000] [send] via NET/Libfabric/0 comm 0x55bd836e47a0 nRanks 16
nid005001:51254:51254 [0] NCCL INFO GPU Direct RDMA Disabled for GPU c1000 / HCA 0 (distance 6 > 0)
nid005001:51254:51348 [0] NCCL INFO New proxy send connection 79 from local rank 0, transport 2
nid005001:51254:51254 [0] NCCL INFO Connected to proxy localRank 0 -> connection 0x147a40003928
nid005005:91505:91588 [2] NCCL INFO New proxy recv connection 83 from local rank 2, transport 0
nid005005:91505:91505 [2] NCCL INFO Connected to proxy localRank 2 -> connection 0x14d078003b08
nid005001:51254:51254 [0] NCCL INFO Channel 12/0 : 0[c1000] -> 8[c1000] [send] via NET/Libfabric/0 comm 0x55bd836e47a0 nRanks 16
nid005001:51254:51348 [0] NCCL INFO New proxy recv connection 80 from local rank 0, transport 0
nid005001:51254:51254 [0] NCCL INFO Connected to proxy localRank 0 -> connection 0x147a400039a0
nid005005:91504:91591 [0] NCCL INFO New proxy recv connection 80 from local rank 0, transport 0
nid005001:51253:51347 [1] NCCL INFO New proxy recv connection 82 from local rank 1, transport 0
nid005001:51253:51253 [1] NCCL INFO Connected to proxy localRank 1 -> connection 0x149e84003a90
nid005005:91504:91504 [0] NCCL INFO Connected to proxy localRank 0 -> connection 0x14dcfc0039a0
nid005001:51260:51260 [5] NCCL INFO Channel 08/0 : 5[d6000] -> 1[c6000] via P2P/IPC comm 0x563c5568fc70 nRanks 16
nid005001:51260:51339 [5] NCCL INFO New proxy send connection 82 from local rank 5, transport 0
nid005001:51260:51260 [5] NCCL INFO Connected to proxy localRank 5 -> connection 0x14e7ec003a90
nid005005:91503:91503 [5] NCCL INFO Channel 13/0 : 13[d6000] -> 9[c6000] via P2P/IPC comm 0x55ca05633170 nRanks 16
nid005005:91503:91585 [5] NCCL INFO New proxy send connection 83 from local rank 5, transport 0
nid005005:91503:91503 [5] NCCL INFO Connected to proxy localRank 5 -> connection 0x14cb58003b08
nid005001:51259:51259 [7] NCCL INFO Channel 13/0 : 7[de000] -> 3[ce000] via P2P/IPC comm 0x55cec4cea9e0 nRanks 16
nid005001:51259:51338 [7] NCCL INFO New proxy send connection 83 from local rank 7, transport 0
nid005001:51259:51259 [7] NCCL INFO Connected to proxy localRank 7 -> connection 0x1453ac003b08
nid005001:51258:51258 [6] NCCL INFO Channel 07/0 : 6[d9000] -> 0[c1000] via P2P/IPC comm 0x559d73d29040 nRanks 16
nid005001:51258:51335 [6] NCCL INFO New proxy send connection 81 from local rank 6, transport 0
nid005001:51258:51258 [6] NCCL INFO Connected to proxy localRank 6 -> connection 0x14a9e0003a18
nid005005:91500:91500 [3] NCCL INFO Channel 03/0 : 11[ce000] -> 9[c6000] via P2P/IPC comm 0x555b968350e0 nRanks 16
nid005005:91500:91586 [3] NCCL INFO New proxy send connection 84 from local rank 3, transport 0
nid005005:91500:91500 [3] NCCL INFO Connected to proxy localRank 3 -> connection 0x14d6bc003b80
nid005005:91506:91506 [7] NCCL INFO Channel 01/0 : 15[de000] -> 14[d9000] via P2P/IPC comm 0x5596d7683540 nRanks 16
nid005005:91506:91584 [7] NCCL INFO New proxy send connection 84 from local rank 7, transport 0
nid005005:91506:91506 [7] NCCL INFO Connected to proxy localRank 7 -> connection 0x145a8c003b80
nid005001:51257:51257 [4] NCCL INFO Channel 06/0 : 4[d1000] -> 2[c9000] via P2P/IPC comm 0x556f08767700 nRanks 16
nid005001:51257:51336 [4] NCCL INFO New proxy send connection 85 from local rank 4, transport 0
nid005001:51257:51257 [4] NCCL INFO Connected to proxy localRank 4 -> connection 0x152e7c003bf8
nid005005:91505:91588 [2] NCCL INFO New proxy recv connection 84 from local rank 2, transport 0
nid005005:91505:91505 [2] NCCL INFO Connected to proxy localRank 2 -> connection 0x14d078003b80
nid005005:91502:91502 [6] NCCL INFO Channel 10/0 : 14[d9000] -> 8[c1000] via P2P/IPC comm 0x561f3491e030 nRanks 16
nid005005:91502:91587 [6] NCCL INFO New proxy send connection 82 from local rank 6, transport 0
nid005005:91502:91502 [6] NCCL INFO Connected to proxy localRank 6 -> connection 0x145b34003a90
nid005005:91499:91590 [1] NCCL INFO New proxy recv connection 84 from local rank 1, transport 0
nid005005:91504:91591 [0] NCCL INFO New proxy recv connection 81 from local rank 0, transport 0
nid005005:91504:91504 [0] NCCL INFO Connected to proxy localRank 0 -> connection 0x14dcfc003a18
nid005005:91503:91503 [5] NCCL INFO Channel 00/0 : 13[d6000] -> 12[d1000] via P2P/IPC comm 0x55ca05633170 nRanks 16
nid005005:91499:91499 [1] NCCL INFO Connected to proxy localRank 1 -> connection 0x150fec003b80
nid005005:91503:91585 [5] NCCL INFO New proxy send connection 84 from local rank 5, transport 0
nid005005:91503:91503 [5] NCCL INFO Connected to proxy localRank 5 -> connection 0x14cb58003b80
nid005001:51260:51260 [5] NCCL INFO Channel 12/0 : 5[d6000] -> 1[c6000] via P2P/IPC comm 0x563c5568fc70 nRanks 16
nid005001:51260:51339 [5] NCCL INFO New proxy send connection 83 from local rank 5, transport 0
nid005001:51260:51260 [5] NCCL INFO Connected to proxy localRank 5 -> connection 0x14e7ec003b08
nid005001:51254:51348 [0] NCCL INFO New proxy recv connection 81 from local rank 0, transport 0
nid005001:51254:51254 [0] NCCL INFO Connected to proxy localRank 0 -> connection 0x147a40003a18
nid005001:51253:51347 [1] NCCL INFO New proxy recv connection 83 from local rank 1, transport 0
nid005001:51253:51253 [1] NCCL INFO Connected to proxy localRank 1 -> connection 0x149e84003b08
nid005001:51256:51256 [3] NCCL INFO Channel 02/0 : 3[ce000] -> 1[c6000] via P2P/IPC comm 0x55d595467d90 nRanks 16
nid005001:51259:51259 [7] NCCL INFO Channel 00/0 : 7[de000] -> 6[d9000] via P2P/IPC comm 0x55cec4cea9e0 nRanks 16
nid005001:51259:51338 [7] NCCL INFO New proxy send connection 84 from local rank 7, transport 0
nid005001:51256:51340 [3] NCCL INFO New proxy send connection 84 from local rank 3, transport 0
nid005001:51256:51256 [3] NCCL INFO Connected to proxy localRank 3 -> connection 0x14c694003b80
nid005001:51259:51259 [7] NCCL INFO Connected to proxy localRank 7 -> connection 0x1453ac003b80
nid005001:51258:51258 [6] NCCL INFO Channel 11/0 : 6[d9000] -> 0[c1000] via P2P/IPC comm 0x559d73d29040 nRanks 16
nid005001:51258:51335 [6] NCCL INFO New proxy send connection 82 from local rank 6, transport 0
nid005001:51258:51258 [6] NCCL INFO Connected to proxy localRank 6 -> connection 0x14a9e0003a90
nid005005:91500:91500 [3] NCCL INFO Channel 07/0 : 11[ce000] -> 9[c6000] via P2P/IPC comm 0x555b968350e0 nRanks 16
nid005005:91500:91586 [3] NCCL INFO New proxy send connection 85 from local rank 3, transport 0
nid005005:91500:91500 [3] NCCL INFO Connected to proxy localRank 3 -> connection 0x14d6bc003bf8
nid005005:91506:91506 [7] NCCL INFO Channel 02/0 : 15[de000] -> 14[d9000] via P2P/IPC comm 0x5596d7683540 nRanks 16
nid005005:91506:91584 [7] NCCL INFO New proxy send connection 85 from local rank 7, transport 0
nid005005:91506:91506 [7] NCCL INFO Connected to proxy localRank 7 -> connection 0x145a8c003bf8
nid005005:91503:91503 [5] NCCL INFO Channel 03/0 : 13[d6000] -> 12[d1000] via P2P/IPC comm 0x55ca05633170 nRanks 16
nid005005:91503:91585 [5] NCCL INFO New proxy send connection 85 from local rank 5, transport 0
nid005005:91503:91503 [5] NCCL INFO Connected to proxy localRank 5 -> connection 0x14cb58003bf8
nid005005:91505:91588 [2] NCCL INFO New proxy recv connection 85 from local rank 2, transport 0
nid005005:91505:91505 [2] NCCL INFO Connected to proxy localRank 2 -> connection 0x14d078003bf8
nid005001:51257:51257 [4] NCCL INFO Channel 10/0 : 4[d1000] -> 2[c9000] via P2P/IPC comm 0x556f08767700 nRanks 16
nid005001:51257:51336 [4] NCCL INFO New proxy send connection 86 from local rank 4, transport 0
nid005001:51257:51257 [4] NCCL INFO Connected to proxy localRank 4 -> connection 0x152e7c003c70
nid005005:91504:91591 [0] NCCL INFO New proxy recv connection 82 from local rank 0, transport 0
nid005005:91504:91504 [0] NCCL INFO Connected to proxy localRank 0 -> connection 0x14dcfc003a90
nid005005:91502:91502 [6] NCCL INFO Channel 14/0 : 14[d9000] -> 8[c1000] via P2P/IPC comm 0x561f3491e030 nRanks 16
nid005005:91502:91587 [6] NCCL INFO New proxy send connection 83 from local rank 6, transport 0
nid005005:91502:91502 [6] NCCL INFO Connected to proxy localRank 6 -> connection 0x145b34003b08
nid005005:91499:91590 [1] NCCL INFO New proxy recv connection 85 from local rank 1, transport 0
nid005005:91499:91499 [1] NCCL INFO Connected to proxy localRank 1 -> connection 0x150fec003bf8
nid005001:51258:51258 [6] NCCL INFO Channel 15/0 : 6[d9000] -> 0[c1000] via P2P/IPC comm 0x559d73d29040 nRanks 16
nid005001:51258:51335 [6] NCCL INFO New proxy send connection 83 from local rank 6, transport 0
nid005001:51258:51258 [6] NCCL INFO Connected to proxy localRank 6 -> connection 0x14a9e0003b08
nid005001:51256:51256 [3] NCCL INFO Channel 06/0 : 3[ce000] -> 1[c6000] via P2P/IPC comm 0x55d595467d90 nRanks 16
nid005001:51256:51340 [3] NCCL INFO New proxy send connection 85 from local rank 3, transport 0
nid005001:51256:51256 [3] NCCL INFO Connected to proxy localRank 3 -> connection 0x14c694003bf8
nid005005:91500:91500 [3] NCCL INFO Channel 11/0 : 11[ce000] -> 9[c6000] via P2P/IPC comm 0x555b968350e0 nRanks 16
nid005005:91500:91586 [3] NCCL INFO New proxy send connection 86 from local rank 3, transport 0
nid005005:91500:91500 [3] NCCL INFO Connected to proxy localRank 3 -> connection 0x14d6bc003c70
nid005001:51259:51259 [7] NCCL INFO Channel 03/0 : 7[de000] -> 6[d9000] via P2P/IPC comm 0x55cec4cea9e0 nRanks 16
nid005001:51254:51348 [0] NCCL INFO New proxy recv connection 82 from local rank 0, transport 0
nid005001:51254:51254 [0] NCCL INFO Connected to proxy localRank 0 -> connection 0x147a40003a90
nid005001:51259:51338 [7] NCCL INFO New proxy send connection 85 from local rank 7, transport 0
nid005001:51259:51259 [7] NCCL INFO Connected to proxy localRank 7 -> connection 0x1453ac003bf8
nid005005:91506:91506 [7] NCCL INFO Channel 05/0 : 15[de000] -> 14[d9000] via P2P/IPC comm 0x5596d7683540 nRanks 16
nid005005:91506:91584 [7] NCCL INFO New proxy send connection 86 from local rank 7, transport 0
nid005005:91506:91506 [7] NCCL INFO Connected to proxy localRank 7 -> connection 0x145a8c003c70
nid005005:91503:91503 [5] NCCL INFO Channel 04/0 : 13[d6000] -> 12[d1000] via P2P/IPC comm 0x55ca05633170 nRanks 16
nid005005:91503:91585 [5] NCCL INFO New proxy send connection 86 from local rank 5, transport 0
nid005005:91503:91503 [5] NCCL INFO Connected to proxy localRank 5 -> connection 0x14cb58003c70
nid005001:51260:51260 [5] NCCL INFO Channel 01/0 : 5[d6000] -> 4[d1000] via P2P/IPC comm 0x563c5568fc70 nRanks 16
nid005001:51260:51339 [5] NCCL INFO New proxy send connection 84 from local rank 5, transport 0
nid005001:51260:51260 [5] NCCL INFO Connected to proxy localRank 5 -> connection 0x14e7ec003b80
nid005001:51253:51347 [1] NCCL INFO New proxy recv connection 84 from local rank 1, transport 0
nid005001:51253:51253 [1] NCCL INFO Connected to proxy localRank 1 -> connection 0x149e84003b80
nid005005:91504:91591 [0] NCCL INFO New proxy recv connection 83 from local rank 0, transport 0
nid005005:91504:91504 [0] NCCL INFO Connected to proxy localRank 0 -> connection 0x14dcfc003b08
nid005001:51257:51257 [4] NCCL INFO Channel 14/0 : 4[d1000] -> 2[c9000] via P2P/IPC comm 0x556f08767700 nRanks 16
nid005001:51257:51336 [4] NCCL INFO New proxy send connection 87 from local rank 4, transport 0
nid005001:51257:51257 [4] NCCL INFO Connected to proxy localRank 4 -> connection 0x152e7c003ce8
nid005005:91505:91588 [2] NCCL INFO New proxy recv connection 86 from local rank 2, transport 0
nid005005:91505:91505 [2] NCCL INFO Connected to proxy localRank 2 -> connection 0x14d078003c70
nid005001:51256:51256 [3] NCCL INFO Channel 10/0 : 3[ce000] -> 1[c6000] via P2P/IPC comm 0x55d595467d90 nRanks 16
nid005001:51256:51340 [3] NCCL INFO New proxy send connection 86 from local rank 3, transport 0
nid005001:51256:51256 [3] NCCL INFO Connected to proxy localRank 3 -> connection 0x14c694003c70
nid005005:91500:91500 [3] NCCL INFO Channel 15/0 : 11[ce000] -> 9[c6000] via P2P/IPC comm 0x555b968350e0 nRanks 16
nid005005:91500:91586 [3] NCCL INFO New proxy send connection 87 from local rank 3, transport 0
nid005005:91500:91500 [3] NCCL INFO Connected to proxy localRank 3 -> connection 0x14d6bc003ce8
nid005005:91503:91503 [5] NCCL INFO Channel 07/0 : 13[d6000] -> 12[d1000] via P2P/IPC comm 0x55ca05633170 nRanks 16
nid005005:91503:91585 [5] NCCL INFO New proxy send connection 87 from local rank 5, transport 0
nid005005:91503:91503 [5] NCCL INFO Connected to proxy localRank 5 -> connection 0x14cb58003ce8
nid005005:91499:91590 [1] NCCL INFO New proxy recv connection 86 from local rank 1, transport 0
nid005005:91499:91499 [1] NCCL INFO Connected to proxy localRank 1 -> connection 0x150fec003c70
nid005005:91506:91506 [7] NCCL INFO Channel 06/0 : 15[de000] -> 14[d9000] via P2P/IPC comm 0x5596d7683540 nRanks 16
nid005005:91506:91584 [7] NCCL INFO New proxy send connection 87 from local rank 7, transport 0
nid005005:91506:91506 [7] NCCL INFO Connected to proxy localRank 7 -> connection 0x145a8c003ce8
nid005001:51260:51260 [5] NCCL INFO Channel 02/0 : 5[d6000] -> 4[d1000] via P2P/IPC comm 0x563c5568fc70 nRanks 16
nid005001:51260:51339 [5] NCCL INFO New proxy send connection 85 from local rank 5, transport 0
nid005001:51260:51260 [5] NCCL INFO Connected to proxy localRank 5 -> connection 0x14e7ec003bf8
nid005001:51259:51259 [7] NCCL INFO Channel 04/0 : 7[de000] -> 6[d9000] via P2P/IPC comm 0x55cec4cea9e0 nRanks 16
nid005001:51259:51338 [7] NCCL INFO New proxy send connection 86 from local rank 7, transport 0
nid005001:51259:51259 [7] NCCL INFO Connected to proxy localRank 7 -> connection 0x1453ac003c70
nid005001:51254:51348 [0] NCCL INFO New proxy recv connection 83 from local rank 0, transport 0
nid005001:51254:51254 [0] NCCL INFO Connected to proxy localRank 0 -> connection 0x147a40003b08
nid005005:91502:91502 [6] NCCL INFO Channel 01/0 : 14[d9000] -> 12[d1000] via P2P/IPC comm 0x561f3491e030 nRanks 16
nid005005:91502:91587 [6] NCCL INFO New proxy send connection 84 from local rank 6, transport 0
nid005005:91504:91591 [0] NCCL INFO New proxy recv connection 84 from local rank 0, transport 0
nid005005:91502:91502 [6] NCCL INFO Connected to proxy localRank 6 -> connection 0x145b34003b80
nid005005:91504:91504 [0] NCCL INFO Connected to proxy localRank 0 -> connection 0x14dcfc003b80
nid005001:51253:51347 [1] NCCL INFO New proxy recv connection 85 from local rank 1, transport 0
nid005001:51253:51253 [1] NCCL INFO Connected to proxy localRank 1 -> connection 0x149e84003bf8
nid005001:51256:51256 [3] NCCL INFO Channel 14/0 : 3[ce000] -> 1[c6000] via P2P/IPC comm 0x55d595467d90 nRanks 16
nid005005:91503:91503 [5] NCCL INFO Channel 08/0 : 13[d6000] -> 12[d1000] via P2P/IPC comm 0x55ca05633170 nRanks 16
nid005001:51256:51340 [3] NCCL INFO New proxy send connection 87 from local rank 3, transport 0
nid005001:51256:51256 [3] NCCL INFO Connected to proxy localRank 3 -> connection 0x14c694003ce8
nid005005:91503:91585 [5] NCCL INFO New proxy send connection 88 from local rank 5, transport 0
nid005005:91503:91503 [5] NCCL INFO Connected to proxy localRank 5 -> connection 0x14cb58003d60
nid005005:91505:91588 [2] NCCL INFO New proxy recv connection 87 from local rank 2, transport 0
nid005005:91505:91505 [2] NCCL INFO Connected to proxy localRank 2 -> connection 0x14d078003ce8
nid005001:51260:51260 [5] NCCL INFO Channel 05/0 : 5[d6000] -> 4[d1000] via P2P/IPC comm 0x563c5568fc70 nRanks 16
nid005001:51260:51339 [5] NCCL INFO New proxy send connection 86 from local rank 5, transport 0
nid005001:51260:51260 [5] NCCL INFO Connected to proxy localRank 5 -> connection 0x14e7ec003c70
nid005001:51255:51337 [2] NCCL INFO New proxy recv connection 84 from local rank 2, transport 0
nid005001:51255:51255 [2] NCCL INFO Connected to proxy localRank 2 -> connection 0x147c84003b80
nid005005:91506:91506 [7] NCCL INFO Channel 09/0 : 15[de000] -> 14[d9000] via P2P/IPC comm 0x5596d7683540 nRanks 16
nid005005:91506:91584 [7] NCCL INFO New proxy send connection 88 from local rank 7, transport 0
nid005005:91506:91506 [7] NCCL INFO Connected to proxy localRank 7 -> connection 0x145a8c003d60
nid005005:91499:91590 [1] NCCL INFO New proxy recv connection 87 from local rank 1, transport 0
nid005005:91499:91499 [1] NCCL INFO Connected to proxy localRank 1 -> connection 0x150fec003ce8
nid005001:51259:51259 [7] NCCL INFO Channel 07/0 : 7[de000] -> 6[d9000] via P2P/IPC comm 0x55cec4cea9e0 nRanks 16
nid005001:51259:51338 [7] NCCL INFO New proxy send connection 87 from local rank 7, transport 0
nid005001:51259:51259 [7] NCCL INFO Connected to proxy localRank 7 -> connection 0x1453ac003ce8
nid005005:91504:91591 [0] NCCL INFO New proxy recv connection 85 from local rank 0, transport 0
nid005005:91504:91504 [0] NCCL INFO Connected to proxy localRank 0 -> connection 0x14dcfc003bf8
nid005001:51258:51258 [6] NCCL INFO Channel 00/0 : 6[d9000] -> 4[d1000] via P2P/IPC comm 0x559d73d29040 nRanks 16
nid005001:51258:51335 [6] NCCL INFO New proxy send connection 84 from local rank 6, transport 0
nid005001:51258:51258 [6] NCCL INFO Connected to proxy localRank 6 -> connection 0x14a9e0003b80
nid005001:51254:51348 [0] NCCL INFO New proxy recv connection 84 from local rank 0, transport 0
nid005001:51254:51254 [0] NCCL INFO Connected to proxy localRank 0 -> connection 0x147a40003b80
nid005005:91502:91502 [6] NCCL INFO Channel 05/0 : 14[d9000] -> 12[d1000] via P2P/IPC comm 0x561f3491e030 nRanks 16
nid005005:91502:91587 [6] NCCL INFO New proxy send connection 85 from local rank 6, transport 0
nid005005:91502:91502 [6] NCCL INFO Connected to proxy localRank 6 -> connection 0x145b34003bf8
nid005005:91503:91503 [5] NCCL INFO Channel 11/0 : 13[d6000] -> 12[d1000] via P2P/IPC comm 0x55ca05633170 nRanks 16
nid005005:91503:91585 [5] NCCL INFO New proxy send connection 89 from local rank 5, transport 0
nid005005:91503:91503 [5] NCCL INFO Connected to proxy localRank 5 -> connection 0x14cb58003dd8
nid005001:51253:51347 [1] NCCL INFO New proxy recv connection 86 from local rank 1, transport 0
nid005001:51253:51253 [1] NCCL INFO Connected to proxy localRank 1 -> connection 0x149e84003c70
nid005005:91506:91506 [7] NCCL INFO Channel 10/0 : 15[de000] -> 14[d9000] via P2P/IPC comm 0x5596d7683540 nRanks 16
nid005005:91506:91584 [7] NCCL INFO New proxy send connection 89 from local rank 7, transport 0
nid005005:91506:91506 [7] NCCL INFO Connected to proxy localRank 7 -> connection 0x145a8c003dd8
nid005001:51255:51337 [2] NCCL INFO New proxy recv connection 85 from local rank 2, transport 0
nid005001:51255:51255 [2] NCCL INFO Connected to proxy localRank 2 -> connection 0x147c84003bf8
nid005001:51260:51260 [5] NCCL INFO Channel 06/0 : 5[d6000] -> 4[d1000] via P2P/IPC comm 0x563c5568fc70 nRanks 16
nid005001:51260:51339 [5] NCCL INFO New proxy send connection 87 from local rank 5, transport 0
nid005001:51260:51260 [5] NCCL INFO Connected to proxy localRank 5 -> connection 0x14e7ec003ce8
nid005005:91505:91588 [2] NCCL INFO New proxy recv connection 88 from local rank 2, transport 0
nid005005:91505:91505 [2] NCCL INFO Connected to proxy localRank 2 -> connection 0x14d078003d60
nid005005:91504:91591 [0] NCCL INFO New proxy recv connection 86 from local rank 0, transport 0
nid005005:91504:91504 [0] NCCL INFO Connected to proxy localRank 0 -> connection 0x14dcfc003c70
nid005001:51258:51258 [6] NCCL INFO Channel 04/0 : 6[d9000] -> 4[d1000] via P2P/IPC comm 0x559d73d29040 nRanks 16
nid005001:51258:51335 [6] NCCL INFO New proxy send connection 85 from local rank 6, transport 0
nid005001:51258:51258 [6] NCCL INFO Connected to proxy localRank 6 -> connection 0x14a9e0003bf8
nid005005:91500:91500 [3] NCCL INFO Channel 00/0 : 11[ce000] -> 10[c9000] via P2P/IPC comm 0x555b968350e0 nRanks 16
nid005005:91500:91586 [3] NCCL INFO New proxy send connection 88 from local rank 3, transport 0
nid005001:51259:51259 [7] NCCL INFO Channel 08/0 : 7[de000] -> 6[d9000] via P2P/IPC comm 0x55cec4cea9e0 nRanks 16
nid005001:51259:51338 [7] NCCL INFO New proxy send connection 88 from local rank 7, transport 0
nid005001:51259:51259 [7] NCCL INFO Connected to proxy localRank 7 -> connection 0x1453ac003d60
nid005005:91499:91499 [1] NCCL INFO Channel 01/0 : 9[c6000] -> 8[c1000] via P2P/IPC comm 0x558da978c1c0 nRanks 16
nid005001:51254:51348 [0] NCCL INFO New proxy recv connection 85 from local rank 0, transport 0
nid005001:51254:51254 [0] NCCL INFO Connected to proxy localRank 0 -> connection 0x147a40003bf8
nid005005:91500:91500 [3] NCCL INFO Connected to proxy localRank 3 -> connection 0x14d6bc003d60
nid005005:91499:91590 [1] NCCL INFO New proxy send connection 88 from local rank 1, transport 0
nid005005:91499:91499 [1] NCCL INFO Connected to proxy localRank 1 -> connection 0x150fec003d60
nid005005:91503:91503 [5] NCCL INFO Channel 12/0 : 13[d6000] -> 12[d1000] via P2P/IPC comm 0x55ca05633170 nRanks 16
nid005005:91503:91585 [5] NCCL INFO New proxy send connection 90 from local rank 5, transport 0
nid005005:91503:91503 [5] NCCL INFO Connected to proxy localRank 5 -> connection 0x14cb58003e50
nid005005:91502:91502 [6] NCCL INFO Channel 09/0 : 14[d9000] -> 12[d1000] via P2P/IPC comm 0x561f3491e030 nRanks 16
nid005005:91502:91587 [6] NCCL INFO New proxy send connection 86 from local rank 6, transport 0
nid005005:91502:91502 [6] NCCL INFO Connected to proxy localRank 6 -> connection 0x145b34003c70
nid005005:91506:91506 [7] NCCL INFO Channel 13/0 : 15[de000] -> 14[d9000] via P2P/IPC comm 0x5596d7683540 nRanks 16
nid005005:91506:91584 [7] NCCL INFO New proxy send connection 90 from local rank 7, transport 0
nid005005:91506:91506 [7] NCCL INFO Connected to proxy localRank 7 -> connection 0x145a8c003e50
nid005001:51253:51347 [1] NCCL INFO New proxy recv connection 87 from local rank 1, transport 0
nid005001:51253:51253 [1] NCCL INFO Connected to proxy localRank 1 -> connection 0x149e84003ce8
nid005001:51255:51337 [2] NCCL INFO New proxy recv connection 86 from local rank 2, transport 0
nid005001:51255:51255 [2] NCCL INFO Connected to proxy localRank 2 -> connection 0x147c84003c70
nid005001:51260:51260 [5] NCCL INFO Channel 09/0 : 5[d6000] -> 4[d1000] via P2P/IPC comm 0x563c5568fc70 nRanks 16
nid005001:51260:51339 [5] NCCL INFO New proxy send connection 88 from local rank 5, transport 0
nid005001:51260:51260 [5] NCCL INFO Connected to proxy localRank 5 -> connection 0x14e7ec003d60
nid005005:91505:91588 [2] NCCL INFO New proxy recv connection 89 from local rank 2, transport 0
nid005005:91505:91505 [2] NCCL INFO Connected to proxy localRank 2 -> connection 0x14d078003dd8
nid005001:51258:51258 [6] NCCL INFO Channel 08/0 : 6[d9000] -> 4[d1000] via P2P/IPC comm 0x559d73d29040 nRanks 16
nid005001:51258:51335 [6] NCCL INFO New proxy send connection 86 from local rank 6, transport 0
nid005001:51258:51258 [6] NCCL INFO Connected to proxy localRank 6 -> connection 0x14a9e0003c70
nid005005:91504:91591 [0] NCCL INFO New proxy recv connection 87 from local rank 0, transport 0
nid005005:91504:91504 [0] NCCL INFO Connected to proxy localRank 0 -> connection 0x14dcfc003ce8
nid005005:91503:91503 [5] NCCL INFO Channel 15/0 : 13[d6000] -> 12[d1000] via P2P/IPC comm 0x55ca05633170 nRanks 16
nid005005:91503:91585 [5] NCCL INFO New proxy send connection 91 from local rank 5, transport 0
nid005005:91503:91503 [5] NCCL INFO Connected to proxy localRank 5 -> connection 0x14cb58003ec8
nid005005:91500:91500 [3] NCCL INFO Channel 02/0 : 11[ce000] -> 10[c9000] via P2P/IPC comm 0x555b968350e0 nRanks 16
nid005005:91500:91586 [3] NCCL INFO New proxy send connection 89 from local rank 3, transport 0
nid005005:91500:91500 [3] NCCL INFO Connected to proxy localRank 3 -> connection 0x14d6bc003dd8
nid005001:51254:51348 [0] NCCL INFO New proxy recv connection 86 from local rank 0, transport 0
nid005001:51254:51254 [0] NCCL INFO Connected to proxy localRank 0 -> connection 0x147a40003c70
nid005001:51259:51259 [7] NCCL INFO Channel 11/0 : 7[de000] -> 6[d9000] via P2P/IPC comm 0x55cec4cea9e0 nRanks 16
nid005001:51259:51338 [7] NCCL INFO New proxy send connection 89 from local rank 7, transport 0
nid005001:51259:51259 [7] NCCL INFO Connected to proxy localRank 7 -> connection 0x1453ac003dd8
nid005005:91499:91499 [1] NCCL INFO Channel 03/0 : 9[c6000] -> 8[c1000] via P2P/IPC comm 0x558da978c1c0 nRanks 16
nid005005:91499:91590 [1] NCCL INFO New proxy send connection 89 from local rank 1, transport 0
nid005005:91499:91499 [1] NCCL INFO Connected to proxy localRank 1 -> connection 0x150fec003dd8
nid005005:91506:91506 [7] NCCL INFO Channel 14/0 : 15[de000] -> 14[d9000] via P2P/IPC comm 0x5596d7683540 nRanks 16
nid005005:91506:91584 [7] NCCL INFO New proxy send connection 91 from local rank 7, transport 0
nid005005:91506:91506 [7] NCCL INFO Connected to proxy localRank 7 -> connection 0x145a8c003ec8
nid005005:91502:91502 [6] NCCL INFO Channel 13/0 : 14[d9000] -> 12[d1000] via P2P/IPC comm 0x561f3491e030 nRanks 16
nid005005:91502:91587 [6] NCCL INFO New proxy send connection 87 from local rank 6, transport 0
nid005005:91502:91502 [6] NCCL INFO Connected to proxy localRank 6 -> connection 0x145b34003ce8
nid005001:51255:51337 [2] NCCL INFO New proxy recv connection 87 from local rank 2, transport 0
nid005001:51255:51255 [2] NCCL INFO Connected to proxy localRank 2 -> connection 0x147c84003ce8
nid005001:51260:51260 [5] NCCL INFO Channel 10/0 : 5[d6000] -> 4[d1000] via P2P/IPC comm 0x563c5568fc70 nRanks 16
nid005001:51260:51339 [5] NCCL INFO New proxy send connection 89 from local rank 5, transport 0
nid005001:51260:51260 [5] NCCL INFO Connected to proxy localRank 5 -> connection 0x14e7ec003dd8
nid005001:51258:51258 [6] NCCL INFO Channel 12/0 : 6[d9000] -> 4[d1000] via P2P/IPC comm 0x559d73d29040 nRanks 16
nid005001:51256:51256 [3] NCCL INFO Channel 01/0 : 3[ce000] -> 2[c9000] via P2P/IPC comm 0x55d595467d90 nRanks 16
nid005001:51253:51253 [1] NCCL INFO Channel 00/0 : 1[c6000] -> 0[c1000] via P2P/IPC comm 0x555be8224af0 nRanks 16
nid005001:51258:51335 [6] NCCL INFO New proxy send connection 87 from local rank 6, transport 0
nid005001:51258:51258 [6] NCCL INFO Connected to proxy localRank 6 -> connection 0x14a9e0003ce8
nid005001:51256:51340 [3] NCCL INFO New proxy send connection 88 from local rank 3, transport 0
nid005001:51256:51256 [3] NCCL INFO Connected to proxy localRank 3 -> connection 0x14c694003d60
nid005001:51253:51347 [1] NCCL INFO New proxy send connection 88 from local rank 1, transport 0
nid005001:51253:51253 [1] NCCL INFO Connected to proxy localRank 1 -> connection 0x149e84003d60
nid005005:91504:91591 [0] NCCL INFO New proxy recv connection 88 from local rank 0, transport 0
nid005005:91504:91504 [0] NCCL INFO Connected to proxy localRank 0 -> connection 0x14dcfc003d60
nid005005:91505:91588 [2] NCCL INFO New proxy recv connection 90 from local rank 2, transport 0
nid005005:91505:91505 [2] NCCL INFO Connected to proxy localRank 2 -> connection 0x14d078003e50
nid005005:91500:91500 [3] NCCL INFO Channel 04/0 : 11[ce000] -> 10[c9000] via P2P/IPC comm 0x555b968350e0 nRanks 16
nid005005:91500:91586 [3] NCCL INFO New proxy send connection 90 from local rank 3, transport 0
nid005005:91500:91500 [3] NCCL INFO Connected to proxy localRank 3 -> connection 0x14d6bc003e50
nid005001:51254:51348 [0] NCCL INFO New proxy recv connection 87 from local rank 0, transport 0
nid005001:51254:51254 [0] NCCL INFO Connected to proxy localRank 0 -> connection 0x147a40003ce8
nid005001:51259:51259 [7] NCCL INFO Channel 12/0 : 7[de000] -> 6[d9000] via P2P/IPC comm 0x55cec4cea9e0 nRanks 16
nid005001:51259:51338 [7] NCCL INFO New proxy send connection 90 from local rank 7, transport 0
nid005001:51259:51259 [7] NCCL INFO Connected to proxy localRank 7 -> connection 0x1453ac003e50
nid005005:91499:91499 [1] NCCL INFO Channel 05/0 : 9[c6000] -> 8[c1000] via P2P/IPC comm 0x558da978c1c0 nRanks 16
nid005005:91499:91590 [1] NCCL INFO New proxy send connection 90 from local rank 1, transport 0
nid005005:91499:91499 [1] NCCL INFO Connected to proxy localRank 1 -> connection 0x150fec003e50
nid005001:51256:51256 [3] NCCL INFO Channel 03/0 : 3[ce000] -> 2[c9000] via P2P/IPC comm 0x55d595467d90 nRanks 16
nid005001:51256:51340 [3] NCCL INFO New proxy send connection 89 from local rank 3, transport 0
nid005001:51256:51256 [3] NCCL INFO Connected to proxy localRank 3 -> connection 0x14c694003dd8
nid005001:51257:51336 [4] NCCL INFO New proxy recv connection 88 from local rank 4, transport 0
nid005001:51258:51335 [6] NCCL INFO New proxy recv connection 88 from local rank 6, transport 0
nid005001:51258:51258 [6] NCCL INFO Connected to proxy localRank 6 -> connection 0x14a9e0003d60
nid005001:51257:51257 [4] NCCL INFO Connected to proxy localRank 4 -> connection 0x152e7c003d60
nid005005:91504:91591 [0] NCCL INFO New proxy recv connection 89 from local rank 0, transport 0
nid005005:91504:91504 [0] NCCL INFO Connected to proxy localRank 0 -> connection 0x14dcfc003dd8
nid005001:51255:51337 [2] NCCL INFO New proxy recv connection 88 from local rank 2, transport 0
nid005001:51255:51255 [2] NCCL INFO Connected to proxy localRank 2 -> connection 0x147c84003d60
nid005001:51260:51260 [5] NCCL INFO Channel 13/0 : 5[d6000] -> 4[d1000] via P2P/IPC comm 0x563c5568fc70 nRanks 16
nid005001:51260:51339 [5] NCCL INFO New proxy send connection 90 from local rank 5, transport 0
nid005001:51260:51260 [5] NCCL INFO Connected to proxy localRank 5 -> connection 0x14e7ec003e50
nid005005:91500:91500 [3] NCCL INFO Channel 06/0 : 11[ce000] -> 10[c9000] via P2P/IPC comm 0x555b968350e0 nRanks 16
nid005005:91500:91586 [3] NCCL INFO New proxy send connection 91 from local rank 3, transport 0
nid005005:91502:91587 [6] NCCL INFO New proxy recv connection 88 from local rank 6, transport 0
nid005005:91500:91500 [3] NCCL INFO Connected to proxy localRank 3 -> connection 0x14d6bc003ec8
nid005005:91501:91589 [4] NCCL INFO New proxy recv connection 88 from local rank 4, transport 0
nid005005:91501:91501 [4] NCCL INFO Connected to proxy localRank 4 -> connection 0x14d8a8003d60
nid005005:91502:91502 [6] NCCL INFO Connected to proxy localRank 6 -> connection 0x145b34003d60
nid005005:91505:91588 [2] NCCL INFO New proxy recv connection 91 from local rank 2, transport 0
nid005005:91505:91505 [2] NCCL INFO Connected to proxy localRank 2 -> connection 0x14d078003ec8
nid005001:51254:51348 [0] NCCL INFO New proxy recv connection 88 from local rank 0, transport 0
nid005001:51254:51254 [0] NCCL INFO Connected to proxy localRank 0 -> connection 0x147a40003d60
nid005001:51253:51253 [1] NCCL INFO Channel 02/0 : 1[c6000] -> 0[c1000] via P2P/IPC comm 0x555be8224af0 nRanks 16
nid005001:51253:51347 [1] NCCL INFO New proxy send connection 89 from local rank 1, transport 0
nid005001:51253:51253 [1] NCCL INFO Connected to proxy localRank 1 -> connection 0x149e84003dd8
nid005001:51259:51259 [7] NCCL INFO Channel 15/0 : 7[de000] -> 6[d9000] via P2P/IPC comm 0x55cec4cea9e0 nRanks 16
nid005001:51259:51338 [7] NCCL INFO New proxy send connection 91 from local rank 7, transport 0
nid005001:51259:51259 [7] NCCL INFO Connected to proxy localRank 7 -> connection 0x1453ac003ec8
nid005001:51256:51256 [3] NCCL INFO Channel 05/0 : 3[ce000] -> 2[c9000] via P2P/IPC comm 0x55d595467d90 nRanks 16
nid005001:51256:51340 [3] NCCL INFO New proxy send connection 90 from local rank 3, transport 0
nid005001:51256:51256 [3] NCCL INFO Connected to proxy localRank 3 -> connection 0x14c694003e50
nid005001:51258:51335 [6] NCCL INFO New proxy recv connection 89 from local rank 6, transport 0
nid005001:51258:51258 [6] NCCL INFO Connected to proxy localRank 6 -> connection 0x14a9e0003dd8
nid005001:51260:51260 [5] NCCL INFO Channel 14/0 : 5[d6000] -> 4[d1000] via P2P/IPC comm 0x563c5568fc70 nRanks 16
nid005001:51260:51339 [5] NCCL INFO New proxy send connection 91 from local rank 5, transport 0
nid005001:51260:51260 [5] NCCL INFO Connected to proxy localRank 5 -> connection 0x14e7ec003ec8
nid005005:91499:91499 [1] NCCL INFO Channel 07/0 : 9[c6000] -> 8[c1000] via P2P/IPC comm 0x558da978c1c0 nRanks 16
nid005005:91499:91590 [1] NCCL INFO New proxy send connection 91 from local rank 1, transport 0
nid005005:91499:91499 [1] NCCL INFO Connected to proxy localRank 1 -> connection 0x150fec003ec8
nid005005:91504:91591 [0] NCCL INFO New proxy recv connection 90 from local rank 0, transport 0
nid005005:91504:91504 [0] NCCL INFO Connected to proxy localRank 0 -> connection 0x14dcfc003e50
nid005005:91501:91589 [4] NCCL INFO New proxy recv connection 89 from local rank 4, transport 0
nid005005:91501:91501 [4] NCCL INFO Connected to proxy localRank 4 -> connection 0x14d8a8003dd8
nid005005:91500:91500 [3] NCCL INFO Channel 08/0 : 11[ce000] -> 10[c9000] via P2P/IPC comm 0x555b968350e0 nRanks 16
nid005001:51255:51337 [2] NCCL INFO New proxy recv connection 89 from local rank 2, transport 0
nid005001:51255:51255 [2] NCCL INFO Connected to proxy localRank 2 -> connection 0x147c84003dd8
nid005005:91500:91586 [3] NCCL INFO New proxy send connection 92 from local rank 3, transport 0
nid005005:91500:91500 [3] NCCL INFO Connected to proxy localRank 3 -> connection 0x14d6bc003f40
nid005005:91502:91587 [6] NCCL INFO New proxy recv connection 89 from local rank 6, transport 0
nid005005:91502:91502 [6] NCCL INFO Connected to proxy localRank 6 -> connection 0x145b34003dd8
nid005001:51257:51336 [4] NCCL INFO New proxy recv connection 89 from local rank 4, transport 0
nid005001:51257:51257 [4] NCCL INFO Connected to proxy localRank 4 -> connection 0x152e7c003dd8
nid005001:51254:51348 [0] NCCL INFO New proxy recv connection 89 from local rank 0, transport 0
nid005001:51254:51254 [0] NCCL INFO Connected to proxy localRank 0 -> connection 0x147a40003dd8
nid005001:51253:51253 [1] NCCL INFO Channel 04/0 : 1[c6000] -> 0[c1000] via P2P/IPC comm 0x555be8224af0 nRanks 16
nid005001:51253:51347 [1] NCCL INFO New proxy send connection 90 from local rank 1, transport 0
nid005001:51253:51253 [1] NCCL INFO Connected to proxy localRank 1 -> connection 0x149e84003e50
nid005005:91501:91589 [4] NCCL INFO New proxy recv connection 90 from local rank 4, transport 0
nid005005:91501:91501 [4] NCCL INFO Connected to proxy localRank 4 -> connection 0x14d8a8003e50
nid005001:51256:51256 [3] NCCL INFO Channel 07/0 : 3[ce000] -> 2[c9000] via P2P/IPC comm 0x55d595467d90 nRanks 16
nid005001:51258:51335 [6] NCCL INFO New proxy recv connection 90 from local rank 6, transport 0
nid005001:51258:51258 [6] NCCL INFO Connected to proxy localRank 6 -> connection 0x14a9e0003e50
nid005001:51256:51340 [3] NCCL INFO New proxy send connection 91 from local rank 3, transport 0
nid005001:51256:51256 [3] NCCL INFO Connected to proxy localRank 3 -> connection 0x14c694003ec8
nid005001:51255:51337 [2] NCCL INFO New proxy recv connection 90 from local rank 2, transport 0
nid005001:51255:51255 [2] NCCL INFO Connected to proxy localRank 2 -> connection 0x147c84003e50
nid005005:91504:91591 [0] NCCL INFO New proxy recv connection 91 from local rank 0, transport 0
nid005005:91504:91504 [0] NCCL INFO Connected to proxy localRank 0 -> connection 0x14dcfc003ec8
nid005005:91500:91500 [3] NCCL INFO Channel 10/0 : 11[ce000] -> 10[c9000] via P2P/IPC comm 0x555b968350e0 nRanks 16
nid005005:91500:91586 [3] NCCL INFO New proxy send connection 93 from local rank 3, transport 0
nid005005:91500:91500 [3] NCCL INFO Connected to proxy localRank 3 -> connection 0x14d6bc003fb8
nid005005:91502:91587 [6] NCCL INFO New proxy recv connection 90 from local rank 6, transport 0
nid005005:91502:91502 [6] NCCL INFO Connected to proxy localRank 6 -> connection 0x145b34003e50
nid005005:91499:91499 [1] NCCL INFO Channel 09/0 : 9[c6000] -> 8[c1000] via P2P/IPC comm 0x558da978c1c0 nRanks 16
nid005005:91499:91590 [1] NCCL INFO New proxy send connection 92 from local rank 1, transport 0
nid005005:91499:91499 [1] NCCL INFO Connected to proxy localRank 1 -> connection 0x150fec003f40
nid005001:51257:51336 [4] NCCL INFO New proxy recv connection 90 from local rank 4, transport 0
nid005001:51257:51257 [4] NCCL INFO Connected to proxy localRank 4 -> connection 0x152e7c003e50
nid005005:91501:91589 [4] NCCL INFO New proxy recv connection 91 from local rank 4, transport 0
nid005005:91501:91501 [4] NCCL INFO Connected to proxy localRank 4 -> connection 0x14d8a8003ec8
nid005001:51258:51335 [6] NCCL INFO New proxy recv connection 91 from local rank 6, transport 0
nid005001:51258:51258 [6] NCCL INFO Connected to proxy localRank 6 -> connection 0x14a9e0003ec8
nid005001:51255:51337 [2] NCCL INFO New proxy recv connection 91 from local rank 2, transport 0
nid005001:51255:51255 [2] NCCL INFO Connected to proxy localRank 2 -> connection 0x147c84003ec8
nid005001:51256:51256 [3] NCCL INFO Channel 09/0 : 3[ce000] -> 2[c9000] via P2P/IPC comm 0x55d595467d90 nRanks 16
nid005001:51256:51340 [3] NCCL INFO New proxy send connection 92 from local rank 3, transport 0
nid005001:51256:51256 [3] NCCL INFO Connected to proxy localRank 3 -> connection 0x14c694003f40
nid005005:91500:91500 [3] NCCL INFO Channel 12/0 : 11[ce000] -> 10[c9000] via P2P/IPC comm 0x555b968350e0 nRanks 16
nid005005:91500:91586 [3] NCCL INFO New proxy send connection 94 from local rank 3, transport 0
nid005005:91500:91500 [3] NCCL INFO Connected to proxy localRank 3 -> connection 0x14d6bc004030
nid005005:91502:91587 [6] NCCL INFO New proxy recv connection 91 from local rank 6, transport 0
nid005005:91502:91502 [6] NCCL INFO Connected to proxy localRank 6 -> connection 0x145b34003ec8
nid005001:51254:51348 [0] NCCL INFO New proxy recv connection 90 from local rank 0, transport 0
nid005001:51254:51254 [0] NCCL INFO Connected to proxy localRank 0 -> connection 0x147a40003e50
nid005005:91499:91499 [1] NCCL INFO Channel 11/0 : 9[c6000] -> 8[c1000] via P2P/IPC comm 0x558da978c1c0 nRanks 16
nid005005:91499:91590 [1] NCCL INFO New proxy send connection 93 from local rank 1, transport 0
nid005005:91499:91499 [1] NCCL INFO Connected to proxy localRank 1 -> connection 0x150fec003fb8
nid005001:51253:51253 [1] NCCL INFO Channel 06/0 : 1[c6000] -> 0[c1000] via P2P/IPC comm 0x555be8224af0 nRanks 16
nid005001:51253:51347 [1] NCCL INFO New proxy send connection 91 from local rank 1, transport 0
nid005001:51253:51253 [1] NCCL INFO Connected to proxy localRank 1 -> connection 0x149e84003ec8
nid005005:91501:91589 [4] NCCL INFO New proxy recv connection 92 from local rank 4, transport 0
nid005005:91501:91501 [4] NCCL INFO Connected to proxy localRank 4 -> connection 0x14d8a8003f40
nid005001:51257:51336 [4] NCCL INFO New proxy recv connection 91 from local rank 4, transport 0
nid005001:51257:51257 [4] NCCL INFO Connected to proxy localRank 4 -> connection 0x152e7c003ec8
nid005001:51258:51335 [6] NCCL INFO New proxy recv connection 92 from local rank 6, transport 0
nid005001:51258:51258 [6] NCCL INFO Connected to proxy localRank 6 -> connection 0x14a9e0003f40
nid005001:51256:51256 [3] NCCL INFO Channel 11/0 : 3[ce000] -> 2[c9000] via P2P/IPC comm 0x55d595467d90 nRanks 16
nid005001:51256:51340 [3] NCCL INFO New proxy send connection 93 from local rank 3, transport 0
nid005001:51256:51256 [3] NCCL INFO Connected to proxy localRank 3 -> connection 0x14c694003fb8
nid005005:91500:91500 [3] NCCL INFO Channel 14/0 : 11[ce000] -> 10[c9000] via P2P/IPC comm 0x555b968350e0 nRanks 16
nid005005:91500:91586 [3] NCCL INFO New proxy send connection 95 from local rank 3, transport 0
nid005005:91500:91500 [3] NCCL INFO Connected to proxy localRank 3 -> connection 0x14d6bc0040a8
nid005005:91502:91587 [6] NCCL INFO New proxy recv connection 92 from local rank 6, transport 0
nid005005:91502:91502 [6] NCCL INFO Connected to proxy localRank 6 -> connection 0x145b34003f40
nid005005:91499:91499 [1] NCCL INFO Channel 13/0 : 9[c6000] -> 8[c1000] via P2P/IPC comm 0x558da978c1c0 nRanks 16
nid005005:91499:91590 [1] NCCL INFO New proxy send connection 94 from local rank 1, transport 0
nid005005:91499:91499 [1] NCCL INFO Connected to proxy localRank 1 -> connection 0x150fec004030
nid005001:51254:51348 [0] NCCL INFO New proxy recv connection 91 from local rank 0, transport 0
nid005001:51254:51254 [0] NCCL INFO Connected to proxy localRank 0 -> connection 0x147a40003ec8
nid005005:91501:91589 [4] NCCL INFO New proxy recv connection 93 from local rank 4, transport 0
nid005005:91501:91501 [4] NCCL INFO Connected to proxy localRank 4 -> connection 0x14d8a8003fb8
nid005001:51253:51253 [1] NCCL INFO Channel 08/0 : 1[c6000] -> 0[c1000] via P2P/IPC comm 0x555be8224af0 nRanks 16
nid005001:51253:51347 [1] NCCL INFO New proxy send connection 92 from local rank 1, transport 0
nid005001:51253:51253 [1] NCCL INFO Connected to proxy localRank 1 -> connection 0x149e84003f40
nid005001:51256:51256 [3] NCCL INFO Channel 13/0 : 3[ce000] -> 2[c9000] via P2P/IPC comm 0x55d595467d90 nRanks 16
nid005001:51256:51340 [3] NCCL INFO New proxy send connection 94 from local rank 3, transport 0
nid005001:51256:51256 [3] NCCL INFO Connected to proxy localRank 3 -> connection 0x14c694004030
nid005001:51257:51336 [4] NCCL INFO New proxy recv connection 92 from local rank 4, transport 0
nid005001:51257:51257 [4] NCCL INFO Connected to proxy localRank 4 -> connection 0x152e7c003f40
nid005001:51258:51335 [6] NCCL INFO New proxy recv connection 93 from local rank 6, transport 0
nid005001:51258:51258 [6] NCCL INFO Connected to proxy localRank 6 -> connection 0x14a9e0003fb8
nid005005:91499:91499 [1] NCCL INFO Channel 15/0 : 9[c6000] -> 8[c1000] via P2P/IPC comm 0x558da978c1c0 nRanks 16
nid005005:91499:91590 [1] NCCL INFO New proxy send connection 95 from local rank 1, transport 0
nid005005:91499:91499 [1] NCCL INFO Connected to proxy localRank 1 -> connection 0x150fec0040a8
nid005005:91502:91587 [6] NCCL INFO New proxy recv connection 93 from local rank 6, transport 0
nid005005:91502:91502 [6] NCCL INFO Connected to proxy localRank 6 -> connection 0x145b34003fb8
nid005005:91501:91589 [4] NCCL INFO New proxy recv connection 94 from local rank 4, transport 0
nid005005:91501:91501 [4] NCCL INFO Connected to proxy localRank 4 -> connection 0x14d8a8004030
nid005001:51256:51256 [3] NCCL INFO Channel 15/0 : 3[ce000] -> 2[c9000] via P2P/IPC comm 0x55d595467d90 nRanks 16
nid005001:51256:51340 [3] NCCL INFO New proxy send connection 95 from local rank 3, transport 0
nid005001:51256:51256 [3] NCCL INFO Connected to proxy localRank 3 -> connection 0x14c6940040a8
nid005001:51253:51253 [1] NCCL INFO Channel 10/0 : 1[c6000] -> 0[c1000] via P2P/IPC comm 0x555be8224af0 nRanks 16
nid005001:51253:51347 [1] NCCL INFO New proxy send connection 93 from local rank 1, transport 0
nid005001:51253:51253 [1] NCCL INFO Connected to proxy localRank 1 -> connection 0x149e84003fb8
nid005001:51258:51335 [6] NCCL INFO New proxy recv connection 94 from local rank 6, transport 0
nid005001:51258:51258 [6] NCCL INFO Connected to proxy localRank 6 -> connection 0x14a9e0004030
nid005005:91502:91587 [6] NCCL INFO New proxy recv connection 94 from local rank 6, transport 0
nid005005:91502:91502 [6] NCCL INFO Connected to proxy localRank 6 -> connection 0x145b34004030
nid005001:51257:51336 [4] NCCL INFO New proxy recv connection 93 from local rank 4, transport 0
nid005001:51257:51257 [4] NCCL INFO Connected to proxy localRank 4 -> connection 0x152e7c003fb8
nid005005:91501:91589 [4] NCCL INFO New proxy recv connection 95 from local rank 4, transport 0
nid005005:91501:91501 [4] NCCL INFO Connected to proxy localRank 4 -> connection 0x14d8a80040a8
nid005001:51258:51335 [6] NCCL INFO New proxy recv connection 95 from local rank 6, transport 0
nid005001:51258:51258 [6] NCCL INFO Connected to proxy localRank 6 -> connection 0x14a9e00040a8
nid005005:91502:91587 [6] NCCL INFO New proxy recv connection 95 from local rank 6, transport 0
nid005005:91502:91502 [6] NCCL INFO Connected to proxy localRank 6 -> connection 0x145b340040a8
nid005001:51257:51336 [4] NCCL INFO New proxy recv connection 94 from local rank 4, transport 0
nid005001:51257:51257 [4] NCCL INFO Connected to proxy localRank 4 -> connection 0x152e7c004030
nid005001:51253:51253 [1] NCCL INFO Channel 12/0 : 1[c6000] -> 0[c1000] via P2P/IPC comm 0x555be8224af0 nRanks 16
nid005001:51253:51347 [1] NCCL INFO New proxy send connection 94 from local rank 1, transport 0
nid005001:51253:51253 [1] NCCL INFO Connected to proxy localRank 1 -> connection 0x149e84004030
nid005001:51257:51336 [4] NCCL INFO New proxy recv connection 95 from local rank 4, transport 0
nid005001:51257:51257 [4] NCCL INFO Connected to proxy localRank 4 -> connection 0x152e7c0040a8
nid005001:51253:51253 [1] NCCL INFO Channel 14/0 : 1[c6000] -> 0[c1000] via P2P/IPC comm 0x555be8224af0 nRanks 16
nid005001:51253:51347 [1] NCCL INFO New proxy send connection 95 from local rank 1, transport 0
nid005001:51253:51253 [1] NCCL INFO Connected to proxy localRank 1 -> connection 0x149e840040a8
nid005001:51257:51257 [4] NCCL INFO Connected all trees
nid005001:51258:51258 [6] NCCL INFO Connected all trees
nid005005:91503:91503 [5] NCCL INFO Connected all trees
nid005005:91503:91585 [5] NCCL INFO New proxy send connection 92 from local rank 5, transport 2
nid005001:51259:51259 [7] NCCL INFO Connected all trees
nid005001:51259:51338 [7] NCCL INFO New proxy send connection 92 from local rank 7, transport 2
nid005001:51259:51259 [7] NCCL INFO Connected to proxy localRank 7 -> connection 0x1453ac003f40
nid005001:51260:51260 [5] NCCL INFO Connected all trees
nid005001:51260:51339 [5] NCCL INFO New proxy send connection 92 from local rank 5, transport 2
nid005001:51255:51255 [2] NCCL INFO Connected all trees
nid005001:51255:51337 [2] NCCL INFO New proxy send connection 92 from local rank 2, transport 2
nid005001:51255:51255 [2] NCCL INFO Connected to proxy localRank 2 -> connection 0x147c84003f40
nid005005:91501:91501 [4] NCCL INFO Connected all trees
nid005001:51256:51256 [3] NCCL INFO Connected all trees
nid005005:91506:91506 [7] NCCL INFO Connected all trees
nid005005:91506:91584 [7] NCCL INFO New proxy send connection 92 from local rank 7, transport 2
nid005005:91506:91506 [7] NCCL INFO Connected to proxy localRank 7 -> connection 0x145a8c003f40
nid005001:51254:51254 [0] NCCL INFO Connected all trees
nid005001:51254:51348 [0] NCCL INFO New proxy send connection 92 from local rank 0, transport 2
nid005001:51254:51254 [0] NCCL INFO Connected to proxy localRank 0 -> connection 0x147a40003f40
nid005001:51260:51260 [5] NCCL INFO Connected to proxy localRank 5 -> connection 0x14e7ec003f40
nid005001:51253:51253 [1] NCCL INFO Connected all trees
nid005005:91502:91502 [6] NCCL INFO Connected all trees
nid005005:91505:91505 [2] NCCL INFO Connected all trees
nid005005:91503:91503 [5] NCCL INFO Connected to proxy localRank 5 -> connection 0x14cb58003f40
nid005005:91500:91500 [3] NCCL INFO Connected all trees
nid005005:91504:91504 [0] NCCL INFO Connected all trees
nid005005:91499:91499 [1] NCCL INFO Connected all trees
nid005005:91505:91588 [2] NCCL INFO New proxy send connection 92 from local rank 2, transport 2
nid005005:91505:91505 [2] NCCL INFO Connected to proxy localRank 2 -> connection 0x14d078003f40
nid005005:91504:91591 [0] NCCL INFO New proxy send connection 92 from local rank 0, transport 2
nid005005:91504:91504 [0] NCCL INFO Connected to proxy localRank 0 -> connection 0x14dcfc003f40
nid005001:51258:51335 [6] NCCL INFO New proxy send connection 96 from local rank 6, transport 2
nid005001:51258:51258 [6] NCCL INFO Connected to proxy localRank 6 -> connection 0x14a9e0004120
nid005005:91502:91587 [6] NCCL INFO New proxy send connection 96 from local rank 6, transport 2
nid005005:91502:91502 [6] NCCL INFO Connected to proxy localRank 6 -> connection 0x145b34004120
nid005001:51256:51340 [3] NCCL INFO New proxy send connection 96 from local rank 3, transport 2
nid005001:51256:51256 [3] NCCL INFO Connected to proxy localRank 3 -> connection 0x14c694004120
nid005005:91503:91503 [5] NCCL INFO threadThresholds 8/8/64 | 128/8/64 | 256 | 256
nid005005:91503:91503 [5] NCCL INFO 16 coll channels, 16 collnet channels, 0 nvls channels, 16 p2p channels, 2 p2p channels per peer
nid005001:51257:51336 [4] NCCL INFO New proxy send connection 96 from local rank 4, transport 2
nid005001:51257:51257 [4] NCCL INFO Connected to proxy localRank 4 -> connection 0x152e7c004120
nid005001:51253:51347 [1] NCCL INFO New proxy send connection 96 from local rank 1, transport 2
nid005005:91501:91589 [4] NCCL INFO New proxy send connection 96 from local rank 4, transport 2
nid005001:51255:51255 [2] NCCL INFO threadThresholds 8/8/64 | 128/8/64 | 256 | 256
nid005001:51255:51255 [2] NCCL INFO 16 coll channels, 16 collnet channels, 0 nvls channels, 16 p2p channels, 2 p2p channels per peer
nid005001:51253:51253 [1] NCCL INFO Connected to proxy localRank 1 -> connection 0x149e84004120
nid005005:91500:91586 [3] NCCL INFO New proxy send connection 96 from local rank 3, transport 2
nid005005:91499:91590 [1] NCCL INFO New proxy send connection 96 from local rank 1, transport 2
nid005005:91501:91501 [4] NCCL INFO Connected to proxy localRank 4 -> connection 0x14d8a8004120
nid005005:91500:91500 [3] NCCL INFO Connected to proxy localRank 3 -> connection 0x14d6bc004120
nid005005:91499:91499 [1] NCCL INFO Connected to proxy localRank 1 -> connection 0x150fec004120
nid005001:51259:51259 [7] NCCL INFO threadThresholds 8/8/64 | 128/8/64 | 256 | 256
nid005001:51259:51259 [7] NCCL INFO 16 coll channels, 16 collnet channels, 0 nvls channels, 16 p2p channels, 2 p2p channels per peer
nid005005:91506:91506 [7] NCCL INFO threadThresholds 8/8/64 | 128/8/64 | 256 | 256
nid005005:91506:91506 [7] NCCL INFO 16 coll channels, 16 collnet channels, 0 nvls channels, 16 p2p channels, 2 p2p channels per peer
nid005001:51260:51260 [5] NCCL INFO threadThresholds 8/8/64 | 128/8/64 | 256 | 256
nid005001:51260:51260 [5] NCCL INFO 16 coll channels, 16 collnet channels, 0 nvls channels, 16 p2p channels, 2 p2p channels per peer
nid005001:51254:51254 [0] NCCL INFO threadThresholds 8/8/64 | 128/8/64 | 256 | 256
nid005001:51254:51254 [0] NCCL INFO 16 coll channels, 16 collnet channels, 0 nvls channels, 16 p2p channels, 2 p2p channels per peer
nid005001:51254:51254 [0] NCCL INFO CC Off, Multi-GPU CC Off, workFifoBytes 1048576
nid005005:91504:91504 [0] NCCL INFO threadThresholds 8/8/64 | 128/8/64 | 256 | 256
nid005005:91504:91504 [0] NCCL INFO 16 coll channels, 16 collnet channels, 0 nvls channels, 16 p2p channels, 2 p2p channels per peer
nid005005:91505:91505 [2] NCCL INFO threadThresholds 8/8/64 | 128/8/64 | 256 | 256
nid005005:91505:91505 [2] NCCL INFO 16 coll channels, 16 collnet channels, 0 nvls channels, 16 p2p channels, 2 p2p channels per peer
nid005001:51258:51258 [6] NCCL INFO threadThresholds 8/8/64 | 128/8/64 | 256 | 256
nid005001:51258:51258 [6] NCCL INFO 16 coll channels, 16 collnet channels, 0 nvls channels, 16 p2p channels, 2 p2p channels per peer
nid005001:51256:51256 [3] NCCL INFO threadThresholds 8/8/64 | 128/8/64 | 256 | 256
nid005001:51256:51256 [3] NCCL INFO 16 coll channels, 16 collnet channels, 0 nvls channels, 16 p2p channels, 2 p2p channels per peer
nid005005:91502:91502 [6] NCCL INFO threadThresholds 8/8/64 | 128/8/64 | 256 | 256
nid005005:91502:91502 [6] NCCL INFO 16 coll channels, 16 collnet channels, 0 nvls channels, 16 p2p channels, 2 p2p channels per peer
nid005001:51257:51257 [4] NCCL INFO threadThresholds 8/8/64 | 128/8/64 | 256 | 256
nid005001:51257:51257 [4] NCCL INFO 16 coll channels, 16 collnet channels, 0 nvls channels, 16 p2p channels, 2 p2p channels per peer
nid005005:91501:91501 [4] NCCL INFO threadThresholds 8/8/64 | 128/8/64 | 256 | 256
nid005005:91501:91501 [4] NCCL INFO 16 coll channels, 16 collnet channels, 0 nvls channels, 16 p2p channels, 2 p2p channels per peer
nid005001:51253:51253 [1] NCCL INFO threadThresholds 8/8/64 | 128/8/64 | 256 | 256
nid005001:51253:51253 [1] NCCL INFO 16 coll channels, 16 collnet channels, 0 nvls channels, 16 p2p channels, 2 p2p channels per peer
nid005005:91499:91499 [1] NCCL INFO threadThresholds 8/8/64 | 128/8/64 | 256 | 256
nid005005:91499:91499 [1] NCCL INFO 16 coll channels, 16 collnet channels, 0 nvls channels, 16 p2p channels, 2 p2p channels per peer
nid005005:91500:91500 [3] NCCL INFO threadThresholds 8/8/64 | 128/8/64 | 256 | 256
nid005005:91500:91500 [3] NCCL INFO 16 coll channels, 16 collnet channels, 0 nvls channels, 16 p2p channels, 2 p2p channels per peer
nid005001:51255:51255 [2] NCCL INFO ncclCommInitRank comm 0x561cb6d30be0 rank 2 nranks 16 cudaDev 2 nvmlDev 2 busId c9000 commId 0xa0737416c2b23bcc localSize 320 used 369934560 bytes on core 78 - Init COMPLETE
nid005001:51255:51255 [2] NCCL INFO Init timings: rank 2 nranks 16 total 8.43 (kernels 2.09, bootstrap 4.59, allgathers 0.02, topo 1.14, graphs 0.00, connections 0.58, rest 0.01)
nid005001:51254:51254 [0] NCCL INFO ncclCommInitRank comm 0x55bd836e47a0 rank 0 nranks 16 cudaDev 0 nvmlDev 0 busId c1000 commId 0xa0737416c2b23bcc localSize 320 used 369934560 bytes on core 13 - Init COMPLETE
nid005001:51254:51254 [0] NCCL INFO Init timings: rank 0 nranks 16 total 8.43 (kernels 2.06, bootstrap 4.61, allgathers 0.01, topo 1.15, graphs 0.00, connections 0.58, rest 0.01)
nid005001:51258:51258 [6] NCCL INFO ncclCommInitRank comm 0x559d73d29040 rank 6 nranks 16 cudaDev 6 nvmlDev 6 busId d9000 commId 0xa0737416c2b23bcc localSize 320 used 470597856 bytes on core 75 - Init COMPLETE
nid005001:51258:51258 [6] NCCL INFO Init timings: rank 6 nranks 16 total 8.43 (kernels 2.06, bootstrap 4.61, allgathers 0.01, topo 1.15, graphs 0.00, connections 0.58, rest 0.01)
nid005001:51256:51256 [3] NCCL INFO ncclCommInitRank comm 0x55d595467d90 rank 3 nranks 16 cudaDev 3 nvmlDev 3 busId ce000 commId 0xa0737416c2b23bcc localSize 320 used 470597856 bytes on core 2 - Init COMPLETE
nid005001:51256:51256 [3] NCCL INFO Init timings: rank 3 nranks 16 total 8.43 (kernels 2.09, bootstrap 4.58, allgathers 0.06, topo 1.10, graphs 0.00, connections 0.58, rest 0.01)
nid005001:51253:51253 [1] NCCL INFO ncclCommInitRank comm 0x555be8224af0 rank 1 nranks 16 cudaDev 1 nvmlDev 1 busId c6000 commId 0xa0737416c2b23bcc localSize 320 used 470597856 bytes on core 4 - Init COMPLETE
nid005001:51253:51253 [1] NCCL INFO Init timings: rank 1 nranks 16 total 8.43 (kernels 2.07, bootstrap 4.61, allgathers 0.00, topo 1.16, graphs 0.00, connections 0.59, rest 0.01)
nid005001:51260:51260 [5] NCCL INFO ncclCommInitRank comm 0x563c5568fc70 rank 5 nranks 16 cudaDev 5 nvmlDev 5 busId d6000 commId 0xa0737416c2b23bcc localSize 320 used 369934560 bytes on core 5 - Init COMPLETE
nid005001:51260:51260 [5] NCCL INFO Init timings: rank 5 nranks 16 total 8.43 (kernels 2.09, bootstrap 4.58, allgathers 0.03, topo 1.13, graphs 0.00, connections 0.58, rest 0.01)
nid005001:51257:51257 [4] NCCL INFO ncclCommInitRank comm 0x556f08767700 rank 4 nranks 16 cudaDev 4 nvmlDev 4 busId d1000 commId 0xa0737416c2b23bcc localSize 320 used 470597856 bytes on core 10 - Init COMPLETE
nid005001:51257:51257 [4] NCCL INFO Init timings: rank 4 nranks 16 total 8.43 (kernels 2.06, bootstrap 4.61, allgathers 0.05, topo 1.11, graphs 0.00, connections 0.59, rest 0.01)
nid005001:51259:51259 [7] NCCL INFO ncclCommInitRank comm 0x55cec4cea9e0 rank 7 nranks 16 cudaDev 7 nvmlDev 7 busId de000 commId 0xa0737416c2b23bcc localSize 320 used 369934560 bytes on core 3 - Init COMPLETE
nid005001:51259:51259 [7] NCCL INFO Init timings: rank 7 nranks 16 total 8.43 (kernels 2.09, bootstrap 4.58, allgathers 0.01, topo 1.15, graphs 0.00, connections 0.58, rest 0.01)
nid005005:91499:91499 [1] NCCL INFO ncclCommInitRank comm 0x558da978c1c0 rank 9 nranks 16 cudaDev 1 nvmlDev 1 busId c6000 commId 0xa0737416c2b23bcc localSize 320 used 470597856 bytes on core 12 - Init COMPLETE
nid005005:91499:91499 [1] NCCL INFO Init timings: rank 9 nranks 16 total 8.42 (kernels 2.02, bootstrap 4.65, allgathers 0.05, topo 1.11, graphs 0.00, connections 0.59, rest 0.01)
nid005005:91505:91505 [2] NCCL INFO ncclCommInitRank comm 0x555abdc8d1d0 rank 10 nranks 16 cudaDev 2 nvmlDev 2 busId c9000 commId 0xa0737416c2b23bcc localSize 320 used 369934560 bytes on core 11 - Init COMPLETE
nid005005:91505:91505 [2] NCCL INFO Init timings: rank 10 nranks 16 total 8.42 (kernels 2.02, bootstrap 4.65, allgathers 0.06, topo 1.10, graphs 0.00, connections 0.58, rest 0.01)
nid005005:91500:91500 [3] NCCL INFO ncclCommInitRank comm 0x555b968350e0 rank 11 nranks 16 cudaDev 3 nvmlDev 3 busId ce000 commId 0xa0737416c2b23bcc localSize 320 used 470597856 bytes on core 10 - Init COMPLETE
nid005005:91500:91500 [3] NCCL INFO Init timings: rank 11 nranks 16 total 8.42 (kernels 2.07, bootstrap 4.59, allgathers 0.06, topo 1.10, graphs 0.00, connections 0.59, rest 0.01)
nid005005:91503:91503 [5] NCCL INFO ncclCommInitRank comm 0x55ca05633170 rank 13 nranks 16 cudaDev 5 nvmlDev 5 busId d6000 commId 0xa0737416c2b23bcc localSize 320 used 369934560 bytes on core 1 - Init COMPLETE
nid005005:91503:91503 [5] NCCL INFO Init timings: rank 13 nranks 16 total 8.42 (kernels 2.07, bootstrap 4.59, allgathers 0.03, topo 1.13, graphs 0.00, connections 0.58, rest 0.01)
nid005005:91501:91501 [4] NCCL INFO ncclCommInitRank comm 0x55e4108ea9c0 rank 12 nranks 16 cudaDev 4 nvmlDev 4 busId d1000 commId 0xa0737416c2b23bcc localSize 320 used 470597856 bytes on core 2 - Init COMPLETE
nid005005:91501:91501 [4] NCCL INFO Init timings: rank 12 nranks 16 total 8.42 (kernels 2.04, bootstrap 4.62, allgathers 0.05, topo 1.11, graphs 0.00, connections 0.59, rest 0.01)
nid005005:91502:91502 [6] NCCL INFO ncclCommInitRank comm 0x561f3491e030 rank 14 nranks 16 cudaDev 6 nvmlDev 6 busId d9000 commId 0xa0737416c2b23bcc localSize 320 used 470597856 bytes on core 5 - Init COMPLETE
nid005005:91502:91502 [6] NCCL INFO Init timings: rank 14 nranks 16 total 8.42 (kernels 2.07, bootstrap 4.59, allgathers 0.01, topo 1.15, graphs 0.00, connections 0.58, rest 0.01)
nid005005:91506:91506 [7] NCCL INFO ncclCommInitRank comm 0x5596d7683540 rank 15 nranks 16 cudaDev 7 nvmlDev 7 busId de000 commId 0xa0737416c2b23bcc localSize 320 used 369934560 bytes on core 9 - Init COMPLETE
nid005005:91506:91506 [7] NCCL INFO Init timings: rank 15 nranks 16 total 8.42 (kernels 2.07, bootstrap 4.59, allgathers 0.01, topo 1.15, graphs 0.00, connections 0.58, rest 0.01)
nid005005:91504:91504 [0] NCCL INFO ncclCommInitRank comm 0x55e0518f3280 rank 8 nranks 16 cudaDev 0 nvmlDev 0 busId c1000 commId 0xa0737416c2b23bcc localSize 320 used 369934560 bytes on core 4 - Init COMPLETE
nid005005:91504:91504 [0] NCCL INFO Init timings: rank 8 nranks 16 total 8.42 (kernels 2.06, bootstrap 4.60, allgathers 0.01, topo 1.15, graphs 0.00, connections 0.58, rest 0.01)

# OSU RCCL-ROCM Allreduce Latency Test v7.5
# Size       Avg Latency(us)
4                      68.21
8                      66.71
16                     62.64
32                     64.66
64                     43.06
128                    43.38
256                    44.63
512                    46.73
1024                   48.81
2048                   51.78
4096                   52.70
8192                   54.00
nid005001:51260:51339 [5] NCCL INFO NET/OFI MR cache 0 hits 60 misses
nid005001:51259:51338 [7] NCCL INFO NET/OFI MR cache 0 hits 60 misses
nid005005:91506:91584 [7] NCCL INFO NET/OFI MR cache 0 hits 60 misses
nid005005:91505:91588 [2] NCCL INFO NET/OFI MR cache 0 hits 60 misses
nid005001:51254:51348 [0] NCCL INFO NET/OFI MR cache 0 hits 60 misses
nid005001:51255:51337 [2] NCCL INFO NET/OFI MR cache 0 hits 60 misses
nid005005:91503:91585 [5] NCCL INFO NET/OFI MR cache 0 hits 60 misses
nid005005:91504:91591 [0] NCCL INFO NET/OFI MR cache 0 hits 60 misses
nid005005:91504:91504 [0] NCCL INFO comm 0x55e0518f3280 rank 8 nranks 16 cudaDev 0 busId c1000 - Destroy COMPLETE
nid005005:91504:91504 [0] NCCL INFO NET/Plugin: Closing net plugin 'Libfabric'
nid005005:91503:91503 [5] NCCL INFO comm 0x55ca05633170 rank 13 nranks 16 cudaDev 5 busId d6000 - Destroy COMPLETE
nid005005:91503:91503 [5] NCCL INFO NET/Plugin: Closing net plugin 'Libfabric'
nid005005:91505:91505 [2] NCCL INFO comm 0x555abdc8d1d0 rank 10 nranks 16 cudaDev 2 busId c9000 - Destroy COMPLETE
nid005005:91505:91505 [2] NCCL INFO NET/Plugin: Closing net plugin 'Libfabric'
nid005005:91506:91506 [7] NCCL INFO comm 0x5596d7683540 rank 15 nranks 16 cudaDev 7 busId de000 - Destroy COMPLETE
nid005005:91506:91506 [7] NCCL INFO NET/Plugin: Closing net plugin 'Libfabric'
nid005005:91501:91501 [4] NCCL INFO comm 0x55e4108ea9c0 rank 12 nranks 16 cudaDev 4 busId d1000 - Destroy COMPLETE
nid005005:91501:91501 [4] NCCL INFO NET/Plugin: Closing net plugin 'Libfabric'
nid005005:91500:91500 [3] NCCL INFO comm 0x555b968350e0 rank 11 nranks 16 cudaDev 3 busId ce000 - Destroy COMPLETE
nid005005:91500:91500 [3] NCCL INFO NET/Plugin: Closing net plugin 'Libfabric'
nid005005:91502:91502 [6] NCCL INFO comm 0x561f3491e030 rank 14 nranks 16 cudaDev 6 busId d9000 - Destroy COMPLETE
nid005005:91502:91502 [6] NCCL INFO NET/Plugin: Closing net plugin 'Libfabric'
nid005005:91499:91499 [1] NCCL INFO comm 0x558da978c1c0 rank 9 nranks 16 cudaDev 1 busId c6000 - Destroy COMPLETE
nid005005:91499:91499 [1] NCCL INFO NET/Plugin: Closing net plugin 'Libfabric'
nid005001:51260:51260 [5] NCCL INFO comm 0x563c5568fc70 rank 5 nranks 16 cudaDev 5 busId d6000 - Destroy COMPLETE
nid005001:51260:51260 [5] NCCL INFO NET/Plugin: Closing net plugin 'Libfabric'
nid005001:51259:51259 [7] NCCL INFO comm 0x55cec4cea9e0 rank 7 nranks 16 cudaDev 7 busId de000 - Destroy COMPLETE
nid005001:51259:51259 [7] NCCL INFO NET/Plugin: Closing net plugin 'Libfabric'
nid005001:51254:51254 [0] NCCL INFO comm 0x55bd836e47a0 rank 0 nranks 16 cudaDev 0 busId c1000 - Destroy COMPLETE
nid005001:51254:51254 [0] NCCL INFO NET/Plugin: Closing net plugin 'Libfabric'
nid005001:51255:51255 [2] NCCL INFO comm 0x561cb6d30be0 rank 2 nranks 16 cudaDev 2 busId c9000 - Destroy COMPLETE
nid005001:51255:51255 [2] NCCL INFO NET/Plugin: Closing net plugin 'Libfabric'
nid005001:51253:51253 [1] NCCL INFO comm 0x555be8224af0 rank 1 nranks 16 cudaDev 1 busId c6000 - Destroy COMPLETE
nid005001:51253:51253 [1] NCCL INFO NET/Plugin: Closing net plugin 'Libfabric'
nid005001:51256:51256 [3] NCCL INFO comm 0x55d595467d90 rank 3 nranks 16 cudaDev 3 busId ce000 - Destroy COMPLETE
nid005001:51256:51256 [3] NCCL INFO NET/Plugin: Closing net plugin 'Libfabric'
nid005001:51257:51257 [4] NCCL INFO comm 0x556f08767700 rank 4 nranks 16 cudaDev 4 busId d1000 - Destroy COMPLETE
nid005001:51257:51257 [4] NCCL INFO NET/Plugin: Closing net plugin 'Libfabric'
nid005001:51258:51258 [6] NCCL INFO comm 0x559d73d29040 rank 6 nranks 16 cudaDev 6 busId d9000 - Destroy COMPLETE
nid005001:51258:51258 [6] NCCL INFO NET/Plugin: Closing net plugin 'Libfabric'
exit_code=0 (124=timeout/hang)
