pair_label,gcd_a,gcd_b,tier,num_links,run,size_bytes,bandwidth_MBps
intra_pkg_OAM0,0,1,intra_pkg,4,2,1,4.47
intra_pkg_OAM0,0,1,intra_pkg,4,2,2,8.87
intra_pkg_OAM0,0,1,intra_pkg,4,2,4,17.77
intra_pkg_OAM0,0,1,intra_pkg,4,2,8,35.32
intra_pkg_OAM0,0,1,intra_pkg,4,2,16,70.77
intra_pkg_OAM0,0,1,intra_pkg,4,2,32,137.91
intra_pkg_OAM0,0,1,intra_pkg,4,2,64,270.20
intra_pkg_OAM0,0,1,intra_pkg,4,2,128,526.82
intra_pkg_OAM0,0,1,intra_pkg,4,2,256,522.66
intra_pkg_OAM0,0,1,intra_pkg,4,2,512,932.47
intra_pkg_OAM0,0,1,intra_pkg,4,2,1024,874.56
intra_pkg_OAM0,0,1,intra_pkg,4,2,2048,1734.16
intra_pkg_OAM0,0,1,intra_pkg,4,2,4096,3411.09
intra_pkg_OAM0,0,1,intra_pkg,4,2,8192,1478.12
intra_pkg_OAM0,0,1,intra_pkg,4,2,16384,2975.14
intra_pkg_OAM0,0,1,intra_pkg,4,2,32768,5889.99
intra_pkg_OAM0,0,1,intra_pkg,4,2,65536,11539.00
intra_pkg_OAM0,0,1,intra_pkg,4,2,131072,21978.38
intra_pkg_OAM0,0,1,intra_pkg,4,2,262144,41361.54
intra_pkg_OAM0,0,1,intra_pkg,4,2,524288,72457.23
intra_pkg_OAM0,0,1,intra_pkg,4,2,1048576,115482.41
intra_pkg_OAM0,0,1,intra_pkg,4,2,2097152,162783.96
intra_pkg_OAM0,0,1,intra_pkg,4,2,4194304,202729.35
intra_pkg_OAM0,0,1,intra_pkg,4,3,1,4.72
intra_pkg_OAM0,0,1,intra_pkg,4,3,2,9.46
intra_pkg_OAM0,0,1,intra_pkg,4,3,4,18.96
intra_pkg_OAM0,0,1,intra_pkg,4,3,8,37.70
intra_pkg_OAM0,0,1,intra_pkg,4,3,16,75.76
intra_pkg_OAM0,0,1,intra_pkg,4,3,32,146.18
intra_pkg_OAM0,0,1,intra_pkg,4,3,64,283.34
intra_pkg_OAM0,0,1,intra_pkg,4,3,128,551.38
intra_pkg_OAM0,0,1,intra_pkg,4,3,256,535.34
intra_pkg_OAM0,0,1,intra_pkg,4,3,512,946.69
intra_pkg_OAM0,0,1,intra_pkg,4,3,1024,886.98
intra_pkg_OAM0,0,1,intra_pkg,4,3,2048,1759.14
intra_pkg_OAM0,0,1,intra_pkg,4,3,4096,3460.34
intra_pkg_OAM0,0,1,intra_pkg,4,3,8192,1463.15
intra_pkg_OAM0,0,1,intra_pkg,4,3,16384,2968.92
intra_pkg_OAM0,0,1,intra_pkg,4,3,32768,5880.24
intra_pkg_OAM0,0,1,intra_pkg,4,3,65536,11459.19
intra_pkg_OAM0,0,1,intra_pkg,4,3,131072,21766.09
intra_pkg_OAM0,0,1,intra_pkg,4,3,262144,41274.46
intra_pkg_OAM0,0,1,intra_pkg,4,3,524288,72344.06
intra_pkg_OAM0,0,1,intra_pkg,4,3,1048576,115479.67
intra_pkg_OAM0,0,1,intra_pkg,4,3,2097152,163142.64
intra_pkg_OAM0,0,1,intra_pkg,4,3,4194304,202445.87
intra_pkg_OAM0,0,1,intra_pkg,4,4,1,4.60
intra_pkg_OAM0,0,1,intra_pkg,4,4,2,9.18
intra_pkg_OAM0,0,1,intra_pkg,4,4,4,18.39
intra_pkg_OAM0,0,1,intra_pkg,4,4,8,36.61
intra_pkg_OAM0,0,1,intra_pkg,4,4,16,73.21
intra_pkg_OAM0,0,1,intra_pkg,4,4,32,142.56
intra_pkg_OAM0,0,1,intra_pkg,4,4,64,275.75
intra_pkg_OAM0,0,1,intra_pkg,4,4,128,528.91
intra_pkg_OAM0,0,1,intra_pkg,4,4,256,532.87
intra_pkg_OAM0,0,1,intra_pkg,4,4,512,954.71
intra_pkg_OAM0,0,1,intra_pkg,4,4,1024,896.24
intra_pkg_OAM0,0,1,intra_pkg,4,4,2048,1773.25
intra_pkg_OAM0,0,1,intra_pkg,4,4,4096,3483.16
intra_pkg_OAM0,0,1,intra_pkg,4,4,8192,1478.56
intra_pkg_OAM0,0,1,intra_pkg,4,4,16384,2960.37
intra_pkg_OAM0,0,1,intra_pkg,4,4,32768,5883.68
intra_pkg_OAM0,0,1,intra_pkg,4,4,65536,11435.76
intra_pkg_OAM0,0,1,intra_pkg,4,4,131072,22002.14
intra_pkg_OAM0,0,1,intra_pkg,4,4,262144,41193.13
intra_pkg_OAM0,0,1,intra_pkg,4,4,524288,72236.27
intra_pkg_OAM0,0,1,intra_pkg,4,4,1048576,115362.02
intra_pkg_OAM0,0,1,intra_pkg,4,4,2097152,163445.21
intra_pkg_OAM0,0,1,intra_pkg,4,4,4194304,202496.40
intra_pkg_OAM0,0,1,intra_pkg,4,5,1,4.60
intra_pkg_OAM0,0,1,intra_pkg,4,5,2,9.11
intra_pkg_OAM0,0,1,intra_pkg,4,5,4,18.12
intra_pkg_OAM0,0,1,intra_pkg,4,5,8,36.38
intra_pkg_OAM0,0,1,intra_pkg,4,5,16,72.86
intra_pkg_OAM0,0,1,intra_pkg,4,5,32,140.91
intra_pkg_OAM0,0,1,intra_pkg,4,5,64,274.75
intra_pkg_OAM0,0,1,intra_pkg,4,5,128,532.13
intra_pkg_OAM0,0,1,intra_pkg,4,5,256,526.59
intra_pkg_OAM0,0,1,intra_pkg,4,5,512,943.56
intra_pkg_OAM0,0,1,intra_pkg,4,5,1024,887.13
intra_pkg_OAM0,0,1,intra_pkg,4,5,2048,1747.16
intra_pkg_OAM0,0,1,intra_pkg,4,5,4096,3436.46
intra_pkg_OAM0,0,1,intra_pkg,4,5,8192,1480.65
intra_pkg_OAM0,0,1,intra_pkg,4,5,16384,2977.03
intra_pkg_OAM0,0,1,intra_pkg,4,5,32768,5874.69
intra_pkg_OAM0,0,1,intra_pkg,4,5,65536,11466.11
intra_pkg_OAM0,0,1,intra_pkg,4,5,131072,21999.40
intra_pkg_OAM0,0,1,intra_pkg,4,5,262144,41264.64
intra_pkg_OAM0,0,1,intra_pkg,4,5,524288,72259.10
intra_pkg_OAM0,0,1,intra_pkg,4,5,1048576,115556.12
intra_pkg_OAM0,0,1,intra_pkg,4,5,2097152,163683.62
intra_pkg_OAM0,0,1,intra_pkg,4,5,4194304,203174.73
intra_pkg_OAM0,0,1,intra_pkg,4,6,1,4.62
intra_pkg_OAM0,0,1,intra_pkg,4,6,2,9.21
intra_pkg_OAM0,0,1,intra_pkg,4,6,4,18.22
intra_pkg_OAM0,0,1,intra_pkg,4,6,8,36.71
intra_pkg_OAM0,0,1,intra_pkg,4,6,16,72.89
intra_pkg_OAM0,0,1,intra_pkg,4,6,32,141.78
intra_pkg_OAM0,0,1,intra_pkg,4,6,64,274.56
intra_pkg_OAM0,0,1,intra_pkg,4,6,128,526.92
intra_pkg_OAM0,0,1,intra_pkg,4,6,256,528.53
intra_pkg_OAM0,0,1,intra_pkg,4,6,512,952.80
intra_pkg_OAM0,0,1,intra_pkg,4,6,1024,878.20
intra_pkg_OAM0,0,1,intra_pkg,4,6,2048,1741.76
intra_pkg_OAM0,0,1,intra_pkg,4,6,4096,3422.97
intra_pkg_OAM0,0,1,intra_pkg,4,6,8192,1464.67
intra_pkg_OAM0,0,1,intra_pkg,4,6,16384,2959.92
intra_pkg_OAM0,0,1,intra_pkg,4,6,32768,5861.16
intra_pkg_OAM0,0,1,intra_pkg,4,6,65536,11442.41
intra_pkg_OAM0,0,1,intra_pkg,4,6,131072,21783.77
intra_pkg_OAM0,0,1,intra_pkg,4,6,262144,41166.77
intra_pkg_OAM0,0,1,intra_pkg,4,6,524288,72205.51
intra_pkg_OAM0,0,1,intra_pkg,4,6,1048576,114183.31
intra_pkg_OAM0,0,1,intra_pkg,4,6,2097152,163263.11
intra_pkg_OAM0,0,1,intra_pkg,4,6,4194304,202731.71
intra_pkg_OAM1,2,3,intra_pkg,4,2,1,4.64
intra_pkg_OAM1,2,3,intra_pkg,4,2,2,9.16
intra_pkg_OAM1,2,3,intra_pkg,4,2,4,18.33
intra_pkg_OAM1,2,3,intra_pkg,4,2,8,36.43
intra_pkg_OAM1,2,3,intra_pkg,4,2,16,73.04
intra_pkg_OAM1,2,3,intra_pkg,4,2,32,141.47
intra_pkg_OAM1,2,3,intra_pkg,4,2,64,275.60
intra_pkg_OAM1,2,3,intra_pkg,4,2,128,530.56
intra_pkg_OAM1,2,3,intra_pkg,4,2,256,525.56
intra_pkg_OAM1,2,3,intra_pkg,4,2,512,941.09
intra_pkg_OAM1,2,3,intra_pkg,4,2,1024,885.11
intra_pkg_OAM1,2,3,intra_pkg,4,2,2048,1750.98
intra_pkg_OAM1,2,3,intra_pkg,4,2,4096,3437.43
intra_pkg_OAM1,2,3,intra_pkg,4,2,8192,1450.43
intra_pkg_OAM1,2,3,intra_pkg,4,2,16384,2892.59
intra_pkg_OAM1,2,3,intra_pkg,4,2,32768,5754.09
intra_pkg_OAM1,2,3,intra_pkg,4,2,65536,11213.30
intra_pkg_OAM1,2,3,intra_pkg,4,2,131072,21602.14
intra_pkg_OAM1,2,3,intra_pkg,4,2,262144,40476.21
intra_pkg_OAM1,2,3,intra_pkg,4,2,524288,71107.33
intra_pkg_OAM1,2,3,intra_pkg,4,2,1048576,114461.08
intra_pkg_OAM1,2,3,intra_pkg,4,2,2097152,161892.77
intra_pkg_OAM1,2,3,intra_pkg,4,2,4194304,201386.07
intra_pkg_OAM1,2,3,intra_pkg,4,3,1,4.60
intra_pkg_OAM1,2,3,intra_pkg,4,3,2,9.17
intra_pkg_OAM1,2,3,intra_pkg,4,3,4,18.19
intra_pkg_OAM1,2,3,intra_pkg,4,3,8,36.32
intra_pkg_OAM1,2,3,intra_pkg,4,3,16,72.54
intra_pkg_OAM1,2,3,intra_pkg,4,3,32,141.10
intra_pkg_OAM1,2,3,intra_pkg,4,3,64,274.38
intra_pkg_OAM1,2,3,intra_pkg,4,3,128,530.88
intra_pkg_OAM1,2,3,intra_pkg,4,3,256,524.52
intra_pkg_OAM1,2,3,intra_pkg,4,3,512,928.89
intra_pkg_OAM1,2,3,intra_pkg,4,3,1024,899.59
intra_pkg_OAM1,2,3,intra_pkg,4,3,2048,1785.68
intra_pkg_OAM1,2,3,intra_pkg,4,3,4096,3507.80
intra_pkg_OAM1,2,3,intra_pkg,4,3,8192,1449.90
intra_pkg_OAM1,2,3,intra_pkg,4,3,16384,2898.45
intra_pkg_OAM1,2,3,intra_pkg,4,3,32768,5753.04
intra_pkg_OAM1,2,3,intra_pkg,4,3,65536,11245.30
intra_pkg_OAM1,2,3,intra_pkg,4,3,131072,21554.45
intra_pkg_OAM1,2,3,intra_pkg,4,3,262144,40391.52
intra_pkg_OAM1,2,3,intra_pkg,4,3,524288,70979.21
intra_pkg_OAM1,2,3,intra_pkg,4,3,1048576,113816.88
intra_pkg_OAM1,2,3,intra_pkg,4,3,2097152,161007.77
intra_pkg_OAM1,2,3,intra_pkg,4,3,4194304,201482.11
intra_pkg_OAM1,2,3,intra_pkg,4,4,1,4.79
intra_pkg_OAM1,2,3,intra_pkg,4,4,2,9.40
intra_pkg_OAM1,2,3,intra_pkg,4,4,4,18.83
intra_pkg_OAM1,2,3,intra_pkg,4,4,8,37.67
intra_pkg_OAM1,2,3,intra_pkg,4,4,16,75.42
intra_pkg_OAM1,2,3,intra_pkg,4,4,32,145.46
intra_pkg_OAM1,2,3,intra_pkg,4,4,64,284.51
intra_pkg_OAM1,2,3,intra_pkg,4,4,128,542.55
intra_pkg_OAM1,2,3,intra_pkg,4,4,256,531.32
intra_pkg_OAM1,2,3,intra_pkg,4,4,512,958.44
intra_pkg_OAM1,2,3,intra_pkg,4,4,1024,891.05
intra_pkg_OAM1,2,3,intra_pkg,4,4,2048,1768.19
intra_pkg_OAM1,2,3,intra_pkg,4,4,4096,3472.06
intra_pkg_OAM1,2,3,intra_pkg,4,4,8192,1451.54
intra_pkg_OAM1,2,3,intra_pkg,4,4,16384,2901.61
intra_pkg_OAM1,2,3,intra_pkg,4,4,32768,5760.04
intra_pkg_OAM1,2,3,intra_pkg,4,4,65536,11221.21
intra_pkg_OAM1,2,3,intra_pkg,4,4,131072,21609.00
intra_pkg_OAM1,2,3,intra_pkg,4,4,262144,40497.58
intra_pkg_OAM1,2,3,intra_pkg,4,4,524288,71146.62
intra_pkg_OAM1,2,3,intra_pkg,4,4,1048576,114531.55
intra_pkg_OAM1,2,3,intra_pkg,4,4,2097152,162138.35
intra_pkg_OAM1,2,3,intra_pkg,4,4,4194304,201481.28
intra_pkg_OAM1,2,3,intra_pkg,4,5,1,4.59
intra_pkg_OAM1,2,3,intra_pkg,4,5,2,9.19
intra_pkg_OAM1,2,3,intra_pkg,4,5,4,18.31
intra_pkg_OAM1,2,3,intra_pkg,4,5,8,36.69
intra_pkg_OAM1,2,3,intra_pkg,4,5,16,73.20
intra_pkg_OAM1,2,3,intra_pkg,4,5,32,141.12
intra_pkg_OAM1,2,3,intra_pkg,4,5,64,276.23
intra_pkg_OAM1,2,3,intra_pkg,4,5,128,528.06
intra_pkg_OAM1,2,3,intra_pkg,4,5,256,504.20
intra_pkg_OAM1,2,3,intra_pkg,4,5,512,911.12
intra_pkg_OAM1,2,3,intra_pkg,4,5,1024,852.60
intra_pkg_OAM1,2,3,intra_pkg,4,5,2048,1694.51
intra_pkg_OAM1,2,3,intra_pkg,4,5,4096,3325.97
intra_pkg_OAM1,2,3,intra_pkg,4,5,8192,1448.23
intra_pkg_OAM1,2,3,intra_pkg,4,5,16384,2899.74
intra_pkg_OAM1,2,3,intra_pkg,4,5,32768,5754.17
intra_pkg_OAM1,2,3,intra_pkg,4,5,65536,11262.48
intra_pkg_OAM1,2,3,intra_pkg,4,5,131072,21604.66
intra_pkg_OAM1,2,3,intra_pkg,4,5,262144,40484.97
intra_pkg_OAM1,2,3,intra_pkg,4,5,524288,71067.54
intra_pkg_OAM1,2,3,intra_pkg,4,5,1048576,114158.46
intra_pkg_OAM1,2,3,intra_pkg,4,5,2097152,161954.77
intra_pkg_OAM1,2,3,intra_pkg,4,5,4194304,201325.31
intra_pkg_OAM1,2,3,intra_pkg,4,6,1,4.55
intra_pkg_OAM1,2,3,intra_pkg,4,6,2,9.09
intra_pkg_OAM1,2,3,intra_pkg,4,6,4,18.13
intra_pkg_OAM1,2,3,intra_pkg,4,6,8,36.30
intra_pkg_OAM1,2,3,intra_pkg,4,6,16,72.64
intra_pkg_OAM1,2,3,intra_pkg,4,6,32,140.01
intra_pkg_OAM1,2,3,intra_pkg,4,6,64,274.75
intra_pkg_OAM1,2,3,intra_pkg,4,6,128,524.81
intra_pkg_OAM1,2,3,intra_pkg,4,6,256,511.61
intra_pkg_OAM1,2,3,intra_pkg,4,6,512,922.58
intra_pkg_OAM1,2,3,intra_pkg,4,6,1024,890.26
intra_pkg_OAM1,2,3,intra_pkg,4,6,2048,1760.59
intra_pkg_OAM1,2,3,intra_pkg,4,6,4096,3471.89
intra_pkg_OAM1,2,3,intra_pkg,4,6,8192,1447.63
intra_pkg_OAM1,2,3,intra_pkg,4,6,16384,2896.84
intra_pkg_OAM1,2,3,intra_pkg,4,6,32768,5759.33
intra_pkg_OAM1,2,3,intra_pkg,4,6,65536,11257.75
intra_pkg_OAM1,2,3,intra_pkg,4,6,131072,21518.62
intra_pkg_OAM1,2,3,intra_pkg,4,6,262144,40457.12
intra_pkg_OAM1,2,3,intra_pkg,4,6,524288,71167.52
intra_pkg_OAM1,2,3,intra_pkg,4,6,1048576,113923.45
intra_pkg_OAM1,2,3,intra_pkg,4,6,2097152,161479.06
intra_pkg_OAM1,2,3,intra_pkg,4,6,4194304,201989.73
intra_pkg_OAM2,4,5,intra_pkg,4,2,1,4.58
intra_pkg_OAM2,4,5,intra_pkg,4,2,2,9.11
intra_pkg_OAM2,4,5,intra_pkg,4,2,4,18.25
intra_pkg_OAM2,4,5,intra_pkg,4,2,8,36.42
intra_pkg_OAM2,4,5,intra_pkg,4,2,16,72.23
intra_pkg_OAM2,4,5,intra_pkg,4,2,32,140.09
intra_pkg_OAM2,4,5,intra_pkg,4,2,64,274.34
intra_pkg_OAM2,4,5,intra_pkg,4,2,128,521.31
intra_pkg_OAM2,4,5,intra_pkg,4,2,256,507.70
intra_pkg_OAM2,4,5,intra_pkg,4,2,512,904.30
intra_pkg_OAM2,4,5,intra_pkg,4,2,1024,891.33
intra_pkg_OAM2,4,5,intra_pkg,4,2,2048,1767.07
intra_pkg_OAM2,4,5,intra_pkg,4,2,4096,3483.11
intra_pkg_OAM2,4,5,intra_pkg,4,2,8192,1454.66
intra_pkg_OAM2,4,5,intra_pkg,4,2,16384,2943.52
intra_pkg_OAM2,4,5,intra_pkg,4,2,32768,5801.40
intra_pkg_OAM2,4,5,intra_pkg,4,2,65536,11328.93
intra_pkg_OAM2,4,5,intra_pkg,4,2,131072,21801.78
intra_pkg_OAM2,4,5,intra_pkg,4,2,262144,40767.04
intra_pkg_OAM2,4,5,intra_pkg,4,2,524288,71610.13
intra_pkg_OAM2,4,5,intra_pkg,4,2,1048576,114300.38
intra_pkg_OAM2,4,5,intra_pkg,4,2,2097152,162649.03
intra_pkg_OAM2,4,5,intra_pkg,4,2,4194304,201806.32
intra_pkg_OAM2,4,5,intra_pkg,4,3,1,4.65
intra_pkg_OAM2,4,5,intra_pkg,4,3,2,9.18
intra_pkg_OAM2,4,5,intra_pkg,4,3,4,18.30
intra_pkg_OAM2,4,5,intra_pkg,4,3,8,36.72
intra_pkg_OAM2,4,5,intra_pkg,4,3,16,73.24
intra_pkg_OAM2,4,5,intra_pkg,4,3,32,142.03
intra_pkg_OAM2,4,5,intra_pkg,4,3,64,276.75
intra_pkg_OAM2,4,5,intra_pkg,4,3,128,530.91
intra_pkg_OAM2,4,5,intra_pkg,4,3,256,519.94
intra_pkg_OAM2,4,5,intra_pkg,4,3,512,935.99
intra_pkg_OAM2,4,5,intra_pkg,4,3,1024,879.54
intra_pkg_OAM2,4,5,intra_pkg,4,3,2048,1739.52
intra_pkg_OAM2,4,5,intra_pkg,4,3,4096,3434.93
intra_pkg_OAM2,4,5,intra_pkg,4,3,8192,1458.54
intra_pkg_OAM2,4,5,intra_pkg,4,3,16384,2921.10
intra_pkg_OAM2,4,5,intra_pkg,4,3,32768,5793.21
intra_pkg_OAM2,4,5,intra_pkg,4,3,65536,11345.41
intra_pkg_OAM2,4,5,intra_pkg,4,3,131072,21772.51
intra_pkg_OAM2,4,5,intra_pkg,4,3,262144,40770.92
intra_pkg_OAM2,4,5,intra_pkg,4,3,524288,71417.02
intra_pkg_OAM2,4,5,intra_pkg,4,3,1048576,115066.37
intra_pkg_OAM2,4,5,intra_pkg,4,3,2097152,162508.52
intra_pkg_OAM2,4,5,intra_pkg,4,3,4194304,201773.34
intra_pkg_OAM2,4,5,intra_pkg,4,4,1,4.60
intra_pkg_OAM2,4,5,intra_pkg,4,4,2,9.11
intra_pkg_OAM2,4,5,intra_pkg,4,4,4,18.34
intra_pkg_OAM2,4,5,intra_pkg,4,4,8,36.56
intra_pkg_OAM2,4,5,intra_pkg,4,4,16,72.93
intra_pkg_OAM2,4,5,intra_pkg,4,4,32,140.50
intra_pkg_OAM2,4,5,intra_pkg,4,4,64,274.30
intra_pkg_OAM2,4,5,intra_pkg,4,4,128,531.28
intra_pkg_OAM2,4,5,intra_pkg,4,4,256,533.60
intra_pkg_OAM2,4,5,intra_pkg,4,4,512,948.22
intra_pkg_OAM2,4,5,intra_pkg,4,4,1024,899.32
intra_pkg_OAM2,4,5,intra_pkg,4,4,2048,1782.31
intra_pkg_OAM2,4,5,intra_pkg,4,4,4096,3504.70
intra_pkg_OAM2,4,5,intra_pkg,4,4,8192,1457.30
intra_pkg_OAM2,4,5,intra_pkg,4,4,16384,2926.55
intra_pkg_OAM2,4,5,intra_pkg,4,4,32768,5795.12
intra_pkg_OAM2,4,5,intra_pkg,4,4,65536,11323.80
intra_pkg_OAM2,4,5,intra_pkg,4,4,131072,21746.52
intra_pkg_OAM2,4,5,intra_pkg,4,4,262144,40724.46
intra_pkg_OAM2,4,5,intra_pkg,4,4,524288,71450.66
intra_pkg_OAM2,4,5,intra_pkg,4,4,1048576,114899.08
intra_pkg_OAM2,4,5,intra_pkg,4,4,2097152,161897.61
intra_pkg_OAM2,4,5,intra_pkg,4,4,4194304,201709.42
intra_pkg_OAM2,4,5,intra_pkg,4,5,1,4.63
intra_pkg_OAM2,4,5,intra_pkg,4,5,2,9.11
intra_pkg_OAM2,4,5,intra_pkg,4,5,4,18.24
intra_pkg_OAM2,4,5,intra_pkg,4,5,8,36.59
intra_pkg_OAM2,4,5,intra_pkg,4,5,16,73.22
intra_pkg_OAM2,4,5,intra_pkg,4,5,32,141.94
intra_pkg_OAM2,4,5,intra_pkg,4,5,64,277.12
intra_pkg_OAM2,4,5,intra_pkg,4,5,128,533.00
intra_pkg_OAM2,4,5,intra_pkg,4,5,256,525.55
intra_pkg_OAM2,4,5,intra_pkg,4,5,512,948.03
intra_pkg_OAM2,4,5,intra_pkg,4,5,1024,889.71
intra_pkg_OAM2,4,5,intra_pkg,4,5,2048,1755.02
intra_pkg_OAM2,4,5,intra_pkg,4,5,4096,3450.19
intra_pkg_OAM2,4,5,intra_pkg,4,5,8192,1458.84
intra_pkg_OAM2,4,5,intra_pkg,4,5,16384,2917.33
intra_pkg_OAM2,4,5,intra_pkg,4,5,32768,5795.11
intra_pkg_OAM2,4,5,intra_pkg,4,5,65536,11362.87
intra_pkg_OAM2,4,5,intra_pkg,4,5,131072,21765.51
intra_pkg_OAM2,4,5,intra_pkg,4,5,262144,40716.01
intra_pkg_OAM2,4,5,intra_pkg,4,5,524288,71569.03
intra_pkg_OAM2,4,5,intra_pkg,4,5,1048576,115021.77
intra_pkg_OAM2,4,5,intra_pkg,4,5,2097152,162603.45
intra_pkg_OAM2,4,5,intra_pkg,4,5,4194304,202212.01
intra_pkg_OAM2,4,5,intra_pkg,4,6,1,4.58
intra_pkg_OAM2,4,5,intra_pkg,4,6,2,9.12
intra_pkg_OAM2,4,5,intra_pkg,4,6,4,18.25
intra_pkg_OAM2,4,5,intra_pkg,4,6,8,36.53
intra_pkg_OAM2,4,5,intra_pkg,4,6,16,73.00
intra_pkg_OAM2,4,5,intra_pkg,4,6,32,140.94
intra_pkg_OAM2,4,5,intra_pkg,4,6,64,273.42
intra_pkg_OAM2,4,5,intra_pkg,4,6,128,526.89
intra_pkg_OAM2,4,5,intra_pkg,4,6,256,527.23
intra_pkg_OAM2,4,5,intra_pkg,4,6,512,946.49
intra_pkg_OAM2,4,5,intra_pkg,4,6,1024,891.08
intra_pkg_OAM2,4,5,intra_pkg,4,6,2048,1767.72
intra_pkg_OAM2,4,5,intra_pkg,4,6,4096,3485.91
intra_pkg_OAM2,4,5,intra_pkg,4,6,8192,1511.74
intra_pkg_OAM2,4,5,intra_pkg,4,6,16384,3026.11
intra_pkg_OAM2,4,5,intra_pkg,4,6,32768,6038.70
intra_pkg_OAM2,4,5,intra_pkg,4,6,65536,11801.50
intra_pkg_OAM2,4,5,intra_pkg,4,6,131072,22577.04
intra_pkg_OAM2,4,5,intra_pkg,4,6,262144,42130.63
intra_pkg_OAM2,4,5,intra_pkg,4,6,524288,73629.01
intra_pkg_OAM2,4,5,intra_pkg,4,6,1048576,117650.81
intra_pkg_OAM2,4,5,intra_pkg,4,6,2097152,164024.89
intra_pkg_OAM2,4,5,intra_pkg,4,6,4194304,201831.90
intra_pkg_OAM3,6,7,intra_pkg,4,2,1,4.64
intra_pkg_OAM3,6,7,intra_pkg,4,2,2,9.14
intra_pkg_OAM3,6,7,intra_pkg,4,2,4,18.32
intra_pkg_OAM3,6,7,intra_pkg,4,2,8,36.62
intra_pkg_OAM3,6,7,intra_pkg,4,2,16,73.15
intra_pkg_OAM3,6,7,intra_pkg,4,2,32,141.92
intra_pkg_OAM3,6,7,intra_pkg,4,2,64,275.11
intra_pkg_OAM3,6,7,intra_pkg,4,2,128,530.82
intra_pkg_OAM3,6,7,intra_pkg,4,2,256,525.95
intra_pkg_OAM3,6,7,intra_pkg,4,2,512,934.72
intra_pkg_OAM3,6,7,intra_pkg,4,2,1024,881.47
intra_pkg_OAM3,6,7,intra_pkg,4,2,2048,1743.87
intra_pkg_OAM3,6,7,intra_pkg,4,2,4096,3443.40
intra_pkg_OAM3,6,7,intra_pkg,4,2,8192,1489.59
intra_pkg_OAM3,6,7,intra_pkg,4,2,16384,3019.62
intra_pkg_OAM3,6,7,intra_pkg,4,2,32768,5950.04
intra_pkg_OAM3,6,7,intra_pkg,4,2,65536,11624.96
intra_pkg_OAM3,6,7,intra_pkg,4,2,131072,22119.42
intra_pkg_OAM3,6,7,intra_pkg,4,2,262144,41906.10
intra_pkg_OAM3,6,7,intra_pkg,4,2,524288,73394.83
intra_pkg_OAM3,6,7,intra_pkg,4,2,1048576,117054.94
intra_pkg_OAM3,6,7,intra_pkg,4,2,2097152,164455.66
intra_pkg_OAM3,6,7,intra_pkg,4,2,4194304,203655.15
intra_pkg_OAM3,6,7,intra_pkg,4,3,1,4.66
intra_pkg_OAM3,6,7,intra_pkg,4,3,2,9.23
intra_pkg_OAM3,6,7,intra_pkg,4,3,4,18.34
intra_pkg_OAM3,6,7,intra_pkg,4,3,8,36.72
intra_pkg_OAM3,6,7,intra_pkg,4,3,16,73.53
intra_pkg_OAM3,6,7,intra_pkg,4,3,32,142.49
intra_pkg_OAM3,6,7,intra_pkg,4,3,64,275.81
intra_pkg_OAM3,6,7,intra_pkg,4,3,128,535.56
intra_pkg_OAM3,6,7,intra_pkg,4,3,256,533.48
intra_pkg_OAM3,6,7,intra_pkg,4,3,512,953.36
intra_pkg_OAM3,6,7,intra_pkg,4,3,1024,893.13
intra_pkg_OAM3,6,7,intra_pkg,4,3,2048,1767.10
intra_pkg_OAM3,6,7,intra_pkg,4,3,4096,3481.85
intra_pkg_OAM3,6,7,intra_pkg,4,3,8192,1505.88
intra_pkg_OAM3,6,7,intra_pkg,4,3,16384,3023.19
intra_pkg_OAM3,6,7,intra_pkg,4,3,32768,5974.25
intra_pkg_OAM3,6,7,intra_pkg,4,3,65536,11718.31
intra_pkg_OAM3,6,7,intra_pkg,4,3,131072,22423.47
intra_pkg_OAM3,6,7,intra_pkg,4,3,262144,41949.68
intra_pkg_OAM3,6,7,intra_pkg,4,3,524288,73287.03
intra_pkg_OAM3,6,7,intra_pkg,4,3,1048576,117088.71
intra_pkg_OAM3,6,7,intra_pkg,4,3,2097152,164263.64
intra_pkg_OAM3,6,7,intra_pkg,4,3,4194304,203598.28
intra_pkg_OAM3,6,7,intra_pkg,4,4,1,4.63
intra_pkg_OAM3,6,7,intra_pkg,4,4,2,9.09
intra_pkg_OAM3,6,7,intra_pkg,4,4,4,18.14
intra_pkg_OAM3,6,7,intra_pkg,4,4,8,36.23
intra_pkg_OAM3,6,7,intra_pkg,4,4,16,72.72
intra_pkg_OAM3,6,7,intra_pkg,4,4,32,141.01
intra_pkg_OAM3,6,7,intra_pkg,4,4,64,273.29
intra_pkg_OAM3,6,7,intra_pkg,4,4,128,523.95
intra_pkg_OAM3,6,7,intra_pkg,4,4,256,529.43
intra_pkg_OAM3,6,7,intra_pkg,4,4,512,942.62
intra_pkg_OAM3,6,7,intra_pkg,4,4,1024,877.82
intra_pkg_OAM3,6,7,intra_pkg,4,4,2048,1746.24
intra_pkg_OAM3,6,7,intra_pkg,4,4,4096,3422.48
intra_pkg_OAM3,6,7,intra_pkg,4,4,8192,1501.39
intra_pkg_OAM3,6,7,intra_pkg,4,4,16384,3018.02
intra_pkg_OAM3,6,7,intra_pkg,4,4,32768,5985.30
intra_pkg_OAM3,6,7,intra_pkg,4,4,65536,11657.33
intra_pkg_OAM3,6,7,intra_pkg,4,4,131072,22409.37
intra_pkg_OAM3,6,7,intra_pkg,4,4,262144,41990.28
intra_pkg_OAM3,6,7,intra_pkg,4,4,524288,73355.09
intra_pkg_OAM3,6,7,intra_pkg,4,4,1048576,117084.89
intra_pkg_OAM3,6,7,intra_pkg,4,4,2097152,164597.87
intra_pkg_OAM3,6,7,intra_pkg,4,4,4194304,203395.31
intra_pkg_OAM3,6,7,intra_pkg,4,5,1,4.58
intra_pkg_OAM3,6,7,intra_pkg,4,5,2,9.14
intra_pkg_OAM3,6,7,intra_pkg,4,5,4,18.39
intra_pkg_OAM3,6,7,intra_pkg,4,5,8,36.68
intra_pkg_OAM3,6,7,intra_pkg,4,5,16,73.12
intra_pkg_OAM3,6,7,intra_pkg,4,5,32,141.87
intra_pkg_OAM3,6,7,intra_pkg,4,5,64,273.83
intra_pkg_OAM3,6,7,intra_pkg,4,5,128,526.95
intra_pkg_OAM3,6,7,intra_pkg,4,5,256,517.82
intra_pkg_OAM3,6,7,intra_pkg,4,5,512,923.39
intra_pkg_OAM3,6,7,intra_pkg,4,5,1024,892.97
intra_pkg_OAM3,6,7,intra_pkg,4,5,2048,1768.64
intra_pkg_OAM3,6,7,intra_pkg,4,5,4096,3478.74
intra_pkg_OAM3,6,7,intra_pkg,4,5,8192,1502.28
intra_pkg_OAM3,6,7,intra_pkg,4,5,16384,3030.13
intra_pkg_OAM3,6,7,intra_pkg,4,5,32768,5982.46
intra_pkg_OAM3,6,7,intra_pkg,4,5,65536,11553.63
intra_pkg_OAM3,6,7,intra_pkg,4,5,131072,22424.23
intra_pkg_OAM3,6,7,intra_pkg,4,5,262144,42016.01
intra_pkg_OAM3,6,7,intra_pkg,4,5,524288,73384.94
intra_pkg_OAM3,6,7,intra_pkg,4,5,1048576,116392.50
intra_pkg_OAM3,6,7,intra_pkg,4,5,2097152,163372.44
intra_pkg_OAM3,6,7,intra_pkg,4,5,4194304,203733.50
intra_pkg_OAM3,6,7,intra_pkg,4,6,1,4.66
intra_pkg_OAM3,6,7,intra_pkg,4,6,2,9.16
intra_pkg_OAM3,6,7,intra_pkg,4,6,4,18.27
intra_pkg_OAM3,6,7,intra_pkg,4,6,8,36.51
intra_pkg_OAM3,6,7,intra_pkg,4,6,16,72.76
intra_pkg_OAM3,6,7,intra_pkg,4,6,32,141.15
intra_pkg_OAM3,6,7,intra_pkg,4,6,64,274.31
intra_pkg_OAM3,6,7,intra_pkg,4,6,128,530.18
intra_pkg_OAM3,6,7,intra_pkg,4,6,256,522.82
intra_pkg_OAM3,6,7,intra_pkg,4,6,512,931.75
intra_pkg_OAM3,6,7,intra_pkg,4,6,1024,861.76
intra_pkg_OAM3,6,7,intra_pkg,4,6,2048,1710.00
intra_pkg_OAM3,6,7,intra_pkg,4,6,4096,3369.70
intra_pkg_OAM3,6,7,intra_pkg,4,6,8192,1505.75
intra_pkg_OAM3,6,7,intra_pkg,4,6,16384,3054.07
intra_pkg_OAM3,6,7,intra_pkg,4,6,32768,6051.33
intra_pkg_OAM3,6,7,intra_pkg,4,6,65536,11783.69
intra_pkg_OAM3,6,7,intra_pkg,4,6,131072,22549.25
intra_pkg_OAM3,6,7,intra_pkg,4,6,262144,42085.21
intra_pkg_OAM3,6,7,intra_pkg,4,6,524288,73720.27
intra_pkg_OAM3,6,7,intra_pkg,4,6,1048576,117099.31
intra_pkg_OAM3,6,7,intra_pkg,4,6,2097152,165256.62
intra_pkg_OAM3,6,7,intra_pkg,4,6,4194304,203689.61
inter_pkg_2link_06,0,6,inter_pkg_2link,2,2,1,4.60
inter_pkg_2link_06,0,6,inter_pkg_2link,2,2,2,9.11
inter_pkg_2link_06,0,6,inter_pkg_2link,2,2,4,18.22
inter_pkg_2link_06,0,6,inter_pkg_2link,2,2,8,36.18
inter_pkg_2link_06,0,6,inter_pkg_2link,2,2,16,73.26
inter_pkg_2link_06,0,6,inter_pkg_2link,2,2,32,141.95
inter_pkg_2link_06,0,6,inter_pkg_2link,2,2,64,275.07
inter_pkg_2link_06,0,6,inter_pkg_2link,2,2,128,526.68
inter_pkg_2link_06,0,6,inter_pkg_2link,2,2,256,528.47
inter_pkg_2link_06,0,6,inter_pkg_2link,2,2,512,953.54
inter_pkg_2link_06,0,6,inter_pkg_2link,2,2,1024,887.65
inter_pkg_2link_06,0,6,inter_pkg_2link,2,2,2048,1731.54
inter_pkg_2link_06,0,6,inter_pkg_2link,2,2,4096,3457.37
inter_pkg_2link_06,0,6,inter_pkg_2link,2,2,8192,1962.59
inter_pkg_2link_06,0,6,inter_pkg_2link,2,2,16384,3931.44
inter_pkg_2link_06,0,6,inter_pkg_2link,2,2,32768,7594.06
inter_pkg_2link_06,0,6,inter_pkg_2link,2,2,65536,14695.46
inter_pkg_2link_06,0,6,inter_pkg_2link,2,2,131072,27098.90
inter_pkg_2link_06,0,6,inter_pkg_2link,2,2,262144,46439.63
inter_pkg_2link_06,0,6,inter_pkg_2link,2,2,524288,71465.87
inter_pkg_2link_06,0,6,inter_pkg_2link,2,2,1048576,91659.25
inter_pkg_2link_06,0,6,inter_pkg_2link,2,2,2097152,105842.50
inter_pkg_2link_06,0,6,inter_pkg_2link,2,2,4194304,114942.69
inter_pkg_2link_06,0,6,inter_pkg_2link,2,3,1,4.61
inter_pkg_2link_06,0,6,inter_pkg_2link,2,3,2,9.10
inter_pkg_2link_06,0,6,inter_pkg_2link,2,3,4,18.31
inter_pkg_2link_06,0,6,inter_pkg_2link,2,3,8,36.55
inter_pkg_2link_06,0,6,inter_pkg_2link,2,3,16,73.43
inter_pkg_2link_06,0,6,inter_pkg_2link,2,3,32,140.76
inter_pkg_2link_06,0,6,inter_pkg_2link,2,3,64,275.17
inter_pkg_2link_06,0,6,inter_pkg_2link,2,3,128,533.11
inter_pkg_2link_06,0,6,inter_pkg_2link,2,3,256,517.68
inter_pkg_2link_06,0,6,inter_pkg_2link,2,3,512,930.96
inter_pkg_2link_06,0,6,inter_pkg_2link,2,3,1024,894.03
inter_pkg_2link_06,0,6,inter_pkg_2link,2,3,2048,1775.93
inter_pkg_2link_06,0,6,inter_pkg_2link,2,3,4096,3478.95
inter_pkg_2link_06,0,6,inter_pkg_2link,2,3,8192,1964.62
inter_pkg_2link_06,0,6,inter_pkg_2link,2,3,16384,3911.36
inter_pkg_2link_06,0,6,inter_pkg_2link,2,3,32768,7626.96
inter_pkg_2link_06,0,6,inter_pkg_2link,2,3,65536,14723.18
inter_pkg_2link_06,0,6,inter_pkg_2link,2,3,131072,27078.30
inter_pkg_2link_06,0,6,inter_pkg_2link,2,3,262144,46436.24
inter_pkg_2link_06,0,6,inter_pkg_2link,2,3,524288,71493.52
inter_pkg_2link_06,0,6,inter_pkg_2link,2,3,1048576,91880.20
inter_pkg_2link_06,0,6,inter_pkg_2link,2,3,2097152,105944.77
inter_pkg_2link_06,0,6,inter_pkg_2link,2,3,4194304,114991.56
inter_pkg_2link_06,0,6,inter_pkg_2link,2,4,1,4.62
inter_pkg_2link_06,0,6,inter_pkg_2link,2,4,2,9.16
inter_pkg_2link_06,0,6,inter_pkg_2link,2,4,4,18.34
inter_pkg_2link_06,0,6,inter_pkg_2link,2,4,8,36.71
inter_pkg_2link_06,0,6,inter_pkg_2link,2,4,16,73.01
inter_pkg_2link_06,0,6,inter_pkg_2link,2,4,32,141.39
inter_pkg_2link_06,0,6,inter_pkg_2link,2,4,64,275.52
inter_pkg_2link_06,0,6,inter_pkg_2link,2,4,128,531.81
inter_pkg_2link_06,0,6,inter_pkg_2link,2,4,256,520.43
inter_pkg_2link_06,0,6,inter_pkg_2link,2,4,512,939.19
inter_pkg_2link_06,0,6,inter_pkg_2link,2,4,1024,881.11
inter_pkg_2link_06,0,6,inter_pkg_2link,2,4,2048,1747.32
inter_pkg_2link_06,0,6,inter_pkg_2link,2,4,4096,3459.22
inter_pkg_2link_06,0,6,inter_pkg_2link,2,4,8192,1959.98
inter_pkg_2link_06,0,6,inter_pkg_2link,2,4,16384,3922.53
inter_pkg_2link_06,0,6,inter_pkg_2link,2,4,32768,7663.37
inter_pkg_2link_06,0,6,inter_pkg_2link,2,4,65536,14705.45
inter_pkg_2link_06,0,6,inter_pkg_2link,2,4,131072,27178.95
inter_pkg_2link_06,0,6,inter_pkg_2link,2,4,262144,46528.69
inter_pkg_2link_06,0,6,inter_pkg_2link,2,4,524288,71926.37
inter_pkg_2link_06,0,6,inter_pkg_2link,2,4,1048576,92042.92
inter_pkg_2link_06,0,6,inter_pkg_2link,2,4,2097152,105847.65
inter_pkg_2link_06,0,6,inter_pkg_2link,2,4,4194304,115155.96
inter_pkg_2link_06,0,6,inter_pkg_2link,2,5,1,4.68
inter_pkg_2link_06,0,6,inter_pkg_2link,2,5,2,9.39
inter_pkg_2link_06,0,6,inter_pkg_2link,2,5,4,18.68
inter_pkg_2link_06,0,6,inter_pkg_2link,2,5,8,37.48
inter_pkg_2link_06,0,6,inter_pkg_2link,2,5,16,75.02
inter_pkg_2link_06,0,6,inter_pkg_2link,2,5,32,145.37
inter_pkg_2link_06,0,6,inter_pkg_2link,2,5,64,283.14
inter_pkg_2link_06,0,6,inter_pkg_2link,2,5,128,550.56
inter_pkg_2link_06,0,6,inter_pkg_2link,2,5,256,537.96
inter_pkg_2link_06,0,6,inter_pkg_2link,2,5,512,963.23
inter_pkg_2link_06,0,6,inter_pkg_2link,2,5,1024,889.41
inter_pkg_2link_06,0,6,inter_pkg_2link,2,5,2048,1784.28
inter_pkg_2link_06,0,6,inter_pkg_2link,2,5,4096,3500.64
inter_pkg_2link_06,0,6,inter_pkg_2link,2,5,8192,1954.22
inter_pkg_2link_06,0,6,inter_pkg_2link,2,5,16384,3896.77
inter_pkg_2link_06,0,6,inter_pkg_2link,2,5,32768,7547.56
inter_pkg_2link_06,0,6,inter_pkg_2link,2,5,65536,14557.57
inter_pkg_2link_06,0,6,inter_pkg_2link,2,5,131072,26827.48
inter_pkg_2link_06,0,6,inter_pkg_2link,2,5,262144,45747.21
inter_pkg_2link_06,0,6,inter_pkg_2link,2,5,524288,70400.74
inter_pkg_2link_06,0,6,inter_pkg_2link,2,5,1048576,90618.56
inter_pkg_2link_06,0,6,inter_pkg_2link,2,5,2097152,105363.32
inter_pkg_2link_06,0,6,inter_pkg_2link,2,5,4194304,114672.23
inter_pkg_2link_06,0,6,inter_pkg_2link,2,6,1,4.59
inter_pkg_2link_06,0,6,inter_pkg_2link,2,6,2,9.19
inter_pkg_2link_06,0,6,inter_pkg_2link,2,6,4,18.31
inter_pkg_2link_06,0,6,inter_pkg_2link,2,6,8,36.45
inter_pkg_2link_06,0,6,inter_pkg_2link,2,6,16,73.20
inter_pkg_2link_06,0,6,inter_pkg_2link,2,6,32,141.55
inter_pkg_2link_06,0,6,inter_pkg_2link,2,6,64,275.67
inter_pkg_2link_06,0,6,inter_pkg_2link,2,6,128,531.87
inter_pkg_2link_06,0,6,inter_pkg_2link,2,6,256,528.84
inter_pkg_2link_06,0,6,inter_pkg_2link,2,6,512,941.95
inter_pkg_2link_06,0,6,inter_pkg_2link,2,6,1024,889.87
inter_pkg_2link_06,0,6,inter_pkg_2link,2,6,2048,1757.97
inter_pkg_2link_06,0,6,inter_pkg_2link,2,6,4096,3467.20
inter_pkg_2link_06,0,6,inter_pkg_2link,2,6,8192,1968.60
inter_pkg_2link_06,0,6,inter_pkg_2link,2,6,16384,3908.50
inter_pkg_2link_06,0,6,inter_pkg_2link,2,6,32768,7625.49
inter_pkg_2link_06,0,6,inter_pkg_2link,2,6,65536,14729.45
inter_pkg_2link_06,0,6,inter_pkg_2link,2,6,131072,27071.01
inter_pkg_2link_06,0,6,inter_pkg_2link,2,6,262144,46458.50
inter_pkg_2link_06,0,6,inter_pkg_2link,2,6,524288,71531.66
inter_pkg_2link_06,0,6,inter_pkg_2link,2,6,1048576,91698.04
inter_pkg_2link_06,0,6,inter_pkg_2link,2,6,2097152,105844.20
inter_pkg_2link_06,0,6,inter_pkg_2link,2,6,4194304,115028.51
inter_pkg_2link_24,2,4,inter_pkg_2link,2,2,1,4.64
inter_pkg_2link_24,2,4,inter_pkg_2link,2,2,2,9.16
inter_pkg_2link_24,2,4,inter_pkg_2link,2,2,4,18.26
inter_pkg_2link_24,2,4,inter_pkg_2link,2,2,8,36.76
inter_pkg_2link_24,2,4,inter_pkg_2link,2,2,16,73.03
inter_pkg_2link_24,2,4,inter_pkg_2link,2,2,32,140.81
inter_pkg_2link_24,2,4,inter_pkg_2link,2,2,64,276.24
inter_pkg_2link_24,2,4,inter_pkg_2link,2,2,128,532.42
inter_pkg_2link_24,2,4,inter_pkg_2link,2,2,256,519.20
inter_pkg_2link_24,2,4,inter_pkg_2link,2,2,512,933.49
inter_pkg_2link_24,2,4,inter_pkg_2link,2,2,1024,894.52
inter_pkg_2link_24,2,4,inter_pkg_2link,2,2,2048,1765.01
inter_pkg_2link_24,2,4,inter_pkg_2link,2,2,4096,3498.35
inter_pkg_2link_24,2,4,inter_pkg_2link,2,2,8192,1941.24
inter_pkg_2link_24,2,4,inter_pkg_2link,2,2,16384,3842.92
inter_pkg_2link_24,2,4,inter_pkg_2link,2,2,32768,7477.94
inter_pkg_2link_24,2,4,inter_pkg_2link,2,2,65536,14421.82
inter_pkg_2link_24,2,4,inter_pkg_2link,2,2,131072,26782.51
inter_pkg_2link_24,2,4,inter_pkg_2link,2,2,262144,46322.36
inter_pkg_2link_24,2,4,inter_pkg_2link,2,2,524288,72239.23
inter_pkg_2link_24,2,4,inter_pkg_2link,2,2,1048576,92045.55
inter_pkg_2link_24,2,4,inter_pkg_2link,2,2,2097152,106019.21
inter_pkg_2link_24,2,4,inter_pkg_2link,2,2,4194304,115296.06
inter_pkg_2link_24,2,4,inter_pkg_2link,2,3,1,4.79
inter_pkg_2link_24,2,4,inter_pkg_2link,2,3,2,9.44
inter_pkg_2link_24,2,4,inter_pkg_2link,2,3,4,18.70
inter_pkg_2link_24,2,4,inter_pkg_2link,2,3,8,37.73
inter_pkg_2link_24,2,4,inter_pkg_2link,2,3,16,75.42
inter_pkg_2link_24,2,4,inter_pkg_2link,2,3,32,145.64
inter_pkg_2link_24,2,4,inter_pkg_2link,2,3,64,284.90
inter_pkg_2link_24,2,4,inter_pkg_2link,2,3,128,548.12
inter_pkg_2link_24,2,4,inter_pkg_2link,2,3,256,543.25
inter_pkg_2link_24,2,4,inter_pkg_2link,2,3,512,980.83
inter_pkg_2link_24,2,4,inter_pkg_2link,2,3,1024,908.32
inter_pkg_2link_24,2,4,inter_pkg_2link,2,3,2048,1806.97
inter_pkg_2link_24,2,4,inter_pkg_2link,2,3,4096,3563.55
inter_pkg_2link_24,2,4,inter_pkg_2link,2,3,8192,1950.39
inter_pkg_2link_24,2,4,inter_pkg_2link,2,3,16384,3870.91
inter_pkg_2link_24,2,4,inter_pkg_2link,2,3,32768,7568.74
inter_pkg_2link_24,2,4,inter_pkg_2link,2,3,65536,14560.94
inter_pkg_2link_24,2,4,inter_pkg_2link,2,3,131072,26854.65
inter_pkg_2link_24,2,4,inter_pkg_2link,2,3,262144,46378.53
inter_pkg_2link_24,2,4,inter_pkg_2link,2,3,524288,72185.90
inter_pkg_2link_24,2,4,inter_pkg_2link,2,3,1048576,92024.17
inter_pkg_2link_24,2,4,inter_pkg_2link,2,3,2097152,106364.21
inter_pkg_2link_24,2,4,inter_pkg_2link,2,3,4194304,115249.73
inter_pkg_2link_24,2,4,inter_pkg_2link,2,4,1,4.61
inter_pkg_2link_24,2,4,inter_pkg_2link,2,4,2,9.17
inter_pkg_2link_24,2,4,inter_pkg_2link,2,4,4,18.35
inter_pkg_2link_24,2,4,inter_pkg_2link,2,4,8,36.52
inter_pkg_2link_24,2,4,inter_pkg_2link,2,4,16,72.97
inter_pkg_2link_24,2,4,inter_pkg_2link,2,4,32,141.26
inter_pkg_2link_24,2,4,inter_pkg_2link,2,4,64,274.68
inter_pkg_2link_24,2,4,inter_pkg_2link,2,4,128,529.22
inter_pkg_2link_24,2,4,inter_pkg_2link,2,4,256,528.36
inter_pkg_2link_24,2,4,inter_pkg_2link,2,4,512,949.78
inter_pkg_2link_24,2,4,inter_pkg_2link,2,4,1024,876.39
inter_pkg_2link_24,2,4,inter_pkg_2link,2,4,2048,1738.96
inter_pkg_2link_24,2,4,inter_pkg_2link,2,4,4096,3415.09
inter_pkg_2link_24,2,4,inter_pkg_2link,2,4,8192,1927.30
inter_pkg_2link_24,2,4,inter_pkg_2link,2,4,16384,3857.22
inter_pkg_2link_24,2,4,inter_pkg_2link,2,4,32768,7512.15
inter_pkg_2link_24,2,4,inter_pkg_2link,2,4,65536,14509.81
inter_pkg_2link_24,2,4,inter_pkg_2link,2,4,131072,26802.31
inter_pkg_2link_24,2,4,inter_pkg_2link,2,4,262144,46278.29
inter_pkg_2link_24,2,4,inter_pkg_2link,2,4,524288,72173.88
inter_pkg_2link_24,2,4,inter_pkg_2link,2,4,1048576,91552.00
inter_pkg_2link_24,2,4,inter_pkg_2link,2,4,2097152,106178.46
inter_pkg_2link_24,2,4,inter_pkg_2link,2,4,4194304,115288.14
inter_pkg_2link_24,2,4,inter_pkg_2link,2,5,1,4.68
inter_pkg_2link_24,2,4,inter_pkg_2link,2,5,2,9.18
inter_pkg_2link_24,2,4,inter_pkg_2link,2,5,4,18.40
inter_pkg_2link_24,2,4,inter_pkg_2link,2,5,8,36.77
inter_pkg_2link_24,2,4,inter_pkg_2link,2,5,16,73.95
inter_pkg_2link_24,2,4,inter_pkg_2link,2,5,32,141.14
inter_pkg_2link_24,2,4,inter_pkg_2link,2,5,64,274.98
inter_pkg_2link_24,2,4,inter_pkg_2link,2,5,128,527.84
inter_pkg_2link_24,2,4,inter_pkg_2link,2,5,256,523.32
inter_pkg_2link_24,2,4,inter_pkg_2link,2,5,512,945.23
inter_pkg_2link_24,2,4,inter_pkg_2link,2,5,1024,887.34
inter_pkg_2link_24,2,4,inter_pkg_2link,2,5,2048,1764.55
inter_pkg_2link_24,2,4,inter_pkg_2link,2,5,4096,3460.45
inter_pkg_2link_24,2,4,inter_pkg_2link,2,5,8192,1942.30
inter_pkg_2link_24,2,4,inter_pkg_2link,2,5,16384,3834.18
inter_pkg_2link_24,2,4,inter_pkg_2link,2,5,32768,7474.63
inter_pkg_2link_24,2,4,inter_pkg_2link,2,5,65536,14403.56
inter_pkg_2link_24,2,4,inter_pkg_2link,2,5,131072,26721.82
inter_pkg_2link_24,2,4,inter_pkg_2link,2,5,262144,46208.43
inter_pkg_2link_24,2,4,inter_pkg_2link,2,5,524288,72198.19
inter_pkg_2link_24,2,4,inter_pkg_2link,2,5,1048576,92099.05
inter_pkg_2link_24,2,4,inter_pkg_2link,2,5,2097152,106295.33
inter_pkg_2link_24,2,4,inter_pkg_2link,2,5,4194304,115345.93
inter_pkg_2link_24,2,4,inter_pkg_2link,2,6,1,4.68
inter_pkg_2link_24,2,4,inter_pkg_2link,2,6,2,9.28
inter_pkg_2link_24,2,4,inter_pkg_2link,2,6,4,18.42
inter_pkg_2link_24,2,4,inter_pkg_2link,2,6,8,36.95
inter_pkg_2link_24,2,4,inter_pkg_2link,2,6,16,73.94
inter_pkg_2link_24,2,4,inter_pkg_2link,2,6,32,142.93
inter_pkg_2link_24,2,4,inter_pkg_2link,2,6,64,276.28
inter_pkg_2link_24,2,4,inter_pkg_2link,2,6,128,514.14
inter_pkg_2link_24,2,4,inter_pkg_2link,2,6,256,518.95
inter_pkg_2link_24,2,4,inter_pkg_2link,2,6,512,946.20
inter_pkg_2link_24,2,4,inter_pkg_2link,2,6,1024,884.12
inter_pkg_2link_24,2,4,inter_pkg_2link,2,6,2048,1761.34
inter_pkg_2link_24,2,4,inter_pkg_2link,2,6,4096,3466.50
inter_pkg_2link_24,2,4,inter_pkg_2link,2,6,8192,1925.82
inter_pkg_2link_24,2,4,inter_pkg_2link,2,6,16384,3854.78
inter_pkg_2link_24,2,4,inter_pkg_2link,2,6,32768,7503.13
inter_pkg_2link_24,2,4,inter_pkg_2link,2,6,65536,14451.37
inter_pkg_2link_24,2,4,inter_pkg_2link,2,6,131072,26826.71
inter_pkg_2link_24,2,4,inter_pkg_2link,2,6,262144,46271.35
inter_pkg_2link_24,2,4,inter_pkg_2link,2,6,524288,72245.50
inter_pkg_2link_24,2,4,inter_pkg_2link,2,6,1048576,91984.81
inter_pkg_2link_24,2,4,inter_pkg_2link,2,6,2097152,106151.59
inter_pkg_2link_24,2,4,inter_pkg_2link,2,6,4194304,115234.93
inter_pkg_1link_02,0,2,inter_pkg_1link,1,2,1,4.67
inter_pkg_1link_02,0,2,inter_pkg_1link,1,2,2,9.15
inter_pkg_1link_02,0,2,inter_pkg_1link,1,2,4,18.32
inter_pkg_1link_02,0,2,inter_pkg_1link,1,2,8,36.80
inter_pkg_1link_02,0,2,inter_pkg_1link,1,2,16,73.25
inter_pkg_1link_02,0,2,inter_pkg_1link,1,2,32,141.68
inter_pkg_1link_02,0,2,inter_pkg_1link,1,2,64,277.02
inter_pkg_1link_02,0,2,inter_pkg_1link,1,2,128,530.38
inter_pkg_1link_02,0,2,inter_pkg_1link,1,2,256,526.42
inter_pkg_1link_02,0,2,inter_pkg_1link,1,2,512,945.82
inter_pkg_1link_02,0,2,inter_pkg_1link,1,2,1024,896.95
inter_pkg_1link_02,0,2,inter_pkg_1link,1,2,2048,1777.76
inter_pkg_1link_02,0,2,inter_pkg_1link,1,2,4096,3491.76
inter_pkg_1link_02,0,2,inter_pkg_1link,1,2,8192,2851.50
inter_pkg_1link_02,0,2,inter_pkg_1link,1,2,16384,5434.57
inter_pkg_1link_02,0,2,inter_pkg_1link,1,2,32768,10144.52
inter_pkg_1link_02,0,2,inter_pkg_1link,1,2,65536,17746.37
inter_pkg_1link_02,0,2,inter_pkg_1link,1,2,131072,28611.08
inter_pkg_1link_02,0,2,inter_pkg_1link,1,2,262144,40704.48
inter_pkg_1link_02,0,2,inter_pkg_1link,1,2,524288,51502.01
inter_pkg_1link_02,0,2,inter_pkg_1link,1,2,1048576,59108.49
inter_pkg_1link_02,0,2,inter_pkg_1link,1,2,2097152,63515.22
inter_pkg_1link_02,0,2,inter_pkg_1link,1,2,4194304,65261.40
inter_pkg_1link_02,0,2,inter_pkg_1link,1,3,1,4.54
inter_pkg_1link_02,0,2,inter_pkg_1link,1,3,2,9.03
inter_pkg_1link_02,0,2,inter_pkg_1link,1,3,4,18.03
inter_pkg_1link_02,0,2,inter_pkg_1link,1,3,8,36.28
inter_pkg_1link_02,0,2,inter_pkg_1link,1,3,16,72.37
inter_pkg_1link_02,0,2,inter_pkg_1link,1,3,32,138.84
inter_pkg_1link_02,0,2,inter_pkg_1link,1,3,64,272.03
inter_pkg_1link_02,0,2,inter_pkg_1link,1,3,128,527.91
inter_pkg_1link_02,0,2,inter_pkg_1link,1,3,256,519.17
inter_pkg_1link_02,0,2,inter_pkg_1link,1,3,512,874.43
inter_pkg_1link_02,0,2,inter_pkg_1link,1,3,1024,890.58
inter_pkg_1link_02,0,2,inter_pkg_1link,1,3,2048,1766.60
inter_pkg_1link_02,0,2,inter_pkg_1link,1,3,4096,3484.19
inter_pkg_1link_02,0,2,inter_pkg_1link,1,3,8192,2870.27
inter_pkg_1link_02,0,2,inter_pkg_1link,1,3,16384,5453.73
inter_pkg_1link_02,0,2,inter_pkg_1link,1,3,32768,10167.68
inter_pkg_1link_02,0,2,inter_pkg_1link,1,3,65536,17724.88
inter_pkg_1link_02,0,2,inter_pkg_1link,1,3,131072,28586.59
inter_pkg_1link_02,0,2,inter_pkg_1link,1,3,262144,40793.46
inter_pkg_1link_02,0,2,inter_pkg_1link,1,3,524288,51491.31
inter_pkg_1link_02,0,2,inter_pkg_1link,1,3,1048576,59115.73
inter_pkg_1link_02,0,2,inter_pkg_1link,1,3,2097152,63553.16
inter_pkg_1link_02,0,2,inter_pkg_1link,1,3,4194304,65258.83
inter_pkg_1link_02,0,2,inter_pkg_1link,1,4,1,4.64
inter_pkg_1link_02,0,2,inter_pkg_1link,1,4,2,9.21
inter_pkg_1link_02,0,2,inter_pkg_1link,1,4,4,18.30
inter_pkg_1link_02,0,2,inter_pkg_1link,1,4,8,36.77
inter_pkg_1link_02,0,2,inter_pkg_1link,1,4,16,73.47
inter_pkg_1link_02,0,2,inter_pkg_1link,1,4,32,141.86
inter_pkg_1link_02,0,2,inter_pkg_1link,1,4,64,277.14
inter_pkg_1link_02,0,2,inter_pkg_1link,1,4,128,534.38
inter_pkg_1link_02,0,2,inter_pkg_1link,1,4,256,530.60
inter_pkg_1link_02,0,2,inter_pkg_1link,1,4,512,945.62
inter_pkg_1link_02,0,2,inter_pkg_1link,1,4,1024,889.89
inter_pkg_1link_02,0,2,inter_pkg_1link,1,4,2048,1779.23
inter_pkg_1link_02,0,2,inter_pkg_1link,1,4,4096,3504.33
inter_pkg_1link_02,0,2,inter_pkg_1link,1,4,8192,2853.35
inter_pkg_1link_02,0,2,inter_pkg_1link,1,4,16384,5434.38
inter_pkg_1link_02,0,2,inter_pkg_1link,1,4,32768,10132.44
inter_pkg_1link_02,0,2,inter_pkg_1link,1,4,65536,17742.23
inter_pkg_1link_02,0,2,inter_pkg_1link,1,4,131072,28581.73
inter_pkg_1link_02,0,2,inter_pkg_1link,1,4,262144,40659.78
inter_pkg_1link_02,0,2,inter_pkg_1link,1,4,524288,51575.66
inter_pkg_1link_02,0,2,inter_pkg_1link,1,4,1048576,59150.18
inter_pkg_1link_02,0,2,inter_pkg_1link,1,4,2097152,63520.86
inter_pkg_1link_02,0,2,inter_pkg_1link,1,4,4194304,65265.75
inter_pkg_1link_02,0,2,inter_pkg_1link,1,5,1,4.63
inter_pkg_1link_02,0,2,inter_pkg_1link,1,5,2,9.37
inter_pkg_1link_02,0,2,inter_pkg_1link,1,5,4,18.89
inter_pkg_1link_02,0,2,inter_pkg_1link,1,5,8,37.96
inter_pkg_1link_02,0,2,inter_pkg_1link,1,5,16,76.02
inter_pkg_1link_02,0,2,inter_pkg_1link,1,5,32,146.14
inter_pkg_1link_02,0,2,inter_pkg_1link,1,5,64,285.52
inter_pkg_1link_02,0,2,inter_pkg_1link,1,5,128,547.20
inter_pkg_1link_02,0,2,inter_pkg_1link,1,5,256,542.67
inter_pkg_1link_02,0,2,inter_pkg_1link,1,5,512,972.34
inter_pkg_1link_02,0,2,inter_pkg_1link,1,5,1024,902.01
inter_pkg_1link_02,0,2,inter_pkg_1link,1,5,2048,1788.55
inter_pkg_1link_02,0,2,inter_pkg_1link,1,5,4096,3518.94
inter_pkg_1link_02,0,2,inter_pkg_1link,1,5,8192,2853.69
inter_pkg_1link_02,0,2,inter_pkg_1link,1,5,16384,5435.81
inter_pkg_1link_02,0,2,inter_pkg_1link,1,5,32768,10109.17
inter_pkg_1link_02,0,2,inter_pkg_1link,1,5,65536,17602.63
inter_pkg_1link_02,0,2,inter_pkg_1link,1,5,131072,28298.26
inter_pkg_1link_02,0,2,inter_pkg_1link,1,5,262144,40241.49
inter_pkg_1link_02,0,2,inter_pkg_1link,1,5,524288,50771.10
inter_pkg_1link_02,0,2,inter_pkg_1link,1,5,1048576,58818.40
inter_pkg_1link_02,0,2,inter_pkg_1link,1,5,2097152,63434.84
inter_pkg_1link_02,0,2,inter_pkg_1link,1,5,4194304,65218.96
inter_pkg_1link_02,0,2,inter_pkg_1link,1,6,1,4.79
inter_pkg_1link_02,0,2,inter_pkg_1link,1,6,2,9.47
inter_pkg_1link_02,0,2,inter_pkg_1link,1,6,4,17.94
inter_pkg_1link_02,0,2,inter_pkg_1link,1,6,8,37.76
inter_pkg_1link_02,0,2,inter_pkg_1link,1,6,16,75.53
inter_pkg_1link_02,0,2,inter_pkg_1link,1,6,32,145.80
inter_pkg_1link_02,0,2,inter_pkg_1link,1,6,64,284.38
inter_pkg_1link_02,0,2,inter_pkg_1link,1,6,128,550.01
inter_pkg_1link_02,0,2,inter_pkg_1link,1,6,256,537.00
inter_pkg_1link_02,0,2,inter_pkg_1link,1,6,512,966.61
inter_pkg_1link_02,0,2,inter_pkg_1link,1,6,1024,896.10
inter_pkg_1link_02,0,2,inter_pkg_1link,1,6,2048,1780.51
inter_pkg_1link_02,0,2,inter_pkg_1link,1,6,4096,3483.35
inter_pkg_1link_02,0,2,inter_pkg_1link,1,6,8192,2906.81
inter_pkg_1link_02,0,2,inter_pkg_1link,1,6,16384,5502.58
inter_pkg_1link_02,0,2,inter_pkg_1link,1,6,32768,10289.57
inter_pkg_1link_02,0,2,inter_pkg_1link,1,6,65536,17984.18
inter_pkg_1link_02,0,2,inter_pkg_1link,1,6,131072,28651.71
inter_pkg_1link_02,0,2,inter_pkg_1link,1,6,262144,40935.74
inter_pkg_1link_02,0,2,inter_pkg_1link,1,6,524288,51174.21
inter_pkg_1link_02,0,2,inter_pkg_1link,1,6,1048576,58857.08
inter_pkg_1link_02,0,2,inter_pkg_1link,1,6,2097152,63527.64
inter_pkg_1link_02,0,2,inter_pkg_1link,1,6,4194304,65274.68
inter_pkg_1link_13,1,3,inter_pkg_1link,1,2,1,4.76
inter_pkg_1link_13,1,3,inter_pkg_1link,1,2,2,9.49
inter_pkg_1link_13,1,3,inter_pkg_1link,1,2,4,18.85
inter_pkg_1link_13,1,3,inter_pkg_1link,1,2,8,37.76
inter_pkg_1link_13,1,3,inter_pkg_1link,1,2,16,75.53
inter_pkg_1link_13,1,3,inter_pkg_1link,1,2,32,145.85
inter_pkg_1link_13,1,3,inter_pkg_1link,1,2,64,284.08
inter_pkg_1link_13,1,3,inter_pkg_1link,1,2,128,545.94
inter_pkg_1link_13,1,3,inter_pkg_1link,1,2,256,543.19
inter_pkg_1link_13,1,3,inter_pkg_1link,1,2,512,978.45
inter_pkg_1link_13,1,3,inter_pkg_1link,1,2,1024,902.24
inter_pkg_1link_13,1,3,inter_pkg_1link,1,2,2048,1784.77
inter_pkg_1link_13,1,3,inter_pkg_1link,1,2,4096,3523.51
inter_pkg_1link_13,1,3,inter_pkg_1link,1,2,8192,2948.55
inter_pkg_1link_13,1,3,inter_pkg_1link,1,2,16384,5577.60
inter_pkg_1link_13,1,3,inter_pkg_1link,1,2,32768,10395.20
inter_pkg_1link_13,1,3,inter_pkg_1link,1,2,65536,18132.42
inter_pkg_1link_13,1,3,inter_pkg_1link,1,2,131072,28795.88
inter_pkg_1link_13,1,3,inter_pkg_1link,1,2,262144,41142.50
inter_pkg_1link_13,1,3,inter_pkg_1link,1,2,524288,51508.25
inter_pkg_1link_13,1,3,inter_pkg_1link,1,2,1048576,59079.85
inter_pkg_1link_13,1,3,inter_pkg_1link,1,2,2097152,63554.43
inter_pkg_1link_13,1,3,inter_pkg_1link,1,2,4194304,65273.50
inter_pkg_1link_13,1,3,inter_pkg_1link,1,3,1,4.47
inter_pkg_1link_13,1,3,inter_pkg_1link,1,3,2,8.92
inter_pkg_1link_13,1,3,inter_pkg_1link,1,3,4,17.92
inter_pkg_1link_13,1,3,inter_pkg_1link,1,3,8,34.43
inter_pkg_1link_13,1,3,inter_pkg_1link,1,3,16,72.12
inter_pkg_1link_13,1,3,inter_pkg_1link,1,3,32,139.22
inter_pkg_1link_13,1,3,inter_pkg_1link,1,3,64,270.29
inter_pkg_1link_13,1,3,inter_pkg_1link,1,3,128,531.26
inter_pkg_1link_13,1,3,inter_pkg_1link,1,3,256,529.08
inter_pkg_1link_13,1,3,inter_pkg_1link,1,3,512,942.65
inter_pkg_1link_13,1,3,inter_pkg_1link,1,3,1024,895.08
inter_pkg_1link_13,1,3,inter_pkg_1link,1,3,2048,1770.03
inter_pkg_1link_13,1,3,inter_pkg_1link,1,3,4096,3495.32
inter_pkg_1link_13,1,3,inter_pkg_1link,1,3,8192,2932.92
inter_pkg_1link_13,1,3,inter_pkg_1link,1,3,16384,5546.26
inter_pkg_1link_13,1,3,inter_pkg_1link,1,3,32768,10376.16
inter_pkg_1link_13,1,3,inter_pkg_1link,1,3,65536,18058.03
inter_pkg_1link_13,1,3,inter_pkg_1link,1,3,131072,28811.46
inter_pkg_1link_13,1,3,inter_pkg_1link,1,3,262144,40015.31
inter_pkg_1link_13,1,3,inter_pkg_1link,1,3,524288,51353.92
inter_pkg_1link_13,1,3,inter_pkg_1link,1,3,1048576,59131.15
inter_pkg_1link_13,1,3,inter_pkg_1link,1,3,2097152,63541.05
inter_pkg_1link_13,1,3,inter_pkg_1link,1,3,4194304,65290.79
inter_pkg_1link_13,1,3,inter_pkg_1link,1,4,1,4.58
inter_pkg_1link_13,1,3,inter_pkg_1link,1,4,2,9.12
inter_pkg_1link_13,1,3,inter_pkg_1link,1,4,4,18.20
inter_pkg_1link_13,1,3,inter_pkg_1link,1,4,8,36.69
inter_pkg_1link_13,1,3,inter_pkg_1link,1,4,16,72.84
inter_pkg_1link_13,1,3,inter_pkg_1link,1,4,32,141.13
inter_pkg_1link_13,1,3,inter_pkg_1link,1,4,64,276.80
inter_pkg_1link_13,1,3,inter_pkg_1link,1,4,128,531.58
inter_pkg_1link_13,1,3,inter_pkg_1link,1,4,256,507.28
inter_pkg_1link_13,1,3,inter_pkg_1link,1,4,512,902.39
inter_pkg_1link_13,1,3,inter_pkg_1link,1,4,1024,894.67
inter_pkg_1link_13,1,3,inter_pkg_1link,1,4,2048,1778.76
inter_pkg_1link_13,1,3,inter_pkg_1link,1,4,4096,3495.45
inter_pkg_1link_13,1,3,inter_pkg_1link,1,4,8192,2870.38
inter_pkg_1link_13,1,3,inter_pkg_1link,1,4,16384,5410.36
inter_pkg_1link_13,1,3,inter_pkg_1link,1,4,32768,10160.03
inter_pkg_1link_13,1,3,inter_pkg_1link,1,4,65536,17720.50
inter_pkg_1link_13,1,3,inter_pkg_1link,1,4,131072,28470.92
inter_pkg_1link_13,1,3,inter_pkg_1link,1,4,262144,40538.37
inter_pkg_1link_13,1,3,inter_pkg_1link,1,4,524288,51533.90
inter_pkg_1link_13,1,3,inter_pkg_1link,1,4,1048576,59093.34
inter_pkg_1link_13,1,3,inter_pkg_1link,1,4,2097152,63517.96
inter_pkg_1link_13,1,3,inter_pkg_1link,1,4,4194304,65274.46
inter_pkg_1link_13,1,3,inter_pkg_1link,1,5,1,4.80
inter_pkg_1link_13,1,3,inter_pkg_1link,1,5,2,9.44
inter_pkg_1link_13,1,3,inter_pkg_1link,1,5,4,18.91
inter_pkg_1link_13,1,3,inter_pkg_1link,1,5,8,37.80
inter_pkg_1link_13,1,3,inter_pkg_1link,1,5,16,75.69
inter_pkg_1link_13,1,3,inter_pkg_1link,1,5,32,147.02
inter_pkg_1link_13,1,3,inter_pkg_1link,1,5,64,283.41
inter_pkg_1link_13,1,3,inter_pkg_1link,1,5,128,549.81
inter_pkg_1link_13,1,3,inter_pkg_1link,1,5,256,544.80
inter_pkg_1link_13,1,3,inter_pkg_1link,1,5,512,970.08
inter_pkg_1link_13,1,3,inter_pkg_1link,1,5,1024,902.50
inter_pkg_1link_13,1,3,inter_pkg_1link,1,5,2048,1800.21
inter_pkg_1link_13,1,3,inter_pkg_1link,1,5,4096,3546.97
inter_pkg_1link_13,1,3,inter_pkg_1link,1,5,8192,2918.12
inter_pkg_1link_13,1,3,inter_pkg_1link,1,5,16384,5509.76
inter_pkg_1link_13,1,3,inter_pkg_1link,1,5,32768,10322.58
inter_pkg_1link_13,1,3,inter_pkg_1link,1,5,65536,17971.19
inter_pkg_1link_13,1,3,inter_pkg_1link,1,5,131072,28666.52
inter_pkg_1link_13,1,3,inter_pkg_1link,1,5,262144,40861.88
inter_pkg_1link_13,1,3,inter_pkg_1link,1,5,524288,51345.39
inter_pkg_1link_13,1,3,inter_pkg_1link,1,5,1048576,58860.84
inter_pkg_1link_13,1,3,inter_pkg_1link,1,5,2097152,63449.08
inter_pkg_1link_13,1,3,inter_pkg_1link,1,5,4194304,65259.59
inter_pkg_1link_13,1,3,inter_pkg_1link,1,6,1,4.79
inter_pkg_1link_13,1,3,inter_pkg_1link,1,6,2,9.39
inter_pkg_1link_13,1,3,inter_pkg_1link,1,6,4,18.92
inter_pkg_1link_13,1,3,inter_pkg_1link,1,6,8,37.78
inter_pkg_1link_13,1,3,inter_pkg_1link,1,6,16,75.57
inter_pkg_1link_13,1,3,inter_pkg_1link,1,6,32,146.89
inter_pkg_1link_13,1,3,inter_pkg_1link,1,6,64,284.26
inter_pkg_1link_13,1,3,inter_pkg_1link,1,6,128,548.33
inter_pkg_1link_13,1,3,inter_pkg_1link,1,6,256,540.43
inter_pkg_1link_13,1,3,inter_pkg_1link,1,6,512,970.59
inter_pkg_1link_13,1,3,inter_pkg_1link,1,6,1024,893.36
inter_pkg_1link_13,1,3,inter_pkg_1link,1,6,2048,1755.59
inter_pkg_1link_13,1,3,inter_pkg_1link,1,6,4096,3413.86
inter_pkg_1link_13,1,3,inter_pkg_1link,1,6,8192,2887.80
inter_pkg_1link_13,1,3,inter_pkg_1link,1,6,16384,5407.84
inter_pkg_1link_13,1,3,inter_pkg_1link,1,6,32768,10138.86
inter_pkg_1link_13,1,3,inter_pkg_1link,1,6,65536,17650.97
inter_pkg_1link_13,1,3,inter_pkg_1link,1,6,131072,28463.13
inter_pkg_1link_13,1,3,inter_pkg_1link,1,6,262144,40512.01
inter_pkg_1link_13,1,3,inter_pkg_1link,1,6,524288,51415.65
inter_pkg_1link_13,1,3,inter_pkg_1link,1,6,1048576,58982.45
inter_pkg_1link_13,1,3,inter_pkg_1link,1,6,2097152,63455.42
inter_pkg_1link_13,1,3,inter_pkg_1link,1,6,4194304,65219.00
inter_pkg_1link_15,1,5,inter_pkg_1link,1,2,1,4.60
inter_pkg_1link_15,1,5,inter_pkg_1link,1,2,2,9.13
inter_pkg_1link_15,1,5,inter_pkg_1link,1,2,4,18.15
inter_pkg_1link_15,1,5,inter_pkg_1link,1,2,8,36.20
inter_pkg_1link_15,1,5,inter_pkg_1link,1,2,16,72.29
inter_pkg_1link_15,1,5,inter_pkg_1link,1,2,32,140.09
inter_pkg_1link_15,1,5,inter_pkg_1link,1,2,64,274.40
inter_pkg_1link_15,1,5,inter_pkg_1link,1,2,128,523.21
inter_pkg_1link_15,1,5,inter_pkg_1link,1,2,256,511.49
inter_pkg_1link_15,1,5,inter_pkg_1link,1,2,512,923.29
inter_pkg_1link_15,1,5,inter_pkg_1link,1,2,1024,882.54
inter_pkg_1link_15,1,5,inter_pkg_1link,1,2,2048,1758.51
inter_pkg_1link_15,1,5,inter_pkg_1link,1,2,4096,3468.75
inter_pkg_1link_15,1,5,inter_pkg_1link,1,2,8192,2950.21
inter_pkg_1link_15,1,5,inter_pkg_1link,1,2,16384,5535.60
inter_pkg_1link_15,1,5,inter_pkg_1link,1,2,32768,10374.00
inter_pkg_1link_15,1,5,inter_pkg_1link,1,2,65536,18059.85
inter_pkg_1link_15,1,5,inter_pkg_1link,1,2,131072,28863.59
inter_pkg_1link_15,1,5,inter_pkg_1link,1,2,262144,41228.65
inter_pkg_1link_15,1,5,inter_pkg_1link,1,2,524288,51571.55
inter_pkg_1link_15,1,5,inter_pkg_1link,1,2,1048576,59066.50
inter_pkg_1link_15,1,5,inter_pkg_1link,1,2,2097152,63604.03
inter_pkg_1link_15,1,5,inter_pkg_1link,1,2,4194304,65304.83
inter_pkg_1link_15,1,5,inter_pkg_1link,1,3,1,4.58
inter_pkg_1link_15,1,5,inter_pkg_1link,1,3,2,9.10
inter_pkg_1link_15,1,5,inter_pkg_1link,1,3,4,18.23
inter_pkg_1link_15,1,5,inter_pkg_1link,1,3,8,36.48
inter_pkg_1link_15,1,5,inter_pkg_1link,1,3,16,73.08
inter_pkg_1link_15,1,5,inter_pkg_1link,1,3,32,118.72
inter_pkg_1link_15,1,5,inter_pkg_1link,1,3,64,243.27
inter_pkg_1link_15,1,5,inter_pkg_1link,1,3,128,485.64
inter_pkg_1link_15,1,5,inter_pkg_1link,1,3,256,530.14
inter_pkg_1link_15,1,5,inter_pkg_1link,1,3,512,952.05
inter_pkg_1link_15,1,5,inter_pkg_1link,1,3,1024,885.10
inter_pkg_1link_15,1,5,inter_pkg_1link,1,3,2048,1775.48
inter_pkg_1link_15,1,5,inter_pkg_1link,1,3,4096,3480.45
inter_pkg_1link_15,1,5,inter_pkg_1link,1,3,8192,2910.85
inter_pkg_1link_15,1,5,inter_pkg_1link,1,3,16384,5515.30
inter_pkg_1link_15,1,5,inter_pkg_1link,1,3,32768,10330.30
inter_pkg_1link_15,1,5,inter_pkg_1link,1,3,65536,18013.18
inter_pkg_1link_15,1,5,inter_pkg_1link,1,3,131072,29026.15
inter_pkg_1link_15,1,5,inter_pkg_1link,1,3,262144,41458.96
inter_pkg_1link_15,1,5,inter_pkg_1link,1,3,524288,52063.08
inter_pkg_1link_15,1,5,inter_pkg_1link,1,3,1048576,59330.43
inter_pkg_1link_15,1,5,inter_pkg_1link,1,3,2097152,63611.54
inter_pkg_1link_15,1,5,inter_pkg_1link,1,3,4194304,65324.39
inter_pkg_1link_15,1,5,inter_pkg_1link,1,4,1,4.64
inter_pkg_1link_15,1,5,inter_pkg_1link,1,4,2,9.16
inter_pkg_1link_15,1,5,inter_pkg_1link,1,4,4,18.35
inter_pkg_1link_15,1,5,inter_pkg_1link,1,4,8,36.57
inter_pkg_1link_15,1,5,inter_pkg_1link,1,4,16,73.64
inter_pkg_1link_15,1,5,inter_pkg_1link,1,4,32,141.58
inter_pkg_1link_15,1,5,inter_pkg_1link,1,4,64,276.13
inter_pkg_1link_15,1,5,inter_pkg_1link,1,4,128,525.87
inter_pkg_1link_15,1,5,inter_pkg_1link,1,4,256,518.38
inter_pkg_1link_15,1,5,inter_pkg_1link,1,4,512,924.63
inter_pkg_1link_15,1,5,inter_pkg_1link,1,4,1024,889.82
inter_pkg_1link_15,1,5,inter_pkg_1link,1,4,2048,1769.10
inter_pkg_1link_15,1,5,inter_pkg_1link,1,4,4096,3454.10
inter_pkg_1link_15,1,5,inter_pkg_1link,1,4,8192,2933.21
inter_pkg_1link_15,1,5,inter_pkg_1link,1,4,16384,5527.95
inter_pkg_1link_15,1,5,inter_pkg_1link,1,4,32768,10341.91
inter_pkg_1link_15,1,5,inter_pkg_1link,1,4,65536,17976.17
inter_pkg_1link_15,1,5,inter_pkg_1link,1,4,131072,28659.03
inter_pkg_1link_15,1,5,inter_pkg_1link,1,4,262144,41006.98
inter_pkg_1link_15,1,5,inter_pkg_1link,1,4,524288,51230.07
inter_pkg_1link_15,1,5,inter_pkg_1link,1,4,1048576,58860.69
inter_pkg_1link_15,1,5,inter_pkg_1link,1,4,2097152,63421.57
inter_pkg_1link_15,1,5,inter_pkg_1link,1,4,4194304,65209.36
inter_pkg_1link_15,1,5,inter_pkg_1link,1,5,1,4.59
inter_pkg_1link_15,1,5,inter_pkg_1link,1,5,2,9.16
inter_pkg_1link_15,1,5,inter_pkg_1link,1,5,4,18.36
inter_pkg_1link_15,1,5,inter_pkg_1link,1,5,8,36.69
inter_pkg_1link_15,1,5,inter_pkg_1link,1,5,16,73.42
inter_pkg_1link_15,1,5,inter_pkg_1link,1,5,32,141.65
inter_pkg_1link_15,1,5,inter_pkg_1link,1,5,64,276.44
inter_pkg_1link_15,1,5,inter_pkg_1link,1,5,128,529.88
inter_pkg_1link_15,1,5,inter_pkg_1link,1,5,256,527.03
inter_pkg_1link_15,1,5,inter_pkg_1link,1,5,512,943.53
inter_pkg_1link_15,1,5,inter_pkg_1link,1,5,1024,878.41
inter_pkg_1link_15,1,5,inter_pkg_1link,1,5,2048,1739.72
inter_pkg_1link_15,1,5,inter_pkg_1link,1,5,4096,3428.12
inter_pkg_1link_15,1,5,inter_pkg_1link,1,5,8192,2924.88
inter_pkg_1link_15,1,5,inter_pkg_1link,1,5,16384,5524.71
inter_pkg_1link_15,1,5,inter_pkg_1link,1,5,32768,10335.45
inter_pkg_1link_15,1,5,inter_pkg_1link,1,5,65536,17958.48
inter_pkg_1link_15,1,5,inter_pkg_1link,1,5,131072,28697.50
inter_pkg_1link_15,1,5,inter_pkg_1link,1,5,262144,40981.74
inter_pkg_1link_15,1,5,inter_pkg_1link,1,5,524288,51185.19
inter_pkg_1link_15,1,5,inter_pkg_1link,1,5,1048576,58832.63
inter_pkg_1link_15,1,5,inter_pkg_1link,1,5,2097152,63380.67
inter_pkg_1link_15,1,5,inter_pkg_1link,1,5,4194304,65201.87
inter_pkg_1link_15,1,5,inter_pkg_1link,1,6,1,4.64
inter_pkg_1link_15,1,5,inter_pkg_1link,1,6,2,9.14
inter_pkg_1link_15,1,5,inter_pkg_1link,1,6,4,18.25
inter_pkg_1link_15,1,5,inter_pkg_1link,1,6,8,36.53
inter_pkg_1link_15,1,5,inter_pkg_1link,1,6,16,73.01
inter_pkg_1link_15,1,5,inter_pkg_1link,1,6,32,142.03
inter_pkg_1link_15,1,5,inter_pkg_1link,1,6,64,276.95
inter_pkg_1link_15,1,5,inter_pkg_1link,1,6,128,530.49
inter_pkg_1link_15,1,5,inter_pkg_1link,1,6,256,523.45
inter_pkg_1link_15,1,5,inter_pkg_1link,1,6,512,945.92
inter_pkg_1link_15,1,5,inter_pkg_1link,1,6,1024,890.08
inter_pkg_1link_15,1,5,inter_pkg_1link,1,6,2048,1762.41
inter_pkg_1link_15,1,5,inter_pkg_1link,1,6,4096,3471.17
inter_pkg_1link_15,1,5,inter_pkg_1link,1,6,8192,2930.06
inter_pkg_1link_15,1,5,inter_pkg_1link,1,6,16384,5521.82
inter_pkg_1link_15,1,5,inter_pkg_1link,1,6,32768,10352.80
inter_pkg_1link_15,1,5,inter_pkg_1link,1,6,65536,17937.47
inter_pkg_1link_15,1,5,inter_pkg_1link,1,6,131072,28709.36
inter_pkg_1link_15,1,5,inter_pkg_1link,1,6,262144,40980.36
inter_pkg_1link_15,1,5,inter_pkg_1link,1,6,524288,51246.78
inter_pkg_1link_15,1,5,inter_pkg_1link,1,6,1048576,58822.89
inter_pkg_1link_15,1,5,inter_pkg_1link,1,6,2097152,63435.66
inter_pkg_1link_15,1,5,inter_pkg_1link,1,6,4194304,65242.50
inter_pkg_1link_37,3,7,inter_pkg_1link,1,2,1,4.59
inter_pkg_1link_37,3,7,inter_pkg_1link,1,2,2,9.15
inter_pkg_1link_37,3,7,inter_pkg_1link,1,2,4,18.35
inter_pkg_1link_37,3,7,inter_pkg_1link,1,2,8,36.70
inter_pkg_1link_37,3,7,inter_pkg_1link,1,2,16,73.45
inter_pkg_1link_37,3,7,inter_pkg_1link,1,2,32,140.66
inter_pkg_1link_37,3,7,inter_pkg_1link,1,2,64,273.58
inter_pkg_1link_37,3,7,inter_pkg_1link,1,2,128,530.44
inter_pkg_1link_37,3,7,inter_pkg_1link,1,2,256,521.84
inter_pkg_1link_37,3,7,inter_pkg_1link,1,2,512,921.79
inter_pkg_1link_37,3,7,inter_pkg_1link,1,2,1024,865.44
inter_pkg_1link_37,3,7,inter_pkg_1link,1,2,2048,1716.82
inter_pkg_1link_37,3,7,inter_pkg_1link,1,2,4096,3382.79
inter_pkg_1link_37,3,7,inter_pkg_1link,1,2,8192,2855.32
inter_pkg_1link_37,3,7,inter_pkg_1link,1,2,16384,5457.56
inter_pkg_1link_37,3,7,inter_pkg_1link,1,2,32768,10153.30
inter_pkg_1link_37,3,7,inter_pkg_1link,1,2,65536,17733.91
inter_pkg_1link_37,3,7,inter_pkg_1link,1,2,131072,28453.24
inter_pkg_1link_37,3,7,inter_pkg_1link,1,2,262144,40574.30
inter_pkg_1link_37,3,7,inter_pkg_1link,1,2,524288,51567.52
inter_pkg_1link_37,3,7,inter_pkg_1link,1,2,1048576,59029.12
inter_pkg_1link_37,3,7,inter_pkg_1link,1,2,2097152,63524.49
inter_pkg_1link_37,3,7,inter_pkg_1link,1,2,4194304,65265.86
inter_pkg_1link_37,3,7,inter_pkg_1link,1,3,1,4.75
inter_pkg_1link_37,3,7,inter_pkg_1link,1,3,2,9.41
inter_pkg_1link_37,3,7,inter_pkg_1link,1,3,4,18.73
inter_pkg_1link_37,3,7,inter_pkg_1link,1,3,8,37.73
inter_pkg_1link_37,3,7,inter_pkg_1link,1,3,16,75.51
inter_pkg_1link_37,3,7,inter_pkg_1link,1,3,32,145.41
inter_pkg_1link_37,3,7,inter_pkg_1link,1,3,64,283.40
inter_pkg_1link_37,3,7,inter_pkg_1link,1,3,128,549.58
inter_pkg_1link_37,3,7,inter_pkg_1link,1,3,256,534.48
inter_pkg_1link_37,3,7,inter_pkg_1link,1,3,512,959.31
inter_pkg_1link_37,3,7,inter_pkg_1link,1,3,1024,899.05
inter_pkg_1link_37,3,7,inter_pkg_1link,1,3,2048,1781.86
inter_pkg_1link_37,3,7,inter_pkg_1link,1,3,4096,3507.58
inter_pkg_1link_37,3,7,inter_pkg_1link,1,3,8192,2844.48
inter_pkg_1link_37,3,7,inter_pkg_1link,1,3,16384,5365.73
inter_pkg_1link_37,3,7,inter_pkg_1link,1,3,32768,10102.16
inter_pkg_1link_37,3,7,inter_pkg_1link,1,3,65536,17656.01
inter_pkg_1link_37,3,7,inter_pkg_1link,1,3,131072,28384.37
inter_pkg_1link_37,3,7,inter_pkg_1link,1,3,262144,40438.12
inter_pkg_1link_37,3,7,inter_pkg_1link,1,3,524288,51526.82
inter_pkg_1link_37,3,7,inter_pkg_1link,1,3,1048576,59133.56
inter_pkg_1link_37,3,7,inter_pkg_1link,1,3,2097152,63518.58
inter_pkg_1link_37,3,7,inter_pkg_1link,1,3,4194304,65288.22
inter_pkg_1link_37,3,7,inter_pkg_1link,1,4,1,4.57
inter_pkg_1link_37,3,7,inter_pkg_1link,1,4,2,9.10
inter_pkg_1link_37,3,7,inter_pkg_1link,1,4,4,18.17
inter_pkg_1link_37,3,7,inter_pkg_1link,1,4,8,36.22
inter_pkg_1link_37,3,7,inter_pkg_1link,1,4,16,69.70
inter_pkg_1link_37,3,7,inter_pkg_1link,1,4,32,134.99
inter_pkg_1link_37,3,7,inter_pkg_1link,1,4,64,274.24
inter_pkg_1link_37,3,7,inter_pkg_1link,1,4,128,530.72
inter_pkg_1link_37,3,7,inter_pkg_1link,1,4,256,503.69
inter_pkg_1link_37,3,7,inter_pkg_1link,1,4,512,939.83
inter_pkg_1link_37,3,7,inter_pkg_1link,1,4,1024,887.05
inter_pkg_1link_37,3,7,inter_pkg_1link,1,4,2048,1754.23
inter_pkg_1link_37,3,7,inter_pkg_1link,1,4,4096,3452.92
inter_pkg_1link_37,3,7,inter_pkg_1link,1,4,8192,2895.55
inter_pkg_1link_37,3,7,inter_pkg_1link,1,4,16384,5483.76
inter_pkg_1link_37,3,7,inter_pkg_1link,1,4,32768,10137.35
inter_pkg_1link_37,3,7,inter_pkg_1link,1,4,65536,17693.94
inter_pkg_1link_37,3,7,inter_pkg_1link,1,4,131072,28430.29
inter_pkg_1link_37,3,7,inter_pkg_1link,1,4,262144,40643.65
inter_pkg_1link_37,3,7,inter_pkg_1link,1,4,524288,51536.99
inter_pkg_1link_37,3,7,inter_pkg_1link,1,4,1048576,59123.84
inter_pkg_1link_37,3,7,inter_pkg_1link,1,4,2097152,63521.03
inter_pkg_1link_37,3,7,inter_pkg_1link,1,4,4194304,65270.32
inter_pkg_1link_37,3,7,inter_pkg_1link,1,5,1,4.58
inter_pkg_1link_37,3,7,inter_pkg_1link,1,5,2,9.12
inter_pkg_1link_37,3,7,inter_pkg_1link,1,5,4,18.26
inter_pkg_1link_37,3,7,inter_pkg_1link,1,5,8,35.37
inter_pkg_1link_37,3,7,inter_pkg_1link,1,5,16,72.87
inter_pkg_1link_37,3,7,inter_pkg_1link,1,5,32,140.12
inter_pkg_1link_37,3,7,inter_pkg_1link,1,5,64,274.76
inter_pkg_1link_37,3,7,inter_pkg_1link,1,5,128,528.72
inter_pkg_1link_37,3,7,inter_pkg_1link,1,5,256,526.46
inter_pkg_1link_37,3,7,inter_pkg_1link,1,5,512,940.78
inter_pkg_1link_37,3,7,inter_pkg_1link,1,5,1024,888.63
inter_pkg_1link_37,3,7,inter_pkg_1link,1,5,2048,1763.15
inter_pkg_1link_37,3,7,inter_pkg_1link,1,5,4096,3473.84
inter_pkg_1link_37,3,7,inter_pkg_1link,1,5,8192,2894.22
inter_pkg_1link_37,3,7,inter_pkg_1link,1,5,16384,5494.46
inter_pkg_1link_37,3,7,inter_pkg_1link,1,5,32768,10125.48
inter_pkg_1link_37,3,7,inter_pkg_1link,1,5,65536,17711.95
inter_pkg_1link_37,3,7,inter_pkg_1link,1,5,131072,28457.92
inter_pkg_1link_37,3,7,inter_pkg_1link,1,5,262144,40641.56
inter_pkg_1link_37,3,7,inter_pkg_1link,1,5,524288,51544.73
inter_pkg_1link_37,3,7,inter_pkg_1link,1,5,1048576,59130.59
inter_pkg_1link_37,3,7,inter_pkg_1link,1,5,2097152,63566.54
inter_pkg_1link_37,3,7,inter_pkg_1link,1,5,4194304,65300.86
inter_pkg_1link_37,3,7,inter_pkg_1link,1,6,1,4.63
inter_pkg_1link_37,3,7,inter_pkg_1link,1,6,2,9.15
inter_pkg_1link_37,3,7,inter_pkg_1link,1,6,4,18.25
inter_pkg_1link_37,3,7,inter_pkg_1link,1,6,8,36.59
inter_pkg_1link_37,3,7,inter_pkg_1link,1,6,16,73.40
inter_pkg_1link_37,3,7,inter_pkg_1link,1,6,32,143.00
inter_pkg_1link_37,3,7,inter_pkg_1link,1,6,64,277.01
inter_pkg_1link_37,3,7,inter_pkg_1link,1,6,128,531.67
inter_pkg_1link_37,3,7,inter_pkg_1link,1,6,256,520.84
inter_pkg_1link_37,3,7,inter_pkg_1link,1,6,512,941.68
inter_pkg_1link_37,3,7,inter_pkg_1link,1,6,1024,873.61
inter_pkg_1link_37,3,7,inter_pkg_1link,1,6,2048,1727.66
inter_pkg_1link_37,3,7,inter_pkg_1link,1,6,4096,3419.16
inter_pkg_1link_37,3,7,inter_pkg_1link,1,6,8192,2863.62
inter_pkg_1link_37,3,7,inter_pkg_1link,1,6,16384,5402.50
inter_pkg_1link_37,3,7,inter_pkg_1link,1,6,32768,10129.82
inter_pkg_1link_37,3,7,inter_pkg_1link,1,6,65536,17735.07
inter_pkg_1link_37,3,7,inter_pkg_1link,1,6,131072,28512.13
inter_pkg_1link_37,3,7,inter_pkg_1link,1,6,262144,40736.28
inter_pkg_1link_37,3,7,inter_pkg_1link,1,6,524288,51646.55
inter_pkg_1link_37,3,7,inter_pkg_1link,1,6,1048576,59239.78
inter_pkg_1link_37,3,7,inter_pkg_1link,1,6,2097152,63585.34
inter_pkg_1link_37,3,7,inter_pkg_1link,1,6,4194304,65330.14
inter_pkg_1link_46,4,6,inter_pkg_1link,1,2,1,4.61
inter_pkg_1link_46,4,6,inter_pkg_1link,1,2,2,9.09
inter_pkg_1link_46,4,6,inter_pkg_1link,1,2,4,18.14
inter_pkg_1link_46,4,6,inter_pkg_1link,1,2,8,36.33
inter_pkg_1link_46,4,6,inter_pkg_1link,1,2,16,72.52
inter_pkg_1link_46,4,6,inter_pkg_1link,1,2,32,140.38
inter_pkg_1link_46,4,6,inter_pkg_1link,1,2,64,272.08
inter_pkg_1link_46,4,6,inter_pkg_1link,1,2,128,528.32
inter_pkg_1link_46,4,6,inter_pkg_1link,1,2,256,525.88
inter_pkg_1link_46,4,6,inter_pkg_1link,1,2,512,938.86
inter_pkg_1link_46,4,6,inter_pkg_1link,1,2,1024,889.06
inter_pkg_1link_46,4,6,inter_pkg_1link,1,2,2048,1762.86
inter_pkg_1link_46,4,6,inter_pkg_1link,1,2,4096,3458.88
inter_pkg_1link_46,4,6,inter_pkg_1link,1,2,8192,2819.53
inter_pkg_1link_46,4,6,inter_pkg_1link,1,2,16384,5393.68
inter_pkg_1link_46,4,6,inter_pkg_1link,1,2,32768,10127.79
inter_pkg_1link_46,4,6,inter_pkg_1link,1,2,65536,17575.36
inter_pkg_1link_46,4,6,inter_pkg_1link,1,2,131072,28207.64
inter_pkg_1link_46,4,6,inter_pkg_1link,1,2,262144,40028.75
inter_pkg_1link_46,4,6,inter_pkg_1link,1,2,524288,50504.31
inter_pkg_1link_46,4,6,inter_pkg_1link,1,2,1048576,58598.52
inter_pkg_1link_46,4,6,inter_pkg_1link,1,2,2097152,63337.69
inter_pkg_1link_46,4,6,inter_pkg_1link,1,2,4194304,65234.35
inter_pkg_1link_46,4,6,inter_pkg_1link,1,3,1,4.71
inter_pkg_1link_46,4,6,inter_pkg_1link,1,3,2,9.01
inter_pkg_1link_46,4,6,inter_pkg_1link,1,3,4,18.84
inter_pkg_1link_46,4,6,inter_pkg_1link,1,3,8,37.54
inter_pkg_1link_46,4,6,inter_pkg_1link,1,3,16,75.14
inter_pkg_1link_46,4,6,inter_pkg_1link,1,3,32,145.49
inter_pkg_1link_46,4,6,inter_pkg_1link,1,3,64,283.46
inter_pkg_1link_46,4,6,inter_pkg_1link,1,3,128,549.07
inter_pkg_1link_46,4,6,inter_pkg_1link,1,3,256,526.33
inter_pkg_1link_46,4,6,inter_pkg_1link,1,3,512,968.12
inter_pkg_1link_46,4,6,inter_pkg_1link,1,3,1024,892.22
inter_pkg_1link_46,4,6,inter_pkg_1link,1,3,2048,1774.05
inter_pkg_1link_46,4,6,inter_pkg_1link,1,3,4096,3499.52
inter_pkg_1link_46,4,6,inter_pkg_1link,1,3,8192,2853.43
inter_pkg_1link_46,4,6,inter_pkg_1link,1,3,16384,5431.20
inter_pkg_1link_46,4,6,inter_pkg_1link,1,3,32768,10167.37
inter_pkg_1link_46,4,6,inter_pkg_1link,1,3,65536,17658.67
inter_pkg_1link_46,4,6,inter_pkg_1link,1,3,131072,28347.85
inter_pkg_1link_46,4,6,inter_pkg_1link,1,3,262144,40552.11
inter_pkg_1link_46,4,6,inter_pkg_1link,1,3,524288,50834.61
inter_pkg_1link_46,4,6,inter_pkg_1link,1,3,1048576,58702.03
inter_pkg_1link_46,4,6,inter_pkg_1link,1,3,2097152,63468.57
inter_pkg_1link_46,4,6,inter_pkg_1link,1,3,4194304,65235.77
inter_pkg_1link_46,4,6,inter_pkg_1link,1,4,1,4.57
inter_pkg_1link_46,4,6,inter_pkg_1link,1,4,2,9.14
inter_pkg_1link_46,4,6,inter_pkg_1link,1,4,4,18.17
inter_pkg_1link_46,4,6,inter_pkg_1link,1,4,8,36.45
inter_pkg_1link_46,4,6,inter_pkg_1link,1,4,16,73.00
inter_pkg_1link_46,4,6,inter_pkg_1link,1,4,32,139.98
inter_pkg_1link_46,4,6,inter_pkg_1link,1,4,64,274.29
inter_pkg_1link_46,4,6,inter_pkg_1link,1,4,128,532.05
inter_pkg_1link_46,4,6,inter_pkg_1link,1,4,256,529.06
inter_pkg_1link_46,4,6,inter_pkg_1link,1,4,512,940.24
inter_pkg_1link_46,4,6,inter_pkg_1link,1,4,1024,869.64
inter_pkg_1link_46,4,6,inter_pkg_1link,1,4,2048,1737.14
inter_pkg_1link_46,4,6,inter_pkg_1link,1,4,4096,3406.06
inter_pkg_1link_46,4,6,inter_pkg_1link,1,4,8192,2835.80
inter_pkg_1link_46,4,6,inter_pkg_1link,1,4,16384,5387.20
inter_pkg_1link_46,4,6,inter_pkg_1link,1,4,32768,10122.68
inter_pkg_1link_46,4,6,inter_pkg_1link,1,4,65536,17618.05
inter_pkg_1link_46,4,6,inter_pkg_1link,1,4,131072,28112.17
inter_pkg_1link_46,4,6,inter_pkg_1link,1,4,262144,40222.68
inter_pkg_1link_46,4,6,inter_pkg_1link,1,4,524288,50745.04
inter_pkg_1link_46,4,6,inter_pkg_1link,1,4,1048576,58679.22
inter_pkg_1link_46,4,6,inter_pkg_1link,1,4,2097152,63318.74
inter_pkg_1link_46,4,6,inter_pkg_1link,1,4,4194304,65295.69
inter_pkg_1link_46,4,6,inter_pkg_1link,1,5,1,4.60
inter_pkg_1link_46,4,6,inter_pkg_1link,1,5,2,9.17
inter_pkg_1link_46,4,6,inter_pkg_1link,1,5,4,18.16
inter_pkg_1link_46,4,6,inter_pkg_1link,1,5,8,36.48
inter_pkg_1link_46,4,6,inter_pkg_1link,1,5,16,73.08
inter_pkg_1link_46,4,6,inter_pkg_1link,1,5,32,141.99
inter_pkg_1link_46,4,6,inter_pkg_1link,1,5,64,274.08
inter_pkg_1link_46,4,6,inter_pkg_1link,1,5,128,526.64
inter_pkg_1link_46,4,6,inter_pkg_1link,1,5,256,521.87
inter_pkg_1link_46,4,6,inter_pkg_1link,1,5,512,935.25
inter_pkg_1link_46,4,6,inter_pkg_1link,1,5,1024,863.86
inter_pkg_1link_46,4,6,inter_pkg_1link,1,5,2048,1713.98
inter_pkg_1link_46,4,6,inter_pkg_1link,1,5,4096,3389.24
inter_pkg_1link_46,4,6,inter_pkg_1link,1,5,8192,2831.13
inter_pkg_1link_46,4,6,inter_pkg_1link,1,5,16384,5409.17
inter_pkg_1link_46,4,6,inter_pkg_1link,1,5,32768,10112.60
inter_pkg_1link_46,4,6,inter_pkg_1link,1,5,65536,17657.29
inter_pkg_1link_46,4,6,inter_pkg_1link,1,5,131072,28342.85
inter_pkg_1link_46,4,6,inter_pkg_1link,1,5,262144,40607.05
inter_pkg_1link_46,4,6,inter_pkg_1link,1,5,524288,50876.62
inter_pkg_1link_46,4,6,inter_pkg_1link,1,5,1048576,58718.59
inter_pkg_1link_46,4,6,inter_pkg_1link,1,5,2097152,63362.21
inter_pkg_1link_46,4,6,inter_pkg_1link,1,5,4194304,65192.22
inter_pkg_1link_46,4,6,inter_pkg_1link,1,6,1,4.60
inter_pkg_1link_46,4,6,inter_pkg_1link,1,6,2,9.15
inter_pkg_1link_46,4,6,inter_pkg_1link,1,6,4,18.26
inter_pkg_1link_46,4,6,inter_pkg_1link,1,6,8,36.64
inter_pkg_1link_46,4,6,inter_pkg_1link,1,6,16,73.29
inter_pkg_1link_46,4,6,inter_pkg_1link,1,6,32,142.07
inter_pkg_1link_46,4,6,inter_pkg_1link,1,6,64,274.07
inter_pkg_1link_46,4,6,inter_pkg_1link,1,6,128,532.66
inter_pkg_1link_46,4,6,inter_pkg_1link,1,6,256,532.32
inter_pkg_1link_46,4,6,inter_pkg_1link,1,6,512,951.10
inter_pkg_1link_46,4,6,inter_pkg_1link,1,6,1024,880.02
inter_pkg_1link_46,4,6,inter_pkg_1link,1,6,2048,1745.55
inter_pkg_1link_46,4,6,inter_pkg_1link,1,6,4096,3431.33
inter_pkg_1link_46,4,6,inter_pkg_1link,1,6,8192,2840.28
inter_pkg_1link_46,4,6,inter_pkg_1link,1,6,16384,5409.57
inter_pkg_1link_46,4,6,inter_pkg_1link,1,6,32768,10131.45
inter_pkg_1link_46,4,6,inter_pkg_1link,1,6,65536,17640.89
inter_pkg_1link_46,4,6,inter_pkg_1link,1,6,131072,28203.20
inter_pkg_1link_46,4,6,inter_pkg_1link,1,6,262144,40508.73
inter_pkg_1link_46,4,6,inter_pkg_1link,1,6,524288,50666.64
inter_pkg_1link_46,4,6,inter_pkg_1link,1,6,1048576,58622.02
inter_pkg_1link_46,4,6,inter_pkg_1link,1,6,2097152,63352.34
inter_pkg_1link_46,4,6,inter_pkg_1link,1,6,4194304,65230.98
inter_pkg_1link_57,5,7,inter_pkg_1link,1,2,1,4.60
inter_pkg_1link_57,5,7,inter_pkg_1link,1,2,2,9.17
inter_pkg_1link_57,5,7,inter_pkg_1link,1,2,4,18.26
inter_pkg_1link_57,5,7,inter_pkg_1link,1,2,8,36.57
inter_pkg_1link_57,5,7,inter_pkg_1link,1,2,16,73.03
inter_pkg_1link_57,5,7,inter_pkg_1link,1,2,32,141.82
inter_pkg_1link_57,5,7,inter_pkg_1link,1,2,64,275.17
inter_pkg_1link_57,5,7,inter_pkg_1link,1,2,128,529.83
inter_pkg_1link_57,5,7,inter_pkg_1link,1,2,256,513.51
inter_pkg_1link_57,5,7,inter_pkg_1link,1,2,512,905.72
inter_pkg_1link_57,5,7,inter_pkg_1link,1,2,1024,881.17
inter_pkg_1link_57,5,7,inter_pkg_1link,1,2,2048,1743.81
inter_pkg_1link_57,5,7,inter_pkg_1link,1,2,4096,3431.01
inter_pkg_1link_57,5,7,inter_pkg_1link,1,2,8192,2870.37
inter_pkg_1link_57,5,7,inter_pkg_1link,1,2,16384,5410.26
inter_pkg_1link_57,5,7,inter_pkg_1link,1,2,32768,10107.41
inter_pkg_1link_57,5,7,inter_pkg_1link,1,2,65536,17669.91
inter_pkg_1link_57,5,7,inter_pkg_1link,1,2,131072,28433.24
inter_pkg_1link_57,5,7,inter_pkg_1link,1,2,262144,40670.78
inter_pkg_1link_57,5,7,inter_pkg_1link,1,2,524288,51525.85
inter_pkg_1link_57,5,7,inter_pkg_1link,1,2,1048576,59115.69
inter_pkg_1link_57,5,7,inter_pkg_1link,1,2,2097152,63508.10
inter_pkg_1link_57,5,7,inter_pkg_1link,1,2,4194304,65221.44
inter_pkg_1link_57,5,7,inter_pkg_1link,1,3,1,4.80
inter_pkg_1link_57,5,7,inter_pkg_1link,1,3,2,9.44
inter_pkg_1link_57,5,7,inter_pkg_1link,1,3,4,18.86
inter_pkg_1link_57,5,7,inter_pkg_1link,1,3,8,37.79
inter_pkg_1link_57,5,7,inter_pkg_1link,1,3,16,75.86
inter_pkg_1link_57,5,7,inter_pkg_1link,1,3,32,145.82
inter_pkg_1link_57,5,7,inter_pkg_1link,1,3,64,285.69
inter_pkg_1link_57,5,7,inter_pkg_1link,1,3,128,543.94
inter_pkg_1link_57,5,7,inter_pkg_1link,1,3,256,539.04
inter_pkg_1link_57,5,7,inter_pkg_1link,1,3,512,971.53
inter_pkg_1link_57,5,7,inter_pkg_1link,1,3,1024,897.05
inter_pkg_1link_57,5,7,inter_pkg_1link,1,3,2048,1780.93
inter_pkg_1link_57,5,7,inter_pkg_1link,1,3,4096,3506.14
inter_pkg_1link_57,5,7,inter_pkg_1link,1,3,8192,2887.18
inter_pkg_1link_57,5,7,inter_pkg_1link,1,3,16384,5401.71
inter_pkg_1link_57,5,7,inter_pkg_1link,1,3,32768,10128.03
inter_pkg_1link_57,5,7,inter_pkg_1link,1,3,65536,17666.01
inter_pkg_1link_57,5,7,inter_pkg_1link,1,3,131072,28448.19
inter_pkg_1link_57,5,7,inter_pkg_1link,1,3,262144,40792.84
inter_pkg_1link_57,5,7,inter_pkg_1link,1,3,524288,51214.54
inter_pkg_1link_57,5,7,inter_pkg_1link,1,3,1048576,58872.98
inter_pkg_1link_57,5,7,inter_pkg_1link,1,3,2097152,63357.68
inter_pkg_1link_57,5,7,inter_pkg_1link,1,3,4194304,65202.08
inter_pkg_1link_57,5,7,inter_pkg_1link,1,4,1,4.69
inter_pkg_1link_57,5,7,inter_pkg_1link,1,4,2,9.22
inter_pkg_1link_57,5,7,inter_pkg_1link,1,4,4,18.38
inter_pkg_1link_57,5,7,inter_pkg_1link,1,4,8,36.60
inter_pkg_1link_57,5,7,inter_pkg_1link,1,4,16,73.13
inter_pkg_1link_57,5,7,inter_pkg_1link,1,4,32,141.13
inter_pkg_1link_57,5,7,inter_pkg_1link,1,4,64,273.28
inter_pkg_1link_57,5,7,inter_pkg_1link,1,4,128,528.31
inter_pkg_1link_57,5,7,inter_pkg_1link,1,4,256,530.34
inter_pkg_1link_57,5,7,inter_pkg_1link,1,4,512,950.53
inter_pkg_1link_57,5,7,inter_pkg_1link,1,4,1024,899.64
inter_pkg_1link_57,5,7,inter_pkg_1link,1,4,2048,1786.12
inter_pkg_1link_57,5,7,inter_pkg_1link,1,4,4096,3506.95
inter_pkg_1link_57,5,7,inter_pkg_1link,1,4,8192,2857.12
inter_pkg_1link_57,5,7,inter_pkg_1link,1,4,16384,5407.80
inter_pkg_1link_57,5,7,inter_pkg_1link,1,4,32768,10124.16
inter_pkg_1link_57,5,7,inter_pkg_1link,1,4,65536,17712.38
inter_pkg_1link_57,5,7,inter_pkg_1link,1,4,131072,28411.41
inter_pkg_1link_57,5,7,inter_pkg_1link,1,4,262144,40733.97
inter_pkg_1link_57,5,7,inter_pkg_1link,1,4,524288,51568.71
inter_pkg_1link_57,5,7,inter_pkg_1link,1,4,1048576,59080.57
inter_pkg_1link_57,5,7,inter_pkg_1link,1,4,2097152,63399.96
inter_pkg_1link_57,5,7,inter_pkg_1link,1,4,4194304,65194.27
inter_pkg_1link_57,5,7,inter_pkg_1link,1,5,1,4.63
inter_pkg_1link_57,5,7,inter_pkg_1link,1,5,2,9.15
inter_pkg_1link_57,5,7,inter_pkg_1link,1,5,4,18.24
inter_pkg_1link_57,5,7,inter_pkg_1link,1,5,8,36.56
inter_pkg_1link_57,5,7,inter_pkg_1link,1,5,16,73.11
inter_pkg_1link_57,5,7,inter_pkg_1link,1,5,32,141.49
inter_pkg_1link_57,5,7,inter_pkg_1link,1,5,64,273.12
inter_pkg_1link_57,5,7,inter_pkg_1link,1,5,128,527.63
inter_pkg_1link_57,5,7,inter_pkg_1link,1,5,256,529.98
inter_pkg_1link_57,5,7,inter_pkg_1link,1,5,512,944.12
inter_pkg_1link_57,5,7,inter_pkg_1link,1,5,1024,898.49
inter_pkg_1link_57,5,7,inter_pkg_1link,1,5,2048,1782.05
inter_pkg_1link_57,5,7,inter_pkg_1link,1,5,4096,3502.74
inter_pkg_1link_57,5,7,inter_pkg_1link,1,5,8192,2866.92
inter_pkg_1link_57,5,7,inter_pkg_1link,1,5,16384,5410.68
inter_pkg_1link_57,5,7,inter_pkg_1link,1,5,32768,10147.15
inter_pkg_1link_57,5,7,inter_pkg_1link,1,5,65536,17706.64
inter_pkg_1link_57,5,7,inter_pkg_1link,1,5,131072,28510.41
inter_pkg_1link_57,5,7,inter_pkg_1link,1,5,262144,40762.48
inter_pkg_1link_57,5,7,inter_pkg_1link,1,5,524288,51582.80
inter_pkg_1link_57,5,7,inter_pkg_1link,1,5,1048576,59031.91
inter_pkg_1link_57,5,7,inter_pkg_1link,1,5,2097152,63503.07
inter_pkg_1link_57,5,7,inter_pkg_1link,1,5,4194304,65242.33
inter_pkg_1link_57,5,7,inter_pkg_1link,1,6,1,4.60
inter_pkg_1link_57,5,7,inter_pkg_1link,1,6,2,9.13
inter_pkg_1link_57,5,7,inter_pkg_1link,1,6,4,18.25
inter_pkg_1link_57,5,7,inter_pkg_1link,1,6,8,36.59
inter_pkg_1link_57,5,7,inter_pkg_1link,1,6,16,72.80
inter_pkg_1link_57,5,7,inter_pkg_1link,1,6,32,140.81
inter_pkg_1link_57,5,7,inter_pkg_1link,1,6,64,272.91
inter_pkg_1link_57,5,7,inter_pkg_1link,1,6,128,520.94
inter_pkg_1link_57,5,7,inter_pkg_1link,1,6,256,509.03
inter_pkg_1link_57,5,7,inter_pkg_1link,1,6,512,916.72
inter_pkg_1link_57,5,7,inter_pkg_1link,1,6,1024,881.83
inter_pkg_1link_57,5,7,inter_pkg_1link,1,6,2048,1754.77
inter_pkg_1link_57,5,7,inter_pkg_1link,1,6,4096,3393.94
inter_pkg_1link_57,5,7,inter_pkg_1link,1,6,8192,2858.47
inter_pkg_1link_57,5,7,inter_pkg_1link,1,6,16384,5401.32
inter_pkg_1link_57,5,7,inter_pkg_1link,1,6,32768,10145.80
inter_pkg_1link_57,5,7,inter_pkg_1link,1,6,65536,17681.52
inter_pkg_1link_57,5,7,inter_pkg_1link,1,6,131072,28494.45
inter_pkg_1link_57,5,7,inter_pkg_1link,1,6,262144,40689.31
inter_pkg_1link_57,5,7,inter_pkg_1link,1,6,524288,51260.69
inter_pkg_1link_57,5,7,inter_pkg_1link,1,6,1048576,59236.66
inter_pkg_1link_57,5,7,inter_pkg_1link,1,6,2097152,63658.48
inter_pkg_1link_57,5,7,inter_pkg_1link,1,6,4194304,65287.62
routed_07,0,7,routed,0,2,1,4.65
routed_07,0,7,routed,0,2,2,9.18
routed_07,0,7,routed,0,2,4,18.26
routed_07,0,7,routed,0,2,8,36.77
routed_07,0,7,routed,0,2,16,73.34
routed_07,0,7,routed,0,2,32,141.55
routed_07,0,7,routed,0,2,64,273.96
routed_07,0,7,routed,0,2,128,529.21
routed_07,0,7,routed,0,2,256,530.50
routed_07,0,7,routed,0,2,512,948.56
routed_07,0,7,routed,0,2,1024,894.01
routed_07,0,7,routed,0,2,2048,1770.70
routed_07,0,7,routed,0,2,4096,3480.85
routed_07,0,7,routed,0,2,8192,2872.98
routed_07,0,7,routed,0,2,16384,5472.45
routed_07,0,7,routed,0,2,32768,10529.72
routed_07,0,7,routed,0,2,65536,18780.76
routed_07,0,7,routed,0,2,131072,31768.69
routed_07,0,7,routed,0,2,262144,48365.28
routed_07,0,7,routed,0,2,524288,65971.62
routed_07,0,7,routed,0,2,1048576,79903.77
routed_07,0,7,routed,0,2,2097152,89536.39
routed_07,0,7,routed,0,2,4194304,95437.62
routed_07,0,7,routed,0,3,1,4.74
routed_07,0,7,routed,0,3,2,9.46
routed_07,0,7,routed,0,3,4,18.95
routed_07,0,7,routed,0,3,8,37.70
routed_07,0,7,routed,0,3,16,75.67
routed_07,0,7,routed,0,3,32,146.31
routed_07,0,7,routed,0,3,64,280.83
routed_07,0,7,routed,0,3,128,540.99
routed_07,0,7,routed,0,3,256,529.46
routed_07,0,7,routed,0,3,512,969.26
routed_07,0,7,routed,0,3,1024,903.63
routed_07,0,7,routed,0,3,2048,1795.95
routed_07,0,7,routed,0,3,4096,3530.54
routed_07,0,7,routed,0,3,8192,2840.57
routed_07,0,7,routed,0,3,16384,5457.97
routed_07,0,7,routed,0,3,32768,10418.07
routed_07,0,7,routed,0,3,65536,18470.24
routed_07,0,7,routed,0,3,131072,31308.98
routed_07,0,7,routed,0,3,262144,48246.34
routed_07,0,7,routed,0,3,524288,65650.78
routed_07,0,7,routed,0,3,1048576,79822.14
routed_07,0,7,routed,0,3,2097152,89494.53
routed_07,0,7,routed,0,3,4194304,95439.02
routed_07,0,7,routed,0,4,1,4.65
routed_07,0,7,routed,0,4,2,9.11
routed_07,0,7,routed,0,4,4,18.34
routed_07,0,7,routed,0,4,8,36.77
routed_07,0,7,routed,0,4,16,72.88
routed_07,0,7,routed,0,4,32,141.39
routed_07,0,7,routed,0,4,64,272.56
routed_07,0,7,routed,0,4,128,530.53
routed_07,0,7,routed,0,4,256,530.53
routed_07,0,7,routed,0,4,512,950.60
routed_07,0,7,routed,0,4,1024,894.56
routed_07,0,7,routed,0,4,2048,1775.58
routed_07,0,7,routed,0,4,4096,3491.59
routed_07,0,7,routed,0,4,8192,2874.13
routed_07,0,7,routed,0,4,16384,5480.24
routed_07,0,7,routed,0,4,32768,10527.77
routed_07,0,7,routed,0,4,65536,18855.25
routed_07,0,7,routed,0,4,131072,32017.40
routed_07,0,7,routed,0,4,262144,48951.91
routed_07,0,7,routed,0,4,524288,66353.35
routed_07,0,7,routed,0,4,1048576,80348.07
routed_07,0,7,routed,0,4,2097152,89870.69
routed_07,0,7,routed,0,4,4194304,95617.51
routed_07,0,7,routed,0,5,1,4.58
routed_07,0,7,routed,0,5,2,9.16
routed_07,0,7,routed,0,5,4,18.28
routed_07,0,7,routed,0,5,8,36.75
routed_07,0,7,routed,0,5,16,73.39
routed_07,0,7,routed,0,5,32,141.03
routed_07,0,7,routed,0,5,64,275.66
routed_07,0,7,routed,0,5,128,526.15
routed_07,0,7,routed,0,5,256,525.92
routed_07,0,7,routed,0,5,512,935.26
routed_07,0,7,routed,0,5,1024,899.53
routed_07,0,7,routed,0,5,2048,1781.63
routed_07,0,7,routed,0,5,4096,3513.81
routed_07,0,7,routed,0,5,8192,2873.95
routed_07,0,7,routed,0,5,16384,5473.13
routed_07,0,7,routed,0,5,32768,10532.29
routed_07,0,7,routed,0,5,65536,18760.32
routed_07,0,7,routed,0,5,131072,31803.26
routed_07,0,7,routed,0,5,262144,48383.76
routed_07,0,7,routed,0,5,524288,66032.80
routed_07,0,7,routed,0,5,1048576,79979.36
routed_07,0,7,routed,0,5,2097152,89646.15
routed_07,0,7,routed,0,5,4194304,95505.40
routed_07,0,7,routed,0,6,1,4.65
routed_07,0,7,routed,0,6,2,9.18
routed_07,0,7,routed,0,6,4,18.44
routed_07,0,7,routed,0,6,8,36.85
routed_07,0,7,routed,0,6,16,73.67
routed_07,0,7,routed,0,6,32,141.91
routed_07,0,7,routed,0,6,64,277.50
routed_07,0,7,routed,0,6,128,532.54
routed_07,0,7,routed,0,6,256,530.08
routed_07,0,7,routed,0,6,512,947.30
routed_07,0,7,routed,0,6,1024,893.79
routed_07,0,7,routed,0,6,2048,1771.39
routed_07,0,7,routed,0,6,4096,3502.82
routed_07,0,7,routed,0,6,8192,2864.79
routed_07,0,7,routed,0,6,16384,5465.79
routed_07,0,7,routed,0,6,32768,10507.14
routed_07,0,7,routed,0,6,65536,18726.73
routed_07,0,7,routed,0,6,131072,31812.71
routed_07,0,7,routed,0,6,262144,48563.66
routed_07,0,7,routed,0,6,524288,66092.57
routed_07,0,7,routed,0,6,1048576,79995.35
routed_07,0,7,routed,0,6,2097152,89645.26
routed_07,0,7,routed,0,6,4194304,95478.45
routed_16,1,6,routed,0,2,1,4.57
routed_16,1,6,routed,0,2,2,9.12
routed_16,1,6,routed,0,2,4,18.21
routed_16,1,6,routed,0,2,8,36.63
routed_16,1,6,routed,0,2,16,72.77
routed_16,1,6,routed,0,2,32,141.55
routed_16,1,6,routed,0,2,64,273.98
routed_16,1,6,routed,0,2,128,531.75
routed_16,1,6,routed,0,2,256,520.88
routed_16,1,6,routed,0,2,512,934.05
routed_16,1,6,routed,0,2,1024,886.49
routed_16,1,6,routed,0,2,2048,1753.95
routed_16,1,6,routed,0,2,4096,3458.54
routed_16,1,6,routed,0,2,8192,2821.27
routed_16,1,6,routed,0,2,16384,5413.27
routed_16,1,6,routed,0,2,32768,10374.93
routed_16,1,6,routed,0,2,65536,18459.36
routed_16,1,6,routed,0,2,131072,30829.95
routed_16,1,6,routed,0,2,262144,47402.78
routed_16,1,6,routed,0,2,524288,64975.72
routed_16,1,6,routed,0,2,1048576,79338.55
routed_16,1,6,routed,0,2,2097152,89097.83
routed_16,1,6,routed,0,2,4194304,95296.10
routed_16,1,6,routed,0,3,1,4.66
routed_16,1,6,routed,0,3,2,9.18
routed_16,1,6,routed,0,3,4,18.33
routed_16,1,6,routed,0,3,8,36.69
routed_16,1,6,routed,0,3,16,73.44
routed_16,1,6,routed,0,3,32,142.18
routed_16,1,6,routed,0,3,64,277.71
routed_16,1,6,routed,0,3,128,528.25
routed_16,1,6,routed,0,3,256,532.01
routed_16,1,6,routed,0,3,512,951.95
routed_16,1,6,routed,0,3,1024,896.64
routed_16,1,6,routed,0,3,2048,1779.70
routed_16,1,6,routed,0,3,4096,3494.34
routed_16,1,6,routed,0,3,8192,2842.56
routed_16,1,6,routed,0,3,16384,5444.87
routed_16,1,6,routed,0,3,32768,10438.63
routed_16,1,6,routed,0,3,65536,18520.02
routed_16,1,6,routed,0,3,131072,31309.13
routed_16,1,6,routed,0,3,262144,48048.79
routed_16,1,6,routed,0,3,524288,65601.10
routed_16,1,6,routed,0,3,1048576,79692.78
routed_16,1,6,routed,0,3,2097152,89311.70
routed_16,1,6,routed,0,3,4194304,95283.35
routed_16,1,6,routed,0,4,1,4.77
routed_16,1,6,routed,0,4,2,9.48
routed_16,1,6,routed,0,4,4,18.99
routed_16,1,6,routed,0,4,8,37.93
routed_16,1,6,routed,0,4,16,75.47
routed_16,1,6,routed,0,4,32,145.23
routed_16,1,6,routed,0,4,64,284.52
routed_16,1,6,routed,0,4,128,545.82
routed_16,1,6,routed,0,4,256,530.79
routed_16,1,6,routed,0,4,512,946.72
routed_16,1,6,routed,0,4,1024,885.17
routed_16,1,6,routed,0,4,2048,1755.17
routed_16,1,6,routed,0,4,4096,3434.31
routed_16,1,6,routed,0,4,8192,2838.64
routed_16,1,6,routed,0,4,16384,5411.07
routed_16,1,6,routed,0,4,32768,10415.07
routed_16,1,6,routed,0,4,65536,18539.79
routed_16,1,6,routed,0,4,131072,31208.59
routed_16,1,6,routed,0,4,262144,48118.72
routed_16,1,6,routed,0,4,524288,65652.26
routed_16,1,6,routed,0,4,1048576,79734.78
routed_16,1,6,routed,0,4,2097152,89534.06
routed_16,1,6,routed,0,4,4194304,95466.48
routed_16,1,6,routed,0,5,1,4.56
routed_16,1,6,routed,0,5,2,9.08
routed_16,1,6,routed,0,5,4,18.26
routed_16,1,6,routed,0,5,8,36.40
routed_16,1,6,routed,0,5,16,72.48
routed_16,1,6,routed,0,5,32,139.24
routed_16,1,6,routed,0,5,64,272.48
routed_16,1,6,routed,0,5,128,516.86
routed_16,1,6,routed,0,5,256,521.95
routed_16,1,6,routed,0,5,512,923.08
routed_16,1,6,routed,0,5,1024,888.81
routed_16,1,6,routed,0,5,2048,1770.14
routed_16,1,6,routed,0,5,4096,3466.43
routed_16,1,6,routed,0,5,8192,2849.99
routed_16,1,6,routed,0,5,16384,5463.82
routed_16,1,6,routed,0,5,32768,10425.60
routed_16,1,6,routed,0,5,65536,18560.34
routed_16,1,6,routed,0,5,131072,31362.85
routed_16,1,6,routed,0,5,262144,48185.12
routed_16,1,6,routed,0,5,524288,65688.87
routed_16,1,6,routed,0,5,1048576,79837.93
routed_16,1,6,routed,0,5,2097152,89534.16
routed_16,1,6,routed,0,5,4194304,95460.37
routed_16,1,6,routed,0,6,1,4.53
routed_16,1,6,routed,0,6,2,8.95
routed_16,1,6,routed,0,6,4,17.95
routed_16,1,6,routed,0,6,8,35.90
routed_16,1,6,routed,0,6,16,71.85
routed_16,1,6,routed,0,6,32,141.24
routed_16,1,6,routed,0,6,64,274.09
routed_16,1,6,routed,0,6,128,535.34
routed_16,1,6,routed,0,6,256,524.94
routed_16,1,6,routed,0,6,512,941.82
routed_16,1,6,routed,0,6,1024,896.90
routed_16,1,6,routed,0,6,2048,1785.17
routed_16,1,6,routed,0,6,4096,3505.90
routed_16,1,6,routed,0,6,8192,2844.73
routed_16,1,6,routed,0,6,16384,5441.00
routed_16,1,6,routed,0,6,32768,10416.28
routed_16,1,6,routed,0,6,65536,18544.35
routed_16,1,6,routed,0,6,131072,31289.33
routed_16,1,6,routed,0,6,262144,48032.14
routed_16,1,6,routed,0,6,524288,65667.26
routed_16,1,6,routed,0,6,1048576,79865.21
routed_16,1,6,routed,0,6,2097152,89548.55
routed_16,1,6,routed,0,6,4194304,95483.73
routed_03,0,3,routed,0,2,1,4.64
routed_03,0,3,routed,0,2,2,9.19
routed_03,0,3,routed,0,2,4,18.35
routed_03,0,3,routed,0,2,8,36.75
routed_03,0,3,routed,0,2,16,73.36
routed_03,0,3,routed,0,2,32,142.31
routed_03,0,3,routed,0,2,64,276.50
routed_03,0,3,routed,0,2,128,532.07
routed_03,0,3,routed,0,2,256,532.54
routed_03,0,3,routed,0,2,512,956.90
routed_03,0,3,routed,0,2,1024,887.30
routed_03,0,3,routed,0,2,2048,1763.36
routed_03,0,3,routed,0,2,4096,3475.77
routed_03,0,3,routed,0,2,8192,2841.36
routed_03,0,3,routed,0,2,16384,5376.27
routed_03,0,3,routed,0,2,32768,10056.83
routed_03,0,3,routed,0,2,65536,17617.48
routed_03,0,3,routed,0,2,131072,28477.19
routed_03,0,3,routed,0,2,262144,40937.40
routed_03,0,3,routed,0,2,524288,52163.11
routed_03,0,3,routed,0,2,1048576,60162.83
routed_03,0,3,routed,0,2,2097152,65038.56
routed_03,0,3,routed,0,2,4194304,67036.28
routed_03,0,3,routed,0,3,1,4.59
routed_03,0,3,routed,0,3,2,9.15
routed_03,0,3,routed,0,3,4,18.32
routed_03,0,3,routed,0,3,8,36.53
routed_03,0,3,routed,0,3,16,73.19
routed_03,0,3,routed,0,3,32,141.02
routed_03,0,3,routed,0,3,64,274.48
routed_03,0,3,routed,0,3,128,523.84
routed_03,0,3,routed,0,3,256,531.07
routed_03,0,3,routed,0,3,512,957.16
routed_03,0,3,routed,0,3,1024,903.99
routed_03,0,3,routed,0,3,2048,1793.23
routed_03,0,3,routed,0,3,4096,3519.85
routed_03,0,3,routed,0,3,8192,2789.47
routed_03,0,3,routed,0,3,16384,5285.24
routed_03,0,3,routed,0,3,32768,9904.20
routed_03,0,3,routed,0,3,65536,17408.68
routed_03,0,3,routed,0,3,131072,28156.06
routed_03,0,3,routed,0,3,262144,40676.63
routed_03,0,3,routed,0,3,524288,52086.44
routed_03,0,3,routed,0,3,1048576,60261.91
routed_03,0,3,routed,0,3,2097152,65099.40
routed_03,0,3,routed,0,3,4194304,66985.26
routed_03,0,3,routed,0,4,1,4.62
routed_03,0,3,routed,0,4,2,9.16
routed_03,0,3,routed,0,4,4,18.33
routed_03,0,3,routed,0,4,8,36.69
routed_03,0,3,routed,0,4,16,73.31
routed_03,0,3,routed,0,4,32,142.48
routed_03,0,3,routed,0,4,64,275.80
routed_03,0,3,routed,0,4,128,531.50
routed_03,0,3,routed,0,4,256,525.69
routed_03,0,3,routed,0,4,512,947.91
routed_03,0,3,routed,0,4,1024,890.63
routed_03,0,3,routed,0,4,2048,1757.05
routed_03,0,3,routed,0,4,4096,3460.67
routed_03,0,3,routed,0,4,8192,2827.69
routed_03,0,3,routed,0,4,16384,5379.90
routed_03,0,3,routed,0,4,32768,10092.68
routed_03,0,3,routed,0,4,65536,17616.39
routed_03,0,3,routed,0,4,131072,28503.57
routed_03,0,3,routed,0,4,262144,40973.61
routed_03,0,3,routed,0,4,524288,51635.59
routed_03,0,3,routed,0,4,1048576,60133.65
routed_03,0,3,routed,0,4,2097152,65130.55
routed_03,0,3,routed,0,4,4194304,67078.19
routed_03,0,3,routed,0,5,1,4.60
routed_03,0,3,routed,0,5,2,9.02
routed_03,0,3,routed,0,5,4,18.17
routed_03,0,3,routed,0,5,8,36.34
routed_03,0,3,routed,0,5,16,72.69
routed_03,0,3,routed,0,5,32,140.32
routed_03,0,3,routed,0,5,64,273.00
routed_03,0,3,routed,0,5,128,525.25
routed_03,0,3,routed,0,5,256,531.08
routed_03,0,3,routed,0,5,512,950.39
routed_03,0,3,routed,0,5,1024,894.86
routed_03,0,3,routed,0,5,2048,1769.58
routed_03,0,3,routed,0,5,4096,3487.60
routed_03,0,3,routed,0,5,8192,2756.33
routed_03,0,3,routed,0,5,16384,5269.65
routed_03,0,3,routed,0,5,32768,9799.84
routed_03,0,3,routed,0,5,65536,17259.65
routed_03,0,3,routed,0,5,131072,27940.35
routed_03,0,3,routed,0,5,262144,40449.91
routed_03,0,3,routed,0,5,524288,51979.99
routed_03,0,3,routed,0,5,1048576,60147.52
routed_03,0,3,routed,0,5,2097152,65075.14
routed_03,0,3,routed,0,5,4194304,66970.26
routed_03,0,3,routed,0,6,1,4.69
routed_03,0,3,routed,0,6,2,9.23
routed_03,0,3,routed,0,6,4,18.40
routed_03,0,3,routed,0,6,8,36.96
routed_03,0,3,routed,0,6,16,74.13
routed_03,0,3,routed,0,6,32,143.04
routed_03,0,3,routed,0,6,64,279.44
routed_03,0,3,routed,0,6,128,528.36
routed_03,0,3,routed,0,6,256,530.95
routed_03,0,3,routed,0,6,512,947.99
routed_03,0,3,routed,0,6,1024,892.48
routed_03,0,3,routed,0,6,2048,1765.75
routed_03,0,3,routed,0,6,4096,3472.07
routed_03,0,3,routed,0,6,8192,2790.84
routed_03,0,3,routed,0,6,16384,5289.15
routed_03,0,3,routed,0,6,32768,9884.82
routed_03,0,3,routed,0,6,65536,17351.41
routed_03,0,3,routed,0,6,131072,28164.94
routed_03,0,3,routed,0,6,262144,41066.37
routed_03,0,3,routed,0,6,524288,52296.49
routed_03,0,3,routed,0,6,1048576,60371.65
routed_03,0,3,routed,0,6,2097152,65080.73
routed_03,0,3,routed,0,6,4194304,66989.24
routed_14,1,4,routed,0,2,1,4.57
routed_14,1,4,routed,0,2,2,8.72
routed_14,1,4,routed,0,2,4,18.27
routed_14,1,4,routed,0,2,8,36.36
routed_14,1,4,routed,0,2,16,72.88
routed_14,1,4,routed,0,2,32,140.46
routed_14,1,4,routed,0,2,64,274.89
routed_14,1,4,routed,0,2,128,527.30
routed_14,1,4,routed,0,2,256,528.16
routed_14,1,4,routed,0,2,512,915.55
routed_14,1,4,routed,0,2,1024,897.72
routed_14,1,4,routed,0,2,2048,1786.59
routed_14,1,4,routed,0,2,4096,3510.99
routed_14,1,4,routed,0,2,8192,2822.05
routed_14,1,4,routed,0,2,16384,5378.12
routed_14,1,4,routed,0,2,32768,10041.41
routed_14,1,4,routed,0,2,65536,17645.74
routed_14,1,4,routed,0,2,131072,28344.83
routed_14,1,4,routed,0,2,262144,40325.40
routed_14,1,4,routed,0,2,524288,50658.17
routed_14,1,4,routed,0,2,1048576,58589.45
routed_14,1,4,routed,0,2,2097152,63032.70
routed_14,1,4,routed,0,2,4194304,65059.03
routed_14,1,4,routed,0,3,1,4.64
routed_14,1,4,routed,0,3,2,9.11
routed_14,1,4,routed,0,3,4,18.39
routed_14,1,4,routed,0,3,8,36.71
routed_14,1,4,routed,0,3,16,73.44
routed_14,1,4,routed,0,3,32,141.49
routed_14,1,4,routed,0,3,64,273.89
routed_14,1,4,routed,0,3,128,521.43
routed_14,1,4,routed,0,3,256,528.16
routed_14,1,4,routed,0,3,512,938.95
routed_14,1,4,routed,0,3,1024,891.92
routed_14,1,4,routed,0,3,2048,1775.54
routed_14,1,4,routed,0,3,4096,3487.47
routed_14,1,4,routed,0,3,8192,2817.24
routed_14,1,4,routed,0,3,16384,5358.81
routed_14,1,4,routed,0,3,32768,10024.86
routed_14,1,4,routed,0,3,65536,17583.77
routed_14,1,4,routed,0,3,131072,28330.05
routed_14,1,4,routed,0,3,262144,40594.85
routed_14,1,4,routed,0,3,524288,50676.97
routed_14,1,4,routed,0,3,1048576,58589.79
routed_14,1,4,routed,0,3,2097152,63056.42
routed_14,1,4,routed,0,3,4194304,65034.31
routed_14,1,4,routed,0,4,1,4.59
routed_14,1,4,routed,0,4,2,9.05
routed_14,1,4,routed,0,4,4,18.14
routed_14,1,4,routed,0,4,8,36.13
routed_14,1,4,routed,0,4,16,72.41
routed_14,1,4,routed,0,4,32,142.31
routed_14,1,4,routed,0,4,64,276.16
routed_14,1,4,routed,0,4,128,533.81
routed_14,1,4,routed,0,4,256,530.73
routed_14,1,4,routed,0,4,512,946.29
routed_14,1,4,routed,0,4,1024,862.15
routed_14,1,4,routed,0,4,2048,1713.32
routed_14,1,4,routed,0,4,4096,3372.44
routed_14,1,4,routed,0,4,8192,2819.78
routed_14,1,4,routed,0,4,16384,5345.18
routed_14,1,4,routed,0,4,32768,10015.14
routed_14,1,4,routed,0,4,65536,17525.34
routed_14,1,4,routed,0,4,131072,28298.84
routed_14,1,4,routed,0,4,262144,40550.76
routed_14,1,4,routed,0,4,524288,50970.51
routed_14,1,4,routed,0,4,1048576,58685.28
routed_14,1,4,routed,0,4,2097152,63072.70
routed_14,1,4,routed,0,4,4194304,65102.64
routed_14,1,4,routed,0,5,1,4.63
routed_14,1,4,routed,0,5,2,9.14
routed_14,1,4,routed,0,5,4,18.24
routed_14,1,4,routed,0,5,8,36.45
routed_14,1,4,routed,0,5,16,73.16
routed_14,1,4,routed,0,5,32,140.75
routed_14,1,4,routed,0,5,64,275.30
routed_14,1,4,routed,0,5,128,535.01
routed_14,1,4,routed,0,5,256,525.26
routed_14,1,4,routed,0,5,512,931.96
routed_14,1,4,routed,0,5,1024,878.75
routed_14,1,4,routed,0,5,2048,1731.43
routed_14,1,4,routed,0,5,4096,3414.58
routed_14,1,4,routed,0,5,8192,2817.52
routed_14,1,4,routed,0,5,16384,5362.97
routed_14,1,4,routed,0,5,32768,10046.97
routed_14,1,4,routed,0,5,65536,17652.62
routed_14,1,4,routed,0,5,131072,28320.88
routed_14,1,4,routed,0,5,262144,40626.24
routed_14,1,4,routed,0,5,524288,51202.92
routed_14,1,4,routed,0,5,1048576,58755.04
routed_14,1,4,routed,0,5,2097152,63198.49
routed_14,1,4,routed,0,5,4194304,65191.84
routed_14,1,4,routed,0,6,1,4.56
routed_14,1,4,routed,0,6,2,9.17
routed_14,1,4,routed,0,6,4,18.30
routed_14,1,4,routed,0,6,8,36.56
routed_14,1,4,routed,0,6,16,73.18
routed_14,1,4,routed,0,6,32,142.09
routed_14,1,4,routed,0,6,64,278.03
routed_14,1,4,routed,0,6,128,532.28
routed_14,1,4,routed,0,6,256,534.38
routed_14,1,4,routed,0,6,512,950.58
routed_14,1,4,routed,0,6,1024,907.61
routed_14,1,4,routed,0,6,2048,1797.72
routed_14,1,4,routed,0,6,4096,3530.85
routed_14,1,4,routed,0,6,8192,2825.24
routed_14,1,4,routed,0,6,16384,5405.94
routed_14,1,4,routed,0,6,32768,10078.54
routed_14,1,4,routed,0,6,65536,17703.87
routed_14,1,4,routed,0,6,131072,28231.51
routed_14,1,4,routed,0,6,262144,40510.49
routed_14,1,4,routed,0,6,524288,51115.29
routed_14,1,4,routed,0,6,1048576,58767.15
routed_14,1,4,routed,0,6,2097152,63259.31
routed_14,1,4,routed,0,6,4194304,65194.33
routed_17,1,7,routed,0,2,1,4.64
routed_17,1,7,routed,0,2,2,9.18
routed_17,1,7,routed,0,2,4,18.39
routed_17,1,7,routed,0,2,8,36.75
routed_17,1,7,routed,0,2,16,73.52
routed_17,1,7,routed,0,2,32,142.55
routed_17,1,7,routed,0,2,64,276.90
routed_17,1,7,routed,0,2,128,536.01
routed_17,1,7,routed,0,2,256,527.88
routed_17,1,7,routed,0,2,512,947.59
routed_17,1,7,routed,0,2,1024,888.89
routed_17,1,7,routed,0,2,2048,1761.53
routed_17,1,7,routed,0,2,4096,3331.53
routed_17,1,7,routed,0,2,8192,2793.81
routed_17,1,7,routed,0,2,16384,5335.84
routed_17,1,7,routed,0,2,32768,10295.07
routed_17,1,7,routed,0,2,65536,18311.34
routed_17,1,7,routed,0,2,131072,30898.76
routed_17,1,7,routed,0,2,262144,47844.22
routed_17,1,7,routed,0,2,524288,65289.66
routed_17,1,7,routed,0,2,1048576,79593.09
routed_17,1,7,routed,0,2,2097152,89464.77
routed_17,1,7,routed,0,2,4194304,95423.50
routed_17,1,7,routed,0,3,1,4.55
routed_17,1,7,routed,0,3,2,9.12
routed_17,1,7,routed,0,3,4,18.21
routed_17,1,7,routed,0,3,8,36.37
routed_17,1,7,routed,0,3,16,73.06
routed_17,1,7,routed,0,3,32,140.95
routed_17,1,7,routed,0,3,64,274.51
routed_17,1,7,routed,0,3,128,528.87
routed_17,1,7,routed,0,3,256,527.86
routed_17,1,7,routed,0,3,512,939.17
routed_17,1,7,routed,0,3,1024,878.74
routed_17,1,7,routed,0,3,2048,1759.83
routed_17,1,7,routed,0,3,4096,3469.61
routed_17,1,7,routed,0,3,8192,2798.97
routed_17,1,7,routed,0,3,16384,5369.62
routed_17,1,7,routed,0,3,32768,10309.03
routed_17,1,7,routed,0,3,65536,18314.52
routed_17,1,7,routed,0,3,131072,30910.79
routed_17,1,7,routed,0,3,262144,47869.12
routed_17,1,7,routed,0,3,524288,65296.50
routed_17,1,7,routed,0,3,1048576,79557.45
routed_17,1,7,routed,0,3,2097152,89338.97
routed_17,1,7,routed,0,3,4194304,95344.30
routed_17,1,7,routed,0,4,1,4.61
routed_17,1,7,routed,0,4,2,9.16
routed_17,1,7,routed,0,4,4,18.28
routed_17,1,7,routed,0,4,8,36.69
routed_17,1,7,routed,0,4,16,73.16
routed_17,1,7,routed,0,4,32,141.81
routed_17,1,7,routed,0,4,64,278.19
routed_17,1,7,routed,0,4,128,535.26
routed_17,1,7,routed,0,4,256,534.87
routed_17,1,7,routed,0,4,512,957.79
routed_17,1,7,routed,0,4,1024,897.37
routed_17,1,7,routed,0,4,2048,1778.80
routed_17,1,7,routed,0,4,4096,3502.31
routed_17,1,7,routed,0,4,8192,2801.45
routed_17,1,7,routed,0,4,16384,5413.09
routed_17,1,7,routed,0,4,32768,10307.55
routed_17,1,7,routed,0,4,65536,18301.64
routed_17,1,7,routed,0,4,131072,30991.92
routed_17,1,7,routed,0,4,262144,47869.70
routed_17,1,7,routed,0,4,524288,65353.21
routed_17,1,7,routed,0,4,1048576,79372.92
routed_17,1,7,routed,0,4,2097152,89156.66
routed_17,1,7,routed,0,4,4194304,95241.52
routed_17,1,7,routed,0,5,1,4.59
routed_17,1,7,routed,0,5,2,9.12
routed_17,1,7,routed,0,5,4,18.20
routed_17,1,7,routed,0,5,8,36.53
routed_17,1,7,routed,0,5,16,73.04
routed_17,1,7,routed,0,5,32,142.05
routed_17,1,7,routed,0,5,64,274.80
routed_17,1,7,routed,0,5,128,533.23
routed_17,1,7,routed,0,5,256,527.92
routed_17,1,7,routed,0,5,512,946.54
routed_17,1,7,routed,0,5,1024,885.65
routed_17,1,7,routed,0,5,2048,1751.44
routed_17,1,7,routed,0,5,4096,3446.45
routed_17,1,7,routed,0,5,8192,2795.09
routed_17,1,7,routed,0,5,16384,5341.33
routed_17,1,7,routed,0,5,32768,10290.44
routed_17,1,7,routed,0,5,65536,18307.09
routed_17,1,7,routed,0,5,131072,30899.53
routed_17,1,7,routed,0,5,262144,47818.54
routed_17,1,7,routed,0,5,524288,65293.67
routed_17,1,7,routed,0,5,1048576,79581.50
routed_17,1,7,routed,0,5,2097152,89375.77
routed_17,1,7,routed,0,5,4194304,95338.19
routed_17,1,7,routed,0,6,1,4.57
routed_17,1,7,routed,0,6,2,9.13
routed_17,1,7,routed,0,6,4,18.33
routed_17,1,7,routed,0,6,8,36.45
routed_17,1,7,routed,0,6,16,73.00
routed_17,1,7,routed,0,6,32,140.48
routed_17,1,7,routed,0,6,64,275.10
routed_17,1,7,routed,0,6,128,534.23
routed_17,1,7,routed,0,6,256,526.99
routed_17,1,7,routed,0,6,512,944.03
routed_17,1,7,routed,0,6,1024,882.14
routed_17,1,7,routed,0,6,2048,1630.14
routed_17,1,7,routed,0,6,4096,3451.04
routed_17,1,7,routed,0,6,8192,2797.69
routed_17,1,7,routed,0,6,16384,5362.34
routed_17,1,7,routed,0,6,32768,10303.94
routed_17,1,7,routed,0,6,65536,18309.60
routed_17,1,7,routed,0,6,131072,30939.07
routed_17,1,7,routed,0,6,262144,47821.57
routed_17,1,7,routed,0,6,524288,65336.82
routed_17,1,7,routed,0,6,1048576,79566.64
routed_17,1,7,routed,0,6,2097152,89342.36
routed_17,1,7,routed,0,6,4194304,95362.31
routed_35,3,5,routed,0,2,1,4.58
routed_35,3,5,routed,0,2,2,9.05
routed_35,3,5,routed,0,2,4,18.04
routed_35,3,5,routed,0,2,8,36.34
routed_35,3,5,routed,0,2,16,72.36
routed_35,3,5,routed,0,2,32,139.15
routed_35,3,5,routed,0,2,64,272.91
routed_35,3,5,routed,0,2,128,520.94
routed_35,3,5,routed,0,2,256,525.78
routed_35,3,5,routed,0,2,512,936.12
routed_35,3,5,routed,0,2,1024,895.06
routed_35,3,5,routed,0,2,2048,1772.24
routed_35,3,5,routed,0,2,4096,3443.99
routed_35,3,5,routed,0,2,8192,2738.51
routed_35,3,5,routed,0,2,16384,5240.92
routed_35,3,5,routed,0,2,32768,9977.82
routed_35,3,5,routed,0,2,65536,17913.69
routed_35,3,5,routed,0,2,131072,30535.08
routed_35,3,5,routed,0,2,262144,47281.58
routed_35,3,5,routed,0,2,524288,64883.62
routed_35,3,5,routed,0,2,1048576,79207.95
routed_35,3,5,routed,0,2,2097152,89026.48
routed_35,3,5,routed,0,2,4194304,95257.34
routed_35,3,5,routed,0,3,1,4.44
routed_35,3,5,routed,0,3,2,9.07
routed_35,3,5,routed,0,3,4,18.24
routed_35,3,5,routed,0,3,8,36.46
routed_35,3,5,routed,0,3,16,73.10
routed_35,3,5,routed,0,3,32,141.61
routed_35,3,5,routed,0,3,64,276.46
routed_35,3,5,routed,0,3,128,531.86
routed_35,3,5,routed,0,3,256,529.72
routed_35,3,5,routed,0,3,512,951.01
routed_35,3,5,routed,0,3,1024,900.96
routed_35,3,5,routed,0,3,2048,1774.53
routed_35,3,5,routed,0,3,4096,3493.68
routed_35,3,5,routed,0,3,8192,2693.35
routed_35,3,5,routed,0,3,16384,5231.81
routed_35,3,5,routed,0,3,32768,9985.44
routed_35,3,5,routed,0,3,65536,17934.33
routed_35,3,5,routed,0,3,131072,30556.12
routed_35,3,5,routed,0,3,262144,47067.31
routed_35,3,5,routed,0,3,524288,64135.74
routed_35,3,5,routed,0,3,1048576,79205.61
routed_35,3,5,routed,0,3,2097152,88995.37
routed_35,3,5,routed,0,3,4194304,95294.17
routed_35,3,5,routed,0,4,1,4.78
routed_35,3,5,routed,0,4,2,9.45
routed_35,3,5,routed,0,4,4,18.85
routed_35,3,5,routed,0,4,8,37.82
routed_35,3,5,routed,0,4,16,75.69
routed_35,3,5,routed,0,4,32,146.27
routed_35,3,5,routed,0,4,64,284.70
routed_35,3,5,routed,0,4,128,547.03
routed_35,3,5,routed,0,4,256,546.53
routed_35,3,5,routed,0,4,512,974.37
routed_35,3,5,routed,0,4,1024,894.53
routed_35,3,5,routed,0,4,2048,1777.72
routed_35,3,5,routed,0,4,4096,3498.90
routed_35,3,5,routed,0,4,8192,2705.13
routed_35,3,5,routed,0,4,16384,5236.02
routed_35,3,5,routed,0,4,32768,9969.17
routed_35,3,5,routed,0,4,65536,17928.22
routed_35,3,5,routed,0,4,131072,30561.99
routed_35,3,5,routed,0,4,262144,47248.03
routed_35,3,5,routed,0,4,524288,64870.39
routed_35,3,5,routed,0,4,1048576,79199.24
routed_35,3,5,routed,0,4,2097152,89016.01
routed_35,3,5,routed,0,4,4194304,95266.87
routed_35,3,5,routed,0,5,1,4.63
routed_35,3,5,routed,0,5,2,9.12
routed_35,3,5,routed,0,5,4,18.31
routed_35,3,5,routed,0,5,8,36.80
routed_35,3,5,routed,0,5,16,72.87
routed_35,3,5,routed,0,5,32,141.24
routed_35,3,5,routed,0,5,64,274.46
routed_35,3,5,routed,0,5,128,528.89
routed_35,3,5,routed,0,5,256,534.08
routed_35,3,5,routed,0,5,512,959.95
routed_35,3,5,routed,0,5,1024,889.32
routed_35,3,5,routed,0,5,2048,1760.37
routed_35,3,5,routed,0,5,4096,3465.25
routed_35,3,5,routed,0,5,8192,2740.53
routed_35,3,5,routed,0,5,16384,5297.61
routed_35,3,5,routed,0,5,32768,10139.51
routed_35,3,5,routed,0,5,65536,17977.66
routed_35,3,5,routed,0,5,131072,30586.86
routed_35,3,5,routed,0,5,262144,47206.44
routed_35,3,5,routed,0,5,524288,64794.33
routed_35,3,5,routed,0,5,1048576,79061.21
routed_35,3,5,routed,0,5,2097152,88921.21
routed_35,3,5,routed,0,5,4194304,95095.94
routed_35,3,5,routed,0,6,1,4.56
routed_35,3,5,routed,0,6,2,9.13
routed_35,3,5,routed,0,6,4,18.33
routed_35,3,5,routed,0,6,8,36.67
routed_35,3,5,routed,0,6,16,73.28
routed_35,3,5,routed,0,6,32,142.17
routed_35,3,5,routed,0,6,64,279.37
routed_35,3,5,routed,0,6,128,540.27
routed_35,3,5,routed,0,6,256,521.39
routed_35,3,5,routed,0,6,512,944.32
routed_35,3,5,routed,0,6,1024,879.67
routed_35,3,5,routed,0,6,2048,1743.54
routed_35,3,5,routed,0,6,4096,3431.72
routed_35,3,5,routed,0,6,8192,2713.23
routed_35,3,5,routed,0,6,16384,5296.10
routed_35,3,5,routed,0,6,32768,10116.39
routed_35,3,5,routed,0,6,65536,17956.03
routed_35,3,5,routed,0,6,131072,30568.97
routed_35,3,5,routed,0,6,262144,47164.25
routed_35,3,5,routed,0,6,524288,64797.84
routed_35,3,5,routed,0,6,1048576,79020.73
routed_35,3,5,routed,0,6,2097152,88928.05
routed_35,3,5,routed,0,6,4194304,95067.43
self_GCD0,0,0,self,NA,2,1,4.51
self_GCD0,0,0,self,NA,2,2,9.01
self_GCD0,0,0,self,NA,2,4,17.94
self_GCD0,0,0,self,NA,2,8,36.13
self_GCD0,0,0,self,NA,2,16,72.23
self_GCD0,0,0,self,NA,2,32,141.06
self_GCD0,0,0,self,NA,2,64,274.38
self_GCD0,0,0,self,NA,2,128,536.76
self_GCD0,0,0,self,NA,2,256,523.71
self_GCD0,0,0,self,NA,2,512,918.90
self_GCD0,0,0,self,NA,2,1024,883.14
self_GCD0,0,0,self,NA,2,2048,1757.34
self_GCD0,0,0,self,NA,2,4096,3391.28
self_GCD0,0,0,self,NA,2,8192,1461.05
self_GCD0,0,0,self,NA,2,16384,2799.48
self_GCD0,0,0,self,NA,2,32768,5229.61
self_GCD0,0,0,self,NA,2,65536,9389.80
self_GCD0,0,0,self,NA,2,131072,15580.38
self_GCD0,0,0,self,NA,2,262144,23575.06
self_GCD0,0,0,self,NA,2,524288,32158.66
self_GCD0,0,0,self,NA,2,1048576,139653.56
self_GCD0,0,0,self,NA,2,2097152,242990.94
self_GCD0,0,0,self,NA,2,4194304,364444.98
self_GCD0,0,0,self,NA,3,1,4.65
self_GCD0,0,0,self,NA,3,2,9.16
self_GCD0,0,0,self,NA,3,4,18.34
self_GCD0,0,0,self,NA,3,8,36.62
self_GCD0,0,0,self,NA,3,16,73.11
self_GCD0,0,0,self,NA,3,32,141.97
self_GCD0,0,0,self,NA,3,64,277.12
self_GCD0,0,0,self,NA,3,128,525.37
self_GCD0,0,0,self,NA,3,256,535.37
self_GCD0,0,0,self,NA,3,512,963.96
self_GCD0,0,0,self,NA,3,1024,899.39
self_GCD0,0,0,self,NA,3,2048,1769.04
self_GCD0,0,0,self,NA,3,4096,3481.80
self_GCD0,0,0,self,NA,3,8192,1465.86
self_GCD0,0,0,self,NA,3,16384,2801.95
self_GCD0,0,0,self,NA,3,32768,5246.64
self_GCD0,0,0,self,NA,3,65536,9423.28
self_GCD0,0,0,self,NA,3,131072,15660.46
self_GCD0,0,0,self,NA,3,262144,23586.02
self_GCD0,0,0,self,NA,3,524288,32107.20
self_GCD0,0,0,self,NA,3,1048576,139289.36
self_GCD0,0,0,self,NA,3,2097152,243798.59
self_GCD0,0,0,self,NA,3,4194304,363883.28
self_GCD0,0,0,self,NA,4,1,4.62
self_GCD0,0,0,self,NA,4,2,9.11
self_GCD0,0,0,self,NA,4,4,18.23
self_GCD0,0,0,self,NA,4,8,36.47
self_GCD0,0,0,self,NA,4,16,73.03
self_GCD0,0,0,self,NA,4,32,141.14
self_GCD0,0,0,self,NA,4,64,275.31
self_GCD0,0,0,self,NA,4,128,517.76
self_GCD0,0,0,self,NA,4,256,527.83
self_GCD0,0,0,self,NA,4,512,947.42
self_GCD0,0,0,self,NA,4,1024,878.89
self_GCD0,0,0,self,NA,4,2048,1740.96
self_GCD0,0,0,self,NA,4,4096,3448.29
self_GCD0,0,0,self,NA,4,8192,1470.50
self_GCD0,0,0,self,NA,4,16384,2808.75
self_GCD0,0,0,self,NA,4,32768,5243.15
self_GCD0,0,0,self,NA,4,65536,9424.14
self_GCD0,0,0,self,NA,4,131072,15660.20
self_GCD0,0,0,self,NA,4,262144,23641.30
self_GCD0,0,0,self,NA,4,524288,32240.94
self_GCD0,0,0,self,NA,4,1048576,142028.33
self_GCD0,0,0,self,NA,4,2097152,242988.41
self_GCD0,0,0,self,NA,4,4194304,364907.97
self_GCD0,0,0,self,NA,5,1,4.59
self_GCD0,0,0,self,NA,5,2,9.09
self_GCD0,0,0,self,NA,5,4,18.23
self_GCD0,0,0,self,NA,5,8,36.40
self_GCD0,0,0,self,NA,5,16,72.93
self_GCD0,0,0,self,NA,5,32,140.27
self_GCD0,0,0,self,NA,5,64,274.88
self_GCD0,0,0,self,NA,5,128,525.54
self_GCD0,0,0,self,NA,5,256,524.46
self_GCD0,0,0,self,NA,5,512,944.87
self_GCD0,0,0,self,NA,5,1024,898.79
self_GCD0,0,0,self,NA,5,2048,1787.62
self_GCD0,0,0,self,NA,5,4096,3497.53
self_GCD0,0,0,self,NA,5,8192,1470.89
self_GCD0,0,0,self,NA,5,16384,2813.14
self_GCD0,0,0,self,NA,5,32768,5261.84
self_GCD0,0,0,self,NA,5,65536,9422.90
self_GCD0,0,0,self,NA,5,131072,15653.62
self_GCD0,0,0,self,NA,5,262144,23603.86
self_GCD0,0,0,self,NA,5,524288,32268.73
self_GCD0,0,0,self,NA,5,1048576,142113.99
self_GCD0,0,0,self,NA,5,2097152,242936.85
self_GCD0,0,0,self,NA,5,4194304,364942.78
self_GCD0,0,0,self,NA,6,1,4.57
self_GCD0,0,0,self,NA,6,2,9.11
self_GCD0,0,0,self,NA,6,4,18.24
self_GCD0,0,0,self,NA,6,8,36.52
self_GCD0,0,0,self,NA,6,16,73.08
self_GCD0,0,0,self,NA,6,32,141.93
self_GCD0,0,0,self,NA,6,64,277.36
self_GCD0,0,0,self,NA,6,128,530.85
self_GCD0,0,0,self,NA,6,256,530.75
self_GCD0,0,0,self,NA,6,512,947.08
self_GCD0,0,0,self,NA,6,1024,876.72
self_GCD0,0,0,self,NA,6,2048,1746.81
self_GCD0,0,0,self,NA,6,4096,3437.75
self_GCD0,0,0,self,NA,6,8192,1465.74
self_GCD0,0,0,self,NA,6,16384,2831.18
self_GCD0,0,0,self,NA,6,32768,5268.53
self_GCD0,0,0,self,NA,6,65536,9419.45
self_GCD0,0,0,self,NA,6,131072,15690.97
self_GCD0,0,0,self,NA,6,262144,23586.23
self_GCD0,0,0,self,NA,6,524288,32195.94
self_GCD0,0,0,self,NA,6,1048576,146522.51
self_GCD0,0,0,self,NA,6,2097152,244805.15
self_GCD0,0,0,self,NA,6,4194304,368235.14
