pair_label,gcd_a,gcd_b,tier,num_links,run,size_bytes,bandwidth_MBps
intra_pkg_OAM0,0,1,intra_pkg,4,2,1,2.60
intra_pkg_OAM0,0,1,intra_pkg,4,2,2,5.74
intra_pkg_OAM0,0,1,intra_pkg,4,2,4,10.99
intra_pkg_OAM0,0,1,intra_pkg,4,2,8,23.11
intra_pkg_OAM0,0,1,intra_pkg,4,2,16,47.53
intra_pkg_OAM0,0,1,intra_pkg,4,2,32,94.65
intra_pkg_OAM0,0,1,intra_pkg,4,2,64,171.32
intra_pkg_OAM0,0,1,intra_pkg,4,2,128,357.41
intra_pkg_OAM0,0,1,intra_pkg,4,2,256,430.99
intra_pkg_OAM0,0,1,intra_pkg,4,2,512,773.70
intra_pkg_OAM0,0,1,intra_pkg,4,2,1024,565.54
intra_pkg_OAM0,0,1,intra_pkg,4,2,2048,1130.95
intra_pkg_OAM0,0,1,intra_pkg,4,2,4096,2262.78
intra_pkg_OAM0,0,1,intra_pkg,4,2,8192,742.41
intra_pkg_OAM0,0,1,intra_pkg,4,2,16384,1474.54
intra_pkg_OAM0,0,1,intra_pkg,4,2,32768,2952.43
intra_pkg_OAM0,0,1,intra_pkg,4,2,65536,5755.33
intra_pkg_OAM0,0,1,intra_pkg,4,2,131072,11053.02
intra_pkg_OAM0,0,1,intra_pkg,4,2,262144,20665.99
intra_pkg_OAM0,0,1,intra_pkg,4,2,524288,36321.73
intra_pkg_OAM0,0,1,intra_pkg,4,2,1048576,58495.63
intra_pkg_OAM0,0,1,intra_pkg,4,2,2097152,82996.64
intra_pkg_OAM0,0,1,intra_pkg,4,2,4194304,105380.63
intra_pkg_OAM0,0,1,intra_pkg,4,3,1,3.01
intra_pkg_OAM0,0,1,intra_pkg,4,3,2,6.66
intra_pkg_OAM0,0,1,intra_pkg,4,3,4,13.41
intra_pkg_OAM0,0,1,intra_pkg,4,3,8,26.99
intra_pkg_OAM0,0,1,intra_pkg,4,3,16,55.86
intra_pkg_OAM0,0,1,intra_pkg,4,3,32,106.92
intra_pkg_OAM0,0,1,intra_pkg,4,3,64,205.86
intra_pkg_OAM0,0,1,intra_pkg,4,3,128,364.00
intra_pkg_OAM0,0,1,intra_pkg,4,3,256,442.55
intra_pkg_OAM0,0,1,intra_pkg,4,3,512,811.36
intra_pkg_OAM0,0,1,intra_pkg,4,3,1024,573.37
intra_pkg_OAM0,0,1,intra_pkg,4,3,2048,1149.90
intra_pkg_OAM0,0,1,intra_pkg,4,3,4096,2299.25
intra_pkg_OAM0,0,1,intra_pkg,4,3,8192,764.46
intra_pkg_OAM0,0,1,intra_pkg,4,3,16384,1523.89
intra_pkg_OAM0,0,1,intra_pkg,4,3,32768,3036.11
intra_pkg_OAM0,0,1,intra_pkg,4,3,65536,5935.31
intra_pkg_OAM0,0,1,intra_pkg,4,3,131072,11365.49
intra_pkg_OAM0,0,1,intra_pkg,4,3,262144,21185.23
intra_pkg_OAM0,0,1,intra_pkg,4,3,524288,37138.27
intra_pkg_OAM0,0,1,intra_pkg,4,3,1048576,59683.72
intra_pkg_OAM0,0,1,intra_pkg,4,3,2097152,84555.64
intra_pkg_OAM0,0,1,intra_pkg,4,3,4194304,105882.52
intra_pkg_OAM0,0,1,intra_pkg,4,4,1,2.64
intra_pkg_OAM0,0,1,intra_pkg,4,4,2,5.69
intra_pkg_OAM0,0,1,intra_pkg,4,4,4,11.77
intra_pkg_OAM0,0,1,intra_pkg,4,4,8,23.83
intra_pkg_OAM0,0,1,intra_pkg,4,4,16,47.60
intra_pkg_OAM0,0,1,intra_pkg,4,4,32,93.95
intra_pkg_OAM0,0,1,intra_pkg,4,4,64,184.55
intra_pkg_OAM0,0,1,intra_pkg,4,4,128,362.59
intra_pkg_OAM0,0,1,intra_pkg,4,4,256,427.52
intra_pkg_OAM0,0,1,intra_pkg,4,4,512,786.50
intra_pkg_OAM0,0,1,intra_pkg,4,4,1024,563.30
intra_pkg_OAM0,0,1,intra_pkg,4,4,2048,1128.52
intra_pkg_OAM0,0,1,intra_pkg,4,4,4096,2255.00
intra_pkg_OAM0,0,1,intra_pkg,4,4,8192,762.95
intra_pkg_OAM0,0,1,intra_pkg,4,4,16384,1521.46
intra_pkg_OAM0,0,1,intra_pkg,4,4,32768,3044.84
intra_pkg_OAM0,0,1,intra_pkg,4,4,65536,5923.65
intra_pkg_OAM0,0,1,intra_pkg,4,4,131072,11385.76
intra_pkg_OAM0,0,1,intra_pkg,4,4,262144,21174.80
intra_pkg_OAM0,0,1,intra_pkg,4,4,524288,37200.71
intra_pkg_OAM0,0,1,intra_pkg,4,4,1048576,59553.95
intra_pkg_OAM0,0,1,intra_pkg,4,4,2097152,84372.59
intra_pkg_OAM0,0,1,intra_pkg,4,4,4194304,106072.48
intra_pkg_OAM0,0,1,intra_pkg,4,5,1,2.76
intra_pkg_OAM0,0,1,intra_pkg,4,5,2,6.33
intra_pkg_OAM0,0,1,intra_pkg,4,5,4,12.42
intra_pkg_OAM0,0,1,intra_pkg,4,5,8,25.54
intra_pkg_OAM0,0,1,intra_pkg,4,5,16,48.58
intra_pkg_OAM0,0,1,intra_pkg,4,5,32,99.36
intra_pkg_OAM0,0,1,intra_pkg,4,5,64,181.18
intra_pkg_OAM0,0,1,intra_pkg,4,5,128,364.34
intra_pkg_OAM0,0,1,intra_pkg,4,5,256,421.93
intra_pkg_OAM0,0,1,intra_pkg,4,5,512,788.46
intra_pkg_OAM0,0,1,intra_pkg,4,5,1024,565.83
intra_pkg_OAM0,0,1,intra_pkg,4,5,2048,1133.40
intra_pkg_OAM0,0,1,intra_pkg,4,5,4096,2265.50
intra_pkg_OAM0,0,1,intra_pkg,4,5,8192,763.35
intra_pkg_OAM0,0,1,intra_pkg,4,5,16384,1520.89
intra_pkg_OAM0,0,1,intra_pkg,4,5,32768,3024.52
intra_pkg_OAM0,0,1,intra_pkg,4,5,65536,5906.01
intra_pkg_OAM0,0,1,intra_pkg,4,5,131072,11370.57
intra_pkg_OAM0,0,1,intra_pkg,4,5,262144,21182.30
intra_pkg_OAM0,0,1,intra_pkg,4,5,524288,37148.38
intra_pkg_OAM0,0,1,intra_pkg,4,5,1048576,59661.08
intra_pkg_OAM0,0,1,intra_pkg,4,5,2097152,84492.74
intra_pkg_OAM0,0,1,intra_pkg,4,5,4194304,106376.69
intra_pkg_OAM0,0,1,intra_pkg,4,6,1,2.68
intra_pkg_OAM0,0,1,intra_pkg,4,6,2,5.71
intra_pkg_OAM0,0,1,intra_pkg,4,6,4,11.94
intra_pkg_OAM0,0,1,intra_pkg,4,6,8,23.84
intra_pkg_OAM0,0,1,intra_pkg,4,6,16,48.85
intra_pkg_OAM0,0,1,intra_pkg,4,6,32,92.67
intra_pkg_OAM0,0,1,intra_pkg,4,6,64,168.28
intra_pkg_OAM0,0,1,intra_pkg,4,6,128,287.10
intra_pkg_OAM0,0,1,intra_pkg,4,6,256,430.56
intra_pkg_OAM0,0,1,intra_pkg,4,6,512,781.24
intra_pkg_OAM0,0,1,intra_pkg,4,6,1024,568.40
intra_pkg_OAM0,0,1,intra_pkg,4,6,2048,1137.09
intra_pkg_OAM0,0,1,intra_pkg,4,6,4096,2271.09
intra_pkg_OAM0,0,1,intra_pkg,4,6,8192,739.79
intra_pkg_OAM0,0,1,intra_pkg,4,6,16384,1475.71
intra_pkg_OAM0,0,1,intra_pkg,4,6,32768,2945.61
intra_pkg_OAM0,0,1,intra_pkg,4,6,65536,5739.25
intra_pkg_OAM0,0,1,intra_pkg,4,6,131072,11020.48
intra_pkg_OAM0,0,1,intra_pkg,4,6,262144,20626.96
intra_pkg_OAM0,0,1,intra_pkg,4,6,524288,36261.09
intra_pkg_OAM0,0,1,intra_pkg,4,6,1048576,58492.36
intra_pkg_OAM0,0,1,intra_pkg,4,6,2097152,83237.69
intra_pkg_OAM0,0,1,intra_pkg,4,6,4194304,105354.10
intra_pkg_OAM1,2,3,intra_pkg,4,2,1,2.67
intra_pkg_OAM1,2,3,intra_pkg,4,2,2,5.99
intra_pkg_OAM1,2,3,intra_pkg,4,2,4,14.77
intra_pkg_OAM1,2,3,intra_pkg,4,2,8,24.30
intra_pkg_OAM1,2,3,intra_pkg,4,2,16,49.00
intra_pkg_OAM1,2,3,intra_pkg,4,2,32,93.69
intra_pkg_OAM1,2,3,intra_pkg,4,2,64,185.87
intra_pkg_OAM1,2,3,intra_pkg,4,2,128,328.00
intra_pkg_OAM1,2,3,intra_pkg,4,2,256,427.80
intra_pkg_OAM1,2,3,intra_pkg,4,2,512,785.48
intra_pkg_OAM1,2,3,intra_pkg,4,2,1024,567.73
intra_pkg_OAM1,2,3,intra_pkg,4,2,2048,1146.57
intra_pkg_OAM1,2,3,intra_pkg,4,2,4096,2278.85
intra_pkg_OAM1,2,3,intra_pkg,4,2,8192,732.84
intra_pkg_OAM1,2,3,intra_pkg,4,2,16384,1461.51
intra_pkg_OAM1,2,3,intra_pkg,4,2,32768,2924.32
intra_pkg_OAM1,2,3,intra_pkg,4,2,65536,5690.74
intra_pkg_OAM1,2,3,intra_pkg,4,2,131072,10955.14
intra_pkg_OAM1,2,3,intra_pkg,4,2,262144,20498.00
intra_pkg_OAM1,2,3,intra_pkg,4,2,524288,36075.57
intra_pkg_OAM1,2,3,intra_pkg,4,2,1048576,57670.43
intra_pkg_OAM1,2,3,intra_pkg,4,2,2097152,82805.90
intra_pkg_OAM1,2,3,intra_pkg,4,2,4194304,104597.09
intra_pkg_OAM1,2,3,intra_pkg,4,3,1,2.68
intra_pkg_OAM1,2,3,intra_pkg,4,3,2,5.87
intra_pkg_OAM1,2,3,intra_pkg,4,3,4,12.11
intra_pkg_OAM1,2,3,intra_pkg,4,3,8,24.19
intra_pkg_OAM1,2,3,intra_pkg,4,3,16,49.21
intra_pkg_OAM1,2,3,intra_pkg,4,3,32,94.64
intra_pkg_OAM1,2,3,intra_pkg,4,3,64,186.70
intra_pkg_OAM1,2,3,intra_pkg,4,3,128,349.42
intra_pkg_OAM1,2,3,intra_pkg,4,3,256,428.46
intra_pkg_OAM1,2,3,intra_pkg,4,3,512,778.89
intra_pkg_OAM1,2,3,intra_pkg,4,3,1024,568.36
intra_pkg_OAM1,2,3,intra_pkg,4,3,2048,1141.40
intra_pkg_OAM1,2,3,intra_pkg,4,3,4096,2275.67
intra_pkg_OAM1,2,3,intra_pkg,4,3,8192,734.03
intra_pkg_OAM1,2,3,intra_pkg,4,3,16384,1456.10
intra_pkg_OAM1,2,3,intra_pkg,4,3,32768,2919.68
intra_pkg_OAM1,2,3,intra_pkg,4,3,65536,5695.34
intra_pkg_OAM1,2,3,intra_pkg,4,3,131072,10966.53
intra_pkg_OAM1,2,3,intra_pkg,4,3,262144,20499.39
intra_pkg_OAM1,2,3,intra_pkg,4,3,524288,36000.94
intra_pkg_OAM1,2,3,intra_pkg,4,3,1048576,58032.70
intra_pkg_OAM1,2,3,intra_pkg,4,3,2097152,82870.10
intra_pkg_OAM1,2,3,intra_pkg,4,3,4194304,105072.02
intra_pkg_OAM1,2,3,intra_pkg,4,4,1,2.60
intra_pkg_OAM1,2,3,intra_pkg,4,4,2,5.84
intra_pkg_OAM1,2,3,intra_pkg,4,4,4,11.61
intra_pkg_OAM1,2,3,intra_pkg,4,4,8,23.28
intra_pkg_OAM1,2,3,intra_pkg,4,4,16,46.71
intra_pkg_OAM1,2,3,intra_pkg,4,4,32,92.25
intra_pkg_OAM1,2,3,intra_pkg,4,4,64,190.80
intra_pkg_OAM1,2,3,intra_pkg,4,4,128,388.02
intra_pkg_OAM1,2,3,intra_pkg,4,4,256,430.15
intra_pkg_OAM1,2,3,intra_pkg,4,4,512,775.23
intra_pkg_OAM1,2,3,intra_pkg,4,4,1024,567.14
intra_pkg_OAM1,2,3,intra_pkg,4,4,2048,1127.36
intra_pkg_OAM1,2,3,intra_pkg,4,4,4096,2256.23
intra_pkg_OAM1,2,3,intra_pkg,4,4,8192,734.58
intra_pkg_OAM1,2,3,intra_pkg,4,4,16384,1459.05
intra_pkg_OAM1,2,3,intra_pkg,4,4,32768,2920.51
intra_pkg_OAM1,2,3,intra_pkg,4,4,65536,5624.29
intra_pkg_OAM1,2,3,intra_pkg,4,4,131072,10953.50
intra_pkg_OAM1,2,3,intra_pkg,4,4,262144,20469.75
intra_pkg_OAM1,2,3,intra_pkg,4,4,524288,35973.88
intra_pkg_OAM1,2,3,intra_pkg,4,4,1048576,57812.20
intra_pkg_OAM1,2,3,intra_pkg,4,4,2097152,82512.64
intra_pkg_OAM1,2,3,intra_pkg,4,4,4194304,105006.38
intra_pkg_OAM1,2,3,intra_pkg,4,5,1,2.67
intra_pkg_OAM1,2,3,intra_pkg,4,5,2,5.86
intra_pkg_OAM1,2,3,intra_pkg,4,5,4,12.00
intra_pkg_OAM1,2,3,intra_pkg,4,5,8,24.00
intra_pkg_OAM1,2,3,intra_pkg,4,5,16,48.14
intra_pkg_OAM1,2,3,intra_pkg,4,5,32,95.58
intra_pkg_OAM1,2,3,intra_pkg,4,5,64,201.28
intra_pkg_OAM1,2,3,intra_pkg,4,5,128,324.22
intra_pkg_OAM1,2,3,intra_pkg,4,5,256,430.27
intra_pkg_OAM1,2,3,intra_pkg,4,5,512,781.46
intra_pkg_OAM1,2,3,intra_pkg,4,5,1024,565.75
intra_pkg_OAM1,2,3,intra_pkg,4,5,2048,1135.28
intra_pkg_OAM1,2,3,intra_pkg,4,5,4096,2276.27
intra_pkg_OAM1,2,3,intra_pkg,4,5,8192,734.18
intra_pkg_OAM1,2,3,intra_pkg,4,5,16384,1459.71
intra_pkg_OAM1,2,3,intra_pkg,4,5,32768,2923.27
intra_pkg_OAM1,2,3,intra_pkg,4,5,65536,5710.99
intra_pkg_OAM1,2,3,intra_pkg,4,5,131072,10963.12
intra_pkg_OAM1,2,3,intra_pkg,4,5,262144,20489.44
intra_pkg_OAM1,2,3,intra_pkg,4,5,524288,36059.65
intra_pkg_OAM1,2,3,intra_pkg,4,5,1048576,58158.22
intra_pkg_OAM1,2,3,intra_pkg,4,5,2097152,82746.25
intra_pkg_OAM1,2,3,intra_pkg,4,5,4194304,105096.40
intra_pkg_OAM1,2,3,intra_pkg,4,6,1,2.67
intra_pkg_OAM1,2,3,intra_pkg,4,6,2,5.88
intra_pkg_OAM1,2,3,intra_pkg,4,6,4,12.11
intra_pkg_OAM1,2,3,intra_pkg,4,6,8,24.06
intra_pkg_OAM1,2,3,intra_pkg,4,6,16,49.36
intra_pkg_OAM1,2,3,intra_pkg,4,6,32,94.84
intra_pkg_OAM1,2,3,intra_pkg,4,6,64,188.85
intra_pkg_OAM1,2,3,intra_pkg,4,6,128,320.94
intra_pkg_OAM1,2,3,intra_pkg,4,6,256,427.68
intra_pkg_OAM1,2,3,intra_pkg,4,6,512,779.88
intra_pkg_OAM1,2,3,intra_pkg,4,6,1024,575.76
intra_pkg_OAM1,2,3,intra_pkg,4,6,2048,1156.48
intra_pkg_OAM1,2,3,intra_pkg,4,6,4096,2306.77
intra_pkg_OAM1,2,3,intra_pkg,4,6,8192,731.49
intra_pkg_OAM1,2,3,intra_pkg,4,6,16384,1458.54
intra_pkg_OAM1,2,3,intra_pkg,4,6,32768,2917.92
intra_pkg_OAM1,2,3,intra_pkg,4,6,65536,5677.57
intra_pkg_OAM1,2,3,intra_pkg,4,6,131072,10958.13
intra_pkg_OAM1,2,3,intra_pkg,4,6,262144,20477.33
intra_pkg_OAM1,2,3,intra_pkg,4,6,524288,36028.61
intra_pkg_OAM1,2,3,intra_pkg,4,6,1048576,58052.94
intra_pkg_OAM1,2,3,intra_pkg,4,6,2097152,82716.42
intra_pkg_OAM1,2,3,intra_pkg,4,6,4194304,104985.46
intra_pkg_OAM2,4,5,intra_pkg,4,2,1,2.75
intra_pkg_OAM2,4,5,intra_pkg,4,2,2,6.18
intra_pkg_OAM2,4,5,intra_pkg,4,2,4,12.28
intra_pkg_OAM2,4,5,intra_pkg,4,2,8,24.53
intra_pkg_OAM2,4,5,intra_pkg,4,2,16,50.32
intra_pkg_OAM2,4,5,intra_pkg,4,2,32,97.60
intra_pkg_OAM2,4,5,intra_pkg,4,2,64,191.32
intra_pkg_OAM2,4,5,intra_pkg,4,2,128,355.81
intra_pkg_OAM2,4,5,intra_pkg,4,2,256,430.07
intra_pkg_OAM2,4,5,intra_pkg,4,2,512,784.57
intra_pkg_OAM2,4,5,intra_pkg,4,2,1024,567.86
intra_pkg_OAM2,4,5,intra_pkg,4,2,2048,1137.10
intra_pkg_OAM2,4,5,intra_pkg,4,2,4096,2280.73
intra_pkg_OAM2,4,5,intra_pkg,4,2,8192,740.83
intra_pkg_OAM2,4,5,intra_pkg,4,2,16384,1473.88
intra_pkg_OAM2,4,5,intra_pkg,4,2,32768,2963.59
intra_pkg_OAM2,4,5,intra_pkg,4,2,65536,5780.36
intra_pkg_OAM2,4,5,intra_pkg,4,2,131072,11061.58
intra_pkg_OAM2,4,5,intra_pkg,4,2,262144,20653.21
intra_pkg_OAM2,4,5,intra_pkg,4,2,524288,36299.55
intra_pkg_OAM2,4,5,intra_pkg,4,2,1048576,58577.95
intra_pkg_OAM2,4,5,intra_pkg,4,2,2097152,83070.37
intra_pkg_OAM2,4,5,intra_pkg,4,2,4194304,105569.83
intra_pkg_OAM2,4,5,intra_pkg,4,3,1,2.62
intra_pkg_OAM2,4,5,intra_pkg,4,3,2,5.89
intra_pkg_OAM2,4,5,intra_pkg,4,3,4,11.82
intra_pkg_OAM2,4,5,intra_pkg,4,3,8,23.74
intra_pkg_OAM2,4,5,intra_pkg,4,3,16,49.31
intra_pkg_OAM2,4,5,intra_pkg,4,3,32,96.30
intra_pkg_OAM2,4,5,intra_pkg,4,3,64,189.77
intra_pkg_OAM2,4,5,intra_pkg,4,3,128,355.24
intra_pkg_OAM2,4,5,intra_pkg,4,3,256,434.77
intra_pkg_OAM2,4,5,intra_pkg,4,3,512,778.82
intra_pkg_OAM2,4,5,intra_pkg,4,3,1024,572.05
intra_pkg_OAM2,4,5,intra_pkg,4,3,2048,1143.84
intra_pkg_OAM2,4,5,intra_pkg,4,3,4096,2287.24
intra_pkg_OAM2,4,5,intra_pkg,4,3,8192,740.11
intra_pkg_OAM2,4,5,intra_pkg,4,3,16384,1479.97
intra_pkg_OAM2,4,5,intra_pkg,4,3,32768,2953.81
intra_pkg_OAM2,4,5,intra_pkg,4,3,65536,5765.62
intra_pkg_OAM2,4,5,intra_pkg,4,3,131072,11056.57
intra_pkg_OAM2,4,5,intra_pkg,4,3,262144,20678.40
intra_pkg_OAM2,4,5,intra_pkg,4,3,524288,36282.58
intra_pkg_OAM2,4,5,intra_pkg,4,3,1048576,58600.78
intra_pkg_OAM2,4,5,intra_pkg,4,3,2097152,83158.79
intra_pkg_OAM2,4,5,intra_pkg,4,3,4194304,105349.86
intra_pkg_OAM2,4,5,intra_pkg,4,4,1,3.01
intra_pkg_OAM2,4,5,intra_pkg,4,4,2,6.66
intra_pkg_OAM2,4,5,intra_pkg,4,4,4,13.19
intra_pkg_OAM2,4,5,intra_pkg,4,4,8,27.24
intra_pkg_OAM2,4,5,intra_pkg,4,4,16,54.13
intra_pkg_OAM2,4,5,intra_pkg,4,4,32,107.58
intra_pkg_OAM2,4,5,intra_pkg,4,4,64,198.65
intra_pkg_OAM2,4,5,intra_pkg,4,4,128,364.27
intra_pkg_OAM2,4,5,intra_pkg,4,4,256,437.83
intra_pkg_OAM2,4,5,intra_pkg,4,4,512,807.45
intra_pkg_OAM2,4,5,intra_pkg,4,4,1024,572.09
intra_pkg_OAM2,4,5,intra_pkg,4,4,2048,1145.40
intra_pkg_OAM2,4,5,intra_pkg,4,4,4096,2296.71
intra_pkg_OAM2,4,5,intra_pkg,4,4,8192,751.06
intra_pkg_OAM2,4,5,intra_pkg,4,4,16384,1491.35
intra_pkg_OAM2,4,5,intra_pkg,4,4,32768,2993.98
intra_pkg_OAM2,4,5,intra_pkg,4,4,65536,5842.52
intra_pkg_OAM2,4,5,intra_pkg,4,4,131072,11207.62
intra_pkg_OAM2,4,5,intra_pkg,4,4,262144,20871.08
intra_pkg_OAM2,4,5,intra_pkg,4,4,524288,36736.10
intra_pkg_OAM2,4,5,intra_pkg,4,4,1048576,59065.85
intra_pkg_OAM2,4,5,intra_pkg,4,4,2097152,83689.90
intra_pkg_OAM2,4,5,intra_pkg,4,4,4194304,105654.32
intra_pkg_OAM2,4,5,intra_pkg,4,5,1,2.73
intra_pkg_OAM2,4,5,intra_pkg,4,5,2,6.11
intra_pkg_OAM2,4,5,intra_pkg,4,5,4,12.34
intra_pkg_OAM2,4,5,intra_pkg,4,5,8,24.96
intra_pkg_OAM2,4,5,intra_pkg,4,5,16,50.60
intra_pkg_OAM2,4,5,intra_pkg,4,5,32,98.12
intra_pkg_OAM2,4,5,intra_pkg,4,5,64,168.32
intra_pkg_OAM2,4,5,intra_pkg,4,5,128,342.42
intra_pkg_OAM2,4,5,intra_pkg,4,5,256,429.65
intra_pkg_OAM2,4,5,intra_pkg,4,5,512,784.17
intra_pkg_OAM2,4,5,intra_pkg,4,5,1024,551.33
intra_pkg_OAM2,4,5,intra_pkg,4,5,2048,1121.18
intra_pkg_OAM2,4,5,intra_pkg,4,5,4096,2245.96
intra_pkg_OAM2,4,5,intra_pkg,4,5,8192,723.19
intra_pkg_OAM2,4,5,intra_pkg,4,5,16384,1436.61
intra_pkg_OAM2,4,5,intra_pkg,4,5,32768,2875.34
intra_pkg_OAM2,4,5,intra_pkg,4,5,65536,5625.07
intra_pkg_OAM2,4,5,intra_pkg,4,5,131072,10810.49
intra_pkg_OAM2,4,5,intra_pkg,4,5,262144,20133.88
intra_pkg_OAM2,4,5,intra_pkg,4,5,524288,35574.29
intra_pkg_OAM2,4,5,intra_pkg,4,5,1048576,57566.32
intra_pkg_OAM2,4,5,intra_pkg,4,5,2097152,82485.59
intra_pkg_OAM2,4,5,intra_pkg,4,5,4194304,104606.68
intra_pkg_OAM2,4,5,intra_pkg,4,6,1,2.92
intra_pkg_OAM2,4,5,intra_pkg,4,6,2,6.48
intra_pkg_OAM2,4,5,intra_pkg,4,6,4,16.20
intra_pkg_OAM2,4,5,intra_pkg,4,6,8,26.92
intra_pkg_OAM2,4,5,intra_pkg,4,6,16,53.64
intra_pkg_OAM2,4,5,intra_pkg,4,6,32,104.24
intra_pkg_OAM2,4,5,intra_pkg,4,6,64,199.81
intra_pkg_OAM2,4,5,intra_pkg,4,6,128,345.13
intra_pkg_OAM2,4,5,intra_pkg,4,6,256,442.49
intra_pkg_OAM2,4,5,intra_pkg,4,6,512,805.42
intra_pkg_OAM2,4,5,intra_pkg,4,6,1024,559.59
intra_pkg_OAM2,4,5,intra_pkg,4,6,2048,1125.95
intra_pkg_OAM2,4,5,intra_pkg,4,6,4096,2249.19
intra_pkg_OAM2,4,5,intra_pkg,4,6,8192,751.91
intra_pkg_OAM2,4,5,intra_pkg,4,6,16384,1497.79
intra_pkg_OAM2,4,5,intra_pkg,4,6,32768,2989.60
intra_pkg_OAM2,4,5,intra_pkg,4,6,65536,5814.79
intra_pkg_OAM2,4,5,intra_pkg,4,6,131072,11191.34
intra_pkg_OAM2,4,5,intra_pkg,4,6,262144,20820.91
intra_pkg_OAM2,4,5,intra_pkg,4,6,524288,36624.59
intra_pkg_OAM2,4,5,intra_pkg,4,6,1048576,59080.89
intra_pkg_OAM2,4,5,intra_pkg,4,6,2097152,83970.62
intra_pkg_OAM2,4,5,intra_pkg,4,6,4194304,106039.44
intra_pkg_OAM3,6,7,intra_pkg,4,2,1,2.66
intra_pkg_OAM3,6,7,intra_pkg,4,2,2,5.99
intra_pkg_OAM3,6,7,intra_pkg,4,2,4,12.03
intra_pkg_OAM3,6,7,intra_pkg,4,2,8,24.16
intra_pkg_OAM3,6,7,intra_pkg,4,2,16,49.30
intra_pkg_OAM3,6,7,intra_pkg,4,2,32,95.17
intra_pkg_OAM3,6,7,intra_pkg,4,2,64,183.63
intra_pkg_OAM3,6,7,intra_pkg,4,2,128,345.09
intra_pkg_OAM3,6,7,intra_pkg,4,2,256,428.52
intra_pkg_OAM3,6,7,intra_pkg,4,2,512,789.82
intra_pkg_OAM3,6,7,intra_pkg,4,2,1024,571.82
intra_pkg_OAM3,6,7,intra_pkg,4,2,2048,1140.02
intra_pkg_OAM3,6,7,intra_pkg,4,2,4096,2280.87
intra_pkg_OAM3,6,7,intra_pkg,4,2,8192,763.93
intra_pkg_OAM3,6,7,intra_pkg,4,2,16384,1519.45
intra_pkg_OAM3,6,7,intra_pkg,4,2,32768,3039.77
intra_pkg_OAM3,6,7,intra_pkg,4,2,65536,5926.10
intra_pkg_OAM3,6,7,intra_pkg,4,2,131072,11388.03
intra_pkg_OAM3,6,7,intra_pkg,4,2,262144,21191.21
intra_pkg_OAM3,6,7,intra_pkg,4,2,524288,37171.68
intra_pkg_OAM3,6,7,intra_pkg,4,2,1048576,59759.40
intra_pkg_OAM3,6,7,intra_pkg,4,2,2097152,84394.01
intra_pkg_OAM3,6,7,intra_pkg,4,2,4194304,106269.68
intra_pkg_OAM3,6,7,intra_pkg,4,3,1,2.78
intra_pkg_OAM3,6,7,intra_pkg,4,3,2,6.27
intra_pkg_OAM3,6,7,intra_pkg,4,3,4,14.17
intra_pkg_OAM3,6,7,intra_pkg,4,3,8,26.37
intra_pkg_OAM3,6,7,intra_pkg,4,3,16,50.39
intra_pkg_OAM3,6,7,intra_pkg,4,3,32,108.76
intra_pkg_OAM3,6,7,intra_pkg,4,3,64,195.34
intra_pkg_OAM3,6,7,intra_pkg,4,3,128,388.99
intra_pkg_OAM3,6,7,intra_pkg,4,3,256,438.12
intra_pkg_OAM3,6,7,intra_pkg,4,3,512,797.30
intra_pkg_OAM3,6,7,intra_pkg,4,3,1024,560.51
intra_pkg_OAM3,6,7,intra_pkg,4,3,2048,1124.49
intra_pkg_OAM3,6,7,intra_pkg,4,3,4096,2250.23
intra_pkg_OAM3,6,7,intra_pkg,4,3,8192,767.40
intra_pkg_OAM3,6,7,intra_pkg,4,3,16384,1528.73
intra_pkg_OAM3,6,7,intra_pkg,4,3,32768,3065.34
intra_pkg_OAM3,6,7,intra_pkg,4,3,65536,5960.00
intra_pkg_OAM3,6,7,intra_pkg,4,3,131072,11450.39
intra_pkg_OAM3,6,7,intra_pkg,4,3,262144,21258.94
intra_pkg_OAM3,6,7,intra_pkg,4,3,524288,37347.67
intra_pkg_OAM3,6,7,intra_pkg,4,3,1048576,59875.30
intra_pkg_OAM3,6,7,intra_pkg,4,3,2097152,84655.43
intra_pkg_OAM3,6,7,intra_pkg,4,3,4194304,106218.62
intra_pkg_OAM3,6,7,intra_pkg,4,4,1,2.81
intra_pkg_OAM3,6,7,intra_pkg,4,4,2,6.21
intra_pkg_OAM3,6,7,intra_pkg,4,4,4,12.22
intra_pkg_OAM3,6,7,intra_pkg,4,4,8,24.74
intra_pkg_OAM3,6,7,intra_pkg,4,4,16,49.82
intra_pkg_OAM3,6,7,intra_pkg,4,4,32,97.85
intra_pkg_OAM3,6,7,intra_pkg,4,4,64,192.65
intra_pkg_OAM3,6,7,intra_pkg,4,4,128,355.00
intra_pkg_OAM3,6,7,intra_pkg,4,4,256,424.71
intra_pkg_OAM3,6,7,intra_pkg,4,4,512,773.67
intra_pkg_OAM3,6,7,intra_pkg,4,4,1024,564.69
intra_pkg_OAM3,6,7,intra_pkg,4,4,2048,1131.16
intra_pkg_OAM3,6,7,intra_pkg,4,4,4096,2270.54
intra_pkg_OAM3,6,7,intra_pkg,4,4,8192,742.61
intra_pkg_OAM3,6,7,intra_pkg,4,4,16384,1475.30
intra_pkg_OAM3,6,7,intra_pkg,4,4,32768,2952.28
intra_pkg_OAM3,6,7,intra_pkg,4,4,65536,5748.10
intra_pkg_OAM3,6,7,intra_pkg,4,4,131072,11085.91
intra_pkg_OAM3,6,7,intra_pkg,4,4,262144,20677.01
intra_pkg_OAM3,6,7,intra_pkg,4,4,524288,36345.09
intra_pkg_OAM3,6,7,intra_pkg,4,4,1048576,58594.19
intra_pkg_OAM3,6,7,intra_pkg,4,4,2097152,83034.56
intra_pkg_OAM3,6,7,intra_pkg,4,4,4194304,105065.57
intra_pkg_OAM3,6,7,intra_pkg,4,5,1,2.98
intra_pkg_OAM3,6,7,intra_pkg,4,5,2,6.49
intra_pkg_OAM3,6,7,intra_pkg,4,5,4,13.31
intra_pkg_OAM3,6,7,intra_pkg,4,5,8,26.51
intra_pkg_OAM3,6,7,intra_pkg,4,5,16,54.15
intra_pkg_OAM3,6,7,intra_pkg,4,5,32,105.97
intra_pkg_OAM3,6,7,intra_pkg,4,5,64,203.76
intra_pkg_OAM3,6,7,intra_pkg,4,5,128,361.72
intra_pkg_OAM3,6,7,intra_pkg,4,5,256,440.45
intra_pkg_OAM3,6,7,intra_pkg,4,5,512,808.37
intra_pkg_OAM3,6,7,intra_pkg,4,5,1024,565.98
intra_pkg_OAM3,6,7,intra_pkg,4,5,2048,1134.33
intra_pkg_OAM3,6,7,intra_pkg,4,5,4096,2268.89
intra_pkg_OAM3,6,7,intra_pkg,4,5,8192,769.10
intra_pkg_OAM3,6,7,intra_pkg,4,5,16384,1534.23
intra_pkg_OAM3,6,7,intra_pkg,4,5,32768,3064.22
intra_pkg_OAM3,6,7,intra_pkg,4,5,65536,5960.80
intra_pkg_OAM3,6,7,intra_pkg,4,5,131072,11426.70
intra_pkg_OAM3,6,7,intra_pkg,4,5,262144,21295.27
intra_pkg_OAM3,6,7,intra_pkg,4,5,524288,37329.36
intra_pkg_OAM3,6,7,intra_pkg,4,5,1048576,59955.31
intra_pkg_OAM3,6,7,intra_pkg,4,5,2097152,84694.21
intra_pkg_OAM3,6,7,intra_pkg,4,5,4194304,106046.89
intra_pkg_OAM3,6,7,intra_pkg,4,6,1,2.75
intra_pkg_OAM3,6,7,intra_pkg,4,6,2,6.17
intra_pkg_OAM3,6,7,intra_pkg,4,6,4,14.93
intra_pkg_OAM3,6,7,intra_pkg,4,6,8,25.14
intra_pkg_OAM3,6,7,intra_pkg,4,6,16,50.02
intra_pkg_OAM3,6,7,intra_pkg,4,6,32,98.74
intra_pkg_OAM3,6,7,intra_pkg,4,6,64,171.58
intra_pkg_OAM3,6,7,intra_pkg,4,6,128,338.22
intra_pkg_OAM3,6,7,intra_pkg,4,6,256,432.80
intra_pkg_OAM3,6,7,intra_pkg,4,6,512,774.68
intra_pkg_OAM3,6,7,intra_pkg,4,6,1024,566.77
intra_pkg_OAM3,6,7,intra_pkg,4,6,2048,1135.14
intra_pkg_OAM3,6,7,intra_pkg,4,6,4096,2266.19
intra_pkg_OAM3,6,7,intra_pkg,4,6,8192,763.76
intra_pkg_OAM3,6,7,intra_pkg,4,6,16384,1521.79
intra_pkg_OAM3,6,7,intra_pkg,4,6,32768,3047.16
intra_pkg_OAM3,6,7,intra_pkg,4,6,65536,5910.76
intra_pkg_OAM3,6,7,intra_pkg,4,6,131072,11397.52
intra_pkg_OAM3,6,7,intra_pkg,4,6,262144,21213.00
intra_pkg_OAM3,6,7,intra_pkg,4,6,524288,37207.98
intra_pkg_OAM3,6,7,intra_pkg,4,6,1048576,59721.88
intra_pkg_OAM3,6,7,intra_pkg,4,6,2097152,84543.58
intra_pkg_OAM3,6,7,intra_pkg,4,6,4194304,106226.60
inter_pkg_2link_06,0,6,inter_pkg_2link,2,2,1,2.69
inter_pkg_2link_06,0,6,inter_pkg_2link,2,2,2,5.87
inter_pkg_2link_06,0,6,inter_pkg_2link,2,2,4,12.02
inter_pkg_2link_06,0,6,inter_pkg_2link,2,2,8,25.05
inter_pkg_2link_06,0,6,inter_pkg_2link,2,2,16,49.36
inter_pkg_2link_06,0,6,inter_pkg_2link,2,2,32,97.92
inter_pkg_2link_06,0,6,inter_pkg_2link,2,2,64,183.95
inter_pkg_2link_06,0,6,inter_pkg_2link,2,2,128,343.93
inter_pkg_2link_06,0,6,inter_pkg_2link,2,2,256,430.22
inter_pkg_2link_06,0,6,inter_pkg_2link,2,2,512,788.99
inter_pkg_2link_06,0,6,inter_pkg_2link,2,2,1024,570.96
inter_pkg_2link_06,0,6,inter_pkg_2link,2,2,2048,1143.87
inter_pkg_2link_06,0,6,inter_pkg_2link,2,2,4096,2288.90
inter_pkg_2link_06,0,6,inter_pkg_2link,2,2,8192,1019.27
inter_pkg_2link_06,0,6,inter_pkg_2link,2,2,16384,2037.91
inter_pkg_2link_06,0,6,inter_pkg_2link,2,2,32768,3966.20
inter_pkg_2link_06,0,6,inter_pkg_2link,2,2,65536,7593.57
inter_pkg_2link_06,0,6,inter_pkg_2link,2,2,131072,14188.45
inter_pkg_2link_06,0,6,inter_pkg_2link,2,2,262144,23412.87
inter_pkg_2link_06,0,6,inter_pkg_2link,2,2,524288,36840.90
inter_pkg_2link_06,0,6,inter_pkg_2link,2,2,1048576,47836.59
inter_pkg_2link_06,0,6,inter_pkg_2link,2,2,2097152,55343.42
inter_pkg_2link_06,0,6,inter_pkg_2link,2,2,4194304,60650.35
inter_pkg_2link_06,0,6,inter_pkg_2link,2,3,1,2.79
inter_pkg_2link_06,0,6,inter_pkg_2link,2,3,2,6.25
inter_pkg_2link_06,0,6,inter_pkg_2link,2,3,4,12.54
inter_pkg_2link_06,0,6,inter_pkg_2link,2,3,8,24.98
inter_pkg_2link_06,0,6,inter_pkg_2link,2,3,16,49.82
inter_pkg_2link_06,0,6,inter_pkg_2link,2,3,32,98.53
inter_pkg_2link_06,0,6,inter_pkg_2link,2,3,64,185.98
inter_pkg_2link_06,0,6,inter_pkg_2link,2,3,128,336.02
inter_pkg_2link_06,0,6,inter_pkg_2link,2,3,256,430.67
inter_pkg_2link_06,0,6,inter_pkg_2link,2,3,512,789.02
inter_pkg_2link_06,0,6,inter_pkg_2link,2,3,1024,574.51
inter_pkg_2link_06,0,6,inter_pkg_2link,2,3,2048,1146.79
inter_pkg_2link_06,0,6,inter_pkg_2link,2,3,4096,2296.64
inter_pkg_2link_06,0,6,inter_pkg_2link,2,3,8192,1019.55
inter_pkg_2link_06,0,6,inter_pkg_2link,2,3,16384,2039.87
inter_pkg_2link_06,0,6,inter_pkg_2link,2,3,32768,3966.49
inter_pkg_2link_06,0,6,inter_pkg_2link,2,3,65536,7601.66
inter_pkg_2link_06,0,6,inter_pkg_2link,2,3,131072,14229.35
inter_pkg_2link_06,0,6,inter_pkg_2link,2,3,262144,23452.89
inter_pkg_2link_06,0,6,inter_pkg_2link,2,3,524288,36855.71
inter_pkg_2link_06,0,6,inter_pkg_2link,2,3,1048576,47860.79
inter_pkg_2link_06,0,6,inter_pkg_2link,2,3,2097152,55547.06
inter_pkg_2link_06,0,6,inter_pkg_2link,2,3,4194304,60625.57
inter_pkg_2link_06,0,6,inter_pkg_2link,2,4,1,2.70
inter_pkg_2link_06,0,6,inter_pkg_2link,2,4,2,6.11
inter_pkg_2link_06,0,6,inter_pkg_2link,2,4,4,12.08
inter_pkg_2link_06,0,6,inter_pkg_2link,2,4,8,24.45
inter_pkg_2link_06,0,6,inter_pkg_2link,2,4,16,48.89
inter_pkg_2link_06,0,6,inter_pkg_2link,2,4,32,94.40
inter_pkg_2link_06,0,6,inter_pkg_2link,2,4,64,193.42
inter_pkg_2link_06,0,6,inter_pkg_2link,2,4,128,312.54
inter_pkg_2link_06,0,6,inter_pkg_2link,2,4,256,428.57
inter_pkg_2link_06,0,6,inter_pkg_2link,2,4,512,769.65
inter_pkg_2link_06,0,6,inter_pkg_2link,2,4,1024,566.34
inter_pkg_2link_06,0,6,inter_pkg_2link,2,4,2048,1127.83
inter_pkg_2link_06,0,6,inter_pkg_2link,2,4,4096,2267.12
inter_pkg_2link_06,0,6,inter_pkg_2link,2,4,8192,1019.01
inter_pkg_2link_06,0,6,inter_pkg_2link,2,4,16384,2036.66
inter_pkg_2link_06,0,6,inter_pkg_2link,2,4,32768,3962.51
inter_pkg_2link_06,0,6,inter_pkg_2link,2,4,65536,7589.68
inter_pkg_2link_06,0,6,inter_pkg_2link,2,4,131072,14227.15
inter_pkg_2link_06,0,6,inter_pkg_2link,2,4,262144,23446.80
inter_pkg_2link_06,0,6,inter_pkg_2link,2,4,524288,36855.70
inter_pkg_2link_06,0,6,inter_pkg_2link,2,4,1048576,47870.61
inter_pkg_2link_06,0,6,inter_pkg_2link,2,4,2097152,55525.62
inter_pkg_2link_06,0,6,inter_pkg_2link,2,4,4194304,60660.20
inter_pkg_2link_06,0,6,inter_pkg_2link,2,5,1,2.81
inter_pkg_2link_06,0,6,inter_pkg_2link,2,5,2,6.32
inter_pkg_2link_06,0,6,inter_pkg_2link,2,5,4,12.45
inter_pkg_2link_06,0,6,inter_pkg_2link,2,5,8,24.94
inter_pkg_2link_06,0,6,inter_pkg_2link,2,5,16,50.69
inter_pkg_2link_06,0,6,inter_pkg_2link,2,5,32,97.50
inter_pkg_2link_06,0,6,inter_pkg_2link,2,5,64,190.44
inter_pkg_2link_06,0,6,inter_pkg_2link,2,5,128,318.13
inter_pkg_2link_06,0,6,inter_pkg_2link,2,5,256,427.35
inter_pkg_2link_06,0,6,inter_pkg_2link,2,5,512,771.64
inter_pkg_2link_06,0,6,inter_pkg_2link,2,5,1024,576.88
inter_pkg_2link_06,0,6,inter_pkg_2link,2,5,2048,1157.80
inter_pkg_2link_06,0,6,inter_pkg_2link,2,5,4096,2316.33
inter_pkg_2link_06,0,6,inter_pkg_2link,2,5,8192,1021.48
inter_pkg_2link_06,0,6,inter_pkg_2link,2,5,16384,2042.22
inter_pkg_2link_06,0,6,inter_pkg_2link,2,5,32768,4008.16
inter_pkg_2link_06,0,6,inter_pkg_2link,2,5,65536,7713.94
inter_pkg_2link_06,0,6,inter_pkg_2link,2,5,131072,14141.50
inter_pkg_2link_06,0,6,inter_pkg_2link,2,5,262144,23475.20
inter_pkg_2link_06,0,6,inter_pkg_2link,2,5,524288,36837.64
inter_pkg_2link_06,0,6,inter_pkg_2link,2,5,1048576,47921.57
inter_pkg_2link_06,0,6,inter_pkg_2link,2,5,2097152,55460.75
inter_pkg_2link_06,0,6,inter_pkg_2link,2,5,4194304,60555.34
inter_pkg_2link_06,0,6,inter_pkg_2link,2,6,1,2.65
inter_pkg_2link_06,0,6,inter_pkg_2link,2,6,2,6.03
inter_pkg_2link_06,0,6,inter_pkg_2link,2,6,4,11.85
inter_pkg_2link_06,0,6,inter_pkg_2link,2,6,8,24.23
inter_pkg_2link_06,0,6,inter_pkg_2link,2,6,16,47.68
inter_pkg_2link_06,0,6,inter_pkg_2link,2,6,32,92.30
inter_pkg_2link_06,0,6,inter_pkg_2link,2,6,64,182.48
inter_pkg_2link_06,0,6,inter_pkg_2link,2,6,128,429.38
inter_pkg_2link_06,0,6,inter_pkg_2link,2,6,256,403.85
inter_pkg_2link_06,0,6,inter_pkg_2link,2,6,512,766.48
inter_pkg_2link_06,0,6,inter_pkg_2link,2,6,1024,571.90
inter_pkg_2link_06,0,6,inter_pkg_2link,2,6,2048,1144.16
inter_pkg_2link_06,0,6,inter_pkg_2link,2,6,4096,2290.68
inter_pkg_2link_06,0,6,inter_pkg_2link,2,6,8192,1015.97
inter_pkg_2link_06,0,6,inter_pkg_2link,2,6,16384,2042.85
inter_pkg_2link_06,0,6,inter_pkg_2link,2,6,32768,3978.27
inter_pkg_2link_06,0,6,inter_pkg_2link,2,6,65536,7610.84
inter_pkg_2link_06,0,6,inter_pkg_2link,2,6,131072,14160.62
inter_pkg_2link_06,0,6,inter_pkg_2link,2,6,262144,23421.00
inter_pkg_2link_06,0,6,inter_pkg_2link,2,6,524288,36857.29
inter_pkg_2link_06,0,6,inter_pkg_2link,2,6,1048576,47861.56
inter_pkg_2link_06,0,6,inter_pkg_2link,2,6,2097152,55487.34
inter_pkg_2link_06,0,6,inter_pkg_2link,2,6,4194304,60610.61
inter_pkg_2link_24,2,4,inter_pkg_2link,2,2,1,2.64
inter_pkg_2link_24,2,4,inter_pkg_2link,2,2,2,5.85
inter_pkg_2link_24,2,4,inter_pkg_2link,2,2,4,11.89
inter_pkg_2link_24,2,4,inter_pkg_2link,2,2,8,23.66
inter_pkg_2link_24,2,4,inter_pkg_2link,2,2,16,47.68
inter_pkg_2link_24,2,4,inter_pkg_2link,2,2,32,95.76
inter_pkg_2link_24,2,4,inter_pkg_2link,2,2,64,185.25
inter_pkg_2link_24,2,4,inter_pkg_2link,2,2,128,348.42
inter_pkg_2link_24,2,4,inter_pkg_2link,2,2,256,429.59
inter_pkg_2link_24,2,4,inter_pkg_2link,2,2,512,780.38
inter_pkg_2link_24,2,4,inter_pkg_2link,2,2,1024,566.74
inter_pkg_2link_24,2,4,inter_pkg_2link,2,2,2048,1126.11
inter_pkg_2link_24,2,4,inter_pkg_2link,2,2,4096,2264.71
inter_pkg_2link_24,2,4,inter_pkg_2link,2,2,8192,969.33
inter_pkg_2link_24,2,4,inter_pkg_2link,2,2,16384,1961.05
inter_pkg_2link_24,2,4,inter_pkg_2link,2,2,32768,3812.43
inter_pkg_2link_24,2,4,inter_pkg_2link,2,2,65536,7343.41
inter_pkg_2link_24,2,4,inter_pkg_2link,2,2,131072,13629.26
inter_pkg_2link_24,2,4,inter_pkg_2link,2,2,262144,23423.20
inter_pkg_2link_24,2,4,inter_pkg_2link,2,2,524288,37447.96
inter_pkg_2link_24,2,4,inter_pkg_2link,2,2,1048576,51496.79
inter_pkg_2link_24,2,4,inter_pkg_2link,2,2,2097152,62406.32
inter_pkg_2link_24,2,4,inter_pkg_2link,2,2,4194304,68321.18
inter_pkg_2link_24,2,4,inter_pkg_2link,2,3,1,2.69
inter_pkg_2link_24,2,4,inter_pkg_2link,2,3,2,5.92
inter_pkg_2link_24,2,4,inter_pkg_2link,2,3,4,12.23
inter_pkg_2link_24,2,4,inter_pkg_2link,2,3,8,24.12
inter_pkg_2link_24,2,4,inter_pkg_2link,2,3,16,49.55
inter_pkg_2link_24,2,4,inter_pkg_2link,2,3,32,96.75
inter_pkg_2link_24,2,4,inter_pkg_2link,2,3,64,187.20
inter_pkg_2link_24,2,4,inter_pkg_2link,2,3,128,333.90
inter_pkg_2link_24,2,4,inter_pkg_2link,2,3,256,438.03
inter_pkg_2link_24,2,4,inter_pkg_2link,2,3,512,786.49
inter_pkg_2link_24,2,4,inter_pkg_2link,2,3,1024,561.85
inter_pkg_2link_24,2,4,inter_pkg_2link,2,3,2048,1126.86
inter_pkg_2link_24,2,4,inter_pkg_2link,2,3,4096,2250.70
inter_pkg_2link_24,2,4,inter_pkg_2link,2,3,8192,972.29
inter_pkg_2link_24,2,4,inter_pkg_2link,2,3,16384,1964.28
inter_pkg_2link_24,2,4,inter_pkg_2link,2,3,32768,3828.98
inter_pkg_2link_24,2,4,inter_pkg_2link,2,3,65536,7363.40
inter_pkg_2link_24,2,4,inter_pkg_2link,2,3,131072,13727.50
inter_pkg_2link_24,2,4,inter_pkg_2link,2,3,262144,23437.30
inter_pkg_2link_24,2,4,inter_pkg_2link,2,3,524288,37513.17
inter_pkg_2link_24,2,4,inter_pkg_2link,2,3,1048576,51495.49
inter_pkg_2link_24,2,4,inter_pkg_2link,2,3,2097152,62334.87
inter_pkg_2link_24,2,4,inter_pkg_2link,2,3,4194304,68368.46
inter_pkg_2link_24,2,4,inter_pkg_2link,2,4,1,2.76
inter_pkg_2link_24,2,4,inter_pkg_2link,2,4,2,6.16
inter_pkg_2link_24,2,4,inter_pkg_2link,2,4,4,12.43
inter_pkg_2link_24,2,4,inter_pkg_2link,2,4,8,24.93
inter_pkg_2link_24,2,4,inter_pkg_2link,2,4,16,49.89
inter_pkg_2link_24,2,4,inter_pkg_2link,2,4,32,98.42
inter_pkg_2link_24,2,4,inter_pkg_2link,2,4,64,187.49
inter_pkg_2link_24,2,4,inter_pkg_2link,2,4,128,342.34
inter_pkg_2link_24,2,4,inter_pkg_2link,2,4,256,431.70
inter_pkg_2link_24,2,4,inter_pkg_2link,2,4,512,792.87
inter_pkg_2link_24,2,4,inter_pkg_2link,2,4,1024,572.34
inter_pkg_2link_24,2,4,inter_pkg_2link,2,4,2048,1147.82
inter_pkg_2link_24,2,4,inter_pkg_2link,2,4,4096,2297.25
inter_pkg_2link_24,2,4,inter_pkg_2link,2,4,8192,977.02
inter_pkg_2link_24,2,4,inter_pkg_2link,2,4,16384,1960.79
inter_pkg_2link_24,2,4,inter_pkg_2link,2,4,32768,3811.62
inter_pkg_2link_24,2,4,inter_pkg_2link,2,4,65536,7330.49
inter_pkg_2link_24,2,4,inter_pkg_2link,2,4,131072,13753.73
inter_pkg_2link_24,2,4,inter_pkg_2link,2,4,262144,23463.24
inter_pkg_2link_24,2,4,inter_pkg_2link,2,4,524288,37440.64
inter_pkg_2link_24,2,4,inter_pkg_2link,2,4,1048576,51520.58
inter_pkg_2link_24,2,4,inter_pkg_2link,2,4,2097152,62314.49
inter_pkg_2link_24,2,4,inter_pkg_2link,2,4,4194304,68264.99
inter_pkg_2link_24,2,4,inter_pkg_2link,2,5,1,2.97
inter_pkg_2link_24,2,4,inter_pkg_2link,2,5,2,6.70
inter_pkg_2link_24,2,4,inter_pkg_2link,2,5,4,13.32
inter_pkg_2link_24,2,4,inter_pkg_2link,2,5,8,26.68
inter_pkg_2link_24,2,4,inter_pkg_2link,2,5,16,53.96
inter_pkg_2link_24,2,4,inter_pkg_2link,2,5,32,104.46
inter_pkg_2link_24,2,4,inter_pkg_2link,2,5,64,206.61
inter_pkg_2link_24,2,4,inter_pkg_2link,2,5,128,342.03
inter_pkg_2link_24,2,4,inter_pkg_2link,2,5,256,436.43
inter_pkg_2link_24,2,4,inter_pkg_2link,2,5,512,808.42
inter_pkg_2link_24,2,4,inter_pkg_2link,2,5,1024,577.01
inter_pkg_2link_24,2,4,inter_pkg_2link,2,5,2048,1154.37
inter_pkg_2link_24,2,4,inter_pkg_2link,2,5,4096,2312.66
inter_pkg_2link_24,2,4,inter_pkg_2link,2,5,8192,979.97
inter_pkg_2link_24,2,4,inter_pkg_2link,2,5,16384,1964.91
inter_pkg_2link_24,2,4,inter_pkg_2link,2,5,32768,3819.74
inter_pkg_2link_24,2,4,inter_pkg_2link,2,5,65536,7341.61
inter_pkg_2link_24,2,4,inter_pkg_2link,2,5,131072,13780.61
inter_pkg_2link_24,2,4,inter_pkg_2link,2,5,262144,23501.59
inter_pkg_2link_24,2,4,inter_pkg_2link,2,5,524288,37497.73
inter_pkg_2link_24,2,4,inter_pkg_2link,2,5,1048576,51478.23
inter_pkg_2link_24,2,4,inter_pkg_2link,2,5,2097152,62455.79
inter_pkg_2link_24,2,4,inter_pkg_2link,2,5,4194304,68331.59
inter_pkg_2link_24,2,4,inter_pkg_2link,2,6,1,3.01
inter_pkg_2link_24,2,4,inter_pkg_2link,2,6,2,6.64
inter_pkg_2link_24,2,4,inter_pkg_2link,2,6,4,13.35
inter_pkg_2link_24,2,4,inter_pkg_2link,2,6,8,27.08
inter_pkg_2link_24,2,4,inter_pkg_2link,2,6,16,54.95
inter_pkg_2link_24,2,4,inter_pkg_2link,2,6,32,109.26
inter_pkg_2link_24,2,4,inter_pkg_2link,2,6,64,210.59
inter_pkg_2link_24,2,4,inter_pkg_2link,2,6,128,368.21
inter_pkg_2link_24,2,4,inter_pkg_2link,2,6,256,449.02
inter_pkg_2link_24,2,4,inter_pkg_2link,2,6,512,805.65
inter_pkg_2link_24,2,4,inter_pkg_2link,2,6,1024,574.41
inter_pkg_2link_24,2,4,inter_pkg_2link,2,6,2048,1150.25
inter_pkg_2link_24,2,4,inter_pkg_2link,2,6,4096,2298.58
inter_pkg_2link_24,2,4,inter_pkg_2link,2,6,8192,985.25
inter_pkg_2link_24,2,4,inter_pkg_2link,2,6,16384,1974.10
inter_pkg_2link_24,2,4,inter_pkg_2link,2,6,32768,3839.57
inter_pkg_2link_24,2,4,inter_pkg_2link,2,6,65536,7352.79
inter_pkg_2link_24,2,4,inter_pkg_2link,2,6,131072,13752.86
inter_pkg_2link_24,2,4,inter_pkg_2link,2,6,262144,23498.34
inter_pkg_2link_24,2,4,inter_pkg_2link,2,6,524288,37505.38
inter_pkg_2link_24,2,4,inter_pkg_2link,2,6,1048576,51542.18
inter_pkg_2link_24,2,4,inter_pkg_2link,2,6,2097152,62439.28
inter_pkg_2link_24,2,4,inter_pkg_2link,2,6,4194304,68393.28
inter_pkg_1link_02,0,2,inter_pkg_1link,1,2,1,2.81
inter_pkg_1link_02,0,2,inter_pkg_1link,1,2,2,6.31
inter_pkg_1link_02,0,2,inter_pkg_1link,1,2,4,12.44
inter_pkg_1link_02,0,2,inter_pkg_1link,1,2,8,24.91
inter_pkg_1link_02,0,2,inter_pkg_1link,1,2,16,50.70
inter_pkg_1link_02,0,2,inter_pkg_1link,1,2,32,99.34
inter_pkg_1link_02,0,2,inter_pkg_1link,1,2,64,191.28
inter_pkg_1link_02,0,2,inter_pkg_1link,1,2,128,367.74
inter_pkg_1link_02,0,2,inter_pkg_1link,1,2,256,411.37
inter_pkg_1link_02,0,2,inter_pkg_1link,1,2,512,782.59
inter_pkg_1link_02,0,2,inter_pkg_1link,1,2,1024,575.11
inter_pkg_1link_02,0,2,inter_pkg_1link,1,2,2048,1144.77
inter_pkg_1link_02,0,2,inter_pkg_1link,1,2,4096,2289.11
inter_pkg_1link_02,0,2,inter_pkg_1link,1,2,8192,1470.63
inter_pkg_1link_02,0,2,inter_pkg_1link,1,2,16384,2816.81
inter_pkg_1link_02,0,2,inter_pkg_1link,1,2,32768,5261.40
inter_pkg_1link_02,0,2,inter_pkg_1link,1,2,65536,9413.49
inter_pkg_1link_02,0,2,inter_pkg_1link,1,2,131072,15121.83
inter_pkg_1link_02,0,2,inter_pkg_1link,1,2,262144,21412.77
inter_pkg_1link_02,0,2,inter_pkg_1link,1,2,524288,27532.78
inter_pkg_1link_02,0,2,inter_pkg_1link,1,2,1048576,31961.56
inter_pkg_1link_02,0,2,inter_pkg_1link,1,2,2097152,34482.73
inter_pkg_1link_02,0,2,inter_pkg_1link,1,2,4194304,35478.38
inter_pkg_1link_02,0,2,inter_pkg_1link,1,3,1,2.69
inter_pkg_1link_02,0,2,inter_pkg_1link,1,3,2,6.02
inter_pkg_1link_02,0,2,inter_pkg_1link,1,3,4,12.07
inter_pkg_1link_02,0,2,inter_pkg_1link,1,3,8,24.47
inter_pkg_1link_02,0,2,inter_pkg_1link,1,3,16,49.31
inter_pkg_1link_02,0,2,inter_pkg_1link,1,3,32,96.23
inter_pkg_1link_02,0,2,inter_pkg_1link,1,3,64,170.11
inter_pkg_1link_02,0,2,inter_pkg_1link,1,3,128,307.64
inter_pkg_1link_02,0,2,inter_pkg_1link,1,3,256,429.31
inter_pkg_1link_02,0,2,inter_pkg_1link,1,3,512,781.79
inter_pkg_1link_02,0,2,inter_pkg_1link,1,3,1024,565.21
inter_pkg_1link_02,0,2,inter_pkg_1link,1,3,2048,1130.83
inter_pkg_1link_02,0,2,inter_pkg_1link,1,3,4096,2268.42
inter_pkg_1link_02,0,2,inter_pkg_1link,1,3,8192,1466.50
inter_pkg_1link_02,0,2,inter_pkg_1link,1,3,16384,2812.17
inter_pkg_1link_02,0,2,inter_pkg_1link,1,3,32768,5298.94
inter_pkg_1link_02,0,2,inter_pkg_1link,1,3,65536,9426.94
inter_pkg_1link_02,0,2,inter_pkg_1link,1,3,131072,15164.04
inter_pkg_1link_02,0,2,inter_pkg_1link,1,3,262144,21440.69
inter_pkg_1link_02,0,2,inter_pkg_1link,1,3,524288,27519.26
inter_pkg_1link_02,0,2,inter_pkg_1link,1,3,1048576,31964.08
inter_pkg_1link_02,0,2,inter_pkg_1link,1,3,2097152,34470.97
inter_pkg_1link_02,0,2,inter_pkg_1link,1,3,4194304,35431.05
inter_pkg_1link_02,0,2,inter_pkg_1link,1,4,1,2.78
inter_pkg_1link_02,0,2,inter_pkg_1link,1,4,2,6.26
inter_pkg_1link_02,0,2,inter_pkg_1link,1,4,4,12.36
inter_pkg_1link_02,0,2,inter_pkg_1link,1,4,8,25.18
inter_pkg_1link_02,0,2,inter_pkg_1link,1,4,16,50.89
inter_pkg_1link_02,0,2,inter_pkg_1link,1,4,32,99.61
inter_pkg_1link_02,0,2,inter_pkg_1link,1,4,64,191.85
inter_pkg_1link_02,0,2,inter_pkg_1link,1,4,128,362.29
inter_pkg_1link_02,0,2,inter_pkg_1link,1,4,256,428.82
inter_pkg_1link_02,0,2,inter_pkg_1link,1,4,512,767.17
inter_pkg_1link_02,0,2,inter_pkg_1link,1,4,1024,571.57
inter_pkg_1link_02,0,2,inter_pkg_1link,1,4,2048,1141.48
inter_pkg_1link_02,0,2,inter_pkg_1link,1,4,4096,2291.01
inter_pkg_1link_02,0,2,inter_pkg_1link,1,4,8192,1465.41
inter_pkg_1link_02,0,2,inter_pkg_1link,1,4,16384,2815.74
inter_pkg_1link_02,0,2,inter_pkg_1link,1,4,32768,5241.00
inter_pkg_1link_02,0,2,inter_pkg_1link,1,4,65536,9416.88
inter_pkg_1link_02,0,2,inter_pkg_1link,1,4,131072,15073.97
inter_pkg_1link_02,0,2,inter_pkg_1link,1,4,262144,21451.36
inter_pkg_1link_02,0,2,inter_pkg_1link,1,4,524288,27467.29
inter_pkg_1link_02,0,2,inter_pkg_1link,1,4,1048576,31923.95
inter_pkg_1link_02,0,2,inter_pkg_1link,1,4,2097152,34480.35
inter_pkg_1link_02,0,2,inter_pkg_1link,1,4,4194304,35489.46
inter_pkg_1link_02,0,2,inter_pkg_1link,1,5,1,2.68
inter_pkg_1link_02,0,2,inter_pkg_1link,1,5,2,6.06
inter_pkg_1link_02,0,2,inter_pkg_1link,1,5,4,12.09
inter_pkg_1link_02,0,2,inter_pkg_1link,1,5,8,24.04
inter_pkg_1link_02,0,2,inter_pkg_1link,1,5,16,47.99
inter_pkg_1link_02,0,2,inter_pkg_1link,1,5,32,97.56
inter_pkg_1link_02,0,2,inter_pkg_1link,1,5,64,188.24
inter_pkg_1link_02,0,2,inter_pkg_1link,1,5,128,298.36
inter_pkg_1link_02,0,2,inter_pkg_1link,1,5,256,420.71
inter_pkg_1link_02,0,2,inter_pkg_1link,1,5,512,769.70
inter_pkg_1link_02,0,2,inter_pkg_1link,1,5,1024,567.89
inter_pkg_1link_02,0,2,inter_pkg_1link,1,5,2048,1137.66
inter_pkg_1link_02,0,2,inter_pkg_1link,1,5,4096,2274.60
inter_pkg_1link_02,0,2,inter_pkg_1link,1,5,8192,1466.74
inter_pkg_1link_02,0,2,inter_pkg_1link,1,5,16384,2805.95
inter_pkg_1link_02,0,2,inter_pkg_1link,1,5,32768,5220.79
inter_pkg_1link_02,0,2,inter_pkg_1link,1,5,65536,9410.65
inter_pkg_1link_02,0,2,inter_pkg_1link,1,5,131072,15120.97
inter_pkg_1link_02,0,2,inter_pkg_1link,1,5,262144,21424.21
inter_pkg_1link_02,0,2,inter_pkg_1link,1,5,524288,27541.10
inter_pkg_1link_02,0,2,inter_pkg_1link,1,5,1048576,31971.10
inter_pkg_1link_02,0,2,inter_pkg_1link,1,5,2097152,34471.62
inter_pkg_1link_02,0,2,inter_pkg_1link,1,5,4194304,35474.08
inter_pkg_1link_02,0,2,inter_pkg_1link,1,6,1,2.79
inter_pkg_1link_02,0,2,inter_pkg_1link,1,6,2,6.23
inter_pkg_1link_02,0,2,inter_pkg_1link,1,6,4,12.40
inter_pkg_1link_02,0,2,inter_pkg_1link,1,6,8,24.81
inter_pkg_1link_02,0,2,inter_pkg_1link,1,6,16,50.21
inter_pkg_1link_02,0,2,inter_pkg_1link,1,6,32,99.12
inter_pkg_1link_02,0,2,inter_pkg_1link,1,6,64,191.77
inter_pkg_1link_02,0,2,inter_pkg_1link,1,6,128,344.21
inter_pkg_1link_02,0,2,inter_pkg_1link,1,6,256,426.69
inter_pkg_1link_02,0,2,inter_pkg_1link,1,6,512,785.42
inter_pkg_1link_02,0,2,inter_pkg_1link,1,6,1024,571.91
inter_pkg_1link_02,0,2,inter_pkg_1link,1,6,2048,1146.47
inter_pkg_1link_02,0,2,inter_pkg_1link,1,6,4096,2290.38
inter_pkg_1link_02,0,2,inter_pkg_1link,1,6,8192,1465.79
inter_pkg_1link_02,0,2,inter_pkg_1link,1,6,16384,2814.88
inter_pkg_1link_02,0,2,inter_pkg_1link,1,6,32768,5237.45
inter_pkg_1link_02,0,2,inter_pkg_1link,1,6,65536,9434.73
inter_pkg_1link_02,0,2,inter_pkg_1link,1,6,131072,15207.57
inter_pkg_1link_02,0,2,inter_pkg_1link,1,6,262144,21460.97
inter_pkg_1link_02,0,2,inter_pkg_1link,1,6,524288,27533.96
inter_pkg_1link_02,0,2,inter_pkg_1link,1,6,1048576,31992.98
inter_pkg_1link_02,0,2,inter_pkg_1link,1,6,2097152,34483.46
inter_pkg_1link_02,0,2,inter_pkg_1link,1,6,4194304,35476.72
inter_pkg_1link_13,1,3,inter_pkg_1link,1,2,1,2.77
inter_pkg_1link_13,1,3,inter_pkg_1link,1,2,2,6.13
inter_pkg_1link_13,1,3,inter_pkg_1link,1,2,4,12.15
inter_pkg_1link_13,1,3,inter_pkg_1link,1,2,8,24.41
inter_pkg_1link_13,1,3,inter_pkg_1link,1,2,16,50.35
inter_pkg_1link_13,1,3,inter_pkg_1link,1,2,32,97.25
inter_pkg_1link_13,1,3,inter_pkg_1link,1,2,64,173.95
inter_pkg_1link_13,1,3,inter_pkg_1link,1,2,128,331.56
inter_pkg_1link_13,1,3,inter_pkg_1link,1,2,256,426.79
inter_pkg_1link_13,1,3,inter_pkg_1link,1,2,512,765.76
inter_pkg_1link_13,1,3,inter_pkg_1link,1,2,1024,560.92
inter_pkg_1link_13,1,3,inter_pkg_1link,1,2,2048,1124.07
inter_pkg_1link_13,1,3,inter_pkg_1link,1,2,4096,2249.89
inter_pkg_1link_13,1,3,inter_pkg_1link,1,2,8192,1481.94
inter_pkg_1link_13,1,3,inter_pkg_1link,1,2,16384,2827.74
inter_pkg_1link_13,1,3,inter_pkg_1link,1,2,32768,5326.56
inter_pkg_1link_13,1,3,inter_pkg_1link,1,2,65536,9502.65
inter_pkg_1link_13,1,3,inter_pkg_1link,1,2,131072,15258.40
inter_pkg_1link_13,1,3,inter_pkg_1link,1,2,262144,21541.77
inter_pkg_1link_13,1,3,inter_pkg_1link,1,2,524288,27628.17
inter_pkg_1link_13,1,3,inter_pkg_1link,1,2,1048576,32005.54
inter_pkg_1link_13,1,3,inter_pkg_1link,1,2,2097152,34524.78
inter_pkg_1link_13,1,3,inter_pkg_1link,1,2,4194304,35496.55
inter_pkg_1link_13,1,3,inter_pkg_1link,1,3,1,2.70
inter_pkg_1link_13,1,3,inter_pkg_1link,1,3,2,6.18
inter_pkg_1link_13,1,3,inter_pkg_1link,1,3,4,11.97
inter_pkg_1link_13,1,3,inter_pkg_1link,1,3,8,24.38
inter_pkg_1link_13,1,3,inter_pkg_1link,1,3,16,48.96
inter_pkg_1link_13,1,3,inter_pkg_1link,1,3,32,97.52
inter_pkg_1link_13,1,3,inter_pkg_1link,1,3,64,191.62
inter_pkg_1link_13,1,3,inter_pkg_1link,1,3,128,357.09
inter_pkg_1link_13,1,3,inter_pkg_1link,1,3,256,430.52
inter_pkg_1link_13,1,3,inter_pkg_1link,1,3,512,781.51
inter_pkg_1link_13,1,3,inter_pkg_1link,1,3,1024,561.84
inter_pkg_1link_13,1,3,inter_pkg_1link,1,3,2048,1126.43
inter_pkg_1link_13,1,3,inter_pkg_1link,1,3,4096,2225.83
inter_pkg_1link_13,1,3,inter_pkg_1link,1,3,8192,1481.74
inter_pkg_1link_13,1,3,inter_pkg_1link,1,3,16384,2825.50
inter_pkg_1link_13,1,3,inter_pkg_1link,1,3,32768,5269.06
inter_pkg_1link_13,1,3,inter_pkg_1link,1,3,65536,9463.22
inter_pkg_1link_13,1,3,inter_pkg_1link,1,3,131072,15267.81
inter_pkg_1link_13,1,3,inter_pkg_1link,1,3,262144,21510.46
inter_pkg_1link_13,1,3,inter_pkg_1link,1,3,524288,27577.55
inter_pkg_1link_13,1,3,inter_pkg_1link,1,3,1048576,32049.81
inter_pkg_1link_13,1,3,inter_pkg_1link,1,3,2097152,34513.64
inter_pkg_1link_13,1,3,inter_pkg_1link,1,3,4194304,35499.47
inter_pkg_1link_13,1,3,inter_pkg_1link,1,4,1,2.75
inter_pkg_1link_13,1,3,inter_pkg_1link,1,4,2,6.22
inter_pkg_1link_13,1,3,inter_pkg_1link,1,4,4,12.46
inter_pkg_1link_13,1,3,inter_pkg_1link,1,4,8,24.72
inter_pkg_1link_13,1,3,inter_pkg_1link,1,4,16,50.13
inter_pkg_1link_13,1,3,inter_pkg_1link,1,4,32,100.82
inter_pkg_1link_13,1,3,inter_pkg_1link,1,4,64,177.48
inter_pkg_1link_13,1,3,inter_pkg_1link,1,4,128,322.49
inter_pkg_1link_13,1,3,inter_pkg_1link,1,4,256,430.00
inter_pkg_1link_13,1,3,inter_pkg_1link,1,4,512,805.44
inter_pkg_1link_13,1,3,inter_pkg_1link,1,4,1024,572.40
inter_pkg_1link_13,1,3,inter_pkg_1link,1,4,2048,1144.66
inter_pkg_1link_13,1,3,inter_pkg_1link,1,4,4096,2294.64
inter_pkg_1link_13,1,3,inter_pkg_1link,1,4,8192,1477.21
inter_pkg_1link_13,1,3,inter_pkg_1link,1,4,16384,2822.51
inter_pkg_1link_13,1,3,inter_pkg_1link,1,4,32768,5253.41
inter_pkg_1link_13,1,3,inter_pkg_1link,1,4,65536,9472.17
inter_pkg_1link_13,1,3,inter_pkg_1link,1,4,131072,15251.06
inter_pkg_1link_13,1,3,inter_pkg_1link,1,4,262144,21524.81
inter_pkg_1link_13,1,3,inter_pkg_1link,1,4,524288,27562.05
inter_pkg_1link_13,1,3,inter_pkg_1link,1,4,1048576,32070.42
inter_pkg_1link_13,1,3,inter_pkg_1link,1,4,2097152,34523.87
inter_pkg_1link_13,1,3,inter_pkg_1link,1,4,4194304,35492.31
inter_pkg_1link_13,1,3,inter_pkg_1link,1,5,1,2.77
inter_pkg_1link_13,1,3,inter_pkg_1link,1,5,2,6.05
inter_pkg_1link_13,1,3,inter_pkg_1link,1,5,4,12.35
inter_pkg_1link_13,1,3,inter_pkg_1link,1,5,8,24.76
inter_pkg_1link_13,1,3,inter_pkg_1link,1,5,16,50.24
inter_pkg_1link_13,1,3,inter_pkg_1link,1,5,32,92.17
inter_pkg_1link_13,1,3,inter_pkg_1link,1,5,64,177.25
inter_pkg_1link_13,1,3,inter_pkg_1link,1,5,128,368.98
inter_pkg_1link_13,1,3,inter_pkg_1link,1,5,256,430.64
inter_pkg_1link_13,1,3,inter_pkg_1link,1,5,512,789.82
inter_pkg_1link_13,1,3,inter_pkg_1link,1,5,1024,569.59
inter_pkg_1link_13,1,3,inter_pkg_1link,1,5,2048,1141.89
inter_pkg_1link_13,1,3,inter_pkg_1link,1,5,4096,2291.46
inter_pkg_1link_13,1,3,inter_pkg_1link,1,5,8192,1482.33
inter_pkg_1link_13,1,3,inter_pkg_1link,1,5,16384,2835.01
inter_pkg_1link_13,1,3,inter_pkg_1link,1,5,32768,5394.50
inter_pkg_1link_13,1,3,inter_pkg_1link,1,5,65536,9525.77
inter_pkg_1link_13,1,3,inter_pkg_1link,1,5,131072,15373.84
inter_pkg_1link_13,1,3,inter_pkg_1link,1,5,262144,21506.74
inter_pkg_1link_13,1,3,inter_pkg_1link,1,5,524288,27567.59
inter_pkg_1link_13,1,3,inter_pkg_1link,1,5,1048576,32009.30
inter_pkg_1link_13,1,3,inter_pkg_1link,1,5,2097152,34524.01
inter_pkg_1link_13,1,3,inter_pkg_1link,1,5,4194304,35493.96
inter_pkg_1link_13,1,3,inter_pkg_1link,1,6,1,2.73
inter_pkg_1link_13,1,3,inter_pkg_1link,1,6,2,6.10
inter_pkg_1link_13,1,3,inter_pkg_1link,1,6,4,12.24
inter_pkg_1link_13,1,3,inter_pkg_1link,1,6,8,24.77
inter_pkg_1link_13,1,3,inter_pkg_1link,1,6,16,50.13
inter_pkg_1link_13,1,3,inter_pkg_1link,1,6,32,97.85
inter_pkg_1link_13,1,3,inter_pkg_1link,1,6,64,190.69
inter_pkg_1link_13,1,3,inter_pkg_1link,1,6,128,306.83
inter_pkg_1link_13,1,3,inter_pkg_1link,1,6,256,429.52
inter_pkg_1link_13,1,3,inter_pkg_1link,1,6,512,763.28
inter_pkg_1link_13,1,3,inter_pkg_1link,1,6,1024,563.88
inter_pkg_1link_13,1,3,inter_pkg_1link,1,6,2048,1131.74
inter_pkg_1link_13,1,3,inter_pkg_1link,1,6,4096,2256.66
inter_pkg_1link_13,1,3,inter_pkg_1link,1,6,8192,1474.18
inter_pkg_1link_13,1,3,inter_pkg_1link,1,6,16384,2823.93
inter_pkg_1link_13,1,3,inter_pkg_1link,1,6,32768,5254.40
inter_pkg_1link_13,1,3,inter_pkg_1link,1,6,65536,9453.96
inter_pkg_1link_13,1,3,inter_pkg_1link,1,6,131072,15253.30
inter_pkg_1link_13,1,3,inter_pkg_1link,1,6,262144,21543.86
inter_pkg_1link_13,1,3,inter_pkg_1link,1,6,524288,27584.59
inter_pkg_1link_13,1,3,inter_pkg_1link,1,6,1048576,32049.77
inter_pkg_1link_13,1,3,inter_pkg_1link,1,6,2097152,34516.11
inter_pkg_1link_13,1,3,inter_pkg_1link,1,6,4194304,35486.90
inter_pkg_1link_15,1,5,inter_pkg_1link,1,2,1,2.78
inter_pkg_1link_15,1,5,inter_pkg_1link,1,2,2,6.26
inter_pkg_1link_15,1,5,inter_pkg_1link,1,2,4,12.23
inter_pkg_1link_15,1,5,inter_pkg_1link,1,2,8,24.47
inter_pkg_1link_15,1,5,inter_pkg_1link,1,2,16,49.77
inter_pkg_1link_15,1,5,inter_pkg_1link,1,2,32,94.28
inter_pkg_1link_15,1,5,inter_pkg_1link,1,2,64,178.23
inter_pkg_1link_15,1,5,inter_pkg_1link,1,2,128,379.01
inter_pkg_1link_15,1,5,inter_pkg_1link,1,2,256,430.33
inter_pkg_1link_15,1,5,inter_pkg_1link,1,2,512,784.53
inter_pkg_1link_15,1,5,inter_pkg_1link,1,2,1024,569.15
inter_pkg_1link_15,1,5,inter_pkg_1link,1,2,2048,1141.64
inter_pkg_1link_15,1,5,inter_pkg_1link,1,2,4096,2236.96
inter_pkg_1link_15,1,5,inter_pkg_1link,1,2,8192,1470.61
inter_pkg_1link_15,1,5,inter_pkg_1link,1,2,16384,2818.20
inter_pkg_1link_15,1,5,inter_pkg_1link,1,2,32768,5237.66
inter_pkg_1link_15,1,5,inter_pkg_1link,1,2,65536,9362.36
inter_pkg_1link_15,1,5,inter_pkg_1link,1,2,131072,15132.20
inter_pkg_1link_15,1,5,inter_pkg_1link,1,2,262144,21488.62
inter_pkg_1link_15,1,5,inter_pkg_1link,1,2,524288,27545.26
inter_pkg_1link_15,1,5,inter_pkg_1link,1,2,1048576,31947.56
inter_pkg_1link_15,1,5,inter_pkg_1link,1,2,2097152,34482.71
inter_pkg_1link_15,1,5,inter_pkg_1link,1,2,4194304,35483.95
inter_pkg_1link_15,1,5,inter_pkg_1link,1,3,1,2.87
inter_pkg_1link_15,1,5,inter_pkg_1link,1,3,2,6.46
inter_pkg_1link_15,1,5,inter_pkg_1link,1,3,4,12.73
inter_pkg_1link_15,1,5,inter_pkg_1link,1,3,8,25.96
inter_pkg_1link_15,1,5,inter_pkg_1link,1,3,16,52.66
inter_pkg_1link_15,1,5,inter_pkg_1link,1,3,32,103.08
inter_pkg_1link_15,1,5,inter_pkg_1link,1,3,64,196.88
inter_pkg_1link_15,1,5,inter_pkg_1link,1,3,128,375.50
inter_pkg_1link_15,1,5,inter_pkg_1link,1,3,256,439.50
inter_pkg_1link_15,1,5,inter_pkg_1link,1,3,512,807.49
inter_pkg_1link_15,1,5,inter_pkg_1link,1,3,1024,576.55
inter_pkg_1link_15,1,5,inter_pkg_1link,1,3,2048,1155.65
inter_pkg_1link_15,1,5,inter_pkg_1link,1,3,4096,2306.31
inter_pkg_1link_15,1,5,inter_pkg_1link,1,3,8192,1430.36
inter_pkg_1link_15,1,5,inter_pkg_1link,1,3,16384,2740.51
inter_pkg_1link_15,1,5,inter_pkg_1link,1,3,32768,5223.00
inter_pkg_1link_15,1,5,inter_pkg_1link,1,3,65536,9242.73
inter_pkg_1link_15,1,5,inter_pkg_1link,1,3,131072,15054.55
inter_pkg_1link_15,1,5,inter_pkg_1link,1,3,262144,21309.92
inter_pkg_1link_15,1,5,inter_pkg_1link,1,3,524288,27471.11
inter_pkg_1link_15,1,5,inter_pkg_1link,1,3,1048576,31913.26
inter_pkg_1link_15,1,5,inter_pkg_1link,1,3,2097152,34417.28
inter_pkg_1link_15,1,5,inter_pkg_1link,1,3,4194304,35350.32
inter_pkg_1link_15,1,5,inter_pkg_1link,1,4,1,2.79
inter_pkg_1link_15,1,5,inter_pkg_1link,1,4,2,6.18
inter_pkg_1link_15,1,5,inter_pkg_1link,1,4,4,12.29
inter_pkg_1link_15,1,5,inter_pkg_1link,1,4,8,24.51
inter_pkg_1link_15,1,5,inter_pkg_1link,1,4,16,49.78
inter_pkg_1link_15,1,5,inter_pkg_1link,1,4,32,97.46
inter_pkg_1link_15,1,5,inter_pkg_1link,1,4,64,190.35
inter_pkg_1link_15,1,5,inter_pkg_1link,1,4,128,323.52
inter_pkg_1link_15,1,5,inter_pkg_1link,1,4,256,429.93
inter_pkg_1link_15,1,5,inter_pkg_1link,1,4,512,791.22
inter_pkg_1link_15,1,5,inter_pkg_1link,1,4,1024,572.42
inter_pkg_1link_15,1,5,inter_pkg_1link,1,4,2048,1146.41
inter_pkg_1link_15,1,5,inter_pkg_1link,1,4,4096,2293.15
inter_pkg_1link_15,1,5,inter_pkg_1link,1,4,8192,1480.39
inter_pkg_1link_15,1,5,inter_pkg_1link,1,4,16384,2822.89
inter_pkg_1link_15,1,5,inter_pkg_1link,1,4,32768,5291.76
inter_pkg_1link_15,1,5,inter_pkg_1link,1,4,65536,9441.63
inter_pkg_1link_15,1,5,inter_pkg_1link,1,4,131072,15242.64
inter_pkg_1link_15,1,5,inter_pkg_1link,1,4,262144,21477.94
inter_pkg_1link_15,1,5,inter_pkg_1link,1,4,524288,27538.92
inter_pkg_1link_15,1,5,inter_pkg_1link,1,4,1048576,32038.97
inter_pkg_1link_15,1,5,inter_pkg_1link,1,4,2097152,34502.53
inter_pkg_1link_15,1,5,inter_pkg_1link,1,4,4194304,35489.86
inter_pkg_1link_15,1,5,inter_pkg_1link,1,5,1,2.77
inter_pkg_1link_15,1,5,inter_pkg_1link,1,5,2,6.26
inter_pkg_1link_15,1,5,inter_pkg_1link,1,5,4,12.30
inter_pkg_1link_15,1,5,inter_pkg_1link,1,5,8,25.21
inter_pkg_1link_15,1,5,inter_pkg_1link,1,5,16,50.16
inter_pkg_1link_15,1,5,inter_pkg_1link,1,5,32,96.00
inter_pkg_1link_15,1,5,inter_pkg_1link,1,5,64,197.24
inter_pkg_1link_15,1,5,inter_pkg_1link,1,5,128,364.03
inter_pkg_1link_15,1,5,inter_pkg_1link,1,5,256,430.20
inter_pkg_1link_15,1,5,inter_pkg_1link,1,5,512,788.72
inter_pkg_1link_15,1,5,inter_pkg_1link,1,5,1024,573.31
inter_pkg_1link_15,1,5,inter_pkg_1link,1,5,2048,1147.95
inter_pkg_1link_15,1,5,inter_pkg_1link,1,5,4096,2302.23
inter_pkg_1link_15,1,5,inter_pkg_1link,1,5,8192,1474.33
inter_pkg_1link_15,1,5,inter_pkg_1link,1,5,16384,2823.39
inter_pkg_1link_15,1,5,inter_pkg_1link,1,5,32768,5261.87
inter_pkg_1link_15,1,5,inter_pkg_1link,1,5,65536,9461.25
inter_pkg_1link_15,1,5,inter_pkg_1link,1,5,131072,15235.88
inter_pkg_1link_15,1,5,inter_pkg_1link,1,5,262144,21571.13
inter_pkg_1link_15,1,5,inter_pkg_1link,1,5,524288,27562.07
inter_pkg_1link_15,1,5,inter_pkg_1link,1,5,1048576,32042.22
inter_pkg_1link_15,1,5,inter_pkg_1link,1,5,2097152,34502.10
inter_pkg_1link_15,1,5,inter_pkg_1link,1,5,4194304,35505.19
inter_pkg_1link_15,1,5,inter_pkg_1link,1,6,1,2.86
inter_pkg_1link_15,1,5,inter_pkg_1link,1,6,2,6.45
inter_pkg_1link_15,1,5,inter_pkg_1link,1,6,4,12.82
inter_pkg_1link_15,1,5,inter_pkg_1link,1,6,8,26.51
inter_pkg_1link_15,1,5,inter_pkg_1link,1,6,16,54.97
inter_pkg_1link_15,1,5,inter_pkg_1link,1,6,32,101.21
inter_pkg_1link_15,1,5,inter_pkg_1link,1,6,64,202.72
inter_pkg_1link_15,1,5,inter_pkg_1link,1,6,128,361.65
inter_pkg_1link_15,1,5,inter_pkg_1link,1,6,256,442.86
inter_pkg_1link_15,1,5,inter_pkg_1link,1,6,512,813.26
inter_pkg_1link_15,1,5,inter_pkg_1link,1,6,1024,577.91
inter_pkg_1link_15,1,5,inter_pkg_1link,1,6,2048,1159.31
inter_pkg_1link_15,1,5,inter_pkg_1link,1,6,4096,2314.50
inter_pkg_1link_15,1,5,inter_pkg_1link,1,6,8192,1475.19
inter_pkg_1link_15,1,5,inter_pkg_1link,1,6,16384,2821.92
inter_pkg_1link_15,1,5,inter_pkg_1link,1,6,32768,5242.28
inter_pkg_1link_15,1,5,inter_pkg_1link,1,6,65536,9443.79
inter_pkg_1link_15,1,5,inter_pkg_1link,1,6,131072,15218.63
inter_pkg_1link_15,1,5,inter_pkg_1link,1,6,262144,21446.72
inter_pkg_1link_15,1,5,inter_pkg_1link,1,6,524288,27555.44
inter_pkg_1link_15,1,5,inter_pkg_1link,1,6,1048576,32029.75
inter_pkg_1link_15,1,5,inter_pkg_1link,1,6,2097152,34492.95
inter_pkg_1link_15,1,5,inter_pkg_1link,1,6,4194304,35486.26
inter_pkg_1link_37,3,7,inter_pkg_1link,1,2,1,2.74
inter_pkg_1link_37,3,7,inter_pkg_1link,1,2,2,6.09
inter_pkg_1link_37,3,7,inter_pkg_1link,1,2,4,12.35
inter_pkg_1link_37,3,7,inter_pkg_1link,1,2,8,24.66
inter_pkg_1link_37,3,7,inter_pkg_1link,1,2,16,49.40
inter_pkg_1link_37,3,7,inter_pkg_1link,1,2,32,98.01
inter_pkg_1link_37,3,7,inter_pkg_1link,1,2,64,186.59
inter_pkg_1link_37,3,7,inter_pkg_1link,1,2,128,307.95
inter_pkg_1link_37,3,7,inter_pkg_1link,1,2,256,429.26
inter_pkg_1link_37,3,7,inter_pkg_1link,1,2,512,784.85
inter_pkg_1link_37,3,7,inter_pkg_1link,1,2,1024,559.29
inter_pkg_1link_37,3,7,inter_pkg_1link,1,2,2048,1134.37
inter_pkg_1link_37,3,7,inter_pkg_1link,1,2,4096,2267.56
inter_pkg_1link_37,3,7,inter_pkg_1link,1,2,8192,1428.48
inter_pkg_1link_37,3,7,inter_pkg_1link,1,2,16384,2739.32
inter_pkg_1link_37,3,7,inter_pkg_1link,1,2,32768,5198.26
inter_pkg_1link_37,3,7,inter_pkg_1link,1,2,65536,9238.44
inter_pkg_1link_37,3,7,inter_pkg_1link,1,2,131072,14974.94
inter_pkg_1link_37,3,7,inter_pkg_1link,1,2,262144,21013.70
inter_pkg_1link_37,3,7,inter_pkg_1link,1,2,524288,27253.03
inter_pkg_1link_37,3,7,inter_pkg_1link,1,2,1048576,31456.83
inter_pkg_1link_37,3,7,inter_pkg_1link,1,2,2097152,34013.84
inter_pkg_1link_37,3,7,inter_pkg_1link,1,2,4194304,35410.65
inter_pkg_1link_37,3,7,inter_pkg_1link,1,3,1,2.96
inter_pkg_1link_37,3,7,inter_pkg_1link,1,3,2,6.50
inter_pkg_1link_37,3,7,inter_pkg_1link,1,3,4,13.18
inter_pkg_1link_37,3,7,inter_pkg_1link,1,3,8,26.42
inter_pkg_1link_37,3,7,inter_pkg_1link,1,3,16,52.71
inter_pkg_1link_37,3,7,inter_pkg_1link,1,3,32,100.67
inter_pkg_1link_37,3,7,inter_pkg_1link,1,3,64,206.27
inter_pkg_1link_37,3,7,inter_pkg_1link,1,3,128,379.05
inter_pkg_1link_37,3,7,inter_pkg_1link,1,3,256,440.43
inter_pkg_1link_37,3,7,inter_pkg_1link,1,3,512,806.61
inter_pkg_1link_37,3,7,inter_pkg_1link,1,3,1024,567.57
inter_pkg_1link_37,3,7,inter_pkg_1link,1,3,2048,1139.98
inter_pkg_1link_37,3,7,inter_pkg_1link,1,3,4096,2286.58
inter_pkg_1link_37,3,7,inter_pkg_1link,1,3,8192,1429.48
inter_pkg_1link_37,3,7,inter_pkg_1link,1,3,16384,2739.39
inter_pkg_1link_37,3,7,inter_pkg_1link,1,3,32768,5115.07
inter_pkg_1link_37,3,7,inter_pkg_1link,1,3,65536,9132.75
inter_pkg_1link_37,3,7,inter_pkg_1link,1,3,131072,14809.75
inter_pkg_1link_37,3,7,inter_pkg_1link,1,3,262144,21144.27
inter_pkg_1link_37,3,7,inter_pkg_1link,1,3,524288,27247.04
inter_pkg_1link_37,3,7,inter_pkg_1link,1,3,1048576,31762.37
inter_pkg_1link_37,3,7,inter_pkg_1link,1,3,2097152,34374.44
inter_pkg_1link_37,3,7,inter_pkg_1link,1,3,4194304,35457.82
inter_pkg_1link_37,3,7,inter_pkg_1link,1,4,1,2.66
inter_pkg_1link_37,3,7,inter_pkg_1link,1,4,2,5.95
inter_pkg_1link_37,3,7,inter_pkg_1link,1,4,4,12.17
inter_pkg_1link_37,3,7,inter_pkg_1link,1,4,8,24.02
inter_pkg_1link_37,3,7,inter_pkg_1link,1,4,16,48.58
inter_pkg_1link_37,3,7,inter_pkg_1link,1,4,32,96.27
inter_pkg_1link_37,3,7,inter_pkg_1link,1,4,64,193.23
inter_pkg_1link_37,3,7,inter_pkg_1link,1,4,128,367.01
inter_pkg_1link_37,3,7,inter_pkg_1link,1,4,256,428.20
inter_pkg_1link_37,3,7,inter_pkg_1link,1,4,512,780.94
inter_pkg_1link_37,3,7,inter_pkg_1link,1,4,1024,567.12
inter_pkg_1link_37,3,7,inter_pkg_1link,1,4,2048,1134.03
inter_pkg_1link_37,3,7,inter_pkg_1link,1,4,4096,2271.50
inter_pkg_1link_37,3,7,inter_pkg_1link,1,4,8192,1428.51
inter_pkg_1link_37,3,7,inter_pkg_1link,1,4,16384,2739.72
inter_pkg_1link_37,3,7,inter_pkg_1link,1,4,32768,5194.43
inter_pkg_1link_37,3,7,inter_pkg_1link,1,4,65536,9237.79
inter_pkg_1link_37,3,7,inter_pkg_1link,1,4,131072,14987.78
inter_pkg_1link_37,3,7,inter_pkg_1link,1,4,262144,21169.38
inter_pkg_1link_37,3,7,inter_pkg_1link,1,4,524288,27364.58
inter_pkg_1link_37,3,7,inter_pkg_1link,1,4,1048576,31884.07
inter_pkg_1link_37,3,7,inter_pkg_1link,1,4,2097152,34389.46
inter_pkg_1link_37,3,7,inter_pkg_1link,1,4,4194304,35419.56
inter_pkg_1link_37,3,7,inter_pkg_1link,1,5,1,2.84
inter_pkg_1link_37,3,7,inter_pkg_1link,1,5,2,6.37
inter_pkg_1link_37,3,7,inter_pkg_1link,1,5,4,12.88
inter_pkg_1link_37,3,7,inter_pkg_1link,1,5,8,25.89
inter_pkg_1link_37,3,7,inter_pkg_1link,1,5,16,51.76
inter_pkg_1link_37,3,7,inter_pkg_1link,1,5,32,101.69
inter_pkg_1link_37,3,7,inter_pkg_1link,1,5,64,197.08
inter_pkg_1link_37,3,7,inter_pkg_1link,1,5,128,373.07
inter_pkg_1link_37,3,7,inter_pkg_1link,1,5,256,441.07
inter_pkg_1link_37,3,7,inter_pkg_1link,1,5,512,809.87
inter_pkg_1link_37,3,7,inter_pkg_1link,1,5,1024,565.51
inter_pkg_1link_37,3,7,inter_pkg_1link,1,5,2048,1150.19
inter_pkg_1link_37,3,7,inter_pkg_1link,1,5,4096,2304.87
inter_pkg_1link_37,3,7,inter_pkg_1link,1,5,8192,1427.56
inter_pkg_1link_37,3,7,inter_pkg_1link,1,5,16384,2735.73
inter_pkg_1link_37,3,7,inter_pkg_1link,1,5,32768,5119.53
inter_pkg_1link_37,3,7,inter_pkg_1link,1,5,65536,9163.17
inter_pkg_1link_37,3,7,inter_pkg_1link,1,5,131072,14905.16
inter_pkg_1link_37,3,7,inter_pkg_1link,1,5,262144,21124.61
inter_pkg_1link_37,3,7,inter_pkg_1link,1,5,524288,27238.96
inter_pkg_1link_37,3,7,inter_pkg_1link,1,5,1048576,31848.87
inter_pkg_1link_37,3,7,inter_pkg_1link,1,5,2097152,34385.13
inter_pkg_1link_37,3,7,inter_pkg_1link,1,5,4194304,35423.98
inter_pkg_1link_37,3,7,inter_pkg_1link,1,6,1,3.03
inter_pkg_1link_37,3,7,inter_pkg_1link,1,6,2,6.90
inter_pkg_1link_37,3,7,inter_pkg_1link,1,6,4,13.64
inter_pkg_1link_37,3,7,inter_pkg_1link,1,6,8,27.60
inter_pkg_1link_37,3,7,inter_pkg_1link,1,6,16,54.75
inter_pkg_1link_37,3,7,inter_pkg_1link,1,6,32,105.80
inter_pkg_1link_37,3,7,inter_pkg_1link,1,6,64,190.70
inter_pkg_1link_37,3,7,inter_pkg_1link,1,6,128,317.76
inter_pkg_1link_37,3,7,inter_pkg_1link,1,6,256,439.21
inter_pkg_1link_37,3,7,inter_pkg_1link,1,6,512,803.23
inter_pkg_1link_37,3,7,inter_pkg_1link,1,6,1024,575.88
inter_pkg_1link_37,3,7,inter_pkg_1link,1,6,2048,1154.32
inter_pkg_1link_37,3,7,inter_pkg_1link,1,6,4096,2303.41
inter_pkg_1link_37,3,7,inter_pkg_1link,1,6,8192,1431.38
inter_pkg_1link_37,3,7,inter_pkg_1link,1,6,16384,2748.02
inter_pkg_1link_37,3,7,inter_pkg_1link,1,6,32768,5235.07
inter_pkg_1link_37,3,7,inter_pkg_1link,1,6,65536,9244.04
inter_pkg_1link_37,3,7,inter_pkg_1link,1,6,131072,15004.70
inter_pkg_1link_37,3,7,inter_pkg_1link,1,6,262144,21226.28
inter_pkg_1link_37,3,7,inter_pkg_1link,1,6,524288,27396.55
inter_pkg_1link_37,3,7,inter_pkg_1link,1,6,1048576,31891.78
inter_pkg_1link_37,3,7,inter_pkg_1link,1,6,2097152,34400.26
inter_pkg_1link_37,3,7,inter_pkg_1link,1,6,4194304,35415.91
inter_pkg_1link_46,4,6,inter_pkg_1link,1,2,1,2.81
inter_pkg_1link_46,4,6,inter_pkg_1link,1,2,2,6.25
inter_pkg_1link_46,4,6,inter_pkg_1link,1,2,4,12.40
inter_pkg_1link_46,4,6,inter_pkg_1link,1,2,8,24.89
inter_pkg_1link_46,4,6,inter_pkg_1link,1,2,16,49.76
inter_pkg_1link_46,4,6,inter_pkg_1link,1,2,32,92.65
inter_pkg_1link_46,4,6,inter_pkg_1link,1,2,64,166.48
inter_pkg_1link_46,4,6,inter_pkg_1link,1,2,128,308.56
inter_pkg_1link_46,4,6,inter_pkg_1link,1,2,256,430.64
inter_pkg_1link_46,4,6,inter_pkg_1link,1,2,512,786.16
inter_pkg_1link_46,4,6,inter_pkg_1link,1,2,1024,574.85
inter_pkg_1link_46,4,6,inter_pkg_1link,1,2,2048,1150.90
inter_pkg_1link_46,4,6,inter_pkg_1link,1,2,4096,2294.50
inter_pkg_1link_46,4,6,inter_pkg_1link,1,2,8192,1416.85
inter_pkg_1link_46,4,6,inter_pkg_1link,1,2,16384,2745.33
inter_pkg_1link_46,4,6,inter_pkg_1link,1,2,32768,5217.90
inter_pkg_1link_46,4,6,inter_pkg_1link,1,2,65536,9223.27
inter_pkg_1link_46,4,6,inter_pkg_1link,1,2,131072,15019.76
inter_pkg_1link_46,4,6,inter_pkg_1link,1,2,262144,21187.44
inter_pkg_1link_46,4,6,inter_pkg_1link,1,2,524288,27420.98
inter_pkg_1link_46,4,6,inter_pkg_1link,1,2,1048576,31886.10
inter_pkg_1link_46,4,6,inter_pkg_1link,1,2,2097152,34383.06
inter_pkg_1link_46,4,6,inter_pkg_1link,1,2,4194304,35408.08
inter_pkg_1link_46,4,6,inter_pkg_1link,1,3,1,2.59
inter_pkg_1link_46,4,6,inter_pkg_1link,1,3,2,5.60
inter_pkg_1link_46,4,6,inter_pkg_1link,1,3,4,11.59
inter_pkg_1link_46,4,6,inter_pkg_1link,1,3,8,23.49
inter_pkg_1link_46,4,6,inter_pkg_1link,1,3,16,46.88
inter_pkg_1link_46,4,6,inter_pkg_1link,1,3,32,93.52
inter_pkg_1link_46,4,6,inter_pkg_1link,1,3,64,181.38
inter_pkg_1link_46,4,6,inter_pkg_1link,1,3,128,348.15
inter_pkg_1link_46,4,6,inter_pkg_1link,1,3,256,432.13
inter_pkg_1link_46,4,6,inter_pkg_1link,1,3,512,778.57
inter_pkg_1link_46,4,6,inter_pkg_1link,1,3,1024,568.29
inter_pkg_1link_46,4,6,inter_pkg_1link,1,3,2048,1139.21
inter_pkg_1link_46,4,6,inter_pkg_1link,1,3,4096,2275.43
inter_pkg_1link_46,4,6,inter_pkg_1link,1,3,8192,1417.75
inter_pkg_1link_46,4,6,inter_pkg_1link,1,3,16384,2737.21
inter_pkg_1link_46,4,6,inter_pkg_1link,1,3,32768,5130.11
inter_pkg_1link_46,4,6,inter_pkg_1link,1,3,65536,9162.21
inter_pkg_1link_46,4,6,inter_pkg_1link,1,3,131072,14912.35
inter_pkg_1link_46,4,6,inter_pkg_1link,1,3,262144,21137.27
inter_pkg_1link_46,4,6,inter_pkg_1link,1,3,524288,27255.89
inter_pkg_1link_46,4,6,inter_pkg_1link,1,3,1048576,31840.59
inter_pkg_1link_46,4,6,inter_pkg_1link,1,3,2097152,34381.41
inter_pkg_1link_46,4,6,inter_pkg_1link,1,3,4194304,35416.14
inter_pkg_1link_46,4,6,inter_pkg_1link,1,4,1,2.77
inter_pkg_1link_46,4,6,inter_pkg_1link,1,4,2,6.08
inter_pkg_1link_46,4,6,inter_pkg_1link,1,4,4,12.50
inter_pkg_1link_46,4,6,inter_pkg_1link,1,4,8,25.13
inter_pkg_1link_46,4,6,inter_pkg_1link,1,4,16,50.95
inter_pkg_1link_46,4,6,inter_pkg_1link,1,4,32,98.83
inter_pkg_1link_46,4,6,inter_pkg_1link,1,4,64,193.22
inter_pkg_1link_46,4,6,inter_pkg_1link,1,4,128,324.49
inter_pkg_1link_46,4,6,inter_pkg_1link,1,4,256,428.72
inter_pkg_1link_46,4,6,inter_pkg_1link,1,4,512,781.24
inter_pkg_1link_46,4,6,inter_pkg_1link,1,4,1024,564.70
inter_pkg_1link_46,4,6,inter_pkg_1link,1,4,2048,1127.21
inter_pkg_1link_46,4,6,inter_pkg_1link,1,4,4096,2262.27
inter_pkg_1link_46,4,6,inter_pkg_1link,1,4,8192,1421.06
inter_pkg_1link_46,4,6,inter_pkg_1link,1,4,16384,2737.61
inter_pkg_1link_46,4,6,inter_pkg_1link,1,4,32768,5135.73
inter_pkg_1link_46,4,6,inter_pkg_1link,1,4,65536,9173.91
inter_pkg_1link_46,4,6,inter_pkg_1link,1,4,131072,14931.94
inter_pkg_1link_46,4,6,inter_pkg_1link,1,4,262144,21132.50
inter_pkg_1link_46,4,6,inter_pkg_1link,1,4,524288,27226.48
inter_pkg_1link_46,4,6,inter_pkg_1link,1,4,1048576,31836.19
inter_pkg_1link_46,4,6,inter_pkg_1link,1,4,2097152,34359.62
inter_pkg_1link_46,4,6,inter_pkg_1link,1,4,4194304,35418.68
inter_pkg_1link_46,4,6,inter_pkg_1link,1,5,1,2.71
inter_pkg_1link_46,4,6,inter_pkg_1link,1,5,2,6.07
inter_pkg_1link_46,4,6,inter_pkg_1link,1,5,4,12.02
inter_pkg_1link_46,4,6,inter_pkg_1link,1,5,8,24.45
inter_pkg_1link_46,4,6,inter_pkg_1link,1,5,16,49.31
inter_pkg_1link_46,4,6,inter_pkg_1link,1,5,32,98.53
inter_pkg_1link_46,4,6,inter_pkg_1link,1,5,64,191.99
inter_pkg_1link_46,4,6,inter_pkg_1link,1,5,128,361.72
inter_pkg_1link_46,4,6,inter_pkg_1link,1,5,256,428.44
inter_pkg_1link_46,4,6,inter_pkg_1link,1,5,512,775.83
inter_pkg_1link_46,4,6,inter_pkg_1link,1,5,1024,567.51
inter_pkg_1link_46,4,6,inter_pkg_1link,1,5,2048,1133.29
inter_pkg_1link_46,4,6,inter_pkg_1link,1,5,4096,2273.34
inter_pkg_1link_46,4,6,inter_pkg_1link,1,5,8192,1419.98
inter_pkg_1link_46,4,6,inter_pkg_1link,1,5,16384,2738.49
inter_pkg_1link_46,4,6,inter_pkg_1link,1,5,32768,5096.41
inter_pkg_1link_46,4,6,inter_pkg_1link,1,5,65536,9152.80
inter_pkg_1link_46,4,6,inter_pkg_1link,1,5,131072,14903.33
inter_pkg_1link_46,4,6,inter_pkg_1link,1,5,262144,21137.12
inter_pkg_1link_46,4,6,inter_pkg_1link,1,5,524288,27233.03
inter_pkg_1link_46,4,6,inter_pkg_1link,1,5,1048576,31824.43
inter_pkg_1link_46,4,6,inter_pkg_1link,1,5,2097152,34368.26
inter_pkg_1link_46,4,6,inter_pkg_1link,1,5,4194304,35410.77
inter_pkg_1link_46,4,6,inter_pkg_1link,1,6,1,2.74
inter_pkg_1link_46,4,6,inter_pkg_1link,1,6,2,6.12
inter_pkg_1link_46,4,6,inter_pkg_1link,1,6,4,12.40
inter_pkg_1link_46,4,6,inter_pkg_1link,1,6,8,24.69
inter_pkg_1link_46,4,6,inter_pkg_1link,1,6,16,49.45
inter_pkg_1link_46,4,6,inter_pkg_1link,1,6,32,120.52
inter_pkg_1link_46,4,6,inter_pkg_1link,1,6,64,193.89
inter_pkg_1link_46,4,6,inter_pkg_1link,1,6,128,338.04
inter_pkg_1link_46,4,6,inter_pkg_1link,1,6,256,433.57
inter_pkg_1link_46,4,6,inter_pkg_1link,1,6,512,782.51
inter_pkg_1link_46,4,6,inter_pkg_1link,1,6,1024,573.73
inter_pkg_1link_46,4,6,inter_pkg_1link,1,6,2048,1151.91
inter_pkg_1link_46,4,6,inter_pkg_1link,1,6,4096,2305.65
inter_pkg_1link_46,4,6,inter_pkg_1link,1,6,8192,1420.10
inter_pkg_1link_46,4,6,inter_pkg_1link,1,6,16384,2741.19
inter_pkg_1link_46,4,6,inter_pkg_1link,1,6,32768,5117.93
inter_pkg_1link_46,4,6,inter_pkg_1link,1,6,65536,9144.55
inter_pkg_1link_46,4,6,inter_pkg_1link,1,6,131072,14871.76
inter_pkg_1link_46,4,6,inter_pkg_1link,1,6,262144,21144.89
inter_pkg_1link_46,4,6,inter_pkg_1link,1,6,524288,27239.53
inter_pkg_1link_46,4,6,inter_pkg_1link,1,6,1048576,31764.82
inter_pkg_1link_46,4,6,inter_pkg_1link,1,6,2097152,34379.64
inter_pkg_1link_46,4,6,inter_pkg_1link,1,6,4194304,35422.02
inter_pkg_1link_57,5,7,inter_pkg_1link,1,2,1,2.69
inter_pkg_1link_57,5,7,inter_pkg_1link,1,2,2,5.98
inter_pkg_1link_57,5,7,inter_pkg_1link,1,2,4,12.09
inter_pkg_1link_57,5,7,inter_pkg_1link,1,2,8,24.09
inter_pkg_1link_57,5,7,inter_pkg_1link,1,2,16,48.50
inter_pkg_1link_57,5,7,inter_pkg_1link,1,2,32,96.74
inter_pkg_1link_57,5,7,inter_pkg_1link,1,2,64,211.77
inter_pkg_1link_57,5,7,inter_pkg_1link,1,2,128,355.85
inter_pkg_1link_57,5,7,inter_pkg_1link,1,2,256,432.23
inter_pkg_1link_57,5,7,inter_pkg_1link,1,2,512,786.68
inter_pkg_1link_57,5,7,inter_pkg_1link,1,2,1024,566.66
inter_pkg_1link_57,5,7,inter_pkg_1link,1,2,2048,1133.87
inter_pkg_1link_57,5,7,inter_pkg_1link,1,2,4096,2269.76
inter_pkg_1link_57,5,7,inter_pkg_1link,1,2,8192,1430.12
inter_pkg_1link_57,5,7,inter_pkg_1link,1,2,16384,2740.47
inter_pkg_1link_57,5,7,inter_pkg_1link,1,2,32768,5126.27
inter_pkg_1link_57,5,7,inter_pkg_1link,1,2,65536,9181.33
inter_pkg_1link_57,5,7,inter_pkg_1link,1,2,131072,14943.87
inter_pkg_1link_57,5,7,inter_pkg_1link,1,2,262144,21151.43
inter_pkg_1link_57,5,7,inter_pkg_1link,1,2,524288,27253.66
inter_pkg_1link_57,5,7,inter_pkg_1link,1,2,1048576,31858.78
inter_pkg_1link_57,5,7,inter_pkg_1link,1,2,2097152,34376.73
inter_pkg_1link_57,5,7,inter_pkg_1link,1,2,4194304,35425.87
inter_pkg_1link_57,5,7,inter_pkg_1link,1,3,1,2.78
inter_pkg_1link_57,5,7,inter_pkg_1link,1,3,2,6.12
inter_pkg_1link_57,5,7,inter_pkg_1link,1,3,4,12.41
inter_pkg_1link_57,5,7,inter_pkg_1link,1,3,8,25.06
inter_pkg_1link_57,5,7,inter_pkg_1link,1,3,16,50.26
inter_pkg_1link_57,5,7,inter_pkg_1link,1,3,32,98.79
inter_pkg_1link_57,5,7,inter_pkg_1link,1,3,64,193.47
inter_pkg_1link_57,5,7,inter_pkg_1link,1,3,128,372.59
inter_pkg_1link_57,5,7,inter_pkg_1link,1,3,256,428.24
inter_pkg_1link_57,5,7,inter_pkg_1link,1,3,512,769.48
inter_pkg_1link_57,5,7,inter_pkg_1link,1,3,1024,576.24
inter_pkg_1link_57,5,7,inter_pkg_1link,1,3,2048,1152.04
inter_pkg_1link_57,5,7,inter_pkg_1link,1,3,4096,2298.82
inter_pkg_1link_57,5,7,inter_pkg_1link,1,3,8192,1431.29
inter_pkg_1link_57,5,7,inter_pkg_1link,1,3,16384,2744.62
inter_pkg_1link_57,5,7,inter_pkg_1link,1,3,32768,5124.55
inter_pkg_1link_57,5,7,inter_pkg_1link,1,3,65536,9201.26
inter_pkg_1link_57,5,7,inter_pkg_1link,1,3,131072,14941.08
inter_pkg_1link_57,5,7,inter_pkg_1link,1,3,262144,21153.68
inter_pkg_1link_57,5,7,inter_pkg_1link,1,3,524288,27293.80
inter_pkg_1link_57,5,7,inter_pkg_1link,1,3,1048576,31869.85
inter_pkg_1link_57,5,7,inter_pkg_1link,1,3,2097152,34391.31
inter_pkg_1link_57,5,7,inter_pkg_1link,1,3,4194304,35423.30
inter_pkg_1link_57,5,7,inter_pkg_1link,1,4,1,2.65
inter_pkg_1link_57,5,7,inter_pkg_1link,1,4,2,6.02
inter_pkg_1link_57,5,7,inter_pkg_1link,1,4,4,11.94
inter_pkg_1link_57,5,7,inter_pkg_1link,1,4,8,23.59
inter_pkg_1link_57,5,7,inter_pkg_1link,1,4,16,48.69
inter_pkg_1link_57,5,7,inter_pkg_1link,1,4,32,93.70
inter_pkg_1link_57,5,7,inter_pkg_1link,1,4,64,185.84
inter_pkg_1link_57,5,7,inter_pkg_1link,1,4,128,354.16
inter_pkg_1link_57,5,7,inter_pkg_1link,1,4,256,437.62
inter_pkg_1link_57,5,7,inter_pkg_1link,1,4,512,782.60
inter_pkg_1link_57,5,7,inter_pkg_1link,1,4,1024,564.87
inter_pkg_1link_57,5,7,inter_pkg_1link,1,4,2048,1136.72
inter_pkg_1link_57,5,7,inter_pkg_1link,1,4,4096,2275.34
inter_pkg_1link_57,5,7,inter_pkg_1link,1,4,8192,1422.48
inter_pkg_1link_57,5,7,inter_pkg_1link,1,4,16384,2735.33
inter_pkg_1link_57,5,7,inter_pkg_1link,1,4,32768,5150.48
inter_pkg_1link_57,5,7,inter_pkg_1link,1,4,65536,9178.60
inter_pkg_1link_57,5,7,inter_pkg_1link,1,4,131072,14876.19
inter_pkg_1link_57,5,7,inter_pkg_1link,1,4,262144,21121.82
inter_pkg_1link_57,5,7,inter_pkg_1link,1,4,524288,27221.61
inter_pkg_1link_57,5,7,inter_pkg_1link,1,4,1048576,31827.32
inter_pkg_1link_57,5,7,inter_pkg_1link,1,4,2097152,34383.72
inter_pkg_1link_57,5,7,inter_pkg_1link,1,4,4194304,35411.76
inter_pkg_1link_57,5,7,inter_pkg_1link,1,5,1,2.87
inter_pkg_1link_57,5,7,inter_pkg_1link,1,5,2,6.45
inter_pkg_1link_57,5,7,inter_pkg_1link,1,5,4,13.15
inter_pkg_1link_57,5,7,inter_pkg_1link,1,5,8,26.22
inter_pkg_1link_57,5,7,inter_pkg_1link,1,5,16,53.55
inter_pkg_1link_57,5,7,inter_pkg_1link,1,5,32,103.37
inter_pkg_1link_57,5,7,inter_pkg_1link,1,5,64,195.61
inter_pkg_1link_57,5,7,inter_pkg_1link,1,5,128,459.28
inter_pkg_1link_57,5,7,inter_pkg_1link,1,5,256,435.30
inter_pkg_1link_57,5,7,inter_pkg_1link,1,5,512,804.67
inter_pkg_1link_57,5,7,inter_pkg_1link,1,5,1024,571.41
inter_pkg_1link_57,5,7,inter_pkg_1link,1,5,2048,1130.08
inter_pkg_1link_57,5,7,inter_pkg_1link,1,5,4096,2261.75
inter_pkg_1link_57,5,7,inter_pkg_1link,1,5,8192,1459.25
inter_pkg_1link_57,5,7,inter_pkg_1link,1,5,16384,2801.11
inter_pkg_1link_57,5,7,inter_pkg_1link,1,5,32768,5219.54
inter_pkg_1link_57,5,7,inter_pkg_1link,1,5,65536,9396.30
inter_pkg_1link_57,5,7,inter_pkg_1link,1,5,131072,15158.43
inter_pkg_1link_57,5,7,inter_pkg_1link,1,5,262144,21383.09
inter_pkg_1link_57,5,7,inter_pkg_1link,1,5,524288,27479.81
inter_pkg_1link_57,5,7,inter_pkg_1link,1,5,1048576,32025.31
inter_pkg_1link_57,5,7,inter_pkg_1link,1,5,2097152,34496.40
inter_pkg_1link_57,5,7,inter_pkg_1link,1,5,4194304,35526.54
inter_pkg_1link_57,5,7,inter_pkg_1link,1,6,1,3.02
inter_pkg_1link_57,5,7,inter_pkg_1link,1,6,2,6.80
inter_pkg_1link_57,5,7,inter_pkg_1link,1,6,4,13.41
inter_pkg_1link_57,5,7,inter_pkg_1link,1,6,8,26.63
inter_pkg_1link_57,5,7,inter_pkg_1link,1,6,16,54.73
inter_pkg_1link_57,5,7,inter_pkg_1link,1,6,32,105.67
inter_pkg_1link_57,5,7,inter_pkg_1link,1,6,64,198.66
inter_pkg_1link_57,5,7,inter_pkg_1link,1,6,128,401.38
inter_pkg_1link_57,5,7,inter_pkg_1link,1,6,256,436.68
inter_pkg_1link_57,5,7,inter_pkg_1link,1,6,512,800.15
inter_pkg_1link_57,5,7,inter_pkg_1link,1,6,1024,568.01
inter_pkg_1link_57,5,7,inter_pkg_1link,1,6,2048,1135.87
inter_pkg_1link_57,5,7,inter_pkg_1link,1,6,4096,2274.90
inter_pkg_1link_57,5,7,inter_pkg_1link,1,6,8192,1432.03
inter_pkg_1link_57,5,7,inter_pkg_1link,1,6,16384,2740.02
inter_pkg_1link_57,5,7,inter_pkg_1link,1,6,32768,5128.16
inter_pkg_1link_57,5,7,inter_pkg_1link,1,6,65536,9229.29
inter_pkg_1link_57,5,7,inter_pkg_1link,1,6,131072,14927.36
inter_pkg_1link_57,5,7,inter_pkg_1link,1,6,262144,21175.91
inter_pkg_1link_57,5,7,inter_pkg_1link,1,6,524288,27230.67
inter_pkg_1link_57,5,7,inter_pkg_1link,1,6,1048576,31875.70
inter_pkg_1link_57,5,7,inter_pkg_1link,1,6,2097152,34393.26
inter_pkg_1link_57,5,7,inter_pkg_1link,1,6,4194304,35422.38
routed_07,0,7,routed,0,2,1,2.77
routed_07,0,7,routed,0,2,2,6.09
routed_07,0,7,routed,0,2,4,12.32
routed_07,0,7,routed,0,2,8,24.68
routed_07,0,7,routed,0,2,16,49.98
routed_07,0,7,routed,0,2,32,98.96
routed_07,0,7,routed,0,2,64,187.57
routed_07,0,7,routed,0,2,128,330.50
routed_07,0,7,routed,0,2,256,422.81
routed_07,0,7,routed,0,2,512,769.21
routed_07,0,7,routed,0,2,1024,569.63
routed_07,0,7,routed,0,2,2048,1142.05
routed_07,0,7,routed,0,2,4096,2288.29
routed_07,0,7,routed,0,2,8192,1437.81
routed_07,0,7,routed,0,2,16384,2793.07
routed_07,0,7,routed,0,2,32768,5288.92
routed_07,0,7,routed,0,2,65536,9613.65
routed_07,0,7,routed,0,2,131072,16320.60
routed_07,0,7,routed,0,2,262144,24494.67
routed_07,0,7,routed,0,2,524288,33742.67
routed_07,0,7,routed,0,2,1048576,40313.61
routed_07,0,7,routed,0,2,2097152,45233.06
routed_07,0,7,routed,0,2,4194304,47817.93
routed_07,0,7,routed,0,3,1,2.75
routed_07,0,7,routed,0,3,2,6.29
routed_07,0,7,routed,0,3,4,12.26
routed_07,0,7,routed,0,3,8,24.84
routed_07,0,7,routed,0,3,16,50.77
routed_07,0,7,routed,0,3,32,103.27
routed_07,0,7,routed,0,3,64,206.71
routed_07,0,7,routed,0,3,128,402.64
routed_07,0,7,routed,0,3,256,421.27
routed_07,0,7,routed,0,3,512,771.70
routed_07,0,7,routed,0,3,1024,575.64
routed_07,0,7,routed,0,3,2048,1157.46
routed_07,0,7,routed,0,3,4096,2312.07
routed_07,0,7,routed,0,3,8192,1400.14
routed_07,0,7,routed,0,3,16384,2719.39
routed_07,0,7,routed,0,3,32768,5164.85
routed_07,0,7,routed,0,3,65536,9385.99
routed_07,0,7,routed,0,3,131072,16072.69
routed_07,0,7,routed,0,3,262144,23944.71
routed_07,0,7,routed,0,3,524288,33254.89
routed_07,0,7,routed,0,3,1048576,40012.50
routed_07,0,7,routed,0,3,2097152,45044.98
routed_07,0,7,routed,0,3,4194304,47779.89
routed_07,0,7,routed,0,4,1,2.74
routed_07,0,7,routed,0,4,2,6.09
routed_07,0,7,routed,0,4,4,12.21
routed_07,0,7,routed,0,4,8,24.81
routed_07,0,7,routed,0,4,16,50.07
routed_07,0,7,routed,0,4,32,98.92
routed_07,0,7,routed,0,4,64,182.84
routed_07,0,7,routed,0,4,128,330.35
routed_07,0,7,routed,0,4,256,431.17
routed_07,0,7,routed,0,4,512,783.02
routed_07,0,7,routed,0,4,1024,566.80
routed_07,0,7,routed,0,4,2048,1133.52
routed_07,0,7,routed,0,4,4096,2264.99
routed_07,0,7,routed,0,4,8192,1436.48
routed_07,0,7,routed,0,4,16384,2794.70
routed_07,0,7,routed,0,4,32768,5289.80
routed_07,0,7,routed,0,4,65536,9630.26
routed_07,0,7,routed,0,4,131072,16306.72
routed_07,0,7,routed,0,4,262144,24418.23
routed_07,0,7,routed,0,4,524288,33690.97
routed_07,0,7,routed,0,4,1048576,40311.22
routed_07,0,7,routed,0,4,2097152,45222.33
routed_07,0,7,routed,0,4,4194304,47825.83
routed_07,0,7,routed,0,5,1,2.67
routed_07,0,7,routed,0,5,2,6.02
routed_07,0,7,routed,0,5,4,12.24
routed_07,0,7,routed,0,5,8,24.04
routed_07,0,7,routed,0,5,16,49.99
routed_07,0,7,routed,0,5,32,94.74
routed_07,0,7,routed,0,5,64,186.28
routed_07,0,7,routed,0,5,128,354.52
routed_07,0,7,routed,0,5,256,433.23
routed_07,0,7,routed,0,5,512,780.64
routed_07,0,7,routed,0,5,1024,569.38
routed_07,0,7,routed,0,5,2048,1138.87
routed_07,0,7,routed,0,5,4096,2276.55
routed_07,0,7,routed,0,5,8192,1437.55
routed_07,0,7,routed,0,5,16384,2793.38
routed_07,0,7,routed,0,5,32768,5309.61
routed_07,0,7,routed,0,5,65536,9619.46
routed_07,0,7,routed,0,5,131072,16356.20
routed_07,0,7,routed,0,5,262144,24438.67
routed_07,0,7,routed,0,5,524288,33704.15
routed_07,0,7,routed,0,5,1048576,40295.18
routed_07,0,7,routed,0,5,2097152,45146.36
routed_07,0,7,routed,0,5,4194304,47811.90
routed_07,0,7,routed,0,6,1,2.72
routed_07,0,7,routed,0,6,2,6.26
routed_07,0,7,routed,0,6,4,12.22
routed_07,0,7,routed,0,6,8,24.37
routed_07,0,7,routed,0,6,16,49.56
routed_07,0,7,routed,0,6,32,98.48
routed_07,0,7,routed,0,6,64,167.54
routed_07,0,7,routed,0,6,128,368.83
routed_07,0,7,routed,0,6,256,427.47
routed_07,0,7,routed,0,6,512,783.30
routed_07,0,7,routed,0,6,1024,567.04
routed_07,0,7,routed,0,6,2048,1135.05
routed_07,0,7,routed,0,6,4096,2273.54
routed_07,0,7,routed,0,6,8192,1437.43
routed_07,0,7,routed,0,6,16384,2797.12
routed_07,0,7,routed,0,6,32768,5435.18
routed_07,0,7,routed,0,6,65536,9660.85
routed_07,0,7,routed,0,6,131072,16421.83
routed_07,0,7,routed,0,6,262144,24627.24
routed_07,0,7,routed,0,6,524288,33646.23
routed_07,0,7,routed,0,6,1048576,40375.74
routed_07,0,7,routed,0,6,2097152,45159.16
routed_07,0,7,routed,0,6,4194304,47822.19
routed_16,1,6,routed,0,2,1,2.73
routed_16,1,6,routed,0,2,2,6.14
routed_16,1,6,routed,0,2,4,12.05
routed_16,1,6,routed,0,2,8,24.41
routed_16,1,6,routed,0,2,16,49.16
routed_16,1,6,routed,0,2,32,93.26
routed_16,1,6,routed,0,2,64,177.28
routed_16,1,6,routed,0,2,128,344.46
routed_16,1,6,routed,0,2,256,420.69
routed_16,1,6,routed,0,2,512,779.00
routed_16,1,6,routed,0,2,1024,573.52
routed_16,1,6,routed,0,2,2048,1150.17
routed_16,1,6,routed,0,2,4096,2299.62
routed_16,1,6,routed,0,2,8192,1425.83
routed_16,1,6,routed,0,2,16384,2768.88
routed_16,1,6,routed,0,2,32768,5245.48
routed_16,1,6,routed,0,2,65536,9569.36
routed_16,1,6,routed,0,2,131072,16213.06
routed_16,1,6,routed,0,2,262144,24262.11
routed_16,1,6,routed,0,2,524288,33585.83
routed_16,1,6,routed,0,2,1048576,40236.55
routed_16,1,6,routed,0,2,2097152,45219.67
routed_16,1,6,routed,0,2,4194304,47814.87
routed_16,1,6,routed,0,3,1,2.82
routed_16,1,6,routed,0,3,2,6.25
routed_16,1,6,routed,0,3,4,12.44
routed_16,1,6,routed,0,3,8,25.07
routed_16,1,6,routed,0,3,16,50.32
routed_16,1,6,routed,0,3,32,98.24
routed_16,1,6,routed,0,3,64,191.25
routed_16,1,6,routed,0,3,128,373.90
routed_16,1,6,routed,0,3,256,430.61
routed_16,1,6,routed,0,3,512,785.23
routed_16,1,6,routed,0,3,1024,560.75
routed_16,1,6,routed,0,3,2048,1119.16
routed_16,1,6,routed,0,3,4096,2236.15
routed_16,1,6,routed,0,3,8192,1424.35
routed_16,1,6,routed,0,3,16384,2770.97
routed_16,1,6,routed,0,3,32768,5397.21
routed_16,1,6,routed,0,3,65536,9563.83
routed_16,1,6,routed,0,3,131072,16246.19
routed_16,1,6,routed,0,3,262144,24503.04
routed_16,1,6,routed,0,3,524288,33541.84
routed_16,1,6,routed,0,3,1048576,40302.10
routed_16,1,6,routed,0,3,2097152,45129.55
routed_16,1,6,routed,0,3,4194304,47820.11
routed_16,1,6,routed,0,4,1,2.78
routed_16,1,6,routed,0,4,2,6.24
routed_16,1,6,routed,0,4,4,12.34
routed_16,1,6,routed,0,4,8,24.92
routed_16,1,6,routed,0,4,16,50.53
routed_16,1,6,routed,0,4,32,96.11
routed_16,1,6,routed,0,4,64,175.62
routed_16,1,6,routed,0,4,128,350.83
routed_16,1,6,routed,0,4,256,432.52
routed_16,1,6,routed,0,4,512,786.68
routed_16,1,6,routed,0,4,1024,571.12
routed_16,1,6,routed,0,4,2048,1146.25
routed_16,1,6,routed,0,4,4096,2292.33
routed_16,1,6,routed,0,4,8192,1423.95
routed_16,1,6,routed,0,4,16384,2769.81
routed_16,1,6,routed,0,4,32768,5225.08
routed_16,1,6,routed,0,4,65536,9561.22
routed_16,1,6,routed,0,4,131072,16222.47
routed_16,1,6,routed,0,4,262144,24267.23
routed_16,1,6,routed,0,4,524288,33614.50
routed_16,1,6,routed,0,4,1048576,40257.00
routed_16,1,6,routed,0,4,2097152,45216.97
routed_16,1,6,routed,0,4,4194304,47798.42
routed_16,1,6,routed,0,5,1,3.04
routed_16,1,6,routed,0,5,2,6.75
routed_16,1,6,routed,0,5,4,13.13
routed_16,1,6,routed,0,5,8,27.34
routed_16,1,6,routed,0,5,16,55.59
routed_16,1,6,routed,0,5,32,104.86
routed_16,1,6,routed,0,5,64,218.68
routed_16,1,6,routed,0,5,128,346.21
routed_16,1,6,routed,0,5,256,438.46
routed_16,1,6,routed,0,5,512,815.91
routed_16,1,6,routed,0,5,1024,573.77
routed_16,1,6,routed,0,5,2048,1151.21
routed_16,1,6,routed,0,5,4096,2306.62
routed_16,1,6,routed,0,5,8192,1419.42
routed_16,1,6,routed,0,5,16384,2758.83
routed_16,1,6,routed,0,5,32768,5247.76
routed_16,1,6,routed,0,5,65536,9521.80
routed_16,1,6,routed,0,5,131072,16181.15
routed_16,1,6,routed,0,5,262144,24251.34
routed_16,1,6,routed,0,5,524288,33570.46
routed_16,1,6,routed,0,5,1048576,40215.91
routed_16,1,6,routed,0,5,2097152,45202.97
routed_16,1,6,routed,0,5,4194304,47796.50
routed_16,1,6,routed,0,6,1,2.66
routed_16,1,6,routed,0,6,2,5.98
routed_16,1,6,routed,0,6,4,12.10
routed_16,1,6,routed,0,6,8,24.00
routed_16,1,6,routed,0,6,16,48.13
routed_16,1,6,routed,0,6,32,97.44
routed_16,1,6,routed,0,6,64,187.70
routed_16,1,6,routed,0,6,128,325.41
routed_16,1,6,routed,0,6,256,426.72
routed_16,1,6,routed,0,6,512,777.14
routed_16,1,6,routed,0,6,1024,564.83
routed_16,1,6,routed,0,6,2048,1130.71
routed_16,1,6,routed,0,6,4096,2258.67
routed_16,1,6,routed,0,6,8192,1421.82
routed_16,1,6,routed,0,6,16384,2762.49
routed_16,1,6,routed,0,6,32768,5235.56
routed_16,1,6,routed,0,6,65536,9534.19
routed_16,1,6,routed,0,6,131072,16179.08
routed_16,1,6,routed,0,6,262144,24310.37
routed_16,1,6,routed,0,6,524288,33609.44
routed_16,1,6,routed,0,6,1048576,40251.52
routed_16,1,6,routed,0,6,2097152,45151.56
routed_16,1,6,routed,0,6,4194304,47791.28
routed_03,0,3,routed,0,2,1,2.69
routed_03,0,3,routed,0,2,2,5.92
routed_03,0,3,routed,0,2,4,12.13
routed_03,0,3,routed,0,2,8,24.19
routed_03,0,3,routed,0,2,16,48.16
routed_03,0,3,routed,0,2,32,95.83
routed_03,0,3,routed,0,2,64,186.79
routed_03,0,3,routed,0,2,128,379.46
routed_03,0,3,routed,0,2,256,425.19
routed_03,0,3,routed,0,2,512,764.26
routed_03,0,3,routed,0,2,1024,562.43
routed_03,0,3,routed,0,2,2048,1119.35
routed_03,0,3,routed,0,2,4096,2258.73
routed_03,0,3,routed,0,2,8192,1424.82
routed_03,0,3,routed,0,2,16384,2736.02
routed_03,0,3,routed,0,2,32768,5164.12
routed_03,0,3,routed,0,2,65536,9211.88
routed_03,0,3,routed,0,2,131072,15036.04
routed_03,0,3,routed,0,2,262144,21404.69
routed_03,0,3,routed,0,2,524288,27589.98
routed_03,0,3,routed,0,2,1048576,32249.97
routed_03,0,3,routed,0,2,2097152,34954.15
routed_03,0,3,routed,0,2,4194304,36023.92
routed_03,0,3,routed,0,3,1,2.74
routed_03,0,3,routed,0,3,2,6.05
routed_03,0,3,routed,0,3,4,12.19
routed_03,0,3,routed,0,3,8,24.48
routed_03,0,3,routed,0,3,16,49.84
routed_03,0,3,routed,0,3,32,93.95
routed_03,0,3,routed,0,3,64,185.05
routed_03,0,3,routed,0,3,128,337.24
routed_03,0,3,routed,0,3,256,428.20
routed_03,0,3,routed,0,3,512,775.94
routed_03,0,3,routed,0,3,1024,561.94
routed_03,0,3,routed,0,3,2048,1141.61
routed_03,0,3,routed,0,3,4096,2284.46
routed_03,0,3,routed,0,3,8192,1423.70
routed_03,0,3,routed,0,3,16384,2734.39
routed_03,0,3,routed,0,3,32768,5106.80
routed_03,0,3,routed,0,3,65536,9189.25
routed_03,0,3,routed,0,3,131072,15001.35
routed_03,0,3,routed,0,3,262144,21302.64
routed_03,0,3,routed,0,3,524288,27567.53
routed_03,0,3,routed,0,3,1048576,32333.60
routed_03,0,3,routed,0,3,2097152,34931.73
routed_03,0,3,routed,0,3,4194304,36003.21
routed_03,0,3,routed,0,4,1,2.86
routed_03,0,3,routed,0,4,2,6.40
routed_03,0,3,routed,0,4,4,12.83
routed_03,0,3,routed,0,4,8,25.29
routed_03,0,3,routed,0,4,16,52.54
routed_03,0,3,routed,0,4,32,97.63
routed_03,0,3,routed,0,4,64,201.55
routed_03,0,3,routed,0,4,128,380.76
routed_03,0,3,routed,0,4,256,433.41
routed_03,0,3,routed,0,4,512,793.89
routed_03,0,3,routed,0,4,1024,571.08
routed_03,0,3,routed,0,4,2048,1144.64
routed_03,0,3,routed,0,4,4096,2290.96
routed_03,0,3,routed,0,4,8192,1412.74
routed_03,0,3,routed,0,4,16384,2707.03
routed_03,0,3,routed,0,4,32768,5092.26
routed_03,0,3,routed,0,4,65536,9107.81
routed_03,0,3,routed,0,4,131072,14877.04
routed_03,0,3,routed,0,4,262144,21261.15
routed_03,0,3,routed,0,4,524288,27515.11
routed_03,0,3,routed,0,4,1048576,32211.22
routed_03,0,3,routed,0,4,2097152,34903.21
routed_03,0,3,routed,0,4,4194304,35988.53
routed_03,0,3,routed,0,5,1,2.86
routed_03,0,3,routed,0,5,2,6.39
routed_03,0,3,routed,0,5,4,12.70
routed_03,0,3,routed,0,5,8,25.56
routed_03,0,3,routed,0,5,16,51.29
routed_03,0,3,routed,0,5,32,102.99
routed_03,0,3,routed,0,5,64,206.87
routed_03,0,3,routed,0,5,128,367.98
routed_03,0,3,routed,0,5,256,438.42
routed_03,0,3,routed,0,5,512,807.06
routed_03,0,3,routed,0,5,1024,573.01
routed_03,0,3,routed,0,5,2048,1148.16
routed_03,0,3,routed,0,5,4096,2295.45
routed_03,0,3,routed,0,5,8192,1386.89
routed_03,0,3,routed,0,5,16384,2685.08
routed_03,0,3,routed,0,5,32768,5146.76
routed_03,0,3,routed,0,5,65536,9210.24
routed_03,0,3,routed,0,5,131072,14961.76
routed_03,0,3,routed,0,5,262144,21420.30
routed_03,0,3,routed,0,5,524288,27705.08
routed_03,0,3,routed,0,5,1048576,32306.81
routed_03,0,3,routed,0,5,2097152,34981.28
routed_03,0,3,routed,0,5,4194304,36020.14
routed_03,0,3,routed,0,6,1,2.65
routed_03,0,3,routed,0,6,2,5.99
routed_03,0,3,routed,0,6,4,12.08
routed_03,0,3,routed,0,6,8,23.83
routed_03,0,3,routed,0,6,16,48.86
routed_03,0,3,routed,0,6,32,97.32
routed_03,0,3,routed,0,6,64,185.14
routed_03,0,3,routed,0,6,128,337.54
routed_03,0,3,routed,0,6,256,427.77
routed_03,0,3,routed,0,6,512,772.37
routed_03,0,3,routed,0,6,1024,563.02
routed_03,0,3,routed,0,6,2048,1120.95
routed_03,0,3,routed,0,6,4096,2255.22
routed_03,0,3,routed,0,6,8192,1421.32
routed_03,0,3,routed,0,6,16384,2734.98
routed_03,0,3,routed,0,6,32768,5098.44
routed_03,0,3,routed,0,6,65536,9129.86
routed_03,0,3,routed,0,6,131072,14848.44
routed_03,0,3,routed,0,6,262144,21258.84
routed_03,0,3,routed,0,6,524288,27528.28
routed_03,0,3,routed,0,6,1048576,32211.52
routed_03,0,3,routed,0,6,2097152,34916.55
routed_03,0,3,routed,0,6,4194304,36006.36
routed_14,1,4,routed,0,2,1,2.77
routed_14,1,4,routed,0,2,2,6.16
routed_14,1,4,routed,0,2,4,12.51
routed_14,1,4,routed,0,2,8,28.34
routed_14,1,4,routed,0,2,16,50.15
routed_14,1,4,routed,0,2,32,98.89
routed_14,1,4,routed,0,2,64,178.34
routed_14,1,4,routed,0,2,128,373.36
routed_14,1,4,routed,0,2,256,428.65
routed_14,1,4,routed,0,2,512,780.12
routed_14,1,4,routed,0,2,1024,570.25
routed_14,1,4,routed,0,2,2048,1143.13
routed_14,1,4,routed,0,2,4096,2287.66
routed_14,1,4,routed,0,2,8192,1430.36
routed_14,1,4,routed,0,2,16384,2747.75
routed_14,1,4,routed,0,2,32768,5112.43
routed_14,1,4,routed,0,2,65536,9175.90
routed_14,1,4,routed,0,2,131072,14837.65
routed_14,1,4,routed,0,2,262144,21164.86
routed_14,1,4,routed,0,2,524288,27267.27
routed_14,1,4,routed,0,2,1048576,31753.41
routed_14,1,4,routed,0,2,2097152,34381.28
routed_14,1,4,routed,0,2,4194304,35414.20
routed_14,1,4,routed,0,3,1,2.93
routed_14,1,4,routed,0,3,2,6.50
routed_14,1,4,routed,0,3,4,12.94
routed_14,1,4,routed,0,3,8,26.21
routed_14,1,4,routed,0,3,16,54.16
routed_14,1,4,routed,0,3,32,106.18
routed_14,1,4,routed,0,3,64,201.32
routed_14,1,4,routed,0,3,128,383.12
routed_14,1,4,routed,0,3,256,439.80
routed_14,1,4,routed,0,3,512,805.21
routed_14,1,4,routed,0,3,1024,575.89
routed_14,1,4,routed,0,3,2048,1152.09
routed_14,1,4,routed,0,3,4096,2303.82
routed_14,1,4,routed,0,3,8192,1392.97
routed_14,1,4,routed,0,3,16384,2666.36
routed_14,1,4,routed,0,3,32768,5040.73
routed_14,1,4,routed,0,3,65536,9038.09
routed_14,1,4,routed,0,3,131072,14785.59
routed_14,1,4,routed,0,3,262144,20936.14
routed_14,1,4,routed,0,3,524288,27204.52
routed_14,1,4,routed,0,3,1048576,31737.26
routed_14,1,4,routed,0,3,2097152,34297.76
routed_14,1,4,routed,0,3,4194304,35367.66
routed_14,1,4,routed,0,4,1,2.81
routed_14,1,4,routed,0,4,2,6.18
routed_14,1,4,routed,0,4,4,12.26
routed_14,1,4,routed,0,4,8,24.76
routed_14,1,4,routed,0,4,16,49.94
routed_14,1,4,routed,0,4,32,97.57
routed_14,1,4,routed,0,4,64,183.16
routed_14,1,4,routed,0,4,128,343.38
routed_14,1,4,routed,0,4,256,422.94
routed_14,1,4,routed,0,4,512,769.87
routed_14,1,4,routed,0,4,1024,562.61
routed_14,1,4,routed,0,4,2048,1148.25
routed_14,1,4,routed,0,4,4096,2292.42
routed_14,1,4,routed,0,4,8192,1436.85
routed_14,1,4,routed,0,4,16384,2753.41
routed_14,1,4,routed,0,4,32768,5209.36
routed_14,1,4,routed,0,4,65536,9283.08
routed_14,1,4,routed,0,4,131072,15102.08
routed_14,1,4,routed,0,4,262144,21239.20
routed_14,1,4,routed,0,4,524288,27387.30
routed_14,1,4,routed,0,4,1048576,31852.26
routed_14,1,4,routed,0,4,2097152,34404.99
routed_14,1,4,routed,0,4,4194304,35426.01
routed_14,1,4,routed,0,5,1,2.76
routed_14,1,4,routed,0,5,2,6.24
routed_14,1,4,routed,0,5,4,12.27
routed_14,1,4,routed,0,5,8,24.61
routed_14,1,4,routed,0,5,16,49.36
routed_14,1,4,routed,0,5,32,97.91
routed_14,1,4,routed,0,5,64,174.34
routed_14,1,4,routed,0,5,128,360.40
routed_14,1,4,routed,0,5,256,421.74
routed_14,1,4,routed,0,5,512,771.44
routed_14,1,4,routed,0,5,1024,567.42
routed_14,1,4,routed,0,5,2048,1140.45
routed_14,1,4,routed,0,5,4096,2283.89
routed_14,1,4,routed,0,5,8192,1435.27
routed_14,1,4,routed,0,5,16384,2747.52
routed_14,1,4,routed,0,5,32768,5152.81
routed_14,1,4,routed,0,5,65536,9254.77
routed_14,1,4,routed,0,5,131072,15016.30
routed_14,1,4,routed,0,5,262144,21259.60
routed_14,1,4,routed,0,5,524288,27337.63
routed_14,1,4,routed,0,5,1048576,31885.29
routed_14,1,4,routed,0,5,2097152,34401.65
routed_14,1,4,routed,0,5,4194304,35435.93
routed_14,1,4,routed,0,6,1,2.70
routed_14,1,4,routed,0,6,2,5.99
routed_14,1,4,routed,0,6,4,11.99
routed_14,1,4,routed,0,6,8,24.15
routed_14,1,4,routed,0,6,16,48.66
routed_14,1,4,routed,0,6,32,98.16
routed_14,1,4,routed,0,6,64,173.60
routed_14,1,4,routed,0,6,128,351.20
routed_14,1,4,routed,0,6,256,428.17
routed_14,1,4,routed,0,6,512,790.68
routed_14,1,4,routed,0,6,1024,568.93
routed_14,1,4,routed,0,6,2048,1139.61
routed_14,1,4,routed,0,6,4096,2275.75
routed_14,1,4,routed,0,6,8192,1430.05
routed_14,1,4,routed,0,6,16384,2745.79
routed_14,1,4,routed,0,6,32768,5181.75
routed_14,1,4,routed,0,6,65536,9265.29
routed_14,1,4,routed,0,6,131072,15102.29
routed_14,1,4,routed,0,6,262144,21304.30
routed_14,1,4,routed,0,6,524288,27353.69
routed_14,1,4,routed,0,6,1048576,31845.57
routed_14,1,4,routed,0,6,2097152,34422.80
routed_14,1,4,routed,0,6,4194304,35423.81
routed_17,1,7,routed,0,2,1,2.89
routed_17,1,7,routed,0,2,2,6.41
routed_17,1,7,routed,0,2,4,13.01
routed_17,1,7,routed,0,2,8,26.24
routed_17,1,7,routed,0,2,16,52.74
routed_17,1,7,routed,0,2,32,102.55
routed_17,1,7,routed,0,2,64,197.15
routed_17,1,7,routed,0,2,128,380.74
routed_17,1,7,routed,0,2,256,439.39
routed_17,1,7,routed,0,2,512,817.01
routed_17,1,7,routed,0,2,1024,579.94
routed_17,1,7,routed,0,2,2048,1159.04
routed_17,1,7,routed,0,2,4096,2315.33
routed_17,1,7,routed,0,2,8192,1353.50
routed_17,1,7,routed,0,2,16384,2639.26
routed_17,1,7,routed,0,2,32768,5000.08
routed_17,1,7,routed,0,2,65536,9167.83
routed_17,1,7,routed,0,2,131072,15735.83
routed_17,1,7,routed,0,2,262144,23625.38
routed_17,1,7,routed,0,2,524288,32921.93
routed_17,1,7,routed,0,2,1048576,39818.10
routed_17,1,7,routed,0,2,2097152,44888.38
routed_17,1,7,routed,0,2,4194304,47755.21
routed_17,1,7,routed,0,3,1,2.75
routed_17,1,7,routed,0,3,2,6.15
routed_17,1,7,routed,0,3,4,12.40
routed_17,1,7,routed,0,3,8,25.16
routed_17,1,7,routed,0,3,16,49.93
routed_17,1,7,routed,0,3,32,98.05
routed_17,1,7,routed,0,3,64,188.96
routed_17,1,7,routed,0,3,128,359.71
routed_17,1,7,routed,0,3,256,433.50
routed_17,1,7,routed,0,3,512,786.05
routed_17,1,7,routed,0,3,1024,571.20
routed_17,1,7,routed,0,3,2048,1146.43
routed_17,1,7,routed,0,3,4096,2294.39
routed_17,1,7,routed,0,3,8192,1389.92
routed_17,1,7,routed,0,3,16384,2701.41
routed_17,1,7,routed,0,3,32768,5117.73
routed_17,1,7,routed,0,3,65536,9346.06
routed_17,1,7,routed,0,3,131072,15974.92
routed_17,1,7,routed,0,3,262144,23940.62
routed_17,1,7,routed,0,3,524288,33293.32
routed_17,1,7,routed,0,3,1048576,40017.18
routed_17,1,7,routed,0,3,2097152,45045.78
routed_17,1,7,routed,0,3,4194304,47801.53
routed_17,1,7,routed,0,4,1,2.80
routed_17,1,7,routed,0,4,2,5.96
routed_17,1,7,routed,0,4,4,12.20
routed_17,1,7,routed,0,4,8,25.78
routed_17,1,7,routed,0,4,16,62.91
routed_17,1,7,routed,0,4,32,97.82
routed_17,1,7,routed,0,4,64,195.86
routed_17,1,7,routed,0,4,128,346.56
routed_17,1,7,routed,0,4,256,428.20
routed_17,1,7,routed,0,4,512,782.14
routed_17,1,7,routed,0,4,1024,573.31
routed_17,1,7,routed,0,4,2048,1148.76
routed_17,1,7,routed,0,4,4096,2295.13
routed_17,1,7,routed,0,4,8192,1390.35
routed_17,1,7,routed,0,4,16384,2702.09
routed_17,1,7,routed,0,4,32768,5147.98
routed_17,1,7,routed,0,4,65536,9372.14
routed_17,1,7,routed,0,4,131072,15987.01
routed_17,1,7,routed,0,4,262144,23894.39
routed_17,1,7,routed,0,4,524288,33255.14
routed_17,1,7,routed,0,4,1048576,40023.07
routed_17,1,7,routed,0,4,2097152,45051.91
routed_17,1,7,routed,0,4,4194304,47789.58
routed_17,1,7,routed,0,5,1,2.75
routed_17,1,7,routed,0,5,2,6.12
routed_17,1,7,routed,0,5,4,12.37
routed_17,1,7,routed,0,5,8,25.07
routed_17,1,7,routed,0,5,16,50.39
routed_17,1,7,routed,0,5,32,98.60
routed_17,1,7,routed,0,5,64,184.49
routed_17,1,7,routed,0,5,128,319.24
routed_17,1,7,routed,0,5,256,422.18
routed_17,1,7,routed,0,5,512,772.61
routed_17,1,7,routed,0,5,1024,561.79
routed_17,1,7,routed,0,5,2048,1127.96
routed_17,1,7,routed,0,5,4096,2260.92
routed_17,1,7,routed,0,5,8192,1393.01
routed_17,1,7,routed,0,5,16384,2704.31
routed_17,1,7,routed,0,5,32768,5211.86
routed_17,1,7,routed,0,5,65536,9394.16
routed_17,1,7,routed,0,5,131072,16011.66
routed_17,1,7,routed,0,5,262144,24044.99
routed_17,1,7,routed,0,5,524288,33184.91
routed_17,1,7,routed,0,5,1048576,40049.96
routed_17,1,7,routed,0,5,2097152,44980.28
routed_17,1,7,routed,0,5,4194304,47781.23
routed_17,1,7,routed,0,6,1,2.80
routed_17,1,7,routed,0,6,2,6.11
routed_17,1,7,routed,0,6,4,12.29
routed_17,1,7,routed,0,6,8,24.57
routed_17,1,7,routed,0,6,16,50.33
routed_17,1,7,routed,0,6,32,93.19
routed_17,1,7,routed,0,6,64,188.61
routed_17,1,7,routed,0,6,128,330.41
routed_17,1,7,routed,0,6,256,430.88
routed_17,1,7,routed,0,6,512,786.28
routed_17,1,7,routed,0,6,1024,565.21
routed_17,1,7,routed,0,6,2048,1129.34
routed_17,1,7,routed,0,6,4096,2262.70
routed_17,1,7,routed,0,6,8192,1392.71
routed_17,1,7,routed,0,6,16384,2704.70
routed_17,1,7,routed,0,6,32768,5195.80
routed_17,1,7,routed,0,6,65536,9390.57
routed_17,1,7,routed,0,6,131072,16007.83
routed_17,1,7,routed,0,6,262144,24091.19
routed_17,1,7,routed,0,6,524288,33266.93
routed_17,1,7,routed,0,6,1048576,40068.64
routed_17,1,7,routed,0,6,2097152,45001.24
routed_17,1,7,routed,0,6,4194304,47799.61
routed_35,3,5,routed,0,2,1,2.77
routed_35,3,5,routed,0,2,2,6.26
routed_35,3,5,routed,0,2,4,12.43
routed_35,3,5,routed,0,2,8,24.65
routed_35,3,5,routed,0,2,16,50.22
routed_35,3,5,routed,0,2,32,98.30
routed_35,3,5,routed,0,2,64,187.00
routed_35,3,5,routed,0,2,128,370.09
routed_35,3,5,routed,0,2,256,429.26
routed_35,3,5,routed,0,2,512,786.71
routed_35,3,5,routed,0,2,1024,561.99
routed_35,3,5,routed,0,2,2048,1127.08
routed_35,3,5,routed,0,2,4096,2253.46
routed_35,3,5,routed,0,2,8192,1346.19
routed_35,3,5,routed,0,2,16384,2622.05
routed_35,3,5,routed,0,2,32768,4993.73
routed_35,3,5,routed,0,2,65536,9141.59
routed_35,3,5,routed,0,2,131072,15671.85
routed_35,3,5,routed,0,2,262144,23520.80
routed_35,3,5,routed,0,2,524288,32751.20
routed_35,3,5,routed,0,2,1048576,39709.71
routed_35,3,5,routed,0,2,2097152,44848.39
routed_35,3,5,routed,0,2,4194304,47737.90
routed_35,3,5,routed,0,3,1,2.72
routed_35,3,5,routed,0,3,2,6.02
routed_35,3,5,routed,0,3,4,12.22
routed_35,3,5,routed,0,3,8,24.39
routed_35,3,5,routed,0,3,16,49.50
routed_35,3,5,routed,0,3,32,97.47
routed_35,3,5,routed,0,3,64,175.06
routed_35,3,5,routed,0,3,128,353.24
routed_35,3,5,routed,0,3,256,432.51
routed_35,3,5,routed,0,3,512,781.33
routed_35,3,5,routed,0,3,1024,572.20
routed_35,3,5,routed,0,3,2048,1143.72
routed_35,3,5,routed,0,3,4096,2284.93
routed_35,3,5,routed,0,3,8192,1344.81
routed_35,3,5,routed,0,3,16384,2618.19
routed_35,3,5,routed,0,3,32768,4981.90
routed_35,3,5,routed,0,3,65536,9137.97
routed_35,3,5,routed,0,3,131072,15692.84
routed_35,3,5,routed,0,3,262144,23549.45
routed_35,3,5,routed,0,3,524288,32810.75
routed_35,3,5,routed,0,3,1048576,39726.94
routed_35,3,5,routed,0,3,2097152,44804.01
routed_35,3,5,routed,0,3,4194304,47744.50
routed_35,3,5,routed,0,4,1,2.90
routed_35,3,5,routed,0,4,2,6.50
routed_35,3,5,routed,0,4,4,13.48
routed_35,3,5,routed,0,4,8,30.32
routed_35,3,5,routed,0,4,16,53.36
routed_35,3,5,routed,0,4,32,103.71
routed_35,3,5,routed,0,4,64,201.35
routed_35,3,5,routed,0,4,128,389.68
routed_35,3,5,routed,0,4,256,440.45
routed_35,3,5,routed,0,4,512,805.74
routed_35,3,5,routed,0,4,1024,577.25
routed_35,3,5,routed,0,4,2048,1156.55
routed_35,3,5,routed,0,4,4096,2317.82
routed_35,3,5,routed,0,4,8192,1338.32
routed_35,3,5,routed,0,4,16384,2611.77
routed_35,3,5,routed,0,4,32768,4940.56
routed_35,3,5,routed,0,4,65536,9084.61
routed_35,3,5,routed,0,4,131072,15647.66
routed_35,3,5,routed,0,4,262144,23524.30
routed_35,3,5,routed,0,4,524288,32720.60
routed_35,3,5,routed,0,4,1048576,39684.01
routed_35,3,5,routed,0,4,2097152,44784.90
routed_35,3,5,routed,0,4,4194304,47724.86
routed_35,3,5,routed,0,5,1,2.93
routed_35,3,5,routed,0,5,2,6.59
routed_35,3,5,routed,0,5,4,13.20
routed_35,3,5,routed,0,5,8,25.80
routed_35,3,5,routed,0,5,16,53.89
routed_35,3,5,routed,0,5,32,105.12
routed_35,3,5,routed,0,5,64,181.02
routed_35,3,5,routed,0,5,128,382.10
routed_35,3,5,routed,0,5,256,445.11
routed_35,3,5,routed,0,5,512,821.91
routed_35,3,5,routed,0,5,1024,571.37
routed_35,3,5,routed,0,5,2048,1144.76
routed_35,3,5,routed,0,5,4096,2297.19
routed_35,3,5,routed,0,5,8192,1344.72
routed_35,3,5,routed,0,5,16384,2621.94
routed_35,3,5,routed,0,5,32768,4998.55
routed_35,3,5,routed,0,5,65536,9149.11
routed_35,3,5,routed,0,5,131072,15683.45
routed_35,3,5,routed,0,5,262144,23551.04
routed_35,3,5,routed,0,5,524288,32771.56
routed_35,3,5,routed,0,5,1048576,40059.37
routed_35,3,5,routed,0,5,2097152,45087.33
routed_35,3,5,routed,0,5,4194304,47788.10
routed_35,3,5,routed,0,6,1,2.89
routed_35,3,5,routed,0,6,2,6.53
routed_35,3,5,routed,0,6,4,13.43
routed_35,3,5,routed,0,6,8,30.51
routed_35,3,5,routed,0,6,16,51.91
routed_35,3,5,routed,0,6,32,102.18
routed_35,3,5,routed,0,6,64,178.26
routed_35,3,5,routed,0,6,128,388.66
routed_35,3,5,routed,0,6,256,428.21
routed_35,3,5,routed,0,6,512,787.80
routed_35,3,5,routed,0,6,1024,570.49
routed_35,3,5,routed,0,6,2048,1144.95
routed_35,3,5,routed,0,6,4096,2298.38
routed_35,3,5,routed,0,6,8192,1347.47
routed_35,3,5,routed,0,6,16384,2622.39
routed_35,3,5,routed,0,6,32768,5037.90
routed_35,3,5,routed,0,6,65536,9165.02
routed_35,3,5,routed,0,6,131072,15726.46
routed_35,3,5,routed,0,6,262144,23622.60
routed_35,3,5,routed,0,6,524288,32803.92
routed_35,3,5,routed,0,6,1048576,39727.17
routed_35,3,5,routed,0,6,2097152,44743.52
routed_35,3,5,routed,0,6,4194304,47732.50
self_GCD0,0,0,self,NA,2,1,2.84
self_GCD0,0,0,self,NA,2,2,6.34
self_GCD0,0,0,self,NA,2,4,12.62
self_GCD0,0,0,self,NA,2,8,28.87
self_GCD0,0,0,self,NA,2,16,57.94
self_GCD0,0,0,self,NA,2,32,99.89
self_GCD0,0,0,self,NA,2,64,184.40
self_GCD0,0,0,self,NA,2,128,357.88
self_GCD0,0,0,self,NA,2,256,418.69
self_GCD0,0,0,self,NA,2,512,796.89
self_GCD0,0,0,self,NA,2,1024,571.66
self_GCD0,0,0,self,NA,2,2048,1144.68
self_GCD0,0,0,self,NA,2,4096,2292.17
self_GCD0,0,0,self,NA,2,8192,1547.36
self_GCD0,0,0,self,NA,2,16384,2981.25
self_GCD0,0,0,self,NA,2,32768,5579.66
self_GCD0,0,0,self,NA,2,65536,9853.61
self_GCD0,0,0,self,NA,2,131072,16559.91
self_GCD0,0,0,self,NA,2,262144,24816.50
self_GCD0,0,0,self,NA,2,524288,33735.85
self_GCD0,0,0,self,NA,2,1048576,97953.80
self_GCD0,0,0,self,NA,2,2097152,162682.23
self_GCD0,0,0,self,NA,2,4194304,256190.19
self_GCD0,0,0,self,NA,3,1,3.05
self_GCD0,0,0,self,NA,3,2,7.03
self_GCD0,0,0,self,NA,3,4,13.67
self_GCD0,0,0,self,NA,3,8,27.20
self_GCD0,0,0,self,NA,3,16,55.98
self_GCD0,0,0,self,NA,3,32,106.61
self_GCD0,0,0,self,NA,3,64,185.00
self_GCD0,0,0,self,NA,3,128,369.34
self_GCD0,0,0,self,NA,3,256,440.81
self_GCD0,0,0,self,NA,3,512,817.11
self_GCD0,0,0,self,NA,3,1024,559.46
self_GCD0,0,0,self,NA,3,2048,1143.15
self_GCD0,0,0,self,NA,3,4096,2290.49
self_GCD0,0,0,self,NA,3,8192,1521.97
self_GCD0,0,0,self,NA,3,16384,2937.47
self_GCD0,0,0,self,NA,3,32768,5516.39
self_GCD0,0,0,self,NA,3,65536,9875.03
self_GCD0,0,0,self,NA,3,131072,16484.11
self_GCD0,0,0,self,NA,3,262144,24724.30
self_GCD0,0,0,self,NA,3,524288,32916.59
self_GCD0,0,0,self,NA,3,1048576,96808.24
self_GCD0,0,0,self,NA,3,2097152,162936.32
self_GCD0,0,0,self,NA,3,4194304,255975.64
self_GCD0,0,0,self,NA,4,1,2.65
self_GCD0,0,0,self,NA,4,2,6.01
self_GCD0,0,0,self,NA,4,4,11.92
self_GCD0,0,0,self,NA,4,8,24.14
self_GCD0,0,0,self,NA,4,16,48.29
self_GCD0,0,0,self,NA,4,32,91.86
self_GCD0,0,0,self,NA,4,64,190.35
self_GCD0,0,0,self,NA,4,128,333.58
self_GCD0,0,0,self,NA,4,256,440.07
self_GCD0,0,0,self,NA,4,512,797.03
self_GCD0,0,0,self,NA,4,1024,571.90
self_GCD0,0,0,self,NA,4,2048,1144.52
self_GCD0,0,0,self,NA,4,4096,2291.57
self_GCD0,0,0,self,NA,4,8192,1539.51
self_GCD0,0,0,self,NA,4,16384,2968.38
self_GCD0,0,0,self,NA,4,32768,5543.38
self_GCD0,0,0,self,NA,4,65536,9864.23
self_GCD0,0,0,self,NA,4,131072,16467.58
self_GCD0,0,0,self,NA,4,262144,24724.70
self_GCD0,0,0,self,NA,4,524288,33769.37
self_GCD0,0,0,self,NA,4,1048576,97142.12
self_GCD0,0,0,self,NA,4,2097152,162953.74
self_GCD0,0,0,self,NA,4,4194304,256136.93
self_GCD0,0,0,self,NA,5,1,2.76
self_GCD0,0,0,self,NA,5,2,6.07
self_GCD0,0,0,self,NA,5,4,12.14
self_GCD0,0,0,self,NA,5,8,24.51
self_GCD0,0,0,self,NA,5,16,49.77
self_GCD0,0,0,self,NA,5,32,95.17
self_GCD0,0,0,self,NA,5,64,207.30
self_GCD0,0,0,self,NA,5,128,344.76
self_GCD0,0,0,self,NA,5,256,427.77
self_GCD0,0,0,self,NA,5,512,640.40
self_GCD0,0,0,self,NA,5,1024,565.27
self_GCD0,0,0,self,NA,5,2048,1126.01
self_GCD0,0,0,self,NA,5,4096,2257.89
self_GCD0,0,0,self,NA,5,8192,1533.14
self_GCD0,0,0,self,NA,5,16384,2961.39
self_GCD0,0,0,self,NA,5,32768,5581.70
self_GCD0,0,0,self,NA,5,65536,9819.55
self_GCD0,0,0,self,NA,5,131072,16534.68
self_GCD0,0,0,self,NA,5,262144,24827.05
self_GCD0,0,0,self,NA,5,524288,33623.96
self_GCD0,0,0,self,NA,5,1048576,97521.46
self_GCD0,0,0,self,NA,5,2097152,162248.84
self_GCD0,0,0,self,NA,5,4194304,253380.14
self_GCD0,0,0,self,NA,6,1,2.78
self_GCD0,0,0,self,NA,6,2,6.18
self_GCD0,0,0,self,NA,6,4,12.36
self_GCD0,0,0,self,NA,6,8,24.68
self_GCD0,0,0,self,NA,6,16,50.11
self_GCD0,0,0,self,NA,6,32,96.28
self_GCD0,0,0,self,NA,6,64,188.88
self_GCD0,0,0,self,NA,6,128,328.64
self_GCD0,0,0,self,NA,6,256,427.55
self_GCD0,0,0,self,NA,6,512,780.43
self_GCD0,0,0,self,NA,6,1024,568.74
self_GCD0,0,0,self,NA,6,2048,1136.20
self_GCD0,0,0,self,NA,6,4096,2273.63
self_GCD0,0,0,self,NA,6,8192,1501.27
self_GCD0,0,0,self,NA,6,16384,2931.85
self_GCD0,0,0,self,NA,6,32768,5496.03
self_GCD0,0,0,self,NA,6,65536,9776.99
self_GCD0,0,0,self,NA,6,131072,16408.54
self_GCD0,0,0,self,NA,6,262144,24723.75
self_GCD0,0,0,self,NA,6,524288,33653.18
self_GCD0,0,0,self,NA,6,1048576,97072.36
self_GCD0,0,0,self,NA,6,2097152,162920.87
self_GCD0,0,0,self,NA,6,4194304,255135.99
